gid	createdAt	cumDistinct	block	month	mean	lo	hi	n
0	2025-11-21 04:59:34.930000+00:00	82	cumulative					
1	2025-11-21 05:02:16.312000+00:00	144	cumulative					
2	2025-11-21 05:06:18.115000+00:00	208	cumulative					
3	2025-11-21 05:11:43.738000+00:00	271	cumulative					
4	2025-11-21 05:13:25.641000+00:00	334	cumulative					
5	2025-11-21 05:15:39.877000+00:00	373	cumulative					
6	2025-11-21 05:19:58.866000+00:00	424	cumulative					
7	2025-11-21 05:21:21.963000+00:00	472	cumulative					
8	2025-11-21 05:23:57.397000+00:00	549	cumulative					
9	2025-11-21 05:26:57.935000+00:00	603	cumulative					
10	2025-11-21 05:28:24.704000+00:00	654	cumulative					
11	2025-11-21 05:29:47.069000+00:00	690	cumulative					
12	2025-11-21 05:30:41.391000+00:00	762	cumulative					
13	2025-11-21 05:33:09.177000+00:00	803	cumulative					
14	2025-11-21 06:00:06.092000+00:00	860	cumulative					
15	2025-11-21 06:15:44.466000+00:00	919	cumulative					
16	2025-11-21 06:42:28.608000+00:00	960	cumulative					
17	2025-11-21 08:06:06.825000+00:00	1007	cumulative					
18	2025-11-21 08:08:07.050000+00:00	1047	cumulative					
19	2025-11-21 08:10:11.469000+00:00	1088	cumulative					
20	2025-11-21 08:11:46.025000+00:00	1132	cumulative					
21	2025-11-21 08:13:38.190000+00:00	1164	cumulative					
22	2025-11-21 08:15:20.310000+00:00	1203	cumulative					
23	2025-11-21 08:16:48.149000+00:00	1241	cumulative					
24	2025-11-21 08:18:16.652000+00:00	1275	cumulative					
25	2025-11-21 08:20:10.062000+00:00	1307	cumulative					
26	2025-11-21 08:21:37.389000+00:00	1346	cumulative					
27	2025-11-21 08:23:42.023000+00:00	1376	cumulative					
28	2025-11-21 08:25:03.336000+00:00	1399	cumulative					
29	2025-11-21 08:26:38.715000+00:00	1433	cumulative					
30	2025-11-21 08:28:18.214000+00:00	1472	cumulative					
31	2025-11-21 08:30:19.001000+00:00	1501	cumulative					
32	2025-11-21 08:31:57.304000+00:00	1539	cumulative					
33	2025-11-21 08:33:35.310000+00:00	1583	cumulative					
34	2025-11-21 08:35:36.409000+00:00	1625	cumulative					
35	2025-11-21 09:24:25.079000+00:00	1637	cumulative					
36	2025-11-21 09:36:18.372000+00:00	1657	cumulative					
37	2025-11-21 09:40:10.652000+00:00	1697	cumulative					
39	2025-11-21 16:50:15.768000+00:00	1727	cumulative					
40	2025-11-21 16:52:16.225000+00:00	1766	cumulative					
41	2025-11-21 16:53:56.788000+00:00	1798	cumulative					
42	2025-11-21 16:55:22.359000+00:00	1828	cumulative					
43	2025-11-21 16:56:51.653000+00:00	1864	cumulative					
44	2025-11-21 16:58:54.293000+00:00	1891	cumulative					
45	2025-11-21 17:00:33.516000+00:00	1930	cumulative					
46	2025-11-21 17:02:15.030000+00:00	1961	cumulative					
47	2025-11-21 17:03:12.537000+00:00	2003	cumulative					
48	2025-11-21 17:06:37.716000+00:00	2018	cumulative					
49	2025-11-21 17:15:37.281000+00:00	2068	cumulative					
50	2025-11-21 17:16:14.912000+00:00	2108	cumulative					
51	2025-11-21 17:20:10.466000+00:00	2134	cumulative					
52	2025-11-21 17:23:06.938000+00:00	2175	cumulative					
53	2025-11-21 17:25:16.605000+00:00	2207	cumulative					
54	2025-11-21 17:27:47.473000+00:00	2244	cumulative					
55	2025-11-21 17:30:18.102000+00:00	2285	cumulative					
56	2025-11-21 17:32:18.982000+00:00	2317	cumulative					
57	2025-11-21 17:33:51.327000+00:00	2341	cumulative					
58	2025-11-21 17:36:09.217000+00:00	2364	cumulative					
59	2025-11-21 17:38:16.815000+00:00	2405	cumulative					
60	2025-11-21 17:40:27.373000+00:00	2445	cumulative					
61	2025-11-21 17:42:53.982000+00:00	2467	cumulative					
62	2025-11-21 17:43:34.772000+00:00	2514	cumulative					
63	2025-11-21 17:47:46.187000+00:00	2554	cumulative					
64	2025-11-21 17:50:06.288000+00:00	2586	cumulative					
65	2025-11-21 17:51:50.235000+00:00	2612	cumulative					
66	2025-11-21 17:52:40.629000+00:00	2645	cumulative					
67	2025-11-21 17:54:52.096000+00:00	2661	cumulative					
68	2025-11-21 17:58:50.220000+00:00	2698	cumulative					
69	2025-11-21 18:00:03.403000+00:00	2722	cumulative					
70	2025-11-21 18:01:42.211000+00:00	2738	cumulative					
71	2025-11-21 18:04:46.637000+00:00	2769	cumulative					
72	2025-11-21 18:08:59.313000+00:00	2810	cumulative					
73	2025-11-21 18:17:03.779000+00:00	2834	cumulative					
74	2025-11-21 18:19:22.916000+00:00	2865	cumulative					
75	2025-11-21 18:21:58.138000+00:00	2889	cumulative					
76	2025-11-21 18:25:04.428000+00:00	2936	cumulative					
77	2025-11-21 18:48:48.717000+00:00	2967	cumulative					
78	2025-11-21 19:07:04.865000+00:00	2984	cumulative					
79	2025-11-21 19:09:12.743000+00:00	3015	cumulative					
80	2025-11-21 19:11:40.570000+00:00	3031	cumulative					
81	2025-11-21 19:14:51.139000+00:00	3047	cumulative					
82	2025-11-21 19:15:48.878000+00:00	3069	cumulative					
83	2025-11-21 19:18:13.027000+00:00	3083	cumulative					
84	2025-11-21 19:19:57.340000+00:00	3111	cumulative					
85	2025-11-21 19:21:29.334000+00:00	3129	cumulative					
86	2025-11-21 19:23:14.117000+00:00	3169	cumulative					
87	2025-11-21 19:25:07.532000+00:00	3191	cumulative					
88	2025-11-21 19:26:42.008000+00:00	3218	cumulative					
89	2025-11-21 20:18:57.566000+00:00	3240	cumulative					
90	2025-11-21 20:20:48.694000+00:00	3258	cumulative					
91	2025-11-21 20:21:22.241000+00:00	3268	cumulative					
92	2025-11-21 20:23:30.362000+00:00	3301	cumulative					
93	2025-11-21 20:24:40.138000+00:00	3319	cumulative					
94	2025-11-21 20:27:11.252000+00:00	3334	cumulative					
95	2025-11-21 20:28:44.810000+00:00	3358	cumulative					
96	2025-11-21 20:30:47.718000+00:00	3382	cumulative					
97	2025-11-21 20:31:18.408000+00:00	3399	cumulative					
98	2025-11-21 20:33:46.322000+00:00	3437	cumulative					
99	2025-11-21 20:35:20.971000+00:00	3459	cumulative					
100	2025-11-21 20:36:46.420000+00:00	3479	cumulative					
101	2025-11-21 20:38:53.026000+00:00	3493	cumulative					
102	2025-11-21 20:40:10.791000+00:00	3511	cumulative					
103	2025-11-21 20:41:55.491000+00:00	3525	cumulative					
104	2025-11-21 20:42:56.223000+00:00	3549	cumulative					
105	2025-11-21 20:47:03.103000+00:00	3561	cumulative					
106	2025-11-21 20:48:54.742000+00:00	3582	cumulative					
107	2025-11-21 20:50:15.564000+00:00	3614	cumulative					
108	2025-11-21 20:52:07.762000+00:00	3633	cumulative					
109	2025-11-21 20:53:23.150000+00:00	3648	cumulative					
110	2025-11-21 20:54:48.197000+00:00	3669	cumulative					
111	2025-11-21 20:56:58.682000+00:00	3687	cumulative					
112	2025-11-21 21:02:17.858000+00:00	3710	cumulative					
113	2025-11-21 21:59:37.258000+00:00	3721	cumulative					
114	2025-11-21 22:02:10.249000+00:00	3736	cumulative					
115	2025-11-21 22:04:04.898000+00:00	3766	cumulative					
116	2025-11-21 22:09:17.453000+00:00	3796	cumulative					
117	2025-11-21 22:13:39.502000+00:00	3835	cumulative					
118	2025-11-21 22:20:31.944000+00:00	3855	cumulative					
119	2025-11-21 22:22:27.377000+00:00	3879	cumulative					
120	2025-11-21 22:24:38.425000+00:00	3894	cumulative					
121	2025-11-21 22:29:26.548000+00:00	3914	cumulative					
122	2025-11-21 22:31:02.986000+00:00	3928	cumulative					
123	2025-11-21 22:33:08.319000+00:00	3945	cumulative					
124	2025-11-21 22:34:59.989000+00:00	3957	cumulative					
125	2025-11-21 22:36:47.878000+00:00	4010	cumulative					
126	2025-11-21 22:39:38.364000+00:00	4029	cumulative					
127	2025-11-21 22:42:11.271000+00:00	4051	cumulative					
128	2025-11-21 23:53:46.397000+00:00	4058	cumulative					
129	2025-11-21 23:55:38.430000+00:00	4097	cumulative					
130	2025-11-22 00:01:41.189000+00:00	4130	cumulative					
131	2025-11-22 00:06:06.894000+00:00	4155	cumulative					
132	2025-11-22 00:08:27.076000+00:00	4168	cumulative					
133	2025-11-22 00:09:56.788000+00:00	4183	cumulative					
134	2025-11-22 00:12:29.309000+00:00	4203	cumulative					
135	2025-11-22 00:14:16.605000+00:00	4216	cumulative					
136	2025-11-22 00:15:41.861000+00:00	4232	cumulative					
137	2025-11-22 00:17:46.214000+00:00	4246	cumulative					
138	2025-11-22 02:03:12.119000+00:00	4281	cumulative					
139	2025-11-22 02:06:37.015000+00:00	4302	cumulative					
140	2025-11-22 03:04:59.960000+00:00	4315	cumulative					
141	2025-11-22 03:17:17.939000+00:00	4332	cumulative					
142	2025-11-22 05:07:04.017000+00:00	4357	cumulative					
143	2025-11-22 05:08:21.375000+00:00	4392	cumulative					
144	2025-11-22 05:10:58.109000+00:00	4410	cumulative					
145	2025-11-22 05:13:47.039000+00:00	4425	cumulative					
146	2025-11-22 05:19:25.224000+00:00	4439	cumulative					
147	2025-11-22 05:20:51.378000+00:00	4464	cumulative					
148	2025-11-22 05:22:46.914000+00:00	4485	cumulative					
149	2025-11-22 05:24:14.020000+00:00	4504	cumulative					
150	2025-11-22 05:50:50.704000+00:00	4515	cumulative					
151	2025-11-22 05:52:23.514000+00:00	4525	cumulative					
153	2025-11-22 05:55:54.534000+00:00	4547	cumulative					
154	2025-11-22 05:57:20.654000+00:00	4569	cumulative					
155	2025-11-22 05:58:49.636000+00:00	4579	cumulative					
156	2025-11-22 06:00:35.827000+00:00	4592	cumulative					
157	2025-11-22 06:03:16.736000+00:00	4613	cumulative					
158	2025-11-22 06:05:04.619000+00:00	4640	cumulative					
159	2025-11-22 06:06:46.698000+00:00	4672	cumulative					
160	2025-11-22 06:08:39.406000+00:00	4689	cumulative					
161	2025-11-22 06:10:19.686000+00:00	4709	cumulative					
162	2025-11-22 06:12:23.822000+00:00	4725	cumulative					
163	2025-11-22 06:13:51.950000+00:00	4736	cumulative					
164	2025-11-22 06:15:52.233000+00:00	4744	cumulative					
165	2025-11-22 06:18:37.008000+00:00	4766	cumulative					
166	2025-11-22 06:20:03.581000+00:00	4783	cumulative					
167	2025-11-22 06:20:33.133000+00:00	4797	cumulative					
168	2025-11-22 06:23:09.790000+00:00	4821	cumulative					
169	2025-11-22 06:24:39.472000+00:00	4833	cumulative					
170	2025-11-22 06:26:24.579000+00:00	4840	cumulative					
171	2025-11-22 06:28:07.301000+00:00	4859	cumulative					
172	2025-11-22 06:30:07.441000+00:00	4874	cumulative					
173	2025-11-22 17:32:36.166000+00:00	4884	cumulative					
174	2025-11-22 17:42:30.757000+00:00	4897	cumulative					
175	2025-11-22 17:46:22.613000+00:00	4913	cumulative					
176	2025-11-22 17:47:36.348000+00:00	4924	cumulative					
177	2025-11-22 17:49:58.190000+00:00	4948	cumulative					
178	2025-11-22 17:51:52.129000+00:00	4963	cumulative					
179	2025-11-22 17:53:45.480000+00:00	4997	cumulative					
180	2025-11-22 18:10:18.830000+00:00	5005	cumulative					
181	2025-11-22 18:12:38.125000+00:00	5026	cumulative					
182	2025-11-22 18:13:17.241000+00:00	5047	cumulative					
183	2025-11-22 18:17:53.168000+00:00	5060	cumulative					
184	2025-11-22 18:19:42.637000+00:00	5084	cumulative					
185	2025-11-22 18:21:26.948000+00:00	5098	cumulative					
186	2025-11-22 18:44:42.835000+00:00	5109	cumulative					
187	2025-11-23 02:50:15.874000+00:00	5125	cumulative					
188	2025-11-23 02:50:29.777000+00:00	5137	cumulative					
189	2025-11-23 02:53:34.183000+00:00	5156	cumulative					
190	2025-11-23 02:54:55.942000+00:00	5179	cumulative					
191	2025-11-23 02:57:06.246000+00:00	5192	cumulative					
192	2025-11-23 02:59:04.281000+00:00	5207	cumulative					
193	2025-11-23 03:00:42.252000+00:00	5230	cumulative					
194	2025-11-23 03:02:13.389000+00:00	5255	cumulative					
195	2025-11-23 03:04:06.828000+00:00	5271	cumulative					
196	2025-11-23 03:04:43.075000+00:00	5284	cumulative					
197	2025-11-23 03:06:08.324000+00:00	5299	cumulative					
198	2025-11-23 03:09:04.013000+00:00	5317	cumulative					
199	2025-11-23 03:10:08.092000+00:00	5327	cumulative					
200	2025-11-23 03:10:58.759000+00:00	5342	cumulative					
201	2025-11-23 03:13:53.112000+00:00	5353	cumulative					
202	2025-11-23 03:14:31.801000+00:00	5373	cumulative					
203	2025-11-23 03:17:51.227000+00:00	5384	cumulative					
204	2025-11-23 03:19:46.820000+00:00	5413	cumulative					
205	2025-11-23 03:23:25.692000+00:00	5432	cumulative					
206	2025-11-23 03:25:32.365000+00:00	5447	cumulative					
207	2025-11-23 03:27:07.851000+00:00	5454	cumulative					
208	2025-11-23 03:28:35.890000+00:00	5466	cumulative					
209	2025-11-23 03:32:21.890000+00:00	5469	cumulative					
210	2025-11-23 03:33:56.973000+00:00	5480	cumulative					
211	2025-11-23 03:36:02.310000+00:00	5504	cumulative					
212	2025-11-23 03:37:28.389000+00:00	5517	cumulative					
213	2025-11-23 03:38:55.951000+00:00	5524	cumulative					
214	2025-11-23 03:40:29.450000+00:00	5535	cumulative					
215	2025-11-23 03:42:37.427000+00:00	5541	cumulative					
216	2025-11-23 03:44:03.164000+00:00	5549	cumulative					
217	2025-11-23 03:45:37.849000+00:00	5561	cumulative					
218	2025-11-23 03:47:49.205000+00:00	5569	cumulative					
219	2025-11-23 03:49:16.667000+00:00	5580	cumulative					
220	2025-11-23 03:49:58.628000+00:00	5588	cumulative					
221	2025-11-23 03:54:24.401000+00:00	5600	cumulative					
222	2025-11-23 03:55:07.833000+00:00	5623	cumulative					
223	2025-11-23 03:58:21.946000+00:00	5632	cumulative					
224	2025-11-23 03:59:35.247000+00:00	5640	cumulative					
225	2025-11-23 04:01:47.042000+00:00	5657	cumulative					
226	2025-11-23 04:03:17.469000+00:00	5670	cumulative					
227	2025-11-23 04:04:46.004000+00:00	5677	cumulative					
228	2025-11-23 04:06:15.126000+00:00	5701	cumulative					
229	2025-11-23 04:07:41.002000+00:00	5720	cumulative					
230	2025-11-23 04:12:08.881000+00:00	5731	cumulative					
231	2025-11-23 04:16:30.904000+00:00	5747	cumulative					
232	2025-11-23 04:18:05.865000+00:00	5754	cumulative					
233	2025-11-23 04:20:01.133000+00:00	5771	cumulative					
234	2025-11-23 04:22:30.118000+00:00	5786	cumulative					
235	2025-11-23 04:23:59.834000+00:00	5796	cumulative					
236	2025-11-23 04:45:31.599000+00:00	5809	cumulative					
237	2025-11-23 04:45:48.069000+00:00	5815	cumulative					
238	2025-11-23 04:47:38.101000+00:00	5828	cumulative					
239	2025-11-23 04:50:27.328000+00:00	5838	cumulative					
240	2025-11-23 04:52:16.745000+00:00	5856	cumulative					
241	2025-11-23 04:54:12.730000+00:00	5885	cumulative					
242	2025-11-23 04:55:46.582000+00:00	5894	cumulative					
243	2025-11-23 19:18:15.031000+00:00	5901	cumulative					
244	2025-11-23 19:23:16.562000+00:00	5914	cumulative					
245	2025-11-24 03:52:56.276000+00:00	5925	cumulative					
246	2025-11-24 04:02:19.961000+00:00	5936	cumulative					
247	2025-11-24 04:04:05.077000+00:00	5944	cumulative					
248	2025-11-24 04:05:12.289000+00:00	5962	cumulative					
249	2025-11-24 04:07:08.916000+00:00	5974	cumulative					
250	2025-11-24 04:08:36.957000+00:00	5994	cumulative					
251	2025-11-24 04:10:38.990000+00:00	6010	cumulative					
252	2025-11-24 04:12:37.846000+00:00	6020	cumulative					
253	2025-11-24 04:14:11.508000+00:00	6030	cumulative					
254	2025-11-24 04:16:08.610000+00:00	6050	cumulative					
255	2025-11-24 04:18:04.755000+00:00	6071	cumulative					
256	2025-11-24 04:20:07.961000+00:00	6076	cumulative					
257	2025-11-24 04:21:57.250000+00:00	6085	cumulative					
258	2025-11-24 05:49:33.693000+00:00	6097	cumulative					
259	2025-11-24 05:50:05.617000+00:00	6102	cumulative					
260	2025-11-24 05:52:44.635000+00:00	6130	cumulative					
261	2025-11-24 05:54:18.627000+00:00	6137	cumulative					
262	2025-11-24 05:55:46.907000+00:00	6146	cumulative					
263	2025-11-24 05:57:57.076000+00:00	6155	cumulative					
264	2025-11-24 05:59:22.594000+00:00	6159	cumulative					
265	2025-11-24 05:59:45.960000+00:00	6175	cumulative					
266	2025-11-24 06:02:26.367000+00:00	6192	cumulative					
267	2025-11-24 06:04:13.971000+00:00	6213	cumulative					
268	2025-11-24 06:07:16.321000+00:00	6229	cumulative					
269	2025-11-24 06:11:09.546000+00:00	6234	cumulative					
270	2025-11-24 06:12:36.613000+00:00	6252	cumulative					
271	2025-11-24 06:14:04.003000+00:00	6262	cumulative					
272	2025-11-24 06:15:33.363000+00:00	6276	cumulative					
273	2025-11-24 06:17:16.904000+00:00	6286	cumulative					
274	2025-11-24 06:18:37.523000+00:00	6289	cumulative					
275	2025-11-24 06:20:20.956000+00:00	6303	cumulative					
276	2025-11-24 06:22:01.413000+00:00	6311	cumulative					
277	2025-11-24 17:01:12.186000+00:00	6322	cumulative					
278	2025-11-24 18:45:57.110000+00:00	6334	cumulative					
279	2025-11-24 18:47:40.508000+00:00	6351	cumulative					
280	2025-11-24 18:49:04.099000+00:00	6357	cumulative					
281	2025-11-24 18:51:37.577000+00:00	6364	cumulative					
282	2025-11-24 19:15:34.192000+00:00	6372	cumulative					
283	2025-11-25 03:35:44.574000+00:00	6385	cumulative					
284	2025-11-25 03:39:51.623000+00:00	6405	cumulative					
285	2025-11-25 03:42:39.858000+00:00	6416	cumulative					
286	2025-11-25 03:44:16.974000+00:00	6428	cumulative					
287	2025-11-25 03:46:02.846000+00:00	6433	cumulative					
288	2025-11-25 03:47:36.216000+00:00	6443	cumulative					
289	2025-11-25 03:49:17.972000+00:00	6451	cumulative					
290	2025-11-25 03:50:17.594000+00:00	6460	cumulative					
291	2025-11-25 03:53:15.393000+00:00	6470	cumulative					
292	2025-11-25 03:54:58.806000+00:00	6478	cumulative					
293	2025-11-25 03:58:52.016000+00:00	6504	cumulative					
294	2025-11-25 04:00:37.365000+00:00	6507	cumulative					
295	2025-11-25 04:02:16.739000+00:00	6531	cumulative					
296	2025-11-25 04:03:16.968000+00:00	6541	cumulative					
297	2025-11-25 04:06:15.364000+00:00	6554	cumulative					
298	2025-11-25 04:07:52.489000+00:00	6572	cumulative					
299	2025-11-25 04:08:56.210000+00:00	6592	cumulative					
300	2025-11-25 04:11:06.858000+00:00	6602	cumulative					
301	2025-11-25 04:13:30.959000+00:00	6617	cumulative					
302	2025-11-25 04:15:21.653000+00:00	6637	cumulative					
303	2025-11-25 04:17:02.178000+00:00	6640	cumulative					
304	2025-11-25 04:22:05.135000+00:00	6660	cumulative					
305	2025-11-25 04:24:04.121000+00:00	6668	cumulative					
306	2025-11-25 04:25:35.613000+00:00	6686	cumulative					
307	2025-11-25 04:27:16.990000+00:00	6696	cumulative					
308	2025-11-25 04:28:51.662000+00:00	6708	cumulative					
309	2025-11-25 04:30:48.092000+00:00	6713	cumulative					
310	2025-11-25 04:31:57.727000+00:00	6723	cumulative					
311	2025-11-25 04:33:50.587000+00:00	6740	cumulative					
312	2025-11-25 04:35:22.298000+00:00	6755	cumulative					
313	2025-11-25 04:37:00.042000+00:00	6767	cumulative					
314	2025-11-25 04:38:33.545000+00:00	6791	cumulative					
315	2025-11-25 04:39:55.316000+00:00	6809	cumulative					
316	2025-11-25 14:36:31.059000+00:00	6824	cumulative					
317	2025-11-25 14:52:57.294000+00:00	6838	cumulative					
318	2025-11-25 14:54:40.080000+00:00	6846	cumulative					
319	2025-11-25 14:56:36.339000+00:00	6850	cumulative					
320	2025-11-25 14:58:02.299000+00:00	6863	cumulative					
321	2025-11-25 14:59:41.048000+00:00	6872	cumulative					
322	2025-11-25 15:01:15.979000+00:00	6875	cumulative					
323	2025-11-25 15:02:54.493000+00:00	6888	cumulative					
324	2025-11-25 15:04:27.222000+00:00	6897	cumulative					
325	2025-11-25 15:05:57.759000+00:00	6913	cumulative					
326	2025-11-25 15:07:55.018000+00:00	6921	cumulative					
327	2025-11-25 15:09:26.118000+00:00	6925	cumulative					
328	2025-11-25 15:10:58.661000+00:00	6928	cumulative					
329	2025-11-25 15:12:19.028000+00:00	6940	cumulative					
330	2025-11-25 15:13:57.043000+00:00	6947	cumulative					
331	2025-11-25 15:15:25.882000+00:00	6951	cumulative					
332	2025-11-25 15:16:58.947000+00:00	6961	cumulative					
333	2025-11-25 15:18:51.628000+00:00	6974	cumulative					
334	2025-11-25 15:20:26.364000+00:00	6983	cumulative					
335	2025-11-25 15:21:34.063000+00:00	6995	cumulative					
336	2025-11-25 15:28:45.897000+00:00	7008	cumulative					
337	2025-11-25 15:30:49.979000+00:00	7017	cumulative					
338	2025-11-25 15:32:30.352000+00:00	7027	cumulative					
339	2025-11-25 15:34:02.485000+00:00	7035	cumulative					
340	2025-11-25 15:35:17.842000+00:00	7043	cumulative					
341	2025-11-25 15:37:27.760000+00:00	7058	cumulative					
342	2025-11-25 15:38:44.492000+00:00	7075	cumulative					
343	2025-11-25 15:40:43.219000+00:00	7088	cumulative					
344	2025-11-25 15:43:05.836000+00:00	7098	cumulative					
345	2025-11-25 15:44:22.307000+00:00	7112	cumulative					
346	2025-11-25 15:47:11.248000+00:00	7124	cumulative					
347	2025-11-25 15:50:08.689000+00:00	7139	cumulative					
348	2025-11-25 15:51:36.263000+00:00	7148	cumulative					
349	2025-11-25 15:52:29.518000+00:00	7161	cumulative					
350	2025-11-25 15:53:54.465000+00:00	7166	cumulative					
351	2025-11-25 15:55:22.365000+00:00	7180	cumulative					
352	2025-11-25 15:56:56.902000+00:00	7191	cumulative					
353	2025-11-25 15:58:28.203000+00:00	7208	cumulative					
354	2025-11-25 16:01:16.648000+00:00	7212	cumulative					
355	2025-11-25 16:03:13.288000+00:00	7226	cumulative					
356	2025-11-25 21:21:57.253000+00:00	7245	cumulative					
357	2025-11-25 21:25:23.155000+00:00	7254	cumulative					
358	2025-11-25 21:27:12.156000+00:00	7257	cumulative					
359	2025-11-25 21:29:25.310000+00:00	7267	cumulative					
360	2025-11-25 21:30:56.883000+00:00	7285	cumulative					
361	2025-11-25 21:32:13.758000+00:00	7298	cumulative					
362	2025-11-25 21:33:59.173000+00:00	7313	cumulative					
363	2025-11-25 21:34:23.234000+00:00	7323	cumulative					
364	2025-11-25 21:37:19.213000+00:00	7332	cumulative					
365	2025-11-25 21:39:01.620000+00:00	7340	cumulative					
366	2025-11-25 21:39:28.286000+00:00	7345	cumulative					
367	2025-11-26 11:09:34.183000+00:00	7361	cumulative					
368	2025-11-26 11:48:47.992000+00:00	7380	cumulative					
369	2025-11-26 12:18:56.449000+00:00	7384	cumulative					
370	2025-11-26 12:28:44.322000+00:00	7408	cumulative					
371	2025-11-26 12:32:47.408000+00:00	7416	cumulative					
372	2025-11-26 12:34:14.055000+00:00	7433	cumulative					
373	2025-11-26 12:36:07.766000+00:00	7443	cumulative					
374	2025-11-26 12:37:46.410000+00:00	7459	cumulative					
375	2025-11-26 12:39:22.293000+00:00	7469	cumulative					
376	2025-11-26 12:40:35.703000+00:00	7477	cumulative					
377	2025-11-26 12:42:23.367000+00:00	7497	cumulative					
378	2025-11-26 12:44:48.336000+00:00	7506	cumulative					
379	2025-11-26 12:46:02.293000+00:00	7516	cumulative					
380	2025-11-26 12:47:27.497000+00:00	7523	cumulative					
381	2025-11-26 12:48:51.001000+00:00	7533	cumulative					
382	2025-11-26 12:50:44.177000+00:00	7552	cumulative					
383	2025-11-26 12:53:12.185000+00:00	7564	cumulative					
384	2025-11-26 12:54:36.129000+00:00	7585	cumulative					
385	2025-11-26 12:56:32.761000+00:00	7595	cumulative					
386	2025-11-27 04:08:50.723000+00:00	7616	cumulative					
387	2025-11-27 04:10:41.041000+00:00	7623	cumulative					
388	2025-11-27 04:40:20.775000+00:00	7630	cumulative					
389	2025-11-27 04:41:54.076000+00:00	7639	cumulative					
390	2025-11-27 04:43:13.218000+00:00	7644	cumulative					
391	2025-11-27 04:45:13.913000+00:00	7656	cumulative					
392	2025-11-27 04:46:13.700000+00:00	7656	cumulative					
393	2025-11-27 04:48:31.307000+00:00	7669	cumulative					
394	2025-11-27 04:50:18.394000+00:00	7680	cumulative					
395	2025-11-27 04:52:04.103000+00:00	7707	cumulative					
396	2025-11-27 04:53:52.571000+00:00	7722	cumulative					
397	2025-11-27 04:55:45.661000+00:00	7733	cumulative					
398	2025-11-27 04:57:02.079000+00:00	7749	cumulative					
399	2025-11-27 04:59:08.282000+00:00	7766	cumulative					
400	2025-11-27 05:00:58.398000+00:00	7773	cumulative					
401	2025-11-27 05:02:42.952000+00:00	7782	cumulative					
402	2025-11-27 15:19:02.439000+00:00	7791	cumulative					
403	2025-11-27 15:33:13.496000+00:00	7797	cumulative					
404	2025-11-27 15:36:03.114000+00:00	7808	cumulative					
405	2025-11-27 15:47:42.893000+00:00	7809	cumulative					
406	2025-11-27 15:51:53.842000+00:00	7825	cumulative					
407	2025-11-27 15:57:30.496000+00:00	7834	cumulative					
408	2025-11-27 16:05:19.081000+00:00	7853	cumulative					
409	2025-11-27 16:07:26.613000+00:00	7862	cumulative					
410	2025-11-27 16:09:03.019000+00:00	7877	cumulative					
411	2025-11-27 16:10:49.973000+00:00	7885	cumulative					
412	2025-11-27 16:12:31.425000+00:00	7894	cumulative					
413	2025-11-27 16:13:16.405000+00:00	7900	cumulative					
414	2025-11-27 16:15:41.382000+00:00	7908	cumulative					
415	2025-11-27 16:16:42.230000+00:00	7918	cumulative					
416	2025-11-27 16:18:25.076000+00:00	7921	cumulative					
417	2025-11-27 16:20:38.840000+00:00	7932	cumulative					
418	2025-11-27 16:22:23.716000+00:00	7939	cumulative					
419	2025-11-27 16:24:00.509000+00:00	7950	cumulative					
420	2025-11-27 16:26:01.661000+00:00	7952	cumulative					
421	2025-11-27 16:27:14.054000+00:00	7961	cumulative					
422	2025-11-27 16:29:22.861000+00:00	7966	cumulative					
423	2025-11-27 16:31:00.325000+00:00	7976	cumulative					
424	2025-11-27 16:32:33.309000+00:00	7980	cumulative					
425	2025-11-27 16:34:30.156000+00:00	7987	cumulative					
426	2025-11-27 16:35:23.280000+00:00	7994	cumulative					
427	2025-11-27 16:36:46.874000+00:00	8003	cumulative					
428	2025-11-27 16:46:26.041000+00:00	8005	cumulative					
429	2025-11-27 20:43:25.182000+00:00	8011	cumulative					
430	2025-11-27 20:45:22.509000+00:00	8018	cumulative					
431	2025-11-27 20:46:59.191000+00:00	8038	cumulative					
432	2025-11-27 20:48:29.816000+00:00	8054	cumulative					
433	2025-11-27 20:50:13.673000+00:00	8076	cumulative					
434	2025-11-27 20:51:21.736000+00:00	8081	cumulative					
435	2025-11-27 20:53:27.579000+00:00	8084	cumulative					
436	2025-11-27 20:54:29.872000+00:00	8097	cumulative					
437	2025-11-27 20:56:31.321000+00:00	8105	cumulative					
438	2025-11-27 20:57:58.131000+00:00	8119	cumulative					
439	2025-11-27 22:25:20.257000+00:00	8136	cumulative					
440	2025-11-27 22:29:01.076000+00:00	8141	cumulative					
441	2025-11-27 22:30:52.131000+00:00	8153	cumulative					
442	2025-11-27 22:33:00.952000+00:00	8164	cumulative					
443	2025-11-27 22:35:30.205000+00:00	8167	cumulative					
444	2025-11-27 22:37:50.326000+00:00	8179	cumulative					
445	2025-11-27 22:39:41.660000+00:00	8186	cumulative					
446	2025-11-27 22:41:10.380000+00:00	8196	cumulative					
447	2025-11-28 05:42:09.387000+00:00	8200	cumulative					
448	2025-11-28 05:45:19.243000+00:00	8203	cumulative					
449	2025-11-28 05:47:57.828000+00:00	8205	cumulative					
450	2025-11-28 05:50:15.130000+00:00	8230	cumulative					
451	2025-11-28 05:52:35.874000+00:00	8234	cumulative					
452	2025-11-28 19:32:32.673000+00:00	8238	cumulative					
453	2025-11-28 19:34:00.611000+00:00	8242	cumulative					
454	2025-11-28 19:36:04.091000+00:00	8258	cumulative					
455	2025-11-28 19:37:15.279000+00:00	8264	cumulative					
456	2025-11-28 19:38:43.237000+00:00	8272	cumulative					
457	2025-11-28 19:40:25.444000+00:00	8281	cumulative					
458	2025-11-28 19:42:37.252000+00:00	8293	cumulative					
459	2025-11-28 19:44:35.038000+00:00	8300	cumulative					
460	2025-11-28 19:46:30.801000+00:00	8309	cumulative					
461	2025-11-28 19:47:12.294000+00:00	8316	cumulative					
462	2025-11-28 19:49:55.299000+00:00	8319	cumulative					
463	2025-11-28 19:51:37.127000+00:00	8320	cumulative					
464	2025-11-28 19:53:15.051000+00:00	8329	cumulative					
465	2025-11-28 19:55:23.931000+00:00	8346	cumulative					
466	2025-11-28 19:57:08.230000+00:00	8360	cumulative					
467	2025-11-28 19:59:47.971000+00:00	8372	cumulative					
468	2025-11-28 20:04:09.097000+00:00	8384	cumulative					
469	2025-11-28 20:05:47.862000+00:00	8401	cumulative					
470	2025-11-28 22:57:51.995000+00:00	8413	cumulative					
471	2025-11-28 22:59:23.305000+00:00	8415	cumulative					
472	2025-11-28 23:00:49.685000+00:00	8425	cumulative					
473	2025-11-28 23:02:16.503000+00:00	8437	cumulative					
474	2025-11-28 23:03:47.698000+00:00	8451	cumulative					
475	2025-11-28 23:05:36.528000+00:00	8468	cumulative					
476	2025-11-28 23:07:09.311000+00:00	8482	cumulative					
477	2025-11-28 23:25:56.219000+00:00	8491	cumulative					
478	2025-11-29 02:35:19.045000+00:00	8495	cumulative					
479	2025-11-29 02:37:13.986000+00:00	8501	cumulative					
480	2025-11-29 02:38:15.808000+00:00	8504	cumulative					
481	2025-11-29 02:40:22.167000+00:00	8511	cumulative					
482	2025-11-29 02:40:58.678000+00:00	8525	cumulative					
483	2025-11-29 02:42:42.919000+00:00	8527	cumulative					
484	2025-11-29 02:44:32.143000+00:00	8536	cumulative					
485	2025-11-29 02:46:32.561000+00:00	8549	cumulative					
486	2025-11-29 02:47:37.270000+00:00	8558	cumulative					
487	2025-11-29 02:49:28.379000+00:00	8566	cumulative					
488	2025-11-29 02:50:58.925000+00:00	8573	cumulative					
489	2025-11-29 02:52:34.873000+00:00	8579	cumulative					
490	2025-11-29 02:54:11.474000+00:00	8588	cumulative					
491	2025-11-29 02:55:50.469000+00:00	8592	cumulative					
492	2025-11-29 02:57:33.873000+00:00	8602	cumulative					
493	2025-11-29 02:59:06.461000+00:00	8604	cumulative					
494	2025-11-29 03:02:53.315000+00:00	8609	cumulative					
495	2025-11-29 03:04:23.292000+00:00	8621	cumulative					
496	2025-11-29 03:07:23.259000+00:00	8637	cumulative					
497	2025-11-29 03:07:49.516000+00:00	8642	cumulative					
498	2025-11-29 03:09:44.031000+00:00	8650	cumulative					
499	2025-11-29 03:11:10.608000+00:00	8661	cumulative					
500	2025-11-29 03:12:45.735000+00:00	8670	cumulative					
501	2025-11-29 03:14:48.421000+00:00	8677	cumulative					
502	2025-11-29 03:16:17.935000+00:00	8680	cumulative					
503	2025-11-29 03:18:02.204000+00:00	8691	cumulative					
504	2025-11-29 03:19:40.908000+00:00	8695	cumulative					
505	2025-11-29 03:21:25.289000+00:00	8699	cumulative					
506	2025-11-29 03:22:59.622000+00:00	8714	cumulative					
507	2025-11-29 03:24:36.075000+00:00	8729	cumulative					
508	2025-11-29 03:25:42.098000+00:00	8735	cumulative					
509	2025-11-29 03:28:08.207000+00:00	8742	cumulative					
510	2025-11-29 03:28:51.899000+00:00	8743	cumulative					
511	2025-11-29 03:31:29.448000+00:00	8755	cumulative					
512	2025-11-29 03:32:34.865000+00:00	8763	cumulative					
513	2025-11-29 03:33:09.543000+00:00	8769	cumulative					
514	2025-11-29 03:35:44.899000+00:00	8771	cumulative					
515	2025-11-29 03:37:21.815000+00:00	8778	cumulative					
516	2025-11-29 03:38:39.025000+00:00	8786	cumulative					
517	2025-11-29 03:40:35.774000+00:00	8796	cumulative					
518	2025-11-29 03:42:03.112000+00:00	8811	cumulative					
519	2025-11-29 03:43:33.660000+00:00	8814	cumulative					
520	2025-11-29 03:45:05.214000+00:00	8826	cumulative					
521	2025-11-29 03:56:24.036000+00:00	8833	cumulative					
522	2025-11-29 03:58:00.215000+00:00	8835	cumulative					
523	2025-11-29 03:59:19.580000+00:00	8836	cumulative					
524	2025-11-29 04:00:51.964000+00:00	8846	cumulative					
525	2025-11-29 04:01:34.492000+00:00	8855	cumulative					
526	2025-11-29 04:04:17.773000+00:00	8868	cumulative					
527	2025-11-29 04:05:27.844000+00:00	8886	cumulative					
528	2025-11-29 04:07:38.195000+00:00	8898	cumulative					
529	2025-11-29 04:09:01.406000+00:00	8902	cumulative					
530	2025-11-29 04:11:24.164000+00:00	8908	cumulative					
531	2025-11-29 04:12:59.243000+00:00	8913	cumulative					
532	2025-11-29 04:14:24.105000+00:00	8924	cumulative					
533	2025-11-29 04:16:04.059000+00:00	8939	cumulative					
534	2025-11-29 04:17:39.168000+00:00	8946	cumulative					
535	2025-11-29 04:19:03.639000+00:00	8947	cumulative					
536	2025-11-29 04:21:02.804000+00:00	8954	cumulative					
537	2025-11-29 04:21:50.222000+00:00	8962	cumulative					
538	2025-11-29 04:24:10.311000+00:00	8980	cumulative					
539	2025-11-29 04:25:47.043000+00:00	8996	cumulative					
540	2025-11-29 04:27:21.068000+00:00	8999	cumulative					
541	2025-11-29 04:29:00.378000+00:00	9007	cumulative					
542	2025-11-29 04:30:38.081000+00:00	9015	cumulative					
543	2025-11-29 04:32:31.247000+00:00	9023	cumulative					
544	2025-11-29 04:34:06.257000+00:00	9026	cumulative					
545	2025-11-29 04:36:06.171000+00:00	9036	cumulative					
546	2025-11-29 04:37:26.464000+00:00	9037	cumulative					
547	2025-11-29 04:39:29.014000+00:00	9052	cumulative					
548	2025-11-29 04:41:22.533000+00:00	9065	cumulative					
549	2025-11-29 04:42:14.499000+00:00	9068	cumulative					
550	2025-11-29 04:44:43.747000+00:00	9069	cumulative					
551	2025-11-29 04:46:22.367000+00:00	9080	cumulative					
552	2025-11-29 04:48:29.414000+00:00	9082	cumulative					
553	2025-11-29 04:50:26.638000+00:00	9084	cumulative					
554	2025-11-29 04:51:39.658000+00:00	9087	cumulative					
555	2025-11-29 04:53:40.165000+00:00	9102	cumulative					
556	2025-11-29 04:55:12.411000+00:00	9107	cumulative					
557	2025-11-29 04:56:47.457000+00:00	9112	cumulative					
558	2025-11-29 06:49:07.106000+00:00	9118	cumulative					
559	2025-11-29 06:51:57.756000+00:00	9130	cumulative					
560	2025-11-29 06:54:07.476000+00:00	9138	cumulative					
561	2025-11-29 06:55:32.528000+00:00	9145	cumulative					
562	2025-11-29 06:57:54.821000+00:00	9156	cumulative					
563	2025-11-29 07:02:32.008000+00:00	9158	cumulative					
564	2025-11-29 07:05:53.763000+00:00	9162	cumulative					
565	2025-11-29 07:07:43.627000+00:00	9166	cumulative					
566	2025-11-29 07:09:37.286000+00:00	9185	cumulative					
567	2025-11-29 07:11:09.585000+00:00	9192	cumulative					
568	2025-11-29 07:12:35.718000+00:00	9202	cumulative					
569	2025-11-29 07:12:36.662000+00:00	9208	cumulative					
570	2025-11-29 07:14:17.921000+00:00	9211	cumulative					
571	2025-11-29 07:14:34.022000+00:00	9213	cumulative					
572	2025-11-29 07:17:22.219000+00:00	9215	cumulative					
573	2025-11-29 07:20:18.524000+00:00	9219	cumulative					
574	2025-11-29 07:21:44.027000+00:00	9232	cumulative					
575	2025-11-29 07:23:47.894000+00:00	9234	cumulative					
576	2025-11-29 08:15:32.286000+00:00	9254	cumulative					
577	2025-11-29 08:16:41.242000+00:00	9263	cumulative					
578	2025-11-29 08:18:59.058000+00:00	9268	cumulative					
579	2025-11-29 19:06:23.910000+00:00	9273	cumulative					
580	2025-11-29 19:08:06.889000+00:00	9276	cumulative					
581	2025-11-29 19:11:03.312000+00:00	9280	cumulative					
582	2025-11-29 19:16:06.101000+00:00	9287	cumulative					
583	2025-11-29 19:18:00.821000+00:00	9296	cumulative					
584	2025-11-29 19:27:52.562000+00:00	9303	cumulative					
585	2025-11-29 19:34:04.942000+00:00	9306	cumulative					
586	2025-11-29 19:46:23.481000+00:00	9306	cumulative					
587	2025-11-29 20:34:59.801000+00:00	9311	cumulative					
588	2025-11-29 20:36:35.223000+00:00	9316	cumulative					
589	2025-11-29 20:38:08.861000+00:00	9319	cumulative					
590	2025-11-29 20:39:54.199000+00:00	9328	cumulative					
591	2025-11-29 20:41:55.822000+00:00	9329	cumulative					
592	2025-11-29 20:43:28.410000+00:00	9331	cumulative					
593	2025-11-29 20:45:22.621000+00:00	9337	cumulative					
594	2025-11-29 20:46:55.997000+00:00	9338	cumulative					
595	2025-11-29 20:48:25.672000+00:00	9344	cumulative					
596	2025-11-29 20:50:01.841000+00:00	9354	cumulative					
597	2025-11-29 20:51:37.767000+00:00	9363	cumulative					
598	2025-11-30 00:08:58.421000+00:00	9368	cumulative					
599	2025-11-30 00:11:20.920000+00:00	9380	cumulative					
600	2025-11-30 00:16:00.744000+00:00	9386	cumulative					
601	2025-11-30 00:20:30.510000+00:00	9388	cumulative					
602	2025-11-30 00:29:27.187000+00:00	9394	cumulative					
603	2025-11-30 00:44:49.128000+00:00	9400	cumulative					
604	2025-11-30 00:45:17.677000+00:00	9420	cumulative					
605	2025-11-30 00:59:43.383000+00:00	9425	cumulative					
606	2025-11-30 01:01:11.392000+00:00	9427	cumulative					
607	2025-11-30 01:02:24.824000+00:00	9431	cumulative					
608	2025-11-30 01:03:39.667000+00:00	9447	cumulative					
609	2025-11-30 01:04:51.246000+00:00	9454	cumulative					
610	2025-11-30 01:22:12.727000+00:00	9462	cumulative					
611	2025-11-30 01:23:53.084000+00:00	9465	cumulative					
612	2025-11-30 01:25:33.738000+00:00	9473	cumulative					
613	2025-11-30 01:27:46.795000+00:00	9473	cumulative					
614	2025-11-30 01:29:19.476000+00:00	9476	cumulative					
615	2025-11-30 01:30:23.248000+00:00	9486	cumulative					
616	2025-11-30 01:32:21.285000+00:00	9500	cumulative					
617	2025-11-30 01:33:39.411000+00:00	9508	cumulative					
618	2025-11-30 01:35:04.756000+00:00	9512	cumulative					
619	2025-11-30 01:36:31.466000+00:00	9519	cumulative					
620	2025-11-30 01:38:50.751000+00:00	9525	cumulative					
621	2025-11-30 01:39:58.022000+00:00	9538	cumulative					
622	2025-11-30 01:41:54.086000+00:00	9544	cumulative					
623	2025-11-30 01:43:28.260000+00:00	9556	cumulative					
624	2025-11-30 01:44:48.008000+00:00	9568	cumulative					
625	2025-11-30 01:46:44.715000+00:00	9582	cumulative					
626	2025-11-30 01:48:11.946000+00:00	9593	cumulative					
627	2025-11-30 01:49:16.433000+00:00	9599	cumulative					
628	2025-11-30 03:04:04.934000+00:00	9605	cumulative					
629	2025-11-30 13:27:53.096000+00:00	9610	cumulative					
630	2025-12-01 06:07:38.330000+00:00	9616	cumulative					
631	2025-12-01 06:09:13.194000+00:00	9618	cumulative					
632	2025-12-01 06:39:40.496000+00:00	9623	cumulative					
633	2025-12-01 06:48:58.277000+00:00	9626	cumulative					
634	2025-12-01 06:50:09.300000+00:00	9634	cumulative					
635	2025-12-01 06:51:37.165000+00:00	9637	cumulative					
636	2025-12-01 06:53:45.897000+00:00	9640	cumulative					
637	2025-12-01 06:55:48.067000+00:00	9640	cumulative					
638	2025-12-01 06:57:13.174000+00:00	9650	cumulative					
639	2025-12-01 06:59:01.548000+00:00	9662	cumulative					
640	2025-12-01 06:59:12.347000+00:00	9666	cumulative					
641	2025-12-01 07:01:13.298000+00:00	9668	cumulative					
642	2025-12-01 07:03:54.347000+00:00	9677	cumulative					
643	2025-12-01 07:05:43.731000+00:00	9678	cumulative					
644	2025-12-01 07:07:18.155000+00:00	9692	cumulative					
645	2025-12-01 07:09:06.674000+00:00	9698	cumulative					
646	2025-12-01 07:12:22.412000+00:00	9706	cumulative					
647	2025-12-01 07:14:03.239000+00:00	9711	cumulative					
648	2025-12-01 07:15:44.200000+00:00	9720	cumulative					
649	2025-12-01 07:21:06.328000+00:00	9728	cumulative					
650	2025-12-01 07:22:44.201000+00:00	9740	cumulative					
651	2025-12-01 07:24:27.456000+00:00	9747	cumulative					
652	2025-12-01 07:26:01.824000+00:00	9757	cumulative					
653	2025-12-01 07:27:42.620000+00:00	9761	cumulative					
654	2025-12-01 07:29:16.642000+00:00	9762	cumulative					
655	2025-12-01 07:30:53.643000+00:00	9767	cumulative					
656	2025-12-01 07:32:13.097000+00:00	9776	cumulative					
657	2025-12-01 07:34:22.849000+00:00	9786	cumulative					
658	2025-12-01 07:45:52.840000+00:00	9789	cumulative					
659	2025-12-01 07:47:55.190000+00:00	9791	cumulative					
660	2025-12-01 07:49:34.658000+00:00	9796	cumulative					
661	2025-12-01 07:51:42.112000+00:00	9803	cumulative					
662	2025-12-01 07:53:22.497000+00:00	9810	cumulative					
663	2025-12-01 07:54:31.542000+00:00	9817	cumulative					
664	2025-12-01 07:55:57.216000+00:00	9836	cumulative					
665	2025-12-01 07:58:03.891000+00:00	9853	cumulative					
666	2025-12-01 07:59:52.323000+00:00	9859	cumulative					
667	2025-12-01 08:01:34.276000+00:00	9864	cumulative					
668	2025-12-01 08:03:20.144000+00:00	9870	cumulative					
669	2025-12-01 08:05:06.030000+00:00	9877	cumulative					
670	2025-12-01 08:06:59.559000+00:00	9887	cumulative					
671	2025-12-01 09:29:01.044000+00:00	9899	cumulative					
672	2025-12-01 09:33:54.916000+00:00	9902	cumulative					
673	2025-12-01 09:37:12.731000+00:00	9915	cumulative					
674	2025-12-01 10:20:36.499000+00:00	9925	cumulative					
675	2025-12-01 10:22:24.653000+00:00	9936	cumulative					
676	2025-12-01 10:25:08.781000+00:00	9956	cumulative					
677	2025-12-01 10:26:45.342000+00:00	9957	cumulative					
678	2025-12-01 10:28:29.958000+00:00	9966	cumulative					
679	2025-12-01 10:30:10.193000+00:00	9970	cumulative					
680	2025-12-01 10:31:41.679000+00:00	9975	cumulative					
681	2025-12-01 10:33:07.788000+00:00	9979	cumulative					
682	2025-12-01 10:34:47.738000+00:00	9982	cumulative					
683	2025-12-01 10:36:25.887000+00:00	9989	cumulative					
684	2025-12-01 10:38:02.905000+00:00	9997	cumulative					
685	2025-12-01 10:39:51.190000+00:00	9998	cumulative					
686	2025-12-01 10:41:19.492000+00:00	10005	cumulative					
687	2025-12-01 10:42:58.505000+00:00	10023	cumulative					
688	2025-12-01 10:44:37.829000+00:00	10026	cumulative					
689	2025-12-01 10:46:22.572000+00:00	10032	cumulative					
690	2025-12-01 10:48:05.356000+00:00	10045	cumulative					
691	2025-12-01 10:49:42.022000+00:00	10058	cumulative					
692	2025-12-01 10:51:22.715000+00:00	10059	cumulative					
693	2025-12-01 10:56:05.331000+00:00	10066	cumulative					
694	2025-12-01 18:42:05.374000+00:00	10076	cumulative					
695	2025-12-01 18:43:40.897000+00:00	10083	cumulative					
696	2025-12-01 18:45:04.715000+00:00	10089	cumulative					
697	2025-12-01 18:46:34.464000+00:00	10097	cumulative					
698	2025-12-01 18:48:03.891000+00:00	10100	cumulative					
699	2025-12-01 18:49:33.728000+00:00	10105	cumulative					
700	2025-12-01 18:50:05.702000+00:00	10105	cumulative					
701	2025-12-01 18:52:47.467000+00:00	10106	cumulative					
702	2025-12-01 18:54:18.421000+00:00	10114	cumulative					
703	2025-12-01 18:55:42.792000+00:00	10116	cumulative					
704	2025-12-01 18:56:11.843000+00:00	10117	cumulative					
705	2025-12-01 18:58:36.395000+00:00	10119	cumulative					
706	2025-12-01 19:00:40.293000+00:00	10127	cumulative					
707	2025-12-01 19:02:07.609000+00:00	10131	cumulative					
708	2025-12-01 19:03:46.535000+00:00	10132	cumulative					
709	2025-12-01 19:05:14.843000+00:00	10135	cumulative					
710	2025-12-01 19:06:51.364000+00:00	10143	cumulative					
711	2025-12-01 19:08:33.109000+00:00	10146	cumulative					
712	2025-12-01 19:10:21.803000+00:00	10148	cumulative					
713	2025-12-01 19:11:52.991000+00:00	10153	cumulative					
714	2025-12-01 19:13:28.862000+00:00	10157	cumulative					
715	2025-12-01 19:15:17.354000+00:00	10173	cumulative					
716	2025-12-01 19:16:51.129000+00:00	10177	cumulative					
717	2025-12-01 19:18:46.212000+00:00	10188	cumulative					
718	2025-12-01 19:20:16.633000+00:00	10191	cumulative					
719	2025-12-01 19:21:53.857000+00:00	10197	cumulative					
720	2025-12-01 19:23:33.851000+00:00	10204	cumulative					
721	2025-12-01 19:25:07.338000+00:00	10216	cumulative					
722	2025-12-01 19:26:48.120000+00:00	10224	cumulative					
723	2025-12-01 19:28:48.574000+00:00	10231	cumulative					
724	2025-12-01 19:30:46.840000+00:00	10237	cumulative					
725	2025-12-01 19:32:29.237000+00:00	10239	cumulative					
726	2025-12-01 20:24:50.503000+00:00	10241	cumulative					
727	2025-12-01 20:30:58.657000+00:00	10244	cumulative					
728	2025-12-01 22:56:54.266000+00:00	10250	cumulative					
729	2025-12-02 13:27:17.478000+00:00	10263	cumulative					
730	2025-12-02 13:31:32.581000+00:00	10274	cumulative					
731	2025-12-02 13:35:56.601000+00:00	10276	cumulative					
732	2025-12-02 13:39:40.960000+00:00	10283	cumulative					
733	2025-12-02 15:57:59.125000+00:00	10290	cumulative					
734	2025-12-02 16:00:54.257000+00:00	10302	cumulative					
735	2025-12-02 16:02:34.602000+00:00	10313	cumulative					
736	2025-12-02 16:02:43.748000+00:00	10327	cumulative					
737	2025-12-02 16:06:37.009000+00:00	10328	cumulative					
738	2025-12-02 16:08:31.836000+00:00	10348	cumulative					
739	2025-12-02 16:12:35.928000+00:00	10352	cumulative					
740	2025-12-02 16:14:01.652000+00:00	10356	cumulative					
741	2025-12-02 16:15:51.345000+00:00	10358	cumulative					
742	2025-12-02 16:18:02.385000+00:00	10359	cumulative					
743	2025-12-02 16:19:38.222000+00:00	10364	cumulative					
744	2025-12-02 16:20:52.095000+00:00	10369	cumulative					
745	2025-12-02 16:22:38.512000+00:00	10382	cumulative					
746	2025-12-02 16:24:04.409000+00:00	10383	cumulative					
747	2025-12-02 16:25:35.330000+00:00	10389	cumulative					
748	2025-12-02 17:05:58.580000+00:00	10397	cumulative					
749	2025-12-02 17:26:47.113000+00:00	10401	cumulative					
750	2025-12-02 22:16:31.261000+00:00	10407	cumulative					
751	2025-12-02 22:23:58.251000+00:00	10410	cumulative					
752	2025-12-02 22:27:23.466000+00:00	10429	cumulative					
753	2025-12-02 22:29:20.208000+00:00	10435	cumulative					
754	2025-12-02 22:31:11.248000+00:00	10441	cumulative					
755	2025-12-02 22:33:01.546000+00:00	10453	cumulative					
756	2025-12-02 22:34:32.783000+00:00	10462	cumulative					
757	2025-12-02 22:37:22.419000+00:00	10465	cumulative					
758	2025-12-02 22:39:04.709000+00:00	10469	cumulative					
759	2025-12-02 22:40:17.484000+00:00	10473	cumulative					
760	2025-12-02 22:41:55.335000+00:00	10478	cumulative					
761	2025-12-02 22:43:30.575000+00:00	10482	cumulative					
762	2025-12-02 22:45:05.298000+00:00	10483	cumulative					
763	2025-12-02 22:46:33.345000+00:00	10498	cumulative					
764	2025-12-02 22:48:42.895000+00:00	10500	cumulative					
765	2025-12-02 22:50:33.442000+00:00	10505	cumulative					
766	2025-12-02 22:52:25.399000+00:00	10510	cumulative					
767	2025-12-02 22:53:42.815000+00:00	10515	cumulative					
768	2025-12-02 22:55:10.914000+00:00	10517	cumulative					
769	2025-12-02 22:57:06.357000+00:00	10520	cumulative					
770	2025-12-02 22:58:01.675000+00:00	10533	cumulative					
771	2025-12-03 04:34:08.183000+00:00	10540	cumulative					
772	2025-12-03 04:35:05.110000+00:00	10558	cumulative					
773	2025-12-03 04:37:15.054000+00:00	10567	cumulative					
774	2025-12-03 04:41:24.874000+00:00	10569	cumulative					
775	2025-12-03 04:42:54.163000+00:00	10570	cumulative					
776	2025-12-03 04:44:22.174000+00:00	10573	cumulative					
777	2025-12-03 04:45:47.834000+00:00	10575	cumulative					
778	2025-12-03 04:47:26.078000+00:00	10575	cumulative					
779	2025-12-03 04:48:56.046000+00:00	10579	cumulative					
780	2025-12-03 04:50:24.794000+00:00	10583	cumulative					
781	2025-12-03 04:58:05.460000+00:00	10589	cumulative					
782	2025-12-03 04:59:36.964000+00:00	10594	cumulative					
783	2025-12-03 07:28:55.652000+00:00	10602	cumulative					
784	2025-12-03 07:30:19.673000+00:00	10619	cumulative					
785	2025-12-03 07:31:56.982000+00:00	10626	cumulative					
786	2025-12-03 07:33:20.884000+00:00	10630	cumulative					
787	2025-12-03 07:35:36.703000+00:00	10638	cumulative					
788	2025-12-03 07:37:11.572000+00:00	10642	cumulative					
789	2025-12-03 07:38:43.455000+00:00	10656	cumulative					
790	2025-12-03 07:40:28.518000+00:00	10658	cumulative					
791	2025-12-03 07:41:50.709000+00:00	10667	cumulative					
792	2025-12-03 07:43:22.500000+00:00	10669	cumulative					
793	2025-12-03 07:45:06.083000+00:00	10673	cumulative					
794	2025-12-03 07:46:47.002000+00:00	10682	cumulative					
795	2025-12-03 07:47:55.574000+00:00	10689	cumulative					
796	2025-12-03 07:48:06.298000+00:00	10699	cumulative					
797	2025-12-03 07:52:11.171000+00:00	10703	cumulative					
798	2025-12-03 07:53:43.846000+00:00	10707	cumulative					
799	2025-12-03 07:56:03.269000+00:00	10712	cumulative					
800	2025-12-03 07:57:31.605000+00:00	10714	cumulative					
801	2025-12-03 07:59:10.075000+00:00	10715	cumulative					
802	2025-12-03 08:00:22.190000+00:00	10724	cumulative					
803	2025-12-03 08:02:24.559000+00:00	10728	cumulative					
804	2025-12-03 08:03:28.777000+00:00	10740	cumulative					
805	2025-12-03 08:04:40.202000+00:00	10751	cumulative					
806	2025-12-03 08:07:47.341000+00:00	10755	cumulative					
807	2025-12-03 20:39:56.691000+00:00	10760	cumulative					
808	2025-12-03 20:42:15.518000+00:00	10763	cumulative					
809	2025-12-03 20:43:58.656000+00:00	10769	cumulative					
810	2025-12-03 20:45:38.432000+00:00	10778	cumulative					
811	2025-12-03 20:47:08.467000+00:00	10784	cumulative					
812	2025-12-03 20:48:52.191000+00:00	10792	cumulative					
813	2025-12-03 22:10:04.856000+00:00	10797	cumulative					
814	2025-12-03 22:26:57.551000+00:00	10800	cumulative					
815	2025-12-03 22:30:05.623000+00:00	10803	cumulative					
816	2025-12-03 22:32:26.123000+00:00	10815	cumulative					
817	2025-12-03 22:33:53.622000+00:00	10819	cumulative					
818	2025-12-03 22:35:23.261000+00:00	10822	cumulative					
819	2025-12-03 22:36:51.389000+00:00	10826	cumulative					
820	2025-12-03 22:40:09.645000+00:00	10829	cumulative					
821	2025-12-03 22:42:11.555000+00:00	10833	cumulative					
822	2025-12-03 22:43:42.375000+00:00	10834	cumulative					
823	2025-12-03 22:45:22.484000+00:00	10846	cumulative					
824	2025-12-03 22:46:38.342000+00:00	10848	cumulative					
825	2025-12-03 22:49:08.526000+00:00	10851	cumulative					
826	2025-12-03 22:54:47.069000+00:00	10855	cumulative					
827	2025-12-03 22:57:36.620000+00:00	10862	cumulative					
828	2025-12-03 22:57:52.259000+00:00	10864	cumulative					
829	2025-12-03 23:00:46.551000+00:00	10866	cumulative					
830	2025-12-03 23:02:22.910000+00:00	10872	cumulative					
831	2025-12-03 23:03:38.276000+00:00	10874	cumulative					
832	2025-12-03 23:05:13.847000+00:00	10882	cumulative					
833	2025-12-03 23:07:11.882000+00:00	10893	cumulative					
834	2025-12-03 23:08:41.749000+00:00	10895	cumulative					
835	2025-12-03 23:10:21.580000+00:00	10902	cumulative					
836	2025-12-03 23:11:52.842000+00:00	10904	cumulative					
837	2025-12-03 23:24:32.334000+00:00	10905	cumulative					
838	2025-12-03 23:25:57.911000+00:00	10919	cumulative					
839	2025-12-03 23:27:26.304000+00:00	10933	cumulative					
840	2025-12-03 23:29:06.146000+00:00	10943	cumulative					
841	2025-12-03 23:31:03.593000+00:00	10948	cumulative					
842	2025-12-04 00:07:07.507000+00:00	10950	cumulative					
843	2025-12-04 00:07:17.545000+00:00	10950	cumulative					
844	2025-12-04 00:09:52.739000+00:00	10953	cumulative					
845	2025-12-04 00:10:25.943000+00:00	10960	cumulative					
846	2025-12-04 00:12:51.574000+00:00	10971	cumulative					
847	2025-12-04 00:13:24.864000+00:00	10979	cumulative					
848	2025-12-04 00:15:36.611000+00:00	10981	cumulative					
849	2025-12-04 00:16:41.551000+00:00	10985	cumulative					
850	2025-12-04 00:18:36.553000+00:00	10990	cumulative					
851	2025-12-04 00:21:12.988000+00:00	10994	cumulative					
852	2025-12-04 00:22:16.858000+00:00	11003	cumulative					
853	2025-12-04 00:23:07.653000+00:00	11006	cumulative					
854	2025-12-04 00:25:37.208000+00:00	11011	cumulative					
855	2025-12-04 00:27:17.055000+00:00	11026	cumulative					
856	2025-12-04 00:28:17.481000+00:00	11031	cumulative					
857	2025-12-04 00:30:36.802000+00:00	11039	cumulative					
858	2025-12-04 00:32:02.824000+00:00	11046	cumulative					
859	2025-12-04 00:33:42.252000+00:00	11054	cumulative					
860	2025-12-04 00:34:21.436000+00:00	11056	cumulative					
861	2025-12-04 00:35:08.849000+00:00	11070	cumulative					
862	2025-12-04 00:35:52.993000+00:00	11076	cumulative					
863	2025-12-04 00:40:22.714000+00:00	11091	cumulative					
864	2025-12-04 00:41:58.001000+00:00	11100	cumulative					
865	2025-12-04 00:43:30.292000+00:00	11105	cumulative					
866	2025-12-04 00:45:00.478000+00:00	11116	cumulative					
867	2025-12-04 00:46:41.171000+00:00	11130	cumulative					
868	2025-12-04 00:47:08.482000+00:00	11133	cumulative					
869	2025-12-04 01:19:03.485000+00:00	11135	cumulative					
870	2025-12-04 01:23:18.994000+00:00	11141	cumulative					
871	2025-12-04 01:24:56.945000+00:00	11144	cumulative					
872	2025-12-04 01:26:22.444000+00:00	11149	cumulative					
873	2025-12-04 01:27:50.241000+00:00	11156	cumulative					
874	2025-12-04 01:28:32.733000+00:00	11171	cumulative					
875	2025-12-04 01:31:04.694000+00:00	11178	cumulative					
876	2025-12-04 01:32:36.566000+00:00	11179	cumulative					
877	2025-12-04 01:34:08.956000+00:00	11188	cumulative					
878	2025-12-04 01:35:01.680000+00:00	11198	cumulative					
879	2025-12-04 01:36:39.531000+00:00	11205	cumulative					
880	2025-12-04 01:38:07.082000+00:00	11211	cumulative					
881	2025-12-04 01:39:46.831000+00:00	11215	cumulative					
882	2025-12-04 01:41:36.676000+00:00	11218	cumulative					
883	2025-12-04 01:43:00.954000+00:00	11225	cumulative					
884	2025-12-04 01:43:55.271000+00:00	11230	cumulative					
885	2025-12-04 01:45:22.843000+00:00	11238	cumulative					
886	2025-12-04 01:46:27.131000+00:00	11239	cumulative					
887	2025-12-04 01:48:23.192000+00:00	11244	cumulative					
888	2025-12-04 01:50:05.744000+00:00	11259	cumulative					
889	2025-12-04 01:51:40.966000+00:00	11268	cumulative					
890	2025-12-04 01:53:13.850000+00:00	11268	cumulative					
891	2025-12-04 01:54:40.666000+00:00	11273	cumulative					
892	2025-12-04 01:56:14.604000+00:00	11275	cumulative					
893	2025-12-04 01:57:45.526000+00:00	11275	cumulative					
894	2025-12-04 01:59:13.803000+00:00	11276	cumulative					
895	2025-12-04 03:24:21.506000+00:00	11282	cumulative					
896	2025-12-04 03:26:18.948000+00:00	11285	cumulative					
897	2025-12-04 03:38:56.559000+00:00	11291	cumulative					
898	2025-12-04 03:46:16.247000+00:00	11303	cumulative					
899	2025-12-04 03:48:30.237000+00:00	11307	cumulative					
900	2025-12-04 03:49:59.450000+00:00	11312	cumulative					
901	2025-12-04 03:51:40.372000+00:00	11322	cumulative					
902	2025-12-04 03:53:05.095000+00:00	11325	cumulative					
903	2025-12-04 03:54:35.432000+00:00	11331	cumulative					
904	2025-12-04 03:55:49.944000+00:00	11339	cumulative					
905	2025-12-04 03:56:55.255000+00:00	11349	cumulative					
906	2025-12-04 03:58:23.773000+00:00	11362	cumulative					
907	2025-12-04 04:11:30.257000+00:00	11376	cumulative					
908	2025-12-04 04:13:01.516000+00:00	11378	cumulative					
909	2025-12-04 04:14:25.377000+00:00	11381	cumulative					
910	2025-12-04 04:15:53.938000+00:00	11384	cumulative					
911	2025-12-04 04:17:36.742000+00:00	11385	cumulative					
912	2025-12-04 04:19:09.467000+00:00	11387	cumulative					
913	2025-12-04 04:20:35.748000+00:00	11396	cumulative					
914	2025-12-04 04:22:07.396000+00:00	11418	cumulative					
915	2025-12-04 04:23:58.512000+00:00	11422	cumulative					
916	2025-12-04 04:25:39.710000+00:00	11423	cumulative					
917	2025-12-04 04:26:48.659000+00:00	11429	cumulative					
918	2025-12-04 04:28:46.144000+00:00	11429	cumulative					
919	2025-12-04 04:30:26.490000+00:00	11435	cumulative					
920	2025-12-04 04:32:06.586000+00:00	11439	cumulative					
921	2025-12-04 04:33:43.410000+00:00	11446	cumulative					
922	2025-12-04 04:35:07.863000+00:00	11451	cumulative					
923	2025-12-04 04:36:31.685000+00:00	11453	cumulative					
924	2025-12-04 04:37:59.607000+00:00	11458	cumulative					
925	2025-12-04 04:39:51.327000+00:00	11459	cumulative					
926	2025-12-04 04:41:28.682000+00:00	11461	cumulative					
927	2025-12-04 04:43:11.537000+00:00	11464	cumulative					
928	2025-12-04 04:44:08.283000+00:00	11465	cumulative					
929	2025-12-04 04:46:47.294000+00:00	11469	cumulative					
930	2025-12-04 04:48:21.457000+00:00	11481	cumulative					
931	2025-12-04 04:49:58.567000+00:00	11487	cumulative					
932	2025-12-04 04:51:35.796000+00:00	11489	cumulative					
933	2025-12-04 04:53:46.199000+00:00	11493	cumulative					
934	2025-12-04 04:55:18.784000+00:00	11496	cumulative					
935	2025-12-04 04:56:13.185000+00:00	11498	cumulative					
936	2025-12-04 05:30:11.622000+00:00	11500	cumulative					
937	2025-12-04 05:31:51.014000+00:00	11509	cumulative					
938	2025-12-04 05:33:27.996000+00:00	11517	cumulative					
939	2025-12-04 05:34:58.146000+00:00	11525	cumulative					
940	2025-12-04 05:36:26.616000+00:00	11532	cumulative					
941	2025-12-04 05:38:12.580000+00:00	11536	cumulative					
942	2025-12-04 05:39:58.984000+00:00	11559	cumulative					
943	2025-12-04 05:41:28.976000+00:00	11570	cumulative					
944	2025-12-04 05:42:58.242000+00:00	11572	cumulative					
945	2025-12-04 05:43:35.899000+00:00	11577	cumulative					
946	2025-12-04 05:45:06.747000+00:00	11582	cumulative					
947	2025-12-04 05:46:36.761000+00:00	11588	cumulative					
948	2025-12-04 05:49:18.225000+00:00	11594	cumulative					
949	2025-12-04 05:50:43.265000+00:00	11599	cumulative					
950	2025-12-04 05:52:19.536000+00:00	11613	cumulative					
951	2025-12-04 05:54:01.064000+00:00	11617	cumulative					
952	2025-12-04 05:55:35.647000+00:00	11621	cumulative					
953	2025-12-04 05:57:05.588000+00:00	11622	cumulative					
954	2025-12-04 05:58:33.127000+00:00	11624	cumulative					
955	2025-12-04 06:00:02.912000+00:00	11635	cumulative					
956	2025-12-04 06:01:30.245000+00:00	11643	cumulative					
957	2025-12-04 06:02:58.659000+00:00	11646	cumulative					
958	2025-12-04 06:05:00.660000+00:00	11653	cumulative					
959	2025-12-04 06:06:39.993000+00:00	11664	cumulative					
960	2025-12-04 06:08:53.780000+00:00	11671	cumulative					
961	2025-12-04 06:10:19.599000+00:00	11679	cumulative					
962	2025-12-04 06:11:50.914000+00:00	11684	cumulative					
963	2025-12-04 06:13:17.683000+00:00	11687	cumulative					
964	2025-12-04 06:14:46.697000+00:00	11692	cumulative					
965	2025-12-04 06:16:40.353000+00:00	11696	cumulative					
966	2025-12-04 06:18:28.780000+00:00	11701	cumulative					
967	2025-12-04 06:20:02.206000+00:00	11702	cumulative					
968	2025-12-04 07:31:40.220000+00:00	11704	cumulative					
969	2025-12-04 07:33:06.362000+00:00	11704	cumulative					
970	2025-12-04 07:34:03.641000+00:00	11705	cumulative					
971	2025-12-04 07:49:16.925000+00:00	11710	cumulative					
972	2025-12-04 07:50:57.788000+00:00	11712	cumulative					
973	2025-12-04 07:52:45.053000+00:00	11720	cumulative					
974	2025-12-04 07:54:33.552000+00:00	11724	cumulative					
975	2025-12-04 07:56:09.893000+00:00	11724	cumulative					
976	2025-12-04 07:57:09.098000+00:00	11734	cumulative					
977	2025-12-04 07:59:02.126000+00:00	11738	cumulative					
978	2025-12-04 08:00:37.207000+00:00	11747	cumulative					
979	2025-12-04 08:01:40.593000+00:00	11755	cumulative					
980	2025-12-04 08:04:05.590000+00:00	11761	cumulative					
981	2025-12-04 08:05:34.407000+00:00	11763	cumulative					
982	2025-12-04 08:07:32.528000+00:00	11769	cumulative					
983	2025-12-04 08:09:39.146000+00:00	11784	cumulative					
984	2025-12-04 08:11:16.320000+00:00	11785	cumulative					
985	2025-12-04 08:12:49.112000+00:00	11789	cumulative					
986	2025-12-04 08:14:14.218000+00:00	11800	cumulative					
987	2025-12-04 08:15:40.039000+00:00	11801	cumulative					
988	2025-12-04 08:17:11.617000+00:00	11808	cumulative					
989	2025-12-04 08:18:37.542000+00:00	11811	cumulative					
990	2025-12-04 08:20:39.921000+00:00	11813	cumulative					
991	2025-12-04 08:22:05.710000+00:00	11816	cumulative					
992	2025-12-04 08:23:39.531000+00:00	11827	cumulative					
993	2025-12-04 08:25:15.728000+00:00	11834	cumulative					
994	2025-12-04 08:26:36.224000+00:00	11846	cumulative					
995	2025-12-04 08:28:11.697000+00:00	11849	cumulative					
996	2025-12-04 08:29:24.813000+00:00	11852	cumulative					
997	2025-12-04 08:31:34.694000+00:00	11870	cumulative					
998	2025-12-04 08:32:20.710000+00:00	11875	cumulative					
999	2025-12-04 08:33:37.384000+00:00	11875	cumulative					
1000	2025-12-04 19:33:15.575000+00:00	11877	cumulative					
1001	2025-12-04 19:40:55.510000+00:00	11878	cumulative					
1002	2025-12-04 19:41:29.438000+00:00	11881	cumulative					
1003	2025-12-04 19:43:56.873000+00:00	11886	cumulative					
1004	2025-12-04 19:45:45.675000+00:00	11890	cumulative					
1005	2025-12-04 19:47:26.158000+00:00	11894	cumulative					
1006	2025-12-04 20:12:27.492000+00:00	11901	cumulative					
1007	2025-12-04 20:13:24.264000+00:00	11909	cumulative					
1008	2025-12-04 20:14:53.381000+00:00	11913	cumulative					
1009	2025-12-04 20:16:38.253000+00:00	11917	cumulative					
1010	2025-12-04 20:18:16.785000+00:00	11921	cumulative					
1011	2025-12-04 20:19:57.422000+00:00	11927	cumulative					
1012	2025-12-04 20:21:59.283000+00:00	11932	cumulative					
1013	2025-12-04 20:22:52.393000+00:00	11938	cumulative					
1014	2025-12-04 20:24:11.815000+00:00	11941	cumulative					
1015	2025-12-04 20:26:42.732000+00:00	11943	cumulative					
1016	2025-12-04 20:27:21.247000+00:00	11950	cumulative					
1017	2025-12-04 20:28:27.051000+00:00	11956	cumulative					
1018	2025-12-04 20:31:15.487000+00:00	11959	cumulative					
1019	2025-12-04 20:32:10.293000+00:00	11964	cumulative					
1020	2025-12-04 20:33:38.270000+00:00	11971	cumulative					
1021	2025-12-04 20:37:56.475000+00:00	11973	cumulative					
1022	2025-12-04 20:39:22.691000+00:00	11973	cumulative					
1023	2025-12-04 20:40:48.673000+00:00	11985	cumulative					
1024	2025-12-04 20:42:21.670000+00:00	11987	cumulative					
1025	2025-12-04 20:47:18.254000+00:00	11987	cumulative					
1026	2025-12-04 20:48:48.001000+00:00	12003	cumulative					
1027	2025-12-04 20:50:22.554000+00:00	12009	cumulative					
1028	2025-12-04 20:52:12.835000+00:00	12016	cumulative					
1029	2025-12-04 20:53:42.950000+00:00	12019	cumulative					
1030	2025-12-04 21:01:11.753000+00:00	12037	cumulative					
1031	2025-12-04 21:01:38.747000+00:00	12041	cumulative					
1032	2025-12-04 21:03:07.601000+00:00	12044	cumulative					
1033	2025-12-04 21:04:16.686000+00:00	12044	cumulative					
1034	2025-12-04 21:05:49.996000+00:00	12044	cumulative					
1035	2025-12-04 21:07:43.161000+00:00	12048	cumulative					
1036	2025-12-04 21:10:14.384000+00:00	12051	cumulative					
1037	2025-12-04 21:33:38.810000+00:00	12055	cumulative					
1038	2025-12-04 21:35:07.622000+00:00	12058	cumulative					
1039	2025-12-04 21:36:19.622000+00:00	12059	cumulative					
1040	2025-12-04 21:37:51.825000+00:00	12068	cumulative					
1041	2025-12-04 21:39:09.153000+00:00	12071	cumulative					
1042	2025-12-04 21:39:18.729000+00:00	12086	cumulative					
1043	2025-12-04 21:40:55.450000+00:00	12089	cumulative					
1044	2025-12-04 21:43:33.021000+00:00	12110	cumulative					
1045	2025-12-04 21:44:57.367000+00:00	12111	cumulative					
1046	2025-12-04 21:46:24.032000+00:00	12133	cumulative					
1047	2025-12-04 21:47:18.156000+00:00	12141	cumulative					
1048	2025-12-04 21:49:38.588000+00:00	12147	cumulative					
1049	2025-12-04 21:51:12.916000+00:00	12153	cumulative					
1050	2025-12-04 21:52:19.906000+00:00	12160	cumulative					
1051	2025-12-04 21:54:21.738000+00:00	12165	cumulative					
1052	2025-12-04 21:55:47.133000+00:00	12166	cumulative					
1053	2025-12-04 21:57:20.822000+00:00	12167	cumulative					
1054	2025-12-04 21:57:51.704000+00:00	12174	cumulative					
1055	2025-12-04 22:00:18.237000+00:00	12174	cumulative					
1056	2025-12-04 22:01:49.888000+00:00	12178	cumulative					
1057	2025-12-04 22:02:25.579000+00:00	12187	cumulative					
1058	2025-12-04 22:02:29.657000+00:00	12189	cumulative					
1059	2025-12-04 22:06:28.726000+00:00	12193	cumulative					
1060	2025-12-04 22:07:53.243000+00:00	12194	cumulative					
1061	2025-12-04 22:09:17.179000+00:00	12199	cumulative					
1062	2025-12-04 22:10:44.971000+00:00	12203	cumulative					
1063	2025-12-04 22:12:39.769000+00:00	12214	cumulative					
1064	2025-12-04 22:14:07.200000+00:00	12224	cumulative					
1065	2025-12-04 22:15:32.315000+00:00	12225	cumulative					
1066	2025-12-04 22:16:57.163000+00:00	12234	cumulative					
1067	2025-12-04 22:18:45.570000+00:00	12242	cumulative					
1068	2025-12-04 22:20:31.930000+00:00	12251	cumulative					
1069	2025-12-04 22:22:46.523000+00:00	12255	cumulative					
1070	2025-12-04 22:24:09.492000+00:00	12257	cumulative					
1071	2025-12-04 22:40:42.635000+00:00	12261	cumulative					
1072	2025-12-04 22:42:07.868000+00:00	12264	cumulative					
1073	2025-12-04 22:43:46.100000+00:00	12264	cumulative					
1074	2025-12-04 22:44:53.700000+00:00	12266	cumulative					
1075	2025-12-04 22:46:53.118000+00:00	12266	cumulative					
1076	2025-12-04 22:48:11.887000+00:00	12272	cumulative					
1077	2025-12-04 22:49:47.174000+00:00	12283	cumulative					
1078	2025-12-04 22:51:17.054000+00:00	12300	cumulative					
1079	2025-12-04 22:53:06.826000+00:00	12311	cumulative					
1080	2025-12-04 23:49:30.172000+00:00	12317	cumulative					
1081	2025-12-04 23:56:44.902000+00:00	12326	cumulative					
1082	2025-12-05 00:36:59.925000+00:00	12327	cumulative					
1083	2025-12-05 00:39:30.693000+00:00	12327	cumulative					
1084	2025-12-05 01:15:43.034000+00:00	12330	cumulative					
1085	2025-12-05 01:17:07.669000+00:00	12337	cumulative					
1086	2025-12-05 01:18:38.487000+00:00	12345	cumulative					
1087	2025-12-05 01:19:57.083000+00:00	12349	cumulative					
1088	2025-12-05 07:20:45.882000+00:00	12350	cumulative					
1089	2025-12-05 07:22:53.308000+00:00	12352	cumulative					
1090	2025-12-05 07:25:40.704000+00:00	12366	cumulative					
1091	2025-12-05 07:35:46.032000+00:00	12367	cumulative					
1092	2025-12-05 08:37:10.129000+00:00	12370	cumulative					
1093	2025-12-05 09:10:51.704000+00:00	12378	cumulative					
1094	2025-12-05 09:58:28.338000+00:00	12381	cumulative					
1095	2025-12-05 10:30:40.380000+00:00	12382	cumulative					
1096	2025-12-05 10:49:16.999000+00:00	12389	cumulative					
1097	2025-12-05 12:19:24.126000+00:00	12390	cumulative					
1098	2025-12-05 12:55:57.665000+00:00	12392	cumulative					
1099	2025-12-06 00:08:22.634000+00:00	12392	cumulative					
1100	2025-12-06 00:12:30.465000+00:00	12400	cumulative					
1101	2025-12-06 00:14:00.650000+00:00	12402	cumulative					
1102	2025-12-06 00:15:40.030000+00:00	12404	cumulative					
1103	2025-12-06 00:17:09.083000+00:00	12407	cumulative					
1104	2025-12-06 00:18:52.651000+00:00	12416	cumulative					
1105	2025-12-06 00:20:20.969000+00:00	12418	cumulative					
1106	2025-12-06 00:21:51.697000+00:00	12422	cumulative					
1107	2025-12-06 00:38:42.729000+00:00	12425	cumulative					
1108	2025-12-06 00:40:26.281000+00:00	12430	cumulative					
1109	2025-12-06 00:41:58.137000+00:00	12436	cumulative					
1110	2025-12-06 00:43:21.999000+00:00	12444	cumulative					
1111	2025-12-06 00:44:47.219000+00:00	12448	cumulative					
1112	2025-12-06 00:46:14.855000+00:00	12450	cumulative					
1113	2025-12-06 00:47:39.822000+00:00	12453	cumulative					
1114	2025-12-06 00:49:04.980000+00:00	12462	cumulative					
1115	2025-12-06 00:50:30.069000+00:00	12470	cumulative					
1116	2025-12-06 00:51:59.245000+00:00	12474	cumulative					
1117	2025-12-06 00:53:36.847000+00:00	12477	cumulative					
1118	2025-12-06 00:55:16.128000+00:00	12479	cumulative					
1119	2025-12-06 00:56:44.777000+00:00	12482	cumulative					
1120	2025-12-06 00:58:23.159000+00:00	12492	cumulative					
1121	2025-12-06 00:59:30.253000+00:00	12493	cumulative					
1122	2025-12-06 01:01:17.560000+00:00	12506	cumulative					
1123	2025-12-06 01:02:33.640000+00:00	12508	cumulative					
1124	2025-12-06 01:04:29.656000+00:00	12513	cumulative					
1125	2025-12-06 01:05:43.525000+00:00	12526	cumulative					
1126	2025-12-06 01:06:31.099000+00:00	12533	cumulative					
1127	2025-12-06 01:08:47.205000+00:00	12537	cumulative					
1128	2025-12-06 01:10:12.309000+00:00	12542	cumulative					
1129	2025-12-06 01:10:20.893000+00:00	12546	cumulative					
1130	2025-12-06 01:13:06.391000+00:00	12550	cumulative					
1131	2025-12-06 01:14:31.049000+00:00	12558	cumulative					
1132	2025-12-06 01:14:38.625000+00:00	12560	cumulative					
1133	2025-12-06 01:17:16.065000+00:00	12562	cumulative					
1134	2025-12-06 01:18:42.851000+00:00	12566	cumulative					
1135	2025-12-06 01:20:18.497000+00:00	12574	cumulative					
1136	2025-12-06 01:20:57.135000+00:00	12582	cumulative					
1137	2025-12-06 01:22:21.834000+00:00	12582	cumulative					
1138	2025-12-06 01:24:20.454000+00:00	12591	cumulative					
1139	2025-12-06 01:25:25.075000+00:00	12595	cumulative					
1140	2025-12-06 01:28:25.241000+00:00	12596	cumulative					
1141	2025-12-06 01:29:18.040000+00:00	12596	cumulative					
1142	2025-12-06 02:32:31.471000+00:00	12598	cumulative					
1143	2025-12-06 02:34:12.371000+00:00	12598	cumulative					
1144	2025-12-06 02:35:39.474000+00:00	12600	cumulative					
1145	2025-12-06 02:36:21.280000+00:00	12612	cumulative					
1146	2025-12-06 02:39:00.605000+00:00	12616	cumulative					
1147	2025-12-06 02:40:24.915000+00:00	12621	cumulative					
1148	2025-12-06 02:41:47.429000+00:00	12622	cumulative					
1149	2025-12-06 02:43:18.597000+00:00	12622	cumulative					
1150	2025-12-06 02:44:37.223000+00:00	12624	cumulative					
1151	2025-12-06 02:46:29.709000+00:00	12630	cumulative					
1152	2025-12-06 02:47:46.928000+00:00	12633	cumulative					
1153	2025-12-06 02:49:17.627000+00:00	12636	cumulative					
1154	2025-12-06 02:50:46.438000+00:00	12652	cumulative					
1155	2025-12-06 02:52:10.137000+00:00	12653	cumulative					
1156	2025-12-06 02:52:17.683000+00:00	12655	cumulative					
1157	2025-12-06 02:54:31.545000+00:00	12657	cumulative					
1158	2025-12-06 03:19:30.439000+00:00	12667	cumulative					
1159	2025-12-06 03:24:02.596000+00:00	12678	cumulative					
1160	2025-12-06 03:25:28.096000+00:00	12687	cumulative					
1161	2025-12-06 03:26:42.402000+00:00	12694	cumulative					
1162	2025-12-06 03:28:39.074000+00:00	12694	cumulative					
1163	2025-12-06 03:30:03.102000+00:00	12698	cumulative					
1164	2025-12-06 03:31:53.412000+00:00	12701	cumulative					
1165	2025-12-06 03:33:17.119000+00:00	12707	cumulative					
1166	2025-12-06 03:34:42.506000+00:00	12708	cumulative					
1167	2025-12-06 03:35:53.939000+00:00	12724	cumulative					
1168	2025-12-06 03:37:33.446000+00:00	12734	cumulative					
1169	2025-12-06 03:39:06.867000+00:00	12741	cumulative					
1170	2025-12-06 03:40:35.271000+00:00	12747	cumulative					
1171	2025-12-06 04:17:03.165000+00:00	12758	cumulative					
1172	2025-12-06 04:19:01.766000+00:00	12765	cumulative					
1173	2025-12-06 04:21:48.005000+00:00	12777	cumulative					
1174	2025-12-06 17:26:42.958000+00:00	12778	cumulative					
1175	2025-12-06 18:42:46.427000+00:00	12778	cumulative					
1176	2025-12-06 18:44:34.487000+00:00	12787	cumulative					
1177	2025-12-06 18:46:36.859000+00:00	12789	cumulative					
1178	2025-12-06 18:48:42.075000+00:00	12798	cumulative					
1179	2025-12-06 18:50:09.939000+00:00	12822	cumulative					
1180	2025-12-06 18:51:55.070000+00:00	12824	cumulative					
1181	2025-12-06 18:53:20.040000+00:00	12832	cumulative					
1182	2025-12-06 18:55:09.181000+00:00	12837	cumulative					
1183	2025-12-06 18:56:07.781000+00:00	12841	cumulative					
1184	2025-12-06 18:57:54.208000+00:00	12852	cumulative					
1185	2025-12-06 18:59:39.129000+00:00	12866	cumulative					
1186	2025-12-06 19:01:08.129000+00:00	12884	cumulative					
1187	2025-12-06 19:01:33.941000+00:00	12884	cumulative					
1188	2025-12-06 19:04:14.028000+00:00	12884	cumulative					
1189	2025-12-06 19:06:06.762000+00:00	12888	cumulative					
1190	2025-12-06 19:07:02.124000+00:00	12889	cumulative					
1191	2025-12-06 19:08:56.412000+00:00	12899	cumulative					
1192	2025-12-06 19:10:18.728000+00:00	12907	cumulative					
1193	2025-12-06 19:11:50.703000+00:00	12915	cumulative					
1194	2025-12-06 19:13:16.788000+00:00	12916	cumulative					
1195	2025-12-06 19:14:15.019000+00:00	12918	cumulative					
1196	2025-12-06 19:16:09.669000+00:00	12918	cumulative					
1197	2025-12-06 19:16:23.825000+00:00	12918	cumulative					
1198	2025-12-06 19:18:58.055000+00:00	12920	cumulative					
1199	2025-12-06 19:20:39.695000+00:00	12922	cumulative					
1200	2025-12-06 19:21:57.378000+00:00	12924	cumulative					
1201	2025-12-06 19:23:10.971000+00:00	12926	cumulative					
1202	2025-12-06 19:24:24.988000+00:00	12938	cumulative					
1203	2025-12-06 19:25:49.064000+00:00	12942	cumulative					
1204	2025-12-06 19:28:10.268000+00:00	12946	cumulative					
1205	2025-12-06 19:29:34.705000+00:00	12951	cumulative					
1206	2025-12-06 19:31:09.587000+00:00	12959	cumulative					
1207	2025-12-06 19:32:53.612000+00:00	12960	cumulative					
1208	2025-12-06 20:14:36.601000+00:00	12961	cumulative					
1209	2025-12-06 20:17:59.958000+00:00	12964	cumulative					
1210	2025-12-06 20:20:29.625000+00:00	12964	cumulative					
1211	2025-12-06 20:23:00.195000+00:00	12972	cumulative					
1212	2025-12-06 20:24:24.717000+00:00	12972	cumulative					
1213	2025-12-06 20:25:22.150000+00:00	12978	cumulative					
1214	2025-12-06 20:27:09.576000+00:00	12994	cumulative					
1215	2025-12-06 20:28:23.226000+00:00	12996	cumulative					
1216	2025-12-06 20:30:41.269000+00:00	13001	cumulative					
1217	2025-12-06 20:32:15.978000+00:00	13005	cumulative					
1218	2025-12-06 20:33:53.213000+00:00	13009	cumulative					
1219	2025-12-06 20:35:24.880000+00:00	13010	cumulative					
1220	2025-12-06 20:36:48.047000+00:00	13010	cumulative					
1221	2025-12-06 20:37:46.044000+00:00	13012	cumulative					
1222	2025-12-06 20:39:44.429000+00:00	13014	cumulative					
1223	2025-12-06 20:41:19.164000+00:00	13021	cumulative					
1224	2025-12-06 20:42:50.225000+00:00	13025	cumulative					
1225	2025-12-06 20:44:16.953000+00:00	13027	cumulative					
1226	2025-12-06 20:44:43.717000+00:00	13031	cumulative					
1227	2025-12-06 20:47:15.846000+00:00	13032	cumulative					
1228	2025-12-06 20:48:55.506000+00:00	13035	cumulative					
1229	2025-12-06 20:50:11.801000+00:00	13047	cumulative					
1230	2025-12-06 20:50:46.457000+00:00	13047	cumulative					
1231	2025-12-06 20:54:07.427000+00:00	13051	cumulative					
1232	2025-12-06 20:56:15.226000+00:00	13053	cumulative					
1233	2025-12-06 20:57:39.549000+00:00	13055	cumulative					
1234	2025-12-06 21:07:12.906000+00:00	13056	cumulative					
1235	2025-12-06 21:09:19.897000+00:00	13058	cumulative					
1236	2025-12-06 21:10:57.720000+00:00	13063	cumulative					
1237	2025-12-06 21:12:26.783000+00:00	13064	cumulative					
1238	2025-12-06 21:13:56.695000+00:00	13067	cumulative					
1239	2025-12-06 21:15:28.690000+00:00	13070	cumulative					
1240	2025-12-06 21:24:02.275000+00:00	13071	cumulative					
1241	2025-12-07 03:17:57.727000+00:00	13080	cumulative					
1242	2025-12-07 03:19:25.311000+00:00	13082	cumulative					
1243	2025-12-07 03:21:43.999000+00:00	13085	cumulative					
1244	2025-12-07 03:23:41.572000+00:00	13087	cumulative					
1245	2025-12-07 03:25:08.261000+00:00	13093	cumulative					
1246	2025-12-07 03:26:35.408000+00:00	13098	cumulative					
1247	2025-12-07 03:28:25.276000+00:00	13101	cumulative					
1248	2025-12-07 03:32:33.802000+00:00	13112	cumulative					
1249	2025-12-07 03:35:01.821000+00:00	13115	cumulative					
1250	2025-12-07 03:36:31.576000+00:00	13119	cumulative					
1251	2025-12-07 03:37:52.624000+00:00	13125	cumulative					
1252	2025-12-07 03:39:23.822000+00:00	13131	cumulative					
1253	2025-12-07 03:40:50.467000+00:00	13143	cumulative					
1254	2025-12-07 03:42:16.978000+00:00	13146	cumulative					
1255	2025-12-07 03:43:46.635000+00:00	13149	cumulative					
1256	2025-12-07 03:45:12.165000+00:00	13149	cumulative					
1257	2025-12-07 03:46:41.857000+00:00	13150	cumulative					
1258	2025-12-07 03:48:05.730000+00:00	13151	cumulative					
1259	2025-12-07 03:49:32.902000+00:00	13152	cumulative					
1260	2025-12-07 03:51:15.118000+00:00	13155	cumulative					
1261	2025-12-07 03:52:16.930000+00:00	13158	cumulative					
1262	2025-12-07 03:53:40.287000+00:00	13158	cumulative					
1263	2025-12-07 03:56:05.055000+00:00	13158	cumulative					
1264	2025-12-07 03:57:29.624000+00:00	13162	cumulative					
1265	2025-12-07 03:58:55.358000+00:00	13166	cumulative					
1266	2025-12-07 04:00:21.072000+00:00	13170	cumulative					
1267	2025-12-07 04:02:00.117000+00:00	13177	cumulative					
1268	2025-12-07 04:04:08.168000+00:00	13181	cumulative					
1269	2025-12-07 04:05:40.749000+00:00	13182	cumulative					
1270	2025-12-07 04:07:12.731000+00:00	13182	cumulative					
1271	2025-12-07 04:07:53.664000+00:00	13189	cumulative					
1272	2025-12-07 04:10:15.317000+00:00	13191	cumulative					
1273	2025-12-07 04:11:18.784000+00:00	13194	cumulative					
1274	2025-12-07 04:13:06.833000+00:00	13194	cumulative					
1275	2025-12-07 04:14:32.817000+00:00	13201	cumulative					
1276	2025-12-07 04:16:06.098000+00:00	13203	cumulative					
1277	2025-12-07 04:17:42.697000+00:00	13212	cumulative					
1278	2025-12-07 05:39:36.044000+00:00	13212	cumulative					
1279	2025-12-07 05:42:26.518000+00:00	13214	cumulative					
1280	2025-12-07 05:44:15.294000+00:00	13214	cumulative					
1281	2025-12-07 05:47:10.136000+00:00	13214	cumulative					
1282	2025-12-07 05:48:31.451000+00:00	13221	cumulative					
1283	2025-12-07 05:50:02.354000+00:00	13222	cumulative					
1284	2025-12-07 05:54:43.213000+00:00	13224	cumulative					
1285	2025-12-07 05:56:47.786000+00:00	13227	cumulative					
1286	2025-12-07 06:50:04.606000+00:00	13229	cumulative					
1287	2025-12-07 06:50:51.939000+00:00	13230	cumulative					
1288	2025-12-07 06:52:16.165000+00:00	13230	cumulative					
1289	2025-12-07 06:53:49.734000+00:00	13235	cumulative					
1290	2025-12-07 06:56:20.080000+00:00	13238	cumulative					
1291	2025-12-07 06:56:48.078000+00:00	13242	cumulative					
1292	2025-12-07 06:58:06.968000+00:00	13244	cumulative					
1293	2025-12-07 07:00:50.480000+00:00	13245	cumulative					
1294	2025-12-07 07:02:45.631000+00:00	13250	cumulative					
1295	2025-12-07 07:04:24.676000+00:00	13252	cumulative					
1296	2025-12-07 07:06:39.336000+00:00	13258	cumulative					
1297	2025-12-07 07:08:21.737000+00:00	13259	cumulative					
1298	2025-12-07 07:10:07.405000+00:00	13262	cumulative					
1299	2025-12-07 07:11:37.791000+00:00	13267	cumulative					
1300	2025-12-07 07:13:05.813000+00:00	13273	cumulative					
1301	2025-12-07 07:14:07.729000+00:00	13273	cumulative					
1302	2025-12-07 07:16:09.295000+00:00	13275	cumulative					
1303	2025-12-07 07:17:28.672000+00:00	13279	cumulative					
1304	2025-12-07 07:18:53.581000+00:00	13281	cumulative					
1305	2025-12-07 07:20:49.897000+00:00	13286	cumulative					
1306	2025-12-07 07:22:09.500000+00:00	13291	cumulative					
1307	2025-12-07 07:23:34.075000+00:00	13293	cumulative					
1308	2025-12-07 07:24:49.337000+00:00	13294	cumulative					
1309	2025-12-07 07:27:27.697000+00:00	13306	cumulative					
1310	2025-12-07 07:29:01.607000+00:00	13308	cumulative					
1311	2025-12-07 07:30:50.199000+00:00	13312	cumulative					
1312	2025-12-07 07:32:30.068000+00:00	13320	cumulative					
1313	2025-12-07 07:33:02.892000+00:00	13323	cumulative					
1314	2025-12-07 07:34:48.964000+00:00	13327	cumulative					
1315	2025-12-07 07:35:41.732000+00:00	13334	cumulative					
1316	2025-12-07 07:36:29.583000+00:00	13339	cumulative					
1317	2025-12-07 07:38:37.071000+00:00	13340	cumulative					
1318	2025-12-07 07:40:07.632000+00:00	13341	cumulative					
1319	2025-12-07 07:42:00.785000+00:00	13349	cumulative					
1320	2025-12-07 07:43:35.127000+00:00	13351	cumulative					
1321	2025-12-07 07:45:01.131000+00:00	13352	cumulative					
1322	2025-12-07 07:46:26.011000+00:00	13353	cumulative					
1323	2025-12-07 20:00:02.482000+00:00	13353	cumulative					
1324	2025-12-07 20:01:29.141000+00:00	13360	cumulative					
1325	2025-12-07 20:02:58.937000+00:00	13365	cumulative					
1326	2025-12-07 20:03:48.708000+00:00	13368	cumulative					
1327	2025-12-07 20:05:59.586000+00:00	13371	cumulative					
1328	2025-12-07 20:09:20.926000+00:00	13375	cumulative					
1329	2025-12-07 20:10:44.512000+00:00	13380	cumulative					
1330	2025-12-07 20:12:25.654000+00:00	13383	cumulative					
1331	2025-12-07 20:13:50.634000+00:00	13387	cumulative					
1332	2025-12-07 20:15:14.087000+00:00	13387	cumulative					
1333	2025-12-07 20:16:42.343000+00:00	13390	cumulative					
1334	2025-12-07 20:18:08.258000+00:00	13396	cumulative					
1335	2025-12-07 20:19:47.007000+00:00	13399	cumulative					
1336	2025-12-07 20:21:30.114000+00:00	13401	cumulative					
1337	2025-12-07 20:22:56.263000+00:00	13405	cumulative					
1338	2025-12-07 20:23:37.929000+00:00	13413	cumulative					
1339	2025-12-07 20:25:06.555000+00:00	13414	cumulative					
1340	2025-12-07 20:26:43.069000+00:00	13414	cumulative					
1341	2025-12-07 20:28:12.111000+00:00	13417	cumulative					
1342	2025-12-07 20:29:42.719000+00:00	13424	cumulative					
1343	2025-12-07 20:31:12.238000+00:00	13433	cumulative					
1344	2025-12-07 20:32:47.360000+00:00	13438	cumulative					
1345	2025-12-07 20:34:21.476000+00:00	13443	cumulative					
1346	2025-12-07 20:36:06.986000+00:00	13447	cumulative					
1347	2025-12-07 20:37:36.680000+00:00	13447	cumulative					
1348	2025-12-07 20:39:06.670000+00:00	13450	cumulative					
1349	2025-12-07 20:40:48.180000+00:00	13452	cumulative					
1350	2025-12-07 20:42:17.715000+00:00	13459	cumulative					
1351	2025-12-07 20:43:49.167000+00:00	13459	cumulative					
1352	2025-12-07 20:45:13.072000+00:00	13461	cumulative					
1353	2025-12-07 20:46:37.520000+00:00	13468	cumulative					
1354	2025-12-07 20:48:19.226000+00:00	13468	cumulative					
1355	2025-12-07 20:49:44.930000+00:00	13468	cumulative					
1356	2025-12-07 20:51:10.219000+00:00	13473	cumulative					
1357	2025-12-07 20:52:37.344000+00:00	13478	cumulative					
1358	2025-12-07 20:54:01.423000+00:00	13486	cumulative					
1359	2025-12-07 20:55:33.430000+00:00	13488	cumulative					
1360	2025-12-07 20:56:58.515000+00:00	13491	cumulative					
1361	2025-12-07 20:58:39.475000+00:00	13492	cumulative					
1362	2025-12-07 20:59:17.482000+00:00	13495	cumulative					
1363	2025-12-07 22:09:03.012000+00:00	13497	cumulative					
1364	2025-12-07 22:10:17.090000+00:00	13499	cumulative					
1365	2025-12-07 22:11:55.439000+00:00	13507	cumulative					
1366	2025-12-07 22:13:27.449000+00:00	13511	cumulative					
1367	2025-12-07 22:15:13.613000+00:00	13511	cumulative					
1368	2025-12-07 22:16:58.022000+00:00	13513	cumulative					
1369	2025-12-07 22:17:48.628000+00:00	13518	cumulative					
1370	2025-12-07 22:19:58.609000+00:00	13527	cumulative					
1371	2025-12-07 22:21:31.507000+00:00	13540	cumulative					
1372	2025-12-07 22:22:32.073000+00:00	13540	cumulative					
1373	2025-12-07 22:24:28.261000+00:00	13540	cumulative					
1374	2025-12-07 22:25:59.834000+00:00	13549	cumulative					
1375	2025-12-07 22:27:31.189000+00:00	13559	cumulative					
1376	2025-12-07 22:47:53.936000+00:00	13572	cumulative					
1377	2025-12-07 22:49:38.451000+00:00	13574	cumulative					
1378	2025-12-07 22:55:14.689000+00:00	13576	cumulative					
1379	2025-12-07 22:56:41.401000+00:00	13579	cumulative					
1380	2025-12-07 22:57:13.109000+00:00	13588	cumulative					
1381	2025-12-08 02:49:10.054000+00:00	13591	cumulative					
1382	2025-12-08 02:50:39.163000+00:00	13594	cumulative					
1383	2025-12-08 02:52:11.391000+00:00	13602	cumulative					
1384	2025-12-08 02:54:04.901000+00:00	13604	cumulative					
1385	2025-12-08 02:55:26.698000+00:00	13619	cumulative					
1386	2025-12-08 02:57:06.772000+00:00	13633	cumulative					
1387	2025-12-08 02:58:24.555000+00:00	13636	cumulative					
1388	2025-12-08 03:00:09.471000+00:00	13639	cumulative					
1389	2025-12-08 03:01:30.026000+00:00	13640	cumulative					
1390	2025-12-08 03:03:08.610000+00:00	13648	cumulative					
1391	2025-12-08 03:04:32.360000+00:00	13653	cumulative					
1392	2025-12-08 03:06:06.623000+00:00	13655	cumulative					
1393	2025-12-08 03:07:54.997000+00:00	13655	cumulative					
1394	2025-12-08 05:53:27.759000+00:00	13657	cumulative					
1395	2025-12-08 05:55:41.403000+00:00	13658	cumulative					
1396	2025-12-08 05:57:06.822000+00:00	13660	cumulative					
1397	2025-12-08 05:58:39.551000+00:00	13669	cumulative					
1398	2025-12-08 06:00:18.114000+00:00	13673	cumulative					
1399	2025-12-08 06:02:13.098000+00:00	13674	cumulative					
1400	2025-12-08 06:03:21.669000+00:00	13684	cumulative					
1401	2025-12-08 06:05:14.125000+00:00	13687	cumulative					
1402	2025-12-08 06:06:26.615000+00:00	13688	cumulative					
1403	2025-12-08 06:07:43.724000+00:00	13694	cumulative					
1404	2025-12-08 06:14:33.283000+00:00	13704	cumulative					
1405	2025-12-08 06:15:41.465000+00:00	13706	cumulative					
1406	2025-12-08 06:17:24.485000+00:00	13706	cumulative					
1407	2025-12-08 06:18:05.628000+00:00	13707	cumulative					
1408	2025-12-08 06:20:21.447000+00:00	13711	cumulative					
1409	2025-12-08 06:21:44.551000+00:00	13716	cumulative					
1410	2025-12-08 06:23:10.959000+00:00	13722	cumulative					
1411	2025-12-08 06:24:41.359000+00:00	13729	cumulative					
1412	2025-12-08 06:34:19.789000+00:00	13729	cumulative					
1413	2025-12-08 06:35:56.435000+00:00	13730	cumulative					
1414	2025-12-08 06:37:20.829000+00:00	13736	cumulative					
1415	2025-12-08 06:38:52.263000+00:00	13745	cumulative					
1416	2025-12-08 06:40:24.462000+00:00	13745	cumulative					
1417	2025-12-08 06:41:51.917000+00:00	13752	cumulative					
1418	2025-12-08 06:43:31.355000+00:00	13758	cumulative					
1419	2025-12-08 06:45:23.495000+00:00	13763	cumulative					
1420	2025-12-08 06:47:01.076000+00:00	13774	cumulative					
1421	2025-12-08 06:48:43.966000+00:00	13779	cumulative					
1422	2025-12-08 06:50:39.426000+00:00	13789	cumulative					
1423	2025-12-08 06:52:10.553000+00:00	13793	cumulative					
1424	2025-12-08 06:53:39.448000+00:00	13793	cumulative					
1425	2025-12-08 06:55:14.125000+00:00	13794	cumulative					
1426	2025-12-08 06:56:37.894000+00:00	13803	cumulative					
1427	2025-12-08 08:06:38.960000+00:00	13806	cumulative					
1428	2025-12-08 08:08:37.286000+00:00	13806	cumulative					
1429	2025-12-08 08:10:28.286000+00:00	13810	cumulative					
1430	2025-12-08 08:12:01.962000+00:00	13816	cumulative					
1431	2025-12-08 08:13:31.347000+00:00	13821	cumulative					
1432	2025-12-08 08:15:09.266000+00:00	13826	cumulative					
1433	2025-12-08 08:17:13.025000+00:00	13826	cumulative					
1434	2025-12-08 08:18:52.411000+00:00	13829	cumulative					
1435	2025-12-08 08:20:45.746000+00:00	13832	cumulative					
1436	2025-12-08 08:22:22.720000+00:00	13838	cumulative					
1437	2025-12-08 08:23:17.732000+00:00	13847	cumulative					
1438	2025-12-08 08:25:28.809000+00:00	13848	cumulative					
1439	2025-12-08 08:26:58.243000+00:00	13849	cumulative					
1440	2025-12-08 08:29:06.039000+00:00	13856	cumulative					
1441	2025-12-08 08:31:14.308000+00:00	13859	cumulative					
1442	2025-12-08 08:31:48.689000+00:00	13860	cumulative					
1443	2025-12-08 08:34:12.470000+00:00	13864	cumulative					
1444	2025-12-08 08:35:36.067000+00:00	13866	cumulative					
1445	2025-12-08 08:37:02.674000+00:00	13867	cumulative					
1446	2025-12-08 08:38:35.079000+00:00	13877	cumulative					
1447	2025-12-08 08:40:11.705000+00:00	13878	cumulative					
1448	2025-12-08 08:41:50.527000+00:00	13879	cumulative					
1449	2025-12-08 08:42:32.314000+00:00	13888	cumulative					
1450	2025-12-08 08:45:07.035000+00:00	13891	cumulative					
1451	2025-12-08 08:46:48.345000+00:00	13905	cumulative					
1452	2025-12-08 08:48:26.879000+00:00	13910	cumulative					
1453	2025-12-08 08:50:11.502000+00:00	13912	cumulative					
1454	2025-12-08 10:15:06.347000+00:00	13912	cumulative					
1455	2025-12-08 20:31:56.644000+00:00	13914	cumulative					
1456	2025-12-08 20:40:37.445000+00:00	13915	cumulative					
1457	2025-12-08 20:42:15.969000+00:00	13917	cumulative					
1458	2025-12-08 20:43:49.774000+00:00	13920	cumulative					
1459	2025-12-08 20:45:46.771000+00:00	13925	cumulative					
1460	2025-12-08 20:46:50.384000+00:00	13931	cumulative					
1461	2025-12-08 20:48:44.960000+00:00	13933	cumulative					
1462	2025-12-08 20:50:42.416000+00:00	13934	cumulative					
1463	2025-12-08 20:51:39.180000+00:00	13934	cumulative					
1464	2025-12-08 20:52:09.628000+00:00	13934	cumulative					
1465	2025-12-08 20:54:51.551000+00:00	13936	cumulative					
1466	2025-12-08 20:55:54.423000+00:00	13938	cumulative					
1467	2025-12-08 20:57:26.340000+00:00	13942	cumulative					
1468	2025-12-08 20:59:02.152000+00:00	13947	cumulative					
1469	2025-12-08 21:00:28.603000+00:00	13950	cumulative					
1470	2025-12-08 21:01:54.931000+00:00	13953	cumulative					
1471	2025-12-08 21:03:21.827000+00:00	13953	cumulative					
1472	2025-12-08 21:15:07.164000+00:00	13956	cumulative					
1473	2025-12-08 21:17:04.678000+00:00	13964	cumulative					
1474	2025-12-08 21:29:08.488000+00:00	13966	cumulative					
1475	2025-12-08 21:31:18.308000+00:00	13975	cumulative					
1476	2025-12-08 21:33:03.202000+00:00	13976	cumulative					
1477	2025-12-08 21:40:26.744000+00:00	13985	cumulative					
1478	2025-12-08 21:42:06.985000+00:00	13989	cumulative					
1479	2025-12-08 21:43:32.727000+00:00	13996	cumulative					
1480	2025-12-08 21:45:10.306000+00:00	14001	cumulative					
1481	2025-12-08 21:46:47.845000+00:00	14002	cumulative					
1482	2025-12-08 21:48:30.440000+00:00	14003	cumulative					
1483	2025-12-08 21:50:01.080000+00:00	14008	cumulative					
1484	2025-12-08 21:51:32.756000+00:00	14011	cumulative					
1485	2025-12-08 21:53:04.616000+00:00	14016	cumulative					
1486	2025-12-08 21:54:36.323000+00:00	14016	cumulative					
1487	2025-12-08 21:56:07.856000+00:00	14016	cumulative					
1488	2025-12-08 21:57:39.738000+00:00	14021	cumulative					
1489	2025-12-08 21:59:12.288000+00:00	14026	cumulative					
1490	2025-12-08 22:00:53.071000+00:00	14028	cumulative					
1491	2025-12-08 22:02:24.690000+00:00	14031	cumulative					
1492	2025-12-08 22:03:59.706000+00:00	14051	cumulative					
1493	2025-12-08 22:05:28.157000+00:00	14054	cumulative					
1494	2025-12-08 22:06:56.616000+00:00	14055	cumulative					
1495	2025-12-08 22:08:26.508000+00:00	14057	cumulative					
1496	2025-12-08 22:10:01.123000+00:00	14067	cumulative					
1497	2025-12-08 22:11:29.248000+00:00	14069	cumulative					
1498	2025-12-08 22:12:55.064000+00:00	14073	cumulative					
1499	2025-12-08 22:13:35.876000+00:00	14094	cumulative					
1500	2025-12-08 22:16:20.138000+00:00	14094	cumulative					
1501	2025-12-08 22:18:18.956000+00:00	14096	cumulative					
1502	2025-12-08 22:19:44.679000+00:00	14096	cumulative					
1503	2025-12-08 22:21:13.968000+00:00	14099	cumulative					
1504	2025-12-08 22:22:41.270000+00:00	14104	cumulative					
1505	2025-12-08 22:24:09.131000+00:00	14110	cumulative					
1506	2025-12-08 22:25:38.507000+00:00	14118	cumulative					
1507	2025-12-08 22:27:18.855000+00:00	14121	cumulative					
1508	2025-12-08 22:28:50.447000+00:00	14122	cumulative					
1509	2025-12-08 22:30:17.958000+00:00	14129	cumulative					
1510	2025-12-08 22:31:33.240000+00:00	14136	cumulative					
1511	2025-12-08 23:10:47.733000+00:00	14144	cumulative					
1512	2025-12-08 23:12:39.704000+00:00	14150	cumulative					
1513	2025-12-08 23:14:52.346000+00:00	14154	cumulative					
1514	2025-12-08 23:16:14.594000+00:00	14157	cumulative					
1515	2025-12-08 23:17:42.739000+00:00	14159	cumulative					
1516	2025-12-08 23:19:25.588000+00:00	14163	cumulative					
1517	2025-12-08 23:20:54.582000+00:00	14167	cumulative					
1518	2025-12-08 23:22:28.529000+00:00	14174	cumulative					
1519	2025-12-08 23:23:52.104000+00:00	14179	cumulative					
1520	2025-12-08 23:25:19.803000+00:00	14183	cumulative					
1521	2025-12-08 23:26:48.674000+00:00	14190	cumulative					
1522	2025-12-08 23:28:14.629000+00:00	14194	cumulative					
1523	2025-12-08 23:29:28.926000+00:00	14197	cumulative					
1524	2025-12-08 23:31:00.558000+00:00	14205	cumulative					
1525	2025-12-08 23:32:19.519000+00:00	14209	cumulative					
1526	2025-12-08 23:33:44.485000+00:00	14216	cumulative					
1527	2025-12-08 23:36:04.334000+00:00	14219	cumulative					
1528	2025-12-08 23:37:38.597000+00:00	14225	cumulative					
1529	2025-12-08 23:39:09.297000+00:00	14225	cumulative					
1530	2025-12-08 23:40:33.256000+00:00	14227	cumulative					
1531	2025-12-08 23:42:03.993000+00:00	14230	cumulative					
1532	2025-12-08 23:43:37.957000+00:00	14239	cumulative					
1533	2025-12-08 23:45:02.663000+00:00	14243	cumulative					
1534	2025-12-08 23:46:32.154000+00:00	14246	cumulative					
1535	2025-12-08 23:47:40.608000+00:00	14247	cumulative					
1536	2025-12-08 23:49:30.110000+00:00	14254	cumulative					
1537	2025-12-09 00:03:06.117000+00:00	14259	cumulative					
1538	2025-12-09 00:14:26.531000+00:00	14261	cumulative					
1539	2025-12-09 00:15:52.464000+00:00	14261	cumulative					
1540	2025-12-09 00:21:12.035000+00:00	14263	cumulative					
1541	2025-12-09 00:23:45.321000+00:00	14264	cumulative					
1542	2025-12-09 00:27:52.876000+00:00	14264	cumulative					
1543	2025-12-09 00:28:59.510000+00:00	14266	cumulative					
1544	2025-12-09 00:30:55.727000+00:00	14268	cumulative					
1545	2025-12-09 00:32:29.721000+00:00	14274	cumulative					
1546	2025-12-09 00:33:19.329000+00:00	14277	cumulative					
1547	2025-12-09 00:36:06.355000+00:00	14280	cumulative					
1548	2025-12-09 00:37:31.391000+00:00	14280	cumulative					
1549	2025-12-09 00:39:27.171000+00:00	14280	cumulative					
1550	2025-12-09 00:40:56.833000+00:00	14281	cumulative					
1551	2025-12-09 00:42:22.382000+00:00	14282	cumulative					
1552	2025-12-09 01:50:03.311000+00:00	14294	cumulative					
1553	2025-12-09 02:47:07.578000+00:00	14296	cumulative					
1554	2025-12-09 02:48:39.917000+00:00	14299	cumulative					
1555	2025-12-09 02:50:00.716000+00:00	14299	cumulative					
1556	2025-12-09 02:51:27.327000+00:00	14299	cumulative					
1557	2025-12-09 03:38:35.219000+00:00	14300	cumulative					
1558	2025-12-09 03:39:23.666000+00:00	14308	cumulative					
1559	2025-12-09 03:40:27.837000+00:00	14313	cumulative					
1560	2025-12-09 03:42:02.155000+00:00	14318	cumulative					
1561	2025-12-09 03:43:46.635000+00:00	14320	cumulative					
1562	2025-12-09 03:45:30.183000+00:00	14323	cumulative					
1563	2025-12-09 03:46:56.823000+00:00	14325	cumulative					
1564	2025-12-09 03:48:24.250000+00:00	14329	cumulative					
1565	2025-12-09 04:02:04.442000+00:00	14335	cumulative					
1566	2025-12-09 04:05:21.049000+00:00	14335	cumulative					
1567	2025-12-09 04:06:47.794000+00:00	14338	cumulative					
1568	2025-12-09 04:09:23.549000+00:00	14349	cumulative					
1569	2025-12-09 04:11:32.455000+00:00	14353	cumulative					
1570	2025-12-09 04:13:22.385000+00:00	14362	cumulative					
1571	2025-12-09 04:15:20.639000+00:00	14363	cumulative					
1572	2025-12-09 04:17:17.161000+00:00	14365	cumulative					
1573	2025-12-09 04:18:46.277000+00:00	14373	cumulative					
1574	2025-12-09 04:20:36.123000+00:00	14378	cumulative					
1575	2025-12-09 04:22:00.555000+00:00	14379	cumulative					
1576	2025-12-09 16:03:10.841000+00:00	14380	cumulative					
1577	2025-12-09 16:09:23.243000+00:00	14382	cumulative					
1578	2025-12-09 16:10:49.620000+00:00	14387	cumulative					
1579	2025-12-09 16:12:20.507000+00:00	14391	cumulative					
1580	2025-12-09 16:13:56.381000+00:00	14391	cumulative					
1581	2025-12-09 16:15:21.650000+00:00	14396	cumulative					
1582	2025-12-09 16:19:09.855000+00:00	14396	cumulative					
1583	2025-12-09 16:21:24.440000+00:00	14399	cumulative					
1584	2025-12-09 16:22:55.442000+00:00	14404	cumulative					
1585	2025-12-09 16:23:28.221000+00:00	14406	cumulative					
1586	2025-12-09 16:25:49.588000+00:00	14410	cumulative					
1587	2025-12-09 16:26:59.482000+00:00	14414	cumulative					
1588	2025-12-09 16:28:57.001000+00:00	14414	cumulative					
1589	2025-12-09 16:29:53.896000+00:00	14419	cumulative					
1590	2025-12-09 16:31:24.559000+00:00	14419	cumulative					
1591	2025-12-09 16:33:24.207000+00:00	14422	cumulative					
1592	2025-12-09 16:34:21.016000+00:00	14426	cumulative					
1593	2025-12-09 16:35:47.863000+00:00	14427	cumulative					
1594	2025-12-09 16:37:13.539000+00:00	14429	cumulative					
1595	2025-12-09 21:05:17.650000+00:00	14429	cumulative					
1596	2025-12-09 21:06:46.793000+00:00	14432	cumulative					
1597	2025-12-09 21:08:28.571000+00:00	14438	cumulative					
1598	2025-12-09 21:10:00.577000+00:00	14441	cumulative					
1599	2025-12-09 21:11:30.677000+00:00	14442	cumulative					
1600	2025-12-09 21:12:46.299000+00:00	14445	cumulative					
1601	2025-12-09 21:14:25.551000+00:00	14447	cumulative					
1602	2025-12-09 21:15:51.498000+00:00	14448	cumulative					
1603	2025-12-09 21:17:53.520000+00:00	14453	cumulative					
1604	2025-12-09 21:19:33.930000+00:00	14460	cumulative					
1605	2025-12-09 21:21:07.546000+00:00	14461	cumulative					
1606	2025-12-09 21:23:12.959000+00:00	14466	cumulative					
1607	2025-12-09 21:24:27.279000+00:00	14475	cumulative					
1608	2025-12-09 21:25:17.714000+00:00	14479	cumulative					
1609	2025-12-09 21:36:15.101000+00:00	14479	cumulative					
1610	2025-12-09 21:37:45.095000+00:00	14482	cumulative					
1611	2025-12-09 21:40:46.156000+00:00	14494	cumulative					
1612	2025-12-09 21:41:16.297000+00:00	14496	cumulative					
1613	2025-12-09 21:44:38.844000+00:00	14499	cumulative					
1614	2025-12-09 21:45:08.830000+00:00	14499	cumulative					
1615	2025-12-09 21:47:26.475000+00:00	14501	cumulative					
1616	2025-12-09 22:11:12.895000+00:00	14503	cumulative					
1617	2025-12-09 22:16:46.557000+00:00	14505	cumulative					
1618	2025-12-09 22:23:05.771000+00:00	14508	cumulative					
1619	2025-12-09 22:26:23.508000+00:00	14509	cumulative					
1620	2025-12-09 22:28:13.901000+00:00	14513	cumulative					
1621	2025-12-09 22:30:03.790000+00:00	14519	cumulative					
1622	2025-12-09 22:30:22.843000+00:00	14527	cumulative					
1623	2025-12-09 22:31:47.904000+00:00	14528	cumulative					
1624	2025-12-09 22:34:24.797000+00:00	14531	cumulative					
1625	2025-12-09 22:35:59.586000+00:00	14535	cumulative					
1626	2025-12-09 22:36:08.838000+00:00	14538	cumulative					
1627	2025-12-09 22:37:58.943000+00:00	14539	cumulative					
1628	2025-12-09 22:39:27.932000+00:00	14540	cumulative					
1629	2025-12-09 22:40:54.894000+00:00	14543	cumulative					
1630	2025-12-09 22:42:27.475000+00:00	14547	cumulative					
1631	2025-12-09 22:44:15.428000+00:00	14550	cumulative					
1632	2025-12-09 22:46:25.684000+00:00	14557	cumulative					
1633	2025-12-09 22:47:54.856000+00:00	14558	cumulative					
1634	2025-12-09 22:49:29.137000+00:00	14563	cumulative					
1635	2025-12-09 22:49:53.958000+00:00	14568	cumulative					
1636	2025-12-09 22:52:40.940000+00:00	14579	cumulative					
1637	2025-12-09 22:54:12.998000+00:00	14581	cumulative					
1638	2025-12-09 22:55:40.484000+00:00	14582	cumulative					
1639	2025-12-09 22:56:46.984000+00:00	14585	cumulative					
1640	2025-12-09 22:58:41.478000+00:00	14586	cumulative					
1641	2025-12-09 23:03:52.283000+00:00	14591	cumulative					
1642	2025-12-09 23:39:14.573000+00:00	14591	cumulative					
1643	2025-12-09 23:39:36.125000+00:00	14597	cumulative					
1644	2025-12-09 23:43:36.405000+00:00	14599	cumulative					
1645	2025-12-09 23:45:05.109000+00:00	14599	cumulative					
1646	2025-12-09 23:45:59.391000+00:00	14600	cumulative					
1647	2025-12-09 23:48:16.210000+00:00	14603	cumulative					
1648	2025-12-09 23:50:00.328000+00:00	14607	cumulative					
1649	2025-12-09 23:52:15.404000+00:00	14613	cumulative					
1650	2025-12-09 23:54:28.067000+00:00	14619	cumulative					
1651	2025-12-09 23:57:26.952000+00:00	14623	cumulative					
1652	2025-12-09 23:59:17.753000+00:00	14627	cumulative					
1653	2025-12-10 01:35:46.178000+00:00	14627	cumulative					
1654	2025-12-10 01:37:31.456000+00:00	14637	cumulative					
1655	2025-12-10 01:39:48.919000+00:00	14640	cumulative					
1656	2025-12-10 01:41:18.633000+00:00	14645	cumulative					
1657	2025-12-10 01:42:44.030000+00:00	14646	cumulative					
1658	2025-12-10 01:44:38.884000+00:00	14651	cumulative					
1659	2025-12-10 01:46:06.692000+00:00	14652	cumulative					
1660	2025-12-10 01:47:37.814000+00:00	14653	cumulative					
1661	2025-12-10 01:49:02.545000+00:00	14658	cumulative					
1662	2025-12-10 03:51:34.881000+00:00	14661	cumulative					
1663	2025-12-10 03:52:47.119000+00:00	14661	cumulative					
1664	2025-12-10 03:54:18.362000+00:00	14665	cumulative					
1665	2025-12-10 03:56:12.037000+00:00	14677	cumulative					
1666	2025-12-10 08:39:35.978000+00:00	14677	cumulative					
1667	2025-12-10 08:43:15.374000+00:00	14687	cumulative					
1668	2025-12-10 08:46:54.527000+00:00	14688	cumulative					
1669	2025-12-10 08:51:29.738000+00:00	14693	cumulative					
1670	2025-12-10 08:53:05.440000+00:00	14699	cumulative					
1671	2025-12-10 08:54:31.071000+00:00	14701	cumulative					
1672	2025-12-10 08:55:59.395000+00:00	14704	cumulative					
1673	2025-12-10 08:57:23.541000+00:00	14705	cumulative					
1674	2025-12-10 08:58:50.344000+00:00	14708	cumulative					
1675	2025-12-10 09:16:26.077000+00:00	14713	cumulative					
1676	2025-12-10 16:41:22.258000+00:00	14716	cumulative					
1677	2025-12-10 17:20:00.537000+00:00	14718	cumulative					
1678	2025-12-10 22:11:50.510000+00:00	14718	cumulative					
1679	2025-12-10 22:44:23.904000+00:00	14719	cumulative					
1680	2025-12-10 22:45:54.515000+00:00	14721	cumulative					
1681	2025-12-10 22:47:27.868000+00:00	14721	cumulative					
1682	2025-12-10 22:48:57.128000+00:00	14732	cumulative					
1683	2025-12-10 22:49:42.021000+00:00	14743	cumulative					
1684	2025-12-10 22:51:09.457000+00:00	14746	cumulative					
1685	2025-12-10 22:52:38.829000+00:00	14749	cumulative					
1686	2025-12-10 22:55:02.266000+00:00	14750	cumulative					
1687	2025-12-10 22:56:29.602000+00:00	14752	cumulative					
1688	2025-12-10 22:58:37.627000+00:00	14752	cumulative					
1689	2025-12-10 23:02:37.989000+00:00	14753	cumulative					
1690	2025-12-10 23:04:08.657000+00:00	14755	cumulative					
1691	2025-12-10 23:07:08.057000+00:00	14757	cumulative					
1692	2025-12-10 23:07:31.169000+00:00	14759	cumulative					
1693	2025-12-10 23:10:21.049000+00:00	14765	cumulative					
1694	2025-12-10 23:11:46.323000+00:00	14765	cumulative					
1695	2025-12-10 23:13:13.490000+00:00	14772	cumulative					
1696	2025-12-10 23:14:50.644000+00:00	14773	cumulative					
1697	2025-12-10 23:42:00.840000+00:00	14774	cumulative					
1698	2025-12-10 23:43:50.704000+00:00	14776	cumulative					
1699	2025-12-10 23:45:17.999000+00:00	14778	cumulative					
1700	2025-12-10 23:46:43.022000+00:00	14782	cumulative					
1701	2025-12-11 00:06:48.933000+00:00	14785	cumulative					
1702	2025-12-11 03:42:38.095000+00:00	14788	cumulative					
1703	2025-12-11 03:48:05.737000+00:00	14788	cumulative					
1704	2025-12-11 03:49:53.606000+00:00	14792	cumulative					
1705	2025-12-11 03:51:27.193000+00:00	14792	cumulative					
1706	2025-12-11 03:52:51.803000+00:00	14794	cumulative					
1707	2025-12-11 03:54:18.630000+00:00	14802	cumulative					
1708	2025-12-11 03:55:48.091000+00:00	14802	cumulative					
1709	2025-12-11 03:57:18.476000+00:00	14814	cumulative					
1710	2025-12-11 03:58:47.246000+00:00	14816	cumulative					
1711	2025-12-11 04:00:23.296000+00:00	14828	cumulative					
1712	2025-12-11 04:01:41.780000+00:00	14829	cumulative					
1713	2025-12-11 04:02:28.172000+00:00	14829	cumulative					
1714	2025-12-11 04:04:42.583000+00:00	14837	cumulative					
1715	2025-12-11 04:06:21.617000+00:00	14838	cumulative					
1716	2025-12-11 04:07:42.670000+00:00	14840	cumulative					
1717	2025-12-11 04:09:22.380000+00:00	14841	cumulative					
1718	2025-12-11 04:11:15.982000+00:00	14846	cumulative					
1719	2025-12-11 04:12:14.532000+00:00	14852	cumulative					
1720	2025-12-11 04:25:19.816000+00:00	14855	cumulative					
1721	2025-12-11 04:26:22.129000+00:00	14855	cumulative					
1722	2025-12-11 04:28:09.835000+00:00	14855	cumulative					
1723	2025-12-11 04:30:23.455000+00:00	14857	cumulative					
1724	2025-12-11 04:31:03.644000+00:00	14859	cumulative					
1725	2025-12-11 04:32:31.196000+00:00	14859	cumulative					
1726	2025-12-11 04:35:40.314000+00:00	14859	cumulative					
1727	2025-12-11 04:37:08.814000+00:00	14864	cumulative					
1728	2025-12-11 04:38:46.619000+00:00	14870	cumulative					
1729	2025-12-11 04:40:24.465000+00:00	14872	cumulative					
1730	2025-12-11 05:10:35.822000+00:00	14873	cumulative					
1731	2025-12-11 05:14:48.141000+00:00	14875	cumulative					
1732	2025-12-11 05:16:23.555000+00:00	14881	cumulative					
1733	2025-12-11 05:19:53.403000+00:00	14882	cumulative					
1734	2025-12-11 05:42:29.122000+00:00	14886	cumulative					
1735	2025-12-11 05:44:06.355000+00:00	14886	cumulative					
1736	2025-12-11 05:55:28.082000+00:00	14887	cumulative					
1737	2025-12-11 17:05:13.438000+00:00	14888	cumulative					
1738	2025-12-11 17:10:46.469000+00:00	14896	cumulative					
1739	2025-12-11 17:14:18.267000+00:00	14896	cumulative					
1740	2025-12-11 17:14:54.364000+00:00	14908	cumulative					
1741	2025-12-11 17:16:23.670000+00:00	14910	cumulative					
1742	2025-12-11 17:17:54.243000+00:00	14912	cumulative					
1743	2025-12-11 17:19:35.004000+00:00	14914	cumulative					
1744	2025-12-11 17:22:23.049000+00:00	14922	cumulative					
1745	2025-12-11 17:26:59.195000+00:00	14922	cumulative					
1746	2025-12-11 17:28:27.237000+00:00	14926	cumulative					
1747	2025-12-11 17:29:52.125000+00:00	14927	cumulative					
1748	2025-12-11 17:31:21.590000+00:00	14929	cumulative					
1749	2025-12-11 17:32:46.044000+00:00	14929	cumulative					
1750	2025-12-11 17:39:03.346000+00:00	14930	cumulative					
1751	2025-12-11 23:12:44.720000+00:00	14930	cumulative					
1752	2025-12-11 23:15:06.503000+00:00	14931	cumulative					
1753	2025-12-11 23:16:31.883000+00:00	14931	cumulative					
1754	2025-12-11 23:17:54.318000+00:00	14933	cumulative					
1755	2025-12-11 23:23:59.684000+00:00	14935	cumulative					
1756	2025-12-11 23:25:17.336000+00:00	14939	cumulative					
1757	2025-12-11 23:27:07.391000+00:00	14940	cumulative					
1758	2025-12-11 23:28:33.340000+00:00	14941	cumulative					
1759	2025-12-11 23:30:07.071000+00:00	14943	cumulative					
1760	2025-12-11 23:30:51.038000+00:00	14954	cumulative					
1761	2025-12-11 23:32:49.921000+00:00	14955	cumulative					
1762	2025-12-11 23:34:35.918000+00:00	14961	cumulative					
1763	2025-12-11 23:45:39.415000+00:00	14976	cumulative					
1764	2025-12-11 23:47:37.800000+00:00	14976	cumulative					
1765	2025-12-11 23:48:45.240000+00:00	14977	cumulative					
1766	2025-12-11 23:58:06.645000+00:00	14981	cumulative					
1767	2025-12-11 23:59:32.787000+00:00	14986	cumulative					
1768	2025-12-12 00:01:00.402000+00:00	14997	cumulative					
1769	2025-12-12 00:02:34.177000+00:00	14999	cumulative					
1770	2025-12-12 00:04:01.409000+00:00	14999	cumulative					
1771	2025-12-12 00:05:26.932000+00:00	15000	cumulative					
1772	2025-12-12 00:06:51.512000+00:00	15000	cumulative					
1773	2025-12-12 00:07:09.272000+00:00	15005	cumulative					
1774	2025-12-12 00:09:50.945000+00:00	15006	cumulative					
1775	2025-12-12 00:11:23.395000+00:00	15007	cumulative					
1776	2025-12-12 00:12:52.811000+00:00	15013	cumulative					
1777	2025-12-12 00:13:29.150000+00:00	15017	cumulative					
1778	2025-12-12 00:16:45.292000+00:00	15025	cumulative					
1779	2025-12-12 00:18:10.335000+00:00	15034	cumulative					
1780	2025-12-12 00:19:30.831000+00:00	15035	cumulative					
1781	2025-12-12 00:21:11.168000+00:00	15035	cumulative					
1782	2025-12-12 00:22:20.240000+00:00	15035	cumulative					
1783	2025-12-12 00:23:12.548000+00:00	15035	cumulative					
1784	2025-12-12 00:24:31.336000+00:00	15038	cumulative					
1785	2025-12-12 00:26:01.184000+00:00	15038	cumulative					
1786	2025-12-12 00:28:23.085000+00:00	15046	cumulative					
1787	2025-12-12 00:28:43.151000+00:00	15056	cumulative					
1788	2025-12-12 00:31:12.894000+00:00	15059	cumulative					
1789	2025-12-12 00:32:44.076000+00:00	15060	cumulative					
1790	2025-12-12 01:30:44.151000+00:00	15061	cumulative					
1791	2025-12-12 01:32:17.460000+00:00	15065	cumulative					
1792	2025-12-12 01:33:55.663000+00:00	15066	cumulative					
1793	2025-12-12 01:35:01.299000+00:00	15073	cumulative					
1794	2025-12-12 01:36:27.154000+00:00	15078	cumulative					
1795	2025-12-12 01:37:51.818000+00:00	15079	cumulative					
1796	2025-12-12 01:39:38.900000+00:00	15080	cumulative					
1797	2025-12-12 01:41:05.249000+00:00	15084	cumulative					
1798	2025-12-12 01:42:10.156000+00:00	15089	cumulative					
1799	2025-12-12 01:43:53.780000+00:00	15100	cumulative					
1800	2025-12-12 01:44:54.924000+00:00	15101	cumulative					
1801	2025-12-12 01:46:57.893000+00:00	15102	cumulative					
1802	2025-12-12 01:48:10.726000+00:00	15105	cumulative					
1803	2025-12-12 01:49:49.025000+00:00	15110	cumulative					
1804	2025-12-12 01:51:21.069000+00:00	15115	cumulative					
1805	2025-12-12 01:52:52.010000+00:00	15116	cumulative					
1806	2025-12-12 01:54:41.349000+00:00	15119	cumulative					
1807	2025-12-12 01:57:18.389000+00:00	15123	cumulative					
1808	2025-12-12 02:04:44.452000+00:00	15124	cumulative					
1809	2025-12-12 02:06:12.680000+00:00	15126	cumulative					
1810	2025-12-12 02:22:18.159000+00:00	15126	cumulative					
1811	2025-12-12 02:28:28.117000+00:00	15126	cumulative					
1812	2025-12-12 02:31:15.981000+00:00	15130	cumulative					
1813	2025-12-12 02:32:45.808000+00:00	15132	cumulative					
1814	2025-12-12 02:45:51.796000+00:00	15136	cumulative					
1815	2025-12-12 02:55:58.917000+00:00	15136	cumulative					
1816	2025-12-12 02:59:44.842000+00:00	15139	cumulative					
1817	2025-12-12 03:01:11.575000+00:00	15148	cumulative					
1818	2025-12-12 03:02:44.054000+00:00	15149	cumulative					
1819	2025-12-12 03:04:20.252000+00:00	15158	cumulative					
1820	2025-12-12 03:05:54.635000+00:00	15160	cumulative					
1821	2025-12-12 03:07:21.642000+00:00	15162	cumulative					
1822	2025-12-12 03:08:53.224000+00:00	15163	cumulative					
1823	2025-12-12 03:09:44.247000+00:00	15166	cumulative					
1824	2025-12-12 03:11:17.125000+00:00	15166	cumulative					
1825	2025-12-12 03:12:59.686000+00:00	15168	cumulative					
1826	2025-12-12 03:14:04.133000+00:00	15173	cumulative					
1827	2025-12-12 03:16:13.571000+00:00	15173	cumulative					
1828	2025-12-12 03:17:15.676000+00:00	15195	cumulative					
1829	2025-12-12 03:19:26.681000+00:00	15196	cumulative					
1830	2025-12-12 03:20:58.961000+00:00	15203	cumulative					
1831	2025-12-12 03:22:28.808000+00:00	15205	cumulative					
1832	2025-12-12 03:23:55.367000+00:00	15206	cumulative					
1833	2025-12-12 03:25:21.779000+00:00	15211	cumulative					
1834	2025-12-12 03:26:58.414000+00:00	15215	cumulative					
1835	2025-12-12 03:28:31.934000+00:00	15215	cumulative					
1836	2025-12-12 03:28:59.784000+00:00	15215	cumulative					
1837	2025-12-12 03:31:31.042000+00:00	15218	cumulative					
1838	2025-12-12 03:32:55.066000+00:00	15219	cumulative					
1839	2025-12-12 03:34:21.224000+00:00	15220	cumulative					
1840	2025-12-12 03:35:46.462000+00:00	15223	cumulative					
1841	2025-12-12 03:37:12.790000+00:00	15226	cumulative					
1842	2025-12-12 03:39:24.284000+00:00	15228	cumulative					
1843	2025-12-12 03:40:43.506000+00:00	15231	cumulative					
1844	2025-12-12 03:42:22.130000+00:00	15234	cumulative					
1845	2025-12-12 03:43:47.218000+00:00	15235	cumulative					
1846	2025-12-12 03:45:14.223000+00:00	15236	cumulative					
1847	2025-12-12 03:46:11.095000+00:00	15237	cumulative					
1848	2025-12-12 03:48:09.157000+00:00	15240	cumulative					
1849	2025-12-12 04:55:24.042000+00:00	15240	cumulative					
1850	2025-12-12 04:57:07.940000+00:00	15242	cumulative					
1851	2025-12-12 05:04:44.208000+00:00	15245	cumulative					
1852	2025-12-12 05:06:41.543000+00:00	15254	cumulative					
1853	2025-12-12 05:07:49.393000+00:00	15254	cumulative					
1854	2025-12-12 05:09:41.532000+00:00	15257	cumulative					
1855	2025-12-12 05:20:48.932000+00:00	15259	cumulative					
1856	2025-12-12 05:22:31.622000+00:00	15262	cumulative					
1857	2025-12-12 07:01:40.677000+00:00	15267	cumulative					
1858	2025-12-12 07:03:15.239000+00:00	15276	cumulative					
1859	2025-12-12 07:04:13.851000+00:00	15276	cumulative					
1860	2025-12-12 07:06:16.212000+00:00	15283	cumulative					
1861	2025-12-12 07:10:00.224000+00:00	15285	cumulative					
1862	2025-12-12 10:59:58.562000+00:00	15286	cumulative					
1863	2025-12-13 01:14:17.280000+00:00	15287	cumulative					
1864	2025-12-13 01:16:01.957000+00:00	15290	cumulative					
1865	2025-12-13 01:17:12.247000+00:00	15298	cumulative					
1866	2025-12-13 10:16:59.956000+00:00	15306	cumulative					
1867	2025-12-13 10:33:00.909000+00:00	15310	cumulative					
1868	2025-12-13 10:42:56.047000+00:00	15312	cumulative					
1869	2025-12-13 10:54:43.826000+00:00	15314	cumulative					
1870	2025-12-13 10:56:14.183000+00:00	15317	cumulative					
1871	2025-12-13 10:57:41.752000+00:00	15318	cumulative					
1872	2025-12-13 10:59:10.608000+00:00	15325	cumulative					
1873	2025-12-13 18:39:33.353000+00:00	15326	cumulative					
1874	2025-12-13 18:41:25.629000+00:00	15331	cumulative					
1875	2025-12-13 18:42:21.951000+00:00	15335	cumulative					
1876	2025-12-13 18:44:38.319000+00:00	15336	cumulative					
1877	2025-12-13 18:46:16.811000+00:00	15336	cumulative					
1878	2025-12-13 18:47:34.194000+00:00	15337	cumulative					
1879	2025-12-13 18:49:08.854000+00:00	15340	cumulative					
1880	2025-12-13 18:50:34.459000+00:00	15345	cumulative					
1881	2025-12-13 21:04:20.109000+00:00	15351	cumulative					
1882	2025-12-13 23:29:53.386000+00:00	15354	cumulative					
1883	2025-12-13 23:33:48.345000+00:00	15358	cumulative					
1884	2025-12-13 23:36:09.547000+00:00	15358	cumulative					
1885	2025-12-13 23:37:59.368000+00:00	15361	cumulative					
1886	2025-12-13 23:39:33.414000+00:00	15373	cumulative					
1887	2025-12-13 23:40:14.768000+00:00	15375	cumulative					
1888	2025-12-13 23:42:51.401000+00:00	15376	cumulative					
1889	2025-12-13 23:44:20.493000+00:00	15377	cumulative					
1890	2025-12-13 23:45:53.987000+00:00	15377	cumulative					
1891	2025-12-13 23:47:25.008000+00:00	15397	cumulative					
1892	2025-12-13 23:48:50.473000+00:00	15397	cumulative					
1893	2025-12-13 23:50:16.965000+00:00	15404	cumulative					
1894	2025-12-13 23:51:58.253000+00:00	15407	cumulative					
1895	2025-12-13 23:53:12.451000+00:00	15413	cumulative					
1896	2025-12-13 23:54:48.227000+00:00	15420	cumulative					
1897	2025-12-13 23:59:42.582000+00:00	15420	cumulative					
1898	2025-12-14 00:01:08.504000+00:00	15430	cumulative					
1899	2025-12-14 00:02:47.853000+00:00	15431	cumulative					
1900	2025-12-14 00:04:17.141000+00:00	15438	cumulative					
1901	2025-12-14 00:04:52.704000+00:00	15438	cumulative					
1902	2025-12-14 00:06:11.429000+00:00	15441	cumulative					
1903	2025-12-14 00:08:02.155000+00:00	15444	cumulative					
1904	2025-12-14 00:09:29.688000+00:00	15444	cumulative					
1905	2025-12-14 21:08:29.648000+00:00	15444	cumulative					
1906	2025-12-14 21:09:15.409000+00:00	15447	cumulative					
1907	2025-12-14 21:09:18.820000+00:00	15447	cumulative					
1908	2025-12-14 21:13:04.525000+00:00	15448	cumulative					
1909	2025-12-14 22:02:24.680000+00:00	15449	cumulative					
1910	2025-12-14 22:03:57.126000+00:00	15453	cumulative					
1911	2025-12-14 22:07:13.315000+00:00	15454	cumulative					
1912	2025-12-14 22:09:16.190000+00:00	15458	cumulative					
1913	2025-12-14 22:10:09.376000+00:00	15460	cumulative					
1914	2025-12-14 22:12:13.493000+00:00	15466	cumulative					
1915	2025-12-14 22:13:42.665000+00:00	15466	cumulative					
1916	2025-12-14 22:15:24.203000+00:00	15468	cumulative					
1917	2025-12-14 22:17:03.304000+00:00	15473	cumulative					
1918	2025-12-14 22:19:03.635000+00:00	15475	cumulative					
1919	2025-12-14 22:20:40.036000+00:00	15481	cumulative					
1920	2025-12-14 22:24:53.985000+00:00	15481	cumulative					
1921	2025-12-14 22:25:40.217000+00:00	15487	cumulative					
1922	2025-12-15 00:02:30.187000+00:00	15491	cumulative					
1923	2025-12-15 00:42:04.393000+00:00	15494	cumulative					
1924	2025-12-15 01:21:44.137000+00:00	15496	cumulative					
1925	2025-12-15 01:27:16.405000+00:00	15503	cumulative					
1926	2025-12-15 01:28:34.777000+00:00	15504	cumulative					
1927	2025-12-15 01:30:01.346000+00:00	15504	cumulative					
1928	2025-12-15 01:30:47.916000+00:00	15504	cumulative					
1929	2025-12-15 01:33:03.716000+00:00	15508	cumulative					
1930	2025-12-15 01:34:32.297000+00:00	15512	cumulative					
1931	2025-12-15 05:14:51.926000+00:00	15520	cumulative					
1932	2025-12-15 05:15:36.785000+00:00	15526	cumulative					
1933	2025-12-15 05:17:47.179000+00:00	15540	cumulative					
1934	2025-12-15 05:19:46.217000+00:00	15541	cumulative					
1935	2025-12-15 05:21:21.787000+00:00	15541	cumulative					
1936	2025-12-15 05:22:57.397000+00:00	15543	cumulative					
1937	2025-12-15 05:24:22.756000+00:00	15544	cumulative					
1938	2025-12-15 05:25:44.042000+00:00	15544	cumulative					
1939	2025-12-15 05:27:08.951000+00:00	15551	cumulative					
1940	2025-12-15 10:04:03.263000+00:00	15551	cumulative					
1941	2025-12-15 10:18:49.537000+00:00	15553	cumulative					
1942	2025-12-15 10:21:29.202000+00:00	15553	cumulative					
1943	2025-12-15 11:01:48.670000+00:00	15554	cumulative					
1944	2025-12-15 21:16:17.637000+00:00	15554	cumulative					
1945	2025-12-15 21:18:06.727000+00:00	15555	cumulative					
1946	2025-12-15 21:19:33.831000+00:00	15556	cumulative					
1947	2025-12-15 21:19:49.016000+00:00	15557	cumulative					
1948	2025-12-15 21:21:45.491000+00:00	15564	cumulative					
1949	2025-12-15 21:24:14.576000+00:00	15566	cumulative					
1950	2025-12-15 21:25:41.330000+00:00	15573	cumulative					
1951	2025-12-15 21:27:27.334000+00:00	15573	cumulative					
1952	2025-12-15 21:28:59.275000+00:00	15581	cumulative					
1953	2025-12-15 21:30:35.882000+00:00	15588	cumulative					
1954	2025-12-15 21:31:51.430000+00:00	15589	cumulative					
1955	2025-12-15 21:33:45.963000+00:00	15589	cumulative					
1956	2025-12-15 21:34:46.059000+00:00	15593	cumulative					
1957	2025-12-15 21:37:00.732000+00:00	15593	cumulative					
1958	2025-12-15 21:38:47.443000+00:00	15595	cumulative					
1959	2025-12-15 21:40:24.131000+00:00	15599	cumulative					
1960	2025-12-15 21:42:00.907000+00:00	15604	cumulative					
1961	2025-12-15 21:45:23.929000+00:00	15604	cumulative					
1962	2025-12-15 21:45:42.384000+00:00	15605	cumulative					
1963	2025-12-15 21:48:46.182000+00:00	15609	cumulative					
1964	2025-12-15 21:48:56.524000+00:00	15612	cumulative					
1965	2025-12-15 21:51:35.110000+00:00	15615	cumulative					
1966	2025-12-15 21:53:14.701000+00:00	15620	cumulative					
1967	2025-12-15 21:54:54.801000+00:00	15621	cumulative					
1968	2025-12-15 21:56:16.714000+00:00	15621	cumulative					
1969	2025-12-15 21:57:56.982000+00:00	15624	cumulative					
1970	2025-12-15 21:59:10.644000+00:00	15629	cumulative					
1971	2025-12-16 00:43:15.740000+00:00	15630	cumulative					
1972	2025-12-16 00:49:36.006000+00:00	15638	cumulative					
1973	2025-12-16 00:52:16.174000+00:00	15638	cumulative					
1974	2025-12-16 00:53:48.228000+00:00	15638	cumulative					
1975	2025-12-16 00:55:34.596000+00:00	15639	cumulative					
1976	2025-12-16 00:57:01.466000+00:00	15642	cumulative					
1977	2025-12-16 00:58:34.518000+00:00	15647	cumulative					
1978	2025-12-16 00:59:58.463000+00:00	15649	cumulative					
1979	2025-12-16 01:01:30.692000+00:00	15650	cumulative					
1980	2025-12-16 01:03:20.527000+00:00	15652	cumulative					
1981	2025-12-16 01:04:51.726000+00:00	15652	cumulative					
1982	2025-12-16 01:05:30.601000+00:00	15655	cumulative					
1983	2025-12-16 01:08:03.126000+00:00	15656	cumulative					
1984	2025-12-16 03:58:25.233000+00:00	15656	cumulative					
1985	2025-12-16 09:27:54.842000+00:00	15656	cumulative					
1986	2025-12-16 09:29:26.072000+00:00	15659	cumulative					
1987	2025-12-16 09:31:29.671000+00:00	15664	cumulative					
1988	2025-12-16 09:32:52.341000+00:00	15675	cumulative					
1989	2025-12-16 09:33:48.085000+00:00	15675	cumulative					
1990	2025-12-16 09:35:54.936000+00:00	15677	cumulative					
1991	2025-12-16 09:37:24.565000+00:00	15681	cumulative					
1992	2025-12-16 09:39:01.659000+00:00	15683	cumulative					
1993	2025-12-16 09:40:29.183000+00:00	15683	cumulative					
1994	2025-12-16 09:42:01.427000+00:00	15685	cumulative					
1995	2025-12-16 10:12:04.985000+00:00	15686	cumulative					
1996	2025-12-16 10:13:42.527000+00:00	15686	cumulative					
1997	2025-12-16 10:15:10.507000+00:00	15688	cumulative					
1998	2025-12-16 10:45:25.899000+00:00	15689	cumulative					
1999	2025-12-16 10:47:38.747000+00:00	15689	cumulative					
2000	2025-12-16 10:49:06.464000+00:00	15698	cumulative					
2001	2025-12-16 11:02:11.271000+00:00	15699	cumulative					
2002	2025-12-16 11:05:55.234000+00:00	15701	cumulative					
2003	2025-12-16 11:12:12.610000+00:00	15705	cumulative					
2004	2025-12-16 11:13:37.466000+00:00	15709	cumulative					
2005	2025-12-16 11:15:04.578000+00:00	15711	cumulative					
2006	2025-12-16 11:16:33.409000+00:00	15713	cumulative					
2007	2025-12-16 11:18:37.995000+00:00	15718	cumulative					
2008	2025-12-16 11:20:10.857000+00:00	15723	cumulative					
2009	2025-12-16 11:21:35.805000+00:00	15729	cumulative					
2010	2025-12-16 11:24:19.354000+00:00	15736	cumulative					
2011	2025-12-16 11:25:09.397000+00:00	15738	cumulative					
2012	2025-12-16 11:27:18.769000+00:00	15743	cumulative					
2013	2025-12-16 11:28:55.847000+00:00	15744	cumulative					
2014	2025-12-16 11:30:26.768000+00:00	15756	cumulative					
2015	2025-12-16 11:31:49.490000+00:00	15760	cumulative					
2016	2025-12-16 11:33:44.603000+00:00	15762	cumulative					
2017	2025-12-16 11:35:08.672000+00:00	15771	cumulative					
2018	2025-12-16 11:36:32.510000+00:00	15774	cumulative					
2019	2025-12-16 11:38:13.947000+00:00	15775	cumulative					
2020	2025-12-16 11:39:41.819000+00:00	15778	cumulative					
2021	2025-12-16 11:41:22.390000+00:00	15778	cumulative					
2022	2025-12-16 11:42:47.573000+00:00	15779	cumulative					
2023	2025-12-16 11:44:16.352000+00:00	15787	cumulative					
2024	2025-12-16 11:45:43.817000+00:00	15788	cumulative					
2025	2025-12-16 11:47:28.419000+00:00	15788	cumulative					
2026	2025-12-16 11:48:52.912000+00:00	15791	cumulative					
2027	2025-12-16 11:50:23.804000+00:00	15791	cumulative					
2028	2025-12-16 11:51:50.064000+00:00	15791	cumulative					
2029	2025-12-16 11:53:35.716000+00:00	15797	cumulative					
2030	2025-12-16 11:54:59.871000+00:00	15802	cumulative					
2031	2025-12-16 11:56:48.931000+00:00	15812	cumulative					
2032	2025-12-16 12:09:20.458000+00:00	15819	cumulative					
2033	2025-12-16 12:11:12.137000+00:00	15819	cumulative					
2034	2025-12-16 14:18:42.493000+00:00	15825	cumulative					
2035	2025-12-16 14:24:15.161000+00:00	15828	cumulative					
2036	2025-12-16 21:37:05.137000+00:00	15828	cumulative					
2037	2025-12-16 21:37:28.437000+00:00	15829	cumulative					
2038	2025-12-16 21:40:05.462000+00:00	15831	cumulative					
2039	2025-12-16 21:40:24.696000+00:00	15831	cumulative					
2040	2025-12-16 21:47:51.871000+00:00	15832	cumulative					
2041	2025-12-16 21:51:06.072000+00:00	15834	cumulative					
2042	2025-12-16 21:52:53.169000+00:00	15835	cumulative					
2043	2025-12-16 21:54:20.859000+00:00	15836	cumulative					
2044	2025-12-16 21:55:46.057000+00:00	15840	cumulative					
2045	2025-12-16 21:56:52.745000+00:00	15843	cumulative					
2046	2025-12-16 21:57:41.515000+00:00	15846	cumulative					
2047	2025-12-16 22:00:19.852000+00:00	15851	cumulative					
2048	2025-12-16 22:00:46.694000+00:00	15852	cumulative					
2049	2025-12-16 22:03:16.359000+00:00	15853	cumulative					
2050	2025-12-16 22:03:41.360000+00:00	15856	cumulative					
2051	2025-12-16 22:35:53.446000+00:00	15857	cumulative					
2052	2025-12-17 00:09:23.853000+00:00	15863	cumulative					
2053	2025-12-17 00:11:27.621000+00:00	15863	cumulative					
2054	2025-12-17 00:12:58.178000+00:00	15865	cumulative					
2055	2025-12-17 00:14:05.495000+00:00	15866	cumulative					
2056	2025-12-17 00:15:50.194000+00:00	15873	cumulative					
2057	2025-12-17 00:17:13.297000+00:00	15873	cumulative					
2058	2025-12-17 00:18:40.005000+00:00	15873	cumulative					
2059	2025-12-17 00:19:33.581000+00:00	15876	cumulative					
2060	2025-12-17 00:24:40.649000+00:00	15878	cumulative					
2061	2025-12-17 00:26:15.612000+00:00	15878	cumulative					
2062	2025-12-17 00:27:40.655000+00:00	15885	cumulative					
2063	2025-12-17 00:29:08.625000+00:00	15886	cumulative					
2064	2025-12-17 00:30:32.694000+00:00	15886	cumulative					
2065	2025-12-17 00:31:57.606000+00:00	15896	cumulative					
2066	2025-12-17 00:33:18.906000+00:00	15897	cumulative					
2067	2025-12-17 00:34:55.057000+00:00	15900	cumulative					
2068	2025-12-17 00:36:49.534000+00:00	15909	cumulative					
2069	2025-12-17 00:38:18.653000+00:00	15913	cumulative					
2070	2025-12-17 00:39:48.385000+00:00	15913	cumulative					
2071	2025-12-17 00:41:13.468000+00:00	15914	cumulative					
2072	2025-12-17 00:42:43.857000+00:00	15916	cumulative					
2073	2025-12-17 00:44:12.862000+00:00	15917	cumulative					
2074	2025-12-17 00:45:53.795000+00:00	15919	cumulative					
2075	2025-12-17 00:46:36.745000+00:00	15920	cumulative					
2076	2025-12-17 00:47:46.675000+00:00	15922	cumulative					
2077	2025-12-17 00:50:57.599000+00:00	15922	cumulative					
2078	2025-12-17 00:52:25.155000+00:00	15927	cumulative					
2079	2025-12-17 11:07:29.971000+00:00	15929	cumulative					
2080	2025-12-17 11:16:29.756000+00:00	15929	cumulative					
2081	2025-12-17 11:40:50.656000+00:00	15936	cumulative					
2082	2025-12-17 12:03:12.390000+00:00	15938	cumulative					
2083	2025-12-17 12:05:06.354000+00:00	15942	cumulative					
2084	2025-12-17 12:06:33.808000+00:00	15951	cumulative					
2085	2025-12-17 12:08:01.876000+00:00	15953	cumulative					
2086	2025-12-17 12:09:40.541000+00:00	15956	cumulative					
2087	2025-12-17 12:11:08.782000+00:00	15958	cumulative					
2088	2025-12-17 13:33:02.162000+00:00	15959	cumulative					
2089	2025-12-17 13:37:30.923000+00:00	15960	cumulative					
2090	2025-12-17 13:39:27.986000+00:00	15966	cumulative					
2091	2025-12-17 13:53:12.539000+00:00	15970	cumulative					
2092	2025-12-17 13:54:36.372000+00:00	15977	cumulative					
2093	2025-12-17 13:56:05.856000+00:00	15977	cumulative					
2094	2025-12-17 14:02:49.968000+00:00	15979	cumulative					
2095	2025-12-17 14:04:33.603000+00:00	15981	cumulative					
2096	2025-12-17 14:06:13.360000+00:00	15983	cumulative					
2097	2025-12-17 14:07:51.217000+00:00	15989	cumulative					
2098	2025-12-17 14:09:19.823000+00:00	15990	cumulative					
2099	2025-12-17 14:10:50.675000+00:00	15992	cumulative					
2100	2025-12-17 14:11:57.477000+00:00	15996	cumulative					
2101	2025-12-17 14:13:12.055000+00:00	15999	cumulative					
2102	2025-12-17 14:13:53.570000+00:00	15999	cumulative					
2103	2025-12-17 14:15:06.779000+00:00	16010	cumulative					
2104	2025-12-17 14:16:36.470000+00:00	16012	cumulative					
2105	2025-12-17 14:18:07.349000+00:00	16012	cumulative					
2106	2025-12-17 14:19:46.793000+00:00	16019	cumulative					
2107	2025-12-17 14:21:11.474000+00:00	16020	cumulative					
2108	2025-12-17 14:22:40.500000+00:00	16022	cumulative					
2109	2025-12-17 14:24:09.824000+00:00	16023	cumulative					
2110	2025-12-17 14:25:37.722000+00:00	16024	cumulative					
2111	2025-12-17 14:27:07.333000+00:00	16024	cumulative					
2112	2025-12-17 14:29:41.941000+00:00	16027	cumulative					
2113	2025-12-17 15:17:32.009000+00:00	16028	cumulative					
2114	2025-12-17 15:26:25.851000+00:00	16036	cumulative					
2115	2025-12-17 22:20:20.444000+00:00	16038	cumulative					
2116	2025-12-17 22:21:29.926000+00:00	16042	cumulative					
2117	2025-12-17 22:22:57.613000+00:00	16047	cumulative					
2118	2025-12-17 22:25:08.937000+00:00	16050	cumulative					
2119	2025-12-17 22:25:55.768000+00:00	16055	cumulative					
2120	2025-12-17 22:27:31.429000+00:00	16056	cumulative					
2121	2025-12-17 22:28:24.068000+00:00	16057	cumulative					
2122	2025-12-17 22:29:49.557000+00:00	16057	cumulative					
2123	2025-12-17 22:30:43.906000+00:00	16059	cumulative					
2124	2025-12-17 22:33:42.895000+00:00	16061	cumulative					
2125	2025-12-17 22:39:13.350000+00:00	16063	cumulative					
2126	2025-12-17 22:40:03.519000+00:00	16063	cumulative					
2127	2025-12-17 22:42:29.307000+00:00	16064	cumulative					
2128	2025-12-17 22:43:50.185000+00:00	16067	cumulative					
2129	2025-12-17 22:45:56.321000+00:00	16072	cumulative					
2130	2025-12-17 22:47:06.628000+00:00	16074	cumulative					
2131	2025-12-17 23:21:59.965000+00:00	16076	cumulative					
2132	2025-12-17 23:23:36.105000+00:00	16076	cumulative					
2133	2025-12-17 23:45:37.332000+00:00	16080	cumulative					
2134	2025-12-17 23:51:25.558000+00:00	16084	cumulative					
2135	2025-12-18 00:25:05.369000+00:00	16084	cumulative					
2136	2025-12-18 00:28:38.455000+00:00	16087	cumulative					
2137	2025-12-18 00:30:49.519000+00:00	16087	cumulative					
2138	2025-12-18 00:32:17.465000+00:00	16090	cumulative					
2139	2025-12-18 00:33:54.281000+00:00	16094	cumulative					
2140	2025-12-18 00:34:33.105000+00:00	16095	cumulative					
2141	2025-12-18 00:39:14.381000+00:00	16097	cumulative					
2142	2025-12-18 00:40:38.839000+00:00	16098	cumulative					
2143	2025-12-18 00:42:09.636000+00:00	16100	cumulative					
2144	2025-12-18 00:43:34.175000+00:00	16108	cumulative					
2145	2025-12-18 00:45:15.042000+00:00	16113	cumulative					
2146	2025-12-18 00:46:44.168000+00:00	16117	cumulative					
2147	2025-12-18 00:48:41.689000+00:00	16120	cumulative					
2148	2025-12-18 00:49:37.944000+00:00	16127	cumulative					
2149	2025-12-18 00:51:41.819000+00:00	16127	cumulative					
2150	2025-12-18 00:53:06.497000+00:00	16133	cumulative					
2151	2025-12-18 00:54:33.786000+00:00	16134	cumulative					
2152	2025-12-18 00:56:02.915000+00:00	16136	cumulative					
2153	2025-12-18 00:57:53.021000+00:00	16139	cumulative					
2154	2025-12-18 00:59:24.613000+00:00	16142	cumulative					
2155	2025-12-18 01:01:03.378000+00:00	16142	cumulative					
2156	2025-12-18 01:02:25.158000+00:00	16146	cumulative					
2157	2025-12-18 01:03:58.335000+00:00	16148	cumulative					
2158	2025-12-18 01:04:21.492000+00:00	16150	cumulative					
2159	2025-12-18 01:07:13.699000+00:00	16150	cumulative					
2160	2025-12-18 01:08:38.490000+00:00	16150	cumulative					
2161	2025-12-18 01:09:50.353000+00:00	16150	cumulative					
2162	2025-12-18 01:10:57.127000+00:00	16151	cumulative					
2163	2025-12-18 01:13:23.061000+00:00	16157	cumulative					
2164	2025-12-18 01:14:18.513000+00:00	16160	cumulative					
2165	2025-12-18 01:15:04.685000+00:00	16164	cumulative					
2166	2025-12-18 01:17:35.846000+00:00	16165	cumulative					
2167	2025-12-18 01:17:44.849000+00:00	16171	cumulative					
2168	2025-12-18 01:19:19.406000+00:00	16175	cumulative					
2169	2025-12-18 01:22:56.812000+00:00	16177	cumulative					
2170	2025-12-18 01:24:16.497000+00:00	16178	cumulative					
2171	2025-12-18 01:25:51.677000+00:00	16184	cumulative					
2172	2025-12-18 01:27:15.977000+00:00	16190	cumulative					
2173	2025-12-18 01:28:20.599000+00:00	16190	cumulative					
2174	2025-12-18 01:29:56.769000+00:00	16190	cumulative					
2175	2025-12-18 01:31:43.163000+00:00	16190	cumulative					
2176	2025-12-18 01:33:09.739000+00:00	16195	cumulative					
2177	2025-12-18 02:49:42.587000+00:00	16203	cumulative					
2178	2025-12-18 02:51:18.981000+00:00	16206	cumulative					
2179	2025-12-18 02:52:29.438000+00:00	16207	cumulative					
2180	2025-12-18 02:54:12.893000+00:00	16207	cumulative					
2181	2025-12-18 02:55:36.362000+00:00	16210	cumulative					
2182	2025-12-18 02:57:14.948000+00:00	16214	cumulative					
2183	2025-12-18 02:58:49.218000+00:00	16214	cumulative					
2184	2025-12-18 03:00:31.235000+00:00	16216	cumulative					
2185	2025-12-18 03:01:58.163000+00:00	16216	cumulative					
2186	2025-12-18 03:03:27.157000+00:00	16218	cumulative					
2187	2025-12-18 03:04:49.617000+00:00	16218	cumulative					
2188	2025-12-18 03:07:20.481000+00:00	16220	cumulative					
2189	2025-12-18 09:02:35.283000+00:00	16225	cumulative					
2190	2025-12-18 09:16:17.947000+00:00	16226	cumulative					
2191	2025-12-18 23:14:46.231000+00:00	16228	cumulative					
2192	2025-12-19 13:10:12.207000+00:00	16235	cumulative					
2193	2025-12-19 13:16:27.622000+00:00	16239	cumulative					
2194	2025-12-19 13:48:54.045000+00:00	16244	cumulative					
2195	2025-12-19 13:59:17.406000+00:00	16253	cumulative					
2196	2025-12-19 14:10:32.375000+00:00	16253	cumulative					
2197	2025-12-19 14:11:57.851000+00:00	16254	cumulative					
2198	2025-12-19 14:13:22.683000+00:00	16257	cumulative					
2199	2025-12-19 14:15:46.610000+00:00	16260	cumulative					
2200	2025-12-19 14:17:12.895000+00:00	16266	cumulative					
2201	2025-12-19 14:18:44.289000+00:00	16266	cumulative					
2202	2025-12-19 14:20:12.682000+00:00	16267	cumulative					
2203	2025-12-19 14:59:18.479000+00:00	16268	cumulative					
2204	2025-12-19 15:00:42.519000+00:00	16269	cumulative					
2205	2025-12-19 15:02:08.173000+00:00	16272	cumulative					
2206	2025-12-19 15:03:52.209000+00:00	16275	cumulative					
2207	2025-12-19 15:05:31.092000+00:00	16275	cumulative					
2208	2025-12-19 15:07:16.451000+00:00	16277	cumulative					
2209	2025-12-19 15:09:07.276000+00:00	16278	cumulative					
2210	2025-12-19 15:10:41.677000+00:00	16278	cumulative					
2211	2025-12-19 15:12:15.793000+00:00	16279	cumulative					
2212	2025-12-19 15:12:54.552000+00:00	16279	cumulative					
2213	2025-12-19 15:14:18.570000+00:00	16279	cumulative					
2214	2025-12-19 15:15:42.793000+00:00	16279	cumulative					
2215	2025-12-19 15:18:06.675000+00:00	16290	cumulative					
2216	2025-12-19 15:18:32.013000+00:00	16290	cumulative					
2217	2025-12-19 15:22:06.230000+00:00	16290	cumulative					
2218	2025-12-19 15:23:34.329000+00:00	16291	cumulative					
2219	2025-12-19 15:26:59.802000+00:00	16296	cumulative					
2220	2025-12-19 15:28:29.131000+00:00	16296	cumulative					
2221	2025-12-19 15:29:53.375000+00:00	16300	cumulative					
2222	2025-12-19 15:31:30.637000+00:00	16300	cumulative					
2223	2025-12-19 15:32:16.387000+00:00	16303	cumulative					
2224	2025-12-19 15:32:54.542000+00:00	16310	cumulative					
2225	2025-12-19 15:34:34.881000+00:00	16320	cumulative					
2226	2025-12-19 15:36:07.293000+00:00	16325	cumulative					
2227	2025-12-19 15:37:31.710000+00:00	16325	cumulative					
2228	2025-12-19 15:40:03.557000+00:00	16325	cumulative					
2229	2025-12-19 15:41:28.949000+00:00	16328	cumulative					
2230	2025-12-19 15:54:08.429000+00:00	16331	cumulative					
2231	2025-12-19 15:55:38.957000+00:00	16335	cumulative					
2232	2025-12-19 20:39:29.678000+00:00	16336	cumulative					
2233	2025-12-19 20:41:12.621000+00:00	16338	cumulative					
2234	2025-12-19 20:42:38.779000+00:00	16342	cumulative					
2235	2025-12-19 20:44:08.069000+00:00	16344	cumulative					
2236	2025-12-19 20:45:47.026000+00:00	16350	cumulative					
2237	2025-12-19 20:47:19.611000+00:00	16354	cumulative					
2238	2025-12-19 20:47:22.744000+00:00	16354	cumulative					
2239	2025-12-19 20:48:50.606000+00:00	16361	cumulative					
2240	2025-12-19 20:51:42.544000+00:00	16361	cumulative					
2241	2025-12-19 22:06:32.247000+00:00	16366	cumulative					
2242	2025-12-19 22:11:15.361000+00:00	16368	cumulative					
2243	2025-12-19 22:40:31.658000+00:00	16368	cumulative					
2244	2025-12-19 22:42:12.209000+00:00	16371	cumulative					
2245	2025-12-19 22:44:51.584000+00:00	16372	cumulative					
2246	2025-12-19 22:46:09.945000+00:00	16373	cumulative					
2247	2025-12-19 22:50:07.076000+00:00	16375	cumulative					
2248	2025-12-19 22:55:10.697000+00:00	16376	cumulative					
2249	2025-12-19 22:56:36.735000+00:00	16383	cumulative					
2250	2025-12-20 02:20:50.703000+00:00	16384	cumulative					
2251	2025-12-20 02:29:13.414000+00:00	16387	cumulative					
2252	2025-12-20 02:41:15.937000+00:00	16390	cumulative					
2253	2025-12-20 02:44:05.450000+00:00	16392	cumulative					
2254	2025-12-20 02:45:47.139000+00:00	16393	cumulative					
2255	2025-12-20 02:47:43.964000+00:00	16394	cumulative					
2256	2025-12-20 02:49:06.779000+00:00	16399	cumulative					
2257	2025-12-20 02:51:15.232000+00:00	16403	cumulative					
2258	2025-12-20 02:53:20.380000+00:00	16404	cumulative					
2259	2025-12-20 02:54:45.164000+00:00	16405	cumulative					
2260	2025-12-20 02:56:08.739000+00:00	16409	cumulative					
2261	2025-12-20 02:58:20.748000+00:00	16409	cumulative					
2262	2025-12-20 02:59:56.439000+00:00	16416	cumulative					
2263	2025-12-20 03:01:30.481000+00:00	16424	cumulative					
2264	2025-12-20 03:02:59.599000+00:00	16424	cumulative					
2265	2025-12-20 03:04:29.328000+00:00	16426	cumulative					
2266	2025-12-20 03:06:21.015000+00:00	16426	cumulative					
2267	2025-12-20 03:07:50.839000+00:00	16428	cumulative					
2268	2025-12-20 03:09:18.935000+00:00	16430	cumulative					
2269	2025-12-20 03:11:14.095000+00:00	16436	cumulative					
2270	2025-12-20 03:12:46.443000+00:00	16436	cumulative					
2271	2025-12-20 03:15:09.419000+00:00	16448	cumulative					
2272	2025-12-20 03:29:32.407000+00:00	16451	cumulative					
2273	2025-12-20 03:40:02.731000+00:00	16455	cumulative					
2274	2025-12-20 03:41:40.489000+00:00	16455	cumulative					
2275	2025-12-20 03:43:09.922000+00:00	16460	cumulative					
2276	2025-12-20 03:48:42.440000+00:00	16461	cumulative					
2277	2025-12-20 03:49:26.667000+00:00	16465	cumulative					
2278	2025-12-20 03:52:58.162000+00:00	16465	cumulative					
2279	2025-12-20 03:53:30.505000+00:00	16465	cumulative					
2280	2025-12-20 03:54:59.278000+00:00	16475	cumulative					
2281	2025-12-20 03:57:33.117000+00:00	16476	cumulative					
2282	2025-12-20 03:58:15.851000+00:00	16480	cumulative					
2283	2025-12-20 04:01:35.452000+00:00	16480	cumulative					
2284	2025-12-20 04:04:03.713000+00:00	16482	cumulative					
2285	2025-12-20 04:05:32.827000+00:00	16489	cumulative					
2286	2025-12-20 04:06:57.694000+00:00	16489	cumulative					
2287	2025-12-20 04:09:02.642000+00:00	16491	cumulative					
2288	2025-12-20 04:11:25.480000+00:00	16492	cumulative					
2289	2025-12-20 22:35:39.497000+00:00	16493	cumulative					
2290	2025-12-20 22:39:40.806000+00:00	16494	cumulative					
2291	2025-12-20 22:41:04.160000+00:00	16496	cumulative					
2292	2025-12-20 22:42:37.071000+00:00	16499	cumulative					
2293	2025-12-20 22:44:03.767000+00:00	16499	cumulative					
2294	2025-12-20 22:45:36.635000+00:00	16501	cumulative					
2295	2025-12-20 22:46:50.173000+00:00	16508	cumulative					
2296	2025-12-20 22:48:20.967000+00:00	16509	cumulative					
2297	2025-12-20 22:49:58.708000+00:00	16514	cumulative					
2298	2025-12-20 22:51:30.978000+00:00	16519	cumulative					
2299	2025-12-20 22:52:54.523000+00:00	16522	cumulative					
2300	2025-12-20 22:54:18.880000+00:00	16523	cumulative					
2301	2025-12-20 22:55:46.796000+00:00	16530	cumulative					
2302	2025-12-20 22:57:03.456000+00:00	16534	cumulative					
2303	2025-12-20 22:58:31.777000+00:00	16541	cumulative					
2304	2025-12-20 23:00:02.186000+00:00	16541	cumulative					
2305	2025-12-20 23:01:33.241000+00:00	16542	cumulative					
2306	2025-12-20 23:02:47.853000+00:00	16545	cumulative					
2307	2025-12-20 23:04:22.302000+00:00	16546	cumulative					
2308	2025-12-20 23:05:35.916000+00:00	16547	cumulative					
2309	2025-12-20 23:07:10.725000+00:00	16553	cumulative					
2310	2025-12-20 23:07:40.305000+00:00	16553	cumulative					
2311	2025-12-20 23:10:06.754000+00:00	16555	cumulative					
2312	2025-12-20 23:10:17.278000+00:00	16558	cumulative					
2313	2025-12-20 23:12:12.120000+00:00	16564	cumulative					
2314	2025-12-20 23:14:31.457000+00:00	16566	cumulative					
2315	2025-12-20 23:16:30.518000+00:00	16566	cumulative					
2316	2025-12-21 01:33:02.366000+00:00	16567	cumulative					
2317	2025-12-21 01:40:35.239000+00:00	16567	cumulative					
2318	2025-12-21 02:31:30.041000+00:00	16571	cumulative					
2319	2025-12-21 02:33:00.241000+00:00	16571	cumulative					
2320	2025-12-21 02:34:52.825000+00:00	16571	cumulative					
2321	2025-12-21 02:35:58.379000+00:00	16573	cumulative					
2322	2025-12-21 02:37:22.481000+00:00	16577	cumulative					
2323	2025-12-21 02:38:52.527000+00:00	16578	cumulative					
2324	2025-12-21 02:40:49.446000+00:00	16579	cumulative					
2325	2025-12-21 02:41:41.339000+00:00	16586	cumulative					
2326	2025-12-21 15:41:56.412000+00:00	16588	cumulative					
2327	2025-12-21 15:47:53.768000+00:00	16590	cumulative					
2328	2025-12-21 16:09:42.605000+00:00	16591	cumulative					
2329	2025-12-21 16:12:01.905000+00:00	16591	cumulative					
2330	2025-12-21 16:16:24.252000+00:00	16591	cumulative					
2331	2025-12-21 16:20:44.097000+00:00	16599	cumulative					
2332	2025-12-21 16:22:25.145000+00:00	16606	cumulative					
2333	2025-12-21 16:23:51.551000+00:00	16610	cumulative					
2335	2025-12-21 16:33:15.681000+00:00	16612	cumulative					
2336	2025-12-21 16:34:59.179000+00:00	16613	cumulative					
2337	2025-12-21 16:36:23.596000+00:00	16613	cumulative					
2338	2025-12-21 16:37:50.530000+00:00	16622	cumulative					
2339	2025-12-21 16:39:27.539000+00:00	16626	cumulative					
2340	2025-12-21 16:40:49.902000+00:00	16631	cumulative					
2341	2025-12-21 16:41:00.308000+00:00	16635	cumulative					
2342	2025-12-21 16:42:49.171000+00:00	16637	cumulative					
2343	2025-12-21 16:45:14.473000+00:00	16637	cumulative					
2344	2025-12-21 16:46:17.206000+00:00	16639	cumulative					
2345	2025-12-21 16:48:19.442000+00:00	16643	cumulative					
2346	2025-12-21 16:50:04.242000+00:00	16644	cumulative					
2347	2025-12-21 16:51:44.046000+00:00	16648	cumulative					
2348	2025-12-21 16:52:58.590000+00:00	16656	cumulative					
2349	2025-12-21 16:54:40.535000+00:00	16659	cumulative					
2350	2025-12-21 16:56:13.952000+00:00	16664	cumulative					
2351	2025-12-21 16:57:48.502000+00:00	16667	cumulative					
2352	2025-12-21 16:59:18.932000+00:00	16669	cumulative					
2353	2025-12-21 17:01:05.971000+00:00	16670	cumulative					
2354	2025-12-21 17:02:42.097000+00:00	16670	cumulative					
2355	2025-12-21 17:04:10.488000+00:00	16673	cumulative					
2356	2025-12-21 17:05:35.779000+00:00	16676	cumulative					
2357	2025-12-21 17:07:03.554000+00:00	16681	cumulative					
2358	2025-12-21 17:08:33.923000+00:00	16691	cumulative					
2359	2025-12-21 17:10:09.160000+00:00	16696	cumulative					
2360	2025-12-21 17:13:00.145000+00:00	16697	cumulative					
2361	2025-12-21 17:14:48.405000+00:00	16698	cumulative					
2362	2025-12-21 17:26:41.032000+00:00	16699	cumulative					
2363	2025-12-21 18:57:57.131000+00:00	16705	cumulative					
2364	2025-12-21 19:17:39.363000+00:00	16710	cumulative					
2365	2025-12-21 19:19:46.500000+00:00	16711	cumulative					
2366	2025-12-21 19:21:13.533000+00:00	16711	cumulative					
2367	2025-12-21 19:22:48.798000+00:00	16712	cumulative					
2368	2025-12-21 19:24:10.299000+00:00	16713	cumulative					
2369	2025-12-21 19:25:49.579000+00:00	16715	cumulative					
2370	2025-12-21 19:27:13.941000+00:00	16719	cumulative					
2371	2025-12-21 20:04:49.889000+00:00	16742	cumulative					
2372	2025-12-21 20:07:02.720000+00:00	16743	cumulative					
2373	2025-12-21 20:08:48.499000+00:00	16743	cumulative					
2374	2025-12-21 20:10:23.096000+00:00	16745	cumulative					
2375	2025-12-21 20:12:03.331000+00:00	16749	cumulative					
2376	2025-12-21 20:13:27.307000+00:00	16753	cumulative					
2377	2025-12-21 20:14:52.999000+00:00	16755	cumulative					
2378	2025-12-21 20:16:25.549000+00:00	16756	cumulative					
2379	2025-12-21 20:18:33.447000+00:00	16759	cumulative					
2380	2025-12-21 20:20:05.349000+00:00	16764	cumulative					
2381	2025-12-21 20:21:29.956000+00:00	16766	cumulative					
2382	2025-12-21 20:23:05.702000+00:00	16770	cumulative					
2383	2025-12-21 20:24:32.252000+00:00	16773	cumulative					
2384	2025-12-21 20:25:49.024000+00:00	16773	cumulative					
2385	2025-12-21 20:27:14.960000+00:00	16774	cumulative					
2386	2025-12-22 03:46:22.486000+00:00	16782	cumulative					
2387	2025-12-22 09:16:22.539000+00:00	16782	cumulative					
2388	2025-12-22 09:49:50.570000+00:00	16782	cumulative					
2389	2025-12-22 11:08:54.538000+00:00	16785	cumulative					
2390	2025-12-22 12:51:59.440000+00:00	16786	cumulative					
2391	2025-12-22 13:15:28.625000+00:00	16788	cumulative					
2392	2025-12-22 13:29:04.158000+00:00	16788	cumulative					
2393	2025-12-22 13:30:29.015000+00:00	16788	cumulative					
2394	2025-12-22 13:31:58.138000+00:00	16788	cumulative					
2395	2025-12-22 13:50:43.457000+00:00	16788	cumulative					
2396	2025-12-22 13:53:16.551000+00:00	16789	cumulative					
2397	2025-12-22 13:56:13.295000+00:00	16795	cumulative					
2398	2025-12-22 13:57:53.092000+00:00	16809	cumulative					
2399	2025-12-22 13:59:21.907000+00:00	16810	cumulative					
2400	2025-12-22 14:00:16.335000+00:00	16813	cumulative					
2401	2025-12-22 14:02:38.709000+00:00	16821	cumulative					
2402	2025-12-22 14:04:15.441000+00:00	16823	cumulative					
2403	2025-12-22 14:04:33.221000+00:00	16825	cumulative					
2404	2025-12-22 14:07:09.425000+00:00	16826	cumulative					
2405	2025-12-22 14:08:34.329000+00:00	16830	cumulative					
2406	2025-12-22 14:09:34.491000+00:00	16831	cumulative					
2407	2025-12-22 14:11:04.152000+00:00	16831	cumulative					
2408	2025-12-22 14:12:54.776000+00:00	16833	cumulative					
2409	2025-12-22 14:14:19.286000+00:00	16833	cumulative					
2410	2025-12-22 14:15:41.513000+00:00	16836	cumulative					
2411	2025-12-22 14:17:19.236000+00:00	16836	cumulative					
2412	2025-12-22 20:45:56.435000+00:00	16836	cumulative					
2413	2025-12-22 20:48:14.794000+00:00	16836	cumulative					
2414	2025-12-23 01:52:44.514000+00:00	16836	cumulative					
2415	2025-12-23 01:59:13.506000+00:00	16836	cumulative					
2416	2025-12-23 02:00:51.071000+00:00	16837	cumulative					
2417	2025-12-23 02:02:02.562000+00:00	16840	cumulative					
2418	2025-12-23 02:02:37.244000+00:00	16840	cumulative					
2419	2025-12-23 02:04:13.486000+00:00	16842	cumulative					
2420	2025-12-23 02:04:45.862000+00:00	16843	cumulative					
2421	2025-12-23 02:06:15.127000+00:00	16853	cumulative					
2422	2025-12-23 02:07:43.610000+00:00	16855	cumulative					
2423	2025-12-23 02:11:14.781000+00:00	16856	cumulative					
2424	2025-12-23 02:12:39.125000+00:00	16858	cumulative					
2425	2025-12-23 02:14:04.407000+00:00	16858	cumulative					
2426	2025-12-23 02:15:28.973000+00:00	16859	cumulative					
2427	2025-12-23 02:16:55.979000+00:00	16862	cumulative					
2428	2025-12-23 02:18:22.566000+00:00	16864	cumulative					
2429	2025-12-23 02:19:46.702000+00:00	16866	cumulative					
2430	2025-12-23 02:21:10.946000+00:00	16869	cumulative					
2431	2025-12-23 02:21:47.442000+00:00	16873	cumulative					
2432	2025-12-23 02:23:17.652000+00:00	16878	cumulative					
2433	2025-12-23 02:25:38.063000+00:00	16885	cumulative					
2434	2025-12-23 02:27:06.342000+00:00	16887	cumulative					
2435	2025-12-23 02:28:18.577000+00:00	16887	cumulative					
2436	2025-12-23 02:29:48.420000+00:00	16889	cumulative					
2437	2025-12-23 02:31:18.466000+00:00	16890	cumulative					
2438	2025-12-23 02:32:47.703000+00:00	16901	cumulative					
2439	2025-12-23 02:33:46.265000+00:00	16902	cumulative					
2440	2025-12-23 02:35:11.018000+00:00	16902	cumulative					
2441	2025-12-23 02:35:59.120000+00:00	16906	cumulative					
2442	2025-12-23 02:39:11.371000+00:00	16906	cumulative					
2443	2025-12-23 02:40:43.607000+00:00	16907	cumulative					
2444	2025-12-23 02:42:10.455000+00:00	16910	cumulative					
2445	2025-12-23 22:12:41.229000+00:00	16914	cumulative					
2446	2025-12-23 22:16:39.801000+00:00	16914	cumulative					
2447	2025-12-23 22:18:02.753000+00:00	16919	cumulative					
2448	2025-12-23 22:19:41.196000+00:00	16921	cumulative					
2449	2025-12-23 22:21:06.871000+00:00	16921	cumulative					
2450	2025-12-23 22:22:53.790000+00:00	16926	cumulative					
2451	2025-12-23 22:24:17.727000+00:00	16931	cumulative					
2452	2025-12-23 22:25:55.537000+00:00	16931	cumulative					
2453	2025-12-23 22:27:06.751000+00:00	16931	cumulative					
2454	2025-12-23 22:27:47.255000+00:00	16935	cumulative					
2455	2025-12-23 22:30:46.507000+00:00	16946	cumulative					
2456	2025-12-23 22:31:50.139000+00:00	16947	cumulative					
2457	2025-12-23 22:33:19.985000+00:00	16949	cumulative					
2458	2025-12-23 22:35:05.686000+00:00	16953	cumulative					
2459	2025-12-23 22:38:14.737000+00:00	16961	cumulative					
2460	2025-12-23 22:42:41.084000+00:00	16968	cumulative					
2461	2025-12-23 22:55:07.327000+00:00	16971	cumulative					
2462	2025-12-23 22:56:32.494000+00:00	16971	cumulative					
2463	2025-12-23 22:57:52.357000+00:00	16975	cumulative					
2464	2025-12-23 22:58:17.754000+00:00	16976	cumulative					
2465	2025-12-23 23:00:03.143000+00:00	16977	cumulative					
2466	2025-12-23 23:01:51.687000+00:00	16977	cumulative					
2467	2025-12-23 23:03:20.636000+00:00	16980	cumulative					
2468	2025-12-23 23:05:03.699000+00:00	16982	cumulative					
2469	2025-12-23 23:06:21.250000+00:00	16992	cumulative					
2470	2025-12-23 23:06:46.091000+00:00	17002	cumulative					
2471	2025-12-23 23:08:26.620000+00:00	17002	cumulative					
2472	2025-12-23 23:09:56.093000+00:00	17012	cumulative					
2473	2025-12-23 23:12:33.678000+00:00	17014	cumulative					
2474	2025-12-23 23:13:58.144000+00:00	17018	cumulative					
2475	2025-12-23 23:15:25.463000+00:00	17018	cumulative					
2476	2025-12-23 23:16:13.871000+00:00	17018	cumulative					
2477	2025-12-23 23:18:32.363000+00:00	17020	cumulative					
2478	2025-12-23 23:36:47.565000+00:00	17021	cumulative					
2479	2025-12-23 23:37:47.242000+00:00	17021	cumulative					
2480	2025-12-23 23:39:34.609000+00:00	17024	cumulative					
2481	2025-12-23 23:43:50.672000+00:00	17025	cumulative					
2482	2025-12-23 23:46:23.666000+00:00	17029	cumulative					
2483	2025-12-23 23:48:21.590000+00:00	17029	cumulative					
2484	2025-12-23 23:49:52.214000+00:00	17035	cumulative					
2485	2025-12-23 23:51:24.720000+00:00	17039	cumulative					
2486	2025-12-23 23:56:00.884000+00:00	17045	cumulative					
2487	2025-12-23 23:57:38.152000+00:00	17047	cumulative					
2488	2025-12-23 23:59:44.493000+00:00	17052	cumulative					
2489	2025-12-24 00:00:04.712000+00:00	17052	cumulative					
2490	2025-12-24 00:02:37.527000+00:00	17057	cumulative					
2491	2025-12-24 00:04:22.709000+00:00	17058	cumulative					
2492	2025-12-24 01:15:27.829000+00:00	17058	cumulative					
2493	2025-12-24 01:16:37.568000+00:00	17058	cumulative					
2494	2025-12-24 01:18:17.186000+00:00	17060	cumulative					
2495	2025-12-24 01:19:40.716000+00:00	17063	cumulative					
2496	2025-12-24 01:21:05.415000+00:00	17065	cumulative					
2497	2025-12-24 01:22:29.333000+00:00	17072	cumulative					
2498	2025-12-24 01:23:55.826000+00:00	17086	cumulative					
2499	2025-12-24 01:26:13.748000+00:00	17088	cumulative					
2500	2025-12-24 01:27:28.564000+00:00	17092	cumulative					
2501	2025-12-24 01:29:05.259000+00:00	17094	cumulative					
2502	2025-12-24 01:29:58.971000+00:00	17097	cumulative					
2503	2025-12-24 01:31:25.534000+00:00	17098	cumulative					
2504	2025-12-24 01:33:23.201000+00:00	17102	cumulative					
2505	2025-12-24 01:34:51.438000+00:00	17106	cumulative					
2506	2025-12-24 01:36:22.012000+00:00	17108	cumulative					
2507	2025-12-24 01:37:53.659000+00:00	17111	cumulative					
2508	2025-12-24 01:39:32.093000+00:00	17113	cumulative					
2509	2025-12-24 01:40:27.129000+00:00	17113	cumulative					
2510	2025-12-24 01:42:06.801000+00:00	17116	cumulative					
2511	2025-12-24 01:44:11.674000+00:00	17116	cumulative					
2512	2025-12-24 01:44:59.312000+00:00	17120	cumulative					
2513	2025-12-24 01:46:26.510000+00:00	17124	cumulative					
2514	2025-12-24 01:48:52.925000+00:00	17124	cumulative					
2515	2025-12-24 01:50:24.280000+00:00	17128	cumulative					
2516	2025-12-24 01:51:53.071000+00:00	17142	cumulative					
2517	2025-12-24 01:53:20.024000+00:00	17144	cumulative					
2518	2025-12-24 01:54:53.171000+00:00	17146	cumulative					
2519	2025-12-24 01:56:31.269000+00:00	17148	cumulative					
2520	2025-12-24 01:58:17.172000+00:00	17151	cumulative					
2521	2025-12-24 02:00:00.794000+00:00	17151	cumulative					
2522	2025-12-24 02:01:35.081000+00:00	17155	cumulative					
2523	2025-12-24 02:03:00.171000+00:00	17157	cumulative					
2524	2025-12-24 02:04:25.151000+00:00	17162	cumulative					
2525	2025-12-24 02:05:54.977000+00:00	17164	cumulative					
2526	2025-12-24 02:07:29.175000+00:00	17164	cumulative					
2527	2025-12-24 02:09:24.544000+00:00	17165	cumulative					
2528	2025-12-24 02:10:19.686000+00:00	17175	cumulative					
2529	2025-12-24 02:11:46.319000+00:00	17177	cumulative					
2530	2025-12-24 02:13:13.225000+00:00	17178	cumulative					
2531	2025-12-24 02:14:42.663000+00:00	17178	cumulative					
2532	2025-12-24 02:16:34.015000+00:00	17187	cumulative					
2533	2025-12-24 02:18:01.272000+00:00	17188	cumulative					
2534	2025-12-24 02:19:25.988000+00:00	17194	cumulative					
2535	2025-12-24 02:20:38.758000+00:00	17195	cumulative					
2536	2025-12-24 02:22:23.925000+00:00	17197	cumulative					
2537	2025-12-24 02:23:49.663000+00:00	17197	cumulative					
2538	2025-12-24 02:28:31.464000+00:00	17199	cumulative					
2539	2025-12-24 02:30:06.636000+00:00	17200	cumulative					
2540	2025-12-24 02:31:56.919000+00:00	17201	cumulative					
2541	2025-12-24 02:33:18.976000+00:00	17207	cumulative					
2542	2025-12-24 02:34:51.396000+00:00	17210	cumulative					
2543	2025-12-24 02:35:16.717000+00:00	17211	cumulative					
2544	2025-12-24 02:36:27.029000+00:00	17212	cumulative					
2545	2025-12-24 02:37:56.474000+00:00	17212	cumulative					
2546	2025-12-24 02:40:50.688000+00:00	17213	cumulative					
2547	2025-12-24 02:45:47.398000+00:00	17220	cumulative					
2548	2025-12-24 02:47:19.093000+00:00	17224	cumulative					
2549	2025-12-24 02:48:44.441000+00:00	17226	cumulative					
2550	2025-12-24 02:50:15.375000+00:00	17227	cumulative					
2551	2025-12-24 02:51:40.984000+00:00	17230	cumulative					
2552	2025-12-24 03:01:15.147000+00:00	17231	cumulative					
2553	2025-12-24 03:02:42.566000+00:00	17234	cumulative					
2554	2025-12-24 03:04:43.999000+00:00	17234	cumulative					
2555	2025-12-24 03:06:14.884000+00:00	17238	cumulative					
2556	2025-12-24 03:07:44.857000+00:00	17242	cumulative					
2557	2025-12-24 03:09:15.877000+00:00	17244	cumulative					
2558	2025-12-24 03:11:16.687000+00:00	17245	cumulative					
2559	2025-12-24 04:46:25.732000+00:00	17253	cumulative					
2560	2025-12-24 04:47:57.386000+00:00	17253	cumulative					
2561	2025-12-24 04:49:25.982000+00:00	17254	cumulative					
2562	2025-12-24 04:50:59.106000+00:00	17258	cumulative					
2563	2025-12-24 04:52:28.140000+00:00	17262	cumulative					
2564	2025-12-24 04:53:41.631000+00:00	17267	cumulative					
2565	2025-12-24 04:54:30.801000+00:00	17269	cumulative					
2566	2025-12-24 04:56:24.661000+00:00	17271	cumulative					
2567	2025-12-24 04:57:53.888000+00:00	17274	cumulative					
2568	2025-12-24 04:59:55.884000+00:00	17276	cumulative					
2569	2025-12-24 05:01:22.845000+00:00	17279	cumulative					
2570	2025-12-24 05:03:11.620000+00:00	17279	cumulative					
2571	2025-12-24 05:04:43.072000+00:00	17280	cumulative					
2572	2025-12-24 05:06:13.041000+00:00	17290	cumulative					
2573	2025-12-24 05:07:41.639000+00:00	17297	cumulative					
2574	2025-12-24 05:09:06.765000+00:00	17297	cumulative					
2575	2025-12-24 05:10:49.114000+00:00	17299	cumulative					
2576	2025-12-24 05:12:44.086000+00:00	17301	cumulative					
2577	2025-12-24 05:14:13.553000+00:00	17305	cumulative					
2578	2025-12-24 05:17:03.372000+00:00	17308	cumulative					
2579	2025-12-24 05:18:36.231000+00:00	17309	cumulative					
2580	2025-12-24 05:20:13.378000+00:00	17310	cumulative					
2581	2025-12-24 05:32:06.282000+00:00	17313	cumulative					
2582	2025-12-24 05:35:22.340000+00:00	17317	cumulative					
2583	2025-12-24 05:36:56.305000+00:00	17323	cumulative					
2584	2025-12-24 05:38:21.733000+00:00	17328	cumulative					
2585	2025-12-24 05:40:08.656000+00:00	17330	cumulative					
2586	2025-12-24 08:09:16.062000+00:00	17343	cumulative					
2587	2025-12-24 08:10:42.400000+00:00	17344	cumulative					
2588	2025-12-24 08:12:18.823000+00:00	17344	cumulative					
2589	2025-12-24 08:13:42.710000+00:00	17346	cumulative					
2590	2025-12-24 08:15:02.996000+00:00	17349	cumulative					
2591	2025-12-24 08:16:35.374000+00:00	17354	cumulative					
2592	2025-12-24 08:18:12.077000+00:00	17354	cumulative					
2593	2025-12-24 08:19:41.080000+00:00	17357	cumulative					
2594	2025-12-24 08:21:05.935000+00:00	17358	cumulative					
2595	2025-12-24 08:22:40.062000+00:00	17379	cumulative					
2596	2025-12-24 08:24:10.487000+00:00	17382	cumulative					
2597	2025-12-24 08:25:34.506000+00:00	17390	cumulative					
2598	2025-12-24 08:28:00.312000+00:00	17391	cumulative					
2599	2025-12-24 08:29:31.016000+00:00	17396	cumulative					
2600	2025-12-24 08:30:26.470000+00:00	17402	cumulative					
2601	2025-12-24 08:32:34.408000+00:00	17407	cumulative					
2602	2025-12-24 08:34:06.339000+00:00	17407	cumulative					
2603	2025-12-24 08:35:08.740000+00:00	17413	cumulative					
2604	2025-12-24 08:37:08.131000+00:00	17413	cumulative					
2605	2025-12-24 08:38:35.224000+00:00	17417	cumulative					
2606	2025-12-24 08:38:44.359000+00:00	17424	cumulative					
2607	2025-12-24 08:41:23.476000+00:00	17425	cumulative					
2608	2025-12-24 08:42:47.012000+00:00	17426	cumulative					
2609	2025-12-24 08:44:15.226000+00:00	17433	cumulative					
2610	2025-12-24 08:45:53.665000+00:00	17435	cumulative					
2611	2025-12-24 08:47:25.831000+00:00	17439	cumulative					
2612	2025-12-24 08:48:52.060000+00:00	17442	cumulative					
2613	2025-12-24 08:50:22.984000+00:00	17445	cumulative					
2614	2025-12-24 08:52:52.328000+00:00	17447	cumulative					
2615	2025-12-24 08:54:12.052000+00:00	17447	cumulative					
2616	2025-12-24 08:55:44.961000+00:00	17447	cumulative					
2617	2025-12-24 08:57:20.796000+00:00	17447	cumulative					
2618	2025-12-24 08:58:45.385000+00:00	17447	cumulative					
2619	2025-12-24 09:00:39.266000+00:00	17450	cumulative					
2620	2025-12-24 09:02:00.377000+00:00	17453	cumulative					
2621	2025-12-24 09:03:39.008000+00:00	17453	cumulative					
2622	2025-12-24 09:05:16.945000+00:00	17457	cumulative					
2623	2025-12-24 09:06:39.459000+00:00	17457	cumulative					
2624	2025-12-24 09:08:07.600000+00:00	17461	cumulative					
2625	2025-12-24 09:09:42.920000+00:00	17461	cumulative					
2626	2025-12-24 09:11:22.108000+00:00	17463	cumulative					
2627	2025-12-24 09:12:41.949000+00:00	17468	cumulative					
2628	2025-12-24 09:14:11.435000+00:00	17477	cumulative					
2629	2025-12-24 09:15:38.695000+00:00	17491	cumulative					
2630	2025-12-24 09:17:34.156000+00:00	17495	cumulative					
2631	2025-12-24 09:19:03.840000+00:00	17501	cumulative					
2632	2025-12-24 09:20:14.368000+00:00	17504	cumulative					
2633	2025-12-24 09:22:08.571000+00:00	17507	cumulative					
2634	2025-12-24 09:23:38.272000+00:00	17508	cumulative					
2635	2025-12-24 10:51:36.521000+00:00	17518	cumulative					
2636	2025-12-24 11:01:22.750000+00:00	17518	cumulative					
2637	2025-12-24 11:24:28.640000+00:00	17518	cumulative					
2638	2025-12-24 11:32:33.622000+00:00	17519	cumulative					
2639	2025-12-24 12:15:09.136000+00:00	17522	cumulative					
2640	2025-12-25 05:07:52.530000+00:00	17523	cumulative					
2641	2025-12-25 05:09:18.116000+00:00	17525	cumulative					
2642	2025-12-25 05:10:46.367000+00:00	17526	cumulative					
2643	2025-12-25 05:12:14.335000+00:00	17528	cumulative					
2644	2025-12-25 05:13:47.706000+00:00	17529	cumulative					
2645	2025-12-25 05:15:17.062000+00:00	17534	cumulative					
2646	2025-12-25 05:17:43.234000+00:00	17536	cumulative					
2647	2025-12-25 05:19:14.901000+00:00	17536	cumulative					
2648	2025-12-25 05:22:25.139000+00:00	17542	cumulative					
2649	2025-12-25 05:22:59.126000+00:00	17543	cumulative					
2650	2025-12-25 05:24:15.142000+00:00	17547	cumulative					
2651	2025-12-25 05:26:04.500000+00:00	17547	cumulative					
2652	2025-12-25 05:26:05.166000+00:00	17547	cumulative					
2653	2025-12-25 05:28:51.097000+00:00	17548	cumulative					
2654	2025-12-25 05:30:18.039000+00:00	17551	cumulative					
2655	2025-12-25 05:33:03.048000+00:00	17551	cumulative					
2656	2025-12-25 05:55:11.704000+00:00	17552	cumulative					
2657	2025-12-25 06:00:03.150000+00:00	17552	cumulative					
2658	2025-12-25 06:02:47.179000+00:00	17554	cumulative					
2659	2025-12-25 06:04:12.292000+00:00	17554	cumulative					
2660	2025-12-25 06:05:40.860000+00:00	17557	cumulative					
2661	2025-12-25 06:06:44.692000+00:00	17563	cumulative					
2662	2025-12-25 06:08:30.345000+00:00	17564	cumulative					
2663	2025-12-25 06:09:54.009000+00:00	17567	cumulative					
2664	2025-12-25 06:10:44.230000+00:00	17568	cumulative					
2665	2025-12-25 06:12:42.822000+00:00	17568	cumulative					
2666	2025-12-25 06:14:17.299000+00:00	17570	cumulative					
2667	2025-12-25 06:15:14.623000+00:00	17572	cumulative					
2668	2025-12-25 07:15:43.299000+00:00	17574	cumulative					
2669	2025-12-25 07:17:49.734000+00:00	17576	cumulative					
2670	2025-12-25 07:21:12.184000+00:00	17582	cumulative					
2671	2025-12-25 07:22:47.999000+00:00	17586	cumulative					
2672	2025-12-25 07:24:49.298000+00:00	17591	cumulative					
2673	2025-12-25 07:28:31.269000+00:00	17600	cumulative					
2674	2025-12-25 07:29:07.851000+00:00	17602	cumulative					
2675	2025-12-25 07:32:13.513000+00:00	17604	cumulative					
2676	2025-12-25 07:33:46.314000+00:00	17615	cumulative					
2677	2025-12-25 07:35:14.754000+00:00	17620	cumulative					
2678	2025-12-25 07:37:10.678000+00:00	17625	cumulative					
2679	2025-12-25 07:38:58.938000+00:00	17641	cumulative					
2680	2025-12-25 15:10:20.629000+00:00	17642	cumulative					
2681	2025-12-25 15:48:08.267000+00:00	17646	cumulative					
2682	2025-12-25 23:20:55.978000+00:00	17657	cumulative					
2683	2025-12-25 23:43:22.935000+00:00	17657	cumulative					
2684	2025-12-25 23:45:01.408000+00:00	17661	cumulative					
2685	2025-12-25 23:46:24.093000+00:00	17667	cumulative					
2686	2025-12-25 23:47:36.130000+00:00	17667	cumulative					
2687	2025-12-25 23:47:52.221000+00:00	17669	cumulative					
2688	2025-12-25 23:50:46.700000+00:00	17672	cumulative					
2689	2025-12-25 23:52:10.509000+00:00	17681	cumulative					
2690	2025-12-25 23:58:46.827000+00:00	17683	cumulative					
2691	2025-12-26 00:01:18.799000+00:00	17702	cumulative					
2692	2025-12-26 00:02:47.709000+00:00	17702	cumulative					
2693	2025-12-26 00:04:13.434000+00:00	17707	cumulative					
2694	2025-12-26 00:05:49.216000+00:00	17707	cumulative					
2695	2025-12-26 00:07:15.139000+00:00	17711	cumulative					
2696	2025-12-26 00:08:40.922000+00:00	17714	cumulative					
2697	2025-12-26 00:10:07.580000+00:00	17715	cumulative					
2698	2025-12-26 01:20:39.080000+00:00	17717	cumulative					
2699	2025-12-26 01:23:08.189000+00:00	17732	cumulative					
2700	2025-12-26 01:24:45.397000+00:00	17734	cumulative					
2701	2025-12-26 01:26:09.950000+00:00	17740	cumulative					
2702	2025-12-26 01:27:45.284000+00:00	17750	cumulative					
2703	2025-12-26 01:29:10.078000+00:00	17760	cumulative					
2704	2025-12-26 01:30:55.549000+00:00	17762	cumulative					
2705	2025-12-26 01:32:20.328000+00:00	17767	cumulative					
2706	2025-12-26 01:33:45.117000+00:00	17770	cumulative					
2707	2025-12-26 01:35:12.761000+00:00	17770	cumulative					
2708	2025-12-26 01:36:05.802000+00:00	17773	cumulative					
2709	2025-12-26 01:37:44.254000+00:00	17775	cumulative					
2710	2025-12-26 01:39:11.833000+00:00	17776	cumulative					
2711	2025-12-26 01:40:58.896000+00:00	17777	cumulative					
2712	2025-12-26 01:41:37.180000+00:00	17779	cumulative					
2713	2025-12-26 01:42:23.590000+00:00	17783	cumulative					
2714	2025-12-26 01:43:57.068000+00:00	17783	cumulative					
2715	2025-12-26 01:46:54.263000+00:00	17786	cumulative					
2716	2025-12-26 02:08:40.712000+00:00	17789	cumulative					
2717	2025-12-26 02:11:10.621000+00:00	17789	cumulative					
2718	2025-12-26 02:13:38.686000+00:00	17791	cumulative					
2719	2025-12-26 02:15:01.888000+00:00	17792	cumulative					
2720	2025-12-26 02:16:06.079000+00:00	17801	cumulative					
2721	2025-12-26 02:17:57.044000+00:00	17805	cumulative					
2722	2025-12-26 02:24:05.196000+00:00	17808	cumulative					
2723	2025-12-26 02:25:29.937000+00:00	17810	cumulative					
2724	2025-12-26 02:26:57.442000+00:00	17812	cumulative					
2725	2025-12-26 02:28:23.659000+00:00	17814	cumulative					
2726	2025-12-26 02:29:55.677000+00:00	17814	cumulative					
2727	2025-12-26 02:31:20.347000+00:00	17817	cumulative					
2728	2025-12-26 02:32:49.631000+00:00	17817	cumulative					
2729	2025-12-26 02:34:15.037000+00:00	17822	cumulative					
2730	2025-12-26 02:35:43.185000+00:00	17824	cumulative					
2731	2025-12-26 02:37:07.078000+00:00	17824	cumulative					
2732	2025-12-26 02:42:37.156000+00:00	17829	cumulative					
2733	2025-12-26 02:44:01.839000+00:00	17832	cumulative					
2734	2025-12-26 02:53:36.784000+00:00	17833	cumulative					
2735	2025-12-26 03:00:54.009000+00:00	17834	cumulative					
2736	2025-12-26 03:26:19.192000+00:00	17838	cumulative					
2737	2025-12-26 03:33:38.208000+00:00	17838	cumulative					
2738	2025-12-26 03:46:19.990000+00:00	17839	cumulative					
2739	2025-12-26 03:49:46.829000+00:00	17843	cumulative					
2740	2025-12-26 03:52:37.125000+00:00	17847	cumulative					
2741	2025-12-26 03:54:47.982000+00:00	17848	cumulative					
2742	2025-12-26 04:01:24.254000+00:00	17850	cumulative					
2743	2025-12-26 04:02:30.952000+00:00	17852	cumulative					
2744	2025-12-26 04:02:53.937000+00:00	17855	cumulative					
2745	2025-12-26 04:05:50.667000+00:00	17864	cumulative					
2746	2025-12-26 04:07:16.156000+00:00	17868	cumulative					
2747	2025-12-26 04:08:43.361000+00:00	17870	cumulative					
2748	2025-12-26 04:10:22.064000+00:00	17873	cumulative					
2749	2025-12-26 04:11:48.549000+00:00	17882	cumulative					
2750	2025-12-26 04:13:24.898000+00:00	17886	cumulative					
2751	2025-12-26 04:14:56.667000+00:00	17893	cumulative					
2752	2025-12-26 04:17:26.007000+00:00	17905	cumulative					
2753	2025-12-26 04:18:55.387000+00:00	17905	cumulative					
2754	2025-12-26 04:20:22.480000+00:00	17911	cumulative					
2755	2025-12-26 04:21:36.989000+00:00	17912	cumulative					
2756	2025-12-26 04:23:10.120000+00:00	17912	cumulative					
2757	2025-12-26 04:24:26.823000+00:00	17916	cumulative					
2758	2025-12-26 04:24:53.202000+00:00	17917	cumulative					
2759	2025-12-26 04:26:08.928000+00:00	17917	cumulative					
2760	2025-12-26 04:28:21.276000+00:00	17917	cumulative					
2761	2025-12-26 04:29:13.954000+00:00	17917	cumulative					
2762	2025-12-26 04:31:12.563000+00:00	17917	cumulative					
2763	2025-12-26 04:34:07.382000+00:00	17920	cumulative					
2764	2025-12-26 04:35:39.237000+00:00	17927	cumulative					
2765	2025-12-26 12:00:09.186000+00:00	17932	cumulative					
2766	2025-12-26 12:45:41.179000+00:00	17935	cumulative					
2767	2025-12-26 13:04:51.793000+00:00	17936	cumulative					
2768	2025-12-26 13:18:44.386000+00:00	17937	cumulative					
2769	2025-12-26 14:44:11.825000+00:00	17937	cumulative					
2770	2025-12-26 18:46:57.274000+00:00	17941	cumulative					
2771	2025-12-26 18:53:59.694000+00:00	17941	cumulative					
2772	2025-12-26 19:10:19.016000+00:00	17942	cumulative					
2773	2025-12-26 19:16:20.675000+00:00	17946	cumulative					
2774	2025-12-26 19:18:43.157000+00:00	17950	cumulative					
2775	2025-12-26 19:20:08.433000+00:00	17954	cumulative					
2776	2025-12-26 19:21:31.979000+00:00	17954	cumulative					
2777	2025-12-26 19:22:57.269000+00:00	17954	cumulative					
2778	2025-12-26 19:25:01.276000+00:00	17956	cumulative					
2779	2025-12-26 19:26:26.673000+00:00	17956	cumulative					
2780	2025-12-26 19:27:53.504000+00:00	17964	cumulative					
2781	2025-12-26 19:29:10.975000+00:00	17966	cumulative					
2782	2025-12-26 19:29:33.361000+00:00	17968	cumulative					
2783	2025-12-26 19:30:57.191000+00:00	17968	cumulative					
2784	2025-12-26 19:32:22.180000+00:00	17968	cumulative					
2785	2025-12-26 19:33:46.603000+00:00	17971	cumulative					
2786	2025-12-26 19:35:11.007000+00:00	17973	cumulative					
2787	2025-12-26 19:38:01.897000+00:00	17984	cumulative					
2788	2025-12-26 19:41:53.507000+00:00	17987	cumulative					
2789	2025-12-26 19:43:19.235000+00:00	17987	cumulative					
2790	2025-12-26 19:44:45.064000+00:00	17989	cumulative					
2791	2025-12-26 19:46:11.937000+00:00	17990	cumulative					
2792	2025-12-26 19:47:38.915000+00:00	17991	cumulative					
2793	2025-12-26 19:49:03.017000+00:00	17993	cumulative					
2794	2025-12-26 19:50:48.810000+00:00	17995	cumulative					
2795	2025-12-26 19:52:15.119000+00:00	17997	cumulative					
2796	2025-12-26 19:52:47.854000+00:00	18002	cumulative					
2797	2025-12-26 19:54:24.437000+00:00	18003	cumulative					
2798	2025-12-26 19:56:36.567000+00:00	18004	cumulative					
2799	2025-12-26 19:57:40.143000+00:00	18012	cumulative					
2800	2025-12-26 19:59:52.627000+00:00	18012	cumulative					
2801	2025-12-26 20:01:38.206000+00:00	18016	cumulative					
2802	2025-12-26 20:03:05.487000+00:00	18017	cumulative					
2803	2025-12-26 20:04:33.553000+00:00	18021	cumulative					
2804	2025-12-26 20:05:45.581000+00:00	18021	cumulative					
2805	2025-12-26 20:08:38.678000+00:00	18026	cumulative					
2806	2025-12-26 20:10:13.213000+00:00	18029	cumulative					
2807	2025-12-26 20:11:39.581000+00:00	18030	cumulative					
2808	2025-12-26 20:13:15.307000+00:00	18030	cumulative					
2809	2025-12-26 20:14:41.944000+00:00	18032	cumulative					
2810	2025-12-26 20:16:21.255000+00:00	18033	cumulative					
2811	2025-12-26 20:17:56.198000+00:00	18039	cumulative					
2812	2025-12-26 20:19:37.582000+00:00	18042	cumulative					
2813	2025-12-26 20:21:04.111000+00:00	18043	cumulative					
2814	2025-12-26 20:22:35.336000+00:00	18044	cumulative					
2815	2025-12-26 20:24:02.305000+00:00	18046	cumulative					
2816	2025-12-26 20:25:27.809000+00:00	18047	cumulative					
2817	2025-12-26 20:26:59.763000+00:00	18047	cumulative					
2818	2025-12-26 20:50:12.024000+00:00	18047	cumulative					
2819	2025-12-26 20:51:39.319000+00:00	18048	cumulative					
2820	2025-12-26 21:25:52.970000+00:00	18053	cumulative					
2821	2025-12-26 21:27:34.482000+00:00	18056	cumulative					
2822	2025-12-26 21:29:01.775000+00:00	18057	cumulative					
2823	2025-12-26 21:30:05.244000+00:00	18060	cumulative					
2824	2025-12-26 21:32:41.416000+00:00	18067	cumulative					
2825	2025-12-26 21:34:54.216000+00:00	18071	cumulative					
2826	2025-12-26 21:36:37.885000+00:00	18079	cumulative					
2827	2025-12-26 21:38:14.268000+00:00	18088	cumulative					
2828	2025-12-26 21:40:00.889000+00:00	18088	cumulative					
2829	2025-12-26 21:41:39.183000+00:00	18093	cumulative					
2830	2025-12-26 21:43:39.549000+00:00	18096	cumulative					
2831	2025-12-26 21:45:09.473000+00:00	18105	cumulative					
2832	2025-12-26 21:46:58.031000+00:00	18107	cumulative					
2833	2025-12-26 21:48:40.100000+00:00	18107	cumulative					
2834	2025-12-26 21:49:13.547000+00:00	18107	cumulative					
2835	2025-12-26 21:52:26.721000+00:00	18112	cumulative					
2836	2025-12-27 02:24:56.171000+00:00	18112	cumulative					
2837	2025-12-27 02:27:33.404000+00:00	18116	cumulative					
2838	2025-12-27 02:30:08.275000+00:00	18117	cumulative					
2839	2025-12-27 02:32:00.599000+00:00	18121	cumulative					
2840	2025-12-27 02:34:12.025000+00:00	18121	cumulative					
2841	2025-12-27 05:26:45.552000+00:00	18121	cumulative					
2842	2025-12-27 05:29:19.059000+00:00	18126	cumulative					
2843	2025-12-27 05:30:24.794000+00:00	18131	cumulative					
2844	2025-12-27 05:31:50.909000+00:00	18131	cumulative					
2845	2025-12-27 05:34:21.744000+00:00	18135	cumulative					
2846	2025-12-27 05:35:47.695000+00:00	18136	cumulative					
2847	2025-12-27 05:37:14.243000+00:00	18137	cumulative					
2848	2025-12-27 05:38:43.379000+00:00	18137	cumulative					
2849	2025-12-27 05:40:11.366000+00:00	18137	cumulative					
2850	2025-12-27 05:41:39.933000+00:00	18139	cumulative					
2851	2025-12-27 05:43:05.268000+00:00	18145	cumulative					
2852	2025-12-27 05:44:31.679000+00:00	18150	cumulative					
2853	2025-12-27 05:46:34.253000+00:00	18153	cumulative					
2854	2025-12-27 05:47:29.048000+00:00	18171	cumulative					
2855	2025-12-27 05:49:07.706000+00:00	18171	cumulative					
2856	2025-12-27 05:50:32.017000+00:00	18172	cumulative					
2857	2025-12-27 05:52:19.123000+00:00	18176	cumulative					
2858	2025-12-27 05:53:52.532000+00:00	18176	cumulative					
2859	2025-12-27 05:54:55.052000+00:00	18179	cumulative					
2860	2025-12-27 05:56:40.548000+00:00	18185	cumulative					
2861	2025-12-27 05:58:33.662000+00:00	18186	cumulative					
2862	2025-12-27 05:59:58.146000+00:00	18187	cumulative					
2863	2025-12-27 06:01:48.315000+00:00	18188	cumulative					
2864	2025-12-27 06:02:50.860000+00:00	18191	cumulative					
2865	2025-12-27 06:04:56.805000+00:00	18194	cumulative					
2866	2025-12-27 06:06:22.239000+00:00	18198	cumulative					
2867	2025-12-27 06:08:09.938000+00:00	18199	cumulative					
2868	2025-12-27 06:09:04.894000+00:00	18201	cumulative					
2869	2025-12-27 06:11:41.290000+00:00	18204	cumulative					
2870	2025-12-27 06:13:16.849000+00:00	18205	cumulative					
2871	2025-12-27 06:14:40.203000+00:00	18207	cumulative					
2872	2025-12-27 06:16:07.680000+00:00	18208	cumulative					
2873	2025-12-27 06:17:24.192000+00:00	18216	cumulative					
2874	2025-12-27 06:19:23.919000+00:00	18217	cumulative					
2875	2025-12-27 06:20:53.219000+00:00	18220	cumulative					
2876	2025-12-27 06:22:19.038000+00:00	18220	cumulative					
2877	2025-12-27 06:23:57.387000+00:00	18221	cumulative					
2878	2025-12-27 06:25:36.368000+00:00	18223	cumulative					
2879	2025-12-27 06:26:59.435000+00:00	18223	cumulative					
2880	2025-12-27 06:28:28.085000+00:00	18223	cumulative					
2881	2025-12-27 06:30:01.925000+00:00	18224	cumulative					
2882	2025-12-27 06:31:20.492000+00:00	18231	cumulative					
2883	2025-12-27 06:32:39.857000+00:00	18235	cumulative					
2884	2025-12-27 06:34:21.030000+00:00	18242	cumulative					
2885	2025-12-27 06:35:47.824000+00:00	18244	cumulative					
2886	2025-12-27 06:37:04.833000+00:00	18244	cumulative					
2887	2025-12-27 06:38:52.076000+00:00	18247	cumulative					
2888	2025-12-27 08:57:46.649000+00:00	18248	cumulative					
2889	2025-12-27 12:26:11.997000+00:00	18248	cumulative					
2890	2025-12-27 13:45:46.793000+00:00	18250	cumulative					
2891	2025-12-27 19:53:57.891000+00:00	18252	cumulative					
2892	2025-12-27 20:43:20.949000+00:00	18252	cumulative					
2893	2025-12-27 20:44:52.537000+00:00	18255	cumulative					
2894	2025-12-27 20:46:35.616000+00:00	18255	cumulative					
2895	2025-12-28 13:20:27.724000+00:00	18258	cumulative					
2896	2025-12-28 13:33:24.538000+00:00	18260	cumulative					
2897	2025-12-28 13:36:52.487000+00:00	18264	cumulative					
2898	2025-12-28 13:38:56.877000+00:00	18265	cumulative					
2899	2025-12-28 13:57:39.898000+00:00	18265	cumulative					
2900	2025-12-28 14:09:42.218000+00:00	18285	cumulative					
2901	2025-12-28 14:19:59.206000+00:00	18285	cumulative					
2902	2025-12-28 14:24:35.500000+00:00	18285	cumulative					
2903	2025-12-28 14:27:19.986000+00:00	18286	cumulative					
2904	2025-12-28 21:38:22.436000+00:00	18292	cumulative					
2905	2025-12-29 12:11:15.436000+00:00	18294	cumulative					
2906	2025-12-29 12:23:28.791000+00:00	18294	cumulative					
2907	2025-12-29 12:25:08.829000+00:00	18294	cumulative					
2908	2025-12-29 12:43:57.021000+00:00	18296	cumulative					
2909	2025-12-29 12:57:00.216000+00:00	18296	cumulative					
2910	2025-12-29 13:03:35.875000+00:00	18297	cumulative					
2911	2025-12-29 13:06:54.583000+00:00	18301	cumulative					
2912	2025-12-29 13:11:56.745000+00:00	18305	cumulative					
2913	2025-12-29 13:13:45.101000+00:00	18308	cumulative					
2914	2025-12-29 13:15:14.955000+00:00	18313	cumulative					
2915	2025-12-29 13:17:23.587000+00:00	18314	cumulative					
2916	2025-12-29 13:28:48.079000+00:00	18316	cumulative					
2917	2025-12-29 13:32:49.374000+00:00	18317	cumulative					
2918	2025-12-29 14:06:18.605000+00:00	18319	cumulative					
2919	2025-12-29 14:07:44.259000+00:00	18321	cumulative					
2920	2025-12-29 14:09:14.532000+00:00	18321	cumulative					
2921	2025-12-29 14:19:26.658000+00:00	18322	cumulative					
2922	2025-12-29 14:22:43.335000+00:00	18323	cumulative					
2923	2025-12-29 14:36:45.453000+00:00	18328	cumulative					
2924	2025-12-30 07:00:03.929000+00:00	18332	cumulative					
2925	2025-12-30 07:01:07.764000+00:00	18332	cumulative					
2926	2025-12-30 07:02:19.882000+00:00	18334	cumulative					
2927	2025-12-30 07:03:49.491000+00:00	18334	cumulative					
2928	2025-12-30 09:53:24.427000+00:00	18335	cumulative					
2929	2025-12-30 09:54:19.736000+00:00	18335	cumulative					
2930	2025-12-30 09:55:26.604000+00:00	18335	cumulative					
2931	2025-12-30 09:56:51.687000+00:00	18337	cumulative					
2932	2025-12-30 09:58:28.785000+00:00	18339	cumulative					
2933	2025-12-30 09:59:54.444000+00:00	18339	cumulative					
2934	2025-12-30 10:01:26.547000+00:00	18339	cumulative					
2935	2025-12-30 10:02:53.133000+00:00	18344	cumulative					
2936	2025-12-30 10:04:20.477000+00:00	18346	cumulative					
2937	2025-12-30 10:05:44.702000+00:00	18347	cumulative					
2938	2025-12-30 10:07:09.212000+00:00	18351	cumulative					
2939	2025-12-30 10:10:03.805000+00:00	18353	cumulative					
2940	2025-12-30 10:11:21.164000+00:00	18355	cumulative					
2941	2025-12-30 10:11:43.858000+00:00	18357	cumulative					
2942	2025-12-30 10:14:31.534000+00:00	18358	cumulative					
2943	2025-12-30 10:14:40.313000+00:00	18364	cumulative					
2944	2025-12-30 10:17:19.864000+00:00	18365	cumulative					
2945	2025-12-30 10:18:44.251000+00:00	18366	cumulative					
2946	2025-12-30 10:20:13.901000+00:00	18372	cumulative					
2947	2025-12-30 10:22:22.416000+00:00	18372	cumulative					
2948	2025-12-30 10:23:48.516000+00:00	18374	cumulative					
2949	2025-12-30 10:25:20.571000+00:00	18376	cumulative					
2950	2025-12-30 10:27:05.801000+00:00	18376	cumulative					
2951	2025-12-30 10:27:23.837000+00:00	18376	cumulative					
2952	2025-12-30 10:29:19.592000+00:00	18384	cumulative					
2953	2025-12-30 10:32:15.784000+00:00	18392	cumulative					
2954	2025-12-30 10:33:51.766000+00:00	18392	cumulative					
2955	2025-12-30 10:35:17.604000+00:00	18393	cumulative					
2956	2025-12-30 10:36:43.546000+00:00	18397	cumulative					
2957	2025-12-30 10:40:35.925000+00:00	18405	cumulative					
2958	2025-12-30 10:42:00.960000+00:00	18408	cumulative					
2959	2025-12-30 10:42:36.994000+00:00	18408	cumulative					
2960	2025-12-30 10:44:53.448000+00:00	18409	cumulative					
2961	2025-12-30 10:46:25.576000+00:00	18415	cumulative					
2962	2025-12-30 10:49:46.212000+00:00	18419	cumulative					
2963	2025-12-30 10:51:31.486000+00:00	18421	cumulative					
2964	2025-12-30 10:52:03.833000+00:00	18427	cumulative					
2965	2025-12-30 10:54:45.468000+00:00	18436	cumulative					
2966	2025-12-30 10:55:40.170000+00:00	18439	cumulative					
2967	2025-12-30 10:57:43.993000+00:00	18444	cumulative					
2968	2025-12-30 10:59:13.897000+00:00	18446	cumulative					
2969	2025-12-30 11:00:11.826000+00:00	18447	cumulative					
2970	2025-12-30 11:01:22.100000+00:00	18449	cumulative					
2971	2025-12-30 11:03:46.646000+00:00	18457	cumulative					
2972	2025-12-30 11:04:36.488000+00:00	18459	cumulative					
2973	2025-12-30 15:40:15.463000+00:00	18465	cumulative					
2974	2025-12-30 15:41:48.519000+00:00	18466	cumulative					
2975	2025-12-30 15:44:45.289000+00:00	18469	cumulative					
2976	2025-12-30 15:52:20.752000+00:00	18469	cumulative					
2977	2025-12-30 15:54:19.810000+00:00	18469	cumulative					
2978	2025-12-30 15:55:21.986000+00:00	18470	cumulative					
2979	2025-12-30 15:56:50.110000+00:00	18471	cumulative					
2980	2025-12-30 15:58:18.945000+00:00	18471	cumulative					
2981	2025-12-30 16:00:31.031000+00:00	18471	cumulative					
2982	2025-12-30 16:02:03.527000+00:00	18479	cumulative					
2984	2025-12-30 16:05:13.996000+00:00	18481	cumulative					
2985	2025-12-30 16:06:25.436000+00:00	18482	cumulative					
2986	2025-12-30 16:08:21.576000+00:00	18483	cumulative					
2987	2025-12-30 16:09:16.045000+00:00	18494	cumulative					
2988	2025-12-30 16:11:47.109000+00:00	18495	cumulative					
2989	2025-12-30 16:13:33.972000+00:00	18496	cumulative					
2990	2025-12-30 16:40:21.154000+00:00	18501	cumulative					
2991	2025-12-30 16:42:03.412000+00:00	18502	cumulative					
2992	2025-12-30 18:05:44.863000+00:00	18506	cumulative					
2993	2025-12-30 18:07:23.594000+00:00	18508	cumulative					
2994	2025-12-30 18:09:09.609000+00:00	18509	cumulative					
2995	2025-12-30 18:10:47.360000+00:00	18509	cumulative					
2996	2025-12-30 18:12:39.206000+00:00	18509	cumulative					
2997	2025-12-30 18:13:45.143000+00:00	18514	cumulative					
2998	2025-12-30 18:15:32.566000+00:00	18515	cumulative					
2999	2025-12-30 18:16:52.144000+00:00	18524	cumulative					
3000	2025-12-30 18:18:24.696000+00:00	18526	cumulative					
3001	2025-12-30 18:20:17.841000+00:00	18533	cumulative					
3002	2025-12-30 18:21:29.909000+00:00	18538	cumulative					
3003	2025-12-30 18:23:00.342000+00:00	18538	cumulative					
3004	2025-12-30 18:24:41.473000+00:00	18539	cumulative					
3005	2025-12-30 18:26:57.658000+00:00	18542	cumulative					
3006	2025-12-30 18:28:25.040000+00:00	18543	cumulative					
3007	2025-12-30 18:29:52.530000+00:00	18544	cumulative					
3008	2025-12-30 18:31:35.202000+00:00	18546	cumulative					
3009	2025-12-30 18:33:10.887000+00:00	18546	cumulative					
3010	2025-12-30 18:34:40.975000+00:00	18551	cumulative					
3011	2025-12-30 18:36:10.886000+00:00	18555	cumulative					
3012	2025-12-30 18:37:54.931000+00:00	18556	cumulative					
3013	2025-12-30 18:39:41.980000+00:00	18567	cumulative					
3014	2025-12-30 18:41:13.960000+00:00	18571	cumulative					
3015	2025-12-30 18:42:21.963000+00:00	18571	cumulative					
3016	2025-12-30 18:43:04.569000+00:00	18572	cumulative					
3017	2025-12-30 18:44:51.539000+00:00	18575	cumulative					
3018	2025-12-30 18:47:44.194000+00:00	18575	cumulative					
3019	2025-12-30 18:49:09.370000+00:00	18577	cumulative					
3020	2025-12-30 20:15:25.259000+00:00	18579	cumulative					
3021	2025-12-30 20:16:49.638000+00:00	18580	cumulative					
3022	2025-12-30 20:17:37.326000+00:00	18581	cumulative					
3023	2025-12-30 20:19:25.611000+00:00	18581	cumulative					
3024	2025-12-30 20:21:01.050000+00:00	18583	cumulative					
3025	2025-12-30 20:22:43.145000+00:00	18585	cumulative					
3026	2025-12-30 20:24:12.702000+00:00	18586	cumulative					
3027	2025-12-30 20:25:37.038000+00:00	18586	cumulative					
3028	2025-12-30 20:27:00.977000+00:00	18590	cumulative					
3029	2025-12-30 20:28:31.971000+00:00	18591	cumulative					
3030	2025-12-30 20:30:24.055000+00:00	18591	cumulative					
3031	2025-12-30 20:32:17.732000+00:00	18592	cumulative					
3032	2025-12-30 20:34:01.021000+00:00	18606	cumulative					
3033	2025-12-30 20:35:47.677000+00:00	18609	cumulative					
3034	2025-12-30 20:37:33.718000+00:00	18609	cumulative					
3035	2025-12-31 06:38:12.499000+00:00	18609	cumulative					
3036	2025-12-31 06:39:48.583000+00:00	18611	cumulative					
3037	2025-12-31 06:41:13.721000+00:00	18611	cumulative					
3038	2025-12-31 06:42:58.824000+00:00	18612	cumulative					
3039	2025-12-31 06:44:23.673000+00:00	18613	cumulative					
3040	2025-12-31 06:45:53.171000+00:00	18616	cumulative					
3041	2025-12-31 06:47:14.337000+00:00	18617	cumulative					
3042	2025-12-31 06:48:48.435000+00:00	18618	cumulative					
3043	2025-12-31 06:57:59.416000+00:00	18618	cumulative					
3044	2025-12-31 07:00:18.253000+00:00	18620	cumulative					
3045	2025-12-31 07:02:03.569000+00:00	18623	cumulative					
3046	2025-12-31 07:03:37.334000+00:00	18631	cumulative					
3047	2025-12-31 07:05:03.812000+00:00	18632	cumulative					
3048	2025-12-31 07:06:29.958000+00:00	18638	cumulative					
3049	2025-12-31 07:07:57.696000+00:00	18649	cumulative					
3050	2025-12-31 07:09:22.891000+00:00	18658	cumulative					
3051	2025-12-31 07:11:30.758000+00:00	18665	cumulative					
3052	2025-12-31 07:12:39.994000+00:00	18665	cumulative					
3053	2025-12-31 07:14:15.602000+00:00	18673	cumulative					
3054	2025-12-31 07:16:34.763000+00:00	18676	cumulative					
3055	2025-12-31 07:18:24.581000+00:00	18679	cumulative					
3056	2025-12-31 07:23:02.980000+00:00	18683	cumulative					
3057	2025-12-31 07:25:32.433000+00:00	18686	cumulative					
3058	2025-12-31 07:27:33.680000+00:00	18690	cumulative					
3059	2025-12-31 07:29:10.839000+00:00	18691	cumulative					
3060	2025-12-31 07:31:05.861000+00:00	18695	cumulative					
3061	2025-12-31 07:35:54.249000+00:00	18698	cumulative					
3062	2025-12-31 07:51:20.518000+00:00	18698	cumulative					
3063	2025-12-31 07:52:35.344000+00:00	18703	cumulative					
3064	2025-12-31 07:53:04.820000+00:00	18706	cumulative					
3065	2025-12-31 07:53:59.158000+00:00	18706	cumulative					
3066	2025-12-31 07:55:24.084000+00:00	18708	cumulative					
3067	2025-12-31 07:57:51.655000+00:00	18712	cumulative					
3068	2025-12-31 08:02:53.867000+00:00	18713	cumulative					
3069	2025-12-31 08:04:35.160000+00:00	18719	cumulative					
3070	2025-12-31 08:07:33.438000+00:00	18721	cumulative					
3071	2025-12-31 10:26:29.948000+00:00	18728	cumulative					
3072	2025-12-31 10:35:18.505000+00:00	18729	cumulative					
3073	2025-12-31 10:36:55.088000+00:00	18734	cumulative					
3074	2025-12-31 10:38:28.377000+00:00	18735	cumulative					
3075	2025-12-31 10:39:57.257000+00:00	18735	cumulative					
3076	2025-12-31 10:42:44.526000+00:00	18743	cumulative					
3077	2025-12-31 10:44:27.629000+00:00	18743	cumulative					
3078	2025-12-31 10:45:53.140000+00:00	18748	cumulative					
3079	2025-12-31 10:47:23.714000+00:00	18749	cumulative					
3080	2025-12-31 10:48:47.913000+00:00	18754	cumulative					
3081	2025-12-31 10:50:12.981000+00:00	18757	cumulative					
3082	2025-12-31 10:51:44.175000+00:00	18758	cumulative					
3083	2025-12-31 10:53:33.409000+00:00	18759	cumulative					
3084	2025-12-31 10:54:59.174000+00:00	18759	cumulative					
3085	2025-12-31 10:56:24.106000+00:00	18761	cumulative					
3086	2025-12-31 10:58:17.332000+00:00	18763	cumulative					
3087	2025-12-31 10:59:46.569000+00:00	18773	cumulative					
3088	2025-12-31 11:01:27.288000+00:00	18774	cumulative					
3089	2025-12-31 11:02:53.368000+00:00	18774	cumulative					
3090	2025-12-31 11:03:44.341000+00:00	18776	cumulative					
3091	2025-12-31 11:06:08.941000+00:00	18777	cumulative					
3092	2025-12-31 11:07:06.668000+00:00	18777	cumulative					
3093	2025-12-31 11:08:00.323000+00:00	18777	cumulative					
3094	2025-12-31 11:09:24.513000+00:00	18787	cumulative					
3095	2025-12-31 11:10:49.524000+00:00	18792	cumulative					
3096	2025-12-31 11:14:10.020000+00:00	18793	cumulative					
3097	2025-12-31 11:15:39.135000+00:00	18800	cumulative					
3098	2025-12-31 11:16:47.226000+00:00	18815	cumulative					
3099	2025-12-31 11:18:43.987000+00:00	18817	cumulative					
3100	2025-12-31 11:19:36.195000+00:00	18818	cumulative					
3101	2025-12-31 11:21:41.511000+00:00	18822	cumulative					
3102	2025-12-31 11:23:10.601000+00:00	18823	cumulative					
3103	2025-12-31 11:24:35.950000+00:00	18824	cumulative					
3104	2025-12-31 11:26:11.920000+00:00	18825	cumulative					
3105	2025-12-31 12:08:52.746000+00:00	18826	cumulative					
3106	2025-12-31 12:23:20.509000+00:00	18830	cumulative					
3107	2025-12-31 14:41:38.181000+00:00	18832	cumulative					
3108	2025-12-31 14:43:05.788000+00:00	18834	cumulative					
3109	2025-12-31 14:44:42.892000+00:00	18835	cumulative					
3110	2025-12-31 14:47:06.309000+00:00	18839	cumulative					
3111	2025-12-31 14:47:24.034000+00:00	18842	cumulative					
3112	2025-12-31 14:48:59.196000+00:00	18844	cumulative					
3113	2025-12-31 14:50:29.295000+00:00	18846	cumulative					
3114	2025-12-31 14:52:07.953000+00:00	18848	cumulative					
3115	2025-12-31 14:55:19.140000+00:00	18868	cumulative					
3116	2025-12-31 14:56:46.669000+00:00	18872	cumulative					
3117	2025-12-31 14:58:51.715000+00:00	18872	cumulative					
3118	2025-12-31 14:59:34.147000+00:00	18874	cumulative					
3119	2025-12-31 15:01:47.355000+00:00	18878	cumulative					
3120	2025-12-31 15:04:19.084000+00:00	18879	cumulative					
3121	2025-12-31 15:06:10.085000+00:00	18881	cumulative					
3122	2025-12-31 15:07:53.734000+00:00	18883	cumulative					
3123	2025-12-31 15:09:27.925000+00:00	18883	cumulative					
3124	2025-12-31 15:10:59.638000+00:00	18883	cumulative					
3125	2025-12-31 15:12:40.329000+00:00	18884	cumulative					
3126	2025-12-31 15:14:11.182000+00:00	18885	cumulative					
3127	2025-12-31 15:15:20.675000+00:00	18887	cumulative					
3128	2025-12-31 15:17:27.045000+00:00	18891	cumulative					
3129	2025-12-31 15:19:07.504000+00:00	18894	cumulative					
3130	2025-12-31 15:21:18.272000+00:00	18895	cumulative					
3131	2025-12-31 15:22:42.113000+00:00	18899	cumulative					
3132	2025-12-31 15:24:16.253000+00:00	18899	cumulative					
3133	2025-12-31 15:25:22.144000+00:00	18902	cumulative					
3134	2025-12-31 15:27:41.739000+00:00	18905	cumulative					
3135	2025-12-31 17:36:47.838000+00:00	18909	cumulative					
3136	2025-12-31 17:38:24.896000+00:00	18912	cumulative					
3137	2025-12-31 17:40:11.327000+00:00	18917	cumulative					
3138	2025-12-31 17:42:24.968000+00:00	18922	cumulative					
3139	2025-12-31 17:44:05.960000+00:00	18922	cumulative					
3140	2025-12-31 17:45:37.127000+00:00	18923	cumulative					
3141	2025-12-31 17:47:18.026000+00:00	18923	cumulative					
3142	2025-12-31 17:48:43.360000+00:00	18925	cumulative					
3143	2025-12-31 17:50:04.105000+00:00	18933	cumulative					
3144	2025-12-31 17:51:27.955000+00:00	18939	cumulative					
3145	2025-12-31 17:53:20.592000+00:00	18939	cumulative					
3146	2025-12-31 17:54:26.955000+00:00	18939	cumulative					
3147	2025-12-31 17:56:52.365000+00:00	18940	cumulative					
3148	2025-12-31 17:57:16.175000+00:00	18944	cumulative					
3149	2025-12-31 18:00:11.698000+00:00	18945	cumulative					
3150	2025-12-31 18:02:15.840000+00:00	18950	cumulative					
3151	2025-12-31 18:04:07.475000+00:00	18950	cumulative					
3152	2025-12-31 18:05:36.079000+00:00	18954	cumulative					
3153	2025-12-31 18:06:59.833000+00:00	18955	cumulative					
3154	2025-12-31 18:08:25.672000+00:00	18956	cumulative					
3155	2025-12-31 18:09:50.599000+00:00	18957	cumulative					
3156	2025-12-31 18:11:20.412000+00:00	18961	cumulative					
3157	2025-12-31 18:12:53.948000+00:00	18963	cumulative					
3158	2025-12-31 18:15:16.255000+00:00	18965	cumulative					
3159	2025-12-31 18:16:42.070000+00:00	18966	cumulative					
3160	2025-12-31 18:18:32.403000+00:00	18966	cumulative					
3161	2025-12-31 18:19:57.866000+00:00	18967	cumulative					
3162	2025-12-31 18:21:34.716000+00:00	18971	cumulative					
3163	2025-12-31 18:23:28.108000+00:00	18974	cumulative					
3164	2025-12-31 18:24:52.151000+00:00	18975	cumulative					
3165	2025-12-31 18:26:19.794000+00:00	18976	cumulative					
3166	2025-12-31 18:27:54.383000+00:00	18978	cumulative					
3167	2025-12-31 18:28:10.524000+00:00	18978	cumulative					
3168	2025-12-31 18:29:38.138000+00:00	18978	cumulative					
3169	2025-12-31 18:31:16.969000+00:00	18980	cumulative					
3170	2025-12-31 18:33:59.192000+00:00	18980	cumulative					
3171	2025-12-31 19:40:19.468000+00:00	18984	cumulative					
3172	2025-12-31 19:52:11.794000+00:00	18986	cumulative					
3173	2025-12-31 20:01:42.330000+00:00	18998	cumulative					
3174	2025-12-31 20:03:20.372000+00:00	19003	cumulative					
3175	2025-12-31 23:13:20.666000+00:00	19005	cumulative					
3176	2026-01-01 05:31:23.453000+00:00	19005	cumulative					
3177	2026-01-01 05:32:59.882000+00:00	19005	cumulative					
3178	2026-01-01 13:01:32.695000+00:00	19009	cumulative					
3179	2026-01-01 13:08:35.973000+00:00	19013	cumulative					
3180	2026-01-01 13:14:25.180000+00:00	19016	cumulative					
3181	2026-01-01 13:43:06.331000+00:00	19021	cumulative					
3182	2026-01-01 13:51:34.957000+00:00	19028	cumulative					
3183	2026-01-01 14:32:32.116000+00:00	19029	cumulative					
3184	2026-01-01 14:35:59.514000+00:00	19030	cumulative					
3185	2026-01-01 14:38:21.239000+00:00	19032	cumulative					
3186	2026-01-01 14:40:04.987000+00:00	19042	cumulative					
3187	2026-01-01 14:41:34.228000+00:00	19047	cumulative					
3188	2026-01-01 14:43:07.463000+00:00	19051	cumulative					
3189	2026-01-01 14:45:42.895000+00:00	19051	cumulative					
3190	2026-01-01 14:47:38.389000+00:00	19051	cumulative					
3191	2026-01-01 14:48:56.632000+00:00	19051	cumulative					
3192	2026-01-01 14:52:16.453000+00:00	19051	cumulative					
3193	2026-01-01 14:53:12.044000+00:00	19058	cumulative					
3194	2026-01-01 14:54:35.566000+00:00	19060	cumulative					
3195	2026-01-01 14:57:34.258000+00:00	19060	cumulative					
3196	2026-01-01 14:59:24.132000+00:00	19062	cumulative					
3197	2026-01-01 15:00:43.495000+00:00	19062	cumulative					
3198	2026-01-01 15:02:24.024000+00:00	19063	cumulative					
3199	2026-01-01 15:03:41.795000+00:00	19067	cumulative					
3200	2026-01-01 15:05:56.602000+00:00	19069	cumulative					
3201	2026-01-01 15:06:51.771000+00:00	19071	cumulative					
3202	2026-01-01 15:09:15.377000+00:00	19073	cumulative					
3203	2026-01-01 15:10:01.116000+00:00	19078	cumulative					
3204	2026-01-01 15:12:28.167000+00:00	19083	cumulative					
3205	2026-01-01 15:13:36.884000+00:00	19085	cumulative					
3206	2026-01-01 15:14:20.682000+00:00	19085	cumulative					
3207	2026-01-01 15:15:47.963000+00:00	19086	cumulative					
3208	2026-01-01 15:17:15.353000+00:00	19086	cumulative					
3209	2026-01-01 15:20:14.636000+00:00	19087	cumulative					
3210	2026-01-01 15:24:35.874000+00:00	19088	cumulative					
3211	2026-01-01 15:29:21.051000+00:00	19093	cumulative					
3212	2026-01-01 16:44:47.450000+00:00	19097	cumulative					
3213	2026-01-01 16:46:13.091000+00:00	19098	cumulative					
3214	2026-01-01 16:46:58.953000+00:00	19101	cumulative					
3215	2026-01-01 16:49:13.944000+00:00	19102	cumulative					
3216	2026-01-01 16:50:52.983000+00:00	19105	cumulative					
3217	2026-01-01 16:51:45.452000+00:00	19105	cumulative					
3218	2026-01-01 16:52:29.352000+00:00	19109	cumulative					
3219	2026-01-01 16:54:02.736000+00:00	19114	cumulative					
3220	2026-01-01 16:57:10.392000+00:00	19120	cumulative					
3221	2026-01-01 17:23:55.753000+00:00	19120	cumulative					
3222	2026-01-01 17:26:55.789000+00:00	19130	cumulative					
3223	2026-01-01 17:28:28.206000+00:00	19131	cumulative					
3224	2026-01-01 17:29:51.624000+00:00	19131	cumulative					
3225	2026-01-01 17:31:05.234000+00:00	19132	cumulative					
3226	2026-01-01 17:31:23.491000+00:00	19135	cumulative					
3227	2026-01-01 17:34:11.306000+00:00	19139	cumulative					
3228	2026-01-01 17:35:09.303000+00:00	19139	cumulative					
3229	2026-01-01 17:36:56.262000+00:00	19139	cumulative					
3230	2026-01-01 17:37:17.779000+00:00	19142	cumulative					
3231	2026-01-01 17:39:58.196000+00:00	19142	cumulative					
3232	2026-01-01 17:41:27.127000+00:00	19147	cumulative					
3233	2026-01-01 17:42:53.155000+00:00	19147	cumulative					
3234	2026-01-01 17:44:21.378000+00:00	19153	cumulative					
3235	2026-01-01 18:25:01.354000+00:00	19155	cumulative					
3236	2026-01-01 18:28:29.112000+00:00	19158	cumulative					
3237	2026-01-01 18:29:55.744000+00:00	19159	cumulative					
3238	2026-01-01 18:32:50.062000+00:00	19163	cumulative					
3239	2026-01-01 18:34:53.161000+00:00	19166	cumulative					
3240	2026-01-01 18:36:21.618000+00:00	19169	cumulative					
3241	2026-01-01 18:38:03.758000+00:00	19172	cumulative					
3242	2026-01-01 18:41:06.415000+00:00	19181	cumulative					
3243	2026-01-01 18:42:15.967000+00:00	19183	cumulative					
3244	2026-01-01 18:44:08.971000+00:00	19183	cumulative					
3245	2026-01-01 18:45:50.269000+00:00	19183	cumulative					
3246	2026-01-01 18:48:19.343000+00:00	19185	cumulative					
3247	2026-01-01 18:49:43.990000+00:00	19186	cumulative					
3248	2026-01-01 18:51:08.760000+00:00	19188	cumulative					
3249	2026-01-01 18:52:51.887000+00:00	19192	cumulative					
3250	2026-01-01 18:54:13.807000+00:00	19192	cumulative					
3251	2026-01-01 18:55:57.240000+00:00	19192	cumulative					
3252	2026-01-01 18:56:38.751000+00:00	19204	cumulative					
3253	2026-01-01 18:59:10.260000+00:00	19204	cumulative					
3254	2026-01-01 19:00:59.057000+00:00	19208	cumulative					
3255	2026-01-01 19:02:28.451000+00:00	19212	cumulative					
3256	2026-01-01 19:03:54.761000+00:00	19212	cumulative					
3257	2026-01-01 19:05:40.452000+00:00	19219	cumulative					
3258	2026-01-01 19:07:10.407000+00:00	19222	cumulative					
3259	2026-01-01 19:08:37.224000+00:00	19222	cumulative					
3260	2026-01-01 19:10:44.450000+00:00	19222	cumulative					
3261	2026-01-01 19:11:40.714000+00:00	19223	cumulative					
3262	2026-01-01 19:13:43.153000+00:00	19234	cumulative					
3263	2026-01-01 19:15:21.598000+00:00	19236	cumulative					
3264	2026-01-01 19:16:28.586000+00:00	19241	cumulative					
3265	2026-01-01 20:02:47.504000+00:00	19243	cumulative					
3266	2026-01-01 20:05:32.061000+00:00	19244	cumulative					
3267	2026-01-01 20:07:37.640000+00:00	19244	cumulative					
3268	2026-01-01 20:09:13.852000+00:00	19244	cumulative					
3269	2026-01-01 20:10:31.979000+00:00	19245	cumulative					
3270	2026-01-01 20:10:47.965000+00:00	19249	cumulative					
3271	2026-01-01 20:13:56.335000+00:00	19250	cumulative					
3272	2026-01-01 20:15:20.855000+00:00	19251	cumulative					
3273	2026-01-01 20:16:46.074000+00:00	19253	cumulative					
3274	2026-01-01 20:18:13.491000+00:00	19255	cumulative					
3275	2026-01-01 20:20:06.130000+00:00	19257	cumulative					
3276	2026-01-01 20:21:20.237000+00:00	19265	cumulative					
3277	2026-01-01 20:22:45.557000+00:00	19267	cumulative					
3278	2026-01-01 20:24:23.779000+00:00	19267	cumulative					
3279	2026-01-01 20:25:47.798000+00:00	19268	cumulative					
3280	2026-01-01 20:26:41.591000+00:00	19268	cumulative					
3281	2026-01-01 20:29:36.471000+00:00	19271	cumulative					
3282	2026-01-01 20:31:46.554000+00:00	19271	cumulative					
3283	2026-01-01 20:33:59.321000+00:00	19272	cumulative					
3284	2026-01-01 20:35:23.123000+00:00	19276	cumulative					
3285	2026-01-01 20:36:52.284000+00:00	19278	cumulative					
3286	2026-01-01 20:38:20.885000+00:00	19287	cumulative					
3287	2026-01-01 20:39:35.640000+00:00	19289	cumulative					
3288	2026-01-01 20:41:16.471000+00:00	19289	cumulative					
3289	2026-01-01 20:42:40.608000+00:00	19292	cumulative					
3290	2026-01-01 20:44:10.046000+00:00	19292	cumulative					
3291	2026-01-01 20:46:17.204000+00:00	19292	cumulative					
3292	2026-01-01 20:47:44.361000+00:00	19292	cumulative					
3293	2026-01-01 20:49:13.518000+00:00	19292	cumulative					
3294	2026-01-01 20:50:49.700000+00:00	19294	cumulative					
3295	2026-01-01 20:52:09.342000+00:00	19297	cumulative					
3296	2026-01-01 20:53:25.033000+00:00	19301	cumulative					
3297	2026-01-01 20:55:08.198000+00:00	19308	cumulative					
3298	2026-01-01 20:56:32.349000+00:00	19308	cumulative					
3299	2026-01-01 20:57:47.749000+00:00	19308	cumulative					
3300	2026-01-01 20:59:35.770000+00:00	19310	cumulative					
3301	2026-01-01 21:01:04.326000+00:00	19310	cumulative					
3302	2026-01-01 21:02:39.500000+00:00	19319	cumulative					
3303	2026-01-01 21:34:43.928000+00:00	19321	cumulative					
3304	2026-01-01 21:34:50.657000+00:00	19323	cumulative					
3305	2026-01-01 21:36:51.558000+00:00	19323	cumulative					
3306	2026-01-01 21:38:40.915000+00:00	19323	cumulative					
3307	2026-01-01 21:39:55.833000+00:00	19325	cumulative					
3308	2026-01-01 21:41:28.033000+00:00	19327	cumulative					
3309	2026-01-01 21:41:29.330000+00:00	19329	cumulative					
3310	2026-01-01 21:45:10.111000+00:00	19330	cumulative					
3311	2026-01-01 21:45:37.714000+00:00	19330	cumulative					
3312	2026-01-01 21:48:09.363000+00:00	19330	cumulative					
3313	2026-01-01 21:48:44.465000+00:00	19330	cumulative					
3314	2026-01-01 21:50:59.115000+00:00	19333	cumulative					
3315	2026-01-01 21:52:13.132000+00:00	19334	cumulative					
3316	2026-01-01 21:53:05.597000+00:00	19335	cumulative					
3317	2026-01-01 22:42:08.082000+00:00	19338	cumulative					
3318	2026-01-01 22:43:46.871000+00:00	19339	cumulative					
3319	2026-01-01 22:45:24.228000+00:00	19340	cumulative					
3320	2026-01-01 22:47:13.705000+00:00	19343	cumulative					
3321	2026-01-01 22:48:57.626000+00:00	19346	cumulative					
3322	2026-01-01 22:51:36.326000+00:00	19347	cumulative					
3323	2026-01-01 22:53:13.979000+00:00	19347	cumulative					
3324	2026-01-01 22:54:40.714000+00:00	19347	cumulative					
3325	2026-01-01 22:55:42.821000+00:00	19348	cumulative					
3326	2026-01-02 12:48:53.534000+00:00	19352	cumulative					
3327	2026-01-02 12:51:41.513000+00:00	19354	cumulative					
3328	2026-01-02 12:52:52.431000+00:00	19358	cumulative					
3329	2026-01-02 12:54:21.967000+00:00	19358	cumulative					
3330	2026-01-02 12:55:59.203000+00:00	19363	cumulative					
3331	2026-01-02 12:57:24.739000+00:00	19363	cumulative					
3332	2026-01-02 12:58:12.020000+00:00	19370	cumulative					
3333	2026-01-02 12:59:51.343000+00:00	19371	cumulative					
3334	2026-01-02 13:01:19.680000+00:00	19373	cumulative					
3335	2026-01-02 13:03:45.755000+00:00	19376	cumulative					
3336	2026-01-02 13:09:20.842000+00:00	19376	cumulative					
3337	2026-01-02 13:10:31.090000+00:00	19377	cumulative					
3338	2026-01-02 13:12:01.520000+00:00	19380	cumulative					
3339	2026-01-02 13:13:46.945000+00:00	19380	cumulative					
3340	2026-01-02 13:15:23.908000+00:00	19382	cumulative					
3341	2026-01-02 13:17:09.904000+00:00	19383	cumulative					
3342	2026-01-02 13:18:44.371000+00:00	19388	cumulative					
3343	2026-01-02 13:19:57.704000+00:00	19390	cumulative					
3344	2026-01-02 13:21:27.805000+00:00	19396	cumulative					
3345	2026-01-02 13:22:59.415000+00:00	19402	cumulative					
3346	2026-01-02 13:24:38.086000+00:00	19404	cumulative					
3347	2026-01-02 13:26:14.097000+00:00	19404	cumulative					
3348	2026-01-02 13:27:40.069000+00:00	19408	cumulative					
3349	2026-01-02 13:29:08.666000+00:00	19418	cumulative					
3350	2026-01-02 13:30:42.083000+00:00	19418	cumulative					
3351	2026-01-02 13:32:17.091000+00:00	19420	cumulative					
3352	2026-01-02 13:33:52.527000+00:00	19420	cumulative					
3353	2026-01-02 13:35:40.092000+00:00	19420	cumulative					
3354	2026-01-02 13:36:40.541000+00:00	19421	cumulative					
3355	2026-01-02 13:38:10.960000+00:00	19421	cumulative					
3356	2026-01-02 13:40:30.144000+00:00	19424	cumulative					
3357	2026-01-02 13:41:07.014000+00:00	19426	cumulative					
3358	2026-01-02 13:43:43.858000+00:00	19435	cumulative					
3359	2026-01-02 13:45:30.587000+00:00	19441	cumulative					
3360	2026-01-02 13:46:58.766000+00:00	19441	cumulative					
3361	2026-01-02 13:48:29.309000+00:00	19443	cumulative					
3362	2026-01-02 13:50:38.558000+00:00	19445	cumulative					
3363	2026-01-02 13:51:24.853000+00:00	19445	cumulative					
3364	2026-01-02 13:53:57.795000+00:00	19445	cumulative					
3365	2026-01-02 13:55:47.250000+00:00	19448	cumulative					
3366	2026-01-02 13:57:12.049000+00:00	19455	cumulative					
3367	2026-01-02 13:58:17.590000+00:00	19463	cumulative					
3368	2026-01-02 13:59:49.845000+00:00	19463	cumulative					
3369	2026-01-02 14:01:21.374000+00:00	19469	cumulative					
3370	2026-01-02 14:02:48.766000+00:00	19470	cumulative					
3371	2026-01-03 12:00:34.483000+00:00	19470	cumulative					
3372	2026-01-03 15:04:53.905000+00:00	19471	cumulative					
3373	2026-01-04 00:45:12.230000+00:00	19471	cumulative					
3374	2026-01-04 00:47:49.009000+00:00	19473	cumulative					
3375	2026-01-04 00:49:26.585000+00:00	19475	cumulative					
3376	2026-01-04 00:51:13.413000+00:00	19475	cumulative					
3377	2026-01-04 00:52:40.856000+00:00	19477	cumulative					
3378	2026-01-04 00:54:09.422000+00:00	19478	cumulative					
3379	2026-01-04 00:55:28.919000+00:00	19482	cumulative					
3380	2026-01-04 00:57:20.946000+00:00	19482	cumulative					
3381	2026-01-04 00:59:18.490000+00:00	19482	cumulative					
3382	2026-01-04 01:00:50.641000+00:00	19487	cumulative					
3383	2026-01-04 01:02:16.852000+00:00	19493	cumulative					
3384	2026-01-04 01:07:34.829000+00:00	19496	cumulative					
3385	2026-01-04 01:13:35.152000+00:00	19496	cumulative					
3386	2026-01-04 01:14:59.342000+00:00	19499	cumulative					
3387	2026-01-04 01:16:29.053000+00:00	19502	cumulative					
3388	2026-01-04 01:17:33.092000+00:00	19502	cumulative					
3389	2026-01-04 01:19:25.265000+00:00	19502	cumulative					
3390	2026-01-04 01:19:42.173000+00:00	19503	cumulative					
3391	2026-01-04 01:21:51.701000+00:00	19503	cumulative					
3392	2026-01-04 01:38:53.993000+00:00	19503	cumulative					
3393	2026-01-04 22:46:37.257000+00:00	19503	cumulative					
3394	2026-01-04 23:47:29.546000+00:00	19506	cumulative					
3395	2026-01-04 23:49:09.332000+00:00	19507	cumulative					
3396	2026-01-04 23:49:32.498000+00:00	19511	cumulative					
3397	2026-01-05 16:24:53.087000+00:00	19513	cumulative					
3398	2026-01-05 22:38:29.567000+00:00	19514	cumulative					
3399	2026-01-05 22:39:54.992000+00:00	19514	cumulative					
3400	2026-01-05 22:41:24.926000+00:00	19518	cumulative					
3401	2026-01-05 22:42:52.604000+00:00	19520	cumulative					
3402	2026-01-05 22:44:24.092000+00:00	19525	cumulative					
3403	2026-01-05 22:45:33.173000+00:00	19528	cumulative					
3404	2026-01-05 22:47:16.736000+00:00	19528	cumulative					
3405	2026-01-05 22:48:54.065000+00:00	19528	cumulative					
3406	2026-01-05 22:50:18.061000+00:00	19531	cumulative					
3407	2026-01-05 22:52:05.624000+00:00	19532	cumulative					
3408	2026-01-05 22:53:41.086000+00:00	19535	cumulative					
3409	2026-01-05 22:55:16.234000+00:00	19537	cumulative					
3410	2026-01-05 22:56:49.777000+00:00	19539	cumulative					
3411	2026-01-05 22:58:19.731000+00:00	19542	cumulative					
3412	2026-01-05 22:59:57.561000+00:00	19544	cumulative					
3413	2026-01-05 23:18:49.354000+00:00	19544	cumulative					
3414	2026-01-06 15:24:07.531000+00:00	19544	cumulative					
3415	2026-01-06 15:25:49.294000+00:00	19551	cumulative					
3416	2026-01-06 15:26:41.363000+00:00	19551	cumulative					
3417	2026-01-06 15:28:43.115000+00:00	19557	cumulative					
3418	2026-01-06 15:30:27.195000+00:00	19559	cumulative					
3419	2026-01-06 15:32:01.430000+00:00	19562	cumulative					
3420	2026-01-06 15:33:38.952000+00:00	19566	cumulative					
3421	2026-01-06 15:35:10.572000+00:00	19574	cumulative					
3422	2026-01-06 15:36:35.385000+00:00	19575	cumulative					
3423	2026-01-06 15:36:43.651000+00:00	19578	cumulative					
3424	2026-01-06 15:38:11.509000+00:00	19578	cumulative					
3425	2026-01-06 15:40:59.443000+00:00	19584	cumulative					
3426	2026-01-06 15:42:39.167000+00:00	19587	cumulative					
3427	2026-01-06 15:43:20.253000+00:00	19592	cumulative					
3428	2026-01-06 15:45:35.738000+00:00	19595	cumulative					
3429	2026-01-06 15:46:30.680000+00:00	19597	cumulative					
3430	2026-01-06 15:48:35.479000+00:00	19600	cumulative					
3431	2026-01-06 18:56:09.569000+00:00	19604	cumulative					
3432	2026-01-06 18:57:58.906000+00:00	19604	cumulative					
3433	2026-01-06 18:59:30.901000+00:00	19604	cumulative					
3434	2026-01-06 19:00:55.636000+00:00	19606	cumulative					
3435	2026-01-06 19:02:41.078000+00:00	19608	cumulative					
3436	2026-01-06 19:04:16.686000+00:00	19608	cumulative					
3437	2026-01-06 19:05:49.798000+00:00	19609	cumulative					
3438	2026-01-06 19:07:14.032000+00:00	19611	cumulative					
3439	2026-01-06 19:08:28.070000+00:00	19614	cumulative					
3440	2026-01-06 19:09:52.312000+00:00	19614	cumulative					
3441	2026-01-06 19:11:51.795000+00:00	19614	cumulative					
3442	2026-01-06 19:12:29.499000+00:00	19614	cumulative					
3443	2026-01-06 19:14:21.665000+00:00	19616	cumulative					
3444	2026-01-06 19:15:56.288000+00:00	19623	cumulative					
3445	2026-01-06 19:18:34.868000+00:00	19629	cumulative					
3446	2026-01-06 19:20:18.586000+00:00	19629	cumulative					
3447	2026-01-06 19:20:55.342000+00:00	19635	cumulative					
3448	2026-01-06 19:23:50.275000+00:00	19642	cumulative					
3449	2026-01-06 19:25:17.960000+00:00	19644	cumulative					
3450	2026-01-06 19:26:45.841000+00:00	19653	cumulative					
3451	2026-01-06 19:28:58.221000+00:00	19657	cumulative					
3452	2026-01-06 19:30:27.774000+00:00	19661	cumulative					
3453	2026-01-06 19:31:56.655000+00:00	19663	cumulative					
3454	2026-01-06 19:33:45.377000+00:00	19666	cumulative					
3455	2026-01-06 19:35:17.106000+00:00	19667	cumulative					
3456	2026-01-06 19:36:44.074000+00:00	19668	cumulative					
3457	2026-01-06 19:38:23.181000+00:00	19672	cumulative					
3458	2026-01-06 19:39:26.650000+00:00	19672	cumulative					
3459	2026-01-06 19:42:02.085000+00:00	19674	cumulative					
3460	2026-01-06 19:42:45.666000+00:00	19682	cumulative					
3461	2026-01-06 19:45:31.125000+00:00	19683	cumulative					
3462	2026-01-06 19:45:41.641000+00:00	19687	cumulative					
3463	2026-01-06 19:48:48.063000+00:00	19694	cumulative					
3464	2026-01-06 19:50:38.476000+00:00	19699	cumulative					
3465	2026-01-06 19:52:35.487000+00:00	19699	cumulative					
3466	2026-01-06 19:54:15.630000+00:00	19703	cumulative					
3467	2026-01-06 19:55:58.781000+00:00	19703	cumulative					
3468	2026-01-06 19:57:41.190000+00:00	19704	cumulative					
3469	2026-01-06 19:59:20.112000+00:00	19707	cumulative					
3470	2026-01-06 20:25:15.639000+00:00	19709	cumulative					
3471	2026-01-06 20:26:55.814000+00:00	19710	cumulative					
3472	2026-01-09 02:56:14.099000+00:00	19711	cumulative					
3473	2026-01-09 02:59:50.253000+00:00	19711	cumulative					
3474	2026-01-09 03:01:56.471000+00:00	19712	cumulative					
3475	2026-01-09 03:04:29.065000+00:00	19718	cumulative					
3476	2026-01-09 03:05:59.923000+00:00	19719	cumulative					
3477	2026-01-09 03:07:22.532000+00:00	19720	cumulative					
3478	2026-01-09 03:09:57.825000+00:00	19720	cumulative					
3479	2026-01-09 03:11:07.581000+00:00	19722	cumulative					
3480	2026-01-09 03:11:42.744000+00:00	19726	cumulative					
3481	2026-01-09 03:13:21.015000+00:00	19726	cumulative					
3482	2026-01-09 03:16:33.832000+00:00	19728	cumulative					
3483	2026-01-09 03:18:13.385000+00:00	19729	cumulative					
3484	2026-01-09 03:19:25.559000+00:00	19730	cumulative					
3485	2026-01-09 03:21:16.590000+00:00	19730	cumulative					
3486	2026-01-09 03:22:29.531000+00:00	19732	cumulative					
3487	2026-01-09 03:24:19.925000+00:00	19732	cumulative					
3488	2026-01-09 03:26:30.246000+00:00	19732	cumulative					
3489	2026-01-09 03:28:50.228000+00:00	19733	cumulative					
3490	2026-01-09 03:30:31.860000+00:00	19736	cumulative					
3491	2026-01-09 03:31:57.027000+00:00	19739	cumulative					
3492	2026-01-09 03:33:31.337000+00:00	19740	cumulative					
3493	2026-01-09 03:34:59.880000+00:00	19742	cumulative					
3494	2026-01-09 03:36:24.077000+00:00	19747	cumulative					
3495	2026-01-09 03:38:10.767000+00:00	19751	cumulative					
3496	2026-01-09 03:40:40.564000+00:00	19755	cumulative					
3497	2026-01-09 03:42:08.593000+00:00	19768	cumulative					
3498	2026-01-09 03:44:28.226000+00:00	19768	cumulative					
3499	2026-01-09 03:53:57.342000+00:00	19768	cumulative					
3500	2026-01-09 03:55:11.878000+00:00	19770	cumulative					
3501	2026-01-09 03:57:06.280000+00:00	19770	cumulative					
3502	2026-01-09 03:58:33.839000+00:00	19776	cumulative					
3503	2026-01-09 03:59:48.725000+00:00	19776	cumulative					
3504	2026-01-09 04:01:30.911000+00:00	19777	cumulative					
3505	2026-01-09 04:02:49.856000+00:00	19780	cumulative					
3506	2026-01-09 04:04:57.098000+00:00	19780	cumulative					
3507	2026-01-09 04:06:49.330000+00:00	19782	cumulative					
3508	2026-01-09 04:09:23.188000+00:00	19782	cumulative					
3509	2026-01-09 04:10:31.754000+00:00	19788	cumulative					
3510	2026-01-09 04:11:58.316000+00:00	19788	cumulative					
3511	2026-01-09 04:12:57.441000+00:00	19789	cumulative					
3512	2026-01-09 04:16:55.715000+00:00	19790	cumulative					
3513	2026-01-09 04:18:30.358000+00:00	19790	cumulative					
3514	2026-01-09 04:19:51.909000+00:00	19790	cumulative					
3515	2026-01-09 04:22:11.022000+00:00	19790	cumulative					
3516	2026-01-09 04:24:31.278000+00:00	19793	cumulative					
3517	2026-01-09 04:26:20.408000+00:00	19794	cumulative					
3518	2026-01-09 04:27:46.409000+00:00	19796	cumulative					
3519	2026-01-09 04:29:13.268000+00:00	19798	cumulative					
3520	2026-01-09 04:30:39.881000+00:00	19803	cumulative					
3521	2026-01-09 04:32:13.107000+00:00	19810	cumulative					
3522	2026-01-09 04:34:36.936000+00:00	19813	cumulative					
3523	2026-01-09 04:36:11.923000+00:00	19813	cumulative					
3524	2026-01-09 04:38:06.161000+00:00	19813	cumulative					
3525	2026-01-09 04:39:18.011000+00:00	19814	cumulative					
3526	2026-01-09 04:41:29.223000+00:00	19816	cumulative					
3527	2026-01-09 14:25:19.888000+00:00	19816	cumulative					
3528	2026-01-09 14:27:53.114000+00:00	19818	cumulative					
3529	2026-01-09 14:30:09.622000+00:00	19818	cumulative					
3530	2026-01-09 14:46:11.864000+00:00	19820	cumulative					
3531	2026-01-09 14:51:15.140000+00:00	19821	cumulative					
3532	2026-01-09 14:57:20.202000+00:00	19821	cumulative					
3533	2026-01-09 15:04:03.104000+00:00	19824	cumulative					
3534	2026-01-09 15:09:22.907000+00:00	19825	cumulative					
3535	2026-01-09 15:11:53.400000+00:00	19830	cumulative					
3536	2026-01-09 15:22:10.482000+00:00	19830	cumulative					
3537	2026-01-09 15:34:36.226000+00:00	19835	cumulative					
3538	2026-01-09 20:30:25.821000+00:00	19838	cumulative					
3539	2026-01-09 20:31:33.568000+00:00	19840	cumulative					
3540	2026-01-09 20:32:53.629000+00:00	19843	cumulative					
3541	2026-01-09 20:33:28.244000+00:00	19843	cumulative					
3542	2026-01-09 20:37:27.754000+00:00	19844	cumulative					
3543	2026-01-10 16:07:23.924000+00:00	19848	cumulative					
3544	2026-01-10 20:40:04.925000+00:00	19850	cumulative					
3545	2026-01-10 20:48:33.111000+00:00	19854	cumulative					
3546	2026-01-10 20:49:50.895000+00:00	19855	cumulative					
3547	2026-01-10 22:34:44.520000+00:00	19856	cumulative					
3548	2026-01-10 22:36:44.131000+00:00	19859	cumulative					
3549	2026-01-10 22:38:41.531000+00:00	19860	cumulative					
3550	2026-01-10 22:39:46.806000+00:00	19862	cumulative					
3551	2026-01-10 22:40:50.277000+00:00	19863	cumulative					
3552	2026-01-10 22:42:59.172000+00:00	19872	cumulative					
3553	2026-01-10 22:44:53.522000+00:00	19872	cumulative					
3554	2026-01-10 22:46:28.212000+00:00	19877	cumulative					
3555	2026-01-10 22:48:15.482000+00:00	19879	cumulative					
3556	2026-01-11 05:56:35.576000+00:00	19880	cumulative					
3557	2026-01-11 16:33:57.932000+00:00	19884	cumulative					
3558	2026-01-11 16:37:11.999000+00:00	19884	cumulative					
3559	2026-01-11 16:38:49.261000+00:00	19885	cumulative					
3560	2026-01-11 16:40:19.119000+00:00	19890	cumulative					
3561	2026-01-11 16:42:07.148000+00:00	19890	cumulative					
3562	2026-01-11 16:44:02.601000+00:00	19895	cumulative					
3563	2026-01-11 16:45:42.182000+00:00	19896	cumulative					
3564	2026-01-11 16:47:13.904000+00:00	19903	cumulative					
3565	2026-01-11 16:48:33.391000+00:00	19907	cumulative					
3566	2026-01-11 16:50:32.161000+00:00	19907	cumulative					
3567	2026-01-11 16:52:03.826000+00:00	19907	cumulative					
3568	2026-01-11 16:53:30.923000+00:00	19907	cumulative					
3569	2026-01-11 16:55:13.011000+00:00	19908	cumulative					
3570	2026-01-11 16:57:31.069000+00:00	19911	cumulative					
3571	2026-01-11 16:59:30.159000+00:00	19919	cumulative					
3572	2026-01-11 17:01:08.425000+00:00	19920	cumulative					
3573	2026-01-11 17:02:54.707000+00:00	19920	cumulative					
3574	2026-01-11 17:04:10.497000+00:00	19925	cumulative					
3575	2026-01-11 17:06:02.840000+00:00	19928	cumulative					
3576	2026-01-11 17:07:30.050000+00:00	19930	cumulative					
3577	2026-01-11 17:09:03.887000+00:00	19930	cumulative					
3578	2026-01-11 17:10:37.653000+00:00	19931	cumulative					
3579	2026-01-11 17:11:08.319000+00:00	19931	cumulative					
3580	2026-01-11 17:13:30.165000+00:00	19935	cumulative					
3581	2026-01-11 17:14:56.694000+00:00	19936	cumulative					
3582	2026-01-11 17:16:56.457000+00:00	19938	cumulative					
3583	2026-01-11 17:18:45.614000+00:00	19940	cumulative					
3584	2026-01-11 17:20:11.241000+00:00	19943	cumulative					
3585	2026-01-11 17:21:51.244000+00:00	19947	cumulative					
3586	2026-01-11 17:23:21.969000+00:00	19951	cumulative					
3587	2026-01-11 17:25:07.396000+00:00	19952	cumulative					
3588	2026-01-11 17:26:53.390000+00:00	19956	cumulative					
3589	2026-01-11 17:28:47.759000+00:00	19958	cumulative					
3590	2026-01-11 17:30:12.809000+00:00	19958	cumulative					
3591	2026-01-11 17:31:40.668000+00:00	19958	cumulative					
3592	2026-01-11 17:32:58.634000+00:00	19958	cumulative					
3593	2026-01-11 19:35:20.855000+00:00	19959	cumulative					
3594	2026-01-11 19:41:48.390000+00:00	19963	cumulative					
3595	2026-01-12 00:46:59.943000+00:00	19968	cumulative					
3596	2026-01-12 00:48:06.441000+00:00	19968	cumulative					
3597	2026-01-12 00:53:38.184000+00:00	19973	cumulative					
3598	2026-01-12 00:56:17.920000+00:00	19977	cumulative					
3599	2026-01-12 01:06:05.775000+00:00	19985	cumulative					
3600	2026-01-12 01:07:53.434000+00:00	19986	cumulative					
3601	2026-01-12 01:09:30.763000+00:00	19989	cumulative					
3602	2026-01-12 01:11:07.063000+00:00	19996	cumulative					
3603	2026-01-12 01:12:56.474000+00:00	19999	cumulative					
3604	2026-01-12 01:15:34.162000+00:00	20001	cumulative					
3605	2026-01-12 01:16:48.533000+00:00	20002	cumulative					
3606	2026-01-12 01:18:17.394000+00:00	20007	cumulative					
3607	2026-01-12 01:20:46.427000+00:00	20009	cumulative					
3608	2026-01-12 01:21:12.946000+00:00	20009	cumulative					
3609	2026-01-12 01:24:17.405000+00:00	20011	cumulative					
3610	2026-01-12 01:25:48.398000+00:00	20012	cumulative					
3611	2026-01-12 01:27:14.742000+00:00	20016	cumulative					
3612	2026-01-12 02:01:19.875000+00:00	20018	cumulative					
3613	2026-01-12 05:13:40.821000+00:00	20021	cumulative					
3614	2026-01-12 16:41:55.074000+00:00	20022	cumulative					
3615	2026-01-12 16:43:30.968000+00:00	20023	cumulative					
3616	2026-01-12 16:44:56.735000+00:00	20024	cumulative					
3617	2026-01-12 16:46:21.595000+00:00	20025	cumulative					
3618	2026-01-12 16:48:18.482000+00:00	20025	cumulative					
3619	2026-01-12 16:49:54.596000+00:00	20031	cumulative					
3620	2026-01-12 16:51:31.401000+00:00	20031	cumulative					
3621	2026-01-12 16:52:55.866000+00:00	20031	cumulative					
3622	2026-01-12 16:54:37.103000+00:00	20031	cumulative					
3623	2026-01-12 16:56:03.735000+00:00	20031	cumulative					
3624	2026-01-12 16:57:06.252000+00:00	20037	cumulative					
3625	2026-01-12 16:59:07.977000+00:00	20039	cumulative					
3626	2026-01-12 17:00:38.426000+00:00	20049	cumulative					
3627	2026-01-12 17:02:07.534000+00:00	20051	cumulative					
3628	2026-01-12 17:03:31.521000+00:00	20051	cumulative					
3629	2026-01-12 17:04:58.786000+00:00	20056	cumulative					
3630	2026-01-12 17:06:31.664000+00:00	20058	cumulative					
3631	2026-01-12 17:08:03.044000+00:00	20059	cumulative					
3632	2026-01-12 17:09:17.629000+00:00	20063	cumulative					
3633	2026-01-12 17:11:54.567000+00:00	20065	cumulative					
3634	2026-01-12 17:13:36.850000+00:00	20065	cumulative					
3635	2026-01-12 17:15:07.153000+00:00	20077	cumulative					
3636	2026-01-12 17:16:11.689000+00:00	20077	cumulative					
3637	2026-01-12 17:17:40.924000+00:00	20084	cumulative					
3638	2026-01-12 17:19:49.847000+00:00	20089	cumulative					
3639	2026-01-12 17:20:55.971000+00:00	20089	cumulative					
3640	2026-01-12 17:23:13.737000+00:00	20090	cumulative					
3641	2026-01-12 17:23:46.466000+00:00	20093	cumulative					
3642	2026-01-12 19:58:51.287000+00:00	20098	cumulative					
3643	2026-01-13 03:55:48.784000+00:00	20103	cumulative					
3644	2026-01-13 03:57:18.693000+00:00	20109	cumulative					
3645	2026-01-13 03:59:00.817000+00:00	20111	cumulative					
3646	2026-01-13 04:00:21.743000+00:00	20116	cumulative					
3647	2026-01-13 04:01:47.306000+00:00	20116	cumulative					
3648	2026-01-13 04:03:19.441000+00:00	20117	cumulative					
3649	2026-01-13 04:04:47.021000+00:00	20118	cumulative					
3650	2026-01-13 04:06:13.328000+00:00	20118	cumulative					
3651	2026-01-13 04:08:04.691000+00:00	20120	cumulative					
3652	2026-01-13 04:09:50.370000+00:00	20125	cumulative					
3653	2026-01-13 04:11:39.191000+00:00	20125	cumulative					
3654	2026-01-13 04:13:14.566000+00:00	20125	cumulative					
3655	2026-01-13 04:14:55.207000+00:00	20125	cumulative					
3656	2026-01-13 04:16:20.781000+00:00	20126	cumulative					
3657	2026-01-13 04:17:17.391000+00:00	20128	cumulative					
3658	2026-01-13 04:18:48.326000+00:00	20130	cumulative					
3659	2026-01-13 04:20:45.681000+00:00	20131	cumulative					
3660	2026-01-13 04:21:55.221000+00:00	20135	cumulative					
3661	2026-01-13 04:23:43.883000+00:00	20137	cumulative					
3662	2026-01-13 04:25:27.863000+00:00	20142	cumulative					
3663	2026-01-13 04:26:50.926000+00:00	20142	cumulative					
3664	2026-01-13 04:28:18.202000+00:00	20142	cumulative					
3665	2026-01-13 15:26:23.428000+00:00	20148	cumulative					
3666	2026-01-13 15:28:08.207000+00:00	20151	cumulative					
3667	2026-01-13 15:49:00.172000+00:00	20153	cumulative					
3668	2026-01-13 15:51:06.576000+00:00	20154	cumulative					
3669	2026-01-13 15:52:44.724000+00:00	20157	cumulative					
3670	2026-01-13 15:54:26.549000+00:00	20157	cumulative					
3671	2026-01-13 15:56:08.022000+00:00	20167	cumulative					
3672	2026-01-13 15:57:48.104000+00:00	20175	cumulative					
3673	2026-01-13 15:59:16.037000+00:00	20176	cumulative					
3674	2026-01-13 16:00:46.998000+00:00	20176	cumulative					
3675	2026-01-13 16:02:21.048000+00:00	20178	cumulative					
3676	2026-01-13 16:05:38.688000+00:00	20182	cumulative					
3677	2026-01-13 16:10:01.262000+00:00	20185	cumulative					
3678	2026-01-13 16:12:59.597000+00:00	20191	cumulative					
3679	2026-01-13 16:14:34.853000+00:00	20194	cumulative					
3680	2026-01-13 16:16:02.276000+00:00	20195	cumulative					
3681	2026-01-13 16:20:53.064000+00:00	20200	cumulative					
3682	2026-01-13 23:01:16.338000+00:00	20200	cumulative					
3683	2026-01-13 23:02:51.857000+00:00	20200	cumulative					
3684	2026-01-13 23:04:33.470000+00:00	20200	cumulative					
3685	2026-01-13 23:05:58.102000+00:00	20203	cumulative					
3686	2026-01-13 23:07:44.967000+00:00	20208	cumulative					
3687	2026-01-13 23:08:50.075000+00:00	20210	cumulative					
3688	2026-01-13 23:10:15.192000+00:00	20213	cumulative					
3689	2026-01-13 23:12:15.641000+00:00	20214	cumulative					
3690	2026-01-13 23:14:02.867000+00:00	20214	cumulative					
3691	2026-01-14 03:36:32.450000+00:00	20216	cumulative					
3692	2026-01-14 03:39:40.774000+00:00	20217	cumulative					
3693	2026-01-14 03:41:19.102000+00:00	20220	cumulative					
3694	2026-01-14 03:42:58.161000+00:00	20220	cumulative					
3695	2026-01-14 03:43:06.344000+00:00	20221	cumulative					
3696	2026-01-14 03:46:43.996000+00:00	20230	cumulative					
3697	2026-01-14 03:48:23.736000+00:00	20237	cumulative					
3699	2026-01-14 03:59:44.569000+00:00	20237	cumulative					
3700	2026-01-14 04:01:40.157000+00:00	20239	cumulative					
3701	2026-01-14 04:10:52.375000+00:00	20240	cumulative					
3702	2026-01-14 04:14:37.287000+00:00	20240	cumulative					
3703	2026-01-14 04:16:18.216000+00:00	20245	cumulative					
3704	2026-01-14 04:20:47.542000+00:00	20247	cumulative					
3705	2026-01-14 04:22:20.532000+00:00	20252	cumulative					
3706	2026-01-14 04:23:50.317000+00:00	20268	cumulative					
3707	2026-01-14 04:24:45.774000+00:00	20270	cumulative					
3708	2026-01-14 04:26:55.511000+00:00	20272	cumulative					
3709	2026-01-14 04:28:08.147000+00:00	20272	cumulative					
3710	2026-01-14 16:22:37.537000+00:00	20273	cumulative					
3711	2026-01-14 16:38:56.770000+00:00	20281	cumulative					
3712	2026-01-14 16:40:33.231000+00:00	20282	cumulative					
3713	2026-01-14 16:40:42.302000+00:00	20284	cumulative					
3714	2026-01-14 16:42:19.162000+00:00	20284	cumulative					
3715	2026-01-14 16:45:36.254000+00:00	20284	cumulative					
3716	2026-01-14 16:47:04.130000+00:00	20284	cumulative					
3717	2026-01-14 16:57:58.373000+00:00	20286	cumulative					
3718	2026-01-14 16:58:49.415000+00:00	20286	cumulative					
3719	2026-01-14 17:01:05.629000+00:00	20287	cumulative					
3720	2026-01-14 17:02:45.561000+00:00	20287	cumulative					
3721	2026-01-14 17:04:15.453000+00:00	20290	cumulative					
3722	2026-01-14 17:05:45.173000+00:00	20294	cumulative					
3723	2026-01-14 17:05:50.651000+00:00	20295	cumulative					
3724	2026-01-14 17:08:41.749000+00:00	20296	cumulative					
3725	2026-01-14 17:10:15.217000+00:00	20297	cumulative					
3726	2026-01-14 18:32:53.024000+00:00	20297	cumulative					
3727	2026-01-14 18:34:25.292000+00:00	20298	cumulative					
3728	2026-01-14 18:35:55.573000+00:00	20299	cumulative					
3729	2026-01-14 18:38:33.904000+00:00	20302	cumulative					
3730	2026-01-14 19:42:07.973000+00:00	20302	cumulative					
3731	2026-01-14 19:45:56.252000+00:00	20302	cumulative					
3732	2026-01-14 19:47:23.387000+00:00	20303	cumulative					
3733	2026-01-14 19:48:56.085000+00:00	20309	cumulative					
3734	2026-01-14 19:50:44.908000+00:00	20312	cumulative					
3735	2026-01-14 19:51:24.644000+00:00	20312	cumulative					
3736	2026-01-14 19:53:03.776000+00:00	20317	cumulative					
3737	2026-01-14 19:55:25.988000+00:00	20323	cumulative					
3738	2026-01-14 19:56:57.858000+00:00	20326	cumulative					
3739	2026-01-14 19:57:55.421000+00:00	20331	cumulative					
3740	2026-01-15 00:40:10.909000+00:00	20334	cumulative					
3741	2026-01-15 04:20:18.961000+00:00	20342	cumulative					
3742	2026-01-15 04:36:12.769000+00:00	20343	cumulative					
3743	2026-01-15 04:37:44.319000+00:00	20345	cumulative					
3744	2026-01-15 04:38:41.188000+00:00	20346	cumulative					
3745	2026-01-15 04:40:08.355000+00:00	20347	cumulative					
3746	2026-01-15 04:42:18.575000+00:00	20347	cumulative					
3747	2026-01-15 04:43:55.493000+00:00	20351	cumulative					
3748	2026-01-15 04:45:07.074000+00:00	20354	cumulative					
3749	2026-01-15 04:46:58.385000+00:00	20361	cumulative					
3750	2026-01-15 04:48:24.447000+00:00	20366	cumulative					
3751	2026-01-15 16:13:55.055000+00:00	20367	cumulative					
3752	2026-01-15 16:15:38.496000+00:00	20370	cumulative					
3753	2026-01-15 16:17:19.387000+00:00	20370	cumulative					
3754	2026-01-15 16:18:50.648000+00:00	20374	cumulative					
3755	2026-01-15 16:20:36.543000+00:00	20374	cumulative					
3756	2026-01-15 16:21:46.558000+00:00	20376	cumulative					
3757	2026-01-15 16:23:33.717000+00:00	20379	cumulative					
3758	2026-01-15 16:25:15.956000+00:00	20379	cumulative					
3759	2026-01-15 16:26:54.881000+00:00	20384	cumulative					
3760	2026-01-15 16:28:22.367000+00:00	20389	cumulative					
3761	2026-01-15 16:30:08.224000+00:00	20391	cumulative					
3762	2026-01-15 16:32:30.753000+00:00	20396	cumulative					
3763	2026-01-15 16:33:38.656000+00:00	20396	cumulative					
3764	2026-01-15 16:35:49.405000+00:00	20397	cumulative					
3765	2026-01-15 16:37:29.711000+00:00	20401	cumulative					
3766	2026-01-15 16:38:55.899000+00:00	20402	cumulative					
3767	2026-01-15 16:39:52.154000+00:00	20402	cumulative					
3768	2026-01-15 16:41:37.542000+00:00	20403	cumulative					
3769	2026-01-15 16:43:19.186000+00:00	20406	cumulative					
3770	2026-01-15 16:45:05.992000+00:00	20408	cumulative					
3771	2026-01-16 03:53:59.432000+00:00	20413	cumulative					
3772	2026-01-16 20:22:36.813000+00:00	20413	cumulative					
3773	2026-01-16 20:42:25.442000+00:00	20414	cumulative					
3774	2026-01-16 20:43:51.564000+00:00	20414	cumulative					
3775	2026-01-16 20:45:16.330000+00:00	20414	cumulative					
3776	2026-01-16 20:46:49.805000+00:00	20415	cumulative					
3777	2026-01-16 20:48:14.751000+00:00	20419	cumulative					
3778	2026-01-16 20:49:53.452000+00:00	20420	cumulative					
3779	2026-01-16 20:50:44.973000+00:00	20421	cumulative					
3780	2026-01-16 20:51:52.373000+00:00	20421	cumulative					
3781	2026-01-16 20:54:36.411000+00:00	20424	cumulative					
3782	2026-01-16 20:56:02.384000+00:00	20424	cumulative					
3783	2026-01-16 20:57:25.626000+00:00	20424	cumulative					
3784	2026-01-16 20:59:11.248000+00:00	20425	cumulative					
3785	2026-01-16 21:00:51.040000+00:00	20428	cumulative					
3786	2026-01-16 21:02:30.816000+00:00	20433	cumulative					
3787	2026-01-16 21:04:24.954000+00:00	20438	cumulative					
3788	2026-01-16 21:53:35.693000+00:00	20439	cumulative					
3789	2026-01-16 21:55:13.189000+00:00	20443	cumulative					
3790	2026-01-16 21:56:49.825000+00:00	20449	cumulative					
3791	2026-01-16 21:58:19.280000+00:00	20449	cumulative					
3792	2026-01-16 22:00:02.781000+00:00	20449	cumulative					
3793	2026-01-16 22:01:28.657000+00:00	20452	cumulative					
3794	2026-01-16 22:02:32.066000+00:00	20453	cumulative					
3795	2026-01-16 22:04:29.661000+00:00	20461	cumulative					
3796	2026-01-16 22:06:04.694000+00:00	20461	cumulative					
3797	2026-01-16 22:07:40.946000+00:00	20462	cumulative					
3798	2026-01-16 22:09:07.950000+00:00	20465	cumulative					
3799	2026-01-16 23:14:51.871000+00:00	20472	cumulative					
3800	2026-01-16 23:16:42.069000+00:00	20473	cumulative					
3801	2026-01-16 23:18:11.624000+00:00	20475	cumulative					
3802	2026-01-16 23:19:34.661000+00:00	20481	cumulative					
3803	2026-01-16 23:21:14.991000+00:00	20483	cumulative					
3804	2026-01-16 23:22:47.238000+00:00	20484	cumulative					
3805	2026-01-16 23:23:01.177000+00:00	20484	cumulative					
3806	2026-01-17 17:46:09.202000+00:00	20484	cumulative					
3807	2026-01-17 17:47:26.660000+00:00	20484	cumulative					
3808	2026-01-17 17:48:44.483000+00:00	20486	cumulative					
3809	2026-01-17 17:50:11.890000+00:00	20491	cumulative					
3810	2026-01-17 17:52:26.090000+00:00	20491	cumulative					
3811	2026-01-17 17:53:22.355000+00:00	20491	cumulative					
3812	2026-01-17 17:54:46.140000+00:00	20492	cumulative					
3813	2026-01-17 17:57:18.175000+00:00	20492	cumulative					
3814	2026-01-17 17:58:54.445000+00:00	20493	cumulative					
3815	2026-01-17 18:00:19.511000+00:00	20493	cumulative					
3816	2026-01-17 18:07:19.290000+00:00	20494	cumulative					
3817	2026-01-17 18:08:45.801000+00:00	20494	cumulative					
3818	2026-01-17 18:10:08.702000+00:00	20494	cumulative					
3819	2026-01-17 18:11:49.460000+00:00	20495	cumulative					
3820	2026-01-17 18:13:10.204000+00:00	20495	cumulative					
3821	2026-01-17 18:14:40.114000+00:00	20495	cumulative					
3822	2026-01-17 18:16:14.840000+00:00	20499	cumulative					
3823	2026-01-17 18:17:43.106000+00:00	20503	cumulative					
3824	2026-01-17 18:19:10.305000+00:00	20504	cumulative					
3825	2026-01-17 18:20:35.098000+00:00	20504	cumulative					
3826	2026-01-17 18:22:00.456000+00:00	20504	cumulative					
3827	2026-01-17 18:23:26.272000+00:00	20504	cumulative					
3828	2026-01-17 18:24:50.693000+00:00	20505	cumulative					
3829	2026-01-17 18:27:07.254000+00:00	20505	cumulative					
3830	2026-01-17 18:28:41.842000+00:00	20507	cumulative					
3831	2026-01-17 18:30:14.481000+00:00	20507	cumulative					
3832	2026-01-17 22:51:02.368000+00:00	20508	cumulative					
3833	2026-01-17 22:52:41.993000+00:00	20509	cumulative					
3834	2026-01-17 23:00:15.460000+00:00	20521	cumulative					
3835	2026-01-17 23:05:15.330000+00:00	20521	cumulative					
3836	2026-01-17 23:06:58.856000+00:00	20525	cumulative					
3837	2026-01-17 23:09:22.806000+00:00	20534	cumulative					
3838	2026-01-18 05:01:50.156000+00:00	20535	cumulative					
3839	2026-01-18 16:45:59.920000+00:00	20539	cumulative					
3840	2026-01-18 16:57:36.353000+00:00	20544	cumulative					
3841	2026-01-18 17:00:48.375000+00:00	20544	cumulative					
3842	2026-01-18 17:02:55.936000+00:00	20550	cumulative					
3843	2026-01-18 17:04:33.708000+00:00	20550	cumulative					
3844	2026-01-18 17:06:09.335000+00:00	20552	cumulative					
3845	2026-01-19 00:24:37.329000+00:00	20554	cumulative					
3846	2026-01-19 00:29:50.220000+00:00	20554	cumulative					
3847	2026-01-19 00:31:18.207000+00:00	20554	cumulative					
3848	2026-01-19 00:40:05.115000+00:00	20554	cumulative					
3849	2026-01-19 00:41:01.791000+00:00	20557	cumulative					
3850	2026-01-19 00:42:58.548000+00:00	20559	cumulative					
3851	2026-01-19 01:12:18.654000+00:00	20563	cumulative					
3852	2026-01-19 01:38:15.404000+00:00	20565	cumulative					
3853	2026-01-19 01:56:25.195000+00:00	20570	cumulative					
3854	2026-01-19 01:58:23.580000+00:00	20572	cumulative					
3855	2026-01-19 01:59:21.089000+00:00	20574	cumulative					
3856	2026-01-19 02:00:10.703000+00:00	20574	cumulative					
3857	2026-01-19 02:01:36.995000+00:00	20575	cumulative					
3858	2026-01-19 02:03:14.324000+00:00	20576	cumulative					
3859	2026-01-19 02:06:34.887000+00:00	20577	cumulative					
3860	2026-01-19 02:06:47.256000+00:00	20577	cumulative					
3861	2026-01-19 02:08:05.520000+00:00	20579	cumulative					
3862	2026-01-19 02:09:04.242000+00:00	20581	cumulative					
3863	2026-01-19 02:12:41.021000+00:00	20581	cumulative					
3864	2026-01-19 02:14:25.127000+00:00	20582	cumulative					
3865	2026-01-19 02:15:36.670000+00:00	20584	cumulative					
3866	2026-01-19 02:19:16.633000+00:00	20585	cumulative					
3867	2026-01-19 02:24:24.610000+00:00	20590	cumulative					
3868	2026-01-19 02:25:41.158000+00:00	20593	cumulative					
3869	2026-01-19 02:27:06.752000+00:00	20593	cumulative					
3870	2026-01-19 02:29:04.182000+00:00	20596	cumulative					
3871	2026-01-19 14:49:14.145000+00:00	20597	cumulative					
3872	2026-01-19 14:51:18.115000+00:00	20601	cumulative					
3873	2026-01-19 14:53:13.135000+00:00	20601	cumulative					
3874	2026-01-19 14:54:46.883000+00:00	20602	cumulative					
3875	2026-01-19 14:56:08.107000+00:00	20602	cumulative					
3876	2026-01-19 14:58:05.588000+00:00	20602	cumulative					
3877	2026-01-19 14:59:23.256000+00:00	20606	cumulative					
3878	2026-01-19 15:00:30.129000+00:00	20606	cumulative					
3879	2026-01-19 15:02:57.115000+00:00	20608	cumulative					
3880	2026-01-19 15:03:51.283000+00:00	20612	cumulative					
3881	2026-01-19 15:06:07.262000+00:00	20614	cumulative					
3882	2026-01-19 15:07:24.091000+00:00	20618	cumulative					
3883	2026-01-19 15:09:12.804000+00:00	20619	cumulative					
3884	2026-01-19 15:10:39.023000+00:00	20621	cumulative					
3885	2026-01-19 15:12:15.619000+00:00	20623	cumulative					
3886	2026-01-19 15:13:48.822000+00:00	20623	cumulative					
3887	2026-01-19 15:15:12.759000+00:00	20623	cumulative					
3888	2026-01-19 15:16:41.051000+00:00	20623	cumulative					
3889	2026-01-19 15:18:13.759000+00:00	20627	cumulative					
3890	2026-01-19 15:19:52.278000+00:00	20627	cumulative					
3891	2026-01-19 15:21:27.617000+00:00	20631	cumulative					
3892	2026-01-19 15:23:02.651000+00:00	20631	cumulative					
3893	2026-01-19 15:24:09.290000+00:00	20633	cumulative					
3894	2026-01-19 15:25:41.115000+00:00	20639	cumulative					
3895	2026-01-19 15:27:34.370000+00:00	20639	cumulative					
3896	2026-01-19 19:46:29.707000+00:00	20639	cumulative					
3897	2026-01-19 19:48:57.463000+00:00	20639	cumulative					
3898	2026-01-19 19:51:19.745000+00:00	20642	cumulative					
3899	2026-01-19 19:52:46.196000+00:00	20644	cumulative					
3900	2026-01-19 19:54:37.894000+00:00	20646	cumulative					
3901	2026-01-19 19:55:35.086000+00:00	20646	cumulative					
3902	2026-01-19 19:57:27.412000+00:00	20649	cumulative					
3903	2026-01-19 20:00:34.248000+00:00	20650	cumulative					
3904	2026-01-19 20:01:39.084000+00:00	20651	cumulative					
3905	2026-01-19 20:03:32.894000+00:00	20652	cumulative					
3906	2026-01-19 20:05:11.993000+00:00	20655	cumulative					
3907	2026-01-19 20:06:38.652000+00:00	20659	cumulative					
3908	2026-01-19 20:08:15.800000+00:00	20662	cumulative					
3909	2026-01-19 20:09:49.872000+00:00	20662	cumulative					
3910	2026-01-19 20:10:25.601000+00:00	20662	cumulative					
3911	2026-01-19 20:12:53.098000+00:00	20670	cumulative					
3912	2026-01-19 20:14:35.639000+00:00	20677	cumulative					
3913	2026-01-19 20:16:04.032000+00:00	20677	cumulative					
3914	2026-01-19 20:20:42.193000+00:00	20682	cumulative					
3915	2026-01-19 20:22:12.422000+00:00	20682	cumulative					
3916	2026-01-19 20:24:10.600000+00:00	20687	cumulative					
3917	2026-01-19 20:25:34.734000+00:00	20693	cumulative					
3918	2026-01-19 20:27:00.653000+00:00	20695	cumulative					
3919	2026-01-19 21:22:43.020000+00:00	20696	cumulative					
3920	2026-01-19 21:24:24.099000+00:00	20699	cumulative					
3921	2026-01-19 21:25:54.869000+00:00	20700	cumulative					
3922	2026-01-19 21:27:27.109000+00:00	20701	cumulative					
3923	2026-01-19 21:28:48.198000+00:00	20709	cumulative					
3924	2026-01-19 21:30:47.477000+00:00	20710	cumulative					
3925	2026-01-19 21:32:12.093000+00:00	20710	cumulative					
3926	2026-01-19 21:33:37.288000+00:00	20711	cumulative					
3927	2026-01-19 21:35:02.859000+00:00	20726	cumulative					
3928	2026-01-19 21:36:38.160000+00:00	20728	cumulative					
3929	2026-01-19 21:38:12.514000+00:00	20729	cumulative					
3930	2026-01-19 21:39:08.190000+00:00	20732	cumulative					
3931	2026-01-19 21:43:21.330000+00:00	20734	cumulative					
3932	2026-01-20 17:45:23.339000+00:00	20739	cumulative					
3933	2026-01-20 17:50:07.036000+00:00	20741	cumulative					
3934	2026-01-20 22:51:14.217000+00:00	20745	cumulative					
3935	2026-01-20 22:55:32.738000+00:00	20750	cumulative					
3936	2026-01-20 22:57:03.608000+00:00	20752	cumulative					
3937	2026-01-20 22:57:48.576000+00:00	20754	cumulative					
3938	2026-01-20 22:58:37.620000+00:00	20766	cumulative					
3939	2026-01-20 23:00:06.767000+00:00	20770	cumulative					
3940	2026-01-20 23:01:45.731000+00:00	20777	cumulative					
3941	2026-01-21 04:58:25.204000+00:00	20778	cumulative					
3942	2026-01-21 04:58:39.165000+00:00	20780	cumulative					
3943	2026-01-21 05:01:21.240000+00:00	20781	cumulative					
3944	2026-01-21 05:01:51.256000+00:00	20781	cumulative					
3945	2026-01-21 05:04:34.804000+00:00	20782	cumulative					
3946	2026-01-21 05:33:42.010000+00:00	20784	cumulative					
3947	2026-01-21 05:38:29.031000+00:00	20785	cumulative					
3948	2026-01-21 05:40:07.770000+00:00	20786	cumulative					
3949	2026-01-21 05:41:19.919000+00:00	20789	cumulative					
3950	2026-01-21 05:42:57.426000+00:00	20790	cumulative					
3951	2026-01-21 05:44:30.889000+00:00	20790	cumulative					
3952	2026-01-21 05:45:47.745000+00:00	20791	cumulative					
3953	2026-01-21 05:47:16.203000+00:00	20791	cumulative					
3954	2026-01-21 05:48:57.829000+00:00	20797	cumulative					
3955	2026-01-21 05:50:23.995000+00:00	20802	cumulative					
3956	2026-01-21 05:51:57.656000+00:00	20802	cumulative					
3957	2026-01-25 00:32:49.816000+00:00	20810	cumulative					
3958	2026-01-25 00:44:32.245000+00:00	20810	cumulative					
3959	2026-01-25 00:45:57.218000+00:00	20812	cumulative					
3960	2026-01-25 00:47:27.395000+00:00	20815	cumulative					
3961	2026-01-25 00:48:52.996000+00:00	20821	cumulative					
3962	2026-01-25 00:50:17.209000+00:00	20827	cumulative					
3963	2026-01-25 00:51:43.895000+00:00	20828	cumulative					
3964	2026-01-25 00:52:27.802000+00:00	20833	cumulative					
3965	2026-01-25 00:54:54.911000+00:00	20834	cumulative					
3966	2026-01-25 00:56:43.047000+00:00	20839	cumulative					
3967	2026-01-25 00:57:07.903000+00:00	20839	cumulative					
3968	2026-01-25 01:12:18.647000+00:00	20845	cumulative					
3969	2026-01-25 01:19:21.655000+00:00	20851	cumulative					
3970	2026-01-25 01:20:58.241000+00:00	20852	cumulative					
3971	2026-01-25 01:22:46.320000+00:00	20852	cumulative					
3972	2026-01-25 01:23:19.959000+00:00	20854	cumulative					
3973	2026-01-25 01:25:46.887000+00:00	20857	cumulative					
3974	2026-01-25 01:28:11.773000+00:00	20861	cumulative					
3975	2026-01-25 01:30:10.748000+00:00	20863	cumulative					
3976	2026-01-25 01:31:30.192000+00:00	20869	cumulative					
3977	2026-01-25 01:33:03.163000+00:00	20870	cumulative					
3978	2026-01-25 01:33:31.542000+00:00	20871	cumulative					
3979	2026-01-25 01:37:05.805000+00:00	20880	cumulative					
3980	2026-01-25 01:40:52.201000+00:00	20883	cumulative					
3981	2026-01-25 01:43:31.832000+00:00	20885	cumulative					
3982	2026-01-26 03:16:01.067000+00:00	20887	cumulative					
3983	2026-01-26 03:23:45.705000+00:00	20887	cumulative					
3984	2026-01-26 03:29:38.326000+00:00	20891	cumulative					
3985	2026-01-26 18:45:56.354000+00:00	20893	cumulative					
3986	2026-01-26 18:47:56.537000+00:00	20901	cumulative					
3987	2026-01-26 18:48:38.109000+00:00	20907	cumulative					
3988	2026-01-26 18:51:21.729000+00:00	20913	cumulative					
3989	2026-01-26 18:52:41.998000+00:00	20914	cumulative					
3990	2026-01-26 18:54:39.245000+00:00	20914	cumulative					
3991	2026-01-26 18:56:04.920000+00:00	20914	cumulative					
3992	2026-01-26 18:57:22.967000+00:00	20917	cumulative					
3993	2026-01-26 19:02:46.802000+00:00	20919	cumulative					
3994	2026-01-26 19:04:22.257000+00:00	20925	cumulative					
3995	2026-01-26 19:06:27.709000+00:00	20929	cumulative					
3996	2026-01-26 19:07:29.163000+00:00	20931	cumulative					
3997	2026-01-26 19:09:25.637000+00:00	20931	cumulative					
3998	2026-01-26 19:11:02.530000+00:00	20935	cumulative					
3999	2026-01-26 21:43:13.940000+00:00	20939	cumulative					
4000	2026-01-26 21:44:30.519000+00:00	20939	cumulative					
4001	2026-01-26 21:45:57.008000+00:00	20943	cumulative					
4002	2026-01-26 21:47:42.010000+00:00	20945	cumulative					
4003	2026-01-26 21:50:03.093000+00:00	20948	cumulative					
4004	2026-01-26 21:51:48.346000+00:00	20950	cumulative					
4005	2026-01-26 21:53:19.315000+00:00	20950	cumulative					
4006	2026-01-26 21:54:45.324000+00:00	20961	cumulative					
4007	2026-01-26 21:56:08.265000+00:00	20966	cumulative					
4008	2026-01-26 21:58:19.430000+00:00	20974	cumulative					
4009	2026-01-26 22:00:16.695000+00:00	20978	cumulative					
4010	2026-01-26 22:01:51.425000+00:00	20980	cumulative					
4011	2026-01-26 22:01:53.711000+00:00	20985	cumulative					
4012	2026-01-26 22:02:42.380000+00:00	20986	cumulative					
4013	2026-01-26 22:05:43.751000+00:00	20986	cumulative					
4014	2026-01-26 22:07:25.504000+00:00	20992	cumulative					
4015	2026-01-26 22:10:39.489000+00:00	20996	cumulative					
4016	2026-01-26 22:12:35.221000+00:00	20997	cumulative					
4017	2026-01-26 22:14:19.856000+00:00	21001	cumulative					
4018	2026-01-26 22:15:56.933000+00:00	21002	cumulative					
4019	2026-01-26 22:16:28.808000+00:00	21003	cumulative					
4020	2026-01-26 22:19:44.892000+00:00	21003	cumulative					
4021	2026-01-27 00:38:01.038000+00:00	21007	cumulative					
4022	2026-01-27 00:39:36.965000+00:00	21008	cumulative					
4023	2026-01-27 00:41:43.518000+00:00	21010	cumulative					
4024	2026-01-27 00:46:38.351000+00:00	21015	cumulative					
4025	2026-01-27 20:58:12.266000+00:00	21016	cumulative					
4026	2026-01-27 20:59:43.673000+00:00	21019	cumulative					
4027	2026-01-29 00:12:39.931000+00:00	21020	cumulative					
4028	2026-01-29 00:14:06.345000+00:00	21020	cumulative					
4029	2026-01-29 00:39:42.953000+00:00	21020	cumulative					
4030	2026-01-29 19:48:42.536000+00:00	21022	cumulative					
4031	2026-01-29 19:50:30.870000+00:00	21025	cumulative					
4032	2026-01-29 19:51:49.834000+00:00	21026	cumulative					
4033	2026-01-29 19:53:29.876000+00:00	21028	cumulative					
4034	2026-01-29 19:55:25.109000+00:00	21030	cumulative					
4035	2026-01-29 19:57:05.302000+00:00	21031	cumulative					
4036	2026-01-29 19:58:44.578000+00:00	21031	cumulative					
4037	2026-01-29 20:00:10.479000+00:00	21031	cumulative					
4038	2026-01-29 20:00:43.079000+00:00	21031	cumulative					
4039	2026-01-29 20:02:28.546000+00:00	21032	cumulative					
4040	2026-01-29 20:04:09.197000+00:00	21032	cumulative					
4041	2026-01-30 02:57:22.307000+00:00	21034	cumulative					
4042	2026-01-30 03:04:32.304000+00:00	21035	cumulative					
4043	2026-01-30 03:05:20.857000+00:00	21035	cumulative					
4044	2026-01-30 03:07:39.102000+00:00	21036	cumulative					
4045	2026-01-31 21:03:19.890000+00:00	21037	cumulative					
4046	2026-01-31 21:04:48.232000+00:00	21038	cumulative					
4047	2026-01-31 21:07:03.176000+00:00	21040	cumulative					
4048	2026-01-31 21:08:30.233000+00:00	21043	cumulative					
4049	2026-01-31 21:10:08.369000+00:00	21044	cumulative					
4050	2026-01-31 21:11:51.009000+00:00	21044	cumulative					
4051	2026-01-31 21:13:03.420000+00:00	21045	cumulative					
4052	2026-01-31 21:15:08.366000+00:00	21045	cumulative					
4053	2026-01-31 21:16:45.752000+00:00	21046	cumulative					
4054	2026-01-31 21:17:29.771000+00:00	21046	cumulative					
4055	2026-01-31 21:19:51.120000+00:00	21048	cumulative					
4056	2026-01-31 21:21:37.585000+00:00	21050	cumulative					
4057	2026-01-31 21:23:28.725000+00:00	21052	cumulative					
4058	2026-01-31 21:24:54.980000+00:00	21054	cumulative					
4059	2026-01-31 21:25:54.193000+00:00	21055	cumulative					
4060	2026-01-31 21:27:31.087000+00:00	21056	cumulative					
4061	2026-01-31 21:29:27.621000+00:00	21059	cumulative					
4062	2026-01-31 21:30:57.177000+00:00	21061	cumulative					
4063	2026-01-31 21:32:37.095000+00:00	21065	cumulative					
4064	2026-01-31 21:34:11.625000+00:00	21065	cumulative					
4065	2026-02-01 00:59:02.767000+00:00	21072	cumulative					
4066	2026-02-01 00:59:26.928000+00:00	21079	cumulative					
4067	2026-02-01 01:01:09.188000+00:00	21080	cumulative					
4068	2026-02-01 01:03:46.639000+00:00	21086	cumulative					
4069	2026-02-01 01:04:07.933000+00:00	21087	cumulative					
4070	2026-02-01 01:05:46.951000+00:00	21087	cumulative					
4071	2026-02-01 01:08:34.729000+00:00	21087	cumulative					
4072	2026-02-01 02:43:10.549000+00:00	21091	cumulative					
4073	2026-02-01 18:27:20.283000+00:00	21099	cumulative					
4074	2026-02-01 18:29:35.813000+00:00	21105	cumulative					
4075	2026-02-01 18:31:54.364000+00:00	21106	cumulative					
4076	2026-02-01 18:33:36.270000+00:00	21106	cumulative					
4077	2026-02-01 18:36:45.835000+00:00	21108	cumulative					
4078	2026-02-01 18:38:04.262000+00:00	21109	cumulative					
4079	2026-02-01 18:40:02.015000+00:00	21115	cumulative					
4080	2026-02-01 18:41:53.786000+00:00	21117	cumulative					
4081	2026-02-01 18:44:03.407000+00:00	21121	cumulative					
4082	2026-02-01 18:45:10.526000+00:00	21126	cumulative					
4083	2026-02-01 18:47:01.470000+00:00	21127	cumulative					
4084	2026-02-01 18:48:35.888000+00:00	21127	cumulative					
4085	2026-02-01 18:49:56.731000+00:00	21127	cumulative					
4086	2026-02-01 19:06:55.033000+00:00	21127	cumulative					
4087	2026-02-01 20:04:44.228000+00:00	21128	cumulative					
4088	2026-02-01 20:06:15.914000+00:00	21128	cumulative					
4089	2026-02-01 20:07:44.002000+00:00	21128	cumulative					
4090	2026-02-01 20:09:17.733000+00:00	21128	cumulative					
4091	2026-02-01 20:11:55.658000+00:00	21130	cumulative					
4092	2026-02-01 20:12:49.667000+00:00	21132	cumulative					
4093	2026-02-01 20:14:48.292000+00:00	21134	cumulative					
4094	2026-02-01 20:15:57.377000+00:00	21136	cumulative					
4095	2026-02-01 20:18:21.889000+00:00	21140	cumulative					
4096	2026-02-01 20:19:53.686000+00:00	21142	cumulative					
4097	2026-02-01 20:21:55.152000+00:00	21153	cumulative					
4098	2026-02-01 20:23:16.677000+00:00	21154	cumulative					
4099	2026-02-01 20:25:18.776000+00:00	21154	cumulative					
4100	2026-02-01 20:26:26.165000+00:00	21156	cumulative					
4101	2026-02-01 20:28:30.194000+00:00	21156	cumulative					
4102	2026-02-01 20:29:26.317000+00:00	21159	cumulative					
4103	2026-02-01 20:33:29.466000+00:00	21160	cumulative					
4104	2026-02-01 20:35:25.899000+00:00	21165	cumulative					
4105	2026-02-01 20:36:59.817000+00:00	21167	cumulative					
4106	2026-02-01 20:38:38.052000+00:00	21170	cumulative					
4107	2026-02-01 20:40:39.249000+00:00	21172	cumulative					
4108	2026-02-01 20:42:10.182000+00:00	21174	cumulative					
4109	2026-02-01 20:43:38.745000+00:00	21176	cumulative					
4110	2026-02-01 20:45:48.011000+00:00	21176	cumulative					
4111	2026-02-01 20:46:33.390000+00:00	21178	cumulative					
4112	2026-02-01 20:48:43.788000+00:00	21182	cumulative					
4113	2026-02-01 20:49:47.049000+00:00	21183	cumulative					
4114	2026-02-01 20:50:57.557000+00:00	21183	cumulative					
4115	2026-02-01 20:51:28.251000+00:00	21183	cumulative					
4116	2026-02-01 20:52:24.802000+00:00	21183	cumulative					
4117	2026-02-01 22:26:47.220000+00:00	21186	cumulative					
4118	2026-02-01 22:27:45.808000+00:00	21186	cumulative					
4119	2026-02-01 22:28:21.027000+00:00	21186	cumulative					
4120	2026-02-01 22:30:37.391000+00:00	21191	cumulative					
4121	2026-02-01 22:33:33.756000+00:00	21195	cumulative					
4122	2026-02-01 22:35:22.121000+00:00	21195	cumulative					
4123	2026-02-01 22:37:04.919000+00:00	21199	cumulative					
4124	2026-02-01 22:37:53.978000+00:00	21200	cumulative					
4125	2026-02-01 22:39:49.374000+00:00	21206	cumulative					
4126	2026-02-01 22:41:52.973000+00:00	21208	cumulative					
4127	2026-02-01 22:43:14.134000+00:00	21212	cumulative					
4128	2026-02-01 22:44:06.741000+00:00	21212	cumulative					
4129	2026-02-01 22:47:05.267000+00:00	21212	cumulative					
4130	2026-02-01 22:48:31.521000+00:00	21213	cumulative					
4131	2026-02-01 22:50:04.951000+00:00	21213	cumulative					
4132	2026-02-01 22:52:00.152000+00:00	21217	cumulative					
4133	2026-02-01 23:28:40.227000+00:00	21223	cumulative					
4134	2026-02-01 23:30:29.650000+00:00	21223	cumulative					
4135	2026-02-01 23:31:59.380000+00:00	21225	cumulative					
4136	2026-02-01 23:33:28.318000+00:00	21228	cumulative					
4137	2026-02-01 23:35:03.617000+00:00	21229	cumulative					
4138	2026-02-01 23:36:31.360000+00:00	21232	cumulative					
4139	2026-02-01 23:38:10.327000+00:00	21232	cumulative					
4140	2026-02-01 23:41:15.063000+00:00	21234	cumulative					
4141	2026-02-01 23:43:33.998000+00:00	21235	cumulative					
4142	2026-02-01 23:44:25.466000+00:00	21236	cumulative					
4143	2026-02-01 23:47:03.486000+00:00	21236	cumulative					
4144	2026-02-01 23:48:37.553000+00:00	21236	cumulative					
4145	2026-02-01 23:50:31.896000+00:00	21236	cumulative					
4146	2026-02-01 23:52:46.878000+00:00	21236	cumulative					
4147	2026-02-01 23:54:10.966000+00:00	21236	cumulative					
4148	2026-02-01 23:56:09.188000+00:00	21244	cumulative					
4149	2026-02-01 23:57:49.929000+00:00	21246	cumulative					
4150	2026-02-02 00:00:01.391000+00:00	21246	cumulative					
4151	2026-02-02 00:01:32.804000+00:00	21246	cumulative					
4152	2026-02-02 00:03:32.090000+00:00	21261	cumulative					
4153	2026-02-02 00:04:57.983000+00:00	21266	cumulative					
4154	2026-02-02 00:05:56.546000+00:00	21266	cumulative					
4155	2026-02-02 00:11:12.985000+00:00	21268	cumulative					
4156	2026-02-02 00:15:06.294000+00:00	21271	cumulative					
4157	2026-02-02 00:17:26.157000+00:00	21273	cumulative					
4158	2026-02-02 00:19:27.344000+00:00	21273	cumulative					
4159	2026-02-02 00:21:16.230000+00:00	21275	cumulative					
4160	2026-02-02 00:21:43.197000+00:00	21276	cumulative					
4161	2026-02-02 00:23:23.662000+00:00	21276	cumulative					
4162	2026-02-02 00:26:04.716000+00:00	21277	cumulative					
4163	2026-02-02 00:27:15.801000+00:00	21282	cumulative					
4164	2026-02-02 00:59:57.869000+00:00	21282	cumulative					
4165	2026-02-02 01:00:55.203000+00:00	21285	cumulative					
4166	2026-02-02 01:03:03.240000+00:00	21293	cumulative					
4167	2026-02-02 01:04:12.970000+00:00	21293	cumulative					
4168	2026-02-02 01:06:06.225000+00:00	21295	cumulative					
4169	2026-02-02 01:07:37.944000+00:00	21295	cumulative					
4170	2026-02-02 01:08:57.407000+00:00	21300	cumulative					
4171	2026-02-02 01:10:05.872000+00:00	21300	cumulative					
4172	2026-02-02 01:12:22.469000+00:00	21300	cumulative					
4173	2026-02-02 02:24:42.778000+00:00	21302	cumulative					
4174	2026-02-02 04:26:15.692000+00:00	21302	cumulative					
4175	2026-02-02 18:11:27.457000+00:00	21302	cumulative					
4176	2026-02-02 18:14:37.203000+00:00	21306	cumulative					
4177	2026-02-02 18:15:54.792000+00:00	21307	cumulative					
4178	2026-02-02 18:17:20.307000+00:00	21308	cumulative					
4179	2026-02-02 18:19:03.290000+00:00	21310	cumulative					
4180	2026-02-02 18:20:24.441000+00:00	21310	cumulative					
4181	2026-02-02 18:22:18.318000+00:00	21312	cumulative					
4182	2026-02-02 18:23:19.909000+00:00	21313	cumulative					
4183	2026-02-02 18:25:16.192000+00:00	21314	cumulative					
4184	2026-02-02 18:27:08.969000+00:00	21314	cumulative					
4185	2026-02-02 18:28:43.302000+00:00	21315	cumulative					
4186	2026-02-02 18:30:10.082000+00:00	21316	cumulative					
4187	2026-02-02 18:31:37.239000+00:00	21317	cumulative					
4188	2026-02-02 18:32:39.012000+00:00	21321	cumulative					
4189	2026-02-02 18:34:03.925000+00:00	21321	cumulative					
4190	2026-02-02 18:35:50.727000+00:00	21324	cumulative					
4191	2026-02-02 18:39:02.465000+00:00	21325	cumulative					
4192	2026-02-02 18:41:09.951000+00:00	21327	cumulative					
4193	2026-02-02 18:42:36.124000+00:00	21327	cumulative					
4194	2026-02-02 18:44:07.150000+00:00	21334	cumulative					
4195	2026-02-02 18:46:10.244000+00:00	21335	cumulative					
4196	2026-02-02 18:47:37.212000+00:00	21338	cumulative					
4197	2026-02-02 19:03:03.091000+00:00	21340	cumulative					
4198	2026-02-02 19:05:24.187000+00:00	21341	cumulative					
4199	2026-02-02 19:06:35.598000+00:00	21342	cumulative					
4200	2026-02-02 19:08:26.085000+00:00	21357	cumulative					
4201	2026-02-02 20:37:48.520000+00:00	21357	cumulative					
4202	2026-02-02 20:39:17.256000+00:00	21361	cumulative					
4203	2026-02-02 20:40:43.450000+00:00	21361	cumulative					
4204	2026-02-02 20:42:40.533000+00:00	21361	cumulative					
4205	2026-02-02 20:44:30.177000+00:00	21363	cumulative					
4206	2026-02-02 20:45:51.111000+00:00	21364	cumulative					
4207	2026-02-02 20:47:34.181000+00:00	21365	cumulative					
4208	2026-02-02 20:49:22.106000+00:00	21365	cumulative					
4209	2026-02-02 20:51:15.067000+00:00	21365	cumulative					
4210	2026-02-02 20:52:53.043000+00:00	21367	cumulative					
4211	2026-02-02 20:54:44.953000+00:00	21367	cumulative					
4212	2026-02-02 20:55:56.357000+00:00	21367	cumulative					
4213	2026-02-02 20:58:31.824000+00:00	21372	cumulative					
4214	2026-02-02 20:59:46.577000+00:00	21373	cumulative					
4215	2026-02-02 21:02:13.874000+00:00	21374	cumulative					
4216	2026-02-02 21:04:08.465000+00:00	21378	cumulative					
4217	2026-02-02 21:06:01.054000+00:00	21379	cumulative					
4218	2026-02-02 21:06:46.474000+00:00	21382	cumulative					
4219	2026-02-02 21:08:47.059000+00:00	21382	cumulative					
4220	2026-02-02 21:10:36.357000+00:00	21386	cumulative					
4221	2026-02-02 21:12:15.528000+00:00	21388	cumulative					
4222	2026-02-02 21:13:41.306000+00:00	21390	cumulative					
4223	2026-02-02 21:15:29.436000+00:00	21394	cumulative					
4224	2026-02-02 21:17:06.051000+00:00	21398	cumulative					
4225	2026-02-02 21:18:12.612000+00:00	21402	cumulative					
4226	2026-02-02 21:20:26.045000+00:00	21405	cumulative					
4227	2026-02-02 21:21:51.587000+00:00	21405	cumulative					
4228	2026-02-02 21:24:23.286000+00:00	21405	cumulative					
4229	2026-02-02 21:25:47.710000+00:00	21406	cumulative					
4230	2026-02-02 21:39:31.028000+00:00	21408	cumulative					
4231	2026-02-02 21:44:11.109000+00:00	21411	cumulative					
4232	2026-02-02 21:45:44.896000+00:00	21412	cumulative					
4233	2026-02-02 21:47:24.496000+00:00	21415	cumulative					
4234	2026-02-02 21:49:03.500000+00:00	21417	cumulative					
4235	2026-02-02 21:50:38.318000+00:00	21418	cumulative					
4236	2026-02-02 21:52:20.660000+00:00	21420	cumulative					
4237	2026-02-02 21:53:46.887000+00:00	21420	cumulative					
4238	2026-02-02 21:55:32.825000+00:00	21424	cumulative					
4239	2026-02-02 21:57:17.587000+00:00	21428	cumulative					
4240	2026-02-02 21:58:59.904000+00:00	21428	cumulative					
4241	2026-02-02 23:51:12.972000+00:00	21430	cumulative					
4242	2026-02-02 23:52:38.722000+00:00	21431	cumulative					
4243	2026-02-02 23:54:20.827000+00:00	21434	cumulative					
4244	2026-02-02 23:55:49.069000+00:00	21435	cumulative					
4245	2026-02-02 23:57:15.088000+00:00	21437	cumulative					
4246	2026-02-03 00:00:00.194000+00:00	21445	cumulative					
4247	2026-02-03 00:03:41.678000+00:00	21446	cumulative					
4248	2026-02-03 00:05:45.525000+00:00	21449	cumulative					
4249	2026-02-03 00:08:21.198000+00:00	21450	cumulative					
4250	2026-02-03 00:10:09.611000+00:00	21450	cumulative					
4251	2026-02-03 00:13:00.182000+00:00	21452	cumulative					
4252	2026-02-03 00:14:58.397000+00:00	21454	cumulative					
4253	2026-02-03 00:17:41.701000+00:00	21456	cumulative					
4254	2026-02-03 00:19:23.479000+00:00	21458	cumulative					
4255	2026-02-03 00:21:09.473000+00:00	21458	cumulative					
4256	2026-02-03 00:22:37.869000+00:00	21459	cumulative					
4257	2026-02-03 00:24:26.600000+00:00	21460	cumulative					
4258	2026-02-03 00:26:12.479000+00:00	21461	cumulative					
4259	2026-02-03 00:27:59.354000+00:00	21461	cumulative					
4260	2026-02-03 00:50:47.334000+00:00	21463	cumulative					
4261	2026-02-03 02:08:28.467000+00:00	21465	cumulative					
4262	2026-02-03 02:12:01.846000+00:00	21469	cumulative					
4263	2026-02-03 06:18:15.271000+00:00	21469	cumulative					
4264	2026-02-03 06:25:02.244000+00:00	21471	cumulative					
4265	2026-02-03 06:26:28.621000+00:00	21471	cumulative					
4266	2026-02-03 06:27:35.813000+00:00	21474	cumulative					
4267	2026-02-03 06:30:04.455000+00:00	21478	cumulative					
4268	2026-02-03 06:31:50.426000+00:00	21479	cumulative					
4269	2026-02-03 06:34:28.524000+00:00	21481	cumulative					
4270	2026-02-03 06:35:00.277000+00:00	21486	cumulative					
4271	2026-02-03 06:37:27.008000+00:00	21489	cumulative					
4272	2026-02-03 06:38:10.379000+00:00	21491	cumulative					
4273	2026-02-03 06:40:34.729000+00:00	21493	cumulative					
4274	2026-02-03 06:43:43.935000+00:00	21495	cumulative					
4275	2026-02-03 06:45:29.381000+00:00	21495	cumulative					
4276	2026-02-03 06:46:24.247000+00:00	21499	cumulative					
4277	2026-02-03 06:48:21.485000+00:00	21499	cumulative					
4278	2026-02-03 06:49:56.526000+00:00	21502	cumulative					
4279	2026-02-03 06:51:23.071000+00:00	21507	cumulative					
4280	2026-02-03 06:53:37.345000+00:00	21507	cumulative					
4281	2026-02-03 06:55:11.156000+00:00	21507	cumulative					
4282	2026-02-03 16:05:44.388000+00:00	21508	cumulative					
4283	2026-02-03 16:08:20.087000+00:00	21508	cumulative					
4284	2026-02-03 16:08:35.520000+00:00	21509	cumulative					
4285	2026-02-03 16:11:30.888000+00:00	21512	cumulative					
4286	2026-02-03 16:13:00.241000+00:00	21514	cumulative					
4287	2026-02-03 16:14:25.129000+00:00	21514	cumulative					
4288	2026-02-03 16:15:25.394000+00:00	21517	cumulative					
4289	2026-02-03 16:16:59.093000+00:00	21517	cumulative					
4290	2026-02-03 16:18:37.306000+00:00	21520	cumulative					
4291	2026-02-03 16:20:37.012000+00:00	21522	cumulative					
4292	2026-02-03 16:22:01.599000+00:00	21524	cumulative					
4293	2026-02-03 16:30:45.572000+00:00	21524	cumulative					
4294	2026-02-03 16:31:53.915000+00:00	21524	cumulative					
4295	2026-02-03 16:33:57.458000+00:00	21528	cumulative					
4296	2026-02-03 16:34:07.011000+00:00	21529	cumulative					
4297	2026-02-03 16:37:33.580000+00:00	21529	cumulative					
4298	2026-02-03 16:38:58.967000+00:00	21532	cumulative					
4299	2026-02-03 16:40:50.397000+00:00	21534	cumulative					
4300	2026-02-03 16:42:17.670000+00:00	21534	cumulative					
4301	2026-02-03 16:44:00.597000+00:00	21534	cumulative					
4302	2026-02-03 16:45:22.424000+00:00	21541	cumulative					
4303	2026-02-03 16:47:07.635000+00:00	21541	cumulative					
4304	2026-02-03 16:48:54.940000+00:00	21541	cumulative					
4305	2026-02-03 16:50:16.586000+00:00	21542	cumulative					
4306	2026-02-03 16:52:21.903000+00:00	21546	cumulative					
4307	2026-02-03 16:53:17.651000+00:00	21550	cumulative					
4308	2026-02-03 16:55:04.754000+00:00	21551	cumulative					
4309	2026-02-03 16:57:15.834000+00:00	21558	cumulative					
4310	2026-02-03 16:58:37.958000+00:00	21559	cumulative					
4311	2026-02-03 16:59:07.639000+00:00	21561	cumulative					
4312	2026-02-03 17:02:15.043000+00:00	21563	cumulative					
4313	2026-02-03 17:03:39.865000+00:00	21569	cumulative					
4314	2026-02-03 17:05:00.376000+00:00	21572	cumulative					
4315	2026-02-03 17:05:37.095000+00:00	21574	cumulative					
4316	2026-02-03 17:08:36.172000+00:00	21582	cumulative					
4317	2026-02-03 17:10:13.441000+00:00	21585	cumulative					
4318	2026-02-03 17:11:38.227000+00:00	21586	cumulative					
4319	2026-02-03 17:13:22.867000+00:00	21587	cumulative					
4320	2026-02-03 17:15:10.668000+00:00	21592	cumulative					
4321	2026-02-03 18:12:48.832000+00:00	21593	cumulative					
4322	2026-02-03 18:15:12.203000+00:00	21595	cumulative					
4323	2026-02-03 18:16:43.162000+00:00	21597	cumulative					
4324	2026-02-03 18:17:49.724000+00:00	21601	cumulative					
4325	2026-02-03 18:19:42.730000+00:00	21605	cumulative					
4326	2026-02-03 18:21:07.773000+00:00	21606	cumulative					
4327	2026-02-03 18:21:11.130000+00:00	21606	cumulative					
4328	2026-02-03 18:24:08.749000+00:00	21611	cumulative					
4329	2026-02-03 18:24:52.159000+00:00	21611	cumulative					
4330	2026-02-03 18:26:18.129000+00:00	21612	cumulative					
4331	2026-02-03 18:28:54.592000+00:00	21615	cumulative					
4332	2026-02-04 04:22:23.589000+00:00	21616	cumulative					
4333	2026-02-05 02:20:27.469000+00:00	21619	cumulative					
4334	2026-02-05 18:25:17.097000+00:00	21621	cumulative					
4335	2026-02-05 18:28:36.798000+00:00	21626	cumulative					
4336	2026-02-05 18:30:39.763000+00:00	21628	cumulative					
4337	2026-02-05 18:32:09.979000+00:00	21628	cumulative					
4338	2026-02-05 18:33:58.253000+00:00	21628	cumulative					
4339	2026-02-05 18:40:32.747000+00:00	21628	cumulative					
4340	2026-02-05 18:44:33.341000+00:00	21631	cumulative					
4341	2026-02-05 18:50:28.955000+00:00	21634	cumulative					
4342	2026-02-05 18:52:22.898000+00:00	21639	cumulative					
4343	2026-02-05 18:53:47.427000+00:00	21639	cumulative					
4344	2026-02-05 18:55:12.890000+00:00	21644	cumulative					
4345	2026-02-05 18:56:47.630000+00:00	21644	cumulative					
4346	2026-02-05 18:58:35.480000+00:00	21645	cumulative					
4347	2026-02-05 19:01:41.257000+00:00	21648	cumulative					
4348	2026-02-05 19:03:14.631000+00:00	21648	cumulative					
4349	2026-02-05 19:04:19.268000+00:00	21651	cumulative					
4350	2026-02-05 19:05:26.606000+00:00	21656	cumulative					
4351	2026-02-05 19:06:25.740000+00:00	21657	cumulative					
4352	2026-02-05 19:08:20.446000+00:00	21657	cumulative					
4353	2026-02-05 19:09:50.191000+00:00	21657	cumulative					
4354	2026-02-05 19:12:14.284000+00:00	21657	cumulative					
4355	2026-02-05 19:13:44.995000+00:00	21658	cumulative					
4356	2026-02-05 19:14:08.540000+00:00	21658	cumulative					
4357	2026-02-05 19:16:36.991000+00:00	21660	cumulative					
4358	2026-02-05 19:17:15.137000+00:00	21660	cumulative					
4359	2026-02-05 19:19:36.362000+00:00	21660	cumulative					
4360	2026-02-05 19:21:01.223000+00:00	21661	cumulative					
4361	2026-02-05 19:22:22.677000+00:00	21661	cumulative					
4362	2026-02-05 19:23:15.282000+00:00	21662	cumulative					
4363	2026-02-05 19:25:35.116000+00:00	21663	cumulative					
4364	2026-02-05 19:26:09.027000+00:00	21668	cumulative					
4365	2026-02-05 19:28:52.057000+00:00	21668	cumulative					
4366	2026-02-05 19:30:15.935000+00:00	21669	cumulative					
4367	2026-02-05 19:31:44.565000+00:00	21673	cumulative					
4368	2026-02-05 19:33:17.559000+00:00	21677	cumulative					
4369	2026-02-05 19:34:47.507000+00:00	21682	cumulative					
4370	2026-02-05 19:36:11.018000+00:00	21688	cumulative					
4371	2026-02-05 19:36:46.322000+00:00	21692	cumulative					
4372	2026-02-05 19:39:29.614000+00:00	21694	cumulative					
4373	2026-02-05 19:40:54.020000+00:00	21694	cumulative					
4374	2026-02-05 19:42:18.883000+00:00	21694	cumulative					
4375	2026-02-05 19:43:55.640000+00:00	21697	cumulative					
4376	2026-02-05 19:45:50.707000+00:00	21697	cumulative					
4377	2026-02-05 19:47:15.544000+00:00	21697	cumulative					
4378	2026-02-05 19:48:57.430000+00:00	21699	cumulative					
4379	2026-02-05 19:50:10.989000+00:00	21700	cumulative					
4380	2026-02-05 19:51:51.803000+00:00	21708	cumulative					
4381	2026-02-05 19:53:17.296000+00:00	21710	cumulative					
4382	2026-02-05 19:55:13.723000+00:00	21713	cumulative					
4383	2026-02-05 22:51:36.961000+00:00	21713	cumulative					
4384	2026-02-05 22:53:06.371000+00:00	21717	cumulative					
4385	2026-02-05 22:54:32.665000+00:00	21717	cumulative					
4386	2026-02-05 22:55:56.137000+00:00	21718	cumulative					
4387	2026-02-05 22:57:05.834000+00:00	21718	cumulative					
4388	2026-02-05 22:59:02.527000+00:00	21721	cumulative					
4389	2026-02-05 23:00:08.464000+00:00	21725	cumulative					
4390	2026-02-05 23:01:46.105000+00:00	21725	cumulative					
4391	2026-02-05 23:02:32.638000+00:00	21727	cumulative					
4392	2026-02-05 23:04:46.554000+00:00	21728	cumulative					
4393	2026-02-05 23:06:56.152000+00:00	21731	cumulative					
4394	2026-02-05 23:08:19.474000+00:00	21735	cumulative					
4395	2026-02-05 23:09:13.881000+00:00	21735	cumulative					
4396	2026-02-05 23:11:19.951000+00:00	21735	cumulative					
4397	2026-02-05 23:12:44.578000+00:00	21738	cumulative					
4398	2026-02-05 23:14:00.843000+00:00	21738	cumulative					
4399	2026-02-05 23:15:30.108000+00:00	21746	cumulative					
4400	2026-02-05 23:17:35.069000+00:00	21747	cumulative					
4401	2026-02-05 23:18:58.948000+00:00	21751	cumulative					
4402	2026-02-05 23:20:25.263000+00:00	21751	cumulative					
4403	2026-02-05 23:21:48.778000+00:00	21751	cumulative					
4404	2026-02-05 23:22:56.697000+00:00	21754	cumulative					
4405	2026-02-05 23:24:42.731000+00:00	21755	cumulative					
4406	2026-02-05 23:25:49.086000+00:00	21755	cumulative					
4407	2026-02-05 23:27:19.427000+00:00	21756	cumulative					
4408	2026-02-05 23:29:02.073000+00:00	21756	cumulative					
4409	2026-02-05 23:30:19.006000+00:00	21757	cumulative					
4410	2026-02-05 23:31:51.334000+00:00	21767	cumulative					
4411	2026-02-06 00:31:34.253000+00:00	21768	cumulative					
4412	2026-02-06 00:33:09.172000+00:00	21770	cumulative					
4413	2026-02-06 00:34:45.852000+00:00	21771	cumulative					
4414	2026-02-06 00:36:12.026000+00:00	21771	cumulative					
4415	2026-02-06 00:37:50.149000+00:00	21776	cumulative					
4416	2026-02-06 00:39:22.364000+00:00	21776	cumulative					
4417	2026-02-06 00:40:46.221000+00:00	21777	cumulative					
4418	2026-02-06 00:42:34.160000+00:00	21777	cumulative					
4419	2026-02-06 00:44:01.353000+00:00	21781	cumulative					
4420	2026-02-06 00:45:34.047000+00:00	21782	cumulative					
4421	2026-02-06 00:46:39.990000+00:00	21786	cumulative					
4422	2026-02-06 00:48:12.298000+00:00	21790	cumulative					
4423	2026-02-06 00:50:06.440000+00:00	21793	cumulative					
4424	2026-02-06 00:50:56.399000+00:00	21797	cumulative					
4425	2026-02-06 00:52:51.949000+00:00	21798	cumulative					
4426	2026-02-06 00:55:37.133000+00:00	21803	cumulative					
4427	2026-02-06 00:57:31.371000+00:00	21811	cumulative					
4428	2026-02-06 00:58:55.391000+00:00	21811	cumulative					
4430	2026-02-06 01:22:49.677000+00:00	21813	cumulative					
4431	2026-02-06 01:30:47.524000+00:00	21813	cumulative					
4432	2026-02-06 02:11:49.668000+00:00	21814	cumulative					
4433	2026-02-06 02:12:55.318000+00:00	21818	cumulative					
4434	2026-02-06 02:14:31.375000+00:00	21824	cumulative					
4435	2026-02-06 02:16:20.320000+00:00	21824	cumulative					
4436	2026-02-06 02:36:15.623000+00:00	21825	cumulative					
4437	2026-02-06 02:37:39.562000+00:00	21825	cumulative					
4438	2026-02-06 02:39:04.342000+00:00	21825	cumulative					
4439	2026-02-06 02:40:14.744000+00:00	21825	cumulative					
4440	2026-02-06 02:40:44.238000+00:00	21825	cumulative					
4441	2026-02-06 02:43:52.527000+00:00	21828	cumulative					
4442	2026-02-06 02:45:37.787000+00:00	21829	cumulative					
4443	2026-02-06 02:47:48.795000+00:00	21833	cumulative					
4444	2026-02-06 02:48:43.155000+00:00	21834	cumulative					
4445	2026-02-06 02:50:10.253000+00:00	21835	cumulative					
4446	2026-02-06 02:52:14.709000+00:00	21836	cumulative					
4447	2026-02-06 02:53:39.753000+00:00	21840	cumulative					
4448	2026-02-06 02:55:32.773000+00:00	21840	cumulative					
4449	2026-02-06 02:57:08.148000+00:00	21845	cumulative					
4450	2026-02-06 03:02:03.327000+00:00	21848	cumulative					
4451	2026-02-06 03:03:28.472000+00:00	21849	cumulative					
4452	2026-02-06 03:05:03.642000+00:00	21855	cumulative					
4453	2026-02-06 03:06:52.059000+00:00	21856	cumulative					
4454	2026-02-06 03:08:35.382000+00:00	21856	cumulative					
4455	2026-02-06 03:09:42.300000+00:00	21856	cumulative					
4456	2026-02-06 03:11:32.743000+00:00	21856	cumulative					
4457	2026-02-06 03:36:32.763000+00:00	21858	cumulative					
4458	2026-02-06 03:37:58.189000+00:00	21859	cumulative					
4459	2026-02-06 03:39:28.135000+00:00	21861	cumulative					
4460	2026-02-06 03:40:37.094000+00:00	21861	cumulative					
4461	2026-02-06 03:42:11.705000+00:00	21869	cumulative					
4462	2026-02-06 03:42:21.899000+00:00	21881	cumulative					
4463	2026-02-06 03:45:54.084000+00:00	21882	cumulative					
4464	2026-02-06 03:48:18.541000+00:00	21886	cumulative					
4465	2026-02-06 03:50:45.509000+00:00	21889	cumulative					
4466	2026-02-06 04:41:01.998000+00:00	21889	cumulative					
4467	2026-02-06 04:42:38.195000+00:00	21891	cumulative					
4468	2026-02-06 04:44:05.842000+00:00	21898	cumulative					
4469	2026-02-06 04:45:34.938000+00:00	21902	cumulative					
4470	2026-02-06 04:47:05.431000+00:00	21905	cumulative					
4471	2026-02-06 04:48:29.517000+00:00	21905	cumulative					
4472	2026-02-06 04:49:01.971000+00:00	21905	cumulative					
4473	2026-02-06 04:51:27.509000+00:00	21912	cumulative					
4474	2026-02-06 04:53:39.838000+00:00	21913	cumulative					
4475	2026-02-06 04:55:44.415000+00:00	21914	cumulative					
4476	2026-02-06 04:57:21.246000+00:00	21916	cumulative					
4477	2026-02-06 04:59:25.434000+00:00	21916	cumulative					
4478	2026-02-06 05:00:59.101000+00:00	21920	cumulative					
4479	2026-02-06 05:02:27.620000+00:00	21921	cumulative					
4480	2026-02-06 05:04:29.459000+00:00	21922	cumulative					
4481	2026-02-06 05:05:55.827000+00:00	21925	cumulative					
4482	2026-02-06 05:07:36.458000+00:00	21925	cumulative					
4483	2026-02-06 05:09:13.756000+00:00	21927	cumulative					
4484	2026-02-06 05:10:37.378000+00:00	21927	cumulative					
4485	2026-02-06 05:11:34.461000+00:00	21931	cumulative					
4486	2026-02-06 05:13:45.290000+00:00	21935	cumulative					
4487	2026-02-06 05:14:32.601000+00:00	21935	cumulative					
4488	2026-02-06 05:16:51.046000+00:00	21935	cumulative					
4489	2026-02-06 05:18:14.812000+00:00	21938	cumulative					
4490	2026-02-06 05:19:42.827000+00:00	21940	cumulative					
4491	2026-02-06 05:21:14.356000+00:00	21941	cumulative					
4492	2026-02-06 05:22:45.923000+00:00	21947	cumulative					
4493	2026-02-06 05:24:05.385000+00:00	21949	cumulative					
4494	2026-02-06 05:26:33.460000+00:00	21950	cumulative					
4495	2026-02-06 05:28:03.219000+00:00	21954	cumulative					
4496	2026-02-06 05:29:27.528000+00:00	21954	cumulative					
4497	2026-02-06 05:30:54.290000+00:00	21954	cumulative					
4498	2026-02-06 05:31:37.731000+00:00	21954	cumulative					
4499	2026-02-06 05:34:24.096000+00:00	21958	cumulative					
4500	2026-02-06 05:34:59.192000+00:00	21959	cumulative					
4501	2026-02-06 05:37:32.986000+00:00	21961	cumulative					
4502	2026-02-06 05:38:34.190000+00:00	21965	cumulative					
4503	2026-02-06 05:41:27.248000+00:00	21965	cumulative					
4504	2026-02-06 05:42:36.610000+00:00	21967	cumulative					
4505	2026-02-06 05:43:58.800000+00:00	21969	cumulative					
4506	2026-02-06 05:45:27.355000+00:00	21969	cumulative					
4507	2026-02-06 06:07:40.959000+00:00	21973	cumulative					
4508	2026-02-06 06:09:13.303000+00:00	21973	cumulative					
4509	2026-02-06 06:10:37.965000+00:00	21974	cumulative					
4510	2026-02-06 06:12:18.413000+00:00	21976	cumulative					
4511	2026-02-06 06:13:53.613000+00:00	21976	cumulative					
4512	2026-02-06 06:15:18.458000+00:00	21976	cumulative					
4513	2026-02-06 06:16:46.908000+00:00	21978	cumulative					
4514	2026-02-06 06:17:30.226000+00:00	21978	cumulative					
4515	2026-02-06 06:18:18.329000+00:00	21986	cumulative					
4516	2026-02-06 06:21:29.581000+00:00	21986	cumulative					
4517	2026-02-06 06:23:25.890000+00:00	21989	cumulative					
4518	2026-02-06 06:25:30.873000+00:00	21989	cumulative					
4519	2026-02-06 06:26:55.458000+00:00	21989	cumulative					
4520	2026-02-06 06:28:34.417000+00:00	21994	cumulative					
4521	2026-02-06 06:30:27.098000+00:00	21994	cumulative					
4522	2026-02-06 06:32:10.838000+00:00	21996	cumulative					
4523	2026-02-06 06:33:35.262000+00:00	21996	cumulative					
4524	2026-02-06 06:34:55.608000+00:00	21996	cumulative					
4525	2026-02-06 06:36:40.479000+00:00	21996	cumulative					
4526	2026-02-06 06:38:05.497000+00:00	21997	cumulative					
4527	2026-02-06 06:40:09.416000+00:00	21999	cumulative					
4528	2026-02-06 06:41:06.054000+00:00	22000	cumulative					
4529	2026-02-06 06:43:25.237000+00:00	22005	cumulative					
4530	2026-02-06 06:44:53.926000+00:00	22005	cumulative					
4531	2026-02-06 15:53:28.065000+00:00	22006	cumulative					
4532	2026-02-06 16:41:24.546000+00:00	22007	cumulative					
4533	2026-02-06 16:52:04.674000+00:00	22007	cumulative					
4534	2026-02-06 16:53:30.343000+00:00	22009	cumulative					
4535	2026-02-06 16:58:09.604000+00:00	22009	cumulative					
4536	2026-02-06 16:59:36.683000+00:00	22013	cumulative					
4537	2026-02-06 17:09:59.131000+00:00	22018	cumulative					
4538	2026-02-06 17:11:44.059000+00:00	22020	cumulative					
4539	2026-02-06 17:13:35.990000+00:00	22022	cumulative					
4540	2026-02-06 17:15:05.411000+00:00	22031	cumulative					
4541	2026-02-06 17:16:02.977000+00:00	22035	cumulative					
4542	2026-02-06 17:17:40.485000+00:00	22036	cumulative					
4543	2026-02-06 17:20:01.694000+00:00	22038	cumulative					
4544	2026-02-06 17:21:26.033000+00:00	22038	cumulative					
4545	2026-02-06 17:23:08.536000+00:00	22040	cumulative					
4546	2026-02-06 17:24:33.034000+00:00	22044	cumulative					
4547	2026-02-06 17:26:00.920000+00:00	22045	cumulative					
4548	2026-02-06 17:27:25.452000+00:00	22052	cumulative					
4549	2026-02-06 17:28:59.064000+00:00	22054	cumulative					
4550	2026-02-06 17:30:24.130000+00:00	22054	cumulative					
4551	2026-02-06 17:32:09.008000+00:00	22058	cumulative					
4552	2026-02-06 17:34:09.035000+00:00	22061	cumulative					
4553	2026-02-06 17:35:35.929000+00:00	22061	cumulative					
4554	2026-02-06 17:37:07.904000+00:00	22064	cumulative					
4555	2026-02-06 17:38:48.097000+00:00	22064	cumulative					
4556	2026-02-06 17:40:30.076000+00:00	22064	cumulative					
4557	2026-02-06 17:42:15.139000+00:00	22071	cumulative					
4558	2026-02-06 17:43:46.202000+00:00	22071	cumulative					
4559	2026-02-06 17:45:40.422000+00:00	22075	cumulative					
4560	2026-02-06 17:47:05.286000+00:00	22076	cumulative					
4561	2026-02-06 17:48:49.545000+00:00	22076	cumulative					
4562	2026-02-06 17:50:11.300000+00:00	22076	cumulative					
4563	2026-02-06 17:51:26.269000+00:00	22082	cumulative					
4564	2026-02-06 17:54:00.544000+00:00	22083	cumulative					
4565	2026-02-06 17:57:19.117000+00:00	22084	cumulative					
4566	2026-02-06 17:58:44.764000+00:00	22085	cumulative					
4567	2026-02-06 23:15:16.047000+00:00	22085	cumulative					
4568	2026-02-06 23:17:31.785000+00:00	22089	cumulative					
4569	2026-02-06 23:18:07.998000+00:00	22089	cumulative					
4570	2026-02-06 23:20:37.016000+00:00	22089	cumulative					
4571	2026-02-06 23:23:40.506000+00:00	22089	cumulative					
4572	2026-02-06 23:25:16.732000+00:00	22090	cumulative					
4573	2026-02-06 23:26:03.568000+00:00	22091	cumulative					
4574	2026-02-06 23:28:11.474000+00:00	22091	cumulative					
4575	2026-02-07 00:05:59.842000+00:00	22095	cumulative					
4576	2026-02-07 01:21:54.908000+00:00	22095	cumulative					
4577	2026-02-07 17:11:59.510000+00:00	22095	cumulative					
4578	2026-02-07 17:21:18.365000+00:00	22103	cumulative					
4579	2026-02-07 17:23:48.011000+00:00	22103	cumulative					
4580	2026-02-07 17:25:34.093000+00:00	22104	cumulative					
4581	2026-02-07 17:27:37.699000+00:00	22104	cumulative					
4582	2026-02-07 17:28:03.552000+00:00	22110	cumulative					
4583	2026-02-07 17:30:56.493000+00:00	22117	cumulative					
4584	2026-02-07 17:32:35.716000+00:00	22118	cumulative					
4585	2026-02-07 17:34:00.793000+00:00	22123	cumulative					
4586	2026-02-07 17:39:10.087000+00:00	22123	cumulative					
4587	2026-02-07 17:40:38.049000+00:00	22123	cumulative					
4588	2026-02-07 17:42:45.542000+00:00	22125	cumulative					
4589	2026-02-07 17:45:49.219000+00:00	22125	cumulative					
4590	2026-02-07 17:47:26.959000+00:00	22126	cumulative					
4591	2026-02-07 17:48:05.548000+00:00	22129	cumulative					
4592	2026-02-07 17:49:29.609000+00:00	22130	cumulative					
4593	2026-02-07 17:50:55.574000+00:00	22130	cumulative					
4594	2026-02-07 17:53:15.936000+00:00	22133	cumulative					
4595	2026-02-07 17:54:51.622000+00:00	22133	cumulative					
4596	2026-02-07 17:56:16.599000+00:00	22133	cumulative					
4597	2026-02-07 17:56:54.230000+00:00	22133	cumulative					
4598	2026-02-07 17:58:43.535000+00:00	22133	cumulative					
4599	2026-02-07 18:01:11.757000+00:00	22138	cumulative					
4600	2026-02-08 06:22:16.174000+00:00	22138	cumulative					
4601	2026-02-08 06:24:04.398000+00:00	22141	cumulative					
4602	2026-02-08 17:40:36.914000+00:00	22142	cumulative					
4603	2026-02-08 20:42:26.910000+00:00	22143	cumulative					
4604	2026-02-08 20:43:38.578000+00:00	22143	cumulative					
4605	2026-02-08 20:45:53.144000+00:00	22143	cumulative					
4606	2026-02-08 20:46:37.092000+00:00	22143	cumulative					
4607	2026-02-08 20:48:45.825000+00:00	22144	cumulative					
4608	2026-02-08 20:50:11.108000+00:00	22146	cumulative					
4609	2026-02-08 20:51:04.621000+00:00	22146	cumulative					
4610	2026-02-08 20:52:16.027000+00:00	22148	cumulative					
4611	2026-02-08 20:54:33.618000+00:00	22150	cumulative					
4612	2026-02-08 20:55:23.735000+00:00	22152	cumulative					
4613	2026-02-08 20:57:30.110000+00:00	22153	cumulative					
4614	2026-02-08 21:00:05.092000+00:00	22156	cumulative					
4615	2026-02-08 21:01:53.220000+00:00	22162	cumulative					
4616	2026-02-08 21:03:19.382000+00:00	22163	cumulative					
4617	2026-02-08 21:53:56.568000+00:00	22163	cumulative					
4618	2026-02-08 21:56:09.146000+00:00	22164	cumulative					
4619	2026-02-08 21:56:40.162000+00:00	22169	cumulative					
4620	2026-02-08 21:59:08.379000+00:00	22170	cumulative					
4621	2026-02-08 22:00:20.513000+00:00	22172	cumulative					
4622	2026-02-08 22:02:19.056000+00:00	22180	cumulative					
4623	2026-02-08 22:03:22.600000+00:00	22180	cumulative					
4624	2026-02-08 22:05:32.301000+00:00	22186	cumulative					
4625	2026-02-08 22:06:20.524000+00:00	22186	cumulative					
4627	2026-02-09 13:04:13.029000+00:00	22187	cumulative					
4628	2026-02-09 13:53:34.751000+00:00	22190	cumulative					
4629	2026-02-09 13:55:01.627000+00:00	22200	cumulative					
4630	2026-02-09 14:00:30.046000+00:00	22200	cumulative					
4631	2026-02-09 14:52:45.560000+00:00	22200	cumulative					
4632	2026-02-09 14:59:01.051000+00:00	22211	cumulative					
4633	2026-02-09 17:44:13.620000+00:00	22211	cumulative					
4634	2026-02-09 17:49:58.630000+00:00	22217	cumulative					
4635	2026-02-09 17:55:55.638000+00:00	22218	cumulative					
4636	2026-02-09 17:59:43.760000+00:00	22219	cumulative					
4637	2026-02-09 18:01:42.229000+00:00	22222	cumulative					
4638	2026-02-09 18:46:03.591000+00:00	22222	cumulative					
4639	2026-02-09 19:01:08.918000+00:00	22222	cumulative					
4640	2026-02-09 19:03:36.394000+00:00	22224	cumulative					
4641	2026-02-09 19:05:42.731000+00:00	22224	cumulative					
4642	2026-02-09 19:51:27.475000+00:00	22225	cumulative					
4643	2026-02-09 19:54:53.013000+00:00	22228	cumulative					
4644	2026-02-09 19:56:33.252000+00:00	22231	cumulative					
4645	2026-02-09 19:58:28.853000+00:00	22233	cumulative					
4646	2026-02-09 19:59:43.770000+00:00	22240	cumulative					
4647	2026-02-09 20:02:25.868000+00:00	22240	cumulative					
4648	2026-02-09 20:05:06.450000+00:00	22240	cumulative					
4649	2026-02-09 20:06:30.846000+00:00	22250	cumulative					
4650	2026-02-09 20:07:55.699000+00:00	22251	cumulative					
4651	2026-02-09 20:09:42.758000+00:00	22253	cumulative					
4652	2026-02-09 20:11:37.286000+00:00	22253	cumulative					
4653	2026-02-09 20:13:38.293000+00:00	22255	cumulative					
4654	2026-02-09 20:15:10.579000+00:00	22256	cumulative					
4655	2026-02-09 20:16:55.411000+00:00	22258	cumulative					
4656	2026-02-09 20:18:39.879000+00:00	22259	cumulative					
4657	2026-02-09 20:19:31.182000+00:00	22262	cumulative					
4658	2026-02-09 20:21:50.221000+00:00	22262	cumulative					
4659	2026-02-09 20:23:10.805000+00:00	22263	cumulative					
4660	2026-02-09 20:24:41.627000+00:00	22264	cumulative					
4661	2026-02-09 20:45:32.332000+00:00	22266	cumulative					
4662	2026-02-09 20:47:45.728000+00:00	22269	cumulative					
4663	2026-02-09 20:50:15.688000+00:00	22273	cumulative					
4664	2026-02-09 20:52:00.215000+00:00	22273	cumulative					
4665	2026-02-09 20:54:33.846000+00:00	22277	cumulative					
4666	2026-02-09 20:55:14.609000+00:00	22277	cumulative					
4667	2026-02-09 20:56:48.829000+00:00	22277	cumulative					
4668	2026-02-09 20:59:09.997000+00:00	22282	cumulative					
4669	2026-02-09 21:01:09.835000+00:00	22282	cumulative					
4670	2026-02-09 21:02:49.452000+00:00	22283	cumulative					
4671	2026-02-09 21:04:53.361000+00:00	22284	cumulative					
4672	2026-02-09 21:06:39.214000+00:00	22286	cumulative					
4673	2026-02-09 21:08:10.120000+00:00	22287	cumulative					
4674	2026-02-09 21:09:35.617000+00:00	22287	cumulative					
4675	2026-02-09 21:10:59.586000+00:00	22289	cumulative					
4676	2026-02-09 21:12:48.706000+00:00	22289	cumulative					
4677	2026-02-09 21:12:51.448000+00:00	22289	cumulative					
4678	2026-02-09 21:15:12.014000+00:00	22289	cumulative					
4679	2026-02-09 21:16:43.804000+00:00	22290	cumulative					
4680	2026-02-09 21:18:40.771000+00:00	22290	cumulative					
4681	2026-02-09 21:20:04.979000+00:00	22292	cumulative					
4682	2026-02-09 21:21:40.796000+00:00	22294	cumulative					
4683	2026-02-09 21:23:08.829000+00:00	22298	cumulative					
4684	2026-02-09 21:24:38.586000+00:00	22301	cumulative					
4685	2026-02-09 21:26:21.644000+00:00	22302	cumulative					
4686	2026-02-10 03:30:42.573000+00:00	22303	cumulative					
4687	2026-02-10 03:37:13.241000+00:00	22304	cumulative					
4688	2026-02-10 04:21:42.552000+00:00	22310	cumulative					
4689	2026-02-10 04:22:54.574000+00:00	22310	cumulative					
4690	2026-02-10 04:24:51.079000+00:00	22311	cumulative					
4691	2026-02-10 04:25:50.844000+00:00	22312	cumulative					
4692	2026-02-10 04:27:52.079000+00:00	22313	cumulative					
4693	2026-02-10 04:28:44.912000+00:00	22315	cumulative					
4694	2026-02-10 04:30:42.527000+00:00	22317	cumulative					
4695	2026-02-10 04:31:46.454000+00:00	22323	cumulative					
4696	2026-02-10 04:34:07.241000+00:00	22326	cumulative					
4697	2026-02-10 04:35:24.321000+00:00	22326	cumulative					
4698	2026-02-10 04:37:10.540000+00:00	22327	cumulative					
4699	2026-02-10 04:38:26.788000+00:00	22328	cumulative					
4700	2026-02-10 04:40:14.860000+00:00	22329	cumulative					
4701	2026-02-10 04:41:39.834000+00:00	22332	cumulative					
4702	2026-02-10 04:43:19.742000+00:00	22333	cumulative					
4703	2026-02-10 04:44:35.050000+00:00	22334	cumulative					
4704	2026-02-10 04:46:26.296000+00:00	22334	cumulative					
4705	2026-02-10 04:55:53.393000+00:00	22334	cumulative					
4706	2026-02-10 04:57:17.001000+00:00	22339	cumulative					
4707	2026-02-10 04:58:46.302000+00:00	22341	cumulative					
4708	2026-02-10 05:01:37.906000+00:00	22344	cumulative					
4709	2026-02-10 05:02:26.452000+00:00	22357	cumulative					
4710	2026-02-10 05:04:53.992000+00:00	22362	cumulative					
4711	2026-02-10 05:07:08.622000+00:00	22367	cumulative					
4712	2026-02-10 05:08:43.826000+00:00	22370	cumulative					
4713	2026-02-10 05:58:37.205000+00:00	22374	cumulative					
4714	2026-02-10 06:02:33.127000+00:00	22377	cumulative					
4715	2026-02-10 06:11:36.491000+00:00	22377	cumulative					
4716	2026-02-10 06:13:16.730000+00:00	22384	cumulative					
4717	2026-02-10 06:15:05.063000+00:00	22388	cumulative					
4718	2026-02-10 06:16:10.011000+00:00	22390	cumulative					
4719	2026-02-10 06:18:11.408000+00:00	22391	cumulative					
4720	2026-02-10 06:19:44.826000+00:00	22391	cumulative					
4721	2026-02-10 06:20:59.024000+00:00	22395	cumulative					
4722	2026-02-10 06:22:59.780000+00:00	22396	cumulative					
4723	2026-02-10 06:24:28.530000+00:00	22407	cumulative					
4724	2026-02-10 06:26:26.236000+00:00	22410	cumulative					
4725	2026-02-10 06:28:14.125000+00:00	22414	cumulative					
4726	2026-02-10 06:29:58.160000+00:00	22415	cumulative					
4727	2026-02-10 06:31:24.784000+00:00	22416	cumulative					
4728	2026-02-10 17:04:40.070000+00:00	22416	cumulative					
4729	2026-02-10 17:11:16.860000+00:00	22416	cumulative					
4730	2026-02-10 17:19:03.766000+00:00	22420	cumulative					
4731	2026-02-10 17:20:02.619000+00:00	22420	cumulative					
4732	2026-02-10 17:35:22.642000+00:00	22421	cumulative					
4733	2026-02-10 17:37:29.454000+00:00	22425	cumulative					
4734	2026-02-10 17:42:22.381000+00:00	22426	cumulative					
4735	2026-02-10 17:51:32.433000+00:00	22426	cumulative					
4736	2026-02-10 17:53:04.789000+00:00	22430	cumulative					
4737	2026-02-10 17:54:28.552000+00:00	22433	cumulative					
4738	2026-02-10 17:55:54.224000+00:00	22435	cumulative					
4739	2026-02-10 17:57:17.780000+00:00	22437	cumulative					
4740	2026-02-10 17:58:41.954000+00:00	22441	cumulative					
4741	2026-02-10 18:01:00.427000+00:00	22442	cumulative					
4742	2026-02-10 18:13:32.105000+00:00	22442	cumulative					
4743	2026-02-10 18:38:07.784000+00:00	22446	cumulative					
4744	2026-02-10 18:39:48.914000+00:00	22450	cumulative					
4745	2026-02-10 18:41:06.607000+00:00	22450	cumulative					
4746	2026-02-10 18:43:03.889000+00:00	22451	cumulative					
4747	2026-02-10 18:44:50.967000+00:00	22451	cumulative					
4748	2026-02-10 18:46:42.259000+00:00	22460	cumulative					
4749	2026-02-10 18:49:02.072000+00:00	22461	cumulative					
4750	2026-02-10 18:51:11.171000+00:00	22464	cumulative					
4751	2026-02-10 18:51:59.198000+00:00	22466	cumulative					
4752	2026-02-10 18:54:34.486000+00:00	22466	cumulative					
4753	2026-02-10 18:55:58.091000+00:00	22471	cumulative					
4754	2026-02-10 18:57:35.541000+00:00	22471	cumulative					
4755	2026-02-10 18:58:54.023000+00:00	22472	cumulative					
4756	2026-02-10 19:00:49.764000+00:00	22473	cumulative					
4757	2026-02-10 19:01:44.280000+00:00	22476	cumulative					
4758	2026-02-10 19:03:10.614000+00:00	22479	cumulative					
4759	2026-02-10 19:05:27.387000+00:00	22484	cumulative					
4760	2026-02-10 19:07:04.015000+00:00	22486	cumulative					
4761	2026-02-10 19:08:28.031000+00:00	22488	cumulative					
4762	2026-02-10 19:09:09.478000+00:00	22494	cumulative					
4763	2026-02-10 19:11:21.108000+00:00	22496	cumulative					
4764	2026-02-10 19:13:10+00:00	22496	cumulative					
4765	2026-02-10 19:14:56.838000+00:00	22497	cumulative					
4766	2026-02-10 20:31:54.713000+00:00	22497	cumulative					
4767	2026-02-10 20:34:00.479000+00:00	22499	cumulative					
4768	2026-02-10 20:36:04.785000+00:00	22501	cumulative					
4769	2026-02-10 20:44:40.158000+00:00	22502	cumulative					
4770	2026-02-10 20:47:56.906000+00:00	22512	cumulative					
4771	2026-02-10 20:48:52.975000+00:00	22514	cumulative					
4772	2026-02-10 20:52:36.515000+00:00	22515	cumulative					
4773	2026-02-10 20:54:33.268000+00:00	22515	cumulative					
4774	2026-02-10 21:22:37.327000+00:00	22517	cumulative					
4775	2026-02-10 21:23:18.434000+00:00	22519	cumulative					
4776	2026-02-10 21:25:36.118000+00:00	22521	cumulative					
4777	2026-02-10 21:27:12.951000+00:00	22525	cumulative					
4778	2026-02-10 21:29:15.988000+00:00	22526	cumulative					
4779	2026-02-10 21:31:47.789000+00:00	22528	cumulative					
4780	2026-02-10 21:32:18.012000+00:00	22529	cumulative					
4781	2026-02-10 21:34:40.697000+00:00	22534	cumulative					
4782	2026-02-10 21:35:35.841000+00:00	22536	cumulative					
4783	2026-02-10 21:37:45.491000+00:00	22536	cumulative					
4784	2026-02-10 21:39:10.187000+00:00	22537	cumulative					
4785	2026-02-10 21:40:04.020000+00:00	22543	cumulative					
4786	2026-02-10 22:10:23.711000+00:00	22544	cumulative					
4787	2026-02-10 22:14:27.081000+00:00	22544	cumulative					
4788	2026-02-10 22:40:30.509000+00:00	22546	cumulative					
4789	2026-02-10 23:42:29.425000+00:00	22549	cumulative					
4790	2026-02-10 23:44:10.650000+00:00	22550	cumulative					
4791	2026-02-10 23:45:40.390000+00:00	22553	cumulative					
4792	2026-02-10 23:47:22.011000+00:00	22556	cumulative					
4793	2026-02-10 23:47:44.219000+00:00	22558	cumulative					
4794	2026-02-10 23:50:19.572000+00:00	22559	cumulative					
4795	2026-02-10 23:51:50.356000+00:00	22560	cumulative					
4796	2026-02-10 23:53:18.613000+00:00	22561	cumulative					
4797	2026-02-10 23:53:36.684000+00:00	22561	cumulative					
4798	2026-02-10 23:56:10.898000+00:00	22561	cumulative					
4799	2026-02-10 23:56:44.190000+00:00	22563	cumulative					
4800	2026-02-10 23:58:28.747000+00:00	22564	cumulative					
4801	2026-02-11 00:00:01.848000+00:00	22565	cumulative					
4802	2026-02-11 00:01:28.214000+00:00	22571	cumulative					
4803	2026-02-11 00:04:06.564000+00:00	22572	cumulative					
4804	2026-02-11 00:05:40.756000+00:00	22572	cumulative					
4805	2026-02-11 00:07:12.888000+00:00	22573	cumulative					
4806	2026-02-11 00:08:55.560000+00:00	22574	cumulative					
4807	2026-02-11 00:10:21.298000+00:00	22578	cumulative					
4808	2026-02-11 00:11:47.718000+00:00	22580	cumulative					
4809	2026-02-11 00:13:16.419000+00:00	22580	cumulative					
4810	2026-02-11 00:14:56.770000+00:00	22584	cumulative					
4811	2026-02-11 00:16:22.405000+00:00	22585	cumulative					
4812	2026-02-11 00:16:27.730000+00:00	22588	cumulative					
4813	2026-02-11 00:17:48.472000+00:00	22591	cumulative					
4814	2026-02-11 00:21:48.491000+00:00	22592	cumulative					
4815	2026-02-11 00:24:57.774000+00:00	22595	cumulative					
4816	2026-02-11 00:26:23.496000+00:00	22603	cumulative					
4817	2026-02-11 00:28:45.949000+00:00	22606	cumulative					
4818	2026-02-11 00:29:43.340000+00:00	22606	cumulative					
4819	2026-02-11 00:32:27.533000+00:00	22607	cumulative					
4820	2026-02-11 00:33:58.363000+00:00	22607	cumulative					
4821	2026-02-11 00:35:31.299000+00:00	22607	cumulative					
4822	2026-02-11 03:52:28.533000+00:00	22607	cumulative					
4823	2026-02-11 04:08:10.169000+00:00	22607	cumulative					
4824	2026-02-11 06:37:19.915000+00:00	22609	cumulative					
4825	2026-02-11 06:46:57.998000+00:00	22612	cumulative					
4826	2026-02-11 06:47:57.536000+00:00	22613	cumulative					
4827	2026-02-11 06:50:49.408000+00:00	22614	cumulative					
4828	2026-02-11 06:52:49.798000+00:00	22615	cumulative					
4829	2026-02-11 06:54:18.408000+00:00	22619	cumulative					
4830	2026-02-11 06:55:54.102000+00:00	22622	cumulative					
4831	2026-02-11 06:57:33.106000+00:00	22629	cumulative					
4832	2026-02-11 06:59:00.184000+00:00	22633	cumulative					
4833	2026-02-11 06:59:53.428000+00:00	22633	cumulative					
4834	2026-02-11 07:01:54.930000+00:00	22635	cumulative					
4835	2026-02-11 07:03:45.515000+00:00	22635	cumulative					
4836	2026-02-11 07:05:18.375000+00:00	22636	cumulative					
4837	2026-02-11 07:06:44.814000+00:00	22636	cumulative					
4838	2026-02-11 07:08:49.159000+00:00	22638	cumulative					
4839	2026-02-11 07:11:12.209000+00:00	22640	cumulative					
4840	2026-02-11 13:52:10.856000+00:00	22642	cumulative					
4841	2026-02-11 17:33:03.879000+00:00	22642	cumulative					
4842	2026-02-11 17:48:59.025000+00:00	22643	cumulative					
4843	2026-02-12 17:45:59.184000+00:00	22647	cumulative					
4844	2026-02-12 17:49:52.538000+00:00	22647	cumulative					
4845	2026-02-12 18:02:22.370000+00:00	22649	cumulative					
4846	2026-02-12 18:19:33.863000+00:00	22650	cumulative					
4847	2026-02-12 18:22:52.835000+00:00	22651	cumulative					
4848	2026-02-12 18:23:42.405000+00:00	22652	cumulative					
4849	2026-02-12 18:26:00.632000+00:00	22653	cumulative					
4850	2026-02-12 18:32:59.226000+00:00	22656	cumulative					
4851	2026-02-12 18:33:39.178000+00:00	22656	cumulative					
4852	2026-02-12 18:35:05.920000+00:00	22658	cumulative					
4853	2026-02-12 18:37:23.718000+00:00	22664	cumulative					
4854	2026-02-12 18:38:58.298000+00:00	22667	cumulative					
4855	2026-02-13 05:05:11.208000+00:00	22668	cumulative					
4856	2026-02-13 05:11:33.579000+00:00	22668	cumulative					
4857	2026-02-13 05:13:15.856000+00:00	22668	cumulative					
4858	2026-02-13 05:14:51.345000+00:00	22668	cumulative					
4859	2026-02-13 05:16:14.973000+00:00	22669	cumulative					
4860	2026-02-13 15:48:47.986000+00:00	22669	cumulative					
4861	2026-02-13 15:51:49.439000+00:00	22669	cumulative					
4862	2026-02-13 15:53:24.759000+00:00	22671	cumulative					
4863	2026-02-13 15:54:58.889000+00:00	22674	cumulative					
4864	2026-02-13 15:57:05.223000+00:00	22674	cumulative					
4865	2026-02-13 15:58:29.770000+00:00	22675	cumulative					
4866	2026-02-13 15:59:14.269000+00:00	22676	cumulative					
4867	2026-02-13 17:26:04.928000+00:00	22676	cumulative					
4868	2026-02-13 17:27:30.689000+00:00	22676	cumulative					
4869	2026-02-13 17:30:11.063000+00:00	22679	cumulative					
4870	2026-02-13 17:30:22.189000+00:00	22680	cumulative					
4871	2026-02-13 17:31:49.629000+00:00	22680	cumulative					
4872	2026-02-13 17:34:50.846000+00:00	22683	cumulative					
4873	2026-02-13 17:36:35.810000+00:00	22685	cumulative					
4874	2026-02-13 19:38:50.011000+00:00	22691	cumulative					
4875	2026-02-13 19:47:17.508000+00:00	22691	cumulative					
4876	2026-02-13 19:53:32.442000+00:00	22691	cumulative					
4877	2026-02-13 19:56:41.339000+00:00	22693	cumulative					
4878	2026-02-13 19:58:05.889000+00:00	22693	cumulative					
4879	2026-02-13 20:35:11.694000+00:00	22694	cumulative					
4880	2026-02-13 20:36:36.454000+00:00	22696	cumulative					
4881	2026-02-13 20:38:06.044000+00:00	22700	cumulative					
4882	2026-02-13 20:39:31.946000+00:00	22702	cumulative					
4883	2026-02-13 20:40:35.817000+00:00	22703	cumulative					
4884	2026-02-13 20:42:23.939000+00:00	22704	cumulative					
4885	2026-02-13 20:43:48.304000+00:00	22706	cumulative					
4886	2026-02-13 20:45:11.767000+00:00	22707	cumulative					
4887	2026-02-13 20:46:42.197000+00:00	22708	cumulative					
4888	2026-02-13 20:48:12.872000+00:00	22709	cumulative					
4889	2026-02-13 23:28:26.298000+00:00	22711	cumulative					
4890	2026-02-13 23:30:11.665000+00:00	22712	cumulative					
4891	2026-02-13 23:31:45.907000+00:00	22717	cumulative					
4892	2026-02-13 23:33:15.997000+00:00	22718	cumulative					
4893	2026-02-13 23:34:55.211000+00:00	22720	cumulative					
4894	2026-02-13 23:37:04.784000+00:00	22724	cumulative					
4895	2026-02-13 23:37:51.709000+00:00	22726	cumulative					
4896	2026-02-13 23:39:19.333000+00:00	22730	cumulative					
4897	2026-02-14 05:39:04.275000+00:00	22731	cumulative					
4898	2026-02-14 05:41:29.919000+00:00	22734	cumulative					
4899	2026-02-14 18:34:08.667000+00:00	22734	cumulative					
4900	2026-02-14 20:52:56.573000+00:00	22738	cumulative					
4901	2026-02-15 20:41:05.157000+00:00	22742	cumulative					
4902	2026-02-15 20:42:34.079000+00:00	22743	cumulative					
4903	2026-02-15 21:10:20.487000+00:00	22743	cumulative					
4904	2026-02-15 21:12:04.371000+00:00	22745	cumulative					
4905	2026-02-15 21:12:40.328000+00:00	22745	cumulative					
4906	2026-02-15 21:14:07.496000+00:00	22745	cumulative					
4907	2026-02-15 21:16:18.480000+00:00	22751	cumulative					
4908	2026-02-15 21:17:41.992000+00:00	22753	cumulative					
4909	2026-02-15 21:20:44.731000+00:00	22754	cumulative					
4910	2026-02-15 21:22:13.532000+00:00	22756	cumulative					
4911	2026-02-15 21:23:42.015000+00:00	22758	cumulative					
4912	2026-02-15 21:25:18.319000+00:00	22758	cumulative					
4913	2026-02-15 21:26:42.847000+00:00	22760	cumulative					
4914	2026-02-15 21:27:59.162000+00:00	22763	cumulative					
4915	2026-02-15 21:29:42.928000+00:00	22766	cumulative					
4916	2026-02-15 21:31:22.651000+00:00	22771	cumulative					
4917	2026-02-15 21:32:46.346000+00:00	22771	cumulative					
4918	2026-02-15 21:34:23.186000+00:00	22771	cumulative					
4919	2026-02-15 21:35:43.963000+00:00	22771	cumulative					
4920	2026-02-16 03:33:36.361000+00:00	22773	cumulative					
4921	2026-02-16 03:35:44.936000+00:00	22773	cumulative					
4922	2026-02-16 03:36:34.708000+00:00	22773	cumulative					
4923	2026-02-16 03:38:40.107000+00:00	22773	cumulative					
4924	2026-02-16 03:39:38.292000+00:00	22777	cumulative					
4925	2026-02-16 03:41:21.602000+00:00	22777	cumulative					
4926	2026-02-16 03:43:59.206000+00:00	22780	cumulative					
4927	2026-02-16 03:45:10.944000+00:00	22782	cumulative					
4928	2026-02-16 03:46:54.196000+00:00	22787	cumulative					
4929	2026-02-16 03:48:12.646000+00:00	22787	cumulative					
4930	2026-02-16 03:49:34.745000+00:00	22790	cumulative					
4931	2026-02-16 03:51:23.241000+00:00	22792	cumulative					
4932	2026-02-16 03:52:54.540000+00:00	22794	cumulative					
4933	2026-02-16 03:54:28.197000+00:00	22799	cumulative					
4934	2026-02-16 03:56:10.651000+00:00	22808	cumulative					
4935	2026-02-16 03:57:55.570000+00:00	22809	cumulative					
4936	2026-02-16 03:59:22.227000+00:00	22809	cumulative					
4937	2026-02-16 04:00:50.364000+00:00	22814	cumulative					
4938	2026-02-16 04:02:29.361000+00:00	22814	cumulative					
4939	2026-02-16 04:04:09.911000+00:00	22814	cumulative					
4940	2026-02-16 04:06:03.047000+00:00	22814	cumulative					
4941	2026-02-16 04:07:22.988000+00:00	22817	cumulative					
4942	2026-02-16 04:08:49.966000+00:00	22818	cumulative					
4943	2026-02-16 04:10:39.674000+00:00	22820	cumulative					
4944	2026-02-16 04:11:56.090000+00:00	22821	cumulative					
4945	2026-02-16 04:13:51.512000+00:00	22823	cumulative					
4946	2026-02-16 04:15:40.340000+00:00	22823	cumulative					
4947	2026-02-16 04:17:14.864000+00:00	22829	cumulative					
4948	2026-02-16 04:19:23.486000+00:00	22829	cumulative					
4949	2026-02-16 04:21:37.520000+00:00	22829	cumulative					
4950	2026-02-16 04:24:13.375000+00:00	22832	cumulative					
4951	2026-02-16 04:25:37.946000+00:00	22836	cumulative					
4952	2026-02-16 04:26:43.372000+00:00	22838	cumulative					
4953	2026-02-16 04:29:00.758000+00:00	22841	cumulative					
4954	2026-02-16 04:32:56.459000+00:00	22841	cumulative					
4955	2026-02-16 04:58:30.483000+00:00	22842	cumulative					
4956	2026-02-16 04:59:57.211000+00:00	22842	cumulative					
4957	2026-02-16 05:01:19.584000+00:00	22842	cumulative					
4958	2026-02-16 05:03:27.694000+00:00	22844	cumulative					
4959	2026-02-16 05:04:54.627000+00:00	22849	cumulative					
4960	2026-02-16 05:06:47.805000+00:00	22849	cumulative					
4961	2026-02-16 05:09:13.623000+00:00	22852	cumulative					
4962	2026-02-16 05:09:56.040000+00:00	22852	cumulative					
4963	2026-02-16 05:12:18.111000+00:00	22857	cumulative					
4964	2026-02-16 05:14:43.844000+00:00	22857	cumulative					
4965	2026-02-16 05:15:14.861000+00:00	22858	cumulative					
4966	2026-02-16 05:16:50.916000+00:00	22859	cumulative					
4967	2026-02-16 05:19:09.668000+00:00	22860	cumulative					
4968	2026-02-16 05:19:52.015000+00:00	22863	cumulative					
4969	2026-02-16 05:22:54.206000+00:00	22865	cumulative					
4970	2026-02-16 05:25:12.285000+00:00	22867	cumulative					
4971	2026-02-16 05:26:37.490000+00:00	22867	cumulative					
4972	2026-02-16 05:28:39.275000+00:00	22867	cumulative					
4973	2026-02-16 05:31:24.714000+00:00	22869	cumulative					
4974	2026-02-16 05:32:24.538000+00:00	22879	cumulative					
4975	2026-02-16 05:34:53.550000+00:00	22879	cumulative					
4976	2026-02-16 05:36:19.704000+00:00	22883	cumulative					
4977	2026-02-16 05:38:54.558000+00:00	22884	cumulative					
4978	2026-02-16 05:40:35.252000+00:00	22887	cumulative					
4979	2026-02-16 05:42:44.830000+00:00	22891	cumulative					
4980	2026-02-16 05:44:20.041000+00:00	22893	cumulative					
4981	2026-02-16 05:46:16.616000+00:00	22894	cumulative					
4982	2026-02-16 05:47:20.821000+00:00	22894	cumulative					
4983	2026-02-16 05:49:07.900000+00:00	22894	cumulative					
4984	2026-02-16 05:50:14.430000+00:00	22894	cumulative					
4985	2026-02-16 05:52:02.252000+00:00	22895	cumulative					
4986	2026-02-16 05:55:45.139000+00:00	22898	cumulative					
4987	2026-02-16 05:56:40.888000+00:00	22900	cumulative					
4988	2026-02-16 05:58:50.778000+00:00	22904	cumulative					
4989	2026-02-16 06:00:16.791000+00:00	22906	cumulative					
4990	2026-02-16 06:02:21.477000+00:00	22906	cumulative					
4991	2026-02-16 06:03:07.852000+00:00	22906	cumulative					
4992	2026-02-16 06:05:45.543000+00:00	22907	cumulative					
4993	2026-02-16 06:07:26.214000+00:00	22909	cumulative					
4994	2026-02-16 06:08:14.196000+00:00	22909	cumulative					
4995	2026-02-16 06:10:23.283000+00:00	22913	cumulative					
4996	2026-02-16 06:11:54.818000+00:00	22918	cumulative					
4997	2026-02-16 06:13:27.666000+00:00	22928	cumulative					
4998	2026-02-16 06:15:38.592000+00:00	22928	cumulative					
4999	2026-02-16 06:17:03.697000+00:00	22929	cumulative					
5000	2026-02-16 06:18:55.780000+00:00	22933	cumulative					
5001	2026-02-16 06:20:25.116000+00:00	22934	cumulative					
5002	2026-02-16 06:21:59.817000+00:00	22934	cumulative					
5003	2026-02-16 06:24:50.104000+00:00	22936	cumulative					
5004	2026-02-16 06:26:20.568000+00:00	22937	cumulative					
5005	2026-02-16 06:27:48.256000+00:00	22937	cumulative					
5006	2026-02-16 06:28:58.661000+00:00	22937	cumulative					
5007	2026-02-16 06:30:42.242000+00:00	22939	cumulative					
5008	2026-02-16 06:32:10.400000+00:00	22939	cumulative					
5009	2026-02-16 16:13:32.779000+00:00	22940	cumulative					
5010	2026-02-16 16:19:21.199000+00:00	22940	cumulative					
5011	2026-02-16 16:21:17.808000+00:00	22940	cumulative					
5012	2026-02-16 16:23:09.008000+00:00	22941	cumulative					
5013	2026-02-16 16:24:14.308000+00:00	22946	cumulative					
5014	2026-02-16 16:26:17.764000+00:00	22950	cumulative					
5015	2026-02-16 16:27:47.351000+00:00	22953	cumulative					
5016	2026-02-16 16:29:13.639000+00:00	22953	cumulative					
5017	2026-02-16 16:30:38.517000+00:00	22954	cumulative					
5018	2026-02-16 16:32:19.143000+00:00	22961	cumulative					
5019	2026-02-16 16:33:44.541000+00:00	22961	cumulative					
5020	2026-02-16 16:35:08.483000+00:00	22964	cumulative					
5021	2026-02-16 16:36:32.413000+00:00	22965	cumulative					
5022	2026-02-16 16:36:54.188000+00:00	22968	cumulative					
5023	2026-02-16 16:39:10.753000+00:00	22971	cumulative					
5024	2026-02-16 16:41:12.251000+00:00	22975	cumulative					
5025	2026-02-16 16:42:17.253000+00:00	22975	cumulative					
5026	2026-02-16 16:43:44.051000+00:00	22975	cumulative					
5027	2026-02-16 16:44:59.034000+00:00	22978	cumulative					
5028	2026-02-16 16:47:40.328000+00:00	22980	cumulative					
5029	2026-02-16 16:47:52.323000+00:00	22980	cumulative					
5030	2026-02-16 16:50:48.377000+00:00	22983	cumulative					
5031	2026-02-16 16:52:12.528000+00:00	22983	cumulative					
5032	2026-02-16 16:53:07.622000+00:00	22985	cumulative					
5033	2026-02-16 16:54:41.205000+00:00	22989	cumulative					
5034	2026-02-16 16:55:38.012000+00:00	22989	cumulative					
5035	2026-02-16 16:57:52.644000+00:00	22995	cumulative					
5036	2026-02-16 16:59:18.267000+00:00	22995	cumulative					
5037	2026-02-16 17:00:29.536000+00:00	22995	cumulative					
5038	2026-02-16 17:00:53.500000+00:00	22996	cumulative					
5039	2026-02-16 17:03:39.410000+00:00	23005	cumulative					
5040	2026-02-16 17:05:04.398000+00:00	23007	cumulative					
5041	2026-02-16 17:06:29.066000+00:00	23010	cumulative					
5042	2026-02-16 17:08:19.175000+00:00	23011	cumulative					
5043	2026-02-16 17:09:18.123000+00:00	23012	cumulative					
5044	2026-02-16 17:14:29.427000+00:00	23012	cumulative					
5045	2026-02-16 17:17:21.197000+00:00	23012	cumulative					
5046	2026-02-16 17:18:29.460000+00:00	23012	cumulative					
5047	2026-02-16 17:19:56.960000+00:00	23013	cumulative					
5048	2026-02-16 17:22:05.277000+00:00	23015	cumulative					
5049	2026-02-16 17:23:30.027000+00:00	23024	cumulative					
5050	2026-02-16 17:24:58.428000+00:00	23027	cumulative					
5051	2026-02-16 17:26:29.449000+00:00	23027	cumulative					
5052	2026-02-16 17:27:53.817000+00:00	23027	cumulative					
5053	2026-02-16 17:29:26.108000+00:00	23027	cumulative					
5054	2026-02-16 17:30:54.878000+00:00	23031	cumulative					
5055	2026-02-16 17:32:31.462000+00:00	23033	cumulative					
5056	2026-02-16 17:33:33.765000+00:00	23033	cumulative					
5057	2026-02-16 17:35:59.616000+00:00	23033	cumulative					
5058	2026-02-16 17:37:34.179000+00:00	23033	cumulative					
5059	2026-02-16 17:38:59.081000+00:00	23035	cumulative					
5060	2026-02-16 17:40:35.372000+00:00	23037	cumulative					
5061	2026-02-16 17:42:27.040000+00:00	23039	cumulative					
5062	2026-02-16 17:44:07.327000+00:00	23043	cumulative					
5063	2026-02-16 17:45:55.792000+00:00	23044	cumulative					
5064	2026-02-16 17:47:20.358000+00:00	23045	cumulative					
5065	2026-02-16 17:48:50.380000+00:00	23045	cumulative					
5066	2026-02-16 17:50:17.559000+00:00	23047	cumulative					
5067	2026-02-16 18:25:54.798000+00:00	23049	cumulative					
5068	2026-02-16 19:36:29.557000+00:00	23050	cumulative					
5069	2026-02-16 19:41:00.350000+00:00	23056	cumulative					
5070	2026-02-16 19:44:24.961000+00:00	23067	cumulative					
5071	2026-02-16 19:48:40.362000+00:00	23068	cumulative					
5072	2026-02-16 19:50:33.558000+00:00	23069	cumulative					
5073	2026-02-16 19:52:05.909000+00:00	23069	cumulative					
5074	2026-02-16 19:53:29.102000+00:00	23076	cumulative					
5075	2026-02-16 19:54:52.909000+00:00	23083	cumulative					
5076	2026-02-16 19:55:55.252000+00:00	23090	cumulative					
5077	2026-02-16 22:28:44.963000+00:00	23093	cumulative					
5078	2026-02-16 22:30:22.441000+00:00	23094	cumulative					
5079	2026-02-16 22:30:39.931000+00:00	23096	cumulative					
5080	2026-02-16 22:33:20.739000+00:00	23099	cumulative					
5081	2026-02-16 22:34:18.906000+00:00	23099	cumulative					
5082	2026-02-16 22:36:34.419000+00:00	23099	cumulative					
5083	2026-02-16 22:37:28.268000+00:00	23100	cumulative					
5084	2026-02-16 22:38:56.114000+00:00	23100	cumulative					
5085	2026-02-16 22:40:52.158000+00:00	23102	cumulative					
5086	2026-02-16 22:42:15.831000+00:00	23103	cumulative					
5087	2026-02-16 22:43:33.718000+00:00	23104	cumulative					
5088	2026-02-16 22:44:01.785000+00:00	23104	cumulative					
5089	2026-02-16 22:46:35.139000+00:00	23104	cumulative					
5090	2026-02-16 22:47:05.949000+00:00	23105	cumulative					
5091	2026-02-16 22:48:35.985000+00:00	23105	cumulative					
5092	2026-02-16 22:50:16.236000+00:00	23105	cumulative					
5093	2026-02-16 22:51:42.867000+00:00	23105	cumulative					
5094	2026-02-16 22:53:21.611000+00:00	23114	cumulative					
5095	2026-02-16 22:59:27.418000+00:00	23114	cumulative					
5096	2026-02-16 23:00:05.705000+00:00	23114	cumulative					
5097	2026-02-16 23:02:05.732000+00:00	23116	cumulative					
5098	2026-02-16 23:03:31.941000+00:00	23120	cumulative					
5099	2026-02-16 23:05:04.366000+00:00	23123	cumulative					
5100	2026-02-16 23:06:30.775000+00:00	23123	cumulative					
5101	2026-02-16 23:07:56.545000+00:00	23128	cumulative					
5102	2026-02-16 23:09:49.158000+00:00	23132	cumulative					
5103	2026-02-16 23:09:55.967000+00:00	23132	cumulative					
5104	2026-02-16 23:12:43.172000+00:00	23134	cumulative					
5105	2026-02-16 23:14:06.523000+00:00	23136	cumulative					
5106	2026-02-16 23:14:32.490000+00:00	23136	cumulative					
5107	2026-02-16 23:15:46.425000+00:00	23136	cumulative					
5108	2026-02-16 23:18:47.879000+00:00	23139	cumulative					
5109	2026-02-16 23:20:31.489000+00:00	23139	cumulative					
5110	2026-02-16 23:21:55.199000+00:00	23141	cumulative					
5111	2026-02-16 23:23:19.216000+00:00	23143	cumulative					
5112	2026-02-16 23:24:47.659000+00:00	23144	cumulative					
5113	2026-02-16 23:26:17.455000+00:00	23146	cumulative					
5114	2026-02-16 23:28:07.295000+00:00	23146	cumulative					
5115	2026-02-16 23:29:48.678000+00:00	23146	cumulative					
5116	2026-02-16 23:30:54.377000+00:00	23146	cumulative					
5117	2026-02-17 02:10:27.589000+00:00	23146	cumulative					
5118	2026-02-17 02:35:07.150000+00:00	23147	cumulative					
5119	2026-02-17 05:03:51.269000+00:00	23151	cumulative					
5120	2026-02-17 05:05:47.884000+00:00	23151	cumulative					
5121	2026-02-17 05:07:11.642000+00:00	23151	cumulative					
5122	2026-02-17 05:08:26.745000+00:00	23152	cumulative					
5123	2026-02-17 05:10:18.041000+00:00	23156	cumulative					
5124	2026-02-17 05:19:54.337000+00:00	23160	cumulative					
5125	2026-02-17 05:22:01.772000+00:00	23165	cumulative					
5126	2026-02-17 05:23:49.980000+00:00	23167	cumulative					
5127	2026-02-17 05:25:17.844000+00:00	23167	cumulative					
5128	2026-02-17 05:26:47.241000+00:00	23167	cumulative					
5129	2026-02-17 05:31:41.579000+00:00	23168	cumulative					
5130	2026-02-17 05:32:51.905000+00:00	23168	cumulative					
5131	2026-02-17 05:33:05.192000+00:00	23169	cumulative					
5132	2026-02-17 05:35:57.396000+00:00	23169	cumulative					
5133	2026-02-17 05:42:28.290000+00:00	23169	cumulative					
5134	2026-02-17 05:44:06.483000+00:00	23171	cumulative					
5135	2026-02-17 05:45:01.240000+00:00	23171	cumulative					
5136	2026-02-17 05:47:05.425000+00:00	23171	cumulative					
5137	2026-02-17 05:48:29.248000+00:00	23172	cumulative					
5138	2026-02-17 05:49:52.787000+00:00	23172	cumulative					
5139	2026-02-17 05:51:16.447000+00:00	23176	cumulative					
5140	2026-02-17 05:52:40.408000+00:00	23177	cumulative					
5141	2026-02-17 05:54:06.359000+00:00	23177	cumulative					
5142	2026-02-17 05:55:42.212000+00:00	23179	cumulative					
5143	2026-02-17 05:57:29.753000+00:00	23180	cumulative					
5144	2026-02-17 05:58:53.643000+00:00	23182	cumulative					
5145	2026-02-17 06:00:17.272000+00:00	23188	cumulative					
5146	2026-02-17 06:03:41.154000+00:00	23191	cumulative					
5147	2026-02-17 06:05:25.377000+00:00	23193	cumulative					
5148	2026-02-17 06:07:50.986000+00:00	23198	cumulative					
5149	2026-02-17 06:09:35.349000+00:00	23200	cumulative					
5150	2026-02-17 06:11:28.353000+00:00	23202	cumulative					
5151	2026-02-17 06:13:01.518000+00:00	23202	cumulative					
5152	2026-02-17 06:14:25.776000+00:00	23202	cumulative					
5153	2026-02-17 06:15:49.381000+00:00	23204	cumulative					
5154	2026-02-17 06:17:19.640000+00:00	23204	cumulative					
5155	2026-02-17 06:18:49.681000+00:00	23208	cumulative					
5156	2026-02-17 06:20:26.217000+00:00	23209	cumulative					
5157	2026-02-17 06:22:22.964000+00:00	23211	cumulative					
5158	2026-02-17 17:38:38.088000+00:00	23211	cumulative					
5159	2026-02-17 17:43:02.144000+00:00	23211	cumulative					
5160	2026-02-17 17:44:57.408000+00:00	23214	cumulative					
5161	2026-02-17 17:46:00.391000+00:00	23214	cumulative					
5162	2026-02-17 17:48:26.095000+00:00	23214	cumulative					
5163	2026-02-17 17:52:39.124000+00:00	23216	cumulative					
5164	2026-02-17 17:54:09.595000+00:00	23217	cumulative					
5165	2026-02-17 17:56:28.670000+00:00	23217	cumulative					
5166	2026-02-17 17:57:53.229000+00:00	23223	cumulative					
5167	2026-02-17 17:58:51.378000+00:00	23223	cumulative					
5168	2026-02-17 18:01:11.277000+00:00	23226	cumulative					
5169	2026-02-17 18:02:35.291000+00:00	23233	cumulative					
5170	2026-02-17 18:03:58.703000+00:00	23234	cumulative					
5171	2026-02-17 18:04:21.987000+00:00	23235	cumulative					
5172	2026-02-17 18:05:51.267000+00:00	23236	cumulative					
5173	2026-02-17 18:08:45.275000+00:00	23236	cumulative					
5174	2026-02-17 18:10:13.968000+00:00	23237	cumulative					
5175	2026-02-17 18:12:34.049000+00:00	23239	cumulative					
5176	2026-02-17 18:14:36.678000+00:00	23242	cumulative					
5177	2026-02-17 18:16:03.449000+00:00	23243	cumulative					
5178	2026-02-17 18:19:28.011000+00:00	23243	cumulative					
5179	2026-02-17 18:20:59.595000+00:00	23243	cumulative					
5180	2026-02-17 18:22:23.978000+00:00	23246	cumulative					
5181	2026-02-17 18:23:48.150000+00:00	23251	cumulative					
5182	2026-02-17 18:25:13.008000+00:00	23253	cumulative					
5183	2026-02-17 18:26:42.505000+00:00	23258	cumulative					
5184	2026-02-17 18:28:27.616000+00:00	23259	cumulative					
5185	2026-02-17 18:30:07.858000+00:00	23262	cumulative					
5186	2026-02-17 18:31:53.878000+00:00	23263	cumulative					
5187	2026-02-17 18:33:26.993000+00:00	23263	cumulative					
5188	2026-02-17 18:57:44.293000+00:00	23263	cumulative					
5189	2026-02-17 19:08:26.357000+00:00	23263	cumulative					
5190	2026-02-17 19:17:36.923000+00:00	23265	cumulative					
5191	2026-02-17 19:19:14.139000+00:00	23269	cumulative					
5192	2026-02-17 19:20:37.794000+00:00	23269	cumulative					
5193	2026-02-17 19:22:02.050000+00:00	23271	cumulative					
5194	2026-02-17 19:34:00.439000+00:00	23271	cumulative					
5195	2026-02-17 19:37:53.435000+00:00	23272	cumulative					
5196	2026-02-17 19:59:50.029000+00:00	23273	cumulative					
5197	2026-02-17 20:02:43.829000+00:00	23274	cumulative					
5198	2026-02-17 20:04:19.416000+00:00	23274	cumulative					
5199	2026-02-17 20:05:43.838000+00:00	23274	cumulative					
5200	2026-02-17 20:07:15.598000+00:00	23276	cumulative					
5201	2026-02-17 20:09:33.510000+00:00	23281	cumulative					
5202	2026-02-17 20:10:56.777000+00:00	23282	cumulative					
5203	2026-02-17 20:12:56.937000+00:00	23286	cumulative					
5204	2026-02-17 20:13:23.447000+00:00	23289	cumulative					
5205	2026-02-17 20:16:22.870000+00:00	23289	cumulative					
5206	2026-02-17 20:17:58.838000+00:00	23290	cumulative					
5207	2026-02-17 20:19:24.907000+00:00	23291	cumulative					
5208	2026-02-17 20:21:09.402000+00:00	23291	cumulative					
5209	2026-02-17 20:22:58.788000+00:00	23293	cumulative					
5210	2026-02-17 22:00:00.255000+00:00	23296	cumulative					
5211	2026-02-17 22:10:28.992000+00:00	23298	cumulative					
5212	2026-02-17 22:16:42.628000+00:00	23298	cumulative					
5213	2026-02-17 22:18:42.621000+00:00	23301	cumulative					
5214	2026-02-17 22:20:39.223000+00:00	23305	cumulative					
5215	2026-02-17 22:22:07.789000+00:00	23306	cumulative					
5216	2026-02-17 22:23:47.685000+00:00	23310	cumulative					
5217	2026-02-17 22:25:15.886000+00:00	23311	cumulative					
5218	2026-02-17 22:27:13.652000+00:00	23312	cumulative					
5219	2026-02-17 22:28:41.668000+00:00	23313	cumulative					
5220	2026-02-17 22:30:47.074000+00:00	23317	cumulative					
5221	2026-02-17 22:32:44.097000+00:00	23318	cumulative					
5222	2026-02-17 22:34:48.973000+00:00	23321	cumulative					
5223	2026-02-17 22:35:21.164000+00:00	23330	cumulative					
5224	2026-02-17 22:35:31.182000+00:00	23330	cumulative					
5225	2026-02-17 22:36:51.077000+00:00	23331	cumulative					
5226	2026-02-17 22:41:38.121000+00:00	23332	cumulative					
5227	2026-02-17 22:43:02.137000+00:00	23333	cumulative					
5228	2026-02-17 22:47:50.363000+00:00	23334	cumulative					
5229	2026-02-17 22:49:56.906000+00:00	23339	cumulative					
5230	2026-02-17 22:51:21.033000+00:00	23339	cumulative					
5231	2026-02-17 22:53:19.440000+00:00	23340	cumulative					
5232	2026-02-17 22:55:01.782000+00:00	23341	cumulative					
5233	2026-02-17 22:57:12.210000+00:00	23347	cumulative					
5234	2026-02-17 22:58:39.503000+00:00	23354	cumulative					
5235	2026-02-17 23:00:45.925000+00:00	23361	cumulative					
5236	2026-02-17 23:02:13.612000+00:00	23361	cumulative					
5237	2026-02-17 23:03:46.361000+00:00	23366	cumulative					
5238	2026-02-17 23:36:10.603000+00:00	23366	cumulative					
5239	2026-02-17 23:38:35.611000+00:00	23366	cumulative					
5240	2026-02-17 23:39:28.063000+00:00	23366	cumulative					
5241	2026-02-17 23:41:43.773000+00:00	23368	cumulative					
5242	2026-02-17 23:43:26.451000+00:00	23373	cumulative					
5243	2026-02-17 23:43:55.176000+00:00	23374	cumulative					
5244	2026-02-17 23:45:29.317000+00:00	23376	cumulative					
5245	2026-02-17 23:45:44.679000+00:00	23376	cumulative					
5246	2026-02-17 23:47:19.813000+00:00	23380	cumulative					
5247	2026-02-17 23:51:04.791000+00:00	23383	cumulative					
5248	2026-02-17 23:52:28.471000+00:00	23384	cumulative					
5249	2026-02-17 23:53:57.553000+00:00	23385	cumulative					
5250	2026-02-17 23:55:31.880000+00:00	23385	cumulative					
5251	2026-02-17 23:56:37.678000+00:00	23385	cumulative					
5252	2026-02-17 23:57:48.682000+00:00	23387	cumulative					
5253	2026-02-18 00:00:06.938000+00:00	23390	cumulative					
5254	2026-02-18 00:44:33.066000+00:00	23392	cumulative					
5255	2026-02-18 02:40:19.348000+00:00	23393	cumulative					
5256	2026-02-18 02:43:33.017000+00:00	23393	cumulative					
5257	2026-02-18 02:45:29.646000+00:00	23394	cumulative					
5258	2026-02-18 02:47:02.379000+00:00	23405	cumulative					
5259	2026-02-18 02:47:47.111000+00:00	23405	cumulative					
5260	2026-02-18 02:49:56.726000+00:00	23405	cumulative					
5261	2026-02-18 02:52:11.744000+00:00	23405	cumulative					
5262	2026-02-18 02:52:56.751000+00:00	23405	cumulative					
5263	2026-02-18 02:54:56.762000+00:00	23405	cumulative					
5264	2026-02-18 02:56:44.023000+00:00	23406	cumulative					
5265	2026-02-18 02:58:28.763000+00:00	23408	cumulative					
5266	2026-02-18 02:59:10.101000+00:00	23415	cumulative					
5267	2026-02-18 03:01:29.988000+00:00	23415	cumulative					
5268	2026-02-18 03:02:54.222000+00:00	23415	cumulative					
5269	2026-02-18 03:04:20.600000+00:00	23417	cumulative					
5270	2026-02-18 03:05:45.689000+00:00	23419	cumulative					
5271	2026-02-18 03:07:11.050000+00:00	23419	cumulative					
5272	2026-02-18 03:08:04.439000+00:00	23419	cumulative					
5273	2026-02-18 03:10:08.999000+00:00	23419	cumulative					
5274	2026-02-18 03:11:35.752000+00:00	23421	cumulative					
5275	2026-02-18 03:12:01.406000+00:00	23421	cumulative					
5276	2026-02-18 03:15:11.424000+00:00	23425	cumulative					
5277	2026-02-18 03:16:49.438000+00:00	23429	cumulative					
5278	2026-02-18 03:17:31.477000+00:00	23430	cumulative					
5279	2026-02-18 03:20:43.391000+00:00	23433	cumulative					
5280	2026-02-18 03:21:58.240000+00:00	23434	cumulative					
5281	2026-02-18 03:24:08.192000+00:00	23434	cumulative					
5282	2026-02-18 03:25:45.447000+00:00	23434	cumulative					
5283	2026-02-18 03:27:11.845000+00:00	23435	cumulative					
5284	2026-02-18 03:29:01.627000+00:00	23435	cumulative					
5285	2026-02-18 03:30:26.888000+00:00	23437	cumulative					
5286	2026-02-18 03:30:55.134000+00:00	23437	cumulative					
5287	2026-02-18 03:33:01.719000+00:00	23439	cumulative					
5288	2026-02-18 03:36:14.559000+00:00	23443	cumulative					
5289	2026-02-18 03:37:42.504000+00:00	23443	cumulative					
5290	2026-02-18 03:39:36.842000+00:00	23448	cumulative					
5291	2026-02-18 03:42:02.316000+00:00	23455	cumulative					
5292	2026-02-18 03:44:01.074000+00:00	23455	cumulative					
5293	2026-02-18 03:45:28.298000+00:00	23456	cumulative					
5294	2026-02-18 03:46:54.568000+00:00	23457	cumulative					
5295	2026-02-18 03:48:30.208000+00:00	23458	cumulative					
5296	2026-02-18 03:49:54.268000+00:00	23462	cumulative					
5297	2026-02-18 03:50:33.708000+00:00	23464	cumulative					
5298	2026-02-18 03:53:12.350000+00:00	23464	cumulative					
5299	2026-02-18 03:55:26.853000+00:00	23470	cumulative					
5300	2026-02-18 03:58:11.279000+00:00	23472	cumulative					
5301	2026-02-18 15:14:00.624000+00:00	23473	cumulative					
5302	2026-02-18 15:15:50.205000+00:00	23474	cumulative					
5303	2026-02-18 15:19:50.246000+00:00	23474	cumulative					
5304	2026-02-19 17:55:06.033000+00:00	23474	cumulative					
5305	2026-02-19 17:56:29.534000+00:00	23474	cumulative					
5306	2026-02-19 17:58:15.841000+00:00	23478	cumulative					
5307	2026-02-19 17:59:45.575000+00:00	23483	cumulative					
5308	2026-02-19 18:01:09.331000+00:00	23483	cumulative					
5309	2026-02-19 18:02:28.458000+00:00	23486	cumulative					
5310	2026-02-19 18:03:36.151000+00:00	23486	cumulative					
5311	2026-02-19 18:05:19.666000+00:00	23488	cumulative					
5312	2026-02-19 18:07:01.403000+00:00	23490	cumulative					
5313	2026-02-19 18:08:25.145000+00:00	23491	cumulative					
5314	2026-02-19 18:09:38.701000+00:00	23492	cumulative					
5315	2026-02-19 18:11:20.828000+00:00	23494	cumulative					
5316	2026-02-19 18:13:05.103000+00:00	23499	cumulative					
5317	2026-02-19 18:33:51.676000+00:00	23501	cumulative					
5318	2026-02-19 18:34:56.505000+00:00	23502	cumulative					
5319	2026-02-19 18:36:35.311000+00:00	23503	cumulative					
5320	2026-02-19 18:38:18.871000+00:00	23508	cumulative					
5321	2026-02-19 18:39:23.933000+00:00	23508	cumulative					
5322	2026-02-19 19:25:30.557000+00:00	23509	cumulative					
5323	2026-02-19 19:27:12.122000+00:00	23510	cumulative					
5324	2026-02-19 19:27:49.968000+00:00	23510	cumulative					
5325	2026-02-19 19:30:29.285000+00:00	23512	cumulative					
5326	2026-02-19 19:32:32.901000+00:00	23517	cumulative					
5327	2026-02-19 22:01:56.369000+00:00	23517	cumulative					
5328	2026-02-19 22:09:49.269000+00:00	23517	cumulative					
5329	2026-02-19 22:11:21.987000+00:00	23517	cumulative					
5330	2026-02-19 22:12:58.447000+00:00	23520	cumulative					
5331	2026-02-19 22:14:18.861000+00:00	23520	cumulative					
5332	2026-02-19 22:15:47.474000+00:00	23520	cumulative					
5333	2026-02-19 22:23:47.973000+00:00	23521	cumulative					
5334	2026-02-19 22:29:22.238000+00:00	23522	cumulative					
5335	2026-02-19 22:31:21.949000+00:00	23523	cumulative					
5336	2026-02-19 22:33:31.567000+00:00	23524	cumulative					
5337	2026-02-19 22:35:11.455000+00:00	23527	cumulative					
5338	2026-02-19 22:36:41.974000+00:00	23527	cumulative					
5339	2026-02-19 22:38:37.638000+00:00	23531	cumulative					
5340	2026-02-19 22:40:07.995000+00:00	23533	cumulative					
5341	2026-02-19 22:41:32.107000+00:00	23535	cumulative					
5342	2026-02-19 22:42:56.120000+00:00	23536	cumulative					
5343	2026-02-19 22:44:30.595000+00:00	23537	cumulative					
5344	2026-02-19 22:46:10.160000+00:00	23538	cumulative					
5345	2026-02-19 22:47:37.454000+00:00	23540	cumulative					
5346	2026-02-19 22:49:00.945000+00:00	23545	cumulative					
5347	2026-02-19 22:50:27.251000+00:00	23546	cumulative					
5348	2026-02-19 22:51:45.752000+00:00	23547	cumulative					
5349	2026-02-19 22:53:23.463000+00:00	23547	cumulative					
5350	2026-02-19 22:55:21.909000+00:00	23548	cumulative					
5351	2026-02-19 22:56:12.694000+00:00	23550	cumulative					
5352	2026-02-19 22:58:12.897000+00:00	23552	cumulative					
5353	2026-02-19 22:59:31.842000+00:00	23553	cumulative					
5354	2026-02-19 23:01:40.188000+00:00	23556	cumulative					
5355	2026-02-19 23:02:55.518000+00:00	23556	cumulative					
5356	2026-02-19 23:04:58.596000+00:00	23556	cumulative					
5357	2026-02-19 23:05:52.544000+00:00	23559	cumulative					
5358	2026-02-19 23:08:08.827000+00:00	23562	cumulative					
5359	2026-02-19 23:08:52.538000+00:00	23568	cumulative					
5360	2026-02-19 23:10:19.057000+00:00	23571	cumulative					
5361	2026-02-19 23:11:54.731000+00:00	23572	cumulative					
5362	2026-02-19 23:14:00.991000+00:00	23574	cumulative					
5363	2026-02-19 23:15:32.650000+00:00	23577	cumulative					
5364	2026-02-19 23:17:04.707000+00:00	23579	cumulative					
5365	2026-02-19 23:19:09.322000+00:00	23579	cumulative					
5366	2026-02-19 23:20:33.141000+00:00	23582	cumulative					
5367	2026-02-19 23:20:59.950000+00:00	23585	cumulative					
5368	2026-02-19 23:22:19.693000+00:00	23587	cumulative					
5369	2026-02-19 23:23:49.247000+00:00	23589	cumulative					
5370	2026-02-19 23:41:45.579000+00:00	23590	cumulative					
5371	2026-02-19 23:43:45.617000+00:00	23591	cumulative					
5372	2026-02-19 23:45:15.814000+00:00	23592	cumulative					
5373	2026-02-19 23:46:44.181000+00:00	23595	cumulative					
5374	2026-02-19 23:54:37.158000+00:00	23595	cumulative					
5375	2026-02-19 23:57:34.372000+00:00	23596	cumulative					
5376	2026-02-20 00:05:18.850000+00:00	23596	cumulative					
5377	2026-02-20 00:06:48.160000+00:00	23598	cumulative					
5378	2026-02-20 00:08:19.828000+00:00	23601	cumulative					
5379	2026-02-20 00:10:01.466000+00:00	23602	cumulative					
5380	2026-02-20 00:11:31.807000+00:00	23602	cumulative					
5381	2026-02-20 00:13:07.858000+00:00	23603	cumulative					
5382	2026-02-20 00:15:17.408000+00:00	23606	cumulative					
5383	2026-02-20 00:16:49.282000+00:00	23607	cumulative					
5384	2026-02-20 00:18:14.589000+00:00	23611	cumulative					
5385	2026-02-20 00:18:35.973000+00:00	23611	cumulative					
5386	2026-02-20 00:21:10.085000+00:00	23611	cumulative					
5387	2026-02-20 00:21:32.790000+00:00	23619	cumulative					
5388	2026-02-20 00:23:21.123000+00:00	23619	cumulative					
5389	2026-02-20 00:25:34.764000+00:00	23620	cumulative					
5390	2026-02-20 00:26:58.484000+00:00	23621	cumulative					
5391	2026-02-20 00:28:36.062000+00:00	23627	cumulative					
5392	2026-02-20 00:29:14.149000+00:00	23628	cumulative					
5393	2026-02-20 00:31:30.710000+00:00	23628	cumulative					
5394	2026-02-20 00:32:54.890000+00:00	23629	cumulative					
5395	2026-02-20 00:34:31.506000+00:00	23630	cumulative					
5396	2026-02-20 00:35:51.168000+00:00	23631	cumulative					
5397	2026-02-20 00:37:54.014000+00:00	23633	cumulative					
5398	2026-02-20 00:39:35.079000+00:00	23633	cumulative					
5399	2026-02-20 00:40:58.982000+00:00	23635	cumulative					
5400	2026-02-20 00:41:25.908000+00:00	23638	cumulative					
5401	2026-02-20 00:43:44.004000+00:00	23640	cumulative					
5402	2026-02-20 00:45:18.356000+00:00	23640	cumulative					
5403	2026-02-20 00:46:12.129000+00:00	23640	cumulative					
5404	2026-02-20 00:48:15.813000+00:00	23640	cumulative					
5405	2026-02-20 00:49:46.330000+00:00	23641	cumulative					
5406	2026-02-20 00:51:10.734000+00:00	23644	cumulative					
5407	2026-02-20 01:18:31.579000+00:00	23649	cumulative					
5408	2026-02-20 01:20:00.141000+00:00	23650	cumulative					
5409	2026-02-20 01:21:07.322000+00:00	23650	cumulative					
5410	2026-02-20 01:22:58.046000+00:00	23652	cumulative					
5411	2026-02-20 01:24:30.189000+00:00	23656	cumulative					
5412	2026-02-20 01:26:28.690000+00:00	23657	cumulative					
5413	2026-02-20 02:03:07.049000+00:00	23657	cumulative					
5414	2026-02-20 02:05:01.957000+00:00	23657	cumulative					
5415	2026-02-20 02:06:55.004000+00:00	23657	cumulative					
5416	2026-02-20 02:08:29.214000+00:00	23659	cumulative					
5417	2026-02-20 02:09:58.645000+00:00	23662	cumulative					
5418	2026-02-20 02:11:39.961000+00:00	23664	cumulative					
5419	2026-02-20 02:12:49.991000+00:00	23664	cumulative					
5420	2026-02-20 02:14:37.604000+00:00	23669	cumulative					
5421	2026-02-20 02:16:15.376000+00:00	23673	cumulative					
5422	2026-02-20 02:17:46.222000+00:00	23674	cumulative					
5423	2026-02-20 02:19:25.706000+00:00	23677	cumulative					
5424	2026-02-20 02:21:09.326000+00:00	23677	cumulative					
5425	2026-02-20 02:53:47.672000+00:00	23685	cumulative					
5426	2026-02-20 02:55:20.276000+00:00	23685	cumulative					
5427	2026-02-20 02:57:19.946000+00:00	23692	cumulative					
5428	2026-02-20 02:58:55.985000+00:00	23693	cumulative					
5429	2026-02-20 03:00:42.100000+00:00	23693	cumulative					
5430	2026-02-20 03:01:55.699000+00:00	23694	cumulative					
5431	2026-02-20 03:03:49.388000+00:00	23696	cumulative					
5432	2026-02-20 03:06:01.866000+00:00	23697	cumulative					
5433	2026-02-20 03:06:48.347000+00:00	23701	cumulative					
5434	2026-02-20 03:08:56.525000+00:00	23704	cumulative					
5435	2026-02-20 03:09:47.182000+00:00	23705	cumulative					
5436	2026-02-20 03:12:03.108000+00:00	23708	cumulative					
5437	2026-02-20 03:13:38.045000+00:00	23720	cumulative					
5438	2026-02-20 03:15:15.897000+00:00	23725	cumulative					
5439	2026-02-20 05:05:48.183000+00:00	23728	cumulative					
5440	2026-02-20 05:09:03.091000+00:00	23731	cumulative					
5441	2026-02-20 05:15:22.847000+00:00	23731	cumulative					
5442	2026-02-20 05:16:05.577000+00:00	23731	cumulative					
5443	2026-02-20 05:18:51.725000+00:00	23733	cumulative					
5444	2026-02-20 05:24:07.975000+00:00	23735	cumulative					
5445	2026-02-20 05:25:31.627000+00:00	23736	cumulative					
5446	2026-02-20 05:27:32.233000+00:00	23739	cumulative					
5447	2026-02-20 05:28:54.621000+00:00	23739	cumulative					
5448	2026-02-20 05:30:35.696000+00:00	23739	cumulative					
5449	2026-02-20 05:31:59.379000+00:00	23739	cumulative					
5450	2026-02-20 05:33:01.816000+00:00	23740	cumulative					
5451	2026-02-20 05:35:09.186000+00:00	23744	cumulative					
5452	2026-02-20 05:36:12.633000+00:00	23747	cumulative					
5453	2026-02-20 05:40:50.427000+00:00	23754	cumulative					
5454	2026-02-20 05:42:13.514000+00:00	23754	cumulative					
5455	2026-02-20 05:44:02.808000+00:00	23758	cumulative					
5456	2026-02-20 05:44:25.746000+00:00	23760	cumulative					
5457	2026-02-20 05:46:08.332000+00:00	23760	cumulative					
5458	2026-02-20 05:47:50.144000+00:00	23762	cumulative					
5459	2026-02-20 05:49:21.855000+00:00	23766	cumulative					
5460	2026-02-20 05:51:48.510000+00:00	23766	cumulative					
5461	2026-02-20 05:53:37.508000+00:00	23769	cumulative					
5462	2026-02-20 06:02:33.852000+00:00	23771	cumulative					
5463	2026-02-20 06:04:47.947000+00:00	23773	cumulative					
5464	2026-02-20 06:06:17.613000+00:00	23773	cumulative					
5465	2026-02-20 06:07:52.479000+00:00	23773	cumulative					
5466	2026-02-20 06:08:44.980000+00:00	23774	cumulative					
5467	2026-02-20 06:09:43.821000+00:00	23775	cumulative					
5468	2026-02-20 15:44:45.748000+00:00	23777	cumulative					
5469	2026-02-20 15:46:10.206000+00:00	23779	cumulative					
5470	2026-02-20 15:48:39.259000+00:00	23781	cumulative					
5471	2026-02-20 15:50:33.999000+00:00	23785	cumulative					
5472	2026-02-20 19:51:36.838000+00:00	23786	cumulative					
5473	2026-02-20 21:47:47.449000+00:00	23789	cumulative					
5474	2026-02-20 21:49:50.785000+00:00	23790	cumulative					
5475	2026-02-20 21:50:55.556000+00:00	23790	cumulative					
5476	2026-02-20 21:52:55.481000+00:00	23793	cumulative					
5477	2026-02-20 21:54:40.428000+00:00	23793	cumulative					
5478	2026-02-20 21:56:59.008000+00:00	23793	cumulative					
5479	2026-02-20 21:58:35.927000+00:00	23793	cumulative					
5480	2026-02-20 22:00:10.761000+00:00	23797	cumulative					
5481	2026-02-20 22:00:54.325000+00:00	23798	cumulative					
5482	2026-02-20 22:03:33.622000+00:00	23802	cumulative					
5483	2026-02-20 22:05:38.669000+00:00	23805	cumulative					
5484	2026-02-20 22:07:45.323000+00:00	23806	cumulative					
5485	2026-02-20 22:09:36.405000+00:00	23806	cumulative					
5486	2026-02-20 22:11:32.072000+00:00	23806	cumulative					
5487	2026-02-20 22:11:41.151000+00:00	23806	cumulative					
5488	2026-02-20 22:15:43.746000+00:00	23808	cumulative					
5489	2026-02-20 22:17:12.375000+00:00	23808	cumulative					
5490	2026-02-20 22:19:03.522000+00:00	23809	cumulative					
5491	2026-02-20 22:20:57.125000+00:00	23809	cumulative					
5492	2026-02-20 22:22:04.069000+00:00	23809	cumulative					
5493	2026-02-20 22:24:55.617000+00:00	23812	cumulative					
5494	2026-02-20 22:26:31.883000+00:00	23814	cumulative					
5495	2026-02-20 22:28:37.368000+00:00	23817	cumulative					
5496	2026-02-20 22:36:01.073000+00:00	23819	cumulative					
5497	2026-02-21 00:10:45.785000+00:00	23820	cumulative					
5498	2026-02-21 00:16:33.916000+00:00	23820	cumulative					
5499	2026-02-21 00:17:57.878000+00:00	23821	cumulative					
5500	2026-02-21 00:19:31.039000+00:00	23823	cumulative					
5501	2026-02-21 00:21:05.125000+00:00	23824	cumulative					
5502	2026-02-21 00:22:34.561000+00:00	23829	cumulative					
5503	2026-02-21 00:24:06.567000+00:00	23830	cumulative					
5504	2026-02-21 00:25:34.211000+00:00	23832	cumulative					
5505	2026-02-21 00:26:01.283000+00:00	23834	cumulative					
5506	2026-02-21 00:28:46.981000+00:00	23834	cumulative					
5507	2026-02-21 00:30:10.514000+00:00	23838	cumulative					
5508	2026-02-21 00:31:34.873000+00:00	23838	cumulative					
5510	2026-02-21 01:00:44.089000+00:00	23839	cumulative					
5511	2026-02-21 16:41:48.847000+00:00	23839	cumulative					
5512	2026-02-21 16:43:21.222000+00:00	23843	cumulative					
5513	2026-02-21 16:44:53.662000+00:00	23843	cumulative					
5514	2026-02-21 16:53:36.795000+00:00	23844	cumulative					
5515	2026-02-21 16:56:02.762000+00:00	23845	cumulative					
5516	2026-02-21 17:12:54.806000+00:00	23846	cumulative					
5517	2026-02-21 17:15:34.652000+00:00	23847	cumulative					
5518	2026-02-21 17:17:06.910000+00:00	23847	cumulative					
5519	2026-02-21 17:30:25.772000+00:00	23847	cumulative					
5520	2026-02-21 17:31:56.642000+00:00	23848	cumulative					
5521	2026-02-21 17:33:33.827000+00:00	23848	cumulative					
5522	2026-02-21 17:37:33.637000+00:00	23850	cumulative					
5523	2026-02-21 17:42:18.386000+00:00	23851	cumulative					
5524	2026-02-21 17:54:04.053000+00:00	23851	cumulative					
5525	2026-02-21 17:55:31.174000+00:00	23852	cumulative					
5526	2026-02-21 17:57:04.809000+00:00	23854	cumulative					
5527	2026-02-21 17:57:57.637000+00:00	23860	cumulative					
5528	2026-02-21 17:59:39.362000+00:00	23861	cumulative					
5529	2026-02-21 18:01:30.532000+00:00	23869	cumulative					
5530	2026-02-21 18:02:28.535000+00:00	23871	cumulative					
5531	2026-02-21 18:04:08.563000+00:00	23871	cumulative					
5532	2026-02-21 18:06:07.251000+00:00	23871	cumulative					
5533	2026-02-21 18:07:32.196000+00:00	23873	cumulative					
5534	2026-02-21 18:08:57.997000+00:00	23875	cumulative					
5535	2026-02-21 18:10:32.961000+00:00	23878	cumulative					
5536	2026-02-21 18:12:00.885000+00:00	23880	cumulative					
5537	2026-02-21 18:15:32.605000+00:00	23883	cumulative					
5538	2026-02-21 18:47:37.139000+00:00	23884	cumulative					
5539	2026-02-21 19:02:56.019000+00:00	23889	cumulative					
5540	2026-02-21 19:04:32.740000+00:00	23895	cumulative					
5541	2026-02-21 19:06:00.459000+00:00	23903	cumulative					
5542	2026-02-21 19:07:33.182000+00:00	23903	cumulative					
5543	2026-02-21 19:09:05.418000+00:00	23905	cumulative					
5544	2026-02-21 19:10:32.245000+00:00	23913	cumulative					
5545	2026-02-21 19:11:59.842000+00:00	23914	cumulative					
5546	2026-02-21 19:13:24.686000+00:00	23918	cumulative					
5547	2026-02-21 19:14:49.340000+00:00	23918	cumulative					
5548	2026-02-21 19:28:48.907000+00:00	23920	cumulative					
5549	2026-02-21 19:30:18.532000+00:00	23920	cumulative					
5550	2026-02-21 19:31:44.380000+00:00	23921	cumulative					
5551	2026-02-21 19:33:19.080000+00:00	23921	cumulative					
5552	2026-02-21 19:34:49.862000+00:00	23922	cumulative					
5553	2026-02-21 19:36:28.915000+00:00	23926	cumulative					
5554	2026-02-21 19:38:18.526000+00:00	23928	cumulative					
5555	2026-02-21 20:02:25.231000+00:00	23935	cumulative					
5556	2026-02-21 20:11:40.978000+00:00	23936	cumulative					
5557	2026-02-21 20:18:32.904000+00:00	23941	cumulative					
5558	2026-02-21 20:20:02.946000+00:00	23942	cumulative					
5559	2026-02-21 20:21:28.767000+00:00	23948	cumulative					
5560	2026-02-21 20:22:56.904000+00:00	23949	cumulative					
5561	2026-02-21 20:24:31.201000+00:00	23949	cumulative					
5562	2026-02-21 20:36:24.272000+00:00	23954	cumulative					
5563	2026-02-21 20:37:51.060000+00:00	23957	cumulative					
5564	2026-02-21 20:39:24.075000+00:00	23957	cumulative					
5565	2026-02-21 20:40:53.558000+00:00	23958	cumulative					
5566	2026-02-21 20:42:23.689000+00:00	23959	cumulative					
5567	2026-02-21 20:47:31.312000+00:00	23961	cumulative					
5568	2026-02-21 20:49:49.574000+00:00	23966	cumulative					
5569	2026-02-21 20:58:49.999000+00:00	23966	cumulative					
5570	2026-02-21 21:14:19.903000+00:00	23966	cumulative					
5571	2026-02-21 21:16:37.269000+00:00	23966	cumulative					
5572	2026-02-21 21:18:16.671000+00:00	23966	cumulative					
5573	2026-02-21 21:18:48.104000+00:00	23970	cumulative					
5574	2026-02-21 21:24:55.425000+00:00	23972	cumulative					
5575	2026-02-21 21:29:05.045000+00:00	23972	cumulative					
5576	2026-02-21 21:40:11.314000+00:00	23974	cumulative					
5577	2026-02-21 21:42:14.844000+00:00	23974	cumulative					
5578	2026-02-21 21:43:41.047000+00:00	23974	cumulative					
5579	2026-02-21 21:47:56.780000+00:00	23974	cumulative					
5580	2026-02-21 21:49:22.898000+00:00	23976	cumulative					
5581	2026-02-21 21:54:35.631000+00:00	23978	cumulative					
5582	2026-02-21 21:54:44.676000+00:00	23980	cumulative					
5583	2026-02-21 22:07:48.942000+00:00	23983	cumulative					
5584	2026-02-21 22:11:46.655000+00:00	23985	cumulative					
5585	2026-02-21 22:13:34.065000+00:00	23987	cumulative					
5586	2026-02-21 22:15:04.181000+00:00	23990	cumulative					
5587	2026-02-21 22:16:37.177000+00:00	23993	cumulative					
5588	2026-02-21 22:18:14.746000+00:00	23996	cumulative					
5589	2026-02-21 22:19:50.164000+00:00	23996	cumulative					
5590	2026-02-21 22:21:15.737000+00:00	23996	cumulative					
5591	2026-02-21 22:23:04.325000+00:00	23996	cumulative					
5592	2026-02-21 22:24:57.536000+00:00	24000	cumulative					
5593	2026-02-21 22:26:34.136000+00:00	24001	cumulative					
5594	2026-02-21 22:28:17.135000+00:00	24003	cumulative					
5595	2026-02-21 22:30:02.517000+00:00	24003	cumulative					
5596	2026-02-21 23:35:24.358000+00:00	24003	cumulative					
5597	2026-02-21 23:36:52.958000+00:00	24006	cumulative					
5598	2026-02-21 23:38:17.138000+00:00	24007	cumulative					
5599	2026-02-21 23:39:48.271000+00:00	24008	cumulative					
5600	2026-02-21 23:44:34.666000+00:00	24011	cumulative					
5601	2026-02-21 23:46:25.469000+00:00	24011	cumulative					
5602	2026-02-21 23:47:53.667000+00:00	24012	cumulative					
5603	2026-02-21 23:49:32.566000+00:00	24013	cumulative					
5604	2026-02-21 23:50:04.758000+00:00	24016	cumulative					
5605	2026-02-21 23:53:41.926000+00:00	24016	cumulative					
5606	2026-02-21 23:55:00.875000+00:00	24020	cumulative					
5607	2026-02-21 23:56:45.537000+00:00	24033	cumulative					
5608	2026-02-22 00:01:08.805000+00:00	24039	cumulative					
5609	2026-02-22 00:02:11.885000+00:00	24039	cumulative					
5610	2026-02-22 00:04:38.103000+00:00	24040	cumulative					
5611	2026-02-22 00:05:22.813000+00:00	24041	cumulative					
5612	2026-02-22 00:07:40.001000+00:00	24044	cumulative					
5613	2026-02-22 00:08:45.852000+00:00	24047	cumulative					
5614	2026-02-22 00:10:40.328000+00:00	24048	cumulative					
5615	2026-02-22 00:12:04.390000+00:00	24050	cumulative					
5616	2026-02-22 00:13:49.393000+00:00	24050	cumulative					
5617	2026-02-22 00:15:33.801000+00:00	24051	cumulative					
5618	2026-02-22 00:49:33.316000+00:00	24052	cumulative					
5619	2026-02-22 00:50:43.259000+00:00	24053	cumulative					
5620	2026-02-22 00:52:02.265000+00:00	24053	cumulative					
5621	2026-02-22 00:52:21.813000+00:00	24057	cumulative					
5622	2026-02-22 00:54:24.083000+00:00	24057	cumulative					
5623	2026-02-22 00:58:06.509000+00:00	24057	cumulative					
5624	2026-02-22 00:59:39.116000+00:00	24060	cumulative					
5625	2026-02-22 01:01:15.649000+00:00	24060	cumulative					
5626	2026-02-22 01:02:24.634000+00:00	24061	cumulative					
5627	2026-02-22 01:03:03.242000+00:00	24062	cumulative					
5628	2026-02-22 01:05:00.042000+00:00	24062	cumulative					
5629	2026-02-22 01:07:01.417000+00:00	24063	cumulative					
5630	2026-02-22 01:08:49.829000+00:00	24064	cumulative					
5631	2026-02-22 01:10:23.014000+00:00	24064	cumulative					
5632	2026-02-22 01:12:06.725000+00:00	24064	cumulative					
5633	2026-02-22 01:14:20.787000+00:00	24068	cumulative					
5634	2026-02-22 01:17:33.377000+00:00	24069	cumulative					
5635	2026-02-22 01:19:28.998000+00:00	24070	cumulative					
5636	2026-02-22 01:24:57.342000+00:00	24072	cumulative					
5637	2026-02-22 01:27:17.423000+00:00	24072	cumulative					
5638	2026-02-22 01:29:34.278000+00:00	24072	cumulative					
5639	2026-02-22 01:30:52.857000+00:00	24074	cumulative					
5640	2026-02-22 01:32:28.572000+00:00	24074	cumulative					
5641	2026-02-22 01:33:07.524000+00:00	24074	cumulative					
5642	2026-02-22 01:35:40.629000+00:00	24075	cumulative					
5643	2026-02-22 01:38:03.009000+00:00	24076	cumulative					
5644	2026-02-22 01:39:02.601000+00:00	24083	cumulative					
5645	2026-02-22 01:39:40.947000+00:00	24084	cumulative					
5646	2026-02-22 01:42:13.202000+00:00	24084	cumulative					
5647	2026-02-22 01:43:46.909000+00:00	24086	cumulative					
5648	2026-02-22 01:45:24.551000+00:00	24086	cumulative					
5649	2026-02-22 01:47:10.950000+00:00	24088	cumulative					
5650	2026-02-22 04:32:21.851000+00:00	24089	cumulative					
5651	2026-02-22 04:33:02.388000+00:00	24092	cumulative					
5652	2026-02-22 04:35:31.575000+00:00	24092	cumulative					
5653	2026-02-22 04:37:11.647000+00:00	24093	cumulative					
5654	2026-02-22 04:38:52.172000+00:00	24096	cumulative					
5655	2026-02-22 04:40:56.346000+00:00	24101	cumulative					
5656	2026-02-22 04:42:38.452000+00:00	24102	cumulative					
5657	2026-02-22 04:45:02.701000+00:00	24105	cumulative					
5658	2026-02-22 04:46:34.329000+00:00	24105	cumulative					
5659	2026-02-22 04:47:17.926000+00:00	24106	cumulative					
5660	2026-02-22 04:50:20.069000+00:00	24109	cumulative					
5661	2026-02-22 04:51:27.867000+00:00	24109	cumulative					
5662	2026-02-22 04:53:02.471000+00:00	24109	cumulative					
5663	2026-02-22 04:54:38.866000+00:00	24110	cumulative					
5664	2026-02-22 04:56:17.342000+00:00	24111	cumulative					
5665	2026-02-22 04:58:03.023000+00:00	24112	cumulative					
5666	2026-02-22 04:59:18.205000+00:00	24113	cumulative					
5667	2026-02-22 05:00:47.458000+00:00	24113	cumulative					
5668	2026-02-22 05:02:42.149000+00:00	24113	cumulative					
5669	2026-02-22 05:02:54.673000+00:00	24114	cumulative					
5670	2026-02-22 05:06:02.214000+00:00	24115	cumulative					
5671	2026-02-22 05:07:27.920000+00:00	24115	cumulative					
5672	2026-02-22 05:10:06.761000+00:00	24115	cumulative					
5673	2026-02-22 05:11:48.778000+00:00	24115	cumulative					
5674	2026-02-22 05:13:15.836000+00:00	24123	cumulative					
5675	2026-02-22 05:13:17.623000+00:00	24124	cumulative					
5676	2026-02-22 05:16:23.701000+00:00	24124	cumulative					
5677	2026-02-22 05:17:35.444000+00:00	24125	cumulative					
5678	2026-02-22 05:29:45.729000+00:00	24132	cumulative					
5679	2026-02-22 05:31:46.567000+00:00	24133	cumulative					
5680	2026-02-22 05:34:53.986000+00:00	24133	cumulative					
5681	2026-02-22 05:36:46.141000+00:00	24136	cumulative					
5682	2026-02-22 05:39:10.635000+00:00	24137	cumulative					
5683	2026-02-22 05:41:07.871000+00:00	24138	cumulative					
5684	2026-02-22 05:42:29.390000+00:00	24138	cumulative					
5685	2026-02-22 05:44:23.258000+00:00	24139	cumulative					
5686	2026-02-22 05:46:32.162000+00:00	24139	cumulative					
5687	2026-02-22 05:47:29.734000+00:00	24140	cumulative					
5688	2026-02-22 05:50:02.288000+00:00	24140	cumulative					
5689	2026-02-22 05:50:18.988000+00:00	24143	cumulative					
5690	2026-02-22 05:52:48.291000+00:00	24149	cumulative					
5691	2026-02-22 05:57:04.183000+00:00	24150	cumulative					
5692	2026-02-22 06:00:40.432000+00:00	24152	cumulative					
5693	2026-02-22 06:02:27.270000+00:00	24152	cumulative					
5694	2026-02-22 06:03:53.792000+00:00	24153	cumulative					
5695	2026-02-22 06:07:59.035000+00:00	24154	cumulative					
5696	2026-02-22 06:10:01.127000+00:00	24154	cumulative					
5697	2026-02-22 06:11:57.644000+00:00	24158	cumulative					
5698	2026-02-22 06:20:56.950000+00:00	24160	cumulative					
5699	2026-02-22 06:22:05.463000+00:00	24162	cumulative					
5700	2026-02-22 06:23:59.143000+00:00	24163	cumulative					
5701	2026-02-22 06:25:16.130000+00:00	24164	cumulative					
5702	2026-02-22 06:26:45.108000+00:00	24164	cumulative					
5703	2026-02-22 06:28:21.794000+00:00	24164	cumulative					
5704	2026-02-22 06:29:48.446000+00:00	24168	cumulative					
5705	2026-02-22 18:05:14.131000+00:00	24168	cumulative					
5706	2026-02-22 18:06:55.270000+00:00	24168	cumulative					
5707	2026-02-22 18:08:21.799000+00:00	24168	cumulative					
5708	2026-02-22 18:09:23.654000+00:00	24169	cumulative					
5709	2026-02-22 18:10:56.145000+00:00	24171	cumulative					
5710	2026-02-22 18:13:24.415000+00:00	24173	cumulative					
5711	2026-02-22 18:16:03.125000+00:00	24177	cumulative					
5712	2026-02-22 18:17:24.422000+00:00	24178	cumulative					
5713	2026-02-22 18:17:48.717000+00:00	24179	cumulative					
5714	2026-02-22 19:22:56.574000+00:00	24181	cumulative					
5715	2026-02-22 19:24:26.429000+00:00	24186	cumulative					
5716	2026-02-22 19:27:01.463000+00:00	24188	cumulative					
5717	2026-02-22 19:28:26.683000+00:00	24189	cumulative					
5718	2026-02-22 19:28:59.948000+00:00	24191	cumulative					
5719	2026-02-22 19:31:43.260000+00:00	24194	cumulative					
5720	2026-02-22 19:33:09.672000+00:00	24198	cumulative					
5721	2026-02-22 19:34:33.011000+00:00	24203	cumulative					
5722	2026-02-22 19:36:28.680000+00:00	24205	cumulative					
5723	2026-02-22 21:02:46.245000+00:00	24208	cumulative					
5724	2026-02-22 21:06:00.414000+00:00	24210	cumulative					
5725	2026-02-22 21:07:28.463000+00:00	24215	cumulative					
5726	2026-02-22 21:09:00.674000+00:00	24217	cumulative					
5727	2026-02-22 21:10:25.048000+00:00	24219	cumulative					
5728	2026-02-22 21:11:49.257000+00:00	24220	cumulative					
5729	2026-02-22 21:13:21.264000+00:00	24222	cumulative					
5730	2026-02-22 21:16:53.698000+00:00	24223	cumulative					
5731	2026-02-22 21:17:26.599000+00:00	24223	cumulative					
5732	2026-02-22 21:19:51.694000+00:00	24223	cumulative					
5733	2026-02-22 21:21:16.636000+00:00	24224	cumulative					
5734	2026-02-22 21:22:53.571000+00:00	24229	cumulative					
5735	2026-02-22 21:24:31.754000+00:00	24233	cumulative					
5736	2026-02-22 21:25:56.941000+00:00	24233	cumulative					
5737	2026-02-22 21:27:44.049000+00:00	24235	cumulative					
5738	2026-02-22 21:29:08.881000+00:00	24237	cumulative					
5739	2026-02-22 21:30:47.044000+00:00	24237	cumulative					
5740	2026-02-22 21:32:20.924000+00:00	24238	cumulative					
5741	2026-02-22 21:33:44.622000+00:00	24242	cumulative					
5742	2026-02-22 21:35:50.601000+00:00	24245	cumulative					
5743	2026-02-22 21:38:01.518000+00:00	24245	cumulative					
5744	2026-02-22 21:39:39.831000+00:00	24249	cumulative					
5745	2026-02-22 21:41:31.176000+00:00	24250	cumulative					
5746	2026-02-22 23:52:37.576000+00:00	24250	cumulative					
5747	2026-02-22 23:54:02.258000+00:00	24251	cumulative					
5748	2026-02-22 23:55:20.464000+00:00	24252	cumulative					
5749	2026-02-22 23:58:11.918000+00:00	24252	cumulative					
5750	2026-02-22 23:58:24.524000+00:00	24258	cumulative					
5751	2026-02-23 00:01:06.556000+00:00	24258	cumulative					
5752	2026-02-23 00:02:44.003000+00:00	24260	cumulative					
5753	2026-02-23 00:03:43.440000+00:00	24264	cumulative					
5754	2026-02-23 00:06:21.973000+00:00	24268	cumulative					
5755	2026-02-23 00:16:49.886000+00:00	24271	cumulative					
5756	2026-02-23 00:21:38.858000+00:00	24271	cumulative					
5757	2026-02-23 00:26:57.683000+00:00	24272	cumulative					
5758	2026-02-23 00:28:53.494000+00:00	24276	cumulative					
5759	2026-02-23 00:31:07.847000+00:00	24278	cumulative					
5760	2026-02-23 00:32:46.466000+00:00	24283	cumulative					
5761	2026-02-23 00:34:35.515000+00:00	24283	cumulative					
5762	2026-02-23 00:36:14.813000+00:00	24285	cumulative					
5763	2026-02-23 00:39:04.956000+00:00	24289	cumulative					
5764	2026-02-23 00:40:38.288000+00:00	24291	cumulative					
5765	2026-02-23 00:45:24.324000+00:00	24293	cumulative					
5766	2026-02-23 02:39:35.346000+00:00	24293	cumulative					
5767	2026-02-23 02:41:01.916000+00:00	24295	cumulative					
5768	2026-02-23 02:42:51.745000+00:00	24298	cumulative					
5769	2026-02-23 02:44:44.816000+00:00	24301	cumulative					
5770	2026-02-23 02:47:45.484000+00:00	24301	cumulative					
5771	2026-02-23 02:49:27.714000+00:00	24302	cumulative					
5772	2026-02-23 02:50:54.856000+00:00	24303	cumulative					
5773	2026-02-23 02:53:17.150000+00:00	24303	cumulative					
5774	2026-02-23 02:53:45.760000+00:00	24305	cumulative					
5775	2026-02-23 02:56:45.073000+00:00	24305	cumulative					
5776	2026-02-23 14:54:44.516000+00:00	24306	cumulative					
5777	2026-02-23 15:13:16.558000+00:00	24308	cumulative					
5778	2026-02-23 15:31:10.761000+00:00	24309	cumulative					
5779	2026-02-23 16:07:01.872000+00:00	24312	cumulative					
5780	2026-02-23 16:08:37.861000+00:00	24314	cumulative					
5781	2026-02-23 16:10:05.790000+00:00	24318	cumulative					
5782	2026-02-23 16:11:39.460000+00:00	24318	cumulative					
5783	2026-02-23 16:13:03.935000+00:00	24318	cumulative					
5784	2026-02-23 16:14:33.102000+00:00	24319	cumulative					
5785	2026-02-23 16:15:57.399000+00:00	24319	cumulative					
5786	2026-02-23 16:17:23.680000+00:00	24319	cumulative					
5787	2026-02-23 16:20:00.212000+00:00	24319	cumulative					
5788	2026-02-23 16:23:14.520000+00:00	24322	cumulative					
5789	2026-02-23 17:15:06.537000+00:00	24324	cumulative					
5790	2026-02-23 17:46:47.614000+00:00	24326	cumulative					
5791	2026-02-23 18:59:51.136000+00:00	24327	cumulative					
5792	2026-02-23 19:01:34.835000+00:00	24334	cumulative					
5793	2026-02-23 19:01:45.347000+00:00	24334	cumulative					
5794	2026-02-23 19:03:11.343000+00:00	24334	cumulative					
5795	2026-02-23 19:05:35.845000+00:00	24334	cumulative					
5796	2026-02-23 19:07:24.605000+00:00	24335	cumulative					
5797	2026-02-23 19:11:20.742000+00:00	24335	cumulative					
5798	2026-02-23 19:13:52.229000+00:00	24335	cumulative					
5799	2026-02-23 19:15:24.460000+00:00	24338	cumulative					
5800	2026-02-23 19:17:01.314000+00:00	24340	cumulative					
5801	2026-02-23 19:18:08.640000+00:00	24346	cumulative					
5802	2026-02-23 19:20:12.395000+00:00	24353	cumulative					
5803	2026-02-23 19:23:42.441000+00:00	24358	cumulative					
5804	2026-02-23 19:25:41.217000+00:00	24361	cumulative					
5805	2026-02-23 19:29:06.630000+00:00	24361	cumulative					
5806	2026-02-23 19:30:16.145000+00:00	24364	cumulative					
5807	2026-02-23 19:30:57.548000+00:00	24364	cumulative					
5808	2026-02-23 19:31:13.006000+00:00	24364	cumulative					
5809	2026-02-23 19:35:14.835000+00:00	24366	cumulative					
5810	2026-02-23 19:37:24.267000+00:00	24368	cumulative					
5811	2026-02-23 19:43:52.204000+00:00	24368	cumulative					
5812	2026-02-23 19:45:36.095000+00:00	24368	cumulative					
5813	2026-02-23 19:48:51.528000+00:00	24368	cumulative					
5814	2026-02-23 19:50:17.733000+00:00	24374	cumulative					
5815	2026-02-23 19:52:15.998000+00:00	24376	cumulative					
5816	2026-02-23 19:54:03.767000+00:00	24376	cumulative					
5817	2026-02-23 19:56:19.680000+00:00	24377	cumulative					
5818	2026-02-23 19:58:46.741000+00:00	24377	cumulative					
5819	2026-02-23 20:00:13.533000+00:00	24379	cumulative					
5820	2026-02-23 20:02:30.655000+00:00	24380	cumulative					
5821	2026-02-23 20:05:02.127000+00:00	24383	cumulative					
5822	2026-02-23 20:06:33.064000+00:00	24383	cumulative					
5823	2026-02-23 20:08:01.418000+00:00	24385	cumulative					
5824	2026-02-23 20:09:45.313000+00:00	24385	cumulative					
5825	2026-02-23 20:12:22.146000+00:00	24386	cumulative					
5826	2026-02-23 20:15:05.741000+00:00	24386	cumulative					
5827	2026-02-23 20:17:40.043000+00:00	24387	cumulative					
5828	2026-02-23 20:19:12.078000+00:00	24387	cumulative					
5829	2026-02-23 20:20:46.361000+00:00	24390	cumulative					
5830	2026-02-23 20:22:12.143000+00:00	24390	cumulative					
5831	2026-02-23 20:23:58.044000+00:00	24392	cumulative					
5832	2026-02-23 20:25:59.947000+00:00	24392	cumulative					
5833	2026-02-23 20:27:31.913000+00:00	24393	cumulative					
5834	2026-02-23 20:28:58.573000+00:00	24397	cumulative					
5835	2026-02-23 20:30:36.006000+00:00	24397	cumulative					
5836	2026-02-23 20:32:01.443000+00:00	24399	cumulative					
5837	2026-02-23 20:33:27.270000+00:00	24400	cumulative					
5838	2026-02-23 20:53:30.862000+00:00	24402	cumulative					
5839	2026-02-23 21:04:38.048000+00:00	24404	cumulative					
5840	2026-02-23 21:12:55.947000+00:00	24404	cumulative					
5841	2026-02-23 21:14:28.587000+00:00	24408	cumulative					
5842	2026-02-23 21:18:59.417000+00:00	24411	cumulative					
5843	2026-02-23 21:25:29.219000+00:00	24411	cumulative					
5844	2026-02-23 21:44:37.186000+00:00	24412	cumulative					
5845	2026-02-23 21:50:02.671000+00:00	24412	cumulative					
5846	2026-02-23 21:51:12.489000+00:00	24412	cumulative					
5847	2026-02-23 21:52:55.505000+00:00	24413	cumulative					
5848	2026-02-23 21:54:19.298000+00:00	24414	cumulative					
5849	2026-02-23 21:55:42.967000+00:00	24417	cumulative					
5850	2026-02-23 21:55:50.332000+00:00	24427	cumulative					
5851	2026-02-23 21:58:43.472000+00:00	24433	cumulative					
5852	2026-02-23 22:00:44.818000+00:00	24433	cumulative					
5853	2026-02-23 22:02:12.174000+00:00	24434	cumulative					
5854	2026-02-23 22:03:29.718000+00:00	24439	cumulative					
5855	2026-02-23 22:05:26.815000+00:00	24441	cumulative					
5856	2026-02-23 22:07:13.113000+00:00	24441	cumulative					
5857	2026-02-23 22:09:06.571000+00:00	24441	cumulative					
5858	2026-02-23 22:10:42.523000+00:00	24442	cumulative					
5859	2026-02-23 23:29:43.953000+00:00	24442	cumulative					
5860	2026-02-23 23:31:31.336000+00:00	24444	cumulative					
5861	2026-02-23 23:32:28.530000+00:00	24444	cumulative					
5862	2026-02-23 23:34:25.588000+00:00	24445	cumulative					
5863	2026-02-23 23:38:50.313000+00:00	24446	cumulative					
5864	2026-02-23 23:40:14.396000+00:00	24447	cumulative					
5865	2026-02-23 23:41:55.632000+00:00	24449	cumulative					
5866	2026-02-23 23:43:20.754000+00:00	24450	cumulative					
5867	2026-02-23 23:44:46.565000+00:00	24455	cumulative					
5868	2026-02-23 23:46:17.273000+00:00	24455	cumulative					
5869	2026-02-24 00:32:01.268000+00:00	24455	cumulative					
5870	2026-02-24 00:33:10.504000+00:00	24455	cumulative					
5871	2026-02-24 01:23:28.989000+00:00	24455	cumulative					
5872	2026-02-24 01:36:14.614000+00:00	24456	cumulative					
5873	2026-02-24 01:43:50.430000+00:00	24456	cumulative					
5874	2026-02-24 01:45:18.555000+00:00	24456	cumulative					
5875	2026-02-24 01:47:16.529000+00:00	24457	cumulative					
5876	2026-02-24 01:49:21.283000+00:00	24459	cumulative					
5877	2026-02-24 01:51:36.326000+00:00	24463	cumulative					
5878	2026-02-24 01:53:25.855000+00:00	24463	cumulative					
5879	2026-02-24 01:55:05.059000+00:00	24464	cumulative					
5880	2026-02-24 01:56:08.290000+00:00	24466	cumulative					
5881	2026-02-24 01:57:34.619000+00:00	24470	cumulative					
5882	2026-02-24 01:59:51.362000+00:00	24470	cumulative					
5883	2026-02-24 02:00:56.956000+00:00	24472	cumulative					
5884	2026-02-24 02:01:22.682000+00:00	24472	cumulative					
5885	2026-02-24 02:06:16.035000+00:00	24476	cumulative					
5886	2026-02-24 02:09:26.614000+00:00	24476	cumulative					
5887	2026-02-24 02:12:44.046000+00:00	24476	cumulative					
5888	2026-02-24 02:14:37.977000+00:00	24479	cumulative					
5889	2026-02-24 02:22:06.511000+00:00	24480	cumulative					
5890	2026-02-24 02:31:08.860000+00:00	24480	cumulative					
5891	2026-02-24 02:32:50.242000+00:00	24481	cumulative					
5892	2026-02-24 02:34:18.020000+00:00	24484	cumulative					
5893	2026-02-24 02:36:10.212000+00:00	24487	cumulative					
5894	2026-02-24 02:37:38.668000+00:00	24488	cumulative					
5895	2026-02-24 02:39:07.752000+00:00	24488	cumulative					
5896	2026-02-24 02:40:36.625000+00:00	24489	cumulative					
5897	2026-02-24 02:43:39.469000+00:00	24494	cumulative					
5898	2026-02-24 02:47:36.746000+00:00	24500	cumulative					
5899	2026-02-24 02:53:42.985000+00:00	24503	cumulative					
5900	2026-02-24 02:57:02.460000+00:00	24505	cumulative					
5901	2026-02-24 03:05:11.662000+00:00	24508	cumulative					
5902	2026-02-24 03:06:11.533000+00:00	24508	cumulative					
5903	2026-02-24 03:12:20.633000+00:00	24515	cumulative					
5904	2026-02-24 03:14:53.304000+00:00	24515	cumulative					
5905	2026-02-24 03:16:20.319000+00:00	24515	cumulative					
5906	2026-02-24 03:16:40.073000+00:00	24521	cumulative					
5907	2026-02-24 03:18:01.121000+00:00	24524	cumulative					
5908	2026-02-24 03:20:59.834000+00:00	24524	cumulative					
5909	2026-02-24 03:22:43.123000+00:00	24524	cumulative					
5910	2026-02-24 03:24:24.307000+00:00	24524	cumulative					
5911	2026-02-24 03:26:02.330000+00:00	24524	cumulative					
5912	2026-02-24 03:27:39.828000+00:00	24524	cumulative					
5913	2026-02-24 03:28:50.299000+00:00	24525	cumulative					
5914	2026-02-24 03:30:23.852000+00:00	24526	cumulative					
5915	2026-02-24 03:42:05.681000+00:00	24526	cumulative					
5916	2026-02-24 03:43:51.738000+00:00	24526	cumulative					
5917	2026-02-24 03:45:23.589000+00:00	24526	cumulative					
5918	2026-02-24 03:46:54.067000+00:00	24527	cumulative					
5919	2026-02-24 03:48:01.407000+00:00	24536	cumulative					
5920	2026-02-24 03:50:08.568000+00:00	24540	cumulative					
5921	2026-02-24 03:51:39.729000+00:00	24541	cumulative					
5922	2026-02-24 03:53:18.643000+00:00	24544	cumulative					
5923	2026-02-24 03:54:40.599000+00:00	24546	cumulative					
5924	2026-02-24 04:22:36.262000+00:00	24546	cumulative					
5925	2026-02-24 04:24:17.872000+00:00	24548	cumulative					
5926	2026-02-24 04:26:21.962000+00:00	24548	cumulative					
5927	2026-02-24 04:27:54.504000+00:00	24550	cumulative					
5928	2026-02-24 04:29:42.624000+00:00	24553	cumulative					
5929	2026-02-24 05:15:33.134000+00:00	24555	cumulative					
5930	2026-02-24 05:17:08.185000+00:00	24557	cumulative					
5931	2026-02-24 05:19:29.388000+00:00	24557	cumulative					
5932	2026-02-24 05:20:06.195000+00:00	24561	cumulative					
5933	2026-02-24 05:21:44.120000+00:00	24561	cumulative					
5934	2026-02-24 15:55:14.306000+00:00	24562	cumulative					
5935	2026-02-24 15:59:53.805000+00:00	24563	cumulative					
5936	2026-02-24 16:01:20.901000+00:00	24565	cumulative					
5937	2026-02-24 16:02:48.770000+00:00	24565	cumulative					
5938	2026-02-24 16:04:17.275000+00:00	24566	cumulative					
5939	2026-02-24 16:05:43.813000+00:00	24567	cumulative					
5940	2026-02-24 16:07:10.200000+00:00	24569	cumulative					
5941	2026-02-24 16:08:42.488000+00:00	24569	cumulative					
5942	2026-02-24 16:10:56.307000+00:00	24569	cumulative					
5943	2026-02-24 16:13:20.662000+00:00	24572	cumulative					
5944	2026-02-24 16:15:08.451000+00:00	24573	cumulative					
5945	2026-02-24 16:39:58.158000+00:00	24578	cumulative					
5946	2026-02-24 16:56:54.904000+00:00	24580	cumulative					
5947	2026-02-24 16:59:49.801000+00:00	24580	cumulative					
5948	2026-02-24 17:00:54.523000+00:00	24582	cumulative					
5949	2026-02-24 17:02:12.664000+00:00	24584	cumulative					
5950	2026-02-24 17:04:19.599000+00:00	24584	cumulative					
5951	2026-02-24 17:05:06.290000+00:00	24584	cumulative					
5952	2026-02-24 17:05:50.893000+00:00	24587	cumulative					
5953	2026-02-24 17:09:03.288000+00:00	24589	cumulative					
5954	2026-02-24 17:10:43.811000+00:00	24589	cumulative					
5955	2026-02-24 17:12:50.080000+00:00	24602	cumulative					
5956	2026-02-24 17:12:57.750000+00:00	24602	cumulative					
5957	2026-02-24 17:15:59.502000+00:00	24609	cumulative					
5958	2026-02-24 17:20:13.360000+00:00	24609	cumulative					
5959	2026-02-24 17:22:08.562000+00:00	24613	cumulative					
5960	2026-02-24 17:23:33.933000+00:00	24614	cumulative					
5961	2026-02-24 17:26:17.661000+00:00	24614	cumulative					
5962	2026-02-24 17:27:50.404000+00:00	24615	cumulative					
5963	2026-02-24 17:29:24.143000+00:00	24619	cumulative					
5964	2026-02-24 17:30:50.310000+00:00	24620	cumulative					
5965	2026-02-24 17:32:16.351000+00:00	24621	cumulative					
5966	2026-02-24 17:33:49.174000+00:00	24621	cumulative					
5967	2026-02-24 17:35:14.695000+00:00	24622	cumulative					
5968	2026-02-24 17:35:48.908000+00:00	24622	cumulative					
5969	2026-02-24 17:38:21.315000+00:00	24623	cumulative					
5970	2026-02-24 17:57:45.156000+00:00	24623	cumulative					
5971	2026-02-24 18:02:59.246000+00:00	24624	cumulative					
5972	2026-02-24 18:04:40.201000+00:00	24624	cumulative					
5973	2026-02-24 18:05:24.953000+00:00	24630	cumulative					
5974	2026-02-24 18:06:51.604000+00:00	24630	cumulative					
5975	2026-02-24 18:07:51.074000+00:00	24630	cumulative					
5976	2026-02-24 18:10:23.884000+00:00	24631	cumulative					
5977	2026-02-24 18:15:28.066000+00:00	24633	cumulative					
5978	2026-02-24 18:16:51.113000+00:00	24634	cumulative					
5979	2026-02-24 18:18:00.679000+00:00	24635	cumulative					
5980	2026-02-24 18:20:09.719000+00:00	24636	cumulative					
5981	2026-02-24 18:29:05.714000+00:00	24638	cumulative					
5982	2026-02-24 18:30:36.073000+00:00	24641	cumulative					
5983	2026-02-24 18:32:33.276000+00:00	24642	cumulative					
5984	2026-02-24 18:34:30.520000+00:00	24642	cumulative					
5985	2026-02-24 18:36:16.132000+00:00	24642	cumulative					
5986	2026-02-24 18:37:07.047000+00:00	24642	cumulative					
5987	2026-02-24 18:44:28.575000+00:00	24644	cumulative					
5988	2026-02-24 19:07:27.163000+00:00	24647	cumulative					
5989	2026-02-24 19:08:53.740000+00:00	24647	cumulative					
5990	2026-02-24 19:11:19.663000+00:00	24647	cumulative					
5991	2026-02-24 19:12:44.537000+00:00	24647	cumulative					
5992	2026-02-24 19:14:35.244000+00:00	24651	cumulative					
5993	2026-02-24 19:16:06.909000+00:00	24653	cumulative					
5994	2026-02-24 19:17:43.317000+00:00	24656	cumulative					
5995	2026-02-24 19:19:14.978000+00:00	24656	cumulative					
5996	2026-02-24 19:20:43.774000+00:00	24656	cumulative					
5997	2026-02-24 19:21:38.428000+00:00	24660	cumulative					
5998	2026-02-24 19:23:00.738000+00:00	24663	cumulative					
5999	2026-02-24 19:25:20.297000+00:00	24663	cumulative					
6000	2026-02-24 19:35:29.659000+00:00	24663	cumulative					
6001	2026-02-24 19:39:04.892000+00:00	24665	cumulative					
6002	2026-02-24 21:45:15.298000+00:00	24666	cumulative					
6003	2026-02-24 22:18:30.001000+00:00	24667	cumulative					
6004	2026-02-24 22:20:59.212000+00:00	24668	cumulative					
6005	2026-02-24 22:24:18.850000+00:00	24668	cumulative					
6006	2026-02-24 22:26:03.017000+00:00	24671	cumulative					
6007	2026-02-24 22:28:06.950000+00:00	24671	cumulative					
6008	2026-02-24 22:29:36.747000+00:00	24676	cumulative					
6009	2026-02-24 22:37:06.810000+00:00	24676	cumulative					
6010	2026-02-24 22:38:39.625000+00:00	24677	cumulative					
6011	2026-02-24 22:40:01.792000+00:00	24679	cumulative					
6012	2026-02-24 22:41:33.901000+00:00	24680	cumulative					
6013	2026-02-24 22:42:38.285000+00:00	24685	cumulative					
6014	2026-02-24 22:45:02.816000+00:00	24686	cumulative					
6015	2026-02-24 22:46:42.425000+00:00	24689	cumulative					
6016	2026-02-24 22:48:17.223000+00:00	24689	cumulative					
6017	2026-02-24 22:50:02.637000+00:00	24689	cumulative					
6018	2026-02-24 22:53:44.924000+00:00	24692	cumulative					
6019	2026-02-24 22:55:36.922000+00:00	24692	cumulative					
6020	2026-02-24 22:57:03.539000+00:00	24693	cumulative					
6021	2026-02-24 22:58:32.692000+00:00	24693	cumulative					
6022	2026-02-24 22:59:59.023000+00:00	24694	cumulative					
6023	2026-02-24 23:11:02.287000+00:00	24694	cumulative					
6024	2026-02-24 23:12:47.753000+00:00	24695	cumulative					
6025	2026-02-24 23:14:11.601000+00:00	24695	cumulative					
6026	2026-02-24 23:15:41.296000+00:00	24697	cumulative					
6027	2026-02-24 23:26:02.987000+00:00	24698	cumulative					
6028	2026-02-24 23:27:23.721000+00:00	24698	cumulative					
6029	2026-02-24 23:27:55.796000+00:00	24698	cumulative					
6030	2026-02-24 23:29:19.117000+00:00	24699	cumulative					
6031	2026-02-24 23:32:45.063000+00:00	24700	cumulative					
6032	2026-02-24 23:34:10.524000+00:00	24701	cumulative					
6033	2026-02-24 23:35:41.546000+00:00	24703	cumulative					
6034	2026-02-24 23:37:35.505000+00:00	24703	cumulative					
6035	2026-02-24 23:39:13.274000+00:00	24707	cumulative					
6036	2026-02-25 00:01:11.084000+00:00	24707	cumulative					
6037	2026-02-25 00:02:23.630000+00:00	24709	cumulative					
6038	2026-02-25 00:04:16.940000+00:00	24713	cumulative					
6039	2026-02-25 00:05:43.518000+00:00	24713	cumulative					
6040	2026-02-25 00:13:15.695000+00:00	24714	cumulative					
6041	2026-02-25 00:14:48.746000+00:00	24714	cumulative					
6042	2026-02-25 00:16:34.003000+00:00	24715	cumulative					
6043	2026-02-25 00:18:25.616000+00:00	24715	cumulative					
6044	2026-02-25 00:19:40.619000+00:00	24717	cumulative					
6045	2026-02-25 00:21:39.562000+00:00	24718	cumulative					
6046	2026-02-25 00:23:47.413000+00:00	24718	cumulative					
6047	2026-02-25 03:53:09.488000+00:00	24720	cumulative					
6048	2026-02-25 17:33:47.346000+00:00	24720	cumulative					
6049	2026-02-25 17:40:18.944000+00:00	24726	cumulative					
6050	2026-02-25 17:48:46.763000+00:00	24726	cumulative					
6051	2026-02-25 17:50:17.599000+00:00	24729	cumulative					
6052	2026-02-25 17:53:54.124000+00:00	24729	cumulative					
6053	2026-02-25 17:55:24.398000+00:00	24730	cumulative					
6054	2026-02-25 17:59:57.215000+00:00	24730	cumulative					
6055	2026-02-25 18:01:00.421000+00:00	24732	cumulative					
6056	2026-02-25 18:05:34.380000+00:00	24734	cumulative					
6057	2026-02-25 18:07:09.602000+00:00	24741	cumulative					
6058	2026-02-25 18:38:26.358000+00:00	24743	cumulative					
6059	2026-02-25 18:42:41.966000+00:00	24745	cumulative					
6060	2026-02-25 18:45:40.757000+00:00	24746	cumulative					
6061	2026-02-25 18:48:18.052000+00:00	24749	cumulative					
6062	2026-02-25 19:06:29.063000+00:00	24751	cumulative					
6063	2026-02-25 19:08:09.102000+00:00	24752	cumulative					
6064	2026-02-25 19:09:17.388000+00:00	24756	cumulative					
6065	2026-02-25 19:11:34.055000+00:00	24756	cumulative					
6066	2026-02-25 19:13:26.144000+00:00	24758	cumulative					
6067	2026-02-25 19:14:51.857000+00:00	24760	cumulative					
6068	2026-02-25 19:16:54.449000+00:00	24762	cumulative					
6069	2026-02-25 19:18:20.374000+00:00	24762	cumulative					
6070	2026-02-25 19:19:49.219000+00:00	24762	cumulative					
6071	2026-02-25 19:19:50.497000+00:00	24762	cumulative					
6072	2026-02-25 19:24:02.255000+00:00	24762	cumulative					
6073	2026-02-25 19:24:50.057000+00:00	24762	cumulative					
6074	2026-02-25 19:27:20.510000+00:00	24766	cumulative					
6075	2026-02-25 19:28:52.984000+00:00	24772	cumulative					
6076	2026-02-26 17:52:55.523000+00:00	24773	cumulative					
6077	2026-02-26 19:58:35.483000+00:00	24777	cumulative					
6078	2026-02-26 20:00:44.079000+00:00	24780	cumulative					
6079	2026-03-01 22:00:59.451000+00:00	24781	cumulative					
6080	2026-03-01 22:07:07.101000+00:00	24782	cumulative					
6081	2026-03-01 22:09:33.251000+00:00	24782	cumulative					
6082	2026-03-01 22:11:33.047000+00:00	24783	cumulative					
6083	2026-03-01 22:12:58.840000+00:00	24783	cumulative					
6084	2026-03-01 22:14:28.725000+00:00	24783	cumulative					
6085	2026-03-01 22:16:11.100000+00:00	24784	cumulative					
6086	2026-03-01 22:17:44.779000+00:00	24786	cumulative					
6087	2026-03-01 22:19:20.942000+00:00	24786	cumulative					
6088	2026-03-02 02:43:06.447000+00:00	24786	cumulative					
6089	2026-03-04 21:20:34.298000+00:00	24791	cumulative					
6090	2026-03-04 21:22:04.096000+00:00	24796	cumulative					
6091	2026-03-10 02:55:26.314000+00:00	24802	cumulative					
6092	2026-03-10 03:18:34.893000+00:00	24802	cumulative					
6093	2026-03-10 03:28:16.827000+00:00	24803	cumulative					
6094	2026-05-26 03:42:31.373000+00:00	24803	cumulative					
6095	2026-05-26 03:45:36.477000+00:00	24803	cumulative					
6096	2026-05-30 07:49:29.205000+00:00	24804	cumulative					
6097	2026-05-30 16:05:31.766000+00:00	24805	cumulative					
6098	2026-05-30 16:50:48.806000+00:00	24807	cumulative					
6099	2026-05-30 16:59:09.178000+00:00	24807	cumulative					
6100	2026-05-30 17:02:22.473000+00:00	24808	cumulative					
6101	2026-05-30 17:03:55.802000+00:00	24808	cumulative					
6102	2026-05-30 17:04:46.649000+00:00	24810	cumulative					
6103	2026-05-30 17:06:59.684000+00:00	24813	cumulative					
6104	2026-05-30 17:08:45.128000+00:00	24816	cumulative					
6105	2026-05-30 17:10:32.678000+00:00	24821	cumulative					
6106	2026-05-30 17:11:58.147000+00:00	24821	cumulative					
6107	2026-05-30 17:13:41.300000+00:00	24821	cumulative					
6108	2026-05-30 17:13:55.130000+00:00	24821	cumulative					
6109	2026-05-30 17:15:20.464000+00:00	24822	cumulative					
6110	2026-05-30 17:18:24.595000+00:00	24822	cumulative					
6111	2026-05-30 17:36:31.498000+00:00	24823	cumulative					
6112	2026-05-30 17:38:03.638000+00:00	24836	cumulative					
6113	2026-05-30 17:40:52.649000+00:00	24839	cumulative					
6114	2026-05-30 17:42:57.511000+00:00	24842	cumulative					
6115	2026-05-30 17:45:28.283000+00:00	24843	cumulative					
6116	2026-05-30 17:47:06.080000+00:00	24843	cumulative					
6117	2026-05-30 17:48:41.399000+00:00	24848	cumulative					
6118	2026-05-30 18:33:01.017000+00:00	24849	cumulative					
6119	2026-05-30 18:35:06.886000+00:00	24852	cumulative					
6120	2026-05-30 18:36:44.308000+00:00	24853	cumulative					
6121	2026-05-30 18:38:15.855000+00:00	24858	cumulative					
6122	2026-05-30 18:41:56.635000+00:00	24861	cumulative					
6123	2026-05-30 18:43:32.022000+00:00	24864	cumulative					
6124	2026-05-31 03:13:50.180000+00:00	24864	cumulative					
6125	2026-05-31 03:15:23.286000+00:00	24865	cumulative					
6126	2026-05-31 03:16:54.701000+00:00	24865	cumulative					
6127	2026-05-31 03:18:31.859000+00:00	24865	cumulative					
6128	2026-05-31 03:21:00.024000+00:00	24869	cumulative					
6129	2026-05-31 03:22:44.146000+00:00	24872	cumulative					
6130	2026-05-31 03:24:21.157000+00:00	24872	cumulative					
6131	2026-05-31 03:24:33.928000+00:00	24877	cumulative					
6132	2026-05-31 03:27:38.296000+00:00	24878	cumulative					
6133	2026-05-31 03:29:18.016000+00:00	24878	cumulative					
6134	2026-05-31 03:30:57.566000+00:00	24879	cumulative					
6135	2026-05-31 03:32:43.310000+00:00	24881	cumulative					
6136	2026-05-31 03:34:18.821000+00:00	24881	cumulative					
6137	2026-05-31 05:03:01.674000+00:00	24881	cumulative					
6138	2026-05-31 05:21:16.942000+00:00	24885	cumulative					
6139	2026-05-31 05:36:30.700000+00:00	24886	cumulative					
6140	2026-05-31 05:38:56.886000+00:00	24886	cumulative					
6141	2026-05-31 05:40:34.748000+00:00	24887	cumulative					
6142	2026-05-31 05:42:05.518000+00:00	24888	cumulative					
6143	2026-05-31 05:43:47.100000+00:00	24890	cumulative					
6144	2026-05-31 05:45:17.587000+00:00	24890	cumulative					
6145	2026-05-31 05:46:30.654000+00:00	24891	cumulative					
6146	2026-05-31 05:46:50.902000+00:00	24895	cumulative					
6147	2026-05-31 05:49:42.726000+00:00	24896	cumulative					
6148	2026-05-31 05:51:09.742000+00:00	24898	cumulative					
6149	2026-05-31 05:53:11.766000+00:00	24901	cumulative					
6150	2026-05-31 05:54:47.170000+00:00	24901	cumulative					
6151	2026-06-01 01:56:04.772000+00:00	24901	cumulative					
6152	2026-06-01 01:58:46.549000+00:00	24905	cumulative					
6153	2026-06-01 02:00:31.895000+00:00	24910	cumulative					
6154	2026-06-01 02:01:49.638000+00:00	24913	cumulative					
6155	2026-06-01 02:03:15.120000+00:00	24914	cumulative					
6156	2026-06-01 02:05:12.822000+00:00	24917	cumulative					
6157	2026-06-01 02:06:41.377000+00:00	24917	cumulative					
6158	2026-06-01 04:10:49.899000+00:00	24917	cumulative					
6159	2026-06-01 04:38:22.962000+00:00	24917	cumulative					
6160	2026-06-01 04:40:13.120000+00:00	24918	cumulative					
6161	2026-06-01 04:41:54.097000+00:00	24918	cumulative					
6162	2026-06-01 04:43:31.951000+00:00	24918	cumulative					
6163	2026-06-01 04:45:37.138000+00:00	24920	cumulative					
6164	2026-06-01 04:47:10.849000+00:00	24922	cumulative					
6165	2026-06-01 04:47:41.594000+00:00	24922	cumulative					
6166	2026-06-01 04:49:10.506000+00:00	24924	cumulative					
6167	2026-06-01 04:50:36.076000+00:00	24928	cumulative					
6168	2026-06-01 04:53:11.286000+00:00	24930	cumulative					
6169	2026-06-05 17:48:30.621000+00:00	24930	cumulative					
6170	2026-06-05 17:49:53.151000+00:00	24940	cumulative					
6171	2026-06-05 17:51:29.292000+00:00	24940	cumulative					
6172	2026-06-05 17:52:57.455000+00:00	24941	cumulative					
6173	2026-06-05 17:54:30.853000+00:00	24942	cumulative					
6174	2026-06-05 18:01:19.021000+00:00	24945	cumulative					
6175	2026-06-05 18:02:45.550000+00:00	24946	cumulative					
6176	2026-06-05 18:04:14.237000+00:00	24946	cumulative					
6177	2026-06-05 18:05:45.569000+00:00	24947	cumulative					
6178	2026-06-05 18:07:17.084000+00:00	24948	cumulative					
6179	2026-06-05 18:08:48.033000+00:00	24948	cumulative					
6180	2026-06-05 18:11:07.558000+00:00	24951	cumulative					
6181	2026-06-05 18:12:44.803000+00:00	24953	cumulative					
6182	2026-06-05 18:12:50.483000+00:00	24956	cumulative					
6183	2026-06-05 18:15:03.566000+00:00	24958	cumulative					
6184	2026-06-05 18:16:32.614000+00:00	24958	cumulative					
6185	2026-06-05 18:18:34.511000+00:00	24959	cumulative					
6186	2026-06-05 18:19:59.233000+00:00	24962	cumulative					
6187	2026-06-05 18:21:44.022000+00:00	24965	cumulative					
6188	2026-06-05 18:23:18.025000+00:00	24965	cumulative					
6189	2026-06-05 18:24:46.530000+00:00	24968	cumulative					
6190	2026-06-05 18:25:58.550000+00:00	24971	cumulative					
6191	2026-06-05 18:28:32.836000+00:00	24972	cumulative					
6192	2026-06-05 18:30:11.868000+00:00	24980	cumulative					
6193	2026-06-05 18:31:58.690000+00:00	24981	cumulative					
6194	2026-06-14 19:39:40.159000+00:00	24982	cumulative					
6195	2026-06-14 19:45:40.557000+00:00	24982	cumulative					
6196	2026-06-14 19:46:57.256000+00:00	24983	cumulative					
6197	2026-06-14 19:48:07.350000+00:00	24986	cumulative					
6198	2026-06-14 19:50:35.817000+00:00	24988	cumulative					
6199	2026-06-14 19:55:43.732000+00:00	24988	cumulative					
6200	2026-06-14 20:00:19.928000+00:00	24991	cumulative					
6201	2026-06-14 20:02:02.017000+00:00	24991	cumulative					
6202	2026-06-14 20:03:31.458000+00:00	24992	cumulative					
6203	2026-06-14 20:04:57.789000+00:00	24992	cumulative					
6204	2026-06-14 20:06:49.543000+00:00	24992	cumulative					
6205	2026-06-14 20:08:14.823000+00:00	24993	cumulative					
6206	2026-06-14 20:09:55.247000+00:00	24993	cumulative					
6207	2026-06-14 20:10:33.527000+00:00	24995	cumulative					
6208	2026-06-15 09:32:54.832000+00:00	24997	cumulative					
6209	2026-06-15 09:33:59.462000+00:00	24997	cumulative					
6210	2026-06-15 09:35:29.490000+00:00	24998	cumulative					
6211	2026-06-15 09:37:11.367000+00:00	24998	cumulative					
6212	2026-06-15 09:38:46.039000+00:00	24998	cumulative					
6213	2026-06-15 09:40:53.881000+00:00	25000	cumulative					
6214	2026-06-15 09:42:19.906000+00:00	25001	cumulative					
6215	2026-06-15 09:43:51.059000+00:00	25003	cumulative					
6216	2026-06-15 09:45:04.690000+00:00	25005	cumulative					
6217	2026-06-15 09:45:41.170000+00:00	25005	cumulative					
6218	2026-06-15 09:47:15.566000+00:00	25008	cumulative					
6219	2026-06-15 09:49:56.932000+00:00	25009	cumulative					
6220	2026-06-15 09:51:33.474000+00:00	25009	cumulative					
6221	2026-06-15 09:53:16.608000+00:00	25012	cumulative					
6222	2026-06-15 09:54:41.988000+00:00	25013	cumulative					
6223	2026-06-15 09:55:25.395000+00:00	25014	cumulative					
6224	2026-06-15 09:57:04.465000+00:00	25014	cumulative					
6225	2026-06-15 09:58:53.592000+00:00	25015	cumulative					
6226	2026-06-15 10:00:52.196000+00:00	25019	cumulative					
6227	2026-06-15 10:01:38.814000+00:00	25019	cumulative					
6228	2026-06-15 10:04:01.147000+00:00	25020	cumulative					
6229	2026-06-15 10:05:27.654000+00:00	25023	cumulative					
6230	2026-06-15 10:06:19.002000+00:00	25023	cumulative					
6231	2026-06-15 10:08:46.897000+00:00	25025	cumulative					
6232	2026-06-15 10:09:43.700000+00:00	25027	cumulative					
6233	2026-06-15 10:11:54.846000+00:00	25029	cumulative					
6234	2026-06-15 10:13:20.550000+00:00	25035	cumulative					
6235	2026-06-15 10:15:07.660000+00:00	25037	cumulative					
6236	2026-06-15 10:16:46.550000+00:00	25037	cumulative					
6237	2026-06-15 10:18:35.064000+00:00	25038	cumulative					
6238	2026-06-15 10:19:22.537000+00:00	25040	cumulative					
6239	2026-06-15 10:21:56.180000+00:00	25042	cumulative					
6240	2026-06-15 10:22:51.765000+00:00	25044	cumulative					
6241	2026-06-15 10:24:49.891000+00:00	25045	cumulative					
6242	2026-06-15 10:26:03.598000+00:00	25045	cumulative					
6243	2026-06-15 10:28:12.907000+00:00	25049	cumulative					
6244	2026-06-15 10:29:39.258000+00:00	25050	cumulative					
6245	2026-06-15 10:30:31.968000+00:00	25050	cumulative					
6246	2026-06-15 10:31:59.168000+00:00	25050	cumulative					
6247	2026-06-15 10:34:22.377000+00:00	25051	cumulative					
6248	2026-06-15 17:45:58.631000+00:00	25052	cumulative					
6249	2026-06-15 17:48:35.575000+00:00	25053	cumulative					
6250	2026-06-15 17:50:09.215000+00:00	25053	cumulative					
6251	2026-06-15 17:51:48.878000+00:00	25053	cumulative					
6252	2026-06-15 17:53:21.964000+00:00	25054	cumulative					
6253	2026-06-15 17:54:48.483000+00:00	25054	cumulative					
6254	2026-06-15 17:57:04.607000+00:00	25054	cumulative					
6255	2026-06-15 17:58:31.620000+00:00	25054	cumulative					
6256	2026-06-15 18:00:15.635000+00:00	25054	cumulative					
6257	2026-06-15 18:01:48.633000+00:00	25058	cumulative					
6258	2026-06-15 18:04:44.978000+00:00	25063	cumulative					
6259	2026-06-15 18:06:24.362000+00:00	25064	cumulative					
6260	2026-06-15 18:11:01.214000+00:00	25064	cumulative					
6261	2026-06-15 18:13:02.266000+00:00	25064	cumulative					
6262	2026-06-15 18:14:05.999000+00:00	25065	cumulative					
6263	2026-06-15 18:16:05.397000+00:00	25065	cumulative					
6264	2026-06-15 18:17:18.561000+00:00	25065	cumulative					
6265	2026-06-15 18:19:02.995000+00:00	25065	cumulative					
6266	2026-06-15 18:20:29.970000+00:00	25065	cumulative					
6267	2026-06-15 18:22:07.076000+00:00	25066	cumulative					
6268	2026-06-15 18:23:40.444000+00:00	25066	cumulative					
6269	2026-06-15 18:25:11.360000+00:00	25067	cumulative					
6270	2026-06-15 18:26:41.043000+00:00	25067	cumulative					
6271	2026-06-15 18:28:23.769000+00:00	25068	cumulative					
6272	2026-06-15 18:30:01.044000+00:00	25068	cumulative					
6273	2026-06-15 18:31:28.130000+00:00	25072	cumulative					
6274	2026-06-15 18:32:56.838000+00:00	25074	cumulative					
6275	2026-06-15 18:34:22.392000+00:00	25075	cumulative					
6276	2026-06-15 18:35:49.707000+00:00	25077	cumulative					
6277	2026-06-15 18:38:20.389000+00:00	25077	cumulative					
6278	2026-06-15 18:39:46.336000+00:00	25078	cumulative					
6279	2026-06-15 18:40:56.570000+00:00	25078	cumulative					
6280	2026-06-15 18:42:43.090000+00:00	25089	cumulative					
6281	2026-06-15 18:44:08.427000+00:00	25089	cumulative					
6282	2026-06-15 18:45:32.985000+00:00	25093	cumulative					
6283	2026-06-15 18:46:58.669000+00:00	25096	cumulative					
6284	2026-06-15 18:48:21.907000+00:00	25102	cumulative					
6285	2026-06-15 18:49:51.931000+00:00	25104	cumulative					
6286	2026-06-15 18:51:08.722000+00:00	25107	cumulative					
6287	2026-06-15 18:52:45.023000+00:00	25107	cumulative					
6288	2026-06-15 18:54:09.290000+00:00	25107	cumulative					
6289	2026-06-15 18:55:02.094000+00:00	25108	cumulative					
6290	2026-06-15 18:57:02.854000+00:00	25109	cumulative					
6291	2026-06-15 18:58:58.996000+00:00	25114	cumulative					
6292	2026-06-15 19:00:30.757000+00:00	25114	cumulative					
6293	2026-06-15 19:16:56.876000+00:00	25114	cumulative					
6294	2026-06-15 19:21:55.124000+00:00	25114	cumulative					
6295	2026-06-15 19:25:24.668000+00:00	25115	cumulative					
6296	2026-06-15 19:27:04.211000+00:00	25118	cumulative					
6297	2026-06-15 19:28:50.889000+00:00	25118	cumulative					
6298	2026-06-15 19:30:44.077000+00:00	25122	cumulative					
6299	2026-06-15 19:36:25.719000+00:00	25123	cumulative					
6300	2026-06-15 19:40:03.573000+00:00	25123	cumulative					
6301	2026-06-15 19:42:55.884000+00:00	25125	cumulative					
6302	2026-06-15 19:44:43.734000+00:00	25125	cumulative					
6303	2026-06-15 19:47:20.963000+00:00	25127	cumulative					
6304	2026-06-15 19:57:49.319000+00:00	25127	cumulative					
6305	2026-06-15 20:33:28.110000+00:00	25127	cumulative					
6306	2026-06-15 20:34:54.333000+00:00	25129	cumulative					
6307	2026-06-15 20:36:18.886000+00:00	25130	cumulative					
6308	2026-06-15 20:37:43.221000+00:00	25130	cumulative					
6309	2026-06-15 20:39:07.080000+00:00	25132	cumulative					
6310	2026-06-15 20:40:18.998000+00:00	25133	cumulative					
6311	2026-06-15 20:41:53.781000+00:00	25136	cumulative					
6312	2026-06-15 20:43:27.131000+00:00	25137	cumulative					
6313	2026-06-15 20:48:59.597000+00:00	25140	cumulative					
6314	2026-06-15 20:50:52.509000+00:00	25140	cumulative					
6315	2026-06-15 20:52:17.759000+00:00	25143	cumulative					
6316	2026-06-15 20:53:52.444000+00:00	25145	cumulative					
6317	2026-06-15 20:54:53.068000+00:00	25152	cumulative					
6318	2026-06-15 20:56:54.125000+00:00	25152	cumulative					
6319	2026-06-15 20:58:20.618000+00:00	25154	cumulative					
6320	2026-06-15 20:59:55.881000+00:00	25154	cumulative					
6321	2026-06-15 20:59:59.149000+00:00	25155	cumulative					
6322	2026-06-15 21:01:27.901000+00:00	25156	cumulative					
6323	2026-06-15 21:01:31.193000+00:00	25156	cumulative					
6324	2026-06-15 21:03:23.781000+00:00	25157	cumulative					
6325	2026-06-15 21:07:20.377000+00:00	25157	cumulative					
6326	2026-06-15 21:08:44.537000+00:00	25162	cumulative					
6327	2026-06-15 21:10:09.307000+00:00	25165	cumulative					
6328	2026-06-15 22:25:23.227000+00:00	25165	cumulative					
6329	2026-06-15 22:27:06.576000+00:00	25168	cumulative					
6330	2026-06-15 22:29:07.851000+00:00	25170	cumulative					
6331	2026-06-15 22:30:41.575000+00:00	25173	cumulative					
6332	2026-06-15 22:32:15.729000+00:00	25176	cumulative					
6333	2026-06-15 22:35:15.683000+00:00	25176	cumulative					
6334	2026-06-15 22:36:56.775000+00:00	25178	cumulative					
6335	2026-06-15 22:42:39.488000+00:00	25180	cumulative					
6336	2026-06-15 22:46:33.855000+00:00	25180	cumulative					
6337	2026-06-15 22:49:49.950000+00:00	25182	cumulative					
6338	2026-06-15 22:51:30.630000+00:00	25183	cumulative					
6339	2026-06-15 22:53:00.960000+00:00	25185	cumulative					
6340	2026-06-15 22:54:45.185000+00:00	25185	cumulative					
6341	2026-06-15 22:55:59.923000+00:00	25185	cumulative					
6342	2026-06-15 22:57:26.726000+00:00	25187	cumulative					
6343	2026-06-15 22:59:30.268000+00:00	25188	cumulative					
6344	2026-06-15 23:00:54.822000+00:00	25192	cumulative					
6345	2026-06-15 23:11:50.305000+00:00	25193	cumulative					
6346	2026-06-15 23:13:16.258000+00:00	25193	cumulative					
6347	2026-06-15 23:14:41.434000+00:00	25195	cumulative					
6348	2026-06-15 23:16:11.292000+00:00	25198	cumulative					
6349	2026-06-15 23:16:43.029000+00:00	25199	cumulative					
6350	2026-06-15 23:18:19.647000+00:00	25205	cumulative					
6351	2026-06-15 23:21:05.553000+00:00	25206	cumulative					
6352	2026-06-15 23:27:09.699000+00:00	25210	cumulative					
6353	2026-06-15 23:59:02.506000+00:00	25211	cumulative					
6354	2026-06-16 00:01:51.226000+00:00	25213	cumulative					
6355	2026-06-16 00:03:34.775000+00:00	25214	cumulative					
6356	2026-06-16 00:05:39.634000+00:00	25214	cumulative					
6357	2026-06-16 00:17:40.891000+00:00	25214	cumulative					
6358	2026-06-16 00:29:07.319000+00:00	25214	cumulative					
6359	2026-06-16 00:38:00.404000+00:00	25214	cumulative					
6360	2026-06-16 00:39:26.800000+00:00	25214	cumulative					
6361	2026-06-16 00:40:51.673000+00:00	25214	cumulative					
6362	2026-06-16 00:42:50.125000+00:00	25216	cumulative					
6363	2026-06-16 00:44:49.181000+00:00	25217	cumulative					
6364	2026-06-16 00:49:12.778000+00:00	25219	cumulative					
6365	2026-06-16 00:50:37.034000+00:00	25219	cumulative					
6366	2026-06-16 00:52:03.105000+00:00	25219	cumulative					
6367	2026-06-16 00:53:46.543000+00:00	25220	cumulative					
6368	2026-06-16 00:55:14.799000+00:00	25221	cumulative					
6369	2026-06-16 00:56:47.815000+00:00	25223	cumulative					
6370	2026-06-16 00:58:13.650000+00:00	25223	cumulative					
6371	2026-06-16 00:59:56.610000+00:00	25223	cumulative					
6372	2026-06-16 01:01:01.934000+00:00	25227	cumulative					
6373	2026-06-16 01:34:15.912000+00:00	25228	cumulative					
6374	2026-06-16 01:37:39.732000+00:00	25231	cumulative					
6375	2026-06-16 01:39:11.825000+00:00	25231	cumulative					
6376	2026-06-16 01:40:36.852000+00:00	25233	cumulative					
6377	2026-06-16 01:42:01.536000+00:00	25235	cumulative					
6378	2026-06-16 01:56:42.403000+00:00	25235	cumulative					
6379	2026-06-16 01:59:48.435000+00:00	25236	cumulative					
6380	2026-06-16 02:26:14.905000+00:00	25236	cumulative					
6381	2026-06-16 02:30:11.576000+00:00	25236	cumulative					
6382	2026-06-16 02:31:46.609000+00:00	25236	cumulative					
6383	2026-06-16 02:35:34.179000+00:00	25236	cumulative					
6384	2026-06-16 02:37:44.094000+00:00	25236	cumulative					
6385	2026-06-16 04:04:34.929000+00:00	25243	cumulative					
6386	2026-06-16 04:05:58.683000+00:00	25243	cumulative					
6387	2026-06-16 04:09:04.348000+00:00	25243	cumulative					
6388	2026-06-16 04:11:14.511000+00:00	25245	cumulative					
6389	2026-06-16 15:58:52.072000+00:00	25246	cumulative					
6390	2026-06-16 16:00:29.603000+00:00	25247	cumulative					
6391	2026-06-16 16:03:58.616000+00:00	25248	cumulative					
6392	2026-06-16 16:05:26.766000+00:00	25251	cumulative					
6393	2026-06-16 16:06:52.485000+00:00	25252	cumulative					
6394	2026-06-16 16:08:24.094000+00:00	25253	cumulative					
6395	2026-06-16 20:24:43.103000+00:00	25254	cumulative					
6396	2026-06-18 05:27:35.224000+00:00	25254	cumulative					
6397	2026-06-18 16:12:52.095000+00:00	25254	cumulative					
6398	2026-06-18 16:14:42.605000+00:00	25254	cumulative					
6399	2026-06-18 16:18:00.827000+00:00	25254	cumulative					
6400	2026-06-18 16:21:36.642000+00:00	25255	cumulative					
6401	2026-06-18 16:23:02.113000+00:00	25262	cumulative					
6402	2026-06-18 16:24:21.503000+00:00	25264	cumulative					
6403	2026-06-18 16:25:48.970000+00:00	25267	cumulative					
6404	2026-06-18 16:26:08.692000+00:00	25267	cumulative					
6405	2026-06-18 16:28:15.227000+00:00	25268	cumulative					
6406	2026-06-19 18:08:08.284000+00:00	25269	cumulative					
6407	2026-06-19 18:14:06.229000+00:00	25272	cumulative					
6408	2026-06-19 18:15:41.720000+00:00	25272	cumulative					
6409	2026-06-19 18:17:10.454000+00:00	25272	cumulative					
6410	2026-06-19 18:18:36.687000+00:00	25272	cumulative					
6411	2026-06-19 18:20:18.442000+00:00	25273	cumulative					
6412	2026-06-19 18:21:38.263000+00:00	25274	cumulative					
6413	2026-06-19 18:23:06.306000+00:00	25275	cumulative					
6414	2026-06-19 18:24:44.721000+00:00	25276	cumulative					
6415	2026-06-19 18:26:23.527000+00:00	25277	cumulative					
6416	2026-06-19 18:27:57.772000+00:00	25280	cumulative					
6417	2026-06-19 18:28:55.079000+00:00	25280	cumulative					
6418	2026-06-19 18:31:12.429000+00:00	25280	cumulative					
6419	2026-06-19 18:32:10.766000+00:00	25281	cumulative					
6420	2026-06-19 18:34:24.872000+00:00	25281	cumulative					
6421	2026-06-19 18:35:59.716000+00:00	25282	cumulative					
6422	2026-06-19 18:37:13.928000+00:00	25285	cumulative					
6423	2026-06-19 18:38:59.259000+00:00	25286	cumulative					
6424	2026-06-19 19:40:07.509000+00:00	25287	cumulative					
6425	2026-06-19 19:41:34.978000+00:00	25288	cumulative					
6426	2026-06-19 19:43:00.247000+00:00	25289	cumulative					
6427	2026-06-19 19:44:29.270000+00:00	25292	cumulative					
6428	2026-06-19 21:04:28.579000+00:00	25292	cumulative					
6429	2026-06-19 21:07:07.487000+00:00	25294	cumulative					
6430	2026-06-19 21:08:33.930000+00:00	25296	cumulative					
6431	2026-06-19 21:10:06.389000+00:00	25297	cumulative					
6432	2026-06-19 21:11:37.258000+00:00	25300	cumulative					
6433	2026-06-19 21:13:06.201000+00:00	25302	cumulative					
6434	2026-06-19 21:14:24.316000+00:00	25302	cumulative					
6435	2026-06-19 21:15:58.087000+00:00	25308	cumulative					
6436	2026-06-19 21:17:45.630000+00:00	25314	cumulative					
6437	2026-06-19 21:18:44.466000+00:00	25314	cumulative					
6438	2026-06-19 21:20:34.328000+00:00	25315	cumulative					
6439	2026-06-19 22:09:26.338000+00:00	25315	cumulative					
6440	2026-06-20 00:52:34.685000+00:00	25317	cumulative					
6441	2026-06-20 01:03:57.973000+00:00	25321	cumulative					
6442	2026-06-20 01:51:06.601000+00:00	25325	cumulative					
6443	2026-06-20 03:19:32.945000+00:00	25327	cumulative					
6444	2026-06-20 03:24:12.209000+00:00	25327	cumulative					
6445	2026-06-20 03:47:07.587000+00:00	25331	cumulative					
6446	2026-06-20 04:39:51.861000+00:00	25331	cumulative					
6447	2026-06-20 04:41:19.408000+00:00	25333	cumulative					
6448	2026-06-20 04:42:46.468000+00:00	25333	cumulative					
6449	2026-06-20 04:45:39.358000+00:00	25334	cumulative					
6450	2026-06-20 04:47:16.399000+00:00	25335	cumulative					
6451	2026-06-20 07:54:36.693000+00:00	25338	cumulative					
6452	2026-06-20 08:07:36.728000+00:00	25343	cumulative					
6453	2026-06-20 08:13:06.361000+00:00	25343	cumulative					
6454	2026-06-20 08:17:18.819000+00:00	25343	cumulative					
6455	2026-06-20 08:32:36.276000+00:00	25347	cumulative					
6456	2026-06-20 18:28:19.058000+00:00	25354	cumulative					
6457	2026-06-20 18:29:11.842000+00:00	25355	cumulative					
6458	2026-06-20 18:31:19.993000+00:00	25357	cumulative					
6459	2026-06-20 18:39:33.509000+00:00	25359	cumulative					
6460	2026-06-20 18:42:06.810000+00:00	25359	cumulative					
6461	2026-06-21 09:50:26.450000+00:00	25360	cumulative					
6462	2026-06-21 09:52:15.071000+00:00	25360	cumulative					
6463	2026-06-21 09:54:41.940000+00:00	25363	cumulative					
6464	2026-06-21 09:56:08+00:00	25363	cumulative					
6465	2026-06-21 18:33:14.410000+00:00	25373	cumulative					
6466	2026-06-21 18:41:22.790000+00:00	25375	cumulative					
6467	2026-06-21 18:49:49.068000+00:00	25375	cumulative					
6468	2026-06-21 18:53:08.614000+00:00	25377	cumulative					
6469	2026-06-21 18:56:26.705000+00:00	25377	cumulative					
6470	2026-06-21 18:57:52.010000+00:00	25379	cumulative					
6471	2026-06-21 18:59:17.012000+00:00	25379	cumulative					
6472	2026-06-21 19:00:44.007000+00:00	25381	cumulative					
6473	2026-06-21 19:02:09.089000+00:00	25382	cumulative					
6474	2026-06-21 19:03:47.553000+00:00	25387	cumulative					
6475	2026-06-21 19:05:14.342000+00:00	25388	cumulative					
6476	2026-06-21 19:06:41.291000+00:00	25389	cumulative					
6477	2026-06-21 19:07:34.801000+00:00	25393	cumulative					
6478	2026-06-21 19:09:33.040000+00:00	25395	cumulative					
6479	2026-06-21 20:03:47.015000+00:00	25395	cumulative					
6480	2026-06-21 20:07:21.883000+00:00	25396	cumulative					
6481	2026-06-21 20:10:02.032000+00:00	25399	cumulative					
6482	2026-06-21 20:13:51.002000+00:00	25400	cumulative					
6483	2026-06-21 20:14:46.586000+00:00	25402	cumulative					
6484	2026-06-21 20:16:35.621000+00:00	25402	cumulative					
6485	2026-06-21 20:18:13.694000+00:00	25402	cumulative					
6486	2026-06-21 20:19:22.796000+00:00	25404	cumulative					
6487	2026-06-21 20:21:04.161000+00:00	25406	cumulative					
6488	2026-06-21 20:21:20.849000+00:00	25407	cumulative					
6489	2026-06-21 20:27:46.724000+00:00	25407	cumulative					
6490	2026-06-22 04:55:43.606000+00:00	25414	cumulative					
6491	2026-06-22 04:58:26.199000+00:00	25416	cumulative					
6492	2026-06-22 06:39:19.891000+00:00	25416	cumulative					
6493	2026-06-22 06:52:21.996000+00:00	25416	cumulative					
6494	2026-06-22 06:57:06.183000+00:00	25416	cumulative					
6495	2026-06-22 06:58:40.243000+00:00	25416	cumulative					
6496	2026-06-22 07:00:34.616000+00:00	25416	cumulative					
6497	2026-06-22 07:02:01.493000+00:00	25418	cumulative					
6498	2026-06-22 07:03:32.459000+00:00	25418	cumulative					
6499	2026-06-22 07:05:14.816000+00:00	25418	cumulative					
6500	2026-06-22 07:06:43.237000+00:00	25418	cumulative					
6501	2026-06-22 16:45:39.082000+00:00	25422	cumulative					
6502	2026-06-22 16:47:10.348000+00:00	25422	cumulative					
6503	2026-06-22 16:48:55.165000+00:00	25422	cumulative					
6504	2026-06-22 16:50:31.837000+00:00	25426	cumulative					
6505	2026-06-22 16:52:10.047000+00:00	25427	cumulative					
6506	2026-06-22 16:53:39.631000+00:00	25429	cumulative					
6507	2026-06-22 16:55:17.115000+00:00	25430	cumulative					
6508	2026-06-22 16:56:48.449000+00:00	25435	cumulative					
6509	2026-06-22 16:57:54.530000+00:00	25436	cumulative					
6510	2026-06-22 16:59:57.518000+00:00	25440	cumulative					
6511	2026-06-22 17:00:31.150000+00:00	25443	cumulative					
6512	2026-06-22 17:01:56.440000+00:00	25446	cumulative					
6513	2026-06-22 18:36:04.442000+00:00	25449	cumulative					
6514	2026-06-22 18:38:38.100000+00:00	25450	cumulative					
6515	2026-06-22 18:44:18.518000+00:00	25455	cumulative					
6516	2026-06-23 05:06:11.066000+00:00	25455	cumulative					
6517	2026-06-23 05:09:55.132000+00:00	25457	cumulative					
6518	2026-06-23 12:48:24.009000+00:00	25457	cumulative					
6519	2026-06-23 20:22:49.778000+00:00	25458	cumulative					
6520	2026-06-26 20:03:14.827000+00:00	25459	cumulative					
6521	2026-06-26 20:03:32.787000+00:00	25460	cumulative					
6522	2026-06-26 20:04:56.243000+00:00	25460	cumulative					
6523	2026-06-26 20:06:09.799000+00:00	25460	cumulative					
6524	2026-06-26 20:08:56.859000+00:00	25462	cumulative					
6525	2026-06-26 20:10:42.209000+00:00	25466	cumulative					
6526	2026-06-26 20:11:16.935000+00:00	25466	cumulative					
6527	2026-06-26 20:12:12.623000+00:00	25468	cumulative					
6528	2026-06-26 20:12:41.218000+00:00	25471	cumulative					
6529	2026-06-26 20:15:58.577000+00:00	25472	cumulative					
6530	2026-06-26 20:17:57.197000+00:00	25472	cumulative					
6531	2026-06-26 20:21:16.153000+00:00	25472	cumulative					
6532	2026-06-26 20:28:52.951000+00:00	25474	cumulative					
6533	2026-06-26 20:31:34.644000+00:00	25475	cumulative					
6534	2026-06-26 20:33:00.415000+00:00	25475	cumulative					
6535	2026-06-26 20:34:16.293000+00:00	25475	cumulative					
6536	2026-06-26 20:46:23.597000+00:00	25476	cumulative					
6537	2026-06-26 20:48:02.759000+00:00	25477	cumulative					
6538	2026-06-26 20:49:22.295000+00:00	25487	cumulative					
6539	2026-06-26 20:50:02.800000+00:00	25488	cumulative					
6540	2026-06-26 20:53:54.583000+00:00	25488	cumulative					
6541	2026-06-26 20:55:18.292000+00:00	25493	cumulative					
6542	2026-06-26 20:56:51.935000+00:00	25496	cumulative					
6543	2026-06-27 03:22:00.517000+00:00	25496	cumulative					
6544	2026-06-27 03:23:36.393000+00:00	25501	cumulative					
6545	2026-06-27 03:25:07.345000+00:00	25501	cumulative					
6546	2026-06-27 03:26:33.262000+00:00	25501	cumulative					
6547	2026-06-27 03:28:00.348000+00:00	25503	cumulative					
6548	2026-06-27 03:44:00.045000+00:00	25504	cumulative					
6549	2026-06-27 03:45:25.903000+00:00	25505	cumulative					
6550	2026-06-27 20:11:55.560000+00:00	25507	cumulative					
6551	2026-06-27 20:13:33.901000+00:00	25510	cumulative					
6552	2026-06-27 20:14:12.114000+00:00	25510	cumulative					
6553	2026-06-27 20:16:30.821000+00:00	25513	cumulative					
6554	2026-06-27 20:18:03.213000+00:00	25514	cumulative					
6555	2026-07-04 17:53:34.615000+00:00	25515	cumulative					
6556	2026-07-04 17:55:36.602000+00:00	25518	cumulative					
6557	2026-07-04 17:57:12.602000+00:00	25520	cumulative					
6558	2026-07-04 17:58:51.423000+00:00	25521	cumulative					
6559	2026-07-05 07:32:24.763000+00:00	25521	cumulative					
6560	2026-07-05 07:41:48.285000+00:00	25521	cumulative					
6561	2026-07-05 07:45:21.755000+00:00	25521	cumulative					
6562	2026-07-05 08:07:54.006000+00:00	25521	cumulative					
6563	2026-07-06 18:02:53.226000+00:00	25522	cumulative					
6564	2026-07-06 18:13:40.538000+00:00	25522	cumulative					
6565	2026-07-06 18:15:24.575000+00:00	25522	cumulative					
6566	2026-07-06 18:16:37.273000+00:00	25523	cumulative					
6567	2026-07-06 18:18:31.351000+00:00	25523	cumulative					
6568	2026-07-06 18:20:38.612000+00:00	25523	cumulative					
6569	2026-07-06 18:22:39.425000+00:00	25523	cumulative					
6570	2026-07-06 18:24:20.724000+00:00	25523	cumulative					
6571	2026-07-06 18:26:08.548000+00:00	25523	cumulative					
6572	2026-07-06 18:27:39.232000+00:00	25525	cumulative					
6573	2026-07-06 18:31:20.324000+00:00	25526	cumulative					
6574	2026-07-06 18:32:55.194000+00:00	25527	cumulative					
6575	2026-07-06 18:33:50.446000+00:00	25530	cumulative					
6576	2026-07-06 18:35:59.441000+00:00	25541	cumulative					
6577	2026-07-06 18:37:00.051000+00:00	25541	cumulative					
6578	2026-07-06 18:39:17.451000+00:00	25543	cumulative					
6579	2026-07-06 18:41:33.177000+00:00	25543	cumulative					
6580	2026-07-06 18:43:14.456000+00:00	25545	cumulative					
6581	2026-07-06 18:45:00.287000+00:00	25548	cumulative					
6582	2026-07-06 18:46:38.963000+00:00	25549	cumulative					
6583	2026-07-06 23:48:30.698000+00:00	25550	cumulative					
6584	2026-07-06 23:49:56.609000+00:00	25551	cumulative					
6585	2026-07-06 23:51:01.598000+00:00	25555	cumulative					
6586	2026-07-06 23:53:14.022000+00:00	25555	cumulative					
6587	2026-07-06 23:54:49.521000+00:00	25556	cumulative					
6588	2026-07-06 23:56:38.496000+00:00	25559	cumulative					
6589	2026-07-06 23:58:05.427000+00:00	25562	cumulative					
6590	2026-07-06 23:59:39.263000+00:00	25562	cumulative					
6591	2026-07-07 00:06:35.877000+00:00	25564	cumulative					
6592	2026-07-07 17:17:27.117000+00:00	25565	cumulative					
6593	2026-07-07 17:18:54.556000+00:00	25566	cumulative					
6594	2026-07-07 17:23:22.714000+00:00	25568	cumulative					
6595	2026-07-07 17:26:07.397000+00:00	25577	cumulative					
6596	2026-07-07 17:27:40.118000+00:00	25577	cumulative					
6597	2026-07-07 17:29:38.174000+00:00	25579	cumulative					
6598	2026-07-07 17:31:04.508000+00:00	25579	cumulative					
6599	2026-07-07 17:34:39.582000+00:00	25579	cumulative					
6600	2026-07-07 17:44:40.327000+00:00	25580	cumulative					
6601	2026-07-07 17:46:31.852000+00:00	25584	cumulative					
6602	2026-07-07 20:36:24.590000+00:00	25587	cumulative					
6603	2026-07-07 20:37:51.767000+00:00	25587	cumulative					
6604	2026-07-07 23:16:20.825000+00:00	25589	cumulative					
6605	2026-07-07 23:39:34.654000+00:00	25595	cumulative					
6606	2026-07-08 05:19:25.802000+00:00	25596	cumulative					
6607	2026-07-08 05:20:50.279000+00:00	25596	cumulative					
6608	2026-07-08 05:22:29.084000+00:00	25596	cumulative					
6609	2026-07-08 05:24:02.257000+00:00	25596	cumulative					
6610	2026-07-08 05:26:15.051000+00:00	25596	cumulative					
6611	2026-07-08 05:28:56.945000+00:00	25598	cumulative					
6612	2026-07-08 05:30:27.696000+00:00	25599	cumulative					
6613	2026-07-08 05:31:33.297000+00:00	25606	cumulative					
6614	2026-07-08 05:32:59.456000+00:00	25606	cumulative					
6615	2026-07-08 05:34:59.562000+00:00	25608	cumulative					
6616	2026-07-08 05:40:16.704000+00:00	25608	cumulative					
6617	2026-07-08 05:43:57.017000+00:00	25612	cumulative					
6618	2026-07-08 05:51:39.174000+00:00	25612	cumulative					
6619	2026-07-08 05:54:02.232000+00:00	25614	cumulative					
6620	2026-07-08 05:59:03.949000+00:00	25617	cumulative					
6621	2026-07-08 06:00:51.021000+00:00	25617	cumulative					
6622	2026-07-08 06:05:14.061000+00:00	25617	cumulative					
6623	2026-07-08 06:07:05.999000+00:00	25621	cumulative					
6624	2026-07-08 06:10:29.863000+00:00	25629	cumulative					
6625	2026-07-08 06:12:42.418000+00:00	25630	cumulative					
6626	2026-07-08 06:16:21.035000+00:00	25633	cumulative					
6627	2026-07-08 06:17:54.049000+00:00	25634	cumulative					
6628	2026-07-08 06:21:02.261000+00:00	25634	cumulative					
6629	2026-07-08 06:23:57.052000+00:00	25639	cumulative					
6630	2026-07-08 06:27:42.870000+00:00	25640	cumulative					
6631	2026-07-08 06:29:23.737000+00:00	25640	cumulative					
6632	2026-07-08 06:30:56.920000+00:00	25640	cumulative					
6633	2026-07-08 06:32:26.639000+00:00	25640	cumulative					
6634	2026-07-08 06:34:01.980000+00:00	25641	cumulative					
6635	2026-07-08 06:35:30.228000+00:00	25644	cumulative					
6636	2026-07-08 06:36:56.940000+00:00	25647	cumulative					
6637	2026-07-08 06:38:24.926000+00:00	25651	cumulative					
6638	2026-07-08 06:39:55.332000+00:00	25652	cumulative					
6639	2026-07-08 06:42:25.258000+00:00	25652	cumulative					
6640	2026-07-08 06:43:50.351000+00:00	25653	cumulative					
6641	2026-07-08 06:45:24.366000+00:00	25655	cumulative					
6642	2026-07-08 06:47:00.351000+00:00	25658	cumulative					
6643	2026-07-08 16:46:23.150000+00:00	25659	cumulative					
6644	2026-07-09 16:09:12.725000+00:00	25659	cumulative					
6645	2026-07-09 16:11:22.671000+00:00	25660	cumulative					
6646	2026-07-09 16:13:47.358000+00:00	25665	cumulative					
6647	2026-07-09 16:15:35.802000+00:00	25667	cumulative					
6648	2026-07-09 16:15:57.315000+00:00	25671	cumulative					
6649	2026-07-09 16:18:45.168000+00:00	25672	cumulative					
6650	2026-07-09 16:20:13.774000+00:00	25672	cumulative					
6651	2026-07-09 16:21:45.804000+00:00	25672	cumulative					
6652	2026-07-09 16:23:09.930000+00:00	25672	cumulative					
6653	2026-07-09 16:25:05.566000+00:00	25674	cumulative					
6654	2026-07-09 16:35:27.016000+00:00	25680	cumulative					
6655	2026-07-09 16:37:01.846000+00:00	25680	cumulative					
6656	2026-07-09 16:38:27.827000+00:00	25681	cumulative					
6657	2026-07-09 16:40:15.668000+00:00	25685	cumulative					
6658	2026-07-09 16:56:06.678000+00:00	25685	cumulative					
6659	2026-07-09 17:02:19.219000+00:00	25696	cumulative					
6660	2026-07-10 05:31:59.786000+00:00	25700	cumulative					
6661	2026-07-10 05:42:51.380000+00:00	25700	cumulative					
6662	2026-07-10 05:44:38.859000+00:00	25702	cumulative					
6663	2026-07-10 05:46:25.813000+00:00	25704	cumulative					
6664	2026-07-10 05:48:06.605000+00:00	25704	cumulative					
6665	2026-07-10 05:49:36.800000+00:00	25704	cumulative					
6666	2026-07-10 05:51:03.722000+00:00	25704	cumulative					
6667	2026-07-10 05:52:36.775000+00:00	25706	cumulative					
6668	2026-07-10 05:54:05.933000+00:00	25707	cumulative					
6669	2026-07-10 05:55:45.660000+00:00	25707	cumulative					
6670	2026-07-10 05:57:26.756000+00:00	25707	cumulative					
6671	2026-07-10 17:18:52.891000+00:00	25707	cumulative					
6672	2026-07-10 17:20:17.693000+00:00	25708	cumulative					
6673	2026-07-10 17:23:30.176000+00:00	25708	cumulative					
6674	2026-07-10 17:24:56.192000+00:00	25712	cumulative					
6675	2026-07-10 17:26:38.116000+00:00	25713	cumulative					
6676	2026-07-10 17:28:28.565000+00:00	25713	cumulative					
6677	2026-07-10 17:29:57.352000+00:00	25713	cumulative					
6678	2026-07-10 17:32:00.495000+00:00	25713	cumulative					
6679	2026-07-10 17:33:52.315000+00:00	25713	cumulative					
6680	2026-07-10 17:42:30.968000+00:00	25713	cumulative					
6681	2026-07-10 17:45:59.755000+00:00	25714	cumulative					
6682	2026-07-10 17:47:35.242000+00:00	25720	cumulative					
6683	2026-07-10 17:48:04.006000+00:00	25721	cumulative					
6684	2026-07-10 17:50:42.626000+00:00	25722	cumulative					
6685	2026-07-10 17:52:07.224000+00:00	25725	cumulative					
6686	2026-07-10 17:53:38.552000+00:00	25725	cumulative					
6687	2026-07-10 17:54:51.696000+00:00	25727	cumulative					
6688	2026-07-10 17:56:31.382000+00:00	25727	cumulative					
6689	2026-07-10 17:57:56.047000+00:00	25729	cumulative					
6690	2026-07-10 17:59:20.941000+00:00	25729	cumulative					
6691	2026-07-10 18:02:16.834000+00:00	25731	cumulative					
6692	2026-07-10 18:06:32.146000+00:00	25732	cumulative					
6693	2026-07-10 18:06:56.061000+00:00	25733	cumulative					
6694	2026-07-10 18:09:48.175000+00:00	25734	cumulative					
6695	2026-07-10 18:09:57.721000+00:00	25736	cumulative					
6696	2026-07-10 18:13:25.703000+00:00	25738	cumulative					
6697	2026-07-10 18:14:37.821000+00:00	25740	cumulative					
6698	2026-07-10 18:15:11.581000+00:00	25741	cumulative					
6699	2026-07-10 18:16:43.263000+00:00	25745	cumulative					
6700	2026-07-10 18:20:36.832000+00:00	25748	cumulative					
6701	2026-07-10 18:22:23.996000+00:00	25750	cumulative					
6702	2026-07-10 18:24:11.924000+00:00	25752	cumulative					
6703	2026-07-10 18:26:22.685000+00:00	25755	cumulative					
6704	2026-07-10 18:27:34.900000+00:00	25755	cumulative					
6705	2026-07-10 18:29:02.981000+00:00	25756	cumulative					
6706	2026-07-10 18:31:18.602000+00:00	25756	cumulative					
6707	2026-07-10 18:39:35.777000+00:00	25757	cumulative					
6708	2026-07-10 18:45:42.923000+00:00	25761	cumulative					
6709	2026-07-10 18:48:57.266000+00:00	25761	cumulative					
6710	2026-07-10 18:50:42.058000+00:00	25767	cumulative					
6711	2026-07-10 18:51:54.126000+00:00	25767	cumulative					
6712	2026-07-10 18:53:53.203000+00:00	25767	cumulative					
6713	2026-07-10 21:03:33.616000+00:00	25768	cumulative					
6715	2026-07-10 23:05:30.275000+00:00	25769	cumulative					
6716	2026-07-10 23:30:02.920000+00:00	25771	cumulative					
6717	2026-07-10 23:41:12.587000+00:00	25771	cumulative					
6718	2026-07-10 23:42:46.687000+00:00	25771	cumulative					
6719	2026-07-10 23:45:03.044000+00:00	25774	cumulative					
6720	2026-07-10 23:46:42.937000+00:00	25774	cumulative					
6721	2026-07-10 23:46:47.972000+00:00	25776	cumulative					
6722	2026-07-10 23:49:43.304000+00:00	25778	cumulative					
6723	2026-07-10 23:51:39.800000+00:00	25778	cumulative					
6724	2026-07-10 23:51:45.716000+00:00	25778	cumulative					
6725	2026-07-11 05:17:55.655000+00:00	25780	cumulative					
6726	2026-07-11 05:50:25.754000+00:00	25781	cumulative					
6727	2026-07-11 05:51:52.924000+00:00	25785	cumulative					
6728	2026-07-11 06:09:39.988000+00:00	25787	cumulative					
6729	2026-07-11 17:55:29.531000+00:00	25788	cumulative					
6730	2026-07-11 17:58:51.712000+00:00	25791	cumulative					
6731	2026-07-11 18:00:19.097000+00:00	25793	cumulative					
6732	2026-07-11 18:03:39.010000+00:00	25794	cumulative					
6733	2026-07-11 18:05:05.842000+00:00	25794	cumulative					
6734	2026-07-11 18:05:44.140000+00:00	25795	cumulative					
6735	2026-07-11 18:07:09.260000+00:00	25796	cumulative					
6736	2026-07-12 01:05:00.415000+00:00	25796	cumulative					
6737	2026-07-12 01:06:00.426000+00:00	25797	cumulative					
6738	2026-07-12 03:20:27.952000+00:00	25797	cumulative					
6739	2026-07-12 03:22:36.863000+00:00	25798	cumulative					
6740	2026-07-12 03:25:11.660000+00:00	25799	cumulative					
6741	2026-07-12 03:25:31.143000+00:00	25804	cumulative					
6742	2026-07-12 03:26:44.253000+00:00	25806	cumulative					
6743	2026-07-12 03:30:10.773000+00:00	25806	cumulative					
6744	2026-07-12 03:31:41.736000+00:00	25807	cumulative					
6745	2026-07-12 03:33:36.873000+00:00	25808	cumulative					
6746	2026-07-12 03:34:45.464000+00:00	25808	cumulative					
6747	2026-07-12 03:39:04.090000+00:00	25808	cumulative					
6748	2026-07-12 03:42:41.189000+00:00	25808	cumulative					
6749	2026-07-12 03:44:12.153000+00:00	25811	cumulative					
6750	2026-07-12 03:45:35.584000+00:00	25811	cumulative					
6751	2026-07-12 03:47:12.486000+00:00	25812	cumulative					
6752	2026-07-12 03:48:57.436000+00:00	25812	cumulative					
6753	2026-07-12 03:49:40.416000+00:00	25812	cumulative					
6754	2026-07-12 03:52:13.588000+00:00	25812	cumulative					
6755	2026-07-12 03:53:07.749000+00:00	25815	cumulative					
6756	2026-07-12 03:55:04.507000+00:00	25816	cumulative					
6757	2026-07-12 03:56:08.866000+00:00	25816	cumulative					
6758	2026-07-12 03:57:55.260000+00:00	25817	cumulative					
6759	2026-07-12 03:58:39.948000+00:00	25820	cumulative					
6760	2026-07-12 04:01:31.629000+00:00	25821	cumulative					
6761	2026-07-12 04:03:22.869000+00:00	25821	cumulative					
6762	2026-07-12 04:04:53.330000+00:00	25821	cumulative					
6763	2026-07-12 04:07:01.775000+00:00	25826	cumulative					
6764	2026-07-12 04:08:43.681000+00:00	25828	cumulative					
6765	2026-07-12 04:09:50.988000+00:00	25829	cumulative					
6766	2026-07-12 04:12:37.532000+00:00	25831	cumulative					
6767	2026-07-12 04:14:32.597000+00:00	25833	cumulative					
6768	2026-07-12 04:16:01.526000+00:00	25833	cumulative					
6769	2026-07-12 04:17:21.973000+00:00	25834	cumulative					
6770	2026-07-12 04:19:39.413000+00:00	25834	cumulative					
6771	2026-07-12 04:21:12.031000+00:00	25834	cumulative					
6772	2026-07-12 04:22:48.835000+00:00	25834	cumulative					
6773	2026-07-12 04:24:20.370000+00:00	25836	cumulative					
6774	2026-07-12 04:25:51.693000+00:00	25844	cumulative					
6775	2026-07-12 04:26:49.974000+00:00	25845	cumulative					
6776	2026-07-12 04:29:10.539000+00:00	25847	cumulative					
6777	2026-07-12 04:30:49.676000+00:00	25849	cumulative					
6778	2026-07-12 04:34:02.598000+00:00	25850	cumulative					
6779	2026-07-12 04:36:14.260000+00:00	25850	cumulative					
6780	2026-07-12 04:38:10.465000+00:00	25850	cumulative					
6781	2026-07-12 04:39:52.039000+00:00	25858	cumulative					
6782	2026-07-12 04:41:26.843000+00:00	25862	cumulative					
6783	2026-07-12 04:42:53.016000+00:00	25865	cumulative					
6784	2026-07-12 04:44:17.863000+00:00	25875	cumulative					
6785	2026-07-12 04:45:49.217000+00:00	25877	cumulative					
6786	2026-07-12 04:47:20.220000+00:00	25877	cumulative					
6787	2026-07-12 04:48:49.737000+00:00	25878	cumulative					
6788	2026-07-12 04:51:27.803000+00:00	25882	cumulative					
6789	2026-07-12 04:53:05.405000+00:00	25883	cumulative					
6790	2026-07-12 04:54:44.628000+00:00	25885	cumulative					
6791	2026-07-12 04:56:34.317000+00:00	25885	cumulative					
6792	2026-07-12 04:58:10.848000+00:00	25885	cumulative					
6793	2026-07-12 06:14:39.447000+00:00	25890	cumulative					
6794	2026-07-12 06:17:19.684000+00:00	25892	cumulative					
6795	2026-07-12 06:17:37.519000+00:00	25892	cumulative					
6796	2026-07-12 06:20:18.703000+00:00	25892	cumulative					
6797	2026-07-12 06:20:29.502000+00:00	25893	cumulative					
6798	2026-07-12 06:40:18.436000+00:00	25894	cumulative					
6799	2026-07-12 06:42:55.892000+00:00	25894	cumulative					
6800	2026-07-12 06:51:51.629000+00:00	25894	cumulative					
6801	2026-07-12 07:18:02.377000+00:00	25899	cumulative					
6802	2026-07-12 07:19:37.481000+00:00	25899	cumulative					
6803	2026-07-12 07:35:55.687000+00:00	25899	cumulative					
6804	2026-07-12 07:37:03.439000+00:00	25903	cumulative					
6805	2026-07-12 07:39:18.454000+00:00	25907	cumulative					
6806	2026-07-12 07:41:13.774000+00:00	25907	cumulative					
6807	2026-07-12 07:42:50.530000+00:00	25909	cumulative					
6808	2026-07-12 07:44:54.964000+00:00	25910	cumulative					
6809	2026-07-12 07:46:39.281000+00:00	25911	cumulative					
6810	2026-07-12 07:48:11.313000+00:00	25912	cumulative					
6811	2026-07-12 07:49:59.066000+00:00	25914	cumulative					
6812	2026-07-12 07:50:52.963000+00:00	25914	cumulative					
6813	2026-07-12 07:52:50.480000+00:00	25916	cumulative					
6814	2026-07-12 07:54:21.474000+00:00	25918	cumulative					
6815	2026-07-12 07:56:41.809000+00:00	25919	cumulative					
6816	2026-07-12 07:58:11.384000+00:00	25922	cumulative					
6817	2026-07-12 07:59:46.388000+00:00	25922	cumulative					
6818	2026-07-12 08:01:32.849000+00:00	25922	cumulative					
6819	2026-07-12 08:03:21.199000+00:00	25923	cumulative					
6820	2026-07-12 08:04:52.525000+00:00	25927	cumulative					
6821	2026-07-12 08:07:01.796000+00:00	25927	cumulative					
6822	2026-07-12 08:08:28.641000+00:00	25934	cumulative					
6823	2026-07-12 08:10:20.792000+00:00	25937	cumulative					
6824	2026-07-12 08:11:56.819000+00:00	25938	cumulative					
6825	2026-07-12 08:13:44.035000+00:00	25938	cumulative					
6826	2026-07-12 08:18:43.706000+00:00	25938	cumulative					
6827	2026-07-12 08:20:09.172000+00:00	25939	cumulative					
6828	2026-07-12 08:26:16.378000+00:00	25942	cumulative					
6829	2026-07-12 08:27:42.955000+00:00	25949	cumulative					
6830	2026-07-12 08:47:40.282000+00:00	25950	cumulative					
6831	2026-07-12 08:48:24.257000+00:00	25951	cumulative					
6832	2026-07-12 08:49:16.284000+00:00	25951	cumulative					
6833	2026-07-12 17:25:07.689000+00:00	25955	cumulative					
6834	2026-07-12 17:26:54.419000+00:00	25955	cumulative					
6835	2026-07-12 17:28:25.439000+00:00	25955	cumulative					
6836	2026-07-12 17:29:41.623000+00:00	25955	cumulative					
6837	2026-07-12 17:31:15.240000+00:00	25956	cumulative					
6838	2026-07-12 17:32:40.753000+00:00	25956	cumulative					
6839	2026-07-12 17:34:29.959000+00:00	25956	cumulative					
6840	2026-07-12 17:35:55.809000+00:00	25958	cumulative					
6841	2026-07-12 17:36:58.188000+00:00	25962	cumulative					
6842	2026-07-12 17:38:26.149000+00:00	25962	cumulative					
6843	2026-07-12 17:39:54.008000+00:00	25962	cumulative					
6844	2026-07-12 17:41:37.968000+00:00	25965	cumulative					
6845	2026-07-12 17:42:52.998000+00:00	25965	cumulative					
6846	2026-07-12 17:44:57.999000+00:00	25967	cumulative					
6847	2026-07-12 17:46:23.209000+00:00	25967	cumulative					
6848	2026-07-12 17:47:48.623000+00:00	25968	cumulative					
6849	2026-07-12 17:49:45.906000+00:00	25969	cumulative					
6850	2026-07-12 17:51:20.879000+00:00	25969	cumulative					
6851	2026-07-12 17:53:05.880000+00:00	25969	cumulative					
6852	2026-07-12 17:54:44.165000+00:00	25970	cumulative					
6853	2026-07-12 17:55:07.158000+00:00	25971	cumulative					
6854	2026-07-12 17:57:54.528000+00:00	25971	cumulative					
6855	2026-07-12 17:59:18.826000+00:00	25972	cumulative					
6856	2026-07-12 18:01:20.372000+00:00	25972	cumulative					
6857	2026-07-12 18:03:07.084000+00:00	25974	cumulative					
6858	2026-07-12 18:19:47.370000+00:00	25974	cumulative					
6859	2026-07-12 18:25:04.624000+00:00	25975	cumulative					
6860	2026-07-12 18:29:16.995000+00:00	25975	cumulative					
6861	2026-07-12 18:30:21.525000+00:00	25977	cumulative					
6862	2026-07-12 18:31:23.461000+00:00	25977	cumulative					
6863	2026-07-12 18:34:04.758000+00:00	25979	cumulative					
6864	2026-07-12 18:38:30.268000+00:00	25979	cumulative					
6865	2026-07-12 18:43:07.571000+00:00	25979	cumulative					
6866	2026-07-12 18:44:49.656000+00:00	25979	cumulative					
6867	2026-07-12 18:48:20.963000+00:00	25980	cumulative					
6868	2026-07-12 18:49:49.885000+00:00	25980	cumulative					
6869	2026-07-12 19:02:24.176000+00:00	25983	cumulative					
6870	2026-07-12 19:03:51.901000+00:00	25984	cumulative					
6871	2026-07-12 19:04:29.929000+00:00	25987	cumulative					
6872	2026-07-12 19:05:56.384000+00:00	25987	cumulative					
6873	2026-07-12 19:07:52.738000+00:00	25988	cumulative					
6874	2026-07-12 19:08:35.451000+00:00	25990	cumulative					
6875	2026-07-12 19:11:54.190000+00:00	25990	cumulative					
6876	2026-07-12 19:13:18.511000+00:00	25991	cumulative					
6877	2026-07-12 19:41:55.026000+00:00	25992	cumulative					
6878	2026-07-12 19:43:21.305000+00:00	25992	cumulative					
6879	2026-07-12 19:44:20.191000+00:00	25992	cumulative					
6880	2026-07-12 19:46:30.830000+00:00	25992	cumulative					
6881	2026-07-12 20:03:34.812000+00:00	25994	cumulative					
6882	2026-07-12 20:04:09.532000+00:00	25996	cumulative					
6883	2026-07-12 20:09:39.780000+00:00	25997	cumulative					
6884	2026-07-12 20:15:20.124000+00:00	25999	cumulative					
6885	2026-07-12 22:01:30.903000+00:00	26000	cumulative					
6886	2026-07-12 22:02:55.389000+00:00	26000	cumulative					
6887	2026-07-12 22:07:58.580000+00:00	26002	cumulative					
6888	2026-07-12 22:09:57.148000+00:00	26004	cumulative					
6889	2026-07-12 23:00:11.267000+00:00	26006	cumulative					
6890	2026-07-12 23:05:00.776000+00:00	26011	cumulative					
6891	2026-07-12 23:06:31.824000+00:00	26012	cumulative					
6892	2026-07-12 23:08:00.983000+00:00	26014	cumulative					
6893	2026-07-12 23:09:33.193000+00:00	26014	cumulative					
6894	2026-07-12 23:11:06.552000+00:00	26017	cumulative					
6895	2026-07-12 23:12:46.252000+00:00	26019	cumulative					
6896	2026-07-12 23:14:26.150000+00:00	26019	cumulative					
6897	2026-07-12 23:16:04.172000+00:00	26019	cumulative					
6898	2026-07-13 00:54:32.189000+00:00	26022	cumulative					
6899	2026-07-13 00:56:07.561000+00:00	26024	cumulative					
6900	2026-07-13 00:58:09.079000+00:00	26032	cumulative					
6901	2026-07-13 00:59:48.134000+00:00	26034	cumulative					
6902	2026-07-13 01:01:26.525000+00:00	26040	cumulative					
6903	2026-07-13 01:02:54.811000+00:00	26040	cumulative					
6904	2026-07-13 01:05:09.988000+00:00	26043	cumulative					
6905	2026-07-13 01:06:56.442000+00:00	26043	cumulative					
6906	2026-07-13 01:08:34.154000+00:00	26050	cumulative					
6907	2026-07-13 01:10:05.092000+00:00	26050	cumulative					
6908	2026-07-13 01:12:05.327000+00:00	26052	cumulative					
6909	2026-07-13 01:14:12.877000+00:00	26052	cumulative					
6910	2026-07-13 01:16:09.480000+00:00	26056	cumulative					
6911	2026-07-13 01:17:46.714000+00:00	26056	cumulative					
6912	2026-07-13 01:19:38.196000+00:00	26056	cumulative					
6913	2026-07-13 01:20:39.502000+00:00	26056	cumulative					
6914	2026-07-13 01:24:02.849000+00:00	26057	cumulative					
6915	2026-07-13 01:27:02.577000+00:00	26059	cumulative					
6916	2026-07-13 01:29:08.173000+00:00	26060	cumulative					
6917	2026-07-13 01:30:35.321000+00:00	26060	cumulative					
6918	2026-07-13 01:32:18.464000+00:00	26060	cumulative					
6919	2026-07-13 01:34:53.382000+00:00	26062	cumulative					
6920	2026-07-13 01:36:28.969000+00:00	26067	cumulative					
6921	2026-07-13 01:38:33.580000+00:00	26071	cumulative					
6922	2026-07-13 01:40:55.348000+00:00	26072	cumulative					
6923	2026-07-13 01:42:26.203000+00:00	26073	cumulative					
6924	2026-07-13 01:45:57.053000+00:00	26073	cumulative					
6925	2026-07-13 01:47:57.583000+00:00	26078	cumulative					
6926	2026-07-13 01:55:51.985000+00:00	26079	cumulative					
6927	2026-07-13 01:57:49.092000+00:00	26079	cumulative					
6928	2026-07-13 02:00:49.455000+00:00	26079	cumulative					
6929	2026-07-13 02:02:23.052000+00:00	26092	cumulative					
6930	2026-07-13 02:04:16.457000+00:00	26099	cumulative					
6931	2026-07-13 02:05:21.882000+00:00	26099	cumulative					
6932	2026-07-13 02:07:08.270000+00:00	26102	cumulative					
6933	2026-07-13 02:09:42.145000+00:00	26106	cumulative					
6934	2026-07-13 02:14:12.605000+00:00	26106	cumulative					
6935	2026-07-13 02:16:47.075000+00:00	26112	cumulative					
6936	2026-07-13 02:18:02.107000+00:00	26112	cumulative					
6937	2026-07-13 02:19:58.250000+00:00	26112	cumulative					
6938	2026-07-13 02:21:22.603000+00:00	26114	cumulative					
6939	2026-07-13 02:23:11.914000+00:00	26114	cumulative					
6940	2026-07-13 02:25:29.749000+00:00	26116	cumulative					
6941	2026-07-13 02:27:09.039000+00:00	26116	cumulative					
6942	2026-07-13 02:28:46.495000+00:00	26118	cumulative					
6943	2026-07-13 02:29:52.806000+00:00	26127	cumulative					
6944	2026-07-13 02:31:55.651000+00:00	26129	cumulative					
6945	2026-07-13 02:40:35.276000+00:00	26131	cumulative					
6946	2026-07-13 02:44:10.966000+00:00	26133	cumulative					
6947	2026-07-13 02:47:36.134000+00:00	26134	cumulative					
6948	2026-07-13 02:49:17.076000+00:00	26136	cumulative					
6949	2026-07-13 02:51:02.479000+00:00	26136	cumulative					
6950	2026-07-13 02:53:32.957000+00:00	26149	cumulative					
6951	2026-07-13 02:56:12.513000+00:00	26151	cumulative					
6952	2026-07-13 03:16:27.138000+00:00	26151	cumulative					
6953	2026-07-13 03:19:57.852000+00:00	26152	cumulative					
6954	2026-07-13 03:22:47.120000+00:00	26153	cumulative					
6955	2026-07-13 03:23:46.975000+00:00	26155	cumulative					
6956	2026-07-13 03:27:05.749000+00:00	26157	cumulative					
6957	2026-07-13 03:30:27.428000+00:00	26164	cumulative					
6958	2026-07-13 03:32:21.628000+00:00	26168	cumulative					
6959	2026-07-13 03:33:50.715000+00:00	26171	cumulative					
6960	2026-07-13 03:38:18.254000+00:00	26173	cumulative					
6961	2026-07-13 03:40:00.658000+00:00	26174	cumulative					
6962	2026-07-13 03:41:36.233000+00:00	26177	cumulative					
6963	2026-07-13 03:43:15.360000+00:00	26179	cumulative					
6964	2026-07-13 03:44:13.476000+00:00	26185	cumulative					
6965	2026-07-13 03:45:27.144000+00:00	26187	cumulative					
6966	2026-07-13 03:53:00.087000+00:00	26188	cumulative					
6967	2026-07-13 03:55:22.327000+00:00	26188	cumulative					
6968	2026-07-13 03:57:15.612000+00:00	26189	cumulative					
6969	2026-07-13 03:59:56.215000+00:00	26191	cumulative					
6970	2026-07-13 04:02:07.765000+00:00	26193	cumulative					
6971	2026-07-13 04:02:11.910000+00:00	26194	cumulative					
6972	2026-07-13 04:47:04.814000+00:00	26194	cumulative					
6973	2026-07-13 05:23:31.310000+00:00	26194	cumulative					
6974	2026-07-13 05:25:56.800000+00:00	26195	cumulative					
6975	2026-07-13 05:30:57.599000+00:00	26198	cumulative					
6976	2026-07-13 05:41:15.875000+00:00	26200	cumulative					
6977	2026-07-13 05:43:14.944000+00:00	26200	cumulative					
6978	2026-07-13 05:44:43.761000+00:00	26201	cumulative					
6979	2026-07-13 05:46:33.667000+00:00	26202	cumulative					
6980	2026-07-13 06:27:14.619000+00:00	26205	cumulative					
6981	2026-07-13 06:33:31.594000+00:00	26205	cumulative					
6982	2026-07-13 06:38:22.373000+00:00	26205	cumulative					
6983	2026-07-13 06:44:10.014000+00:00	26205	cumulative					
6984	2026-07-13 06:48:16.087000+00:00	26205	cumulative					
6985	2026-07-13 06:49:45.653000+00:00	26207	cumulative					
6986	2026-07-13 06:51:18.657000+00:00	26207	cumulative					
6987	2026-07-13 06:56:56.818000+00:00	26208	cumulative					
6988	2026-07-13 06:59:08.307000+00:00	26212	cumulative					
6989	2026-07-13 07:02:01.488000+00:00	26213	cumulative					
6990	2026-07-13 07:03:28.651000+00:00	26214	cumulative					
6991	2026-07-13 07:07:25.827000+00:00	26215	cumulative					
6992	2026-07-13 07:09:39.972000+00:00	26216	cumulative					
6993	2026-07-13 07:11:13.888000+00:00	26218	cumulative					
6994	2026-07-13 07:12:47.728000+00:00	26218	cumulative					
6995	2026-07-13 07:14:13.759000+00:00	26219	cumulative					
6996	2026-07-13 07:15:40.595000+00:00	26222	cumulative					
6997	2026-07-13 07:17:11.803000+00:00	26225	cumulative					
6998	2026-07-13 16:24:01.693000+00:00	26226	cumulative					
6999	2026-07-13 16:38:54.847000+00:00	26226	cumulative					
7000	2026-07-13 16:40:55.684000+00:00	26226	cumulative					
7001	2026-07-13 16:43:14.812000+00:00	26227	cumulative					
7002	2026-07-13 16:44:42.535000+00:00	26227	cumulative					
7003	2026-07-13 16:46:21.579000+00:00	26227	cumulative					
7004	2026-07-13 16:47:49.097000+00:00	26229	cumulative					
7005	2026-07-13 16:49:16.913000+00:00	26231	cumulative					
7006	2026-07-13 16:54:23.054000+00:00	26231	cumulative					
7007	2026-07-13 16:57:14.041000+00:00	26235	cumulative					
7008	2026-07-13 17:04:18.887000+00:00	26236	cumulative					
7009	2026-07-13 17:07:24.012000+00:00	26236	cumulative					
7010	2026-07-13 17:13:14.676000+00:00	26236	cumulative					
7011	2026-07-13 17:14:49.065000+00:00	26236	cumulative					
7012	2026-07-13 17:16:22.627000+00:00	26237	cumulative					
7013	2026-07-13 17:17:49.535000+00:00	26241	cumulative					
7014	2026-07-13 17:18:17.831000+00:00	26243	cumulative					
7015	2026-07-13 17:20:52.159000+00:00	26243	cumulative					
7016	2026-07-13 17:22:46.598000+00:00	26245	cumulative					
7017	2026-07-13 17:24:02.064000+00:00	26245	cumulative					
7018	2026-07-13 17:25:29.513000+00:00	26246	cumulative					
7019	2026-07-13 17:27:21.703000+00:00	26249	cumulative					
7020	2026-07-13 17:28:56.121000+00:00	26249	cumulative					
7021	2026-07-13 17:30:29.858000+00:00	26251	cumulative					
7022	2026-07-13 17:34:55.852000+00:00	26254	cumulative					
7023	2026-07-13 17:37:18.507000+00:00	26255	cumulative					
7024	2026-07-13 17:38:58.160000+00:00	26256	cumulative					
7025	2026-07-13 17:40:29.774000+00:00	26256	cumulative					
7026	2026-07-13 17:40:44.959000+00:00	26258	cumulative					
7027	2026-07-13 17:43:10.782000+00:00	26258	cumulative					
7028	2026-07-13 17:44:38.965000+00:00	26260	cumulative					
7029	2026-07-13 17:46:43.953000+00:00	26269	cumulative					
7030	2026-07-13 17:48:43.026000+00:00	26277	cumulative					
7031	2026-07-13 17:52:51.737000+00:00	26280	cumulative					
7032	2026-07-13 17:54:29.047000+00:00	26284	cumulative					
7033	2026-07-13 17:55:24.181000+00:00	26286	cumulative					
7034	2026-07-13 17:56:56.893000+00:00	26290	cumulative					
7035	2026-07-13 17:58:50.654000+00:00	26295	cumulative					
7036	2026-07-13 17:59:48.237000+00:00	26301	cumulative					
7037	2026-07-13 18:03:11.020000+00:00	26306	cumulative					
7038	2026-07-13 18:04:17.195000+00:00	26306	cumulative					
7039	2026-07-13 18:06:17.745000+00:00	26306	cumulative					
7040	2026-07-13 18:07:41.610000+00:00	26307	cumulative					
7041	2026-07-13 18:09:13.214000+00:00	26307	cumulative					
7042	2026-07-13 18:10:44.167000+00:00	26308	cumulative					
7043	2026-07-13 18:14:21.651000+00:00	26312	cumulative					
7044	2026-07-13 18:15:33.716000+00:00	26312	cumulative					
7045	2026-07-13 18:17:27.743000+00:00	26314	cumulative					
7046	2026-07-13 18:29:49.095000+00:00	26314	cumulative					
7047	2026-07-13 18:30:54.324000+00:00	26314	cumulative					
7048	2026-07-13 18:32:56.321000+00:00	26316	cumulative					
7049	2026-07-13 18:33:45.945000+00:00	26316	cumulative					
7050	2026-07-13 18:39:01.381000+00:00	26316	cumulative					
7051	2026-07-13 19:36:45.127000+00:00	26322	cumulative					
7052	2026-07-13 19:38:41.843000+00:00	26327	cumulative					
7053	2026-07-13 19:40:41.023000+00:00	26329	cumulative					
7054	2026-07-13 19:41:15.200000+00:00	26329	cumulative					
7055	2026-07-13 19:44:37.024000+00:00	26334	cumulative					
7056	2026-07-13 20:36:00.923000+00:00	26335	cumulative					
7057	2026-07-13 20:44:36.646000+00:00	26335	cumulative					
7058	2026-07-13 20:46:01.695000+00:00	26336	cumulative					
7059	2026-07-13 20:47:43.899000+00:00	26336	cumulative					
7060	2026-07-13 20:49:09.801000+00:00	26336	cumulative					
7061	2026-07-13 20:55:39.876000+00:00	26336	cumulative					
7062	2026-07-13 21:01:28.275000+00:00	26339	cumulative					
7063	2026-07-13 21:04:13.530000+00:00	26339	cumulative					
7064	2026-07-13 21:48:33.082000+00:00	26339	cumulative					
7065	2026-07-14 00:03:12.717000+00:00	26342	cumulative					
7066	2026-07-14 05:28:23.536000+00:00	26345	cumulative					
7067	2026-07-14 05:30:08.563000+00:00	26346	cumulative					
7068	2026-07-14 05:31:41.430000+00:00	26347	cumulative					
7069	2026-07-14 05:33:09.557000+00:00	26351	cumulative					
7070	2026-07-14 05:35:17.135000+00:00	26351	cumulative					
7071	2026-07-14 05:35:51.942000+00:00	26351	cumulative					
7072	2026-07-14 05:37:03.100000+00:00	26352	cumulative					
7073	2026-07-14 05:39:44.614000+00:00	26354	cumulative					
7074	2026-07-14 05:41:17.407000+00:00	26354	cumulative					
7075	2026-07-14 05:43:02.464000+00:00	26358	cumulative					
7076	2026-07-14 06:18:49.605000+00:00	26358	cumulative					
7077	2026-07-14 06:23:15.747000+00:00	26358	cumulative					
7078	2026-07-14 06:34:05.245000+00:00	26358	cumulative					
7079	2026-07-14 06:36:05.144000+00:00	26358	cumulative					
7080	2026-07-14 06:37:53.233000+00:00	26358	cumulative					
7081	2026-07-14 06:39:16.493000+00:00	26358	cumulative					
7082	2026-07-14 06:41:09.061000+00:00	26359	cumulative					
7083	2026-07-14 06:42:12.089000+00:00	26362	cumulative					
7084	2026-07-14 06:43:40.643000+00:00	26363	cumulative					
7085	2026-07-14 06:45:08.830000+00:00	26367	cumulative					
7086	2026-07-14 06:47:09.077000+00:00	26368	cumulative					
7087	2026-07-14 06:48:46.423000+00:00	26368	cumulative					
7088	2026-07-14 06:50:33.359000+00:00	26368	cumulative					
7089	2026-07-14 06:51:58.987000+00:00	26371	cumulative					
7090	2026-07-14 06:53:11.432000+00:00	26372	cumulative					
7091	2026-07-14 06:55:29.058000+00:00	26372	cumulative					
7092	2026-07-14 06:57:51.915000+00:00	26372	cumulative					
7093	2026-07-14 06:59:53.874000+00:00	26374	cumulative					
7094	2026-07-14 07:01:19.552000+00:00	26374	cumulative					
7095	2026-07-14 07:03:22.629000+00:00	26374	cumulative					
7096	2026-07-14 07:05:12.178000+00:00	26378	cumulative					
7097	2026-07-14 07:06:12.812000+00:00	26378	cumulative					
7098	2026-07-14 07:08:11.173000+00:00	26378	cumulative					
7099	2026-07-14 07:09:57.984000+00:00	26380	cumulative					
7100	2026-07-14 16:24:53.894000+00:00	26380	cumulative					
7101	2026-07-14 16:26:23.323000+00:00	26382	cumulative					
7102	2026-07-14 21:59:06.846000+00:00	26386	cumulative					
7103	2026-07-15 04:55:37.172000+00:00	26386	cumulative					
7104	2026-07-15 05:14:39.079000+00:00	26386	cumulative					
7105	2026-07-15 05:21:20.794000+00:00	26388	cumulative					
7106	2026-07-15 05:23:00.851000+00:00	26392	cumulative					
7107	2026-07-15 05:27:05.570000+00:00	26393	cumulative					
7108	2026-07-15 05:28:33.424000+00:00	26396	cumulative					
7109	2026-07-15 05:29:42.853000+00:00	26397	cumulative					
7110	2026-07-15 05:30:40.284000+00:00	26397	cumulative					
7111	2026-07-15 05:33:33.333000+00:00	26398	cumulative					
7112	2026-07-15 05:35:47.117000+00:00	26399	cumulative					
7113	2026-07-15 05:37:12.784000+00:00	26401	cumulative					
7114	2026-07-15 05:38:42.049000+00:00	26402	cumulative					
7115	2026-07-15 05:40:22.633000+00:00	26408	cumulative					
7116	2026-07-15 06:28:52.371000+00:00	26408	cumulative					
7117	2026-07-15 06:31:20.092000+00:00	26409	cumulative					
7118	2026-07-15 06:32:47.592000+00:00	26409	cumulative					
7119	2026-07-15 06:34:48.146000+00:00	26409	cumulative					
7120	2026-07-15 06:36:50.231000+00:00	26409	cumulative					
7121	2026-07-15 06:37:40.747000+00:00	26410	cumulative					
7122	2026-07-15 06:39:50.352000+00:00	26413	cumulative					
7123	2026-07-15 06:41:14.561000+00:00	26414	cumulative					
7124	2026-07-15 06:42:14.506000+00:00	26415	cumulative					
7125	2026-07-15 06:44:04.821000+00:00	26419	cumulative					
7126	2026-07-15 06:45:37.678000+00:00	26420	cumulative					
7127	2026-07-15 06:46:09.904000+00:00	26425	cumulative					
7128	2026-07-15 06:47:14.006000+00:00	26428	cumulative					
7129	2026-07-15 06:50:38.352000+00:00	26428	cumulative					
7130	2026-07-15 06:51:43.246000+00:00	26429	cumulative					
7131	2026-07-15 06:53:31.138000+00:00	26430	cumulative					
7132	2026-07-15 06:55:45.445000+00:00	26433	cumulative					
7133	2026-07-15 06:57:11.261000+00:00	26435	cumulative					
7134	2026-07-15 06:58:45.534000+00:00	26435	cumulative					
7135	2026-07-15 07:00:14.482000+00:00	26436	cumulative					
7136	2026-07-15 07:01:45.179000+00:00	26437	cumulative					
7137	2026-07-15 07:03:25.285000+00:00	26438	cumulative					
7138	2026-07-15 07:04:59.088000+00:00	26440	cumulative					
7139	2026-07-15 07:06:34.212000+00:00	26446	cumulative					
7140	2026-07-15 07:07:44.309000+00:00	26446	cumulative					
7141	2026-07-15 16:24:27.003000+00:00	26447	cumulative					
7142	2026-07-15 16:26:08.203000+00:00	26447	cumulative					
7143	2026-07-15 16:27:51.309000+00:00	26447	cumulative					
7144	2026-07-15 16:28:47.021000+00:00	26447	cumulative					
7145	2026-07-15 16:30:19.779000+00:00	26447	cumulative					
7146	2026-07-15 16:32:04.935000+00:00	26447	cumulative					
7147	2026-07-16 05:52:35.585000+00:00	26447	cumulative					
7148	2026-07-16 05:54:01.462000+00:00	26447	cumulative					
7149	2026-07-16 05:54:57.297000+00:00	26447	cumulative					
7150	2026-07-16 05:57:00.561000+00:00	26453	cumulative					
7151	2026-07-16 05:58:28.054000+00:00	26454	cumulative					
7152	2026-07-16 06:00:09.642000+00:00	26454	cumulative					
7153	2026-07-16 06:01:37.508000+00:00	26454	cumulative					
7154	2026-07-16 06:03:04.514000+00:00	26454	cumulative					
7155	2026-07-16 06:04:32.379000+00:00	26454	cumulative					
7156	2026-07-16 16:28:30.179000+00:00	26454	cumulative					
7157	2026-07-16 16:29:55.968000+00:00	26454	cumulative					
7158	2026-07-16 16:31:22.731000+00:00	26454	cumulative					
7159	2026-07-16 16:32:24.568000+00:00	26460	cumulative					
7160	2026-07-16 16:34:15.131000+00:00	26463	cumulative					
7161	2026-07-16 16:35:39.404000+00:00	26464	cumulative					
7162	2026-07-16 16:36:47.341000+00:00	26465	cumulative					
7163	2026-07-16 16:38:30+00:00	26467	cumulative					
7164	2026-07-16 16:39:53.930000+00:00	26469	cumulative					
7165	2026-07-16 16:41:18.382000+00:00	26469	cumulative					
7166	2026-07-16 16:46:25.959000+00:00	26469	cumulative					
7167	2026-07-16 16:51:17.709000+00:00	26469	cumulative					
7168	2026-07-16 17:05:23.694000+00:00	26470	cumulative					
7169	2026-07-16 17:06:54.892000+00:00	26471	cumulative					
7170	2026-07-16 17:08:20.563000+00:00	26471	cumulative					
7171	2026-07-16 17:09:50.754000+00:00	26471	cumulative					
7172	2026-07-16 17:11:16.311000+00:00	26474	cumulative					
7173	2026-07-16 17:12:45.965000+00:00	26474	cumulative					
7174	2026-07-16 17:14:16.424000+00:00	26474	cumulative					
7175	2026-07-16 17:15:48.170000+00:00	26476	cumulative					
7176	2026-07-16 17:17:07.883000+00:00	26476	cumulative					
7177	2026-07-16 17:18:37.852000+00:00	26477	cumulative					
7178	2026-07-16 17:20:05.608000+00:00	26477	cumulative					
7179	2026-07-16 17:21:32.841000+00:00	26481	cumulative					
7180	2026-07-16 17:22:57.404000+00:00	26481	cumulative					
7181	2026-07-16 17:24:23.101000+00:00	26481	cumulative					
7182	2026-07-16 17:25:47.164000+00:00	26484	cumulative					
7183	2026-07-16 17:27:25.687000+00:00	26484	cumulative					
7184	2026-07-16 17:28:56.398000+00:00	26487	cumulative					
7185	2026-07-16 17:30:24.378000+00:00	26487	cumulative					
7186	2026-07-16 17:30:26.056000+00:00	26487	cumulative					
7187	2026-07-16 17:45:32.109000+00:00	26493	cumulative					
7188	2026-07-16 18:26:06.708000+00:00	26493	cumulative					
7189	2026-07-16 18:31:18.337000+00:00	26496	cumulative					
7190	2026-07-16 18:33:17.137000+00:00	26497	cumulative					
7191	2026-07-16 18:37:02.091000+00:00	26497	cumulative					
7192	2026-07-16 18:48:27.461000+00:00	26498	cumulative					
7193	2026-07-16 18:58:30.584000+00:00	26501	cumulative					
7194	2026-07-16 18:59:37.835000+00:00	26501	cumulative					
7195	2026-07-16 19:05:09.105000+00:00	26502	cumulative					
7196	2026-07-16 19:06:54.275000+00:00	26508	cumulative					
7197	2026-07-16 19:08:56.050000+00:00	26508	cumulative					
7198	2026-07-16 19:13:04.064000+00:00	26508	cumulative					
7199	2026-07-16 19:15:19.202000+00:00	26509	cumulative					
7200	2026-07-16 19:16:47.682000+00:00	26512	cumulative					
7201	2026-07-16 19:17:37.531000+00:00	26514	cumulative					
7202	2026-07-16 19:18:19.843000+00:00	26519	cumulative					
7203	2026-07-16 19:23:28.748000+00:00	26520	cumulative					
7204	2026-07-16 19:24:44.567000+00:00	26520	cumulative					
7205	2026-07-16 19:27:25.921000+00:00	26522	cumulative					
7206	2026-07-16 19:31:40.007000+00:00	26526	cumulative					
7207	2026-07-16 19:33:37.330000+00:00	26526	cumulative					
7208	2026-07-16 19:36:31.201000+00:00	26526	cumulative					
7209	2026-07-16 19:37:55.226000+00:00	26530	cumulative					
7210	2026-07-16 19:39:21.345000+00:00	26533	cumulative					
7211	2026-07-16 19:39:43.375000+00:00	26533	cumulative					
7212	2026-07-16 19:42:57.560000+00:00	26533	cumulative					
7213	2026-07-16 19:51:57.593000+00:00	26538	cumulative					
7214	2026-07-16 19:52:20.002000+00:00	26538	cumulative					
7215	2026-07-16 20:17:29.070000+00:00	26539	cumulative					
7216	2026-07-16 20:29:17.691000+00:00	26540	cumulative					
7217	2026-07-16 20:31:26.315000+00:00	26540	cumulative					
7218	2026-07-16 20:32:55.840000+00:00	26540	cumulative					
7219	2026-07-16 20:34:23.528000+00:00	26540	cumulative					
7220	2026-07-16 20:35:46.650000+00:00	26550	cumulative					
7221	2026-07-16 20:37:12.997000+00:00	26551	cumulative					
7222	2026-07-16 20:39:29.194000+00:00	26551	cumulative					
7223	2026-07-16 20:40:48.536000+00:00	26554	cumulative					
7224	2026-07-16 20:42:23.977000+00:00	26557	cumulative					
7225	2026-07-16 20:43:55.539000+00:00	26558	cumulative					
7226	2026-07-16 20:45:19.762000+00:00	26563	cumulative					
7227	2026-07-16 20:46:29.933000+00:00	26563	cumulative					
7228	2026-07-16 20:48:13.112000+00:00	26563	cumulative					
7229	2026-07-16 20:49:07.775000+00:00	26564	cumulative					
7230	2026-07-16 20:51:18.264000+00:00	26565	cumulative					
7231	2026-07-16 20:54:18.077000+00:00	26565	cumulative					
7232	2026-07-16 21:00:01.638000+00:00	26569	cumulative					
7233	2026-07-16 21:00:29.325000+00:00	26569	cumulative					
7234	2026-07-16 21:03:40.597000+00:00	26569	cumulative					
7235	2026-07-16 21:05:46.044000+00:00	26569	cumulative					
7236	2026-07-16 21:06:31.835000+00:00	26572	cumulative					
7237	2026-07-16 21:09:15.737000+00:00	26574	cumulative					
7238	2026-07-16 21:10:56.093000+00:00	26575	cumulative					
7239	2026-07-16 21:12:27.821000+00:00	26579	cumulative					
7240	2026-07-16 21:13:21.343000+00:00	26579	cumulative					
7241	2026-07-16 21:15:41.527000+00:00	26579	cumulative					
7242	2026-07-16 21:20:49.322000+00:00	26580	cumulative					
7243	2026-07-16 21:23:27.367000+00:00	26583	cumulative					
7244	2026-07-16 21:24:40.025000+00:00	26584	cumulative					
7245	2026-07-16 21:28:19.527000+00:00	26584	cumulative					
7246	2026-07-16 21:33:39.971000+00:00	26585	cumulative					
7247	2026-07-16 21:36:16.464000+00:00	26586	cumulative					
7248	2026-07-16 21:45:32.396000+00:00	26589	cumulative					
7249	2026-07-16 21:46:56.699000+00:00	26591	cumulative					
7250	2026-07-16 21:53:04.132000+00:00	26591	cumulative					
7251	2026-07-16 21:54:30.440000+00:00	26597	cumulative					
7252	2026-07-16 21:56:10.469000+00:00	26603	cumulative					
7253	2026-07-16 22:11:06.458000+00:00	26604	cumulative					
7254	2026-07-16 22:27:20.435000+00:00	26605	cumulative					
7255	2026-07-16 22:32:54.349000+00:00	26609	cumulative					
7256	2026-07-16 22:34:18.935000+00:00	26610	cumulative					
7257	2026-07-16 22:42:50.323000+00:00	26610	cumulative					
7258	2026-07-16 22:45:05.119000+00:00	26612	cumulative					
7259	2026-07-16 22:45:45.059000+00:00	26614	cumulative					
7260	2026-07-16 22:51:13.510000+00:00	26618	cumulative					
7261	2026-07-16 22:51:51.152000+00:00	26618	cumulative					
7262	2026-07-16 22:54:16.484000+00:00	26618	cumulative					
7263	2026-07-16 22:58:46.737000+00:00	26622	cumulative					
7264	2026-07-16 23:02:24.790000+00:00	26624	cumulative					
7265	2026-07-16 23:06:23.103000+00:00	26626	cumulative					
7266	2026-07-16 23:10:58.048000+00:00	26627	cumulative					
7267	2026-07-16 23:11:27.659000+00:00	26627	cumulative					
7268	2026-07-16 23:14:27.543000+00:00	26627	cumulative					
7269	2026-07-16 23:17:07.875000+00:00	26627	cumulative					
7270	2026-07-16 23:18:54.786000+00:00	26627	cumulative					
7271	2026-07-16 23:22:05.167000+00:00	26635	cumulative					
7272	2026-07-16 23:25:26.201000+00:00	26644	cumulative					
7273	2026-07-16 23:27:00.492000+00:00	26645	cumulative					
7274	2026-07-16 23:28:35.540000+00:00	26645	cumulative					
7275	2026-07-16 23:31:03.755000+00:00	26645	cumulative					
7276	2026-07-16 23:32:37.490000+00:00	26646	cumulative					
7277	2026-07-17 04:36:35.924000+00:00	26646	cumulative					
7278	2026-07-17 04:38:02.240000+00:00	26648	cumulative					
7279	2026-07-17 04:40:05.468000+00:00	26649	cumulative					
7280	2026-07-17 05:32:12.295000+00:00	26653	cumulative					
7281	2026-07-17 05:35:33.858000+00:00	26657	cumulative					
7282	2026-07-17 05:37:11.018000+00:00	26657	cumulative					
7283	2026-07-17 05:39:15.711000+00:00	26663	cumulative					
7284	2026-07-17 05:40:43.990000+00:00	26664	cumulative					
7285	2026-07-17 05:42:22.164000+00:00	26664	cumulative					
7286	2026-07-17 05:43:33.367000+00:00	26665	cumulative					
7287	2026-07-17 05:45:20.835000+00:00	26665	cumulative					
7288	2026-07-17 05:47:36.273000+00:00	26665	cumulative					
7289	2026-07-17 05:48:48.444000+00:00	26665	cumulative					
7290	2026-07-17 05:50:07.421000+00:00	26667	cumulative					
7291	2026-07-17 05:51:55.579000+00:00	26667	cumulative					
7292	2026-07-17 05:53:26.918000+00:00	26668	cumulative					
7293	2026-07-17 05:54:57.824000+00:00	26669	cumulative					
7294	2026-07-17 05:57:33.648000+00:00	26669	cumulative					
7295	2026-07-17 05:59:27.272000+00:00	26670	cumulative					
7296	2026-07-17 06:00:51.761000+00:00	26670	cumulative					
7297	2026-07-17 06:01:28.881000+00:00	26670	cumulative					
7298	2026-07-17 06:03:32.500000+00:00	26670	cumulative					
7299	2026-07-17 06:05:11.337000+00:00	26670	cumulative					
7300	2026-07-17 06:06:19.647000+00:00	26670	cumulative					
7301	2026-07-17 06:08:24.828000+00:00	26673	cumulative					
7302	2026-07-17 06:09:56.989000+00:00	26676	cumulative					
7303	2026-07-17 06:10:59.664000+00:00	26676	cumulative					
7304	2026-07-17 06:13:12.483000+00:00	26676	cumulative					
7305	2026-07-17 06:13:42.237000+00:00	26676	cumulative					
7306	2026-07-17 06:21:37.705000+00:00	26680	cumulative					
7307	2026-07-17 06:22:21.589000+00:00	26681	cumulative					
7308	2026-07-17 06:24:34.811000+00:00	26681	cumulative					
7309	2026-07-17 06:26:10.258000+00:00	26681	cumulative					
7310	2026-07-17 06:26:26.923000+00:00	26681	cumulative					
7311	2026-07-17 06:28:32.553000+00:00	26683	cumulative					
7312	2026-07-17 06:30:17.014000+00:00	26684	cumulative					
7313	2026-07-17 06:32:23.867000+00:00	26687	cumulative					
7314	2026-07-17 06:35:55.646000+00:00	26687	cumulative					
7315	2026-07-17 06:37:35.582000+00:00	26687	cumulative					
7316	2026-07-17 06:39:22.843000+00:00	26687	cumulative					
7317	2026-07-17 06:40:18.741000+00:00	26687	cumulative					
7318	2026-07-17 06:42:39.928000+00:00	26693	cumulative					
7319	2026-07-17 06:44:29.173000+00:00	26695	cumulative					
7320	2026-07-17 06:45:52.739000+00:00	26696	cumulative					
7321	2026-07-17 06:47:28.796000+00:00	26696	cumulative					
7322	2026-07-17 06:48:43.795000+00:00	26697	cumulative					
7323	2026-07-17 06:50:25.243000+00:00	26697	cumulative					
7324	2026-07-17 06:50:56.018000+00:00	26697	cumulative					
7325	2026-07-17 06:53:53.199000+00:00	26697	cumulative					
7326	2026-07-17 06:55:31.579000+00:00	26697	cumulative					
7327	2026-07-17 06:57:21.591000+00:00	26699	cumulative					
7328	2026-07-17 06:58:45.914000+00:00	26699	cumulative					
7329	2026-07-17 07:00:10.803000+00:00	26700	cumulative					
7330	2026-07-17 07:01:36.977000+00:00	26700	cumulative					
7331	2026-07-17 07:03:08.349000+00:00	26701	cumulative					
7332	2026-07-17 07:04:35.445000+00:00	26712	cumulative					
7333	2026-07-17 07:06:57.478000+00:00	26712	cumulative					
7334	2026-07-17 07:08:33.533000+00:00	26712	cumulative					
7335	2026-07-17 07:09:06.400000+00:00	26712	cumulative					
7336	2026-07-17 07:10:46.503000+00:00	26712	cumulative					
7337	2026-07-17 07:13:40.061000+00:00	26717	cumulative					
7338	2026-07-17 07:15:19.329000+00:00	26717	cumulative					
7339	2026-07-17 07:16:44.337000+00:00	26717	cumulative					
7340	2026-07-17 07:17:50.737000+00:00	26720	cumulative					
7341	2026-07-17 07:20:50.309000+00:00	26720	cumulative					
7342	2026-07-17 07:22:28.071000+00:00	26722	cumulative					
7343	2026-07-17 07:23:58.887000+00:00	26722	cumulative					
7344	2026-07-17 07:25:24.482000+00:00	26722	cumulative					
7345	2026-07-17 07:27:01.528000+00:00	26722	cumulative					
7346	2026-07-17 07:28:27.631000+00:00	26723	cumulative					
7347	2026-07-17 07:29:17.172000+00:00	26725	cumulative					
7348	2026-07-17 07:31:30.790000+00:00	26725	cumulative					
7349	2026-07-17 07:32:18.470000+00:00	26727	cumulative					
7350	2026-07-17 07:34:21.835000+00:00	26727	cumulative					
7351	2026-07-17 07:35:47.671000+00:00	26729	cumulative					
7352	2026-07-17 07:37:13.614000+00:00	26729	cumulative					
7353	2026-07-17 07:38:43.154000+00:00	26731	cumulative					
7354	2026-07-17 07:40:12.472000+00:00	26731	cumulative					
7355	2026-07-17 07:41:44.753000+00:00	26731	cumulative					
7356	2026-07-17 17:03:04.594000+00:00	26731	cumulative					
7357	2026-07-17 17:04:55.539000+00:00	26733	cumulative					
7358	2026-07-17 17:06:39.788000+00:00	26734	cumulative					
7359	2026-07-17 17:08:22.449000+00:00	26734	cumulative					
7360	2026-07-17 17:10:13.135000+00:00	26736	cumulative					
7361	2026-07-17 17:20:25.926000+00:00	26738	cumulative					
7362	2026-07-17 17:22:02.546000+00:00	26741	cumulative					
7363	2026-07-17 17:23:41.412000+00:00	26741	cumulative					
7364	2026-07-17 17:26:22.401000+00:00	26746	cumulative					
7365	2026-07-17 17:27:49.987000+00:00	26748	cumulative					
7366	2026-07-17 17:29:44.347000+00:00	26748	cumulative					
7367	2026-07-17 17:31:15.991000+00:00	26751	cumulative					
7368	2026-07-17 17:33:08.514000+00:00	26752	cumulative					
7369	2026-07-17 17:36:46.959000+00:00	26753	cumulative					
7370	2026-07-17 17:37:36.199000+00:00	26755	cumulative					
7371	2026-07-17 17:38:28.767000+00:00	26758	cumulative					
7372	2026-07-17 17:42:37.210000+00:00	26758	cumulative					
7373	2026-07-17 17:43:41.025000+00:00	26759	cumulative					
7374	2026-07-17 17:44:54.308000+00:00	26760	cumulative					
7375	2026-07-17 17:46:31.986000+00:00	26761	cumulative					
7376	2026-07-17 17:48:12.153000+00:00	26763	cumulative					
7377	2026-07-17 17:49:43.844000+00:00	26763	cumulative					
7378	2026-07-17 17:51:16.921000+00:00	26763	cumulative					
7379	2026-07-17 17:53:37.936000+00:00	26765	cumulative					
7380	2026-07-17 17:55:17.541000+00:00	26765	cumulative					
7381	2026-07-17 17:56:43.157000+00:00	26768	cumulative					
7382	2026-07-17 17:59:01.385000+00:00	26768	cumulative					
7383	2026-07-17 18:02:38.487000+00:00	26769	cumulative					
7384	2026-07-17 18:04:46.944000+00:00	26771	cumulative					
7385	2026-07-17 18:06:11.408000+00:00	26773	cumulative					
7386	2026-07-17 18:06:52.978000+00:00	26773	cumulative					
7387	2026-07-17 18:08:16.755000+00:00	26773	cumulative					
7388	2026-07-17 18:10:40.878000+00:00	26774	cumulative					
7389	2026-07-17 18:12:07.618000+00:00	26774	cumulative					
7390	2026-07-17 18:14:26.778000+00:00	26775	cumulative					
7391	2026-07-17 18:15:30.274000+00:00	26776	cumulative					
7392	2026-07-17 18:17:23.892000+00:00	26782	cumulative					
7393	2026-07-17 18:18:12.156000+00:00	26784	cumulative					
7394	2026-07-17 18:19:43.909000+00:00	26785	cumulative					
7395	2026-07-17 18:21:17.877000+00:00	26785	cumulative					
7396	2026-07-17 18:23:26.398000+00:00	26785	cumulative					
7397	2026-07-17 18:24:22.607000+00:00	26785	cumulative					
7398	2026-07-17 18:25:49.572000+00:00	26787	cumulative					
7399	2026-07-17 18:28:30.382000+00:00	26787	cumulative					
7400	2026-07-17 18:30:06.880000+00:00	26788	cumulative					
7401	2026-07-17 18:31:15.637000+00:00	26788	cumulative					
7402	2026-07-17 18:33:18.870000+00:00	26789	cumulative					
7403	2026-07-17 18:34:53.233000+00:00	26789	cumulative					
7404	2026-07-17 18:37:32.703000+00:00	26790	cumulative					
7405	2026-07-17 18:39:05.820000+00:00	26791	cumulative					
7406	2026-07-17 18:41:10.447000+00:00	26791	cumulative					
7407	2026-07-17 18:42:11.956000+00:00	26791	cumulative					
7408	2026-07-17 18:44:16.462000+00:00	26791	cumulative					
7409	2026-07-17 18:45:45.497000+00:00	26791	cumulative					
7410	2026-07-17 18:47:14.065000+00:00	26792	cumulative					
7411	2026-07-17 18:47:43.381000+00:00	26794	cumulative					
7412	2026-07-17 18:50:07.315000+00:00	26794	cumulative					
7413	2026-07-17 18:57:20.404000+00:00	26796	cumulative					
7414	2026-07-17 18:59:05.115000+00:00	26797	cumulative					
7415	2026-07-17 19:00:41.721000+00:00	26798	cumulative					
7416	2026-07-17 19:01:44.094000+00:00	26799	cumulative					
7417	2026-07-17 19:03:49.317000+00:00	26801	cumulative					
7418	2026-07-17 19:05:37.629000+00:00	26801	cumulative					
7419	2026-07-17 19:06:59.344000+00:00	26801	cumulative					
7420	2026-07-17 19:07:37.538000+00:00	26803	cumulative					
7421	2026-07-17 19:10:11.271000+00:00	26803	cumulative					
7422	2026-07-17 19:11:38.689000+00:00	26804	cumulative					
7423	2026-07-17 19:13:10.048000+00:00	26809	cumulative					
7424	2026-07-17 19:14:57.105000+00:00	26810	cumulative					
7425	2026-07-17 19:16:51.472000+00:00	26811	cumulative					
7426	2026-07-17 19:17:36.201000+00:00	26811	cumulative					
7427	2026-07-17 19:19:52.514000+00:00	26811	cumulative					
7428	2026-07-17 19:21:22.354000+00:00	26814	cumulative					
7429	2026-07-17 19:22:46.902000+00:00	26814	cumulative					
7430	2026-07-17 19:31:44.453000+00:00	26814	cumulative					
7431	2026-07-17 19:33:39.221000+00:00	26817	cumulative					
7432	2026-07-17 19:35:21.645000+00:00	26820	cumulative					
7433	2026-07-17 19:41:34.330000+00:00	26820	cumulative					
7434	2026-07-17 19:51:58.133000+00:00	26822	cumulative					
7435	2026-07-17 20:13:03.399000+00:00	26825	cumulative					
7436	2026-07-17 20:22:52.124000+00:00	26826	cumulative					
7437	2026-07-17 20:27:23.393000+00:00	26829	cumulative					
7438	2026-07-17 20:30:26.854000+00:00	26832	cumulative					
7439	2026-07-18 18:44:30.574000+00:00	26832	cumulative					
7440	2026-07-18 18:51:41.477000+00:00	26833	cumulative					
7441	2026-07-18 18:53:21.783000+00:00	26834	cumulative					
7442	2026-07-18 18:54:46.320000+00:00	26834	cumulative					
7443	2026-07-18 18:57:16.766000+00:00	26839	cumulative					
7444	2026-07-18 18:58:31.781000+00:00	26840	cumulative					
7445	2026-07-18 19:00:51.620000+00:00	26840	cumulative					
7446	2026-07-18 19:01:54.903000+00:00	26840	cumulative					
7447	2026-07-18 19:03:50.027000+00:00	26841	cumulative					
7448	2026-07-18 19:05:27.157000+00:00	26841	cumulative					
7449	2026-07-18 19:06:51.295000+00:00	26841	cumulative					
7450	2026-07-18 19:07:43.442000+00:00	26841	cumulative					
7451	2026-07-18 19:09:02.087000+00:00	26841	cumulative					
7452	2026-07-18 19:10:25.732000+00:00	26841	cumulative					
7453	2026-07-18 19:15:37.955000+00:00	26841	cumulative					
7454	2026-07-18 19:16:06.497000+00:00	26842	cumulative					
7455	2026-07-18 19:19:07.935000+00:00	26843	cumulative					
7456	2026-07-18 19:21:48.392000+00:00	26846	cumulative					
7457	2026-07-18 19:23:18.619000+00:00	26846	cumulative					
7458	2026-07-18 19:25:14.838000+00:00	26846	cumulative					
7459	2026-07-18 19:33:56.032000+00:00	26846	cumulative					
7460	2026-07-18 19:35:37.863000+00:00	26847	cumulative					
7461	2026-07-18 19:38:21.814000+00:00	26847	cumulative					
7462	2026-07-18 19:59:43.266000+00:00	26850	cumulative					
7463	2026-07-18 20:09:17.325000+00:00	26852	cumulative					
7464	2026-07-18 20:12:53.819000+00:00	26859	cumulative					
7465	2026-07-18 20:14:40.332000+00:00	26863	cumulative					
7466	2026-07-18 20:16:17.822000+00:00	26867	cumulative					
7467	2026-07-18 20:27:30.222000+00:00	26871	cumulative					
7468	2026-07-18 20:28:54.531000+00:00	26872	cumulative					
7469	2026-07-18 20:30:25.510000+00:00	26876	cumulative					
7470	2026-07-18 20:31:51.019000+00:00	26885	cumulative					
7471	2026-07-18 20:33:26.346000+00:00	26887	cumulative					
7472	2026-07-18 20:36:35.491000+00:00	26887	cumulative					
7473	2026-07-18 20:38:32.510000+00:00	26888	cumulative					
7474	2026-07-18 20:39:48.503000+00:00	26888	cumulative					
7475	2026-07-18 20:41:45.242000+00:00	26891	cumulative					
7476	2026-07-20 17:07:16.498000+00:00	26892	cumulative					
7477	2026-07-20 17:08:43.483000+00:00	26892	cumulative					
7478	2026-07-20 17:14:00.686000+00:00	26894	cumulative					
7479	2026-07-20 17:15:46.690000+00:00	26897	cumulative					
7480	2026-07-20 17:17:18.700000+00:00	26897	cumulative					
7481	2026-07-20 17:18:53.240000+00:00	26902	cumulative					
7482	2026-07-20 17:20:19.744000+00:00	26902	cumulative					
7483	2026-07-20 17:21:46.175000+00:00	26902	cumulative					
7484	2026-07-20 17:22:35.890000+00:00	26903	cumulative					
7485	2026-07-20 17:43:52.343000+00:00	26903	cumulative					
7486	2026-07-20 17:50:27.717000+00:00	26903	cumulative					
7487	2026-07-20 17:52:57.711000+00:00	26907	cumulative					
7488	2026-07-20 17:54:12.402000+00:00	26908	cumulative					
7489	2026-07-20 17:56:00.831000+00:00	26909	cumulative					
7490	2026-07-20 18:16:25.133000+00:00	26909	cumulative					
7491	2026-07-20 18:18:00.624000+00:00	26910	cumulative					
7492	2026-07-20 18:19:52.860000+00:00	26911	cumulative					
7493	2026-07-20 18:21:35.299000+00:00	26913	cumulative					
7494	2026-07-20 18:25:50.766000+00:00	26916	cumulative					
7495	2026-07-20 18:28:20.294000+00:00	26917	cumulative					
7496	2026-07-20 18:29:47.905000+00:00	26918	cumulative					
7497	2026-07-20 18:31:14.761000+00:00	26918	cumulative					
7498	2026-07-20 18:32:55.884000+00:00	26920	cumulative					
7499	2026-07-20 18:35:27.920000+00:00	26921	cumulative					
7500	2026-07-20 18:36:53.972000+00:00	26921	cumulative					
7501	2026-07-20 18:37:51.487000+00:00	26922	cumulative					
7502	2026-07-20 18:39:16.531000+00:00	26924	cumulative					
7503	2026-07-20 18:41:25.618000+00:00	26924	cumulative					
7504	2026-07-20 18:43:21.095000+00:00	26927	cumulative					
7505	2026-07-20 18:44:54.251000+00:00	26927	cumulative					
7506	2026-07-20 18:55:16.546000+00:00	26929	cumulative					
7507	2026-07-20 19:35:16.766000+00:00	26930	cumulative					
7508	2026-07-20 19:36:17.616000+00:00	26931	cumulative					
7509	2026-07-20 19:37:39.956000+00:00	26933	cumulative					
7510	2026-07-20 19:39:12.656000+00:00	26937	cumulative					
7511	2026-07-20 19:41:17.279000+00:00	26940	cumulative					
7512	2026-07-20 19:42:49.551000+00:00	26943	cumulative					
7513	2026-07-20 19:44:15.491000+00:00	26944	cumulative					
7514	2026-07-20 19:45:08.994000+00:00	26944	cumulative					
7515	2026-07-20 19:46:35.454000+00:00	26945	cumulative					
7516	2026-07-20 19:48:01.969000+00:00	26947	cumulative					
7517	2026-07-20 19:49:26.842000+00:00	26951	cumulative					
7518	2026-07-20 19:51:50.657000+00:00	26952	cumulative					
7519	2026-07-20 19:52:34.615000+00:00	26953	cumulative					
7520	2026-07-20 19:53:54.421000+00:00	26954	cumulative					
7521	2026-07-20 19:55:18.329000+00:00	26954	cumulative					
7522	2026-07-20 19:59:16.648000+00:00	26954	cumulative					
7523	2026-07-20 20:00:52.067000+00:00	26955	cumulative					
7524	2026-07-20 20:02:33.237000+00:00	26956	cumulative					
7525	2026-07-20 20:04:05.300000+00:00	26956	cumulative					
7526	2026-07-20 20:06:49.929000+00:00	26957	cumulative					
7527	2026-07-20 20:08:29.143000+00:00	26957	cumulative					
7528	2026-07-20 20:08:44.112000+00:00	26958	cumulative					
7529	2026-07-20 20:13:07.422000+00:00	26958	cumulative					
7530	2026-07-20 20:14:35.499000+00:00	26958	cumulative					
7531	2026-07-20 20:15:38.166000+00:00	26963	cumulative					
7532	2026-07-20 20:17:15.267000+00:00	26964	cumulative					
7533	2026-07-20 20:19:33.237000+00:00	26965	cumulative					
7534	2026-07-20 20:21:30.969000+00:00	26966	cumulative					
7535	2026-07-20 20:23:12.157000+00:00	26966	cumulative					
7536	2026-07-20 20:25:07.407000+00:00	26971	cumulative					
7537	2026-07-20 20:26:36.797000+00:00	26971	cumulative					
7538	2026-07-20 20:28:37.158000+00:00	26974	cumulative					
7539	2026-07-20 20:31:29.326000+00:00	26974	cumulative					
7540	2026-07-20 20:35:06.705000+00:00	26977	cumulative					
7541	2026-07-20 20:36:33.110000+00:00	26977	cumulative					
7542	2026-07-20 20:38:12.168000+00:00	26981	cumulative					
7543	2026-07-20 20:40:35.175000+00:00	26982	cumulative					
7544	2026-07-20 21:31:59.436000+00:00	26982	cumulative					
7545	2026-07-20 21:33:47.268000+00:00	26987	cumulative					
7546	2026-07-20 21:43:07.541000+00:00	26989	cumulative					
7547	2026-07-20 21:46:30.681000+00:00	26989	cumulative					
7548	2026-07-20 21:48:08.499000+00:00	26989	cumulative					
7549	2026-07-20 21:49:32.816000+00:00	26991	cumulative					
7550	2026-07-20 21:50:59.164000+00:00	26993	cumulative					
7551	2026-07-20 21:52:13.940000+00:00	26994	cumulative					
7552	2026-07-20 21:53:47.039000+00:00	26996	cumulative					
7553	2026-07-20 21:55:40.308000+00:00	26996	cumulative					
7554	2026-07-20 21:57:05.058000+00:00	27001	cumulative					
7555	2026-07-20 22:00:27.278000+00:00	27002	cumulative					
7556	2026-07-20 22:01:10.014000+00:00	27004	cumulative					
7557	2026-07-20 22:04:55.636000+00:00	27005	cumulative					
7558	2026-07-20 22:06:21.249000+00:00	27005	cumulative					
7559	2026-07-20 22:12:48.407000+00:00	27011	cumulative					
7560	2026-07-20 22:14:12.667000+00:00	27011	cumulative					
7561	2026-07-20 22:15:47.349000+00:00	27014	cumulative					
7562	2026-07-20 22:19:48.671000+00:00	27014	cumulative					
7563	2026-07-20 22:21:02.550000+00:00	27014	cumulative					
7564	2026-07-20 22:23:19.539000+00:00	27014	cumulative					
7565	2026-07-20 22:24:46.624000+00:00	27014	cumulative					
7566	2026-07-20 22:26:57.962000+00:00	27016	cumulative					
7567	2026-07-20 22:32:41.270000+00:00	27016	cumulative					
7568	2026-07-20 22:34:18.665000+00:00	27024	cumulative					
7569	2026-07-20 22:35:58.476000+00:00	27024	cumulative					
7570	2026-07-20 22:38:08.087000+00:00	27025	cumulative					
7571	2026-07-20 22:40:26.968000+00:00	27025	cumulative					
7572	2026-07-20 22:41:26.623000+00:00	27027	cumulative					
7573	2026-07-20 22:42:28.440000+00:00	27032	cumulative					
7574	2026-07-20 22:44:49.341000+00:00	27033	cumulative					
7575	2026-07-20 22:48:11.696000+00:00	27034	cumulative					
7576	2026-07-20 22:49:35.305000+00:00	27037	cumulative					
7577	2026-07-20 22:53:20.346000+00:00	27040	cumulative					
7578	2026-07-20 22:54:57.904000+00:00	27042	cumulative					
7579	2026-07-20 22:56:29.157000+00:00	27042	cumulative					
7580	2026-07-20 22:57:55.699000+00:00	27043	cumulative					
7581	2026-07-20 23:01:55.716000+00:00	27046	cumulative					
7582	2026-07-20 23:27:22.180000+00:00	27046	cumulative					
7583	2026-07-21 02:03:34.553000+00:00	27046	cumulative					
7584	2026-07-21 02:08:04.164000+00:00	27048	cumulative					
7585	2026-07-21 02:09:38.614000+00:00	27048	cumulative					
7586	2026-07-21 02:11:17.062000+00:00	27048	cumulative					
7587	2026-07-21 02:13:05.472000+00:00	27048	cumulative					
7588	2026-07-21 02:16:10.384000+00:00	27048	cumulative					
7589	2026-07-21 02:17:39.642000+00:00	27048	cumulative					
7590	2026-07-21 02:19:04.188000+00:00	27048	cumulative					
7591	2026-07-21 02:20:29.256000+00:00	27048	cumulative					
7592	2026-07-21 02:20:52.438000+00:00	27048	cumulative					
7593	2026-07-21 02:22:33.329000+00:00	27052	cumulative					
7594	2026-07-21 02:24:51.840000+00:00	27053	cumulative					
7595	2026-07-21 02:26:03.883000+00:00	27054	cumulative					
7596	2026-07-21 02:27:59.261000+00:00	27056	cumulative					
7597	2026-07-21 02:29:36.820000+00:00	27057	cumulative					
7598	2026-07-21 02:31:02.971000+00:00	27057	cumulative					
7599	2026-07-21 02:32:33.532000+00:00	27057	cumulative					
7600	2026-07-21 02:38:34.055000+00:00	27057	cumulative					
7601	2026-07-21 02:40:02.513000+00:00	27058	cumulative					
7602	2026-07-21 03:06:37.617000+00:00	27059	cumulative					
7603	2026-07-21 05:33:08.691000+00:00	27059	cumulative					
7604	2026-07-21 05:34:44.604000+00:00	27059	cumulative					
7605	2026-07-21 05:38:44.654000+00:00	27059	cumulative					
7606	2026-07-21 05:40:05.924000+00:00	27059	cumulative					
7607	2026-07-21 05:41:42.503000+00:00	27062	cumulative					
7608	2026-07-21 05:43:21.750000+00:00	27064	cumulative					
7609	2026-07-21 05:44:59.164000+00:00	27064	cumulative					
7610	2026-07-21 05:46:54.011000+00:00	27068	cumulative					
7611	2026-07-21 05:48:24.761000+00:00	27071	cumulative					
7612	2026-07-21 05:49:49.529000+00:00	27072	cumulative					
7613	2026-07-21 06:12:45.975000+00:00	27072	cumulative					
7614	2026-07-21 06:14:59.978000+00:00	27072	cumulative					
7615	2026-07-21 06:16:17.683000+00:00	27072	cumulative					
7616	2026-07-21 06:18:19.145000+00:00	27073	cumulative					
7617	2026-07-21 06:18:32.200000+00:00	27075	cumulative					
7618	2026-07-21 06:20:31.403000+00:00	27076	cumulative					
7619	2026-07-21 06:22:51.012000+00:00	27076	cumulative					
7620	2026-07-21 06:23:47.761000+00:00	27076	cumulative					
7621	2026-07-21 06:25:39.672000+00:00	27076	cumulative					
7622	2026-07-21 06:27:05.007000+00:00	27081	cumulative					
7623	2026-07-21 06:28:29.919000+00:00	27083	cumulative					
7624	2026-07-21 06:31:11.376000+00:00	27085	cumulative					
7625	2026-07-21 06:32:58.008000+00:00	27086	cumulative					
7626	2026-07-21 06:34:44.066000+00:00	27087	cumulative					
7627	2026-07-21 06:38:19.857000+00:00	27091	cumulative					
7628	2026-07-21 06:39:56.090000+00:00	27092	cumulative					
7629	2026-07-21 06:41:44.234000+00:00	27094	cumulative					
7630	2026-07-21 06:42:19.921000+00:00	27094	cumulative					
7631	2026-07-21 06:44:49.831000+00:00	27096	cumulative					
7632	2026-07-21 06:47:07.012000+00:00	27096	cumulative					
7633	2026-07-21 06:48:46.602000+00:00	27096	cumulative					
7634	2026-07-21 06:53:19.859000+00:00	27096	cumulative					
7635	2026-07-21 06:55:45.681000+00:00	27100	cumulative					
7636	2026-07-21 06:56:54.989000+00:00	27101	cumulative					
7637	2026-07-21 06:58:28.410000+00:00	27101	cumulative					
7638	2026-07-21 15:54:19.924000+00:00	27101	cumulative					
7639	2026-07-21 16:05:38.041000+00:00	27102	cumulative					
7640	2026-07-21 16:09:46.842000+00:00	27102	cumulative					
7641	2026-07-21 16:11:30.592000+00:00	27102	cumulative					
7642	2026-07-21 16:14:49.792000+00:00	27102	cumulative					
7643	2026-07-21 16:16:20.210000+00:00	27102	cumulative					
7644	2026-07-21 16:17:48.700000+00:00	27105	cumulative					
7645	2026-07-21 16:21:13.876000+00:00	27105	cumulative					
7646	2026-07-21 16:22:52.769000+00:00	27105	cumulative					
7647	2026-07-21 17:38:54.452000+00:00	27108	cumulative					
7648	2026-07-21 17:43:35.071000+00:00	27108	cumulative					
7649	2026-07-21 23:27:26.975000+00:00	27108	cumulative					
7650	2026-07-21 23:39:31.571000+00:00	27110	cumulative					
7651	2026-07-21 23:41:32.551000+00:00	27111	cumulative					
7652	2026-07-21 23:43:04.430000+00:00	27113	cumulative					
7653	2026-07-21 23:44:12.538000+00:00	27115	cumulative					
7654	2026-07-21 23:45:56.522000+00:00	27115	cumulative					
7655	2026-07-21 23:48:30.068000+00:00	27116	cumulative					
7656	2026-07-21 23:50:48.276000+00:00	27116	cumulative					
7657	2026-07-21 23:56:51.905000+00:00	27119	cumulative					
7658	2026-07-21 23:59:42.092000+00:00	27120	cumulative					
7659	2026-07-22 16:39:29.858000+00:00	27120	cumulative					
7660	2026-07-22 19:16:29.930000+00:00	27120	cumulative					
7661	2026-07-23 00:37:00.951000+00:00	27120	cumulative					
7662	2026-07-23 00:47:21.774000+00:00	27120	cumulative					
7663	2026-07-23 00:50:51.068000+00:00	27120	cumulative					
7664	2026-07-23 00:51:00.932000+00:00	27120	cumulative					
7665	2026-07-23 00:55:17.392000+00:00	27121	cumulative					
7666	2026-07-23 00:56:20.655000+00:00	27123	cumulative					
7667	2026-07-23 00:58:32.551000+00:00	27123	cumulative					
7668	2026-07-23 01:01:11.207000+00:00	27123	cumulative					
7669	2026-07-23 01:03:09.262000+00:00	27126	cumulative					
7670	2026-07-23 01:04:11.359000+00:00	27129	cumulative					
7671	2026-07-23 03:56:08.634000+00:00	27130	cumulative					
7672	2026-07-23 03:57:55.325000+00:00	27130	cumulative					
7673	2026-07-23 03:59:31.995000+00:00	27130	cumulative					
7674	2026-07-23 04:01:35.846000+00:00	27130	cumulative					
7675	2026-07-23 04:07:20.894000+00:00	27133	cumulative					
7676	2026-07-23 04:08:59.345000+00:00	27138	cumulative					
7677	2026-07-23 04:10:43.033000+00:00	27141	cumulative					
7678	2026-07-23 04:12:34.073000+00:00	27142	cumulative					
7679	2026-07-23 04:14:10.847000+00:00	27143	cumulative					
7680	2026-07-23 04:39:38.754000+00:00	27143	cumulative					
7681	2026-07-23 04:41:19.904000+00:00	27143	cumulative					
7682	2026-07-23 04:42:52.781000+00:00	27143	cumulative					
7683	2026-07-23 04:44:38.613000+00:00	27143	cumulative					
7684	2026-07-23 04:46:36.751000+00:00	27144	cumulative					
7685	2026-07-23 04:48:15.479000+00:00	27144	cumulative					
7686	2026-07-23 04:49:53.666000+00:00	27145	cumulative					
7687	2026-07-23 04:52:03.728000+00:00	27145	cumulative					
7688	2026-07-23 04:53:30.775000+00:00	27146	cumulative					
7689	2026-07-23 04:55:28.829000+00:00	27148	cumulative					
7690	2026-07-23 04:58:38.598000+00:00	27148	cumulative					
7691	2026-07-23 05:00:33.557000+00:00	27148	cumulative					
7692	2026-07-23 05:02:17.998000+00:00	27149	cumulative					
7693	2026-07-23 05:03:51.975000+00:00	27149	cumulative					
7694	2026-07-23 05:04:34.801000+00:00	27150	cumulative					
7695	2026-07-23 05:06:21.226000+00:00	27151	cumulative					
7696	2026-07-23 05:06:59.341000+00:00	27153	cumulative					
7697	2026-07-23 05:10:16.602000+00:00	27153	cumulative					
7698	2026-07-23 05:12:04.655000+00:00	27153	cumulative					
7699	2026-07-23 05:13:53.446000+00:00	27158	cumulative					
7700	2026-07-23 05:15:48.380000+00:00	27158	cumulative					
7701	2026-07-23 05:16:48.726000+00:00	27158	cumulative					
7702	2026-07-23 05:35:49.833000+00:00	27166	cumulative					
7703	2026-07-23 05:37:22.791000+00:00	27168	cumulative					
7704	2026-07-23 05:38:50.283000+00:00	27168	cumulative					
7705	2026-07-23 05:40:13.632000+00:00	27168	cumulative					
7706	2026-07-23 05:41:54.903000+00:00	27170	cumulative					
7707	2026-07-23 05:44:27.641000+00:00	27171	cumulative					
7708	2026-07-23 05:46:18.653000+00:00	27172	cumulative					
7709	2026-07-23 05:48:03.075000+00:00	27173	cumulative					
7710	2026-07-23 05:49:44.849000+00:00	27178	cumulative					
7711	2026-07-23 05:51:35.026000+00:00	27178	cumulative					
7712	2026-07-23 05:53:17.983000+00:00	27178	cumulative					
7713	2026-07-23 05:55:06.926000+00:00	27181	cumulative					
7714	2026-07-23 05:56:59.302000+00:00	27182	cumulative					
7715	2026-07-23 05:59:46.250000+00:00	27186	cumulative					
7716	2026-07-23 06:00:04.261000+00:00	27186	cumulative					
7717	2026-07-23 06:00:30.243000+00:00	27188	cumulative					
7718	2026-07-23 06:02:52.183000+00:00	27188	cumulative					
7719	2026-07-23 06:04:40.879000+00:00	27191	cumulative					
7720	2026-07-23 06:07:07.023000+00:00	27192	cumulative					
7721	2026-07-23 06:08:55.329000+00:00	27192	cumulative					
7722	2026-07-23 06:38:23.218000+00:00	27192	cumulative					
7723	2026-07-23 06:40:03.137000+00:00	27193	cumulative					
7724	2026-07-23 06:41:43.585000+00:00	27194	cumulative					
7725	2026-07-23 06:48:02.510000+00:00	27195	cumulative					
7726	2026-07-23 06:49:51.802000+00:00	27195	cumulative					
7727	2026-07-23 06:51:15.979000+00:00	27196	cumulative					
7728	2026-07-23 06:52:35.330000+00:00	27197	cumulative					
7729	2026-07-23 06:54:22.511000+00:00	27197	cumulative					
7730	2026-07-23 06:55:43.808000+00:00	27197	cumulative					
7731	2026-07-23 06:57:44.095000+00:00	27197	cumulative					
7732	2026-07-23 06:58:40.949000+00:00	27197	cumulative					
7733	2026-07-23 07:00:41.591000+00:00	27198	cumulative					
7734	2026-07-23 07:01:40.705000+00:00	27198	cumulative					
7735	2026-07-23 07:03:41.515000+00:00	27198	cumulative					
7736	2026-07-23 07:05:01.736000+00:00	27198	cumulative					
7737	2026-07-23 07:06:37.252000+00:00	27199	cumulative					
7738	2026-07-23 07:07:28.553000+00:00	27200	cumulative					
7739	2026-07-23 16:38:14.611000+00:00	27200	cumulative					
7740	2026-07-23 16:39:34.936000+00:00	27204	cumulative					
7741	2026-07-23 16:41:18.952000+00:00	27204	cumulative					
7742	2026-07-23 16:42:31.578000+00:00	27206	cumulative					
7743	2026-07-23 16:43:59.010000+00:00	27208	cumulative					
7744	2026-07-23 16:45:43.273000+00:00	27210	cumulative					
7745	2026-07-23 16:46:45.602000+00:00	27210	cumulative					
7746	2026-07-23 16:48:56.200000+00:00	27211	cumulative					
7747	2026-07-23 17:10:37.354000+00:00	27211	cumulative					
7748	2026-07-23 19:32:37.419000+00:00	27211	cumulative					
7749	2026-07-24 07:20:04.292000+00:00	27211	cumulative					
7750	2026-07-24 07:22:03.856000+00:00	27211	cumulative					
7751	2026-07-24 07:23:51.132000+00:00	27213	cumulative					
7752	2026-07-24 07:25:30.665000+00:00	27213	cumulative					
7753	2026-07-24 07:27:00.660000+00:00	27216	cumulative					
7754	2026-07-24 07:28:28.403000+00:00	27217	cumulative					
7755	2026-07-24 07:29:57.632000+00:00	27217	cumulative					
7756	2026-07-24 07:32:07.230000+00:00	27218	cumulative					
7757	2026-07-24 07:34:55.278000+00:00	27218	cumulative					
7758	2026-07-24 07:51:06.997000+00:00	27220	cumulative					
7759	2026-07-24 07:56:23.729000+00:00	27221	cumulative					
7760	2026-07-24 21:17:57.358000+00:00	27224	cumulative					
7761	2026-07-27 15:56:19.289000+00:00	27224	cumulative					
7762	2026-07-27 16:16:45.843000+00:00	27224	cumulative					
7763	2026-07-27 16:18:25.295000+00:00	27228	cumulative					
7764	2026-07-27 22:27:47.542000+00:00	27228	cumulative					
7765	2026-07-28 05:44:43.578000+00:00	27230	cumulative					
7766	2026-07-28 05:45:50.979000+00:00	27231	cumulative					
7767	2026-07-28 17:40:00.070000+00:00	27231	cumulative					
7768	2026-07-28 17:48:37.441000+00:00	27232	cumulative					
7769	2026-07-28 17:50:05.585000+00:00	27233	cumulative					
7770	2026-07-28 23:47:16.370000+00:00	27233	cumulative					
7771	2026-07-28 23:48:35.171000+00:00	27234	cumulative					
7772	2026-07-30 16:57:34.483000+00:00	27234	cumulative					
7773	2026-07-30 16:59:02.996000+00:00	27237	cumulative					
7774	2026-07-30 16:59:37.622000+00:00	27238	cumulative					
7775	2026-07-30 17:00:53.123000+00:00	27241	cumulative					
7776	2026-07-30 17:03:50.650000+00:00	27244	cumulative					
7777	2026-07-30 17:05:19.990000+00:00	27244	cumulative					
7778	2026-07-30 17:06:55.023000+00:00	27248	cumulative					
7779	2026-07-30 17:08:26.019000+00:00	27249	cumulative					
7780	2026-07-30 17:10:00.212000+00:00	27249	cumulative					
7781	2026-07-30 17:12:33.813000+00:00	27250	cumulative					
7782	2026-07-30 17:14:12.200000+00:00	27251	cumulative					
7783	2026-07-30 17:15:47.152000+00:00	27252	cumulative					
7784	2026-07-30 17:49:58.830000+00:00	27252	cumulative					
7785	2026-07-30 17:51:37.845000+00:00	27253	cumulative					
7786	2026-07-30 17:53:03.277000+00:00	27253	cumulative					
7787	2026-07-30 17:58:06.904000+00:00	27256	cumulative					
7788	2026-07-30 18:03:37.765000+00:00	27258	cumulative					
7789	2026-07-30 18:06:48.092000+00:00	27261	cumulative					
7790	2026-07-30 18:08:20.240000+00:00	27261	cumulative					
7791	2026-07-30 18:09:57.323000+00:00	27268	cumulative					
7792	2026-07-30 18:11:31.397000+00:00	27269	cumulative					
7793	2026-07-30 18:13:18.960000+00:00	27271	cumulative					
7794	2026-07-30 18:21:28.472000+00:00	27271	cumulative					
7795	2026-07-30 18:44:36.267000+00:00	27276	cumulative					
7796	2026-07-30 18:51:23.734000+00:00	27277	cumulative					
7797	2026-07-30 18:56:41.965000+00:00	27277	cumulative					
7798	2026-07-30 19:07:09.834000+00:00	27277	cumulative					
7799	2026-07-30 19:10:07.868000+00:00	27277	cumulative					
7800	2026-07-30 19:11:40.173000+00:00	27278	cumulative					
7801	2026-07-30 19:13:26.685000+00:00	27279	cumulative					
7802	2026-07-30 19:15:00.935000+00:00	27282	cumulative					
7803	2026-07-30 19:27:42.766000+00:00	27283	cumulative					
7804	2026-07-30 19:30:13.978000+00:00	27283	cumulative					
7805	2026-07-30 20:20:12.954000+00:00	27283	cumulative					
7806	2026-07-30 20:33:11.628000+00:00	27285	cumulative					
7807	2026-07-30 20:38:28.594000+00:00	27285	cumulative					
7808	2026-07-31 18:45:43.147000+00:00	27287	cumulative					
7809	2026-07-31 18:51:22.584000+00:00	27288	cumulative					
7810	2026-07-31 18:53:52.614000+00:00	27288	cumulative					
7811	2026-07-31 18:56:46.440000+00:00	27288	cumulative					
7812	2026-07-31 18:57:13.533000+00:00	27289	cumulative					
7813	2026-07-31 19:00:04.816000+00:00	27291	cumulative					
7814	2026-07-31 19:01:29.032000+00:00	27291	cumulative					
7815	2026-07-31 19:02:15.089000+00:00	27291	cumulative					
7816	2026-07-31 19:04:35.641000+00:00	27293	cumulative					
7817	2026-07-31 19:06:22.949000+00:00	27295	cumulative					
7818	2026-07-31 19:07:59.514000+00:00	27295	cumulative					
7819	2026-07-31 19:09:55.737000+00:00	27296	cumulative					
7820	2026-07-31 19:10:56.841000+00:00	27296	cumulative					
7821	2026-07-31 19:12:23.465000+00:00	27298	cumulative					
7822	2026-07-31 19:13:54.539000+00:00	27298	cumulative					
7823	2026-07-31 19:16:29.020000+00:00	27299	cumulative					
7824	2026-07-31 19:19:38.225000+00:00	27302	cumulative					
7825	2026-07-31 19:21:36.458000+00:00	27303	cumulative					
7826	2026-07-31 19:27:26.843000+00:00	27303	cumulative					
7827	2026-07-31 19:28:56.302000+00:00	27303	cumulative					
7828	2026-07-31 19:30:43.471000+00:00	27304	cumulative					
7829	2026-07-31 19:32:28.202000+00:00	27304	cumulative					
7830	2026-07-31 19:34:05.497000+00:00	27305	cumulative					
7831	2026-07-31 19:35:53.016000+00:00	27309	cumulative					
7832	2026-07-31 19:37:29.893000+00:00	27311	cumulative					
7833	2026-07-31 19:40:12.853000+00:00	27312	cumulative					
7834	2026-07-31 19:41:29.611000+00:00	27312	cumulative					
7835	2026-07-31 19:44:00.411000+00:00	27315	cumulative					
7836	2026-07-31 19:46:23.890000+00:00	27315	cumulative					
7837	2026-07-31 19:48:42.591000+00:00	27320	cumulative					
7838	2026-07-31 19:49:55.681000+00:00	27323	cumulative					
7839	2026-07-31 19:52:51.030000+00:00	27323	cumulative					
7840	2026-07-31 19:53:43.887000+00:00	27325	cumulative					
7841	2026-07-31 19:55:11.549000+00:00	27327	cumulative					
7842	2026-07-31 19:57:18.108000+00:00	27333	cumulative					
7843	2026-07-31 20:01:11.096000+00:00	27333	cumulative					
7844	2026-07-31 20:24:29.622000+00:00	27334	cumulative					
7845	2026-07-31 20:27:26.218000+00:00	27334	cumulative					
7846	2026-07-31 20:29:52.245000+00:00	27334	cumulative					
7847	2026-07-31 20:30:28.242000+00:00	27334	cumulative					
7848	2026-07-31 20:31:42.958000+00:00	27336	cumulative					
7849	2026-07-31 20:33:10.101000+00:00	27338	cumulative					
7850	2026-07-31 20:36:00.581000+00:00	27341	cumulative					
7851	2026-07-31 20:37:45.828000+00:00	27341	cumulative					
7852	2026-07-31 20:38:53.696000+00:00	27341	cumulative					
7853	2026-07-31 20:41:41.812000+00:00	27342	cumulative					
7854	2026-07-31 20:54:15.357000+00:00	27342	cumulative					
7855	2026-07-31 20:56:39.324000+00:00	27342	cumulative					
7856	2026-07-31 20:58:21.266000+00:00	27342	cumulative					
7857	2026-07-31 21:00:10.854000+00:00	27343	cumulative					
7858	2026-07-31 21:01:18.440000+00:00	27343	cumulative					
7859	2026-07-31 21:02:53.563000+00:00	27350	cumulative					
7860	2026-07-31 21:03:40.421000+00:00	27350	cumulative					
7861	2026-07-31 21:04:57.866000+00:00	27351	cumulative					
7862	2026-07-31 21:07:02.825000+00:00	27353	cumulative					
7863	2026-07-31 21:10:19.760000+00:00	27355	cumulative					
7864	2026-07-31 21:12:29.973000+00:00	27355	cumulative					
7865	2026-07-31 21:13:54.835000+00:00	27356	cumulative					
7866	2026-07-31 21:15:29.632000+00:00	27356	cumulative					
7867	2026-07-31 21:16:57.075000+00:00	27365	cumulative					
7868	2026-07-31 21:18:39.650000+00:00	27367	cumulative					
7869	2026-07-31 21:20:21.412000+00:00	27367	cumulative					
7870	2026-07-31 21:27:15.168000+00:00	27367	cumulative					
7871	2026-07-31 21:29:26.010000+00:00	27367	cumulative					
7872	2026-07-31 21:31:25.798000+00:00	27368	cumulative					
7873	2026-07-31 21:32:47.138000+00:00	27370	cumulative					
7874	2026-07-31 21:34:11.401000+00:00	27373	cumulative					
7875	2026-07-31 21:36:30.301000+00:00	27375	cumulative					
7876	2026-07-31 22:03:44.725000+00:00	27375	cumulative					
7877	2026-07-31 22:06:04.286000+00:00	27377	cumulative					
7878	2026-07-31 22:07:40.417000+00:00	27379	cumulative					
7879	2026-07-31 22:09:09.020000+00:00	27380	cumulative					
7880	2026-07-31 22:10:42.004000+00:00	27382	cumulative					
7881	2026-07-31 22:12:21.048000+00:00	27382	cumulative					
7882	2026-07-31 22:13:33.385000+00:00	27383	cumulative					
7883	2026-07-31 22:20:14.434000+00:00	27383	cumulative					
7884	2026-07-31 22:21:43.865000+00:00	27384	cumulative					
7885	2026-07-31 22:23:52.870000+00:00	27384	cumulative					
7886	2026-07-31 22:24:50.585000+00:00	27384	cumulative					
7887	2026-07-31 22:29:03.425000+00:00	27384	cumulative					
7888	2026-07-31 22:30:54.777000+00:00	27387	cumulative					
7889	2026-07-31 22:32:36.885000+00:00	27395	cumulative					
7890	2026-07-31 22:36:02.098000+00:00	27395	cumulative					
7891	2026-07-31 22:36:44.866000+00:00	27397	cumulative					
7892	2026-07-31 22:39:13.582000+00:00	27397	cumulative					
7893	2026-07-31 22:47:25.263000+00:00	27398	cumulative					
7894	2026-07-31 22:48:55.784000+00:00	27399	cumulative					
7895	2026-07-31 22:51:11.520000+00:00	27402	cumulative					
7896	2026-07-31 22:55:39.853000+00:00	27402	cumulative					
7897	2026-07-31 22:59:14.413000+00:00	27404	cumulative					
7898	2026-07-31 23:00:13.646000+00:00	27405	cumulative					
7899	2026-07-31 23:02:34.998000+00:00	27407	cumulative					
7900	2026-07-31 23:05:50.688000+00:00	27407	cumulative					
7901	2026-07-31 23:08:51.712000+00:00	27407	cumulative					
7902	2026-07-31 23:11:39.642000+00:00	27408	cumulative					
7903	2026-07-31 23:14:34.272000+00:00	27408	cumulative					
7904	2026-07-31 23:19:40.835000+00:00	27413	cumulative					
7905	2026-07-31 23:23:11.087000+00:00	27415	cumulative					
7906	2026-07-31 23:26:39.844000+00:00	27415	cumulative					
7907	2026-07-31 23:36:02.433000+00:00	27415	cumulative					
7908	2026-07-31 23:41:03.098000+00:00	27419	cumulative					
7909	2026-08-01 00:14:12.533000+00:00	27419	cumulative					
7910	2026-08-01 04:21:03.401000+00:00	27421	cumulative					
7911	2026-08-01 04:49:48.610000+00:00	27421	cumulative					
7912	2026-08-01 04:52:57.023000+00:00	27421	cumulative					
7913	2026-08-01 04:59:41.835000+00:00	27424	cumulative					
7914	2026-08-01 05:02:01.836000+00:00	27425	cumulative					
7915	2026-08-01 05:07:59.410000+00:00	27425	cumulative					
7916	2026-08-01 05:10:33.957000+00:00	27425	cumulative					
7917	2026-08-01 05:15:57.916000+00:00	27425	cumulative					
7918	2026-08-01 05:29:15.741000+00:00	27427	cumulative					
7919	2026-08-01 05:31:25.719000+00:00	27428	cumulative					
7920	2026-08-01 05:35:32.223000+00:00	27429	cumulative					
7921	2026-08-01 05:37:55.400000+00:00	27434	cumulative					
7922	2026-08-01 05:41:51.986000+00:00	27434	cumulative					
7923	2026-08-01 05:43:18.133000+00:00	27434	cumulative					
7924	2026-08-01 05:46:04.166000+00:00	27436	cumulative					
7925	2026-08-01 05:48:17.792000+00:00	27439	cumulative					
7926	2026-08-01 05:55:08.815000+00:00	27439	cumulative					
7927	2026-08-01 05:57:25.917000+00:00	27439	cumulative					
7928	2026-08-01 06:00:11.306000+00:00	27439	cumulative					
7929	2026-08-01 06:27:25.172000+00:00	27443	cumulative					
7930	2026-08-01 19:19:20.969000+00:00	27444	cumulative					
7931	2026-08-01 19:22:41.266000+00:00	27448	cumulative					
7932	2026-08-01 19:24:39.430000+00:00	27448	cumulative					
7933	2026-08-01 19:38:06.314000+00:00	27450	cumulative					
7934	2026-08-01 19:40:08.537000+00:00	27450	cumulative					
7935	2026-08-01 19:42:29.256000+00:00	27450	cumulative					
7936	2026-08-01 19:44:40.283000+00:00	27451	cumulative					
7937	2026-08-01 19:48:48.041000+00:00	27451	cumulative					
7939	2026-08-01 21:37:32.057000+00:00	27451	cumulative					
7940	2026-08-01 21:44:16.947000+00:00	27451	cumulative					
7941	2026-08-01 21:46:46.212000+00:00	27457	cumulative					
7942	2026-08-01 21:56:27.058000+00:00	27457	cumulative					
7943	2026-08-01 21:58:01.010000+00:00	27460	cumulative					
7944	2026-08-01 21:59:42.631000+00:00	27462	cumulative					
7945	2026-08-01 22:01:30.218000+00:00	27464	cumulative					
7946	2026-08-01 22:02:56.877000+00:00	27466	cumulative					
7947	2026-08-01 22:04:41.245000+00:00	27466	cumulative					
7948	2026-08-01 22:07:26.861000+00:00	27468	cumulative					
7949	2026-08-01 22:09:04.232000+00:00	27470	cumulative					
7950	2026-08-01 22:10:37.781000+00:00	27470	cumulative					
7951	2026-08-01 22:12:37.799000+00:00	27470	cumulative					
7952	2026-08-01 22:19:44.701000+00:00	27471	cumulative					
7953	2026-08-01 22:21:44.806000+00:00	27472	cumulative					
7954	2026-08-01 22:23:38.176000+00:00	27474	cumulative					
7955	2026-08-01 22:25:04.591000+00:00	27476	cumulative					
7956	2026-08-01 22:26:41.054000+00:00	27476	cumulative					
7957	2026-08-01 22:31:46.105000+00:00	27477	cumulative					
7958	2026-08-01 22:33:35.737000+00:00	27478	cumulative					
7959	2026-08-01 22:34:01.856000+00:00	27479	cumulative					
7960	2026-08-01 22:39:29.491000+00:00	27483	cumulative					
7961	2026-08-01 22:41:37.729000+00:00	27487	cumulative					
7962	2026-08-01 22:43:05.389000+00:00	27487	cumulative					
7963	2026-08-01 22:46:06.665000+00:00	27487	cumulative					
7964	2026-08-01 22:49:14.966000+00:00	27492	cumulative					
7965	2026-08-01 22:51:53.301000+00:00	27492	cumulative					
7966	2026-08-01 22:53:37.934000+00:00	27495	cumulative					
7967	2026-08-01 22:55:07.136000+00:00	27495	cumulative					
7968	2026-08-01 22:56:48.195000+00:00	27496	cumulative					
7969	2026-08-01 22:58:30.631000+00:00	27500	cumulative					
7970	2026-08-01 22:59:53.936000+00:00	27500	cumulative					
7971	2026-08-01 23:01:31.156000+00:00	27501	cumulative					
7972	2026-08-01 23:03:06.183000+00:00	27504	cumulative					
7973	2026-08-01 23:04:37.802000+00:00	27504	cumulative					
7974	2026-08-01 23:06:11.477000+00:00	27506	cumulative					
7975	2026-08-02 06:21:26.689000+00:00	27507	cumulative					
7976	2026-08-02 07:55:54.866000+00:00	27507	cumulative					
7977	2026-08-02 08:06:07.223000+00:00	27507	cumulative					
7978	2026-08-02 08:12:37.803000+00:00	27511	cumulative					
7979	2026-08-02 08:15:18.560000+00:00	27514	cumulative					
7980	2026-08-02 08:15:57.053000+00:00	27517	cumulative					
7981	2026-08-02 08:18:31.995000+00:00	27517	cumulative					
7982	2026-08-02 08:20:33.726000+00:00	27517	cumulative					
7983	2026-08-02 08:21:52.059000+00:00	27517	cumulative					
7984	2026-08-02 08:23:21.565000+00:00	27517	cumulative					
7985	2026-08-02 08:25:03.350000+00:00	27520	cumulative					
7986	2026-08-02 08:39:15.446000+00:00	27520	cumulative					
7987	2026-08-02 18:43:10.799000+00:00	27521	cumulative					
7988	2026-08-02 18:46:43.684000+00:00	27524	cumulative					
7989	2026-08-02 18:48:10.739000+00:00	27524	cumulative					
7990	2026-08-02 18:49:39.786000+00:00	27524	cumulative					
7991	2026-08-02 18:51:11.319000+00:00	27525	cumulative					
7992	2026-08-02 18:52:41.650000+00:00	27526	cumulative					
7993	2026-08-02 18:54:05.968000+00:00	27526	cumulative					
7994	2026-08-02 18:55:32.424000+00:00	27526	cumulative					
7995	2026-08-02 18:57:06.882000+00:00	27528	cumulative					
7996	2026-08-02 18:58:22.001000+00:00	27528	cumulative					
7997	2026-08-02 19:00:03.076000+00:00	27529	cumulative					
7998	2026-08-02 19:01:28.271000+00:00	27529	cumulative					
7999	2026-08-02 19:02:53.235000+00:00	27533	cumulative					
8000	2026-08-02 19:04:18.793000+00:00	27533	cumulative					
8001	2026-08-02 19:05:51.451000+00:00	27533	cumulative					
8002	2026-08-02 19:07:34.616000+00:00	27533	cumulative					
8003	2026-08-02 19:09:38.186000+00:00	27534	cumulative					
8004	2026-08-02 19:11:12.745000+00:00	27536	cumulative					
8005	2026-08-02 19:12:31.620000+00:00	27536	cumulative					
8006	2026-08-02 19:14:10.358000+00:00	27536	cumulative					
8007	2026-08-02 19:15:44.848000+00:00	27536	cumulative					
8008	2026-08-02 19:16:45.069000+00:00	27539	cumulative					
8009	2026-08-02 19:22:45.366000+00:00	27540	cumulative					
8010	2026-08-02 19:27:46.724000+00:00	27540	cumulative					
8011	2026-08-02 21:01:52.087000+00:00	27540	cumulative					
8012	2026-08-02 21:03:20.442000+00:00	27540	cumulative					
8013	2026-08-02 21:05:49.416000+00:00	27543	cumulative					
8014	2026-08-03 06:16:16.746000+00:00	27543	cumulative					
8015	2026-08-03 06:25:45.139000+00:00	27543	cumulative					
8016	2026-08-03 06:28:40.582000+00:00	27546	cumulative					
8017	2026-08-03 06:30:13.942000+00:00	27546	cumulative					
8018	2026-08-03 06:31:59.421000+00:00	27546	cumulative					
8019	2026-08-03 06:33:27.918000+00:00	27546	cumulative					
8020	2026-08-03 06:37:04.743000+00:00	27546	cumulative					
8021	2026-08-03 06:38:34.105000+00:00	27546	cumulative					
8022	2026-08-03 06:40:07.009000+00:00	27548	cumulative					
8023	2026-08-03 06:41:35.778000+00:00	27552	cumulative					
8024	2026-08-03 06:43:08.686000+00:00	27552	cumulative					
8025	2026-08-03 06:44:47.357000+00:00	27552	cumulative					
8026	2026-08-03 06:46:20.290000+00:00	27554	cumulative					
8027	2026-08-03 06:47:51.832000+00:00	27556	cumulative					
8028	2026-08-03 06:50:06.405000+00:00	27556	cumulative					
8029	2026-08-03 06:51:40.475000+00:00	27556	cumulative					
8030	2026-08-03 06:55:02.238000+00:00	27558	cumulative					
8031	2026-08-03 06:56:35.990000+00:00	27558	cumulative					
8032	2026-08-03 06:58:08.812000+00:00	27558	cumulative					
8033	2026-08-03 06:59:40.438000+00:00	27560	cumulative					
8034	2026-08-03 07:01:14.020000+00:00	27562	cumulative					
8035	2026-08-03 07:02:45.480000+00:00	27563	cumulative					
8036	2026-08-03 07:04:10.922000+00:00	27565	cumulative					
8037	2026-08-03 07:05:36.106000+00:00	27565	cumulative					
8038	2026-08-03 07:07:04.572000+00:00	27566	cumulative					
8039	2026-08-03 07:10:04.757000+00:00	27567	cumulative					
8040	2026-08-03 07:11:50.554000+00:00	27569	cumulative					
8041	2026-08-03 07:13:21.962000+00:00	27569	cumulative					
8042	2026-08-03 07:13:45.656000+00:00	27573	cumulative					
8043	2026-08-03 07:17:07.079000+00:00	27574	cumulative					
8044	2026-08-03 07:18:37.012000+00:00	27578	cumulative					
8045	2026-08-03 07:20:12.345000+00:00	27578	cumulative					
8046	2026-08-03 07:22:05.164000+00:00	27579	cumulative					
8047	2026-08-03 07:24:13.525000+00:00	27579	cumulative					
8048	2026-08-03 07:26:20.785000+00:00	27579	cumulative					
8049	2026-08-03 07:29:33.394000+00:00	27582	cumulative					
8050	2026-08-03 07:31:10.498000+00:00	27582	cumulative					
8051	2026-08-03 07:31:41.249000+00:00	27582	cumulative					
8052	2026-08-03 07:34:40.071000+00:00	27584	cumulative					
8053	2026-08-03 07:37:38.129000+00:00	27586	cumulative					
8054	2026-08-03 07:42:28.481000+00:00	27586	cumulative					
8055	2026-08-03 07:51:26.744000+00:00	27586	cumulative					
8056	2026-08-03 07:55:59.500000+00:00	27590	cumulative					
8057	2026-08-03 07:58:05.235000+00:00	27590	cumulative					
8058	2026-08-03 07:59:33.001000+00:00	27590	cumulative					
8059	2026-08-03 08:01:07.179000+00:00	27591	cumulative					
8060	2026-08-03 08:02:37.692000+00:00	27591	cumulative					
8061	2026-08-03 08:02:47.243000+00:00	27591	cumulative					
8062	2026-08-03 08:06:00.055000+00:00	27592	cumulative					
8063	2026-08-03 08:09:02.810000+00:00	27593	cumulative					
8064	2026-08-03 08:10:32.790000+00:00	27594	cumulative					
8065	2026-08-03 08:11:59.797000+00:00	27594	cumulative					
8066	2026-08-03 08:14:22.417000+00:00	27594	cumulative					
8067	2026-08-03 08:14:38.025000+00:00	27594	cumulative					
8068	2026-08-03 08:16:32.009000+00:00	27594	cumulative					
8069	2026-08-03 08:18:02.541000+00:00	27597	cumulative					
8070	2026-08-03 08:19:57.778000+00:00	27597	cumulative					
8071	2026-08-03 08:21:58.862000+00:00	27598	cumulative					
8072	2026-08-03 08:23:03.090000+00:00	27598	cumulative					
8073	2026-08-03 08:24:31.543000+00:00	27602	cumulative					
8074	2026-08-03 08:26:05.115000+00:00	27602	cumulative					
8075	2026-08-03 08:27:36.880000+00:00	27604	cumulative					
8076	2026-08-03 08:29:41.306000+00:00	27605	cumulative					
8077	2026-08-03 08:31:09.179000+00:00	27606	cumulative					
8078	2026-08-03 08:33:05.990000+00:00	27607	cumulative					
8079	2026-08-03 08:34:10.804000+00:00	27607	cumulative					
8080	2026-08-03 08:36:06.546000+00:00	27612	cumulative					
8081	2026-08-03 08:38:00.635000+00:00	27612	cumulative					
8082	2026-08-03 08:41:01.189000+00:00	27612	cumulative					
8083	2026-08-03 17:40:12.639000+00:00	27614	cumulative					
8084	2026-08-03 17:44:15.006000+00:00	27615	cumulative					
8085	2026-08-03 17:46:04.237000+00:00	27616	cumulative					
8086	2026-08-03 17:48:10.594000+00:00	27617	cumulative					
8087	2026-08-03 17:50:08.258000+00:00	27617	cumulative					
8088	2026-08-03 17:51:48.916000+00:00	27618	cumulative					
8089	2026-08-03 17:53:18.613000+00:00	27621	cumulative					
8090	2026-08-03 17:55:42.892000+00:00	27622	cumulative					
8091	2026-08-03 17:57:30.814000+00:00	27623	cumulative					
8092	2026-08-03 17:58:55.030000+00:00	27623	cumulative					
8093	2026-08-03 18:05:23.645000+00:00	27624	cumulative					
8094	2026-08-03 18:07:20.637000+00:00	27626	cumulative					
8095	2026-08-03 18:09:07.905000+00:00	27629	cumulative					
8096	2026-08-03 18:10:34.112000+00:00	27629	cumulative					
8097	2026-08-03 19:06:45.046000+00:00	27630	cumulative					
8098	2026-08-03 19:15:24.527000+00:00	27630	cumulative					
8099	2026-08-03 19:16:49.053000+00:00	27634	cumulative					
8100	2026-08-03 19:28:49.593000+00:00	27634	cumulative					
8101	2026-08-03 19:31:17.891000+00:00	27636	cumulative					
8102	2026-08-03 19:32:57.360000+00:00	27636	cumulative					
8103	2026-08-03 19:34:00.441000+00:00	27636	cumulative					
8104	2026-08-03 19:35:08.718000+00:00	27636	cumulative					
8105	2026-08-03 19:38:18.822000+00:00	27637	cumulative					
8106	2026-08-04 03:50:10.719000+00:00	27641	cumulative					
8107	2026-08-04 04:04:47.166000+00:00	27645	cumulative					
8108	2026-08-04 04:13:35.074000+00:00	27646	cumulative					
8109	2026-08-04 04:18:12.939000+00:00	27651	cumulative					
8110	2026-08-04 04:20:15.300000+00:00	27651	cumulative					
8111	2026-08-04 04:22:11.410000+00:00	27651	cumulative					
8112	2026-08-04 04:24:27.101000+00:00	27653	cumulative					
8113	2026-08-04 04:25:19.838000+00:00	27654	cumulative					
8114	2026-08-04 04:39:05.194000+00:00	27654	cumulative					
8116	2026-08-04 04:55:46.145000+00:00	27654	cumulative					
8117	2026-08-04 05:22:59.484000+00:00	27654	cumulative					
8118	2026-08-04 05:24:52.664000+00:00	27655	cumulative					
8119	2026-08-04 05:26:18.582000+00:00	27655	cumulative					
8120	2026-08-04 05:28:00.619000+00:00	27656	cumulative					
8121	2026-08-04 05:30:21.807000+00:00	27656	cumulative					
8122	2026-08-04 05:32:07.505000+00:00	27657	cumulative					
8123	2026-08-04 05:33:36.991000+00:00	27665	cumulative					
8124	2026-08-04 05:35:01.386000+00:00	27667	cumulative					
8125	2026-08-04 05:39:57.945000+00:00	27669	cumulative					
8126	2026-08-04 05:41:45.071000+00:00	27670	cumulative					
8127	2026-08-04 05:43:19.252000+00:00	27670	cumulative					
8128	2026-08-04 05:45:46.225000+00:00	27671	cumulative					
8129	2026-08-04 05:47:45.329000+00:00	27671	cumulative					
8130	2026-08-04 05:49:10.546000+00:00	27675	cumulative					
8131	2026-08-04 05:50:51.502000+00:00	27675	cumulative					
8132	2026-08-04 05:52:40.521000+00:00	27675	cumulative					
8133	2026-08-04 05:54:22.061000+00:00	27675	cumulative					
8134	2026-08-04 05:58:41.948000+00:00	27676	cumulative					
8135	2026-08-04 06:01:20.361000+00:00	27676	cumulative					
8136	2026-08-04 06:03:20.331000+00:00	27679	cumulative					
8137	2026-08-04 06:06:22.699000+00:00	27683	cumulative					
8138	2026-08-04 06:10:26.721000+00:00	27684	cumulative					
8139	2026-08-04 06:12:17.568000+00:00	27685	cumulative					
8140	2026-08-04 06:16:41.997000+00:00	27685	cumulative					
8141	2026-08-04 06:18:33.687000+00:00	27685	cumulative					
8142	2026-08-04 06:22:09.869000+00:00	27685	cumulative					
8143	2026-08-04 15:56:03.790000+00:00	27685	cumulative					
8144	2026-08-04 15:57:40.750000+00:00	27687	cumulative					
8145	2026-09-08 17:13:27.358000+00:00	27688	cumulative					
8146	2026-09-08 17:15:45.084000+00:00	27688	cumulative					
8147	2026-09-08 17:19:29.668000+00:00	27688	cumulative					
8148	2026-09-08 17:21:06.670000+00:00	27689	cumulative					
8149	2026-09-08 17:21:38.702000+00:00	27690	cumulative					
8150	2026-09-08 17:23:41.920000+00:00	27693	cumulative					
8151	2026-09-08 17:26:33.199000+00:00	27693	cumulative					
8152	2026-09-08 17:28:28.594000+00:00	27696	cumulative					
8153	2026-09-08 17:29:22.079000+00:00	27696	cumulative					
8154	2026-09-08 17:30:39.472000+00:00	27698	cumulative					
8155	2026-09-08 17:33:41.086000+00:00	27698	cumulative					
8156	2026-09-09 15:59:48.408000+00:00	27698	cumulative					
8157	2026-09-09 16:01:57.802000+00:00	27703	cumulative					
8158	2026-09-09 16:03:50.200000+00:00	27703	cumulative					
8159	2026-09-09 16:07:22.882000+00:00	27703	cumulative					
8160	2026-09-09 16:09:09.347000+00:00	27703	cumulative					
8161	2026-09-09 16:10:31.637000+00:00	27703	cumulative					
8162	2026-09-10 14:52:08.296000+00:00	27705	cumulative					
8163	2026-09-10 14:53:34.386000+00:00	27706	cumulative					
8164	2026-09-10 14:55:09.208000+00:00	27709	cumulative					
8165	2026-09-10 14:56:53.645000+00:00	27709	cumulative					
8166	2026-09-10 14:59:17.584000+00:00	27712	cumulative					
8167	2026-09-10 15:00:45.458000+00:00	27716	cumulative					
8168	2026-09-10 15:02:20.641000+00:00	27716	cumulative					
8169	2026-09-10 15:03:46.656000+00:00	27717	cumulative					
8170	2026-09-10 15:05:17.370000+00:00	27717	cumulative					
8171	2026-09-10 15:22:31.746000+00:00	27717	cumulative					
8172	2026-09-10 15:25:03.045000+00:00	27718	cumulative					
8173	2026-09-11 15:48:54.016000+00:00	27718	cumulative					
8174	2026-09-11 16:17:01.548000+00:00	27718	cumulative					
8175	2026-09-11 16:18:44.363000+00:00	27718	cumulative					
8176	2026-09-11 16:21:10.904000+00:00	27718	cumulative					
8177	2026-09-11 16:22:34.406000+00:00	27719	cumulative					
8178	2026-09-11 16:23:59.937000+00:00	27719	cumulative					
8179	2026-09-11 16:25:33.873000+00:00	27720	cumulative					
8180	2026-09-11 16:27:01.039000+00:00	27720	cumulative					
8181	2026-09-11 16:28:32.590000+00:00	27721	cumulative					
8182	2026-09-11 16:30:27.514000+00:00	27721	cumulative					
8183	2026-09-11 16:33:13.723000+00:00	27721	cumulative					
8184	2026-09-11 19:28:37.754000+00:00	27722	cumulative					
8185	2026-09-11 19:34:46.379000+00:00	27722	cumulative					
8186	2026-09-11 19:36:13.736000+00:00	27722	cumulative					
8187	2026-09-11 19:53:22.508000+00:00	27722	cumulative					
8188	2026-09-11 19:54:20.628000+00:00	27724	cumulative					
8189	2026-09-11 20:01:38.663000+00:00	27724	cumulative					
8190	2026-09-11 20:04:13.201000+00:00	27724	cumulative					
8191	2026-09-11 20:10:15.955000+00:00	27725	cumulative					
8192	2026-09-11 20:11:44.522000+00:00	27726	cumulative					
8193	2026-09-11 20:13:22.480000+00:00	27728	cumulative					
8194	2026-09-11 20:14:46.309000+00:00	27729	cumulative					
8195	2026-09-11 20:16:31.161000+00:00	27730	cumulative					
8196	2026-09-11 20:17:39.766000+00:00	27732	cumulative					
8197	2026-09-11 20:19:23.772000+00:00	27734	cumulative					
8198	2026-09-11 20:21:07.765000+00:00	27734	cumulative					
8199	2026-09-11 20:22:58.921000+00:00	27734	cumulative					
8200	2026-09-11 20:24:52.254000+00:00	27734	cumulative					
8201	2026-09-11 20:26:01.430000+00:00	27734	cumulative					
8202	2026-09-11 20:28:09.530000+00:00	27735	cumulative					
8203	2026-09-11 20:30:12.106000+00:00	27740	cumulative					
8204	2026-09-11 20:31:53.111000+00:00	27741	cumulative					
8205	2026-09-11 20:34:06.786000+00:00	27741	cumulative					
8206	2026-09-11 20:47:10.473000+00:00	27741	cumulative					
8207	2026-09-11 20:51:25.568000+00:00	27742	cumulative					
8208	2026-09-11 20:53:39.036000+00:00	27743	cumulative					
8209	2026-09-11 20:55:18.651000+00:00	27743	cumulative					
8210	2026-09-11 20:56:42.559000+00:00	27745	cumulative					
8211	2026-09-11 20:57:33.648000+00:00	27747	cumulative					
8212	2026-09-11 20:59:34.100000+00:00	27748	cumulative					
8213	2026-09-12 01:23:15.545000+00:00	27756	cumulative					
8214	2026-09-12 01:25:34.526000+00:00	27756	cumulative					
8215	2026-09-13 16:38:18.753000+00:00	27760	cumulative					
8216	2026-09-13 16:39:55.787000+00:00	27761	cumulative					
8217	2026-09-13 16:41:23.548000+00:00	27761	cumulative					
8218	2026-09-13 17:19:17.053000+00:00	27761	cumulative					
8219	2026-09-13 22:17:01.159000+00:00	27762	cumulative					
8220	2026-09-13 22:21:26.778000+00:00	27763	cumulative					
8221	2026-09-13 22:23:34.959000+00:00	27763	cumulative					
8222	2026-09-13 22:25:09.144000+00:00	27763	cumulative					
8223	2026-09-13 22:26:39.961000+00:00	27763	cumulative					
8224	2026-09-13 22:28:12.743000+00:00	27766	cumulative					
8225	2026-09-13 22:33:13.304000+00:00	27766	cumulative					
8226	2026-09-13 22:35:02.024000+00:00	27768	cumulative					
8227	2026-09-13 22:36:43.789000+00:00	27771	cumulative					
8228	2026-09-13 22:38:37.276000+00:00	27773	cumulative					
8229	2026-09-13 22:41:02.357000+00:00	27773	cumulative					
8230	2026-09-13 22:42:31.941000+00:00	27775	cumulative					
8231	2026-09-13 22:44:42.948000+00:00	27776	cumulative					
8232	2026-09-13 22:46:16.604000+00:00	27776	cumulative					
8233	2026-09-13 22:49:32.596000+00:00	27776	cumulative					
8234	2026-09-13 22:52:14.912000+00:00	27778	cumulative					
8235	2026-09-13 22:52:26.024000+00:00	27782	cumulative					
8236	2026-09-13 22:56:47.427000+00:00	27784	cumulative					
8237	2026-09-13 22:59:47.450000+00:00	27784	cumulative					
8238	2026-09-13 23:01:43.146000+00:00	27787	cumulative					
8239	2026-09-13 23:04:01.369000+00:00	27787	cumulative					
8240	2026-09-13 23:05:36.805000+00:00	27789	cumulative					
8241	2026-09-13 23:07:03.171000+00:00	27793	cumulative					
8242	2026-09-13 23:08:48.141000+00:00	27793	cumulative					
8243	2026-09-14 00:35:38.502000+00:00	27795	cumulative					
8244	2026-09-14 00:37:38.203000+00:00	27795	cumulative					
8245	2026-09-14 00:37:54.037000+00:00	27797	cumulative					
8246	2026-09-14 00:40:11.255000+00:00	27797	cumulative					
8247	2026-09-14 00:41:59.841000+00:00	27797	cumulative					
8248	2026-09-14 00:43:25.943000+00:00	27798	cumulative					
8249	2026-09-14 00:45:10.184000+00:00	27798	cumulative					
8250	2026-09-14 00:46:54.208000+00:00	27798	cumulative					
8251	2026-09-14 00:47:29.777000+00:00	27801	cumulative					
8252	2026-09-14 00:48:53.932000+00:00	27801	cumulative					
8253	2026-09-14 00:50:46.243000+00:00	27803	cumulative					
8254	2026-09-14 00:51:32.366000+00:00	27803	cumulative					
8255	2026-09-14 00:55:22.110000+00:00	27805	cumulative					
8256	2026-09-14 00:58:13.306000+00:00	27807	cumulative					
8257	2026-09-14 00:59:34.800000+00:00	27807	cumulative					
8258	2026-09-14 01:01:37.193000+00:00	27815	cumulative					
8259	2026-09-14 01:03:06.036000+00:00	27819	cumulative					
8260	2026-09-14 01:05:31.735000+00:00	27819	cumulative					
8261	2026-09-14 01:07:12.066000+00:00	27820	cumulative					
8262	2026-09-14 01:08:41.813000+00:00	27820	cumulative					
8263	2026-09-14 01:09:57.263000+00:00	27821	cumulative					
8264	2026-09-14 01:11:44.441000+00:00	27821	cumulative					
8265	2026-09-14 01:16:09.073000+00:00	27823	cumulative					
8266	2026-09-14 01:17:29.047000+00:00	27829	cumulative					
8267	2026-09-14 01:19:07.369000+00:00	27831	cumulative					
8268	2026-09-14 01:20:47.687000+00:00	27833	cumulative					
8269	2026-09-14 01:22:15.396000+00:00	27834	cumulative					
8270	2026-09-14 01:24:11.196000+00:00	27835	cumulative					
8271	2026-09-14 01:26:08.735000+00:00	27839	cumulative					
8272	2026-09-14 01:28:56.522000+00:00	27843	cumulative					
8273	2026-09-14 01:31:20.110000+00:00	27845	cumulative					
8274	2026-09-14 01:33:13.687000+00:00	27846	cumulative					
8275	2026-09-14 01:35:44.142000+00:00	27846	cumulative					
8276	2026-09-14 01:37:30.089000+00:00	27846	cumulative					
8277	2026-09-14 01:38:45.903000+00:00	27846	cumulative					
8278	2026-09-14 01:40:45.482000+00:00	27847	cumulative					
8279	2026-09-14 01:42:25.254000+00:00	27847	cumulative					
8280	2026-09-14 01:43:24.754000+00:00	27848	cumulative					
8281	2026-09-14 01:46:06.701000+00:00	27848	cumulative					
8282	2026-09-14 01:47:37.663000+00:00	27848	cumulative					
8283	2026-09-14 01:48:51.360000+00:00	27849	cumulative					
8284	2026-09-14 01:51:11.778000+00:00	27849	cumulative					
8285	2026-09-14 01:53:04.811000+00:00	27854	cumulative					
8286	2026-09-14 02:15:13.714000+00:00	27856	cumulative					
8287	2026-09-14 02:17:24.733000+00:00	27858	cumulative					
8288	2026-09-14 02:18:24.555000+00:00	27860	cumulative					
8289	2026-09-14 02:20:13.369000+00:00	27860	cumulative					
8290	2026-09-14 02:21:00.141000+00:00	27862	cumulative					
8291	2026-09-14 02:22:12.186000+00:00	27862	cumulative					
8292	2026-09-14 02:23:42.084000+00:00	27863	cumulative					
8293	2026-09-14 02:26:03.455000+00:00	27863	cumulative					
8294	2026-09-14 02:26:20.188000+00:00	27863	cumulative					
8295	2026-09-14 02:27:50.656000+00:00	27863	cumulative					
8296	2026-09-14 02:35:05.818000+00:00	27863	cumulative					
8297	2026-09-14 02:37:21.236000+00:00	27863	cumulative					
8298	2026-09-14 02:38:32.902000+00:00	27866	cumulative					
8299	2026-09-14 02:42:52.161000+00:00	27866	cumulative					
8300	2026-09-14 02:44:17.360000+00:00	27866	cumulative					
8301	2026-09-14 02:45:42.883000+00:00	27872	cumulative					
8302	2026-09-14 02:47:18.182000+00:00	27872	cumulative					
8303	2026-09-14 02:50:06.758000+00:00	27874	cumulative					
8304	2026-09-14 02:51:43.111000+00:00	27874	cumulative					
8305	2026-09-14 02:53:08.691000+00:00	27877	cumulative					
8306	2026-09-14 02:53:39.417000+00:00	27877	cumulative					
8307	2026-09-14 02:55:38.795000+00:00	27877	cumulative					
8308	2026-09-14 02:56:31.389000+00:00	27877	cumulative					
8309	2026-09-14 02:58:30.627000+00:00	27877	cumulative					
8310	2026-09-14 03:00:24.415000+00:00	27881	cumulative					
8311	2026-09-14 03:02:03.067000+00:00	27881	cumulative					
8312	2026-09-14 03:04:34.965000+00:00	27881	cumulative					
8313	2026-09-14 03:08:02.716000+00:00	27882	cumulative					
8314	2026-09-14 03:10:37.924000+00:00	27885	cumulative					
8315	2026-09-14 03:12:03.369000+00:00	27885	cumulative					
8316	2026-09-14 03:13:28.761000+00:00	27886	cumulative					
8317	2026-09-14 03:14:53.489000+00:00	27886	cumulative					
8318	2026-09-14 03:16:18.732000+00:00	27886	cumulative					
8319	2026-09-14 03:17:43.981000+00:00	27889	cumulative					
8320	2026-09-14 03:19:30.333000+00:00	27894	cumulative					
8321	2026-09-14 03:21:08.579000+00:00	27895	cumulative					
8322	2026-09-14 03:22:17.145000+00:00	27897	cumulative					
8323	2026-09-14 03:23:23.873000+00:00	27907	cumulative					
8324	2026-09-14 03:26:11.662000+00:00	27907	cumulative					
8325	2026-09-14 03:27:40.257000+00:00	27907	cumulative					
8326	2026-09-14 03:29:07.943000+00:00	27916	cumulative					
8327	2026-09-14 03:31:12.688000+00:00	27916	cumulative					
8328	2026-09-14 04:07:21.852000+00:00	27917	cumulative					
8329	2026-09-14 04:08:46.533000+00:00	27919	cumulative					
8330	2026-09-14 04:10:13.669000+00:00	27922	cumulative					
8331	2026-09-14 04:11:38.957000+00:00	27924	cumulative					
8332	2026-09-14 04:13:10.698000+00:00	27924	cumulative					
8333	2026-09-14 04:14:28.597000+00:00	27929	cumulative					
8334	2026-09-14 04:16:16.986000+00:00	27929	cumulative					
8335	2026-09-14 04:17:54.497000+00:00	27929	cumulative					
8336	2026-09-14 04:19:44.247000+00:00	27929	cumulative					
8337	2026-09-14 04:21:24.510000+00:00	27930	cumulative					
8338	2026-09-14 04:23:02.583000+00:00	27933	cumulative					
8339	2026-09-14 04:23:51.495000+00:00	27934	cumulative					
8340	2026-09-14 04:26:02.280000+00:00	27935	cumulative					
8341	2026-09-14 04:27:42.548000+00:00	27935	cumulative					
8342	2026-09-14 04:28:53.361000+00:00	27935	cumulative					
8343	2026-09-14 04:30:56.646000+00:00	27936	cumulative					
8344	2026-09-14 04:32:44.459000+00:00	27940	cumulative					
8345	2026-09-14 04:34:16.086000+00:00	27943	cumulative					
8346	2026-09-14 04:35:50.525000+00:00	27944	cumulative					
8347	2026-09-14 04:37:38.399000+00:00	27944	cumulative					
8348	2026-09-14 04:38:39.508000+00:00	27947	cumulative					
8349	2026-09-14 04:40:13.466000+00:00	27950	cumulative					
8350	2026-09-14 04:41:46.071000+00:00	27951	cumulative					
8351	2026-09-14 04:45:12.364000+00:00	27951	cumulative					
8352	2026-09-14 04:46:32.783000+00:00	27951	cumulative					
8353	2026-09-14 04:48:01.176000+00:00	27951	cumulative					
8354	2026-09-14 04:50:15.233000+00:00	27951	cumulative					
8355	2026-09-14 04:51:48.272000+00:00	27952	cumulative					
8356	2026-09-14 04:55:15.482000+00:00	27957	cumulative					
8357	2026-09-14 04:56:44.225000+00:00	27959	cumulative					
8358	2026-09-14 04:59:04.596000+00:00	27959	cumulative					
8359	2026-09-14 05:00:03.559000+00:00	27959	cumulative					
8360	2026-09-14 05:02:46.857000+00:00	27961	cumulative					
8361	2026-09-14 05:05:10.171000+00:00	27963	cumulative					
8362	2026-09-14 05:06:05.469000+00:00	27967	cumulative					
8363	2026-09-14 05:09:19.679000+00:00	27971	cumulative					
8364	2026-09-14 05:10:57.307000+00:00	27972	cumulative					
8365	2026-09-14 05:14:34.909000+00:00	27972	cumulative					
8366	2026-09-14 05:16:05.978000+00:00	27972	cumulative					
8367	2026-09-14 05:17:34.400000+00:00	27973	cumulative					
8368	2026-09-14 05:18:20.994000+00:00	27974	cumulative					
8369	2026-09-14 05:21:07.539000+00:00	27975	cumulative					
8370	2026-09-14 05:22:48.502000+00:00	27975	cumulative					
8371	2026-09-14 05:25:12.563000+00:00	27975	cumulative					
8372	2026-09-14 05:26:45.650000+00:00	27975	cumulative					
8373	2026-09-14 05:28:29.614000+00:00	27976	cumulative					
8374	2026-09-14 05:30:03.126000+00:00	27976	cumulative					
8375	2026-09-14 05:31:20.623000+00:00	27982	cumulative					
8376	2026-09-14 05:32:59.151000+00:00	27982	cumulative					
8377	2026-09-14 05:34:27.942000+00:00	27986	cumulative					
8378	2026-09-14 05:37:19.891000+00:00	27986	cumulative					
8379	2026-09-14 05:38:55.748000+00:00	27987	cumulative					
8380	2026-09-14 05:39:48.532000+00:00	27987	cumulative					
8381	2026-09-14 05:42:34.407000+00:00	27989	cumulative					
8382	2026-09-14 05:44:16.377000+00:00	27991	cumulative					
8383	2026-09-14 14:29:02.768000+00:00	27997	cumulative					
8384	2026-09-14 14:30:53.897000+00:00	27999	cumulative					
8385	2026-09-14 14:32:23.482000+00:00	28001	cumulative					
8386	2026-09-14 14:34:03.886000+00:00	28002	cumulative					
8387	2026-09-14 14:35:38.346000+00:00	28003	cumulative					
8388	2026-09-14 14:38:00.792000+00:00	28003	cumulative					
8389	2026-09-14 14:39:21.637000+00:00	28003	cumulative					
8390	2026-09-14 14:40:51.291000+00:00	28003	cumulative					
8391	2026-09-14 14:42:26.671000+00:00	28003	cumulative					
8392	2026-09-14 14:43:56.829000+00:00	28003	cumulative					
8393	2026-09-14 14:45:08.931000+00:00	28003	cumulative					
8394	2026-09-14 14:46:39.976000+00:00	28003	cumulative					
8395	2026-09-14 14:47:58.660000+00:00	28005	cumulative					
8396	2026-09-14 14:49:48.523000+00:00	28007	cumulative					
8397	2026-09-14 14:50:56.892000+00:00	28012	cumulative					
8398	2026-09-14 14:53:24.420000+00:00	28012	cumulative					
8399	2026-09-14 14:55:03.034000+00:00	28012	cumulative					
8400	2026-09-14 14:56:27.884000+00:00	28012	cumulative					
8401	2026-09-14 14:57:51.441000+00:00	28012	cumulative					
8402	2026-09-14 14:59:35.838000+00:00	28016	cumulative					
8403	2026-09-14 15:01:28.596000+00:00	28016	cumulative					
8404	2026-09-14 15:01:41.720000+00:00	28017	cumulative					
8405	2026-09-14 15:03:11.721000+00:00	28017	cumulative					
8406	2026-09-14 15:04:55.407000+00:00	28017	cumulative					
8407	2026-09-14 15:06:38.540000+00:00	28020	cumulative					
8408	2026-09-14 15:08:18.993000+00:00	28020	cumulative					
8409	2026-09-14 15:09:54.803000+00:00	28020	cumulative					
8410	2026-09-14 15:11:34.484000+00:00	28021	cumulative					
8411	2026-09-14 15:17:53.019000+00:00	28026	cumulative					
8412	2026-09-14 15:19:25.292000+00:00	28026	cumulative					
8413	2026-09-14 15:21:09.237000+00:00	28029	cumulative					
8414	2026-09-14 15:22:34.066000+00:00	28030	cumulative					
8415	2026-09-14 15:23:54.556000+00:00	28030	cumulative					
8416	2026-09-14 15:25:27.313000+00:00	28030	cumulative					
8417	2026-09-14 15:27:17.927000+00:00	28030	cumulative					
8418	2026-09-14 18:52:54.054000+00:00	28030	cumulative					
8419	2026-09-14 18:54:44.895000+00:00	28032	cumulative					
8420	2026-09-14 18:56:10.444000+00:00	28032	cumulative					
8421	2026-09-14 18:57:35.661000+00:00	28033	cumulative					
8422	2026-09-14 18:59:00.565000+00:00	28035	cumulative					
8423	2026-09-14 19:00:32.765000+00:00	28036	cumulative					
8424	2026-09-14 19:02:00.079000+00:00	28036	cumulative					
8425	2026-09-14 19:04:00.667000+00:00	28038	cumulative					
8426	2026-09-14 19:05:33.217000+00:00	28038	cumulative					
8427	2026-09-14 19:07:12.597000+00:00	28039	cumulative					
8428	2026-09-14 19:08:39.394000+00:00	28042	cumulative					
8429	2026-09-14 19:10:22.052000+00:00	28042	cumulative					
8430	2026-09-14 19:11:48.080000+00:00	28042	cumulative					
8431	2026-09-14 19:13:29.695000+00:00	28045	cumulative					
8432	2026-09-14 19:14:54.925000+00:00	28046	cumulative					
8433	2026-09-14 20:04:25.992000+00:00	28046	cumulative					
8434	2026-09-14 20:06:24.593000+00:00	28046	cumulative					
8435	2026-09-14 20:08:17.350000+00:00	28048	cumulative					
8436	2026-09-14 20:09:38.114000+00:00	28052	cumulative					
8437	2026-09-14 20:11:38.518000+00:00	28053	cumulative					
8438	2026-09-14 20:13:09.288000+00:00	28057	cumulative					
8439	2026-09-14 20:15:12.044000+00:00	28062	cumulative					
8440	2026-09-14 20:17:08.570000+00:00	28063	cumulative					
8441	2026-09-14 20:18:37.691000+00:00	28063	cumulative					
8442	2026-09-14 20:20:04.949000+00:00	28063	cumulative					
8443	2026-09-14 20:21:30.958000+00:00	28064	cumulative					
8444	2026-09-14 20:22:56.875000+00:00	28065	cumulative					
8445	2026-09-14 20:25:01.981000+00:00	28068	cumulative					
8446	2026-09-14 20:26:28.762000+00:00	28071	cumulative					
8447	2026-09-14 20:27:33.587000+00:00	28071	cumulative					
8448	2026-09-14 20:30:02.460000+00:00	28071	cumulative					
8449	2026-09-14 20:31:51.731000+00:00	28071	cumulative					
8450	2026-09-14 20:33:26.823000+00:00	28071	cumulative					
8451	2026-09-14 20:35:22.406000+00:00	28072	cumulative					
8452	2026-09-14 20:36:57.820000+00:00	28073	cumulative					
8453	2026-09-14 23:26:27.051000+00:00	28074	cumulative					
8454	2026-09-14 23:35:42.937000+00:00	28074	cumulative					
8455	2026-09-14 23:37:58.074000+00:00	28074	cumulative					
8456	2026-09-14 23:39:42.508000+00:00	28075	cumulative					
8457	2026-09-14 23:40:54.223000+00:00	28075	cumulative					
8458	2026-09-15 00:05:27.519000+00:00	28075	cumulative					
8459	2026-09-15 00:07:19.880000+00:00	28084	cumulative					
8460	2026-09-15 00:09:41.810000+00:00	28084	cumulative					
8461	2026-09-15 00:11:07.885000+00:00	28084	cumulative					
8462	2026-09-15 00:12:54.302000+00:00	28084	cumulative					
8463	2026-09-15 00:14:35.054000+00:00	28091	cumulative					
8464	2026-09-15 00:16:11.942000+00:00	28095	cumulative					
8465	2026-09-15 00:18:01.911000+00:00	28097	cumulative					
8466	2026-09-15 00:19:09.990000+00:00	28097	cumulative					
8467	2026-09-15 00:21:37.731000+00:00	28099	cumulative					
8468	2026-09-15 00:22:05.408000+00:00	28099	cumulative					
8469	2026-09-15 00:23:40.798000+00:00	28099	cumulative					
8470	2026-09-15 00:26:16.466000+00:00	28100	cumulative					
8471	2026-09-15 00:43:08.961000+00:00	28101	cumulative					
8472	2026-09-15 00:44:45.892000+00:00	28101	cumulative					
8473	2026-09-15 00:46:16.850000+00:00	28101	cumulative					
8474	2026-09-15 00:48:00.954000+00:00	28101	cumulative					
8475	2026-09-15 00:49:12.291000+00:00	28103	cumulative					
8476	2026-09-15 00:51:16.489000+00:00	28103	cumulative					
8477	2026-09-15 00:52:57.505000+00:00	28103	cumulative					
8478	2026-09-15 00:54:51.651000+00:00	28104	cumulative					
8479	2026-09-15 00:56:34.950000+00:00	28104	cumulative					
8480	2026-09-15 00:58:39.993000+00:00	28104	cumulative					
8481	2026-09-15 01:19:53.230000+00:00	28107	cumulative					
8482	2026-09-15 01:20:19.881000+00:00	28107	cumulative					
8483	2026-09-15 01:23:16.765000+00:00	28107	cumulative					
8484	2026-09-15 01:24:37.159000+00:00	28107	cumulative					
8485	2026-09-15 01:26:12.596000+00:00	28107	cumulative					
8486	2026-09-15 01:27:08.734000+00:00	28109	cumulative					
8487	2026-09-15 01:29:27.306000+00:00	28110	cumulative					
8488	2026-09-15 01:31:02.830000+00:00	28112	cumulative					
8489	2026-09-15 01:32:54.183000+00:00	28113	cumulative					
8490	2026-09-15 01:34:38.396000+00:00	28115	cumulative					
8491	2026-09-15 05:21:04.274000+00:00	28121	cumulative					
8492	2026-09-15 14:35:36.611000+00:00	28121	cumulative					
8493	2026-09-15 14:38:39.758000+00:00	28123	cumulative					
8494	2026-09-15 14:41:26.023000+00:00	28123	cumulative					
8495	2026-09-15 14:43:16.551000+00:00	28123	cumulative					
8496	2026-09-15 14:53:56.885000+00:00	28124	cumulative					
8497	2026-09-15 14:55:43.609000+00:00	28127	cumulative					
8498	2026-09-15 14:57:16.484000+00:00	28127	cumulative					
8499	2026-09-15 16:05:32.262000+00:00	28128	cumulative					
8500	2026-09-15 16:08:23.120000+00:00	28128	cumulative					
8501	2026-09-15 16:10:05.408000+00:00	28128	cumulative					
8502	2026-09-15 16:11:51.122000+00:00	28128	cumulative					
8503	2026-09-15 16:13:53.511000+00:00	28129	cumulative					
8504	2026-09-15 16:15:32.248000+00:00	28131	cumulative					
8505	2026-09-15 16:17:35.598000+00:00	28132	cumulative					
8506	2026-09-15 16:19:06.699000+00:00	28133	cumulative					
8507	2026-09-15 16:20:36.064000+00:00	28134	cumulative					
8508	2026-09-15 16:22:57.349000+00:00	28136	cumulative					
8509	2026-09-15 16:24:30.708000+00:00	28136	cumulative					
8510	2026-09-15 16:25:57.026000+00:00	28137	cumulative					
8511	2026-09-15 16:26:54.880000+00:00	28138	cumulative					
8512	2026-09-15 16:28:47.553000+00:00	28138	cumulative					
8513	2026-09-15 16:30:42.294000+00:00	28138	cumulative					
8514	2026-09-15 20:25:29.651000+00:00	28138	cumulative					
8515	2026-09-15 20:26:04.459000+00:00	28139	cumulative					
8516	2026-09-15 20:28:40.967000+00:00	28139	cumulative					
8517	2026-09-15 20:30:27.097000+00:00	28139	cumulative					
8518	2026-09-15 20:31:58.894000+00:00	28139	cumulative					
8519	2026-09-15 20:33:15.589000+00:00	28141	cumulative					
8520	2026-09-15 20:33:45.946000+00:00	28141	cumulative					
8521	2026-09-15 20:34:46.672000+00:00	28143	cumulative					
8522	2026-09-15 20:38:09.031000+00:00	28143	cumulative					
8523	2026-09-15 20:39:33.258000+00:00	28143	cumulative					
8524	2026-09-15 20:41:33.787000+00:00	28143	cumulative					
8525	2026-09-15 21:08:13.005000+00:00	28143	cumulative					
8526	2026-09-15 21:09:57.378000+00:00	28148	cumulative					
8527	2026-09-15 21:11:48.775000+00:00	28149	cumulative					
8528	2026-09-15 21:16:11.783000+00:00	28150	cumulative					
8529	2026-09-15 21:17:55.285000+00:00	28150	cumulative					
8530	2026-09-15 21:19:19.532000+00:00	28151	cumulative					
8531	2026-09-15 21:20:12.150000+00:00	28154	cumulative					
8532	2026-09-15 21:22:18.052000+00:00	28154	cumulative					
8533	2026-09-15 21:23:47.082000+00:00	28154	cumulative					
8534	2026-09-15 21:25:04.054000+00:00	28157	cumulative					
8535	2026-09-15 21:26:39.954000+00:00	28158	cumulative					
8536	2026-09-15 21:27:55.895000+00:00	28158	cumulative					
8537	2026-09-15 21:29:30.475000+00:00	28159	cumulative					
8538	2026-09-15 21:30:56.188000+00:00	28160	cumulative					
8539	2026-09-15 21:32:37.502000+00:00	28161	cumulative					
8540	2026-09-15 21:34:00.013000+00:00	28166	cumulative					
8541	2026-09-15 21:35:15.281000+00:00	28166	cumulative					
8542	2026-09-15 21:37:05.124000+00:00	28168	cumulative					
8543	2026-09-15 21:37:37.047000+00:00	28168	cumulative					
8544	2026-09-15 21:39:14.104000+00:00	28169	cumulative					
8545	2026-09-16 02:18:17.323000+00:00	28169	cumulative					
8546	2026-09-16 02:20:07.880000+00:00	28169	cumulative					
8547	2026-09-16 02:21:37.142000+00:00	28170	cumulative					
8548	2026-09-16 02:23:04.421000+00:00	28170	cumulative					
8549	2026-09-16 02:24:33.082000+00:00	28170	cumulative					
8550	2026-09-16 02:25:59.385000+00:00	28170	cumulative					
8551	2026-09-16 02:27:23.643000+00:00	28170	cumulative					
8552	2026-09-16 02:27:55.116000+00:00	28171	cumulative					
8553	2026-09-16 02:30:23.314000+00:00	28172	cumulative					
8554	2026-09-16 02:31:44.443000+00:00	28173	cumulative					
8555	2026-09-16 02:33:29.978000+00:00	28173	cumulative					
8556	2026-09-16 02:35:10.582000+00:00	28174	cumulative					
8557	2026-09-16 02:36:47.394000+00:00	28181	cumulative					
8558	2026-09-16 02:38:32.802000+00:00	28182	cumulative					
8559	2026-09-16 02:39:44.904000+00:00	28184	cumulative					
8560	2026-09-16 02:41:12.612000+00:00	28184	cumulative					
8561	2026-09-16 02:42:36.819000+00:00	28187	cumulative					
8562	2026-09-16 02:44:18.313000+00:00	28187	cumulative					
8563	2026-09-16 02:45:42.508000+00:00	28190	cumulative					
8564	2026-09-16 02:46:57.951000+00:00	28190	cumulative					
8565	2026-09-16 02:48:32.689000+00:00	28190	cumulative					
8566	2026-09-16 02:50:09.504000+00:00	28193	cumulative					
8567	2026-09-16 02:51:40.528000+00:00	28194	cumulative					
8568	2026-09-16 02:53:30.477000+00:00	28196	cumulative					
8569	2026-09-16 02:56:43.236000+00:00	28196	cumulative					
8570	2026-09-16 11:51:37.534000+00:00	28198	cumulative					
8571	2026-09-16 11:54:20.160000+00:00	28200	cumulative					
8572	2026-09-16 11:55:58.603000+00:00	28200	cumulative					
8573	2026-09-16 11:57:51.941000+00:00	28202	cumulative					
8574	2026-09-16 11:58:50.796000+00:00	28202	cumulative					
8575	2026-09-16 11:59:49.793000+00:00	28207	cumulative					
8576	2026-09-16 12:01:26.714000+00:00	28215	cumulative					
8577	2026-09-16 12:03:59.852000+00:00	28215	cumulative					
8578	2026-09-16 12:04:37.084000+00:00	28215	cumulative					
8579	2026-09-16 12:07:11.525000+00:00	28217	cumulative					
8580	2026-09-16 12:07:52.645000+00:00	28217	cumulative					
8581	2026-09-16 12:10:13.476000+00:00	28224	cumulative					
8582	2026-09-16 12:11:42.461000+00:00	28224	cumulative					
8583	2026-09-16 12:12:55.979000+00:00	28224	cumulative					
8584	2026-09-16 12:13:24.060000+00:00	28224	cumulative					
8585	2026-09-16 12:14:26.988000+00:00	28224	cumulative					
8586	2026-09-16 12:15:54.714000+00:00	28224	cumulative					
8587	2026-09-16 12:19:51.960000+00:00	28226	cumulative					
8588	2026-09-16 12:34:53.612000+00:00	28227	cumulative					
8589	2026-09-16 12:36:22.031000+00:00	28228	cumulative					
8590	2026-09-16 12:37:47.747000+00:00	28228	cumulative					
8591	2026-09-16 12:39:27.323000+00:00	28230	cumulative					
8592	2026-09-16 12:42:04.447000+00:00	28230	cumulative					
8593	2026-09-16 12:44:22.310000+00:00	28233	cumulative					
8594	2026-09-16 13:07:37.213000+00:00	28233	cumulative					
8595	2026-09-16 13:09:01.543000+00:00	28233	cumulative					
8596	2026-09-16 13:15:46.297000+00:00	28234	cumulative					
8597	2026-09-16 13:17:15.625000+00:00	28234	cumulative					
8598	2026-09-16 13:19:30.068000+00:00	28235	cumulative					
8599	2026-09-16 13:20:46.290000+00:00	28236	cumulative					
8600	2026-09-16 13:22:46.794000+00:00	28236	cumulative					
8601	2026-09-16 13:25:12.382000+00:00	28237	cumulative					
8602	2026-09-16 13:27:14.219000+00:00	28238	cumulative					
8603	2026-09-16 13:29:51.802000+00:00	28238	cumulative					
8604	2026-09-16 13:31:15.912000+00:00	28238	cumulative					
8605	2026-09-16 13:32:30.478000+00:00	28238	cumulative					
8606	2026-09-16 13:34:13.302000+00:00	28238	cumulative					
8607	2026-09-16 13:35:37.540000+00:00	28238	cumulative					
8608	2026-09-16 13:39:43.726000+00:00	28242	cumulative					
8609	2026-09-16 13:41:11.361000+00:00	28242	cumulative					
8610	2026-09-16 13:42:48.115000+00:00	28243	cumulative					
8611	2026-09-16 13:44:23.633000+00:00	28247	cumulative					
8612	2026-09-16 14:02:58.532000+00:00	28249	cumulative					
8613	2026-09-16 14:10:24.584000+00:00	28251	cumulative					
8614	2026-09-16 14:14:16.962000+00:00	28254	cumulative					
8615	2026-09-16 14:27:24.592000+00:00	28256	cumulative					
8616	2026-09-16 14:30:17.623000+00:00	28256	cumulative					
8617	2026-09-16 14:33:53.031000+00:00	28256	cumulative					
8618	2026-09-16 14:34:53.947000+00:00	28256	cumulative					
8619	2026-09-16 14:39:22.453000+00:00	28261	cumulative					
8620	2026-09-16 14:40:48.020000+00:00	28262	cumulative					
8621	2026-09-16 14:42:46.676000+00:00	28263	cumulative					
8622	2026-09-16 14:52:45.082000+00:00	28267	cumulative					
8623	2026-09-16 14:55:28.940000+00:00	28272	cumulative					
8624	2026-09-16 14:57:23.701000+00:00	28274	cumulative					
8625	2026-09-16 15:00:02.220000+00:00	28280	cumulative					
8626	2026-09-16 15:00:47.838000+00:00	28283	cumulative					
8627	2026-09-16 15:06:38.764000+00:00	28284	cumulative					
8628	2026-09-16 15:07:40.463000+00:00	28284	cumulative					
8629	2026-09-16 15:12:16.873000+00:00	28284	cumulative					
8630	2026-09-16 15:14:44.065000+00:00	28285	cumulative					
8631	2026-09-16 15:49:21.113000+00:00	28285	cumulative					
8632	2026-09-16 16:37:24.504000+00:00	28285	cumulative					
8633	2026-09-16 16:38:49.116000+00:00	28286	cumulative					
8634	2026-09-16 16:39:53.874000+00:00	28286	cumulative					
8635	2026-09-16 16:40:11.685000+00:00	28286	cumulative					
8636	2026-09-16 16:43:15.552000+00:00	28290	cumulative					
8637	2026-09-16 16:44:10.219000+00:00	28292	cumulative					
8638	2026-09-16 16:45:01.402000+00:00	28296	cumulative					
8639	2026-09-16 16:48:34.572000+00:00	28296	cumulative					
8640	2026-09-16 16:50:04.544000+00:00	28299	cumulative					
8641	2026-09-16 16:51:33.666000+00:00	28303	cumulative					
8642	2026-09-16 16:53:08.663000+00:00	28304	cumulative					
8643	2026-09-16 16:54:57.749000+00:00	28311	cumulative					
8644	2026-09-16 16:56:28.953000+00:00	28311	cumulative					
8645	2026-09-16 20:41:05.881000+00:00	28313	cumulative					
8646	2026-09-16 20:42:52.271000+00:00	28317	cumulative					
8647	2026-09-16 20:44:13.679000+00:00	28317	cumulative					
8648	2026-09-16 20:48:01.834000+00:00	28317	cumulative					
8649	2026-09-16 20:48:48.843000+00:00	28317	cumulative					
8650	2026-09-16 20:50:52.248000+00:00	28318	cumulative					
8651	2026-09-16 20:53:34.042000+00:00	28319	cumulative					
8652	2026-09-16 20:55:04.112000+00:00	28323	cumulative					
8653	2026-09-16 20:57:00.040000+00:00	28332	cumulative					
8654	2026-09-16 20:58:46.229000+00:00	28333	cumulative					
8655	2026-09-16 21:00:12.573000+00:00	28333	cumulative					
8656	2026-09-16 21:01:37.545000+00:00	28333	cumulative					
8657	2026-09-16 21:17:06.265000+00:00	28335	cumulative					
8658	2026-09-16 21:18:12.121000+00:00	28336	cumulative					
8659	2026-09-16 21:20:52.296000+00:00	28336	cumulative					
8660	2026-09-16 21:22:18.819000+00:00	28336	cumulative					
8661	2026-09-16 21:23:56.604000+00:00	28337	cumulative					
8662	2026-09-16 21:25:59.113000+00:00	28338	cumulative					
8663	2026-09-16 21:27:28.227000+00:00	28338	cumulative					
8664	2026-09-16 21:28:58.556000+00:00	28343	cumulative					
8665	2026-09-16 21:30:17.766000+00:00	28346	cumulative					
8666	2026-09-16 21:31:44.532000+00:00	28348	cumulative					
8667	2026-09-16 21:33:16.583000+00:00	28348	cumulative					
8668	2026-09-16 21:34:45.388000+00:00	28348	cumulative					
8669	2026-09-16 21:36:16.698000+00:00	28351	cumulative					
8670	2026-09-16 21:37:55.736000+00:00	28351	cumulative					
8671	2026-09-16 21:38:43.130000+00:00	28354	cumulative					
8672	2026-09-16 21:44:19.206000+00:00	28355	cumulative					
8673	2026-09-16 21:45:28.766000+00:00	28355	cumulative					
8674	2026-09-16 21:47:29.447000+00:00	28355	cumulative					
8675	2026-09-16 21:48:53.166000+00:00	28355	cumulative					
8676	2026-09-16 21:50:32.975000+00:00	28359	cumulative					
8677	2026-09-16 21:51:49.329000+00:00	28359	cumulative					
8678	2026-09-16 21:53:37.043000+00:00	28361	cumulative					
8679	2026-09-16 21:58:30.819000+00:00	28361	cumulative					
8680	2026-09-16 21:59:58.083000+00:00	28361	cumulative					
8681	2026-09-16 22:01:28.418000+00:00	28361	cumulative					
8682	2026-09-16 22:02:55.638000+00:00	28362	cumulative					
8683	2026-09-16 22:04:25.718000+00:00	28363	cumulative					
8684	2026-09-16 22:05:59.416000+00:00	28364	cumulative					
8685	2026-09-16 22:06:20.602000+00:00	28365	cumulative					
8686	2026-09-16 22:07:47.554000+00:00	28365	cumulative					
8687	2026-09-16 22:09:18.862000+00:00	28369	cumulative					
8688	2026-09-16 22:10:45.968000+00:00	28370	cumulative					
8689	2026-09-16 22:13:14.377000+00:00	28371	cumulative					
8690	2026-09-16 22:14:47.908000+00:00	28376	cumulative					
8691	2026-09-16 22:17:18.186000+00:00	28385	cumulative					
8692	2026-09-16 22:18:50.206000+00:00	28386	cumulative					
8693	2026-09-16 22:25:35.593000+00:00	28386	cumulative					
8694	2026-09-16 22:27:05.416000+00:00	28386	cumulative					
8695	2026-09-16 22:28:32.868000+00:00	28391	cumulative					
8696	2026-09-16 22:30:09.694000+00:00	28391	cumulative					
8697	2026-09-16 22:31:43.981000+00:00	28391	cumulative					
8698	2026-09-16 22:33:15.554000+00:00	28392	cumulative					
8699	2026-09-16 22:33:50.095000+00:00	28394	cumulative					
8700	2026-09-16 22:36:32.714000+00:00	28395	cumulative					
8701	2026-09-16 22:38:01.085000+00:00	28396	cumulative					
8702	2026-09-16 22:42:04.158000+00:00	28402	cumulative					
8703	2026-09-16 22:44:59.592000+00:00	28404	cumulative					
8704	2026-09-16 22:46:28.091000+00:00	28404	cumulative					
8705	2026-09-17 01:55:46.377000+00:00	28404	cumulative					
8706	2026-09-17 01:58:13.473000+00:00	28404	cumulative					
8707	2026-09-17 02:00:02.663000+00:00	28406	cumulative					
8708	2026-09-17 02:01:59.908000+00:00	28409	cumulative					
8709	2026-09-17 02:03:42.195000+00:00	28409	cumulative					
8710	2026-09-17 02:04:40.264000+00:00	28409	cumulative					
8711	2026-09-17 02:05:17.574000+00:00	28409	cumulative					
8712	2026-09-17 02:06:52.819000+00:00	28409	cumulative					
8713	2026-09-17 02:09:45.218000+00:00	28412	cumulative					
8714	2026-09-17 02:10:05.869000+00:00	28413	cumulative					
8715	2026-09-17 02:12:42.084000+00:00	28413	cumulative					
8716	2026-09-17 02:14:11.719000+00:00	28416	cumulative					
8717	2026-09-17 02:15:56.782000+00:00	28417	cumulative					
8718	2026-09-17 02:17:07.912000+00:00	28418	cumulative					
8719	2026-09-17 02:19:24.613000+00:00	28419	cumulative					
8720	2026-09-17 02:20:48.473000+00:00	28419	cumulative					
8721	2026-09-17 02:22:52.950000+00:00	28419	cumulative					
8722	2026-09-17 02:24:44.772000+00:00	28419	cumulative					
8723	2026-09-17 02:26:55.364000+00:00	28419	cumulative					
8724	2026-09-17 02:28:49.203000+00:00	28419	cumulative					
8725	2026-09-17 02:30:40.679000+00:00	28420	cumulative					
8726	2026-09-17 02:32:26.347000+00:00	28422	cumulative					
8727	2026-09-17 02:34:04.923000+00:00	28423	cumulative					
8728	2026-09-17 02:34:48.956000+00:00	28424	cumulative					
8729	2026-09-17 02:37:34.527000+00:00	28424	cumulative					
8730	2026-09-17 02:39:09.594000+00:00	28424	cumulative					
8731	2026-09-17 02:41:46.970000+00:00	28424	cumulative					
8732	2026-09-17 02:43:11.758000+00:00	28424	cumulative					
8733	2026-09-17 02:44:41.399000+00:00	28425	cumulative					
8734	2026-09-17 02:47:44.175000+00:00	28425	cumulative					
8735	2026-09-17 02:49:23.685000+00:00	28426	cumulative					
8736	2026-09-17 02:50:57.047000+00:00	28428	cumulative					
8737	2026-09-17 02:52:43.284000+00:00	28430	cumulative					
8738	2026-09-17 02:54:22.815000+00:00	28430	cumulative					
8739	2026-09-17 02:55:59.464000+00:00	28431	cumulative					
8740	2026-09-17 02:56:39.079000+00:00	28434	cumulative					
8741	2026-09-17 02:59:16.928000+00:00	28437	cumulative					
8742	2026-09-17 03:00:46.635000+00:00	28437	cumulative					
8743	2026-09-17 03:02:11.759000+00:00	28438	cumulative					
8744	2026-09-17 03:03:35.942000+00:00	28438	cumulative					
8745	2026-09-17 03:05:02.738000+00:00	28442	cumulative					
8746	2026-09-17 03:06:31.116000+00:00	28442	cumulative					
8747	2026-09-17 03:08:11.836000+00:00	28444	cumulative					
8748	2026-09-17 03:10:04.313000+00:00	28444	cumulative					
8749	2026-09-17 03:11:42.362000+00:00	28446	cumulative					
8750	2026-09-17 03:13:23.270000+00:00	28447	cumulative					
8751	2026-09-17 03:14:53.344000+00:00	28450	cumulative					
8752	2026-09-17 03:16:27.975000+00:00	28452	cumulative					
8753	2026-09-17 03:17:34.279000+00:00	28452	cumulative					
8754	2026-09-17 03:18:51.355000+00:00	28452	cumulative					
8755	2026-09-17 03:21:18.886000+00:00	28453	cumulative					
8756	2026-09-17 03:23:02.613000+00:00	28453	cumulative					
8757	2026-09-17 03:24:53.688000+00:00	28455	cumulative					
8758	2026-09-17 03:27:10.559000+00:00	28455	cumulative					
8759	2026-09-17 03:28:11.154000+00:00	28461	cumulative					
8760	2026-09-17 03:31:05.417000+00:00	28461	cumulative					
8761	2026-09-17 03:32:51.862000+00:00	28461	cumulative					
8762	2026-09-17 03:34:45.636000+00:00	28462	cumulative					
8763	2026-09-17 03:40:30.967000+00:00	28462	cumulative					
8764	2026-09-17 03:41:49.614000+00:00	28463	cumulative					
8765	2026-09-17 03:43:36.729000+00:00	28464	cumulative					
8766	2026-09-17 03:45:50.627000+00:00	28470	cumulative					
8767	2026-09-17 03:47:32.617000+00:00	28470	cumulative					
8768	2026-09-17 03:49:03.467000+00:00	28475	cumulative					
8769	2026-09-17 03:50:37.429000+00:00	28476	cumulative					
8770	2026-09-17 03:53:00.951000+00:00	28477	cumulative					
8771	2026-09-17 03:54:42.926000+00:00	28479	cumulative					
8772	2026-09-17 03:56:32.655000+00:00	28481	cumulative					
8773	2026-09-17 03:58:12.510000+00:00	28481	cumulative					
8774	2026-09-17 03:59:42.979000+00:00	28482	cumulative					
8775	2026-09-17 04:01:16.448000+00:00	28484	cumulative					
8776	2026-09-17 04:02:42.986000+00:00	28489	cumulative					
8777	2026-09-17 04:04:08.117000+00:00	28489	cumulative					
8778	2026-09-17 04:06:05.217000+00:00	28489	cumulative					
8779	2026-09-17 04:07:37.293000+00:00	28489	cumulative					
8780	2026-09-17 04:09:06.009000+00:00	28489	cumulative					
8781	2026-09-17 04:18:57.178000+00:00	28489	cumulative					
8782	2026-09-17 04:21:13.082000+00:00	28489	cumulative					
8783	2026-09-17 04:22:37.993000+00:00	28490	cumulative					
8784	2026-09-17 04:24:15.061000+00:00	28491	cumulative					
8785	2026-09-17 04:25:42.806000+00:00	28491	cumulative					
8786	2026-09-17 04:27:19.969000+00:00	28492	cumulative					
8787	2026-09-17 04:28:46.155000+00:00	28492	cumulative					
8788	2026-09-17 04:29:31.149000+00:00	28495	cumulative					
8789	2026-09-17 04:30:13.155000+00:00	28497	cumulative					
8790	2026-09-17 04:30:56.883000+00:00	28498	cumulative					
8791	2026-09-17 04:34:51.315000+00:00	28501	cumulative					
8792	2026-09-17 04:36:15.746000+00:00	28502	cumulative					
8793	2026-09-17 14:02:52.536000+00:00	28505	cumulative					
8794	2026-09-17 14:04:49.325000+00:00	28506	cumulative					
8795	2026-09-17 14:06:48.599000+00:00	28507	cumulative					
8796	2026-09-17 14:07:35.144000+00:00	28510	cumulative					
8797	2026-09-17 14:09:48.817000+00:00	28510	cumulative					
8798	2026-09-17 14:11:25.450000+00:00	28510	cumulative					
8799	2026-09-17 14:12:34.336000+00:00	28514	cumulative					
8800	2026-09-17 14:12:53.226000+00:00	28516	cumulative					
8801	2026-09-17 14:14:07.351000+00:00	28517	cumulative					
8802	2026-09-17 14:15:54.562000+00:00	28519	cumulative					
8803	2026-09-17 14:19:14.939000+00:00	28519	cumulative					
8804	2026-09-17 14:20:47.966000+00:00	28522	cumulative					
8805	2026-09-17 14:22:03.511000+00:00	28522	cumulative					
8806	2026-09-17 14:23:37.366000+00:00	28522	cumulative					
8807	2026-09-17 14:25:31.456000+00:00	28522	cumulative					
8808	2026-09-17 14:27:02.346000+00:00	28525	cumulative					
8809	2026-09-17 14:28:26.218000+00:00	28526	cumulative					
8810	2026-09-17 14:29:48.329000+00:00	28528	cumulative					
8811	2026-09-17 14:30:39.390000+00:00	28528	cumulative					
8812	2026-09-17 14:32:58.406000+00:00	28528	cumulative					
8813	2026-09-17 18:06:32.752000+00:00	28528	cumulative					
8814	2026-09-17 18:10:04.806000+00:00	28528	cumulative					
8815	2026-09-17 18:11:04.459000+00:00	28529	cumulative					
8816	2026-09-17 18:13:00.665000+00:00	28531	cumulative					
8817	2026-09-17 18:14:25.400000+00:00	28531	cumulative					
8818	2026-09-17 18:15:56.597000+00:00	28531	cumulative					
8819	2026-09-17 18:16:05.483000+00:00	28534	cumulative					
8820	2026-09-17 18:18:16.288000+00:00	28534	cumulative					
8821	2026-09-17 18:20:52.471000+00:00	28535	cumulative					
8822	2026-09-17 18:21:56.309000+00:00	28540	cumulative					
8823	2026-09-17 18:23:29.454000+00:00	28541	cumulative					
8824	2026-09-17 18:25:23.975000+00:00	28541	cumulative					
8825	2026-09-17 18:27:02.215000+00:00	28541	cumulative					
8826	2026-09-17 18:27:11.899000+00:00	28541	cumulative					
8827	2026-09-17 18:30:08.705000+00:00	28541	cumulative					
8828	2026-09-17 18:30:44.709000+00:00	28541	cumulative					
8829	2026-09-17 18:32:56.503000+00:00	28543	cumulative					
8830	2026-09-17 18:33:54.762000+00:00	28543	cumulative					
8831	2026-09-17 18:35:56.509000+00:00	28543	cumulative					
8832	2026-09-17 18:37:29.099000+00:00	28545	cumulative					
8833	2026-09-17 18:40:11.757000+00:00	28549	cumulative					
8834	2026-09-17 18:42:03.841000+00:00	28551	cumulative					
8835	2026-09-17 19:12:29.758000+00:00	28552	cumulative					
8836	2026-09-17 19:16:09.662000+00:00	28553	cumulative					
8837	2026-09-17 19:24:49.220000+00:00	28553	cumulative					
8838	2026-09-17 19:26:32.391000+00:00	28558	cumulative					
8839	2026-09-17 19:33:22.816000+00:00	28558	cumulative					
8840	2026-09-17 19:35:05.790000+00:00	28558	cumulative					
8841	2026-09-17 20:44:36.897000+00:00	28560	cumulative					
8842	2026-09-17 20:47:06.436000+00:00	28562	cumulative					
8843	2026-09-17 20:49:32.589000+00:00	28562	cumulative					
8844	2026-09-17 20:51:04.204000+00:00	28564	cumulative					
8845	2026-09-17 20:52:51.442000+00:00	28566	cumulative					
8846	2026-09-17 20:54:46.140000+00:00	28567	cumulative					
8847	2026-09-17 20:55:33.484000+00:00	28574	cumulative					
8848	2026-09-17 20:57:51.811000+00:00	28576	cumulative					
8849	2026-09-17 20:59:53.496000+00:00	28579	cumulative					
8850	2026-09-17 21:01:49.595000+00:00	28579	cumulative					
8851	2026-09-17 21:06:11.569000+00:00	28579	cumulative					
8852	2026-09-17 21:07:57.671000+00:00	28582	cumulative					
8853	2026-09-17 21:10:04.553000+00:00	28582	cumulative					
8854	2026-09-17 21:10:40.213000+00:00	28584	cumulative					
8855	2026-09-17 21:15:59.560000+00:00	28584	cumulative					
8856	2026-09-17 21:19:17.599000+00:00	28585	cumulative					
8857	2026-09-17 21:23:22.707000+00:00	28587	cumulative					
8858	2026-09-17 21:24:53.115000+00:00	28589	cumulative					
8859	2026-09-17 21:27:43.524000+00:00	28591	cumulative					
8860	2026-09-17 21:34:19.347000+00:00	28593	cumulative					
8861	2026-09-17 21:37:15.423000+00:00	28595	cumulative					
8862	2026-09-17 21:51:12.143000+00:00	28595	cumulative					
8863	2026-09-17 21:54:06.538000+00:00	28597	cumulative					
8864	2026-09-17 21:56:20.472000+00:00	28599	cumulative					
8865	2026-09-17 21:58:21.196000+00:00	28599	cumulative					
8866	2026-09-17 22:01:41.899000+00:00	28599	cumulative					
8867	2026-09-17 22:13:39.701000+00:00	28600	cumulative					
8868	2026-09-17 22:16:43.822000+00:00	28602	cumulative					
8869	2026-09-17 22:23:58.605000+00:00	28604	cumulative					
8870	2026-09-17 22:27:35.268000+00:00	28604	cumulative					
8871	2026-09-17 22:29:52.098000+00:00	28605	cumulative					
8872	2026-09-17 22:31:55.924000+00:00	28606	cumulative					
8873	2026-09-17 22:33:22.507000+00:00	28606	cumulative					
8874	2026-09-18 01:25:02.439000+00:00	28606	cumulative					
8875	2026-09-18 01:26:32.637000+00:00	28607	cumulative					
8876	2026-09-18 01:28:01.125000+00:00	28608	cumulative					
8877	2026-09-18 01:29:33.264000+00:00	28608	cumulative					
8878	2026-09-18 01:31:22.549000+00:00	28608	cumulative					
8879	2026-09-18 01:32:02.180000+00:00	28608	cumulative					
8880	2026-09-18 01:34:15.433000+00:00	28611	cumulative					
8881	2026-09-18 01:35:19.921000+00:00	28613	cumulative					
8882	2026-09-18 01:36:58.349000+00:00	28613	cumulative					
8883	2026-09-18 01:37:44.055000+00:00	28613	cumulative					
8884	2026-09-18 01:40:21.395000+00:00	28613	cumulative					
8885	2026-09-18 01:41:46.077000+00:00	28614	cumulative					
8886	2026-09-18 01:43:10.191000+00:00	28614	cumulative					
8887	2026-09-18 01:44:36.932000+00:00	28614	cumulative					
8888	2026-09-18 01:46:01.767000+00:00	28616	cumulative					
8889	2026-09-18 01:46:57.299000+00:00	28616	cumulative					
8890	2026-09-18 01:48:43.150000+00:00	28617	cumulative					
8891	2026-09-18 01:51:30.369000+00:00	28617	cumulative					
8892	2026-09-18 01:52:58.961000+00:00	28618	cumulative					
8893	2026-09-18 01:54:26.859000+00:00	28620	cumulative					
8894	2026-09-18 01:55:53.048000+00:00	28623	cumulative					
8895	2026-09-18 01:57:19.424000+00:00	28624	cumulative					
8896	2026-09-18 01:58:53.907000+00:00	28624	cumulative					
8897	2026-09-18 02:00:50.173000+00:00	28625	cumulative					
8898	2026-09-18 02:01:53.029000+00:00	28625	cumulative					
8899	2026-09-18 05:05:03.848000+00:00	28628	cumulative					
8900	2026-09-18 05:06:58.977000+00:00	28631	cumulative					
8901	2026-09-18 05:08:32.671000+00:00	28631	cumulative					
8902	2026-09-18 05:10:27.111000+00:00	28633	cumulative					
8903	2026-09-18 05:12:15.466000+00:00	28634	cumulative					
8904	2026-09-18 05:13:40.452000+00:00	28635	cumulative					
8905	2026-09-18 05:15:13.178000+00:00	28638	cumulative					
8906	2026-09-18 05:16:47.296000+00:00	28639	cumulative					
8907	2026-09-18 05:18:26.788000+00:00	28639	cumulative					
8908	2026-09-18 05:19:51.509000+00:00	28639	cumulative					
8909	2026-09-18 05:21:18.747000+00:00	28641	cumulative					
8910	2026-09-18 05:22:01.175000+00:00	28641	cumulative					
8911	2026-09-18 05:24:24.230000+00:00	28642	cumulative					
8912	2026-09-18 05:25:53.911000+00:00	28643	cumulative					
8913	2026-09-18 05:27:21.981000+00:00	28645	cumulative					
8914	2026-09-18 05:29:06.860000+00:00	28648	cumulative					
8915	2026-09-18 05:30:33.074000+00:00	28648	cumulative					
8916	2026-09-18 05:32:01.510000+00:00	28648	cumulative					
8917	2026-09-18 05:34:35.867000+00:00	28651	cumulative					
8918	2026-09-18 05:36:29.629000+00:00	28651	cumulative					
8919	2026-09-18 05:37:53.121000+00:00	28654	cumulative					
8920	2026-09-18 05:39:25.090000+00:00	28654	cumulative					
8921	2026-09-18 05:40:45.299000+00:00	28654	cumulative					
8922	2026-09-18 05:42:21.205000+00:00	28657	cumulative					
8923	2026-09-18 05:43:44.151000+00:00	28658	cumulative					
8924	2026-09-18 05:45:21.822000+00:00	28660	cumulative					
8925	2026-09-18 05:46:41.163000+00:00	28662	cumulative					
8926	2026-09-18 05:48:11.242000+00:00	28662	cumulative					
8927	2026-09-18 05:49:35.093000+00:00	28665	cumulative					
8928	2026-09-18 05:50:59.770000+00:00	28667	cumulative					
8929	2026-09-18 05:52:27.041000+00:00	28669	cumulative					
8930	2026-09-18 05:54:06.061000+00:00	28670	cumulative					
8931	2026-09-18 05:55:38.510000+00:00	28674	cumulative					
8932	2026-09-18 05:57:19.057000+00:00	28676	cumulative					
8933	2026-09-18 05:58:58.037000+00:00	28677	cumulative					
8934	2026-09-18 06:00:32.921000+00:00	28677	cumulative					
8935	2026-09-18 06:01:58.528000+00:00	28680	cumulative					
8936	2026-09-18 06:03:34.129000+00:00	28680	cumulative					
8937	2026-09-18 06:04:46.333000+00:00	28680	cumulative					
8938	2026-09-18 06:07:00.222000+00:00	28680	cumulative					
8939	2026-09-18 06:08:16.343000+00:00	28682	cumulative					
8940	2026-09-18 06:09:20.754000+00:00	28686	cumulative					
8941	2026-09-18 06:11:42.527000+00:00	28692	cumulative					
8942	2026-09-18 06:13:37.455000+00:00	28693	cumulative					
8943	2026-09-18 06:15:19.992000+00:00	28695	cumulative					
8944	2026-09-18 06:16:47.053000+00:00	28696	cumulative					
8945	2026-09-18 06:18:41.780000+00:00	28697	cumulative					
8946	2026-09-18 06:19:40.808000+00:00	28697	cumulative					
8947	2026-09-18 06:20:23.595000+00:00	28697	cumulative					
8948	2026-09-18 06:23:20.990000+00:00	28697	cumulative					
8949	2026-09-18 07:31:11.267000+00:00	28697	cumulative					
8950	2026-09-18 15:49:31.145000+00:00	28697	cumulative					
8951	2026-09-18 15:51:39.873000+00:00	28697	cumulative					
8952	2026-09-18 15:53:46.189000+00:00	28697	cumulative					
8953	2026-09-18 15:55:09.879000+00:00	28697	cumulative					
8954	2026-09-18 15:57:47.033000+00:00	28697	cumulative					
8955	2026-09-18 16:00:19.724000+00:00	28698	cumulative					
8956	2026-09-18 16:01:50.918000+00:00	28698	cumulative					
8957	2026-09-18 16:03:14.960000+00:00	28698	cumulative					
8958	2026-09-18 16:04:38.810000+00:00	28707	cumulative					
8959	2026-09-18 16:07:05.035000+00:00	28707	cumulative					
8960	2026-09-18 16:08:36.980000+00:00	28711	cumulative					
8961	2026-09-18 16:10:02.472000+00:00	28711	cumulative					
8962	2026-09-18 16:11:26.754000+00:00	28711	cumulative					
8963	2026-09-18 16:12:55.263000+00:00	28713	cumulative					
8964	2026-09-18 16:14:35.146000+00:00	28714	cumulative					
8965	2026-09-18 16:16:00.189000+00:00	28716	cumulative					
8966	2026-09-18 16:17:26.661000+00:00	28716	cumulative					
8967	2026-09-18 16:18:23.892000+00:00	28716	cumulative					
8968	2026-09-18 16:20:20.860000+00:00	28716	cumulative					
8969	2026-09-18 16:21:44.947000+00:00	28723	cumulative					
8970	2026-09-18 16:23:15.746000+00:00	28723	cumulative					
8971	2026-09-18 16:28:33.914000+00:00	28727	cumulative					
8972	2026-09-18 16:29:48.358000+00:00	28727	cumulative					
8973	2026-09-18 16:38:52.114000+00:00	28728	cumulative					
8974	2026-09-18 16:42:49.691000+00:00	28728	cumulative					
8975	2026-09-18 16:44:13.838000+00:00	28729	cumulative					
8976	2026-09-18 16:45:39.406000+00:00	28729	cumulative					
8977	2026-09-18 16:47:28.156000+00:00	28729	cumulative					
8978	2026-09-18 16:49:08.977000+00:00	28731	cumulative					
8979	2026-09-18 16:50:37.412000+00:00	28733	cumulative					
8980	2026-09-18 16:52:03.675000+00:00	28733	cumulative					
8981	2026-09-18 16:53:56.824000+00:00	28734	cumulative					
8982	2026-09-18 16:55:55.088000+00:00	28734	cumulative					
8983	2026-09-18 16:57:37.458000+00:00	28736	cumulative					
8984	2026-09-18 16:59:15.218000+00:00	28736	cumulative					
8985	2026-09-18 17:00:17.283000+00:00	28736	cumulative					
8986	2026-09-18 17:00:56.401000+00:00	28740	cumulative					
8987	2026-09-18 17:04:40.495000+00:00	28741	cumulative					
8988	2026-09-18 17:06:05.536000+00:00	28741	cumulative					
8989	2026-09-18 17:07:06.986000+00:00	28741	cumulative					
8990	2026-09-18 17:09:13.183000+00:00	28741	cumulative					
8991	2026-09-18 17:46:58.302000+00:00	28741	cumulative					
8992	2026-09-18 17:48:16.105000+00:00	28744	cumulative					
8993	2026-09-18 17:49:50.107000+00:00	28744	cumulative					
8994	2026-09-18 17:52:08.501000+00:00	28745	cumulative					
8995	2026-09-18 17:52:43.219000+00:00	28746	cumulative					
8996	2026-09-18 17:55:23.211000+00:00	28746	cumulative					
8997	2026-09-18 17:56:54.424000+00:00	28746	cumulative					
8998	2026-09-18 17:58:36.799000+00:00	28746	cumulative					
8999	2026-09-18 17:59:43.397000+00:00	28747	cumulative					
9000	2026-09-18 18:01:45.982000+00:00	28748	cumulative					
9001	2026-09-18 18:03:18.440000+00:00	28750	cumulative					
9002	2026-09-18 18:05:03.664000+00:00	28751	cumulative					
9003	2026-09-18 18:06:23.978000+00:00	28751	cumulative					
9004	2026-09-18 18:12:18.485000+00:00	28752	cumulative					
9005	2026-09-18 18:14:13.821000+00:00	28754	cumulative					
9006	2026-09-18 18:16:07.927000+00:00	28756	cumulative					
9007	2026-09-18 18:17:27.082000+00:00	28756	cumulative					
9008	2026-09-18 18:19:37.241000+00:00	28756	cumulative					
9009	2026-09-18 18:21:00.929000+00:00	28756	cumulative					
9010	2026-09-18 18:22:18.893000+00:00	28756	cumulative					
9011	2026-09-18 18:23:53.477000+00:00	28757	cumulative					
9012	2026-09-18 18:25:30.784000+00:00	28759	cumulative					
9013	2026-09-18 18:26:55.835000+00:00	28759	cumulative					
9014	2026-09-18 18:28:19.975000+00:00	28759	cumulative					
9015	2026-09-18 18:29:28.253000+00:00	28759	cumulative					
9016	2026-09-18 18:31:21.788000+00:00	28759	cumulative					
9017	2026-09-18 18:33:08.463000+00:00	28759	cumulative					
9018	2026-09-18 18:34:50.775000+00:00	28776	cumulative					
9019	2026-09-18 18:36:34.128000+00:00	28777	cumulative					
9020	2026-09-18 18:38:09.010000+00:00	28777	cumulative					
9021	2026-09-18 18:39:49.281000+00:00	28777	cumulative					
9022	2026-09-18 19:09:05.899000+00:00	28777	cumulative					
9023	2026-09-18 19:11:36.756000+00:00	28778	cumulative					
9024	2026-09-18 19:12:58.796000+00:00	28779	cumulative					
9025	2026-09-18 19:14:15.882000+00:00	28780	cumulative					
9026	2026-09-18 19:16:02.272000+00:00	28781	cumulative					
9027	2026-09-18 19:17:27.110000+00:00	28781	cumulative					
9028	2026-09-18 19:18:57.502000+00:00	28781	cumulative					
9029	2026-09-18 19:20:30.184000+00:00	28781	cumulative					
9030	2026-09-18 19:22:15.213000+00:00	28783	cumulative					
9031	2026-09-18 19:23:04.489000+00:00	28787	cumulative					
9032	2026-09-18 19:25:37.041000+00:00	28788	cumulative					
9033	2026-09-18 19:34:08.541000+00:00	28788	cumulative					
			newRate	2025-11	0.224033	0.212428	0.237007	628
			newRate	2025-12	0.0481496	0.0461435	0.050313	2544
			newRate	2026-01	0.0301372	0.0279433	0.0321462	888
			newRate	2026-02	0.0216276	0.0205189	0.0228257	2011
			newRate	2026-03	0.0195227	0.00613259	0.0357979	15
			newRate	2026-05	0.021565	0.0149197	0.0293043	57
			newRate	2026-06	0.0183244	0.0156713	0.0207766	404
			newRate	2026-07	0.0159682	0.014809	0.0171693	1353
			newRate	2026-08	0.0120992	0.00999822	0.0144229	234
			newRate	2026-09	0.0139649	0.0126328	0.0153678	889
