word	len	present	found	opp	beliefRaw	beliefWeighted
AAH	3	103	0	81.583	0.0112309	0.0110532
AAHED	5	16	0	12.6944	0.0383715	0.0394338
AAHS	4	38	0	29.5969	0.0264453	0.0272773
AAL	3	141	1	111.332	0.0151822	0.0169523
AALS	4	60	0	48.5492	0.0174646	0.0172141
AAS	3	199	0	156.958	0.00592167	0.00582664
ABA	3	46	2	34.4597	0.0639561	0.0793577
ABAC	4	19	0	13.8386	0.0475717	0.0530761
ABACI	5	10	0	6.94703	0.0552445	0.0648828
ABACS	5	11	0	7.641	0.0514722	0.0601923
ABAS	4	32	1	23.5047	0.057945	0.0715724
ABASE	5	22	1	15.0935	0.0683882	0.0925295
ABASER	6	12	0	8.40414	0.0393462	0.0493934
ABATE	5	17	1	12.3898	0.0849513	0.109965
ABATER	6	14	1	10.0443	0.092356	0.127516
ABATES	6	11	0	7.77537	0.0420824	0.0526645
ABB	3	21	3	16.5668	0.167605	0.206633
ABEAM	5	10	0	6.97784	0.0552445	0.0646591
ABED	4	81	3	61.47	0.048161	0.0604161
ABELE	5	16	0	11.5785	0.0383715	0.0426843
ABELIA	6	11	0	7.5116	0.0420824	0.0541694
ABER	4	120	1	89.0674	0.0170809	0.0205062
ABERS	5	46	0	34.3389	0.0151838	0.0159191
ABET	4	92	6	68.4277	0.0736843	0.0966215
ABETS	5	50	2	37.1976	0.051334	0.0658343
ABHOR	5	13	0	8.51296	0.0452874	0.0551801
ABID	4	59	2	44.5672	0.0490945	0.0608635
ABIDE	5	36	1	24.7177	0.0442378	0.0591469
ABIDER	6	22	0	14.7928	0.0238433	0.0302824
ABIDES	6	17	0	9.90106	0.029693	0.0430304
ABIES	5	40	2	27.8103	0.0630957	0.0865943
ABLATE	6	15	1	9.41981	0.0873312	0.134666
ABLE	4	91	45	67.0474	0.481622	0.656708
ABLED	5	27	8	19.388	0.285654	0.401836
ABLER	5	52	15	36.5112	0.283114	0.404936
ABLES	5	50	29	36.5793	0.554645	0.7675
ABLEST	6	24	1	12.9451	0.0586247	0.102291
ABLET	5	41	19	29.3146	0.442466	0.626025
ABLETS	6	21	9	12.8374	0.393977	0.652635
ABLINS	6	11	0	5.07996	0.0420824	0.0735431
ABLY	4	19	1	15.0786	0.0896176	0.105261
ABODE	5	17	1	12.6835	0.0849513	0.10776
ABOIL	5	12	1	8.98406	0.112101	0.14419
ABOON	5	11	0	8.48953	0.0514722	0.0553039
ABORD	5	18	8	12.8318	0.404431	0.579956
ABORDS	6	12	6	6.73018	0.429465	0.769308
ABORE	5	37	5	26.3064	0.141563	0.19734
ABORNE	6	12	1	4.74237	0.104366	0.232151
ABORT	5	32	16	22.6665	0.470022	0.673208
ABORTS	6	13	9	6.84854	0.586397	1
ABREAST	7	13	0	3.84227	0.0318572	0.0972316
ABRI	4	81	2	59.6463	0.0365038	0.046172
ABRIM	5	14	0	8.63507	0.0427208	0.0545441
ABRIN	5	36	2	23.5134	0.0694619	0.101202
ABRINS	6	16	1	9.02154	0.0828249	0.139659
ABRIS	5	42	0	27.4682	0.0165144	0.0196359
ABS	3	147	2	116.087	0.0211985	0.0247087
ABSENT	6	13	0	8.40324	0.0369441	0.0493978
ABUNE	5	10	0	7.09133	0.0552445	0.0638482
ABUSE	5	18	0	12.4487	0.0348259	0.0401062
ABUSER	6	10	0	6.23403	0.0452275	0.0628712
ABUT	4	22	0	17.474	0.0422432	0.0435695
ABY	3	40	0	29.7431	0.0272845	0.0288539
ABYE	4	12	0	8.04247	0.0674127	0.0813898
ABYS	4	12	0	9.02407	0.0674127	0.0746461
ACAI	4	55	1	42.8402	0.0356523	0.0412659
ACAIS	5	28	0	19.193	0.0238206	0.0273182
ACATER	6	22	0	12.2382	0.0238433	0.035825
ACATES	6	30	1	15.5202	0.048087	0.0870118
ACE	3	372	214	292.242	0.572235	0.729342
ACED	4	131	54	100.356	0.406024	0.531935
ACEDIA	6	10	0	6.16327	0.0452275	0.0634355
ACER	4	201	92	148.7	0.45257	0.613006
ACEROSE	7	10	0	3.40656	0.0389586	0.105677
ACERS	5	101	50	75.1582	0.485011	0.65586
ACES	4	213	126	165.544	0.583751	0.753618
ACETA	5	61	0	42.9924	0.0116606	0.0128545
ACETAL	6	25	0	11.7928	0.0213229	0.037006
ACETALS	7	13	0	3.77552	0.0318572	0.0984368
ACETIN	6	38	0	21.2643	0.014624	0.0217557
ACETINS	7	18	0	7.76514	0.0244341	0.0565469
ACETOSE	7	13	0	4.82569	0.0318572	0.082374
ACETYL	6	10	0	5.55759	0.0452275	0.0687158
ACH	3	232	93	185.792	0.399038	0.498988
ACHAR	5	23	2	16.7452	0.103352	0.137823
ACHARS	6	13	1	8.32899	0.0979944	0.149285
ACHATES	7	12	0	4.70074	0.0339181	0.084005
ACHE	4	107	44	83.1528	0.40374	0.522059
ACHED	5	31	12	23.6733	0.368131	0.490709
ACHENE	6	11	0	6.23349	0.0420824	0.0628755
ACHES	5	62	31	46.1688	0.483722	0.65613
ACHIER	6	25	7	15.9318	0.267976	0.42491
ACHIEST	7	13	2	7.39722	0.153377	0.2809
ACHOO	5	10	0	6.13673	0.0552445	0.0713772
ACHY	4	31	3	24.2013	0.115456	0.143735
ACID	4	84	6	63.7536	0.0803237	0.103405
ACIDER	6	27	0	13.6907	0.0199191	0.0324482
ACIDEST	7	10	0	4.6854	0.0389586	0.0842097
ACIDS	5	23	3	16.2423	0.140883	0.196573
ACING	5	25	10	14.1257	0.37542	0.657646
ACINOSE	7	17	0	5.91621	0.0256285	0.0704384
ACINUS	6	10	0	3.55135	0.0452275	0.0948735
ACKER	5	13	1	7.99036	0.105366	0.158591
ACME	4	53	2	42.4765	0.0541923	0.0636726
ACMES	5	30	2	23.7099	0.0818493	0.100427
ACMITE	6	13	0	7.48247	0.0369441	0.0543409
ACNE	4	156	23	117.389	0.150086	0.198686
ACNED	5	51	0	35.7106	0.0137945	0.0153394
ACNES	5	89	12	63.9928	0.137663	0.190713
ACNODE	6	11	0	5.00876	0.0420824	0.0743214
ACOLD	5	23	0	16.3375	0.0282907	0.0315817
ACORN	5	44	0	31.2687	0.0158212	0.01739
ACORNED	7	11	0	1.65861	0.036264	0.162188
ACORNS	6	20	0	10.6957	0.0258829	0.0402762
ACRE	4	199	32	149.167	0.162581	0.216359
ACRED	5	72	9	51.8829	0.128942	0.177889
ACRES	5	111	21	82.3659	0.18975	0.25589
ACRID	5	36	2	23.4484	0.0694619	0.101461
ACRO	4	144	1	107.993	0.0143257	0.0170042
ACROS	5	67	1	45.682	0.0248256	0.0331193
ACROTER	7	10	0	3.19322	0.0389586	0.11037
ACT	3	324	115	256.152	0.354196	0.448297
ACTA	4	81	12	62.7373	0.153076	0.196527
ACTED	5	59	20	41.6826	0.331294	0.471522
ACTIN	5	67	6	44.9663	0.0956023	0.140178
ACTING	6	10	1	5.24052	0.119966	0.215534
ACTINS	6	32	3	15.029	0.101898	0.208981
ACTION	6	22	3	10.6781	0.142047	0.282326
ACTIONS	7	14	1	5.10849	0.0873121	0.227749
ACTON	5	39	3	27.8607	0.0880249	0.119983
ACTONS	6	19	1	9.57272	0.0717223	0.132842
ACTOR	5	68	8	46.5212	0.122183	0.176936
ACTORS	6	30	4	16.617	0.137961	0.24542
ACTS	4	155	47	119.707	0.301229	0.390796
ACTURE	6	16	0	9.70148	0.0312252	0.0437824
ACUTE	5	29	2	20.3225	0.0843565	0.115695
ACUTER	6	16	1	8.10411	0.0828249	0.152703
ACUTES	6	14	1	7.6758	0.092356	0.159664
ACYL	4	19	0	15.4801	0.0475717	0.048316
ADAW	4	23	0	18.1049	0.0407228	0.0422561
ADD	3	96	12	76.8013	0.131928	0.163144
ADDER	5	42	8	28.6559	0.191781	0.280188
ADDERS	6	12	4	8.61157	0.299425	0.435602
ADDIES	6	14	2	7.99507	0.149894	0.25736
ADDIO	5	13	0	8.12657	0.0452874	0.0572942
ADDLE	5	20	0	14.4804	0.0318801	0.0351495
ADDLES	6	12	0	8.10792	0.0393462	0.0508823
ADDS	4	35	3	27.3401	0.103848	0.128778
ADEEMS	6	13	0	7.89155	0.0369441	0.0520279
ADEPT	5	23	0	17.0177	0.0282907	0.0304497
ADEPTS	6	11	0	6.54921	0.0420824	0.0604746
ADHAN	5	22	0	16.3074	0.0293938	0.0316338
ADHANS	6	12	0	7.40314	0.0393462	0.0548135
ADHERE	6	13	0	7.7781	0.0369441	0.0526494
ADIOS	5	64	0	44.9381	0.0111435	0.0123212
ADIT	4	179	1	131.973	0.0115975	0.013979
ADITS	5	91	0	59.9401	0.00796449	0.00933498
ADMAN	5	12	0	8.297	0.0481822	0.0563421
ADMIN	5	41	0	28.158	0.0168843	0.0191862
ADMINS	6	15	0	8.79082	0.032924	0.0475761
ADMIRE	6	20	2	11.0599	0.111426	0.195636
ADMIRES	7	10	2	3.21549	0.187567	0.524322
ADMIT	5	26	0	16.8392	0.0254277	0.0307389
ADMITS	6	12	0	6.91945	0.0393462	0.0578826
ADO	3	341	22	262.155	0.0672393	0.0866542
ADOBE	5	14	1	9.99939	0.0993949	0.131947
ADONIS	6	30	0	14.1256	0.0181289	0.0315575
ADONISE	7	19	0	5.95478	0.0233462	0.0700793
ADORE	5	106	8	73.7204	0.0798378	0.113345
ADORED	6	17	1	10.6026	0.0787609	0.121739
ADORER	6	23	2	13.0111	0.0987547	0.169722
ADORES	6	50	6	29.6913	0.123738	0.206939
ADORN	5	35	5	24.1925	0.14889	0.213292
ADORNER	7	10	1	4.6033	0.113263	0.246266
ADORNS	6	15	4	10.1617	0.250553	0.378767
ADOS	4	161	9	122.803	0.0611124	0.0786807
ADOWN	5	11	1	8.78515	0.119756	0.146859
ADRAD	5	14	0	8.64998	0.0427208	0.0544674
ADRATE	6	30	0	17.8112	0.0181289	0.0256023
ADRATES	7	12	0	3.55185	0.0339181	0.102702
ADREAD	6	12	0	7.72942	0.0393462	0.0529207
ADRED	5	57	0	39.8788	0.0124297	0.0138112
ADRENAL	7	11	0	5.08895	0.036264	0.0791369
ADROIT	6	25	0	13.1183	0.0213229	0.0336999
ADRY	4	31	0	23.4526	0.0316185	0.0336558
ADS	3	390	7	303.269	0.0208147	0.0259352
ADULT	5	11	0	7.66356	0.0514722	0.0600511
ADUNC	5	10	0	7.57388	0.0552445	0.0606161
AECIAL	6	14	0	5.9466	0.0348184	0.0652286
AEDES	5	89	0	64.7798	0.00813643	0.00865804
AEDILE	6	24	0	14.7421	0.0221016	0.0303756
AEDILES	7	11	0	3.34352	0.036264	0.107021
AENEUS	6	15	0	9.50559	0.032924	0.0445465
AEON	4	205	3	154.163	0.0196937	0.0247432
AEONIC	6	20	0	9.65794	0.0258829	0.04395
AEONS	5	90	1	64.7847	0.0187282	0.0236402
AERATE	6	57	1	33.915	0.026584	0.0420951
AERATED	7	23	0	9.03316	0.0198166	0.04981
AERATES	7	24	1	8.11105	0.0555139	0.157404
AERATOR	7	11	0	4.47126	0.036264	0.087175
AERIAL	6	36	1	22.0701	0.0407604	0.0630547
AERIALS	7	16	1	6.02611	0.0783378	0.200381
AERIE	5	140	1	95.2453	0.0122093	0.0162321
AERIED	6	46	0	27.8555	0.0122548	0.016907
AERIER	6	35	0	20.8416	0.0157671	0.0221633
AERIES	6	80	1	46.599	0.0192509	0.0310447
AERIEST	7	36	1	16.8506	0.0386311	0.0828864
AERILY	6	15	0	9.20408	0.032924	0.0457761
AERO	4	428	2	311.931	0.00723554	0.00916374
AEROS	5	200	1	137.791	0.00861204	0.0112904
AEROSAT	7	21	1	6.81258	0.0623232	0.18167
AESC	4	172	0	133.047	0.00640003	0.00650858
AESCES	6	15	0	10.4608	0.032924	0.041053
AETHER	6	31	1	20.3489	0.0466883	0.0679729
AETHERS	7	15	1	8.95705	0.0825819	0.144802
AFARS	5	16	0	11.9787	0.0383715	0.0414586
AFEAR	5	19	0	15.3268	0.033288	0.0334285
AFEARS	6	10	0	5.44249	0.0452275	0.0698201
AFF	3	44	7	34.3364	0.170623	0.215556
AFOOT	5	10	0	7.2564	0.0552445	0.0627045
AFORE	5	40	0	30.1408	0.0172712	0.0180011
AFREET	6	13	0	7.37444	0.0369441	0.0549865
AFRESH	6	16	0	9.54093	0.0312252	0.0444067
AFRITS	6	10	0	4.97417	0.0452275	0.0747054
AFRO	4	60	1	47.991	0.0329007	0.0370829
AFRONT	6	18	1	10.7752	0.075077	0.120057
AFROS	5	24	1	18.8708	0.0634405	0.0757496
AFT	3	139	57	110.222	0.4068	0.514151
AFTER	5	49	25	36.8554	0.4892	0.658983
AFTERS	6	25	10	17.8219	0.373684	0.537335
AGA	3	66	3	52.4751	0.0599729	0.0715345
AGAIN	5	22	0	13.5736	0.0293938	0.0372016
AGAR	4	42	0	31.0344	0.0241842	0.0261192
AGARS	5	20	0	14.1034	0.0318801	0.0359746
AGAS	4	42	1	32.2431	0.0455592	0.0537366
AGAST	5	20	0	14.4866	0.0318801	0.0351362
AGATE	5	27	0	19.5564	0.0245979	0.0268567
AGATES	6	17	0	10.213	0.029693	0.0419057
AGE	3	265	167	207.658	0.625116	0.799262
AGED	4	94	40	68.5713	0.41638	0.572657
AGEE	4	63	2	48.4388	0.0461974	0.0562667
AGEISM	6	10	0	5.06089	0.0452275	0.0737499
AGEIST	6	32	1	17.1162	0.0453687	0.0796392
AGEN	4	137	49	103.34	0.353577	0.469884
AGENE	5	33	3	22.2896	0.102438	0.14755
AGENES	6	23	2	13.5314	0.0987547	0.163931
AGENISE	7	18	0	8.03105	0.0244341	0.0549873
AGENT	5	63	20	40.8722	0.311409	0.480444
AGENTED	7	12	1	3.2683	0.0986087	0.313659
AGENTS	6	25	8	14.0552	0.303212	0.538856
AGER	4	148	74	108.875	0.491751	0.670416
AGERS	5	76	35	53.4579	0.448916	0.642008
AGES	4	152	88	114.832	0.5685	0.755468
AGHA	4	21	0	16.6603	0.0438816	0.0453892
AGILE	5	34	1	20.6432	0.0465881	0.0698094
AGILER	6	14	1	9.25247	0.092356	0.13672
AGIN	4	133	18	97.8992	0.138851	0.18749
AGING	5	17	5	10.0442	0.278705	0.464711
AGIO	4	57	0	42.419	0.0183127	0.0195466
AGISM	5	16	1	11.0711	0.0892757	0.121094
AGIST	5	48	2	30.7685	0.0533219	0.0787673
AGISTER	7	14	0	6.9179	0.0300325	0.0621648
AGITA	5	31	1	19.1864	0.0506223	0.0746193
AGITAS	6	13	1	5.22135	0.0979944	0.21613
AGLARE	6	10	0	5.67119	0.0452275	0.0676594
AGLEE	5	16	0	10.7818	0.0383715	0.0453534
AGLET	5	42	3	28.0962	0.0822394	0.119043
AGLETS	6	24	2	13.3494	0.0951478	0.165911
AGLUS	5	12	0	7.84965	0.0481822	0.0589118
AGLY	4	15	0	11.1559	0.0571901	0.0632623
AGMA	4	19	0	14.8799	0.0475717	0.0499541
AGMAS	5	11	0	7.24308	0.0514722	0.0627953
AGNATE	6	19	0	11.609	0.0270395	0.0375162
AGNATES	7	10	0	4.78644	0.0389586	0.0828795
AGNISE	6	47	0	26.2553	0.0120116	0.0178742
AGNISED	7	11	0	5.98307	0.036264	0.0698182
AGO	3	167	6	129.839	0.0421019	0.0523777
AGOG	4	16	0	11.9645	0.0544384	0.0598027
AGON	4	78	4	57.0933	0.061986	0.0815193
AGONE	5	34	2	20.854	0.0731522	0.113
AGONES	6	19	1	9.6982	0.0717223	0.131382
AGONIC	6	11	0	5.73781	0.0420824	0.067055
AGONIES	7	15	0	6.86806	0.0284054	0.0625302
AGONISE	7	14	0	7.34397	0.0300325	0.0592067
AGONIST	7	14	0	6.0235	0.0300325	0.0694484
AGONS	5	34	2	21.3204	0.0731522	0.110736
AGOOD	5	10	0	6.36211	0.0552445	0.0694438
AGORA	5	20	0	12.8627	0.0318801	0.038986
AGREE	5	32	2	22.3358	0.0772568	0.106108
AGREED	6	16	0	12.3457	0.0312252	0.0355512
AGREES	6	19	0	12.0969	0.0270395	0.0361913
AGRIAS	6	10	0	6.2918	0.0452275	0.0624178
AGRIN	5	39	1	22.9145	0.0411258	0.0634348
AGRINS	6	11	0	5.46333	0.0420824	0.0696176
AGRISE	6	19	0	10.9756	0.0270395	0.0393882
AGRO	4	80	0	59.5615	0.0133448	0.0141754
AGROS	5	26	0	16.7891	0.0254277	0.030821
AGS	3	210	5	165.846	0.0289738	0.0352291
AGUE	4	34	0	26.9784	0.0291727	0.029674
AGUED	5	13	0	8.58798	0.0452874	0.0547876
AGUES	5	16	0	11.3168	0.0383715	0.0435259
AGUNA	5	10	0	7.28579	0.0552445	0.0625051
AGUTI	5	10	0	6.81192	0.0552445	0.0658823
AHA	3	87	2	68.3239	0.0351641	0.0413844
AHEAD	5	26	0	18.4374	0.0254277	0.0283302
AHEAP	5	10	0	7.94348	0.0552445	0.0583536
AHED	4	130	0	100.903	0.00839435	0.00852557
AHEM	4	74	0	56.5546	0.0143611	0.0148933
AHI	3	288	2	226.415	0.0109648	0.0127972
AHING	5	38	1	23.1716	0.0421133	0.0627858
AHIS	4	124	2	94.8675	0.0243154	0.0295252
AHOLD	5	13	0	7.31508	0.0452874	0.0623077
AHORSE	6	46	0	27.2905	0.0122548	0.0172363
AHOY	4	23	0	17.967	0.0407228	0.0425364
AHS	3	370	7	294.523	0.0219276	0.026699
AIA	3	164	0	131.542	0.00715481	0.00693193
AIAS	4	114	0	86.4477	0.00952506	0.0099061
AID	3	437	221	337.47	0.503776	0.652892
AIDA	4	94	0	69.8349	0.0114535	0.0121711
AIDANT	6	12	0	7.89253	0.0393462	0.0520226
AIDAS	5	34	0	21.9825	0.020024	0.0241352
AIDE	4	270	132	200.73	0.484496	0.652824
AIDED	5	28	9	21.4136	0.308228	0.409795
AIDER	5	157	79	105.25	0.496461	0.742269
AIDERS	6	59	27	39.92	0.442532	0.660438
AIDES	5	141	73	101.147	0.509896	0.713618
AIDMEN	6	16	0	8.37718	0.0312252	0.0495253
AIDOS	5	70	0	49.0516	0.0102356	0.0113276
AIDS	4	183	99	139.973	0.533228	0.699492
AIERIES	7	13	0	5.62112	0.0318572	0.0733128
AIGAS	5	15	0	10.1272	0.0404295	0.04781
AIGHT	5	20	0	14.457	0.0318801	0.0351996
AIGLET	6	17	0	8.41293	0.029693	0.0493506
AIL	3	519	226	399.729	0.43436	0.564254
AILED	5	111	48	73.5775	0.42526	0.643107
AILERON	7	17	0	7.46691	0.0256285	0.0584048
AILETTE	7	10	0	5.03155	0.0389586	0.0798208
AILING	6	12	4	6.88398	0.299425	0.523076
AILS	4	209	87	153.629	0.412246	0.561736
AIM	3	279	95	216.379	0.339849	0.43838
AIMED	5	44	20	30.3012	0.435595	0.637877
AIMER	5	77	25	53.1039	0.319349	0.464523
AIMERS	6	34	10	23.4385	0.283712	0.417371
AIMS	4	98	37	72.235	0.370988	0.504735
AIN	3	754	309	587.931	0.409198	0.524967
AINE	4	436	90	317.063	0.206749	0.284115
AINEE	5	83	1	53.2622	0.0202412	0.028573
AINGAS	6	15	0	8.90681	0.032924	0.0470568
AINS	4	339	146	252.248	0.427977	0.575857
AIR	3	686	377	531.83	0.548061	0.707366
AIRCON	6	18	0	9.3908	0.0283042	0.0450068
AIRDATE	7	12	0	4.3078	0.0339181	0.0895828
AIRED	5	159	72	109.894	0.447317	0.648869
AIRER	5	91	28	60.797	0.303808	0.455382
AIRERS	6	43	17	27.8247	0.379585	0.592344
AIREST	6	138	37	83.8527	0.265986	0.438229
AIRGUN	6	10	0	6.81971	0.0452275	0.0585588
AIRIER	6	16	2	10.2698	0.134425	0.208529
AIRIEST	7	21	3	10.1965	0.144095	0.298999
AIRING	6	14	9	9.50223	0.552657	0.846611
AIRN	4	227	74	169.095	0.324145	0.435583
AIRNED	6	47	14	30.1901	0.2899	0.454417
AIRNS	5	84	26	59.731	0.305253	0.430831
AIRS	4	301	168	226.313	0.553108	0.737049
AIRT	4	335	75	249.286	0.224059	0.300999
AIRTED	6	52	9	33.996	0.173441	0.265995
AIRTH	5	72	0	48.5746	0.00996496	0.0114345
AIRTHS	6	24	0	12.063	0.0221016	0.0362805
AIRTS	5	161	38	109.743	0.235378	0.345365
AIRY	4	55	5	43.3444	0.10256	0.127457
AIS	3	734	49	565.899	0.0680183	0.0878494
AISLE	5	112	1	77.8451	0.0151654	0.0197713
AISLED	6	35	1	23.3503	0.0418224	0.0598347
AISLES	6	35	0	22.1771	0.0157671	0.0209246
AIT	3	741	262	578.387	0.353257	0.452675
AITCH	5	30	0	20.929	0.0224046	0.0252461
AITS	4	396	157	293.31	0.394556	0.533153
AIVER	5	38	0	26.9113	0.0181007	0.0200147
AIVERS	6	13	0	9.06493	0.0369441	0.0463668
AKA	3	17	1	12.1513	0.104514	0.132128
AKAS	4	12	1	8.3222	0.126995	0.169073
AKE	3	91	21	68.0035	0.233529	0.311268
AKED	4	37	3	26.7423	0.0988769	0.131382
AKEE	4	17	0	13.0439	0.0519394	0.0557344
AKEES	5	11	0	8.48309	0.0514722	0.055338
AKELA	5	10	0	6.35195	0.0552445	0.0695287
AKES	4	49	11	35.9829	0.22556	0.306252
AKIN	4	32	0	23.0297	0.0307589	0.0342064
AKITA	5	12	0	7.90613	0.0481822	0.0585745
ALA	3	194	60	152.853	0.308988	0.39233
ALAE	4	139	4	104.343	0.0356885	0.0455773
ALAMO	5	17	0	10.8543	0.0365128	0.045097
ALAN	4	106	10	80.0345	0.100479	0.131362
ALAND	5	36	0	25.3864	0.0190138	0.0211309
ALANDS	6	10	0	4.868	0.0452275	0.0759096
ALANE	5	69	2	45.7655	0.0379077	0.0540151
ALANG	5	15	0	9.48503	0.0404295	0.0504929
ALANIN	6	11	0	5.68575	0.0420824	0.0675265
ALANS	5	51	6	33.6393	0.123595	0.184781
ALANT	5	44	0	28.7426	0.0158212	0.0188209
ALANTS	6	21	0	9.65826	0.0248213	0.0439487
ALAP	4	48	0	35.1447	0.0214351	0.0232916
ALAPS	5	21	0	14.0033	0.0305865	0.0362001
ALAR	4	124	18	91.4894	0.148555	0.200232
ALARM	5	21	0	13.4114	0.0305865	0.0375943
ALARMS	6	10	0	5.26182	0.0452275	0.0716272
ALARY	5	10	0	6.60921	0.0552445	0.067441
ALAS	4	138	31	103.914	0.225036	0.298718
ALASTOR	7	11	0	1.88386	0.036264	0.151732
ALATE	5	83	22	56.5361	0.26261	0.38598
ALATED	6	28	7	18.6586	0.242357	0.368052
ALATES	6	52	11	30.7735	0.209555	0.353929
ALATION	7	14	3	7.28913	0.201871	0.396681
ALAY	4	24	0	18.8087	0.039308	0.0408813
ALB	3	183	4	137.627	0.0278101	0.0351871
ALBA	4	46	0	34.3362	0.0222793	0.0237983
ALBAS	5	23	0	15.2528	0.0282907	0.033572
ALBE	4	76	1	56.6825	0.0263844	0.0316665
ALBEE	5	14	0	10.3531	0.0427208	0.0469329
ALBEIT	6	12	0	5.66584	0.0393462	0.0677085
ALBERT	6	20	0	11.9975	0.0258829	0.0364537
ALBERTS	7	11	0	5.15725	0.036264	0.0783382
ALBITE	6	13	0	7.22559	0.0369441	0.0559015
ALBS	4	51	0	38.3853	0.0202824	0.0214599
ALCO	4	74	1	55.4941	0.0270541	0.0323118
ALCOS	5	29	0	20.1139	0.0230909	0.0261784
ALDER	5	107	24	75.1397	0.223723	0.318785
ALDERN	6	29	0	17.7817	0.0186888	0.0256409
ALDERS	6	39	6	25.9354	0.155855	0.235045
ALDOL	5	19	0	12.8217	0.033288	0.039094
ALDRIN	6	13	0	7.04617	0.0369441	0.0570458
ALE	3	747	207	564.809	0.277206	0.366552
ALEC	4	142	2	106.416	0.0213336	0.0264037
ALECS	5	59	0	40.4158	0.0120329	0.0136361
ALEE	4	156	2	114.694	0.019476	0.0245438
ALEF	4	77	0	58.4243	0.0138343	0.0144386
ALEFS	5	31	0	22.6245	0.0217579	0.0235049
ALERION	7	17	0	7.71266	0.0256285	0.0568652
ALERT	5	167	4	114.214	0.0278579	0.0394054
ALERTED	7	15	0	4.71821	0.0284054	0.0837731
ALERTER	7	18	0	8.97233	0.0244341	0.0500963
ALERTS	6	86	3	54.9728	0.040335	0.0617376
ALES	4	421	142	309.624	0.33616	0.457308
ALEVIN	6	11	0	6.17395	0.0420824	0.0633498
ALEW	4	75	0	56.1599	0.0141811	0.0149929
ALF	3	133	1	102.315	0.0160682	0.0184113
ALFA	4	27	0	20.8763	0.0355977	0.0373146
ALFAS	5	11	0	8.23279	0.0514722	0.0566971
ALFS	4	37	0	29.215	0.0270782	0.0276025
ALGA	4	39	2	29.6008	0.0715206	0.0889575
ALGAE	5	25	1	16.7696	0.0612258	0.0842484
ALGAS	5	16	2	11.3328	0.14018	0.193946
ALGESIA	7	10	0	4.79982	0.0389586	0.0827065
ALGID	5	11	0	7.27051	0.0514722	0.0626086
ALGIN	5	31	0	18.6247	0.0217579	0.0280724
ALGINS	6	15	0	7.85187	0.032924	0.0522436
ALIAS	5	73	0	45.6042	0.00983495	0.0121486
ALIASED	7	12	0	3.87796	0.0339181	0.0965994
ALIBI	5	14	0	9.91858	0.0427208	0.0486498
ALIEN	5	135	1	88.6589	0.0126496	0.0174119
ALIENED	7	10	0	3.83515	0.0389586	0.0973587
ALIENER	7	10	0	4.60798	0.0389586	0.0852582
ALIENOR	7	18	1	6.06793	0.0710364	0.199289
ALIENS	6	58	0	31.0015	0.00985895	0.0152814
ALIF	4	62	1	45.9115	0.0319154	0.0386652
ALIFS	5	21	1	15.0376	0.0711632	0.0928336
ALIGN	5	38	0	21.1408	0.0181007	0.0250146
ALIGNS	6	12	0	6.26993	0.0393462	0.0625886
ALIKE	5	10	0	7.1204	0.0552445	0.0636437
ALINE	5	160	73	103.122	0.450695	0.700202
ALINED	6	46	14	26.2615	0.295771	0.518218
ALINER	6	78	33	43.1206	0.412941	0.747108
ALINERS	7	33	17	16.7613	0.480669	0.954208
ALINES	6	89	47	50.7914	0.515319	0.904584
ALISONS	7	12	0	5.33451	0.0339181	0.0763386
ALIST	5	146	5	93.9312	0.0384497	0.0581691
ALIT	4	291	14	210.306	0.0511571	0.0698371
ALIVE	5	24	8	16.2016	0.316653	0.472342
ALKO	4	20	0	14.1719	0.0456522	0.0520353
ALL	3	185	70	132.167	0.376586	0.526908
ALLEE	5	34	0	22.4683	0.020024	0.0236552
ALLEES	6	20	0	13.5946	0.0258829	0.0326519
ALLEY	5	20	0	12.5371	0.0318801	0.0398616
ALLIED	6	27	15	19.369	0.513666	0.735018
ALLIES	6	37	19	23.377	0.485517	0.777017
ALLIS	5	43	1	27.8598	0.037599	0.0529145
ALLOD	5	23	0	16.0438	0.0282907	0.032097
ALLONS	6	10	0	4.52692	0.0452275	0.0800548
ALLOT	5	33	3	23.0542	0.102438	0.143039
ALLOTS	6	14	1	8.18234	0.092356	0.151496
ALLOY	5	12	0	7.58889	0.0481822	0.0605208
ALLS	4	74	16	55.9919	0.217449	0.287077
ALLY	4	33	7	24.7827	0.215211	0.285607
ALMA	4	46	0	34.8299	0.0222793	0.0234863
ALME	4	92	4	70.9519	0.0530196	0.0662059
ALMES	5	47	2	35.0774	0.0543748	0.0696031
ALMNER	6	14	0	9.33126	0.0348184	0.0452493
ALMS	4	47	5	37.475	0.118405	0.146021
ALNICO	6	15	0	7.21359	0.032924	0.0559766
ALOD	4	109	0	81.3885	0.00994362	0.0105012
ALODS	5	46	0	31.9125	0.0151838	0.0170595
ALOE	4	185	5	141.814	0.0323074	0.0406834
ALOED	5	52	0	36.3207	0.0135466	0.0150949
ALOES	5	99	3	72.8652	0.0365708	0.0478166
ALOFT	5	12	0	7.99805	0.0481822	0.0580338
ALOIN	5	66	0	42.6789	0.0108235	0.0129448
ALOINS	6	26	0	12.3753	0.0205971	0.0354765
ALONE	5	88	16	58.249	0.182812	0.275344
ALONG	5	25	1	15.1081	0.0612258	0.0924505
ALOO	4	85	0	65.5909	0.0126017	0.0129261
ALOOS	5	43	0	30.1678	0.0161604	0.0179859
ALOUD	5	20	0	12.5775	0.0318801	0.0397508
ALOW	4	39	0	29.7028	0.0258413	0.0271885
ALOWE	5	17	0	11.3639	0.0365128	0.0433719
ALP	3	168	6	128.762	0.0418572	0.0528074
ALPINE	6	17	2	9.12139	0.127829	0.23062
ALPS	4	66	1	49.3985	0.0301118	0.0360834
ALS	3	548	21	421.126	0.0402166	0.051771
ALSO	4	201	0	152.011	0.00549811	0.00571142
ALSOON	6	16	0	6.65996	0.0312252	0.0596753
ALT	3	483	212	369.88	0.437721	0.571887
ALTAR	5	58	8	38.6174	0.142004	0.211401
ALTARS	6	28	5	17.104	0.178622	0.292196
ALTER	5	151	76	104.575	0.496323	0.718815
ALTERN	6	39	1	24.7906	0.037875	0.0565839
ALTERNE	7	11	0	4.75676	0.036264	0.0832659
ALTERS	6	68	30	47.2703	0.428764	0.622586
ALTHEA	6	14	0	8.75067	0.0348184	0.0477585
ALTHO	5	33	0	21.8179	0.0205704	0.0243023
ALTO	4	172	18	129.559	0.108219	0.14265
ALTOIST	7	10	0	3.67351	0.0389586	0.100337
ALTOS	5	75	11	51.8909	0.149454	0.215003
ALTS	4	253	89	190.543	0.34964	0.464841
ALU	3	232	7	176.26	0.0347456	0.0443678
ALUM	4	46	0	35.2357	0.0222793	0.0232359
ALUMS	5	15	0	8.9478	0.0404295	0.0529801
ALUNITE	7	14	0	6.22372	0.0300325	0.0676734
ALUNITES	8	11	0	4.26287	0.036264	0.0902681
ALURE	5	49	1	29.9461	0.0333138	0.0494542
ALURES	6	29	1	18.0539	0.0495721	0.0758621
ALUS	4	99	4	75.974	0.0494435	0.0619863
AMA	3	86	18	71.0491	0.213186	0.25755
AMAH	4	29	0	21.7399	0.0334903	0.0360026
AMAHS	5	13	0	9.56929	0.0452874	0.0501238
AMAIN	5	26	2	17.6606	0.0928933	0.131393
AMAS	4	59	11	45.7586	0.190197	0.244627
AMASS	5	10	1	7.93354	0.128533	0.159502
AMATE	5	38	5	27.811	0.138164	0.187366
AMATED	6	17	1	10.6878	0.0787609	0.120903
AMATES	6	16	4	10.6913	0.237624	0.362605
AMBO	4	18	0	12.7484	0.0496597	0.056792
AME	3	375	127	289.834	0.338199	0.437692
AMEER	5	44	0	30.0505	0.0158212	0.0180518
AMEERS	6	17	0	10.7004	0.029693	0.040261
AMELIA	6	15	0	8.22633	0.032924	0.0502765
AMEN	4	172	62	130.253	0.357112	0.472547
AMEND	5	51	10	38.1685	0.196795	0.263608
AMENDE	6	11	2	6.78569	0.181165	0.293957
AMENDS	6	12	3	6.68031	0.234405	0.416703
AMENE	5	29	8	22.1461	0.268153	0.355856
AMENED	6	10	2	6.83779	0.194705	0.292168
AMENS	5	78	34	54.5082	0.425671	0.612357
AMENT	5	72	32	51.1711	0.432995	0.613175
AMENTA	6	18	1	11.292	0.075077	0.115289
AMENTS	6	39	18	23.3719	0.439008	0.73732
AMES	4	199	68	148.948	0.33924	0.453872
AMI	3	293	73	227.389	0.249778	0.321659
AMIA	4	63	0	47.21	0.0166917	0.0176748
AMIAS	5	30	0	21.2829	0.0224046	0.0248616
AMICE	5	23	0	14.3966	0.0282907	0.0353296
AMICES	6	12	0	4.36156	0.0393462	0.0822319
AMID	4	86	2	60.8944	0.0344933	0.0452676
AMIDE	5	55	0	36.2469	0.0128536	0.0151241
AMIDES	6	21	0	10.9332	0.0248213	0.0395201
AMIDS	5	30	1	20.9387	0.0521269	0.0689085
AMIDST	6	12	0	6.45252	0.0393462	0.0611901
AMIE	4	138	13	100.035	0.098971	0.134986
AMIES	5	74	10	51.7303	0.1385	0.197021
AMIGA	5	19	0	12.266	0.033288	0.0406213
AMIN	4	148	50	108.349	0.334666	0.45771
AMINE	5	71	28	45.9527	0.385209	0.596473
AMINES	6	36	14	22.3413	0.370878	0.602653
AMINO	5	52	10	33.0592	0.193258	0.30207
AMINOS	6	17	3	8.90279	0.176897	0.329513
AMINS	5	60	15	38.9029	0.247527	0.381235
AMIR	4	112	4	81.5545	0.0439396	0.0578867
AMIRATE	7	11	0	3.41515	0.036264	0.105496
AMIRS	5	40	2	28.1537	0.0630957	0.0856069
AMIS	4	152	16	110.142	0.109268	0.149465
AMISES	6	25	1	13.0592	0.056559	0.101502
AMISS	5	35	2	20.7465	0.0712593	0.113535
AMITY	5	10	0	7.5308	0.0552445	0.0608913
AMLA	4	46	0	34.8299	0.0222793	0.0234863
AMMO	4	28	6	21.977	0.217531	0.277596
AMMON	5	12	1	8.67115	0.112101	0.148434
AMMOS	5	11	3	7.25723	0.256324	0.388225
AMNESIA	7	10	0	1.79101	0.0389586	0.155874
AMNIA	5	24	0	16.3377	0.0272673	0.0315813
AMNIO	5	32	0	21.5924	0.0211475	0.024535
AMNION	6	11	0	4.11551	0.0420824	0.0856998
AMNIOS	6	13	0	6.16222	0.0369441	0.063444
AMOLE	5	32	2	19.6911	0.0772568	0.11907
AMOLES	6	16	2	8.20785	0.134425	0.251844
AMONG	5	25	0	15.6102	0.0263154	0.0328891
AMORCE	6	10	0	5.7932	0.0452275	0.0665606
AMORET	6	41	0	22.098	0.0136355	0.0209941
AMORETS	7	20	0	6.44063	0.0223509	0.0658501
AMORIST	7	11	0	3.26741	0.036264	0.108691
AMORT	5	52	3	33.9922	0.0674601	0.09952
AMOSITE	7	12	0	3.53594	0.0339181	0.10302
AMOUR	5	13	0	9.07496	0.0452874	0.0523695
AMP	3	84	18	66.0117	0.218027	0.276501
AMPED	5	13	1	10.1314	0.105366	0.130507
AMPS	4	29	8	21.6602	0.270292	0.362878
AMRITA	6	18	0	7.81984	0.0283042	0.052419
AMU	3	116	3	93.1054	0.0349996	0.0411169
AMUS	4	35	0	28.4646	0.0284394	0.0282645
AMUSE	5	18	0	13.567	0.0348259	0.0372173
ANA	3	220	35	173.719	0.161565	0.20395
ANADEM	6	11	0	6.09941	0.0420824	0.0639537
ANAL	4	107	9	79.7403	0.0906343	0.119718
ANAN	4	67	3	50.5988	0.0575539	0.0727108
ANARCH	6	11	0	6.11844	0.0420824	0.0637984
ANAS	4	142	12	106.147	0.0894612	0.118237
ANCE	4	152	7	115.682	0.051864	0.0665318
ANCHO	5	28	0	19.5007	0.0238206	0.0269265
ANCHOR	6	10	0	4.51471	0.0452275	0.0802117
ANCHOS	6	17	0	7.89812	0.029693	0.0519923
ANCILE	6	10	0	4.63801	0.0452275	0.0786559
ANCLE	5	25	1	16.4788	0.0612258	0.0855772
ANCLES	6	12	0	6.01433	0.0393462	0.0646573
ANCON	5	26	0	18.2395	0.0254277	0.0286078
ANCONE	6	15	0	8.82922	0.032924	0.0474029
ANCONES	7	11	0	3.65014	0.036264	0.100783
ANCORA	6	18	0	8.54104	0.0283042	0.0487343
AND	3	417	87	325.536	0.20947	0.26809
ANDESITE	8	10	0	4.75589	0.0389586	0.0832773
ANDRO	5	49	0	32.9183	0.0143186	0.0165675
ANDROS	6	26	0	15.6143	0.0205971	0.0288471
ANDS	4	163	32	126.726	0.197465	0.253838
ANE	3	869	143	667.31	0.165166	0.214897
ANEAR	5	106	0	67.9808	0.0068749	0.00826176
ANEARED	7	11	0	5.51266	0.036264	0.0744293
ANEARS	6	44	0	25.7375	0.0127721	0.0182112
ANEATH	6	26	0	14.632	0.0205971	0.0305802
ANELE	5	61	0	40.6955	0.0116606	0.0135467
ANELES	6	37	0	21.2608	0.0149862	0.0217589
ANELLI	6	20	0	13.1475	0.0258829	0.0336337
ANEMIC	6	17	0	8.02049	0.029693	0.0513391
ANENT	5	64	0	43.6986	0.0111435	0.0126557
ANERLY	6	13	0	8.35306	0.0369441	0.0496439
ANEROID	7	16	0	3.98202	0.0269456	0.0948018
ANES	4	499	107	368.416	0.214639	0.290606
ANESTRI	7	44	0	16.4726	0.0110479	0.0293174
ANEW	4	77	1	60.1533	0.0260617	0.0299213
ANGA	4	65	4	49.0423	0.0735334	0.0941736
ANGAS	5	30	3	19.7766	0.111572	0.16461
ANGEL	5	39	2	24.3619	0.0645753	0.0979396
ANGELS	6	17	1	12.2544	0.0787609	0.107348
ANGER	5	67	23	42.6132	0.336243	0.528985
ANGERS	6	32	12	23.2472	0.356279	0.500678
ANGLE	5	40	14	23.6539	0.338043	0.569169
ANGLED	6	14	7	9.91608	0.437582	0.644604
ANGLER	6	14	5	9.86236	0.322506	0.474902
ANGLES	6	20	9	13.1782	0.410828	0.637707
ANGLO	5	24	0	12.7802	0.0272673	0.0392042
ANGORA	6	10	0	5.50552	0.0452275	0.069211
ANGRIES	7	12	3	7.62444	0.22799	0.382278
ANGRY	5	12	0	7.75253	0.0481822	0.059501
ANGST	5	42	1	26.772	0.0384228	0.0549178
ANGSTS	6	11	0	6.33295	0.0420824	0.0620988
ANI	3	763	77	588.957	0.101949	0.131769
ANIGH	5	31	0	18.5188	0.0217579	0.0282176
ANIGHT	6	10	0	7.54876	0.0452275	0.0539522
ANIL	4	277	10	201.841	0.0395035	0.0531814
ANILE	5	137	5	84.9311	0.0409101	0.0641943
ANILIN	6	13	0	6.66327	0.0369441	0.0596517
ANILS	5	100	5	64.1832	0.0555146	0.0843312
ANIMA	5	46	1	28.6204	0.0353269	0.0515983
ANIMAL	6	11	0	5.94539	0.0420824	0.0652389
ANIMAS	6	18	0	8.40561	0.0283042	0.0493862
ANIMATE	7	12	0	4.60304	0.0339181	0.085326
ANIMATER	8	10	0	4.05156	0.0389586	0.0936374
ANIME	5	72	8	47.7221	0.115722	0.172659
ANIMES	6	26	5	14.2472	0.190781	0.344478
ANIMI	5	17	0	11.1314	0.0365128	0.0441424
ANION	5	68	7	42.6771	0.108226	0.16977
ANIONS	6	25	2	12.2385	0.0917952	0.179116
ANIS	4	398	39	289.525	0.0996352	0.136427
ANISE	5	225	12	149.679	0.05578	0.0829465
ANISEED	7	14	0	4.88423	0.0300325	0.0816315
ANISES	6	59	3	33.8246	0.0577933	0.0984712
ANISIC	6	14	0	6.01637	0.0348184	0.0646403
ANISOLE	7	16	0	8.73172	0.0269456	0.0512618
ANKER	5	17	4	11.3249	0.230267	0.344625
ANKH	4	14	0	10.0451	0.0602348	0.0687232
ANN	3	221	16	173.718	0.0764306	0.0960964
ANNA	4	43	3	31.736	0.0864613	0.112398
ANNAL	5	23	0	15.3447	0.0282907	0.0333937
ANNAS	5	29	2	20.0493	0.0843565	0.117131
ANNAT	5	31	2	21.2849	0.0794867	0.110905
ANNATES	7	14	0	6.18912	0.0300325	0.0679736
ANNATS	6	18	2	9.70937	0.12185	0.218755
ANNEAL	6	18	1	10.875	0.075077	0.119106
ANNEALS	7	11	1	4.99916	0.105429	0.231516
ANNO	4	87	6	63.1924	0.0776983	0.104284
ANNOY	5	10	0	6.25861	0.0552445	0.0703185
ANNS	4	102	7	75.6948	0.0761487	0.100415
ANOA	4	114	1	84.6826	0.0179437	0.0215338
ANODAL	6	16	0	8.44765	0.0312252	0.049182
ANODE	5	73	5	50.9107	0.075071	0.105502
ANODES	6	30	4	17.6755	0.137961	0.232025
ANODIC	6	13	0	6.76197	0.0369441	0.0589575
ANOINT	6	22	0	9.87485	0.0238433	0.0431277
ANOLE	5	80	18	51.0287	0.224208	0.350609
ANOLES	6	40	11	22.9874	0.267523	0.465468
ANOMIE	6	20	1	10.3192	0.0686547	0.124605
ANOMIES	7	12	1	4.54609	0.0986087	0.248555
ANOMY	5	10	0	7.05884	0.0552445	0.0640783
ANON	4	115	2	87.1186	0.0261423	0.0320689
ANOTHER	7	11	2	4.99335	0.174594	0.383157
ANOW	4	50	0	38.4264	0.0206526	0.0214385
ANS	3	688	29	532.424	0.0436406	0.0559552
ANSA	4	163	2	125.184	0.0186635	0.0225326
ANSATE	6	49	0	27.0861	0.0115529	0.0173586
ANSATED	7	16	0	4.12759	0.0269456	0.0923966
ANT	3	661	321	515.69	0.484461	0.621321
ANTA	4	175	49	130.448	0.278843	0.374307
ANTAE	5	95	0	63.3493	0.00764153	0.00884767
ANTAR	5	90	11	57.9089	0.125515	0.193391
ANTARS	6	40	4	21.2977	0.106158	0.195511
ANTAS	5	87	26	59.3597	0.29515	0.43344
ANTE	4	382	168	280.001	0.437277	0.597136
ANTED	5	119	39	82.0075	0.324138	0.471354
ANTEED	6	31	0	21.0067	0.0176016	0.0220022
ANTEING	7	13	1	7.30102	0.0926172	0.171712
ANTES	5	200	99	145.281	0.489842	0.676297
ANTHEM	6	12	0	7.28062	0.0393462	0.0555597
ANTHER	6	39	0	23.746	0.014279	0.0196354
ANTHERS	7	16	0	8.31287	0.0269456	0.0534256
ANTHRO	6	17	0	10.785	0.029693	0.0399885
ANTI	4	327	87	239.668	0.265629	0.362424
ANTIAR	6	38	0	20.4801	0.014624	0.0225242
ANTIARS	7	14	0	4.9082	0.0300325	0.0813313
ANTIC	5	61	2	36.4774	0.0425989	0.0670678
ANTICS	6	28	1	11.2825	0.0511518	0.115373
ANTIENT	7	15	0	6.39754	0.0284054	0.0662045
ANTIGEN	7	10	0	5.2075	0.0389586	0.0777608
ANTING	6	20	2	12.409	0.111426	0.176954
ANTIRED	7	28	3	10.507	0.112032	0.291335
ANTIS	5	165	51	107.067	0.306881	0.473079
ANTISERA	8	12	0	3.86745	0.0339181	0.0967846
ANTLER	6	32	7	18.2756	0.214956	0.375102
ANTLERS	7	15	4	8.42155	0.245111	0.451587
ANTRA	5	95	1	59.5984	0.0177789	0.0256319
ANTRE	5	166	49	109.308	0.293282	0.445577
ANTRES	6	77	22	49.6221	0.281229	0.438246
ANTS	4	345	137	259.823	0.394905	0.524982
ANTSIER	7	27	0	10.8907	0.0172142	0.0424086
ANTSY	5	36	0	25.2307	0.0190138	0.0212518
ANURAL	6	13	0	6.69201	0.0369441	0.0594478
ANUS	4	97	5	73.5614	0.0602398	0.0770359
ANUSES	6	14	1	7.06537	0.092356	0.17076
ANVIL	5	15	0	10.5905	0.0404295	0.0460449
ANY	3	136	1	105.668	0.0157241	0.0178403
AORISTS	7	10	0	3.00151	0.0389586	0.114959
AORTA	5	79	0	54.0133	0.00912093	0.0103235
APART	5	20	0	14.062	0.0318801	0.0360674
APE	3	249	75	193.453	0.301108	0.387591
APED	4	70	4	51.8066	0.068617	0.0894083
APER	4	152	22	111.238	0.147537	0.200632
APERIES	7	11	0	5.68432	0.036264	0.0726777
APERS	5	68	10	50.0032	0.150099	0.203569
APERT	5	71	1	48.3278	0.0234953	0.0313767
APERY	5	11	0	7.24481	0.0514722	0.0627834
APES	4	145	51	107.959	0.348045	0.468346
APHID	5	10	0	6.80482	0.0552445	0.0659356
APHIS	5	23	0	16.92	0.0282907	0.0306073
APIAN	5	14	0	7.82835	0.0427208	0.0590401
APING	5	24	1	12.6404	0.0634405	0.108078
APLITES	7	12	0	6.3833	0.0339181	0.0663223
APNEA	5	15	0	9.27519	0.0404295	0.0514361
APO	3	188	6	142.74	0.0374988	0.0477234
APOD	4	36	0	26.3225	0.0277421	0.0303419
APODS	5	13	0	8.8746	0.0452874	0.0533381
APORIA	6	11	0	6.14339	0.0420824	0.063596
APORT	5	47	0	31.9707	0.014884	0.0170302
APOS	4	90	3	66.9799	0.043588	0.0556472
APP	3	34	8	27.1168	0.241701	0.302023
APPS	4	12	1	9.52325	0.126995	0.152626
APRES	5	78	14	54.7193	0.180707	0.257204
APRON	5	29	0	19.2688	0.0230909	0.0272206
APRONS	6	13	0	8.26447	0.0369441	0.0500844
APSE	4	136	1	103.981	0.0151397	0.0176429
APSES	5	31	0	23.2969	0.0217579	0.0228791
APSO	4	84	0	62.2829	0.0127436	0.0135829
APT	3	198	54	155.781	0.27318	0.347151
APTED	5	34	4	25.3734	0.126281	0.167489
APTER	5	70	16	50.2015	0.227495	0.317825
APTEST	6	16	0	9.12287	0.0312252	0.046119
APTING	6	10	3	7.22995	0.269444	0.391109
APTOTE	6	11	0	6.27831	0.0420824	0.0625231
APTS	4	105	27	81.1038	0.256245	0.332246
ARAISE	6	39	3	23.2082	0.0850672	0.140409
ARAISED	7	12	0	3.88603	0.0339181	0.0964575
ARAK	4	17	1	12.3133	0.0978457	0.124492
ARAME	5	36	0	25.53	0.0190138	0.0210205
ARANEID	7	12	0	5.62594	0.0339181	0.0732641
ARAR	4	95	2	70.8114	0.0313821	0.039171
ARARS	5	33	1	24.2226	0.0478595	0.0602654
ARB	3	208	8	159.999	0.0433931	0.0549648
ARBA	4	64	1	47.9215	0.0309874	0.0371337
ARBAS	5	29	1	19.7816	0.0537237	0.0725762
ARBOR	5	14	1	8.78748	0.0993949	0.146827
ARBS	4	60	1	44.6638	0.0329007	0.0396812
ARBUTE	6	10	0	5.56476	0.0452275	0.0686481
ARC	3	357	79	277.556	0.222122	0.285457
ARCADE	6	17	0	8.47838	0.029693	0.0490338
ARCANE	6	22	0	9.95007	0.0238433	0.0428497
ARCED	5	47	12	35.6928	0.251829	0.334059
ARCH	4	91	27	70.4362	0.293698	0.380627
ARCHED	6	12	3	6.86647	0.234405	0.407667
ARCHEI	6	19	0	11.3457	0.0270395	0.0382725
ARCHER	6	12	6	8.15309	0.429465	0.658423
ARCHES	6	24	11	14.9438	0.423856	0.690162
ARCHEST	7	15	0	7.09508	0.0284054	0.0608995
ARCHI	5	36	2	25.3352	0.0694619	0.094447
ARCING	6	12	1	6.69384	0.104366	0.178301
ARCO	4	133	2	99.7618	0.0227271	0.0281165
ARCOS	5	55	0	37.7513	0.0128536	0.0145511
ARCS	4	126	23	97.2945	0.184514	0.238563
ARCSINE	7	15	0	5.11575	0.0284054	0.0788216
ARCTIC	6	12	0	4.48294	0.0393462	0.0806225
ARD	3	460	75	352.661	0.164203	0.213819
ARDEB	5	25	0	17.69	0.0263154	0.0294078
ARDENT	6	51	3	31.8621	0.0662954	0.104226
ARDOR	5	45	0	33.1038	0.015496	0.0164798
ARDORS	6	17	0	11.2418	0.029693	0.038579
ARDRIS	6	14	0	8.34021	0.0348184	0.0497073
ARDS	4	195	28	146.415	0.145815	0.193546
ARE	3	1205	491	916.934	0.407091	0.535066
AREA	4	314	5	233.148	0.0192338	0.0249367
AREAD	5	92	0	65.4293	0.00788122	0.00857458
AREADS	6	37	0	25.1306	0.0149862	0.0186229
AREAE	5	58	0	40.341	0.0122281	0.0136603
AREAL	5	104	0	71.1023	0.00700264	0.00790878
AREAR	5	69	1	47.8247	0.0241421	0.0316938
AREARS	6	27	1	17.5826	0.0528356	0.0777146
AREAS	5	136	2	97.1176	0.01972	0.0260186
ARED	4	457	69	331.921	0.151871	0.20877
AREDD	5	36	0	24.8836	0.0190138	0.0215267
AREDE	5	122	8	86.9799	0.069671	0.0964467
AREDES	6	64	5	42.8105	0.0831871	0.123514
AREDING	7	15	0	10.9876	0.0284054	0.0420823
AREFY	5	16	0	11.3217	0.0383715	0.0435097
AREG	4	196	1	143.71	0.0106155	0.0128594
AREIC	5	84	0	56.7769	0.0086006	0.00983771
ARENA	5	155	0	99.48	0.00475148	0.00569629
ARENAS	6	59	0	33.3894	0.0097009	0.0142421
ARENE	5	116	0	78.3999	0.00630029	0.00719056
ARENES	6	65	0	41.2432	0.0088497	0.0116385
ARENITE	7	40	0	17.7095	0.0120648	0.0274405
ARENITES	8	19	0	6.94286	0.0233462	0.0619834
ARENOSE	7	20	0	5.8444	0.0223509	0.071117
ARENOUS	7	18	0	5.32367	0.0244341	0.076458
AREOLAS	7	13	0	3.02991	0.0318572	0.114255
AREPA	5	41	0	27.535	0.0168843	0.0195915
AREPAS	6	17	0	9.75746	0.029693	0.0435689
ARERE	5	94	0	63.1877	0.00771979	0.00886963
ARES	4	730	339	535.973	0.4629	0.630822
ARET	4	656	82	472.09	0.125807	0.174525
ARETE	5	182	17	123.776	0.0956332	0.139801
ARETES	6	115	12	78.0521	0.10648	0.156699
ARETS	5	353	63	245.506	0.17876	0.256917
ARETT	5	113	9	76.4157	0.0836197	0.122206
ARETTED	7	11	1	4.88774	0.105429	0.235486
ARETTS	6	59	4	40.6459	0.0738241	0.10622
AREW	4	116	0	88.9133	0.00936734	0.00963985
ARF	3	200	8	155.266	0.0450941	0.0566144
ARFS	4	63	4	49.3516	0.0757031	0.0936154
ARGAL	5	17	1	11.3171	0.0849513	0.118851
ARGAN	5	18	0	10.9665	0.0348259	0.0447053
ARGENT	6	27	2	16.2739	0.085752	0.138945
ARGH	4	57	0	42.4696	0.0183127	0.0195247
ARGLE	5	31	1	20.1932	0.0506223	0.0712278
ARGLES	6	13	1	7.26608	0.0979944	0.166945
ARGOLS	6	10	0	5.77049	0.0452275	0.0667624
ARGON	5	32	1	19.7237	0.0492021	0.0727699
ARGONS	6	16	1	7.28655	0.0828249	0.166566
ARGOT	5	33	0	19.678	0.0205704	0.0267058
ARGOTS	6	19	0	8.86266	0.0270395	0.0472531
ARGUE	5	21	0	14.8461	0.0305865	0.0343846
ARGUES	6	12	0	7.81929	0.0393462	0.052422
ARGUS	5	12	0	7.75308	0.0481822	0.0594976
ARIA	4	191	4	142.91	0.0262097	0.0335156
ARIAS	5	83	2	55.5599	0.0317826	0.0448173
ARID	4	212	20	154.554	0.0974771	0.132702
ARIDER	6	38	3	23.1951	0.0871229	0.140483
ARIDEST	7	32	2	14.5143	0.0711912	0.156914
ARIEL	5	107	0	71.749	0.00681277	0.00783939
ARIELS	6	52	0	29.9999	0.0109271	0.015764
ARIL	4	218	1	155.526	0.00956723	0.0118998
ARILED	6	34	0	21.8501	0.0161889	0.0212149
ARILS	5	91	0	60.7454	0.00796449	0.00921509
ARIOSE	6	51	0	23.8579	0.011128	0.0195495
ARIOSO	6	15	0	6.4424	0.032924	0.061266
ARIS	4	390	46	284.487	0.119385	0.163184
ARISE	5	232	38	155.906	0.164459	0.244372
ARISEN	6	93	15	51.7359	0.161913	0.289965
ARISES	6	47	7	27.7542	0.150956	0.254469
ARISH	5	83	0	57.3283	0.00869986	0.00974622
ARISHES	7	21	0	7.03949	0.0214371	0.0612909
ARISTOS	7	14	0	5.75113	0.0300325	0.0720181
ARK	3	86	30	65.103	0.34641	0.457868
ARKED	5	14	2	10.4384	0.156069	0.207938
ARKS	4	36	14	27.1868	0.371018	0.495985
ARLE	4	249	62	186.524	0.248761	0.332112
ARLED	5	79	22	57.278	0.275321	0.381146
ARLES	5	130	35	96.1692	0.267529	0.362566
ARLING	6	19	4	10.3846	0.205771	0.371793
ARM	3	282	90	216.769	0.318808	0.414791
ARMED	5	60	14	43.2106	0.231815	0.322738
ARMER	5	48	15	34.3747	0.305042	0.428747
ARMERS	6	19	4	12.0247	0.205771	0.327424
ARMET	5	70	18	50.626	0.254652	0.353294
ARMETS	6	36	10	25.3133	0.269303	0.388425
ARMIES	6	29	4	19.4299	0.142222	0.212778
ARMIL	5	24	1	17.2367	0.0634405	0.0821983
ARMILS	6	14	1	9.17253	0.092356	0.137723
ARMING	6	12	7	8.24818	0.494485	0.752472
ARMLET	6	10	0	7.25015	0.0452275	0.0557485
ARMOR	5	24	1	16.2616	0.0634405	0.0865976
ARMS	4	111	34	83.5461	0.303423	0.403899
ARMY	4	24	0	19.1229	0.039308	0.040296
ARNA	4	174	5	129.849	0.0342952	0.0443525
ARNAS	5	73	3	47.9168	0.0489766	0.0717351
ARNICA	6	15	0	5.3954	0.032924	0.0702823
ARNUT	5	44	0	30.0136	0.0158212	0.0180727
ARNUTS	6	15	0	7.39079	0.032924	0.0548878
AROBAS	6	11	0	4.6604	0.0420824	0.0783798
AROHAS	6	13	0	8.8246	0.0369441	0.0474237
AROID	5	55	7	36.1772	0.132216	0.198706
AROIDS	6	24	4	13.8047	0.168194	0.28988
AROINT	6	51	0	25.7291	0.011128	0.0182168
AROINTS	7	21	0	7.91081	0.0214371	0.0556817
AROMA	5	33	0	20.7856	0.0205704	0.0254053
AROMAS	6	13	0	5.88674	0.0369441	0.065742
AROSE	5	168	5	120.914	0.0335215	0.0453951
AROUND	6	10	0	5.50152	0.0452275	0.0692493
AROUSE	6	21	1	10.234	0.0658386	0.125492
AROW	4	54	0	40.9131	0.0192472	0.0202196
ARPA	4	47	0	35.2321	0.0218491	0.0232381
ARPAS	5	24	0	17.1237	0.0272673	0.0302805
ARPEN	5	59	0	39.0382	0.0120329	0.0140943
ARPENS	6	34	0	18.3625	0.0161889	0.0248994
ARPENT	6	18	0	9.14953	0.0283042	0.0460059
ARRANT	6	12	0	6.94943	0.0393462	0.0576824
ARRAS	5	34	3	25.2055	0.0997164	0.131711
ARRECT	6	10	0	6.53587	0.0452275	0.0605723
ARREST	6	54	17	37.3931	0.306817	0.447432
ARRET	5	96	33	66.315	0.338741	0.491813
ARRETS	6	45	16	34.0089	0.343224	0.461825
ARRIDE	6	10	0	7.02017	0.0452275	0.0572155
ARRIS	5	45	5	30.6552	0.118282	0.171026
ARRISH	6	11	0	7.17195	0.0420824	0.0562388
ARROW	5	12	0	8.71501	0.0481822	0.0541356
ARS	3	815	242	624.544	0.296924	0.387452
ARSE	4	529	217	396.723	0.408651	0.54533
ARSED	5	154	52	114.549	0.334637	0.451284
ARSENATE	8	12	0	4.96688	0.0339181	0.0806057
ARSENITE	8	17	0	7.17952	0.0256285	0.0603144
ARSENO	6	83	0	47.9996	0.00700558	0.0100569
ARSES	5	124	51	94.8927	0.405452	0.532546
ARSEY	5	41	0	30.9757	0.0168843	0.0175447
ARSHIN	6	17	0	11.017	0.029693	0.0392602
ARSHINE	7	12	0	4.98625	0.0339181	0.080369
ARSIER	6	43	1	25.1519	0.0346085	0.055823
ARSIEST	7	24	0	9.69276	0.0190949	0.0469032
ARSINE	6	73	8	40.9331	0.112662	0.199287
ARSINES	7	21	2	7.46768	0.103209	0.278719
ARSING	6	36	7	21.6685	0.193122	0.320684
ARSINO	6	42	0	24.456	0.013335	0.0191028
ARSIS	5	49	1	32.9243	0.0333138	0.0452319
ARSON	5	107	1	75.9803	0.0158507	0.0202444
ARSONS	6	22	0	12.2579	0.0238433	0.0357745
ARSY	4	58	0	42.1371	0.018021	0.0196691
ART	3	830	247	639.918	0.297579	0.385963
ARTAL	5	60	0	39.1547	0.0118438	0.0140544
ARTEL	5	122	0	81.0214	0.00599943	0.0069634
ARTELS	6	58	0	35.2604	0.00985895	0.0135215
ARTERY	6	17	0	12.9589	0.029693	0.0340658
ARTESIAN	8	12	0	3.72181	0.0339181	0.0994283
ARTI	4	400	60	293.947	0.151023	0.205157
ARTIC	5	71	1	47.4973	0.0234953	0.0319037
ARTICS	6	30	1	13.7362	0.048087	0.097056
ARTIER	6	65	10	36.1272	0.155091	0.277439
ARTIES	6	114	20	64.7138	0.175542	0.308583
ARTIEST	7	35	6	15.1076	0.169647	0.390613
ARTILY	6	11	0	7.1976	0.0420824	0.056077
ARTINESS	8	11	0	5.17292	0.036264	0.0781572
ARTIS	5	191	34	123.298	0.17855	0.276056
ARTIST	6	47	10	26.7331	0.210503	0.369042
ARTISTE	7	29	2	13.1085	0.0777712	0.171902
ARTS	4	445	140	333.537	0.313776	0.41885
ARTSIE	6	105	0	57.8576	0.00558352	0.00839283
ARTSIER	7	29	0	12.7709	0.0161535	0.0368639
ARTSIES	7	29	0	8.87802	0.0161535	0.0505467
ARTSMEN	7	11	0	4.30503	0.036264	0.0896248
ARTSY	5	42	0	30.0214	0.0165144	0.0180683
ARTY	4	91	2	70.5409	0.0326927	0.0393154
ARUHES	6	12	0	7.50844	0.0393462	0.054188
ARUM	4	46	1	35.715	0.0419707	0.0488955
ARUMS	5	16	1	10.5479	0.0892757	0.12616
ARY	3	188	2	147.77	0.0166735	0.0194972
ASAR	4	157	1	121.969	0.0131745	0.0150998
ASCEND	6	11	0	5.40991	0.0420824	0.0701392
ASCENT	6	24	0	12.2785	0.0221016	0.0357219
ASCI	4	110	1	86.0832	0.018569	0.0211945
ASCIAN	6	11	0	5.32146	0.0420824	0.0710204
ASCON	5	35	1	23.4526	0.0453826	0.0620917
ASCOT	5	34	0	23.1964	0.020024	0.0229705
ASEA	4	242	2	185.517	0.0126889	0.0153145
ASH	3	435	141	347.599	0.323869	0.405459
ASHED	5	55	17	41.3004	0.302735	0.406339
ASHEN	5	67	9	48.6891	0.138068	0.189107
ASHES	5	69	24	51.2918	0.340751	0.461552
ASHET	5	94	29	68.2937	0.304715	0.421022
ASHETS	6	27	7	19.2346	0.250334	0.357934
ASHIER	6	44	11	27.6044	0.244938	0.392179
ASHIEST	7	11	4	5.39884	0.312924	0.646342
ASHINE	6	29	0	18.6521	0.0186888	0.0245453
ASHING	6	19	4	12.0616	0.205771	0.326547
ASHLER	6	26	0	16.2472	0.0205971	0.0278309
ASHLERS	7	10	0	5.56228	0.0389586	0.0739143
ASHORE	6	35	1	21.9015	0.0418224	0.0635048
ASHY	4	48	4	37.0086	0.0972164	0.122625
ASIDE	5	125	1	88.6478	0.0136329	0.017414
ASIDES	6	34	0	19.7181	0.0161889	0.0233248
ASININE	7	10	0	5.45355	0.0389586	0.0750521
ASK	3	88	28	69.726	0.317164	0.400828
ASKED	5	16	5	12.3969	0.292893	0.388549
ASKER	5	28	10	21.982	0.339829	0.441836
ASKERS	6	10	3	7.89877	0.269444	0.363912
ASKOI	5	11	0	7.99406	0.0514722	0.058057
ASKS	4	12	3	9.38062	0.24616	0.318298
ASLOSH	6	13	0	7.2671	0.0369441	0.0556433
ASMEAR	6	19	0	12.0688	0.0270395	0.0362651
ASP	3	252	15	194.514	0.0632729	0.0808731
ASPEN	5	46	1	32.7971	0.0353269	0.0453975
ASPENS	6	14	0	8.30801	0.0348184	0.049867
ASPER	5	71	3	50.2781	0.0502888	0.0684925
ASPERS	6	22	3	15.16	0.142047	0.207359
ASPIC	5	16	0	11.0849	0.0383715	0.0442997
ASPINE	6	24	1	15.1873	0.0586247	0.0887252
ASPINES	7	12	0	5.20431	0.0339181	0.0777972
ASPIRE	6	26	7	15.1285	0.258855	0.44517
ASPIRED	7	12	1	6.44015	0.0986087	0.190075
ASPIRES	7	12	4	5.98298	0.29268	0.596618
ASPIS	5	20	0	13.2791	0.0318801	0.0379205
ASPORT	6	16	1	11.5507	0.0828249	0.113041
ASPOUT	6	10	0	6.05903	0.0452275	0.0642858
ASPS	4	44	2	34.4099	0.0641902	0.0774674
ASS	3	266	62	213.417	0.234019	0.291522
ASSAI	5	29	0	19.4874	0.0230909	0.0269432
ASSAM	5	13	0	7.82422	0.0452874	0.059065
ASSART	6	11	1	6.16265	0.111624	0.190318
ASSENT	6	31	3	17.5197	0.104862	0.181926
ASSERT	6	46	8	30.2555	0.174264	0.265838
ASSET	5	95	24	70.3939	0.250939	0.339696
ASSIGN	6	11	0	6.82184	0.0420824	0.0585442
ASSORT	6	21	2	10.3691	0.106856	0.206817
ASSOT	5	46	0	33.44	0.0151838	0.0163233
ASSURE	6	10	1	5.51296	0.119966	0.207415
ASTARE	6	75	0	48.4467	0.00772062	0.0099673
ASTART	6	28	0	17.6914	0.0192843	0.0257603
ASTER	5	329	93	228.886	0.281844	0.405372
ASTERIA	7	39	0	19.8761	0.0123489	0.0246735
ASTERID	7	37	2	16.0888	0.0623931	0.142955
ASTERN	6	101	13	69.3244	0.130342	0.190025
ASTEROID	8	14	0	4.67575	0.0300325	0.084339
ASTERS	6	93	29	66.492	0.307171	0.432482
ASTERT	6	75	6	51.6274	0.0842708	0.121845
ASTERTS	7	17	1	9.13248	0.0745086	0.142437
ASTHORE	7	16	0	5.22932	0.0269456	0.0775127
ASTIR	5	173	2	112.481	0.0155895	0.0225257
ASTONE	6	71	23	39.0804	0.317359	0.575989
ASTONED	7	27	10	7.62973	0.345533	1
ASTONES	7	22	8	7.85851	0.334836	0.900891
ASTONIED	8	13	1	3.581	0.0926172	0.294764
ASTONY	6	10	0	6.35235	0.0452275	0.0619495
ASTOOP	6	14	0	7.91061	0.0348184	0.0519249
ASTRAL	6	31	0	17.5969	0.0176016	0.0258863
ASTRAND	7	10	0	5.53858	0.0389586	0.0741594
ASTRAY	6	16	0	9.40408	0.0312252	0.0449531
ASTRIDE	7	29	1	11.4088	0.0469623	0.117533
ASTROID	7	15	0	5.56447	0.0284054	0.0738917
ASTRUT	6	13	0	8.14329	0.0369441	0.0506998
ASTUN	5	53	0	38.1164	0.0133075	0.0144186
ASTUNS	6	11	0	6.08691	0.0420824	0.0640561
ASTUTE	6	14	0	9.67226	0.0348184	0.0438948
ATAP	4	47	0	34.409	0.0218491	0.0237518
ATE	3	1116	278	855.262	0.249272	0.325202
ATELIER	7	13	1	4.88405	0.0926172	0.23562
ATES	4	685	195	503.08	0.284338	0.387198
ATHAME	6	12	0	9.04338	0.0393462	0.0464597
ATHEISE	7	15	0	8.1274	0.0284054	0.0544432
ATHEIST	7	13	0	4.27877	0.0318572	0.0900244
ATHIRST	7	11	0	4.69407	0.036264	0.0840939
ATIGI	5	16	0	8.70953	0.0383715	0.0541634
ATILT	5	47	0	31.3751	0.014884	0.0173345
ATIMY	5	11	0	8.51238	0.0514722	0.0551832
ATINGLE	7	14	0	9.50826	0.0300325	0.0476815
ATLAS	5	63	0	43.0834	0.0113107	0.0128285
ATLASES	7	10	0	4.02362	0.0389586	0.0941017
ATMANS	6	11	0	5.68567	0.0420824	0.0675271
ATOC	4	135	0	103.636	0.00809409	0.00830674
ATOK	4	33	0	25.1187	0.0299448	0.0316491
ATOKE	5	16	0	10.5583	0.0383715	0.0461633
ATOLL	5	27	1	19.2483	0.05723	0.0744013
ATOM	4	111	1	83.7463	0.0184087	0.0217667
ATOMIC	6	14	0	6.66628	0.0348184	0.0596302
ATOMIES	7	11	0	4.44094	0.036264	0.0876117
ATOMISE	7	14	0	6.59313	0.0300325	0.0646259
ATOMS	5	40	1	27.5756	0.0401835	0.0534236
ATOMY	5	11	0	7.24391	0.0514722	0.0627896
ATONAL	6	17	0	7.95657	0.029693	0.0516782
ATONE	5	156	63	105.562	0.399348	0.591306
ATONED	6	55	19	32.0304	0.33582	0.577788
ATONER	6	71	32	45.7857	0.438359	0.684143
ATONERS	7	25	11	12.8565	0.404956	0.797022
ATONES	6	81	36	46.6687	0.433813	0.754324
ATONIA	6	26	0	13.0992	0.0205971	0.0337435
ATONIC	6	28	1	16.3604	0.0511518	0.0829683
ATONIES	7	36	7	14.7628	0.190691	0.459917
ATONY	5	20	0	14.0646	0.0318801	0.0360615
ATOP	4	97	0	71.6391	0.011116	0.0118762
ATRETIC	7	10	0	3.73983	0.0389586	0.0990934
ATRIP	5	47	0	31.7179	0.014884	0.017158
ATS	3	983	26	755.104	0.0275588	0.0355472
ATT	3	295	36	228.576	0.124392	0.15985
ATTAP	5	12	1	7.81184	0.112101	0.161489
ATTAR	5	34	2	22.1908	0.0731522	0.106745
ATTARS	6	21	1	13.6086	0.0658386	0.0978638
ATTEND	6	21	1	14.1689	0.0658386	0.0944127
ATTENDS	7	10	0	3.68628	0.0389586	0.100095
ATTIC	5	27	1	18.8803	0.05723	0.0757153
ATTICS	6	12	0	6.70755	0.0393462	0.0593382
ATTIRE	6	36	1	22.5197	0.0407604	0.0618851
ATTIRED	7	12	1	5.71706	0.0986087	0.208833
ATTIRES	7	21	1	10.7666	0.0623232	0.123631
ATTONE	6	34	3	21.0998	0.0964459	0.153383
ATTONED	7	10	1	3.58478	0.113263	0.29455
ATTONES	7	20	0	8.10852	0.0223509	0.054549
ATTORN	6	27	1	16.4592	0.0528356	0.0825171
ATTORNS	7	13	0	4.06217	0.0318572	0.0934622
AUDIO	5	14	0	10.0713	0.0427208	0.0480322
AUDIST	6	12	0	5.66679	0.0393462	0.0676998
AUDIT	5	24	0	16.5997	0.0272673	0.0311356
AUDITS	6	13	0	6.96054	0.0369441	0.0576087
AUE	3	238	0	190.561	0.00496765	0.00481222
AUF	3	48	1	37.8789	0.0422963	0.0478308
AUFS	4	16	1	13.2404	0.102554	0.117307
AUGER	5	12	0	8.26728	0.0481822	0.0565058
AUGH	4	15	0	11.9408	0.0571901	0.059899
AUK	3	15	0	11.5505	0.0630459	0.0663568
AULD	4	28	0	22.7743	0.0345119	0.0345478
AULOI	5	22	0	13.3929	0.0293938	0.0376395
AUNE	4	116	0	89.894	0.00936734	0.00953789
AUNES	5	66	0	48.4541	0.0108235	0.0114619
AUNT	4	97	21	75.2787	0.217436	0.280204
AUNTER	6	22	5	13.9223	0.220849	0.351635
AUNTIE	6	21	3	11.209	0.147873	0.270731
AUNTIES	7	11	2	4.5232	0.174594	0.412528
AUNTS	5	50	8	35.45	0.163181	0.229301
AURA	4	61	0	48.898	0.0171992	0.017098
AURAE	5	27	0	19.4337	0.0245979	0.0270107
AURAL	5	18	0	13.1668	0.0348259	0.0382021
AURAR	5	12	0	8.39278	0.0481822	0.0558208
AURAS	5	28	0	20.1744	0.0238206	0.0261068
AURATE	6	16	0	8.68138	0.0312252	0.0480767
AURATES	7	13	0	5.74874	0.0318572	0.0720414
AURES	5	83	1	57.7977	0.0202412	0.0264043
AURIC	5	16	0	10.3604	0.0383715	0.046905
AUSTERE	7	12	0	5.21137	0.0339181	0.0777167
AUTISM	6	10	0	5.19629	0.0452275	0.072306
AUTIST	6	13	0	6.78155	0.0369441	0.0588216
AUTO	4	91	0	72.4241	0.0118123	0.0117523
AUTOED	6	11	0	7.59058	0.0420824	0.0537099
AUTOS	5	49	0	36.7721	0.0143186	0.014919
AVA	3	23	7	18.4614	0.302967	0.379225
AVAL	4	13	0	9.15488	0.063622	0.0738309
AVAS	4	13	3	9.67214	0.232318	0.310872
AVE	3	118	59	92.2818	0.493164	0.632638
AVEL	4	49	5	37.0778	0.114002	0.147474
AVELS	5	23	3	17.043	0.140883	0.18829
AVENIR	6	12	0	4.77778	0.0393462	0.0769637
AVENS	5	19	1	12.1322	0.0774483	0.111976
AVER	4	72	19	53.1532	0.262184	0.355229
AVERS	5	25	6	17.8574	0.235778	0.331944
AVERSE	6	11	0	6.50883	0.0420824	0.0607714
AVERT	5	30	6	21.5647	0.200739	0.279629
AVERTS	6	15	3	9.1225	0.196145	0.322835
AVES	4	49	24	37.6777	0.46727	0.61442
AVIATE	6	10	0	4.46222	0.0452275	0.0808928
AVID	4	33	0	24.0502	0.0299448	0.0329075
AVIDER	6	13	0	7.15044	0.0369441	0.0563752
AVINE	5	28	1	18.3872	0.0554214	0.0775504
AVION	5	10	0	7.26479	0.0552445	0.0626474
AVISE	5	21	0	15.2135	0.0305865	0.0336489
AVISO	5	17	0	12.2237	0.0365128	0.0407425
AVO	3	68	1	50.747	0.0305594	0.03626
AVOID	5	10	0	6.78236	0.0552445	0.0661051
AVOS	4	26	1	19.8733	0.0692391	0.083024
AWA	3	32	0	27.6383	0.0333353	0.0308726
AWAIT	5	11	0	8.24368	0.0514722	0.0566366
AWARE	5	11	0	8.93401	0.0514722	0.0530472
AWDL	4	21	0	16.4428	0.0438816	0.0459017
AWE	3	153	26	124.941	0.173183	0.211393
AWED	4	58	5	46.4927	0.0976598	0.11932
AWEE	4	32	0	24.8436	0.0307589	0.0319638
AWEEL	5	15	0	11.8326	0.0404295	0.0418978
AWEING	6	10	0	6.76386	0.0452275	0.0589443
AWES	4	83	15	65.3752	0.183764	0.232915
AWING	5	21	3	14.2371	0.152316	0.220911
AWK	3	13	2	9.9705	0.187568	0.235869
AWL	3	89	12	71.0549	0.14185	0.175899
AWLS	4	34	3	26.8852	0.106525	0.13075
AWN	3	109	30	91.2804	0.275948	0.329988
AWNED	5	21	8	16.1296	0.355199	0.474221
AWNER	5	23	6	16.5542	0.253476	0.355311
AWNIER	6	16	1	10.2018	0.0828249	0.125832
AWNS	4	38	9	30.3751	0.236807	0.29774
AWOL	4	26	1	20.6023	0.0692391	0.0804402
AWOLS	5	11	1	8.24333	0.119756	0.154659
AXE	3	13	5	10.4173	0.363274	0.460889
AYAH	4	14	0	11.1649	0.0602348	0.0632214
AYE	3	146	18	110.082	0.127954	0.168213
AYES	4	72	11	56.3319	0.157995	0.200902
AYGRE	5	12	0	9.20867	0.0481822	0.0517425
AYIN	4	51	0	38.7402	0.0202824	0.0212767
AYINS	5	24	0	16.8143	0.0272673	0.0307797
AYONT	5	15	0	10.3678	0.0404295	0.0468767
AYRE	4	88	0	67.9903	0.0121942	0.0124881
AYRES	5	49	0	37.0869	0.0143186	0.0147987
AYRIES	6	16	0	9.87048	0.0312252	0.043144
AYS	3	139	3	108.619	0.0293732	0.0353737
AYU	3	38	0	30.3596	0.0285815	0.0283117
AYUS	4	20	0	16.9838	0.0456522	0.0446478
BAA	3	46	4	36.1297	0.103897	0.127768
BAAED	5	11	0	8.44871	0.0514722	0.0555208
BAAL	4	19	0	13.8382	0.0475717	0.0530775
BAAS	4	25	3	18.5191	0.138715	0.182005
BABE	4	20	6	14.71	0.287749	0.392653
BABEL	5	11	1	7.96136	0.119756	0.159055
BAC	3	109	51	84.6798	0.461667	0.596017
BACH	4	31	9	24.9269	0.283131	0.356196
BACHES	6	11	4	7.39729	0.320248	0.493624
BACK	4	20	14	14.5824	0.610544	0.855165
BACKS	5	10	6	7.22951	0.494975	0.715904
BACON	5	16	1	10.9433	0.0892757	0.122293
BACONS	6	10	1	3.89476	0.119966	0.267204
BACS	4	43	7	33.5358	0.170172	0.216849
BAD	3	125	65	96.5181	0.512904	0.666185
BADE	4	74	33	56.8896	0.433231	0.567458
BADS	4	54	20	42.0661	0.359479	0.465244
BAE	3	219	25	167.7	0.117461	0.152391
BAEL	4	84	3	62.855	0.0465337	0.0591421
BAELS	5	32	2	24.3889	0.0772568	0.0978394
BAES	4	121	13	91.6178	0.112347	0.147016
BAFT	4	11	2	8.53607	0.198398	0.253927
BAG	3	53	18	41.488	0.33645	0.430841
BAGH	4	10	0	7.70273	0.0765327	0.0840169
BAGS	4	23	8	17.7045	0.328664	0.432805
BAH	3	89	9	69.1308	0.109617	0.138714
BAHT	4	31	0	24.4977	0.0316185	0.0323685
BAHTS	5	14	0	10.0998	0.0427208	0.0479186
BAHU	4	10	0	6.51284	0.0765327	0.0947254
BAIL	4	66	29	48.316	0.425684	0.584377
BAILED	6	14	4	11.1002	0.264969	0.351038
BAILER	6	17	6	12.0322	0.3241	0.472688
BAILS	5	26	11	18.6326	0.396489	0.56227
BAIRN	5	26	0	18.0659	0.0254277	0.0288559
BAISA	5	14	0	9.33907	0.0427208	0.0511452
BAIT	4	79	26	57.7938	0.323828	0.443514
BAITED	6	13	6	8.42239	0.403246	0.640939
BAITER	6	27	7	18.0081	0.250334	0.380188
BAITERS	7	18	5	10.3014	0.257445	0.464273
BAITH	5	14	0	9.73746	0.0427208	0.0494031
BAITS	5	43	17	29.8901	0.380617	0.551916
BAKE	4	18	16	13.8885	0.751923	1
BAKER	5	13	11	9.55599	0.706157	1
BAKES	5	10	6	7.19973	0.494975	0.718232
BAL	3	187	113	142.035	0.597687	0.788537
BALAS	5	16	1	10.9567	0.0892757	0.122167
BALD	4	42	13	30.9752	0.30206	0.410803
BALDER	6	16	6	11.8102	0.340824	0.480444
BALDIE	6	11	1	6.76749	0.111624	0.176753
BALDS	5	14	4	10.0925	0.269417	0.379866
BALE	4	111	67	81.1887	0.588438	0.808036
BALED	5	40	15	28.3184	0.360955	0.51451
BALEEN	6	11	0	7.78484	0.0420824	0.052612
BALER	5	60	14	42.5446	0.231815	0.327568
BALERS	6	25	7	16.7841	0.267976	0.405339
BALES	5	61	41	43.4178	0.645896	0.916286
BALING	6	10	4	4.90346	0.344183	0.679508
BALISE	6	24	0	13.7985	0.0221016	0.0322228
BALK	4	12	2	9.0376	0.186577	0.243189
BALL	4	37	21	26.9669	0.529669	0.734628
BALLER	6	14	7	9.58287	0.437582	0.663609
BALM	4	18	2	14.3619	0.137443	0.167843
BALOO	5	12	0	8.47247	0.0481822	0.0553943
BALS	4	64	19	47.4778	0.292678	0.39531
BALSA	5	14	0	10.8409	0.0427208	0.0451442
BALTI	5	27	0	18.7709	0.0245979	0.0278744
BALTIS	6	16	0	8.49685	0.0312252	0.0489452
BALU	4	26	0	18.7946	0.0367541	0.0409079
BALUS	5	11	0	7.87745	0.0514722	0.0587453
BAM	3	79	35	61.9888	0.435787	0.557595
BAMS	4	32	10	25.1791	0.30262	0.3887
BAN	3	166	114	128.022	0.677367	0.880895
BANAL	5	14	3	9.2541	0.212743	0.319086
BANC	4	24	1	17.4633	0.0740501	0.0928873
BANCS	5	10	0	6.26294	0.0552445	0.0702814
BAND	4	54	40	41.9743	0.69971	0.912656
BANDA	5	16	1	10.8074	0.0892757	0.123595
BANDER	6	18	15	12.7495	0.729896	1
BANDH	5	12	0	8.25893	0.0481822	0.056552
BANDIER	7	11	4	6.67435	0.312924	0.546827
BANDS	5	18	15	14.0891	0.727835	0.97072
BANE	4	82	44	60.9541	0.520046	0.703771
BANED	5	35	10	22.8524	0.278273	0.426336
BANES	5	36	25	26.1129	0.649615	0.911167
BANG	4	32	16	23.1364	0.465737	0.650418
BANGS	5	10	5	6.35845	0.421686	0.670647
BANI	4	78	7	57.6869	0.0982251	0.130298
BANIA	5	20	0	12.2705	0.0318801	0.0406086
BANNER	6	12	9	9.58067	0.624524	0.840734
BANNS	5	12	1	6.97189	0.112101	0.176678
BANS	4	57	22	42.8521	0.374395	0.501027
BANT	4	58	35	43.3478	0.575492	0.777211
BANTER	6	11	9	8.21797	0.667954	0.956028
BANTS	5	26	15	17.7673	0.53142	0.789713
BAO	3	143	4	108.194	0.0353736	0.044548
BAOS	4	64	2	46.8841	0.0455258	0.0580266
BAP	3	61	25	47.014	0.402658	0.524232
BAPS	4	28	10	20.0491	0.339543	0.475882
BAPU	4	12	0	8.92184	0.0674127	0.0752959
BAR	3	244	180	186.06	0.730437	0.959802
BARB	4	21	3	15.5661	0.160235	0.211232
BARBE	5	12	2	8.64541	0.176021	0.243098
BARCA	5	12	0	8.45206	0.0481822	0.0555029
BARD	4	56	29	42.3345	0.495717	0.661782
BARDE	5	33	9	22.6505	0.266172	0.389198
BARDES	6	23	5	14.3305	0.212477	0.342692
BARDIE	6	17	7	10.0156	0.373168	0.639135
BARDIES	7	11	3	4.93402	0.243759	0.53944
BARDO	5	18	0	12.887	0.0348259	0.0389221
BARDS	5	24	12	18.9068	0.461346	0.602808
BARE	4	164	106	122.861	0.634727	0.850423
BARED	5	62	38	44.3346	0.590357	0.833337
BARER	5	29	11	20.029	0.360052	0.526561
BARES	5	95	66	71.1173	0.676709	0.911078
BAREST	6	49	20	34.2119	0.393379	0.57054
BARF	4	22	2	17.6138	0.116916	0.141135
BARGE	5	10	4	6.81815	0.348398	0.521584
BARIC	5	29	0	18.3638	0.0230909	0.0284328
BARING	6	16	7	9.80248	0.392423	0.65096
BARITE	6	23	1	11.1537	0.0608471	0.116527
BARITES	7	12	0	3.59591	0.0339181	0.101833
BARK	4	16	11	11.9685	0.583705	0.803469
BARM	4	44	10	32.5048	0.22818	0.308097
BARMIE	6	10	0	6.09731	0.0452275	0.0639709
BARMS	5	14	5	10.6563	0.326091	0.442161
BARN	4	70	24	51.598	0.336056	0.457257
BARNED	6	10	2	5.92902	0.194705	0.326884
BARNET	6	17	5	9.41229	0.275032	0.494104
BARNETS	7	11	4	7.32564	0.312924	0.506971
BARNS	5	28	11	20.0822	0.37143	0.52529
BARON	5	36	3	21.3067	0.0946859	0.153784
BARONET	7	10	1	2.64869	0.113263	0.359294
BARONS	6	14	2	6.82221	0.149894	0.2927
BARP	4	34	2	23.8789	0.0807411	0.10802
BARPS	5	17	1	10.5659	0.0849513	0.125979
BARRA	5	12	1	9.10151	0.112101	0.142659
BARRE	5	24	11	17.511	0.425173	0.59466
BARREN	6	10	2	5.94008	0.194705	0.326412
BARRES	6	13	7	8.87582	0.464296	0.707894
BARRO	5	17	1	12.1023	0.0849513	0.112213
BARS	4	100	37	75.0315	0.363907	0.486605
BARTER	6	20	11	12.6795	0.496372	0.798693
BARTON	6	10	0	5.99047	0.0452275	0.0648574
BAS	3	219	126	171.627	0.570226	0.729169
BASAL	5	11	1	7.1844	0.119756	0.172571
BASE	4	130	67	100.174	0.505488	0.659094
BASED	5	44	22	34.4057	0.477572	0.620878
BASEN	5	51	0	36.8859	0.0137945	0.0148753
BASER	5	79	33	59.2954	0.40842	0.548173
BASES	5	35	19	27.504	0.511164	0.664498
BASEST	6	17	1	10.9584	0.0787609	0.118322
BASH	4	51	19	38.7668	0.360885	0.478108
BASHED	6	10	5	8.19479	0.418921	0.554784
BASHER	6	12	7	7.51609	0.494485	0.812122
BASHES	6	11	6	8.59346	0.45933	0.630307
BASHO	5	17	0	13.0691	0.0365128	0.0384505
BASIC	5	17	0	11.622	0.0365128	0.0425478
BASIL	5	34	0	22.5778	0.020024	0.0235496
BASIN	5	39	6	22.6895	0.158374	0.266869
BASING	6	10	5	5.70259	0.418921	0.741083
BASIS	5	19	0	12.9477	0.033288	0.0387635
BASK	4	18	8	13.8852	0.400791	0.53174
BASON	5	26	1	17.2216	0.0591605	0.0822631
BASS	4	33	15	26.0264	0.426944	0.550599
BASSE	5	23	8	16.4302	0.328538	0.466468
BASSET	6	11	3	7.25624	0.250706	0.389964
BASSI	5	14	4	8.93666	0.269417	0.420166
BASSO	5	10	0	7.45957	0.0552445	0.0613518
BAST	4	104	59	79.9893	0.552762	0.723135
BASTA	5	22	1	15.7475	0.0683882	0.089112
BASTE	5	63	43	47.2546	0.656523	0.885489
BASTED	6	18	11	15.5726	0.542805	0.665062
BASTER	6	37	25	28.3461	0.634106	0.848159
BASTERS	7	12	7	8.48565	0.486752	0.745876
BASTES	6	19	11	14.646	0.518551	0.702719
BASTI	5	45	4	31.3864	0.0977248	0.137287
BASTIS	6	13	2	6.97581	0.159045	0.28753
BASTO	5	36	2	26.6595	0.0694619	0.0900766
BASTOS	6	10	2	6.58461	0.194705	0.301076
BASTS	5	24	8	18.1616	0.316653	0.426328
BAT	3	198	131	152.577	0.654228	0.851022
BATCH	5	14	3	9.98502	0.212743	0.299559
BATE	4	121	86	90.9143	0.69271	0.926894
BATED	5	39	20	30.1096	0.486667	0.641689
BATES	5	74	55	55.9458	0.718063	0.95982
BATH	4	54	20	41.0796	0.359479	0.475699
BATHE	5	28	13	19.7658	0.434631	0.625002
BATHER	6	13	8	8.80243	0.525346	0.807876
BATHES	6	15	8	10.1529	0.468181	0.715979
BATHS	5	21	7	15.8575	0.314623	0.425335
BATING	6	12	4	6.76543	0.299425	0.530385
BATLER	6	20	0	12.9559	0.0258829	0.0340729
BATLET	6	10	0	5.73084	0.0452275	0.0671178
BATON	5	30	0	19.6075	0.0224046	0.026793
BATONS	6	17	0	9.62445	0.029693	0.0440798
BATS	4	113	44	84.5721	0.383173	0.513581
BATT	4	39	19	28.6178	0.459795	0.632441
BATTA	5	11	2	7.90654	0.18804	0.261306
BATTEL	6	12	0	7.48004	0.0393462	0.0543553
BATTER	6	15	12	12.1451	0.68581	0.901611
BATTS	5	23	5	16.7614	0.215945	0.297961
BAUD	4	16	1	12.1143	0.102554	0.126151
BAUR	4	32	2	24.5652	0.0851311	0.105313
BAURS	5	16	2	10.5799	0.14018	0.205592
BAWD	4	12	1	9.61146	0.126995	0.151543
BAWL	4	17	3	12.0792	0.189658	0.260657
BAWN	4	17	4	13.0197	0.235565	0.308305
BAWR	4	13	0	9.03069	0.063622	0.0746044
BAY	3	32	8	22.9674	0.255102	0.351335
BAYE	4	12	3	7.69762	0.24616	0.369218
BAYT	4	11	0	8.0624	0.0716838	0.0812408
BEACH	5	12	3	9.52019	0.23994	0.311689
BEAD	4	65	28	49.4366	0.417454	0.55271
BEADER	6	13	4	9.24557	0.281145	0.410414
BEADIER	7	10	4	5.602	0.336175	0.628134
BEADS	5	34	19	26.396	0.524743	0.690463
BEAL	4	78	29	57.7303	0.363979	0.493522
BEALS	5	28	12	20.484	0.403031	0.560444
BEAM	4	34	11	25.341	0.312799	0.421972
BEAMS	5	13	6	9.61179	0.405762	0.568504
BEAN	4	68	32	52.8241	0.455205	0.590946
BEANED	6	10	5	6.46929	0.418921	0.671693
BEANIE	6	13	3	8.23926	0.220095	0.351469
BEANO	5	20	0	14.59	0.0318801	0.0349166
BEANS	5	25	15	19.0179	0.549972	0.74263
BEAR	4	105	64	78.4037	0.593272	0.798807
BEARD	5	24	5	17.2051	0.208134	0.291061
BEARDS	6	14	3	8.30024	0.207431	0.349329
BEARE	5	47	19	33.733	0.390046	0.548527
BEARED	6	16	9	10.2975	0.495623	0.790584
BEARES	6	23	10	14.668	0.402015	0.640752
BEARS	5	44	25	31.5321	0.540538	0.763729
BEAST	5	55	25	39.8781	0.439149	0.611373
BEASTS	6	10	3	7.28336	0.269444	0.388789
BEAT	4	93	47	70.2701	0.492224	0.655116
BEATER	6	17	8	11.873	0.422236	0.625367
BEATH	5	22	0	16.3358	0.0293938	0.0315847
BEATHS	6	10	0	6.13205	0.0452275	0.0636878
BEATS	5	56	29	42.5557	0.49885	0.664457
BEAU	4	22	0	16.5624	0.0422432	0.0456185
BED	3	157	43	124.222	0.274424	0.346802
BEDE	4	57	7	44.4562	0.131612	0.166762
BEDEL	5	19	0	13.3149	0.033288	0.0378318
BEDES	5	29	5	21.9593	0.176255	0.233206
BEDIM	5	14	0	8.54847	0.0427208	0.0549936
BEDS	4	70	18	54.5538	0.255824	0.329129
BEDSIT	6	12	0	6.83775	0.0393462	0.0584353
BEE	3	91	65	74.3634	0.696326	0.858337
BEEDI	5	14	0	9.87523	0.0427208	0.048828
BEEF	4	14	1	11.1091	0.113473	0.135253
BEEN	4	35	9	26.8832	0.254664	0.332738
BEEP	4	13	3	10.3665	0.232318	0.294506
BEER	4	66	25	51.0319	0.369174	0.480633
BEERS	5	29	15	22.9211	0.482583	0.626125
BEES	4	59	25	46.1052	0.409689	0.529029
BEET	4	41	17	32.3123	0.396025	0.509016
BEETS	5	23	13	16.3643	0.516192	0.741029
BEG	3	51	10	40.8528	0.203409	0.252401
BEGAR	5	10	1	6.148	0.128533	0.194634
BEGIN	5	14	1	8.12181	0.0993949	0.156523
BEGO	4	19	1	14.6566	0.0896176	0.107803
BEGS	4	20	4	15.5899	0.20705	0.265269
BEIN	4	68	7	51.8247	0.111721	0.144276
BEING	5	17	0	9.85481	0.0365128	0.0489124
BEINS	5	30	3	21.0263	0.111572	0.155659
BEL	3	165	75	132.149	0.450705	0.564125
BELAR	5	40	1	27.7601	0.0401835	0.0530918
BELARS	6	16	1	10.6583	0.0828249	0.121191
BELATE	6	16	4	10.0388	0.237624	0.382726
BELIE	5	25	5	17.3798	0.200868	0.288432
BELIER	6	12	4	8.08454	0.299425	0.45902
BELL	4	25	10	18.9904	0.373745	0.498979
BELLE	5	11	5	7.61165	0.392892	0.582828
BELON	5	20	1	13.6803	0.0741728	0.100891
BELS	4	74	19	55.7615	0.255528	0.339414
BELT	4	60	16	44.7721	0.264441	0.354751
BELTS	5	24	6	17.3701	0.244307	0.340313
BEMA	4	31	1	23.0721	0.0595644	0.0727681
BEMAS	5	17	1	12.0717	0.0849513	0.112458
BEN	3	144	83	115.986	0.568652	0.708663
BEND	4	51	27	40.8726	0.504297	0.638153
BENDER	6	10	7	7.60797	0.568399	0.804121
BENDS	5	19	10	14.4631	0.474892	0.644136
BENE	4	34	17	26.808	0.467504	0.603572
BENES	5	22	14	16.6629	0.575315	0.782848
BENET	5	15	1	10.7787	0.0940639	0.123874
BENI	4	76	2	58.5381	0.0387631	0.0470059
BENIS	5	38	0	25.8641	0.0181007	0.0207681
BENNI	5	12	3	8.11506	0.23994	0.355165
BENS	4	59	29	46.6028	0.472402	0.604632
BENT	4	62	29	50.0585	0.451181	0.565121
BENTO	5	23	0	16.2631	0.0282907	0.0317107
BENTOS	6	10	0	5.45504	0.0452275	0.069698
BENTS	5	30	18	22.6311	0.557407	0.755511
BEPAT	5	10	0	6.61881	0.0552445	0.0673656
BERATE	6	23	6	14.5258	0.250385	0.40013
BERATES	7	13	5	5.98282	0.335657	0.728333
BERAY	5	13	1	9.00666	0.105366	0.143893
BERE	4	97	28	73.4136	0.28621	0.378878
BERES	5	61	23	44.8284	0.367451	0.503939
BERET	5	39	2	26.6543	0.0645753	0.090093
BERETS	6	15	2	10.1342	0.141738	0.210915
BERG	4	30	0	22.5535	0.0325275	0.0348484
BERGS	5	11	0	7.4663	0.0514722	0.061308
BERK	4	12	3	9.5655	0.24616	0.313548
BERLIN	6	10	0	6.19977	0.0452275	0.0631432
BERM	4	42	0	32.2171	0.0241842	0.0252376
BERME	5	12	0	9.20385	0.0481822	0.0517648
BERMS	5	13	0	9.6455	0.0452874	0.0497947
BERTH	5	21	0	15.7039	0.0305865	0.0327146
BERTHS	6	11	0	7.992	0.0420824	0.0514897
BES	3	215	78	170.488	0.361533	0.456409
BESAT	5	40	5	31.7778	0.131833	0.165335
BESAW	5	12	0	9.50432	0.0481822	0.050408
BESES	5	19	1	14.4284	0.0774483	0.0962848
BESET	5	30	4	21.717	0.141294	0.193356
BESING	6	12	1	7.82661	0.104366	0.157142
BESIT	5	45	2	31.5797	0.0566104	0.0768619
BESITS	6	13	2	7.59553	0.159045	0.2684
BESOIN	6	10	0	5.79272	0.0452275	0.0665648
BESOM	5	10	0	6.97478	0.0552445	0.0646812
BESORT	6	16	0	9.15222	0.0312252	0.0459945
BESOT	5	39	1	29.9006	0.0411258	0.0495249
BESOTS	6	11	1	7.31691	0.111624	0.166006
BEST	4	112	50	88.974	0.437831	0.554315
BESTAD	6	14	0	8.89972	0.0348184	0.0470882
BESTAR	6	19	0	13.0118	0.0270395	0.0339436
BESTED	6	11	5	8.28813	0.389789	0.54961
BESTI	5	48	3	36.0577	0.072685	0.0941128
BESTIE	6	19	1	10.1072	0.0717223	0.126838
BESTIR	6	18	0	11.2754	0.0283042	0.0384794
BESTIS	6	11	1	6.07571	0.111624	0.19244
BESTS	5	28	15	22.2441	0.497833	0.643639
BET	3	187	78	151.091	0.414512	0.514067
BETA	4	92	6	70.4057	0.0736843	0.0940115
BETAS	5	45	6	33.449	0.138839	0.185774
BETE	4	52	4	39.8284	0.0903682	0.114518
BETED	5	18	2	13.6877	0.127227	0.164756
BETEL	5	19	0	14.5452	0.033288	0.0350115
BETES	5	30	1	22.3498	0.0521269	0.0649085
BETH	4	41	3	32.0874	0.0902382	0.111266
BETHS	5	17	1	13.1619	0.0849513	0.10435
BETISE	6	13	0	7.26964	0.0369441	0.0556276
BETOIL	6	10	0	6.54891	0.0452275	0.0604768
BETON	5	36	0	25.8763	0.0190138	0.0207589
BETONS	6	19	0	9.94015	0.0270395	0.0428862
BETS	4	97	31	75.6103	0.315684	0.406516
BETTA	5	20	1	16.0765	0.0741728	0.0874861
BETTAS	6	12	1	9.33917	0.104366	0.135648
BEY	3	31	0	23.4653	0.0342857	0.0358445
BEZ	3	10	1	8.50608	0.156497	0.176104
BHAI	4	20	0	14.2388	0.0456522	0.0518312
BHAT	4	28	0	21.1756	0.0345119	0.0368493
BHATS	5	11	0	7.48527	0.0514722	0.0611848
BHEL	4	31	0	25.5689	0.0316185	0.0311473
BHELS	5	11	0	8.41397	0.0514722	0.0557067
BHUT	4	11	1	8.51996	0.135041	0.166126
BIALI	5	19	0	13.9379	0.033288	0.036349
BIAS	4	75	0	56.8984	0.0141811	0.0148075
BIASED	6	16	0	11.2396	0.0312252	0.0385857
BIASES	6	12	0	7.95196	0.0393462	0.0517029
BIB	3	18	7	15.5993	0.371593	0.439371
BIBE	4	13	6	10.9923	0.401014	0.498318
BICE	4	22	6	18.1993	0.266262	0.327481
BICES	5	11	2	7.91896	0.18804	0.260977
BID	3	110	62	85.657	0.554049	0.714259
BIDE	4	69	41	50.5926	0.571014	0.784125
BIDENT	6	14	1	7.19813	0.092356	0.168217
BIDER	5	38	18	25.7632	0.450328	0.670151
BIDERS	6	14	4	9.88963	0.264969	0.387644
BIDES	5	37	23	26.5074	0.584425	0.828279
BIDET	5	28	8	18.0221	0.276627	0.429306
BIDETS	6	16	4	10.3667	0.237624	0.372343
BIDI	4	21	2	15.3204	0.121451	0.158975
BIDIS	5	13	0	9.05595	0.0452874	0.0524599
BIDS	4	43	15	32.0796	0.337594	0.455106
BIELD	5	23	0	15.5994	0.0282907	0.0329093
BIELDS	6	10	0	5.83958	0.0452275	0.0661522
BIEN	4	69	2	51.0778	0.0424407	0.0535119
BIER	4	104	6	77.5694	0.0655561	0.0856342
BIERS	5	50	3	36.2124	0.0699751	0.0937314
BIG	3	43	11	34.072	0.25922	0.32665
BIGA	4	20	0	15.2893	0.0456522	0.048825
BIGAE	5	10	0	7.07608	0.0552445	0.063956
BIGS	4	13	4	9.85238	0.28855	0.385346
BIKE	4	13	7	10.9573	0.457245	0.572155
BILE	4	72	44	51.8536	0.587775	0.820909
BILED	5	25	11	17.146	0.41033	0.606021
BILES	5	43	28	31.529	0.616442	0.853384
BILL	4	18	11	12.9644	0.532465	0.75278
BIMA	4	27	1	19.725	0.0670606	0.08357
BIMAS	5	14	1	9.20257	0.0993949	0.141367
BIN	3	138	89	108.854	0.634898	0.80798
BINATE	6	16	0	9.90376	0.0312252	0.0430204
BIND	4	47	28	36.2376	0.562562	0.739478
BINDER	6	17	14	12.3161	0.716643	1
BINDI	5	15	1	10.1932	0.0940639	0.129842
BINDS	5	21	15	16.1684	0.639236	0.859371
BINE	4	71	39	53.935	0.529554	0.702711
BINER	5	42	10	29.2735	0.235598	0.338684
BINERS	6	18	3	12.4938	0.168623	0.246259
BINES	5	45	27	33.777	0.570541	0.771717
BING	4	33	17	24.7194	0.479877	0.649343
BINGE	5	17	8	10.8554	0.424021	0.669407
BINGES	6	11	4	6.65541	0.320248	0.537353
BINGS	5	12	7	7.69982	0.495617	0.78458
BINIT	5	13	0	7.55763	0.0452874	0.0607196
BINS	4	62	22	48.9429	0.346364	0.442075
BIO	3	120	8	94.8792	0.0741698	0.0917414
BIOG	4	18	0	13.3329	0.0496597	0.0547376
BIOME	5	11	0	7.78081	0.0514722	0.0593282
BIONTS	6	10	0	4.75309	0.0452275	0.0772574
BIOS	4	56	4	42.1299	0.0844213	0.108655
BIOTA	5	22	0	15.8061	0.0293938	0.0325264
BIOTIN	6	10	0	6.30881	0.0452275	0.0622855
BIRD	4	46	5	35.5316	0.120736	0.15342
BIRDS	5	21	3	15.5421	0.152316	0.204438
BIRK	4	10	0	7.61756	0.0765327	0.0847024
BIRL	4	40	0	28.2115	0.0252642	0.028495
BIRLE	5	27	0	17.1836	0.0245979	0.0301858
BIRLED	6	15	0	9.69447	0.032924	0.0438093
BIRLER	6	10	0	6.09006	0.0452275	0.0640303
BIRLES	6	15	0	8.72261	0.032924	0.0478869
BIRLS	5	17	0	11.0676	0.0365128	0.0443585
BIRO	4	52	1	39.5146	0.0375359	0.0445072
BIROS	5	25	0	16.8537	0.0263154	0.0307152
BIRR	4	18	4	13.109	0.225225	0.306576
BIRSE	5	46	0	33.2839	0.0151838	0.0163956
BIRSED	6	15	0	8.34741	0.032924	0.0496718
BIRSES	6	11	0	6.35724	0.0420824	0.061912
BIRSLE	6	12	0	6.18536	0.0393462	0.0632583
BIRTH	5	15	0	10.4052	0.0404295	0.046735
BIS	3	159	59	123.659	0.369173	0.475227
BISE	4	99	16	78.1115	0.165069	0.208618
BISES	5	28	2	20.0818	0.0870223	0.116959
BISH	4	36	5	28.678	0.150341	0.186799
BISON	5	23	0	15.5142	0.0282907	0.0330699
BIST	4	76	31	60.7274	0.397747	0.501719
BISTER	6	27	8	19.5256	0.283251	0.400102
BISTRE	6	23	5	16.902	0.212477	0.295367
BISTRO	6	15	4	8.54351	0.250553	0.438491
BIT	3	167	101	132.277	0.597417	0.756579
BITCH	5	12	6	9.09872	0.431698	0.594882
BITE	4	96	52	74.4833	0.527184	0.68409
BITER	5	58	26	43.3458	0.434	0.58665
BITERS	6	29	12	20.4699	0.389289	0.563345
BITES	5	50	28	38.2199	0.536004	0.711271
BITO	4	55	3	43.2577	0.0691064	0.0842943
BITOS	5	26	1	18.9024	0.0591605	0.0756351
BITOU	5	11	0	8.80297	0.0514722	0.0536931
BITS	4	82	36	63.4852	0.427863	0.556257
BITSER	6	34	0	22.0421	0.0161889	0.0210434
BITT	4	31	14	22.5077	0.42286	0.587604
BITTE	5	18	9	13.051	0.450631	0.638113
BITTER	6	12	7	8.29545	0.494485	0.74892
BITTS	5	18	7	13.1153	0.35823	0.50271
BLAB	4	17	0	12.5614	0.0519394	0.0574825
BLACK	5	13	6	8.59601	0.405762	0.623216
BLAD	4	49	15	36.9386	0.299933	0.399491
BLADE	5	24	11	16.5399	0.425173	0.625877
BLADER	6	17	9	11.4574	0.471304	0.720989
BLADES	6	12	7	7.78892	0.494485	0.788818
BLADS	5	17	6	12.1558	0.327144	0.466037
BLAE	4	94	6	67.2207	0.0721924	0.0982864
BLAER	5	59	3	42.0957	0.059922	0.081214
BLAES	5	50	3	37.6357	0.0699751	0.0903621
BLAEST	6	24	0	13.6308	0.0221016	0.0325748
BLAG	4	26	2	19.6326	0.101724	0.128447
BLAGS	5	11	1	8.00793	0.119756	0.158312
BLAH	4	31	0	23.3307	0.0316185	0.0338128
BLAHS	5	11	0	7.55933	0.0514722	0.0607088
BLAIN	5	35	3	23.9028	0.0971361	0.138346
BLAINS	6	15	1	8.39757	0.0873312	0.148273
BLAISE	6	21	1	11.8001	0.0658386	0.110955
BLAM	4	25	5	19.6019	0.205866	0.262404
BLAME	5	15	4	10.6324	0.254967	0.36358
BLAMS	5	11	2	8.53388	0.18804	0.245682
BLAND	5	13	4	10.0112	0.285604	0.382448
BLARE	5	62	25	41.2884	0.392321	0.591436
BLARED	6	25	8	17.2829	0.303212	0.447324
BLARES	6	31	15	23.1238	0.453903	0.623924
BLART	5	31	0	20.2278	0.0217579	0.026044
BLARTS	6	16	0	9.13716	0.0312252	0.0460583
BLASE	5	49	6	34.5204	0.12829	0.180318
BLASH	5	16	2	11.3007	0.14018	0.194415
BLAST	5	41	10	29.151	0.240875	0.340017
BLASTER	7	16	5	9.42798	0.283907	0.501008
BLAT	4	85	28	62.6692	0.324463	0.441036
BLATE	5	54	17	39.1624	0.307986	0.427466
BLATED	6	18	3	12.143	0.168623	0.252489
BLATER	6	38	6	26.5124	0.159622	0.230241
BLATES	6	31	8	20.8443	0.250295	0.376719
BLATS	5	51	8	37.3927	0.160195	0.217981
BLATT	5	16	4	11.0513	0.241988	0.351872
BLAW	4	21	5	15.6204	0.237804	0.319052
BLAY	4	17	2	12.6083	0.143752	0.186916
BLEAR	5	56	17	39.3302	0.297659	0.425729
BLEARS	6	21	7	14.172	0.311943	0.471965
BLEAT	5	46	10	34.0967	0.216615	0.293378
BLEATER	7	10	2	4.69007	0.187567	0.401602
BLEATS	6	22	3	13.762	0.142047	0.226084
BLEB	4	17	0	13.0141	0.0519394	0.0558394
BLEBS	5	10	0	7.08274	0.0552445	0.0639088
BLED	4	57	6	42.7582	0.115426	0.151035
BLEE	4	43	8	32.8848	0.1911	0.248807
BLEED	5	17	4	12.7874	0.230267	0.310444
BLEES	5	25	2	18.9725	0.0961362	0.123157
BLEND	5	14	3	8.85415	0.212743	0.330889
BLENT	5	18	1	12.2534	0.0810265	0.111021
BLESS	5	18	1	11.718	0.0810265	0.115366
BLEST	5	45	1	32.3171	0.0360532	0.0460332
BLET	4	87	6	64.3953	0.0776983	0.102418
BLETS	5	43	2	30.6316	0.0590377	0.0790981
BLEW	4	20	0	14.8551	0.0456522	0.0500241
BLEY	4	15	1	11.2593	0.107737	0.13381
BLIN	4	49	11	36.5833	0.22556	0.301586
BLIND	5	21	7	14.2765	0.314623	0.466755
BLING	5	13	3	8.10576	0.225525	0.355493
BLINS	5	20	1	13.807	0.0741728	0.10008
BLIP	4	11	1	7.79026	0.135041	0.177548
BLISS	5	11	1	6.55106	0.119756	0.185415
BLIST	5	34	3	22.1	0.0997164	0.148712
BLISTER	7	13	0	6.26768	0.0318572	0.0672958
BLIT	4	67	11	51.2255	0.169	0.219883
BLITE	5	34	2	24.1201	0.0731522	0.0988479
BLITES	6	24	0	14.5174	0.0221016	0.0307961
BLITS	5	35	6	23.6244	0.174766	0.257116
BLOAT	5	30	1	20.6918	0.0521269	0.0696599
BLOATER	7	10	0	5.90853	0.0389586	0.0705104
BLOATS	6	17	1	11.2269	0.0787609	0.115868
BLOC	4	17	3	12.8645	0.189658	0.24761
BLORE	5	23	4	17.1058	0.178414	0.240123
BLORES	6	11	2	6.75456	0.181165	0.295037
BLOT	4	34	8	26.7219	0.235446	0.300708
BLOTS	5	11	3	8.13205	0.256324	0.354567
BLUD	4	13	0	9.76113	0.063622	0.070274
BLUE	4	28	4	20.7274	0.156525	0.2074
BLUED	5	10	2	6.61868	0.201821	0.30054
BLUER	5	16	2	10.9028	0.14018	0.20043
BLUES	5	19	3	13.0002	0.165769	0.239178
BLUEST	6	11	2	5.90253	0.181165	0.32802
BLUET	5	18	1	12.407	0.0810265	0.109833
BLUR	4	20	0	15.3139	0.0456522	0.0487589
BLURT	5	10	0	5.9879	0.0552445	0.0727139
BOA	3	141	74	105.769	0.518374	0.692402
BOAB	4	12	0	9.1136	0.0674127	0.0740862
BOAR	4	81	29	59.5893	0.35125	0.478822
BOARD	5	21	3	15.1026	0.152316	0.209705
BOARDS	6	12	3	6.93269	0.234405	0.404547
BOARS	5	39	17	28.7025	0.416319	0.573293
BOART	5	36	1	25.4891	0.0442378	0.0574847
BOARTS	6	20	0	11.1132	0.0258829	0.0389658
BOAS	4	59	23	43.9939	0.378333	0.510167
BOAST	5	27	15	20.0962	0.514078	0.706324
BOAT	4	70	33	52.1289	0.456403	0.616621
BOATED	6	10	5	7.76924	0.418921	0.579667
BOATEL	6	15	0	9.14527	0.032924	0.0460239
BOATER	6	22	11	14.632	0.457256	0.703322
BOATERS	7	13	4	6.81905	0.274897	0.53744
BOATIE	6	17	5	8.30328	0.275032	0.548779
BOATS	5	36	19	26.758	0.49827	0.681759
BOB	3	13	4	11.0739	0.304705	0.364544
BOD	3	82	39	63.5708	0.46707	0.604823
BODE	4	45	22	34.3	0.46464	0.61645
BODES	5	28	15	22.688	0.497833	0.632048
BODIES	6	15	5	11.1212	0.30496	0.428345
BODLE	5	11	0	7.82419	0.0514722	0.0590651
BODS	4	33	13	26.8401	0.37401	0.46807
BOEP	4	19	0	14.7403	0.0475717	0.0503512
BOET	4	61	1	48.733	0.0324005	0.0365492
BOETS	5	32	1	25.5048	0.0492021	0.0574517
BOG	3	35	8	26.8508	0.235516	0.304764
BOH	3	88	4	68.0432	0.0565039	0.0699222
BOHEA	5	16	0	12.5892	0.0383715	0.0397188
BOHS	4	36	1	26.6494	0.0522618	0.0639355
BOI	3	119	41	93.2699	0.342904	0.438052
BOIL	4	42	23	33.0407	0.515811	0.665979
BOILED	6	10	6	6.66137	0.49366	0.775624
BOILER	6	13	9	8.07039	0.586397	0.97044
BOILS	5	20	12	15.4697	0.539393	0.72169
BOIS	4	54	13	41.8498	0.240398	0.310802
BOITE	5	30	2	22.1243	0.0818493	0.107039
BOITES	6	18	0	11.0522	0.0283042	0.0391517
BOK	3	25	7	19.2284	0.282126	0.365805
BOKE	4	13	6	10.0563	0.401014	0.534533
BOLA	4	56	14	42.2965	0.24894	0.329888
BOLAR	5	23	4	15.5897	0.178414	0.26087
BOLAS	5	19	4	13.3605	0.209929	0.29883
BOLD	4	27	5	20.0798	0.192912	0.256928
BOLE	4	68	37	52.4378	0.523902	0.685558
BOLERO	6	12	0	6.86963	0.0393462	0.0582184
BOLES	5	32	20	24.3197	0.58224	0.783073
BOLINE	6	11	0	6.44943	0.0420824	0.0612132
BOLL	4	20	14	14.5758	0.610544	0.855488
BOLO	4	24	6	18.1737	0.247761	0.327879
BOLOS	5	17	3	12.1445	0.181828	0.253691
BOLT	4	43	11	32.7765	0.253883	0.333836
BOLTER	6	13	3	7.98943	0.220095	0.360513
BOLTS	5	12	2	8.91681	0.176021	0.237032
BOLUS	5	10	0	6.47433	0.0552445	0.0685197
BOMA	4	23	3	16.0696	0.148701	0.205602
BON	3	141	88	107.567	0.614876	0.808347
BONA	4	64	6	46.6423	0.103679	0.139175
BONCE	5	10	1	6.72501	0.128533	0.181701
BOND	4	36	18	26.6036	0.469097	0.641749
BONDS	5	14	6	10.4184	0.382766	0.531452
BONE	4	81	54	59.049	0.642681	0.887066
BONED	5	32	14	22.1756	0.413912	0.60403
BONER	5	42	30	28.6499	0.673764	0.998997
BONERS	6	17	14	11.4659	0.716643	1
BONES	5	45	32	32.3614	0.673327	0.949237
BONG	4	25	6	18.2121	0.239442	0.327281
BONIE	5	29	9	18.4574	0.298786	0.469132
BONIER	6	16	4	10.6267	0.237624	0.364499
BONIST	6	12	0	5.65785	0.0393462	0.0677818
BONITA	6	14	0	7.86089	0.0348184	0.0521944
BONITO	6	13	0	6.91223	0.0369441	0.0579311
BONNE	5	12	8	7.62998	0.559536	0.894585
BONY	4	15	1	11.522	0.107737	0.13136
BOO	3	62	49	47.781	0.759793	0.994053
BOOED	5	13	0	8.9891	0.0452874	0.0527802
BOOH	4	20	0	16.3123	0.0456522	0.0462147
BOOL	4	18	14	14.7475	0.66414	0.847131
BOOM	4	12	7	9.57286	0.484489	0.636055
BOON	4	24	8	18.7393	0.317245	0.412034
BOONS	5	10	3	8.15316	0.27511	0.353827
BOOR	4	31	10	24.4983	0.311077	0.398385
BOORD	5	10	0	7.04321	0.0552445	0.0641895
BOORS	5	11	5	8.31911	0.392892	0.54271
BOOS	4	32	13	25.669	0.384178	0.48731
BOOSE	5	16	6	12.8322	0.343797	0.444724
BOOST	5	11	7	8.39673	0.52946	0.731778
BOOT	4	29	18	23.3118	0.566295	0.722581
BOOTH	5	10	2	6.66649	0.201821	0.298874
BOOTS	5	14	11	10.8425	0.666136	0.904436
BOP	3	39	16	28.6824	0.399372	0.543828
BOPS	4	14	6	10.5689	0.379664	0.514073
BOR	3	156	108	119.954	0.6822	0.889941
BORA	4	93	28	68.0323	0.297918	0.407653
BORAL	5	27	5	18.5068	0.187758	0.272549
BORALS	6	11	3	6.531	0.250706	0.424244
BORANE	6	17	0	9.36769	0.029693	0.0451006
BORAS	5	47	16	33.7177	0.33081	0.464673
BORATE	6	27	6	17.1712	0.217418	0.344095
BORATED	7	10	1	4.7544	0.113263	0.240419
BORATES	7	16	3	6.27631	0.181122	0.447626
BORD	4	35	14	27.1858	0.380344	0.496002
BORDE	5	22	1	16.3259	0.0683882	0.0862928
BORDES	6	12	1	7.11914	0.104366	0.169721
BORDS	5	19	9	13.8041	0.430731	0.607623
BORE	4	93	64	69.2851	0.666078	0.899823
BOREAL	6	13	0	8.37773	0.0369441	0.0495226
BOREAS	6	17	0	10.2391	0.029693	0.0418141
BORED	5	35	19	25.3852	0.511164	0.715988
BOREE	5	20	1	13.7932	0.0741728	0.100167
BOREES	6	12	1	8.06395	0.104366	0.15333
BOREL	5	34	1	23.7206	0.0465881	0.0614436
BORELS	6	13	0	7.66052	0.0369441	0.0533094
BORER	5	15	7	10.6634	0.415871	0.600365
BORES	5	50	38	38.1146	0.722416	0.962683
BORIC	5	15	0	9.09868	0.0404295	0.0522572
BORM	4	34	2	25.3974	0.0807411	0.102208
BORMED	6	10	0	5.96452	0.0452275	0.0650765
BORMS	5	10	1	7.13467	0.128533	0.173515
BORN	4	48	21	35.0476	0.419287	0.577875
BORNA	5	15	1	9.63848	0.0940639	0.136053
BORNE	5	29	13	20.0801	0.421317	0.616091
BORON	5	14	2	9.68048	0.156069	0.22148
BORS	4	72	21	55.4573	0.288231	0.375503
BORT	4	74	30	56.995	0.395152	0.516307
BORTS	5	36	17	26.0385	0.447822	0.627844
BOS	3	149	73	112.601	0.484749	0.642593
BOSH	4	39	11	29.67	0.277078	0.365753
BOSHTA	6	10	0	5.56319	0.0452275	0.0686629
BOSIE	5	27	1	18.7518	0.05723	0.076185
BOSON	5	11	0	8.45962	0.0514722	0.0554626
BOSS	4	25	8	19.4269	0.306593	0.399302
BOSSER	6	10	3	6.41831	0.269444	0.430119
BOT	3	153	98	120.097	0.631566	0.807297
BOTA	4	79	14	58.0106	0.180601	0.244674
BOTAS	5	38	9	26.7457	0.234214	0.333672
BOTE	4	84	41	65.1978	0.474541	0.615759
BOTEL	5	27	0	20.2421	0.0245979	0.0260272
BOTELS	6	16	0	9.40743	0.0312252	0.0449395
BOTES	5	47	26	36.8616	0.528264	0.684639
BOTH	4	47	10	36.2149	0.214961	0.278816
BOTS	4	72	33	55.4484	0.444515	0.581493
BOTT	4	35	20	26.61	0.531161	0.709559
BOTTE	5	22	14	16.8012	0.575315	0.777077
BOTTES	6	11	7	8.59967	0.528872	0.726839
BOTTS	5	19	10	14.8334	0.474892	0.62993
BOUN	4	20	6	14.0126	0.287749	0.40892
BOUSE	5	13	2	8.9652	0.165446	0.235982
BOUT	4	22	9	16.694	0.378271	0.506453
BOUTS	5	16	8	11.7126	0.445605	0.627436
BOW	3	27	7	20.6887	0.263968	0.342715
BOY	3	31	4	24.2366	0.14833	0.184715
BRA	3	208	113	159.999	0.538503	0.701334
BRAAI	5	19	0	13.8037	0.033288	0.0366585
BRACE	5	26	2	17.9798	0.0928933	0.129289
BRACED	6	11	1	6.77493	0.111624	0.176599
BRACH	5	16	1	11.7813	0.0892757	0.114835
BRACT	5	21	3	14.5082	0.152316	0.217274
BRACTS	6	11	2	7.22776	0.181165	0.279433
BRAD	4	62	18	45.3119	0.286469	0.392322
BRADS	5	23	5	16.0949	0.215945	0.308961
BRAE	4	101	6	74.3967	0.0674152	0.0891527
BRAES	5	52	2	38.2439	0.0494889	0.064121
BRAG	4	29	8	22.1952	0.270292	0.355118
BRAID	5	26	7	16.735	0.261557	0.405369
BRAIDE	6	12	1	5.17621	0.104366	0.217545
BRAIDS	6	16	7	7.87885	0.392423	0.781427
BRAIL	5	27	10	17.545	0.350918	0.542353
BRAIN	5	48	18	29.6428	0.363131	0.58788
BRAINS	6	23	11	12.7319	0.439923	0.7958
BRAISE	6	30	8	17.0449	0.257794	0.452998
BRAISED	7	12	2	6.13457	0.163299	0.326696
BRAK	4	15	7	11.6577	0.411021	0.54448
BRAME	5	13	1	9.13683	0.105366	0.142204
BRAN	4	79	34	58.0559	0.419312	0.573014
BRAND	5	21	4	12.9311	0.192893	0.307449
BRANE	5	36	4	22.1035	0.11991	0.19025
BRANES	6	17	2	9.54833	0.127829	0.221882
BRANS	5	30	13	20.6551	0.408795	0.600423
BRANT	5	28	6	17.5404	0.213426	0.337342
BRANTS	6	13	3	8.29563	0.220095	0.34949
BRAP	4	23	8	15.8924	0.328664	0.474713
BRAS	4	99	31	74.2207	0.3096	0.413849
BRASES	6	15	0	9.26567	0.032924	0.0455195
BRASH	5	20	2	13.7337	0.116466	0.164273
BRASIL	6	10	0	4.99406	0.0452275	0.0744842
BRASS	5	13	4	8.09354	0.285604	0.455407
BRAST	5	44	10	29.9919	0.225708	0.331069
BRAT	4	95	42	68.8845	0.43225	0.598046
BRATS	5	56	19	39.6481	0.331191	0.470544
BRAW	4	18	4	13.0402	0.225225	0.307906
BRAWS	5	10	3	6.60344	0.27511	0.417869
BRAY	4	21	2	15.8856	0.121451	0.154173
BREAD	5	37	10	26.6607	0.26458	0.369604
BREADS	6	15	3	9.03758	0.196145	0.325384
BREAM	5	20	1	13.9008	0.0741728	0.099488
BREAMS	6	10	0	5.83539	0.0452275	0.0661888
BREAST	6	34	5	22.2948	0.149951	0.229035
BREATH	6	14	0	9.03037	0.0348184	0.0465159
BRED	4	95	8	71.3283	0.0915123	0.119814
BREDE	5	36	1	25.8699	0.0442378	0.0566982
BREDES	6	19	1	12.4232	0.0717223	0.106066
BREDS	5	33	4	24.8039	0.129727	0.171054
BREE	4	62	23	47.0438	0.361338	0.478964
BREED	5	28	11	21.0773	0.37143	0.502598
BREEDS	6	14	5	9.18641	0.322506	0.504338
BREEM	5	13	2	9.90029	0.165446	0.217374
BREER	5	24	3	17.0157	0.135787	0.188562
BREERS	6	12	0	7.52866	0.0393462	0.0540695
BREES	5	41	14	30.6348	0.330471	0.447263
BREEST	6	22	1	14.1203	0.0632445	0.094702
BREI	4	102	6	76.9953	0.0667839	0.0862502
BREID	5	32	1	21.8724	0.0492021	0.0662087
BREIDS	6	13	1	7.79687	0.0979944	0.157633
BREIS	5	52	4	37.9417	0.0854312	0.114731
BREIST	6	25	1	15.1751	0.056559	0.0887893
BREME	5	10	1	7.11938	0.128533	0.173807
BREN	4	89	15	67.4307	0.172007	0.2261
BRENS	5	39	9	28.5896	0.228722	0.313532
BRENT	5	39	11	27.2733	0.275621	0.396068
BRENTS	6	19	9	12.9675	0.429185	0.646853
BRER	4	52	0	38.5115	0.0199252	0.0213944
BRERE	5	15	0	10.4114	0.0404295	0.0467116
BRERS	5	24	0	18.4645	0.0272673	0.0282926
BRETON	6	17	0	11.1754	0.029693	0.0387779
BREW	4	17	3	12.3718	0.189658	0.255639
BREY	4	22	0	16.0491	0.0422432	0.0468591
BRIAR	5	20	0	12.9	0.0318801	0.038888
BRIDE	5	24	9	16.9614	0.352827	0.506226
BRIDES	6	13	4	7.52123	0.281145	0.487002
BRIE	4	91	25	67.7687	0.272818	0.366678
BRIER	5	25	1	16.8008	0.0612258	0.0841083
BRIES	5	63	16	45.0761	0.25139	0.352459
BRIG	4	19	2	15.121	0.131664	0.160742
BRIK	4	15	3	11.5802	0.208832	0.269688
BRIM	4	27	7	19.5595	0.255838	0.352258
BRIMS	5	11	5	7.4423	0.392892	0.593327
BRIN	4	71	28	53.0777	0.384403	0.51671
BRINE	5	42	16	28.4848	0.367048	0.544545
BRINED	6	16	2	9.58374	0.134425	0.221187
BRINES	6	25	14	15.2054	0.514629	0.856755
BRING	5	24	13	14.693	0.49752	0.815407
BRINS	5	33	12	24.0537	0.348039	0.483532
BRIO	4	55	0	41.9289	0.0189253	0.0197607
BRIOS	5	28	0	17.9245	0.0238206	0.029061
BRIS	4	81	13	60.488	0.164734	0.219304
BRISE	5	59	8	40.5191	0.139737	0.201937
BRISES	6	17	5	10.8132	0.275032	0.43887
BRISS	5	14	3	8.40399	0.212743	0.345263
BRIT	4	74	31	56.523	0.407845	0.537264
BRITH	5	15	2	10.8528	0.147698	0.201212
BRITS	5	40	14	28.8301	0.338043	0.47348
BRITT	5	13	3	8.77006	0.225525	0.333482
BRO	3	145	54	109.936	0.370303	0.488764
BROAD	5	21	6	14.1383	0.274046	0.408638
BROADS	6	12	3	7.20013	0.234405	0.392417
BROAST	6	16	2	10.1125	0.134425	0.211301
BROCH	5	13	0	8.55322	0.0452874	0.0549688
BROD	4	41	7	30.8293	0.177606	0.234289
BRODS	5	11	3	8.68285	0.256324	0.336215
BROG	4	18	1	13.3647	0.0935511	0.116406
BROME	5	13	2	8.66985	0.165446	0.242539
BRONC	5	11	0	6.95185	0.0514722	0.0648476
BROND	5	12	1	8.20103	0.112101	0.155303
BROO	4	30	13	22.6023	0.406268	0.546087
BROOM	5	12	5	7.88762	0.367778	0.566493
BROOS	5	18	6	12.0093	0.31203	0.470922
BROS	4	68	10	49.4472	0.152939	0.208233
BROSE	5	32	5	22.9849	0.161421	0.223618
BROSES	6	11	2	7.1055	0.181165	0.283304
BROTH	5	10	0	7.33717	0.0552445	0.0621597
BROW	4	17	4	13.0579	0.235565	0.307563
BRR	3	57	0	43.0863	0.0196899	0.0203984
BRU	3	65	16	49.8703	0.249045	0.323582
BRUS	4	31	5	24.4034	0.171348	0.216127
BRUST	5	13	2	9.01833	0.165446	0.23484
BRUT	4	31	6	24.1875	0.199294	0.254877
BRUTE	5	18	1	11.8052	0.0810265	0.114636
BRUTES	6	10	1	7.11201	0.119966	0.169858
BRUTS	5	18	2	12.7139	0.127227	0.175691
BUAT	4	22	0	15.975	0.0422432	0.0470439
BUATS	5	11	0	7.04856	0.0514722	0.0641514
BUD	3	33	5	25.381	0.167302	0.213055
BUDA	4	14	0	9.95306	0.0602348	0.0692183
BUDI	4	12	0	8.33809	0.0674127	0.0792341
BUDS	4	10	1	6.97204	0.144176	0.192379
BUG	3	16	3	13.1296	0.209352	0.252231
BUILD	5	10	0	7.67297	0.0552445	0.0599925
BUIST	5	11	1	8.14089	0.119756	0.156228
BULL	4	10	6	7.83039	0.482391	0.646222
BULSE	5	11	0	8.48495	0.0514722	0.0553281
BUM	3	32	11	25.9631	0.338264	0.419886
BUMS	4	12	3	9.76499	0.24616	0.308579
BUN	3	49	28	39.3089	0.550223	0.692814
BUNA	4	19	1	14.8896	0.0896176	0.106384
BUNAS	5	13	1	8.9206	0.105366	0.145031
BUND	4	15	8	11.7554	0.461568	0.609427
BUNIA	5	10	0	7.2093	0.0552445	0.0630266
BUNS	4	19	7	15.1564	0.341893	0.438526
BUNT	4	24	10	17.9526	0.386729	0.523903
BUNTS	5	11	4	7.58737	0.324608	0.479554
BUR	3	66	29	51.8056	0.431009	0.551661
BURA	4	35	1	26.8589	0.0535755	0.0634844
BURAN	5	13	0	8.00155	0.0452874	0.0580134
BURAS	5	20	1	13.4333	0.0741728	0.10251
BURD	4	16	4	11.828	0.246899	0.333382
BURET	5	23	0	15.1656	0.0282907	0.033743
BURETS	6	18	0	11.4837	0.0283042	0.0378722
BURIES	6	14	2	7.06956	0.149894	0.284463
BURIN	5	15	1	9.04983	0.0940639	0.143328
BURL	4	15	1	11.6724	0.107737	0.129996
BURN	4	23	3	17.8273	0.148701	0.188102
BURS	4	32	8	24.4834	0.248248	0.32536
BURSA	5	16	0	11.2036	0.0383715	0.0439002
BURSE	5	21	1	15.6491	0.0711632	0.0896096
BURST	5	14	1	10.7807	0.0993949	0.123855
BUS	3	73	33	57.927	0.443762	0.561981
BUSED	5	12	2	9.41968	0.176021	0.226556
BUSERA	6	11	0	6.6369	0.0420824	0.0598399
BUSES	5	12	6	9.39279	0.431698	0.579472
BUSH	4	17	3	13.727	0.189658	0.234705
BUSS	4	10	3	9.00663	0.279462	0.328361
BUST	4	34	17	25.5784	0.467504	0.629702
BUSTER	6	17	10	12.9628	0.520372	0.715172
BUSTI	5	15	2	10.1574	0.147698	0.212762
BUT	3	65	37	51.3976	0.553067	0.704418
BUTE	4	41	20	32.9517	0.461551	0.583776
BUTEO	5	13	0	10.2055	0.0452874	0.0475024
BUTES	5	22	13	17.2553	0.53632	0.706665
BUTLE	5	11	1	8.09546	0.119756	0.156933
BUTOH	5	10	0	7.55528	0.0552445	0.0607346
BUTS	4	35	12	27.5234	0.330072	0.424578
BUTT	4	16	11	12.1385	0.583705	0.79434
BUTTE	5	14	9	10.5963	0.552788	0.762872
BUY	3	16	0	12.762	0.0599053	0.0610708
BYE	3	29	2	22.1956	0.0968295	0.118853
BYES	4	16	1	12.9749	0.102554	0.119278
BYRE	4	17	0	12.9419	0.0519394	0.0560952
BYRES	5	12	0	8.90325	0.0481822	0.0531974
BYRL	4	11	0	7.23315	0.0716838	0.0879403
BYS	3	33	0	25.4455	0.0324362	0.0332996
BYTE	4	13	0	10.5354	0.063622	0.0662006
CAA	3	79	4	61.7617	0.0626253	0.0767626
CAAS	4	36	1	27.5704	0.0522618	0.0619982
CAB	3	109	35	84.6798	0.320167	0.412376
CABA	4	19	1	13.8386	0.0896176	0.113095
CABER	5	27	2	19.5724	0.089862	0.119726
CABERS	6	10	1	6.81924	0.119966	0.175682
CABIN	5	12	6	7.81009	0.431698	0.673356
CABLE	5	19	7	12.1637	0.342411	0.536586
CABLES	6	10	6	6.14896	0.49366	0.826137
CABLET	6	10	2	7.7287	0.194705	0.264616
CABRE	5	27	0	18.8008	0.0245979	0.0278343
CABS	4	29	8	22.4957	0.270292	0.350902
CACA	4	16	0	13.6736	0.0544384	0.0536068
CACHE	5	12	3	8.58328	0.23994	0.339391
CACTI	5	15	0	11.2691	0.0404295	0.0436827
CAD	3	226	117	178.558	0.513759	0.651523
CADE	4	128	73	99.5223	0.558288	0.721913
CADEE	5	22	0	15.9521	0.0293938	0.0322613
CADENT	6	20	2	11.5778	0.111426	0.188016
CADES	5	68	37	50.9049	0.526958	0.710846
CADET	5	64	15	45.8618	0.23289	0.325757
CADETS	6	32	7	20.5245	0.214956	0.337178
CADGE	5	12	1	7.74968	0.112101	0.162523
CADI	4	94	6	72.0959	0.0721924	0.0918905
CADIE	5	43	3	29.449	0.0804763	0.113916
CADIES	6	20	2	11.2196	0.111426	0.193222
CADIS	5	42	4	28.9127	0.104148	0.148287
CADRE	5	59	0	41.8367	0.0120329	0.0131937
CADRES	6	34	0	20.0505	0.0161889	0.0229686
CADS	4	86	34	65.0595	0.38698	0.513894
CAECA	5	10	0	8.13316	0.0552445	0.0572568
CAESE	5	54	0	41.9022	0.0130766	0.013174
CAF	3	72	19	57.0198	0.265564	0.335127
CAFE	4	33	13	26.2795	0.37401	0.477087
CAFES	5	15	9	12.7486	0.523139	0.651235
CAFS	4	21	5	17.7805	0.237804	0.285601
CAG	3	105	47	84.7773	0.441925	0.549492
CAGE	4	47	27	34.9746	0.543251	0.737731
CAGED	5	22	7	14.2548	0.302354	0.46738
CAGER	5	23	14	17.2138	0.553723	0.760352
CAGERS	6	11	5	7.92741	0.389789	0.570162
CAGES	5	30	18	22.5478	0.557407	0.75808
CAGOT	5	17	0	11.3511	0.0365128	0.0434136
CAGS	4	33	9	26.0864	0.268144	0.341909
CAHIER	6	23	0	15.7926	0.0229395	0.0285535
CAHIERS	7	10	0	7.08213	0.0389586	0.0609902
CAID	4	98	11	76.1501	0.118029	0.150486
CAIDS	5	33	4	24.0774	0.129727	0.175827
CAIN	4	149	44	114.387	0.293474	0.38294
CAINS	5	64	24	43.6467	0.365938	0.538924
CAIRD	5	44	1	29.0654	0.0368099	0.0508582
CAIRDS	6	14	1	6.28504	0.092356	0.187407
CAIRN	5	34	5	21.5989	0.152845	0.236775
CAIRNS	6	11	0	6.11904	0.0420824	0.0637936
CAKE	4	20	16	14.9749	0.691243	0.948682
CAKES	5	13	11	8.72785	0.706157	1
CAL	3	313	173	244.016	0.549407	0.705699
CALASH	6	10	0	4.87153	0.0452275	0.0758689
CALF	4	35	0	26.797	0.0284394	0.0298558
CALFS	5	13	0	9.21237	0.0452874	0.0517253
CALID	5	35	0	22.8762	0.0195058	0.0232667
CALK	4	21	8	15.9508	0.354158	0.473234
CALKS	5	10	3	6.56329	0.27511	0.419838
CALL	4	48	37	35.8582	0.722412	0.979404
CALLA	5	11	5	7.95504	0.392892	0.56264
CALLED	6	10	7	7.48865	0.568399	0.814542
CALLER	6	12	9	9.36344	0.624524	0.857213
CALLET	6	14	11	9.78647	0.667732	0.999526
CALLS	5	16	13	13.0144	0.700126	0.90682
CALM	4	47	1	35.9888	0.0411602	0.0485505
CALMS	5	10	1	7.88606	0.128533	0.160272
CALO	4	130	15	97.4836	0.119684	0.158358
CALOS	5	52	8	36.4894	0.157316	0.223102
CALP	4	43	3	32.5105	0.0864613	0.109934
CALPA	5	11	0	7.58221	0.0514722	0.0605632
CALPS	5	21	2	14.9057	0.11174	0.152856
CALS	4	126	19	92.3132	0.153929	0.209009
CAM	3	152	68	120.331	0.443396	0.561411
CAMA	4	27	5	20.8173	0.192912	0.248913
CAMAN	5	11	1	6.63014	0.119756	0.183708
CAMAS	5	10	3	6.74736	0.27511	0.410961
CAME	4	79	41	61.0948	0.502861	0.655286
CAMEL	5	25	1	18.8198	0.0612258	0.0759357
CAMELS	6	12	1	6.41472	0.104366	0.18442
CAMEO	5	28	0	20.5444	0.0238206	0.0256776
CAMERA	6	21	1	12.1964	0.0658386	0.107795
CAMES	5	35	18	27.0658	0.485287	0.640075
CAMI	4	58	6	43.081	0.113588	0.149973
CAMIS	5	29	2	19.0675	0.0843565	0.122601
CAMISE	6	17	0	8.35893	0.029693	0.049615
CAMO	4	67	7	48.3364	0.113277	0.154113
CAMOS	5	26	4	17.0514	0.160359	0.240811
CAMOTE	6	11	0	5.42948	0.0420824	0.0699473
CAMP	4	20	3	14.4492	0.166701	0.224891
CAMS	4	50	14	38.8846	0.276204	0.356874
CAN	3	346	247	271.656	0.709	0.904512
CANAL	5	24	4	15.2849	0.17196	0.26548
CANALS	6	10	0	4.25401	0.0452275	0.0837126
CANCER	6	12	0	6.91947	0.0393462	0.0578825
CANDIE	6	13	6	8.57679	0.403246	0.631328
CANE	4	205	113	153.841	0.544044	0.726936
CANED	5	67	17	45.1878	0.251311	0.372834
CANEH	5	57	0	38.2632	0.0124297	0.0143659
CANEHS	6	22	0	11.3985	0.0238433	0.0381182
CANER	5	100	26	66.4345	0.25813	0.388604
CANERS	6	40	12	24.898	0.290575	0.469625
CANES	5	115	74	80.1366	0.630064	0.908431
CANG	4	58	34	45.136	0.559565	0.727382
CANGS	5	20	11	12.8676	0.4971	0.780902
CANID	5	40	0	28.0608	0.0172712	0.0192483
CANIDS	6	16	0	8.4129	0.0312252	0.0493507
CANIER	6	40	1	20.5819	0.0370019	0.0672627
CANIEST	7	20	0	5.70415	0.0223509	0.0724806
CANINE	6	20	7	11.9182	0.325285	0.549968
CANISTER	8	16	0	5.33855	0.0269456	0.0762942
CANN	4	50	21	39.3695	0.40398	0.51868
CANNA	5	13	1	8.2988	0.105366	0.153823
CANNEL	6	11	0	6.74322	0.0420824	0.0590881
CANNER	6	14	7	9.79581	0.437582	0.651336
CANNIE	6	11	6	7.06439	0.45933	0.740035
CANNS	5	20	4	13.066	0.201051	0.304688
CANOE	5	52	7	36.5556	0.139345	0.196754
CANOED	6	18	3	10.525	0.168623	0.285855
CANOER	6	25	4	15.2816	0.162268	0.264697
CANOERS	7	12	2	4.29295	0.163299	0.428619
CANOES	6	28	4	16.1667	0.146754	0.251599
CANOLA	6	10	0	4.77175	0.0452275	0.0770352
CANON	5	33	1	22.6269	0.0478595	0.0641769
CANONS	6	14	1	7.02997	0.092356	0.171451
CANS	4	168	58	131.525	0.342228	0.438299
CANSO	5	61	0	43.4705	0.0116606	0.0127192
CANST	5	73	0	49.8706	0.00983495	0.0111486
CANT	4	150	101	113.093	0.659834	0.878954
CANTAL	6	13	2	6.30281	0.159045	0.311652
CANTAR	6	18	4	9.52496	0.215395	0.400216
CANTED	6	26	13	16.6733	0.463076	0.734004
CANTER	6	44	32	27.9606	0.688163	1
CANTERS	7	17	11	9.39293	0.56331	1
CANTEST	7	11	0	4.09809	0.036264	0.0928741
CANTHI	6	16	0	8.81316	0.0312252	0.0474752
CANTIER	7	12	2	4.68086	0.163299	0.40219
CANTLE	6	14	2	7.13867	0.149894	0.282243
CANTO	5	49	11	34.4809	0.223266	0.317727
CANTON	6	11	2	7.09429	0.181165	0.283664
CANTOR	6	20	8	11.4282	0.368057	0.646527
CANTOS	6	18	5	9.48692	0.262168	0.490814
CANTRED	7	12	1	4.6069	0.0986087	0.246124
CANTS	5	83	55	58.8017	0.643476	0.914706
CANTY	5	14	2	9.69395	0.156069	0.221223
CANY	4	28	1	22.4114	0.0650151	0.0746734
CAP	3	119	66	93.3691	0.546034	0.698517
CAPA	4	20	2	16.2147	0.126351	0.151507
CAPAS	5	12	1	8.07571	0.112101	0.157242
CAPE	4	55	33	40.913	0.570917	0.774751
CAPED	5	13	6	9.00582	0.405762	0.599923
CAPER	5	27	14	17.7076	0.481446	0.74126
CAPERS	6	13	6	8.65942	0.403246	0.626301
CAPES	5	33	23	24.0561	0.648219	0.906326
CAPH	4	29	1	21.7358	0.0630906	0.0767276
CAPI	4	37	5	28.3594	0.146743	0.188708
CAPLE	5	23	3	17.155	0.140883	0.187187
CAPLES	6	20	3	10.8968	0.154198	0.277432
CAPO	4	39	4	29.5314	0.1172	0.150964
CAPON	5	10	2	7.19091	0.201821	0.281744
CAPOS	5	16	1	11.0812	0.0892757	0.121
CAPOT	5	15	1	11.0084	0.0940639	0.12168
CAPRI	5	13	0	9.44708	0.0452874	0.0506609
CAPS	4	46	20	35.1174	0.416108	0.550454
CAR	3	421	324	325.833	0.765049	0.989794
CARAP	5	13	2	8.99566	0.165446	0.235326
CARAT	5	39	7	27.5748	0.181823	0.256584
CARATE	6	27	4	15.027	0.151585	0.268722
CARATES	7	13	1	2.83145	0.0926172	0.34451
CARATS	6	23	3	12.0507	0.136662	0.254182
CARB	4	52	10	38.4661	0.196033	0.263614
CARBO	5	23	4	16.3875	0.178414	0.249525
CARBS	5	14	4	8.93649	0.269417	0.420172
CARD	4	102	53	77.7126	0.506927	0.669076
CARDER	6	11	2	7.48766	0.181165	0.271544
CARDI	5	45	17	29.9692	0.364969	0.550549
CARDIA	6	13	0	8.40065	0.0369441	0.0494104
CARDIE	6	26	11	14.838	0.395002	0.694571
CARDIES	7	11	5	5.4426	0.382089	0.784122
CARDIO	6	16	0	8.63667	0.0312252	0.0482843
CARDIS	6	16	7	9.21289	0.392423	0.686067
CARDON	6	15	0	7.71521	0.032924	0.0530004
CARDS	5	39	21	29.0273	0.510117	0.696375
CARDY	5	10	3	6.41312	0.27511	0.427369
CARE	4	278	204	207.703	0.725401	0.973203
CARED	5	101	58	73.2712	0.56146	0.778652
CAREEN	6	15	0	8.65442	0.032924	0.0482017
CAREER	6	12	0	5.58916	0.0393462	0.0684189
CAREME	6	10	0	6.29211	0.0452275	0.0624153
CARER	5	56	25	40.0709	0.431787	0.608568
CARERS	6	27	12	18.1013	0.414917	0.630667
CARES	5	154	104	115.126	0.664493	0.89318
CARESS	6	21	2	13.1992	0.106856	0.167582
CARET	5	149	83	105.485	0.548684	0.777878
CARETS	6	92	55	60.1925	0.582986	0.896441
CARGO	5	20	4	14.2609	0.201051	0.282242
CARIED	6	27	1	14.1254	0.0528356	0.0946716
CARIES	6	48	5	26.7403	0.109092	0.193259
CARINA	6	15	0	5.72272	0.032924	0.067191
CARING	6	11	7	6.24712	0.528872	0.941489
CARK	4	19	12	14.2648	0.552123	0.754015
CARL	4	104	21	78.3783	0.203445	0.269508
CARLE	5	57	19	41.724	0.32573	0.448183
CARLES	6	29	7	18.5214	0.234872	0.370546
CARLIN	6	17	2	8.43142	0.127829	0.246297
CARLINE	7	10	1	4.72724	0.113263	0.24145
CARLOT	6	15	0	7.71562	0.032924	0.0529981
CARLS	5	38	9	28.1761	0.234214	0.317833
CARMEN	6	18	3	11.8559	0.168623	0.25783
CARN	4	126	70	96.7396	0.543887	0.711959
CARNAL	6	13	0	6.09178	0.0369441	0.0640162
CARNET	6	30	14	15.6635	0.437542	0.834175
CARNETS	7	20	10	8.97407	0.448641	0.994899
CARNIE	6	25	7	12.4188	0.267976	0.530493
CARNIES	7	11	5	4.54182	0.382089	0.898936
CARNOSE	7	11	0	3.37869	0.036264	0.106267
CARNS	5	53	34	38.1483	0.61354	0.862141
CARNY	5	10	1	7.24825	0.128533	0.171375
CAROB	5	27	0	19.1387	0.0245979	0.0273885
CAROCH	6	10	0	4.80583	0.0452275	0.0766329
CAROL	5	45	4	30.8807	0.0977248	0.139401
CAROLI	6	14	1	6.97098	0.092356	0.172614
CAROLS	6	13	1	7.62571	0.0979944	0.16052
CAROM	5	38	0	24.8691	0.0181007	0.0215383
CAROMS	6	16	0	10.5624	0.0312252	0.0407134
CARON	5	70	4	44.8729	0.0645504	0.097751
CARONS	6	32	2	16.9579	0.0736333	0.133856
CAROTID	7	10	0	4.30644	0.0389586	0.0896034
CAROTIN	7	16	1	7.4272	0.0783378	0.169315
CARP	4	53	20	40.5341	0.3657	0.481684
CARPET	6	12	2	7.78572	0.169386	0.263029
CARPI	5	18	4	12.5224	0.219628	0.316127
CARPS	5	18	8	13.282	0.404431	0.562827
CARR	4	54	18	40.643	0.325456	0.434464
CARREL	6	11	1	6.43793	0.111624	0.183895
CARRON	6	10	0	5.60396	0.0452275	0.0682806
CARROT	6	15	1	8.18092	0.0873312	0.151518
CARRS	5	20	2	14.2374	0.116466	0.159164
CARRY	5	10	1	6.14487	0.128533	0.194709
CARS	4	182	92	140.19	0.498606	0.649483
CARSE	5	107	48	81.4743	0.440634	0.582238
CARSES	6	27	10	18.549	0.349084	0.51806
CART	4	188	113	141.936	0.592019	0.786719
CARTA	5	47	4	31.6585	0.0938656	0.136175
CARTAS	6	22	1	11.3381	0.0632445	0.114882
CARTE	5	116	67	80.9469	0.566292	0.815119
CARTED	6	27	18	18.4987	0.612415	0.915043
CARTEL	6	29	3	17.4776	0.111339	0.182325
CARTELS	7	16	1	5.71851	0.0783378	0.208791
CARTER	6	32	16	21.8463	0.469338	0.700183
CARTERS	7	12	6	6.83292	0.422062	0.773441
CARTES	6	63	37	39.5942	0.566514	0.9077
CARTING	7	10	4	6.24086	0.336175	0.577021
CARTON	6	24	4	12.0406	0.168194	0.327046
CARTOP	6	10	0	4.5016	0.0452275	0.0803807
CARTS	5	101	58	69.6209	0.56146	0.81836
CARVE	5	10	4	6.3396	0.348398	0.551663
CASA	4	59	1	47.1483	0.0334165	0.0377082
CASAS	5	11	0	8.37838	0.0514722	0.0558985
CASCO	5	14	0	11.1685	0.0427208	0.0440176
CASE	4	238	120	183.854	0.498928	0.64756
CASED	5	74	30	55.2329	0.396083	0.534656
CASEIC	6	14	0	7.1811	0.0348184	0.056181
CASEIN	6	38	1	21.4207	0.0387903	0.0648243
CASERN	6	35	0	20.0661	0.0157671	0.0229522
CASERNE	7	10	0	4.19387	0.0389586	0.0913414
CASES	5	54	28	41.141	0.49881	0.663065
CASH	4	103	40	82.3646	0.381612	0.479934
CASHED	6	10	6	7.80897	0.49366	0.682204
CASHES	6	13	9	9.50599	0.586397	0.846328
CASING	6	16	5	10.947	0.289224	0.434235
CASINI	6	18	0	9.08338	0.0283042	0.0462876
CASINO	6	21	0	12.6311	0.0248213	0.0348442
CASK	4	18	4	14.1622	0.225225	0.287567
CASSIE	6	14	0	5.85931	0.0348184	0.06598
CAST	4	208	136	159.468	0.644465	0.843452
CASTE	5	136	91	96.9784	0.657052	0.925617
CASTED	6	38	23	26.6761	0.570449	0.827609
CASTER	6	78	54	53.2348	0.67099	0.991742
CASTERS	7	15	10	9.03401	0.57017	0.989297
CASTES	6	38	25	24.564	0.618782	0.97021
CASTING	7	11	4	6.48134	0.312924	0.559871
CASTLE	6	20	4	12.2696	0.19697	0.321691
CASTOR	6	38	3	21.4709	0.0871229	0.150928
CASTS	5	40	25	28.3161	0.590078	0.844858
CAT	3	414	303	324.477	0.727628	0.929664
CATALO	6	12	0	5.58993	0.0393462	0.0684117
CATCH	5	19	7	14.1771	0.342411	0.469631
CATE	4	264	192	196.958	0.718539	0.965479
CATER	5	160	117	112.814	0.71957	1
CATERAN	7	15	0	5.67058	0.0284054	0.0728149
CATERED	7	22	13	9.764	0.531236	1
CATERS	6	71	54	51.3237	0.734138	1
CATES	5	155	95	113.824	0.603574	0.825491
CATION	6	29	4	15.0276	0.142222	0.268712
CATIONS	7	16	3	6.88472	0.181122	0.415566
CATS	4	228	98	174.322	0.425852	0.558212
CATTED	6	15	10	12.2877	0.576995	0.749642
CATTIE	6	16	6	10.6546	0.340824	0.525314
CATTIES	7	12	5	5.69035	0.357371	0.757512
CATTLE	6	12	7	7.93497	0.494485	0.776884
CAUL	4	26	4	20.8691	0.166694	0.20616
CAULES	6	11	0	6.48684	0.0420824	0.0609342
CAUM	4	13	0	11.1353	0.063622	0.0633557
CAURI	5	13	0	8.91673	0.0452874	0.0531314
CAUSE	5	23	3	17.4482	0.140883	0.184359
CAUSER	6	13	2	7.20365	0.159045	0.280188
CAUTER	6	11	2	6.48831	0.181165	0.304608
CAVE	4	24	15	17.53	0.56044	0.78045
CAVER	5	17	10	12.0939	0.520898	0.752735
CAW	3	63	29	49.4095	0.450287	0.577151
CAWED	5	10	3	8.43865	0.27511	0.344112
CAWS	4	24	8	18.9831	0.317245	0.407428
CAY	3	90	27	71.7481	0.299791	0.376426
CAYS	4	30	10	24.3342	0.32002	0.400793
CEAS	4	169	19	130.085	0.115842	0.14961
CEASE	5	43	12	31.63	0.273424	0.374467
CEASED	6	13	4	7.88088	0.281145	0.468758
CEASES	6	10	3	6.80944	0.269444	0.410393
CEDAR	5	62	2	42.5212	0.04195	0.0579549
CEDARN	6	14	0	7.60755	0.0348184	0.0536122
CEDARS	6	23	0	13.904	0.0229395	0.0320051
CEDE	4	68	8	51.7306	0.12546	0.162855
CEDER	5	46	3	31.0842	0.0756132	0.108278
CEDERS	6	21	2	12.7749	0.106856	0.172487
CEDES	5	35	6	27.0752	0.174766	0.226557
CEDI	4	100	3	75.4239	0.0394282	0.049642
CEDING	6	10	1	7.03568	0.119966	0.171339
CEDIS	5	43	0	31.2403	0.0161604	0.0174049
CEE	3	137	30	109.979	0.221179	0.275105
CEES	4	84	9	64.8782	0.114114	0.146
CEIBA	5	10	0	6.87553	0.0552445	0.0654079
CEIL	4	98	4	74.9609	0.0499246	0.0627937
CEILER	6	10	1	5.68468	0.119966	0.202604
CEILI	5	14	0	9.85828	0.0427208	0.048898
CEILS	5	29	3	20.0927	0.114989	0.16225
CEL	3	249	48	197.173	0.19442	0.24511
CELL	4	45	18	34.584	0.384292	0.504837
CELLA	5	26	4	18.3671	0.160359	0.225223
CELLI	5	22	3	16.1656	0.146377	0.197405
CELLO	5	20	3	16.0059	0.158758	0.199161
CELLS	5	11	7	9.00588	0.52946	0.691123
CELOM	5	14	0	9.14777	0.0427208	0.0520262
CELS	4	98	4	74.9171	0.0499246	0.0628291
CELT	4	81	7	62.5095	0.09479	0.12068
CELTS	5	31	3	22.5837	0.108351	0.145782
CENDRE	6	16	0	9.9083	0.0312252	0.0430037
CENOTE	6	12	1	7.6901	0.104366	0.159422
CENS	4	165	18	128.452	0.112681	0.143853
CENSE	5	44	5	32.5437	0.120765	0.161665
CENSED	6	11	2	8.30195	0.181165	0.249479
CENSER	6	17	0	11.7778	0.029693	0.0370472
CENSES	6	13	2	8.63041	0.159045	0.241561
CENSOR	6	25	2	15.0179	0.0917952	0.149372
CENT	4	153	56	117.55	0.362087	0.472568
CENTAI	6	27	1	16.2925	0.0528356	0.083281
CENTAL	6	26	0	13.7244	0.0205971	0.0323773
CENTALS	7	10	0	4.19043	0.0389586	0.0913955
CENTARE	7	14	4	4.34885	0.259151	0.760231
CENTAS	6	33	3	17.3641	0.099097	0.18341
CENTER	6	23	14	15.2357	0.553646	0.85522
CENTERS	7	11	8	6.72371	0.589583	1
CENTO	5	58	6	40.9154	0.10956	0.153422
CENTOS	6	25	3	15.5055	0.127031	0.2032
CENTRA	6	28	7	14.787	0.242357	0.454382
CENTRE	6	28	13	18.4476	0.433562	0.669425
CENTRES	7	11	6	5.16686	0.451253	0.963586
CENTS	5	87	32	61.7339	0.361343	0.511486
CENTU	5	23	0	15.7999	0.0282907	0.0325379
CEP	3	107	12	85.7905	0.118863	0.146523
CEPE	4	27	3	21.275	0.129986	0.16119
CEPES	5	18	1	13.8633	0.0810265	0.0997236
CEPS	4	53	5	41.7248	0.10611	0.132091
CERATE	6	43	2	25.2068	0.0561696	0.0928484
CERATED	7	11	1	5.3129	0.105429	0.221024
CERATES	7	15	0	6.52442	0.0284054	0.0651718
CERATIN	7	24	0	9.28399	0.0190949	0.0486631
CERATINS	8	12	0	5.64817	0.0339181	0.0730396
CERE	4	150	43	114.402	0.285117	0.374361
CEREAL	6	12	0	7.51129	0.0393462	0.0541713
CERED	5	60	15	43.8012	0.247527	0.340426
CERES	5	86	30	65.8114	0.343063	0.4512
CERESIN	7	13	0	4.90248	0.0318572	0.0814027
CEREUS	6	13	0	9.32191	0.0369441	0.0452876
CERGE	5	12	0	8.56023	0.0481822	0.0549322
CERIA	5	80	0	51.4648	0.00901189	0.0108159
CERIC	5	24	0	16.1296	0.0272673	0.0319448
CERING	6	11	5	8.26974	0.389789	0.550622
CERISE	6	30	0	18.5672	0.0181289	0.0246482
CERNE	5	45	1	31.5441	0.0360532	0.0470954
CERNES	6	14	1	8.29807	0.092356	0.149746
CERO	4	158	1	119.212	0.0130936	0.0154408
CEROON	6	13	0	7.95732	0.0369441	0.0516742
CEROS	5	83	1	59.9069	0.0202412	0.0255041
CERRIS	6	15	0	8.77377	0.032924	0.0476534
CERT	4	193	22	145.051	0.116953	0.154756
CERTAIN	7	27	1	10.5003	0.0500461	0.12635
CERTES	6	30	1	21.1172	0.048087	0.0656859
CERTIE	6	33	2	18.8194	0.0716093	0.121724
CERTS	5	101	9	72.4094	0.0932087	0.12879
CERTY	5	16	0	11.4449	0.0383715	0.0431098
CERUSE	6	12	0	7.71968	0.0393462	0.0529753
CESS	4	78	8	60.342	0.110305	0.140653
CESSE	5	32	2	24.173	0.0772568	0.0986477
CESSED	6	10	0	7.46522	0.0452275	0.054443
CESSER	6	17	2	10.2215	0.127829	0.209373
CESTA	5	112	2	81.4688	0.0238126	0.030899
CESTAS	6	17	1	8.48286	0.0787609	0.147034
CESTI	5	107	4	76.9612	0.0429645	0.058006
CESTOI	6	31	0	15.2459	0.0176016	0.0294736
CESTOS	6	14	0	9.1372	0.0348184	0.0460582
CESTUI	6	13	0	7.3554	0.0369441	0.0551019
CESURA	6	14	0	7.34278	0.0348184	0.0551786
CESURE	6	12	0	6.47371	0.0393462	0.0610318
CETANE	6	27	1	15.771	0.0528356	0.0857641
CETANES	7	13	1	4.13902	0.0926172	0.266154
CETE	4	95	8	67.3161	0.0915123	0.126667
CETES	5	51	5	36.6579	0.105295	0.144441
CETYL	5	13	0	9.19988	0.0452874	0.0517832
CHA	3	215	117	171.723	0.539555	0.677094
CHACE	5	16	0	12.1544	0.0383715	0.0409426
CHACES	6	13	0	7.6717	0.0369441	0.0532459
CHAD	4	47	11	37.3074	0.234272	0.296144
CHADO	5	14	0	9.6865	0.0427208	0.0496193
CHADS	5	15	2	10.535	0.147698	0.206331
CHAI	4	79	23	60.2349	0.288021	0.378769
CHAIN	5	39	12	24.9761	0.299071	0.466974
CHAINE	6	20	4	11.6643	0.19697	0.336242
CHAINER	7	13	4	6.53174	0.274897	0.556406
CHAINES	7	11	3	4.12175	0.243759	0.615887
CHAINS	6	16	5	8.16738	0.289224	0.556323
CHAIR	5	39	11	26.6768	0.275621	0.404318
CHAIRS	6	20	7	11.8117	0.325285	0.554296
CHAIS	5	36	4	22.5241	0.11991	0.186982
CHAISE	6	16	0	8.81979	0.0312252	0.0474453
CHAL	4	69	10	54.1096	0.150866	0.19118
CHALET	6	16	1	10.0345	0.0828249	0.127623
CHALOT	6	15	0	6.87397	0.032924	0.058189
CHALS	5	27	3	19.0141	0.122494	0.170594
CHAM	4	30	5	23.8078	0.176274	0.220961
CHANA	5	25	1	18.389	0.0612258	0.0775435
CHANAS	6	13	0	6.98046	0.0369441	0.0574767
CHANG	5	10	1	7.09932	0.128533	0.174192
CHANT	5	38	11	26.0997	0.28224	0.412635
CHANTS	6	24	9	13.1072	0.350809	0.640758
CHAO	4	69	0	54.1457	0.0153343	0.015523
CHAOS	5	30	0	22.2599	0.0224046	0.0238588
CHAP	4	29	8	22.342	0.270292	0.353045
CHAPT	5	11	2	7.90466	0.18804	0.261356
CHAR	4	106	58	82.1466	0.533757	0.693006
CHARA	5	27	1	18.363	0.05723	0.0776427
CHARD	5	28	8	19.5042	0.276627	0.399659
CHARE	5	69	38	49.7922	0.53347	0.745454
CHARED	6	29	11	16.7622	0.358405	0.622256
CHARES	6	41	23	26.0281	0.531888	0.846937
CHARET	6	41	19	25.9092	0.441757	0.705801
CHARETS	7	25	12	12.4663	0.440095	0.890153
CHARM	5	12	1	7.51861	0.112101	0.166486
CHARR	5	12	3	8.65937	0.23994	0.336958
CHARS	5	46	20	33.6263	0.418046	0.578274
CHART	5	49	20	33.5118	0.394224	0.58014
CHARTA	6	16	0	8.07388	0.0312252	0.0510592
CHARTS	6	24	10	15.3026	0.387333	0.616866
CHARY	5	15	1	11.0624	0.0940639	0.121175
CHAS	4	98	43	79.2074	0.429363	0.534978
CHASE	5	56	27	42.5949	0.465318	0.618982
CHASED	6	11	5	6.17436	0.389789	0.69679
CHASER	6	27	12	17.3287	0.414917	0.656248
CHASERS	7	10	3	3.92081	0.261871	0.638262
CHASES	6	12	5	7.48687	0.364445	0.597447
CHASM	5	18	0	12.5007	0.0348259	0.039962
CHASSE	6	12	4	7.88383	0.299425	0.468614
CHASTE	6	33	14	20.4097	0.401461	0.65526
CHASTEN	7	11	3	4.23795	0.243759	0.603649
CHASTER	7	16	4	6.62496	0.232514	0.550107
CHAT	4	110	45	85.7862	0.401899	0.517829
CHATON	6	16	0	9.14879	0.0312252	0.046009
CHATS	5	53	21	38.5922	0.384039	0.532118
CHAV	4	10	0	8.02618	0.0765327	0.0815121
CHAW	4	16	4	12.1774	0.246899	0.325617
CHAY	4	27	4	21.0256	0.161449	0.204807
CHE	3	223	82	177.665	0.366412	0.460431
CHEAP	5	13	3	9.70159	0.225525	0.30684
CHEAT	5	53	16	38.5498	0.29577	0.409244
CHEATS	6	29	12	19.3879	0.389289	0.592223
CHEDER	6	11	0	6.52426	0.0420824	0.0606576
CHEER	5	25	9	17.4693	0.340509	0.492992
CHEERS	6	13	7	8.51915	0.464296	0.732555
CHEF	4	26	1	19.855	0.0692391	0.0830911
CHELA	5	38	3	25.111	0.0901386	0.132171
CHELAS	6	13	1	8.08032	0.0979944	0.153073
CHEM	4	36	4	28.1381	0.125821	0.157758
CHEMO	5	10	1	7.38365	0.128533	0.168891
CHEMS	5	12	2	8.14414	0.176021	0.25516
CHENAR	6	21	0	10.7799	0.0248213	0.0400049
CHENET	6	11	0	6.59023	0.0420824	0.060176
CHER	4	129	24	98.1545	0.187851	0.246435
CHERE	5	55	9	39.9992	0.16632	0.228273
CHERISH	7	11	0	4.97332	0.036264	0.0805268
CHERT	5	60	10	43.0807	0.168966	0.234858
CHERTS	6	39	9	26.3273	0.226644	0.338726
CHESIL	6	10	0	4.37492	0.0452275	0.0820517
CHESS	5	20	2	14.5203	0.116466	0.156432
CHEST	5	71	10	50.6217	0.144066	0.201175
CHESTS	6	11	2	6.59314	0.181165	0.300767
CHETH	5	18	0	13.4121	0.0348259	0.0375925
CHEW	4	24	5	19.151	0.213019	0.267788
CHEWS	5	11	2	7.21661	0.18804	0.280955
CHI	3	181	75	144.578	0.411741	0.516437
CHIA	4	72	3	56.1416	0.0538061	0.0658757
CHIAS	5	26	2	16.5743	0.0928933	0.139095
CHIASM	6	10	0	5.24882	0.0452275	0.0717608
CHIB	4	13	0	10.9411	0.063622	0.0642496
CHIC	4	26	1	21.7298	0.0692391	0.0767464
CHICA	5	12	0	8.39092	0.0481822	0.0558308
CHID	4	57	16	44.08	0.277282	0.359985
CHIDE	5	28	8	20.3965	0.276627	0.383707
CHIDER	6	18	5	11.347	0.262168	0.420941
CHIDES	6	16	5	9.59138	0.289224	0.48628
CHIEF	5	10	0	5.59113	0.0552445	0.0765354
CHIEL	5	21	0	13.3393	0.0305865	0.0377714
CHIELS	6	11	0	5.96712	0.0420824	0.0650545
CHIK	4	12	2	8.81364	0.186577	0.24787
CHILD	5	11	0	6.35258	0.0514722	0.0695234
CHILE	5	24	6	14.969	0.244307	0.388585
CHILES	6	14	4	7.74929	0.264969	0.475272
CHIME	5	17	5	11.0624	0.278705	0.42837
CHIMO	5	13	0	9.70337	0.0452874	0.0495476
CHIN	4	86	28	67.0577	0.320889	0.413339
CHINA	5	45	0	29.8632	0.015496	0.0181581
CHINAR	6	18	0	10.7472	0.0283042	0.0401099
CHINAS	6	16	0	10.0864	0.0312252	0.0423549
CHINE	5	54	15	36.252	0.273291	0.407683
CHINED	6	21	6	12.1677	0.270925	0.468075
CHINES	6	32	13	18.9321	0.384544	0.653717
CHING	5	20	3	11.8229	0.158758	0.259611
CHINO	5	45	0	28.842	0.015496	0.0187601
CHINOS	6	27	0	14.2417	0.0199191	0.0313279
CHINS	5	40	13	27.5315	0.315131	0.460419
CHINSE	6	23	0	13.9362	0.0229395	0.0319394
CHINTS	6	19	2	9.6977	0.116405	0.218979
CHIP	4	20	5	15.419	0.247399	0.322574
CHIRAL	6	10	0	4.20645	0.0452275	0.0843846
CHIRL	5	14	0	8.7347	0.0427208	0.0540359
CHIRM	5	14	0	8.79648	0.0427208	0.0537255
CHIRO	5	33	0	21.5025	0.0205704	0.024629
CHIROS	6	10	0	5.26747	0.0452275	0.0715693
CHIRR	5	11	0	6.58389	0.0514722	0.0676409
CHIRT	5	25	4	16.4368	0.165957	0.248857
CHIRU	5	11	0	6.39274	0.0514722	0.0691891
CHIS	4	92	20	71.1264	0.218337	0.282414
CHISEL	6	16	1	9.26263	0.0828249	0.136593
CHIT	4	77	24	58.8256	0.307292	0.403649
CHITAL	6	15	0	6.46494	0.032924	0.0610973
CHITALS	7	10	0	3.67028	0.0389586	0.100399
CHITON	6	15	0	6.26451	0.032924	0.0626312
CHITS	5	37	7	23.0589	0.19077	0.302901
CHIV	4	11	0	7.75025	0.0716838	0.0836393
CHOC	4	23	0	17.8521	0.0407228	0.0427727
CHODE	5	22	4	17.0439	0.185371	0.240906
CHOG	4	19	3	14.5106	0.17371	0.224095
CHOIL	5	18	1	11.3079	0.0810265	0.118933
CHOIR	5	25	1	16.3213	0.0612258	0.0863147
CHOLA	5	25	1	16.3814	0.0612258	0.0860315
CHOLER	6	13	0	8.20243	0.0369441	0.0503976
CHOLI	5	20	1	12.139	0.0741728	0.111921
CHOLIS	6	10	1	6.31864	0.119966	0.186624
CHOLO	5	17	0	11.3341	0.0365128	0.0434693
CHON	4	56	14	43.3678	0.24894	0.322237
CHONS	5	29	7	20.6829	0.237521	0.334687
CHOON	5	11	1	7.79395	0.119756	0.161785
CHOOSE	6	12	3	6.90187	0.234405	0.405993
CHOP	4	18	1	14.1897	0.0935511	0.110761
CHORAL	6	11	0	5.36948	0.0420824	0.0705393
CHORD	5	20	1	12.8133	0.0741728	0.106812
CHORE	5	43	16	32.4672	0.359179	0.481551
CHOREA	6	19	0	10.7383	0.0270395	0.0401383
CHORED	6	12	3	7.2038	0.234405	0.392255
CHORES	6	27	9	15.7279	0.316167	0.544512
CHORIA	6	15	0	6.81329	0.032924	0.0586028
CHORIST	7	11	0	4.50702	0.036264	0.0866654
CHOSE	5	53	9	40.515	0.172192	0.225501
CHOSEN	6	18	0	10.3254	0.0283042	0.0415145
CHOSES	6	18	3	10.0644	0.168623	0.297029
CHOTA	5	36	0	25.1205	0.0190138	0.0213383
CHOTT	5	10	1	7.91542	0.128533	0.159795
CHOU	4	27	4	21.3646	0.161449	0.201936
CHOUT	5	12	2	8.29403	0.176021	0.25143
CHOW	4	16	2	12.3174	0.150669	0.190508
CHUM	4	11	1	8.58817	0.135041	0.165133
CHUR	4	22	3	18.0059	0.154253	0.186489
CHUSE	5	19	0	14.0351	0.033288	0.0361282
CHUT	4	28	3	22.3868	0.126021	0.154081
CHUTE	5	17	2	12.9386	0.13339	0.17304
CHUTES	6	12	1	8.31178	0.104366	0.149541
CHUTS	5	16	2	12.5711	0.14018	0.177417
CID	3	188	57	150.795	0.303021	0.378022
CIDE	4	102	44	78.3456	0.422644	0.552978
CIDED	5	11	2	7.99976	0.18804	0.25886
CIDER	5	59	24	38.7882	0.395146	0.603184
CIDERS	6	25	14	14.8682	0.514629	0.874167
CIDES	5	51	23	37.7617	0.434695	0.593596
CIDS	4	62	15	47.7751	0.241548	0.313933
CIEL	4	88	2	67.4329	0.0337498	0.0410546
CIELS	5	42	0	30.0507	0.0165144	0.0180517
CIG	3	91	13	72.9447	0.149384	0.184754
CIGAR	5	19	0	13.0627	0.033288	0.0384669
CIGS	4	27	3	19.3542	0.129986	0.175151
CILL	4	29	13	23.1051	0.418294	0.535497
CILLS	5	11	6	8.56502	0.461176	0.625052
CIMAR	5	26	0	16.7064	0.0254277	0.0309575
CIMARS	6	13	0	6.00674	0.0369441	0.0647209
CINCH	5	14	0	9.11042	0.0427208	0.0522017
CINCT	5	15	0	9.8302	0.0404295	0.0490145
CINDER	6	24	9	16.0205	0.350809	0.535528
CINDERS	7	11	6	5.84706	0.451253	0.875693
CINE	4	194	65	147.99	0.332681	0.43686
CINEAST	7	25	0	9.3115	0.018424	0.0485406
CINEMA	6	11	0	6.65735	0.0420824	0.0596938
CINEOL	6	14	0	7.24265	0.0348184	0.0557952
CINEREA	7	12	0	4.77459	0.0339181	0.0830333
CINERIN	7	10	0	3.8702	0.0389586	0.0967362
CINES	5	109	39	77.1318	0.352913	0.500412
CION	4	95	1	74.4184	0.0213605	0.0243953
CIONS	5	48	0	33.5142	0.0145958	0.0162892
CIRCA	5	15	0	8.36413	0.0404295	0.0559757
CIRE	4	185	69	139.989	0.369534	0.489345
CIRES	5	100	37	72.9402	0.364262	0.501715
CIRL	4	54	0	41.8451	0.0192472	0.0197977
CIRLS	5	18	0	11.9109	0.0348259	0.0416613
CIS	3	311	97	244.257	0.311681	0.396949
CISCO	5	15	0	8.81133	0.0404295	0.0536514
CIST	4	164	54	128.749	0.32664	0.417142
CISTED	6	27	11	18.043	0.382	0.581926
CISTERN	7	13	0	6.2626	0.0318572	0.0673392
CISTS	5	38	10	26.6038	0.258227	0.370341
CIT	3	334	189	267.48	0.562606	0.703631
CITAL	5	62	2	39.1955	0.04195	0.0626383
CITALS	6	23	0	10.4371	0.0229395	0.0411328
CITE	4	191	118	146.19	0.608486	0.797814
CITED	5	57	30	40.5693	0.507114	0.719005
CITER	5	100	60	71.312	0.586173	0.826768
CITERS	6	53	33	37.7783	0.596048	0.84816
CITES	5	116	70	86.034	0.591366	0.802088
CITESS	6	13	0	7.06488	0.0369441	0.0569243
CITHER	6	20	2	12.8596	0.111426	0.171486
CITHERS	7	14	1	7.5728	0.0873121	0.16663
CITIED	6	14	1	8.33961	0.092356	0.149128
CITIES	6	35	1	19.6226	0.0418224	0.070286
CITO	4	132	3	103.047	0.0302041	0.0366898
CITOLA	6	12	0	3.84439	0.0393462	0.0898761
CITOLE	6	20	0	13.3628	0.0258829	0.0331537
CITOLES	7	14	0	4.76081	0.0300325	0.083213
CITRAL	6	18	0	9.12032	0.0283042	0.0461299
CITRATE	7	12	1	3.5646	0.0986087	0.295699
CITRIN	6	15	1	8.44365	0.0873312	0.147601
CITRINE	7	11	0	4.3055	0.036264	0.0896176
CITRON	6	19	0	9.90393	0.0270395	0.0430198
CITS	4	185	64	140.992	0.343188	0.451167
CITY	4	26	0	20.5427	0.0367541	0.0378474
CIVE	4	22	4	16.2848	0.191589	0.255622
CLAD	4	72	15	54.29	0.21009	0.278122
CLADE	5	39	9	26.1183	0.228722	0.341128
CLADES	6	18	2	11.1061	0.12185	0.194932
CLADS	5	29	4	16.2518	0.145622	0.251384
CLAES	5	58	0	42.6089	0.0122281	0.0129651
CLAG	4	26	1	19.2967	0.0692391	0.0851882
CLAGS	5	10	0	7.16827	0.0552445	0.06331
CLAIM	5	18	0	11.5357	0.0348259	0.0428197
CLAM	4	46	11	34.3333	0.238885	0.319848
CLAME	5	20	1	12.3839	0.0741728	0.11001
CLAMOR	6	11	0	4.04639	0.0420824	0.0867273
CLAN	4	88	20	64.9467	0.22775	0.308167
CLANS	5	39	9	25.1076	0.228722	0.353866
CLAP	4	34	9	24.9898	0.26123	0.355391
CLAPS	5	11	5	6.90881	0.392892	0.629023
CLARET	6	29	0	17.564	0.0186888	0.0259304
CLARETS	7	18	0	5.44651	0.0244341	0.075127
CLARIES	7	10	0	3.9549	0.0389586	0.0952637
CLARO	5	37	0	24.6254	0.018546	0.0217357
CLAROS	6	13	0	5.90025	0.0369441	0.0656254
CLART	5	49	5	32.2503	0.109295	0.163052
CLARTS	6	27	2	15.0753	0.085752	0.148861
CLARY	5	10	0	7.18694	0.0552445	0.0631807
CLASH	5	27	5	17.325	0.187758	0.289252
CLASP	5	11	4	6.84142	0.324608	0.520205
CLASS	5	15	5	10.6231	0.308602	0.443326
CLAST	5	54	4	35.3047	0.0824671	0.12285
CLAT	4	108	38	79.7057	0.346961	0.471163
CLATS	5	57	19	38.8759	0.32573	0.479443
CLAUT	5	16	1	12.5034	0.0892757	0.109101
CLAVE	5	14	6	9.75526	0.382766	0.561541
CLAW	4	21	4	16.1081	0.19902	0.258007
CLAY	4	23	4	17.6509	0.184693	0.238565
CLEAN	5	38	1	25.8158	0.0421133	0.0568086
CLEANS	6	12	0	5.45397	0.0393462	0.0697084
CLEAR	5	46	13	32.2433	0.277044	0.396991
CLEARED	7	10	2	4.63429	0.187567	0.405189
CLEARS	6	16	3	9.05256	0.186024	0.324931
CLEAT	5	50	6	32.657	0.125899	0.190025
CLEATS	6	27	2	14.7018	0.085752	0.152247
CLEF	4	24	2	20.0158	0.108792	0.126292
CLEFT	5	10	1	7.51473	0.128533	0.166554
CLEG	4	21	0	15.6711	0.0438816	0.047817
CLEM	4	41	2	30.0252	0.0683963	0.0878082
CLEMS	5	15	0	10.4547	0.0404295	0.0465487
CLERID	6	12	0	7.25644	0.0393462	0.0557094
CLEW	4	14	2	11.1459	0.166711	0.206485
CLIED	5	35	2	23.9045	0.0712593	0.0996716
CLIENT	6	20	1	11.4604	0.0686547	0.113815
CLIES	5	60	7	41.6175	0.121829	0.173898
CLIME	5	19	3	13.0136	0.165769	0.238965
CLINAL	6	12	0	6.46774	0.0393462	0.0610764
CLINE	5	55	14	36.0593	0.251579	0.383446
CLINES	6	31	11	18.5552	0.337556	0.567225
CLING	5	18	5	9.50484	0.265829	0.486574
CLINT	5	37	4	22.4365	0.11696	0.187653
CLINTS	6	13	3	6.96537	0.220095	0.403025
CLIP	4	28	5	20.8497	0.187028	0.248572
CLIPE	5	10	0	6.35385	0.0552445	0.0695128
CLIT	4	90	18	66.8604	0.201843	0.271003
CLITS	5	48	11	30.6307	0.227589	0.355265
CLOAM	5	12	1	7.06997	0.112101	0.174758
CLOD	4	42	6	30.6104	0.152435	0.205913
CLODS	5	15	5	9.49759	0.308602	0.486882
CLOG	4	20	1	15.2994	0.0860016	0.103978
CLON	4	70	17	52.6761	0.242452	0.322247
CLONE	5	33	11	22.5396	0.32075	0.472598
CLONED	6	11	2	7.44915	0.181165	0.272685
CLONER	6	18	4	11.8734	0.215395	0.331069
CLONES	6	17	8	12.481	0.422236	0.598592
CLONS	5	30	6	19.7056	0.200739	0.303626
CLOOT	5	12	2	8.16579	0.176021	0.254614
CLOP	4	22	6	16.1964	0.266262	0.361968
CLOSE	5	48	6	36.2801	0.130774	0.17202
CLOSED	6	13	2	8.58245	0.159045	0.242686
CLOSER	6	28	2	16.8556	0.0830193	0.134593
CLOSERS	7	10	1	5.16647	0.113263	0.2258
CLOSES	6	14	4	8.84892	0.264969	0.425818
CLOSET	6	20	2	13.2976	0.111426	0.166484
CLOT	4	69	10	52.142	0.150866	0.198024
CLOTE	5	34	2	23.2826	0.0731522	0.102127
CLOTES	6	14	1	9.24398	0.092356	0.136826
CLOTH	5	20	1	13.0942	0.0741728	0.104819
CLOTHE	6	11	0	6.16093	0.0420824	0.0634544
CLOTS	5	23	4	14.9447	0.178414	0.270824
CLOU	4	34	4	25.568	0.132309	0.172039
CLOUR	5	11	2	8.1363	0.18804	0.255358
CLOUS	5	13	0	8.61436	0.0452874	0.0546509
CLOUT	5	14	1	9.39919	0.0993949	0.13892
CLOW	4	17	2	12.766	0.143752	0.185025
CLOY	4	15	1	11.1471	0.107737	0.134885
CLUE	4	31	2	25.0498	0.0875102	0.103482
CLUES	5	13	0	9.62571	0.0452874	0.0498797
CLY	3	48	0	38.0115	0.0230929	0.022957
CNIDAE	6	11	0	6.18588	0.0420824	0.0632541
COACH	5	15	1	11.3287	0.0940639	0.118746
COAL	4	94	25	70.2254	0.264532	0.354346
COALA	5	23	0	14.5914	0.0282907	0.0349138
COALAS	6	10	0	3.66366	0.0452275	0.0928939
COALED	6	15	3	9.57346	0.196145	0.309943
COALER	6	24	5	15.1099	0.204717	0.32682
COALIER	7	13	3	5.55707	0.214137	0.492547
COALISE	7	12	0	3.65734	0.0339181	0.100645
COALS	5	32	14	21.1672	0.413912	0.630371
COALY	5	12	1	8.26678	0.112101	0.154304
COAPT	5	10	0	8.01493	0.0552445	0.0579356
COARB	5	21	0	14.3886	0.0305865	0.0353469
COARSE	6	37	8	22.4416	0.213104	0.351812
COARSEN	7	12	2	3.74786	0.163299	0.472225
COARSER	7	12	3	4.84806	0.22799	0.546621
COAST	5	58	28	42.1884	0.466444	0.647332
COASTED	7	10	6	4.18712	0.484783	1
COASTER	7	21	9	11.7386	0.389412	0.713938
COASTERS	8	10	5	6.75052	0.410479	0.661454
COASTS	6	13	5	7.01788	0.342196	0.629517
COAT	4	135	56	102.688	0.408714	0.539134
COATE	5	81	35	58.9692	0.422398	0.583934
COATED	6	21	9	13.9446	0.393977	0.606501
COATEE	6	11	0	7.8774	0.0420824	0.0521046
COATER	6	46	20	30.5208	0.417278	0.63586
COATERS	7	22	7	11.0215	0.295556	0.596136
COATES	6	57	24	36.4586	0.407505	0.641738
COATI	5	50	12	35.0381	0.237746	0.339971
COATIS	6	28	8	14.9364	0.274224	0.510346
COATS	5	78	36	56.6417	0.450167	0.624192
COB	3	73	19	56.6756	0.262119	0.337078
COBRA	5	13	3	9.81208	0.225525	0.30396
COBS	4	18	3	14.4107	0.181334	0.225394
COCA	4	34	0	25.796	0.0291727	0.0309001
COCAIN	6	11	0	5.36428	0.0420824	0.070591
COCAS	5	16	0	11.783	0.0383715	0.0420492
COCH	4	26	5	20.0562	0.199179	0.257193
COCO	4	22	0	17.1446	0.0422432	0.0442882
COCOS	5	10	0	8.11997	0.0552445	0.0573317
COD	3	168	86	129.896	0.506773	0.656846
CODA	4	67	13	51.0729	0.196862	0.257615
CODAS	5	24	7	15.5726	0.28048	0.432247
CODDER	6	11	5	7.57118	0.389789	0.592025
CODE	4	93	55	71.8218	0.574038	0.748672
CODED	5	12	3	8.33316	0.23994	0.347639
CODEIA	6	12	0	6.79519	0.0393462	0.0587274
CODEIN	6	17	0	10.019	0.029693	0.0425981
CODEINS	7	10	0	2.92538	0.0389586	0.116888
CODEN	5	41	15	29.9325	0.35287	0.48847
CODENS	6	18	8	11.7999	0.402487	0.628751
CODER	5	52	24	35.7517	0.444854	0.651753
CODERS	6	21	11	13.415	0.476012	0.759879
CODES	5	46	32	35.4476	0.659764	0.87092
CODIST	6	14	0	8.15041	0.0348184	0.0506632
CODON	5	12	2	9.16762	0.176021	0.231689
CODS	4	77	28	61.1117	0.356202	0.45178
COED	4	89	9	67.7442	0.10803	0.14007
COEDIT	6	16	0	10.0867	0.0312252	0.0423539
COEDITS	7	10	0	5.60494	0.0389586	0.0734773
COEDS	5	31	5	25.7675	0.16608	0.201176
COFT	4	24	8	19.6534	0.317245	0.395278
COG	3	77	22	60.4996	0.28619	0.36426
COGIE	5	13	0	8.62545	0.0452874	0.0545936
COGIES	6	10	0	5.31852	0.0452275	0.07105
COGON	5	10	0	6.17145	0.0552445	0.0710723
COGS	4	24	5	18.479	0.213019	0.276237
COHERE	6	12	0	7.66064	0.0393462	0.0533087
COHO	4	31	0	25.0735	0.0316185	0.0317004
COHOE	5	17	0	13.1712	0.0365128	0.038191
COHOES	6	11	0	5.36422	0.0420824	0.0705917
COHOS	5	17	0	12.6595	0.0365128	0.0395278
COIF	4	16	0	12.5408	0.0544384	0.0575598
COIGN	5	14	0	7.75633	0.0427208	0.0594777
COIL	4	72	30	54.0547	0.405444	0.542997
COILED	6	10	4	5.62795	0.344183	0.612501
COILER	6	20	10	10.2543	0.4536	0.876951
COILS	5	21	14	14.7458	0.598659	0.872693
COIN	4	122	35	94.36	0.284985	0.369246
COINED	6	24	8	13.8995	0.314286	0.544227
COINER	6	35	8	21.3484	0.224209	0.368485
COINERS	7	15	4	7.89696	0.245111	0.476505
COINS	5	58	13	39.3971	0.223114	0.328318
COINTER	7	14	4	5.97761	0.259151	0.59704
COIR	4	97	8	73.7939	0.0897142	0.115958
COIRS	5	37	2	24.4461	0.0677529	0.0976273
COIT	4	117	26	90.0876	0.222784	0.289358
COITAL	6	21	0	11.0457	0.0248213	0.0391718
COITS	5	64	16	44.0498	0.247673	0.360322
COITUS	6	14	1	6.16598	0.092356	0.190237
COKE	4	20	15	14.1009	0.650894	0.938584
COKED	5	10	5	6.0706	0.421686	0.69469
COL	3	230	126	177.757	0.543429	0.704365
COLA	4	110	25	82.0874	0.227658	0.304843
COLAS	5	40	11	25.3345	0.269306	0.424203
COLD	4	54	13	41.1569	0.240398	0.315699
COLDER	6	17	6	9.66235	0.3241	0.571111
COLDIE	6	12	2	6.73124	0.169386	0.295852
COLDS	5	21	5	13.0944	0.23347	0.370545
COLE	4	119	62	90.8673	0.510015	0.671195
COLEAD	6	18	0	9.18981	0.0283042	0.045836
COLED	5	38	5	25.5349	0.138164	0.202878
COLES	5	61	37	45.7581	0.58402	0.787518
COLEY	5	12	0	8.62277	0.0481822	0.0546075
COLIC	5	16	0	9.45457	0.0383715	0.0506277
COLIES	6	38	10	20.5024	0.256287	0.472519
COLIN	5	44	11	27.9227	0.246697	0.38746
COLINS	6	20	5	9.11562	0.239742	0.507633
COLL	4	40	30	30.8487	0.695154	0.917223
COLLED	6	12	8	9.71342	0.559504	0.743501
COLLET	6	11	6	8.24573	0.45933	0.652302
COLLIE	6	11	7	7.72425	0.528872	0.79422
COLLS	5	17	11	13.8788	0.569336	0.731044
COLOG	5	12	0	8.4909	0.0481822	0.0552966
COLON	5	22	1	14.7773	0.0683882	0.0942778
COLONI	6	15	0	8.59239	0.032924	0.0484917
COLONS	6	13	1	7.57036	0.0979944	0.161477
COLOR	5	11	4	6.36888	0.324608	0.549724
COLS	4	87	18	64.8019	0.208441	0.279252
COLT	4	64	16	48.7177	0.249063	0.327593
COLTAN	6	15	1	7.41267	0.0873312	0.164265
COLTED	6	11	3	8.08943	0.250706	0.356838
COLTER	6	14	4	8.59227	0.264969	0.436417
COLTS	5	19	5	12.8348	0.25409	0.377047
COLURE	6	13	0	7.2443	0.0369441	0.0557848
COLY	4	27	1	21.2698	0.0670606	0.0782116
COMA	4	59	11	42.0346	0.190197	0.264936
COMAE	5	27	0	18.0525	0.0245979	0.0288751
COMAL	5	24	1	13.972	0.0634405	0.0990432
COMART	6	20	0	9.51389	0.0258829	0.0445136
COMARTS	7	13	0	4.23079	0.0318572	0.090764
COMAS	5	34	7	23.4428	0.205973	0.298322
COMATE	6	21	0	10.6598	0.0248213	0.040393
COMATES	7	13	0	4.32033	0.0318572	0.0893936
COMB	4	14	1	11.6012	0.113473	0.130638
COME	4	69	35	52.0612	0.489695	0.653821
COMEDO	6	10	0	5.6544	0.0452275	0.0678135
COMER	5	34	5	26.01	0.152845	0.199431
COMERS	6	15	2	9.22161	0.141738	0.228508
COMES	5	39	21	27.9871	0.510117	0.720564
COMET	5	42	11	31.2654	0.257506	0.348477
COMETS	6	20	7	10.7381	0.325285	0.602065
COMM	4	10	4	8.28212	0.347105	0.439834
COMP	4	17	2	13.1275	0.143752	0.180831
COMS	4	59	8	46.3767	0.143163	0.180577
COMTE	5	27	0	19.8157	0.0245979	0.026537
COMTES	6	18	0	12.9408	0.0283042	0.034108
CON	3	282	186	223.536	0.654385	0.827182
CONCH	5	10	1	6.92257	0.128533	0.177659
COND	4	78	31	61.9892	0.388138	0.491951
CONDER	6	19	6	13.0453	0.295137	0.440253
CONDIE	6	13	2	8.12099	0.159045	0.254067
CONDO	5	18	5	12.9235	0.265829	0.374799
CONE	4	147	91	113.85	0.606992	0.787539
CONED	5	53	17	37.5542	0.313424	0.444864
CONES	5	84	56	65.0245	0.647544	0.844658
CONEY	5	14	2	11.1905	0.156069	0.196045
CONF	4	19	0	14.991	0.0475717	0.0496425
CONGA	5	17	4	10.2946	0.230267	0.373602
CONGE	5	14	5	10.1976	0.326091	0.458843
CONGES	6	10	4	5.80073	0.344183	0.598428
CONGO	5	12	3	8.10485	0.23994	0.355526
CONI	4	135	27	104.077	0.20125	0.260844
CONIA	5	56	0	39.3614	0.0126381	0.0139841
CONIAS	6	23	0	14.218	0.0229395	0.0313745
CONIC	5	23	3	15.786	0.140883	0.201628
CONIES	6	38	8	22.9597	0.207954	0.344427
CONIMA	6	11	0	6.78012	0.0420824	0.0588315
CONIN	5	30	4	20.5874	0.141294	0.203044
CONINE	6	16	0	9.12141	0.0312252	0.0461252
CONINES	7	11	0	4.59399	0.036264	0.0854505
CONINS	6	15	2	7.58943	0.141738	0.268576
CONK	4	16	6	11.8265	0.343129	0.469941
CONN	4	41	16	32.1241	0.374183	0.483143
CONNE	5	23	13	17.5968	0.516192	0.694324
CONNER	6	14	10	10.5874	0.610194	0.853213
CONNES	6	12	7	7.63873	0.494485	0.801478
CONNIE	6	11	6	7.97173	0.45933	0.670746
CONNS	5	23	3	17.4189	0.140883	0.184638
CONS	4	137	42	108.279	0.304206	0.385993
CONSEIL	7	11	0	3.14193	0.036264	0.111561
CONSTER	7	21	1	8.78663	0.0623232	0.147176
CONTE	5	62	32	47.8233	0.498955	0.65441
CONTES	6	38	19	26.356	0.473784	0.694569
CONTO	5	33	3	23.5052	0.102438	0.140506
CONTOS	6	12	2	7.23343	0.169386	0.279256
CONTRA	6	17	0	9.55462	0.029693	0.0443528
CONURE	6	14	0	7.82238	0.0348184	0.052405
CONURES	7	10	0	3.22024	0.0389586	0.109753
CONUS	5	20	0	14.5404	0.0318801	0.0350218
CONY	4	28	1	20.9111	0.0650151	0.0793939
COO	3	125	101	99.6004	0.791814	0.998842
COOED	5	12	1	8.94208	0.112101	0.144745
COOER	5	23	0	16.618	0.0282907	0.0311049
COOEY	5	10	0	7.9478	0.0552445	0.0583281
COOF	4	15	3	12.8535	0.208832	0.247783
COOL	4	35	21	27.5933	0.556297	0.719497
COOLS	5	14	10	10.7529	0.609462	0.832145
COOM	4	25	13	20.0415	0.474472	0.60725
COOMS	5	15	8	11.416	0.469505	0.641348
COON	4	58	33	48.4851	0.543637	0.660411
COONS	5	28	16	20.8547	0.529434	0.726673
COOP	4	20	9	15.3762	0.408797	0.543125
COORIE	6	10	0	4.96026	0.0452275	0.074861
COOS	4	61	36	50.6724	0.564449	0.689489
COOSEN	6	11	0	6.23261	0.0420824	0.0628824
COOSER	6	12	2	6.20929	0.169386	0.315329
COOSIN	6	11	0	4.89987	0.0420824	0.0755441
COOST	5	26	6	18.5462	0.227825	0.320794
COOT	4	54	25	42.5906	0.444537	0.569971
COOTER	6	12	4	7.96708	0.299425	0.464586
COOTS	5	32	17	24.6951	0.498076	0.659489
COP	3	93	48	69.5105	0.506856	0.679972
COPE	4	42	26	30.8103	0.579936	0.799341
COPED	5	16	7	12.3691	0.394701	0.528894
COPEN	5	13	1	10.0387	0.105366	0.131515
COPER	5	27	14	18.6041	0.481446	0.708945
COPERS	6	16	10	11.6902	0.547223	0.783044
COPES	5	24	15	18.2877	0.569866	0.769417
COPIES	6	11	5	4.94316	0.389789	0.82556
COPRA	5	15	0	10.2715	0.0404295	0.0472459
COPRAS	6	10	0	5.26572	0.0452275	0.0715872
COPS	4	41	14	30.0943	0.330499	0.452177
COPSE	5	28	2	20.4821	0.0870223	0.114873
COPTER	6	11	3	7.39732	0.250706	0.383929
COPY	4	11	0	8.07622	0.0716838	0.0811378
COR	3	338	234	259.499	0.687578	0.896862
CORAL	5	44	12	29.0693	0.267685	0.405371
CORALS	6	17	6	8.77171	0.3241	0.619597
CORAM	5	36	1	23.3703	0.0442378	0.0622933
CORD	4	84	31	63.5455	0.361908	0.480415
CORDER	6	12	4	7.80117	0.299425	0.472682
CORDS	5	34	15	24.4965	0.418486	0.588841
CORE	4	215	134	159.699	0.614839	0.829949
CORED	5	72	30	49.1863	0.406556	0.597866
CORER	5	40	11	28.8947	0.269306	0.375254
CORERS	6	19	3	11.8273	0.161088	0.258374
CORES	5	119	77	90.1362	0.633976	0.842369
COREY	5	17	2	12.2171	0.13339	0.181847
CORF	4	24	1	18.4115	0.0740501	0.0887396
CORGI	5	12	1	8.53376	0.112101	0.150378
CORIA	5	67	0	41.2172	0.0106703	0.013383
CORIES	6	40	9	22.3215	0.221419	0.395167
CORING	6	11	9	7.65921	0.667954	1
CORK	4	24	16	18.7073	0.595182	0.784219
CORKS	5	10	7	7.99662	0.568263	0.761189
CORM	4	55	9	40.7787	0.169469	0.226697
CORMS	5	19	5	13.7389	0.25409	0.355332
CORN	4	118	48	90.0538	0.400147	0.526336
CORNEA	6	31	2	16.5244	0.0757751	0.137037
CORNEAL	7	12	1	4.45297	0.0986087	0.252372
CORNEAS	7	15	2	5.25287	0.136758	0.368668
CORNED	6	29	9	17.8606	0.296639	0.485199
CORNEL	6	16	0	8.75051	0.0312252	0.0477593
CORNER	6	20	8	9.93524	0.368057	0.72935
CORNET	6	40	12	26.066	0.290575	0.449884
CORNETS	7	20	6	9.37538	0.278125	0.594436
CORNI	5	51	9	33.6807	0.178495	0.268743
CORNO	5	29	1	19.4672	0.0537237	0.0736413
CORNS	5	51	23	37.4564	0.434695	0.598194
CORNU	5	15	1	9.86634	0.0940639	0.133432
CORPS	5	14	4	10.832	0.269417	0.357904
CORREA	6	14	0	7.28469	0.0348184	0.0555346
CORS	4	151	86	117.593	0.559311	0.721537
CORSE	5	95	58	71.9836	0.59561	0.79221
CORSES	6	18	12	12.1546	0.589578	0.900993
CORSET	6	51	26	34.879	0.489246	0.724085
CORSETS	7	15	9	8.40139	0.515994	0.951924
CORSITE	7	13	0	4.30747	0.0318572	0.0895878
CORSLET	7	11	0	3.83022	0.036264	0.0974469
CORSO	5	28	2	20.408	0.0870223	0.115253
CORTIN	6	32	2	14.4102	0.0736333	0.154999
CORTINA	7	15	0	3.3918	0.0284054	0.105988
CORTINS	7	13	1	3.57412	0.0926172	0.295156
CORY	4	30	1	22.7912	0.0612768	0.0735662
COS	3	318	201	248.091	0.627814	0.805983
COSE	4	199	118	157.647	0.584598	0.74085
COSEC	5	37	0	28.7788	0.018546	0.0187987
COSED	5	58	27	47.0553	0.450222	0.562653
COSES	5	51	27	41.208	0.507895	0.638869
COSET	5	107	44	84.774	0.404482	0.513968
COSETS	6	31	8	20.7035	0.250295	0.379084
COSEY	5	15	4	11.4729	0.254967	0.340828
COSH	4	68	15	53.3614	0.221636	0.282719
COSHED	6	12	3	7.60315	0.234405	0.375452
COSHER	6	17	5	12.0726	0.275032	0.398794
COSHES	6	10	4	6.00396	0.344183	0.58268
COSIE	5	75	26	50.7216	0.340185	0.504512
COSIED	6	23	8	13.9502	0.3262	0.542468
COSIER	6	37	13	20.3594	0.336928	0.611459
COSIES	6	23	12	16.3378	0.477831	0.692262
COSIEST	7	14	4	7.65283	0.259151	0.489064
COSINE	6	33	6	19.0684	0.18156	0.312691
COSINES	7	11	3	4.86556	0.243759	0.545143
COSING	6	14	6	9.40954	0.380044	0.584085
COSMEA	6	14	0	8.26556	0.0348184	0.050079
COSMIN	6	10	0	5.80983	0.0452275	0.0664136
COSS	4	48	19	37.7947	0.381396	0.48955
COSSET	6	15	1	8.93323	0.0873312	0.140817
COSSIE	6	12	4	7.20456	0.299425	0.504285
COST	4	147	95	115.577	0.633346	0.809834
COSTA	5	71	28	52.679	0.385209	0.523043
COSTAE	6	28	0	16.1526	0.0192843	0.0279782
COSTAL	6	19	4	11.7071	0.205771	0.335169
COSTAR	6	30	14	18.0978	0.437542	0.731702
COSTARS	7	11	6	5.26967	0.451253	0.949186
COSTE	5	94	61	70.5943	0.632433	0.848729
COSTEAN	7	10	0	2.61861	0.0389586	0.125368
COSTED	6	27	16	19.7031	0.546582	0.770233
COSTER	6	53	36	35.5257	0.649258	0.980007
COSTERS	7	17	12	11.3544	0.61219	0.966502
COSTES	6	28	16	19.5934	0.529164	0.774198
COSTS	5	37	15	26.5006	0.387597	0.547374
COSY	4	30	1	24.1722	0.0612768	0.0698027
COT	3	282	173	224.414	0.608942	0.766677
COTAN	5	54	2	37.2185	0.0477719	0.0657991
COTANS	6	23	1	11.6489	0.0608471	0.11221
COTE	4	156	85	121.41	0.535698	0.691318
COTED	5	46	13	33.8728	0.277044	0.378936
COTES	5	99	51	76.2108	0.504203	0.659821
COTH	4	69	17	55.1751	0.245738	0.308362
COTHS	5	26	6	20.4496	0.227825	0.293545
COTING	6	12	1	6.77937	0.104366	0.176506
COTISE	6	34	0	18.8271	0.0161889	0.0243364
COTISED	7	11	0	4.25988	0.036264	0.0903143
COTS	4	137	61	109.928	0.438213	0.548858
COTT	4	43	32	34.3764	0.693365	0.884006
COTTA	5	25	4	17.8839	0.165957	0.230708
COTTAE	6	14	0	8.92794	0.0348184	0.0469634
COTTAR	6	10	0	6.57487	0.0452275	0.0602874
COTTAS	6	12	3	7.75893	0.234405	0.369281
COTTER	6	16	13	11.3896	0.702022	1
COTTERS	7	11	8	7.31795	0.589583	0.955437
COTTS	5	24	8	18.6075	0.316653	0.417084
COUNT	5	15	11	11.9059	0.630408	0.835068
COUNTS	6	10	6	5.82489	0.49366	0.861627
COUP	4	23	9	17.4902	0.364656	0.486601
COUPS	5	13	5	9.21963	0.345683	0.498989
COUR	4	53	20	40.9964	0.3657	0.476602
COURD	5	13	1	7.71592	0.105366	0.16309
COURE	5	32	9	21.2143	0.273639	0.413319
COURED	6	10	3	6.1002	0.269444	0.447618
COURES	6	19	5	12.0629	0.250454	0.399076
COURIE	6	17	0	9.72765	0.029693	0.0436823
COURS	5	21	11	14.9149	0.476929	0.686153
COURSE	6	15	5	9.19861	0.30496	0.503775
COURT	5	23	8	14.8553	0.328538	0.510163
COURTS	6	11	6	7.24047	0.45933	0.725491
COUTA	5	13	1	9.59334	0.105366	0.136585
COUTER	6	16	5	10.6524	0.289224	0.444577
COUTH	5	14	4	10.1434	0.269417	0.378271
COVE	4	11	7	7.70028	0.515185	0.749241
COW	3	64	28	48.3439	0.428982	0.569572
COWAN	5	10	0	7.29976	0.0552445	0.0624108
COWED	5	11	5	8.81735	0.392892	0.517617
COWER	5	14	9	10.584	0.552788	0.763624
COWL	4	19	4	13.9215	0.215756	0.2917
COWS	4	21	9	16.0064	0.392942	0.524946
COY	3	68	10	53.0924	0.155431	0.196777
COYER	5	10	3	7.95954	0.27511	0.360735
COYS	4	25	4	19.995	0.172291	0.214057
CRAAL	5	14	0	10.2879	0.0427208	0.0471828
CRAB	4	51	7	39.2089	0.145768	0.18758
CRABS	5	16	1	11.6824	0.0892757	0.115668
CRAFT	5	10	3	6.97665	0.27511	0.400416
CRAG	4	46	9	35.2125	0.199502	0.259873
CRAGS	5	19	5	14.0343	0.25409	0.348768
CRAIG	5	18	0	11.337	0.0348259	0.0434596
CRAKE	5	12	3	8.93663	0.23994	0.328384
CRAM	4	62	20	45.1147	0.316417	0.435658
CRAME	5	31	6	20.2325	0.194944	0.296417
CRAMES	6	15	2	7.74827	0.141738	0.264069
CRAMP	5	11	4	8.29415	0.324608	0.446496
CRAMS	5	25	11	18.0381	0.41033	0.578985
CRAN	4	156	64	116.93	0.405088	0.541817
CRANE	5	89	32	59.0056	0.353542	0.534376
CRANED	6	26	8	15.2202	0.292892	0.501796
CRANES	6	51	20	27.3796	0.378911	0.704502
CRANIA	6	17	0	8.63871	0.029693	0.0482748
CRANS	5	69	24	48.7878	0.340751	0.484326
CRANTS	6	37	13	19.6442	0.336928	0.63193
CRAP	4	58	22	44.2246	0.368432	0.48641
CRAPE	5	30	11	20.4506	0.34935	0.516655
CRAPES	6	14	6	8.05674	0.380044	0.664913
CRAPS	5	25	10	17.196	0.37542	0.552234
CRARE	5	43	5	29.5868	0.123354	0.176819
CRARES	6	22	4	13.9865	0.181448	0.286526
CRASES	6	22	1	12.9977	0.0632445	0.101926
CRASH	5	39	6	28.3754	0.158374	0.216847
CRASIS	6	16	0	6.82487	0.0312252	0.0585234
CRASS	5	30	4	21.3113	0.141294	0.196727
CRATE	5	116	63	80.7047	0.532859	0.769118
CRATED	6	25	8	16.6204	0.303212	0.463483
CRATER	6	34	14	22.1532	0.390721	0.607401
CRATERS	7	11	4	6.19604	0.312924	0.580334
CRATES	6	61	34	39.2422	0.537514	0.842262
CRATON	6	24	0	12.1464	0.0221016	0.0360621
CRATONS	7	11	0	3.56916	0.036264	0.102359
CRAVE	5	11	4	8.01121	0.324608	0.459167
CRAW	4	29	8	22.2042	0.270292	0.35499
CRAWS	5	12	3	8.93521	0.23994	0.328426
CRAY	4	39	4	31.2083	0.1172	0.143525
CRAYS	5	17	2	11.821	0.13339	0.187074
CREAM	5	34	2	22.0032	0.0731522	0.107581
CREAMS	6	14	1	8.50559	0.092356	0.146707
CREANT	6	35	2	20.5907	0.0678777	0.11206
CREASE	6	20	1	13.2082	0.0686547	0.100489
CREATE	6	35	8	20.7849	0.224209	0.377713
CREATES	7	15	4	8.43953	0.245111	0.450779
CREATIC	7	10	0	3.33152	0.0389586	0.107281
CREATIN	7	17	1	6.37377	0.0745086	0.191655
CRED	4	150	12	114.755	0.0848373	0.109581
CREDAL	6	20	0	12.0652	0.0258829	0.0362747
CREDIT	6	22	0	13.5564	0.0238433	0.0327335
CREDITS	7	10	0	2.60733	0.0389586	0.125703
CREDO	5	48	4	34.1553	0.092048	0.126761
CREDOS	6	29	3	19.0054	0.111339	0.168884
CREDS	5	69	6	51.4979	0.0929702	0.12305
CREE	4	82	29	62.8318	0.347202	0.455175
CREED	5	33	5	25.3513	0.157016	0.204242
CREEDS	6	20	3	13.7764	0.154198	0.225875
CREEL	5	27	1	19.9203	0.05723	0.0721162
CREELS	6	12	0	7.26544	0.0393462	0.0556536
CREEP	5	12	3	7.67837	0.23994	0.371259
CREES	5	51	17	36.9737	0.324895	0.451496
CREESH	6	13	0	8.19578	0.0369441	0.0504314
CREM	4	66	1	50.3841	0.0301118	0.035415
CREME	5	13	0	9.03217	0.0452874	0.0525734
CREMS	5	24	1	18.479	0.0634405	0.0772019
CRENA	5	77	1	52.6563	0.0217472	0.02889
CRENAS	6	28	0	15.8706	0.0192843	0.0284269
CRENATE	7	11	0	4.37045	0.036264	0.0886444
CREPE	5	11	3	7.39181	0.256324	0.382637
CREPS	5	28	1	20.8659	0.0554214	0.0691283
CREPT	5	22	0	16.0315	0.0293938	0.0321189
CRESS	5	38	1	28.0585	0.0421133	0.0525641
CREST	5	123	11	87.647	0.0928092	0.129209
CRESTA	6	60	0	38.0711	0.00954784	0.0125664
CRESTAL	7	13	0	4.78579	0.0318572	0.0828879
CRESTON	7	17	0	7.48622	0.0256285	0.0582808
CRESTS	6	31	3	18.9025	0.104862	0.169726
CRETIC	6	15	0	9.59837	0.032924	0.0441813
CRETIN	6	40	2	24.9974	0.0600541	0.0935762
CRETINS	7	22	1	9.64571	0.0598751	0.135943
CREW	4	38	2	29.42	0.0731923	0.0894564
CREWS	5	12	2	9.90933	0.176021	0.217209
CRIA	4	130	3	101.049	0.0306523	0.0373954
CRIAS	5	62	1	43.7519	0.0267165	0.0345177
CRIB	4	23	3	18.4539	0.148701	0.182562
CRIED	5	50	12	34.8096	0.237746	0.342084
CRIER	5	43	6	29.7076	0.144792	0.207724
CRIERS	6	20	5	11.8242	0.239742	0.40611
CRIES	5	90	23	63.9568	0.253659	0.357698
CRIM	4	47	13	36.0273	0.272894	0.357382
CRIME	5	23	5	15.6345	0.215945	0.317045
CRIMES	6	10	2	5.69929	0.194705	0.337007
CRIMS	5	22	7	15.3431	0.302354	0.43798
CRINAL	6	17	0	8.72341	0.029693	0.0478832
CRINATE	7	15	0	5.70994	0.0284054	0.0724234
CRINE	5	71	32	48.309	0.438796	0.648087
CRINED	6	25	7	15.0214	0.267976	0.448019
CRINES	6	41	20	24.977	0.46429	0.767906
CRINGE	6	10	1	6.82604	0.119966	0.175542
CRINOSE	7	12	0	4.49698	0.0339181	0.0868078
CRIOS	5	47	0	30.5824	0.014884	0.0177568
CRIPE	5	16	6	11.0862	0.343797	0.504247
CRIPS	5	11	0	8.41273	0.0514722	0.0557134
CRIS	4	132	17	101.163	0.132556	0.171988
CRISE	5	74	10	53.8179	0.1385	0.189647
CRISES	6	16	4	10.4999	0.237624	0.368283
CRISP	5	15	0	10.6135	0.0404295	0.0459605
CRISSA	6	10	1	4.73376	0.119966	0.232461
CRISTA	6	38	0	20.2707	0.014624	0.0227387
CRISTAE	7	19	0	7.60027	0.0233462	0.0575591
CRIT	4	115	40	88.8236	0.343381	0.446109
CRITH	5	22	1	13.5742	0.0683882	0.10158
CRITS	5	52	21	33.8823	0.390941	0.602044
CROC	4	46	4	35.8967	0.101045	0.126146
CROCI	5	16	0	10.1379	0.0383715	0.0477675
CROCS	5	18	1	14.0261	0.0810265	0.0987079
CROFT	5	11	2	8.40278	0.18804	0.248791
CROG	4	35	3	26.8699	0.103848	0.130817
CROGS	5	12	0	9.12988	0.0481822	0.0521101
CROME	5	32	11	22.4701	0.329748	0.473944
CROMED	6	14	4	7.33752	0.264969	0.496881
CROMES	6	20	9	10.2711	0.410828	0.792324
CRON	4	119	19	91.0256	0.162634	0.211877
CRONE	5	60	12	42.3616	0.20039	0.283794
CRONES	6	30	6	18.6173	0.197878	0.319626
CRONET	6	32	0	19.4912	0.0171041	0.0235744
CRONETS	7	15	0	6.28704	0.0284054	0.0671308
CRONIES	7	13	0	5.05553	0.0318572	0.0795337
CRONS	5	51	5	35.5549	0.105295	0.148689
CROOL	5	11	3	8.05433	0.256324	0.35732
CROON	5	24	5	16.9182	0.208134	0.295486
CROONS	6	11	2	5.61049	0.181165	0.34109
CROP	4	37	8	28.5035	0.218541	0.283606
CROPS	5	13	4	9.16948	0.285604	0.411375
CRORE	5	40	2	28.5669	0.0630957	0.0844482
CRORES	6	21	1	12.797	0.0658386	0.103335
CROSS	5	28	4	19.3843	0.150224	0.214489
CROSSE	6	16	1	9.21819	0.0828249	0.137148
CROST	5	64	5	41.7705	0.0850591	0.127554
CROTON	6	11	0	7.0693	0.0420824	0.0568957
CROUSE	6	13	1	8.06293	0.0979944	0.153346
CROUT	5	19	4	13.4269	0.209929	0.29754
CROUTE	6	10	1	5.73715	0.119966	0.201178
CROUTS	6	10	2	5.22031	0.194705	0.360269
CROW	4	35	6	28.2228	0.179256	0.221749
CROWN	5	10	0	7.54882	0.0552445	0.0607759
CROWS	5	14	3	10.1043	0.212743	0.296596
CRU	3	116	19	90.9497	0.168251	0.213379
CRUD	4	27	1	20.9554	0.0670606	0.0792459
CRUDO	5	11	0	7.9721	0.0514722	0.0581854
CRUE	4	51	2	39.9379	0.0561353	0.0674526
CRUEL	5	17	0	10.6737	0.0365128	0.0457415
CRUES	5	26	2	19.1207	0.0928933	0.122292
CRUET	5	27	0	19.3387	0.0245979	0.0271312
CRUETS	6	16	0	9.71947	0.0312252	0.0437136
CRUOR	5	15	0	10.7242	0.0404295	0.0455596
CRURA	5	10	0	6.94297	0.0552445	0.0649123
CRUS	4	50	10	39.1263	0.203189	0.259465
CRUSE	5	30	1	22.3207	0.0521269	0.0649862
CRUSET	6	17	0	11.5522	0.029693	0.0376767
CRUST	5	31	4	22.2972	0.137216	0.188731
CRY	3	57	6	46.2398	0.117931	0.142315
CTENE	5	34	0	24.5681	0.020024	0.0217827
CTENES	6	18	0	13.0438	0.0283042	0.0338701
CUB	3	28	6	22.1577	0.22456	0.28161
CUBE	4	10	2	7.68312	0.211819	0.274543
CUBS	4	12	3	8.3051	0.24616	0.349062
CUD	3	65	24	53.4596	0.364863	0.445905
CUDS	4	22	9	17.9176	0.378271	0.476574
CUE	3	111	20	87.7797	0.184251	0.231959
CUED	4	38	8	29.8407	0.213433	0.271995
CUES	4	58	12	45.9323	0.209154	0.264266
CUESTA	6	15	0	8.154	0.032924	0.0506448
CUING	5	10	0	6.40179	0.0552445	0.0691142
CUIT	4	45	3	36.5645	0.0829878	0.0986187
CUITER	6	13	0	8.18845	0.0369441	0.0504687
CUITS	5	22	2	15.8747	0.107383	0.144551
CULET	5	18	0	13.0485	0.0348259	0.0385032
CULETS	6	12	0	5.93533	0.0393462	0.0653246
CULL	4	13	4	9.67017	0.28855	0.390966
CULM	4	12	0	9.65762	0.0674127	0.0708568
CULT	4	36	8	29.3762	0.2239	0.275919
CULTER	6	15	4	10.1138	0.250553	0.380301
CULTI	5	13	1	9.42575	0.105366	0.138596
CULTS	5	17	3	12.757	0.181828	0.243131
CUM	3	41	10	32.5	0.248537	0.312729
CUMS	4	17	3	13.5828	0.189658	0.236768
CUNEI	5	20	0	13.2926	0.0318801	0.0378871
CUNIT	5	22	1	15.5694	0.0683882	0.0900173
CUNT	4	45	21	36.675	0.444553	0.554064
CUNTS	5	17	7	13.0305	0.375582	0.505555
CUP	3	25	7	20.7242	0.282126	0.34219
CUPS	4	11	3	8.15548	0.261756	0.353819
CUR	3	131	59	102.657	0.4457	0.570187
CURAT	5	31	9	20.6018	0.281538	0.424541
CURATE	6	23	6	11.5832	0.250385	0.488643
CURATES	7	10	4	4.0652	0.336175	0.798227
CURATS	6	13	5	7.33767	0.342196	0.607289
CURB	4	10	1	7.1131	0.144176	0.189648
CURD	4	30	11	22.0229	0.348769	0.478325
CURDS	5	14	6	8.52301	0.382766	0.627557
CURE	4	86	45	65.9814	0.508148	0.666883
CURED	5	29	6	19.4722	0.206888	0.306933
CURER	5	23	6	15.7952	0.253476	0.370502
CURERS	6	10	1	6.25164	0.119966	0.188193
CURES	5	44	25	31.3811	0.540538	0.767189
CURET	5	44	19	30.3807	0.414606	0.605388
CURETS	6	24	10	14.7571	0.387333	0.637289
CURF	4	12	0	9.21937	0.0674127	0.0734355
CURIA	5	23	0	15.7059	0.0282907	0.0327109
CURIE	5	36	4	22.577	0.11991	0.186579
CURIES	6	16	2	10.6564	0.134425	0.202015
CURIET	6	17	1	9.63018	0.0787609	0.13217
CURIETS	7	12	0	5.15974	0.0339181	0.0783094
CURIO	5	18	0	11.426	0.0348259	0.0431706
CURITE	6	14	0	7.61162	0.0348184	0.0535887
CURL	4	33	7	27.7025	0.215211	0.258288
CURLI	5	17	4	11.496	0.230267	0.340243
CURLS	5	10	3	7.65863	0.27511	0.372021
CURN	4	46	14	35.317	0.297959	0.390257
CURNS	5	18	5	12.1675	0.265829	0.394859
CURR	4	14	4	10.6672	0.273188	0.362069
CURS	4	65	19	51.5176	0.288484	0.365921
CURSE	5	36	14	27.2676	0.37215	0.498793
CURSED	6	10	0	5.80577	0.0452275	0.0664494
CURSER	6	10	4	6.08173	0.344183	0.576871
CURSI	5	25	4	16.7519	0.165957	0.244666
CURST	5	27	0	18.2342	0.0245979	0.0286152
CURT	4	58	19	46.8987	0.320648	0.399914
CURTAL	6	11	0	6.27433	0.0420824	0.0625542
CUSH	4	29	8	24.1004	0.270292	0.329988
CUSP	4	15	2	11.1987	0.158285	0.205707
CUSS	4	18	6	15.3955	0.313008	0.37788
CUT	3	124	58	98.133	0.462253	0.585893
CUTE	4	65	32	52.2081	0.474774	0.597562
CUTER	5	38	19	27.4052	0.474341	0.666733
CUTES	5	33	19	25.2349	0.539062	0.719945
CUTEST	6	13	1	9.36755	0.0979944	0.135301
CUTIE	5	30	5	19.3217	0.171016	0.262112
CUTIES	6	17	3	9.7257	0.176897	0.30582
CUTIN	5	23	1	14.4945	0.0658215	0.0958983
CUTIS	5	26	0	17.2629	0.0254277	0.0300613
CUTLER	6	13	1	6.94884	0.0979944	0.173055
CUTS	4	66	21	51.8739	0.312664	0.400103
CWM	3	16	0	13.0479	0.0599053	0.0599437
CYAN	4	20	0	16.2515	0.0456522	0.0463621
CYANS	5	11	0	8.15714	0.0514722	0.0571211
CYME	4	11	0	9.41931	0.0716838	0.0722361
CYTE	4	30	0	24.7991	0.0325275	0.0320153
CYTES	5	13	0	10.9245	0.0452874	0.0448513
CYTON	5	10	0	7.51396	0.0552445	0.0609995
DAAL	4	44	0	34.3178	0.0231927	0.0238101
DAALS	5	18	0	14.1624	0.0348259	0.0358427
DAB	3	125	41	96.5181	0.326964	0.423674
DABS	4	43	15	33.5427	0.337594	0.436797
DACE	4	106	9	82.4453	0.0914524	0.11592
DACES	5	55	3	42.5241	0.0640091	0.0804318
DACHA	5	14	0	12.0297	0.0427208	0.0413075
DACRON	6	14	0	8.03713	0.0348184	0.0512515
DACRONS	7	11	0	3.56632	0.036264	0.102415
DAD	3	63	19	51.2034	0.301198	0.37146
DADA	4	14	1	12.1068	0.113473	0.126214
DADO	4	34	0	27.5561	0.0291727	0.0291098
DADOS	5	16	0	11.6244	0.0383715	0.0425403
DADS	4	28	9	22.8692	0.30904	0.384724
DAE	3	522	46	395.351	0.089726	0.117972
DAEING	6	17	1	11.1411	0.0787609	0.116641
DAES	4	286	23	209.811	0.0829876	0.112326
DAFF	4	13	4	10.9552	0.28855	0.354501
DAFT	4	36	7	28.4246	0.19938	0.25232
DAG	3	126	39	96.1032	0.309074	0.405164
DAGOES	6	10	0	6.60388	0.0452275	0.0600774
DAGOS	5	22	0	13.334	0.0293938	0.0377844
DAGS	4	42	15	31.416	0.34481	0.463927
DAH	3	243	7	190.198	0.0331987	0.0411576
DAHL	4	52	0	40.8381	0.0199252	0.0202543
DAHLS	5	18	0	13.1032	0.0348259	0.0383633
DAHS	4	85	2	65.8407	0.0348775	0.0420066
DAIDLE	6	10	0	5.99545	0.0452275	0.0648156
DAILY	5	20	0	12.8798	0.0318801	0.038941
DAIMEN	6	15	0	9.48346	0.032924	0.0446345
DAIMON	6	14	0	7.29931	0.0348184	0.0554445
DAINE	5	116	20	77.1941	0.173462	0.259976
DAINED	6	23	2	15.1927	0.0987547	0.147827
DAINES	6	62	11	36.3345	0.177503	0.302207
DAINT	5	86	3	56.0278	0.0418741	0.061701
DAINTS	6	30	0	16.2711	0.0181289	0.0277939
DAIRY	5	14	0	7.66213	0.0427208	0.0600601
DAIS	4	190	9	144.002	0.0520138	0.0673205
DAISES	6	26	0	15.7296	0.0205971	0.0286566
DAISY	5	19	0	12.0494	0.033288	0.0412495
DAK	3	50	15	38.3693	0.299636	0.39026
DAKER	5	13	0	8.6361	0.0452874	0.0545388
DAKS	4	20	3	14.8964	0.166701	0.219216
DAL	3	374	147	286.415	0.391993	0.512109
DALASI	6	14	0	7.46498	0.0348184	0.0544444
DALE	4	216	86	158.252	0.394646	0.539405
DALED	5	39	4	26.8192	0.111474	0.159075
DALEDS	6	11	0	7.209	0.0420824	0.0560054
DALES	5	107	51	77.8508	0.467747	0.646262
DALETH	6	21	0	12.6119	0.0248213	0.0348909
DALETHS	7	11	0	5.75638	0.036264	0.0719667
DALI	4	165	15	122.569	0.0950117	0.126678
DALIS	5	75	6	49.009	0.0858773	0.129059
DALLE	5	43	15	30.0055	0.33774	0.487354
DALLES	6	23	7	15.1377	0.288293	0.444928
DALLIES	7	10	6	7.05999	0.484783	0.753184
DALS	4	136	28	104.405	0.206924	0.269374
DALT	4	132	14	99.2823	0.110623	0.145775
DALTON	6	19	0	9.58763	0.0270395	0.0442233
DALTS	5	63	6	43.9791	0.10134	0.14319
DAM	3	165	66	125.017	0.397474	0.525084
DAMAN	5	12	0	8.38982	0.0481822	0.0558368
DAMAR	5	11	0	7.84511	0.0514722	0.0589391
DAME	4	99	38	73.9762	0.377049	0.506313
DAMES	5	48	16	35.7064	0.324405	0.440139
DAMN	4	57	4	42.1369	0.0830549	0.108638
DAMNER	6	16	2	8.7557	0.134425	0.238672
DAMNS	5	20	3	13.9365	0.158758	0.225089
DAMP	4	12	0	8.56849	0.0674127	0.0776315
DAMS	4	66	14	49.9609	0.21377	0.281987
DAMSEL	6	16	0	8.64973	0.0312252	0.0482235
DAN	3	430	224	330.802	0.518811	0.674958
DANCE	5	43	5	29.4965	0.123354	0.177326
DANCER	6	24	2	14.7287	0.0951478	0.151998
DANCERS	7	13	1	5.11524	0.0926172	0.22752
DANCES	6	22	3	13.1972	0.142047	0.234645
DANDER	6	14	2	10.5109	0.149894	0.204418
DANG	4	82	44	62.0833	0.520046	0.691527
DANGER	6	20	9	13.7842	0.410828	0.612779
DANGERS	7	10	8	7.2492	0.633392	0.96285
DANGEST	7	11	0	5.16502	0.036264	0.0782483
DANGLE	6	12	5	8.0769	0.364445	0.561461
DANGS	5	22	11	15.0554	0.458332	0.680487
DANISH	6	21	1	11.9222	0.0658386	0.109962
DANK	4	16	3	12.0827	0.198784	0.260597
DANS	4	174	56	131.544	0.319556	0.423352
DANT	4	171	61	127.554	0.353454	0.474657
DANTED	6	24	3	16.5943	0.131671	0.191119
DANTON	6	14	0	9.56119	0.0348184	0.044327
DANTS	5	79	29	56.1975	0.36002	0.508594
DAP	3	117	36	91.7929	0.307271	0.391861
DAPS	4	45	6	32.6361	0.143249	0.19415
DARAF	5	11	0	7.92385	0.0514722	0.0584695
DARB	4	62	0	45.3119	0.0169416	0.0183718
DARBIES	7	10	0	5.08225	0.0389586	0.0792161
DARBS	5	13	0	8.0961	0.0452874	0.0574678
DARCY	5	10	0	7.71083	0.0552445	0.0597576
DARE	4	339	147	247.971	0.430886	0.589665
DARED	5	67	27	45.9304	0.392864	0.575869
DARER	5	62	20	41.2181	0.316153	0.476595
DARERS	6	27	7	18.0599	0.250334	0.379193
DARES	5	188	87	134.537	0.457898	0.641618
DARG	4	62	5	47.7229	0.0918104	0.116416
DARGA	5	16	0	10.9162	0.0383715	0.0448799
DARGS	5	17	0	11.3237	0.0365128	0.0435032
DARI	4	204	25	152.227	0.12516	0.166942
DARIC	5	34	1	22.2898	0.0465881	0.065069
DARING	6	22	13	13.4417	0.536059	0.89046
DARIS	5	95	5	61.9381	0.0583285	0.0872944
DARK	4	23	8	18.3027	0.328664	0.42055
DARN	4	155	40	117.958	0.25742	0.338502
DARNED	6	21	6	14.3521	0.270925	0.404454
DARNEL	6	22	0	11.793	0.0238433	0.0370054
DARNELS	7	10	0	3.58911	0.0389586	0.101966
DARNER	6	23	7	14.1066	0.288293	0.473917
DARNERS	7	15	6	10.4424	0.353464	0.541811
DARNEST	7	20	3	8.9822	0.150238	0.333276
DARNS	5	62	19	43.5691	0.30092	0.43002
DARRE	5	46	19	31.8506	0.397903	0.579068
DARRES	6	26	12	18.7781	0.429039	0.609843
DART	4	185	67	137.411	0.358996	0.484079
DARTED	6	21	3	13.0928	0.147873	0.2363
DARTER	6	28	11	18.8125	0.369827	0.560115
DARTERS	7	11	2	5.79015	0.174594	0.341901
DARTLE	6	20	1	10.3632	0.0686547	0.124151
DARTRE	6	17	2	10.0119	0.127829	0.213113
DARTRES	7	10	1	3.13252	0.113263	0.322639
DARTS	5	94	39	66.4186	0.407127	0.578816
DAS	3	434	143	335.304	0.329174	0.426139
DASH	4	104	29	81.1931	0.276985	0.355699
DASHER	6	26	7	18.5698	0.258855	0.369662
DASHI	5	37	5	26.612	0.141563	0.195229
DASHIER	7	11	2	4.9919	0.174594	0.383241
DASHY	5	13	0	9.81265	0.0452874	0.0490876
DATA	4	96	2	70.7632	0.0310708	0.0391966
DATAL	5	23	0	15.5974	0.0282907	0.0329131
DATALS	6	10	0	5.47483	0.0452275	0.0695062
DATE	4	284	176	206.944	0.613371	0.843244
DATED	5	67	31	48.1056	0.449486	0.630747
DATER	5	162	102	114.104	0.620326	0.883815
DATERS	6	76	46	52.7296	0.587115	0.854017
DATES	5	161	101	119.108	0.61802	0.839023
DATING	6	21	17	13.0372	0.722116	1
DATINGS	7	11	8	9.54681	0.589583	0.764565
DATO	4	160	3	118.299	0.0250718	0.0320696
DATOS	5	75	2	52.4759	0.0350157	0.0473564
DATTO	5	33	3	23.0624	0.102438	0.142993
DAUB	4	16	0	12.3675	0.0544384	0.0582163
DAUD	4	17	0	13.827	0.0519394	0.0531131
DAUNER	6	20	0	11.7908	0.0258829	0.0370115
DAUNT	5	31	5	22.2725	0.16608	0.230192
DAUNTS	6	14	3	8.77104	0.207431	0.333651
DAUR	4	57	3	43.4989	0.0668693	0.0838553
DAURS	5	27	2	18.8753	0.089862	0.123732
DAUT	4	48	4	36.4732	0.0972164	0.124296
DAUTS	5	20	1	14.598	0.0741728	0.0952984
DAVEN	5	15	1	9.69587	0.0940639	0.135383
DAVIT	5	11	1	8.28678	0.119756	0.154003
DAW	3	99	37	78.6167	0.370632	0.467891
DAWD	4	13	1	10.92	0.119854	0.137114
DAWEN	5	15	0	12.0316	0.0404295	0.041302
DAWN	4	29	7	25.0051	0.240692	0.283324
DAWS	4	34	12	27.4723	0.338583	0.425294
DAWT	4	40	0	32.6174	0.0252642	0.0249525
DAWTS	5	13	0	10.268	0.0452874	0.0472595
DAY	3	89	24	68.9947	0.27078	0.348941
DAYNT	5	12	0	9.01111	0.0481822	0.0526743
DAYS	4	34	11	27.8613	0.312799	0.387313
DEACON	6	19	1	12.4762	0.0717223	0.105671
DEAD	4	92	10	68.3264	0.115014	0.152979
DEADER	6	11	0	7.67431	0.0420824	0.0532311
DEADS	5	33	4	24.1675	0.129727	0.17522
DEAF	4	63	2	48.8734	0.0461974	0.0557937
DEAIR	5	115	0	80.1928	0.0063534	0.00703364
DEAIRS	6	55	0	34.3161	0.0103656	0.0138758
DEAL	4	254	111	180.557	0.433302	0.610124
DEALER	6	37	16	24.9587	0.411223	0.618494
DEALERS	7	15	8	8.19549	0.461817	0.869931
DEALS	5	106	50	77.2473	0.462893	0.638561
DEALT	5	98	16	69.2156	0.164827	0.232919
DEAN	4	269	83	197.425	0.307292	0.418902
DEANED	6	22	9	14.9043	0.378454	0.571489
DEANER	6	39	15	26.2032	0.36822	0.555114
DEANERS	7	13	3	6.70306	0.214137	0.424647
DEANS	5	105	45	75.0042	0.421132	0.592205
DEAR	4	355	158	257.557	0.442298	0.610203
DEARE	5	140	60	97.2118	0.422945	0.610845
DEARED	6	20	9	13.3201	0.410828	0.631687
DEARER	6	25	13	16.2764	0.479393	0.750194
DEARES	6	68	38	45.3433	0.54084	0.818065
DEAREST	7	26	10	11.1637	0.357263	0.824357
DEARIE	6	37	4	21.5874	0.114045	0.19308
DEARIES	7	23	2	8.39825	0.0954076	0.252804
DEARING	7	14	11	11.2356	0.660109	0.897589
DEARLY	6	12	0	7.45566	0.0393462	0.0544997
DEARN	5	94	32	65.3092	0.335438	0.4843
DEARNS	6	27	11	16.9863	0.382	0.614801
DEARS	5	146	81	106.221	0.546319	0.754099
DEARTH	6	28	0	18.7201	0.0192843	0.0244638
DEARTHS	7	13	0	6.5222	0.0318572	0.0651896
DEARY	5	36	0	24.5359	0.0190138	0.0218092
DEASH	5	73	0	56.8509	0.00983495	0.00982533
DEASIL	6	32	0	20.8327	0.0171041	0.022172
DEASOIL	7	11	0	4.83811	0.036264	0.0822154
DEATH	5	84	7	61.066	0.0884685	0.120236
DEATHS	6	35	3	24.658	0.093933	0.132692
DEAVE	5	13	0	8.27048	0.0452874	0.0564882
DEAW	4	62	0	47.7214	0.0169416	0.017496
DEAWS	5	23	0	18.2533	0.0282907	0.0285883
DEB	3	157	25	124.222	0.162674	0.204699
DEBAR	5	44	2	30.8522	0.0577986	0.0785662
DEBARS	6	13	1	9.08971	0.0979944	0.138779
DEBASE	6	15	0	9.86625	0.032924	0.0431597
DEBE	4	20	1	15.3848	0.0860016	0.103491
DEBES	5	12	1	9.81463	0.112101	0.134018
DEBIT	5	25	4	18.2668	0.165957	0.226341
DEBS	4	52	6	40.184	0.12559	0.160075
DEBT	4	46	0	36.3832	0.0222793	0.0225558
DEBTS	5	17	0	14.0499	0.0365128	0.0360947
DEBUS	5	18	0	12.7589	0.0348259	0.039261
DEBUT	5	11	0	8.71303	0.0514722	0.0541456
DECAD	5	26	0	19.1395	0.0254277	0.0273874
DECADS	6	11	0	6.41499	0.0420824	0.0614724
DECAF	5	11	0	8.16556	0.0514722	0.0570736
DECAL	5	40	7	28.3718	0.177657	0.249843
DECALS	6	13	2	8.02357	0.159045	0.256607
DECAN	5	52	10	36.2112	0.193258	0.277125
DECANE	6	11	1	6.4248	0.111624	0.184191
DECANI	6	16	1	10.4688	0.0828249	0.123075
DECANS	6	28	7	16.3062	0.242357	0.416086
DECANT	6	27	9	15.7243	0.316167	0.544624
DECANTS	7	15	4	5.98483	0.245111	0.596472
DECARB	6	11	0	6.77493	0.0420824	0.0588675
DECARE	6	25	2	14.4974	0.0917952	0.154166
DECAY	5	13	1	10.013	0.105366	0.131797
DECK	4	11	5	7.30058	0.388471	0.581261
DECO	4	99	8	75.8623	0.0879853	0.11291
DECOR	5	40	3	28.6061	0.086008	0.117057
DECORS	6	19	2	10.7888	0.116405	0.199877
DECOS	5	43	3	32.1084	0.0804763	0.105023
DEDAL	5	26	0	18.8397	0.0254277	0.0277822
DEDANS	6	14	0	8.84144	0.0348184	0.0473481
DEE	3	322	177	258.671	0.54651	0.681412
DEED	4	40	13	29.522	0.31555	0.42926
DEEDS	5	29	7	19.7077	0.237521	0.349752
DEEM	4	68	10	53.1367	0.152939	0.194503
DEEMS	5	30	4	23.4083	0.141294	0.180465
DEEN	4	151	27	114.272	0.18058	0.238134
DEENS	5	78	16	55.5332	0.205204	0.288351
DEEP	4	50	10	37.6625	0.203189	0.268846
DEEPS	5	26	6	19.0694	0.227825	0.312812
DEER	4	204	79	152.284	0.383802	0.515028
DEERS	5	96	45	68.988	0.459169	0.642424
DEES	4	200	57	150.669	0.283868	0.377117
DEET	4	184	28	137.636	0.154311	0.205643
DEETS	5	102	16	72.589	0.158586	0.222379
DEEV	4	15	0	11.1436	0.0571901	0.0633177
DEF	3	150	17	115.319	0.118142	0.152242
DEFAST	6	12	0	8.37996	0.0393462	0.0495117
DEFAT	5	21	0	15.8673	0.0305865	0.0324147
DEFATS	6	12	0	7.43477	0.0393462	0.0546241
DEFER	5	16	0	13.0775	0.0383715	0.038429
DEFERS	6	10	0	7.59986	0.0452275	0.0536564
DEFI	4	53	6	39.8808	0.123416	0.161212
DEFIER	6	13	1	7.81518	0.0979944	0.15733
DEFIERS	7	12	1	5.0152	0.0986087	0.230956
DEFIES	6	14	1	8.36564	0.092356	0.148743
DEFIS	5	17	3	12.5287	0.181828	0.246962
DEFO	4	39	3	29.684	0.0943602	0.119493
DEFT	4	46	8	34.7371	0.179811	0.236538
DEFY	4	12	0	9.64425	0.0674127	0.0709328
DEG	3	178	24	137.297	0.138419	0.17839
DEGAS	5	38	0	25.5134	0.0181007	0.0210332
DEGS	4	65	8	45.548	0.130854	0.183671
DEGU	4	16	1	11.9234	0.102554	0.127783
DEHAIR	6	19	0	12.2538	0.0270395	0.0357849
DEHORN	6	11	0	7.39257	0.0420824	0.0548771
DEHORS	6	20	0	14.5626	0.0258829	0.0307106
DEHORT	6	32	0	21.1373	0.0171041	0.0218765
DEHORTS	7	11	0	5.08922	0.036264	0.0791337
DEI	3	632	52	489.521	0.0836421	0.107586
DEICE	5	28	0	19.9733	0.0238206	0.0263463
DEICER	6	19	0	12.3778	0.0270395	0.0354702
DEICES	6	12	0	7.48834	0.0393462	0.0543063
DEID	4	99	1	75.311	0.0205372	0.0241166
DEIDER	6	11	0	7.5099	0.0420824	0.0541794
DEIDS	5	43	1	29.7333	0.037599	0.0497863
DEIF	4	71	0	52.9679	0.0149296	0.0158507
DEIFER	6	13	0	7.26519	0.0369441	0.0556551
DEIGN	5	44	0	26.2793	0.0158212	0.0204627
DEIGNS	6	15	0	9.87521	0.032924	0.0431264
DEIL	4	211	13	154.678	0.0654889	0.0881542
DEILS	5	78	8	53.1132	0.107218	0.155757
DEISEAL	7	10	0	3.86025	0.0389586	0.096912
DEISM	5	53	0	38.5408	0.0133075	0.0142674
DEIST	5	159	5	109.174	0.0353765	0.0501909
DEISTS	6	24	0	14.0028	0.0221016	0.0318041
DEITIES	7	10	0	4.15809	0.0389586	0.0919079
DEITY	5	27	0	19.3779	0.0245979	0.0270814
DEKE	4	15	5	10.9621	0.309926	0.426866
DEL	3	495	165	376.019	0.333022	0.438425
DELAINE	7	11	0	3.57865	0.036264	0.102172
DELATE	6	52	23	35.0327	0.42624	0.639426
DELATED	7	11	3	5.16228	0.243759	0.521259
DELATES	7	27	10	14.3707	0.345533	0.658926
DELATOR	7	21	2	6.68766	0.103209	0.30492
DELAY	5	38	4	27.6295	0.114151	0.154718
DELAYS	6	13	1	7.4855	0.0979944	0.162966
DELE	4	114	30	85.0682	0.262085	0.351394
DELED	5	12	1	7.90837	0.112101	0.159909
DELES	5	63	17	46.3197	0.266395	0.364093
DELF	4	53	0	40.6043	0.0195803	0.0203634
DELFS	5	15	0	11.9813	0.0404295	0.0414509
DELFT	5	15	0	10.5742	0.0404295	0.0461046
DELFTS	6	10	0	7.36599	0.0452275	0.0550377
DELI	4	244	52	173.853	0.213565	0.29933
DELICT	6	11	0	7.80168	0.0420824	0.052519
DELIME	6	15	0	9.0435	0.032924	0.0464591
DELIS	5	123	29	84.6087	0.234939	0.341674
DELISH	6	20	0	14.0673	0.0258829	0.031674
DELIST	6	59	14	37.0845	0.234132	0.373678
DELL	4	87	31	63.0518	0.350078	0.484015
DELLS	5	25	9	18.5616	0.340509	0.466751
DELLY	5	11	1	6.8918	0.119756	0.178276
DELO	4	174	15	130.714	0.0902288	0.118951
DELOS	5	78	6	56.0122	0.0827218	0.113468
DELPH	5	16	0	12.3029	0.0383715	0.0405163
DELS	4	212	25	156.442	0.120542	0.162524
DELT	4	181	21	135.253	0.119125	0.158495
DELTA	5	83	9	58.0095	0.112572	0.159715
DELTAS	6	33	5	20.8234	0.154072	0.243985
DELTIC	6	16	0	9.37126	0.0312252	0.0450861
DELTS	5	81	16	58.2959	0.197931	0.27513
DEMAIN	6	30	3	17.6506	0.108003	0.180697
DEMAN	5	58	9	40.6968	0.158226	0.224539
DEMAND	6	10	1	5.13041	0.119966	0.218999
DEMANS	6	22	3	11.9561	0.142047	0.25594
DEMAST	6	28	3	16.4149	0.114887	0.19301
DEME	4	63	15	46.2668	0.237985	0.323578
DEMEAN	6	12	0	7.30173	0.0393462	0.0554297
DEMENT	6	15	3	9.22527	0.196145	0.319804
DEMERIT	7	10	0	2.59313	0.0389586	0.126128
DEMES	5	33	9	23.9804	0.266172	0.369243
DEMIC	5	20	0	13.8678	0.0318801	0.0365101
DEMIES	6	17	1	9.11656	0.0787609	0.138435
DEMISE	6	18	2	9.74251	0.12185	0.218123
DEMIST	6	27	4	14.0066	0.151585	0.286159
DEMIT	5	55	11	39.0177	0.200424	0.282549
DEMITS	6	35	10	19.5658	0.27632	0.493311
DEMO	4	96	12	72.2862	0.130293	0.171542
DEMOB	5	12	0	8.34004	0.0481822	0.0561066
DEMOI	5	24	0	16.7838	0.0272673	0.0308297
DEMON	5	31	1	20.9216	0.0506223	0.0689602
DEMONS	6	16	1	8.89891	0.0828249	0.141272
DEMOS	5	37	4	26.6554	0.11696	0.159985
DEMOTE	6	11	5	7.17418	0.389789	0.618453
DEMPT	5	10	0	6.41741	0.0552445	0.0689853
DEMUR	5	16	2	12.5719	0.14018	0.177407
DEN	3	655	265	503.953	0.403904	0.525136
DENAR	5	126	9	82.7168	0.0752348	0.113112
DENARI	6	50	6	32.1852	0.123738	0.191717
DENARS	6	42	5	26.1361	0.123516	0.197451
DENAY	5	23	0	14.9505	0.0282907	0.0341723
DENCH	5	25	0	18.5683	0.0263154	0.0281496
DENE	4	154	44	117.506	0.284232	0.373013
DENES	5	89	29	63.6877	0.32116	0.450564
DENET	5	92	3	65.1055	0.0392473	0.0533493
DENETS	6	41	0	26.7275	0.0136355	0.0175774
DENI	4	348	26	257.483	0.0769067	0.10328
DENIAL	6	35	3	20.619	0.093933	0.156684
DENIALS	7	11	1	4.0902	0.105429	0.268434
DENIED	6	17	1	11.314	0.0787609	0.115094
DENIER	6	54	3	33.4388	0.0628293	0.0995515
DENIERS	7	25	2	14.234	0.0887025	0.15969
DENIES	6	55	9	30.234	0.164528	0.297312
DENIM	5	51	5	36.7085	0.105295	0.144252
DENIMS	6	18	1	11.0322	0.075077	0.117638
DENIS	5	168	8	116.676	0.0509995	0.0723045
DENNET	6	18	2	13.5959	0.12185	0.163241
DENOTE	6	34	1	22.2349	0.0429413	0.0626211
DENOTES	7	19	0	6.84483	0.0233462	0.062702
DENS	4	305	100	227.596	0.326458	0.437831
DENSE	5	95	25	69.4675	0.261076	0.358102
DENSER	6	47	13	30.6183	0.270051	0.417475
DENSEST	7	10	2	4.25231	0.187567	0.43159
DENT	4	257	97	190.581	0.374857	0.506114
DENTAL	6	48	6	31.3117	0.128555	0.196787
DENTALS	7	18	4	8.37759	0.210843	0.453574
DENTARY	7	10	0	3.00124	0.0389586	0.114965
DENTED	6	21	4	12.9816	0.188891	0.306111
DENTEL	6	24	2	13.0732	0.0951478	0.169009
DENTELS	7	10	1	3.6688	0.113263	0.289862
DENTIL	6	31	1	17.1155	0.0466883	0.0796421
DENTIN	6	30	2	17.4855	0.0780451	0.130179
DENTINE	7	14	2	5.98455	0.144592	0.33315
DENTINS	7	13	1	4.70248	0.0926172	0.242397
DENTIST	7	18	0	6.81706	0.0244341	0.0629086
DENTS	5	137	56	97.9539	0.403526	0.566273
DENY	4	63	0	47.1632	0.0166917	0.0176914
DEP	3	203	49	158.622	0.242438	0.309984
DEPART	6	14	4	9.04724	0.264969	0.417975
DEPORT	6	12	6	7.80854	0.429465	0.682234
DEPOSE	6	12	4	6.84621	0.299425	0.525383
DEPOT	5	21	8	14.8047	0.355199	0.511701
DEPOTS	6	11	4	5.79528	0.320248	0.598862
DEPS	4	93	8	70.408	0.0933841	0.12132
DEPTH	5	13	0	10.4703	0.0452874	0.0464901
DERAIL	6	56	3	35.2609	0.0607131	0.0946464
DERAILS	7	17	1	7.71621	0.0745086	0.164068
DERAT	5	214	41	149.602	0.191844	0.274332
DERATE	6	73	19	48.8146	0.256679	0.385882
DERATES	7	30	6	12.4549	0.194999	0.464285
DERATION	8	16	4	5.92675	0.232514	0.601069
DERATS	6	102	20	65.6458	0.195532	0.304314
DERAY	5	44	0	32.5378	0.0158212	0.0167502
DERAYS	6	10	0	5.65212	0.0452275	0.0678345
DERBY	5	10	0	6.91037	0.0552445	0.0651509
DERE	4	273	92	201.977	0.335266	0.453538
DERED	5	33	3	20.6607	0.102438	0.158176
DERES	5	156	67	110.306	0.424404	0.601953
DERIDE	6	23	2	14.5349	0.0987547	0.15381
DERIDES	7	11	0	6.10797	0.036264	0.0686883
DERIG	5	58	2	39.6369	0.0446721	0.0619735
DERIGS	6	26	2	15.3722	0.0886708	0.146275
DERING	6	42	10	29.4164	0.233697	0.337237
DERIVE	6	11	1	5.66255	0.111624	0.203212
DERM	4	136	5	102.807	0.0435521	0.0557068
DERMA	5	61	1	43.702	0.0271298	0.0345555
DERMAL	6	21	0	15.1218	0.0248213	0.0296909
DERMAS	6	24	0	14.9258	0.0221016	0.0300404
DERMIC	6	11	0	6.90208	0.0420824	0.0579993
DERMIS	6	22	0	13.2315	0.0238433	0.0334447
DERMS	5	45	1	34.0215	0.0360532	0.0438526
DERN	4	269	44	195.693	0.164843	0.226099
DERNED	6	17	1	11.0228	0.0787609	0.117724
DERNIER	7	14	1	6.42635	0.0873121	0.190401
DERNIES	7	25	3	11.1041	0.123842	0.277655
DERNS	5	112	25	79.0848	0.222698	0.315606
DERO	4	366	26	267.377	0.0731732	0.0994978
DEROS	5	178	20	123.06	0.114255	0.164598
DERRIS	6	16	0	10.5266	0.0312252	0.0408322
DERRO	5	53	0	39.374	0.0133075	0.0139798
DERROS	6	22	0	14.9605	0.0238433	0.0299779
DERRY	5	15	0	9.57127	0.0404295	0.0501152
DERTH	5	89	1	61.3831	0.0189303	0.0249097
DERTHS	6	39	1	27.1442	0.037875	0.0519699
DERV	4	41	1	31.8171	0.0465543	0.0543975
DERVS	5	13	0	11.2555	0.0452874	0.0437277
DESALT	6	35	4	21.2056	0.119988	0.196296
DESALTS	7	11	0	4.30076	0.036264	0.0896896
DESAND	6	20	0	14.1578	0.0258829	0.0314936
DESERT	6	57	1	38.2078	0.026584	0.0375692
DESERTS	7	19	0	7.09723	0.0233462	0.0608845
DESHI	5	62	0	47.0334	0.011483	0.0117942
DESI	4	366	30	272.135	0.0839612	0.112324
DESIGN	6	24	0	14.682	0.0221016	0.0304869
DESINE	6	51	7	32.3068	0.139852	0.220421
DESINES	7	14	2	5.59132	0.144592	0.351341
DESIRE	6	61	7	38.2174	0.118129	0.187799
DESIRER	7	11	1	5.07977	0.105429	0.228726
DESIRES	7	17	3	6.50106	0.172269	0.435223
DESIS	5	58	3	41.6769	0.060894	0.0819934
DESIST	6	37	0	23.3922	0.0149862	0.0199121
DESK	4	34	1	23.5168	0.0549569	0.0715395
DESMAN	6	18	0	11.0571	0.0283042	0.0391368
DESPOT	6	18	0	11.1457	0.0283042	0.0388673
DESSE	5	40	1	31.7015	0.0401835	0.0468752
DESTAIN	7	28	2	14.5024	0.0802434	0.15703
DESTINE	7	27	1	14.9141	0.0500461	0.0926004
DETACH	6	18	0	12.9901	0.0283042	0.0339938
DETAIL	6	39	8	26.8189	0.203048	0.29785
DETAILS	7	17	5	8.15962	0.270029	0.566051
DETAIN	6	62	18	39.9877	0.28457	0.443574
DETAINS	7	21	4	8.93192	0.184981	0.429724
DETENT	6	16	5	10.8928	0.289224	0.436102
DETENU	6	15	0	9.65397	0.032924	0.0439653
DETER	5	126	25	88.7881	0.198649	0.281859
DETERS	6	59	15	42.2002	0.250163	0.352921
DETEST	6	37	0	26.3228	0.0149862	0.0178311
DETORT	6	21	0	14.7841	0.0248213	0.0302983
DETOUR	6	13	1	9.52354	0.0979944	0.133423
DETRAIN	7	23	5	9.70945	0.208794	0.48855
DETUNE	6	13	1	9.38311	0.0979944	0.135111
DEUS	4	97	0	73.6051	0.011116	0.0115707
DEV	3	86	10	68.6249	0.12437	0.153772
DEVA	4	41	3	30.73	0.0902382	0.115767
DEVAS	5	13	3	9.3154	0.225525	0.317351
DEVI	4	42	5	31.613	0.131059	0.170878
DEVIL	5	12	2	8.66671	0.176021	0.242611
DEVIS	5	11	0	7.4643	0.0514722	0.061321
DEVO	4	21	1	16.0986	0.0826661	0.099587
DEVS	4	23	1	18.3896	0.0767154	0.0888311
DEW	3	159	40	127.376	0.252662	0.315266
DEWAN	5	25	1	19.0047	0.0612258	0.0752657
DEWANS	6	10	0	5.83178	0.0452275	0.0662205
DEWAR	5	29	1	22.0363	0.0537237	0.0657565
DEWARS	6	10	0	5.35326	0.0452275	0.0707011
DEWS	4	71	23	55.8007	0.318426	0.407419
DEWY	4	14	0	11.0549	0.0602348	0.0637226
DEX	3	15	2	12.3344	0.167901	0.198147
DEY	3	156	9	118.325	0.0637364	0.0822116
DEYS	4	60	4	45.9684	0.0792088	0.100107
DHAL	4	69	0	54.4401	0.0153343	0.0154432
DHALS	5	25	0	19.5108	0.0263154	0.0269138
DHOLE	5	21	0	14.3663	0.0305865	0.0353952
DHOLS	5	19	0	14.5373	0.033288	0.0350283
DHOTIS	6	16	0	8.543	0.0312252	0.048725
DHOW	4	15	0	12.4862	0.0571901	0.0577649
DIACT	5	39	0	27.5723	0.0176762	0.0195667
DIACTS	6	13	0	6.98965	0.0369441	0.0574161
DIAL	4	155	40	114.928	0.25742	0.347211
DIALED	6	16	6	10.801	0.340824	0.51917
DIALER	6	41	14	28.4637	0.329093	0.480408
DIALERS	7	20	5	10.8388	0.235496	0.444231
DIALLER	7	10	0	6.46119	0.0389586	0.0656823
DIALOG	6	10	0	4.53932	0.0452275	0.0798962
DIALS	5	56	14	37.3347	0.247361	0.371
DIANE	5	96	0	61.9054	0.00756485	0.00904771
DIARIES	7	13	1	6.34758	0.0926172	0.192286
DIARISE	7	10	0	2.67955	0.0389586	0.123587
DIARY	5	20	1	13.1938	0.0741728	0.10413
DIASTER	7	24	1	9.33918	0.0555139	0.139748
DIATOM	6	13	0	6.93241	0.0369441	0.0577959
DIATRON	7	12	0	3.16564	0.0339181	0.111008
DIB	3	110	12	85.657	0.115737	0.146745
DIBS	4	41	4	30.5608	0.11208	0.146309
DICAST	6	15	0	8.81097	0.032924	0.0474851
DICE	4	84	34	64.4673	0.395698	0.518417
DICED	5	12	4	9.08337	0.303859	0.414583
DICER	5	47	18	31.737	0.370301	0.551343
DICERS	6	21	10	14.834	0.434995	0.634325
DICES	5	42	20	32.7465	0.454681	0.592933
DICH	4	52	12	40.2611	0.231254	0.299052
DICHT	5	24	0	15.9207	0.0272673	0.032318
DICHTS	6	10	0	3.61776	0.0452275	0.0936928
DICK	4	12	8	8.93978	0.544072	0.755304
DICOT	5	28	5	20.0327	0.181825	0.253637
DICOTS	6	15	3	7.50456	0.196145	0.379465
DICT	4	61	5	48.0668	0.0932061	0.115629
DICTA	5	34	2	23.7907	0.0731522	0.100112
DICTS	5	24	0	16.5178	0.0272673	0.0312735
DID	3	79	22	62.9112	0.2793	0.35082
DIDIE	5	12	0	7.6415	0.0481822	0.0601891
DIDO	4	38	0	28.9395	0.0264453	0.0278419
DIDOS	5	19	0	12.6943	0.033288	0.0394339
DIDST	5	17	0	11.7361	0.0365128	0.0421932
DIE	3	574	279	446.357	0.484717	0.623723
DIEB	4	58	0	43.9381	0.018021	0.0189116
DIEBS	5	22	0	15.0049	0.0293938	0.0340628
DIED	4	99	15	75.311	0.155433	0.203296
DIEDRE	6	11	0	8.59923	0.0420824	0.0484595
DIEL	4	183	57	134.351	0.309566	0.421979
DIELS	5	78	16	54.9353	0.205204	0.291381
DIENE	5	58	1	40.3671	0.0284501	0.0372781
DIENES	6	31	1	18.534	0.0466883	0.0740641
DIES	4	332	151	247.478	0.451719	0.606808
DIESEL	6	24	0	16.6271	0.0221016	0.0272547
DIESIS	6	11	0	6.09157	0.0420824	0.0640179
DIESTER	7	21	0	10.068	0.0214371	0.0453961
DIET	4	291	101	216.775	0.345291	0.463958
DIETED	6	23	5	13.637	0.212477	0.358167
DIETER	6	42	11	28.6482	0.255733	0.378699
DIETERS	7	21	4	9.60691	0.184981	0.403865
DIETINE	7	13	0	4.74358	0.0318572	0.0834387
DIETIST	7	11	0	4.53706	0.036264	0.0862419
DIETS	5	152	49	104.661	0.319663	0.464998
DIF	3	101	19	80.2116	0.19227	0.241099
DIFF	4	13	7	10.4035	0.457245	0.596111
DIFS	4	29	1	22.7715	0.0630906	0.0736226
DIG	3	127	28	97.2549	0.222794	0.290154
DIGHT	5	10	2	7.75636	0.201821	0.265345
DIGIT	5	10	0	6.32186	0.0552445	0.0697814
DIGS	4	51	13	37.36	0.253326	0.345529
DIKA	4	18	0	13.6231	0.0496597	0.0537716
DIKAS	5	12	0	8.37976	0.0481822	0.0558911
DIKE	4	21	9	15.5487	0.392942	0.538025
DIKER	5	14	6	11.0037	0.382766	0.507458
DILATE	6	41	9	22.9458	0.21643	0.385165
DILATER	7	20	5	9.00019	0.235496	0.521207
DILATES	7	17	3	7.68323	0.172269	0.379859
DILATOR	7	12	0	3.52753	0.0339181	0.103188
DILDO	5	13	0	8.51923	0.0452874	0.0551471
DILL	4	51	27	37.4216	0.504297	0.692874
DILLI	5	14	3	8.56564	0.212743	0.339959
DILLS	5	18	8	12.8921	0.404431	0.577603
DIM	3	168	56	130.193	0.33243	0.429199
DIME	4	98	38	71.7573	0.380717	0.521377
DIMER	5	55	18	38.382	0.319787	0.460524
DIMERS	6	23	12	16.6895	0.477831	0.679036
DIMES	5	53	21	39.8665	0.384039	0.515906
DIMP	4	14	2	9.53142	0.166711	0.233469
DIMS	4	67	12	49.5986	0.182931	0.245784
DIN	3	488	302	383.841	0.616173	0.784206
DINAR	5	97	7	61.0019	0.0770413	0.120358
DINARS	6	38	3	24.2896	0.0871229	0.134571
DINE	4	281	161	209.66	0.567323	0.761871
DINED	5	54	22	38.5789	0.394725	0.556961
DINER	5	154	84	105.39	0.537625	0.787881
DINERO	6	72	6	44.6739	0.0876247	0.140108
DINEROS	7	35	3	13.6898	0.0916401	0.230731
DINERS	6	73	48	51.9893	0.63636	0.903026
DINES	5	147	81	106.163	0.542693	0.754501
DING	4	120	68	84.6466	0.554011	0.787525
DINGE	5	46	24	31.2378	0.498619	0.740377
DINGED	6	11	6	9.72934	0.45933	0.56777
DINGER	6	22	14	17.3961	0.57546	0.758565
DINGERS	7	16	12	12.9927	0.643652	0.858067
DINGES	6	26	16	19.6589	0.565186	0.771826
DINGLE	6	19	9	11.9249	0.429185	0.696283
DINGLES	7	10	5	7.25806	0.410479	0.623598
DINGO	5	27	4	16.1796	0.155126	0.252386
DINGOS	6	11	3	7.27431	0.250706	0.38918
DINGS	5	46	27	28.9081	0.559048	0.893449
DINGY	5	12	2	6.85769	0.176021	0.292392
DINICS	6	11	0	5.32131	0.0420824	0.0710219
DINK	4	25	9	18.6246	0.340169	0.460863
DINNA	5	33	0	20.3021	0.0205704	0.0259571
DINNAE	6	14	0	9.07109	0.0348184	0.0463403
DINNER	6	23	15	16.1533	0.591553	0.867264
DINNERS	7	12	7	7.97571	0.486752	0.785554
DINO	4	202	11	150.611	0.0586673	0.0774557
DINOS	5	96	9	63.9773	0.0978857	0.14526
DINS	4	210	66	157.883	0.312554	0.416191
DINT	4	200	58	150.658	0.288751	0.38366
DINTED	6	21	2	12.7645	0.106856	0.172612
DINTS	5	91	29	62.607	0.314374	0.458105
DIODE	5	27	3	18.9723	0.122494	0.170935
DIODES	6	14	0	7.96707	0.0348184	0.0516222
DIOL	4	106	8	80.4201	0.0824258	0.106728
DIOLS	5	40	3	26.0759	0.086008	0.127622
DIOTA	5	70	0	46.0903	0.0102356	0.0120257
DIOTAS	6	29	0	16.4795	0.0186888	0.0274757
DIP	3	114	27	90.5194	0.238855	0.30042
DIPNET	6	14	0	8.49197	0.0348184	0.0489685
DIPS	4	48	10	36.5803	0.210888	0.27623
DIPT	4	40	0	30.8386	0.0252642	0.0262711
DIPTERA	7	12	0	3.88369	0.0339181	0.0964986
DIRAM	5	37	0	23.4972	0.018546	0.022699
DIRAMS	6	13	0	6.3213	0.0369441	0.0621888
DIRE	4	296	127	215.409	0.425992	0.586001
DIRECT	6	21	1	12.0119	0.0658386	0.109244
DIRECTS	7	12	1	4.58461	0.0986087	0.247009
DIRELY	6	11	0	7.28458	0.0420824	0.0555353
DIRER	5	51	6	34.8972	0.123595	0.178475
DIREST	6	76	24	48.0891	0.309967	0.491888
DIRGE	5	11	0	7.68939	0.0514722	0.0598904
DIRK	4	26	4	20.2223	0.166694	0.211946
DIRKE	5	14	2	10.228	0.156069	0.21153
DIRL	4	84	0	59.4942	0.0127436	0.0141907
DIRLED	6	12	0	6.77903	0.0393462	0.0588391
DIRLS	5	31	0	20.0509	0.0217579	0.0262533
DIRT	4	189	22	140.185	0.119367	0.160021
DIRTED	6	16	1	11.4537	0.0828249	0.113873
DIRTS	5	100	9	66.9464	0.094108	0.139
DIRTY	5	13	0	9.41989	0.0452874	0.050782
DIS	3	480	124	371.156	0.258643	0.33439
DISA	4	209	4	154.251	0.0240029	0.0310957
DISARM	6	14	0	7.47003	0.0348184	0.0544145
DISAS	5	34	0	22.0397	0.020024	0.0240777
DISC	4	67	1	53.5172	0.0296923	0.0334455
DISCAL	6	11	0	6.88855	0.0420824	0.0580904
DISCI	5	17	0	12.2437	0.0365128	0.0406851
DISCO	5	29	0	21.9203	0.0230909	0.024198
DISCOS	6	10	0	6.84543	0.0452275	0.0583829
DISEASE	7	13	0	5.69277	0.0318572	0.0725936
DISH	4	106	22	82.8163	0.208798	0.267218
DISHED	6	13	2	9.10166	0.159045	0.231041
DISHES	6	19	6	11.224	0.295137	0.502203
DISK	4	15	2	9.88446	0.158285	0.226982
DISMAL	6	11	0	5.41961	0.0420824	0.0700439
DISME	5	29	0	22.0158	0.0230909	0.0241017
DISNEST	7	20	1	6.98061	0.06498	0.178116
DISOWN	6	12	0	7.83377	0.0393462	0.0523426
DISS	4	66	12	49.9263	0.185515	0.244257
DISSED	6	12	4	9.0395	0.299425	0.418275
DISSENT	7	15	2	4.01085	0.136758	0.450131
DISTAL	6	32	1	15.5097	0.0453687	0.087065
DISTANT	7	11	0	3.6318	0.036264	0.101136
DISTEND	7	10	0	5.13803	0.0389586	0.0785613
DISTENT	7	16	0	4.75464	0.0269456	0.0832937
DISTIL	6	10	0	5.47485	0.0452275	0.0695061
DIT	3	457	234	358.183	0.510119	0.651442
DITA	4	226	4	163.674	0.0222348	0.0293358
DITAL	5	71	1	47.5663	0.0234953	0.0318592
DITALS	6	32	1	18.0852	0.0453687	0.0757425
DITAS	5	107	3	71.5225	0.0339266	0.0486904
DITCH	5	19	5	13.2479	0.25409	0.366804
DITE	4	256	132	191.901	0.510506	0.682423
DITED	5	66	18	46.7765	0.269278	0.381199
DITES	5	145	77	107.199	0.523085	0.710698
DITHER	6	30	12	20.1491	0.377626	0.571609
DITHERS	7	14	7	8.60578	0.43099	0.737105
DITONE	6	47	0	26.1641	0.0120116	0.0179326
DITONES	7	29	0	10.4239	0.0161535	0.0440537
DITS	4	243	70	181.582	0.287071	0.384394
DITSIER	7	10	0	3.71456	0.0389586	0.0995637
DITSY	5	17	1	12.9865	0.0849513	0.105575
DITT	4	76	31	58.2945	0.397747	0.52169
DITTED	6	13	4	9.76043	0.281145	0.392007
DITTO	5	29	2	19.954	0.0843565	0.117641
DITTOS	6	12	1	7.02374	0.104366	0.171573
DITTS	5	39	10	26.5008	0.252172	0.37168
DIV	3	71	20	55.356	0.282422	0.362074
DIVA	4	33	5	24.0502	0.162278	0.218968
DIVAN	5	11	0	7.05481	0.0514722	0.0641069
DIVE	4	34	15	24.9829	0.415935	0.571262
DIVER	5	22	11	13.9535	0.458332	0.727609
DIVERT	6	11	5	6.84623	0.389789	0.642133
DIVES	5	10	5	6.52356	0.421686	0.657593
DIVNA	5	10	0	6.47531	0.0552445	0.0685117
DIVO	4	19	0	14.1174	0.0475717	0.0522028
DIVS	4	18	0	13.7562	0.0496597	0.0533398
DIWAN	5	15	0	11.2013	0.0404295	0.0439079
DIYAS	5	12	0	8.93463	0.0481822	0.0530441
DOAB	4	32	0	23.0573	0.0307589	0.03417
DOABS	5	13	0	8.24614	0.0452874	0.0566229
DOAT	4	133	36	97.5517	0.269491	0.367467
DOATED	6	11	0	7.44482	0.0420824	0.0545642
DOATER	6	44	17	29.5484	0.371574	0.559688
DOATERS	7	24	10	13.3234	0.383285	0.705139
DOATS	5	67	19	46.5107	0.279622	0.403922
DOB	3	82	14	63.5708	0.176622	0.226135
DOBE	4	33	7	26.1983	0.215211	0.271675
DOBES	5	14	5	10.8152	0.326091	0.43666
DOBIE	5	13	0	9.54166	0.0452874	0.0502443
DOBIES	6	10	0	6.88826	0.0452275	0.0580924
DOBLA	5	14	0	10.4569	0.0427208	0.0465404
DOBRA	5	18	0	14.1502	0.0348259	0.03587
DOBS	4	22	3	16.9532	0.154253	0.196416
DOBY	4	12	0	8.73547	0.0674127	0.0765099
DOC	3	168	51	129.896	0.303373	0.392381
DOCENT	6	15	0	7.27564	0.032924	0.0555905
DOCHT	5	16	0	11.8286	0.0383715	0.0419102
DOCILE	6	13	1	4.97347	0.0979944	0.224135
DOCK	4	12	9	8.62879	0.603654	0.86314
DOCO	4	33	3	25.6832	0.109345	0.136263
DOCOS	5	16	2	11.6462	0.14018	0.189479
DOCS	4	71	9	55.6154	0.133689	0.169142
DOCU	4	26	0	20.9709	0.0367541	0.0371663
DOCUS	5	11	0	8.14438	0.0514722	0.0571932
DOD	3	74	32	60.7303	0.42527	0.521217
DODO	4	20	0	16.2586	0.0456522	0.0463448
DODOS	5	11	0	9.09619	0.0514722	0.0522689
DODS	4	54	11	43.5512	0.206375	0.256271
DOE	3	373	80	288.801	0.215349	0.277869
DOEK	4	17	0	12.8608	0.0519394	0.0563852
DOEN	4	167	1	126.821	0.0124076	0.0145346
DOER	4	224	38	168.102	0.171041	0.227493
DOERS	5	101	17	75.6393	0.169658	0.226524
DOES	4	190	38	147.525	0.200897	0.25863
DOEST	5	89	0	68.0471	0.00813643	0.00825394
DOETH	5	34	0	26.0637	0.020024	0.0206201
DOF	3	79	9	59.5478	0.122813	0.160156
DOG	3	101	18	77.608	0.182753	0.236449
DOGAN	5	14	0	8.90684	0.0427208	0.0531798
DOGE	4	41	5	31.6518	0.133922	0.170686
DOGES	5	22	4	16.7536	0.185371	0.244643
DOGIE	5	11	0	7.33432	0.0514722	0.0621787
DOGS	4	38	5	27.7053	0.143313	0.192751
DOGY	4	12	0	8.92374	0.0674127	0.0752837
DOH	3	206	6	160.927	0.0342857	0.0424109
DOHS	4	88	5	70.831	0.0660831	0.0798916
DOILED	6	12	0	8.95814	0.0393462	0.0468305
DOILT	5	29	0	19.1154	0.0230909	0.0274188
DOILY	5	13	2	10.1341	0.165446	0.213172
DOING	5	32	4	19.859	0.133366	0.209822
DOINGS	6	15	1	10.0267	0.0873312	0.127708
DOIT	4	129	4	96.494	0.0383562	0.0491792
DOITED	6	14	1	9.7756	0.092356	0.130498
DOITS	5	70	2	47.1103	0.037393	0.0525347
DOL	3	231	109	178.817	0.468799	0.606459
DOLCE	5	15	0	9.56774	0.0404295	0.0501306
DOLCI	5	19	0	11.6954	0.033288	0.0423188
DOLE	4	135	58	99.4159	0.423021	0.57595
DOLED	5	26	5	17.6721	0.194092	0.284137
DOLES	5	71	35	50.0483	0.478986	0.684098
DOLINA	6	21	0	8.89312	0.0248213	0.0471175
DOLINE	6	20	0	8.82135	0.0258829	0.0474383
DOLINES	7	13	0	4.15963	0.0318572	0.0918834
DOLING	6	11	3	6.24642	0.250706	0.439401
DOLL	4	38	22	27.3902	0.540662	0.757433
DOLLS	5	13	5	10.2377	0.345683	0.457338
DOLMA	5	14	0	8.96187	0.0427208	0.0529118
DOLOR	5	14	0	9.7886	0.0427208	0.0491881
DOLOS	5	23	2	14.9542	0.103352	0.152418
DOLS	4	91	25	69.3187	0.272818	0.358799
DOLT	4	81	24	61.4501	0.292963	0.387167
DOLTS	5	31	11	21.4595	0.339266	0.494396
DOM	3	146	47	112.068	0.321192	0.418539
DOMAIN	6	17	0	8.48097	0.029693	0.0490213
DOMAL	5	19	2	12.9135	0.121609	0.173333
DOME	4	70	25	52.0217	0.349428	0.471959
DOMES	5	34	14	25.1617	0.391922	0.537524
DOMIER	6	19	1	12.4653	0.0717223	0.105752
DOMIEST	7	12	3	4.70424	0.22799	0.559072
DOMINE	6	19	0	11.4397	0.0270395	0.037999
DOMINES	7	11	0	3.35935	0.036264	0.10668
DOMINO	6	10	0	5.03865	0.0452275	0.0739926
DOMS	4	64	18	49.158	0.27814	0.363294
DOMY	4	12	0	9.19818	0.0674127	0.0735649
DON	3	342	188	267.665	0.546711	0.699447
DONA	4	145	12	109.139	0.0876693	0.115078
DONAHS	6	19	0	11.3038	0.0270395	0.0383954
DONAS	5	67	4	46.6743	0.0672916	0.0941302
DONATE	6	34	1	20.4281	0.0429413	0.0677297
DONATES	7	14	1	4.71045	0.0873121	0.242091
DONDER	6	26	1	19.3811	0.0546339	0.0710904
DONE	4	201	114	152.076	0.559478	0.741674
DONEE	5	36	2	25.5706	0.0694619	0.0936396
DONEES	6	21	1	11.8613	0.0658386	0.110455
DONER	5	112	66	78.935	0.577232	0.82303
DONERS	6	46	29	32.7755	0.599538	0.85521
DONG	4	51	19	36.5851	0.360885	0.504577
DONGA	5	19	1	12.4362	0.0774483	0.10961
DONGS	5	16	4	10.4739	0.241988	0.368213
DONNA	5	19	0	13.2399	0.033288	0.0380183
DONNE	5	26	9	18.268	0.329023	0.473525
DONNES	6	14	6	8.81465	0.380044	0.617072
DONOR	5	36	6	25.64	0.170358	0.238339
DONORS	6	10	3	5.67659	0.269444	0.473257
DONS	4	177	57	133.775	0.319784	0.423757
DONSIE	6	39	0	20.003	0.014279	0.0230189
DONSY	5	16	0	11.362	0.0383715	0.0433782
DONUT	5	20	3	13.9079	0.158758	0.225495
DONUTS	6	10	2	6.16657	0.194705	0.317037
DOO	3	149	102	118.18	0.6742	0.853286
DOOB	4	20	1	15.5482	0.0860016	0.102571
DOOCE	5	13	0	9.3695	0.0452874	0.0510079
DOOL	4	50	19	38.552	0.367472	0.48059
DOOLAN	6	11	0	5.49592	0.0420824	0.0693031
DOOLE	5	23	8	15.9732	0.328538	0.478358
DOOLES	6	12	3	6.41759	0.234405	0.430158
DOOLIE	6	10	4	5.13528	0.344183	0.656526
DOOLS	5	25	10	19.3821	0.37542	0.495665
DOOM	4	33	7	26.4042	0.215211	0.269762
DOOMS	5	16	4	11.8843	0.241988	0.330699
DOON	4	72	32	55.9163	0.431491	0.559837
DOONA	5	32	0	22.7788	0.0211475	0.0233582
DOONAS	6	16	0	7.48487	0.0312252	0.0543267
DOOR	4	74	29	59.4906	0.382459	0.479581
DOORN	5	25	1	17.5871	0.0612258	0.0807248
DOORNS	6	11	1	7.68184	0.111624	0.159562
DOORS	5	30	15	23.2041	0.46824	0.619082
DOOS	4	67	19	53.376	0.280446	0.353821
DOP	3	108	37	82.4287	0.340869	0.446877
DOPA	4	36	1	26.3225	0.0522618	0.0646528
DOPAS	5	17	0	12.1402	0.0365128	0.0409837
DOPE	4	60	24	45.7187	0.387929	0.51264
DOPER	5	31	13	24.7865	0.396995	0.507674
DOPERS	6	16	8	12.1029	0.444023	0.614968
DOPES	5	27	12	23.117	0.416182	0.501596
DOPEST	6	14	2	9.33082	0.149894	0.226249
DOPIER	6	12	2	7.92232	0.169386	0.259302
DOPS	4	37	8	28.0201	0.218541	0.28805
DOR	3	367	204	281.043	0.552996	0.72288
DORAD	5	28	0	20.085	0.0238206	0.0262128
DORADS	6	11	0	5.33078	0.0420824	0.0709266
DORB	4	41	0	30.8293	0.0247124	0.0262784
DORBA	5	23	0	15.241	0.0282907	0.033595
DORBAS	6	14	0	8.96011	0.0348184	0.0468219
DORBS	5	14	0	8.79096	0.0427208	0.0537531
DORE	4	268	129	199.312	0.47705	0.642562
DOREE	5	52	1	35.727	0.0315178	0.041868
DOREES	6	28	1	15.0409	0.0511518	0.0895004
DORES	5	141	82	104.122	0.572118	0.778445
DORIC	5	21	0	13.6034	0.0305865	0.0371303
DORIES	6	51	6	29.4315	0.121463	0.208665
DORIS	5	77	0	50.086	0.00934713	0.0111025
DORISE	6	48	0	27.2905	0.0117778	0.0172363
DORK	4	19	8	15.0187	0.383939	0.497958
DORM	4	57	7	42.8763	0.131612	0.172527
DORMER	6	10	2	5.957	0.194705	0.325693
DORMIE	6	10	1	6.83934	0.119966	0.17527
DORMS	5	19	3	13.6846	0.165769	0.228714
DORP	4	55	5	41.5198	0.10256	0.132701
DORPER	6	14	0	8.34242	0.0348184	0.0496964
DORPS	5	15	3	12.1099	0.201333	0.254314
DORR	4	53	18	41.8705	0.331088	0.422532
DORRS	5	29	7	22.7014	0.237521	0.307291
DORS	4	157	73	118.795	0.458214	0.607513
DORSA	5	74	11	50.6246	0.151379	0.220181
DORSAD	6	15	0	9.55986	0.032924	0.0443322
DORSAL	6	25	8	14.6362	0.303212	0.519714
DORSE	5	102	52	77.0843	0.499351	0.665181
DORSEL	6	27	7	16.2942	0.250334	0.416361
DORSER	6	20	1	14.5481	0.0686547	0.0922116
DORSES	6	16	8	10.2017	0.444023	0.713047
DORT	4	166	57	126.44	0.340381	0.447803
DORTED	6	24	6	16.5137	0.24124	0.356503
DORTER	6	35	15	23.0277	0.406596	0.626346
DORTERS	7	11	6	6.79649	0.451253	0.776793
DORTS	5	89	31	63.7964	0.342748	0.480234
DORTY	5	12	0	8.82754	0.0481822	0.0535708
DORY	4	27	2	20.9575	0.0985235	0.121291
DOS	3	376	166	295.253	0.439921	0.56073
DOSA	4	142	5	108.403	0.0417719	0.0529043
DOSAGE	6	15	0	8.818	0.032924	0.0474534
DOSAS	5	18	0	12.6262	0.0348259	0.0396181
DOSE	4	214	106	166.443	0.489669	0.63146
DOSED	5	45	18	34.4636	0.385526	0.510069
DOSEH	5	52	0	41.0653	0.0135466	0.0134303
DOSER	5	127	67	94.5105	0.518611	0.700513
DOSERS	6	31	19	22.5504	0.570249	0.803481
DOSES	5	54	25	40.9958	0.446768	0.595464
DOSH	4	86	15	68.1023	0.177691	0.223959
DOSHA	5	29	1	22.3585	0.0537237	0.0648854
DOSING	6	12	5	8.70641	0.364445	0.527559
DOSS	4	54	17	39.7537	0.308444	0.420052
DOSSER	6	22	10	13.9716	0.417855	0.669191
DOST	4	152	48	115.509	0.313371	0.413112
DOT	3	300	176	235.888	0.582761	0.742355
DOTAGE	6	10	0	6.86653	0.0452275	0.0582395
DOTAL	5	29	3	19.1142	0.114989	0.169784
DOTANT	6	10	0	7.34113	0.0452275	0.0551887
DOTARD	6	14	0	6.88875	0.0348184	0.0580891
DOTE	4	172	109	129.439	0.622973	0.830806
DOTED	5	35	24	27.2445	0.640548	0.841617
DOTER	5	115	74	81.2273	0.630064	0.896519
DOTERS	6	51	33	39.0645	0.617969	0.821412
DOTES	5	95	58	74.6215	0.59561	0.764922
DOTH	4	73	13	54.3734	0.181676	0.242749
DOTIER	6	34	3	21.2022	0.0964459	0.152698
DOTIEST	7	10	1	4.83073	0.113263	0.23757
DOTING	6	12	6	7.77048	0.429465	0.684971
DOTISH	6	17	0	11.4015	0.029693	0.0381095
DOTS	4	155	57	116.474	0.363814	0.485211
DOTTER	6	16	12	11.1859	0.650422	0.968622
DOTY	4	23	1	18.3091	0.0767154	0.0891697
DOUAR	5	13	0	9.30518	0.0452874	0.0512991
DOUC	4	20	4	16.1263	0.20705	0.257761
DOUCE	5	13	1	10.0675	0.105366	0.1312
DOULA	5	17	0	12.6011	0.0365128	0.0396865
DOUM	4	18	1	13.4859	0.0935511	0.115541
DOUMA	5	10	0	7.53702	0.0552445	0.0608514
DOUN	4	59	7	45.5854	0.127485	0.162872
DOUP	4	14	4	11.0449	0.273188	0.352209
DOUR	4	40	18	30.9404	0.427198	0.559317
DOURA	5	17	0	11.8176	0.0365128	0.0419434
DOUSE	5	31	9	24.57	0.281538	0.361038
DOUSER	6	18	4	12.9331	0.215395	0.307124
DOUT	4	49	22	38.1145	0.430084	0.55901
DOUTER	6	17	12	12.4605	0.618507	0.881553
DOUTS	5	22	10	16.5474	0.419337	0.571589
DOVE	4	13	7	10.2659	0.457245	0.602379
DOW	3	78	25	61.2999	0.319255	0.406749
DOWAR	5	11	0	8.14725	0.0514722	0.057177
DOWEL	5	12	5	8.97274	0.367778	0.510259
DOWER	5	19	5	14.0038	0.25409	0.349434
DOWERS	6	10	3	8.3181	0.269444	0.348708
DOWIE	5	11	0	8.23188	0.0514722	0.0567022
DOWL	4	23	4	16.5137	0.184693	0.252596
DOWLE	5	16	3	11.393	0.191084	0.267969
DOWLS	5	11	2	8.21537	0.18804	0.253374
DOWN	4	28	7	22.8403	0.248034	0.307225
DOWNA	5	11	0	8.408	0.0514722	0.0557388
DOWNS	5	13	4	10.7093	0.285604	0.361371
DOWS	4	27	7	20.8735	0.255838	0.332724
DOWSE	5	16	3	12.1683	0.191084	0.253264
DOWSER	6	11	3	7.5377	0.250706	0.378106
DOWT	4	25	2	19.5842	0.105139	0.128724
DOY	3	83	11	63.1943	0.14014	0.181728
DOYEN	5	14	0	10.2305	0.0427208	0.047405
DOYS	4	29	3	22.5195	0.122291	0.153274
DRAB	4	56	4	42.3345	0.0844213	0.108162
DRABS	5	18	0	12.5202	0.0348259	0.0399081
DRAC	4	102	7	77.7126	0.0761487	0.0978989
DRACO	5	46	0	31.1163	0.0151838	0.0174701
DRAD	4	61	5	45.8719	0.0932061	0.120841
DRAFT	5	19	2	13.532	0.121609	0.166412
DRAG	4	67	5	48.6258	0.0854155	0.114373
DRAGS	5	30	2	20.3424	0.0818493	0.115592
DRAIL	5	57	0	37.3807	0.0124297	0.0146882
DRAILS	6	22	0	13.2928	0.0238433	0.0333083
DRAIN	5	97	13	62.1874	0.136657	0.211671
DRAINED	7	10	2	4.57321	0.187567	0.409192
DRAINER	7	12	1	7.77023	0.0986087	0.163123
DRAINS	6	42	6	22.7139	0.145552	0.266036
DRAKE	5	10	3	7.4789	0.27511	0.379106
DRAM	4	76	6	57.0294	0.0882782	0.115022
DRAMA	5	13	1	8.22542	0.105366	0.154931
DRAMS	5	35	3	25.0097	0.0971361	0.132668
DRANT	5	71	5	46.2376	0.0770824	0.115732
DRANTS	6	36	3	20.5007	0.0915477	0.157519
DRAP	4	69	10	51.4648	0.150866	0.200494
DRAPE	5	29	4	20.826	0.145622	0.200917
DRAPES	6	14	2	9.16854	0.149894	0.229622
DRAPET	6	15	0	10.1805	0.032924	0.0420201
DRAPS	5	23	3	15.4043	0.140883	0.206062
DRASTIC	7	10	0	4.61182	0.0389586	0.0852056
DRAT	4	221	28	160.918	0.129024	0.176403
DRATS	5	104	12	70.4581	0.11848	0.173687
DRAUNT	6	15	0	8.45138	0.032924	0.049164
DRAVE	5	13	2	8.77412	0.165446	0.240183
DRAW	4	49	2	35.853	0.0582227	0.074577
DRAWL	5	15	1	10.1567	0.0940639	0.130234
DRAWS	5	25	3	17.8389	0.131047	0.18072
DRAY	4	47	2	35.1414	0.0604714	0.0759747
DRAYS	5	19	1	13.9351	0.0774483	0.0992732
DREAD	5	52	1	34.8183	0.0315178	0.0429025
DREADS	6	15	0	11.3021	0.032924	0.0384005
DREAM	5	58	2	39.8225	0.0446721	0.0616982
DREAMS	6	21	1	14.4455	0.0658386	0.0927967
DREAMT	6	18	0	12.5108	0.0283042	0.0351387
DREAR	5	72	0	49.5747	0.00996496	0.0112126
DREARE	6	31	0	20.7708	0.0176016	0.0222331
DREARES	7	14	0	5.20045	0.0300325	0.0778413
DREARS	6	31	0	19.6755	0.0176016	0.0233713
DREARY	6	10	0	6.67037	0.0452275	0.0596012
DREE	4	142	8	104.553	0.0622101	0.0827402
DREED	5	35	1	24.539	0.0453826	0.0595458
DREER	5	50	2	33.7205	0.051334	0.0722503
DREES	5	93	5	65.2012	0.0595355	0.083053
DREEST	6	59	0	37.9426	0.0097009	0.0126071
DREG	4	87	0	62.9989	0.0123271	0.0134351
DREGS	5	30	0	21.2483	0.0224046	0.0248987
DREIDL	6	12	0	7.94111	0.0393462	0.0517609
DREIGH	6	11	0	6.2386	0.0420824	0.0628351
DREKS	5	15	0	11.3816	0.0404295	0.0433144
DRENCH	6	12	0	7.87786	0.0393462	0.0521021
DRENT	5	113	2	76.5617	0.0236084	0.03283
DRERE	5	55	0	37.972	0.0128536	0.0144707
DRESS	5	59	0	42.685	0.0120329	0.012943
DREST	5	168	3	119.176	0.0218696	0.029536
DREW	4	71	2	52.9667	0.0413206	0.0517001
DREY	4	70	1	51.7259	0.0285012	0.0345439
DREYS	5	26	0	19.2041	0.0254277	0.0273039
DRIB	4	46	3	35.5316	0.0813536	0.101274
DRIBS	5	14	3	9.88476	0.212743	0.302095
DRICE	5	34	1	21.76	0.0465881	0.0665226
DRICES	6	20	1	11.4148	0.0686547	0.11421
DRIED	5	42	5	28.4809	0.126056	0.183243
DRIER	5	57	7	37.5169	0.127856	0.191963
DRIERS	6	24	3	14.4247	0.131671	0.216804
DRIES	5	120	15	83.2848	0.127412	0.182745
DRIEST	6	55	2	30.7263	0.0446239	0.0770532
DRIFT	5	13	0	9.45176	0.0452874	0.0506401
DRILL	5	16	1	9.64106	0.0892757	0.136023
DRINK	5	11	2	8.09487	0.18804	0.256411
DRIP	4	48	4	34.4392	0.0972164	0.131081
DRIPS	5	17	3	10.15	0.181828	0.295477
DRIPT	5	17	0	11.4831	0.0365128	0.0429873
DRIVE	5	15	1	9.92346	0.0940639	0.13279
DROID	5	20	0	14.1892	0.0318801	0.0357833
DROIL	5	30	0	20.1669	0.0224046	0.0261157
DROILS	6	10	0	6.1623	0.0452275	0.0634434
DROIT	5	62	0	41.478	0.011483	0.0133027
DROITS	6	31	0	14.7385	0.0176016	0.0303824
DROLE	5	58	1	41.0725	0.0284501	0.036667
DROLER	6	18	0	10.8914	0.0283042	0.0396512
DROLES	6	35	1	19.6744	0.0418224	0.070116
DROLEST	7	14	0	4.29362	0.0300325	0.0897981
DROLL	5	10	0	6.24566	0.0552445	0.0704294
DROME	5	27	2	17.7606	0.089862	0.130726
DROMES	6	14	0	7.02851	0.0348184	0.057161
DRONE	5	85	10	58.5548	0.121313	0.174801
DRONED	6	21	0	12.4527	0.0248213	0.0352827
DRONER	6	20	3	13.0442	0.154198	0.237077
DRONES	6	50	4	27.7623	0.086271	0.15264
DRONY	5	16	0	9.77156	0.0383715	0.0492595
DROOB	5	10	0	7.04321	0.0552445	0.0641895
DROOL	5	16	1	11.1806	0.0892757	0.120085
DROP	4	55	8	42.0845	0.152742	0.197837
DROPS	5	23	2	17.4643	0.103352	0.132721
DROSERA	7	10	0	2.27046	0.0389586	0.136616
DROSS	5	24	0	15.9485	0.0272673	0.0322679
DROW	4	36	2	27.8806	0.0767816	0.0939415
DROWS	5	15	2	10.4522	0.147698	0.207708
DROWSE	6	10	1	7.12839	0.119966	0.169543
DRUB	4	16	1	11.828	0.102554	0.128615
DRUG	4	14	0	10.2297	0.0602348	0.0677511
DRUM	4	22	0	17.7457	0.0422432	0.042994
DRUPE	5	11	0	6.75126	0.0514722	0.0663411
DRUSE	5	36	1	25.4481	0.0442378	0.0575708
DRY	3	76	2	59.879	0.0399947	0.0469919
DRYAS	5	10	0	6.41053	0.0552445	0.069042
DRYER	5	13	0	8.63786	0.0452874	0.0545297
DRYS	4	21	1	16.103	0.0826661	0.0995637
DSO	3	361	0	284.282	0.00329396	0.00323928
DSOBO	5	13	0	9.76756	0.0452874	0.0492763
DSOMO	5	13	0	10.4564	0.0452874	0.0465422
DSOS	4	65	0	49.8738	0.0162133	0.0167814
DUAD	4	17	0	13.827	0.0519394	0.0531131
DUAL	4	54	8	41.2705	0.15534	0.201489
DUALIN	6	11	0	6.61389	0.0420824	0.0600051
DUALS	5	21	5	14.923	0.23347	0.330407
DUAN	4	61	0	48.0149	0.0171992	0.017395
DUANS	5	19	0	12.9422	0.033288	0.0387779
DUAR	4	69	0	53.0492	0.0153343	0.0158276
DUARS	5	31	0	21.3744	0.0217579	0.0247642
DUB	3	33	6	25.381	0.194275	0.248991
DUBS	4	10	4	7.54578	0.347105	0.47107
DUCAL	5	12	0	9.338	0.0481822	0.0511501
DUCAT	5	17	0	13.1728	0.0365128	0.038187
DUCE	4	28	3	23.1931	0.126021	0.149306
DUCES	5	13	1	10.8029	0.105366	0.123639
DUCI	4	31	0	26.0705	0.0316185	0.0306065
DUCT	4	28	1	23.254	0.0650151	0.0722605
DUCTS	5	11	0	8.62208	0.0514722	0.054611
DUD	3	28	5	21.8947	0.193382	0.24357
DUDE	4	19	3	14.6682	0.17371	0.222075
DUDES	5	12	2	8.33672	0.176021	0.250387
DUDS	4	14	1	11.4791	0.113473	0.131753
DUE	3	187	65	145.626	0.346476	0.445247
DUED	4	32	5	24.3427	0.166689	0.21661
DUEL	4	76	21	59.111	0.27396	0.35335
DUELS	5	31	8	21.3865	0.252673	0.367436
DUES	4	96	32	73.3067	0.328739	0.431952
DUET	4	100	20	76.9857	0.201667	0.26168
DUETS	5	60	13	41.8328	0.216103	0.310057
DUETT	5	17	0	10.5684	0.0365128	0.0461261
DUETTS	6	12	0	8.06022	0.0393462	0.0511305
DUG	3	42	7	32.6118	0.17803	0.22616
DUGS	4	16	5	11.608	0.295014	0.407762
DUH	3	66	0	51.6639	0.017161	0.0171648
DUI	3	123	19	92.9851	0.158982	0.208828
DUING	5	15	0	9.19066	0.0404295	0.0518261
DUIT	4	58	8	44.731	0.145443	0.186827
DUITS	5	29	3	21.6524	0.114989	0.151532
DULE	4	64	13	50.0772	0.205448	0.262464
DULES	5	35	6	24.4962	0.174766	0.248644
DULIA	5	21	0	13.7697	0.0305865	0.0367377
DULL	4	18	10	13.0466	0.488574	0.685871
DULSE	5	26	0	18.9877	0.0254277	0.027586
DULY	4	11	0	8.31015	0.0716838	0.0794329
DUM	3	65	19	51.5088	0.292477	0.369357
DUMA	4	25	1	20.4423	0.0715638	0.0809934
DUMB	4	11	1	9.517	0.135041	0.152703
DUN	3	158	57	121.902	0.359111	0.465858
DUNCE	5	10	1	7.45622	0.128533	0.167589
DUNE	4	85	29	64.773	0.335601	0.442103
DUNES	5	55	22	39.8797	0.387994	0.539644
DUNG	4	26	6	19.6009	0.231664	0.307011
DUNGS	5	13	4	9.09147	0.285604	0.414279
DUNITE	6	17	0	10.2818	0.029693	0.0416651
DUNITES	7	11	0	3.19162	0.036264	0.110407
DUNNER	6	11	3	8.1328	0.250706	0.355267
DUNNO	5	10	0	6.29797	0.0552445	0.0699833
DUNS	4	67	17	50.8373	0.252585	0.333289
DUNSH	5	10	0	6.67307	0.0552445	0.066942
DUNT	4	60	10	46.6044	0.171825	0.220209
DUNTS	5	30	2	21.7305	0.0818493	0.108819
DUO	3	132	3	99.9136	0.0308842	0.0383821
DUOS	4	59	1	47.1734	0.0334165	0.0376893
DUP	3	46	7	34.0446	0.163808	0.21728
DUPE	4	25	3	18.4562	0.138715	0.182542
DUPER	5	14	1	9.86189	0.0993949	0.133482
DUPES	5	12	1	8.81807	0.112101	0.146411
DUPS	4	21	2	14.5787	0.121451	0.165752
DURA	4	72	3	55.0807	0.0538061	0.0670827
DURAL	5	24	1	15.5099	0.0634405	0.0903238
DURAS	5	32	3	21.562	0.105311	0.152114
DURE	4	112	54	85.9832	0.472082	0.618025
DURED	5	23	2	15.7222	0.103352	0.145798
DURES	5	71	38	51.0523	0.519177	0.727733
DURESS	6	11	3	7.51046	0.250706	0.379222
DURIAN	6	13	0	7.29618	0.0369441	0.0554638
DURN	4	53	9	39.6261	0.175334	0.232852
DURNS	5	23	2	14.6611	0.103352	0.155106
DURO	4	67	2	52.9408	0.0436231	0.0517241
DUROC	5	14	0	9.62394	0.0427208	0.0498873
DUROS	5	32	2	22.3305	0.0772568	0.106131
DURR	4	20	6	16.4692	0.287749	0.356849
DURRA	5	10	0	6.73366	0.0552445	0.0664754
DURRS	5	10	0	7.0916	0.0552445	0.0638463
DURST	5	29	0	21.8932	0.0230909	0.0242255
DUSH	4	36	8	28.9298	0.2239	0.279798
DUST	4	76	22	58.6045	0.286338	0.372543
DUSTED	6	15	5	11.1727	0.30496	0.426634
DUSTER	6	23	6	15.6611	0.250385	0.373992
DUSTS	5	16	2	11.8889	0.14018	0.186157
DUTIES	6	21	1	12.4923	0.0658386	0.105551
DUTY	4	20	0	17.0194	0.0456522	0.0445677
DWALE	5	12	0	8.51103	0.0481822	0.0551903
DWELL	5	10	0	7.56796	0.0552445	0.0606538
DWELT	5	12	0	8.3932	0.0481822	0.0558185
DWILE	5	10	0	7.41269	0.0552445	0.0616587
DWINE	5	19	0	15.7194	0.033288	0.032686
DWINES	6	12	0	7.31382	0.0393462	0.0553555
DYAD	4	11	0	9.06755	0.0716838	0.0743732
DYE	3	82	11	62.712	0.141768	0.183073
DYED	4	12	0	8.14347	0.0674127	0.0806403
DYER	4	47	6	35.1444	0.137716	0.181323
DYERS	5	23	3	17.0769	0.140883	0.187955
DYES	4	51	8	39.1492	0.163694	0.211673
DYNE	4	28	0	21.1543	0.0345119	0.036882
DYNES	5	16	0	11.9518	0.0383715	0.0415389
EACH	4	110	27	85.3088	0.245082	0.316394
EAGER	5	42	7	28.3126	0.169873	0.250331
EAGERS	6	23	4	15.6569	0.17457	0.25898
EAGLE	5	25	3	18.5794	0.131047	0.174205
EAGLES	6	14	2	7.22659	0.149894	0.279469
EAGLET	6	11	0	5.66443	0.0420824	0.0677214
EAGRE	5	48	0	31.8671	0.0145958	0.0170824
EAGRES	6	19	0	13.082	0.0270395	0.0337825
EALE	4	242	2	173.248	0.0126889	0.0163816
EALED	5	96	1	67.096	0.0176005	0.0228489
EALES	5	132	2	94.3907	0.0203015	0.026755
EALING	6	28	0	15.6104	0.0192843	0.0288537
EAN	3	797	84	609.531	0.10636	0.138778
EANED	5	98	3	63.703	0.0369306	0.0544888
EANING	6	22	3	14.3179	0.142047	0.218248
EANS	4	359	34	270.354	0.0965723	0.127699
EAR	3	996	496	754.365	0.497166	0.656608
EARD	4	260	35	191.291	0.136456	0.184862
EARDING	7	10	0	5.39272	0.0389586	0.075704
EARDS	5	111	21	80.0964	0.18975	0.262968
EARED	5	149	41	105.514	0.273536	0.386869
EARING	6	54	24	33.8503	0.428811	0.688796
EARINGS	7	20	7	14.7926	0.320754	0.459082
EARL	4	225	41	168.169	0.183353	0.244949
EARLIER	7	11	1	5.63552	0.105429	0.211182
EARLIES	7	18	1	7.55018	0.0710364	0.167041
EARLIEST	8	10	0	4.36056	0.0389586	0.0887913
EARLS	5	91	23	68.52	0.250979	0.334539
EARLY	5	26	3	18.9497	0.126626	0.17112
EARN	4	332	104	246.918	0.312163	0.419973
EARNED	6	40	9	27.0022	0.221419	0.330766
EARNER	6	27	9	17.0039	0.316167	0.507402
EARNERS	7	12	6	7.08551	0.422062	0.750974
EARNEST	7	28	1	11.7888	0.0484552	0.114199
EARNS	5	139	52	98.7802	0.369826	0.521922
EARNT	5	117	0	78.8987	0.00624807	0.00714621
EARS	4	464	246	343.759	0.527176	0.71234
EARSHOT	7	14	0	6.04683	0.0300325	0.0692368
EARST	5	222	1	159.355	0.00777238	0.00978111
EARTH	5	101	5	70.3841	0.0549841	0.0771027
EARTHEN	7	12	1	6.19764	0.0986087	0.195978
EARTHS	6	51	2	28.1553	0.0479063	0.0836845
EAS	3	914	420	706.615	0.458789	0.593642
EASE	4	332	185	249.639	0.552674	0.736286
EASED	5	104	56	78.4393	0.527232	0.703722
EASEL	5	91	39	66.2016	0.420032	0.580658
EASELS	6	20	8	12.5697	0.368057	0.594878
EASER	5	174	100	129.531	0.567165	0.764913
EASERS	6	43	26	32.7076	0.573635	0.769753
EASES	5	81	47	61.8379	0.564167	0.745774
EASIED	6	31	6	19.3386	0.192122	0.308679
EASIER	6	48	7	30.1232	0.148018	0.235537
EASIES	6	22	1	11.7831	0.0632445	0.111095
EASIEST	7	11	1	4.66301	0.105429	0.243922
EASILY	6	20	0	11.068	0.0258829	0.0391035
EASING	6	43	21	26.6415	0.465829	0.758097
EASINGS	7	11	3	7.67692	0.243759	0.380117
EASLE	5	73	20	53.3018	0.270779	0.372379
EASLES	6	19	4	10.832	0.205771	0.358538
EASSEL	6	21	0	11.9879	0.0248213	0.0364791
EAST	4	510	280	386.185	0.546116	0.722053
EASTED	6	42	20	30.1078	0.454058	0.644112
EASTER	6	90	47	65.4466	0.509801	0.707208
EASTERN	7	24	2	12.1995	0.0919329	0.183217
EASTERS	7	25	16	14.9645	0.580652	0.997321
EASTING	7	27	12	17.3237	0.411197	0.661788
EASTINGS	8	10	3	7.76942	0.261871	0.376369
EASTLIN	7	17	0	6.94041	0.0256285	0.0620011
EASTS	5	94	48	66.724	0.499298	0.707279
EASY	4	85	6	65.2132	0.0794291	0.101186
EAT	3	949	516	725.46	0.542668	0.710158
EATAGE	6	10	0	4.79724	0.0452275	0.0767339
EATCHE	6	15	0	10.9117	0.032924	0.0395873
EATEN	5	154	24	104.593	0.157023	0.230666
EATER	5	212	119	145.578	0.555329	0.810498
EATERS	6	110	67	81.5285	0.596271	0.810835
EATERY	6	21	0	15.3801	0.0248213	0.0292422
EATH	4	260	22	195.11	0.0873598	0.115617
EATHE	5	85	3	60.5724	0.0423465	0.0572167
EATING	6	46	22	25.3247	0.45778	0.831987
EATINGS	7	24	10	18.4282	0.383285	0.525501
EATS	4	544	302	403.527	0.55237	0.745378
EAU	3	263	2	203.168	0.0119912	0.0142441
EAUS	4	102	0	79.1169	0.0105955	0.0107923
EAVE	4	39	6	29.0044	0.162879	0.216303
EAVED	5	15	3	9.74303	0.201333	0.305754
EAVES	5	16	3	11.4327	0.191084	0.267175
EBB	3	18	0	14.96	0.0544776	0.0533592
EBON	4	61	0	44.6255	0.0171992	0.0186376
EBONISE	7	10	0	3.79798	0.0389586	0.098028
EBONS	5	25	0	16.9734	0.0263154	0.030521
ECAD	4	106	0	82.4453	0.0102129	0.0103711
ECARTE	6	28	1	18.0149	0.0511518	0.0760123
ECARTES	7	11	1	3.61054	0.105429	0.293097
ECH	3	213	27	169.408	0.129921	0.162514
ECHE	4	68	8	53.3508	0.12546	0.158158
ECHED	5	18	1	13.5159	0.0810265	0.101962
ECHES	5	44	6	32.7801	0.141753	0.189351
ECHO	4	64	0	50.0714	0.016449	0.0167187
ECHOER	6	11	0	6.23328	0.0420824	0.0628771
ECHOES	6	14	0	6.97484	0.0348184	0.0575139
ECHOS	5	24	0	17.1137	0.0272673	0.0302964
ECHT	4	80	0	60.2168	0.0133448	0.014028
ECLAIR	6	22	0	12.321	0.0238433	0.0356136
ECLAIRS	7	11	0	4.14425	0.036264	0.0921291
ECLAT	5	49	0	32.8736	0.0143186	0.0165887
ECLATS	6	21	0	12.4576	0.0248213	0.0352705
ECLOSE	6	13	0	7.56987	0.0369441	0.0538296
ECO	3	305	1	237.48	0.00712625	0.00803912
ECOD	4	79	0	61.6876	0.0135041	0.0137082
ECONUT	6	13	0	6.52888	0.0369441	0.0606237
ECOS	4	137	1	106.553	0.0150329	0.0172279
ECRU	4	53	0	41.3725	0.0195803	0.0200094
ECU	3	126	1	100.31	0.016933	0.0187705
ECUS	4	39	0	30.7163	0.0258413	0.0263669
EDDY	4	16	2	11.9947	0.150669	0.194657
EDEMAS	6	14	0	9.20925	0.0348184	0.0457545
EDENIC	6	22	0	12.6199	0.0238433	0.0348714
EDGE	4	37	7	28.1608	0.194608	0.254468
EDGER	5	18	4	12.2458	0.219628	0.322282
EDGERS	6	11	2	8.24116	0.181165	0.251002
EDGES	5	20	3	14.167	0.158758	0.221872
EDGY	4	20	0	15.2305	0.0456522	0.048984
EDH	3	290	0	226.511	0.00408924	0.00405663
EDICT	5	33	1	22.9966	0.0478595	0.0632261
EDICTS	6	14	0	9.6418	0.0348184	0.0440124
EDILE	5	72	0	48.3306	0.00996496	0.01149
EDILES	6	38	0	22.7616	0.014624	0.020425
EDIT	4	292	7	216.909	0.0273985	0.0358816
EDITED	6	23	0	14.767	0.0229395	0.0303297
EDITOR	6	55	0	32.1351	0.0103656	0.0147698
EDITORS	7	18	0	6.63957	0.0244341	0.0642621
EDITS	5	156	4	106.939	0.0297773	0.0420379
EDS	3	591	5	457.384	0.0104231	0.0128934
EDUCT	5	13	0	8.53366	0.0452874	0.0550713
EECH	4	40	0	30.1745	0.0252642	0.0267999
EEK	3	41	2	31.6	0.0710507	0.0860234
EEL	3	290	6	230.552	0.0244923	0.0297376
EELING	6	14	0	6.63088	0.0348184	0.0598831
EELS	4	125	3	95.4068	0.0318332	0.0395433
EEN	3	362	3	291.156	0.01148	0.0133813
EERY	4	47	0	36.3976	0.0218491	0.0225475
EEVN	4	16	0	13.6015	0.0544384	0.0538423
EFF	3	48	1	36.8464	0.0422963	0.0490876
EFFS	4	15	0	13.549	0.0571901	0.054015
EFS	3	163	0	127.239	0.00719764	0.00716192
EFT	3	151	18	118.992	0.123828	0.155871
EFTS	4	85	9	68.4167	0.112843	0.138748
EGAD	4	67	0	51.2337	0.0157616	0.0163592
EGADS	5	15	0	10.2285	0.0404295	0.0474125
EGAL	4	83	0	61.8461	0.0128888	0.0136746
EGER	4	71	0	52.3746	0.0149296	0.0160211
EGERS	5	44	0	31.8317	0.0158212	0.0171003
EGEST	5	33	0	23.1792	0.0205704	0.0229862
EGESTA	6	15	0	6.85983	0.032924	0.0582849
EGG	3	36	2	29.3734	0.0799156	0.0920429
EGGS	4	17	1	12.6185	0.0978457	0.122031
EGIS	4	110	0	80.6701	0.009857	0.0105916
EGMAS	5	21	0	13.5799	0.0305865	0.0371864
EGO	3	182	0	140.405	0.00646269	0.00650182
EGOS	4	87	0	65.5354	0.0123271	0.0129366
EGRET	5	50	1	33.6528	0.0326928	0.0443067
EGRETS	6	26	1	16.2654	0.0546339	0.0834065
EHING	5	38	0	23.224	0.0181007	0.0229453
EHS	3	473	1	369.33	0.00461676	0.00518805
EIDE	4	203	1	151.469	0.0102579	0.0122127
EIDER	5	109	0	73.291	0.00669181	0.00767875
EIDERS	6	45	0	29.8751	0.0125081	0.0158263
EIGHT	5	20	0	14.3606	0.0318801	0.0354075
EIK	3	92	0	70.2982	0.0125168	0.0127679
EIKON	5	12	0	8.86454	0.0481822	0.0533877
EILD	4	164	0	123.566	0.00670338	0.00699683
EILDS	5	47	0	33.0441	0.014884	0.016508
EINA	4	384	1	280.152	0.00548228	0.00665898
EINE	4	286	0	211.431	0.00389094	0.00412745
EISELL	6	15	0	10.0506	0.032924	0.0424839
EISH	4	234	0	180.177	0.00473827	0.00483237
EITHER	6	26	0	15.117	0.0205971	0.0296992
EKE	3	30	3	21.8834	0.123336	0.16148
EKED	4	15	0	10.9621	0.0571901	0.0641513
EKES	4	23	3	17.3155	0.148701	0.192882
ELAIN	5	133	1	83.6439	0.0128347	0.018432
ELAINS	6	53	0	26.8134	0.0107333	0.0175245
ELAN	4	315	6	231.641	0.0223008	0.0293619
ELANCE	6	20	0	10.8889	0.0258829	0.0396591
ELANCES	7	11	0	4.17623	0.036264	0.0916198
ELAND	5	75	1	49.4859	0.0223002	0.0306704
ELANDS	6	25	0	14.8421	0.0213229	0.0301922
ELANET	6	56	0	32.499	0.010191	0.0146127
ELANETS	7	31	0	13.8867	0.0152159	0.0342097
ELANS	5	118	3	77.9726	0.0308587	0.0447613
ELAPSE	6	23	0	13.4905	0.0229395	0.0328754
ELASTIC	7	11	0	4.15168	0.036264	0.0920103
ELASTIN	7	30	0	12.5777	0.0156707	0.0373658
ELATE	5	162	64	110.547	0.39092	0.573996
ELATED	6	48	20	31.3756	0.401035	0.619437
ELATER	6	76	24	49.3649	0.309967	0.479604
ELATERIN	8	11	0	5.24115	0.036264	0.0773789
ELATERS	7	32	10	17.981	0.296809	0.537496
ELATES	6	88	34	58.1462	0.378695	0.576295
ELATING	7	15	3	9.85466	0.190935	0.307913
ELATION	7	16	6	9.56718	0.335299	0.584236
ELD	3	362	53	279.776	0.148064	0.191086
ELDER	5	64	10	45.4786	0.158975	0.222986
ELDERS	6	26	4	17.8494	0.156744	0.229963
ELDEST	6	20	2	12.3541	0.111426	0.177645
ELDIN	5	71	6	47.8163	0.0904792	0.132151
ELDING	6	20	5	14.0906	0.239742	0.347892
ELDINGS	7	12	2	8.35488	0.163299	0.253904
ELDINS	6	27	2	17.2681	0.085752	0.131669
ELDS	4	130	20	101.749	0.15678	0.199712
ELECT	5	18	0	12.7333	0.0348259	0.0393294
ELECTS	6	10	0	5.28093	0.0452275	0.0714316
ELEMIS	6	13	0	7.47019	0.0369441	0.0544135
ELF	3	152	1	116.688	0.0141121	0.01619
ELFED	5	14	0	11.2017	0.0427208	0.0439063
ELFIN	5	17	0	11.2919	0.0365128	0.0436075
ELFINS	6	11	0	6.18296	0.0420824	0.0632775
ELFISH	6	10	0	6.02937	0.0452275	0.0645318
ELFS	4	44	0	35.1112	0.0231927	0.0233121
ELIAD	5	82	0	54.9081	0.00880144	0.010161
ELIDE	5	72	0	48.3306	0.00996496	0.01149
ELIDES	6	28	0	16.6623	0.0192843	0.0272024
ELINT	5	117	0	74.5279	0.00624807	0.00755458
ELINTS	6	43	0	21.9519	0.0130475	0.0211236
ELISION	7	12	0	3.95239	0.0339181	0.0953068
ELITE	5	120	0	78.6761	0.00609647	0.00716594
ELITES	6	71	0	42.0287	0.00813582	0.0114295
ELITIST	7	11	0	3.71044	0.036264	0.0996409
ELK	3	51	10	38.6918	0.203409	0.26566
ELKS	4	21	4	15.1714	0.19902	0.271438
ELL	3	204	13	147.16	0.0682571	0.0931028
ELLS	4	74	4	54.8168	0.0651332	0.0847391
ELM	3	188	9	146.489	0.0531177	0.0666652
ELMIER	6	13	1	6.77443	0.0979944	0.176609
ELMS	4	57	5	43.5142	0.0992404	0.12699
ELODEA	6	21	0	11.1547	0.0248213	0.03884
ELOGE	5	11	0	7.39956	0.0514722	0.0617452
ELOGIST	7	11	0	5.13393	0.036264	0.0786091
ELOIGN	6	13	0	6.54983	0.0369441	0.06047
ELOIN	5	76	0	48.5388	0.00946449	0.0114426
ELOINED	7	10	0	3.44765	0.0389586	0.104818
ELOINER	7	11	0	5.09108	0.036264	0.0791118
ELOINS	6	26	0	13.0788	0.0205971	0.03379
ELOPE	5	14	9	11.2092	0.552788	0.727366
ELOPS	5	25	1	17.4144	0.0612258	0.0814442
ELS	3	612	10	471.348	0.0181838	0.0230665
ELSE	4	181	6	138.813	0.0383857	0.0486059
ELSHIN	6	20	0	9.83013	0.0258829	0.0432947
ELSIN	5	132	2	89.1674	0.0203015	0.0282885
ELSINS	6	29	0	15.5648	0.0186888	0.0289297
ELT	3	507	39	389.485	0.0786629	0.101877
ELTCHI	6	11	0	5.23093	0.0420824	0.0719456
ELTS	4	254	20	191.509	0.0816568	0.107467
ELUANT	6	12	0	5.46404	0.0393462	0.0696107
ELUDE	5	24	0	15.3983	0.0272673	0.0332906
ELUDER	6	12	0	6.69904	0.0393462	0.0593982
ELUENT	6	10	0	5.91542	0.0452275	0.065495
ELUTE	5	36	0	24.6899	0.0190138	0.0216832
ELUTED	6	13	0	7.56869	0.0369441	0.0538365
ELUTES	6	13	0	7.26525	0.0369441	0.0556548
ELUTOR	6	14	0	8.79607	0.0348184	0.0475523
ELVER	5	15	2	11.682	0.147698	0.188981
EMAIL	5	49	7	33.3792	0.147285	0.21444
EMAILED	7	12	3	5.24664	0.22799	0.514846
EMAILER	7	12	1	6.60822	0.0986087	0.186187
EMAILS	6	16	2	9.40201	0.134425	0.224801
EMBAR	5	15	0	10.1372	0.0404295	0.0477706
EMBER	5	11	1	7.66227	0.119756	0.164
EME	3	121	6	94.1242	0.0575862	0.0717484
EMEND	5	28	0	20.6563	0.0238206	0.0255505
EMERG	5	11	0	7.50499	0.0514722	0.0610574
EMERITA	7	12	0	2.69743	0.0339181	0.123074
EMEROD	6	13	0	7.78704	0.0369441	0.0525999
EMES	4	94	2	70.228	0.0316998	0.0394838
EMETIN	6	14	0	7.75618	0.0348184	0.0527712
EMIC	4	62	0	47.1144	0.0169416	0.0177087
EMIR	4	135	0	101.06	0.00809409	0.00851266
EMIRATE	7	10	0	2.94424	0.0389586	0.116404
EMIRS	5	52	0	37.0942	0.0135466	0.014796
EMIT	4	163	41	123.615	0.251106	0.331265
EMITS	5	91	28	62.5682	0.303808	0.442883
EMLETS	6	14	0	8.84326	0.0348184	0.0473399
EMMA	4	30	0	22.0724	0.0325275	0.0355219
EMMAS	5	13	0	8.20554	0.0452874	0.0568491
EMMER	5	11	0	6.78494	0.0514722	0.0660856
EMO	3	286	13	220.124	0.0489618	0.0625815
EMONG	5	20	0	13.0402	0.0318801	0.0385246
EMOS	4	128	2	95.9293	0.0235829	0.0292077
EMOTE	5	40	6	28.4917	0.154745	0.216018
EMOTER	6	25	5	14.1132	0.197504	0.347395
EMOTERS	7	11	2	5.58406	0.174594	0.351696
EMOTES	6	19	5	11.7183	0.250454	0.409309
EMPARE	6	15	1	9.73854	0.0873312	0.13092
EMPARES	7	11	0	4.69246	0.036264	0.0841153
EMPART	6	11	0	6.48209	0.0420824	0.0609695
EMPT	4	36	0	28.7717	0.0277421	0.0279898
EMPTS	5	16	0	11.3301	0.0383715	0.0434823
EMS	3	330	1	259.881	0.00659296	0.00735264
EMU	3	133	3	106.176	0.0306589	0.0361693
EMULE	5	14	0	8.71162	0.0427208	0.0541528
EMURE	5	19	0	12.8267	0.033288	0.0390808
EMURES	6	11	0	6.69124	0.0420824	0.0594533
EMUS	4	43	1	33.622	0.0446058	0.0517035
ENABLE	6	11	0	6.46574	0.0420824	0.0610913
ENACT	5	70	5	46.3453	0.0781291	0.115473
ENACTOR	7	14	0	4.21802	0.0300325	0.0909629
ENACTS	6	30	3	15.5826	0.108003	0.202294
ENAMEL	6	21	0	11.6604	0.0248213	0.0373721
ENAMELS	7	10	0	1.79437	0.0389586	0.155721
ENAMOR	6	29	0	14.0938	0.0186888	0.031621
ENARM	5	59	0	38.3454	0.0120329	0.0143366
ENARMS	6	19	0	12.6682	0.0270395	0.0347542
ENATE	5	176	33	118.481	0.187892	0.278795
ENATES	6	88	15	54.8846	0.170772	0.273834
ENATIC	6	36	0	17.6252	0.0153668	0.0258484
ENATION	7	20	5	7.59224	0.235496	0.600952
ENATIONS	8	10	3	3.79907	0.261871	0.652627
ENCASE	6	25	0	13.4645	0.0213229	0.0329316
ENCASH	6	20	0	10.4709	0.0258829	0.0410191
ENCINA	6	20	0	10.8436	0.0258829	0.0398021
ENCORE	6	20	2	10.8211	0.111426	0.199362
ENCORES	7	10	1	3.55808	0.113263	0.296072
END	3	509	226	400.359	0.442826	0.563371
ENDART	6	31	0	18.512	0.0176016	0.0247154
ENDARTS	7	18	0	8.56786	0.0244341	0.0520871
ENDASH	6	18	0	10.6269	0.0283042	0.0405006
ENDEAR	6	43	0	30.1209	0.0130475	0.0157041
ENDEARS	7	12	0	6.11785	0.0339181	0.0686005
ENDED	5	16	4	11.2398	0.241988	0.346847
ENDER	5	110	63	76.0284	0.560992	0.815236
ENDERS	6	47	27	31.8126	0.547939	0.820122
ENDEW	5	19	0	14.0684	0.033288	0.036053
ENDEWS	6	11	0	6.71325	0.0420824	0.0592981
ENDING	6	10	2	6.72531	0.194705	0.296059
ENDITE	6	40	3	25.0934	0.0831062	0.130537
ENDITED	7	11	1	3.98408	0.105429	0.273526
ENDITES	7	22	2	11.2528	0.0991552	0.196702
ENDORSE	7	11	0	5.90495	0.036264	0.0705439
ENDOSS	6	10	0	6.30284	0.0452275	0.0623319
ENDOW	5	15	0	10.6942	0.0404295	0.0456675
ENDRIN	6	10	0	5.28876	0.0452275	0.0713518
ENDS	4	205	87	160.106	0.420107	0.539405
ENDUE	5	20	0	14.3562	0.0318801	0.0354171
ENDUES	6	10	0	5.91301	0.0452275	0.0655157
ENDURE	6	13	0	8.18897	0.0369441	0.0504661
ENDURO	6	12	0	7.04461	0.0393462	0.057056
ENE	3	309	21	239.338	0.0709179	0.0906956
ENEMA	5	29	0	22.1461	0.0230909	0.0239713
ENEMAS	6	11	0	6.18915	0.0420824	0.063228
ENES	4	242	20	181.57	0.0856274	0.11326
ENEW	4	42	0	33.0765	0.0241842	0.0246334
ENEWS	5	17	0	12.2675	0.0365128	0.0406171
ENG	3	319	4	242.701	0.0161032	0.0201054
ENGINE	6	14	0	8.19876	0.0348184	0.0504162
ENGINES	7	13	0	7.36143	0.0318572	0.0590915
ENGIRD	6	10	0	6.77992	0.0452275	0.0588329
ENGORE	6	12	0	8.17995	0.0393462	0.050512
ENGS	4	113	1	82.4336	0.0180961	0.0221018
ENHALO	6	21	0	11.7978	0.0248213	0.0369923
ENHALOS	7	10	0	3.59119	0.0389586	0.101925
ENIAC	5	79	1	50.2451	0.0212209	0.0302244
ENIGMA	6	13	0	8.72541	0.0369441	0.047874
ENISLED	7	18	0	6.13463	0.0244341	0.0684519
ENISLES	7	12	0	4.7668	0.0339181	0.0831348
ENLACE	6	10	0	6.27875	0.0452275	0.0625197
ENLIST	6	52	2	26.6826	0.0470413	0.0880239
ENLISTS	7	15	1	6.37221	0.0825819	0.191692
ENLIT	5	98	0	62.4681	0.007416	0.00896869
ENNEAD	6	11	0	7.64224	0.0420824	0.0534135
ENNUI	5	11	0	8.27836	0.0514722	0.0564447
ENODAL	6	27	0	14.4191	0.0199191	0.0309835
ENOKI	5	16	0	11.8657	0.0383715	0.0417975
ENOL	4	198	20	149.252	0.104207	0.137329
ENOLASE	7	13	0	5.59951	0.0318572	0.0735327
ENOLIC	6	23	0	10.9863	0.0229395	0.0393549
ENOLS	5	85	13	62.2111	0.155156	0.211592
ENORM	5	58	0	39.7981	0.0122281	0.0138379
ENOSES	6	30	0	18.1483	0.0181289	0.0251678
ENOW	4	69	0	52.2803	0.0153343	0.0160485
ENOWS	5	23	0	16.4417	0.0282907	0.0314029
ENRACE	6	17	0	8.41554	0.029693	0.0493378
ENRAGE	6	16	0	9.94603	0.0312252	0.0428645
ENRAPT	6	16	0	9.41094	0.0312252	0.0449253
ENRICH	6	16	0	9.55671	0.0312252	0.0443446
ENRING	6	13	0	8.48044	0.0369441	0.0490239
ENROL	5	72	0	48.7525	0.00996496	0.0113944
ENROLL	6	10	0	4.99419	0.0452275	0.0744826
ENROLS	6	29	0	14.7049	0.0186888	0.0304444
ENROOT	6	29	0	16.3558	0.0186888	0.0276637
ENROOTS	7	10	0	5.40561	0.0389586	0.0755649
ENS	3	870	38	675.485	0.0448504	0.0574229
ENSATE	6	76	0	45.2813	0.00762336	0.0106386
ENSEAL	6	41	1	21.0787	0.0361682	0.0657968
ENSEALS	7	14	1	6.47077	0.0873121	0.189354
ENSEAM	6	23	0	13.713	0.0229395	0.0324012
ENSEAR	6	52	1	30.5907	0.0289842	0.0464262
ENSEARS	7	13	0	6.84818	0.0318572	0.0626772
ENSERF	6	10	0	6.08984	0.0452275	0.0640321
ENSIGN	6	30	0	17.3582	0.0181289	0.0262102
ENSILE	6	41	2	23.6791	0.0587009	0.098433
ENSILED	7	10	2	3.85255	0.187567	0.463175
ENSILES	7	14	1	6.79553	0.0873121	0.182038
ENSNARE	7	10	0	4.9575	0.0389586	0.0807208
ENSOUL	6	13	0	6.22239	0.0369441	0.0629633
ENSUE	5	29	0	21.7432	0.0230909	0.0243788
ENSURE	6	22	0	11.3562	0.0238433	0.0382417
ENTAIL	6	59	6	35.3102	0.105886	0.175537
ENTAILS	7	25	5	12.1261	0.19412	0.402597
ENTAME	6	26	0	14.7227	0.0205971	0.0304115
ENTAMES	7	15	0	3.23531	0.0284054	0.109411
ENTASES	7	11	0	3.58878	0.036264	0.101972
ENTASIA	7	14	0	4.81189	0.0300325	0.0825511
ENTASIS	7	10	0	3.60231	0.0389586	0.101708
ENTER	5	154	61	103.598	0.391728	0.583363
ENTERA	6	76	1	50.8685	0.020221	0.0285242
ENTERAL	7	26	1	10.6027	0.0517449	0.12529
ENTERON	7	16	0	6.19464	0.0269456	0.0679255
ENTERS	6	73	31	51.4107	0.413789	0.59289
ENTIA	5	168	1	111.495	0.0102176	0.0139073
ENTICE	6	21	1	11.1617	0.0658386	0.116454
ENTICER	7	12	0	4.48252	0.0339181	0.0870139
ENTIRE	6	68	2	41.0286	0.0364968	0.0584832
ENTIRES	7	29	2	12.5082	0.0777712	0.179211
ENTOIL	6	37	0	20.5549	0.0149862	0.0224485
ENTOILS	7	11	0	3.60891	0.036264	0.101579
ENTRAIL	7	22	0	9.13631	0.020595	0.0493319
ENTRAIN	7	19	1	8.2677	0.0678733	0.154908
ENTRAP	6	15	0	9.27827	0.032924	0.0454673
ENTREAT	7	20	3	9.3664	0.150238	0.32161
ENTRIES	7	33	0	10.2226	0.0143812	0.0448028
ENTRY	5	28	0	19.0256	0.0238206	0.0275361
ENTS	4	417	80	316.62	0.192353	0.253204
ENURE	5	57	0	39.9834	0.0124297	0.0137767
ENURED	6	14	0	7.98397	0.0348184	0.0515323
ENURES	6	37	0	20.1229	0.0149862	0.0228925
ENVOI	5	11	0	8.16158	0.0514722	0.057096
ENVY	4	10	0	7.29917	0.0765327	0.0873666
EOAN	4	199	0	152.211	0.00555207	0.00570406
EOLITH	6	25	0	12.3191	0.0213229	0.0356185
EON	3	555	13	433.925	0.0254037	0.0319195
EONS	4	267	6	209.938	0.0262393	0.032357
EORL	4	139	0	106.834	0.00786892	0.00806446
EORLS	5	53	0	41.5348	0.0133075	0.0132853
EOSIN	5	128	1	86.4841	0.0133222	0.0178401
EOSINE	6	42	0	22.3762	0.013335	0.0207517
EOSINES	7	12	0	2.58865	0.0339181	0.126262
EOSINS	6	37	0	21.0557	0.0149862	0.0219549
EOTHEN	6	16	0	8.697	0.0312252	0.0480046
EPACT	5	22	0	14.8453	0.0293938	0.0343862
EPACTS	6	11	0	4.43701	0.0420824	0.0812241
EPATER	6	29	0	18.8097	0.0186888	0.0243569
EPATERS	7	14	0	7.28146	0.0300325	0.0596229
EPHOD	5	13	0	10.3701	0.0452874	0.0468682
EPHOR	5	15	0	11.2216	0.0404295	0.04384
EPIC	4	42	0	33.4645	0.0241842	0.02437
EPICS	5	15	0	11.5321	0.0404295	0.0428312
EPINAOS	7	11	0	3.4912	0.036264	0.103923
EPODE	5	19	0	14.8155	0.033288	0.0344472
EPODES	6	10	0	7.3104	0.0452275	0.0553765
EPOS	4	102	0	77.215	0.0105955	0.0110488
EPOSES	6	12	0	6.67045	0.0393462	0.0596006
ERA	3	1205	71	916.934	0.0597172	0.0782362
ERAS	4	624	43	459.309	0.0701854	0.0949606
ERASE	5	243	2	171.036	0.011165	0.0149012
ERASED	6	72	1	45.2613	0.021294	0.0319287
ERASER	6	57	1	37.9002	0.026584	0.0378609
ERASERS	7	10	0	5.51157	0.0389586	0.0744407
ERASES	6	52	0	31.5488	0.0109271	0.0150301
ERASING	7	23	0	15.4335	0.0198166	0.0311049
ERASION	7	28	2	11.3456	0.0802434	0.195292
ERBIAS	6	17	0	9.37314	0.029693	0.0450785
ERE	3	555	145	426.148	0.261508	0.340482
ERECT	5	68	0	48.1557	0.0105213	0.0115301
ERECTS	6	33	0	20.6982	0.0166339	0.022305
ERED	4	273	11	201.977	0.0436722	0.058029
EREMIC	6	12	0	7.58517	0.0393462	0.0537411
ERENOW	6	13	0	9.48161	0.0369441	0.0446419
ERES	4	428	123	317.36	0.286821	0.386917
ERF	3	232	1	177.553	0.00932986	0.0107156
ERG	3	310	4	238.833	0.0165647	0.0204278
ERGATE	6	23	0	15.0773	0.0229395	0.0297694
ERGO	4	100	1	74.3636	0.0203412	0.0244126
ERGON	5	35	0	22.1642	0.0195058	0.0239534
ERGONS	6	13	0	6.28149	0.0369441	0.0624982
ERGOS	5	38	1	25.6265	0.0421133	0.0571983
ERGOT	5	35	0	21.4538	0.0195058	0.0246802
ERGOTS	6	16	0	8.21578	0.0312252	0.0503299
ERGS	4	106	1	76.9313	0.0192395	0.0236267
ERIC	4	185	0	139.989	0.00596164	0.00619221
ERICK	5	10	0	6.83951	0.0552445	0.0656757
ERICS	5	69	0	46.2755	0.0103765	0.0119796
ERING	5	127	3	73.2634	0.0287329	0.0475635
ERINGO	6	32	0	21.3248	0.0171041	0.0216985
ERINITE	7	15	0	6.63693	0.0284054	0.0642827
ERISTIC	7	16	0	4.22976	0.0269456	0.09078
ERK	3	129	9	96.7129	0.0766682	0.10013
ERKS	4	51	2	37.1527	0.0561353	0.0721522
ERLANG	6	12	0	7.83213	0.0393462	0.0523515
ERM	3	351	21	270.417	0.0625293	0.0803654
ERMINE	6	15	1	10.218	0.0873312	0.125662
ERN	3	763	24	586.993	0.0328554	0.0422924
ERNE	4	278	5	203.77	0.0216824	0.0284828
ERNED	5	91	1	60.7859	0.0185303	0.0251468
ERNES	5	152	3	104.88	0.0241177	0.033488
ERNING	6	22	1	13.947	0.0632445	0.0957498
ERNS	4	343	13	255.417	0.0406328	0.0537652
ERODE	5	97	1	68.6651	0.0174256	0.0223413
ERODED	6	10	1	6.54166	0.119966	0.181586
ERODENT	7	16	0	4.30958	0.0269456	0.089556
ERODES	6	43	0	27.7229	0.0130475	0.0169832
ERODING	7	11	0	5.92545	0.036264	0.0703521
EROS	4	475	2	354.863	0.00652674	0.00806384
EROSE	5	173	0	125.839	0.00426731	0.00452139
EROSES	6	43	0	26.4803	0.0130475	0.0177315
EROTEMA	7	12	0	4.09451	0.0339181	0.0929323
EROTIC	6	43	0	24.2586	0.0130475	0.019248
EROTICA	7	16	0	6.82767	0.0269456	0.0628295
EROTICS	7	17	0	4.79504	0.0256285	0.0827682
EROTISED	8	10	0	3.11062	0.0389586	0.112301
EROTISM	7	20	0	5.89949	0.0223509	0.0705953
ERR	3	288	44	221.657	0.154764	0.200483
ERRAND	6	16	0	11.4305	0.0312252	0.0380254
ERRANT	6	21	0	12.2827	0.0248213	0.035711
ERRATA	6	21	0	12.2916	0.0248213	0.0356883
ERRATAS	7	10	0	5.7613	0.0389586	0.0719188
ERRED	5	37	12	27.3157	0.313787	0.429653
ERRING	6	14	2	9.30121	0.149894	0.226857
ERRS	4	135	18	103.42	0.136865	0.177747
ERS	3	1141	41	863.033	0.0368557	0.0484457
ERSES	5	111	5	83.406	0.0501881	0.0653411
ERST	4	569	8	423.442	0.0159144	0.0208423
ERUCT	5	40	0	25.348	0.0172712	0.0211605
ERUCTS	6	15	0	9.32985	0.032924	0.0452551
ERUGO	5	15	0	9.30117	0.0404295	0.0513174
ERUPT	5	15	0	9.92195	0.0404295	0.048636
ERVEN	5	12	0	9.20254	0.0481822	0.0517709
ERVIL	5	11	0	7.95388	0.0514722	0.0582924
ESCAR	5	102	4	74.9456	0.044998	0.0595263
ESCARP	6	14	3	6.96363	0.207431	0.403106
ESCARS	6	24	1	12.8481	0.0586247	0.102973
ESCHAR	6	21	0	11.9546	0.0248213	0.036568
ESCORT	6	30	5	17.395	0.167919	0.287748
ESCOT	5	66	0	49.4974	0.0108235	0.0112295
ESCOTS	6	15	0	9.28352	0.032924	0.0454456
ESCROL	6	15	0	8.65232	0.032924	0.0482115
ESCROW	6	10	0	4.42148	0.0452275	0.0814296
ESES	4	193	0	146.745	0.0057205	0.00591252
ESILE	5	118	0	82.1667	0.00619671	0.0068686
ESILES	6	31	0	16.7447	0.0176016	0.0270811
ESKAR	5	21	0	15.4482	0.0305865	0.0331952
ESKER	5	16	0	11.3597	0.0383715	0.0433855
ESKY	4	13	0	10.5342	0.063622	0.0662069
ESNE	4	307	0	233.768	0.00362887	0.00373777
ESNES	5	108	0	80.2723	0.00675175	0.00702684
ESPIAL	6	11	0	6.14169	0.0420824	0.0636097
ESPIED	6	11	0	6.62522	0.0420824	0.0599237
ESPIER	6	27	1	16.2396	0.0528356	0.0835264
ESPIERS	7	11	0	5.75685	0.036264	0.0719621
ESPRIT	6	17	0	10.0128	0.029693	0.0426207
ESS	3	366	7	290.535	0.0221646	0.0270625
ESSAY	5	14	0	9.85873	0.0427208	0.0488962
ESSE	4	95	3	72.009	0.0414038	0.0519074
ESSOIN	6	28	0	13.9714	0.0192843	0.0318676
EST	3	1232	198	953.302	0.161157	0.208139
ESTATE	6	57	5	39.9911	0.0928312	0.131863
ESTATED	7	18	3	10.5102	0.164241	0.29126
ESTATES	7	21	2	10.0637	0.103209	0.216737
ESTER	5	264	92	183.898	0.346556	0.498113
ESTERS	6	79	26	55.4324	0.322957	0.463681
ESTOILE	7	15	1	5.52842	0.0825819	0.214351
ESTOP	5	71	0	50.8572	0.0100985	0.0109403
ESTOPS	6	21	0	13.3628	0.0248213	0.0331537
ESTRADE	7	19	4	6.63612	0.201455	0.549362
ESTRAL	6	71	0	39.162	0.00813582	0.012231
ESTRAY	6	29	0	18.7484	0.0186888	0.0244299
ESTREAT	7	20	2	8.07003	0.107609	0.261376
ESTRIN	6	101	0	60.9845	0.00579749	0.0079743
ESTRINS	7	29	0	11.1899	0.0161535	0.0414172
ESTRIOL	7	23	0	7.20998	0.0198166	0.0601061
ESTRO	5	253	15	180.811	0.0613837	0.0852319
ESTRONE	7	28	3	8.82961	0.112032	0.338147
ESTROS	6	74	5	44.6058	0.0724366	0.118727
ESTRUAL	7	12	0	5.07527	0.0339181	0.0792989
ESTRUM	6	15	0	9.07065	0.032924	0.0463422
ESTRUS	6	22	0	12.9961	0.0238433	0.0339798
ESTS	4	235	10	181.345	0.0464228	0.0591002
ETA	3	1116	68	855.262	0.0617839	0.0803639
ETAGE	5	49	1	34.5778	0.0333138	0.043185
ETAGES	6	22	1	14.2816	0.0632445	0.0937476
ETALON	6	45	0	21.6406	0.0125081	0.0214052
ETALONS	7	15	0	2.66686	0.0284054	0.123953
ETAMIN	6	46	2	24.5181	0.0527571	0.0952857
ETAMINE	7	11	0	4.39402	0.036264	0.0882964
ETAMINS	7	23	0	8.68407	0.0198166	0.0514991
ETAPE	5	53	1	36.2704	0.0309613	0.041273
ETAPES	6	24	1	14.8353	0.0586247	0.0906117
ETAS	4	571	41	420.289	0.0731723	0.0989912
ETAT	4	230	0	168.669	0.00481899	0.00515664
ETATISM	7	10	0	3.60584	0.0389586	0.101639
ETATS	5	131	0	94.0212	0.00559841	0.00602026
ETCH	4	101	39	77.4513	0.379373	0.496852
ETCHER	6	16	10	10.7988	0.547223	0.838805
ETCHERS	7	11	6	7.1044	0.451253	0.749346
ETCHES	6	19	11	12.9635	0.518551	0.783245
ETEN	4	253	0	183.878	0.00438903	0.00473657
ETENS	5	120	0	82.3631	0.00609647	0.0068526
ETERNAL	7	16	0	5.90422	0.0269456	0.0705508
ETH	3	497	83	388.22	0.168044	0.214835
ETHAL	5	55	1	38.0376	0.0299054	0.0394493
ETHALS	6	25	0	15.548	0.0213229	0.0289579
ETHANE	6	18	0	11.3544	0.0283042	0.0382469
ETHE	4	123	23	92.687	0.188846	0.250072
ETHER	5	64	20	45.2009	0.306806	0.436345
ETHERS	6	33	13	22.3984	0.373974	0.559764
ETHIC	5	29	0	20.9524	0.0230909	0.0252203
ETHICS	6	13	0	7.90659	0.0369441	0.0519466
ETHION	6	21	0	13.4535	0.0248213	0.0329555
ETHNIC	6	10	0	6.51078	0.0452275	0.060757
ETHOS	5	70	1	50.7044	0.0238143	0.0299608
ETHS	4	220	38	170.282	0.174085	0.224629
ETHYL	5	11	0	7.91823	0.0514722	0.0585028
ETIC	4	191	0	146.19	0.00577894	0.00593455
ETICS	5	80	0	55.9479	0.00901189	0.00997856
ETIOLIN	7	10	0	5.16029	0.0389586	0.078303
ETNA	4	382	0	280.001	0.0029252	0.00312676
ETNAS	5	172	0	115.312	0.0042916	0.00492728
ETOILE	6	38	4	22.9322	0.111289	0.182548
ETOILES	7	22	3	8.41245	0.138435	0.352221
ETRIER	6	40	0	25.1212	0.0139498	0.0186294
ETRIERS	7	18	0	6.50682	0.0244341	0.0653131
ETTIN	5	88	1	57.2697	0.0191369	0.0266397
ETTINS	6	41	0	23.939	0.0136355	0.0194877
ETTLE	5	32	0	20.959	0.0211475	0.0252131
ETTLES	6	21	0	14.3703	0.0248213	0.0310777
ETUDE	5	32	0	23.1033	0.0211475	0.0230558
ETUDES	6	16	0	10.3401	0.0312252	0.0414637
EUGE	4	14	0	10.3978	0.0602348	0.0668896
EUGH	4	20	0	16.195	0.0456522	0.0464998
EUK	3	24	0	18.6341	0.0428346	0.0440592
EUPAD	5	10	0	6.29417	0.0552445	0.0700155
EURO	4	118	0	91.3845	0.00921476	0.00938698
EUROS	5	57	0	39.0919	0.0124297	0.0140759
EVADE	5	18	0	11.8727	0.0348259	0.0417765
EVADER	6	10	0	5.15468	0.0452275	0.0727436
EVE	3	46	22	38.2276	0.463365	0.563719
EVEN	4	27	5	19.6633	0.192912	0.261687
EVENS	5	13	3	8.69421	0.225525	0.335856
EVENT	5	15	2	10.7807	0.147698	0.202352
EVENTS	6	10	1	5.86228	0.119966	0.197858
EVER	4	37	12	27.044	0.314273	0.431393
EVERT	5	14	0	10.5755	0.0427208	0.0461001
EVES	4	32	12	24.4879	0.356992	0.471768
EVET	4	30	0	23.7732	0.0325275	0.0332503
EVETS	5	14	0	11.0416	0.0427208	0.0444471
EVIL	4	40	0	29.0795	0.0252642	0.0277197
EVILS	5	11	0	8.06259	0.0514722	0.05766
EVITE	5	26	5	17.8084	0.194092	0.282178
EVITED	6	10	2	6.35754	0.194705	0.309541
EVITES	6	12	2	8.12305	0.169386	0.254014
EVO	3	87	0	67.78	0.013204	0.0132257
EVOS	4	32	0	24.72	0.0307589	0.0321072
EWE	3	60	10	50.5568	0.174838	0.206191
EWER	4	44	3	34.7751	0.0846889	0.103312
EWERS	5	21	2	16.4522	0.11174	0.140017
EWES	4	49	9	40.1328	0.188374	0.230106
EWEST	5	27	0	20.6662	0.0245979	0.0255393
EWT	3	142	0	113.633	0.00823239	0.00800138
EWTS	4	68	0	53.4192	0.015545	0.0157235
EXO	3	12	2	10.0799	0.199237	0.23381
EYALET	6	12	0	7.38839	0.0393462	0.0549023
EYAS	4	65	1	49.5136	0.0305433	0.036004
EYE	3	50	12	40.7521	0.244157	0.299287
EYED	4	26	2	19.9896	0.101724	0.126437
EYEN	4	32	0	25.0839	0.0307589	0.0316885
EYER	4	41	8	32.2997	0.199448	0.252952
EYERS	5	26	5	20.4473	0.194092	0.248944
EYES	4	37	10	29.9797	0.266407	0.331814
EYING	5	12	0	7.43286	0.0481822	0.0615263
EYNE	4	42	0	32.5081	0.0241842	0.0250297
EYOT	4	47	0	36.2312	0.0218491	0.0226436
EYRE	4	56	0	43.9139	0.0186139	0.0189214
EYRES	5	30	0	22.1934	0.0224046	0.0239245
FAA	3	54	1	44.7218	0.0379264	0.0408917
FAAN	4	20	0	15.801	0.0456522	0.0474835
FAAS	4	30	1	25.7538	0.0612768	0.0659395
FAB	3	42	9	34.1186	0.221438	0.271537
FACE	4	29	17	23.4509	0.536695	0.680692
FACED	5	11	7	8.16556	0.52946	0.748487
FACER	5	15	6	10.5757	0.362236	0.524783
FACES	5	20	11	15.4954	0.4971	0.663334
FACET	5	16	4	11.3358	0.241988	0.344343
FACETS	6	13	4	7.39571	0.281145	0.493709
FACT	4	30	4	24.1344	0.147525	0.181188
FACTS	5	17	1	12.4881	0.0849513	0.109217
FAD	3	98	43	76.4703	0.433044	0.556646
FADE	4	57	29	45.2143	0.487694	0.622109
FADED	5	11	0	8.58401	0.0514722	0.0548082
FADEIN	6	14	0	9.15636	0.0348184	0.045977
FADER	5	35	18	26.7968	0.485287	0.646062
FADERS	6	15	6	11.2359	0.359367	0.501741
FADES	5	36	16	28.5782	0.422598	0.54288
FADIER	6	15	1	10.5919	0.0873312	0.121845
FADO	4	30	0	22.5023	0.0325275	0.0349189
FADS	4	32	10	25.6356	0.30262	0.382465
FAE	3	177	32	138.697	0.183364	0.2333
FAENA	5	14	0	9.85786	0.0427208	0.0488998
FAERIE	6	15	0	8.47394	0.032924	0.0490552
FAERY	5	13	0	9.2158	0.0452874	0.0517095
FAG	3	49	15	40.004	0.305282	0.375232
FAGIN	5	11	0	7.40894	0.0514722	0.0616834
FAGS	4	19	8	15.8197	0.383939	0.476562
FAH	3	99	4	79.3082	0.0504738	0.0602876
FAHS	4	40	2	31.4806	0.0699235	0.0840826
FAIL	4	48	31	37.5834	0.60874	0.789095
FAILS	5	20	11	14.1985	0.4971	0.716576
FAIN	4	74	31	56.9364	0.407845	0.533547
FAINE	5	33	4	21.7793	0.129727	0.192849
FAINED	6	14	4	9.97542	0.264969	0.3848
FAINER	6	17	2	13.2211	0.127829	0.167336
FAINES	6	22	1	14.5117	0.0632445	0.0924182
FAINEST	7	11	0	4.60266	0.036264	0.0853312
FAINS	5	34	13	24.3402	0.365358	0.51629
FAINT	5	34	7	23.4572	0.205973	0.298154
FAINTS	6	15	3	8.69494	0.196145	0.33609
FAIR	4	71	32	56.0421	0.437185	0.558641
FAIRED	6	19	6	12.8475	0.295137	0.446231
FAIRER	6	10	3	6.33835	0.269444	0.434388
FAIREST	7	13	5	7.726	0.335657	0.592343
FAIRS	5	34	18	25.0522	0.498178	0.687791
FAITH	5	17	0	11.7012	0.0365128	0.0423009
FAKE	4	11	7	8.64095	0.515185	0.687761
FALL	4	24	17	17.9198	0.629924	0.862204
FALLS	5	10	7	6.72095	0.568263	0.873064
FALSE	5	42	1	32.0003	0.0384228	0.0464627
FALSED	6	17	0	11.0615	0.029693	0.0391234
FALSER	6	25	0	16.2134	0.0213229	0.0278834
FALSIE	6	17	0	10.0836	0.029693	0.0423649
FALTER	6	14	6	8.61979	0.380044	0.628702
FAME	4	47	20	36.6186	0.408073	0.529503
FAMED	5	18	5	12.9974	0.265829	0.372948
FAMES	5	22	10	17.5597	0.419337	0.541942
FAN	3	153	87	120.276	0.561535	0.716486
FAND	4	40	15	31.652	0.360209	0.460752
FANDS	5	16	6	12.5585	0.343797	0.453107
FANE	4	78	23	60.5406	0.2915	0.376942
FANES	5	49	14	36.8371	0.280252	0.375758
FANG	4	24	12	18.3686	0.456214	0.607997
FANGS	5	11	5	7.49029	0.392892	0.590313
FANNER	6	10	4	6.82207	0.344183	0.526868
FANO	4	68	3	52.4154	0.0567632	0.0703195
FANON	5	12	0	9.55069	0.0481822	0.0502048
FANOS	5	28	2	19.4932	0.0870223	0.120168
FANS	4	66	23	51.2404	0.340919	0.441786
FANSITE	7	10	0	3.93401	0.0389586	0.0956227
FAP	3	47	14	39.2301	0.297657	0.358205
FAR	3	197	140	156.325	0.702242	0.88762
FARAD	5	11	0	7.92385	0.0514722	0.0584695
FARCE	5	10	1	7.86785	0.128533	0.160569
FARCI	5	16	1	11.7732	0.0892757	0.114903
FARD	4	50	15	38.3548	0.294458	0.385752
FARDEN	6	13	1	9.14826	0.0979944	0.138031
FARDS	5	20	6	14.1221	0.285636	0.40905
FARE	4	136	85	106.246	0.611801	0.787435
FARED	5	46	16	33.0676	0.337474	0.473297
FARER	5	31	6	22.5412	0.194944	0.268484
FARERS	6	11	2	7.3911	0.181165	0.274422
FARES	5	86	62	65.9869	0.700028	0.921
FARL	4	42	10	32.5475	0.237935	0.307725
FARLE	5	22	8	16.7527	0.341349	0.458429
FARLES	6	16	7	10.3294	0.392423	0.62249
FARLS	5	16	3	12.1349	0.191084	0.253863
FARM	4	22	4	17.0922	0.191589	0.245258
FARO	4	83	4	65.31	0.0584554	0.0716883
FAROS	5	36	1	27.067	0.0442378	0.0543597
FARREN	6	11	1	8.03174	0.111624	0.153836
FARRO	5	17	0	11.3102	0.0365128	0.0435475
FARROS	6	13	0	8.40656	0.0369441	0.0493816
FARS	4	98	52	78.9405	0.516926	0.646798
FARSE	5	70	38	54.6153	0.526226	0.681902
FARSED	6	17	8	11.5099	0.422236	0.642535
FARSES	6	16	10	11.0573	0.547223	0.821832
FART	4	97	57	76.0004	0.571128	0.734357
FARTED	6	14	4	9.74546	0.264969	0.392519
FARTS	5	55	33	39.4071	0.575564	0.811731
FAS	3	178	100	142.553	0.555832	0.696065
FASH	4	46	13	37.9544	0.278268	0.340492
FAST	4	101	55	80.8169	0.530626	0.668156
FASTED	6	22	6	15.7426	0.260251	0.372246
FASTEN	6	22	7	13.0168	0.299652	0.508966
FASTER	6	33	17	23.8117	0.483924	0.685449
FASTI	5	41	7	29.8821	0.173678	0.237992
FASTIE	6	19	4	10.0898	0.205771	0.381074
FASTS	5	23	13	17.0911	0.516192	0.712755
FAT	3	188	132	149.006	0.693496	0.877691
FATE	4	115	73	89.9185	0.618878	0.796672
FATED	5	39	17	30.2859	0.416319	0.545142
FATES	5	62	43	48.2085	0.666524	0.868653
FATHER	6	12	6	8.03836	0.429465	0.666165
FATS	4	109	53	86.5715	0.475741	0.602771
FATSIA	6	18	0	10.158	0.0283042	0.0420994
FATSO	5	40	0	28.8009	0.0172712	0.0187852
FATTER	6	10	6	7.23832	0.49366	0.725665
FAUN	4	19	3	15.701	0.17371	0.209694
FAUR	4	21	3	17.3403	0.160235	0.192645
FAUT	4	22	2	18.0444	0.116916	0.138223
FAUTS	5	12	1	9.2404	0.112101	0.140889
FAW	3	41	11	32.2893	0.270722	0.343414
FAWN	4	10	0	8.57086	0.0765327	0.0776153
FAWS	4	15	3	12.3342	0.208832	0.256273
FAY	3	26	8	19.8138	0.305997	0.401107
FAYS	4	12	4	10.349	0.305742	0.370815
FEAL	4	78	26	59.2301	0.32774	0.433248
FEALED	6	12	3	8.75452	0.234405	0.334178
FEALS	5	29	8	21.163	0.268153	0.370988
FEAR	4	114	49	85.6767	0.42204	0.563668
FEARE	5	53	20	39.4799	0.366385	0.496587
FEARED	6	14	6	8.94457	0.380044	0.609553
FEARER	6	11	2	6.92233	0.181165	0.289309
FEARES	6	29	14	20.1854	0.451055	0.661968
FEARS	5	47	21	36.0395	0.429537	0.567866
FEART	5	47	0	35.78	0.014884	0.0153112
FEASE	5	40	8	29.9844	0.200569	0.268535
FEASED	6	10	4	6.8664	0.344183	0.524148
FEASES	6	10	1	6.78349	0.119966	0.176421
FEAST	5	49	14	37.0234	0.280252	0.373962
FEASTS	6	11	5	4.84023	0.389789	0.838516
FEAT	4	94	26	69.1007	0.274655	0.373791
FEATED	6	16	6	11.2681	0.340824	0.500498
FEATER	6	26	4	17.4365	0.156744	0.234921
FEATS	5	52	16	38.7044	0.301085	0.407688
FECAL	5	12	1	9.96555	0.112101	0.132321
FECIT	5	11	0	8.21322	0.0514722	0.0568062
FED	3	150	25	115.319	0.170065	0.220174
FEDORA	6	12	0	8.76984	0.0393462	0.0476713
FEDS	4	65	12	49.6504	0.188174	0.245541
FEE	3	91	60	75.6723	0.643736	0.77995
FEEB	4	14	0	11.1091	0.0602348	0.0634748
FEED	4	40	16	32.6295	0.382539	0.476255
FEEDS	5	15	8	12.0459	0.469505	0.612504
FEEL	4	36	12	28.5818	0.321979	0.410268
FEELS	5	18	6	14.1466	0.31203	0.408427
FEEN	4	33	8	26.7672	0.241678	0.300247
FEENS	5	17	7	13.5912	0.375582	0.487325
FEER	4	59	24	46.5368	0.394011	0.504144
FEERIN	6	10	0	5.80455	0.0452275	0.0664602
FEERS	5	30	13	23.7335	0.408795	0.528481
FEES	4	57	26	45.8639	0.439137	0.55219
FEET	4	48	17	38.5976	0.343506	0.431776
FEG	3	55	8	43.2921	0.15578	0.195213
FEGS	4	14	3	11.5964	0.21995	0.269385
FEH	3	117	4	90.8912	0.0429699	0.0528061
FEHM	4	13	0	9.70189	0.063622	0.0706064
FEHS	4	56	1	44.072	0.0350658	0.0401819
FEIGN	5	10	1	6.86501	0.128533	0.178818
FEINT	5	38	1	26.6751	0.0421133	0.0551037
FEINTS	6	25	0	13.7269	0.0213229	0.032372
FEIS	4	98	8	73.4085	0.0888413	0.116544
FEIST	5	46	5	30.917	0.115899	0.169664
FELID	5	12	0	6.29842	0.0481822	0.0699795
FELL	4	22	9	17.5463	0.378271	0.485261
FELLA	5	14	2	9.67727	0.156069	0.221541
FELON	5	22	0	15.711	0.0293938	0.0327015
FELONS	6	10	0	4.87976	0.0452275	0.0757743
FELT	4	55	13	42.4097	0.236377	0.306955
FELTS	5	31	5	22.4427	0.16608	0.228587
FEM	3	74	10	57.8427	0.143486	0.181273
FEMAL	5	14	0	8.87996	0.0427208	0.0533117
FEME	4	14	0	10.144	0.0602348	0.0681989
FEMES	5	10	0	7.23901	0.0552445	0.062823
FEMS	4	34	2	27.3728	0.0807411	0.0955212
FEN	3	195	90	154.352	0.458134	0.579909
FEND	4	54	22	42.3125	0.393502	0.507016
FENDER	6	10	6	7.41278	0.49366	0.711802
FENDS	5	26	13	21.4839	0.463954	0.579196
FENI	4	98	5	75.5567	0.0596537	0.0750748
FENIS	5	57	2	40.7068	0.0454087	0.0604195
FENITAR	7	12	0	5.26216	0.0339181	0.0771422
FENS	4	103	29	81.6249	0.279555	0.35388
FENT	4	87	41	68.1531	0.45903	0.59012
FENTS	5	56	28	42.8837	0.482084	0.637295
FEOD	4	37	0	26.9723	0.0270782	0.0296801
FEODS	5	15	0	11.277	0.0404295	0.0436566
FER	3	264	92	203.024	0.347675	0.452274
FERAL	5	39	4	27.3475	0.111474	0.156207
FERALS	6	13	1	8.62271	0.0979944	0.145045
FERE	4	101	35	76.4624	0.34156	0.452598
FERER	5	24	1	17.8964	0.0634405	0.0794671
FERES	5	52	21	38.9555	0.390941	0.527393
FEREST	6	29	2	19.4634	0.0804554	0.118023
FERIA	5	48	0	34.3187	0.0145958	0.0159279
FERIAE	6	15	0	8.97716	0.032924	0.0467473
FERIAL	6	17	0	9.67114	0.029693	0.0438991
FERIAS	6	27	0	14.8504	0.0199191	0.0301772
FERINE	6	19	0	11.7418	0.0270395	0.037146
FERM	4	32	2	24.3452	0.0851311	0.106166
FERMI	5	10	0	7.25569	0.0552445	0.0627093
FERN	4	84	19	64.082	0.226747	0.297203
FERNS	5	39	7	28.2963	0.181823	0.250466
FES	3	249	82	194.708	0.328768	0.420628
FESS	4	42	9	32.9008	0.21656	0.276689
FESSE	5	13	2	9.54878	0.165446	0.224014
FEST	4	136	48	107.21	0.348986	0.444269
FESTA	5	65	1	48.9274	0.0255489	0.031007
FESTAL	6	24	0	13.6633	0.0221016	0.032506
FESTAS	6	15	0	8.85071	0.032924	0.0473065
FESTER	6	23	12	16.2232	0.477831	0.696684
FESTS	5	28	3	20.8356	0.118623	0.156962
FESTY	5	13	3	10.4333	0.225525	0.288723
FET	3	231	88	181.307	0.379466	0.483958
FETA	4	116	4	87.2454	0.0424845	0.0542291
FETAL	5	34	2	24.5084	0.0731522	0.0973977
FETAS	5	55	3	39.2184	0.0640091	0.0868888
FETCH	5	17	3	12.5958	0.181828	0.245823
FETE	4	70	8	54.0269	0.122105	0.156277
FETED	5	30	1	22.2541	0.0521269	0.065165
FETES	5	42	4	31.2279	0.104148	0.137942
FETID	5	22	0	16.6122	0.0293938	0.0311146
FETING	6	13	0	7.56603	0.0369441	0.0538519
FETOR	5	45	0	33.4023	0.015496	0.0163407
FETORS	6	23	0	16.0505	0.0229395	0.0281391
FETS	4	138	47	109.212	0.337094	0.427407
FETT	4	37	8	27.0276	0.218541	0.297628
FETTA	5	19	0	13.0015	0.033288	0.0386242
FETTS	5	20	4	14.8238	0.201051	0.272775
FETUS	5	18	1	13.8197	0.0810265	0.0999992
FEU	3	67	4	52.9283	0.0731989	0.0890079
FEUAR	5	15	0	11.3252	0.0404295	0.0434983
FEUD	4	14	2	10.8762	0.166711	0.21055
FEUS	4	24	2	19.6133	0.108792	0.128557
FEW	3	33	8	26.5107	0.248221	0.308344
FEWS	4	10	4	8.71063	0.347105	0.423493
FEY	3	46	4	35.3773	0.103897	0.130309
FEYS	4	16	2	12.9302	0.150669	0.183097
FIAR	4	79	1	60.4	0.0254396	0.0298045
FIARS	5	41	0	30.7377	0.0168843	0.0176724
FIAT	4	83	3	63.8442	0.0470638	0.0582645
FIATED	6	19	0	13.5388	0.0270395	0.0327712
FIATS	5	44	1	32.2552	0.0368099	0.0461166
FIB	3	30	7	24.4059	0.240727	0.295273
FIBRE	5	10	0	8.04896	0.0552445	0.0577386
FIBS	4	10	2	7.80755	0.211819	0.271329
FICE	4	25	5	20.7425	0.205866	0.249703
FICES	5	14	3	11.8211	0.212743	0.259645
FICO	4	18	0	15.0642	0.0496597	0.0494395
FID	3	101	36	80.2116	0.35406	0.446765
FIDES	5	23	1	18.0256	0.0658215	0.0789534
FIDO	4	31	1	23.7811	0.0595644	0.0708287
FIDOS	5	17	1	11.8531	0.0849513	0.114238
FIDS	4	34	11	25.5606	0.312799	0.418707
FIE	3	206	102	166.365	0.491268	0.609726
FIEF	4	19	0	14.1538	0.0475717	0.0520907
FIELD	5	20	0	14.3917	0.0318801	0.0353401
FIEND	5	22	0	15.3198	0.0293938	0.0334419
FIENT	5	39	0	28.4981	0.0176762	0.0189719
FIER	4	130	18	100.206	0.141942	0.183292
FIERE	5	41	0	29.8554	0.0168843	0.0181625
FIERES	6	20	0	12.4727	0.0258829	0.0352331
FIERS	5	69	7	52.9529	0.106736	0.138001
FIERY	5	14	0	9.65646	0.0427208	0.0497477
FIEST	5	80	4	59.3846	0.0568332	0.0746264
FIESTA	6	37	0	22.9731	0.0149862	0.0202501
FIFE	4	16	1	12.4972	0.102554	0.122997
FIFER	5	10	0	6.52726	0.0552445	0.0680923
FIG	3	53	9	41.3512	0.17876	0.226697
FIGO	4	10	0	6.66095	0.0765327	0.0932461
FIGS	4	17	3	13.1742	0.189658	0.242816
FIL	3	116	60	93.5837	0.509707	0.634475
FILA	4	62	2	45.9115	0.0468891	0.0591847
FILAR	5	25	0	16.4654	0.0263154	0.0313625
FILE	4	70	35	52.7082	0.483147	0.646204
FILED	5	25	9	17.778	0.340509	0.485281
FILER	5	29	12	19.3251	0.390685	0.59096
FILES	5	40	21	28.4289	0.498429	0.710088
FILET	5	27	1	17.5863	0.05723	0.0807281
FILETS	6	16	1	9.44713	0.0828249	0.134336
FILL	4	17	16	13.1276	0.786441	1
FILLE	5	12	12	9.70963	0.815213	1
FILM	4	15	2	12.2278	0.158285	0.191641
FILO	4	42	1	33.0025	0.0455592	0.0525975
FILOS	5	19	0	14.045	0.033288	0.0361058
FILOSE	6	12	0	6.9018	0.0393462	0.0580012
FILS	4	47	11	36.0399	0.234272	0.305802
FILTER	6	10	3	6.56903	0.269444	0.422298
FILTH	5	11	0	7.10251	0.0514722	0.0637694
FILTRE	6	11	0	6.78713	0.0420824	0.0587831
FIN	3	160	105	126.066	0.647284	0.824269
FINAL	5	21	0	13.5259	0.0305865	0.0373161
FINALS	6	11	0	5.1652	0.0420824	0.0726324
FINCA	5	13	0	9.65306	0.0452874	0.0497622
FIND	4	51	23	37.7142	0.432591	0.589198
FINDER	6	18	10	14.0977	0.496032	0.663855
FINDERS	7	10	6	6.39948	0.484783	0.815296
FINDS	5	17	11	12.4812	0.569336	0.8018
FINE	4	95	54	70.288	0.55251	0.750701
FINED	5	37	12	25.906	0.313787	0.45139
FINER	5	53	26	35.1349	0.472309	0.716509
FINERS	6	26	15	18.8799	0.53115	0.75247
FINES	5	56	35	38.8754	0.599446	0.871279
FINEST	6	30	3	17.136	0.108003	0.185628
FINI	4	31	2	22.601	0.0875102	0.11345
FINIS	5	16	0	9.72657	0.0383715	0.0494492
FINO	4	58	2	42.7886	0.0498765	0.0632368
FINOS	5	24	1	17.7853	0.0634405	0.0799143
FINS	4	84	24	64.0712	0.283064	0.371997
FIORD	5	13	0	9.92763	0.0452874	0.0486127
FIR	3	172	86	134.352	0.495261	0.635452
FIRE	4	117	62	88.771	0.518391	0.686556
FIRED	5	48	22	34.844	0.440583	0.613484
FIRER	5	27	12	19.867	0.416182	0.576288
FIRERS	6	11	5	7.9253	0.389789	0.570287
FIRES	5	73	43	52.9366	0.570865	0.793836
FIRIE	5	22	1	15.3616	0.0683882	0.0910973
FIRIES	6	15	1	9.36349	0.0873312	0.13535
FIRK	4	11	5	8.05339	0.388471	0.541028
FIRM	4	15	1	11.6107	0.107737	0.130552
FIRN	4	54	5	41.0135	0.104305	0.134234
FIRNS	5	21	2	14.2965	0.11174	0.158585
FIRS	4	86	14	66.7483	0.166676	0.213944
FIRST	5	46	1	33.1223	0.0353269	0.0449767
FIRTH	5	24	1	16.7431	0.0634405	0.0843678
FIRTHS	6	11	0	7.10203	0.0420824	0.0566846
FISC	4	22	1	17.4753	0.0795796	0.0928323
FISH	4	52	8	41.0433	0.160811	0.202533
FISHER	6	13	3	7.70489	0.220095	0.371398
FIST	4	97	36	75.8932	0.364808	0.468575
FISTED	6	16	6	11.8559	0.340824	0.478827
FISTS	5	17	7	12.1557	0.375582	0.53689
FIT	3	172	88	137.586	0.50662	0.63506
FITCH	5	11	1	7.2563	0.119756	0.171225
FITNA	5	35	0	22.9777	0.0195058	0.023172
FITNAS	6	13	0	7.93621	0.0369441	0.0517872
FITS	4	88	39	69.2171	0.432528	0.553642
FITT	4	18	9	13.8396	0.444683	0.59321
FITTE	5	10	7	7.78054	0.568263	0.778077
FIVE	4	10	6	7.82185	0.482391	0.64674
FLAB	4	15	3	12.1977	0.208832	0.258601
FLACON	6	10	0	5.60556	0.0452275	0.0682658
FLAG	4	20	0	16.0946	0.0456522	0.0467464
FLAIR	5	24	3	16.1039	0.135787	0.19808
FLAIRS	6	14	2	7.31048	0.149894	0.276873
FLAM	4	22	3	17.4466	0.154253	0.191635
FLAME	5	12	2	9.06744	0.176021	0.233794
FLAN	4	64	14	48.7976	0.219986	0.288342
FLANE	5	32	5	21.786	0.161421	0.234909
FLANED	6	14	3	10.3396	0.207431	0.290252
FLANES	6	22	1	12.7551	0.0632445	0.103635
FLANS	5	32	6	22.4983	0.189475	0.268955
FLAP	4	21	4	16.2151	0.19902	0.256557
FLARE	5	37	8	25.2378	0.215373	0.315402
FLARED	6	15	2	10.4313	0.141738	0.205757
FLARES	6	19	3	12.5261	0.161088	0.2457
FLASER	6	11	0	7.86902	0.0420824	0.0521501
FLASH	5	11	0	7.74295	0.0514722	0.0595597
FLAT	4	61	19	45.7965	0.306025	0.40898
FLATS	5	36	13	25.7693	0.346926	0.48968
FLAW	4	20	9	16.3866	0.408797	0.514557
FLAWS	5	11	4	7.76365	0.324608	0.470859
FLAY	4	12	2	8.52337	0.186577	0.254211
FLEA	4	74	11	56.9625	0.153984	0.198783
FLEAM	5	14	1	10.777	0.0993949	0.12389
FLEAS	5	32	3	23.9814	0.105311	0.137927
FLED	4	53	4	40.6043	0.0888043	0.112472
FLEE	4	33	12	25.9704	0.347544	0.447478
FLEER	5	18	5	12.8638	0.265829	0.37631
FLEES	5	19	6	13.9518	0.29825	0.413428
FLEET	5	16	2	11.3574	0.14018	0.193588
FLEETS	6	11	2	7.91067	0.181165	0.259616
FLEG	4	17	0	13.6436	0.0519394	0.0537045
FLESH	5	28	1	22.8222	0.0554214	0.0636713
FLEW	4	18	1	15.5438	0.0935511	0.102595
FLIC	4	19	2	15.4607	0.131664	0.157756
FLIED	5	21	5	15.0463	0.23347	0.328012
FLIER	5	28	6	20.315	0.213426	0.295319
FLIERS	6	12	4	8.14745	0.299425	0.456093
FLIES	5	39	8	27.5505	0.205273	0.290684
FLIEST	6	21	0	12.483	0.0248213	0.0352075
FLIM	4	11	3	8.79263	0.261756	0.334411
FLING	5	10	3	6.35438	0.27511	0.430389
FLINT	5	21	3	14.2367	0.152316	0.220916
FLIP	4	12	3	9.23303	0.24616	0.322195
FLIR	4	41	2	30.4394	0.0683963	0.0867147
FLIRS	5	16	0	10.8227	0.0383715	0.0452083
FLIRT	5	21	1	14.5036	0.0711632	0.0958448
FLIRTS	6	10	1	6.52417	0.119966	0.181971
FLIT	4	47	12	36.5561	0.253583	0.327189
FLITE	5	28	2	19.4014	0.0870223	0.120684
FLITES	6	17	2	10.2759	0.127829	0.208423
FLITS	5	24	7	17.3394	0.28048	0.392673
FLOAT	5	22	3	14.7178	0.146377	0.214544
FLOATS	6	15	2	8.04459	0.141738	0.256055
FLOC	4	19	2	13.7527	0.131664	0.174011
FLOE	4	39	1	30.8747	0.0486809	0.0559187
FLOES	5	25	1	19.4395	0.0612258	0.0737365
FLOG	4	13	0	10.0327	0.063622	0.0687893
FLOP	4	13	4	10.6902	0.28855	0.361454
FLOR	4	39	6	31.0587	0.162879	0.203188
FLORA	5	19	1	12.3407	0.0774483	0.110343
FLORAE	6	10	0	5.84186	0.0452275	0.0661322
FLORET	6	14	0	10.4576	0.0348184	0.0410638
FLORETS	7	10	0	3.20631	0.0389586	0.11007
FLORS	5	13	2	9.06279	0.165446	0.233892
FLOTA	5	19	0	13.4929	0.033288	0.0373958
FLOTE	5	23	0	16.2043	0.0282907	0.0318134
FLOTES	6	15	0	8.36564	0.032924	0.049582
FLOW	4	12	1	8.68775	0.126995	0.163704
FLU	3	45	6	34.5447	0.146769	0.187309
FLUE	4	13	0	9.64788	0.063622	0.0709122
FLUS	4	16	1	12.4386	0.102554	0.12347
FLUTE	5	10	1	7.0796	0.128533	0.174572
FLY	3	22	1	16.7052	0.0844726	0.100711
FOAL	4	36	13	28.4485	0.346499	0.443996
FOALS	5	18	7	13.36	0.35823	0.49468
FOAM	4	16	1	12.807	0.102554	0.12056
FOB	3	25	4	20.4378	0.178941	0.215379
FOCAL	5	10	1	7.28075	0.128533	0.170772
FOCI	4	23	1	18.111	0.0767154	0.0900133
FOE	3	126	41	100.283	0.32445	0.408146
FOEHN	5	14	0	11.0336	0.0427208	0.0444745
FOEN	4	53	0	42.5988	0.0195803	0.0194692
FOES	4	79	30	64.8576	0.37157	0.456326
FOG	3	39	11	29.6691	0.283292	0.371432
FOGS	4	10	2	7.1478	0.211819	0.289283
FOH	3	74	2	57.5737	0.0410193	0.0487968
FOHN	4	27	0	23.0593	0.0355977	0.0341673
FOID	4	30	0	21.7686	0.0325275	0.0359607
FOIDS	5	13	0	8.84331	0.0452874	0.0534926
FOIL	4	37	13	29.7038	0.338206	0.426861
FOILS	5	14	5	10.0458	0.326091	0.464647
FOIN	4	53	6	40.626	0.123416	0.158447
FOINS	5	25	1	18.7963	0.0612258	0.0760216
FOIST	5	28	1	20.0297	0.0554214	0.0717574
FOLATE	6	15	4	9.78992	0.250553	0.391003
FOLD	4	15	0	11.6967	0.0571901	0.060906
FOLIA	5	20	0	14.4843	0.0318801	0.0351411
FOLIAR	6	10	0	3.54865	0.0452275	0.0949222
FOLIE	5	20	4	13.831	0.201051	0.289926
FOLIES	6	14	4	8.88574	0.264969	0.42434
FOMES	5	16	5	12.4962	0.292893	0.38588
FON	3	128	63	102.889	0.48611	0.606903
FOND	4	33	10	24.6719	0.294611	0.39587
FONDA	5	14	0	11.2457	0.0427208	0.0437602
FONDER	6	14	4	10.6329	0.264969	0.364318
FONDS	5	14	8	10.9541	0.496114	0.664293
FONE	4	61	21	45.9398	0.336428	0.448793
FONES	5	37	14	28.7451	0.362994	0.474789
FONS	4	64	13	51.0307	0.205448	0.257817
FONT	4	56	18	43.6706	0.314747	0.406172
FONTAL	6	10	0	5.29542	0.0452275	0.0712841
FONTS	5	31	9	23.1573	0.281538	0.381344
FOO	3	58	38	46.0233	0.631545	0.803155
FOOD	4	16	3	13.6035	0.198784	0.236469
FOOL	4	21	6	17.563	0.276589	0.337702
FOOS	4	30	9	25.2885	0.291271	0.351614
FOOT	4	29	18	23.9707	0.566295	0.704809
FOOTS	5	15	10	11.4839	0.576774	0.786895
FOP	3	40	11	31.5977	0.276865	0.350391
FOPS	4	15	3	11.6326	0.208832	0.268711
FOR	3	165	112	128.942	0.669544	0.8595
FORA	4	84	15	65.5708	0.181694	0.232249
FORAM	5	21	1	15.611	0.0711632	0.0898039
FORANE	6	20	0	10.8909	0.0258829	0.0396528
FORB	4	13	1	9.90517	0.119854	0.148046
FORCE	5	14	1	10.0503	0.0993949	0.131387
FORD	4	44	9	34.5888	0.207681	0.264205
FORDS	5	15	3	9.69308	0.201333	0.307064
FORE	4	104	66	81.4716	0.61711	0.793461
FOREL	5	24	2	16.471	0.0996138	0.139874
FORES	5	63	44	48.0484	0.671528	0.891431
FOREST	6	37	23	23.4027	0.584576	0.935448
FORM	4	36	14	28.8496	0.371018	0.469946
FORME	5	21	6	15.4041	0.274046	0.378848
FORMES	6	11	3	8.29559	0.250706	0.349492
FORMS	5	14	8	10.6877	0.496114	0.678283
FORT	4	71	35	55.6283	0.476772	0.613921
FORTE	5	46	19	32.2977	0.397903	0.571509
FORTED	6	20	9	15.241	0.410828	0.560143
FORTES	6	29	13	19.4498	0.420172	0.637731
FORTH	5	15	0	10.5404	0.0404295	0.0462294
FORTIES	7	10	4	3.95802	0.336175	0.813592
FORTIS	6	14	0	7.08024	0.0348184	0.0568249
FORTS	5	40	18	28.8948	0.429692	0.602131
FOSS	4	24	7	19.3826	0.282503	0.355063
FOSSE	5	15	6	12.4002	0.362236	0.458104
FOSTER	6	18	7	12.17	0.355714	0.539997
FOU	3	58	31	43.1355	0.518777	0.700468
FOUD	4	18	3	14.4092	0.181334	0.225413
FOUER	5	13	0	9.66807	0.0452874	0.049698
FOUET	5	10	0	7.23077	0.0552445	0.0628794
FOUL	4	15	9	11.1907	0.512115	0.705345
FOUND	5	12	6	9.20395	0.431698	0.589275
FOUR	4	22	9	16.4022	0.378271	0.514139
FOURS	5	13	7	9.63225	0.465841	0.653775
FOUS	4	29	6	21.5323	0.211092	0.282664
FOUTH	5	10	3	7.10427	0.27511	0.394777
FOY	3	32	8	24.1069	0.255102	0.336258
FOYS	4	10	4	7.80727	0.347105	0.459482
FRA	3	200	56	155.266	0.280303	0.360966
FRAB	4	22	2	17.6138	0.116916	0.141135
FRACT	5	23	2	16.2791	0.103352	0.141346
FRACTS	6	15	0	8.86611	0.032924	0.0472377
FRAE	4	103	2	77.954	0.0290529	0.0357073
FRAG	4	26	6	20.7768	0.231664	0.291714
FRAIL	5	27	6	19.1443	0.22039	0.311702
FRAILS	6	14	2	9.27913	0.149894	0.227313
FRAIM	5	13	0	10.2047	0.0452874	0.0475054
FRAISE	6	23	1	14.6886	0.0608471	0.0914222
FRAME	5	20	2	15.4405	0.116466	0.148159
FRAMES	6	10	2	6.43077	0.194705	0.306759
FRANC	5	16	0	10.3613	0.0383715	0.0469016
FRAP	4	31	6	23.3978	0.199294	0.262554
FRAPE	5	16	3	10.8909	0.191084	0.27844
FRAPS	5	11	3	7.17723	0.256324	0.391624
FRAS	4	104	14	80.1636	0.139097	0.179359
FRASS	5	15	0	10.2455	0.0404295	0.0473465
FRAT	4	105	26	79.4432	0.247136	0.326797
FRATE	5	72	8	49.3628	0.115722	0.167139
FRATER	6	19	0	14.4479	0.0270395	0.0309284
FRATI	5	46	0	30.7412	0.0151838	0.0176705
FRATS	5	66	12	45.3593	0.183127	0.265815
FRAU	4	31	1	24.9665	0.0595644	0.0678075
FRAUD	5	13	0	9.01202	0.0452874	0.0526699
FRAUS	5	13	0	9.21312	0.0452874	0.0517219
FRAY	4	13	0	10.7511	0.063622	0.0651489
FREE	4	46	7	36.7656	0.160119	0.199157
FREED	5	24	3	17.0411	0.135787	0.188309
FREER	5	17	1	12.3167	0.0849513	0.110528
FREES	5	31	4	23.243	0.137216	0.181648
FREEST	6	20	1	12.7635	0.0686547	0.103574
FREET	5	28	0	19.955	0.0238206	0.0263682
FREETS	6	18	0	11.7468	0.0283042	0.0371323
FREIT	5	55	0	41.0379	0.0128536	0.0134388
FREITS	6	23	0	12.4708	0.0229395	0.0352376
FREMD	5	13	0	10.1617	0.0452874	0.0476738
FRERE	5	19	0	13.741	0.033288	0.036805
FRERES	6	10	0	6.65508	0.0452275	0.05971
FRESCO	6	14	0	10.3655	0.0348184	0.0413766
FRESH	5	32	2	23.9143	0.0772568	0.0996341
FRET	4	125	10	93.887	0.0857692	0.112546
FRETS	5	74	8	53.062	0.112742	0.155902
FRIAR	5	14	0	10.778	0.0427208	0.0453671
FRIED	5	34	7	25.2038	0.205973	0.278982
FRIER	5	29	6	22.5423	0.206888	0.268473
FRIERS	6	14	3	10.2906	0.207431	0.291435
FRIES	5	62	14	46.2206	0.224752	0.302575
FRIG	4	27	3	20.4354	0.129986	0.167009
FRIS	4	77	5	59.5496	0.0749714	0.0943418
FRISE	5	52	1	37.9094	0.0315178	0.0395762
FRISEE	6	12	0	6.28365	0.0393462	0.0624814
FRISES	6	14	1	8.17512	0.092356	0.151607
FRIST	5	35	2	25.0041	0.0712593	0.095607
FRIT	4	78	17	60.3406	0.219022	0.283144
FRITES	6	30	3	19.3523	0.108003	0.166104
FRITH	5	14	1	9.2998	0.0993949	0.140146
FRITS	5	36	8	25.1917	0.220806	0.315938
FRITT	5	12	2	8.74269	0.176021	0.240889
FRO	3	149	26	114.584	0.177708	0.2301
FROE	4	69	3	54.8787	0.0559938	0.0673175
FROES	5	42	1	31.4318	0.0384228	0.0472538
FROG	4	11	1	7.28595	0.135041	0.186405
FROISE	6	15	0	8.73033	0.032924	0.0478515
FROM	4	24	3	18.7698	0.143534	0.179891
FROND	5	12	2	9.09518	0.176021	0.233207
FRONS	5	27	3	19.2213	0.122494	0.168925
FRONT	5	28	4	18.9991	0.150224	0.218431
FRONTS	6	13	2	7.55084	0.159045	0.269694
FRORE	5	15	0	10.6386	0.0404295	0.045869
FRORN	5	12	0	8.09247	0.0481822	0.0574886
FROS	4	68	7	54.3779	0.111721	0.137836
FROSH	5	13	0	9.61191	0.0452874	0.0499392
FROST	5	39	0	29.3125	0.0176762	0.0184778
FROTH	5	17	1	12.2753	0.0849513	0.110849
FRUIT	5	12	2	9.06816	0.176021	0.233778
FRUST	5	19	1	13.919	0.0774483	0.0993739
FRUSTA	6	10	0	6.17736	0.0452275	0.0633224
FRY	3	31	0	24.0541	0.0342857	0.035048
FUD	3	34	4	26.9341	0.136643	0.167756
FUDS	4	13	3	10.5067	0.232318	0.291409
FUEL	4	16	3	13.1341	0.198784	0.243426
FUERO	5	13	0	10.0262	0.0452874	0.048213
FUG	3	24	4	17.8737	0.185315	0.242556
FULL	4	10	6	8.09536	0.482391	0.630539
FUM	3	23	6	17.722	0.266032	0.343544
FUME	4	11	4	9.41372	0.325113	0.399159
FUN	3	57	27	45.3925	0.461777	0.583808
FUND	4	20	9	15.7865	0.408797	0.531149
FUNDI	5	10	4	7.29361	0.348398	0.49478
FUNS	4	25	8	19.1124	0.306593	0.405026
FUR	3	65	24	51.7179	0.364863	0.460243
FURAN	5	13	0	9.21787	0.0452874	0.0516999
FURL	4	18	1	14.0074	0.0935511	0.111961
FURS	4	30	10	24.3764	0.32002	0.400171
FURY	4	10	0	8.10089	0.0765327	0.0809545
FUSC	4	11	0	8.48625	0.0716838	0.078196
FUSE	4	44	11	36.1821	0.248679	0.304688
FUSED	5	18	3	13.7925	0.173428	0.227147
FUSEE	5	11	1	8.96962	0.119756	0.14438
FUSEL	5	12	0	9.65759	0.0481822	0.0497428
FUSES	5	10	1	8.4368	0.128533	0.151781
FUSIL	5	10	0	7.29668	0.0552445	0.0624316
FUSS	4	12	5	9.52715	0.365325	0.476466
FUST	4	26	7	20.3189	0.264149	0.340698
GAB	3	53	16	41.488	0.301408	0.385319
GABLE	5	15	7	11.4578	0.415871	0.564818
GABLES	6	10	7	5.16804	0.568399	1
GABS	4	18	6	14.3665	0.313008	0.400501
GACH	4	28	5	22.2842	0.187028	0.23437
GAD	3	126	37	96.1032	0.293699	0.384869
GADE	4	71	20	52.9935	0.278839	0.374162
GADES	5	30	9	21.2653	0.289906	0.412412
GADI	4	50	0	38.9523	0.0206526	0.0211687
GADIS	5	15	0	9.99104	0.0404295	0.0483548
GADS	4	38	9	29.1409	0.236807	0.309236
GADSO	5	16	0	11.1329	0.0383715	0.0441373
GAE	3	278	37	214.537	0.135434	0.1748
GAED	4	107	2	77.4711	0.0280133	0.0359221
GAEING	6	11	0	7.72641	0.0420824	0.0529375
GAEN	4	135	1	100.137	0.015248	0.0183016
GAES	4	158	23	118.899	0.148242	0.196221
GAG	3	26	7	20.0305	0.272745	0.35275
GAGE	4	18	1	12.8274	0.0935511	0.120402
GAGER	5	12	0	8.26763	0.0481822	0.0565039
GAGES	5	11	1	7.54795	0.119756	0.165972
GAGS	4	14	5	10.2276	0.326426	0.450894
GAID	4	57	7	41.9912	0.131612	0.175934
GAIDS	5	20	3	13.8631	0.158758	0.226134
GAIN	4	125	53	90.7232	0.41709	0.57602
GAINED	6	27	12	17.9994	0.414917	0.633927
GAINER	6	30	14	19.3419	0.437542	0.688481
GAINERS	7	16	11	11.1618	0.59226	0.902776
GAINEST	7	20	0	10.2837	0.0223509	0.044573
GAINS	5	47	17	29.6799	0.350556	0.555582
GAINST	6	17	0	7.87456	0.029693	0.05212
GAIR	4	109	17	82.4245	0.15935	0.209793
GAIRS	5	49	12	32.6354	0.242262	0.363584
GAIT	4	112	27	85.5183	0.240885	0.315644
GAITED	6	18	4	12.7377	0.215395	0.311276
GAITER	6	34	5	19.942	0.149951	0.253913
GAITERS	7	17	2	8.55171	0.123389	0.248986
GAITS	5	50	12	32.5584	0.237746	0.364395
GAK	3	14	3	11.4124	0.232518	0.283485
GAL	3	187	92	144.683	0.487782	0.63161
GALA	4	36	3	26.9852	0.101301	0.130311
GALAH	5	12	0	7.5978	0.0481822	0.0604644
GALAS	5	16	0	10.8572	0.0383715	0.0450866
GALE	4	116	56	85.5555	0.473007	0.643646
GALEAS	6	18	0	7.94216	0.0283042	0.0517553
GALED	5	31	9	19.2179	0.281538	0.452285
GALENA	6	19	0	9.87489	0.0270395	0.0431276
GALERE	6	20	0	11.9449	0.0258829	0.0365938
GALERES	7	12	0	4.2257	0.0339181	0.0908431
GALES	5	54	35	38.6886	0.620244	0.875283
GALIOT	6	11	0	5.66332	0.0420824	0.0677316
GALL	4	30	19	22.3277	0.578764	0.790613
GALLS	5	12	5	8.19018	0.367778	0.549604
GALORE	6	10	0	5.25339	0.0452275	0.0717138
GALS	4	70	18	53.1983	0.255824	0.337093
GALUT	5	18	0	13.183	0.0348259	0.0381611
GAM	3	116	57	92.6667	0.484722	0.609051
GAMA	4	25	4	19.3655	0.172291	0.22013
GAMAS	5	11	3	8.55612	0.256324	0.340267
GAMB	4	10	1	8.04207	0.144176	0.173433
GAME	4	70	43	52.7294	0.590123	0.789966
GAMED	5	24	15	17.7738	0.569866	0.789451
GAMER	5	43	22	30.9411	0.487811	0.686261
GAMERS	6	18	12	12.8736	0.589578	0.856597
GAMES	5	34	21	25.29	0.577871	0.791887
GAMEST	6	15	1	9.73115	0.0873312	0.131004
GAMETE	6	10	7	5.68019	0.568399	1
GAMIC	5	14	0	9.24273	0.0427208	0.0515851
GAMIER	6	20	3	10.7724	0.154198	0.280193
GAMIEST	7	11	2	4.45912	0.174594	0.416884
GAMIN	5	28	6	17.8015	0.213426	0.332884
GAMINE	6	16	4	9.29367	0.237624	0.408622
GAMINES	7	11	3	5.43723	0.243759	0.500922
GAMONE	6	11	0	5.13436	0.0420824	0.0729593
GAMP	4	12	1	9.461	0.126995	0.153399
GAMS	4	41	9	31.1212	0.22129	0.291195
GAMUT	5	15	2	10.5235	0.147698	0.206522
GAN	3	248	138	195.699	0.552229	0.701145
GANCH	5	12	2	7.2295	0.176021	0.28056
GANDER	6	14	6	9.29451	0.380044	0.590185
GANDERS	7	10	5	6.57334	0.410479	0.675776
GANE	4	132	38	98.8977	0.286083	0.382266
GANG	4	21	11	15.4386	0.470511	0.650788
GANGS	5	10	5	5.72615	0.421686	0.725828
GANS	4	92	31	69.9599	0.331993	0.438076
GANT	4	99	44	73.2335	0.434861	0.590146
GANTED	6	15	6	9.91177	0.359367	0.558864
GANTS	5	47	25	31.5866	0.508519	0.762487
GAOL	4	48	0	37.1424	0.0214351	0.0221273
GAOLER	6	12	0	6.77061	0.0393462	0.0588974
GAOLS	5	20	0	13.5779	0.0318801	0.0371914
GAP	3	62	22	49.0667	0.35116	0.445104
GAPE	4	24	12	17.8671	0.456214	0.622736
GAPER	5	14	7	10.1714	0.43944	0.624716
GAPES	5	13	10	9.40728	0.646078	0.930663
GAPO	4	25	0	19.0777	0.0379882	0.0403791
GAPOS	5	13	0	8.91202	0.0452874	0.0531545
GAPS	4	23	6	17.2828	0.256678	0.342409
GAR	3	273	161	211.64	0.585412	0.756371
GARB	4	29	6	22.1952	0.211092	0.275175
GARBE	5	12	2	8.38685	0.176021	0.249174
GARBO	5	10	0	6.54807	0.0552445	0.0679257
GARDA	5	16	0	11.0069	0.0383715	0.0445661
GARDEN	6	17	3	11.9596	0.176897	0.255876
GARE	4	178	84	131.863	0.46575	0.630238
GARES	5	97	48	70.4984	0.484415	0.670437
GARI	4	122	12	91.9875	0.103574	0.135896
GARIS	5	49	2	31.437	0.0523091	0.0771904
GARISH	6	11	0	5.74098	0.0420824	0.0670265
GARMS	5	14	0	9.74749	0.0427208	0.0493608
GARNER	6	13	5	8.13975	0.342196	0.557882
GARNET	6	20	5	12.5128	0.239742	0.386459
GARNETS	7	13	3	4.73419	0.214137	0.556432
GARNI	5	43	2	26.9463	0.0590377	0.0891829
GAROTE	6	24	0	13.4718	0.0221016	0.0329156
GAROTES	7	11	0	5.27627	0.036264	0.0769843
GARRE	5	24	12	16.5361	0.461346	0.680077
GARRED	6	10	6	6.65019	0.49366	0.77666
GARRES	6	10	4	6.78544	0.344183	0.529137
GARRET	6	12	4	7.78308	0.299425	0.473582
GARROT	6	10	1	5.42008	0.119966	0.210113
GARS	4	119	31	88.5922	0.259578	0.348786
GART	4	123	41	92.3112	0.329709	0.440266
GARTER	6	25	11	18.1887	0.408921	0.577667
GARTH	5	26	1	16.1357	0.0591605	0.0871999
GARTHS	6	10	0	6.00288	0.0452275	0.0647532
GAS	3	245	131	194.451	0.530776	0.670037
GASES	5	40	24	30.5683	0.567166	0.755615
GASH	4	61	15	49.1552	0.24522	0.305597
GASHED	6	11	3	8.46253	0.250706	0.343761
GASHER	6	14	5	9.07725	0.322506	0.509438
GASLIT	6	10	0	5.48282	0.0452275	0.0694291
GASMEN	6	10	0	6.10285	0.0452275	0.0639256
GASP	4	27	5	21.0082	0.192912	0.246918
GASSER	6	10	4	6.41845	0.344183	0.553001
GAST	4	127	61	97.131	0.471466	0.619129
GASTED	6	22	10	17.0715	0.417855	0.558794
GASTER	6	40	18	29.185	0.428888	0.598629
GASTREA	7	12	0	6.36185	0.0339181	0.0665008
GASTS	5	26	8	19.2755	0.29529	0.403965
GAT	3	254	164	199.902	0.640136	0.815074
GATE	4	164	110	123.125	0.658426	0.880402
GATED	5	44	22	30.6081	0.477572	0.693278
GATER	5	93	58	66.7408	0.607936	0.852668
GATERS	6	42	27	31.0372	0.608312	0.839536
GATES	5	92	61	70.0533	0.645658	0.855106
GATH	4	73	19	55.7136	0.258814	0.339691
GATHER	6	23	7	13.1927	0.288293	0.502963
GATHERS	7	11	5	8.05963	0.382089	0.571905
GATHS	5	31	7	21.3863	0.223809	0.324603
GATING	6	12	5	6.72812	0.364445	0.651111
GATOR	5	43	3	29.2086	0.0804763	0.114794
GATORS	6	16	2	8.17382	0.134425	0.25271
GATS	4	121	38	92.5329	0.311101	0.407782
GAU	3	92	13	73.1887	0.147829	0.184158
GAUD	4	22	1	16.7449	0.0795796	0.0962974
GAULT	5	12	0	9.26218	0.0481822	0.0514957
GAUM	4	19	1	15.4644	0.0896176	0.10304
GAUN	4	39	4	30.262	0.1172	0.14763
GAUNT	5	16	3	12.0617	0.191084	0.255188
GAUP	4	10	2	7.90914	0.211819	0.268761
GAUR	4	31	1	23.7148	0.0595644	0.0710058
GAURS	5	10	1	6.3088	0.128533	0.190848
GAUS	4	32	4	25.5078	0.139503	0.172404
GAVE	4	10	4	7.52742	0.347105	0.471905
GAW	3	45	10	36.6532	0.228278	0.279511
GAWS	4	15	2	11.4026	0.158285	0.202758
GAY	3	48	13	37.1901	0.272738	0.351413
GAYER	5	12	3	8.28373	0.23994	0.349316
GAYS	4	13	6	9.77627	0.401014	0.546415
GEAL	4	92	23	67.4321	0.249334	0.339967
GEALS	5	37	12	26.2974	0.313787	0.445138
GEAN	4	118	27	88.1652	0.229114	0.306461
GEANS	5	47	12	32.2534	0.251829	0.367643
GEAR	4	146	71	106.769	0.478377	0.655926
GEARE	5	60	28	41.4477	0.451786	0.65838
GEARED	6	16	8	10.9592	0.444023	0.670441
GEARES	6	29	18	18.952	0.574589	0.894976
GEARS	5	66	41	46.2647	0.599526	0.862193
GEASON	6	19	0	10.5165	0.0270395	0.0408659
GEAT	4	126	31	91.6588	0.245684	0.337466
GEATS	5	60	14	41.7231	0.231815	0.333728
GED	3	178	34	137.297	0.193342	0.249949
GEDS	4	60	12	44.0874	0.202697	0.274659
GEE	3	128	58	103.651	0.448253	0.555423
GEED	4	57	14	42.5684	0.24491	0.327912
GEEP	4	16	0	11.5972	0.0544384	0.061326
GEES	4	80	19	59.8919	0.237445	0.31706
GEEST	5	35	0	23.8521	0.0195058	0.022387
GEIST	5	76	1	47.7657	0.0220203	0.0317314
GEIT	4	131	1	94.3531	0.0156972	0.0193908
GEITS	5	74	0	44.0781	0.00970828	0.0125513
GEL	3	182	37	138.926	0.205308	0.268289
GELANT	6	18	0	8.97599	0.0283042	0.0467524
GELATE	6	15	3	8.55433	0.196145	0.340689
GELATES	7	11	3	3.64451	0.243759	0.671824
GELATI	6	19	2	12.3934	0.116405	0.17715
GELATO	6	12	1	6.7419	0.104366	0.177288
GELD	4	35	1	26.1215	0.0535755	0.0651016
GELID	5	22	0	13.2104	0.0293938	0.0380923
GELS	4	58	7	42.5438	0.129515	0.173791
GELT	4	71	8	50.9874	0.120494	0.165105
GELTS	5	33	6	21.2171	0.184305	0.283824
GEM	3	122	28	97.689	0.23163	0.288896
GEMINI	6	10	0	5.42633	0.0452275	0.0699781
GEMOT	5	13	0	8.40442	0.0452874	0.0557581
GEMS	4	51	9	39.3517	0.18162	0.234367
GEN	3	307	123	235.069	0.39927	0.521772
GENA	4	143	5	107.255	0.0414892	0.0534562
GENAL	5	48	1	30.3966	0.0339589	0.0487657
GENAS	5	67	1	43.9508	0.0248256	0.0343682
GENE	4	67	18	48.9356	0.266516	0.364855
GENERA	6	20	0	12.7835	0.0258829	0.034478
GENES	5	39	11	26.0437	0.275621	0.41346
GENET	5	27	0	16.3905	0.0245979	0.0314905
GENETS	6	13	0	7.58544	0.0369441	0.0537395
GENIAL	6	27	1	13.6279	0.0528356	0.097741
GENIC	5	33	0	20.0111	0.0205704	0.0263009
GENIE	5	50	3	31.0068	0.0699751	0.108533
GENIES	6	27	3	15.3991	0.118668	0.204463
GENII	5	19	0	11.4154	0.033288	0.043205
GENIPS	6	12	0	7.0201	0.0393462	0.057216
GENISTA	7	19	0	9.62302	0.0233462	0.0471944
GENITAL	7	13	0	5.53738	0.0318572	0.0741719
GENITOR	7	13	0	5.61104	0.0318572	0.0734153
GENIUS	6	10	0	5.29106	0.0452275	0.0713284
GENNET	6	10	1	7.68643	0.119966	0.159484
GENNIES	7	10	2	6.25368	0.187567	0.321748
GENOA	5	34	0	21.2953	0.020024	0.0248484
GENRE	5	38	0	24.297	0.0181007	0.0220076
GENRES	6	17	0	10.0277	0.029693	0.0425665
GENROS	6	18	0	10.3327	0.0283042	0.0414894
GENS	4	145	48	109.895	0.328016	0.433688
GENT	4	131	42	97.1489	0.317648	0.428965
GENTES	6	16	0	10.4583	0.0312252	0.0410615
GENTIL	6	19	0	10.4646	0.0270395	0.04104
GENTS	5	54	17	36.3506	0.307986	0.45884
GENTY	5	14	0	9.87832	0.0427208	0.0488153
GENUA	5	24	0	16.4829	0.0272673	0.0313328
GEO	3	175	3	136.432	0.0234682	0.0282893
GEODE	5	10	0	8.411	0.0552445	0.0557227
GEOID	5	14	0	10.0071	0.0427208	0.0482899
GEOS	4	91	1	71.3564	0.0222525	0.0254023
GER	3	325	72	249.697	0.22245	0.289235
GERAHS	6	16	0	11.4962	0.0312252	0.0378365
GERE	4	107	23	79.516	0.215876	0.290074
GERES	5	60	18	43.0325	0.294664	0.412922
GERLE	5	24	1	16.2109	0.0634405	0.0868389
GERLES	6	14	1	7.35062	0.092356	0.165389
GERM	4	55	4	42.2982	0.0858334	0.10825
GERMIN	6	11	2	7.59218	0.181165	0.268496
GERMS	5	18	1	13.9039	0.0810265	0.0994686
GERNE	5	40	2	26.7641	0.0630957	0.0897487
GERNES	6	17	1	10.3486	0.0787609	0.124301
GERS	4	164	17	120.481	0.107424	0.145043
GERT	4	144	4	106.171	0.0344892	0.0448129
GESSE	5	15	0	9.96984	0.0404295	0.0484407
GEST	4	159	50	118.583	0.312189	0.419125
GESTE	5	53	9	35.6164	0.172192	0.254899
GESTIC	6	14	0	7.68403	0.0348184	0.0531761
GESTS	5	30	8	21.6266	0.260183	0.363695
GET	3	276	91	214.982	0.329208	0.422799
GETA	4	145	0	108.389	0.00755371	0.00795172
GETAS	5	64	0	43.8124	0.0111435	0.0126242
GETS	4	155	44	116.746	0.282454	0.375384
GEUM	4	12	0	9.39762	0.0674127	0.0723643
GEY	3	57	2	43.4683	0.052437	0.0637876
GHAST	5	26	0	20.1274	0.0254277	0.0261624
GHAT	4	55	1	44.8229	0.0356523	0.0395486
GHATS	5	27	0	22.4077	0.0245979	0.023714
GHEE	4	19	0	14.5792	0.0475717	0.0508172
GHEES	5	12	0	7.9954	0.0481822	0.0580492
GHERAO	6	10	0	6.00327	0.0452275	0.06475
GHI	3	117	3	94.3474	0.0347105	0.0405893
GHIS	4	54	2	41.0528	0.0532704	0.0657386
GHOST	5	20	2	14.5464	0.116466	0.156184
GIANT	5	44	0	26.9642	0.0158212	0.0199781
GIANTS	6	15	0	9.37525	0.032924	0.0450699
GIB	3	43	3	34.072	0.0892751	0.107584
GIBE	4	16	2	11.7846	0.150669	0.197457
GIBER	5	10	0	6.95403	0.0552445	0.0648318
GIBES	5	11	1	7.77752	0.119756	0.162058
GIBS	4	11	0	8.28958	0.0716838	0.07958
GID	3	127	34	97.2549	0.26857	0.350334
GIDS	4	52	15	38.3755	0.284086	0.385558
GIE	3	275	61	215.198	0.222889	0.284541
GIED	4	84	6	62.3654	0.0803237	0.105607
GIEN	4	130	0	94.1559	0.00839435	0.00911873
GIES	4	156	37	114.452	0.23716	0.323039
GIF	3	53	6	41.3512	0.126196	0.1582
GIFS	4	15	0	11.1698	0.0571901	0.0631991
GIFT	4	20	6	14.8445	0.287749	0.389664
GIFTS	5	10	3	6.53752	0.27511	0.421111
GIG	3	31	7	25.1431	0.233864	0.287383
GIGA	4	15	1	11.7354	0.107737	0.129434
GIGAS	5	10	1	6.81036	0.128533	0.179932
GIGS	4	15	3	11.6454	0.208832	0.268473
GILA	4	85	3	62.9073	0.0460154	0.0590951
GILAS	5	36	0	22.5214	0.0190138	0.0236039
GILD	4	35	2	25.3087	0.0787116	0.10253
GILDER	6	10	0	5.57972	0.0452275	0.0685074
GILDS	5	12	0	8.05121	0.0481822	0.0577256
GILET	5	44	0	26.411	0.0158212	0.0203677
GILETS	6	22	0	12.581	0.0238433	0.0349661
GILL	4	33	18	24.2518	0.506343	0.697493
GILLET	6	10	5	6.95124	0.418921	0.634356
GILLS	5	14	6	9.96093	0.382766	0.551852
GILT	4	51	3	37.9894	0.0740617	0.0951754
GILTS	5	24	2	15.1044	0.0996138	0.151077
GIMEL	5	15	0	8.69929	0.0404295	0.0542154
GIN	3	333	165	257.042	0.493074	0.639447
GINCH	5	13	0	8.65507	0.0452874	0.0544413
GING	4	49	30	36.9866	0.578829	0.775805
GINGE	5	25	16	17.0178	0.584882	0.873599
GINGES	6	17	13	12.5727	0.667575	0.944607
GINGS	5	20	12	13.8057	0.539393	0.797864
GINK	4	15	5	11.085	0.309926	0.423095
GINN	4	61	11	42.6507	0.184414	0.261346
GINNED	6	10	1	4.99188	0.119966	0.22352
GINNER	6	23	6	14.0498	0.250385	0.412208
GINS	4	150	42	109.031	0.278656	0.383397
GIO	3	174	6	136.102	0.0404469	0.0500098
GIOS	4	84	0	61.9585	0.0127436	0.0136509
GIP	3	77	15	61.2987	0.199849	0.249882
GIPON	5	12	0	6.80597	0.0481822	0.065927
GIPS	4	32	7	24.5703	0.221062	0.287822
GIRD	4	60	5	44.1675	0.0946448	0.125224
GIRDS	5	31	2	21.1464	0.0794867	0.11157
GIRL	4	49	0	36.3315	0.0210366	0.0225856
GIRLS	5	12	0	8.36701	0.0481822	0.0559601
GIRN	4	91	1	64.1927	0.0222525	0.0281177
GIRNED	6	16	0	9.82691	0.0312252	0.0433068
GIRNER	6	14	0	7.38869	0.0348184	0.0549005
GIRNIE	6	14	0	7.97887	0.0348184	0.0515594
GIRNS	5	29	0	18.4524	0.0230909	0.0283093
GIRO	4	96	0	68.8923	0.0112262	0.0123311
GIRON	5	36	0	22.162	0.0190138	0.0239556
GIRONS	6	16	0	8.33659	0.0312252	0.0497252
GIROS	5	47	0	29.6431	0.014884	0.0182845
GIRR	4	24	2	16.9726	0.108792	0.145707
GIRT	4	99	6	71.6222	0.0687144	0.0924753
GIRTED	6	12	1	8.48904	0.104366	0.146945
GIRTH	5	21	2	12.2956	0.11174	0.180846
GIRTS	5	52	3	32.2798	0.0674601	0.104497
GIS	3	273	78	215.552	0.285853	0.362061
GISM	4	43	3	34.0134	0.0864613	0.105448
GISMO	5	15	0	9.55023	0.0404295	0.0502068
GIST	4	136	36	102.02	0.263748	0.351808
GISTS	5	27	1	18.3627	0.05723	0.0776438
GIT	3	245	81	193.378	0.330033	0.418378
GITANA	6	13	0	5.21663	0.0369441	0.0720939
GITANO	6	17	0	8.74019	0.029693	0.0478064
GITE	4	127	28	94.2816	0.221055	0.297456
GITES	5	76	17	51.4339	0.222912	0.329219
GITS	4	126	37	94.0385	0.291561	0.39112
GIUST	5	13	0	8.5989	0.0452874	0.0547309
GIVE	4	11	3	7.90601	0.261756	0.362046
GLACE	5	16	2	10.6329	0.14018	0.204727
GLAD	4	42	10	32.2149	0.237935	0.310646
GLADE	5	25	5	17.0938	0.200868	0.292762
GLADES	6	10	2	6.03381	0.194705	0.322466
GLADS	5	15	6	9.87059	0.362236	0.556066
GLAIR	5	32	0	21.5054	0.0211475	0.0246259
GLAIRE	6	19	0	11.9245	0.0270395	0.0366487
GLAIRES	7	10	0	4.36885	0.0389586	0.0886681
GLAIRS	6	12	0	6.72811	0.0393462	0.0591938
GLAM	4	43	6	31.6386	0.149244	0.199769
GLAMS	5	22	4	14.2142	0.185371	0.283056
GLAND	5	18	5	11.8867	0.265829	0.402867
GLANS	5	27	0	17.3098	0.0245979	0.0299881
GLARE	5	60	18	39.7962	0.294664	0.444926
GLARED	6	24	6	14.8163	0.24124	0.393099
GLARES	6	23	5	14.8049	0.212477	0.332853
GLASS	5	20	3	14.6498	0.158758	0.215422
GLAUR	5	20	0	13.3109	0.0318801	0.0378417
GLEAM	5	21	2	12.9258	0.11174	0.17319
GLEAN	5	44	6	28.8566	0.141753	0.21346
GLEANS	6	15	3	6.97259	0.196145	0.40269
GLEBA	5	13	0	10.0956	0.0452874	0.0479353
GLED	4	52	2	35.8588	0.0551467	0.0745657
GLEDS	5	21	1	13.9611	0.0711632	0.0991115
GLEE	4	37	9	27.4886	0.242474	0.326093
GLEED	5	12	0	8.66931	0.0481822	0.0543684
GLEES	5	18	2	12.6663	0.127227	0.176262
GLEET	5	18	2	11.9362	0.127227	0.185524
GLEETS	6	10	1	5.82666	0.119966	0.198792
GLEG	4	15	0	11.5142	0.0571901	0.0616811
GLEI	4	81	1	58.8998	0.0248465	0.0305289
GLEIS	5	46	1	29.1496	0.0353269	0.0507205
GLEN	4	75	5	55.5071	0.0768507	0.10088
GLENS	5	30	3	20.9978	0.111572	0.155853
GLENT	5	30	2	20.0527	0.0818493	0.117113
GLENTS	6	22	2	12.4035	0.102646	0.177024
GLEY	4	13	0	9.87041	0.063622	0.069669
GLIA	4	81	0	62.2077	0.0131893	0.0135986
GLIAL	5	14	0	8.27423	0.0427208	0.0564675
GLIAS	5	32	0	20.8758	0.0211475	0.025305
GLIB	4	11	0	8.3084	0.0716838	0.0794454
GLID	4	42	9	30.3768	0.21656	0.297724
GLIDE	5	21	7	12.0984	0.314623	0.539077
GLIDER	6	12	3	8.53632	0.234405	0.341288
GLIDES	6	10	3	7.20329	0.269444	0.392278
GLIM	4	27	5	21.0574	0.192912	0.246411
GLIME	5	16	1	10.8973	0.0892757	0.122732
GLIMES	6	10	0	5.80015	0.0452275	0.066499
GLIMS	5	12	2	9.37291	0.176021	0.227491
GLINT	5	31	8	18.613	0.252673	0.416974
GLINTS	6	12	5	6.56491	0.364445	0.663939
GLISTEN	7	11	2	4.27394	0.174594	0.430004
GLISTER	7	10	0	3.38958	0.0389586	0.106035
GLIT	4	79	15	57.748	0.192537	0.262244
GLITS	5	37	7	23.1504	0.19077	0.301797
GLOAT	5	22	2	13.1437	0.107383	0.17069
GLOATS	6	12	1	7.97575	0.104366	0.154725
GLOB	4	14	0	9.96832	0.0602348	0.0691356
GLODE	5	11	0	7.33014	0.0514722	0.0622067
GLOIRE	6	14	0	7.3495	0.0348184	0.0551377
GLOM	4	19	2	14.1904	0.131664	0.169534
GLOP	4	16	0	12.1005	0.0544384	0.0592578
GLOST	5	21	0	13.3009	0.0305865	0.0378664
GLUE	4	37	2	28.7737	0.074944	0.0912861
GLUED	5	11	1	7.46468	0.119756	0.167438
GLUER	5	15	0	9.49636	0.0404295	0.050443
GLUES	5	21	2	14.7262	0.11174	0.154501
GLUM	4	12	1	9.4132	0.126995	0.153998
GLUT	4	26	4	20.2166	0.166694	0.211999
GLUTE	5	17	4	11.3142	0.230267	0.344902
GLUTES	6	11	4	7.56745	0.320248	0.484579
GLUTS	5	14	1	8.89504	0.0993949	0.145372
GNAR	4	145	0	103.736	0.00755371	0.00829895
GNARL	5	24	0	13.431	0.0272673	0.0375463
GNARR	5	18	0	10.513	0.0348259	0.046331
GNARS	5	58	0	36.8213	0.0122281	0.0149001
GNASH	5	28	1	19.1838	0.0554214	0.0746284
GNAT	4	141	0	104.02	0.00776096	0.00827685
GNATS	5	59	0	39.4457	0.0120329	0.0139556
GNAW	4	32	2	25.6777	0.0851311	0.101202
GNAWS	5	13	1	8.93847	0.105366	0.144793
GNEISS	6	18	0	10.62	0.0283042	0.0405232
GNOME	5	20	0	13.0402	0.0318801	0.0385246
GNOMES	6	11	0	5.92496	0.0420824	0.0654133
GNOSES	6	20	0	11.0229	0.0258829	0.0392419
GNOSIS	6	13	0	8.3758	0.0369441	0.0495321
GNOW	4	16	0	11.638	0.0544384	0.0611532
GNU	3	106	1	82.1454	0.0200096	0.0228012
GNUS	4	35	0	26.3888	0.0284394	0.030273
GOA	3	157	63	121.87	0.39859	0.51424
GOAD	4	31	9	23.08	0.283131	0.381592
GOADS	5	13	6	8.72568	0.405762	0.615653
GOAF	4	21	0	15.2555	0.0438816	0.0489162
GOAL	4	51	14	37.9273	0.271253	0.365259
GOALIE	6	12	1	4.65027	0.104366	0.235508
GOALS	5	15	7	9.89309	0.415871	0.639386
GOAS	4	66	5	50.4917	0.0866222	0.11037
GOAT	4	71	21	51.5705	0.292035	0.402335
GOATIES	7	11	1	5.99964	0.105429	0.201077
GOATS	5	28	11	19.8429	0.37143	0.531055
GOATSE	6	22	0	13.1065	0.0238433	0.0337269
GOB	3	35	9	26.8508	0.261108	0.338897
GOBAR	5	12	0	7.10613	0.0481822	0.0637439
GOBI	4	13	0	9.60095	0.063622	0.07118
GOBS	4	14	4	10.5672	0.273188	0.364773
GOD	3	101	47	77.608	0.458749	0.598702
GODET	5	28	6	19.0759	0.213426	0.312715
GODETS	6	15	2	8.65112	0.141738	0.241079
GODS	4	43	14	30.4259	0.316666	0.447667
GOE	3	176	52	137.429	0.295448	0.3784
GOEL	4	47	2	35.0295	0.0604714	0.0761994
GOELS	5	19	1	12.8016	0.0774483	0.106897
GOER	4	101	23	74.2803	0.228121	0.309771
GOERS	5	47	11	34.2684	0.232083	0.319591
GOES	4	104	31	80.3628	0.29537	0.383291
GOEST	5	50	1	37.2941	0.0326928	0.0401965
GOEY	4	24	0	18.8556	0.039308	0.0407928
GOFER	5	11	0	7.77673	0.0514722	0.0593531
GOGO	4	10	0	7.42496	0.0765327	0.0862943
GOING	5	20	2	12.0926	0.116466	0.183459
GOITER	6	24	0	13.7139	0.0221016	0.0323994
GOITERS	7	12	0	5.22397	0.0339181	0.0775734
GOITRE	6	18	0	9.13199	0.0283042	0.0460803
GOLD	4	19	1	14.3677	0.0896176	0.109614
GOLDS	5	12	0	7.95326	0.0481822	0.058296
GOLE	4	72	23	52.2103	0.314279	0.433999
GOLES	5	43	18	29.0946	0.402056	0.598258
GOLF	4	13	2	10.0327	0.176086	0.224364
GOLIAS	6	10	0	4.09111	0.0452275	0.0860597
GOLP	4	11	0	7.22062	0.0716838	0.08805
GOMER	5	11	0	7.9035	0.0514722	0.0585901
GON	3	199	106	152.464	0.527899	0.690263
GONAD	5	22	0	13.807	0.0293938	0.0366507
GONE	4	100	47	73.903	0.459342	0.624097
GONER	5	52	29	34.4733	0.53471	0.811865
GONERS	6	17	5	11.1177	0.275032	0.42846
GONG	4	27	11	19.8661	0.381689	0.523794
GONGS	5	14	6	9.11247	0.382766	0.594144
GONIA	5	50	0	27.8573	0.0140516	0.0193797
GONNA	5	14	0	8.47712	0.0427208	0.0553697
GONS	4	97	24	72.1514	0.246911	0.331905
GOO	3	77	46	60.4867	0.582216	0.745692
GOOD	4	22	6	16.7331	0.266262	0.352033
GOOF	4	10	3	8.43004	0.279462	0.345186
GOOL	4	26	10	19.1465	0.361604	0.495433
GOOLS	5	12	6	8.68375	0.431698	0.618079
GOON	4	39	18	30.5223	0.436955	0.56633
GOONIE	6	11	3	6.20024	0.250706	0.441964
GOONS	5	20	11	13.4657	0.4971	0.75062
GOOR	4	37	7	27.5265	0.194608	0.259786
GOORS	5	20	1	13.1268	0.0741728	0.104592
GOOS	4	32	10	25.4982	0.30262	0.38432
GOOSE	5	23	8	16.3421	0.328538	0.468716
GOR	3	207	122	156.567	0.583694	0.773073
GORA	4	101	15	70.6716	0.152495	0.21613
GORAL	5	33	4	20.5441	0.129727	0.203434
GORALS	6	14	3	8.32563	0.207431	0.348446
GORAS	5	43	7	30.0921	0.166231	0.236432
GORE	4	135	70	97.0031	0.508869	0.71008
GORED	5	51	15	34.0602	0.288295	0.432491
GORES	5	79	48	54.9592	0.58992	0.853473
GORGE	5	10	4	7.74965	0.348398	0.471538
GORI	4	94	15	67.1091	0.163301	0.22714
GORIER	6	19	1	9.76628	0.0717223	0.130603
GORIEST	7	18	5	8.58994	0.257445	0.542171
GORIS	5	49	1	30.1621	0.0333138	0.0491217
GORM	4	32	0	22.8603	0.0307589	0.0344321
GORMS	5	15	0	9.78259	0.0404295	0.0492132
GORP	4	26	3	19.508	0.134209	0.173944
GORS	4	95	23	69.6914	0.241838	0.329374
GORSE	5	63	0	45.0659	0.0113107	0.0122877
GORSES	6	16	0	10.8974	0.0312252	0.0396323
GORY	4	15	1	12.2586	0.107737	0.124944
GOS	3	191	60	145.251	0.31374	0.412525
GOSH	4	39	6	29.5621	0.162879	0.212578
GOSHT	5	18	0	12.6646	0.0348259	0.0395141
GOSLET	6	17	0	9.13997	0.029693	0.0460464
GOSS	4	34	7	25.3893	0.209662	0.279466
GOSSE	5	20	3	13.3582	0.158758	0.233587
GOSTER	6	28	0	18.5138	0.0192843	0.0247132
GOT	3	162	71	125.66	0.434761	0.561475
GOTCH	5	12	1	7.81418	0.112101	0.16145
GOTH	4	40	6	30.7733	0.159242	0.204915
GOTHS	5	21	2	13.3858	0.11174	0.167997
GOTTA	5	15	0	10.1744	0.0404295	0.0476241
GOTTEN	6	11	5	7.39524	0.389789	0.603453
GOUT	4	25	9	18.9236	0.340169	0.454526
GOUTS	5	12	4	8.23533	0.303859	0.449072
GOV	3	16	2	12.5902	0.159537	0.194776
GOWN	4	10	1	7.93193	0.144176	0.175209
GOYS	4	14	0	10.3461	0.0602348	0.0671523
GRAAL	5	15	0	9.71081	0.0404295	0.049516
GRAB	4	25	3	18.7362	0.138715	0.180172
GRACE	5	28	2	19.9222	0.0870223	0.117812
GRACED	6	12	1	7.55226	0.104366	0.161792
GRACES	6	15	1	9.04973	0.0873312	0.139294
GRAD	4	62	18	47.7229	0.286469	0.373609
GRADE	5	42	16	29.4727	0.367048	0.52743
GRADES	6	20	8	12.48	0.368057	0.598634
GRADIN	6	12	0	6.15412	0.0393462	0.0635093
GRADS	5	25	5	18.4771	0.200868	0.272945
GRAFT	5	12	1	7.43113	0.112101	0.168037
GRAIL	5	37	10	24.4915	0.26458	0.399916
GRAILE	6	18	3	10.1937	0.168623	0.293805
GRAILS	6	12	6	7.25028	0.429465	0.724698
GRAIN	5	53	13	34.0287	0.242808	0.377295
GRAINE	6	21	1	13.3254	0.0658386	0.0997063
GRAINES	7	10	1	5.14974	0.113263	0.226359
GRAINS	6	20	6	11.4292	0.282513	0.494364
GRAIP	5	19	0	13.8008	0.033288	0.0366652
GRAITH	6	11	0	7.05936	0.0420824	0.0569601
GRAM	4	54	12	39.1912	0.223386	0.306667
GRAME	5	25	4	18.4967	0.165957	0.223796
GRAMES	6	18	4	11.9843	0.215395	0.328389
GRAMS	5	25	6	16.3166	0.235778	0.359931
GRAN	4	115	35	84.4423	0.301639	0.411211
GRANA	5	20	0	12.2026	0.0318801	0.0408032
GRAND	5	21	9	14.3561	0.395776	0.587066
GRANDE	6	11	0	6.94899	0.0420824	0.0576854
GRANITE	7	21	2	10.5667	0.103209	0.207785
GRANS	5	54	18	38.2528	0.325334	0.462003
GRANT	5	50	13	35.0271	0.256387	0.36711
GRANTS	6	26	8	14.2696	0.292892	0.53163
GRAPE	5	21	7	15.0967	0.314623	0.444309
GRAPES	6	13	5	8.71549	0.342196	0.5271
GRASP	5	16	2	11.558	0.14018	0.190715
GRASS	5	18	3	12.5983	0.173428	0.245782
GRASTE	6	32	0	22.8927	0.0171041	0.0203162
GRAT	4	145	53	105.42	0.361398	0.497811
GRATE	5	83	36	56.6916	0.42419	0.62366
GRATED	6	27	13	19.9331	0.447833	0.623497
GRATER	6	30	11	20.0624	0.347668	0.527974
GRATES	6	45	21	29.5647	0.446572	0.687259
GRATIN	6	34	4	17.446	0.123198	0.234803
GRATINE	7	17	2	9.32311	0.123389	0.231419
GRATINS	7	16	2	6.74219	0.12973	0.302929
GRATIS	6	27	0	14.6734	0.0199191	0.030503
GRAV	4	18	1	14.1284	0.0935511	0.111162
GRAVE	5	10	1	7.49508	0.128533	0.1669
GRAY	4	33	7	25.8815	0.215211	0.274674
GRAYS	5	11	3	6.94869	0.256324	0.401672
GREASE	6	23	1	14.6005	0.0608471	0.0919155
GREASED	7	10	0	4.9495	0.0389586	0.0808192
GREAT	5	79	17	53.966	0.214821	0.314313
GREATS	6	36	9	24.8452	0.24391	0.357624
GREBO	5	11	0	6.75635	0.0514722	0.0663023
GREE	4	72	27	54.5943	0.366373	0.485645
GREED	5	36	13	27.1892	0.346926	0.465826
GREEDS	6	18	4	12.4464	0.215395	0.317677
GREEN	5	27	4	19.7593	0.155126	0.210785
GREENS	6	13	2	9.59825	0.159045	0.220903
GREES	5	44	11	31.6404	0.246697	0.344588
GREET	5	36	12	25.6418	0.321702	0.455711
GREETS	6	16	6	11.8454	0.340824	0.479197
GREGO	5	15	0	10.2598	0.0404295	0.0472911
GREIN	5	70	1	44.4332	0.0238143	0.0340108
GREINS	6	24	0	13.7447	0.0221016	0.0323349
GREN	4	147	15	108.386	0.106279	0.142833
GRENS	5	66	5	46.0762	0.0826164	0.11612
GRESE	5	51	2	38.4848	0.0503946	0.0637391
GRESES	6	12	1	8.50681	0.104366	0.146689
GREW	4	25	3	17.9879	0.138715	0.186651
GREWS	5	13	1	8.84896	0.105366	0.145992
GREY	4	34	2	25.209	0.0807411	0.102895
GRICE	5	14	2	7.8542	0.156069	0.262699
GRID	4	44	12	32.2901	0.269178	0.36694
GRIDE	5	28	7	18.6954	0.245026	0.366894
GRIDES	6	17	4	10.4166	0.225964	0.370812
GRIDS	5	18	8	12.0993	0.404431	0.610178
GRIFT	5	10	2	6.15998	0.201821	0.317521
GRIG	4	17	1	12.0575	0.0978457	0.126632
GRILSE	6	12	0	6.76103	0.0393462	0.058964
GRIM	4	33	7	24.877	0.215211	0.284634
GRIME	5	19	4	12.8959	0.209929	0.308176
GRIMES	6	11	4	7.9184	0.320248	0.466933
GRIN	4	103	26	73.57	0.251721	0.351922
GRIND	5	20	4	12.4281	0.201051	0.318197
GRINS	5	40	7	22.6611	0.177657	0.307795
GRIOT	5	24	0	15.2624	0.0272673	0.0335533
GRIOTS	6	15	0	7.30282	0.032924	0.055423
GRIP	4	31	6	23.0403	0.199294	0.266183
GRIPE	5	18	2	11.0585	0.127227	0.198033
GRIPS	5	12	3	7.34976	0.23994	0.384366
GRIPT	5	11	0	7.47002	0.0514722	0.0612838
GRIS	4	91	15	65.051	0.168415	0.234027
GRISE	5	56	12	38.2097	0.213829	0.313128
GRISED	6	19	3	12.4485	0.161088	0.247046
GRISES	6	10	4	6.0273	0.344183	0.580925
GRISON	6	15	0	8.15979	0.032924	0.0506152
GRIST	5	45	1	25.9242	0.0360532	0.0565876
GRIT	4	97	28	72.0428	0.28621	0.385816
GRITH	5	20	0	11.3385	0.0318801	0.0434546
GRITS	5	49	11	28.9495	0.223266	0.374589
GROAN	5	27	2	16.6438	0.089862	0.138575
GROANS	6	10	1	4.84782	0.119966	0.228424
GROAT	5	40	3	25.3855	0.086008	0.130844
GROATS	6	16	2	9.64851	0.134425	0.219926
GROG	4	18	2	13.0936	0.137443	0.181217
GROGS	5	11	2	8.14515	0.18804	0.255135
GROIN	5	25	2	15.0755	0.0961362	0.151333
GROK	4	13	2	10.2112	0.176086	0.221293
GROMA	5	17	0	12.0432	0.0365128	0.0412679
GROMAS	6	10	0	4.565	0.0452275	0.0795698
GRONE	5	36	3	23.6492	0.0946859	0.139716
GRONED	6	11	1	6.069	0.111624	0.192606
GRONES	6	22	2	11.7784	0.102646	0.185222
GROPE	5	11	2	7.37831	0.18804	0.276089
GROSER	6	22	0	14.0317	0.0238433	0.0317457
GROSET	6	17	0	10.4617	0.029693	0.04105
GROSS	5	15	2	10.1293	0.147698	0.213256
GROT	4	81	11	62.6411	0.141419	0.18154
GROTS	5	39	3	26.6978	0.0880249	0.124852
GROUT	5	10	2	5.92423	0.201821	0.327016
GROW	4	14	2	10.5177	0.166711	0.216209
GRR	3	60	1	46.5931	0.0343749	0.0393313
GRRL	4	14	0	10.9918	0.0602348	0.0640137
GRUE	4	39	3	29.6699	0.0943602	0.119544
GRUED	5	11	3	7.27292	0.256324	0.387565
GRUEL	5	14	0	8.41818	0.0427208	0.0556841
GRUES	5	25	3	17.8628	0.131047	0.180503
GRUM	4	17	1	13.1403	0.0978457	0.118042
GRUME	5	11	0	7.61839	0.0514722	0.0603344
GRUNT	5	12	1	8.47343	0.112101	0.151248
GUAN	4	27	0	22.038	0.0355977	0.0355709
GUANO	5	11	0	6.69348	0.0514722	0.0667841
GUANS	5	11	0	7.01551	0.0514722	0.0643876
GUAR	4	31	0	25.1855	0.0316185	0.0315735
GUARS	5	12	0	8.68894	0.0481822	0.0542681
GUB	3	16	1	13.1296	0.109721	0.12383
GUDE	4	23	1	17.3753	0.0767154	0.0932922
GUDES	5	12	1	8.75497	0.112101	0.147273
GUE	3	82	11	66.1975	0.141768	0.173778
GUES	4	42	5	33.2085	0.131059	0.163312
GUID	4	19	7	14.5264	0.341893	0.454449
GUIDE	5	12	6	8.7352	0.431698	0.615105
GUILE	5	18	7	12.99	0.35823	0.506924
GUILER	6	10	4	6.4641	0.344183	0.549916
GUILES	6	12	6	7.75912	0.429465	0.685792
GUISE	5	19	1	13.6376	0.0774483	0.101167
GUISER	6	13	1	7.09352	0.0979944	0.170214
GUL	3	62	18	48.0513	0.290622	0.374844
GULA	4	35	0	27.0565	0.0284394	0.0295965
GULAR	5	16	0	10.943	0.0383715	0.0447869
GULAS	5	13	0	9.47046	0.0452874	0.0505573
GULE	4	32	10	24.5985	0.30262	0.396929
GULES	5	15	7	10.6554	0.415871	0.600747
GULET	5	17	0	10.9628	0.0365128	0.0447181
GULETS	6	11	0	7.61737	0.0420824	0.0535558
GULL	4	10	8	7.68542	0.617677	0.845465
GULP	4	10	0	7.52254	0.0765327	0.0854803
GULS	4	18	5	13.9576	0.269117	0.350666
GUM	3	30	5	23.9955	0.182031	0.224218
GUN	3	79	26	61.6054	0.327449	0.420421
GUNG	4	12	4	9.18628	0.305742	0.406719
GUNS	4	29	7	22.3195	0.240692	0.313588
GUP	3	20	3	15.3857	0.174568	0.220319
GUR	3	68	23	54.0239	0.335801	0.42374
GURL	4	14	0	10.6467	0.0602348	0.0656539
GURN	4	24	5	18.7454	0.213019	0.272824
GURS	4	22	4	16.7694	0.191589	0.249299
GUS	3	60	13	47.3165	0.221658	0.279902
GUSH	4	16	1	13.5069	0.102554	0.115392
GUST	4	27	9	21.3412	0.318764	0.409051
GUT	3	62	24	50.4684	0.381429	0.471111
GUTS	4	27	10	23.0834	0.350226	0.420143
GUTSER	6	12	0	8.18761	0.0393462	0.050473
GUV	3	12	0	9.53258	0.0748126	0.0775346
GUY	3	15	1	12.0499	0.115473	0.133054
GYAL	4	14	0	10.0191	0.0602348	0.0688625
GYAN	4	11	0	8.58907	0.0716838	0.0774915
GYM	3	16	0	13.0123	0.0599053	0.060082
GYNO	4	19	0	14.8628	0.0475717	0.0500023
GYRE	4	28	0	20.8468	0.0345119	0.0373611
GYRED	5	15	0	10.4562	0.0404295	0.0465429
GYRES	5	17	0	12.4038	0.0365128	0.0402316
GYRI	4	18	0	14.0981	0.0496597	0.0522622
GYRO	4	15	0	11.9535	0.0571901	0.0598475
GYTE	4	15	0	11.7893	0.0571901	0.0605197
GYTES	5	10	0	7.16765	0.0552445	0.0633143
HAAF	4	16	0	12.8401	0.0544384	0.0564598
HAAR	4	55	1	43.1468	0.0356523	0.0409906
HAARS	5	26	1	19.4516	0.0591605	0.0736949
HABIT	5	11	0	6.2316	0.0514722	0.0705504
HABLE	5	16	1	11.1456	0.0892757	0.120405
HABU	4	14	0	10.6976	0.0602348	0.0654064
HACK	4	11	7	8.09096	0.515185	0.72242
HAD	3	243	86	190.198	0.352941	0.451239
HADAL	5	10	0	7.66013	0.0552445	0.0600725
HADE	4	139	42	106.642	0.299975	0.391763
HADED	5	18	1	13.9878	0.0810265	0.0989451
HADES	5	74	24	55.2607	0.318808	0.429537
HADING	6	11	2	7.79906	0.181165	0.26266
HADITH	6	12	0	6.3744	0.0393462	0.0617808
HADRON	6	18	0	11.1566	0.0283042	0.0388343
HADRONS	7	13	0	3.60512	0.0318572	0.101653
HADS	4	92	29	72.4075	0.311328	0.397238
HADST	5	40	1	28.5935	0.0401835	0.0516436
HAE	3	457	64	352.688	0.141414	0.182829
HAED	4	168	8	127.264	0.0528489	0.0682955
HAEING	6	18	0	12.1839	0.0283042	0.0359648
HAEM	4	82	0	63.3651	0.0130373	0.0133608
HAEMIC	6	11	0	5.4724	0.0420824	0.0695298
HAEMIN	6	10	0	5.72909	0.0452275	0.0671335
HAEMS	5	38	0	29.0937	0.0181007	0.018608
HAEN	4	219	2	166.42	0.0139931	0.0170425
HAERES	6	54	0	35.6592	0.0105462	0.0133772
HAES	4	288	39	221.418	0.137069	0.177864
HAET	4	246	3	184.528	0.0164741	0.0207329
HAETS	5	137	2	102.564	0.0195798	0.0246629
HAFF	4	12	5	11.0273	0.365325	0.424857
HAFT	4	37	5	30.7835	0.146743	0.175096
HAFTER	6	15	2	10.252	0.141738	0.20884
HAFTS	5	20	1	15.4754	0.0741728	0.0905027
HAG	3	141	44	111.344	0.311583	0.394837
HAGG	4	11	3	8.6234	0.261756	0.339355
HAGS	4	51	17	41.3344	0.325032	0.405015
HAH	3	61	11	49.1126	0.187518	0.231361
HAHA	4	18	0	14.6402	0.0496597	0.0506398
HAHAS	5	12	0	9.60526	0.0481822	0.0499679
HAHS	4	39	7	32.422	0.185719	0.223702
HAIK	4	20	0	14.7382	0.0456522	0.0503573
HAIL	4	118	44	91.784	0.367569	0.47443
HAILED	6	20	7	14.1803	0.325285	0.47172
HAILER	6	25	8	16.2502	0.303212	0.473033
HAILERS	7	13	6	7.51331	0.396417	0.71576
HAILS	5	47	19	35.2952	0.390046	0.525525
HAILY	5	15	0	11.2332	0.0404295	0.0438015
HAIN	4	175	38	130.843	0.217659	0.290906
HAINED	6	35	2	22.213	0.0678777	0.104463
HAINS	5	71	15	47.1983	0.21105	0.3169
HAINT	5	70	1	46.0751	0.0238143	0.0328482
HAINTS	6	27	1	14.0625	0.0528356	0.0950489
HAIR	4	151	41	113.569	0.270449	0.359855
HAIRDO	6	11	0	6.04073	0.0420824	0.0644373
HAIRED	6	36	8	21.7974	0.218516	0.36145
HAIRS	5	70	23	50.451	0.322546	0.449875
HAIRST	6	26	0	15.2849	0.0205971	0.029406
HAIRY	5	13	0	8.28962	0.0452874	0.0563827
HAITH	5	24	0	16.1485	0.0272673	0.0319113
HAKE	4	21	12	15.8759	0.509296	0.68905
HALAL	5	11	0	7.45138	0.0514722	0.0614052
HALE	4	168	70	128.228	0.411679	0.540894
HALED	5	58	15	43.5375	0.255558	0.342399
HALER	5	85	19	61.9265	0.222842	0.306454
HALERS	6	42	10	27.8809	0.233697	0.354732
HALES	5	88	41	67.476	0.455605	0.598805
HALEST	6	43	0	25.9715	0.0130475	0.0180573
HALF	4	35	3	28.7986	0.103848	0.122839
HALID	5	39	0	27.6395	0.0176762	0.0195223
HALIDE	6	21	0	12.6793	0.0248213	0.0347274
HALIDES	7	11	0	5.17999	0.036264	0.0780759
HALIDS	6	16	0	8.26701	0.0312252	0.0500717
HALIER	6	32	0	18.815	0.0171041	0.0243506
HALIERS	7	15	0	9.44664	0.0284054	0.0479472
HALITE	6	34	0	21.3051	0.0161889	0.0217171
HALITES	7	22	0	8.92093	0.020595	0.0503408
HALL	4	54	30	42.0275	0.529595	0.688609
HALLO	5	22	2	15.1421	0.107383	0.150744
HALLOT	6	10	0	4.39246	0.0452275	0.0818162
HALLS	5	24	13	18.7322	0.49752	0.656225
HALM	4	36	0	28.5805	0.0277421	0.0281601
HALMS	5	12	0	8.76693	0.0481822	0.0538735
HALO	4	118	6	89.7584	0.0580813	0.0743598
HALOED	6	12	0	7.30518	0.0393462	0.0554085
HALOES	6	21	2	11.8179	0.106856	0.184682
HALOID	6	10	0	3.60929	0.0452275	0.0938418
HALON	5	50	0	32.7671	0.0140516	0.0166396
HALONS	6	21	0	10.3303	0.0248213	0.0414975
HALOS	5	60	3	41.4569	0.0589805	0.0824089
HALSE	5	78	2	60.4036	0.033729	0.0413363
HALSED	6	22	1	14.3437	0.0632445	0.0933853
HALSER	6	38	0	23.691	0.014624	0.0196779
HALSERS	7	11	0	6.9317	0.036264	0.0620643
HALSES	6	21	0	13.4915	0.0248213	0.032873
HALT	4	112	30	86.3412	0.266574	0.346377
HALTED	6	22	7	14.5516	0.299652	0.460956
HALTER	6	34	13	20.6586	0.363969	0.603283
HALTERS	7	17	4	8.33613	0.221149	0.455465
HALTS	5	60	13	43.7048	0.216103	0.297346
HAM	3	158	55	123.676	0.346771	0.443447
HAMAL	5	11	0	8.26382	0.0514722	0.0565249
HAME	4	80	18	60.6413	0.22565	0.297559
HAMED	5	33	3	25.6637	0.102438	0.129527
HAMES	5	43	9	33.5219	0.209108	0.269946
HAMOSE	6	12	0	5.61437	0.0393462	0.0681837
HAMS	4	67	17	51.8129	0.252585	0.327338
HAN	3	373	209	290.781	0.557457	0.715925
HANAP	5	12	0	8.46255	0.0481822	0.055447
HANCE	5	39	1	27.26	0.0411258	0.0540006
HANCES	6	18	1	9.93227	0.075077	0.128743
HANCH	5	14	0	10.6783	0.0427208	0.0457249
HAND	4	95	55	76.0676	0.562532	0.708379
HANDER	6	32	20	21.1462	0.582396	0.896561
HANDERS	7	13	9	7.80216	0.578697	1
HANDLE	6	17	5	12.5206	0.275032	0.386248
HANDS	5	33	22	23.336	0.620929	0.892595
HANG	4	73	35	56.6361	0.464513	0.603515
HANGER	6	12	5	8.02796	0.364445	0.56428
HANGI	5	36	5	21.5443	0.145134	0.237325
HANGIS	6	13	2	8.90211	0.159045	0.235382
HANGS	5	23	10	15.5784	0.403599	0.603172
HANK	4	17	9	11.8197	0.465096	0.675041
HANSA	5	35	0	24.554	0.0195058	0.0217942
HANSE	5	91	0	66.3665	0.00796449	0.00845697
HANSEL	6	20	0	9.80164	0.0258829	0.0434018
HANSES	6	21	0	13.001	0.0248213	0.0339686
HANT	4	155	61	118.594	0.388848	0.509683
HANTED	6	21	7	14.21	0.311943	0.470839
HANTLE	6	17	1	8.28858	0.0787609	0.149888
HANTS	5	78	32	56.8466	0.401175	0.553996
HAO	3	278	12	218.643	0.0468052	0.0584777
HAOS	4	118	5	93.3646	0.0499368	0.0611756
HAP	3	152	55	120.18	0.360102	0.45609
HAPS	4	68	24	50.7619	0.34529	0.464392
HAPU	4	20	0	13.6103	0.0456522	0.0538136
HARAM	5	16	0	8.70707	0.0383715	0.0541759
HARD	4	115	39	86.8062	0.335033	0.444994
HARDEN	6	27	7	17.6561	0.250334	0.387095
HARDENS	7	12	3	4.72303	0.22799	0.557413
HARDER	6	17	6	12.2936	0.3241	0.463868
HARDEST	7	17	5	8.52409	0.270029	0.545694
HARDIES	7	16	2	6.39777	0.12973	0.315958
HARDS	5	51	18	35.9695	0.343195	0.489816
HARDSET	7	13	0	6.28531	0.0318572	0.0671455
HARE	4	283	126	214.405	0.441761	0.584108
HARED	5	107	28	76.8856	0.259875	0.362459
HAREEM	6	14	0	8.38329	0.0348184	0.0494953
HAREM	5	61	0	43.7302	0.0116606	0.0126469
HAREMS	6	15	0	10.3973	0.032924	0.0412682
HARES	5	178	92	134.204	0.510633	0.679907
HARIM	5	20	0	12.6555	0.0318801	0.0395388
HARING	6	19	10	12.4055	0.473868	0.743388
HARISH	6	17	0	9.30854	0.029693	0.0453425
HARK	4	20	7	16.2173	0.328098	0.414091
HARKS	5	10	2	7.15604	0.201821	0.282821
HARL	4	96	12	73.2462	0.130293	0.169377
HARLED	6	16	4	10.8466	0.237624	0.35812
HARLOT	6	12	0	6.55907	0.0393462	0.0604026
HARLS	5	40	5	29.9259	0.131833	0.174938
HARM	4	60	11	45.2757	0.187261	0.247083
HARMED	6	14	2	8.98509	0.149894	0.233557
HARMEL	6	14	0	10.6303	0.0348184	0.0404894
HARMIN	6	12	3	6.96935	0.234405	0.40284
HARMS	5	22	4	14.901	0.185371	0.271525
HARN	4	142	41	108.677	0.287031	0.375645
HARNS	5	58	19	43.3281	0.320446	0.432308
HARO	4	165	3	125.571	0.0243335	0.0302533
HAROS	5	75	1	52.0253	0.0223002	0.0292277
HAROSET	7	17	0	6.98763	0.0256285	0.0616606
HARP	4	76	11	57.3042	0.150172	0.197654
HARPS	5	34	7	23.3406	0.205973	0.299528
HARPY	5	10	0	6.81308	0.0552445	0.0658736
HARRY	5	11	1	7.09586	0.119756	0.174259
HARSH	5	34	1	24.8456	0.0465881	0.0588648
HART	4	192	68	146.138	0.351307	0.462433
HARTAL	6	12	0	8.5218	0.0393462	0.0488259
HARTEN	6	39	9	23.2309	0.226644	0.380764
HARTENS	7	15	3	6.11405	0.190935	0.457029
HARTS	5	100	39	71.7388	0.383558	0.537031
HAS	3	434	209	344.137	0.479833	0.605708
HASH	4	64	12	51.6683	0.190909	0.236448
HASK	4	20	1	15.6975	0.0860016	0.101744
HASLET	6	28	0	16.8356	0.0192843	0.0269484
HASP	4	71	6	52.6124	0.0941026	0.124187
HASPS	5	12	2	8.77402	0.176021	0.240185
HASS	4	61	12	48.6181	0.199616	0.250468
HASSEL	6	13	0	8.58751	0.0369441	0.0485146
HASSLE	6	10	1	7.73291	0.119966	0.1587
HAST	4	233	109	183.299	0.463158	0.590389
HASTA	5	66	2	50.3267	0.0395406	0.049303
HASTE	5	131	63	98.4453	0.473496	0.63322
HASTED	6	34	18	24.859	0.497731	0.696064
HASTEN	6	46	18	28.3325	0.376775	0.61561
HASTES	6	44	20	31.6551	0.434892	0.61425
HASTIER	7	26	4	9.66831	0.153584	0.401666
HASTING	7	13	8	10.3465	0.517937	0.713427
HASTY	5	28	1	20.2583	0.0554214	0.0710191
HAT	3	440	257	344.144	0.58144	0.74419
HATCH	5	17	2	12.4351	0.13339	0.179093
HATE	4	269	155	203.203	0.570273	0.756625
HATED	5	81	40	60.8187	0.481469	0.646377
HATER	5	163	89	117.257	0.538594	0.751395
HATERS	6	89	49	67.1232	0.536969	0.719035
HATES	5	171	95	129.301	0.548278	0.72816
HATH	4	55	8	43.4017	0.152742	0.1922
HATING	6	24	8	14.3436	0.314286	0.529181
HATRED	6	36	1	26.2471	0.0407604	0.0536369
HATREDS	7	17	0	7.91333	0.0256285	0.055667
HATS	4	247	90	190.867	0.361944	0.469225
HATTED	6	12	10	9.73068	0.689544	0.917058
HATTER	6	28	23	22.0173	0.752237	0.990044
HATTERS	7	14	9	9.98587	0.54555	0.821853
HAUD	4	30	1	23.9139	0.0612768	0.070477
HAUF	4	14	0	11.2314	0.0602348	0.0629224
HAUL	4	35	7	27.4649	0.204392	0.260314
HAULER	6	13	2	8.21562	0.159045	0.251647
HAULS	5	16	3	12.3413	0.191084	0.250199
HAULT	5	10	0	7.54126	0.0552445	0.0608243
HAUN	4	48	8	38.0047	0.172998	0.217606
HAUNS	5	25	2	17.0815	0.0961362	0.135389
HAUNT	5	18	5	13.0863	0.265829	0.370745
HAUNTS	6	13	3	7.96032	0.220095	0.361597
HAUSE	5	37	0	27.1854	0.018546	0.0198264
HAUSED	6	11	0	7.75771	0.0420824	0.0527627
HAUSEN	6	18	0	12.0192	0.0283042	0.0363961
HAUSES	6	13	0	9.45387	0.0369441	0.0447527
HAUT	4	44	6	34.8599	0.146185	0.182692
HAUTE	5	28	3	21.0425	0.118623	0.15555
HAUTER	6	12	0	7.65721	0.0393462	0.0533282
HAVE	4	26	12	19.2439	0.426573	0.58388
HAVEN	5	11	0	6.75143	0.0514722	0.0663398
HAVER	5	16	7	11.4105	0.394701	0.566815
HAVES	5	12	5	9.27736	0.367778	0.496425
HAW	3	90	24	71.849	0.267901	0.335536
HAWED	5	10	3	8.50511	0.27511	0.341926
HAWS	4	40	14	32.3878	0.337879	0.422723
HAWSE	5	21	0	17.2299	0.0305865	0.030113
HAWSER	6	10	0	6.73996	0.0452275	0.0591108
HAY	3	109	25	83.852	0.231729	0.300455
HAYED	5	12	4	7.90672	0.303859	0.464031
HAYER	5	18	4	11.9457	0.219628	0.329238
HAYLE	5	14	0	10.1691	0.0427208	0.047645
HAYS	4	34	11	26.7312	0.312799	0.402123
HEAD	4	130	37	96.8414	0.282909	0.38012
HEADED	6	10	2	6.48702	0.194705	0.304656
HEADER	6	22	4	14.487	0.181448	0.277677
HEADS	5	49	19	37.0925	0.375228	0.501338
HEADY	5	11	0	8.25802	0.0514722	0.0565571
HEAL	4	143	56	106.592	0.386589	0.519897
HEALD	5	37	2	27.7295	0.0677529	0.08683
HEALDS	6	13	1	8.8013	0.0979944	0.142583
HEALED	6	17	5	13.088	0.275032	0.371448
HEALER	6	17	9	12.0472	0.471304	0.690098
HEALS	5	52	24	39.8976	0.444854	0.587196
HEAME	5	27	0	19.7985	0.0245979	0.0265579
HEAP	4	69	14	53.5938	0.205079	0.263829
HEAPED	6	10	3	7.26525	0.269444	0.389572
HEAPS	5	31	9	23.4224	0.281538	0.377362
HEAR	4	259	119	197.276	0.455417	0.599125
HEARD	5	74	15	52.5422	0.202896	0.285827
HEARDS	6	30	1	17.6726	0.048087	0.0773539
HEARE	5	109	45	77.3711	0.406178	0.574536
HEARER	6	20	8	13.0922	0.368057	0.573892
HEARES	6	62	30	41.8672	0.468112	0.699763
HEARIE	6	36	4	23.3239	0.116941	0.179692
HEARING	7	13	7	9.32777	0.457177	0.68845
HEARS	5	122	62	90.0223	0.499454	0.680335
HEARSE	6	45	14	30.0339	0.301884	0.456652
HEARSED	7	11	2	5.34771	0.174594	0.363643
HEART	5	110	28	79.0659	0.253015	0.352706
HEARTEN	7	15	4	5.39228	0.245111	0.646947
HEARTH	6	16	0	10.2297	0.0312252	0.0418468
HEARTIES	8	10	1	3.32979	0.113263	0.309754
HEARTS	6	58	18	36.5799	0.303114	0.483042
HEARTY	6	14	2	8.43611	0.149894	0.246183
HEAST	5	137	49	100.372	0.353755	0.484486
HEASTE	6	44	17	31.9479	0.371574	0.519799
HEASTES	7	13	6	7.09405	0.396417	0.750237
HEASTS	6	22	7	14.8989	0.299652	0.451323
HEAT	4	259	118	194.326	0.451626	0.603019
HEATED	6	25	12	18.1403	0.444157	0.629427
HEATER	6	51	31	37.3502	0.581191	0.806263
HEATERS	7	31	17	17.2838	0.508567	0.927821
HEATH	5	38	3	28.5423	0.0901386	0.117302
HEATHS	6	15	2	10.222	0.141738	0.209365
HEATING	7	11	5	7.22989	0.382089	0.625586
HEATS	5	150	67	112.58	0.440977	0.59
HEAVE	5	10	1	7.48306	0.128533	0.167113
HEBE	4	17	0	14.1031	0.0519394	0.0522468
HEBONA	6	10	0	6.25006	0.0452275	0.0627447
HECH	4	29	3	24.0818	0.122291	0.144374
HECHT	5	11	0	8.58727	0.0514722	0.0547913
HECK	4	11	4	8.20772	0.325113	0.442801
HECTARE	7	10	0	2.55697	0.0389586	0.127222
HEDER	5	56	0	39.5807	0.0126381	0.0139103
HEDERA	6	32	0	22.4746	0.0171041	0.0206673
HEDERAS	7	18	0	6.61629	0.0244341	0.0644439
HEDERS	6	20	0	13.3225	0.0258829	0.0332424
HEED	4	85	24	66.8624	0.279911	0.357096
HEEDS	5	45	12	36.6242	0.262182	0.325995
HEEL	4	66	22	52.3711	0.326791	0.414617
HEELS	5	30	13	23.3088	0.408795	0.537365
HEFT	4	40	3	32.2793	0.0922532	0.110658
HEFTE	5	14	0	10.5659	0.0427208	0.0461353
HEFTS	5	20	0	14.2642	0.0318801	0.0356179
HEGARI	6	17	0	8.77295	0.029693	0.0476572
HEGIRA	6	14	0	7.58534	0.0348184	0.0537401
HEH	3	78	5	63.4371	0.0755725	0.0899888
HEHS	4	49	2	40.0265	0.0582227	0.0673132
HEID	4	124	1	94.5831	0.0165504	0.0193451
HEIDS	5	51	0	34.9939	0.0137945	0.0156369
HEIL	4	130	15	99.8276	0.119684	0.154742
HEILED	6	14	1	8.28275	0.092356	0.149975
HEILS	5	50	10	34.8466	0.200463	0.2874
HEINIE	6	12	0	6.03439	0.0393462	0.06449
HEIR	4	195	20	150.006	0.105772	0.136652
HEIRED	6	23	3	14.9258	0.136662	0.210277
HEIRS	5	102	14	72.8203	0.139655	0.194946
HEIST	5	120	3	82.0878	0.0303595	0.0425696
HEISTED	7	11	0	5.91447	0.036264	0.0704547
HEISTER	7	22	1	10.4209	0.0598751	0.127183
HEISTS	6	16	1	10.398	0.0828249	0.123795
HELD	4	80	6	61.4093	0.0841133	0.107179
HELE	4	74	12	58.4909	0.166677	0.210138
HELED	5	31	1	24.1389	0.0506223	0.0604588
HELES	5	43	12	32.4462	0.273424	0.365583
HELIAST	7	14	0	3.11645	0.0300325	0.112163
HELING	6	12	1	6.81747	0.104366	0.175719
HELIO	5	45	0	30.6125	0.015496	0.0177404
HELIOS	6	20	0	11.4873	0.0258829	0.0378618
HELL	4	43	23	32.9883	0.505016	0.666952
HELLO	5	20	4	13.9574	0.201051	0.287624
HELLS	5	17	9	12.9805	0.472459	0.641124
HELM	4	47	3	38.5286	0.0797826	0.0939344
HELMS	5	11	2	8.48721	0.18804	0.24678
HELO	4	118	4	90.1698	0.0417924	0.0525238
HELOS	5	55	3	40.3368	0.0640091	0.0845913
HELOT	5	56	0	39.2606	0.0126381	0.0140183
HELOTS	6	29	0	17.2852	0.0186888	0.0263108
HELP	4	46	0	37.1242	0.0222793	0.0221374
HELPS	5	18	0	14.378	0.0348259	0.0353698
HEM	3	172	31	135.659	0.182892	0.231191
HEMAL	5	20	0	13.5911	0.0318801	0.0371597
HEMATIN	7	13	0	3.37129	0.0318572	0.106425
HEME	4	49	1	37.8448	0.0396296	0.0463347
HEMES	5	29	0	21.3003	0.0230909	0.0248431
HEMIC	5	17	0	11.7217	0.0365128	0.0422377
HEMIN	5	38	0	26.2152	0.0181007	0.0205093
HEMINA	6	18	0	10.5509	0.0283042	0.0407514
HEMINS	6	13	0	7.46852	0.0369441	0.0544234
HEMP	4	23	1	18.8946	0.0767154	0.0867655
HEMS	4	73	14	57.7533	0.194533	0.245713
HEN	3	443	160	349.78	0.360572	0.45689
HENCE	5	20	0	15.0192	0.0318801	0.0340339
HENCH	5	13	1	8.98628	0.105366	0.14416
HEND	4	114	41	89.3483	0.354691	0.454419
HENDS	5	43	18	33.5857	0.402056	0.522667
HENNA	5	38	1	26.1407	0.0421133	0.0561516
HENNAS	6	17	1	11.198	0.0787609	0.116127
HENNER	6	14	4	9.51048	0.264969	0.400732
HENRIES	7	13	0	3.58184	0.0318572	0.102109
HENRY	5	14	0	10.9006	0.0427208	0.0449345
HENS	4	213	54	170.179	0.253148	0.317246
HENT	4	176	56	142.41	0.316021	0.391677
HENTED	6	13	2	8.93906	0.159045	0.234566
HENTS	5	86	34	64.6763	0.387684	0.518914
HEP	3	149	20	119.608	0.138512	0.171471
HEPAR	5	39	0	28.3569	0.0176762	0.0190603
HEPARS	6	14	0	8.33793	0.0348184	0.0497186
HEPS	4	64	6	52.0605	0.103679	0.125436
HEPT	4	46	0	37.9688	0.0222793	0.021679
HER	3	572	176	442.175	0.307604	0.397931
HERALD	6	17	0	10.2901	0.029693	0.0416366
HERB	4	50	1	39.1809	0.0389063	0.0448609
HERBS	5	17	0	12.9362	0.0365128	0.0387936
HERD	4	164	19	124.813	0.119274	0.15579
HERDEN	6	23	1	16.0697	0.0608471	0.0843243
HERDER	6	14	1	8.89788	0.092356	0.141286
HERDIC	6	10	0	5.73155	0.0452275	0.0671113
HERDS	5	65	7	47.7936	0.112955	0.152311
HERE	4	199	72	149.158	0.358868	0.479562
HEREAT	6	38	0	23.8513	0.014624	0.0195546
HEREIN	6	38	0	23.1351	0.014624	0.0201181
HEREON	6	13	0	8.11473	0.0369441	0.0508471
HERES	5	119	47	88.2334	0.389367	0.527517
HERETO	6	44	0	29.9479	0.0127721	0.0157899
HERIED	6	23	0	13.5226	0.0229395	0.0328061
HERIES	6	59	0	33.0841	0.0097009	0.014367
HERIOTS	7	17	0	8.60644	0.0256285	0.0518904
HERL	4	120	6	91.5143	0.0571504	0.0729758
HERLS	5	50	4	37.2458	0.0886163	0.116768
HERM	4	92	7	72.522	0.0840166	0.104643
HERMA	5	43	0	29.1929	0.0161604	0.0185488
HERMAE	6	12	0	8.4829	0.0393462	0.0490121
HERMAI	6	20	0	13.4283	0.0258829	0.0330103
HERMIT	6	12	0	6.52305	0.0393462	0.0606665
HERMS	5	36	3	26.1346	0.0946859	0.127355
HERN	4	195	25	148.57	0.130799	0.170974
HERNIA	6	39	0	21.9633	0.014279	0.0211135
HERNIAE	7	14	0	7.68927	0.0300325	0.0570082
HERNIAS	7	19	0	7.61436	0.0233462	0.0574712
HERNS	5	80	11	57.9284	0.14052	0.193328
HERO	4	247	14	190.241	0.060097	0.0770954
HEROES	6	39	2	24.1099	0.0614711	0.0967915
HEROIC	6	16	0	8.86541	0.0312252	0.0472408
HEROIN	6	34	0	19.24	0.0161889	0.0238569
HEROINE	7	14	0	4.49653	0.0300325	0.0868143
HEROINS	7	13	0	3.73467	0.0318572	0.0991891
HEROISE	7	16	0	4.94862	0.0269456	0.0808301
HERON	5	85	1	59.739	0.0197846	0.0255735
HERONS	6	35	1	20.4159	0.0418224	0.0677669
HEROON	6	11	0	6.47248	0.0420824	0.061041
HEROS	5	124	5	90.2097	0.0450766	0.0605178
HERRY	5	11	1	7.53114	0.119756	0.166266
HERS	4	304	60	229.681	0.197975	0.261864
HERSE	5	102	29	78.03	0.28164	0.369776
HERSED	6	29	4	19.7107	0.142222	0.20999
HERSES	6	25	6	17.9931	0.23274	0.329747
HERY	4	50	0	40.1622	0.0206526	0.0205728
HERYE	5	15	0	9.8108	0.0404295	0.0490953
HES	3	602	145	473.862	0.241229	0.306374
HESP	4	98	0	78.5671	0.0110078	0.0108653
HESPS	5	14	0	11.0369	0.0427208	0.0444632
HEST	4	329	89	257.179	0.27003	0.345706
HESTS	5	63	13	49.4878	0.206375	0.263922
HET	3	534	142	415.909	0.266139	0.341644
HETAERA	7	15	0	6.92689	0.0284054	0.0620993
HETE	4	139	4	104.147	0.0356885	0.0456608
HETERO	6	40	0	28.5035	0.0139498	0.0165445
HETEROS	7	19	0	7.9867	0.0233462	0.0552414
HETES	5	94	3	68.6445	0.0384434	0.0506751
HETH	4	69	1	54.685	0.0288875	0.0327664
HETHS	5	27	0	21.061	0.0245979	0.0251014
HETING	6	22	1	11.9382	0.0632445	0.109833
HETMAN	6	11	0	5.45082	0.0420824	0.069739
HETS	4	309	87	240.34	0.280867	0.361421
HETTIE	6	12	1	8.68869	0.104366	0.144126
HEW	3	112	19	89.1716	0.174049	0.21752
HEWED	5	11	1	8.77604	0.119756	0.146984
HEWER	5	12	1	9.552	0.112101	0.137075
HEWN	4	35	2	27.8324	0.0787116	0.0940893
HEWS	4	40	9	31.834	0.226231	0.285206
HEX	3	13	2	11.2372	0.187568	0.214035
HEY	3	85	9	65.1123	0.11454	0.146965
HEYS	4	29	5	23.123	0.181492	0.226793
HIANT	5	47	0	33.3527	0.014884	0.0163637
HIATAL	6	10	0	4.27306	0.0452275	0.0834465
HIC	3	171	25	138.582	0.149666	0.183855
HICK	4	10	6	8.25012	0.482391	0.621726
HID	3	220	81	176.766	0.366854	0.457159
HIDE	4	132	59	102.02	0.43961	0.571182
HIDED	5	17	3	13.3853	0.181828	0.233175
HIDER	5	82	31	58.3511	0.370762	0.523594
HIDERS	6	31	11	22.066	0.337556	0.4835
HIDES	5	71	35	53.7054	0.478986	0.639153
HIE	3	407	164	325.996	0.40188	0.502153
HIED	4	136	17	102.976	0.128789	0.169041
HIEMAL	6	11	0	7.82332	0.0420824	0.0523999
HIEMS	5	38	0	28.1528	0.0181007	0.0191895
HIES	4	253	110	198.12	0.431104	0.551821
HIGH	4	25	2	19.6533	0.105139	0.128328
HIGHS	5	11	0	8.01106	0.0514722	0.057958
HIGHT	5	10	1	7.69605	0.128533	0.163426
HIKE	4	18	5	14.5532	0.269117	0.338647
HILA	4	118	3	88.7976	0.033648	0.0423958
HILAR	5	48	0	34.0461	0.0145958	0.0160485
HILD	4	59	4	46.0005	0.0804506	0.100041
HILI	4	40	2	31.1273	0.0699235	0.0849578
HILL	4	41	24	30.1119	0.548919	0.755566
HILLED	6	11	10	7.81175	0.737496	1
HILLER	6	16	7	10.7552	0.392423	0.601241
HILLO	5	18	1	11.7677	0.0810265	0.114948
HILLS	5	19	10	13.8052	0.474892	0.67102
HILT	4	83	12	64.138	0.149589	0.192416
HILTED	6	16	4	11.8307	0.237624	0.332112
HILTS	5	28	4	20.0683	0.150224	0.207829
HILUS	5	16	0	12.326	0.0383715	0.0404507
HIM	3	140	42	110.836	0.299864	0.378954
HIMS	4	52	11	40.437	0.213643	0.27472
HIN	3	398	212	317.2	0.530257	0.666137
HINAUS	6	10	0	5.40565	0.0452275	0.0701812
HIND	4	111	46	88.4175	0.407065	0.513855
HINDER	6	29	16	19.4837	0.512822	0.778204
HINDERS	7	15	7	10.4451	0.407641	0.624642
HINDS	5	44	20	34.9659	0.435595	0.557295
HING	4	110	46	81.0723	0.410611	0.558845
HINGE	5	39	15	23.3372	0.36942	0.615827
HINGED	6	14	8	9.22829	0.495119	0.776449
HINGER	6	20	10	13.552	0.4536	0.687578
HINGERS	7	11	8	6.63408	0.589583	1
HINGES	6	22	12	14.6579	0.496658	0.763271
HINGS	5	45	19	28.4243	0.406083	0.64437
HINS	4	190	60	148.3	0.313843	0.402879
HINT	4	157	73	121.052	0.458214	0.596446
HINTED	6	25	12	16.421	0.444157	0.689087
HINTER	6	49	25	34.0755	0.488835	0.7124
HINTERS	7	25	12	14.3975	0.440095	0.782762
HINTS	5	74	36	52.8795	0.473359	0.667014
HIOI	4	38	0	31.0833	0.0264453	0.0260815
HIOIS	5	25	0	18.3704	0.0263154	0.0284235
HIP	3	119	34	95.6221	0.286027	0.356167
HIPS	4	51	16	39.4571	0.307106	0.399347
HIPT	4	37	3	29.1006	0.0988769	0.121676
HIRAGE	6	16	0	8.39156	0.0312252	0.0494549
HIRAGES	7	11	0	3.44761	0.036264	0.104819
HIRE	4	212	86	162.618	0.401928	0.525169
HIRED	5	77	28	51.6179	0.356549	0.533402
HIREE	5	39	1	26.0656	0.0411258	0.0563021
HIREES	6	30	1	18.9764	0.048087	0.0724808
HIRER	5	45	14	31.5257	0.303297	0.435363
HIRERS	6	24	5	15.7184	0.204717	0.315414
HIRES	5	126	53	91.8414	0.414624	0.571192
HIRSTIE	7	11	0	5.56147	0.036264	0.0739226
HIS	3	410	126	325.026	0.307198	0.387601
HISH	4	63	5	50.6453	0.090456	0.110053
HISHED	6	13	0	9.33502	0.0369441	0.0452339
HISHES	6	14	0	8.38289	0.0348184	0.0494973
HISN	4	165	0	128.733	0.0066639	0.00672203
HISS	4	47	8	38.5139	0.176338	0.214926
HISSED	6	10	1	6.47511	0.119966	0.18306
HISSER	6	18	2	11.6734	0.12185	0.186674
HIST	4	211	70	163.576	0.329643	0.425991
HISTED	6	37	10	25.9444	0.262634	0.379563
HISTIE	6	23	0	14.0226	0.0229395	0.031764
HISTONE	7	20	0	7.15558	0.0223509	0.0604791
HISTS	5	44	13	33.9355	0.288674	0.378275
HIT	3	386	153	309.138	0.395316	0.494019
HITCH	5	11	3	6.33358	0.256324	0.431469
HITHE	5	23	4	15.1183	0.178414	0.268071
HITHER	6	14	3	9.64986	0.207431	0.30786
HITHES	6	10	3	5.63212	0.269444	0.47612
HITMEN	6	12	0	7.23562	0.0393462	0.0558389
HITS	4	195	66	148.443	0.336021	0.442165
HITTER	6	19	10	15.9639	0.473868	0.593794
HITTERS	7	10	5	7.61548	0.410479	0.599439
HIVE	4	27	12	21.4206	0.413152	0.531456
HIVER	5	17	8	13.9462	0.424021	0.539322
HIVES	5	13	7	11.2197	0.465841	0.57502
HIYA	4	18	0	13.8887	0.0496597	0.0529169
HMM	3	19	0	14.8392	0.0521166	0.0537321
HOA	3	291	78	225.171	0.268416	0.346761
HOAED	5	48	0	37.003	0.0145958	0.0148306
HOAING	6	15	0	9.48837	0.032924	0.044615
HOAR	4	144	32	112.696	0.222682	0.284667
HOARD	5	42	5	29.4276	0.126056	0.177716
HOARDS	6	23	3	14.5105	0.136662	0.215657
HOARED	6	33	9	23.2674	0.264023	0.380207
HOARS	5	77	19	57.2572	0.244948	0.330618
HOARSE	6	42	4	25.187	0.10148	0.167249
HOARSEN	7	13	0	5.30627	0.0318572	0.0766503
HOARY	5	17	1	11.8566	0.0849513	0.114209
HOAS	4	133	17	105.672	0.131594	0.16484
HOAST	5	73	8	53.1316	0.114213	0.155705
HOASTS	6	10	0	4.47757	0.0452275	0.0806924
HOB	3	88	16	68.0432	0.186834	0.24016
HOBO	4	16	3	13.0065	0.198784	0.245388
HOBS	4	23	3	17.8052	0.148701	0.188304
HOC	3	161	31	125.468	0.195079	0.249611
HOD	3	206	72	160.927	0.348461	0.446394
HODS	4	88	18	68.4972	0.206194	0.264783
HOE	3	324	87	255.224	0.26885	0.341245
HOED	4	110	15	86.708	0.140538	0.177417
HOEING	6	10	0	6.10629	0.0452275	0.0638975
HOER	4	181	10	140.315	0.0599161	0.0760409
HOERS	5	94	2	71.717	0.0282022	0.0349888
HOES	4	191	49	153.326	0.256055	0.319466
HOG	3	90	25	71.1544	0.278531	0.352289
HOGEN	5	17	0	12.1374	0.0365128	0.0409919
HOGENS	6	10	0	6.39535	0.0452275	0.0616213
HOGS	4	29	13	21.9542	0.418294	0.560372
HOH	3	59	4	47.0479	0.0824831	0.0995829
HOHA	4	31	0	25.3609	0.0316185	0.031377
HOHED	5	10	0	7.377	0.0552445	0.0618944
HOHS	4	35	3	29.4364	0.103848	0.12041
HOI	3	304	74	240.124	0.244105	0.308895
HOIED	5	41	0	28.1521	0.0168843	0.0191899
HOIK	4	21	0	16.6163	0.0438816	0.0454919
HOING	5	31	2	19.4795	0.0794867	0.120245
HOIS	4	160	26	125.202	0.164649	0.209992
HOISE	5	101	13	74.3952	0.131433	0.177828
HOISED	6	30	4	19.4416	0.137961	0.21266
HOISES	6	30	1	18.2806	0.048087	0.0750023
HOIST	5	75	15	53.6198	0.200316	0.280285
HOISTER	7	23	0	11.8204	0.0198166	0.0394729
HOISTERS	8	13	0	7.54838	0.0318572	0.0578853
HOISTS	6	22	4	10.5454	0.181448	0.366916
HOKA	4	14	1	10.9455	0.113473	0.13686
HOKE	4	23	8	17.4923	0.328664	0.437325
HOKES	5	10	4	8.57356	0.348398	0.434651
HOKI	4	18	4	13.3507	0.225225	0.301996
HOKIS	5	10	3	7.39642	0.27511	0.382449
HOLARD	6	12	0	6.12097	0.0393462	0.0637779
HOLD	4	46	6	36.0837	0.140428	0.176945
HOLDER	6	10	2	5.34687	0.194705	0.353816
HOLDS	5	17	1	10.1336	0.0849513	0.130483
HOLE	4	116	49	89.4739	0.415052	0.540478
HOLED	5	41	13	28.5927	0.308072	0.444427
HOLES	5	65	31	48.4527	0.462582	0.626403
HOLEY	5	11	1	7.17048	0.119756	0.172834
HOLIER	6	22	5	11.7842	0.220849	0.407312
HOLIES	6	31	6	16.6006	0.192122	0.354811
HOLIEST	7	19	3	8.88021	0.156928	0.336516
HOLIST	6	26	0	13.5222	0.0205971	0.0328069
HOLLA	5	16	1	10.0721	0.0892757	0.13115
HOLLO	5	11	0	7.99395	0.0514722	0.0580577
HOLM	4	32	0	24.0203	0.0307589	0.0329441
HOLME	5	15	0	10.5977	0.0404295	0.0460184
HOLMES	6	11	0	6.99059	0.0420824	0.0574099
HOLO	4	54	5	41.304	0.104305	0.13335
HOLON	5	29	0	19.2305	0.0230909	0.0272699
HOLONS	6	12	0	5.69705	0.0393462	0.0674236
HOLOS	5	31	2	20.59	0.0794867	0.114323
HOLP	4	25	0	20.1368	0.0379882	0.0385165
HOLS	4	97	9	76.3969	0.0995389	0.124771
HOLSTER	7	10	0	5.19879	0.0389586	0.0778602
HOLT	4	84	16	65.6177	0.192957	0.246701
HOLTS	5	34	8	23.2612	0.232537	0.340123
HOLY	4	27	3	21.7092	0.129986	0.158337
HOM	3	144	54	112.104	0.372804	0.479516
HOMA	4	55	10	40.4782	0.186196	0.251365
HOMAS	5	25	6	17.7437	0.235778	0.333861
HOME	4	66	26	50.3357	0.383302	0.505739
HOMED	5	18	7	12.6721	0.35823	0.517941
HOMER	5	29	11	22.0117	0.360052	0.483007
HOMERS	6	14	7	9.88336	0.437582	0.646422
HOMES	5	38	15	28.1176	0.37829	0.517945
HOMIE	5	28	9	18.7986	0.308228	0.461422
HOMIER	6	15	1	9.25111	0.0873312	0.136737
HOMIES	6	19	7	10.9066	0.33982	0.594034
HOMIEST	7	11	5	4.53428	0.382089	0.900039
HOMO	4	23	5	19.2951	0.220686	0.266044
HOMOS	5	12	4	9.81409	0.303859	0.38885
HOMS	4	54	12	42.4786	0.223386	0.284413
HOMY	4	14	3	11.9543	0.21995	0.262862
HON	3	330	149	259.496	0.449609	0.572373
HONAN	5	18	0	12.0621	0.0348259	0.0412121
HOND	4	91	22	70.3163	0.241497	0.312888
HONDA	5	39	6	27.4351	0.158374	0.223783
HONDAS	6	12	2	7.41333	0.169386	0.273754
HONDS	5	40	7	29.6704	0.177657	0.239585
HONE	4	182	68	140.976	0.370115	0.479033
HONED	5	53	13	38.0806	0.242808	0.339113
HONER	5	86	29	61.1627	0.331908	0.468587
HONERS	6	40	19	28.2811	0.45194	0.649998
HONES	5	100	42	72.8139	0.412503	0.569431
HONEST	6	56	11	31.1235	0.195439	0.350156
HONEY	5	18	1	12.5419	0.0810265	0.108811
HONG	4	52	17	38.5292	0.319308	0.43249
HONGI	5	24	0	14.3285	0.0272673	0.0354772
HONGIS	6	11	0	6.34213	0.0420824	0.0620281
HONGS	5	17	3	11.2231	0.181828	0.271423
HONIED	6	34	1	23.0448	0.0429413	0.060573
HONK	4	17	7	12.9232	0.373284	0.50072
HONOR	5	29	0	20.0987	0.0230909	0.0261964
HONORED	7	11	0	5.17255	0.036264	0.0781615
HONORS	6	15	0	9.84466	0.032924	0.0432403
HONS	4	159	37	125.889	0.232816	0.294335
HOO	3	147	94	115.107	0.630172	0.807537
HOOD	4	45	11	36.3341	0.243684	0.303505
HOODS	5	24	8	17.4638	0.316653	0.441645
HOOF	4	16	0	13.1642	0.0544384	0.055315
HOON	4	64	16	52.0897	0.249063	0.307477
HOONED	6	10	2	5.33726	0.194705	0.354298
HOONS	5	34	8	25.5486	0.232537	0.311839
HOOP	4	24	5	19.4802	0.213019	0.263836
HOOPS	5	13	4	11.1851	0.285604	0.34829
HOOR	4	71	16	57.6556	0.226057	0.279179
HOORAH	6	10	0	6.55681	0.0452275	0.060419
HOORD	5	25	2	17.1812	0.0961362	0.134684
HOORDS	6	12	2	6.88583	0.169386	0.290536
HOORS	5	35	6	26.1601	0.174766	0.23393
HOOSH	5	10	0	7.35056	0.0552445	0.0620703
HOOT	4	75	40	59.736	0.515538	0.653534
HOOTER	6	17	9	12.4892	0.471304	0.668631
HOOTS	5	44	23	32.7727	0.498561	0.678863
HOOTY	5	11	0	7.68323	0.0514722	0.0599286
HOP	3	102	31	79.257	0.303586	0.390788
HOPE	4	47	18	37.7909	0.36945	0.464974
HOPED	5	12	4	10.0874	0.303859	0.380028
HOPER	5	22	10	17.7062	0.419337	0.537905
HOPERS	6	14	4	9.8917	0.264969	0.387575
HOPES	5	29	12	23.0501	0.390685	0.502937
HOPS	4	42	10	34.1144	0.237935	0.294671
HORA	4	176	17	136.846	0.100294	0.128048
HORAH	5	27	0	19.3043	0.0245979	0.0271752
HORAHS	6	11	0	6.42237	0.0420824	0.0614168
HORAL	5	51	6	36.2197	0.123595	0.172292
HORAS	5	89	8	62.4139	0.0944878	0.133253
HORDE	5	65	20	43.2277	0.302336	0.455399
HORDES	6	32	9	20.9728	0.271486	0.418654
HORE	4	235	113	182.312	0.475977	0.615143
HORK	4	17	8	14.3413	0.41919	0.51761
HORME	5	39	1	28.5412	0.0411258	0.0517322
HORMES	6	25	0	14.7343	0.0213229	0.0303901
HORN	4	118	33	92.8789	0.277981	0.354062
HORNED	6	27	9	17.5027	0.316167	0.494234
HORNER	6	28	5	16.7974	0.178622	0.297035
HORNET	6	33	9	21.346	0.264023	0.41188
HORNETS	7	18	4	9.27453	0.210843	0.416198
HORNIER	7	10	1	3.66915	0.113263	0.289843
HORNS	5	46	14	35.7315	0.297188	0.386781
HORNY	5	10	3	6.29777	0.27511	0.43334
HORRENT	7	10	0	3.82919	0.0389586	0.0974654
HORS	4	182	72	146.653	0.39153	0.487601
HORSE	5	120	52	92.6679	0.426656	0.555635
HORSED	6	39	18	27.5841	0.439008	0.631332
HORSES	6	29	16	17.0544	0.512822	0.878905
HORSIE	6	41	7	22.8446	0.171364	0.305331
HORSIER	7	10	2	4.5174	0.187567	0.412918
HORSIES	7	12	2	4.18776	0.163299	0.436395
HORSON	6	16	0	8.27207	0.0312252	0.0500463
HORST	5	84	1	60.629	0.0200103	0.0252098
HORSTE	6	53	0	34.0095	0.0107333	0.0139949
HORSTES	7	16	0	6.81782	0.0269456	0.0629029
HORSTS	6	17	0	9.29574	0.029693	0.0453952
HORSY	5	13	1	9.72238	0.105366	0.135076
HOS	3	391	197	306.428	0.501685	0.640807
HOSE	4	233	118	186.669	0.501008	0.627387
HOSED	5	65	36	53.0071	0.53542	0.665466
HOSEL	5	68	0	53.1548	0.0105213	0.0104843
HOSELS	6	17	0	10.5221	0.029693	0.0408473
HOSEN	5	97	0	72.1754	0.00748968	0.0077943
HOSER	5	123	60	95.1974	0.479718	0.623511
HOSERS	6	41	20	29.8159	0.46429	0.650074
HOSES	5	71	41	55.8261	0.559367	0.719529
HOSEY	5	17	0	13.0792	0.0365128	0.0384247
HOSIER	6	41	9	22.6147	0.21643	0.390406
HOSIERS	7	15	2	7.40511	0.136758	0.280654
HOSING	6	15	10	9.62537	0.576995	0.925571
HOSS	4	50	19	40.1925	0.367472	0.462262
HOST	4	191	99	151.001	0.51144	0.649344
HOSTA	5	84	4	61.7292	0.0542394	0.071879
HOSTAS	6	23	2	14.0912	0.0987547	0.158126
HOSTED	6	30	14	22.2147	0.437542	0.605842
HOSTEL	6	21	1	12.7181	0.0658386	0.1039
HOSTIE	6	44	10	23.8908	0.223832	0.41
HOSTIES	7	14	7	7.16446	0.43099	0.858183
HOSTLER	7	10	0	5.54028	0.0389586	0.0741417
HOSTS	5	41	17	30.7078	0.397668	0.5381
HOT	3	378	183	298.793	0.482112	0.610572
HOTCH	5	14	1	10.2183	0.0993949	0.129575
HOTE	4	209	83	162.504	0.393536	0.507385
HOTEL	5	55	6	38.7127	0.115165	0.161731
HOTELS	6	19	2	12.0365	0.116405	0.181747
HOTEN	5	96	2	68.4895	0.0276362	0.0365918
HOTLINE	7	14	0	5.36022	0.0300325	0.076057
HOTROD	6	12	0	6.59508	0.0393462	0.0601409
HOTS	4	207	84	161.987	0.401974	0.515044
HOTTED	6	10	4	8.07547	0.344183	0.459444
HOTTER	6	23	14	18.4482	0.553646	0.718991
HOTTERS	7	12	6	8.89712	0.422062	0.621494
HOTTIE	6	14	5	10.7536	0.322506	0.440968
HOUF	4	10	1	6.67256	0.144176	0.198447
HOUND	5	12	6	8.75123	0.431698	0.614184
HOUR	4	52	21	40.9276	0.389751	0.500209
HOURI	5	21	0	14.5946	0.0305865	0.034907
HOURIS	6	11	0	5.80981	0.0420824	0.0664138
HOURS	5	28	15	20.5318	0.497833	0.692643
HOUSE	5	42	22	32.737	0.498498	0.650739
HOUSED	6	11	6	7.99277	0.45933	0.669293
HOUSEL	6	10	0	4.23985	0.0452275	0.0839116
HOUSER	6	25	12	17.2934	0.444157	0.657466
HOUSES	6	13	8	9.05163	0.525346	0.789184
HOUT	4	59	30	46.3161	0.48808	0.628511
HOUTED	6	14	9	11.1494	0.552657	0.738245
HOUTS	5	34	17	26.2294	0.471614	0.623591
HOVE	4	19	11	15.3962	0.510077	0.652302
HOVEN	5	12	2	8.11458	0.176021	0.255909
HOVER	5	12	8	8.91339	0.559536	0.788982
HOW	3	77	27	58.9009	0.347862	0.455256
HOWE	4	26	9	20.3093	0.329119	0.427298
HOWES	5	14	3	11.3661	0.212743	0.26851
HOWL	4	15	5	11.4356	0.309926	0.412691
HOWS	4	28	13	21.9457	0.431053	0.560563
HOY	3	65	7	50.271	0.11875	0.150401
HOYA	4	17	0	14.4489	0.0519394	0.0512007
HOYS	4	21	5	15.7176	0.237804	0.317378
HUB	3	30	3	24.5555	0.123336	0.1455
HUBS	4	10	1	7.9421	0.144176	0.175043
HUDNA	5	14	0	10.0984	0.0427208	0.0479243
HUE	3	126	26	100.05	0.209131	0.262728
HUED	4	36	3	28.5868	0.101301	0.123667
HUER	4	70	10	56.6847	0.148849	0.182907
HUERS	5	34	4	25.7468	0.126281	0.165232
HUES	4	67	16	55.3676	0.238654	0.290157
HUG	3	40	14	32.3096	0.344932	0.429529
HUGE	4	17	3	13.92	0.189658	0.231999
HUGER	5	10	2	6.13742	0.201821	0.318405
HUGS	4	10	2	8.14384	0.211819	0.263009
HUH	3	14	1	11.4202	0.121862	0.139095
HUI	3	90	5	69.4035	0.0659325	0.0825163
HUIC	4	13	0	9.84017	0.063622	0.0698353
HUIS	4	37	1	29.518	0.0510111	0.0582647
HULA	4	36	2	28.3967	0.0767816	0.0923885
HULAS	5	15	2	10.8475	0.147698	0.201295
HULE	4	39	7	32.0169	0.185719	0.226303
HULES	5	23	2	17.8426	0.103352	0.130185
HUM	3	52	10	41.0862	0.199781	0.251048
HUMA	4	22	0	16.3823	0.0422432	0.0460461
HUMAN	5	11	0	7.73622	0.0514722	0.0596011
HUMS	4	11	4	8.87769	0.325113	0.417446
HUN	3	120	46	95.6921	0.380439	0.478189
HUNG	4	23	9	17.9454	0.364656	0.475936
HUNH	4	12	0	10.2272	0.0674127	0.0677644
HUNS	4	54	10	42.1363	0.189363	0.242094
HUNT	4	55	20	43.3869	0.353466	0.451947
HUNTER	6	14	5	8.68807	0.322506	0.528489
HUNTS	5	29	12	21.3837	0.390685	0.538842
HUP	3	43	8	33.0765	0.195491	0.251352
HUPS	4	17	2	12.4723	0.143752	0.188579
HURDEN	6	13	0	7.668	0.0369441	0.0532669
HURDS	5	15	2	11.028	0.147698	0.198499
HURL	4	35	3	28.7189	0.103848	0.123149
HURLS	5	12	2	9.26562	0.176021	0.229666
HURST	5	29	0	21.1805	0.0230909	0.0249717
HURT	4	64	11	51.5102	0.176371	0.218731
HURTER	6	11	3	7.97601	0.250706	0.361012
HURTS	5	35	7	25.9481	0.200643	0.271541
HUSH	4	19	5	14.5813	0.257802	0.3381
HUSO	4	48	0	38.2463	0.0214351	0.0215325
HUSS	4	22	3	17.3532	0.154253	0.192522
HUT	3	123	40	98.5445	0.324241	0.405271
HUTIA	5	16	0	11.0349	0.0383715	0.04447
HUTS	4	64	17	51.9518	0.263601	0.326508
HWAN	4	35	0	28.0873	0.0284394	0.0286095
HYALIN	6	11	0	5.54912	0.0420824	0.0687958
HYE	3	79	5	59.0202	0.0746628	0.0964553
HYED	4	25	0	18.2203	0.0379882	0.0420243
HYEN	4	33	0	24.6554	0.0299448	0.0321827
HYENA	5	13	0	8.85642	0.0452874	0.0534278
HYENS	5	22	0	15.7794	0.0293938	0.0325755
HYES	4	43	4	32.7086	0.107389	0.137465
HYETAL	6	11	0	7.88898	0.0420824	0.0520418
HYLA	4	29	0	23.672	0.0334903	0.0333772
HYLAS	5	17	0	11.976	0.0365128	0.0414668
HYLE	4	30	0	24.3078	0.0325275	0.032595
HYLES	5	14	0	10.9664	0.0427208	0.0447056
HYNDE	5	12	0	8.91635	0.0481822	0.0531333
HYP	3	32	0	24.8999	0.0333353	0.033964
HYPE	4	12	0	9.67355	0.0674127	0.0707665
HYPO	4	12	0	9.54967	0.0674127	0.071475
HYPS	4	10	0	7.58008	0.0765327	0.0850075
HYSON	5	13	0	10.1182	0.0452874	0.0478457
HYTE	4	41	0	32.4937	0.0247124	0.0250399
IATRIC	6	15	0	7.42357	0.032924	0.054691
IBERIS	6	11	0	5.84268	0.0420824	0.066125
ICE	3	300	157	240.155	0.520276	0.650979
ICED	4	91	34	70.7837	0.366779	0.47393
ICER	4	168	80	126.17	0.469555	0.627043
ICERS	5	79	35	55.6635	0.43262	0.617433
ICES	4	174	95	138.908	0.537697	0.676526
ICH	3	184	23	148.552	0.128686	0.158471
ICHED	5	23	1	15.9906	0.0658215	0.0879047
ICHES	5	38	3	26.5881	0.0901386	0.125332
ICHOR	5	25	1	17.2433	0.0612258	0.08217
ICHORS	6	13	1	7.21164	0.0979944	0.167963
ICHS	4	74	4	59.3495	0.0651332	0.0785611
ICIER	5	33	6	23.4463	0.184305	0.258919
ICIEST	6	15	4	8.67424	0.250553	0.432975
ICK	3	38	8	28.6169	0.218723	0.287437
ICKER	5	11	3	6.65397	0.256324	0.415417
ICKS	4	15	2	11.7932	0.158285	0.197341
ICON	4	104	0	83.3643	0.0104007	0.0102605
ICONES	6	33	0	18.1371	0.0166339	0.0251819
ICONS	5	49	0	35.4096	0.0143186	0.0154629
ICTIC	5	10	0	8.01249	0.0552445	0.0579497
ICTUS	5	15	0	9.53786	0.0404295	0.0502609
ICY	3	63	4	51.8224	0.0775642	0.0908217
IDANT	5	57	0	38.0505	0.0124297	0.0144423
IDANTS	6	25	0	16.001	0.0213229	0.0282177
IDE	3	620	38	477.252	0.0628171	0.0811526
IDEA	4	272	0	196.602	0.00408775	0.00443436
IDEAED	6	12	0	6.63716	0.0393462	0.0598381
IDEAL	5	99	0	65.3947	0.00734375	0.00857899
IDEALS	6	44	0	24.3507	0.0127721	0.01918
IDEAS	5	111	0	77.3681	0.00657507	0.00728409
IDEATE	6	52	0	36.0201	0.0109271	0.0132493
IDEATED	7	12	0	5.00539	0.0339181	0.0801365
IDEATES	7	28	0	12.2166	0.016667	0.0383417
IDEE	4	125	0	93.5404	0.00871775	0.00917697
IDEES	5	72	0	52.2828	0.00996496	0.0106528
IDEM	4	120	0	88.5797	0.00906707	0.00967503
IDENT	5	109	0	75.0159	0.00669181	0.00750668
IDENTS	6	57	0	33.7758	0.0100222	0.014087
IDES	4	327	22	243.264	0.0697184	0.092993
IDIOT	5	24	1	15.7447	0.0634405	0.0891256
IDIOTS	6	10	1	5.91038	0.119966	0.196611
IDLE	4	163	0	121.415	0.00674334	0.00711801
IDLED	5	30	0	20.4893	0.0224046	0.0257407
IDLER	5	74	0	48.7757	0.00970828	0.0113892
IDLERS	6	34	0	22.9237	0.0161889	0.0202906
IDLES	5	84	0	62.1896	0.0086006	0.00900763
IDLEST	6	32	0	18.6578	0.0171041	0.0245385
IDLY	4	33	0	24.9876	0.0299448	0.0317983
IDOL	4	110	1	81.2962	0.018569	0.0224007
IDOLA	5	47	0	30.7513	0.014884	0.0176651
IDOLS	5	41	1	27.7481	0.0392834	0.0531133
IDS	3	422	2	329.244	0.00751639	0.00882991
IFF	3	34	1	27.1592	0.0578489	0.0651493
IFS	3	119	0	93.1616	0.00977085	0.00971461
IGG	3	34	1	27.553	0.0578489	0.0642941
IGGS	4	17	0	12.7116	0.0519394	0.0569268
IGLUS	5	11	0	7.71845	0.0514722	0.0597106
IGNAROS	7	10	0	7.28866	0.0389586	0.0595747
IGNITE	6	23	0	12.3807	0.0229395	0.0354629
IGNITES	7	11	0	4.76995	0.036264	0.0830938
IGNITOR	7	10	0	5.1328	0.0389586	0.0786223
IGNORE	6	27	1	16.4326	0.0528356	0.0826382
IGNORES	7	10	1	3.62489	0.113263	0.292294
IHRAM	5	16	0	12.3648	0.0383715	0.0403412
IKAN	4	27	0	19.5245	0.0355977	0.0395717
IKANS	5	10	0	7.79735	0.0552445	0.0592277
IKATS	5	16	0	12.5028	0.0383715	0.0399562
IKONS	5	13	0	9.11794	0.0452874	0.0521663
ILEA	4	297	1	213.972	0.00706275	0.00869175
ILEAC	5	67	0	45.5101	0.0106703	0.0121727
ILEAL	5	55	0	38.6945	0.0128536	0.0142135
ILEX	4	12	0	8.57115	0.0674127	0.0776133
ILK	3	43	0	31.7362	0.0255457	0.0271715
ILKA	4	13	0	8.57078	0.063622	0.0776159
ILKS	4	17	0	12.1581	0.0519394	0.05903
ILL	3	168	21	120.711	0.129029	0.178055
ILLER	5	56	6	36.3043	0.113234	0.171911
ILLEST	6	26	0	16.9814	0.0205971	0.0267383
ILLITE	6	15	0	9.31559	0.032924	0.0453136
ILLS	4	71	5	53.8476	0.0809071	0.103834
ILLTH	5	13	0	8.48509	0.0452874	0.0553274
ILLY	4	27	2	19.8798	0.0985235	0.127048
IMAGE	5	25	0	15.8276	0.0263154	0.0324872
IMAGER	6	10	0	4.96584	0.0452275	0.0747986
IMAGES	6	14	0	7.53064	0.0348184	0.054058
IMAM	4	27	0	18.6159	0.0355977	0.0412489
IMARET	6	49	0	27.7253	0.0115529	0.0169818
IMARETS	7	19	0	6.79831	0.0233462	0.0630489
IMARIS	6	16	0	9.60453	0.0312252	0.0441573
IMBAR	5	13	0	8.94367	0.0452874	0.0530002
IMID	4	19	0	13.9219	0.0475717	0.052812
IMIDE	5	12	0	7.93763	0.0481822	0.0583881
IMINE	5	23	0	15.3238	0.0282907	0.0334342
IMINES	6	12	0	6.07697	0.0393462	0.0641378
IMINO	5	14	0	7.76899	0.0427208	0.0594003
IMP	3	67	0	52.6923	0.0169195	0.0168447
IMPI	4	11	0	8.72085	0.0716838	0.0766068
IMPS	4	22	0	16.5349	0.0422432	0.0456833
IMSHI	5	11	0	7.92825	0.0514722	0.0584435
INANE	5	67	0	41.2681	0.0106703	0.0133673
INANER	6	39	0	23.212	0.014279	0.020056
INANES	6	38	0	22.2529	0.014624	0.0208585
INANEST	7	22	0	7.12376	0.020595	0.0606995
INARCH	6	14	0	7.72102	0.0348184	0.0529678
INBY	4	12	0	8.90804	0.0674127	0.0753844
INCAGE	6	10	0	5.58243	0.0452275	0.068482
INCANT	6	13	0	7.9097	0.0369441	0.0519298
INCASE	6	36	0	18.2448	0.0153668	0.0250462
INCASED	7	13	0	2.55116	0.0318572	0.1274
INCEL	5	29	0	21.3208	0.0230909	0.0248212
INCEST	6	36	0	19.7337	0.0153668	0.0233078
INCESTS	7	10	0	3.42444	0.0389586	0.105301
INCH	4	84	12	67.4142	0.147904	0.183441
INCHASE	7	10	0	3.13922	0.0389586	0.111625
INCHER	6	15	1	9.69859	0.0873312	0.131378
INCHES	6	14	5	8.8602	0.322506	0.519889
INCISE	6	17	0	7.49709	0.029693	0.0542547
INCITE	6	14	0	7.92414	0.0348184	0.0518521
INCLES	6	10	0	5.45748	0.0452275	0.0696743
INCOG	5	14	0	9.70532	0.0427208	0.0495393
INCUR	5	11	0	7.83277	0.0514722	0.0590134
INCUS	5	12	1	9.0817	0.112101	0.142915
INDART	6	19	0	10.122	0.0270395	0.0422275
INDEED	6	10	0	6.32622	0.0452275	0.0621507
INDENT	6	17	0	11.0401	0.029693	0.0391891
INDEWS	6	13	0	8.1167	0.0369441	0.0508369
INDIA	5	36	0	23.8685	0.0190138	0.0223728
INDIAS	6	10	0	5.8372	0.0452275	0.066173
INDIE	5	51	0	32.1775	0.0137945	0.0169271
INDIES	6	27	0	15.9524	0.0199191	0.0282952
INDITE	6	23	1	14.0404	0.0608471	0.0951824
INDITER	7	15	1	8.69118	0.0825819	0.148539
INDITERS	8	11	1	6.45989	0.105429	0.18961
INDITES	7	15	0	8.1135	0.0284054	0.0545211
INDOL	5	37	0	26.4064	0.018546	0.020371
INDOLE	6	18	0	10.3356	0.0283042	0.0414795
INDOLES	7	11	0	4.24953	0.036264	0.0904737
INDOLS	6	15	0	9.44843	0.032924	0.0447745
INDOOR	6	10	0	4.85718	0.0452275	0.0760345
INDORSE	7	12	0	6.24865	0.0339181	0.0674588
INDOW	5	11	0	7.758	0.0514722	0.0594675
INDUE	5	26	1	20.5651	0.0591605	0.0700517
INDUES	6	14	1	8.35545	0.092356	0.148893
INEARTHS	8	11	0	4.15186	0.036264	0.0920073
INEDITA	7	14	0	5.137	0.0300325	0.0785733
INEPT	5	49	0	33.0534	0.0143186	0.0165036
INERT	5	276	6	184.215	0.0241513	0.0353317
INERTER	7	24	1	9.62667	0.0555139	0.136173
INERTEST	8	13	0	6.08481	0.0318572	0.0688951
INERTIA	7	29	0	12.6443	0.0161535	0.0371914
INERTIAL	8	10	0	3.33543	0.0389586	0.107196
INERTIAS	8	12	0	6.15137	0.0339181	0.0683043
INERTS	6	141	3	89.5333	0.0249698	0.0383554
INFER	5	30	0	21.3985	0.0224046	0.0247386
INFERE	6	10	0	7.04619	0.0452275	0.0570457
INFERS	6	13	0	9.02088	0.0369441	0.046557
INFEST	6	12	0	6.9695	0.0393462	0.0575492
INFO	4	47	0	36.3343	0.0218491	0.0225839
INFOS	5	17	0	13.2013	0.0365128	0.0381151
INFRA	5	17	0	11.3196	0.0365128	0.0435165
ING	3	418	54	317.805	0.130789	0.171518
INGAN	5	34	0	18.785	0.020024	0.0278554
INGANS	6	11	0	5.04316	0.0420824	0.0739432
INGATE	6	47	9	28.2607	0.190654	0.316882
INGATES	7	22	4	11.422	0.177715	0.347616
INGEST	6	41	2	25.6551	0.0587009	0.0913277
INGESTA	7	24	0	14.2663	0.0190949	0.0333916
INGINE	6	17	0	8.68937	0.029693	0.0480398
INGINES	7	10	0	5.71852	0.0389586	0.0723386
INGLE	5	52	11	28.8937	0.211229	0.375266
INGLES	6	25	4	15.4346	0.162268	0.262336
INGO	4	128	2	91.0419	0.0235829	0.0307285
INGOT	5	44	1	24.6893	0.0368099	0.0592099
INGOTS	6	23	1	13.2816	0.0608471	0.0999969
INGRAM	6	13	0	6.93244	0.0369441	0.0577957
INGRATE	7	15	1	7.24452	0.0825819	0.172808
INGS	4	173	12	121.619	0.0738619	0.103537
INHALE	6	22	0	14.0271	0.0238433	0.031755
INHALER	7	14	0	7.37042	0.0300325	0.0590323
INHALES	7	11	0	5.80712	0.036264	0.0714744
INHERED	7	11	0	3.95863	0.036264	0.0952
INHERES	7	11	0	4.99576	0.036264	0.0802532
INIA	4	153	0	112.193	0.00717071	0.00768869
INION	5	29	0	18.024	0.0230909	0.0289163
INIONS	6	15	0	8.66098	0.032924	0.0481712
INISLED	7	13	0	3.21969	0.0318572	0.109765
INK	3	78	6	61.2965	0.0877566	0.108699
INKED	5	12	1	8.86165	0.112101	0.145821
INKER	5	15	1	10.4301	0.0940639	0.12736
INKS	4	35	1	27.1595	0.0535755	0.0628478
INKY	4	11	0	7.9837	0.0716838	0.0818325
INLACE	6	16	0	8.36913	0.0312252	0.0495648
INLAID	6	12	0	7.44098	0.0393462	0.0545871
INLAY	5	21	0	13.3477	0.0305865	0.0377506
INLAYS	6	12	0	6.62647	0.0393462	0.0599147
INLET	5	92	1	59.8482	0.0183366	0.0255283
INLETS	6	43	1	25.3414	0.0346085	0.0554321
INLIERS	7	15	0	7.86726	0.0284054	0.0559376
INMATE	6	27	0	15.1249	0.0199191	0.0296853
INMATES	7	17	0	5.86385	0.0256285	0.0709319
INMESH	6	17	0	10.9952	0.029693	0.0393273
INMOST	6	13	0	6.69768	0.0369441	0.0594078
INN	3	231	11	181.075	0.0519093	0.0649995
INNAGE	6	10	0	5.58285	0.0452275	0.068478
INNATE	6	27	4	16.8913	0.151585	0.241803
INNED	5	46	0	29.5877	0.0151838	0.0183166
INNER	5	83	4	52.6945	0.0548654	0.0837614
INNERS	6	35	0	25.3229	0.0157671	0.0184905
INNIT	5	33	0	20.8272	0.0205704	0.0253589
INNS	4	127	1	96.0068	0.0161737	0.0190664
INOSITE	7	10	0	4.16051	0.0389586	0.0918694
INPUT	5	10	0	8.09019	0.0552445	0.0575016
INRO	4	227	3	165.466	0.0178245	0.0230813
INS	3	778	35	606.469	0.0462904	0.0590046
INSANE	6	37	0	18.4547	0.0149862	0.0247856
INSANER	7	15	0	6.15733	0.0284054	0.0682519
INSEAM	6	36	1	20.851	0.0407604	0.0664608
INSECT	6	29	0	18.8688	0.0186888	0.024287
INSERT	6	110	3	69.3909	0.031797	0.0492198
INSERTED	8	11	0	3.32893	0.036264	0.107338
INSERTER	8	12	0	4.73158	0.0339181	0.0835965
INSERTS	7	26	0	8.35327	0.0177985	0.053209
INSET	5	239	11	171.488	0.0484404	0.0667516
INSETS	6	68	5	38.7604	0.0785254	0.135872
INSHORE	7	12	0	5.05128	0.0339181	0.0795844
INSIDE	6	33	1	19.2516	0.0441216	0.0715293
INSIDER	7	13	0	5.99492	0.0318572	0.0697094
INSIDES	7	13	1	4.11016	0.0926172	0.267497
INSIST	6	16	0	8.12768	0.0312252	0.0507802
INSOLE	6	29	0	15.7874	0.0186888	0.0285619
INSPOS	6	10	0	6.14143	0.0452275	0.0636119
INSTAL	6	48	0	23.9801	0.0117778	0.0194566
INSTAR	6	77	0	44.0703	0.00752852	0.0109199
INSTARS	7	24	0	11.0646	0.0190949	0.0418266
INSTATE	7	14	0	6.71976	0.0300325	0.0636435
INSTEAD	7	25	0	9.80792	0.018424	0.0464301
INSULA	6	20	0	8.5084	0.0258829	0.0488899
INSULT	6	13	0	6.80185	0.0369441	0.0586815
INSURE	6	29	0	15.9498	0.0186888	0.0282993
INSURES	7	11	0	4.35213	0.036264	0.0889167
INTEGER	7	12	0	6.01429	0.0339181	0.0695323
INTEL	5	107	9	69.1565	0.0881542	0.13468
INTELS	6	41	4	25.6506	0.103766	0.164417
INTEND	6	19	1	13.3584	0.0717223	0.099488
INTENSE	7	18	0	8.38777	0.0244341	0.0530254
INTENSER	8	10	0	5.75895	0.0389586	0.0719416
INTENT	6	24	4	13.9768	0.168194	0.286702
INTENTS	7	12	3	4.62538	0.22799	0.566142
INTER	5	231	104	151.801	0.446436	0.680138
INTEREST	8	13	6	6.51249	0.396417	0.803953
INTERIM	7	11	2	5.84959	0.174594	0.339177
INTERN	6	45	10	28.1356	0.219205	0.351705
INTERNS	7	18	4	8.56852	0.210843	0.445066
INTERS	6	98	45	67.4621	0.449844	0.657694
INTI	4	192	8	141.299	0.0464034	0.0616446
INTIL	5	61	3	37.7684	0.0580681	0.0900601
INTIMA	6	17	0	7.68551	0.029693	0.0531677
INTIME	6	18	0	8.9398	0.0283042	0.0469111
INTINE	6	28	1	14.5819	0.0511518	0.0920205
INTINES	7	15	1	5.38899	0.0825819	0.218621
INTIRE	6	45	2	25.8028	0.0538476	0.0908378
INTIS	5	97	2	60.4077	0.0273616	0.0413336
INTO	4	255	9	192.144	0.0389995	0.0506975
INTONE	6	25	2	13.895	0.0917952	0.160114
INTONER	7	13	1	3.92394	0.0926172	0.276498
INTONES	7	16	2	4.8656	0.12973	0.390716
INTORT	6	19	0	10.8194	0.0270395	0.0398789
INTORTS	7	11	0	3.25851	0.036264	0.10889
INTRA	5	143	7	90.6886	0.0528747	0.0817922
INTREAT	7	30	2	13.3624	0.0754468	0.168987
INTRO	5	110	9	69.448	0.0858271	0.134131
INTRON	6	22	2	10.4355	0.102646	0.205686
INTRONS	7	10	0	2.84317	0.0389586	0.119046
INTROS	6	53	6	29.3433	0.117154	0.209258
INTURN	6	10	0	5.28756	0.0452275	0.071364
INTUSE	6	18	0	9.15812	0.0283042	0.0459695
INULAS	6	15	0	8.57709	0.032924	0.0485637
INULASE	7	10	0	4.00151	0.0389586	0.0944725
INURE	5	70	0	48.8584	0.0102356	0.0113707
INURED	6	21	0	14.2019	0.0248213	0.0314062
INURES	6	38	0	23.8373	0.014624	0.0195653
INURN	5	16	0	10.3088	0.0383715	0.0471021
INVAR	5	13	0	8.86333	0.0452874	0.0533936
INVARS	6	10	0	6.49557	0.0452275	0.0608694
INVERSE	7	10	0	5.01461	0.0389586	0.080025
INVERT	6	16	0	10.7449	0.0312252	0.0401172
INVEST	6	13	0	8.63916	0.0369441	0.0482727
IODATE	6	29	0	18.8616	0.0186888	0.0242956
IODATES	7	18	0	5.39663	0.0244341	0.0756618
IODIC	5	13	0	9.10867	0.0452874	0.05221
IODIN	5	29	0	19.2556	0.0230909	0.0272376
IODINE	6	19	0	11.3111	0.0270395	0.0383741
IODINS	6	12	0	6.45925	0.0393462	0.0611398
IODISE	6	11	0	6.00496	0.0420824	0.0647358
IOLITES	7	10	0	4.42741	0.0389586	0.0878081
ION	3	510	48	402.522	0.095711	0.120821
IONIC	5	26	0	17.6827	0.0254277	0.0294187
IONICS	6	10	0	3.30394	0.0452275	0.0995466
IONISE	6	52	2	25.8351	0.0470413	0.0907311
IONISED	7	18	0	5.231	0.0244341	0.0774936
IONISER	7	22	1	8.29423	0.0598751	0.154493
IONISERS	8	11	0	2.88483	0.036264	0.117943
IONISES	7	10	0	1.9223	0.0389586	0.150081
IONONE	6	11	0	6.34623	0.0420824	0.0619965
IONS	4	262	29	199.442	0.112943	0.147749
IOS	3	552	1	430.405	0.00396087	0.00445602
IOTA	4	257	0	192.626	0.00432197	0.00452457
IOTAS	5	113	0	76.839	0.00646233	0.00733301
IRADE	5	119	1	80.697	0.0142998	0.0190891
IRADES	6	60	0	32.8017	0.00954784	0.0144845
IRATE	5	239	23	161.317	0.0978954	0.144405
IRATER	6	71	4	45.166	0.0619138	0.0959799
IRATEST	7	23	1	10.0696	0.0576121	0.131009
IRE	3	1001	292	768.633	0.291722	0.379895
IRED	4	366	36	265.093	0.100143	0.137671
IRENICS	7	10	0	2.30713	0.0389586	0.135337
IRES	4	597	211	441.791	0.352505	0.476558
IRID	4	74	1	52.2598	0.0270541	0.034209
IRIDES	6	32	0	19.1666	0.0171041	0.0239407
IRIDS	5	35	0	24.2792	0.0195058	0.0220226
IRING	5	35	4	20.6798	0.123013	0.202214
IRIS	4	123	2	90.5398	0.0245057	0.0308938
IRISED	6	29	1	19.3797	0.0495721	0.0710952
IRISES	6	18	0	11.0992	0.0283042	0.0390084
IRK	3	83	5	63.4035	0.071233	0.0900348
IRKED	5	18	2	13.8632	0.127227	0.162928
IRKS	4	30	1	21.7867	0.0612768	0.0765689
IRON	4	243	4	180.524	0.0207093	0.0266399
IRONE	5	140	2	95.2226	0.0191709	0.0265259
IRONED	6	44	0	26.1523	0.0127721	0.0179402
IRONER	6	42	0	26.0937	0.013335	0.017978
IRONERS	7	13	0	7.03371	0.0318572	0.0613318
IRONES	6	78	2	43.697	0.0320121	0.055047
IRONIES	7	19	1	8.01766	0.0678733	0.158931
IRONISE	7	18	1	5.68693	0.0710364	0.209695
IRONS	5	103	3	69.9704	0.0351991	0.049741
IRONY	5	24	0	14.4429	0.0272673	0.0352298
ISABEL	6	15	0	8.96554	0.032924	0.0467981
ISATINS	7	13	0	6.94603	0.0318572	0.0619604
ISBAS	5	10	0	6.02032	0.0552445	0.0724185
ISH	3	406	6	323.35	0.017564	0.0212673
ISHES	5	70	0	51.2231	0.0102356	0.0108651
ISIT	4	122	0	91.6986	0.00892404	0.00935579
ISLAND	6	20	0	11.4795	0.0258829	0.0378844
ISLE	4	282	0	209.638	0.00394521	0.00416228
ISLED	5	98	0	70.3857	0.007416	0.00798713
ISLEMAN	7	10	0	3.64967	0.0389586	0.100792
ISLES	5	82	0	58.9799	0.00880144	0.00948207
ISLET	5	128	0	89.4991	0.00572599	0.00631793
ISLETED	7	11	0	4.45194	0.036264	0.0874529
ISLETS	6	41	0	24.7869	0.0136355	0.0188643
ISM	3	270	4	214.566	0.0189822	0.0227121
ISMS	4	42	0	32.9948	0.0241842	0.0246896
ISO	3	635	0	491.39	0.00188169	0.00188078
ISOBAR	6	14	0	8.03172	0.0348184	0.0512799
ISOETES	7	14	0	7.49757	0.0300325	0.0582082
ISOHEL	6	12	0	6.42848	0.0393462	0.0613707
ISOLATE	7	21	0	8.97161	0.0214371	0.0500997
ISOLEAD	7	11	0	3.40716	0.036264	0.105664
ISOLINE	7	10	0	3.94234	0.0389586	0.0954793
ISOS	4	91	0	70.3697	0.0118123	0.0120821
ISOTRON	7	12	0	3.38611	0.0339181	0.106109
ISSUE	5	21	1	14.7795	0.0711632	0.0942651
ISSUED	6	12	0	7.11371	0.0393462	0.0566096
ISSUER	6	11	1	6.89903	0.111624	0.174056
ITA	3	821	3	636.04	0.00509353	0.00615329
ITALIC	6	10	0	5.44726	0.0452275	0.0697737
ITAS	4	398	0	293.123	0.002809	0.00298813
ITCH	4	77	18	59.2057	0.233928	0.304446
ITCHED	6	14	1	8.33024	0.092356	0.149267
ITCHES	6	23	7	13.569	0.288293	0.490584
ITEM	4	185	0	137.434	0.00596164	0.00630502
ITEMED	6	16	0	9.43838	0.0312252	0.0448149
ITEMS	5	73	0	54.9709	0.00983495	0.0101498
ITERATE	7	27	1	10.5383	0.0500461	0.125954
ITERUM	6	11	0	7.40601	0.0420824	0.0547963
ITHER	5	104	0	72.3643	0.00700264	0.0077745
ITS	3	887	8	683.807	0.0103275	0.0130109
ITSELF	6	22	0	12.8347	0.0238433	0.0343567
IURE	4	128	0	98.8079	0.00852079	0.00870133
IVY	3	29	0	23.8494	0.036359	0.0353209
IWIS	4	10	0	8.48602	0.0765327	0.0781976
JET	3	10	4	8.9146	0.369656	0.433829
JIN	3	13	3	10.5413	0.246137	0.302498
JOR	3	10	1	8.12626	0.156497	0.18243
JUN	3	10	7	8.60022	0.582815	0.717748
JUT	3	11	4	9.52476	0.345133	0.411718
KAAL	4	12	0	9.17073	0.0674127	0.0737333
KAAS	4	11	0	8.43113	0.0716838	0.078579
KAB	3	30	3	22.458	0.123336	0.157754
KADE	4	28	1	20.7419	0.0650151	0.0799638
KADES	5	13	0	8.36754	0.0452874	0.0559572
KADI	4	17	0	12.8849	0.0519394	0.0562987
KAE	3	79	4	58.9503	0.0626253	0.0802776
KAED	4	34	1	24.7933	0.0549569	0.0682327
KAES	4	44	1	31.2353	0.0436914	0.0553267
KAF	3	15	3	12.4795	0.220328	0.263218
KAI	3	66	10	51.5458	0.159867	0.202414
KAID	4	19	0	14.9536	0.0475717	0.0497469
KAIDS	5	11	0	7.76993	0.0514722	0.0593946
KAIE	4	28	0	20.5598	0.0345119	0.0378197
KAIES	5	16	0	11.5099	0.0383715	0.0429019
KAIL	4	25	2	17.3658	0.105139	0.142869
KAIN	4	38	3	27.5959	0.0965658	0.127695
KAINS	5	19	2	12.9336	0.121609	0.173099
KAIS	4	25	1	19.3954	0.0715638	0.0848101
KALE	4	38	3	26.3483	0.0965658	0.133157
KALES	5	19	1	13.4945	0.0774483	0.102104
KALI	4	29	0	19.5608	0.0334903	0.0395076
KALIS	5	11	0	7.73927	0.0514722	0.0595824
KAM	3	21	3	15.9555	0.167605	0.213497
KAME	4	13	1	9.20925	0.119854	0.156609
KANA	4	12	0	8.32799	0.0674127	0.0793058
KANE	4	34	4	25.1619	0.132309	0.174535
KANES	5	19	1	14.5337	0.0774483	0.0956703
KANG	4	10	2	7.10136	0.211819	0.290636
KANS	4	25	2	19.0575	0.105139	0.131823
KANT	4	29	5	22.0114	0.181492	0.236945
KANTS	5	10	3	7.48034	0.27511	0.379048
KAON	4	26	0	18.9608	0.0367541	0.0405957
KAONS	5	13	0	7.5328	0.0452874	0.0608785
KARA	4	17	0	12.3133	0.0519394	0.0584248
KARITE	6	10	0	5.67785	0.0452275	0.0675985
KARN	4	34	1	25.0388	0.0549569	0.0676314
KARNS	5	11	1	7.11524	0.119756	0.173887
KARO	4	40	0	28.6986	0.0252642	0.0280546
KAROS	5	13	0	9.31891	0.0452874	0.0512367
KART	4	35	4	24.1576	0.128984	0.181033
KARTS	5	24	3	16.6073	0.135787	0.19271
KAS	3	75	16	58.9484	0.21755	0.275736
KAT	3	70	16	55.2837	0.232235	0.29324
KATA	4	16	0	11.8996	0.0544384	0.0600666
KATI	4	28	0	22.5424	0.0345119	0.0348636
KATS	4	38	7	28.5634	0.19006	0.251203
KAW	3	13	2	9.82739	0.187568	0.238619
KAY	3	26	5	18.7466	0.206243	0.27975
KBAR	4	17	0	14.1955	0.0519394	0.0519629
KEA	3	88	23	63.3908	0.26286	0.363453
KEAS	4	44	7	32.8087	0.166684	0.221274
KEB	3	25	1	19.7092	0.0757563	0.0870564
KED	3	85	6	62.6347	0.0808602	0.106464
KEDS	4	35	1	25.4718	0.0535755	0.0665964
KEEN	4	15	2	10.364	0.158285	0.218728
KEET	4	25	2	18.0095	0.105139	0.138454
KEETS	5	19	2	14.4771	0.121609	0.156842
KEF	3	16	0	12.0404	0.0599053	0.0641127
KEG	3	20	2	15.3011	0.133029	0.165024
KEIR	4	47	1	33.9236	0.0411602	0.0512791
KELL	4	12	3	8.33199	0.24616	0.34822
KELT	4	22	1	15.7107	0.0795796	0.101671
KEN	3	87	21	65.4604	0.243786	0.322924
KENO	4	27	0	19.9829	0.0355977	0.0387763
KENOS	5	14	0	9.25575	0.0427208	0.0515252
KENS	4	35	5	25.242	0.15412	0.209669
KENT	4	28	6	20.9703	0.217531	0.289341
KEP	3	27	1	20.4921	0.0708804	0.084085
KEPI	4	12	0	9.13313	0.0674127	0.0739652
KEPS	4	15	0	11.3697	0.0571901	0.062309
KERB	4	20	0	14.8622	0.0456522	0.0500041
KERN	4	40	0	29.3766	0.0252642	0.027464
KERNS	5	12	0	8.45686	0.0481822	0.0554774
KESH	4	24	0	18.2835	0.039308	0.0418984
KEST	4	63	11	48.3293	0.178973	0.232333
KESTS	5	17	2	13.757	0.13339	0.16403
KET	3	103	26	78.5186	0.254054	0.332597
KETA	4	46	0	32.5509	0.0222793	0.0249994
KETAS	5	30	0	22.7536	0.0224046	0.0233821
KETE	4	23	1	16.6638	0.0767154	0.0966985
KETES	5	13	1	10.4287	0.105366	0.127374
KETO	4	40	0	29.1573	0.0252642	0.0276522
KETOL	5	11	0	7.73687	0.0514722	0.0595971
KETS	4	57	12	42.0938	0.212539	0.28685
KEY	3	20	0	13.8077	0.0499517	0.0571416
KHAN	4	15	0	10.1338	0.0571901	0.0682527
KHAT	4	14	0	10.2223	0.0602348	0.0677896
KHET	4	16	0	11.8806	0.0544384	0.0601439
KHETS	5	10	0	7.57444	0.0552445	0.0606125
KHI	3	31	0	24.3828	0.0342857	0.0346186
KHIS	4	11	0	8.82612	0.0716838	0.0759145
KHOR	4	17	0	13.4595	0.0519394	0.054312
KID	3	51	8	39.0814	0.167094	0.215007
KIDS	4	23	5	18.1256	0.220686	0.280897
KIER	4	56	3	40.6279	0.0679694	0.089396
KIERS	5	27	0	20.0541	0.0245979	0.0262496
KIF	3	16	2	12.1626	0.159537	0.200477
KILD	4	13	2	9.6985	0.176086	0.230353
KILN	4	23	1	17.9661	0.0767154	0.0906407
KILNS	5	12	0	9.38501	0.0481822	0.0509381
KILO	4	22	1	16.5949	0.0795796	0.0970413
KILT	4	25	4	19.3583	0.172291	0.220202
KILTER	6	10	0	7.71516	0.0452275	0.0530006
KILTS	5	13	1	10.0017	0.105366	0.131921
KIN	3	101	43	77.4923	0.42068	0.54953
KINA	4	51	0	36.8917	0.0202824	0.022267
KINAS	5	23	0	15.1134	0.0282907	0.0338463
KINASE	6	13	0	7.91037	0.0369441	0.0519262
KIND	4	28	6	22.1485	0.217531	0.27569
KINDA	5	13	0	10.2642	0.0452874	0.047274
KINE	4	50	18	37.6069	0.349219	0.46709
KINES	5	26	13	19.7747	0.463954	0.624746
KING	4	22	11	16.0043	0.452944	0.631235
KINGS	5	12	4	7.97127	0.303859	0.461014
KININ	5	10	1	6.70965	0.128533	0.182023
KINO	4	38	0	28.0242	0.0264453	0.028668
KINOS	5	19	0	13.4168	0.033288	0.0375809
KINS	4	50	17	38.954	0.330965	0.428093
KIORE	5	21	0	17.1188	0.0305865	0.0302883
KIORES	6	11	0	7.27843	0.0420824	0.0555732
KIP	3	28	5	21.3378	0.193382	0.249273
KIPS	4	15	4	12.186	0.259379	0.325431
KIR	3	80	18	61.0241	0.2284	0.298229
KIRN	4	25	1	18.831	0.0715638	0.0870205
KIRNS	5	12	0	8.79172	0.0481822	0.0537493
KIRS	4	33	1	24.9238	0.0564114	0.0679118
KIS	3	98	20	73.1217	0.207717	0.276952
KISAN	5	17	0	11.9023	0.0365128	0.0416872
KISH	4	20	0	14.1274	0.0456522	0.0521719
KISS	4	16	4	12.0269	0.246899	0.328918
KIST	4	52	9	39.1729	0.178422	0.235365
KISTS	5	14	1	10.2195	0.0993949	0.129563
KIT	3	89	29	68.0247	0.3245	0.424695
KITE	4	51	18	39.0208	0.342958	0.451307
KITED	5	12	1	9.11672	0.112101	0.142463
KITER	5	31	6	23.5581	0.194944	0.257785
KITERS	6	14	5	11.3384	0.322506	0.421219
KITES	5	41	16	31.4506	0.375269	0.496204
KITH	4	30	1	21.7755	0.0612768	0.0766038
KITHE	5	14	2	10.593	0.156069	0.205378
KITHS	5	10	1	7.18254	0.128533	0.172606
KITS	4	51	12	37.8552	0.2354	0.316739
KITSET	6	10	0	6.67836	0.0452275	0.0595444
KNAR	4	27	0	18.594	0.0355977	0.0412912
KNARS	5	11	0	6.88531	0.0514722	0.0653356
KNEE	4	13	0	9.61957	0.063622	0.0710735
KNEES	5	10	0	8.00123	0.0552445	0.0580152
KNISH	5	11	0	8.08497	0.0514722	0.0575315
KNIT	4	38	0	28.464	0.0264453	0.028265
KNITS	5	24	0	16.3934	0.0272673	0.0314855
KNOT	4	29	0	22.0961	0.0334903	0.035488
KNOTS	5	19	0	14.0999	0.033288	0.0359825
KOA	3	53	6	40.7898	0.126196	0.160254
KOAN	4	27	1	19.7181	0.0670606	0.0835957
KOANS	5	10	0	6.64924	0.0552445	0.0671274
KOAS	4	22	2	17.3927	0.116916	0.142679
KOB	3	25	2	19.2284	0.110151	0.135124
KOEL	4	17	0	13.3785	0.0519394	0.0545833
KOHA	4	13	0	10.2725	0.063622	0.0675299
KOI	3	64	10	48.7416	0.164564	0.213502
KOINE	5	15	0	10.4454	0.0404295	0.0465836
KOIS	4	24	1	16.2449	0.0740501	0.0988227
KOLA	4	26	1	18.7182	0.0692391	0.0874761
KOLAS	5	10	0	6.8874	0.0552445	0.0653201
KON	3	71	14	53.9492	0.202501	0.264715
KOND	4	23	1	17.121	0.0767154	0.0944817
KONS	4	36	3	26.715	0.101301	0.131504
KOP	3	16	2	12.3715	0.159537	0.197651
KOR	3	79	10	59.442	0.13485	0.176588
KORA	4	34	1	24.6714	0.0549569	0.0685352
KORAI	5	11	0	7.19229	0.0514722	0.0631438
KORAS	5	21	0	15.378	0.0305865	0.0333295
KORAT	5	18	0	13.1389	0.0348259	0.0382728
KORATS	6	12	0	9.20333	0.0393462	0.0457793
KORE	4	54	5	40.9486	0.104305	0.134433
KORES	5	36	4	27.6455	0.11991	0.154635
KORO	4	13	0	11.0863	0.063622	0.0635787
KORS	4	40	3	30.4808	0.0922532	0.116634
KORU	4	12	0	9.17257	0.0674127	0.073722
KOS	3	74	16	57.2828	0.220336	0.283425
KOSES	5	12	0	10.3522	0.0481822	0.0469363
KOTARE	6	12	0	7.62797	0.0393462	0.053495
KOTO	4	14	0	10.9751	0.0602348	0.0640912
KOW	3	16	3	12.8485	0.209352	0.256867
KRAB	4	16	0	11.9685	0.0544384	0.0597868
KRAI	4	37	0	27.8483	0.0270782	0.0288324
KRAIS	5	12	0	9.07765	0.0481822	0.0523567
KRAIT	5	13	0	9.48813	0.0452874	0.0504792
KRANS	5	12	0	8.69627	0.0481822	0.0542308
KRIS	4	40	0	29.6204	0.0252642	0.0272575
KRONA	5	16	0	10.0536	0.0383715	0.0481029
KRONE	5	15	1	9.81184	0.0940639	0.134049
KSARS	5	15	0	11.3209	0.0404295	0.0435124
KUE	3	24	0	18.6341	0.0428346	0.0440592
KYAR	4	11	0	8.62113	0.0716838	0.0772744
KYE	3	17	2	12.5463	0.151966	0.195347
KYU	3	11	0	8.22452	0.0797757	0.0870388
LAB	3	187	53	142.035	0.283673	0.373258
LABEL	5	17	2	13.0981	0.13339	0.171207
LABIA	5	11	0	7.23306	0.0514722	0.0628637
LABIS	5	27	1	18.6119	0.05723	0.076703
LABOR	5	27	1	18.0264	0.05723	0.0789504
LABORS	6	11	1	7.15676	0.111624	0.169001
LABRA	5	28	1	18.3775	0.0554214	0.0775872
LABRETS	7	13	0	6.24798	0.0318572	0.0674645
LABS	4	53	15	40.4755	0.27917	0.366858
LAC	3	313	134	244.016	0.426407	0.547461
LACE	4	138	81	104.458	0.575217	0.763271
LACED	5	40	22	28.3718	0.521341	0.744396
LACER	5	64	39	44.9708	0.587685	0.843348
LACERS	6	28	17	18.8379	0.561032	0.851296
LACES	5	74	50	54.7306	0.653667	0.892195
LACET	5	71	2	50.1597	0.036892	0.049461
LACETS	6	44	1	22.6376	0.0338781	0.0615857
LACEY	5	14	0	9.39454	0.0427208	0.0508954
LACHES	6	14	7	8.61917	0.437582	0.725468
LACIER	6	26	2	14.4399	0.0886708	0.154715
LACIEST	7	18	6	7.21653	0.304048	0.739826
LACK	4	22	14	15.8677	0.564953	0.796356
LACKS	5	10	3	6.51811	0.27511	0.422076
LACS	4	118	18	88.9323	0.155814	0.205812
LACTONE	7	11	0	2.67462	0.036264	0.123729
LACY	4	34	3	25.4327	0.106525	0.137471
LAD	3	374	166	286.415	0.442248	0.577885
LADDER	6	16	14	11.4477	0.753622	1
LADE	4	219	104	162.99	0.469791	0.632546
LADED	5	26	5	18.8397	0.194092	0.268187
LADEN	5	94	24	60.8932	0.253509	0.391044
LADENS	6	34	11	20.3962	0.310464	0.520005
LADER	5	136	64	95.2456	0.463704	0.664352
LADERS	6	48	22	30.992	0.43996	0.687844
LADES	5	106	50	77.5218	0.462893	0.636356
LADIES	6	43	12	26.1645	0.27178	0.448295
LADING	6	15	4	9.11137	0.250553	0.4155
LADINOS	7	11	0	3.74584	0.036264	0.0989822
LADLE	5	37	1	25.332	0.0431494	0.0578155
LADLER	6	18	0	10.4823	0.0283042	0.0409807
LADLES	6	18	0	11.4918	0.0283042	0.0378491
LADRON	6	18	0	8.76468	0.0283042	0.0476947
LADS	4	142	38	108.976	0.266593	0.347807
LADY	4	32	3	24.8718	0.112317	0.140256
LAER	4	381	5	272.864	0.0158934	0.0213443
LAERED	6	31	0	20.454	0.0176016	0.0225507
LAERING	7	14	0	9.67717	0.0300325	0.046968
LAERS	5	173	1	124.903	0.00992839	0.0124373
LAETARE	7	13	0	5.28645	0.0318572	0.0768706
LAEVO	5	16	0	11.5	0.0383715	0.0429334
LAG	3	187	60	144.683	0.320308	0.414115
LAGAN	5	13	0	8.70546	0.0452874	0.054184
LAGENA	6	14	0	8.76077	0.0348184	0.0477125
LAGEND	6	12	0	7.5807	0.0393462	0.0537669
LAGER	5	41	15	27.1688	0.35287	0.534816
LAGERS	6	16	7	10.6129	0.392423	0.608179
LAGS	4	62	19	46.2897	0.301443	0.404873
LAH	3	302	20	233.356	0.0692726	0.0887557
LAHAR	5	16	0	11.8469	0.0383715	0.0418544
LAHS	4	103	4	80.3964	0.0476086	0.0586922
LAIC	4	112	3	86.3189	0.0353767	0.0435747
LAICH	5	25	1	15.9517	0.0612258	0.0880956
LAICHS	6	15	1	6.21101	0.0873312	0.189157
LAICS	5	42	2	25.9151	0.0603311	0.0924823
LAID	4	155	51	114.928	0.326263	0.440629
LAIDS	5	60	26	42.4395	0.420362	0.598625
LAIGH	5	15	0	10.5632	0.0404295	0.0461452
LAIK	4	26	5	19.4398	0.199179	0.264314
LAIKS	5	13	4	8.32283	0.285604	0.44525
LAIN	4	268	116	195.595	0.429393	0.589081
LAIPSE	6	11	0	6.14169	0.0420824	0.0636097
LAIR	4	251	94	182.854	0.371922	0.51102
LAIRD	5	56	2	35.5072	0.04617	0.0688047
LAIRDS	6	17	0	8.11451	0.029693	0.0508482
LAIRED	6	43	7	27.1892	0.163975	0.259442
LAIRISE	7	11	0	2.76389	0.036264	0.121204
LAIRS	5	106	51	73.5282	0.472014	0.68327
LAIRY	5	17	2	9.52701	0.13339	0.224439
LAISSE	6	29	0	15.2441	0.0186888	0.0294766
LAITH	5	51	0	33.7966	0.0137945	0.0161605
LAITIES	7	20	0	6.89528	0.0223509	0.0623301
LAKE	4	36	32	26.0775	0.812373	1
LAKED	5	17	16	12.286	0.811529	1
LAKER	5	21	19	15.2595	0.801542	1
LAKES	5	17	15	13.3436	0.76309	1
LAKH	4	12	0	9.37433	0.0674127	0.0725025
LAKSA	5	11	0	7.35487	0.0514722	0.0620415
LALDIE	6	14	0	8.5583	0.0348184	0.0486525
LAM	3	242	125	189.38	0.512864	0.656473
LAMA	4	41	5	31.0703	0.133922	0.173614
LAMAS	5	20	2	14.6456	0.116466	0.155251
LAMB	4	18	8	13.6605	0.400791	0.53899
LAME	4	122	76	90.8839	0.608371	0.820478
LAMED	5	44	15	31.5628	0.330651	0.464713
LAMEDS	6	17	0	10.7495	0.029693	0.0401025
LAMENT	6	19	11	10.6947	0.518551	0.926397
LAMENTS	7	10	7	3.65283	0.559088	1
LAMER	5	60	34	42.1407	0.546059	0.78409
LAMES	5	56	38	40.9183	0.649744	0.899734
LAMEST	6	25	7	14.4441	0.267976	0.46402
LAMIAS	6	10	0	4.80807	0.0452275	0.0766066
LAMINA	6	11	1	5.94539	0.111624	0.195712
LAMING	6	12	4	6.87444	0.299425	0.523657
LAMISH	6	10	0	4.92535	0.0452275	0.0752544
LAMITER	7	13	0	4.17473	0.0318572	0.0916436
LAMP	4	32	6	23.5052	0.193876	0.261483
LAMPS	5	10	4	6.34929	0.348398	0.551019
LAMS	4	86	22	67.274	0.254798	0.326468
LANA	4	107	7	79.7403	0.0727426	0.0954945
LANAS	5	53	4	35.4055	0.083923	0.122519
LANATE	6	36	0	17.9144	0.0153668	0.0254676
LANATED	7	11	0	3.36097	0.036264	0.106646
LANCE	5	63	12	41.4161	0.19137	0.289981
LANCED	6	19	4	11.6377	0.205771	0.33691
LANCER	6	32	7	17.8008	0.214956	0.384225
LANCERS	7	18	5	6.81238	0.257445	0.656597
LANCES	6	34	9	18.9354	0.25696	0.459952
LANCET	6	30	3	15.5296	0.108003	0.202916
LANCETS	7	19	2	6.14946	0.1124	0.326069
LANCH	5	25	6	16.877	0.235778	0.349223
LAND	4	142	78	108.157	0.539103	0.710802
LANDE	5	79	50	54.4326	0.61412	0.89691
LANDER	6	33	25	23.0181	0.703826	1
LANDES	6	38	24	22.7728	0.594615	1
LANDS	5	52	31	37.641	0.570652	0.797428
LANE	4	325	150	240.298	0.458275	0.620616
LANES	5	176	91	124.328	0.510751	0.725159
LANG	4	95	43	70.153	0.442272	0.601354
LANGER	6	20	8	14.0068	0.368057	0.540513
LANGEST	7	13	2	5.9743	0.153377	0.3336
LANK	4	24	12	17.2106	0.456214	0.643143
LANKS	5	11	6	6.91099	0.461176	0.741613
LANNER	6	31	14	21.0839	0.424816	0.635884
LANNERS	7	18	11	10.4168	0.537059	0.958698
LANOSE	6	50	0	23.37	0.0113365	0.0199297
LANT	4	224	100	165.466	0.44204	0.599471
LANTERN	7	12	0	7.93419	0.0339181	0.0555454
LANTS	5	103	42	71.6344	0.400899	0.578557
LAP	3	190	81	147.294	0.423563	0.54714
LAPEL	5	12	0	7.51367	0.0481822	0.0610014
LAPIN	5	28	4	16.9869	0.150224	0.241631
LAPINS	6	11	1	5.82773	0.111624	0.198764
LAPIS	5	27	0	18.7897	0.0245979	0.0278492
LAPS	4	83	33	61.6362	0.388814	0.525672
LAPSE	5	48	15	35.836	0.305042	0.41217
LAPSED	6	18	7	12.6131	0.355714	0.523302
LAPSER	6	25	5	16.2571	0.197504	0.305963
LAPSES	6	13	1	7.35381	0.0979944	0.165331
LAR	3	595	358	453.784	0.599596	0.786727
LARCH	5	25	7	17.3056	0.270688	0.393362
LARD	4	152	41	111.123	0.268724	0.36758
LARDER	6	18	6	12.2329	0.308941	0.465888
LARDON	6	21	0	10.58	0.0248213	0.040655
LARDONS	7	12	0	2.25102	0.0339181	0.137303
LARDS	5	59	17	40.8419	0.283404	0.410692
LARDY	5	14	3	9.97965	0.212743	0.299694
LARE	4	396	236	286.759	0.59167	0.818022
LAREE	5	70	0	47.3298	0.0102356	0.0117233
LAREES	6	43	0	27.3313	0.0130475	0.0172121
LARES	5	212	144	150.737	0.671261	0.94684
LARGE	5	46	12	30.6722	0.256901	0.385459
LARGEN	6	23	2	11.4441	0.0987547	0.189925
LARGENS	7	11	2	3.61316	0.174594	0.484403
LARGER	6	11	3	5.24715	0.250706	0.502432
LARGES	6	23	6	12.9393	0.250385	0.443435
LARGEST	7	16	2	6.18253	0.12973	0.324686
LARGO	5	29	2	19.3747	0.0843565	0.120836
LARGOS	6	10	1	5.5658	0.119966	0.20591
LARI	4	260	20	190.608	0.0798064	0.107968
LARIATS	7	11	0	3.37806	0.036264	0.10628
LARINE	6	61	1	32.079	0.0249323	0.0443818
LARIS	5	128	3	83.8125	0.0285146	0.0417136
LARK	4	35	14	26.2752	0.380344	0.511523
LARKS	5	17	9	11.693	0.472459	0.70159
LARN	4	189	45	140.73	0.238057	0.319634
LARNED	6	36	8	20.859	0.218516	0.376474
LARNIER	7	16	0	6.27884	0.0269456	0.0672006
LARNS	5	76	19	52.5801	0.248024	0.358971
LARNT	5	72	0	47.8329	0.00996496	0.0116048
LAROID	6	20	0	11.2862	0.0258829	0.0384475
LARS	4	247	57	184.377	0.230879	0.309212
LARUM	5	19	0	11.8887	0.033288	0.0417281
LARVA	5	11	3	7.9072	0.256324	0.362648
LAS	3	608	354	466.684	0.580326	0.756568
LASE	4	356	207	266.316	0.576887	0.772405
LASED	5	112	53	81.4698	0.464818	0.642201
LASER	5	199	113	143.564	0.561346	0.780484
LASERED	7	16	7	7.03033	0.386691	0.871506
LASERS	6	52	19	35.1379	0.354012	0.529074
LASES	5	97	57	71.5019	0.573838	0.783793
LASH	4	155	43	120.145	0.276195	0.356876
LASHED	6	16	4	10.5575	0.237624	0.366556
LASHER	6	34	13	23.4379	0.363969	0.536632
LASHERS	7	11	5	6.16396	0.382089	0.711363
LASHES	6	23	9	16.0626	0.364108	0.534262
LASING	6	22	15	12.5499	0.614861	1
LASS	4	103	43	76.7199	0.409445	0.551708
LASSI	5	47	9	29.6828	0.192593	0.302699
LASSIE	6	22	8	11.8387	0.339053	0.62695
LASSO	5	36	2	25.02	0.0694619	0.0955506
LASSU	5	20	0	13.1358	0.0318801	0.0382806
LAST	4	315	183	235.554	0.5758	0.771402
LASTED	6	45	30	31.2142	0.6326	0.926117
LASTER	6	100	66	70.001	0.644275	0.927217
LASTERS	7	29	16	16.7358	0.509095	0.901029
LASTS	5	63	27	43.8785	0.416444	0.601648
LAT	3	627	455	477.049	0.722899	0.950852
LATAHS	6	16	0	9.87276	0.0312252	0.0431355
LATCH	5	28	7	19.0151	0.245026	0.3613
LATE	4	403	301	292.059	0.740911	1
LATED	5	129	76	91.3907	0.578642	0.820336
LATEEN	6	34	1	21.5555	0.0429413	0.064449
LATEENS	7	13	0	6.90936	0.0318572	0.0622271
LATELY	6	13	0	7.30109	0.0369441	0.0554336
LATEN	5	182	96	123.497	0.521177	0.769817
LATENCE	7	10	0	3.15964	0.0389586	0.111147
LATENED	7	15	6	5.8904	0.353464	0.870632
LATENS	6	82	43	49.9643	0.510719	0.841665
LATENT	6	43	15	26.584	0.336463	0.547647
LATENTS	7	18	3	8.91275	0.164241	0.335475
LATER	5	219	157	150.936	0.708545	1
LATERAL	7	12	0	4.75086	0.0339181	0.0833431
LATEST	6	56	0	35.6447	0.010191	0.0133824
LATH	4	153	53	113.814	0.343074	0.461985
LATHE	5	78	37	53.8938	0.462416	0.672805
LATHED	6	24	13	17.9417	0.496902	0.686648
LATHEE	6	11	0	7.47442	0.0420824	0.0543885
LATHEN	6	30	3	19.3463	0.108003	0.16615
LATHER	6	37	21	24.3963	0.535046	0.823274
LATHERS	7	18	11	12.1987	0.537059	0.83499
LATHES	6	40	20	26.6777	0.474992	0.721914
LATHI	5	50	1	33.0607	0.0326928	0.0450558
LATHIER	7	10	2	6.15146	0.187567	0.325985
LATHIS	6	21	1	11.6937	0.0658386	0.111835
LATHS	5	62	26	42.338	0.407554	0.599996
LATHY	5	15	0	10.5364	0.0404295	0.0462443
LATI	4	289	45	210.555	0.157025	0.215038
LATICES	7	16	1	4.94042	0.0783378	0.233592
LATIGO	6	17	0	8.80134	0.029693	0.0475285
LATINA	6	37	0	18.7704	0.0149862	0.0244037
LATINAS	7	12	0	3.4431	0.0339181	0.104912
LATINISE	8	15	0	4.96764	0.0284054	0.0805964
LATINO	6	49	0	26.6311	0.0115529	0.0176372
LATINOS	7	14	0	6.51026	0.0300325	0.0652854
LATISH	6	34	0	19.0775	0.0161889	0.0240433
LATKE	5	10	0	6.44252	0.0552445	0.0687791
LATRINE	7	34	7	13.3451	0.200872	0.503514
LATRINES	8	18	4	8.39821	0.210843	0.45264
LATRON	6	42	1	23.281	0.0353712	0.0600008
LATRONS	7	16	1	6.61789	0.0783378	0.185969
LATS	4	342	119	253.552	0.346416	0.467614
LATTE	5	68	51	46.3516	0.722367	1
LATTEN	6	35	19	24.3991	0.510817	0.746609
LATTENS	7	14	9	7.84619	0.54555	1
LATTER	6	37	28	26.7254	0.7084	1
LATTERS	7	16	14	11.4519	0.746437	1
LATTES	6	39	30	26.5953	0.722161	1
LATTIN	6	31	7	17.6604	0.221209	0.38701
LATTINS	7	15	2	6.59427	0.136758	0.308391
LATU	4	106	1	81.9197	0.0192395	0.0222358
LATUS	5	36	0	24.8312	0.0190138	0.0215687
LAUAN	5	17	0	12.3386	0.0365128	0.0404151
LAUD	4	54	3	41.2705	0.070282	0.0880934
LAUDER	6	13	1	7.49252	0.0979944	0.162841
LAUDS	5	13	0	8.50462	0.0452874	0.0552241
LAUF	4	11	1	8.09165	0.135041	0.172645
LAUNCE	6	11	0	5.01522	0.0420824	0.07425
LAUND	5	20	0	14.3702	0.0318801	0.0353866
LAURA	5	22	0	14.3521	0.0293938	0.035426
LAUREL	6	17	0	10.2594	0.029693	0.0417432
LAV	3	88	44	67.998	0.490937	0.63779
LAVA	4	13	1	9.15488	0.119854	0.15732
LAVE	4	56	36	42.003	0.61088	0.822838
LAVED	5	14	8	9.36199	0.496114	0.757717
LAVER	5	34	21	23.3387	0.577871	0.852968
LAVERS	6	10	3	4.91348	0.269444	0.527709
LAVES	5	27	16	19.9086	0.54671	0.758114
LAVS	4	29	3	22.3408	0.122291	0.154363
LAW	3	138	50	108.353	0.360393	0.45965
LAWED	5	21	10	15.6482	0.436353	0.600781
LAWER	5	27	11	17.708	0.38355	0.588703
LAWEST	6	15	1	8.79441	0.0873312	0.142676
LAWIN	5	24	3	17.0109	0.135787	0.188609
LAWINS	6	10	0	5.53458	0.0452275	0.0689338
LAWN	4	37	12	30.2168	0.314273	0.389966
LAWNS	5	17	8	11.7215	0.424021	0.627027
LAWS	4	63	22	50.4138	0.341254	0.429861
LAX	3	12	5	9.95122	0.385874	0.478215
LAY	3	145	45	110.538	0.30993	0.406507
LAYED	5	22	7	15.1345	0.302354	0.443326
LAYER	5	28	16	20.446	0.529434	0.739929
LAYERS	6	12	4	8.1954	0.299425	0.453887
LAYIN	5	20	0	14.5838	0.0318801	0.0349298
LAYS	4	54	14	43.2104	0.257409	0.323339
LAZE	4	10	6	7.33071	0.482391	0.678024
LEA	3	658	463	497.995	0.701134	0.927038
LEACH	5	35	10	26.018	0.278273	0.378095
LEAD	4	199	86	145.8	0.427569	0.584598
LEADEN	6	26	3	14.4367	0.122708	0.216643
LEADENS	7	11	1	4.90824	0.105429	0.234745
LEADER	6	29	14	19.2779	0.451055	0.690578
LEADERS	7	10	4	7.27113	0.336175	0.510083
LEADIER	7	10	0	3.13208	0.0389586	0.111793
LEADS	5	78	39	56.7003	0.486912	0.674711
LEADY	5	15	1	10.6344	0.0940639	0.125293
LEAF	4	59	0	45.1956	0.0177385	0.0184163
LEAFS	5	21	0	15.9562	0.0305865	0.0322539
LEAK	4	31	9	21.5227	0.283131	0.406003
LEAKS	5	15	4	11.0313	0.254967	0.352414
LEAL	4	134	14	98.4206	0.109029	0.147015
LEALER	6	14	0	9.51407	0.0348184	0.0445129
LEAM	4	139	44	103.038	0.313885	0.423993
LEAMED	6	12	2	7.39634	0.169386	0.274265
LEAMS	5	46	21	32.0037	0.438189	0.635346
LEAN	4	294	133	217.417	0.448925	0.607902
LEANED	6	28	13	16.9025	0.433562	0.724969
LEANER	6	33	15	20.8603	0.428949	0.686469
LEANERS	7	15	6	8.71985	0.353464	0.632159
LEANEST	7	23	1	7.76705	0.0576121	0.163178
LEANS	5	116	54	81.2443	0.457636	0.655961
LEANT	5	115	31	76.6101	0.267638	0.401913
LEANY	5	29	0	18.7937	0.0230909	0.0278438
LEAP	4	102	21	74.6209	0.207255	0.282584
LEAPED	6	11	3	7.23324	0.250706	0.390966
LEAPER	6	14	5	8.95718	0.322506	0.515167
LEAPS	5	48	16	32.9635	0.324405	0.474708
LEAPT	5	28	2	20.0738	0.0870223	0.117001
LEAR	4	320	189	233.794	0.58541	0.802496
LEARE	5	132	80	92.7939	0.595333	0.850403
LEARED	6	44	26	30.0937	0.561528	0.833
LEARES	6	72	52	46.6284	0.697867	1
LEARIEST	8	14	3	6.35551	0.201871	0.443175
LEARING	7	13	9	8.68215	0.578697	0.925957
LEARN	5	98	32	65.1863	0.322238	0.485187
LEARNS	6	33	16	17.8557	0.456437	0.842927
LEARNT	6	34	0	18.9104	0.0161889	0.024238
LEARS	5	124	76	87.0369	0.601308	0.860469
LEARY	5	33	3	22.3753	0.102438	0.14703
LEAS	4	315	166	233.911	0.522639	0.704946
LEASE	5	112	65	80.7618	0.568584	0.792764
LEASED	6	34	21	20.4034	0.577988	0.971867
LEASER	6	55	34	37.8217	0.592757	0.872519
LEASERS	7	12	5	6.62401	0.357371	0.671617
LEASES	6	28	17	17.9793	0.561032	0.888402
LEASH	5	80	3	59.6786	0.0448779	0.0580464
LEASING	7	16	6	11.0611	0.335299	0.515354
LEAST	5	171	84	121.524	0.485293	0.684938
LEASTS	6	30	18	17.8502	0.557375	0.945364
LEAT	4	328	161	239.455	0.487198	0.668177
LEATS	5	181	94	129.299	0.513168	0.720553
LEAVE	5	12	7	8.02033	0.495617	0.75938
LECH	4	64	9	48.1837	0.147294	0.193786
LECHES	6	11	3	7.39464	0.250706	0.384042
LECTIN	6	21	0	10.5965	0.0248213	0.0406004
LECTINS	7	10	0	3.33714	0.0389586	0.107159
LECTOR	6	21	0	8.77412	0.0248213	0.0476518
LED	3	495	89	376.019	0.18074	0.237614
LEDE	4	138	9	105.983	0.0709565	0.0908434
LEDES	5	62	3	46.6412	0.0571835	0.073618
LEDGE	5	10	2	6.76387	0.201821	0.295537
LEDUM	5	14	0	9.87494	0.0427208	0.0488292
LEE	3	290	176	230.552	0.602578	0.759357
LEEAR	5	67	1	46.2526	0.0248256	0.0327273
LEEARS	6	22	1	14.4491	0.0632445	0.0927765
LEECH	5	13	2	9.63642	0.165446	0.222321
LEED	4	130	40	98.8822	0.305167	0.401989
LEEING	6	10	1	4.46658	0.119966	0.242502
LEEP	4	39	4	30.2235	0.1172	0.147803
LEEPS	5	19	3	13.2922	0.165769	0.234599
LEER	4	185	89	135.118	0.474917	0.651617
LEERS	5	75	42	54.369	0.543632	0.755896
LEERY	5	16	1	10.901	0.0892757	0.122696
LEES	4	179	62	134.558	0.34351	0.457738
LEET	4	163	41	118.313	0.251106	0.345762
LEETS	5	97	20	69.9931	0.206208	0.285995
LEFT	4	60	21	47.411	0.341621	0.435649
LEFTE	5	22	6	17.2853	0.26336	0.341814
LEFTER	6	14	5	9.63899	0.322506	0.484242
LEFTS	5	36	12	26.5075	0.321702	0.441853
LEG	3	182	13	138.926	0.0763274	0.0985254
LEGAL	5	11	0	7.07369	0.0514722	0.0639729
LEGATE	6	16	0	9.14587	0.0312252	0.0460214
LEGATO	6	13	0	7.7539	0.0369441	0.0527839
LEGATOS	7	10	0	2.59792	0.0389586	0.125984
LEGER	5	22	0	13.5917	0.0293938	0.0371584
LEGERS	6	11	0	5.9411	0.0420824	0.0652754
LEGES	5	19	0	13.1852	0.033288	0.0381558
LEGIST	6	14	0	8.46177	0.0348184	0.0491138
LEGIT	5	29	0	16.754	0.0230909	0.0308787
LEGITS	6	13	0	6.94501	0.0369441	0.0577119
LEGS	4	62	4	45.2791	0.0768367	0.101541
LEHR	4	83	0	64.8954	0.0128888	0.0130589
LEI	3	577	57	447.304	0.100164	0.128802
LEIR	4	260	17	191.287	0.0684764	0.0921351
LEIRED	6	37	3	22.6071	0.0892805	0.143879
LEIRS	5	121	12	81.0462	0.102321	0.151531
LEIS	4	324	16	243.423	0.0521055	0.0685668
LEISH	5	78	0	53.8398	0.00923265	0.0103555
LEISHER	7	14	0	6.98901	0.0300325	0.0616507
LEISTER	7	20	0	7.10193	0.0223509	0.0608516
LEK	3	55	2	39.236	0.0542123	0.0702643
LEKS	4	23	1	16.3586	0.0767154	0.0982369
LEMAN	5	56	2	38.4273	0.04617	0.0638298
LEMANS	6	21	1	10.985	0.0658386	0.118075
LEME	4	49	9	35.9838	0.188374	0.254707
LEMED	5	19	3	11.4454	0.165769	0.266922
LEMES	5	27	5	19.5472	0.187758	0.259363
LEMING	6	15	1	8.01	0.0873312	0.15418
LEMON	5	32	0	21.1662	0.0211475	0.0249871
LEMONS	6	15	0	6.58019	0.032924	0.0602488
LEMUR	5	15	1	9.21923	0.0940639	0.141156
LEND	4	151	67	114.289	0.437347	0.579652
LENDER	6	26	13	17.2854	0.463076	0.710364
LENDERS	7	10	5	7.09415	0.410479	0.635341
LENDS	5	55	21	40.7572	0.370942	0.505148
LENES	5	70	18	51.1728	0.254652	0.349658
LENG	4	89	5	65.1262	0.0653785	0.0865991
LENGS	5	33	0	21.4629	0.0205704	0.0246706
LENIS	5	142	2	93.4903	0.0189076	0.0270074
LENITE	6	49	0	24.7506	0.0115529	0.0188902
LENITES	7	24	0	10.8376	0.0190949	0.0425895
LENO	4	209	3	157.875	0.0193253	0.0241716
LENOS	5	88	2	57.8897	0.0300486	0.0430726
LENS	4	254	69	194.384	0.271004	0.354371
LENSE	5	81	27	58.3319	0.327886	0.457416
LENSED	6	25	7	14.885	0.267976	0.4517
LENSES	6	16	12	11.5205	0.650422	0.944146
LENT	4	232	88	176.264	0.376426	0.496319
LENTEN	6	10	0	6.15545	0.0452275	0.0634986
LENTI	5	126	10	78.3907	0.0829482	0.131648
LENTIC	6	24	2	10.8766	0.0951478	0.198484
LENTIL	6	24	2	11.1599	0.0951478	0.194118
LENTO	5	79	1	50.4513	0.0212209	0.0301054
LENTOID	7	10	0	2.29671	0.0389586	0.135698
LENTOR	6	33	0	17.0574	0.0166339	0.02663
LENTORS	7	13	0	1.87084	0.0318572	0.152299
LENTOS	6	31	0	15.0184	0.0176016	0.0298742
LEONE	5	48	0	32.4052	0.0145958	0.0168149
LEONES	6	15	0	7.9065	0.032924	0.0519471
LEP	3	215	20	166.531	0.0967825	0.123856
LEPER	5	19	2	12.4054	0.121609	0.179463
LEPERS	6	10	1	7.02217	0.119966	0.171604
LEPRA	5	39	0	26.8581	0.0176762	0.0200517
LEPRAS	6	17	0	10.9261	0.029693	0.0395423
LEPS	4	91	6	69.7325	0.0744535	0.0948838
LEPT	4	59	1	46.4436	0.0334165	0.0382476
LEPTA	5	25	0	16.8625	0.0263154	0.0307008
LEPTIN	6	11	0	4.92683	0.0420824	0.0752376
LERE	4	230	61	170.372	0.264633	0.35731
LERED	5	83	10	59.1574	0.124114	0.173078
LERES	5	132	41	95.8929	0.307817	0.424907
LERING	6	30	7	19.4954	0.227836	0.353534
LERP	4	103	1	75.1811	0.019775	0.0241568
LERPS	5	40	1	26.4763	0.0401835	0.0554888
LESION	6	49	3	26.472	0.0688268	0.124154
LESS	4	138	47	103.866	0.337094	0.448824
LESSEN	6	18	3	9.90967	0.168623	0.300982
LESSER	6	22	4	13.438	0.181448	0.296893
LESSON	6	22	0	11.64	0.0238433	0.0374291
LESSOR	6	21	0	11.328	0.0248213	0.0383243
LEST	4	376	127	288.78	0.336494	0.438556
LESTED	6	33	6	22.718	0.18156	0.265991
LESTING	7	15	6	9.36586	0.353464	0.594952
LESTS	5	75	16	54.8151	0.213031	0.291998
LET	3	653	219	502.185	0.335126	0.435821
LETCH	5	36	9	26.6563	0.24603	0.334714
LETHE	5	29	1	20.3785	0.0537237	0.0706368
LETHES	6	14	1	8.74696	0.092356	0.143323
LETS	4	375	110	281.46	0.292618	0.39005
LETTED	6	12	3	8.85488	0.234405	0.331006
LETTER	6	27	12	18.9853	0.414917	0.60374
LETTERN	7	11	0	4.8978	0.036264	0.0814613
LETTERS	7	10	5	5.93876	0.410479	0.732584
LETTRE	6	26	0	16.7543	0.0205971	0.0270669
LETTRES	7	13	0	7.00116	0.0318572	0.0615637
LEU	3	229	2	177.748	0.0137404	0.0162536
LEUCO	5	14	0	9.9333	0.0427208	0.0485896
LEUD	4	76	0	59.111	0.0140056	0.0142785
LEUDS	5	24	0	16.831	0.0272673	0.0307523
LEV	3	99	17	78.7683	0.176597	0.220758
LEVA	4	49	4	37.0778	0.0954088	0.122412
LEVAS	5	14	0	9.99774	0.0427208	0.0483277
LEVE	4	27	13	20.9702	0.444615	0.583546
LEVER	5	18	7	13.3139	0.35823	0.496172
LEVES	5	12	6	10.0497	0.431698	0.547773
LEVIN	5	19	1	12.3333	0.0774483	0.1104
LEVIS	5	19	0	12.8675	0.033288	0.0389733
LEVITE	6	13	1	7.28006	0.0979944	0.166686
LEVO	4	30	0	22.2184	0.0325275	0.0353146
LEVS	4	27	2	21.6131	0.0985235	0.118036
LEW	3	141	33	112.598	0.235759	0.294919
LEWD	4	36	1	28.344	0.0522618	0.0604594
LEWIS	5	15	0	10.0261	0.0404295	0.0482132
LEX	3	20	5	15.3576	0.257645	0.333002
LEY	3	148	13	113.424	0.0933923	0.120209
LEYS	4	56	4	43.3601	0.0844213	0.10576
LIANA	5	42	0	25.6762	0.0165144	0.0209093
LIANAS	6	21	0	9.70322	0.0248213	0.0437758
LIANE	5	125	0	80.0156	0.00585952	0.00704884
LIANES	6	75	0	44.9319	0.00772062	0.0107183
LIANG	5	46	0	25.8294	0.0151838	0.0207939
LIANGS	6	18	0	10.4264	0.0283042	0.0411693
LIAR	4	248	26	180.589	0.107331	0.146579
LIARD	5	57	1	37.3807	0.0289192	0.0401081
LIARDS	6	24	0	13.1381	0.0221016	0.0336551
LIARS	5	107	17	73.7696	0.160458	0.232117
LIART	5	112	0	74.2274	0.00651821	0.00758437
LIAS	4	245	5	181.326	0.0245469	0.0319542
LIASES	6	27	0	15.8639	0.0199191	0.0284377
LIB	3	126	17	94.6748	0.13994	0.184602
LIBATE	6	15	0	8.4352	0.032924	0.0492423
LIBER	5	33	0	20.8253	0.0205704	0.025361
LIBERO	6	11	0	5.98501	0.0420824	0.0649034
LIBERS	6	16	0	8.66214	0.0312252	0.0481659
LIBRA	5	25	0	16.3205	0.0263154	0.0316111
LIBRAS	6	14	0	7.53808	0.0348184	0.0540145
LIBRI	5	10	0	7.15147	0.0552445	0.0634267
LIBS	4	44	4	32.7909	0.105188	0.137147
LICE	4	87	41	67.0719	0.45903	0.599249
LICH	4	43	9	32.5034	0.212028	0.279802
LICHT	5	15	0	9.29543	0.0404295	0.0513436
LICIT	5	16	0	10.6215	0.0383715	0.0459316
LICK	4	11	8	8.21844	0.578543	0.804649
LICTOR	6	14	0	6.76204	0.0348184	0.0589569
LID	3	301	123	234.881	0.407123	0.522185
LIDAR	5	51	8	33.7156	0.160195	0.240448
LIDARS	6	21	2	12.6949	0.106856	0.173444
LIDO	4	107	4	79.1265	0.045905	0.0596018
LIDOS	5	54	3	36.8881	0.0651195	0.092101
LIDS	4	123	49	94.7466	0.392315	0.51127
LIE	3	595	306	462.549	0.512796	0.660068
LIED	4	211	65	154.678	0.306471	0.418312
LIEDER	6	26	0	17.664	0.0205971	0.0257966
LIEF	4	64	1	49.5804	0.0309874	0.0359581
LIEFS	5	26	0	18.9139	0.0254277	0.0276834
LIEGE	5	17	0	12.3727	0.0365128	0.0403188
LIEGER	6	10	0	5.83179	0.0452275	0.0662204
LIEN	4	258	27	190.967	0.107052	0.143889
LIENAL	6	18	0	10.3896	0.0283042	0.0412943
LIENOR	6	36	0	21.0593	0.0153668	0.0219515
LIENORS	7	15	0	7.6859	0.0284054	0.0570289
LIENS	5	117	19	81.195	0.163735	0.235442
LIER	4	325	144	236.796	0.440081	0.604645
LIERS	5	156	77	106.027	0.487043	0.718408
LIES	4	374	188	279.979	0.499313	0.667904
LIEU	4	90	0	70.8313	0.0119369	0.0120064
LIEUS	5	42	0	29.8036	0.0165144	0.0181922
LIEVE	5	13	0	9.60154	0.0452874	0.049984
LIFE	4	53	15	40.3882	0.27917	0.367599
LIFER	5	27	4	17.7572	0.155126	0.232191
LIFERS	6	11	2	7.74003	0.181165	0.264299
LIFES	5	26	9	18.5441	0.329023	0.467148
LIFT	4	35	16	25.5378	0.430616	0.595344
LIFTED	6	11	8	8.81827	0.598413	0.806662
LIFTER	6	11	6	8.53335	0.45933	0.634003
LIFTS	5	19	5	13.4065	0.25409	0.363018
LIG	3	168	38	131.259	0.227824	0.291152
LIGAN	5	26	0	13.7092	0.0254277	0.0368795
LIGASE	6	10	0	5.47019	0.0452275	0.0695511
LIGATE	6	13	1	8.09413	0.0979944	0.152858
LIGER	5	27	1	15.297	0.05723	0.0914384
LIGERS	6	13	0	8.24072	0.0369441	0.0502038
LIGHT	5	15	3	11.0694	0.201333	0.274624
LIGNE	5	34	2	19.9879	0.0731522	0.117459
LIGNES	6	16	1	9.10955	0.0828249	0.138524
LIGS	4	62	16	45.1139	0.256522	0.352221
LIKE	4	27	20	20.1474	0.664855	0.909192
LIKEN	5	10	4	7.69268	0.348398	0.474322
LIKER	5	14	10	10.8431	0.609462	0.826282
LIKES	5	15	10	11.2602	0.576774	0.800208
LILIED	6	10	0	7.38117	0.0452275	0.0549458
LILIES	6	14	0	7.75182	0.0348184	0.0527955
LILO	4	57	0	43.4244	0.0183127	0.0191217
LILOS	5	19	0	12.6578	0.033288	0.0395325
LILT	4	52	2	40.2252	0.0551467	0.0670024
LILTS	5	25	0	16.6268	0.0263154	0.0310902
LILY	4	17	0	12.8984	0.0519394	0.0562503
LIMA	4	87	11	62.5741	0.132174	0.181726
LIMAN	5	34	3	22.4194	0.0997164	0.146764
LIMAS	5	38	6	25.6389	0.162176	0.238349
LIMB	4	16	0	11.0653	0.0544384	0.063675
LIME	4	98	57	72.2488	0.565572	0.771055
LIMED	5	34	9	21.9089	0.259101	0.401291
LIMEN	5	42	13	28.5042	0.301323	0.445717
LIMENS	6	17	7	9.73359	0.373168	0.654875
LIMES	5	58	36	41.2327	0.59622	0.846879
LIMIT	5	11	1	6.65695	0.119756	0.183136
LIMN	4	70	1	50.5756	0.0285012	0.035288
LIMNED	6	12	0	5.94721	0.0393462	0.0652234
LIMNER	6	16	0	8.7192	0.0312252	0.0479026
LIMNS	5	29	0	18.4764	0.0230909	0.0282762
LIMO	4	73	2	53.8445	0.0402582	0.0508992
LIMOS	5	36	2	24.1057	0.0694619	0.0989025
LIMP	4	23	6	17.3743	0.256678	0.340858
LIMY	4	11	0	8.75935	0.0716838	0.0763522
LIN	3	527	373	403.551	0.704615	0.921013
LINAC	5	50	0	31.1694	0.0140516	0.0174421
LINACS	6	19	0	9.37807	0.0270395	0.0450584
LINAGE	6	13	0	8.25978	0.0369441	0.050108
LINCH	5	24	3	15.7429	0.135787	0.202119
LIND	4	135	54	104.138	0.394406	0.513125
LINDEN	6	13	0	7.91406	0.0369441	0.0519063
LINDS	5	52	16	37.961	0.301085	0.41528
LINE	4	301	205	221.123	0.674109	0.919349
LINEAL	6	15	0	9.06131	0.032924	0.0463824
LINEAR	6	59	0	33.1256	0.0097009	0.0143499
LINEATE	7	18	1	6.55673	0.0710364	0.187361
LINED	5	90	50	63.7898	0.541982	0.769263
LINEN	5	41	4	26.3416	0.106481	0.161759
LINENS	6	20	3	10.7865	0.154198	0.279878
LINER	5	149	88	99.4826	0.58144	0.873194
LINERS	6	67	42	43.4978	0.605359	0.939917
LINES	5	180	125	127.161	0.684767	0.972569
LINEY	5	28	0	19.8172	0.0238206	0.0265351
LING	4	131	75	91.7711	0.560682	0.802212
LINGA	5	52	11	30.2769	0.211229	0.359164
LINGAS	6	21	7	13.5777	0.311943	0.490302
LINGEL	6	11	1	6.73902	0.111624	0.177348
LINGER	6	20	16	14.8012	0.71023	0.998781
LINGO	5	39	6	22.2577	0.158374	0.271627
LINGOS	6	15	1	8.84871	0.0873312	0.141943
LINGOT	6	11	0	6.30163	0.0420824	0.0623413
LINGS	5	58	34	35.5512	0.563776	0.921835
LINGSTER	8	11	0	5.49921	0.036264	0.07457
LINGY	5	10	2	5.50468	0.201821	0.3454
LINIER	6	31	5	18.3539	0.163035	0.274002
LINIEST	7	24	2	8.41431	0.0919329	0.252399
LININ	5	35	5	22.2358	0.14889	0.230542
LINING	6	10	6	7.12438	0.49366	0.735015
LININS	6	12	2	6.52571	0.169386	0.303227
LINISH	6	11	0	6.38989	0.0420824	0.0616627
LINK	4	28	18	20.7593	0.583569	0.800791
LINKS	5	15	10	10.7695	0.576774	0.831061
LINN	4	76	21	54.929	0.27396	0.378938
LINNED	6	15	6	10.7441	0.359367	0.52154
LINNET	6	21	0	11.5454	0.0248213	0.0376961
LINNETS	7	12	0	3.99841	0.0339181	0.0945247
LINNS	5	45	4	30.4065	0.0977248	0.141443
LINNY	5	10	1	7.28162	0.128533	0.170756
LINO	4	194	1	142.716	0.0107223	0.0129472
LINOS	5	86	1	54.8432	0.0195639	0.0277777
LINS	4	244	72	182.974	0.293956	0.39228
LINSEY	6	10	0	5.92503	0.0452275	0.0654126
LINT	4	227	120	166.661	0.522606	0.71325
LINTED	6	26	17	17.0362	0.599223	0.933074
LINTEL	6	18	0	9.68106	0.0283042	0.0438609
LINTER	6	53	28	33.9945	0.507364	0.798018
LINTERS	7	18	9	10.8096	0.443854	0.767345
LINTIE	6	35	2	18.3431	0.0678777	0.124614
LINTIER	7	17	1	7.26473	0.0745086	0.172414
LINTIES	7	19	1	5.47031	0.0678733	0.21611
LINTS	5	96	54	65.0078	0.54949	0.815002
LINTY	5	21	1	13.7057	0.0711632	0.100727
LINY	4	48	3	36.1136	0.0782711	0.0997608
LION	4	165	20	125.16	0.124461	0.163181
LIONEL	6	19	0	7.18496	0.0270395	0.0561566
LIONESS	7	11	0	2.6681	0.036264	0.123918
LIONET	6	36	1	20.7616	0.0407604	0.0667251
LIONETS	7	21	0	6.62017	0.0214371	0.0644136
LIONISE	7	14	1	5.1062	0.0873121	0.227826
LIONS	5	83	11	56.537	0.135655	0.197926
LIP	3	155	40	117.16	0.259015	0.342195
LIPA	4	61	0	45.0106	0.0171992	0.0184876
LIPAS	5	29	0	19.8993	0.0230909	0.0264354
LIPASE	6	14	0	8.54493	0.0348184	0.0487159
LIPE	4	69	8	50.1925	0.12376	0.16758
LIPES	5	38	4	27.109	0.114151	0.157489
LIPO	4	52	0	39.3313	0.0199252	0.0209783
LIPOS	5	22	0	14.7225	0.0293938	0.0346395
LIPS	4	65	21	50.0125	0.317144	0.414199
LIRA	4	218	59	155.526	0.26991	0.378181
LIRAS	5	97	30	65.0098	0.305568	0.4566
LIRE	4	313	135	225.634	0.428378	0.594792
LIRI	4	78	10	57.464	0.134464	0.180542
LIRK	4	26	0	18.1021	0.0367541	0.0422618
LIRKS	5	12	0	9.13379	0.0481822	0.0520917
LIROT	5	67	0	43.8252	0.0106703	0.0126207
LIROTH	6	10	0	5.62407	0.0452275	0.0680937
LIS	3	558	222	428.859	0.397105	0.51687
LISK	4	24	2	17.9191	0.108792	0.139058
LISLE	5	47	0	33.5634	0.014884	0.0162666
LISLES	6	16	0	9.99765	0.0312252	0.0426757
LISP	4	80	10	59.6447	0.131292	0.17424
LISPED	6	10	0	5.86587	0.0452275	0.0659228
LISPER	6	19	1	11.2948	0.0717223	0.115264
LISPS	5	13	0	9.10509	0.0452874	0.0522269
LIST	4	279	135	209.615	0.479702	0.639641
LISTED	6	52	23	35.0487	0.42624	0.639148
LISTEE	6	30	0	17.0929	0.0181289	0.0265798
LISTEES	7	10	0	4.13182	0.0389586	0.0923284
LISTEL	6	22	0	14.1767	0.0238433	0.031456
LISTEN	6	70	13	40.6491	0.185407	0.318636
LISTENS	7	11	1	2.74669	0.105429	0.351212
LISTER	6	89	46	59.365	0.504494	0.761246
LISTERS	7	30	14	15.0928	0.434103	0.86992
LISTS	5	55	19	37.4888	0.336838	0.496301
LIT	3	525	300	408.371	0.569301	0.732512
LITANY	6	10	0	4.72331	0.0452275	0.0776145
LITAS	5	115	0	75.9862	0.0063534	0.00741323
LITE	4	313	177	232.039	0.560543	0.757399
LITED	5	85	26	59.6839	0.301809	0.43116
LITER	5	164	93	112.717	0.559241	0.816022
LITEROSE	8	10	0	3.65866	0.0389586	0.10062
LITERS	6	74	43	49.9688	0.56352	0.841592
LITES	5	203	106	144.866	0.516605	0.725887
LITEST	6	49	0	29.3785	0.0115529	0.016079
LITH	4	109	33	83.0488	0.299968	0.394593
LITHE	5	53	19	37.6633	0.348731	0.494116
LITHED	6	20	5	14.9204	0.239742	0.330542
LITHER	6	34	11	21.3384	0.310464	0.498757
LITHES	6	29	15	20.2104	0.481939	0.706815
LITHO	5	37	0	23.8955	0.018546	0.0223494
LITHOS	6	10	0	5.30668	0.0452275	0.0711698
LITHS	5	43	14	31.3607	0.316301	0.437519
LITING	6	13	6	6.79542	0.403246	0.763413
LITOTES	7	11	0	2.9787	0.036264	0.11553
LITRE	5	141	56	96.6896	0.392367	0.573531
LITRES	6	80	37	52.0925	0.451009	0.696878
LITS	4	277	105	205	0.376642	0.509493
LITTEN	6	25	8	16.9411	0.303212	0.455519
LITTER	6	34	21	24.8377	0.577988	0.809589
LITTERS	7	14	6	9.43356	0.373711	0.591305
LITTLE	6	11	2	6.07535	0.181165	0.320747
LITU	4	83	1	62.5898	0.0242804	0.0288067
LIVE	4	40	25	29.0795	0.583506	0.811363
LIVED	5	12	4	8.66671	0.303859	0.43084
LIVEN	5	20	13	12.9047	0.581685	0.913513
LIVENS	6	11	7	6.74472	0.528872	0.886138
LIVER	5	24	14	16.4373	0.533693	0.79245
LIVES	5	19	14	13.8234	0.651533	0.9237
LIVOR	5	10	0	7.02541	0.0552445	0.0643167
LIVRE	5	11	0	7.95388	0.0514722	0.0582924
LLANERO	7	11	0	6.05076	0.036264	0.0692013
LLANOS	6	11	0	4.75085	0.0420824	0.0772841
LOACH	5	29	1	20.7028	0.0537237	0.0696258
LOACHES	7	11	1	4.04134	0.105429	0.270754
LOAD	4	121	36	92.3389	0.295201	0.387596
LOADEN	6	21	1	12.9221	0.0658386	0.102452
LOADER	6	35	14	23.6476	0.380541	0.571618
LOADS	5	37	14	25.4359	0.362994	0.532144
LOAF	4	42	0	33.546	0.0241842	0.0243154
LOAFS	5	12	0	9.37079	0.0481822	0.0510021
LOAM	4	58	13	42.4527	0.225082	0.306663
LOAMED	6	10	0	6.10052	0.0452275	0.0639447
LOAMS	5	14	7	8.94501	0.43944	0.694981
LOAN	4	146	38	110.069	0.259521	0.344439
LOANED	6	28	8	17.3788	0.274224	0.445079
LOANER	6	38	11	24.5059	0.280453	0.438515
LOANERS	7	17	6	7.39474	0.318909	0.725185
LOANS	5	57	18	37.7884	0.30924	0.467401
LOAST	5	76	4	50.0531	0.0596875	0.0880153
LOATH	5	46	3	29.0788	0.0756132	0.115274
LOATHE	6	24	0	13.2733	0.0221016	0.0333516
LOATHER	7	12	0	6.41643	0.0339181	0.0660486
LOAVE	5	12	1	8.44676	0.112101	0.151635
LOB	3	112	19	85.944	0.174049	0.225463
LOBAR	5	23	1	15.6016	0.0658215	0.0898521
LOBATE	6	13	1	10.1834	0.0979944	0.126027
LOBE	4	47	11	37.0173	0.234272	0.298301
LOBED	5	18	1	14.1369	0.0810265	0.0980288
LOBES	5	23	7	16.8846	0.291007	0.40215
LOBI	4	38	3	29.0542	0.0965658	0.121853
LOBO	4	14	0	10.5672	0.0602348	0.0660437
LOBS	4	34	3	25.8835	0.106525	0.135312
LOCA	4	102	13	75.9693	0.132337	0.176215
LOCAL	5	16	2	10.9205	0.14018	0.200156
LOCATE	6	26	6	15.8925	0.224818	0.369078
LOCATED	7	12	3	5.42514	0.22799	0.501783
LOCATER	7	14	3	6.49434	0.201871	0.435584
LOCH	4	70	15	52.6258	0.215708	0.286469
LOCHAN	6	15	0	7.39409	0.032924	0.0548679
LOCHE	5	28	5	20.9654	0.181825	0.243318
LOCHES	6	16	5	9.67955	0.289224	0.482519
LOCHIA	6	13	0	5.76532	0.0369441	0.0668085
LOCHS	5	31	4	21.5281	0.137216	0.194911
LOCI	4	91	5	69.0077	0.0640133	0.0819196
LOCIE	5	38	0	24.5374	0.0181007	0.021808
LOCIES	6	24	0	13.6904	0.0221016	0.0324488
LOCIS	5	45	3	28.3597	0.0771676	0.118009
LOCK	4	17	10	12.1437	0.511003	0.727247
LOCO	4	32	4	24.8709	0.139503	0.176369
LOCOS	5	18	3	11.6811	0.173428	0.262309
LOCUS	5	13	1	8.51172	0.105366	0.150695
LOD	3	231	93	178.817	0.400736	0.518189
LODE	4	141	62	105.813	0.433049	0.578854
LODEN	5	58	0	39.6548	0.0122281	0.0138855
LODENS	6	22	0	12.7744	0.0238433	0.0344997
LODES	5	72	31	51.4205	0.419775	0.591576
LODS	4	98	29	76.0838	0.293154	0.37873
LOERIES	7	15	0	5.89814	0.0284054	0.070608
LOESS	5	40	1	30.8053	0.0401835	0.0481574
LOFT	4	28	6	22.2334	0.217531	0.274755
LOFTER	6	10	2	7.23827	0.194705	0.279105
LOFTS	5	13	2	9.18295	0.165446	0.23137
LOG	3	130	34	98.877	0.262561	0.344725
LOGAN	5	19	1	10.4636	0.0774483	0.127016
LOGE	4	47	9	34.0709	0.19565	0.267914
LOGES	5	23	5	15.3223	0.215945	0.322773
LOGIA	5	18	1	10.3097	0.0810265	0.12861
LOGIC	5	13	0	7.86557	0.0452874	0.0588164
LOGIE	5	25	0	16.4123	0.0263154	0.0314531
LOGIER	6	11	0	5.7288	0.0420824	0.0671361
LOGIES	6	16	0	8.59349	0.0312252	0.0484865
LOGIEST	7	12	0	6.40273	0.0339181	0.0661616
LOGIN	5	33	1	19.0622	0.0478595	0.0750601
LOGINS	6	15	1	7.69528	0.0873312	0.159334
LOGO	4	27	6	18.8415	0.224375	0.317773
LOGON	5	11	1	5.96978	0.119756	0.199009
LOGS	4	37	7	25.936	0.194608	0.274153
LOGY	4	16	0	11.5213	0.0544384	0.0616506
LOHANS	6	14	0	7.41973	0.0348184	0.054714
LOID	4	106	9	80.4201	0.0914524	0.118741
LOIDS	5	48	4	31.2909	0.092048	0.137681
LOIN	4	159	24	118.804	0.153443	0.204596
LOINS	5	65	11	41.6955	0.171226	0.265217
LOIR	4	142	14	108.285	0.103087	0.133963
LOIRS	5	55	5	37.0692	0.0981128	0.142919
LOITER	6	52	2	33.5988	0.0470413	0.0707863
LOITERS	7	22	2	11.3105	0.0991552	0.195822
LOKE	4	27	18	20.5006	0.60193	0.809673
LOKES	5	13	8	9.75872	0.52592	0.732062
LOMA	4	66	9	47.4796	0.143133	0.196498
LOMAS	5	32	5	21.0866	0.161421	0.242038
LOME	4	66	28	49.1686	0.411557	0.55556
LOMED	5	19	4	12.3115	0.209929	0.320798
LOMEIN	6	10	0	5.85411	0.0452275	0.0660252
LOMENT	6	10	1	5.16514	0.119966	0.217895
LOMES	5	41	23	28.7247	0.532063	0.768424
LONE	4	198	115	149.252	0.572687	0.76202
LONER	5	100	59	69.1897	0.576525	0.837375
LONERS	6	38	24	27.7307	0.594615	0.831928
LONG	4	58	22	41.3709	0.368432	0.517818
LONGA	5	25	1	15.2764	0.0612258	0.0915476
LONGE	5	26	11	16.7144	0.396489	0.62003
LONGER	6	11	4	7.37058	0.320248	0.495074
LONGES	6	16	7	10.3629	0.392423	0.620764
LONGS	5	12	5	8.09881	0.367778	0.554597
LOO	3	157	106	123.704	0.665548	0.847626
LOOED	5	21	1	15.6563	0.0711632	0.0895729
LOOEY	5	12	0	8.76551	0.0481822	0.0538806
LOOF	4	21	1	17.563	0.0826661	0.0924331
LOOIE	5	29	0	19.7947	0.0230909	0.0265626
LOOIES	6	20	0	11.7692	0.0258829	0.0370708
LOOM	4	29	8	22.8849	0.270292	0.34559
LOON	4	71	24	56.9609	0.331621	0.416239
LOONIE	6	13	1	8.10972	0.0979944	0.152616
LOONS	5	29	14	21.5747	0.45195	0.619454
LOOP	4	21	8	15.7114	0.354158	0.479347
LOOPS	5	12	5	9.01074	0.367778	0.508491
LOOR	4	69	15	53.1489	0.218632	0.283792
LOORD	5	16	0	11.1806	0.0383715	0.0439771
LOOS	4	83	35	65.4806	0.411597	0.525366
LOOSE	5	56	20	41.3818	0.347957	0.474796
LOOSED	6	15	7	9.54284	0.413774	0.665967
LOOSEN	6	19	0	11.1005	0.0270395	0.0390045
LOOSER	6	22	9	14.0344	0.378454	0.603044
LOOSES	6	11	4	7.2511	0.320248	0.501668
LOOSIE	6	19	3	11.4448	0.161088	0.265882
LOOT	4	66	44	51.2453	0.637598	0.830144
LOOTED	6	12	7	9.60405	0.494485	0.662367
LOOTEN	6	16	1	9.40944	0.0828249	0.134791
LOOTER	6	20	14	14.936	0.624687	0.870609
LOOTERS	7	10	9	6.71163	0.707696	1
LOOTS	5	34	22	24.4168	0.604435	0.856018
LOP	3	115	37	88.3335	0.32083	0.41781
LOPE	4	48	28	38.0897	0.551904	0.706003
LOPED	5	16	8	12.39	0.445605	0.597814
LOPER	5	21	10	15.0749	0.436353	0.621
LOPES	5	23	13	17.6623	0.516192	0.692007
LOPS	4	44	10	33.0104	0.22818	0.30375
LOR	3	392	204	304.064	0.518091	0.668587
LORAL	5	42	3	28.1884	0.0822394	0.118679
LORAN	5	75	4	48.7474	0.0604465	0.0902816
LORANS	6	25	2	13.7157	0.0917952	0.161974
LORATE	6	51	0	32.8308	0.011128	0.0144723
LORD	4	100	18	76.0059	0.18258	0.239561
LORDS	5	44	12	31.5495	0.267685	0.375366
LORE	4	250	140	189.037	0.553927	0.734307
LOREAL	6	28	0	17.7812	0.0192843	0.0256416
LOREL	5	42	0	29.3588	0.0165144	0.0184506
LORELS	6	20	0	14.5142	0.0258829	0.0308021
LORES	5	147	94	110.454	0.628988	0.841343
LORIC	5	28	1	16.7561	0.0554214	0.084309
LORICA	6	11	0	6.59555	0.0420824	0.0601375
LORICS	6	12	0	5.26825	0.0393462	0.0715613
LORIES	6	51	7	30.2708	0.139852	0.23445
LORINER	7	11	0	3.42663	0.036264	0.105255
LORING	6	15	5	9.80425	0.30496	0.477297
LORIOT	6	13	0	7.10195	0.0369441	0.0566851
LORIS	5	75	2	48.4803	0.0350157	0.0511079
LORN	4	119	17	89.226	0.146477	0.194292
LORNER	6	17	1	10.0188	0.0787609	0.127794
LORNEST	7	17	0	7.9177	0.0256285	0.0556415
LORY	4	38	1	30.1831	0.0498188	0.0570904
LOS	3	420	203	325.014	0.481526	0.622759
LOSE	4	266	123	207.024	0.458416	0.590356
LOSED	5	82	32	65.533	0.382438	0.482694
LOSEL	5	46	0	34.1528	0.0151838	0.0160011
LOSELS	6	10	0	5.6942	0.0452275	0.0674494
LOSEN	5	112	1	83.8825	0.0151654	0.0183807
LOSER	5	128	54	94.6486	0.415921	0.564946
LOSERS	6	37	14	24.3376	0.361693	0.556481
LOSES	5	55	33	41.6744	0.575564	0.76955
LOSH	4	98	29	76.0402	0.293154	0.37894
LOSING	6	19	10	11.734	0.473868	0.780497
LOSS	4	67	29	50.4809	0.419754	0.560643
LOSSIER	7	10	3	5.91669	0.261871	0.469013
LOST	4	183	70	142.06	0.378795	0.489253
LOT	3	380	208	297.848	0.544693	0.695747
LOTA	4	187	6	140.435	0.0371847	0.0480555
LOTAHS	6	19	0	9.59318	0.0270395	0.0442016
LOTAS	5	84	3	58.2839	0.0428297	0.0593903
LOTE	4	220	114	168.648	0.512188	0.669994
LOTES	5	131	67	98.2531	0.503204	0.67435
LOTH	4	107	22	82.8022	0.206931	0.267262
LOTHER	6	28	8	17.8756	0.274224	0.433794
LOTI	4	149	14	111.206	0.0983943	0.130532
LOTIC	5	30	1	20.2625	0.0521269	0.0710056
LOTION	6	11	1	4.84712	0.111624	0.228448
LOTO	4	66	6	51.182	0.10075	0.127476
LOTOS	5	30	1	20.5843	0.0521269	0.0699921
LOTS	4	187	78	145.215	0.412608	0.532864
LOTTA	5	35	1	23.4715	0.0453826	0.0620454
LOTTE	5	46	21	30.5519	0.438189	0.663717
LOTTED	6	13	4	8.89109	0.281145	0.424126
LOTTER	6	26	16	17.3275	0.565186	0.866303
LOTTERS	7	12	7	8.19811	0.486752	0.767743
LOTTES	6	23	12	14.5253	0.477831	0.7695
LOTUS	5	29	3	21.2443	0.114989	0.154197
LOU	3	158	95	122.324	0.593572	0.768843
LOUD	4	42	10	31.9221	0.237935	0.313264
LOUDEN	6	14	5	9.22799	0.322506	0.502423
LOUDER	6	13	4	9.13594	0.281145	0.414559
LOUIE	5	23	0	15.6049	0.0282907	0.0328991
LOUIS	5	22	0	14.9667	0.0293938	0.0341395
LOUN	4	62	25	47.183	0.391286	0.517626
LOUND	5	20	9	14.2475	0.412515	0.591001
LOUNED	6	12	3	8.26512	0.234405	0.350558
LOUNS	5	29	6	20.4435	0.206888	0.293624
LOUP	4	21	5	15.7816	0.237804	0.316287
LOUPE	5	10	2	7.61758	0.201821	0.269191
LOUPS	5	10	4	6.83738	0.348398	0.520443
LOUR	4	49	27	37.9031	0.523049	0.684683
LOURE	5	34	14	22.7508	0.391922	0.589971
LOURES	6	22	10	13.2757	0.417855	0.700247
LOURIE	6	15	0	8.04881	0.032924	0.0511902
LOURIES	7	10	0	2.5222	0.0389586	0.128293
LOURS	5	23	10	16.3202	0.403599	0.578694
LOUS	4	70	32	53.392	0.443031	0.584976
LOUSE	5	38	20	28.343	0.498353	0.679099
LOUSER	6	19	10	13.2783	0.473868	0.700126
LOUSES	6	10	6	6.24214	0.49366	0.816468
LOUT	4	62	31	45.6475	0.481128	0.657812
LOUTED	6	12	3	8.76183	0.234405	0.333945
LOUTS	5	26	14	18.9983	0.497687	0.69561
LOVAT	5	10	1	7.39863	0.128533	0.16862
LOVE	4	28	15	21.9729	0.492059	0.640607
LOVER	5	15	7	10.5574	0.415871	0.605451
LOVES	5	16	9	11.9488	0.496509	0.688685
LOVIE	5	10	3	7.97609	0.27511	0.360133
LOW	3	89	29	70.0797	0.3245	0.412661
LOWAN	5	10	0	7.42917	0.0552445	0.0615505
LOWE	4	36	11	26.5993	0.297459	0.403925
LOWED	5	16	5	11.2921	0.292893	0.420946
LOWER	5	22	8	14.8604	0.341349	0.510007
LOWERS	6	11	6	8.45743	0.45933	0.638732
LOWES	5	23	8	16.5679	0.328538	0.463001
LOWEST	6	11	3	7.27554	0.250706	0.389127
LOWN	4	27	9	20.8382	0.318764	0.417747
LOWNS	5	11	2	7.41722	0.18804	0.274943
LOWS	4	36	12	27.0063	0.321979	0.431937
LOWSE	5	20	4	14.8765	0.201051	0.271921
LOWSER	6	12	1	8.83993	0.104366	0.142061
LOWT	4	37	1	28.8136	0.0510111	0.0595619
LOWTS	5	18	0	12.4552	0.0348259	0.0400881
LOY	3	98	16	74.3493	0.16853	0.220439
LOYS	4	33	10	25.3894	0.294611	0.385802
LUAU	4	13	0	10.5028	0.063622	0.0663627
LUBE	4	17	2	12.672	0.143752	0.186148
LUBES	5	12	2	8.30546	0.176021	0.25115
LUCE	4	33	4	26.6525	0.135811	0.165709
LUCES	5	15	2	10.7184	0.147698	0.203345
LUCRE	5	16	0	11.3818	0.0383715	0.0433139
LUD	3	105	21	80.1552	0.203555	0.265476
LUDE	4	59	6	44.6862	0.111807	0.144906
LUDES	5	31	4	22.323	0.137216	0.18853
LUDO	4	34	0	27.3608	0.0291727	0.0292981
LUDOS	5	17	0	12.4562	0.0365128	0.0400854
LUDS	4	41	7	31.6281	0.177606	0.228857
LUES	4	115	16	89.6106	0.14302	0.182665
LUG	3	62	15	48.0513	0.245218	0.315435
LUGE	4	27	6	20.8837	0.224375	0.290399
LUGER	5	12	3	7.37003	0.23994	0.383531
LUGES	5	11	4	7.50768	0.324608	0.483592
LUGS	4	20	6	15.8119	0.287749	0.369436
LUIT	4	72	1	56.7499	0.0277588	0.0316307
LUITEN	6	22	0	13.3561	0.0238433	0.0331684
LUM	3	86	21	68.224	0.246492	0.310296
LUMA	4	31	7	24.9183	0.227239	0.28421
LUMEN	5	18	2	12.5585	0.127227	0.177572
LUMS	4	30	6	24.0041	0.205023	0.25662
LUN	3	160	72	125.73	0.446156	0.568972
LUNA	4	69	6	53.8594	0.0966533	0.121455
LUNAR	5	27	2	19.2629	0.089862	0.121472
LUNARS	6	10	1	5.43741	0.119966	0.209605
LUNAS	5	27	4	19.2131	0.155126	0.216223
LUNATE	6	27	0	15.5989	0.0199191	0.0288727
LUNATED	7	11	0	2.08515	0.036264	0.143467
LUNATES	7	18	0	4.77933	0.0244341	0.0829718
LUNE	4	87	28	68.5627	0.317393	0.404624
LUNES	5	52	16	38.9169	0.301085	0.405569
LUNET	5	48	0	33.7622	0.0145958	0.0161761
LUNETS	6	32	0	19.7924	0.0171041	0.0232443
LUNG	4	28	10	20.7766	0.339543	0.461212
LUNGE	5	10	3	6.74721	0.27511	0.410968
LUNGI	5	11	1	6.39413	0.119756	0.188898
LUNGS	5	12	5	8.6463	0.367778	0.525965
LUNIER	6	21	3	13.7571	0.147873	0.226156
LUNIES	6	27	5	17.3789	0.184501	0.287991
LUNIEST	7	19	5	9.99971	0.245982	0.476335
LUNS	4	65	11	50.7924	0.173844	0.221659
LUNT	4	71	16	56.0681	0.226057	0.286705
LUNTED	6	10	0	7.08143	0.0452275	0.0568173
LUNTS	5	39	8	30.1803	0.205273	0.266898
LUNY	4	10	0	7.99133	0.0765327	0.0817748
LUR	3	158	49	122.953	0.309751	0.398158
LURE	4	109	27	83.2662	0.247236	0.323901
LURED	5	31	5	21.1742	0.16608	0.241122
LURER	5	17	2	11.2527	0.13339	0.195122
LURES	5	64	21	44.8853	0.321589	0.460632
LURGI	5	10	0	6.44658	0.0552445	0.0687459
LURID	5	12	0	6.7596	0.0481822	0.0662776
LURS	4	77	19	61.1412	0.246155	0.310867
LUSER	5	60	3	44.724	0.0589805	0.0766414
LUSERS	6	17	1	11.2481	0.0787609	0.115678
LUSH	4	42	6	33.9285	0.152435	0.187322
LUST	4	93	37	72.1723	0.389958	0.505157
LUSTED	6	11	3	8.18578	0.250706	0.353367
LUSTER	6	30	10	20.7772	0.31771	0.466746
LUSTERS	7	12	5	7.27694	0.357371	0.622274
LUSTIER	7	10	3	3.04816	0.261871	0.757831
LUSTRA	6	20	0	11.4553	0.0258829	0.0379538
LUSTRE	6	28	0	17.6948	0.0192843	0.0257557
LUSTRED	7	10	0	3.61129	0.0389586	0.101533
LUSTS	5	22	9	16.2982	0.380343	0.524617
LUTE	4	106	39	82.6977	0.362251	0.466371
LUTEA	5	46	0	32.4329	0.0151838	0.0168013
LUTEAL	6	12	0	5.19212	0.0393462	0.0723495
LUTED	5	28	6	19.1867	0.213426	0.311077
LUTEIN	6	17	0	9.40872	0.029693	0.0449343
LUTER	5	57	18	38.8253	0.30924	0.455519
LUTERS	6	29	8	19.4774	0.265755	0.401013
LUTES	5	57	18	41.0477	0.30924	0.431979
LUTIST	6	14	0	8.98987	0.0348184	0.0466918
LUTITE	6	11	0	6.15471	0.0420824	0.0635046
LUV	3	21	1	17.5791	0.0878415	0.0963163
LWEIS	5	15	0	10.0719	0.0404295	0.0480297
LYARD	5	15	0	10.3075	0.0404295	0.0471073
LYCEA	5	10	0	7.77017	0.0552445	0.0593931
LYCH	4	11	0	8.58449	0.0716838	0.0775226
LYE	3	123	13	95.5941	0.111766	0.142072
LYES	4	68	7	52.3525	0.111721	0.142896
LYM	3	38	0	30.9463	0.0285815	0.0278142
LYME	4	14	0	11.2165	0.0602348	0.0629891
LYNE	4	36	0	29.0045	0.0277421	0.027785
LYNES	5	20	0	15.7228	0.0318801	0.0326796
LYRA	4	46	0	36.5125	0.0222793	0.0224816
LYRATE	6	12	0	6.67613	0.0393462	0.0595603
LYRE	4	48	0	36.6871	0.0214351	0.0223823
LYRES	5	22	0	16.7897	0.0293938	0.0308199
LYSATE	6	12	0	8.5322	0.0393462	0.0487764
LYSE	4	60	0	46.7675	0.0174646	0.0178326
LYSED	5	22	0	17.2151	0.0293938	0.0301362
LYSES	5	15	0	12.8821	0.0404295	0.038935
LYSINE	6	15	0	8.82538	0.032924	0.0474202
LYTE	4	48	0	37.6561	0.0214351	0.0218465
LYTED	5	15	0	10.8381	0.0404295	0.0451541
LYTES	5	26	0	18.8103	0.0254277	0.0278216
LYTHE	5	13	0	10.0373	0.0452874	0.0481682
MAA	3	79	1	62.8338	0.026513	0.0295464
MAAED	5	22	0	17.2918	0.0293938	0.0300162
MAAR	4	38	0	28.9005	0.0264453	0.0278761
MAARE	5	22	0	16.0083	0.0293938	0.0321604
MAARS	5	16	0	11.5882	0.0383715	0.0426536
MAAS	4	40	0	31.8586	0.0252642	0.0254985
MABE	4	36	4	26.8417	0.125821	0.164652
MABES	5	20	4	14.486	0.201051	0.278379
MAC	3	152	59	120.331	0.385731	0.488108
MACA	4	21	1	17.0516	0.0826661	0.0948115
MACE	4	62	35	48.1929	0.541023	0.703397
MACED	5	16	5	10.5456	0.292893	0.446074
MACER	5	34	18	23.8596	0.498178	0.719563
MACERS	6	15	6	10.1	0.359367	0.549962
MACES	5	36	21	27.7377	0.548718	0.726616
MACH	4	38	13	30.342	0.330301	0.418646
MACHE	5	17	8	12.8246	0.424021	0.580241
MACHER	6	12	6	7.53473	0.429465	0.702421
MACHES	6	10	4	4.97142	0.344183	0.672606
MACHI	5	14	1	9.66348	0.0993949	0.135761
MACHS	5	14	3	10.7171	0.212743	0.282258
MACLE	5	19	0	12.449	0.033288	0.0401053
MACLES	6	11	0	5.37908	0.0420824	0.0704439
MACON	5	20	1	11.9628	0.0741728	0.113338
MACONS	6	11	1	5.10886	0.111624	0.219691
MACRO	5	29	0	19.2637	0.0230909	0.0272272
MACRON	6	11	0	4.4475	0.0420824	0.0810859
MACROS	6	12	0	6.37055	0.0393462	0.0618102
MACS	4	59	6	43.7889	0.111807	0.147695
MAD	3	165	80	125.017	0.480278	0.63492
MADE	4	98	55	72.382	0.546113	0.743095
MADRAS	6	10	0	6.04449	0.0452275	0.0644061
MADRE	5	40	0	26.9302	0.0172712	0.0200016
MADRES	6	19	0	10.8857	0.0270395	0.039669
MADS	4	58	24	43.1204	0.400287	0.541632
MAE	3	361	43	275.557	0.121078	0.158015
MAELID	6	12	0	5.81239	0.0393462	0.066391
MAES	4	210	22	154.986	0.107696	0.145013
MAESTRI	7	22	0	5.63922	0.020595	0.0731299
MAESTRO	7	13	0	3.43177	0.0318572	0.105148
MAG	3	116	53	92.6667	0.451409	0.566996
MAGE	4	56	30	42.9802	0.512169	0.674286
MAGES	5	28	20	20.1416	0.655837	0.931115
MAGI	4	41	9	31.6465	0.22129	0.286757
MAGIC	5	10	1	5.98117	0.128533	0.198724
MAGNES	6	16	1	9.74389	0.0828249	0.130859
MAGNET	6	10	0	6.00738	0.0452275	0.0647155
MAGS	4	35	15	27.3253	0.40548	0.526877
MAHA	4	17	0	12.7042	0.0519394	0.0569537
MAHOE	5	20	0	14.314	0.0318801	0.035509
MAHOES	6	11	0	6.17162	0.0420824	0.0633684
MAID	4	89	22	65.8513	0.246647	0.333231
MAIDEN	6	25	0	14.2898	0.0213229	0.0312339
MAIDS	5	29	9	21.5491	0.298786	0.407433
MAIL	4	96	50	67.4028	0.507339	0.724584
MAILE	5	56	25	36.4444	0.431787	0.666036
MAILED	6	21	10	14.9386	0.434995	0.630345
MAILER	6	28	16	18.7673	0.529164	0.805415
MAILERS	7	11	8	6.47809	0.589583	1
MAILES	6	24	10	13.6616	0.387333	0.682678
MAILL	5	20	1	12.8162	0.0741728	0.106791
MAILS	5	34	22	23.5288	0.604435	0.885841
MAIM	4	31	10	22.8052	0.311077	0.424705
MAIMS	5	12	3	8.65459	0.23994	0.33711
MAIN	4	152	79	109.83	0.511096	0.709122
MAINED	6	26	17	15.4683	0.599223	1
MAINER	6	44	22	28.2984	0.477104	0.749566
MAINEST	7	24	2	9.01973	0.0919329	0.238023
MAINOR	6	21	0	13.4522	0.0248213	0.0329583
MAINS	5	60	34	39.4621	0.546059	0.834794
MAIR	4	130	27	93.9709	0.208716	0.28808
MAIRE	5	89	5	57.3591	0.062106	0.0940329
MAIRES	6	38	2	22.6027	0.0629566	0.102789
MAIRS	5	46	12	31.529	0.256901	0.375596
MAISE	5	90	24	61.8421	0.264337	0.385228
MAISES	6	27	5	14.3588	0.184501	0.342088
MAIST	5	79	8	50.541	0.105921	0.163388
MAISTER	7	28	4	8.83546	0.14382	0.433692
MAISTS	6	14	1	7.72072	0.092356	0.158905
MAK	3	21	12	15.9555	0.526543	0.702573
MAKS	4	10	3	7.94682	0.279462	0.360674
MAL	3	242	150	189.38	0.61446	0.786799
MALA	4	61	16	46.1299	0.260421	0.344911
MALAR	5	26	5	17.3753	0.194092	0.288499
MALARS	6	11	2	7.81548	0.181165	0.262208
MALAS	5	32	9	21.7001	0.273639	0.404832
MALATE	6	19	2	9.56162	0.116405	0.22162
MALATES	7	11	1	4.82042	0.105429	0.237951
MALE	4	147	89	109.277	0.593816	0.801824
MALES	5	84	54	59.887	0.624724	0.882485
MALI	4	110	24	80.1802	0.218946	0.2998
MALIC	5	22	1	13.4799	0.0683882	0.1022
MALICE	6	12	1	5.1579	0.104366	0.218124
MALINE	6	20	2	10.9111	0.111426	0.197941
MALINES	7	14	1	4.99423	0.0873121	0.231689
MALIS	5	44	10	28.4715	0.225708	0.34761
MALIST	6	19	1	9.3243	0.0717223	0.13583
MALL	4	43	26	31.0052	0.567799	0.794735
MALLED	6	11	4	7.32692	0.320248	0.497464
MALLEI	6	13	0	9.57846	0.0369441	0.0442592
MALLET	6	12	6	7.12737	0.429465	0.734766
MALLS	5	15	6	10.5595	0.362236	0.525466
MALM	4	20	0	14.4502	0.0456522	0.0511967
MALS	4	94	21	69.3541	0.22404	0.303204
MALT	4	81	36	60.003	0.43285	0.587089
MALTED	6	11	3	7.23352	0.250706	0.390953
MALTIER	7	14	0	4.43201	0.0300325	0.0877413
MALTS	5	40	20	28.2932	0.475517	0.680216
MALUS	5	20	1	13.5371	0.0741728	0.101823
MAM	3	43	27	32.7441	0.599111	0.793644
MAMA	4	12	1	8.13545	0.126995	0.171955
MAMIE	5	12	1	7.8328	0.112101	0.161143
MAMS	4	28	6	21.7399	0.217531	0.280276
MAN	3	289	202	227.243	0.693349	0.88349
MANA	4	61	12	46.0806	0.199616	0.263465
MANAS	5	32	7	20.7596	0.21753	0.333557
MANAT	5	29	1	19.9435	0.0537237	0.0720398
MANATI	6	13	0	6.31511	0.0369441	0.0622367
MANATS	6	11	0	6.02273	0.0420824	0.0645872
MANCHE	6	13	2	8.3867	0.159045	0.247387
MAND	4	68	34	51.4769	0.482684	0.642441
MANDI	5	26	5	18.4072	0.194092	0.273882
MANDIS	6	13	3	5.82924	0.220095	0.463686
MANE	4	171	85	128.043	0.489986	0.656279
MANEB	5	11	0	7.87431	0.0514722	0.0587641
MANED	5	54	12	36.1523	0.221248	0.330032
MANEH	5	35	0	23.3407	0.0195058	0.0228395
MANEHS	6	13	0	7.59712	0.0369441	0.0536722
MANES	5	91	49	61.136	0.52569	0.78577
MANET	5	82	2	54.3705	0.0321537	0.0457636
MANG	4	54	30	41.2472	0.529595	0.700802
MANGE	5	27	13	16.8306	0.448814	0.722639
MANGER	6	14	6	9.08829	0.380044	0.601447
MANGES	6	15	11	8.3413	0.631403	1
MANGO	5	18	5	12.3655	0.265829	0.389401
MANGS	5	18	10	11.6432	0.496832	0.777675
MANI	4	141	27	103.921	0.192967	0.261226
MANIA	5	37	0	23.1105	0.018546	0.0230492
MANIAC	6	11	0	6.22677	0.0420824	0.0629287
MANIAS	6	12	0	6.92519	0.0393462	0.0578442
MANIC	5	31	1	18.226	0.0506223	0.0781695
MANICS	6	15	0	6.88486	0.032924	0.0581154
MANIES	6	35	12	21.4996	0.32843	0.538363
MANILA	6	13	0	6.08869	0.0369441	0.0640415
MANIS	5	73	9	46.5589	0.12726	0.19741
MANISES	7	13	0	3.85852	0.0318572	0.0969427
MANNA	5	14	1	9.48962	0.0993949	0.137822
MANNED	6	10	5	8.14926	0.418921	0.557344
MANNER	6	12	5	8.66702	0.364445	0.529559
MANO	4	102	22	75.3141	0.21662	0.292875
MANOES	6	21	0	10.2421	0.0248213	0.0418034
MANOR	5	42	6	26.7952	0.147964	0.228763
MANORS	6	15	3	7.42765	0.196145	0.382656
MANOS	5	46	11	29.8906	0.236758	0.36352
MANS	4	125	41	92.8151	0.324629	0.437947
MANSE	5	63	2	43.4033	0.0413205	0.0568279
MANSES	6	19	1	11.562	0.0717223	0.112944
MANTA	5	32	7	21.4674	0.21753	0.323479
MANTAS	6	15	4	7.65478	0.250553	0.480064
MANTEL	6	18	1	9.29728	0.075077	0.136164
MANTES	6	37	3	21.9281	0.0892805	0.14801
MANTID	6	15	0	7.41232	0.032924	0.0547584
MANTIES	7	11	3	4.28298	0.243759	0.599036
MANTIS	6	28	2	12.5485	0.0830193	0.175225
MANTLE	6	16	2	7.06719	0.134425	0.284539
MANTO	5	30	4	22.24	0.141294	0.189177
MANTOS	6	15	3	7.04081	0.196145	0.399554
MANTRA	6	14	0	6.39343	0.0348184	0.0616358
MANTY	5	12	0	8.68674	0.0481822	0.0542793
MANURE	6	12	0	7.46646	0.0393462	0.0544357
MANUS	5	14	0	8.98148	0.0427208	0.052817
MANY	4	21	1	15.7091	0.0826661	0.10168
MAP	3	103	41	81.6767	0.394144	0.498421
MAPLE	5	19	0	13.3491	0.033288	0.0377472
MAPLES	6	10	0	5.65607	0.0452275	0.0677982
MAPS	4	37	10	28.8384	0.266407	0.343775
MAR	3	347	226	268.139	0.647164	0.838657
MARA	4	68	5	49.511	0.0842419	0.112438
MARAE	5	30	0	20.4838	0.0224046	0.0257469
MARAES	6	17	0	10.6791	0.029693	0.0403301
MARAS	5	32	3	21.0937	0.105311	0.155205
MARC	4	62	9	45.1147	0.151705	0.206192
MARCH	5	16	4	10.8016	0.241988	0.358757
MARCS	5	27	2	18.1303	0.089862	0.128321
MARD	4	76	34	57.0294	0.434884	0.582841
MARDIES	7	10	2	4.45133	0.187567	0.41742
MARE	4	227	138	163.934	0.600265	0.832854
MARES	5	118	78	86.307	0.647408	0.890243
MARG	4	54	6	39.1912	0.121317	0.163858
MARGE	5	25	5	17.3966	0.200868	0.288181
MARGES	6	13	3	7.32531	0.220095	0.386985
MARGS	5	21	2	13.7318	0.11174	0.164293
MARIA	5	30	0	19.7051	0.0224046	0.0266724
MARID	5	37	0	23.4972	0.018546	0.022699
MARIDS	6	11	0	6.67157	0.0420824	0.0595927
MARIES	6	34	11	19.023	0.310464	0.554431
MARINA	6	16	0	7.44775	0.0312252	0.0545468
MARINE	6	28	0	16.4876	0.0192843	0.0274635
MARINES	7	13	0	5.24207	0.0318572	0.0773684
MARISH	6	14	0	8.04558	0.0348184	0.0512072
MARK	4	16	5	11.6736	0.295014	0.405916
MARL	4	79	19	56.1296	0.240279	0.337295
MARLE	5	44	10	31.4241	0.225708	0.316865
MARLES	6	16	4	10.1065	0.237624	0.380536
MARLIN	6	10	2	6.31256	0.194705	0.311274
MARLS	5	31	6	22.7304	0.194944	0.266427
MARLY	5	11	1	8.19408	0.119756	0.155409
MARM	4	37	4	27.6144	0.12281	0.160472
MARMS	5	16	1	11.6011	0.0892757	0.116361
MARON	5	62	5	41.238	0.0876505	0.129126
MARONS	6	25	4	12.0705	0.162268	0.326336
MAROON	6	14	0	7.30917	0.0348184	0.055384
MAROR	5	25	2	17.6854	0.0961362	0.131227
MARORS	6	14	1	8.05528	0.092356	0.153466
MARRA	5	11	0	7.3716	0.0514722	0.0619303
MARRI	5	19	6	13.031	0.29825	0.438824
MARRON	6	11	1	6.48079	0.111624	0.182933
MARS	4	152	61	112.641	0.396288	0.535961
MARSE	5	86	35	60.98	0.398839	0.565278
MARSES	6	14	7	9.36443	0.437582	0.676687
MARSH	5	30	2	22.8028	0.0818493	0.104106
MART	4	161	59	116.626	0.362711	0.501337
MARTED	6	23	7	14.8337	0.288293	0.453098
MARTEL	6	23	0	12.3624	0.0229395	0.035509
MARTEN	6	30	0	16.3431	0.0181289	0.0276832
MARTENS	7	11	0	4.37304	0.036264	0.088606
MARTIN	6	35	6	17.2941	0.172099	0.341871
MARTING	7	11	4	8.02846	0.312924	0.470004
MARTINS	7	20	3	8.84331	0.150238	0.337704
MARTS	5	79	33	51.6109	0.40842	0.626808
MARY	4	34	0	27.4417	0.0291727	0.0292198
MAS	3	320	186	254.869	0.577654	0.726459
MASA	4	58	1	44.9718	0.0339487	0.0394254
MASAS	5	14	0	10.108	0.0427208	0.0478862
MASE	4	182	99	136.415	0.536083	0.717365
MASED	5	60	23	45.1132	0.373225	0.50089
MASER	5	86	37	61.2693	0.421149	0.594323
MASERS	6	23	4	15.6671	0.17457	0.258829
MASES	5	53	28	40.0809	0.507616	0.679784
MASH	4	68	21	54.4896	0.304072	0.381843
MASHER	6	13	7	8.8872	0.464296	0.707135
MASING	6	21	9	12.1723	0.393977	0.683881
MASK	4	18	5	14.2301	0.269117	0.345063
MASON	5	38	2	26.8203	0.0661259	0.0895733
MASS	4	45	29	33.1407	0.605249	0.830963
MASSA	5	13	0	7.82422	0.0452874	0.059065
MASSE	5	30	16	19.8515	0.497962	0.760099
MAST	4	164	86	124.94	0.516232	0.680045
MASTED	6	27	11	18.8748	0.382	0.558421
MASTER	6	51	27	36.8662	0.507635	0.71271
MASTERS	7	15	6	8.04675	0.353464	0.676222
MASTIC	6	18	1	7.86028	0.075077	0.15659
MASTIER	7	19	4	6.72599	0.201455	0.54344
MASTING	7	14	6	10.2789	0.373711	0.549262
MASTS	5	32	14	22.298	0.413912	0.600984
MASTY	5	14	1	9.82652	0.0993949	0.133882
MASU	4	43	1	34.3593	0.0446058	0.0506783
MASUS	5	10	0	6.99719	0.0552445	0.0645193
MAT	3	352	255	275.041	0.71952	0.922306
MATAIS	6	13	0	5.55484	0.0369441	0.0687418
MATCH	5	19	6	13.3	0.29825	0.431088
MATE	4	220	171	163.587	0.765765	1
MATED	5	73	49	55.4331	0.649148	0.86385
MATER	5	137	97	94.7651	0.695041	1
MATERS	6	63	47	44.2736	0.717162	1
MATES	5	124	94	92.337	0.742324	1
MATEY	5	16	0	12.3725	0.0383715	0.0403193
MATH	4	87	19	65.3231	0.219336	0.29179
MATHS	5	36	9	25.633	0.24603	0.347128
MATIER	6	51	2	28.9814	0.0479063	0.0814327
MATIES	6	54	5	31.2617	0.0976847	0.166765
MATIEST	7	22	1	10.2311	0.0598751	0.129222
MATIN	5	86	17	56.3295	0.198046	0.301568
MATINAL	7	10	0	4.68412	0.0389586	0.0842268
MATING	6	21	10	12.6713	0.434995	0.729662
MATINGS	7	15	7	12.4367	0.407641	0.536076
MATINS	6	47	11	24.1867	0.230352	0.443918
MATRES	6	59	1	36.9851	0.0257317	0.038756
MATRIC	6	10	0	4.76616	0.0452275	0.0771017
MATRON	6	30	1	14.4383	0.048087	0.0928385
MATRONS	7	12	1	0.93225	0.0986087	0.601871
MATS	4	175	75	130.335	0.423462	0.569883
MATSAH	6	12	0	7.28796	0.0393462	0.0555145
MATT	4	60	40	42.9405	0.634906	0.893387
MATTE	5	40	29	27.9454	0.681727	0.989092
MATTED	6	12	10	9.48188	0.689544	0.937428
MATTER	6	26	18	18.5721	0.63326	0.911729
MATTERS	7	12	9	7.68261	0.616133	1
MATTES	6	23	15	15.8913	0.591553	0.880167
MATTIE	6	18	2	10.9931	0.12185	0.196664
MATTIES	7	12	2	6.71337	0.163299	0.303978
MATTIN	6	15	2	8.38496	0.141738	0.247429
MATTS	5	29	13	19.4786	0.421317	0.633377
MATURE	6	19	0	11.0774	0.0270395	0.0390749
MATY	4	22	0	17.0871	0.0422432	0.0444162
MAUD	4	20	0	15.6569	0.0456522	0.0478536
MAUL	4	28	8	21.4505	0.278537	0.366013
MAULS	5	17	5	13.2254	0.278705	0.367349
MAUN	4	33	3	23.8343	0.109345	0.145714
MAURI	5	19	0	12.825	0.033288	0.0390854
MAURIS	6	11	0	6.75426	0.0420824	0.0590111
MAUT	4	46	8	35.9557	0.179811	0.229104
MAUTS	5	19	6	14.9094	0.29825	0.389959
MAVIE	5	10	2	7.11471	0.201821	0.28411
MAW	3	57	22	46.9158	0.379909	0.4645
MAWN	4	17	4	13.0246	0.235565	0.30821
MAWR	4	14	0	10.4234	0.0602348	0.0667606
MAWS	4	21	13	16.8644	0.54808	0.705247
MAX	3	12	4	9.05812	0.323662	0.428417
MAY	3	51	18	40.1267	0.348668	0.444617
MAYA	4	11	1	9.1706	0.135041	0.157113
MAYO	4	13	0	10.9851	0.063622	0.0640447
MAYS	4	22	9	18.1903	0.378271	0.470388
MBIRA	5	10	0	7.01383	0.0552445	0.0643997
MEAD	4	97	35	72.8108	0.354983	0.474449
MEADS	5	32	17	24.8107	0.498076	0.65664
MEAL	4	133	66	100.078	0.487224	0.649989
MEALED	6	23	14	16.7172	0.553646	0.786499
MEALER	6	24	11	17.2348	0.423856	0.606741
MEALERS	7	12	4	7.37557	0.29268	0.504154
MEALIE	6	16	3	10.8987	0.186024	0.27739
MEALIER	7	11	1	5.89783	0.105429	0.203804
MEALS	5	54	25	40.0005	0.446768	0.60959
MEALY	5	15	3	11.0033	0.201333	0.276025
MEAN	4	151	54	114.024	0.353898	0.469711
MEANE	5	56	17	37.6343	0.297659	0.443964
MEANED	6	20	9	13.1773	0.410828	0.637742
MEANER	6	30	15	17.9788	0.467501	0.786892
MEANERS	7	14	5	6.21902	0.316431	0.706359
MEANES	6	25	8	14.2107	0.303212	0.533595
MEANEST	7	12	2	3.30382	0.163299	0.514897
MEANIE	6	17	3	9.13494	0.176897	0.322465
MEANS	5	68	29	46.2116	0.415296	0.614027
MEANT	5	52	7	35.9856	0.139345	0.19971
MEANY	5	10	0	6.70948	0.0552445	0.0666609
MEARE	5	84	50	59.6967	0.579086	0.820331
MEARES	6	45	32	31.0589	0.673939	0.991523
MEASE	5	63	25	49.5951	0.386434	0.49614
MEASED	6	22	7	15.8452	0.299652	0.427006
MEASES	6	15	8	10.9009	0.468181	0.673542
MEASLE	6	13	0	8.32679	0.0369441	0.0497737
MEAT	4	189	76	141.138	0.398029	0.534065
MEATAL	6	14	0	7.61583	0.0348184	0.0535646
MEATED	6	20	5	14.3048	0.239742	0.34324
MEATH	5	42	0	28.7067	0.0165144	0.0188429
MEATHS	6	13	0	7.52508	0.0369441	0.0540904
MEATS	5	96	44	72.5062	0.449134	0.598643
MEATUS	6	17	0	9.45905	0.029693	0.044732
MEATY	5	11	0	7.51955	0.0514722	0.0609636
MECH	4	27	8	21.0343	0.287301	0.372398
MECHS	5	11	1	7.44259	0.119756	0.167832
MED	3	277	59	213.637	0.214188	0.277341
MEDAL	5	36	2	25.5827	0.0694619	0.0935982
MEDALS	6	18	1	10.7808	0.075077	0.120003
MEDIA	5	53	1	35.1541	0.0309613	0.0425143
MEDIAE	6	14	0	8.69507	0.0348184	0.0480136
MEDIAL	6	12	0	7.16263	0.0393462	0.0562978
MEDIAN	6	24	0	13.801	0.0221016	0.0322175
MEDIANS	7	11	0	5.05086	0.036264	0.0795894
MEDIAS	6	12	0	7.28448	0.0393462	0.0555359
MEDIC	5	17	0	11.9184	0.0365128	0.0416387
MEDII	5	16	0	10.965	0.0383715	0.0447107
MEDINA	6	22	0	13.1144	0.0238433	0.0337089
MEDLAR	6	15	0	9.09813	0.032924	0.0462245
MEDLE	5	22	0	15.7836	0.0293938	0.0325677
MEDS	4	113	22	84.9073	0.196389	0.260849
MEE	3	166	88	134.604	0.524493	0.648875
MEED	4	68	23	53.1367	0.331551	0.426814
MEEDS	5	42	13	33.8441	0.301323	0.37924
MEER	4	103	30	76.5159	0.288833	0.389272
MEERS	5	51	12	37.877	0.233395	0.315743
MEES	4	106	30	82.1244	0.281011	0.363571
MEET	4	95	25	70.551	0.261881	0.352773
MEETS	5	55	16	41.0803	0.285683	0.385182
MEG	3	122	19	97.689	0.160243	0.199018
MEGA	4	66	2	50.6339	0.0442394	0.0539562
MEGS	4	40	7	30.6215	0.181572	0.235745
MEH	3	172	3	135.659	0.023868	0.0284477
MEIN	4	166	21	121.364	0.129588	0.176221
MEINED	6	11	2	6.96289	0.181165	0.287958
MEINS	5	68	12	45.6823	0.178014	0.264013
MEINT	5	66	1	44.8338	0.025182	0.0337197
MEINY	5	14	0	9.88324	0.0427208	0.048795
MEISTER	7	13	0	6.61978	0.0318572	0.0644166
MEITHS	6	14	0	7.60913	0.0348184	0.0536031
MEL	3	245	78	187.18	0.317988	0.416233
MELA	4	142	13	105.65	0.0962739	0.127999
MELANO	6	16	0	8.53051	0.0312252	0.0487844
MELAS	5	62	5	42.6807	0.0876505	0.124953
MELBA	5	17	0	11.8556	0.0365128	0.0418283
MELD	4	63	14	45.9911	0.223232	0.30492
MELDER	6	12	5	8.31382	0.364445	0.548203
MELDS	5	22	7	15.5455	0.302354	0.432917
MELENA	6	12	0	6.67452	0.0393462	0.0595717
MELIC	5	19	1	13.3121	0.0774483	0.103323
MELL	4	43	17	31.2214	0.379449	0.525326
MELLS	5	12	7	9.02055	0.495617	0.6902
MELOID	6	12	0	6.37066	0.0393462	0.0618093
MELON	5	27	3	18.1903	0.122494	0.177569
MELONS	6	12	3	6.88835	0.234405	0.406631
MELS	4	102	15	75.088	0.151067	0.203878
MELT	4	106	24	78.9594	0.226852	0.304276
MELTED	6	11	1	7.54358	0.111624	0.161944
MELTER	6	17	7	9.92348	0.373168	0.644194
MELTS	5	45	12	29.8677	0.262182	0.395202
MELTY	5	11	0	8.51104	0.0514722	0.0551903
MEM	3	46	15	36.7245	0.323572	0.406647
MEME	4	20	4	15.1216	0.20705	0.272192
MEMES	5	11	2	9.28312	0.18804	0.229308
MEMO	4	25	4	20.4125	0.172291	0.210211
MEMOS	5	10	3	7.3974	0.27511	0.382409
MEMS	4	23	3	18.0972	0.148701	0.185675
MEN	3	338	153	265.237	0.450787	0.575041
MENAD	5	47	0	31.8725	0.014884	0.0170796
MENADS	6	17	0	10.7307	0.029693	0.040163
MEND	4	93	31	71.9746	0.328598	0.426276
MENDER	6	13	3	8.37512	0.220095	0.346738
MENDS	5	30	11	22.0006	0.34935	0.483231
MENE	4	67	28	51.4421	0.405823	0.532284
MENED	5	24	6	17.5659	0.244307	0.3369
MENES	5	45	22	34.259	0.467755	0.623394
MENG	4	59	6	43.3919	0.111807	0.148964
MENGE	5	11	0	7.41273	0.0514722	0.0616585
MENGS	5	18	0	11.817	0.0348259	0.0419454
MENHIR	6	12	0	7.40659	0.0393462	0.0547928
MENIAL	6	20	0	10.7237	0.0258829	0.0401855
MENING	6	13	3	8.37695	0.220095	0.346675
MENO	4	131	11	97.5744	0.0893439	0.118373
MENSA	5	71	1	49.6765	0.0234953	0.0305572
MENSAE	6	12	0	6.39326	0.0393462	0.0616371
MENSAL	6	20	0	10.2808	0.0258829	0.0416689
MENSE	5	57	18	39.7446	0.30924	0.445476
MENSED	6	15	5	9.95576	0.30496	0.471103
MENT	4	143	68	108.708	0.467789	0.617625
MENTA	5	83	11	56.6864	0.135655	0.197422
MENTAL	6	24	2	12.0879	0.0951478	0.18107
MENTO	5	53	9	35.5293	0.172192	0.255491
MENTOR	6	23	2	12.4703	0.0987547	0.17619
MENTORS	7	14	0	5.93901	0.0300325	0.0702257
MENTOS	6	26	5	14.4077	0.190781	0.34105
MENU	4	62	2	47.5205	0.0468891	0.057293
MENUS	5	26	1	18.7362	0.0591605	0.0762423
MEOUS	5	13	0	9.89858	0.0452874	0.0487318
MEOW	4	18	0	14.0631	0.0496597	0.0523704
MERANTI	7	11	0	3.44758	0.036264	0.10482
MERC	4	66	6	50.3841	0.10075	0.129388
MERCAT	6	13	1	7.24482	0.0979944	0.167341
MERCH	5	14	4	9.10874	0.269417	0.413633
MERCS	5	20	2	13.7648	0.116466	0.163948
MERDE	5	40	0	27.3332	0.0172712	0.0197264
MERDES	6	20	0	12.9546	0.0258829	0.0340759
MERE	4	152	48	113.766	0.313371	0.419288
MERED	5	50	6	35.1767	0.125899	0.177131
MEREL	5	42	2	31.5539	0.0603311	0.0769212
MERELS	6	22	2	14.162	0.102646	0.157421
MERER	5	39	0	27.243	0.0176762	0.0197874
MERES	5	90	31	66.7477	0.339088	0.459606
MEREST	6	43	1	25.6266	0.0346085	0.0548541
MERGE	5	18	0	12.8129	0.0348259	0.0391173
MERI	4	182	13	134.042	0.0756567	0.101446
MERIL	5	44	0	29.3033	0.0158212	0.0184833
MERILS	6	20	0	11.6938	0.0258829	0.0372791
MERING	6	16	4	12.2185	0.237624	0.322872
MERINOS	7	10	0	2.96597	0.0389586	0.115851
MERIS	5	89	3	62.2008	0.0405182	0.0557646
MERISM	6	11	0	6.50937	0.0420824	0.0607674
MERIT	5	87	3	60.2691	0.0414122	0.0574957
MERITS	6	49	1	26.7874	0.0306442	0.0526203
MERK	4	23	2	18.3194	0.112708	0.136425
MERKS	5	10	0	7.95755	0.0552445	0.0582708
MERL	4	89	2	65.6575	0.0333899	0.042119
MERLE	5	28	0	20.5108	0.0238206	0.025716
MERLES	6	17	0	11.3246	0.029693	0.0383342
MERLIN	6	19	0	11.8841	0.0270395	0.0367576
MERLON	6	12	0	6.4741	0.0393462	0.0610289
MERLOT	6	12	0	6.50324	0.0393462	0.0608127
MERLS	5	38	2	28.3124	0.0661259	0.0851581
MERRIE	6	11	3	5.86245	0.250706	0.461655
MERSE	5	73	17	55.3454	0.231638	0.306747
MERSES	6	14	3	8.70778	0.207431	0.335676
MES	3	439	105	339.628	0.239695	0.309666
MESA	4	195	1	148.206	0.0106687	0.0124766
MESAIL	6	20	0	12.0185	0.0258829	0.0363979
MESAL	5	63	0	45.4388	0.0113107	0.012191
MESAS	5	37	0	28.9007	0.018546	0.0187244
MESE	4	133	11	102.138	0.088047	0.113227
MESEL	5	43	0	33.2581	0.0161604	0.0164076
MESES	5	26	4	20.5812	0.160359	0.203099
MESH	4	108	10	84.1548	0.0986973	0.125139
MESHED	6	12	1	7.44126	0.104366	0.163753
MESHES	6	10	0	6.99241	0.0452275	0.0573979
MESHY	5	14	0	11.1363	0.0427208	0.0441257
MESIAD	6	16	0	10.7571	0.0312252	0.0400781
MESIAL	6	24	0	13.0217	0.0221016	0.0339207
MESNE	5	53	1	37.3357	0.0309613	0.0401539
MESNES	6	15	1	9.40024	0.0873312	0.134903
MESON	5	58	0	42.8283	0.0122281	0.0129016
MESONS	6	12	0	6.05811	0.0393462	0.0642934
MESS	4	63	9	46.329	0.149467	0.201098
MESSAN	6	12	0	7.43543	0.0393462	0.0546202
MESTER	6	40	3	25.4067	0.0831062	0.129029
MESTERS	7	12	0	5.31334	0.0339181	0.0765721
MESTINO	7	11	0	3.47845	0.036264	0.104184
MESTO	5	78	0	58.011	0.00923265	0.00963527
MET	3	389	142	302.937	0.364314	0.46803
META	4	230	18	174.297	0.0814854	0.106619
METAL	5	78	10	54.2832	0.131715	0.188078
METALS	6	27	3	15.8563	0.118668	0.199144
METATE	6	14	0	9.67977	0.0348184	0.0438658
METATES	7	10	0	4.53734	0.0389586	0.0862379
METE	4	108	30	78.5405	0.276028	0.379586
METED	5	37	6	25.9751	0.166167	0.235479
METEOR	6	22	0	14.0779	0.0238433	0.0316528
METEORS	7	10	0	4.01672	0.0389586	0.0942171
METER	5	68	16	46.79	0.233845	0.340067
METERS	6	35	10	24.1261	0.27632	0.406267
METES	5	66	20	47.3578	0.297995	0.417261
METH	4	93	9	71.9861	0.103611	0.132128
METHO	5	33	1	23.0099	0.0478595	0.0631926
METHOD	6	11	0	6.91223	0.0420824	0.0579311
METHOS	6	12	1	8.91565	0.104366	0.14105
METHS	5	39	3	28.8958	0.0880249	0.115958
METIC	5	32	0	21.803	0.0211475	0.0243175
METICA	6	12	0	6.16596	0.0393462	0.0634139
METICS	6	10	0	5.76897	0.0452275	0.066776
METIER	6	21	0	11.8792	0.0248213	0.0367708
METIERS	7	10	0	4.29325	0.0389586	0.0898036
METING	6	19	7	11.2867	0.33982	0.576674
METIS	5	103	0	70.8549	0.0070683	0.00793566
METOL	5	38	1	27.2491	0.0421133	0.0540207
METOLS	6	14	0	8.65145	0.0348184	0.0482155
METOPE	6	10	0	4.56631	0.0452275	0.0795531
METRE	5	78	5	55.3724	0.0704736	0.0972915
METRED	6	20	0	12.0264	0.0258829	0.0363769
METRES	6	46	4	30.2443	0.0932594	0.140787
METRIC	6	10	0	5.34048	0.0452275	0.0708291
METRO	5	74	0	51.824	0.00970828	0.0107437
METROS	6	33	0	20.5009	0.0166339	0.0225031
METS	4	214	56	161.844	0.261132	0.345452
MEU	3	127	2	99.9735	0.0244331	0.0285959
MEUS	4	48	0	36.1629	0.0214351	0.0226832
MEUSE	5	14	0	10.8175	0.0427208	0.0452269
MEW	3	63	16	49.5501	0.256471	0.325575
MEWL	4	10	0	8.83634	0.0765327	0.075848
MEWS	4	22	9	17.3433	0.378271	0.490146
MEYNT	5	10	0	6.76982	0.0552445	0.0662001
MHO	3	108	0	84.2017	0.0107299	0.0107192
MHORR	5	10	0	6.68924	0.0552445	0.0668169
MHOS	4	43	0	33.1931	0.0236781	0.0245537
MIAOU	5	12	0	7.43744	0.0481822	0.0614963
MIASM	5	16	0	10.2954	0.0383715	0.0471538
MIB	3	59	6	45.1081	0.114192	0.145702
MIBS	4	19	3	15.2424	0.17371	0.215016
MIC	3	115	34	91.0083	0.295636	0.37375
MICA	4	52	1	39.1877	0.0375359	0.0448536
MICAS	5	22	0	14.1574	0.0293938	0.0358539
MICATE	6	14	0	7.44134	0.0348184	0.0545849
MICE	4	49	23	38.5735	0.448677	0.576968
MICH	4	33	7	25.8812	0.215211	0.274677
MICHE	5	13	2	8.77529	0.165446	0.240157
MICHER	6	10	0	5.96325	0.0452275	0.0650872
MICHT	5	11	0	7.67025	0.0514722	0.0600094
MICO	4	39	1	29.9394	0.0486809	0.0575152
MICOS	5	17	1	11.4323	0.0849513	0.117828
MICRA	5	23	0	15.9168	0.0282907	0.032325
MICRO	5	18	0	11.3488	0.0348259	0.043421
MICROS	6	10	0	4.40725	0.0452275	0.0816187
MICS	4	54	4	41.361	0.0872936	0.110546
MID	3	168	70	130.193	0.41379	0.534748
MIDI	4	19	0	15.5138	0.0475717	0.0482271
MIDS	4	70	19	53.5528	0.269196	0.352711
MIDST	5	25	0	18.49	0.0263154	0.0282573
MIEN	4	147	3	109.367	0.0272192	0.0346229
MIENS	5	62	1	41.8449	0.0267165	0.0360204
MIG	3	91	23	73.3869	0.254565	0.315544
MIGS	4	32	9	24.4401	0.275434	0.362556
MIHI	4	18	0	13.9147	0.0496597	0.0528347
MIHIS	5	11	0	8.04975	0.0514722	0.057734
MIKE	4	11	7	8.43419	0.515185	0.700394
MIL	3	191	111	145.623	0.575179	0.755921
MILD	4	49	6	34.2387	0.132595	0.185754
MILDER	6	15	3	9.16023	0.196145	0.321715
MILDS	5	15	3	10.9886	0.201333	0.276338
MILE	4	118	76	85.4108	0.62819	0.871373
MILER	5	57	26	39.4094	0.441156	0.642473
MILERS	6	28	13	19.6377	0.433562	0.632122
MILES	5	71	48	49.878	0.653144	0.937133
MILF	4	11	0	8.79263	0.0716838	0.0761335
MILIA	5	16	1	10.5868	0.0892757	0.125769
MILL	4	32	25	23.8678	0.710412	0.969792
MILLE	5	19	15	13.2657	0.695694	1
MILLER	6	10	10	7.97034	0.792615	1
MILLES	6	13	10	9.04002	0.647447	0.975927
MILLET	6	12	9	8.15945	0.624524	0.961691
MILLETS	7	10	7	7.38956	0.559088	0.836719
MILLS	5	12	5	8.60544	0.367778	0.528
MILO	4	70	4	50.3249	0.068617	0.091901
MILOR	5	25	0	15.1012	0.0263154	0.0338705
MILORS	6	12	0	7.08151	0.0393462	0.0568168
MILOS	5	42	2	27.4901	0.0603311	0.087536
MILPA	5	10	0	6.87335	0.0552445	0.0654241
MILS	4	83	23	61.8015	0.274897	0.369587
MILT	4	66	23	49.1944	0.340919	0.459162
MILTED	6	17	4	11.5154	0.225964	0.340023
MILTER	6	15	4	11.8657	0.250553	0.331257
MILTS	5	37	13	25.2289	0.338391	0.499413
MIM	3	35	21	27.1596	0.568218	0.740684
MIME	4	25	17	19.4777	0.608774	0.801969
MIMER	5	18	13	13.2259	0.635434	0.894189
MIMES	5	18	12	14.7428	0.589233	0.753098
MINA	4	139	25	103.259	0.181741	0.244004
MINAE	5	65	2	42.6506	0.0401167	0.0577868
MINAR	5	59	7	36.5689	0.123774	0.196686
MINARET	7	19	2	7.28199	0.1124	0.28454
MINARS	6	19	2	11.5288	0.116405	0.188711
MINAS	5	70	14	47.3072	0.200337	0.295901
MINCE	5	24	2	16.8996	0.0996138	0.136695
MINCER	6	11	1	7.2145	0.111624	0.167909
MIND	4	70	43	55.2517	0.590123	0.755656
MINDER	6	21	17	14.0123	0.722116	1
MINDS	5	26	13	20.2058	0.463954	0.612597
MINE	4	167	104	122.118	0.612	0.839475
MINED	5	51	31	36.7085	0.581095	0.816658
MINER	5	99	57	67.2157	0.562657	0.832359
MINERS	6	46	29	31.8015	0.599538	0.880058
MINES	5	87	57	62.0098	0.637145	0.900098
MING	4	76	49	53.7724	0.620565	0.881424
MINGE	5	37	22	23.3878	0.559822	0.89077
MINGED	6	10	6	7.25683	0.49366	0.724169
MINGER	6	17	12	12.3699	0.618507	0.887224
MINGES	6	22	15	16.0609	0.614861	0.871773
MINGLE	6	10	3	5.80365	0.269444	0.465263
MINGS	5	29	16	18.4424	0.513216	0.812599
MINI	4	66	15	49.8996	0.227898	0.301282
MINIER	6	12	2	7.08729	0.169386	0.28389
MINIS	5	39	7	26.509	0.181823	0.266191
MINK	4	12	6	8.72814	0.424907	0.595997
MINO	4	113	5	81.163	0.0520567	0.0700633
MINOR	5	45	1	28.4615	0.0360532	0.0518677
MINORS	6	14	1	7.97136	0.092356	0.154795
MINOS	5	49	2	31.5634	0.0523091	0.0768995
MINSTER	7	16	0	5.97747	0.0269456	0.0698697
MINT	4	123	55	88.7226	0.43927	0.610455
MINTED	6	21	6	13.0845	0.270925	0.439086
MINTER	6	40	20	25.6444	0.474992	0.749177
MINTERS	7	18	12	9.12028	0.583661	1
MINTS	5	50	22	32.5794	0.424157	0.65371
MINUS	5	18	1	11.4125	0.0810265	0.118002
MINUTE	6	11	1	5.83413	0.111624	0.198595
MINY	4	23	2	16.9396	0.112708	0.14595
MIOSES	6	22	0	11.8025	0.0238433	0.0369793
MIPS	4	26	3	19.3015	0.134209	0.175568
MIR	3	242	102	190.51	0.419396	0.533429
MIRAGE	6	15	2	8.16579	0.141738	0.252916
MIRAGES	7	11	2	3.84579	0.174594	0.463748
MIRE	4	178	77	130.584	0.427453	0.58381
MIRED	5	64	15	44.6559	0.23289	0.334184
MIRES	5	95	44	70.0709	0.453687	0.618883
MIRI	4	44	3	32.6241	0.0846889	0.109581
MIRIN	5	15	1	8.88738	0.0940639	0.145475
MIRK	4	19	3	14.1174	0.17371	0.229296
MIRO	4	101	1	74.4627	0.0201489	0.0243813
MIROS	5	43	1	30.1331	0.037599	0.049166
MIRS	4	101	14	78.8353	0.143041	0.182276
MIRTH	5	29	0	20.1902	0.0230909	0.0260882
MIRTHS	6	13	0	6.1414	0.0369441	0.0636121
MIRV	4	12	0	8.5849	0.0674127	0.0775198
MIRY	4	15	1	12.4473	0.107737	0.1234
MIS	3	315	144	245.563	0.455075	0.584367
MISACT	6	10	0	5.41722	0.0452275	0.0700674
MISATE	6	49	0	30.0536	0.0115529	0.0157373
MISCH	5	11	0	8.04072	0.0514722	0.0577861
MISDATE	7	11	0	4.16369	0.036264	0.0918189
MISDEAL	7	10	0	2.63433	0.0389586	0.124903
MISDO	5	28	0	20.6256	0.0238206	0.0255853
MISE	4	197	69	149.747	0.347558	0.458049
MISEAT	6	34	0	19.5836	0.0161889	0.0234721
MISEATS	7	10	0	3.19985	0.0389586	0.110218
MISER	5	105	36	75.7899	0.338293	0.470463
MISERE	6	27	1	16.6549	0.0528356	0.0816386
MISERS	6	30	11	20.3164	0.347668	0.521888
MISES	5	58	21	42.757	0.35289	0.482556
MISLED	6	19	0	10.707	0.0270395	0.0402394
MISLIT	6	11	0	4.69343	0.0420824	0.0779762
MISO	4	115	4	86.5599	0.0428391	0.0546451
MISOS	5	20	1	12.6796	0.0741728	0.107788
MISRATE	7	16	0	6.01304	0.0269456	0.0695438
MISS	4	63	26	45.9948	0.400266	0.55071
MISSA	5	23	4	13.6637	0.178414	0.293031
MISSAE	6	11	0	5.12309	0.0420824	0.0730795
MISSAL	6	13	4	6.69223	0.281145	0.535001
MISSED	6	13	4	7.22913	0.281145	0.5029
MISSEL	6	19	8	11.4149	0.384502	0.647183
MISSENT	7	11	7	3.73483	0.520418	1
MISSET	6	14	2	8.36756	0.149894	0.247856
MISSY	5	10	1	6.78589	0.128533	0.180436
MIST	4	156	68	118.918	0.429966	0.565829
MISTAL	6	31	3	16.8425	0.104862	0.188564
MISTED	6	27	14	18.0008	0.48075	0.735303
MISTER	6	46	25	31.7133	0.518533	0.762737
MISTERS	7	18	8	10.4258	0.397252	0.708728
MISTLE	6	17	5	9.3568	0.275032	0.49658
MISTS	5	28	11	19.9727	0.37143	0.527914
MISTY	5	22	1	16.0178	0.0683882	0.0877719
MITE	4	175	99	128.952	0.556956	0.757992
MITER	5	101	55	69.8386	0.532791	0.774094
MITERED	7	12	4	7.00057	0.29268	0.526111
MITERS	6	48	30	34.1118	0.595663	0.851223
MITES	5	112	58	80.7061	0.508054	0.708619
MITHER	6	14	2	8.40462	0.149894	0.246949
MITIER	6	18	0	9.727	0.0283042	0.0436848
MITIS	5	32	0	19.9101	0.0211475	0.0264223
MITRAL	6	18	1	8.5459	0.075077	0.146131
MITRE	5	88	37	56.6842	0.411958	0.640791
MITRED	6	29	7	17.8309	0.234872	0.383634
MITRES	6	45	23	28.6883	0.487912	0.772841
MITT	4	35	15	26.5421	0.40548	0.540929
MITTEN	6	10	1	6.2508	0.119966	0.188212
MITTS	5	21	3	13.4179	0.152316	0.23268
MITY	4	29	0	23.6325	0.0334903	0.033427
MIZ	3	11	1	8.80232	0.146115	0.171466
MNA	3	227	6	180.017	0.0311698	0.0379736
MNAS	4	111	2	87.5438	0.0270455	0.031918
MOA	3	212	71	161.564	0.334157	0.438562
MOAI	4	74	0	51.5966	0.0143611	0.0162501
MOAN	4	78	17	57.2169	0.219022	0.297875
MOANED	6	15	0	7.97227	0.032924	0.0515945
MOANER	6	19	6	11.2706	0.295137	0.5004
MOANS	5	31	7	20.4569	0.223809	0.338061
MOAS	4	90	13	67.6278	0.149092	0.197079
MOAT	4	101	30	73.2885	0.294294	0.405779
MOATED	6	16	6	10.0138	0.340824	0.554004
MOATS	5	51	21	36.2093	0.398095	0.565339
MOB	3	65	12	48.5652	0.191136	0.253447
MOBE	4	27	6	20.3385	0.224375	0.297234
MOBES	5	14	4	9.49033	0.269417	0.399846
MOBLE	5	12	1	8.91742	0.112101	0.145073
MOBS	4	19	4	13.9277	0.215756	0.291592
MOC	3	132	29	101.662	0.221957	0.287476
MOCH	4	34	6	26.2402	0.183878	0.236876
MOCHA	5	11	2	7.58802	0.18804	0.270024
MOCHI	5	12	2	7.93466	0.176021	0.260563
MOCHS	5	13	2	8.74302	0.165446	0.240881
MOCS	4	37	4	27.3917	0.12281	0.161655
MOD	3	146	54	112.068	0.367835	0.479667
MODAL	5	20	2	14.0989	0.116466	0.160536
MODE	4	77	32	57.1252	0.405111	0.548548
MODEL	5	21	2	14.8487	0.11174	0.153375
MODEM	5	10	2	8.45642	0.201821	0.24751
MODENA	6	16	0	8.25057	0.0312252	0.0501542
MODER	5	43	14	32.5151	0.316301	0.422868
MODERN	6	10	1	6.40063	0.119966	0.184739
MODERS	6	16	4	11.1814	0.237624	0.348828
MODES	5	39	21	29.0325	0.510117	0.696258
MODEST	6	18	0	9.1936	0.0283042	0.0458201
MODI	4	68	3	49.1524	0.0567632	0.0747342
MODIST	6	12	0	7.27076	0.0393462	0.0556207
MODS	4	50	24	39.8709	0.458741	0.582857
MOE	3	256	30	198.178	0.119976	0.154162
MOER	4	149	4	108.994	0.0333678	0.0436814
MOERED	6	14	0	9.1451	0.0348184	0.0460246
MOERS	5	67	0	48.6673	0.0106703	0.0114136
MOES	4	145	12	108.434	0.0876693	0.115807
MOG	3	63	17	49.5901	0.27138	0.344541
MOGS	4	24	8	17.601	0.317245	0.434999
MOHEL	5	17	0	12.598	0.0365128	0.0396948
MOHO	4	22	0	16.8307	0.0422432	0.0449957
MOHR	4	44	0	33.9028	0.0231927	0.0240792
MOHRS	5	16	0	10.6375	0.0383715	0.045873
MOI	3	204	57	159.54	0.27972	0.357614
MOIL	4	68	20	50.9123	0.290333	0.388653
MOILE	5	39	8	26.8439	0.205273	0.297815
MOILED	6	11	2	6.26993	0.181165	0.312935
MOILER	6	18	6	10.7701	0.308941	0.520456
MOILES	6	23	6	12.2393	0.250385	0.465675
MOILS	5	22	10	15.1746	0.419337	0.617386
MOIRA	5	30	0	19.8111	0.0224046	0.0265426
MOIRE	5	58	1	39.1961	0.0284501	0.0383388
MOIRES	6	30	0	17.3151	0.0181289	0.0262695
MOISER	6	34	0	21.9989	0.0161889	0.0210818
MOISERS	7	12	0	5.58969	0.0339181	0.0736329
MOIST	5	48	8	33.3415	0.1695	0.242997
MOISTED	7	12	2	5.00217	0.163299	0.382646
MOISTEN	7	13	2	4.80878	0.153377	0.394175
MOISTER	7	19	4	8.04036	0.201455	0.469424
MOISTS	6	11	1	6.54629	0.111624	0.181484
MOIT	4	99	11	73.9071	0.116892	0.154885
MOITS	5	55	6	36.8378	0.115165	0.169547
MOKE	4	10	3	6.55723	0.279462	0.414106
MOL	3	149	77	112.034	0.510881	0.680715
MOLA	4	65	24	47.2262	0.360134	0.4972
MOLAR	5	23	7	14.1505	0.291007	0.470404
MOLARS	6	10	5	6.32727	0.418921	0.683548
MOLAS	5	32	10	20.8228	0.301694	0.464319
MOLD	4	35	7	24.7507	0.204392	0.285938
MOLDS	5	11	1	6.75839	0.119756	0.181005
MOLE	4	79	43	58.9898	0.526732	0.709957
MOLED	5	24	8	15.8071	0.316653	0.482831
MOLES	5	50	33	35.9833	0.62921	0.88498
MOLEST	6	22	1	12.7826	0.0632445	0.103438
MOLIES	6	27	4	16.1047	0.151585	0.252473
MOLINE	6	18	1	9.52968	0.075077	0.13335
MOLINES	7	10	0	4.49608	0.0389586	0.0868206
MOLING	6	11	3	6.5258	0.250706	0.424512
MOLL	4	27	18	20.0743	0.60193	0.824747
MOLLA	5	15	1	9.30743	0.0940639	0.140051
MOLLS	5	11	5	8.36394	0.392892	0.540353
MOLS	4	61	12	46.1604	0.199616	0.263036
MOLT	4	46	14	34.454	0.297959	0.399292
MOLTER	6	13	5	7.4158	0.342196	0.602095
MOLTS	5	22	7	15.4485	0.302354	0.435328
MOLY	4	22	2	16.6959	0.116916	0.147772
MOM	3	32	15	26.46	0.449147	0.551045
MOME	4	21	4	17.0355	0.19902	0.245958
MOMES	5	12	3	9.08202	0.23994	0.324059
MOMI	4	18	2	14.698	0.137443	0.164622
MOMS	4	20	5	15.9446	0.247399	0.313539
MON	3	239	146	187.828	0.605587	0.772194
MONA	4	109	26	79.4777	0.238448	0.326661
MONAD	5	34	0	22.8379	0.020024	0.0233026
MONADES	7	10	0	3.14965	0.0389586	0.111381
MONAL	5	37	6	23.971	0.166167	0.25368
MONALS	6	22	4	12.0764	0.181448	0.326198
MONAS	5	51	11	34.786	0.215095	0.315088
MONDE	5	29	6	20.4496	0.206888	0.293545
MONDES	6	16	3	8.61714	0.186024	0.338619
MONDO	5	11	0	7.71354	0.0514722	0.0597409
MONER	5	64	14	42.5848	0.218107	0.327272
MONERA	6	31	2	17.3639	0.0757751	0.131008
MONETH	6	12	0	6.20614	0.0393462	0.0630924
MONG	4	48	19	33.8627	0.381396	0.542022
MONGO	5	10	1	5.8432	0.128533	0.202238
MONGS	5	19	8	13.3696	0.386571	0.559609
MONIAL	6	18	0	8.99502	0.0283042	0.0466694
MONIC	5	19	1	12.4792	0.0774483	0.109284
MONIE	5	54	10	33.2423	0.186553	0.300499
MONIED	6	20	3	10.1111	0.154198	0.295858
MONIES	6	33	5	18.7952	0.154072	0.268108
MONISH	6	13	0	7.23394	0.0369441	0.0558494
MONIST	6	24	0	13.0754	0.0221016	0.0337976
MONK	4	13	6	8.92939	0.401014	0.585791
MONO	4	47	9	34.7984	0.19565	0.262733
MONOS	5	22	5	13.8557	0.224366	0.352707
MONS	4	110	39	81.5128	0.349627	0.472924
MONSTER	7	11	1	5.37027	0.105429	0.219207
MONTE	5	39	7	27.556	0.181823	0.256748
MONTES	6	24	7	17.0426	0.277763	0.399754
MONTH	5	16	0	10.8872	0.0383715	0.0449813
MONTIES	7	15	2	5.79371	0.136758	0.341737
MONTRE	6	26	0	16.675	0.0205971	0.0271836
MONTRES	7	13	0	6.08475	0.0318572	0.0688956
MONTY	5	11	0	7.53656	0.0514722	0.0608544
MONY	4	19	0	13.5447	0.0475717	0.054029
MOO	3	108	81	84.0323	0.733467	0.947385
MOOD	4	33	14	26.4042	0.400477	0.509267
MOODS	5	16	8	11.9965	0.445605	0.614673
MOOED	5	16	0	10.9244	0.0383715	0.0448515
MOOI	4	37	1	29.4408	0.0510111	0.058404
MOOL	4	29	12	22.8849	0.388693	0.501185
MOOLA	5	12	0	8.31209	0.0481822	0.0562593
MOOLI	5	10	4	7.5182	0.348398	0.483055
MOOLS	5	13	7	9.21206	0.465841	0.678367
MOON	4	46	19	35.9079	0.396417	0.5134
MOONER	6	10	4	6.07468	0.344183	0.577393
MOONS	5	16	4	11.8855	0.241988	0.330669
MOOP	4	12	3	9.15075	0.24616	0.324409
MOOR	4	52	23	41.248	0.424972	0.541953
MOORED	6	11	5	7.54336	0.389789	0.593803
MOORS	5	16	9	11.6953	0.496509	0.701472
MOOS	4	56	31	43.9097	0.528621	0.682274
MOOSE	5	33	19	23.6912	0.539062	0.763272
MOOT	4	45	28	34.3267	0.585162	0.777517
MOOTER	6	10	5	6.98749	0.418921	0.631714
MOOTS	5	26	16	18.7207	0.565153	0.801662
MOP	3	76	33	57.9806	0.427137	0.561483
MOPE	4	39	22	29.2637	0.528314	0.713207
MOPED	5	12	6	9.65721	0.431698	0.566281
MOPER	5	20	14	15.347	0.623978	0.842373
MOPERS	6	13	9	9.36171	0.586397	0.857347
MOPES	5	21	13	16.1482	0.558083	0.749873
MOPS	4	31	16	23.4868	0.478752	0.641755
MOR	3	290	195	223.99	0.667188	0.865272
MORA	4	145	50	107.5	0.341369	0.461233
MORAE	5	68	1	46.6574	0.0244791	0.0324548
MORAINE	7	11	0	2.82505	0.036264	0.119532
MORAL	5	43	20	26.5776	0.444933	0.721113
MORALE	6	22	10	11.9587	0.417855	0.767674
MORALES	7	11	4	5.19573	0.312924	0.665631
MORALS	6	18	7	9.80467	0.355714	0.650836
MORAS	5	62	24	40.9155	0.377087	0.573256
MORAT	5	78	26	52.5172	0.327686	0.487882
MORATS	6	37	16	21.6483	0.411223	0.706116
MORAY	5	12	0	7.85493	0.0481822	0.0588801
MORE	4	186	115	137.751	0.608708	0.824366
MOREEN	6	17	0	10.3617	0.029693	0.0413897
MOREL	5	51	7	35.2688	0.141895	0.203555
MORELS	6	21	4	14.4517	0.188891	0.278282
MORES	5	102	67	75.7068	0.641336	0.870115
MORIA	5	42	1	25.9883	0.0384228	0.0564579
MORIAS	6	18	1	11.1725	0.075077	0.116357
MORION	6	11	0	4.82417	0.0420824	0.076418
MORISH	6	13	0	7.55384	0.0369441	0.0539227
MORN	4	91	35	66.5162	0.37722	0.51752
MORNE	5	57	24	38.508	0.408177	0.60736
MORNED	6	15	3	8.75219	0.196145	0.334252
MORNES	6	24	10	14.3838	0.387333	0.652063
MORNS	5	29	11	20.8774	0.360052	0.506997
MORON	5	21	2	13.8946	0.11174	0.162605
MOROSE	6	18	0	10.6925	0.0283042	0.0402867
MORPH	5	13	0	9.36197	0.0452874	0.0510418
MORRA	5	24	1	14.7414	0.0634405	0.0944801
MORRO	5	12	0	9.05031	0.0481822	0.0524868
MORS	4	112	60	85.1784	0.523459	0.691858
MORSAL	6	15	1	8.76376	0.0873312	0.143094
MORSE	5	74	41	54.9794	0.537754	0.73023
MORSEL	6	21	5	13.5177	0.229908	0.360973
MORSES	6	13	7	7.62975	0.464296	0.802248
MORT	4	123	53	94.102	0.423618	0.555939
MORTAL	6	22	3	11.6883	0.142047	0.261052
MORTAR	6	21	0	11.1585	0.0248213	0.0388287
MORTISE	7	17	0	5.29581	0.0256285	0.0767664
MORTS	5	71	27	50.6015	0.371812	0.524691
MOS	3	267	142	209.331	0.528278	0.674901
MOSE	4	149	83	112.604	0.547077	0.726734
MOSED	5	40	17	30.2127	0.40678	0.546381
MOSES	5	41	25	30.5087	0.576861	0.787802
MOSEY	5	12	0	8.47529	0.0481822	0.0553793
MOSH	4	57	9	43.7513	0.163983	0.212228
MOSHER	6	11	2	6.8386	0.181165	0.29214
MOSHES	6	10	3	5.6922	0.269444	0.472261
MOSING	6	13	4	7.86777	0.281145	0.469399
MOSK	4	11	1	7.86854	0.135041	0.176248
MOSS	4	38	17	30.0042	0.423795	0.544806
MOSSER	6	11	3	5.9111	0.250706	0.458712
MOSSIE	6	12	4	5.66674	0.299425	0.609284
MOST	4	117	59	89.2453	0.493757	0.650435
MOSTE	5	73	31	51.7619	0.414298	0.587817
MOSTS	5	21	7	16.7687	0.314623	0.40464
MOT	3	241	151	188.115	0.621047	0.79727
MOTE	4	135	84	103.75	0.609023	0.796488
MOTED	5	39	15	27.7783	0.36942	0.523855
MOTEL	5	40	3	27.6124	0.086008	0.120991
MOTELS	6	13	1	8.7632	0.0979944	0.143101
MOTEN	5	54	1	37.0925	0.0304242	0.040404
MOTES	5	78	51	58.3222	0.63389	0.855625
MOTET	5	32	0	23.3117	0.0211475	0.0228657
MOTETS	6	16	0	10.5445	0.0312252	0.0407729
MOTEY	5	12	0	9.38946	0.0481822	0.0509181
MOTH	4	59	16	45.1902	0.268587	0.351661
MOTHER	6	15	8	10.4025	0.468181	0.701234
MOTHS	5	21	6	16.2731	0.274046	0.360789
MOTI	4	97	16	72.9148	0.168312	0.222932
MOTIER	6	27	0	15.1278	0.0199191	0.0296801
MOTIEST	7	12	2	5.02108	0.163299	0.381555
MOTIF	5	10	0	7.68733	0.0552445	0.0599032
MOTILE	6	18	1	9.39249	0.075077	0.134997
MOTION	6	12	5	5.98569	0.364445	0.713853
MOTIS	5	51	5	35.031	0.105295	0.150794
MOTOR	5	28	2	18.9439	0.0870223	0.123326
MOTORS	6	12	2	6.45839	0.169386	0.305723
MOTS	4	133	54	102.605	0.400131	0.520589
MOTSER	6	35	0	23.2184	0.0157671	0.0200509
MOTT	4	32	22	24.2653	0.628853	0.844811
MOTTE	5	23	15	16.5734	0.591254	0.840589
MOTTES	6	14	9	9.22103	0.552657	0.868372
MOTTS	5	20	11	15.5159	0.4971	0.662555
MOTU	4	40	0	29.8336	0.0252642	0.0270796
MOTUS	5	16	0	11.5168	0.0383715	0.0428798
MOU	3	86	44	66.2658	0.501838	0.653868
MOUE	4	33	1	25.2746	0.0564114	0.0670639
MOUES	5	17	0	13.7643	0.0365128	0.0367504
MOUND	5	12	5	9.54772	0.367778	0.484761
MOUNT	5	12	4	9.29898	0.303859	0.406643
MOUP	4	13	1	9.40962	0.119854	0.154043
MOURN	5	11	2	7.39386	0.18804	0.27563
MOUS	4	37	15	27.5748	0.386072	0.522552
MOUSE	5	19	12	15.4621	0.563212	0.722005
MOUSER	6	13	8	10.2518	0.525346	0.710063
MOUST	5	21	5	16.8682	0.23347	0.29627
MOUTH	5	11	3	7.89916	0.256324	0.362944
MOVE	4	19	9	14.2463	0.425985	0.579077
MOVER	5	13	6	9.36558	0.405762	0.580864
MOVES	5	10	4	7.59425	0.348398	0.479209
MOVIE	5	10	1	6.92402	0.128533	0.17763
MOW	3	54	14	41.9896	0.261779	0.33596
MOWA	4	16	2	11.4292	0.150669	0.202381
MOWER	5	10	4	7.83491	0.348398	0.467433
MOWN	4	13	1	10.2232	0.119854	0.144437
MOWS	4	20	5	15.8627	0.247399	0.314913
MOY	3	58	6	44.4001	0.116031	0.147904
MOYA	4	14	0	11.1166	0.0602348	0.0634407
MOYL	4	14	0	10.6148	0.0602348	0.0658094
MOYS	4	18	1	14.2628	0.0935511	0.110287
MPRETS	6	16	0	10.1624	0.0312252	0.0420841
MUD	3	65	21	51.5088	0.321431	0.406425
MUDIR	5	13	0	7.58636	0.0452874	0.0605369
MUDS	4	23	2	17.717	0.112708	0.140426
MUG	3	30	9	23.9955	0.299423	0.375492
MUGS	4	11	4	8.55774	0.325113	0.429182
MUID	4	13	0	9.32401	0.063622	0.0728029
MUIL	4	24	3	19.6277	0.143534	0.173017
MUILS	5	11	1	7.41861	0.119756	0.168261
MUIR	4	34	1	25.9013	0.0549569	0.0656008
MUIRS	5	17	0	12.6106	0.0365128	0.0396605
MUIST	5	17	0	11.1789	0.0365128	0.0439826
MULE	4	47	19	37.2393	0.388761	0.496337
MULED	5	18	7	12.416	0.35823	0.527165
MULES	5	25	9	17.812	0.340509	0.484447
MULETA	6	12	0	6.65019	0.0393462	0.0597449
MULETAS	7	10	0	4.4009	0.0389586	0.0881954
MULIE	5	19	1	11.8688	0.0774483	0.114109
MULIES	6	12	0	6.61915	0.0393462	0.0599673
MULL	4	24	16	18.9888	0.595182	0.774099
MULLA	5	15	0	10.499	0.0404295	0.0463831
MULLS	5	10	6	7.2659	0.494975	0.71308
MULSE	5	19	2	14.8075	0.121609	0.153752
MUM	3	17	2	13.167	0.151966	0.187581
MUN	3	97	46	77.9158	0.46701	0.583965
MUNG	4	16	8	12.3152	0.439359	0.586891
MUNI	4	41	3	31.929	0.0902382	0.111773
MUNIS	5	21	2	14.7589	0.11174	0.154198
MUNITE	6	13	0	7.73488	0.0369441	0.0528901
MUNS	4	41	10	29.7632	0.243132	0.334018
MUNTS	5	19	0	12.3899	0.033288	0.0402706
MUON	4	38	0	29.2871	0.0264453	0.0275405
MUONS	5	13	0	8.82665	0.0452874	0.0535752
MURA	4	46	5	35.715	0.120736	0.15269
MURAL	5	19	0	11.8887	0.033288	0.0417281
MURAS	5	16	2	11.1473	0.14018	0.196691
MURE	4	61	30	47.8405	0.473241	0.6096
MURED	5	20	8	14.1148	0.370222	0.533666
MUREIN	6	11	0	6.24944	0.0420824	0.0627496
MURES	5	32	15	23.825	0.441967	0.604175
MURINE	6	12	0	6.14643	0.0393462	0.0635714
MURL	4	20	1	16.4509	0.0860016	0.0977667
MURR	4	15	3	11.373	0.208832	0.273625
MURTI	5	13	1	8.49026	0.105366	0.151004
MUS	3	102	48	82.1899	0.463851	0.578106
MUSAR	5	16	0	12.4601	0.0383715	0.0400744
MUSE	4	57	22	44.072	0.374395	0.487993
MUSED	5	21	9	15.1861	0.395776	0.558646
MUSER	5	32	12	23.1077	0.357803	0.501782
MUSERS	6	11	5	7.34623	0.389789	0.606715
MUSES	5	15	5	10.891	0.308602	0.434084
MUSET	5	33	1	23.02	0.0478595	0.0631669
MUSH	4	25	8	22.0594	0.306593	0.357056
MUSHA	5	13	1	10.5516	0.105366	0.126122
MUSIT	5	19	1	12.0698	0.0774483	0.112473
MUSO	4	31	0	22.3154	0.0316185	0.0351784
MUSS	4	21	9	16.6164	0.392942	0.508475
MUSSE	5	10	2	6.5233	0.201821	0.30392
MUST	4	49	25	38.0374	0.485863	0.633485
MUSTED	6	11	4	8.84118	0.320248	0.426131
MUSTER	6	16	8	11.8008	0.444023	0.628711
MUSTH	5	14	0	10.2068	0.0427208	0.0474973
MUT	3	112	55	90.4175	0.484196	0.602265
MUTASE	6	13	1	7.86888	0.0979944	0.156449
MUTATE	6	10	1	6.1362	0.119966	0.190958
MUTE	4	60	27	47.1117	0.434237	0.558418
MUTED	5	16	6	11.367	0.343797	0.493621
MUTER	5	31	11	20.781	0.339266	0.509148
MUTES	5	37	16	28.1963	0.412201	0.549754
MUTEST	6	12	0	7.72619	0.0393462	0.0529387
MUTHA	5	10	0	7.75463	0.0552445	0.0594881
MUTI	4	42	7	32.2999	0.17381	0.22448
MUTINE	6	14	2	6.90411	0.149894	0.289921
MUTIS	5	21	1	14.5132	0.0711632	0.0957892
MUTON	5	11	0	7.19359	0.0514722	0.0631348
MUTS	4	60	18	47.6893	0.295313	0.373857
MUTT	4	19	10	15.2076	0.468031	0.603665
MUTTS	5	10	2	7.62199	0.201821	0.269067
MYNA	4	15	0	11.8674	0.0571901	0.060198
MYTH	4	12	0	9.69806	0.0674127	0.0706279
NAAM	4	28	0	21.8208	0.0345119	0.0358845
NAAMS	5	13	0	10.0885	0.0452874	0.0479637
NAAN	4	23	2	17.8205	0.112708	0.139722
NAANS	5	15	1	10.5331	0.0940639	0.12631
NAB	3	166	38	128.022	0.230503	0.298377
NABE	4	85	4	64.3239	0.0571533	0.0727411
NABES	5	36	0	26.2025	0.0190138	0.0205185
NABIS	5	19	1	12.9487	0.0774483	0.105842
NABK	4	10	0	7.79858	0.0765327	0.0832587
NABLA	5	23	0	15.8079	0.0282907	0.0325232
NABS	4	56	15	42.5983	0.265391	0.349712
NACH	4	108	22	83.906	0.205096	0.263861
NACHAS	6	12	0	6.68807	0.0393462	0.0594757
NACHE	5	52	11	35.7649	0.211229	0.306913
NACHES	6	29	9	15.9192	0.296639	0.538605
NACHO	5	30	2	20.3275	0.0818493	0.115669
NACHOS	6	15	2	6.79269	0.141738	0.293716
NACRE	5	74	0	48.8623	0.00970828	0.0113698
NACRED	6	24	0	14.3676	0.0221016	0.0310828
NACRES	6	41	0	24.1274	0.0136355	0.0193457
NACRITE	7	14	0	5.47336	0.0300325	0.0748422
NADA	4	69	0	52.7084	0.0153343	0.0159248
NADAS	5	31	0	23.1004	0.0217579	0.0230585
NADS	4	158	30	121.204	0.191244	0.249013
NAE	3	797	57	609.531	0.0726556	0.0946584
NAES	4	469	30	349.472	0.0657081	0.0876662
NAEVE	5	10	0	7.06347	0.0552445	0.0640454
NAFF	4	14	3	12.0771	0.21995	0.260695
NAG	3	248	42	195.699	0.171388	0.216653
NAGA	4	43	0	32.9233	0.0236781	0.024739
NAGAS	5	26	0	17.8132	0.0254277	0.0292245
NAGS	4	86	13	64.4035	0.155661	0.206531
NAH	3	373	5	290.781	0.0164491	0.0202191
NAHAL	5	20	0	15.8109	0.0318801	0.0325177
NAHALS	6	10	0	6.73998	0.0452275	0.0591107
NAIANT	6	13	0	6.3722	0.0369441	0.0617975
NAIF	4	63	0	47.4618	0.0166917	0.0175864
NAIFER	6	13	0	8.272	0.0369441	0.0500467
NAIFS	5	20	0	14.5132	0.0318801	0.0350795
NAIK	4	30	0	21.605	0.0325275	0.0362015
NAIKS	5	12	0	9.03489	0.0481822	0.0525604
NAIL	4	237	84	170.913	0.352098	0.488582
NAILED	6	42	20	28.4956	0.454058	0.678481
NAILER	6	65	26	42.0275	0.389078	0.605763
NAILERS	7	30	13	16.6501	0.404215	0.740964
NAILS	5	88	29	58.6787	0.324665	0.487783
NAILSET	7	20	2	7.48247	0.107609	0.278266
NAIN	4	173	21	125.75	0.124485	0.17021
NAIRUS	6	16	0	8.08184	0.0312252	0.0510177
NAIVE	5	25	2	17.9337	0.0961362	0.129589
NAIVER	6	14	1	9.64291	0.092356	0.132021
NAKED	5	15	0	10.4684	0.0404295	0.0464974
NAKER	5	19	2	13.6355	0.121609	0.165307
NALA	4	106	3	80.0345	0.0372927	0.0468797
NALAS	5	53	3	36.5119	0.0662691	0.0930018
NALED	5	106	3	69.4257	0.034236	0.0501206
NALLA	5	17	0	11.5509	0.0365128	0.0427717
NALLAS	6	10	1	4.11495	0.119966	0.257118
NAM	3	289	98	227.243	0.33849	0.430706
NAME	4	156	71	116.793	0.448625	0.600959
NAMED	5	58	22	40.6968	0.369112	0.529307
NAMER	5	81	32	54.5756	0.386956	0.576249
NAMERS	6	27	5	15.894	0.184501	0.312271
NAMES	5	81	41	58.9567	0.493283	0.682551
NAMS	4	105	20	79.7362	0.192483	0.252962
NAMU	4	39	1	30.4928	0.0486809	0.0565597
NAMUS	5	12	1	8.72926	0.112101	0.147627
NAN	3	187	63	146.622	0.336009	0.428854
NANA	4	67	1	50.5988	0.0296923	0.0352727
NANAS	5	35	0	23.3011	0.0195058	0.0228752
NANCES	6	18	0	10.0895	0.0283042	0.0423439
NANE	4	143	29	104.269	0.203889	0.279053
NANG	4	46	8	33.5751	0.179811	0.244089
NANITE	6	30	0	16.5985	0.0181289	0.0272971
NANO	4	97	6	72.8028	0.0700646	0.0910316
NANOS	5	48	4	31.1952	0.092048	0.138078
NANS	4	106	12	79.6669	0.118532	0.156193
NANUA	5	16	0	9.44493	0.0383715	0.0506705
NAOS	4	224	0	168.841	0.00494538	0.00515146
NAP	3	200	49	154.026	0.246002	0.319089
NAPA	4	25	2	18.6159	0.105139	0.134538
NAPAS	5	10	1	6.72538	0.128533	0.181693
NAPE	4	93	27	70.0874	0.287691	0.382448
NAPED	5	19	5	12.985	0.25409	0.373258
NAPES	5	52	18	36.7564	0.337027	0.479861
NAPOO	5	12	0	9.14437	0.0481822	0.0520421
NAPS	4	84	17	64.1224	0.204221	0.267149
NARAS	5	77	1	50.1995	0.0217472	0.0302508
NARC	4	156	4	116.93	0.0319151	0.0407866
NARCO	5	59	0	37.4845	0.0120329	0.0146495
NARCOS	6	17	0	7.07699	0.029693	0.0568459
NARCOSE	7	10	0	2.42753	0.0389586	0.131301
NARCS	5	51	2	35.3779	0.0503946	0.069043
NARD	4	174	23	128.574	0.134976	0.181773
NARDOO	6	11	0	4.79084	0.0420824	0.0768093
NARDS	5	70	8	48.6263	0.118865	0.169573
NARE	4	480	110	349.66	0.229239	0.314581
NARES	5	269	70	186.456	0.259509	0.374589
NARINE	6	39	0	20.6221	0.014279	0.0223811
NARIS	5	159	0	101.834	0.00463462	0.00556711
NARK	4	30	6	22.8839	0.205023	0.267803
NARKS	5	10	2	7.53544	0.201821	0.27152
NARRAS	6	10	0	5.91582	0.0452275	0.0654916
NARRATE	7	12	1	5.59255	0.0986087	0.212442
NARRE	5	63	4	42.5751	0.0713304	0.102794
NARY	4	64	1	49.4727	0.0309874	0.0360322
NAS	3	724	175	561.695	0.242012	0.311852
NASAL	5	52	0	36.3239	0.0135466	0.0150936
NASALS	6	13	0	8.09003	0.0369441	0.0509751
NASARD	6	21	0	11.7488	0.0248213	0.0371268
NASCENT	7	10	0	3.03668	0.0389586	0.114088
NASHI	5	44	2	29.9296	0.0577986	0.0808393
NASHIS	6	13	0	6.91548	0.0369441	0.0579092
NASTIER	7	44	5	17.2127	0.116404	0.2938
NASTIES	7	24	2	9.13804	0.0919329	0.235404
NASTY	5	37	0	24.9384	0.018546	0.0214828
NAT	3	746	326	579.042	0.436227	0.562227
NATAL	5	46	0	28.0861	0.0151838	0.0192321
NATCH	5	46	18	31.3139	0.37776	0.558352
NATCHES	7	11	8	7.02177	0.589583	0.98822
NATES	5	257	114	186.585	0.440269	0.607699
NATION	6	42	8	21.5788	0.189624	0.364841
NATIONS	7	18	3	5.48874	0.164241	0.497287
NATIS	5	171	2	111.236	0.015768	0.0227735
NATIVE	6	12	0	6.44915	0.0393462	0.0612153
NATRON	6	38	1	22.1542	0.0387903	0.0628325
NATRONS	7	14	1	6.38164	0.0873121	0.191466
NATS	4	396	138	295.442	0.347149	0.46564
NATTER	6	43	28	31.3541	0.616757	0.861727
NATTERS	7	21	11	11.0736	0.471184	0.909059
NATTIER	7	17	5	9.35182	0.270029	0.504488
NATTY	5	16	3	10.2747	0.191084	0.292465
NATURE	6	20	0	12.254	0.0258829	0.0357845
NAUCH	5	11	0	6.38747	0.0514722	0.0692328
NAUNT	5	15	1	11.3976	0.0940639	0.118134
NAUSEA	6	10	0	5.20392	0.0452275	0.0722262
NAV	3	90	28	71.0538	0.310421	0.393587
NAVE	4	49	25	37.1584	0.485863	0.647412
NAVEL	5	16	9	11.848	0.496509	0.693712
NAVES	5	15	7	10.3479	0.415871	0.615755
NAVS	4	27	0	20.1718	0.0355977	0.0384579
NAW	3	149	35	122.103	0.236504	0.288471
NAY	3	148	24	113.071	0.165725	0.215801
NAYS	4	64	17	49.0617	0.263601	0.344695
NAZI	4	11	1	8.08725	0.135041	0.172714
NEAFE	5	11	0	7.7649	0.0514722	0.0594253
NEAL	4	312	88	232.708	0.281364	0.377379
NEALED	6	37	9	25.7005	0.237869	0.346469
NEALS	5	131	43	94.033	0.324957	0.453975
NEANIC	6	13	0	6.97143	0.0369441	0.0575364
NEAP	4	108	0	79.0548	0.0100318	0.0108005
NEAPS	5	48	0	33.1831	0.0145958	0.0164427
NEAR	4	462	167	338.991	0.360191	0.491157
NEARED	6	52	18	33.408	0.335955	0.526661
NEARER	6	27	9	16.5145	0.316167	0.521019
NEAREST	7	43	14	18.5872	0.312632	0.719412
NEARING	7	17	4	12.8881	0.221149	0.312462
NEARISH	7	21	0	5.39548	0.0214371	0.0756742
NEARLY	6	14	0	7.68386	0.0348184	0.053177
NEARS	5	202	89	141.109	0.436451	0.626122
NEARSIDE	8	10	0	3.40772	0.0389586	0.105652
NEAT	4	435	118	320.925	0.270887	0.367213
NEATEN	6	31	1	17.957	0.0466883	0.0762357
NEATENS	7	12	1	5.27694	0.0986087	0.222178
NEATER	6	80	17	50.8638	0.211144	0.332809
NEATEST	7	19	1	7.17918	0.0678733	0.174092
NEATH	5	113	1	79.2032	0.0150354	0.0194405
NEATLY	6	13	0	6.88146	0.0369441	0.0581384
NEATS	5	235	66	167.01	0.27972	0.394024
NEB	3	144	9	115.986	0.0689016	0.0838349
NEBRIS	6	11	0	5.41008	0.0420824	0.0701375
NEBS	4	47	1	37.0945	0.0411602	0.0472056
NECK	4	14	4	9.8171	0.273188	0.386421
NECTAR	6	33	0	18.8889	0.0166339	0.0242633
NECTARS	7	13	0	6.45411	0.0318572	0.06574
NED	3	655	74	503.953	0.114103	0.147964
NEDS	4	271	29	203.107	0.109258	0.145119
NEE	3	362	114	291.156	0.314697	0.391443
NEED	4	151	35	114.272	0.231934	0.306455
NEEDS	5	57	14	42.4278	0.243282	0.32843
NEEDY	5	20	0	14.8019	0.0318801	0.0344753
NEELDS	6	10	0	6.7345	0.0452275	0.059149
NEEM	4	80	1	62.6035	0.0251396	0.0288007
NEEMS	5	37	1	27.1052	0.0431494	0.0542882
NEEP	4	61	3	45.2604	0.0628033	0.0807834
NEEPS	5	30	1	22.7377	0.0521269	0.0638889
NEESING	7	10	0	6.02652	0.0389586	0.0694209
NEF	3	195	6	154.352	0.0361802	0.0441892
NEFAST	6	13	0	6.77824	0.0369441	0.0588445
NEFS	4	66	0	52.2565	0.0159842	0.0160554
NEG	3	307	20	235.069	0.0681591	0.0881155
NEGATE	6	20	0	13.336	0.0258829	0.0332126
NEGATOR	7	11	0	2.99317	0.036264	0.115167
NEGS	4	113	8	84.3475	0.0775272	0.101919
NEIF	4	94	0	71.5843	0.0114535	0.0118849
NEIGH	5	24	0	13.8853	0.0272673	0.0364698
NEIST	5	221	4	146.14	0.0211614	0.0309107
NEITHER	7	13	0	6.42038	0.0318572	0.0660161
NEIVE	5	11	0	7.19681	0.0514722	0.0631126
NEK	3	87	1	65.4604	0.024184	0.0284035
NEKS	4	40	0	29.4379	0.0252642	0.0274117
NELIES	6	41	0	21.9668	0.0136355	0.0211104
NELLIE	6	15	2	8.47442	0.141738	0.245258
NELLY	5	13	1	8.95279	0.105366	0.144603
NELSON	6	21	0	12.074	0.0248213	0.0362514
NEMA	4	172	6	130.253	0.0403399	0.0517325
NEMAS	5	66	2	46.0882	0.0395406	0.0536523
NEMN	4	46	1	35.7661	0.0419707	0.0488307
NEMNS	5	17	1	12.9331	0.0849513	0.105953
NEMORAL	7	10	0	3.24705	0.0389586	0.109147
NEMPT	5	14	0	10.473	0.0427208	0.0464801
NENE	4	99	3	74.9394	0.0398081	0.0499513
NENES	5	60	3	42.6007	0.0589805	0.0802935
NEON	4	130	0	100.263	0.00839435	0.00857848
NEONED	6	12	0	7.81446	0.0393462	0.0524486
NEONS	5	61	0	46.1311	0.0116606	0.0120155
NEP	3	258	22	203.577	0.0885343	0.111292
NEPER	5	39	0	27.7257	0.0176762	0.0194656
NEPERS	6	21	0	15.1205	0.0248213	0.0296931
NEPETA	6	13	0	7.2684	0.0369441	0.0556353
NEPS	4	108	11	83.7099	0.107564	0.137339
NERAL	5	164	0	108.846	0.0044964	0.00521478
NERALS	6	62	0	37.2138	0.00925577	0.0128431
NERD	4	283	7	208.4	0.0282553	0.0373271
NERDS	5	100	4	73.2191	0.0458663	0.0608934
NERDY	5	27	0	18.2562	0.0245979	0.0285842
NEREIDS	7	11	0	6.51719	0.036264	0.0652297
NERITE	6	79	0	43.7519	0.00734574	0.0109964
NERITES	7	43	0	17.3104	0.0112857	0.0280193
NERITIC	7	10	0	3.33922	0.0389586	0.107114
NERK	4	45	0	33.3285	0.0227268	0.0244617
NERKS	5	15	0	9.69285	0.0404295	0.0495923
NERTS	5	256	3	176.475	0.0144574	0.0200513
NERVE	5	18	0	12.5577	0.0348259	0.0398052
NESH	4	242	9	190.856	0.0410539	0.0510345
NESHER	6	39	0	25.2769	0.014279	0.0185219
NESHEST	7	12	0	5.41775	0.0339181	0.0754344
NESS	4	180	41	136.515	0.228004	0.300595
NEST	4	559	175	419.339	0.31241	0.416627
NESTED	6	56	21	38.9174	0.363846	0.529083
NESTER	6	117	37	75.9886	0.312387	0.482578
NESTERS	7	33	10	17.0911	0.288668	0.563075
NESTING	7	13	3	7.44464	0.214137	0.389869
NESTLE	6	41	6	22.6851	0.148832	0.26635
NESTLED	7	12	3	3.97633	0.22799	0.631918
NESTLER	7	24	2	9.31974	0.0919329	0.23149
NESTOR	6	91	4	52.5049	0.0487937	0.0829895
NESTORS	7	31	3	12.5932	0.102278	0.248545
NESTS	5	104	32	76.8953	0.304277	0.413141
NET	3	924	234	716.27	0.253431	0.326873
NETE	4	253	20	183.878	0.0819735	0.11186
NETES	5	152	14	105.072	0.0947915	0.136203
NETHER	6	30	0	18.0417	0.0181289	0.0253036
NETLESS	7	10	2	3.80486	0.187567	0.467254
NETS	4	540	125	400.285	0.231526	0.312285
NETT	4	158	39	118.695	0.246532	0.328217
NETTED	6	15	6	12.3815	0.359367	0.460979
NETTER	6	31	17	23.9547	0.512076	0.681633
NETTERS	7	13	7	8.17066	0.457177	0.769897
NETTIE	6	21	5	13.653	0.229908	0.357795
NETTIER	7	10	3	7.57876	0.261871	0.384178
NETTIES	7	10	4	4.9423	0.336175	0.691376
NETTLE	6	17	4	10.8541	0.225964	0.357909
NETTLER	7	11	3	5.49284	0.243759	0.497
NETTLES	7	11	4	5.60667	0.312924	0.627728
NETTS	5	96	14	67.2751	0.148064	0.21056
NETTY	5	20	2	13.9867	0.116466	0.161667
NEUME	5	11	0	7.56021	0.0514722	0.0607032
NEUMS	5	15	0	10.4765	0.0404295	0.0464672
NEURAL	6	18	0	10.3624	0.0283042	0.0413873
NEURON	6	11	0	5.16867	0.0420824	0.0725959
NEUTER	6	12	0	6.685	0.0393462	0.0594974
NEVE	4	27	7	19.6633	0.255838	0.35063
NEVER	5	19	5	12.97	0.25409	0.373632
NEVES	5	12	3	8.41225	0.23994	0.344988
NEVI	4	56	0	41.3707	0.0186139	0.0200102
NEW	3	162	22	131.054	0.139712	0.17175
NEWED	5	16	3	12.6147	0.191084	0.245505
NEWER	5	18	4	14.2924	0.219628	0.281694
NEWS	4	66	13	52.2267	0.199643	0.252215
NEWT	4	60	2	47.6857	0.0483367	0.0571057
NEWTS	5	30	2	22.7657	0.0818493	0.104263
NGAIOS	6	12	0	7.7174	0.0393462	0.052988
NGANA	5	20	0	12.3417	0.0318801	0.0404064
NGANAS	6	11	0	6.09048	0.0420824	0.0640268
NIB	3	138	13	108.854	0.0999658	0.125146
NIBS	4	50	4	39.0452	0.0936673	0.11666
NICADS	6	11	0	5.6806	0.0420824	0.0675734
NICE	4	136	51	105.389	0.370295	0.479472
NICER	5	77	23	51.9468	0.294549	0.437392
NICEST	6	35	16	21.3966	0.432652	0.713805
NICHE	5	31	6	20.4415	0.194944	0.293651
NICHER	6	19	3	12.4254	0.161088	0.247449
NICHERS	7	10	1	5.99675	0.113263	0.201154
NICHES	6	15	4	10.5818	0.250553	0.365831
NICHTS	6	10	0	5.5471	0.0452275	0.0688149
NICK	4	19	9	14.2304	0.425985	0.579618
NICOLS	6	17	0	9.52884	0.029693	0.0444544
NID	3	488	116	383.841	0.238181	0.302699
NIDATE	6	47	5	29.2536	0.111257	0.177577
NIDATES	7	23	2	8.22241	0.0954076	0.257325
NIDE	4	291	51	212.595	0.176249	0.240854
NIDED	5	29	2	20.6145	0.0843565	0.114199
NIDES	5	151	23	107.145	0.153602	0.216105
NIDI	4	77	2	56.092	0.0382892	0.0489575
NIDS	4	208	50	157.625	0.240298	0.31714
NIE	3	885	239	691.614	0.270172	0.345688
NIECE	5	24	0	15.8321	0.0272673	0.0324789
NIED	4	319	34	233.073	0.108503	0.14788
NIEF	4	86	0	64.6647	0.0124628	0.0131035
NIEFS	5	26	0	17.9239	0.0254277	0.0290619
NIELLI	6	20	0	10.9961	0.0258829	0.0393246
NIELLO	6	17	0	10.7475	0.029693	0.0401087
NIENTE	6	21	0	13.3046	0.0248213	0.033282
NIES	4	543	164	403.159	0.301454	0.406137
NIEVE	5	13	0	8.03515	0.0452874	0.0578183
NIFE	4	77	1	57.7488	0.0260617	0.031109
NIFES	5	35	1	24.6466	0.0453826	0.059305
NIFF	4	12	2	9.31226	0.186577	0.237685
NIGH	4	66	4	48.2753	0.0724946	0.0955872
NIGHS	5	21	0	14.0933	0.0305865	0.0359972
NIGHT	5	21	3	13.7183	0.152316	0.228222
NIHIL	5	14	0	10.0598	0.0427208	0.0480783
NIL	3	527	115	403.551	0.218807	0.285541
NILL	4	81	36	60.0861	0.43285	0.586313
NILLED	6	20	6	14.1128	0.282513	0.410568
NILLS	5	30	9	20.8589	0.289906	0.419757
NILS	4	209	12	153.376	0.0614239	0.0824868
NIM	3	297	58	230.148	0.196638	0.253354
NIMB	4	24	1	18.6034	0.0740501	0.0879449
NIMS	4	107	16	79.5926	0.153255	0.204868
NINE	4	203	78	149.771	0.380836	0.516956
NINER	5	108	42	67.4022	0.382945	0.61386
NINERS	6	54	20	35.1974	0.3591	0.555309
NINES	5	130	47	89.2097	0.357319	0.521868
NINTH	5	27	0	17.3516	0.0245979	0.0299231
NIP	3	224	34	173.244	0.154347	0.198809
NIPA	4	89	0	64.692	0.0120642	0.0130982
NIPAS	5	43	0	27.2699	0.0161604	0.0197691
NIPS	4	105	18	78.6938	0.174265	0.231662
NIPTER	6	16	0	8.97027	0.0312252	0.0467774
NIPTERS	7	11	0	4.45615	0.036264	0.087392
NIRL	4	138	0	99.2997	0.00792403	0.00865943
NIRLIE	6	17	0	10.0698	0.029693	0.0424145
NIRLIT	6	14	0	7.63795	0.0348184	0.053438
NIRLS	5	47	0	31.5444	0.014884	0.0172469
NIS	3	840	149	649.793	0.177949	0.229868
NISEI	5	129	0	90.5553	0.00568283	0.0062458
NISH	4	174	10	135.408	0.062262	0.0787402
NISHES	6	27	1	16.0502	0.0528356	0.0844168
NISI	4	132	3	98.8291	0.0302041	0.038212
NISSE	5	80	0	52.7537	0.00901189	0.0105611
NIT	3	833	363	650.344	0.43509	0.557497
NITE	4	488	239	358.792	0.487296	0.66337
NITER	5	283	142	189.128	0.498016	0.746142
NITERIES	8	12	0	4.52166	0.0339181	0.0864584
NITERS	6	131	72	90.8121	0.540297	0.78352
NITES	5	286	126	200.989	0.437618	0.623696
NITHER	6	50	5	30.1168	0.105005	0.172762
NITHERS	7	16	1	9.23273	0.0783378	0.14112
NITON	5	64	0	41.5229	0.0111435	0.013289
NITONS	6	29	0	15.4493	0.0186888	0.0291244
NITRATE	7	27	2	14.189	0.0828779	0.160145
NITRATES	8	14	0	7.221	0.0300325	0.0600312
NITRE	5	248	90	163.629	0.360643	0.54701
NITRES	6	137	58	90.4787	0.417475	0.634506
NITRIC	6	14	0	7.5704	0.0348184	0.0538266
NITRID	6	17	0	9.32616	0.029693	0.0452702
NITRIDE	7	13	0	3.41046	0.0318572	0.105595
NITRIL	6	19	0	10.4616	0.0270395	0.0410503
NITRO	5	142	7	87.5157	0.0532377	0.0846927
NITROS	6	66	6	36.2177	0.0952025	0.171339
NITROSO	7	15	0	6.19541	0.0284054	0.0679189
NITRY	5	31	0	18.755	0.0217579	0.0278958
NITRYL	6	10	0	4.90315	0.0452275	0.0755067
NITS	4	446	108	329.663	0.242093	0.327485
NITTY	5	17	1	11.3342	0.0849513	0.118697
NIVAL	5	19	0	12.7722	0.033288	0.0392255
NIX	3	24	4	19.7627	0.185315	0.221926
NOB	3	141	18	107.567	0.132364	0.172059
NOBLE	5	20	1	13.8428	0.0741728	0.0998534
NOBLER	6	10	0	4.77112	0.0452275	0.0770427
NOBS	4	39	9	28.9822	0.231398	0.310779
NOCENT	6	11	0	5.03531	0.0420824	0.0740293
NOCK	4	20	12	15.1127	0.529845	0.71837
NOD	3	342	101	267.665	0.29532	0.377358
NODAL	5	53	2	34.1017	0.0486152	0.0714864
NODDER	6	12	4	7.29902	0.299425	0.499003
NODE	4	197	71	144.825	0.357469	0.486862
NODES	5	94	38	69.1761	0.396886	0.54232
NODI	4	147	7	109.062	0.0535725	0.0704685
NODOSE	6	19	0	10.015	0.0270395	0.0426126
NODS	4	144	29	110.624	0.202519	0.263422
NODUS	5	16	1	12.3753	0.0892757	0.110076
NOEL	4	175	6	134.989	0.0396667	0.0499545
NOELS	5	84	1	62.5519	0.0200103	0.0244584
NOES	4	317	23	245.876	0.0749927	0.0960372
NOG	3	199	28	152.464	0.143802	0.186746
NOGG	4	14	4	9.94183	0.273188	0.382645
NOGS	4	73	8	52.1848	0.117395	0.161511
NOH	3	330	12	259.496	0.0395198	0.0493574
NOIL	4	165	52	125.16	0.312936	0.413215
NOILIER	7	13	0	6.62387	0.0318572	0.0643846
NOILIES	7	13	1	6.92987	0.0926172	0.179175
NOILS	5	70	29	49.3254	0.404018	0.576745
NOILY	5	22	1	15.2261	0.0683882	0.0918153
NOINT	5	53	0	33.4769	0.0133075	0.0163063
NOINTED	7	10	0	2.24834	0.0389586	0.137399
NOINTER	7	14	0	5.09005	0.0300325	0.0791239
NOINTS	6	18	0	7.37334	0.0283042	0.0549931
NOIR	4	199	8	149.729	0.0448094	0.0582379
NOIRS	5	75	7	50.8954	0.0985927	0.143373
NOISE	5	154	13	108.751	0.0872455	0.122644
NOISED	6	52	5	31.307	0.101212	0.166536
NOISES	6	39	6	22.3206	0.155855	0.270388
NOISIER	7	18	0	7.98835	0.0244341	0.0552319
NOISY	5	23	0	16.4544	0.0282907	0.0313813
NOLE	4	186	61	140.668	0.325665	0.431278
NOLES	5	101	39	74.1036	0.379893	0.520335
NOLL	4	42	18	32.9908	0.408935	0.527295
NOLLS	5	20	9	15.3845	0.412515	0.552254
NOLO	4	70	6	53.4351	0.0953609	0.122371
NOLOS	5	36	4	24.3317	0.11991	0.174126
NOM	3	239	56	187.828	0.23533	0.299193
NOMA	4	109	8	80.029	0.0802526	0.107232
NOMAD	5	25	1	16.9275	0.0612258	0.0835441
NOMADE	6	16	0	8.27824	0.0312252	0.0500154
NOMAS	5	48	3	32.3131	0.072685	0.104396
NOME	4	99	30	72.937	0.299965	0.407661
NOMENS	6	17	0	9.7135	0.029693	0.0437364
NOMES	5	56	18	39.4883	0.314425	0.448231
NOMINA	6	15	0	6.86574	0.032924	0.0582448
NOMOI	5	11	0	7.0785	0.0514722	0.0639388
NOMOS	5	12	0	8.65979	0.0481822	0.0544171
NOMS	4	98	10	73.6899	0.1083	0.142255
NON	3	168	54	133.507	0.320807	0.404026
NONA	4	115	0	87.1186	0.00944554	0.00983221
NONAS	5	49	0	32.0981	0.0143186	0.0169665
NONCE	5	22	0	15.6582	0.0293938	0.0327995
NONCES	6	10	0	5.86817	0.0452275	0.0659029
NONE	4	126	30	94.9703	0.238038	0.315813
NONES	5	72	12	51.2535	0.168601	0.236371
NONET	5	62	1	41.732	0.0267165	0.0361135
NONETS	6	34	0	22.3317	0.0161889	0.0207901
NONG	4	48	1	35.3481	0.0403804	0.0493654
NONGS	5	19	0	13.6991	0.033288	0.0369033
NONI	4	114	1	84.6745	0.0179437	0.0215358
NONIS	5	56	0	37.6936	0.0126381	0.0145723
NOO	3	223	108	176.558	0.480912	0.608525
NOOB	4	24	1	18.7393	0.0740501	0.0873904
NOOBS	5	11	0	7.70796	0.0514722	0.0597753
NOOK	4	12	6	9.52755	0.424907	0.55742
NOON	4	40	19	31.3013	0.449528	0.582705
NOONED	6	12	2	7.36204	0.169386	0.275301
NOONER	6	17	4	9.656	0.225964	0.395606
NOONS	5	24	9	18.0222	0.352827	0.47935
NOOP	4	31	8	24.4903	0.255185	0.325277
NOOPS	5	11	2	7.85821	0.18804	0.262592
NOOSE	5	69	23	49.6765	0.326986	0.456623
NOOSED	6	13	6	7.70361	0.403246	0.689832
NOOSER	6	32	7	17.5709	0.214956	0.388805
NOOSES	6	23	8	12.2658	0.3262	0.607803
NOPAL	5	15	0	10.0211	0.0404295	0.0482336
NOPE	4	72	21	55.4969	0.288231	0.375247
NOR	3	600	169	462.882	0.281758	0.36518
NORI	4	243	11	180.524	0.0489598	0.064819
NORIA	5	104	0	66.0929	0.00700264	0.00849097
NORIAS	6	48	0	27.1544	0.0117778	0.0173176
NORIS	5	121	2	77.5643	0.0220932	0.0324161
NORITE	6	53	2	26.965	0.0462069	0.0871571
NORITES	7	32	1	8.9443	0.042989	0.144977
NORK	4	38	6	27.8251	0.166686	0.224626
NORKS	5	12	2	8.04458	0.176021	0.2577
NORM	4	107	7	78.8074	0.0727426	0.0965859
NORMA	5	43	2	29.9683	0.0590377	0.0807413
NORMAN	6	15	0	7.83276	0.032924	0.0523481
NORMAS	6	14	0	6.68765	0.0348184	0.0594787
NORMED	6	14	0	9.78032	0.0348184	0.0434823
NORMS	5	34	1	24.304	0.0465881	0.0600787
NORSEL	6	47	0	28.3125	0.0120116	0.0166497
NORTENA	7	15	0	6.2941	0.0284054	0.0670708
NORTH	5	77	0	51.5174	0.00934713	0.0108053
NORTHS	6	29	0	16.7569	0.0186888	0.0270632
NOS	3	618	221	484.302	0.357196	0.455941
NOSE	4	371	145	287.751	0.388871	0.502056
NOSED	5	107	38	78.7277	0.350254	0.478121
NOSER	5	198	71	143.03	0.355843	0.493677
NOSERS	6	50	17	33.1392	0.329808	0.502034
NOSES	5	107	42	79.0296	0.386406	0.525729
NOSEY	5	31	4	21.0914	0.137216	0.198604
NOSH	4	147	23	115.006	0.158986	0.202703
NOSHED	6	18	0	9.94905	0.0283042	0.0428535
NOSHER	6	24	2	13.1523	0.0951478	0.16811
NOSHES	6	20	3	8.40618	0.154198	0.345674
NOSIER	6	67	16	36.4848	0.235936	0.431894
NOSIES	6	39	11	23.2729	0.273836	0.460149
NOSIEST	7	20	4	9.02875	0.192867	0.425813
NOSING	6	23	7	13.9223	0.288293	0.479502
NOSODE	6	10	0	6.77835	0.0452275	0.0588438
NOSTOC	6	12	0	7.28333	0.0393462	0.055543
NOSTOI	6	15	0	8.69697	0.032924	0.0480048
NOSY	4	50	2	38.2749	0.0571599	0.070182
NOT	3	589	260	463.602	0.440421	0.559875
NOTA	4	282	27	208.872	0.0980929	0.13172
NOTAL	5	81	3	51.4807	0.0443477	0.0669511
NOTARIES	8	17	1	6.07614	0.0745086	0.199076
NOTARISE	8	16	1	5.92509	0.0783378	0.203067
NOTARY	6	15	0	9.63029	0.032924	0.044057
NOTATE	6	39	8	22.417	0.203048	0.352172
NOTATED	7	11	0	4.10798	0.036264	0.0927135
NOTATES	7	20	5	10.8491	0.235496	0.443863
NOTCH	5	29	9	21.4938	0.298786	0.408393
NOTE	4	330	162	250.468	0.487274	0.643072
NOTED	5	112	48	79.5076	0.421583	0.596294
NOTER	5	188	94	128.921	0.494424	0.722634
NOTERS	6	83	46	59.2132	0.539537	0.763143
NOTES	5	181	90	134.672	0.491505	0.662939
NOTHER	6	27	4	16.5476	0.151585	0.246352
NOTICE	6	29	0	12.5273	0.0186888	0.0350979
NOTICED	7	12	0	5.22115	0.0339181	0.0776054
NOTICES	7	13	0	4.84789	0.0318572	0.0820909
NOTING	6	13	5	6.48205	0.342196	0.670648
NOTT	4	97	25	74.1891	0.256735	0.336108
NOTUM	5	11	0	7.19359	0.0514722	0.0631348
NOUL	4	58	7	45.8837	0.129515	0.161874
NOULD	5	18	0	11.8068	0.0348259	0.0419764
NOULDE	6	11	0	6.02235	0.0420824	0.0645904
NOULE	5	23	3	15.8974	0.140883	0.200371
NOULES	6	11	2	6.3348	0.181165	0.310414
NOULS	5	26	3	18.2953	0.126626	0.176648
NOUN	4	36	11	27.8638	0.297459	0.387281
NOUNS	5	21	6	15.1669	0.274046	0.384095
NOUP	4	30	3	22.1946	0.118775	0.155265
NOUPS	5	11	1	7.59488	0.119756	0.165156
NOUS	4	106	15	83.9524	0.145612	0.183051
NOUSES	6	15	0	8.54046	0.032924	0.0487371
NOUSLE	6	16	0	7.89099	0.0312252	0.0520309
NOUT	4	94	28	73.4829	0.294902	0.378534
NOVA	4	21	0	15.2819	0.0438816	0.0488448
NOVAE	5	13	0	8.87416	0.0452874	0.0533402
NOW	3	117	27	92.7645	0.232936	0.293336
NOWED	5	15	2	10.9104	0.147698	0.200313
NOWL	4	22	1	16.0905	0.0795796	0.0996293
NOWN	4	25	0	19.4706	0.0379882	0.0396674
NOWS	4	43	10	33.0592	0.232955	0.303337
NOWT	4	35	3	27.3954	0.103848	0.128542
NOWTS	5	19	1	14.014	0.0774483	0.0987827
NOWY	4	10	0	7.79038	0.0765327	0.0833231
NOY	3	117	16	89.3635	0.142083	0.184389
NOYED	5	20	2	13.7367	0.116466	0.164242
NOYES	5	31	0	22.1028	0.0217579	0.0240145
NOYS	4	35	7	26.1179	0.204392	0.27243
NTH	3	306	0	248.37	0.00387823	0.00370308
NUB	3	49	2	39.3089	0.060341	0.0701416
NUBS	4	17	0	13.147	0.0519394	0.0553748
NUDE	4	85	12	65.1949	0.146257	0.189426
NUDER	5	46	7	33.1243	0.156186	0.215998
NUDES	5	54	8	38.4983	0.151858	0.212024
NUDEST	6	28	2	17.2658	0.0830193	0.131685
NUDIE	5	27	2	18.5556	0.089862	0.12566
NUDIES	6	15	0	9.84107	0.032924	0.0432537
NUDIST	6	13	0	7.09557	0.0369441	0.0567261
NUG	3	79	12	61.6054	0.158925	0.201849
NUGAE	5	15	0	11.2205	0.0404295	0.0438438
NUGS	4	31	8	24.4057	0.255185	0.326287
NULL	4	14	6	10.4291	0.379664	0.519498
NUMB	4	18	1	14.5378	0.0935511	0.10854
NUN	3	55	9	43.0752	0.172708	0.218111
NUNS	4	32	4	24.5334	0.139503	0.178545
NUR	3	225	32	175.005	0.144942	0.185565
NURD	4	51	3	37.543	0.0740617	0.096228
NURDLE	6	10	0	6.3344	0.0452275	0.0620876
NURDS	5	18	0	12.6234	0.0348259	0.0396258
NURL	4	51	1	39.4873	0.0382088	0.044536
NURLS	5	24	0	17.1267	0.0272673	0.0302759
NURR	4	27	1	21.7531	0.0670606	0.0766734
NURRS	5	11	1	8.23098	0.119756	0.154846
NURS	4	109	9	85.3609	0.0890412	0.112088
NURSE	5	77	5	56.6795	0.0713475	0.0951228
NURSED	6	27	0	15.8881	0.0199191	0.0283986
NURSER	6	25	1	13.3436	0.056559	0.0995858
NURSES	6	15	0	8.81195	0.032924	0.0474807
NURSLE	6	14	1	7.78866	0.092356	0.157769
NUS	3	248	31	193.099	0.12775	0.163281
NUT	3	247	56	195.459	0.227831	0.287657
NUTATE	6	16	0	9.07202	0.0312252	0.0463363
NUTLET	6	10	0	5.49674	0.0452275	0.0692952
NUTRIA	6	17	0	10.2192	0.029693	0.0418838
NUTS	4	119	17	92.6843	0.146477	0.187256
NUTSIER	7	12	0	3.80303	0.0339181	0.0979365
NUTTER	6	17	9	12.408	0.471304	0.672471
NYAS	4	41	0	31.6332	0.0247124	0.0256652
NYE	3	114	8	86.6579	0.0779387	0.100206
NYED	4	39	1	28.6596	0.0486809	0.0598533
NYES	4	60	6	46.2032	0.110081	0.140422
NYS	3	114	2	87.9033	0.0271231	0.0324162
OAF	3	123	2	94.3265	0.0252021	0.0302646
OAFS	4	36	1	28.4767	0.0522618	0.060203
OAK	3	57	13	43.6267	0.232546	0.302319
OAKER	5	13	4	9.77113	0.285604	0.390275
OAKS	4	21	3	15.9932	0.160235	0.206437
OAR	3	588	167	449.714	0.28409	0.371392
OARED	5	150	39	104.296	0.258738	0.372482
OARIER	6	24	0	15.1247	0.0221016	0.0296857
OARIEST	7	40	3	16.8016	0.0810966	0.191734
OARING	6	23	7	13.9012	0.288293	0.480148
OARS	4	266	80	201.364	0.299617	0.396129
OARY	4	68	6	53.359	0.0979813	0.122537
OASES	5	78	0	61.5591	0.00923265	0.00909704
OASIS	5	46	0	31.2616	0.0151838	0.0173937
OAST	4	284	64	218.441	0.225537	0.293244
OASTS	5	52	6	38.0146	0.121374	0.164556
OAT	3	603	253	463.94	0.418734	0.54446
OATEN	5	165	22	113.151	0.134921	0.196142
OATER	5	205	79	142.819	0.382247	0.549654
OATERS	6	106	40	75.9035	0.37123	0.521756
OATH	4	155	15	118.584	0.100958	0.130835
OATHS	5	58	4	39.7952	0.077116	0.109638
OATIER	6	76	19	46.9258	0.246979	0.400865
OATIEST	7	25	4	9.28654	0.158981	0.415739
OATS	4	334	134	254.24	0.398873	0.524714
OATY	4	61	1	47.1855	0.0324005	0.0376802
OAVES	5	13	0	9.38573	0.0452874	0.0509349
OBA	3	161	5	122.561	0.0375743	0.0474277
OBANG	5	13	0	7.92627	0.0452874	0.0584552
OBAS	4	72	1	54.8692	0.0277588	0.0326618
OBE	3	151	3	119.724	0.0271002	0.0321583
OBEAH	5	13	0	11.1857	0.0452874	0.0439598
OBELI	5	28	0	20.788	0.0238206	0.0254026
OBES	4	78	1	60.5269	0.0257469	0.0297448
OBESER	6	17	0	9.59146	0.029693	0.0442083
OBEY	4	11	0	7.89656	0.0716838	0.0824977
OBI	3	123	1	96.347	0.0173327	0.0195235
OBIED	5	18	0	11.8193	0.0348259	0.0419383
OBIS	4	58	1	44.6791	0.0339487	0.0396683
OBIT	4	47	0	35.7591	0.0218491	0.0229207
OBITAL	6	12	0	6.87543	0.0393462	0.0581791
OBITER	6	14	0	9.84145	0.0348184	0.0432523
OBITS	5	24	0	16.8331	0.0272673	0.0307488
OBLAST	6	14	0	8.94143	0.0348184	0.046904
OBLATE	6	14	3	8.4934	0.207431	0.342722
OBO	3	39	1	30.6165	0.0511338	0.058337
OBOE	4	20	1	16.0221	0.0860016	0.0999912
OBOES	5	11	1	8.72879	0.119756	0.147634
OBOL	4	14	0	10.5672	0.0602348	0.0660437
OBOLE	5	11	0	7.7129	0.0514722	0.0597448
OBOS	4	28	0	22.4662	0.0345119	0.0349687
OBS	3	100	1	77.3465	0.0211632	0.0241725
OCA	3	296	3	226.891	0.014005	0.0171311
OCAS	4	129	0	94.1311	0.0084571	0.00912106
OCEAN	5	48	0	32.3264	0.0145958	0.0168535
OCH	3	181	14	144.151	0.082143	0.101835
OCHE	4	66	1	51.9336	0.0301118	0.0344128
OCHER	5	36	0	26.9386	0.0190138	0.0199958
OCHERS	6	24	0	15.9197	0.0221016	0.0283477
OCHES	5	40	1	30.1433	0.0401835	0.0491504
OCHRE	5	38	0	26.3467	0.0181007	0.020414
OCHREA	6	15	0	7.33497	0.032924	0.0552262
OCHRED	6	11	0	7.07671	0.0420824	0.0568477
OCHRES	6	21	0	12.5649	0.0248213	0.0350056
OCKER	5	15	0	9.98203	0.0404295	0.0483913
OCREA	5	66	0	44.749	0.0108235	0.0123711
OCREAE	6	15	0	8.9532	0.032924	0.0468522
OCTA	4	111	2	87.0279	0.0270455	0.0321013
OCTAD	5	21	0	14.2629	0.0305865	0.0356207
OCTAL	5	35	0	23.5557	0.0195058	0.022647
OCTALS	6	13	0	4.84089	0.0369441	0.0762233
OCTAN	5	51	1	34.5153	0.0320945	0.0432589
OCTANE	6	31	0	15.5594	0.0176016	0.0289388
OCTANES	7	16	0	5.05551	0.0269456	0.0795339
OCTANS	6	22	0	10.8219	0.0238433	0.0398709
OCTAS	5	43	1	30.3458	0.037599	0.0488423
OCTET	5	24	0	18.8611	0.0272673	0.0277537
OCTETS	6	14	0	10.1281	0.0348184	0.0422056
OCTROI	6	16	0	7.73057	0.0312252	0.0529142
ODA	3	341	11	262.155	0.0353621	0.0450822
ODAH	4	87	0	67.2669	0.0123271	0.012617
ODAL	4	123	3	92.2608	0.0323314	0.0408516
ODALS	5	36	1	25.5483	0.0442378	0.057361
ODAS	4	123	6	92.0028	0.0558086	0.0725998
ODD	3	69	4	57.7487	0.0711955	0.0818802
ODDER	5	33	1	22.8733	0.0478595	0.0635402
ODDS	4	29	1	23.0692	0.0630906	0.0727762
ODE	3	486	110	374.72	0.22691	0.294111
ODEA	4	214	1	153.904	0.00974214	0.012023
ODES	4	249	82	185.4	0.327568	0.440353
ODEUM	5	19	0	14.6026	0.033288	0.0348902
ODIC	4	71	0	55.2714	0.0149296	0.0152222
ODISTS	6	14	0	9.28428	0.0348184	0.0454425
ODOR	4	52	1	41.2157	0.0375359	0.0427881
ODORS	5	29	0	22.4721	0.0230909	0.0236515
ODS	3	355	5	278.182	0.0172737	0.0211269
ODYL	4	19	0	14.0626	0.0475717	0.0523719
ODYLE	5	11	0	8.21337	0.0514722	0.0568053
OEDEMA	6	10	0	7.38573	0.0452275	0.0549183
OES	3	789	12	617.293	0.0166473	0.0208617
OESTRIN	7	24	0	8.80203	0.0190949	0.0509157
OFF	3	30	1	22.2176	0.0646398	0.0782025
OFFA	4	11	0	8.47223	0.0716838	0.0782931
OFFS	4	12	0	9.59199	0.0674127	0.0712314
OFT	3	116	34	93.6309	0.293174	0.363549
OFTEN	5	23	5	17.2719	0.215945	0.290051
OFTER	5	41	12	31.574	0.285673	0.375092
OFTEST	6	11	0	7.35646	0.0420824	0.0550954
OGAMS	5	18	0	12.0342	0.0348259	0.0412942
OGEE	4	33	0	22.7223	0.0299448	0.0346181
OGEED	5	15	0	9.88587	0.0404295	0.0487841
OGEES	5	22	0	15.3997	0.0293938	0.0332879
OGLE	4	52	0	37.1525	0.0199252	0.0221217
OGLED	5	18	0	10.3348	0.0348259	0.0470028
OGLER	5	21	0	12.2663	0.0305865	0.0406205
OGLES	5	27	0	17.7885	0.0245979	0.0292611
OGRE	4	100	2	74.3636	0.0298847	0.0373683
OGRES	5	58	2	40.0529	0.0446721	0.06136
OHIA	4	106	0	82.2919	0.0102129	0.0103898
OHING	5	40	0	23.6718	0.0172712	0.0225444
OHM	3	108	0	84.2017	0.0107299	0.0107192
OHMS	4	41	0	31.6285	0.0247124	0.0256688
OHO	3	103	2	81.1743	0.0299096	0.0350247
OHS	3	342	5	267.905	0.0179226	0.02193
OIK	3	64	1	50.2171	0.0323551	0.0366248
OIKS	4	19	0	13.3007	0.0475717	0.054847
OIL	3	383	171	298.756	0.444883	0.570808
OILCAN	6	12	0	4.98047	0.0393462	0.0746353
OILED	5	78	26	53.0726	0.327686	0.482959
OILER	5	108	47	71.5584	0.42773	0.647167
OILERS	6	47	21	31.3682	0.428844	0.649798
OILIER	6	28	7	17.8137	0.242357	0.383972
OILING	6	15	8	10.9068	0.468181	0.673227
OILLET	6	17	0	11.0781	0.029693	0.0390725
OILLETS	7	11	0	6.76661	0.036264	0.0632875
OILMAN	6	12	0	6.27655	0.0393462	0.0625368
OILMEN	6	13	0	5.87259	0.0369441	0.0658645
OILS	4	159	77	119.54	0.477041	0.636503
OILY	4	46	5	35.3554	0.120736	0.154128
OINK	4	34	0	25.9405	0.0291727	0.0307448
OINKS	5	15	0	11.1581	0.0404295	0.0440524
OINT	4	253	4	191.08	0.0199059	0.0251895
OINTED	6	41	0	28.0115	0.0136355	0.0168183
OINTS	5	118	2	81.0832	0.022638	0.0310425
OIS	3	576	5	447.834	0.0106927	0.0131669
OKA	3	57	2	43.6285	0.052437	0.0635658
OKAS	4	28	2	22.2987	0.0955182	0.114815
OKE	3	79	16	58.864	0.207075	0.276116
OKEH	4	16	0	12.7572	0.0544384	0.0567603
OKES	4	40	11	30.0427	0.27089	0.361605
OKRA	4	20	0	14.8017	0.0456522	0.0501758
OKTA	4	13	0	9.99886	0.063622	0.068971
OLD	3	197	42	152.315	0.214859	0.277387
OLDE	4	116	22	89.9739	0.191511	0.246607
OLDEN	5	48	4	33.4133	0.092048	0.12942
OLDENS	6	15	2	9.73347	0.141738	0.218295
OLDER	5	65	17	43.7873	0.258633	0.384249
OLDEST	6	23	0	13.7247	0.0229395	0.0323768
OLDIE	5	42	6	30.114	0.147964	0.205092
OLDIES	6	23	3	12.8304	0.136662	0.240561
OLDISH	6	12	0	5.01118	0.0393462	0.0742946
OLDS	4	72	14	55.2551	0.197066	0.256282
OLDSTER	7	10	0	5.25441	0.0389586	0.0772294
OLDY	4	16	2	12.1251	0.150669	0.192958
OLE	3	489	104	378.819	0.213361	0.275212
OLEA	4	216	2	159.281	0.0141832	0.0177931
OLEARIA	7	11	0	3.57114	0.036264	0.10232
OLEATE	6	47	0	28.9987	0.0120116	0.0162778
OLEATES	7	22	0	7.64739	0.020595	0.0572662
OLEIN	5	70	0	45.5394	0.0102356	0.0121652
OLEINES	7	10	0	4.29179	0.0389586	0.0898258
OLEINS	6	28	0	15.0495	0.0192843	0.0298188
OLENT	5	80	0	53.9128	0.00901189	0.010342
OLES	4	278	78	213.148	0.27983	0.365255
OLEUM	5	14	0	8.93264	0.0427208	0.0530538
OLID	4	108	1	80.2848	0.0188983	0.0226733
OLIO	4	69	0	52.4232	0.0153343	0.016007
OLIOS	5	38	0	24.5512	0.0181007	0.0217966
OLIVE	5	18	0	12.0755	0.0348259	0.0411727
OLLA	4	77	3	56.6684	0.0505166	0.0652924
OLLAS	5	36	1	24.3395	0.0442378	0.0599976
OLLER	5	43	1	27.5044	0.037599	0.0535527
OLLERS	6	15	0	11.6013	0.032924	0.037538
OLLIE	5	36	2	22.4231	0.0694619	0.105728
OLLIED	6	16	1	12.2471	0.0828249	0.107404
OLLIES	6	18	1	11.5146	0.075077	0.113349
OLM	3	125	0	97.4295	0.00931665	0.00929949
OLMS	4	41	0	32.5969	0.0247124	0.024967
OLPE	4	42	0	32.0678	0.0241842	0.0253456
OLPES	5	16	0	11.6164	0.0383715	0.0425652
OMA	3	263	15	201.151	0.0606668	0.0782367
OMAS	4	121	4	90.6213	0.0407957	0.05227
OMBER	5	10	0	6.80408	0.0552445	0.0659412
OMBRE	5	10	0	7.27409	0.0552445	0.0625843
OMEGA	5	19	0	12.2948	0.033288	0.0405393
OMEGAS	6	10	0	3.92981	0.0452275	0.0885171
OMEN	4	129	7	97.1297	0.0607804	0.0788807
OMENS	5	60	3	43.9141	0.0589805	0.0779945
OMENTA	6	32	1	15.9613	0.0453687	0.084841
OMENTAL	7	12	0	1.60863	0.0339181	0.164706
OMER	4	154	0	112.758	0.00712555	0.00765109
OMERS	5	64	0	45.6496	0.0111435	0.012137
OMERTAS	7	16	0	5.42814	0.0269456	0.0753231
OMIT	4	118	3	88.4849	0.033648	0.042541
OMITS	5	68	1	46.6577	0.0244791	0.0324546
OMLAH	5	16	0	12.1596	0.0383715	0.0409274
OMS	3	235	4	183.906	0.0217612	0.0264487
ONAGERS	7	14	0	8.46538	0.0300325	0.0526169
ONAGRI	6	16	0	8.26276	0.0312252	0.050093
ONANIST	7	14	0	3.53912	0.0300325	0.102956
ONCE	4	104	1	81.7777	0.0195932	0.0222732
ONCER	5	48	0	34.2819	0.0145958	0.0159441
ONCERS	6	22	0	14.205	0.0238433	0.0314002
ONCES	5	58	1	43.3701	0.0284501	0.0348085
ONCET	5	44	0	30.9023	0.0158212	0.0175839
ONCOST	6	12	0	5.78782	0.0393462	0.0666083
ONCUS	5	12	0	8.295	0.0481822	0.0563531
ONE	3	738	102	571.676	0.139073	0.17928
ONER	4	416	45	305.656	0.109632	0.148744
ONERIER	7	14	0	3.05624	0.0300325	0.11361
ONERIEST	8	13	0	5.2472	0.0318572	0.0773106
ONERS	5	179	22	129.373	0.12458	0.171915
ONERY	5	40	0	29.8229	0.0172712	0.0181811
ONES	4	431	66	324.88	0.154048	0.204101
ONESIE	6	51	0	26.1702	0.011128	0.0179287
ONESIES	7	15	0	6.33247	0.0284054	0.0667469
ONIE	4	330	2	243.876	0.00935357	0.0116917
ONION	5	31	2	20.9201	0.0794867	0.112673
ONIONS	6	16	1	7.97989	0.0828249	0.154659
ONIRIC	6	13	0	8.55767	0.0369441	0.0486555
ONLAY	5	17	0	9.96728	0.0365128	0.0484511
ONLIEST	7	14	0	6.25088	0.0300325	0.0674396
ONLINE	6	13	0	8.25813	0.0369441	0.0501163
ONLY	4	32	1	24.724	0.057945	0.0684044
ONNED	5	32	0	21.8591	0.0211475	0.0242603
ONO	3	185	13	147.767	0.0751163	0.0927265
ONOS	4	118	9	90.9895	0.0825145	0.105363
ONS	3	626	16	488.401	0.0273024	0.0344889
ONSET	5	187	1	139.708	0.00919929	0.0111375
ONSETS	6	62	0	36.4326	0.00925577	0.013106
ONSIDE	6	49	0	26.4955	0.0115529	0.0177219
ONSIDES	7	14	0	3.99995	0.0300325	0.0944988
ONST	4	297	1	231.101	0.00706275	0.00805528
ONSTAGE	7	12	0	2.61903	0.0339181	0.125355
ONSTEAD	7	22	0	6.41282	0.020595	0.0660783
ONTIC	5	50	0	33.7986	0.0140516	0.0161596
ONTO	4	130	0	99.849	0.00839435	0.0086131
ONUS	4	99	6	77.0885	0.0687144	0.0861495
ONUSES	6	14	1	7.58077	0.092356	0.161296
ONY	3	121	0	93.9073	0.00961461	0.00963943
OOF	3	58	1	46.0233	0.0354825	0.0397938
OOFS	4	21	0	16.5916	0.0438816	0.0455498
OOH	3	147	0	115.107	0.00795993	0.00790106
OOHED	5	15	0	11.587	0.0404295	0.0426576
OOHS	4	60	0	48.438	0.0174646	0.0172514
OOLITE	6	12	0	7.01869	0.0393462	0.0572252
OOM	3	108	1	84.0323	0.0196525	0.0223037
OOMS	4	41	1	33.0247	0.0465543	0.0525649
OON	3	223	7	176.558	0.0361228	0.0442938
OONS	4	114	0	91.0008	0.00952506	0.00942537
OONT	4	102	0	78.9485	0.0105955	0.0108146
OOP	3	86	1	64.8262	0.0244525	0.0286713
OOPED	5	12	0	8.97177	0.0481822	0.0528639
OOPS	4	42	0	32.3588	0.0241842	0.0251359
OOR	3	255	3	198.364	0.0162214	0.0195647
OORALI	6	12	0	6.01591	0.0393462	0.0646441
OORIAL	6	16	0	7.93967	0.0312252	0.0517686
OORIE	5	53	0	37.1124	0.0133075	0.0147891
OORIER	6	17	0	10.3557	0.029693	0.0414104
OORIEST	7	21	0	8.46301	0.0214371	0.0526293
OOS	3	265	6	208.481	0.0267679	0.0328492
OOSE	4	165	2	132.328	0.0184436	0.0213416
OOSES	5	44	1	33.7089	0.0368099	0.044237
OOSIEST	7	16	0	7.83127	0.0269456	0.0561508
OOT	3	242	6	190.842	0.0292698	0.035847
OOTS	4	135	1	107.069	0.015248	0.0171471
OPA	3	188	15	142.74	0.0843557	0.109713
OPAL	4	53	4	39.4635	0.0888043	0.115506
OPALS	5	23	2	15.9796	0.103352	0.143705
OPAS	4	104	6	76.8773	0.0655561	0.0863779
OPE	3	213	26	165.478	0.125315	0.160362
OPED	4	63	1	48.3838	0.0314445	0.0367984
OPEN	4	74	0	57.6777	0.0143611	0.0146168
OPENER	6	12	0	7.26992	0.0393462	0.0556259
OPENS	5	36	0	28.0933	0.0190138	0.0192275
OPERA	5	60	2	44.0742	0.0432683	0.0559997
OPERANT	7	10	0	3.73827	0.0389586	0.0991224
OPERAS	6	34	2	21.0036	0.0696936	0.110023
OPERATE	7	11	0	4.14341	0.036264	0.0921425
OPES	4	120	14	93.3857	0.121261	0.154709
OPIATES	7	11	0	4.44671	0.036264	0.0875283
OPINE	5	38	2	23.869	0.0661259	0.0998087
OPINES	6	23	1	12.3285	0.0608471	0.106782
OPING	5	23	0	12.2462	0.0282907	0.040678
OPS	3	197	1	150.598	0.0109539	0.0126028
OPSIN	5	40	0	27.1216	0.0172712	0.01987
OPT	3	164	26	126.784	0.161849	0.208378
OPTED	5	28	3	20.665	0.118623	0.158145
OPTER	5	50	7	35.7141	0.14454	0.201149
OPTERS	6	19	3	14.5114	0.161088	0.215645
OPTIC	5	11	0	8.45458	0.0514722	0.0554895
OPTS	4	91	15	69.7898	0.168415	0.218754
OPUS	4	36	0	27.943	0.0277421	0.0287437
ORA	3	711	151	543.344	0.212849	0.278365
ORACHES	7	15	0	5.75906	0.0284054	0.0719406
ORACIES	7	16	0	4.59497	0.0269456	0.0854369
ORACLE	6	13	0	5.80461	0.0369441	0.0664597
ORACY	5	18	0	12.4836	0.0348259	0.0400094
ORAD	4	164	0	121.332	0.00670338	0.00712273
ORAL	4	230	60	167.997	0.260374	0.356425
ORALIST	7	15	0	4.85373	0.0284054	0.0820167
ORALS	5	97	27	67.793	0.27576	0.395372
ORANG	5	54	0	31.6585	0.0130766	0.0171884
ORANGE	6	20	0	11.7945	0.0258829	0.0370012
ORANGES	7	14	0	7.26368	0.0300325	0.0597424
ORANGS	6	21	0	11.8824	0.0248213	0.0367621
ORANT	5	125	0	80.0151	0.00585952	0.00704889
ORANTS	6	57	0	33.1736	0.0100222	0.0143302
ORARIA	6	11	0	6.06993	0.0420824	0.0641958
ORATE	5	230	66	157.344	0.285706	0.417934
ORATED	6	59	13	41.2373	0.218101	0.314274
ORATES	6	131	38	83.7263	0.287284	0.450581
ORATING	7	19	2	15.2232	0.1124	0.150306
ORATION	7	11	2	6.14418	0.174594	0.326291
ORATOR	6	17	0	10.9123	0.029693	0.0395855
ORB	3	145	9	109.936	0.0684394	0.0883479
ORBED	5	20	0	13.683	0.0318801	0.0369413
ORBIT	5	17	0	10.234	0.0365128	0.0473911
ORBITA	6	11	0	5.78662	0.0420824	0.0666189
ORBS	4	42	6	29.8167	0.152435	0.21092
ORBY	4	15	0	10.3801	0.0571901	0.0669793
ORC	3	303	23	234.566	0.0788166	0.10096
ORCA	4	144	4	107.993	0.0344892	0.0440762
ORCAS	5	61	3	42.9633	0.0580681	0.0796454
ORCHAT	6	18	0	9.66979	0.0283042	0.0439043
ORCHATS	7	11	0	4.38974	0.036264	0.0883595
ORCHIS	6	11	0	5.44092	0.0420824	0.0698355
ORCIN	5	39	0	23.8896	0.0176762	0.0223545
ORCINE	6	20	0	8.58398	0.0258829	0.0485312
ORCINES	7	10	0	4.0544	0.0389586	0.0935903
ORCINS	6	17	0	7.15863	0.029693	0.0563232
ORCS	4	113	12	88.6093	0.111488	0.140917
ORD	3	379	62	290.995	0.164988	0.214451
ORDAIN	6	25	0	13.9643	0.0213229	0.031882
ORDAINS	7	13	0	4.13614	0.0318572	0.092259
ORDEAL	6	35	2	22.0291	0.0678777	0.105272
ORDEALS	7	23	2	7.39714	0.0954076	0.280902
ORDER	5	71	10	52.8026	0.144066	0.193163
ORDERS	6	26	3	18.6361	0.122708	0.171948
ORDINES	7	15	0	6.16073	0.0284054	0.068222
ORDO	4	81	2	62.8688	0.0365038	0.0439071
ORDOS	5	38	0	26.6221	0.0181007	0.0202172
ORDS	4	151	31	116.501	0.206257	0.267208
ORDURE	6	12	0	5.98067	0.0393462	0.06494
ORE	3	958	339	728.021	0.353614	0.465358
OREAD	5	111	0	74.7364	0.00657507	0.00753404
OREADES	7	15	0	6.47623	0.0284054	0.0655602
OREADS	6	35	0	22.675	0.0157671	0.0204975
OREIDES	7	15	0	5.76138	0.0284054	0.071918
ORES	4	583	258	435.32	0.440862	0.590867
ORF	3	149	2	114.584	0.0209215	0.0250259
ORFE	4	62	0	46.913	0.0169416	0.0177804
ORFES	5	28	0	21.0535	0.0238206	0.0251096
ORFS	4	43	2	32.9758	0.0655335	0.0805709
ORG	3	199	1	151.726	0.010846	0.0125107
ORGAN	5	28	0	16.9101	0.0238206	0.0306233
ORGEATS	7	12	0	5.50311	0.0339181	0.0745292
ORGIAS	6	12	0	6.26225	0.0393462	0.0626489
ORGIC	5	15	0	10.0898	0.0404295	0.0479585
ORGIES	6	15	0	6.62859	0.032924	0.0598995
ORGS	4	66	0	47.9	0.0159842	0.0174344
ORGUE	5	13	0	8.64474	0.0452874	0.0544944
ORGY	4	16	0	13.5813	0.0544384	0.0539087
ORIEL	5	102	0	66.4631	0.00713521	0.00844503
ORIENT	6	60	0	34.0045	0.00954784	0.0139969
ORIENTAL	8	12	0	3.42476	0.0339181	0.105294
ORIENTS	7	24	0	8.55186	0.0190949	0.0521692
ORIGAN	6	15	0	8.99267	0.032924	0.0466796
ORIOLE	6	13	0	7.16868	0.0369441	0.0562595
ORLE	4	179	1	137.137	0.0115975	0.0134633
ORLEANS	7	11	0	2.33236	0.036264	0.134471
ORLES	5	88	0	67.6893	0.00822521	0.00829635
ORLONS	6	10	0	6.92826	0.0452275	0.0578237
ORMER	5	46	3	34.1164	0.0756132	0.0991772
ORMERS	6	23	1	15.8315	0.0608471	0.0854683
ORNATE	6	54	1	29.2071	0.0279739	0.0485032
ORNATER	7	16	0	6.27763	0.0269456	0.0672109
ORNIS	5	100	0	64.0918	0.00727289	0.00874821
OROIDE	6	11	0	6.12647	0.0420824	0.0637331
ORPIN	5	32	0	21.1189	0.0211475	0.0250384
ORPINE	6	15	0	6.70021	0.032924	0.0593899
ORPINS	6	13	0	6.30442	0.0369441	0.0623196
ORRA	4	119	2	90.2605	0.0252976	0.0309865
ORRIS	5	46	1	30.4395	0.0353269	0.0487011
ORS	3	689	42	525.413	0.0623347	0.0813262
ORT	3	718	115	556.204	0.160929	0.207516
ORTHO	5	46	0	32.5386	0.0151838	0.0167498
ORTHOS	6	12	0	7.77292	0.0393462	0.0526781
ORTS	4	405	69	310.475	0.171143	0.223061
OSAR	4	305	0	230.386	0.00365229	0.00379198
OSCARS	6	18	0	8.7436	0.0283042	0.0477908
OSE	3	880	43	685.663	0.0499987	0.0638398
OSES	4	235	19	180.188	0.0839567	0.108651
OSETRA	6	90	0	54.21	0.00648043	0.0089402
OSIER	5	170	0	116.465	0.00434103	0.00487927
OSIERED	7	19	0	5.88422	0.0233462	0.0707391
OSIERS	6	48	0	32.6214	0.0117778	0.0145606
OSIERY	6	16	0	7.70599	0.0312252	0.0530522
OSMIATE	7	15	0	4.54582	0.0284054	0.0861191
OSMIC	5	14	0	9.92835	0.0427208	0.0486098
OSMOL	5	13	0	9.38996	0.0452874	0.0509159
OSSA	4	99	0	77.3121	0.0109017	0.0110354
OSSEIN	6	35	0	18.2096	0.0157671	0.0250904
OSSETER	7	11	0	4.2734	0.036264	0.0901067
OSTEAL	6	53	0	31.0353	0.0107333	0.0152657
OSTENT	6	39	0	24.5013	0.014279	0.0190698
OSTIOLE	7	11	0	4.58005	0.036264	0.0856429
OSTLER	6	44	0	26.0626	0.0127721	0.0179981
OTARINE	7	26	0	10.0729	0.0177985	0.0453772
OTHER	5	92	26	66.836	0.279721	0.386336
OTHERED	7	15	2	6.79828	0.136758	0.300908
OTHERS	6	43	10	29.7936	0.228658	0.333201
OTITIS	6	16	0	11.2466	0.0312252	0.0385647
OTTAR	5	53	0	35.3667	0.0133075	0.0154807
OTTARS	6	25	0	16.3507	0.0213229	0.0276716
OTTER	5	90	20	61.8843	0.221623	0.322319
OTTERS	6	51	13	38.4468	0.250187	0.336107
OTTO	4	27	1	21.4015	0.0670606	0.0777866
OTTOS	5	10	1	7.90577	0.128533	0.159951
OUCH	4	23	6	18.7383	0.256678	0.319294
OUD	3	132	3	99.9136	0.0308842	0.0383821
OUDS	4	56	1	44.884	0.0350658	0.039498
OUK	3	18	0	13.9321	0.0544776	0.0567079
OULD	4	38	0	29.9152	0.0264453	0.0270121
OULDER	6	14	0	8.52633	0.0348184	0.0488043
OUMA	4	35	0	27.1002	0.0284394	0.0295533
OUMAS	5	11	0	7.52452	0.0514722	0.0609316
OUNCE	5	15	0	10.975	0.0404295	0.0446759
OUNCES	6	11	0	5.75954	0.0420824	0.0668602
OUP	3	92	7	70.3869	0.0853773	0.108862
OUPA	4	32	0	24.3213	0.0307589	0.0325788
OUPAS	5	18	0	12.8218	0.0348259	0.0390937
OUPH	4	19	0	14.1109	0.0475717	0.0522226
OUPHS	5	11	0	8.06059	0.0514722	0.0576715
OUPS	4	46	4	34.9559	0.101045	0.129288
OUR	3	214	92	169.018	0.42739	0.54197
OURALI	6	14	0	6.70461	0.0348184	0.0593589
OURIE	5	52	0	34.762	0.0135466	0.0157356
OURIER	6	12	0	6.8677	0.0393462	0.0582315
OURIEST	7	15	0	3.97993	0.0284054	0.0948372
OURN	4	66	4	50.7812	0.0724946	0.0911187
OURS	4	107	53	84.129	0.484252	0.619704
OUS	3	248	80	194.135	0.322138	0.411681
OUSEL	5	44	0	32.5554	0.0158212	0.0167417
OUST	4	135	71	107.49	0.516022	0.65164
OUSTED	6	23	10	16.8342	0.402015	0.565942
OUSTER	6	48	17	32.6819	0.342646	0.508709
OUSTERS	7	10	4	6.67846	0.336175	0.546556
OUSTS	5	33	10	24.0944	0.293461	0.406011
OUT	3	234	151	181.343	0.639308	0.826646
OUTA	4	88	1	66.544	0.022972	0.0271646
OUTATE	6	12	1	6.98191	0.104366	0.172398
OUTEAT	6	14	0	9.14038	0.0348184	0.0460446
OUTED	5	49	27	37.5215	0.52719	0.698524
OUTER	5	84	55	60.0664	0.636134	0.896054
OUTERS	6	39	25	29.5363	0.604181	0.815863
OUTHER	6	18	2	11.0425	0.12185	0.195904
OUTING	6	10	4	6.63962	0.344183	0.538368
OUTLED	6	11	0	6.31673	0.0420824	0.0622241
OUTLER	6	16	0	9.32316	0.0312252	0.0452825
OUTLIE	6	10	0	5.12787	0.0452275	0.0730285
OUTRAN	6	23	0	14.2423	0.0229395	0.0313268
OUTRE	5	68	4	47.1582	0.0663524	0.0932027
OUTRED	6	26	2	19.9441	0.0886708	0.115404
OUTRO	5	28	0	19.3416	0.0238206	0.0271275
OUTROS	6	16	0	9.38639	0.0312252	0.0450247
OUTS	4	131	78	103.619	0.582776	0.741102
OUTSAT	6	17	0	11.7413	0.029693	0.0371476
OUTSEE	6	22	0	13.1227	0.0238433	0.03369
OUTSET	6	23	1	15.4584	0.0608471	0.087325
OUTSIN	6	17	1	10.2596	0.0787609	0.125225
OUTSIT	6	12	0	7.31605	0.0393462	0.0553418
OUTTA	5	22	0	16.0556	0.0293938	0.032076
OVA	3	68	7	50.747	0.113807	0.149056
OVAL	4	27	6	19.2946	0.224375	0.311263
OVALS	5	15	4	10.0265	0.254967	0.381958
OVATE	5	15	1	10.6055	0.0940639	0.125581
OVEL	4	30	1	22.2184	0.0612768	0.0752488
OVELS	5	10	1	7.49087	0.128533	0.166974
OVEN	4	42	14	31.5301	0.323435	0.433277
OVENS	5	15	5	10.0011	0.308602	0.466385
OVER	4	64	32	48.2912	0.481677	0.643353
OVERS	5	29	16	20.4788	0.513216	0.738848
OVERT	5	26	12	17.9877	0.430221	0.630584
OVINE	5	19	2	13.061	0.121609	0.17163
OVINES	6	11	1	7.50256	0.111624	0.162664
OVIST	5	14	0	10.6182	0.0427208	0.0459434
OWE	3	126	33	99.9478	0.262947	0.331354
OWED	4	53	10	40.9144	0.19264	0.248858
OWER	4	75	14	55.4171	0.189656	0.255569
OWES	4	78	22	59.4299	0.279421	0.367604
OWIE	4	42	0	31.5035	0.0241842	0.0257622
OWIES	5	27	0	20.5505	0.0245979	0.0256707
OWING	5	11	2	7.3506	0.18804	0.276911
OWL	3	70	18	54.1196	0.259235	0.334631
OWLED	5	17	6	13.0266	0.327144	0.438955
OWLER	5	19	6	13.544	0.29825	0.424304
OWLET	5	19	4	13.4413	0.209929	0.297263
OWLETS	6	14	4	8.52685	0.264969	0.439204
OWLS	4	31	5	23.8536	0.171348	0.220582
OWN	3	97	17	78.6093	0.180091	0.221191
OWNED	5	23	4	17.0398	0.178414	0.240958
OWNER	5	24	7	16.5696	0.28048	0.408987
OWNERS	6	11	4	6.82606	0.320248	0.526622
OWNS	4	44	11	33.4937	0.248679	0.327243
OWRE	4	63	3	46.1021	0.0609502	0.0793935
OWRES	5	39	1	30.2686	0.0411258	0.0489593
OWSE	4	79	2	60.7303	0.0373751	0.0453844
OWT	3	101	1	80.1481	0.0209618	0.0233526
OWTS	4	54	1	41.7314	0.0362588	0.0422928
OYE	3	117	5	87.5402	0.0512293	0.0658852
OYER	4	70	0	51.7781	0.0151293	0.0161961
OYERS	5	35	0	25.3088	0.0195058	0.021191
OYES	4	71	4	53.6571	0.0677116	0.0864789
OYS	3	107	2	81.228	0.0288325	0.0350022
OYSTER	6	19	0	11.6094	0.0270395	0.037515
PAAL	4	19	0	14.5325	0.0475717	0.050954
PAAN	4	17	0	12.5257	0.0519394	0.0576164
PAC	3	119	59	93.3691	0.489157	0.62546
PACA	4	25	2	19.8344	0.105139	0.127303
PACAS	5	13	1	9.89524	0.105366	0.133106
PACE	4	51	34	39.5185	0.629782	0.823884
PACED	5	16	10	10.5857	0.547414	0.843238
PACER	5	29	15	20.415	0.482583	0.696258
PACERS	6	14	12	10.892	0.72527	0.991199
PACES	5	31	22	24.6975	0.656775	0.847005
PACO	4	39	2	29.428	0.0715206	0.0894342
PACOS	5	22	1	16.1925	0.0683882	0.086927
PACS	4	45	5	34.2886	0.123162	0.158558
PACT	4	45	11	33.8047	0.243684	0.324464
PACTA	5	10	0	7.56197	0.0552445	0.0606919
PACTS	5	21	6	14.9675	0.274046	0.388619
PACY	4	14	0	10.7146	0.0602348	0.0653245
PAD	3	117	54	91.7929	0.455941	0.582864
PADI	4	36	6	27.0198	0.17486	0.230687
PADIS	5	13	2	8.49035	0.165446	0.246706
PADLE	5	19	0	14.3074	0.033288	0.0355232
PADLES	6	13	0	7.66604	0.0369441	0.053278
PADRE	5	33	1	22.9937	0.0478595	0.0632336
PADRES	6	16	1	10.651	0.0828249	0.121262
PADRI	5	18	0	12.2387	0.0348259	0.0406994
PADS	4	45	19	34.1549	0.404379	0.537739
PAEAN	5	12	0	8.62546	0.0481822	0.0545936
PAEDOS	6	11	0	6.6959	0.0420824	0.0594203
PAEON	5	22	0	14.1768	0.0293938	0.0358109
PAGE	4	31	13	24.2928	0.394915	0.512043
PAGED	5	12	4	8.2569	0.303859	0.448124
PAGER	5	14	7	10.4381	0.43944	0.611276
PAGES	5	20	8	15.3328	0.370222	0.496074
PAH	3	152	7	120.18	0.0525554	0.0646581
PAHS	4	59	1	46.0805	0.0334165	0.0385316
PAID	4	37	10	26.1376	0.266407	0.375835
PAIK	4	13	0	10.2136	0.063622	0.0678351
PAIL	4	67	29	47.6281	0.419754	0.592345
PAILS	5	24	14	16.1436	0.533693	0.805304
PAIN	4	110	55	79.7707	0.48902	0.676619
PAINED	6	15	7	9.11517	0.413774	0.692256
PAINS	5	50	27	31.8255	0.517363	0.816295
PAINT	5	50	10	33.294	0.200463	0.300058
PAINTER	7	12	3	5.46649	0.22799	0.498851
PAINTS	6	18	4	10.6664	0.215395	0.363333
PAIR	4	97	44	71.8368	0.443406	0.601186
PAIRE	5	61	24	40.7232	0.382921	0.575838
PAIRED	6	24	13	14.2592	0.496902	0.844902
PAIRES	6	35	16	18.8856	0.432652	0.800795
PAIREST	7	22	1	7.5202	0.0598751	0.16759
PAIRS	5	48	26	33.5073	0.518035	0.74939
PAIS	4	95	13	70.7231	0.141621	0.188784
PAISA	5	18	0	11.6577	0.0348259	0.0424361
PAISE	5	60	6	41.2959	0.106117	0.152073
PAK	3	23	12	16.8722	0.487646	0.669235
PAL	3	190	131	147.294	0.681197	0.881052
PALAS	5	22	3	14.7441	0.146377	0.214207
PALATE	6	19	1	10.3977	0.0717223	0.123798
PALATES	7	12	1	4.47739	0.0986087	0.25136
PALE	4	115	80	84.012	0.677317	0.931473
PALEA	5	35	1	23.9662	0.0453826	0.0608614
PALED	5	39	20	27.3074	0.486667	0.703129
PALER	5	61	34	39.9179	0.537612	0.825709
PALES	5	64	49	46.1027	0.735516	1
PALEST	6	29	6	17.8214	0.203989	0.332646
PALET	5	55	24	37.6159	0.422098	0.621051
PALETS	6	33	17	20.039	0.483924	0.804302
PALI	4	83	14	59.8856	0.172372	0.237358
PALIER	6	18	5	9.44452	0.262168	0.492678
PALIEST	7	15	4	7.45033	0.245111	0.499994
PALIS	5	39	4	26.5016	0.111474	0.16085
PALISH	6	12	0	7.90756	0.0393462	0.0519413
PALL	4	18	10	13.2098	0.488574	0.678888
PALM	4	29	1	22.2965	0.0630906	0.0750148
PALMS	5	12	1	8.57607	0.112101	0.149774
PALP	4	19	1	13.4296	0.0896176	0.115941
PALS	4	72	21	52.7926	0.288231	0.393494
PALSA	5	22	0	15.0867	0.0293938	0.0338992
PALTER	6	29	12	19.857	0.389289	0.579348
PALTERS	7	13	6	7.02961	0.396417	0.755833
PALY	4	21	1	17.3289	0.0826661	0.093507
PAM	3	103	35	81.6767	0.338108	0.427097
PAMS	4	47	13	37.2283	0.272894	0.346665
PAN	3	200	159	154.026	0.785022	1
PANCE	5	18	3	12.0984	0.173428	0.254522
PANCES	6	10	1	6.52442	0.119966	0.181965
PAND	4	50	28	39.0339	0.531755	0.690077
PANDER	6	18	9	12.804	0.44926	0.654136
PANDS	5	18	10	13.5452	0.496832	0.68227
PANE	4	122	74	88.7475	0.592596	0.81778
PANED	5	33	13	21.9995	0.375328	0.566731
PANEER	6	11	0	7.62471	0.0420824	0.0535137
PANEL	5	34	3	21.4256	0.0997164	0.153002
PANELS	6	16	3	8.35677	0.186024	0.34737
PANES	5	66	43	46.0876	0.628243	0.906999
PANG	4	41	20	29.1044	0.461551	0.654124
PANGS	5	17	10	10.5684	0.520898	0.844399
PANIC	5	20	0	13.6266	0.0318801	0.037075
PANIER	6	23	1	13.6402	0.0608471	0.0976625
PANIERS	7	15	0	6.4942	0.0284054	0.0654148
PANNE	5	18	11	11.8639	0.543033	0.837607
PANNES	6	11	8	5.79894	0.598413	1
PANNI	5	18	6	11.8256	0.31203	0.477198
PANS	4	102	40	77.2671	0.385185	0.51048
PANT	4	84	58	61.9004	0.666018	0.909786
PANTED	6	14	9	9.04026	0.552657	0.882962
PANTER	6	27	21	18.99	0.711165	1
PANTERS	7	14	10	8.53268	0.602829	1
PANTIE	6	22	8	11.2334	0.339053	0.656249
PANTIES	7	12	4	4.37978	0.29268	0.756304
PANTO	5	29	8	20.1085	0.268153	0.388716
PANTOS	6	11	4	5.91517	0.320248	0.589457
PANTS	5	46	31	32.0568	0.639621	0.928337
PAP	3	32	20	26.1179	0.587751	0.732688
PAPE	4	20	15	15.6366	0.650894	0.860499
PAPER	5	13	10	9.64615	0.646078	0.911506
PAPES	5	14	10	10.4991	0.609462	0.849097
PAPS	4	19	3	14.6339	0.17371	0.222512
PAR	3	291	202	222.071	0.688649	0.903844
PARA	4	58	6	42.572	0.113588	0.151654
PARAE	5	35	0	24.1469	0.0195058	0.0221342
PARAS	5	25	4	17.6228	0.165957	0.233784
PARCH	5	13	2	9.25577	0.165446	0.229867
PARD	4	69	22	51.4648	0.313504	0.421538
PARDI	5	29	4	20.5515	0.145622	0.203367
PARDIE	6	20	3	10.8832	0.154198	0.277731
PARDS	5	26	11	19.0928	0.396489	0.549979
PARE	4	208	123	150.126	0.58337	0.809974
PARED	5	71	36	50.6244	0.492383	0.69562
PAREN	5	93	8	62.4904	0.0905771	0.133095
PARENS	6	47	4	28.3487	0.0914082	0.149663
PARENT	6	33	2	21.1108	0.0716093	0.109507
PARENTS	7	20	2	7.86415	0.107609	0.267055
PAREO	5	58	0	41.6702	0.0122281	0.0132441
PAREOS	6	21	0	14.8926	0.0248213	0.0301005
PARER	5	35	13	23.3745	0.355904	0.535971
PARERS	6	16	4	9.93779	0.237624	0.386043
PARES	5	124	78	87.6981	0.616976	0.87643
PAREU	5	30	0	20.9367	0.0224046	0.0252376
PAREUS	6	13	0	7.24055	0.0369441	0.0558082
PAREV	5	15	0	11.3665	0.0404295	0.0433633
PARGE	5	19	4	14.3304	0.209929	0.281037
PARGES	6	12	3	8.38334	0.234405	0.346456
PARGO	5	16	1	11.9443	0.0892757	0.113489
PARIAN	6	13	0	6.15069	0.0369441	0.063537
PARIES	6	44	10	24.6143	0.223832	0.398736
PARING	6	16	8	8.41378	0.444023	0.838863
PARIS	5	62	0	38.9191	0.011483	0.0141354
PARISH	6	12	0	6.14262	0.0393462	0.0636022
PARK	4	11	3	8.48212	0.261756	0.343596
PARLE	5	30	10	21.3576	0.319628	0.453668
PARLES	6	11	4	6.22849	0.320248	0.566219
PARLIES	7	12	0	5.35159	0.0339181	0.0761514
PAROL	5	25	1	17.7453	0.0612258	0.0800767
PAROLE	6	10	0	4.92655	0.0452275	0.0752408
PAROLS	6	14	0	7.5228	0.0348184	0.0541038
PARORE	6	13	0	8.20262	0.0369441	0.0503966
PARP	4	26	0	18.5612	0.0367541	0.0413544
PARR	4	37	21	27.8453	0.529669	0.713585
PARRA	5	11	1	7.41012	0.119756	0.168414
PARRED	6	11	5	8.03208	0.389789	0.564042
PARRS	5	13	8	9.02157	0.52592	0.781209
PARS	4	135	73	99.1107	0.53033	0.724829
PARSE	5	83	44	58.3507	0.516521	0.739153
PARSEC	6	12	0	7.91773	0.0393462	0.0518865
PARSED	6	24	10	17.8106	0.387333	0.537647
PARSER	6	12	2	7.20291	0.169386	0.280211
PARSES	6	10	6	7.00401	0.49366	0.745158
PARSON	6	18	0	10.3486	0.0283042	0.0414345
PART	4	141	84	102.612	0.583958	0.80509
PARTAN	6	10	0	6.66024	0.0452275	0.0596732
PARTED	6	29	16	20.1709	0.512822	0.753773
PARTER	6	26	11	16.9054	0.395002	0.61747
PARTI	5	54	15	35.4366	0.273291	0.416573
PARTIES	7	16	11	6.3107	0.59226	1
PARTIS	6	26	7	13.2197	0.258855	0.502052
PARTON	6	20	3	11.1897	0.154198	0.271135
PARTONS	7	10	1	5.0497	0.113263	0.229759
PARTS	5	78	46	52.7515	0.572649	0.851357
PARTY	5	18	2	12.5046	0.127227	0.178233
PAS	3	271	174	209.776	0.636929	0.824272
PASE	4	158	70	117.553	0.43697	0.588858
PASELA	6	20	0	11.2937	0.0258829	0.0384252
PASEO	5	49	0	36.9658	0.0143186	0.0148447
PASEOS	6	13	0	8.96825	0.0369441	0.0467863
PASES	5	37	13	26.9512	0.338391	0.469662
PASH	4	77	25	59.4952	0.31952	0.415359
PASHA	5	13	1	10.2114	0.105366	0.129648
PASHM	5	10	0	7.3465	0.0552445	0.0620973
PASS	4	41	20	28.9246	0.461551	0.657829
PASSE	5	28	9	18.7202	0.308228	0.46317
PASSEL	6	11	2	5.94366	0.181165	0.32626
PASSER	6	19	5	11.2557	0.250454	0.423903
PAST	4	152	100	112.701	0.645039	0.873278
PASTA	5	40	1	27.8585	0.0401835	0.0529166
PASTE	5	93	62	66.0656	0.649325	0.919934
PASTED	6	26	19	18.1392	0.667297	0.981963
PASTEL	6	26	8	16.2638	0.292892	0.472674
PASTER	6	52	33	37.7069	0.606811	0.849695
PASTERN	7	18	1	10.0453	0.0710364	0.131282
PASTERS	7	13	7	8.10361	0.457177	0.775211
PASTES	6	28	15	19.1501	0.497297	0.742727
PASTIE	6	34	7	19.8088	0.203455	0.348387
PASTIER	7	15	4	6.26681	0.245111	0.57512
PASTIL	6	21	0	11.6238	0.0248213	0.0374747
PASTING	7	10	7	6.23596	0.559088	0.959741
PASTIS	6	18	0	9.89573	0.0283042	0.0430502
PASTOR	6	28	2	16.9078	0.0830193	0.134216
PASTS	5	29	16	19.3191	0.513216	0.779116
PASTY	5	14	0	9.84593	0.0427208	0.0489492
PAT	3	281	212	214.536	0.747885	0.981316
PATCH	5	11	7	7.48933	0.52946	0.802059
PATE	4	163	122	119.129	0.733871	1
PATED	5	45	28	33.2503	0.591098	0.811663
PATEN	5	59	15	40.928	0.251478	0.363233
PATENS	6	28	9	17.933	0.306092	0.483412
PATENT	6	13	2	7.72179	0.159045	0.26481
PATER	5	104	72	72.9246	0.67587	0.969213
PATERA	6	31	0	20.2116	0.0176016	0.0228
PATERS	6	54	41	39.3968	0.725082	1
PATES	5	106	72	76.9163	0.663541	0.920163
PATH	4	75	22	56.344	0.289927	0.386776
PATHS	5	30	7	22.1487	0.230461	0.314338
PATIN	5	65	19	41.173	0.287769	0.453909
PATINA	6	11	0	6.32828	0.0420824	0.0621348
PATINE	6	35	14	21.568	0.380541	0.622665
PATINES	7	23	10	9.437	0.397771	0.953208
PATINS	6	32	9	20.0617	0.271486	0.436167
PATIO	5	39	2	25.6541	0.0645753	0.0933562
PATIOS	6	16	2	8.94954	0.134425	0.234335
PATRON	6	23	1	11.9295	0.0608471	0.109903
PATRONS	7	12	0	4.85745	0.0339181	0.0819695
PATS	4	156	74	114.719	0.467283	0.637087
PATSY	5	15	0	9.9375	0.0404295	0.0485724
PATTE	5	28	15	17.9879	0.497833	0.780981
PATTEN	6	13	6	8.32228	0.403246	0.64733
PATTER	6	15	11	9.59656	0.631403	1
PATTERN	7	10	2	4.02571	0.187567	0.448944
PATTES	6	21	11	12.4816	0.476012	0.809828
PATTIE	6	10	1	6.02355	0.119966	0.193737
PATU	4	43	2	32.0363	0.0655335	0.0827422
PATUS	5	20	0	14.3588	0.0318801	0.0354114
PATY	4	31	1	24.5542	0.0595644	0.0688286
PAUL	4	20	4	14.591	0.20705	0.280485
PAUSE	5	17	4	12.0613	0.230267	0.326523
PAUSER	6	12	3	8.31584	0.234405	0.348786
PAV	3	31	12	24.4189	0.37642	0.481243
PAVE	4	22	10	15.8494	0.415608	0.582917
PAVER	5	14	6	10.4505	0.382766	0.530078
PAVES	5	11	5	8.89519	0.392892	0.513905
PAVS	4	11	2	8.4238	0.198398	0.256462
PAW	3	47	19	38.3484	0.395554	0.488512
PAWL	4	14	3	11.5438	0.21995	0.270371
PAWN	4	10	4	7.84909	0.347105	0.457681
PAWS	4	19	7	16.0969	0.341893	0.416727
PAY	3	62	15	48.1061	0.245218	0.315094
PAYER	5	13	5	9.46512	0.345683	0.488266
PAYS	4	27	9	21.7855	0.318764	0.401666
PEA	3	288	205	220.994	0.705994	0.921627
PEACE	5	18	3	11.9414	0.173428	0.257396
PEACES	6	11	1	5.6902	0.111624	0.202453
PEACH	5	16	3	12.0587	0.191084	0.255244
PEAG	4	39	1	29.0401	0.0486809	0.0591385
PEAGS	5	15	0	11.7207	0.0404295	0.0422406
PEAK	4	16	7	11.8743	0.391244	0.536453
PEAL	4	106	51	78.4283	0.47057	0.638567
PEALED	6	10	7	6.72368	0.568399	0.888345
PEALS	5	39	18	28.8092	0.439768	0.603807
PEAN	4	124	46	93.0317	0.365974	0.48912
PEANED	6	15	4	9.99163	0.250553	0.384268
PEANS	5	63	29	45.0511	0.446454	0.629185
PEAR	4	168	83	123.678	0.486918	0.663114
PEARE	5	61	31	43.1399	0.491205	0.700196
PEARES	6	32	18	21.3283	0.525867	0.802696
PEARL	5	29	4	21.3749	0.145622	0.19619
PEARLS	6	13	2	7.60372	0.159045	0.268164
PEARS	5	85	46	62.2213	0.527429	0.725738
PEARST	6	46	0	28.2545	0.0122548	0.0166819
PEART	5	68	3	48.4457	0.0523946	0.0709825
PEAS	4	157	63	116.041	0.396403	0.537457
PEASE	5	57	24	42.1251	0.408177	0.557526
PEASED	6	16	6	10.3016	0.340824	0.540738
PEASEN	6	22	0	11.1763	0.0238433	0.0387751
PEASES	6	12	6	7.60027	0.429465	0.697481
PEASING	7	10	2	6.28982	0.187567	0.320276
PEASON	6	20	0	9.72342	0.0258829	0.0436985
PEAT	4	155	79	113.364	0.5015	0.687552
PEATS	5	88	47	62.3748	0.521075	0.73955
PEATY	5	14	0	10.441	0.0427208	0.0466002
PEC	3	107	19	85.7905	0.181884	0.225855
PECAN	5	19	2	12.2572	0.121609	0.181334
PECH	4	15	2	11.4809	0.158285	0.201649
PECS	4	48	4	36.4936	0.0972164	0.124231
PED	3	203	43	158.622	0.213463	0.272733
PEDAL	5	32	4	23.1044	0.133366	0.182652
PEDALO	6	14	0	7.46408	0.0348184	0.0544498
PEDALS	6	10	2	5.87075	0.194705	0.329394
PEDANT	6	13	1	7.42657	0.0979944	0.164016
PEDATE	6	15	0	8.45426	0.032924	0.0491501
PEDES	5	26	1	18.7921	0.0591605	0.076037
PEDI	4	70	0	52.4586	0.0151293	0.0159968
PEDIS	5	39	0	27.618	0.0176762	0.0195365
PEDLAR	6	16	0	9.51613	0.0312252	0.0445047
PEDROS	6	20	0	11.1634	0.0258829	0.0388139
PEDS	4	73	17	54.8618	0.233101	0.310037
PEE	3	126	86	102.825	0.670407	0.825756
PEED	4	50	16	37.6625	0.312711	0.417048
PEEL	4	39	13	30.2235	0.322757	0.420148
PEELS	5	18	6	12.9204	0.31203	0.442087
PEEN	4	61	18	45.2604	0.290824	0.392743
PEENS	5	25	8	17.7699	0.305599	0.434794
PEER	4	87	45	64.304	0.502611	0.683547
PEERS	5	45	24	32.6889	0.508869	0.709367
PEES	4	78	32	58.9351	0.400218	0.532472
PEG	3	67	9	51.7791	0.143548	0.183101
PEGS	4	25	4	18.7138	0.172291	0.226792
PEH	3	149	6	119.608	0.0470527	0.0567681
PEHS	4	63	1	51.0851	0.0314445	0.0349544
PEIN	4	135	13	99.1615	0.101095	0.136142
PEINCT	6	13	0	6.66461	0.0369441	0.0596421
PEINED	6	14	0	8.39799	0.0348184	0.0494234
PEINS	5	62	10	41.8915	0.163818	0.241227
PEISE	5	48	1	35.0922	0.0339589	0.0425854
PEISED	6	15	0	9.04085	0.032924	0.0464706
PEISES	6	12	0	8.95109	0.0393462	0.0468615
PEL	3	215	74	166.531	0.343275	0.443425
PELA	4	123	11	91.1451	0.0949373	0.126472
PELAS	5	55	5	38.2175	0.0981128	0.138834
PELAU	5	21	0	14.3752	0.0305865	0.0353759
PELE	4	51	13	38.7595	0.253326	0.3339
PELES	5	30	12	22.7859	0.379073	0.508306
PELF	4	20	0	14.6327	0.0456522	0.0506615
PELITES	7	11	0	5.08689	0.036264	0.0791612
PELL	4	33	18	25.1994	0.506343	0.673905
PELMA	5	10	0	7.81677	0.0552445	0.05911
PELOID	6	10	0	5.40345	0.0452275	0.0702028
PELON	5	30	0	19.1861	0.0224046	0.027327
PELONS	6	12	0	5.05472	0.0393462	0.0738171
PELOTA	6	11	0	6.83866	0.0420824	0.0584291
PELS	4	81	21	61.5061	0.257992	0.340194
PELT	4	67	18	50.0416	0.266516	0.357222
PELTA	5	36	0	24.8776	0.0190138	0.0215314
PELTAS	6	20	0	12.5095	0.0258829	0.035142
PELTER	6	10	3	6.76533	0.269444	0.412527
PELTS	5	39	13	26.8633	0.32252	0.471094
PEN	3	258	139	203.577	0.534973	0.679187
PENAL	5	51	6	33.1346	0.123595	0.187438
PENATES	7	19	0	6.45523	0.0233462	0.0657308
PEND	4	76	39	58.3275	0.496778	0.652234
PENDS	5	33	20	26.4944	0.566351	0.723222
PENDU	5	13	0	8.76099	0.0452874	0.0539034
PENE	4	68	23	51.3907	0.331551	0.44056
PENED	5	24	3	16.0062	0.135787	0.199157
PENES	5	37	18	27.6863	0.461408	0.626679
PENGO	5	11	0	8.04923	0.0514722	0.057737
PENI	4	133	3	97.3773	0.0299849	0.0387657
PENIAL	6	24	0	12.5056	0.0221016	0.0351515
PENIE	5	38	2	24.267	0.0661259	0.0982941
PENIES	6	19	1	11.2869	0.0717223	0.115334
PENILE	6	12	0	5.3489	0.0393462	0.0707447
PENING	6	11	1	6.78322	0.111624	0.176426
PENIS	5	63	2	42.7409	0.0413205	0.0576701
PENK	4	11	0	8.86681	0.0716838	0.0756503
PENNA	5	13	1	8.35212	0.105366	0.153027
PENNE	5	15	5	10.8311	0.308602	0.436118
PENNI	5	22	2	14.7596	0.107383	0.154193
PENNIS	6	15	2	8.99404	0.141738	0.233362
PENS	4	119	44	89.5543	0.3646	0.485882
PENSIL	6	17	0	9.78878	0.029693	0.0434503
PENSTER	7	10	0	4.13123	0.0389586	0.092338
PENT	4	105	47	79.807	0.438421	0.579505
PENTAD	6	12	0	7.63032	0.0393462	0.0534816
PENTOSE	7	10	0	2.86825	0.0389586	0.118379
PENTS	5	56	25	41.6923	0.431787	0.585963
PEON	4	82	2	62.694	0.0360831	0.0440242
PEONES	6	13	0	8.28068	0.0369441	0.0500033
PEONS	5	35	0	24.966	0.0195058	0.0214608
PEONY	5	11	0	7.7525	0.0514722	0.0595012
PEP	3	34	8	28.513	0.241701	0.288402
PEPLA	5	10	0	7.10488	0.0552445	0.0637527
PEPO	4	10	1	7.45191	0.144176	0.183394
PEPS	4	23	4	18.0357	0.184693	0.234164
PEPSI	5	10	0	6.41518	0.0552445	0.0690037
PER	3	377	139	292.48	0.367914	0.474454
PERAI	5	80	0	55.6045	0.00901189	0.0100381
PERAIS	6	30	0	16.6637	0.0181289	0.0272004
PERC	4	67	1	49.4545	0.0296923	0.0360448
PERCE	5	15	0	11.1092	0.0404295	0.0442171
PERCH	5	16	2	11.5592	0.14018	0.190699
PERCS	5	17	0	12.0914	0.0365128	0.041126
PERDU	5	16	0	11.3368	0.0383715	0.0434604
PERE	4	113	47	82.0385	0.408643	0.564265
PEREA	5	60	0	40.2537	0.0118438	0.0136885
PEREON	6	11	0	4.92803	0.0420824	0.075224
PERES	5	64	32	46.0953	0.484203	0.677943
PERI	4	142	6	101.76	0.0485846	0.0658268
PERIL	5	35	0	22.2668	0.0195058	0.0238519
PERILS	6	12	0	6.14866	0.0393462	0.0635533
PERIOD	6	10	0	7.77443	0.0452275	0.0526697
PERIS	5	72	1	48.449	0.0231847	0.0313013
PERISH	6	17	0	9.68399	0.029693	0.0438496
PERK	4	19	1	14.9139	0.0896176	0.106238
PERM	4	52	5	41.0517	0.107979	0.134117
PERMS	5	14	2	9.05862	0.156069	0.233981
PERN	4	118	28	88.1217	0.237258	0.317604
PERNED	6	13	3	8.10745	0.220095	0.356183
PERNIO	6	16	0	7.01893	0.0312252	0.0572236
PERNOD	6	17	0	10.6646	0.029693	0.0403772
PERNODS	7	11	0	4.50071	0.036264	0.0867549
PERNS	5	54	14	37.3618	0.255944	0.370744
PEROG	5	14	0	9.58187	0.0427208	0.0500692
PERONES	7	10	0	2.20514	0.0389586	0.138954
PERP	4	41	0	30.9763	0.0247124	0.0261641
PERPS	5	17	0	11.5783	0.0365128	0.0426851
PERRON	6	10	0	5.19243	0.0452275	0.0723462
PERSANT	7	19	1	8.48787	0.0678733	0.15153
PERSE	5	68	14	50.9308	0.20593	0.275628
PERSES	6	16	3	11.7413	0.186024	0.260025
PERSING	7	10	3	6.07382	0.261871	0.459422
PERSON	6	20	0	13.2038	0.0258829	0.0335068
PERST	5	100	0	72.2268	0.00727289	0.00778891
PERT	4	174	31	128.51	0.179723	0.242775
PERTAIN	7	10	0	4.55367	0.0389586	0.0860094
PERTER	6	13	0	8.58385	0.0369441	0.0485318
PERTS	5	97	16	68.1591	0.166465	0.236429
PERUSE	6	10	0	6.39787	0.0452275	0.0616021
PERV	4	21	2	16.7334	0.121451	0.147489
PES	3	358	126	281.997	0.351316	0.446236
PESADE	6	18	0	13.0425	0.0283042	0.0338731
PESETA	6	25	0	15.9391	0.0213229	0.0283166
PESO	4	143	1	113.291	0.0144226	0.0162282
PESOS	5	12	0	9.06538	0.0481822	0.052415
PEST	4	192	83	145.557	0.427533	0.565337
PESTER	6	34	16	22.2192	0.444226	0.689276
PESTERS	7	10	5	5.38148	0.410479	0.790977
PESTLE	6	12	1	6.7125	0.104366	0.177906
PESTO	5	76	4	54.1896	0.0596875	0.081531
PESTOS	6	14	0	8.8546	0.0348184	0.0472891
PESTS	5	36	11	26.9954	0.296478	0.399869
PESTY	5	19	0	14.961	0.033288	0.0341511
PET	3	288	119	226.421	0.411548	0.524009
PETAL	5	55	4	39.8916	0.0810609	0.109386
PETALS	6	18	1	9.07475	0.075077	0.138971
PETAR	5	82	0	56.0755	0.00880144	0.00995662
PETARAS	7	10	0	2.96083	0.0389586	0.115982
PETARD	6	18	0	11.7235	0.0283042	0.0371967
PETARS	6	40	0	26.5207	0.0139498	0.0177062
PETER	5	35	2	22.3935	0.0712593	0.105856
PETERS	6	18	1	11.3489	0.075077	0.114787
PETIT	5	19	0	12.2109	0.033288	0.0407793
PETRE	5	48	0	32.684	0.0145958	0.0166796
PETREL	6	11	0	6.82803	0.0420824	0.0585018
PETRES	6	25	0	17.453	0.0213229	0.0260806
PETRI	5	51	0	32.7274	0.0137945	0.0166587
PETROL	6	15	0	9.0549	0.032924	0.04641
PETS	4	165	62	122.195	0.371835	0.503002
PETTER	6	10	6	7.81381	0.49366	0.681857
PETTI	5	17	2	10.7554	0.13339	0.202754
PETTO	5	14	1	9.88684	0.0993949	0.133201
PEW	3	48	15	40.2041	0.311145	0.373471
PEWS	4	16	6	12.9569	0.343129	0.436278
PEYSE	5	10	0	8.04401	0.0552445	0.0577671
PHANG	5	10	0	6.71831	0.0552445	0.066593
PHARE	5	55	9	39.3672	0.16632	0.231764
PHARES	6	35	7	22.4558	0.198154	0.310241
PHAROS	6	15	1	9.742	0.0873312	0.13088
PHASE	5	43	1	31.4911	0.037599	0.0471699
PHASER	6	33	0	22.1584	0.0166339	0.020941
PHASIC	6	10	0	6.0219	0.0452275	0.0645941
PHASIS	6	10	0	5.88244	0.0452275	0.0657791
PHASOR	6	12	0	8.73494	0.0393462	0.0478304
PHAT	4	74	13	57.3606	0.17937	0.2307
PHEER	5	18	1	13.8302	0.0810265	0.099933
PHEERS	6	10	1	7.15153	0.119966	0.169101
PHENE	5	13	0	9.84393	0.0452874	0.0489575
PHENES	6	10	0	6.21575	0.0452275	0.063016
PHEON	5	14	0	10.3651	0.0427208	0.0468871
PHEW	4	14	1	10.8771	0.113473	0.137542
PHI	3	117	17	93.3263	0.150342	0.187201
PHIAL	5	11	0	7.73377	0.0514722	0.0596161
PHIS	4	57	7	44.9633	0.131612	0.164992
PHO	3	99	20	77.5101	0.205702	0.261752
PHON	4	41	4	32.9311	0.11208	0.13661
PHONE	5	19	0	12.5779	0.033288	0.0397497
PHONES	6	11	0	6.04883	0.0420824	0.0643701
PHONO	5	11	1	7.77358	0.119756	0.162124
PHONS	5	14	2	11.483	0.156069	0.191779
PHOS	4	47	9	38.1843	0.19565	0.24104
PHOT	4	44	9	35.0917	0.207681	0.2607
PHOTS	5	25	5	19.2509	0.200868	0.262987
PHRASE	6	11	0	6.62239	0.0420824	0.059944
PHT	3	97	0	78.6515	0.0118976	0.0114528
PIA	3	211	18	162.987	0.0892834	0.11442
PIAL	4	67	5	47.791	0.0854155	0.116259
PIAN	4	91	2	67.202	0.0326927	0.04119
PIANI	5	30	0	18.6481	0.0224046	0.0280405
PIANO	5	30	0	20.2858	0.0224046	0.0259761
PIANOS	6	17	0	8.58024	0.029693	0.0485489
PIANS	5	43	1	28.7169	0.037599	0.0514358
PIAS	4	102	5	76.8592	0.0574192	0.0738476
PIASTER	7	17	1	5.74828	0.0745086	0.207946
PIASTRE	7	20	0	6.77752	0.0223509	0.0632052
PIC	3	90	30	73.3041	0.331681	0.408298
PICA	4	42	4	33.3963	0.109684	0.134855
PICAL	5	16	1	10.2765	0.0892757	0.128959
PICAS	5	19	1	13.6416	0.0774483	0.101141
PICE	4	40	14	31.5077	0.337879	0.433559
PICOT	5	11	2	7.83499	0.18804	0.263215
PICRA	5	10	0	8.01708	0.0552445	0.0579231
PICS	4	36	5	29.0611	0.150341	0.184555
PIE	3	267	145	207.967	0.539345	0.693532
PIED	4	94	32	70.619	0.335394	0.44776
PIEND	5	30	0	19.8598	0.0224046	0.0264832
PIENDS	6	13	0	9.15751	0.0369441	0.0459721
PIER	4	160	75	118.376	0.462009	0.626116
PIERID	6	13	0	7.2748	0.0369441	0.0555957
PIERIS	6	17	0	10.0272	0.029693	0.0425684
PIERS	5	84	43	60.2681	0.499218	0.700307
PIERST	6	41	0	26.0253	0.0136355	0.0180223
PIERT	5	65	0	44.7131	0.0109811	0.0123806
PIES	4	164	86	125.572	0.516232	0.676696
PIET	4	115	48	85.6219	0.410169	0.552711
PIETA	5	52	0	36.0903	0.0135466	0.0151863
PIETAS	6	24	0	15.4368	0.0221016	0.0291456
PIETS	5	69	31	45.4281	0.437111	0.666385
PIETY	5	16	0	11.0597	0.0383715	0.0443852
PIG	3	77	20	61.2987	0.261521	0.328319
PIGS	4	24	7	19.9197	0.282503	0.346678
PIING	5	12	0	6.59239	0.0481822	0.0675737
PIKE	4	11	6	8.70543	0.451828	0.597171
PILA	4	76	6	54.0471	0.0882782	0.121054
PILAE	5	37	0	24.1648	0.018546	0.022119
PILAR	5	26	0	14.6417	0.0254277	0.0348079
PILE	4	89	47	64.1205	0.513218	0.715297
PILEA	5	40	1	26.9593	0.0401835	0.0545621
PILEAS	6	22	0	12.8793	0.0238433	0.0342517
PILED	5	34	16	23.0862	0.44505	0.661925
PILEI	5	27	1	16.5434	0.05723	0.0852784
PILER	5	46	22	29.8329	0.458333	0.710183
PILERS	6	20	8	13.4419	0.368057	0.560655
PILES	5	52	31	35.2778	0.570652	0.848036
PILI	4	31	4	22.3366	0.143402	0.194135
PILIER	6	12	0	6.66153	0.0393462	0.0596641
PILIS	5	18	2	12.3264	0.127227	0.180456
PILL	4	27	18	19.8718	0.60193	0.832106
PILOSE	6	11	0	6.22509	0.0420824	0.0629419
PILOT	5	18	0	12.4864	0.0348259	0.0400016
PILY	4	21	0	16.274	0.0438816	0.0463074
PIMA	4	33	1	25.0729	0.0564114	0.0675489
PIMAS	5	15	1	9.17095	0.0940639	0.141768
PIN	3	224	172	173.244	0.759414	0.984281
PINA	4	104	10	75.14	0.102326	0.139609
PINAS	5	55	9	37.2551	0.16632	0.244247
PINASTER	8	10	3	5.13091	0.261871	0.523685
PINDER	6	16	2	10.3577	0.134425	0.207012
PINE	4	143	96	104.562	0.657255	0.902213
PINEAL	6	15	1	8.13541	0.0873312	0.152218
PINED	5	41	21	26.1036	0.487265	0.768927
PINES	5	85	58	60.0144	0.662801	0.945215
PINETA	6	28	0	17.6305	0.0192843	0.0258413
PINEY	5	11	1	7.22026	0.119756	0.171897
PING	4	58	45	40.2148	0.73477	1
PINGER	6	15	13	10.6557	0.740217	1
PINGO	5	16	3	9.50039	0.191084	0.312228
PINGS	5	23	19	15.4562	0.741377	1
PINIER	6	15	2	8.20948	0.141738	0.251803
PINIES	6	22	5	12.3858	0.220849	0.389938
PINIEST	7	15	3	7.05673	0.190935	0.407319
PINITE	6	15	0	8.00172	0.032924	0.0514382
PINITES	7	13	0	6.4605	0.0318572	0.065688
PINNET	6	10	3	6.57035	0.269444	0.42223
PINON	5	14	0	8.17475	0.0427208	0.0570218
PINOT	5	25	0	16.517	0.0263154	0.031275
PINOTS	6	13	0	7.13396	0.0369441	0.0564801
PINS	4	110	44	83.7261	0.393187	0.518601
PINT	4	87	39	64.2256	0.43724	0.594859
PINTA	5	39	5	25.9671	0.134924	0.199737
PINTAS	6	21	3	12.513	0.147873	0.245925
PINTO	5	24	1	17.5038	0.0634405	0.0810701
PINTOS	6	10	0	5.53298	0.0452275	0.0689489
PINTS	5	46	22	31.1763	0.458333	0.68139
PINY	4	16	1	11.6379	0.102554	0.130306
PION	4	65	6	49.0945	0.102194	0.132602
PIONED	6	17	1	9.13624	0.0787609	0.138184
PIONER	6	26	1	15.5776	0.0546339	0.0867233
PIONERS	7	14	1	6.50531	0.0873121	0.188548
PIONS	5	30	3	21.2582	0.111572	0.154105
PIONY	5	11	0	6.64657	0.0514722	0.0671482
PIOY	4	13	0	8.88797	0.063622	0.0755136
PIP	3	27	12	21.9915	0.424874	0.529043
PIPA	4	20	3	15.3905	0.166701	0.213268
PIPAL	5	11	1	8.02244	0.119756	0.158082
PIPE	4	17	7	12.7496	0.373284	0.5063
PIPER	5	10	6	7.10106	0.494975	0.726054
PIPS	4	16	2	11.6364	0.150669	0.19948
PIR	3	205	96	158.05	0.464919	0.603929
PIRAIS	6	13	0	7.09213	0.0369441	0.0567483
PIRANA	6	11	0	5.40598	0.0420824	0.070178
PIRATE	6	26	4	16.4694	0.156744	0.247412
PIRATES	7	12	1	5.09459	0.0986087	0.228221
PIRL	4	35	1	24.6033	0.0535755	0.0687054
PIRLS	5	16	0	10.2105	0.0383715	0.0474829
PIRN	4	60	1	42.9744	0.0329007	0.0411449
PIRNIE	6	11	0	6.4544	0.0420824	0.061176
PIRNIT	6	10	0	4.9225	0.0452275	0.0752867
PIRNS	5	23	2	15.1156	0.103352	0.150977
PIROG	5	10	0	5.72875	0.0552445	0.0751652
PIRS	4	99	10	73.9403	0.107256	0.141791
PIS	3	251	113	194.769	0.447723	0.577687
PISCO	5	15	0	10.5455	0.0404295	0.0462107
PISE	4	165	33	125.902	0.201029	0.26323
PISES	5	44	8	34.0999	0.183731	0.237886
PISH	4	68	6	53.9952	0.0979813	0.121164
PISHER	6	18	1	11.5517	0.075077	0.113032
PISO	4	97	1	74.2468	0.0209407	0.0244496
PISOS	5	16	1	11.0593	0.0892757	0.121203
PISS	4	37	11	27.6585	0.29034	0.38989
PISSER	6	19	3	12.0122	0.161088	0.254895
PISTE	5	93	11	67.2884	0.121619	0.167196
PISTED	6	26	1	18.8944	0.0546339	0.072769
PISTES	6	31	4	22.0471	0.133949	0.189346
PISTON	6	19	0	11.0633	0.0270395	0.039118
PISTOU	6	12	0	7.90504	0.0393462	0.0519549
PIT	3	206	123	160.552	0.591232	0.760305
PITA	4	99	5	72.0888	0.059079	0.0785502
PITARA	6	13	0	8.3672	0.0369441	0.0495743
PITAS	5	52	6	33.5236	0.121374	0.185384
PITH	4	44	12	32.968	0.269178	0.35999
PITHS	5	20	4	13.9907	0.201051	0.287022
PITIER	6	12	2	8.23633	0.169386	0.251123
PITIERS	7	11	1	4.33742	0.105429	0.257276
PITIES	6	22	2	14.1453	0.102646	0.157588
PITON	5	26	0	17.1951	0.0254277	0.0301677
PITONS	6	14	0	8.08443	0.0348184	0.0510042
PITS	4	115	65	86.7943	0.552091	0.735176
PITTA	5	23	0	13.6084	0.0282907	0.0371183
PITTAS	6	14	0	8.98379	0.0348184	0.0467183
PITTEN	6	11	6	6.56236	0.45933	0.784898
PITTER	6	18	11	12.9529	0.542805	0.783815
PITTERS	7	11	8	8.46412	0.589583	0.846733
PITY	4	24	1	19.0294	0.0740501	0.0862301
PIU	3	60	1	45.9905	0.0343749	0.0398207
PIUM	4	10	0	8.18543	0.0765327	0.0803329
PLACE	5	21	3	14.5395	0.152316	0.216862
PLACES	6	13	3	7.0103	0.220095	0.400951
PLAID	5	13	2	8.97546	0.165446	0.23576
PLAIN	5	35	8	22.4813	0.22652	0.350976
PLAINS	6	21	7	11.6304	0.311943	0.561826
PLAINT	6	15	0	7.14916	0.032924	0.0563833
PLAIT	5	37	4	24.3622	0.11696	0.173924
PLAITS	6	21	3	10.2144	0.147873	0.293296
PLAN	4	67	25	49.8818	0.364031	0.49112
PLANE	5	44	14	28.9483	0.309663	0.471668
PLANER	6	21	1	10.6017	0.0658386	0.121747
PLANES	6	24	6	12.5364	0.24124	0.455969
PLANET	6	20	2	10.6948	0.111426	0.20139
PLANETS	7	12	2	4.59205	0.163299	0.407949
PLANS	5	39	12	27.2516	0.299071	0.430596
PLANT	5	25	8	15.8718	0.305599	0.481077
PLANTS	6	15	3	6.8504	0.196145	0.408432
PLAP	4	19	1	13.4296	0.0896176	0.115941
PLAPS	5	10	1	7.11927	0.128533	0.173809
PLASH	5	23	1	16.454	0.0658215	0.0856923
PLASM	5	17	0	12.2796	0.0365128	0.0405826
PLAST	5	50	14	34.0971	0.275028	0.404314
PLASTE	6	31	6	18.7103	0.192122	0.318172
PLASTER	7	13	5	7.16903	0.335657	0.629922
PLAT	4	81	34	58.6345	0.409536	0.567619
PLATE	5	54	23	35.9156	0.412072	0.622529
PLATED	6	16	6	9.52335	0.340824	0.578172
PLATEN	6	22	0	12.4483	0.0238433	0.0352936
PLATENS	7	10	0	4.26509	0.0389586	0.0902341
PLATER	6	25	11	15.7023	0.408921	0.660112
PLATERS	7	10	6	5.23608	0.484783	0.953843
PLATES	6	31	12	20.2917	0.366642	0.567906
PLATIER	7	10	0	3.19282	0.0389586	0.110379
PLATS	5	51	13	34.3078	0.251695	0.374391
PLATT	5	13	3	9.91935	0.225525	0.301215
PLATY	5	11	1	7.84033	0.119756	0.16102
PLAY	4	22	5	17.8286	0.228925	0.284936
PLAYS	5	13	3	8.98086	0.225525	0.327056
PLEA	4	102	20	75.5129	0.19789	0.2666
PLEAD	5	22	6	15.492	0.26336	0.376939
PLEAED	6	10	0	6.1778	0.0452275	0.0633189
PLEAS	5	55	10	38.9102	0.183372	0.258824
PLEASE	6	19	2	10.8819	0.116405	0.1984
PLEAT	5	48	8	32.1017	0.1695	0.251842
PLEATER	7	11	1	5.21782	0.105429	0.224102
PLEATS	6	33	7	17.2332	0.209048	0.395733
PLEB	4	18	0	13.2245	0.0496597	0.0551072
PLED	4	68	9	52.3093	0.139199	0.179284
PLENIST	7	14	0	5.59746	0.0300325	0.0735535
PLEON	5	23	0	15.8858	0.0282907	0.0323811
PLEONS	6	10	0	5.78296	0.0452275	0.0666514
PLEW	4	17	1	13.7278	0.0978457	0.113852
PLIANT	6	12	1	6.25444	0.104366	0.188127
PLIE	4	82	27	60.978	0.324156	0.437053
PLIED	5	23	7	15.3779	0.291007	0.437103
PLIER	5	37	10	24.5155	0.26458	0.399554
PLIERS	6	11	3	6.69873	0.250706	0.415791
PLIES	5	50	16	35.2902	0.31231	0.445057
PLIM	4	23	1	17.36	0.0767154	0.093363
PLING	5	18	4	10.2787	0.219628	0.374087
PLOAT	5	26	5	18.5279	0.194092	0.272267
PLOATS	6	17	4	10.2242	0.225964	0.376784
PLOD	4	20	5	15.3421	0.247399	0.323939
PLOP	4	12	1	9.39223	0.126995	0.154263
PLOT	4	48	15	37.7538	0.305615	0.391466
PLOTS	5	26	11	18.9623	0.396489	0.553409
PLOY	4	11	0	8.5316	0.0716838	0.0778837
PLU	3	51	3	40.1987	0.0763071	0.0921274
PLUE	4	22	1	17.3593	0.0795796	0.0933662
PLUES	5	15	0	9.72531	0.0404295	0.0494545
PLUG	4	10	1	7.52254	0.144176	0.182142
PLUS	4	25	1	19.2708	0.0715638	0.0852883
PLY	3	35	1	27.7991	0.0563684	0.063771
POA	3	159	40	119.391	0.252662	0.33593
POAS	4	78	10	58.4725	0.134464	0.177572
POCO	4	15	1	11.3754	0.107737	0.132715
POD	3	108	43	82.4287	0.394405	0.517569
PODAL	5	17	1	11.8153	0.0849513	0.114551
PODIA	5	13	0	8.18119	0.0452874	0.0569856
PODS	4	44	10	31.8701	0.22818	0.313733
POEM	4	39	0	30.4384	0.0258413	0.0265872
POEMS	5	17	0	12.7563	0.0365128	0.0392679
POEP	4	12	0	9.15577	0.0674127	0.0738254
POESY	5	12	0	9.42469	0.0481822	0.0507605
POET	4	93	10	71.1979	0.113837	0.147044
POETS	5	54	7	39.4854	0.13451	0.182845
POGO	4	10	1	6.65755	0.144176	0.198761
POH	3	102	4	79.257	0.0490463	0.0603254
POHED	5	14	0	11.0888	0.0427208	0.0442864
POHS	4	38	1	31.1084	0.0498188	0.0555337
POI	3	155	46	119.692	0.296733	0.384226
POIND	5	21	0	14.3742	0.0305865	0.035378
POINDS	6	10	0	6.22344	0.0452275	0.062955
POINT	5	35	9	24.2653	0.252397	0.365232
POINTE	6	20	5	11.1213	0.239742	0.428341
POINTES	7	13	3	3.51352	0.214137	0.688999
POINTS	6	17	6	9.6511	0.3241	0.571676
POIS	4	88	16	65.4205	0.184639	0.247414
POISE	5	50	8	36.5193	0.163181	0.222929
POISED	6	21	1	13.6857	0.0658386	0.097374
POISER	6	22	1	15.0545	0.0632445	0.0894277
POISES	6	17	1	10.9687	0.0787609	0.118226
POL	3	115	57	88.3335	0.488793	0.638122
POLAR	5	20	1	13.0789	0.0741728	0.104926
POLE	4	56	31	42.4513	0.528621	0.70425
POLED	5	23	11	16.7555	0.44113	0.618669
POLEIS	6	13	1	6.37214	0.0979944	0.18539
POLER	5	24	13	16.2464	0.49752	0.74583
POLES	5	30	18	22.6243	0.557407	0.75572
POLEY	5	11	0	7.10819	0.0514722	0.0637295
POLIES	6	18	1	8.82902	0.075077	0.142208
POLIS	5	24	1	15.3155	0.0634405	0.0913404
POLISH	6	10	0	4.97537	0.0452275	0.0746921
POLITE	6	16	1	6.76734	0.0828249	0.176756
POLL	4	15	12	11.3845	0.663757	0.906881
POLO	4	22	4	16.4086	0.191589	0.253977
POLOS	5	10	1	7.05462	0.128533	0.175056
POLS	4	46	8	33.8513	0.179811	0.242251
POLT	4	39	8	29.6436	0.208559	0.273647
POLTED	6	10	2	5.34585	0.194705	0.353867
POLTS	5	21	3	13.4999	0.152316	0.231447
POLY	4	19	0	14.1185	0.0475717	0.0521991
POM	3	76	29	57.9806	0.377183	0.495287
POME	4	41	10	31.6201	0.243132	0.316011
POMES	5	23	1	18.1249	0.0658215	0.0785629
POMO	4	14	1	11.1315	0.113473	0.135035
POMS	4	31	5	23.4708	0.171348	0.223793
PONCE	5	11	2	8.31293	0.18804	0.250967
POND	4	38	15	28.5069	0.377048	0.507005
PONDER	6	15	6	10.1732	0.359367	0.546576
PONDS	5	11	6	8.02127	0.461176	0.659108
PONE	4	88	52	65.8113	0.572639	0.770526
PONES	5	50	25	36.3009	0.480081	0.668535
PONG	4	25	11	17.8935	0.40732	0.57367
PONGS	5	10	4	6.41014	0.348398	0.547013
PONIED	6	13	1	6.58296	0.0979944	0.180682
PONIES	6	21	7	11.3697	0.311943	0.573015
PONS	4	79	23	61.2719	0.288021	0.372641
PONT	4	74	34	57.4301	0.445924	0.578966
PONTAL	6	13	1	5.73577	0.0979944	0.201216
PONTES	6	20	3	11.6727	0.154198	0.261357
PONTIC	6	10	0	4.25135	0.0452275	0.08375
PONTIE	6	17	3	8.15523	0.176897	0.35446
PONTIL	6	12	0	6.42333	0.0393462	0.0614095
PONTS	5	41	16	29.5473	0.375269	0.526181
PONY	4	18	3	13.883	0.181334	0.232514
POO	3	86	67	64.8262	0.757183	1
POOD	4	21	7	16.6663	0.315373	0.40455
POODS	5	10	1	7.31092	0.128533	0.170216
POOED	5	11	6	7.99452	0.461176	0.660879
POOH	4	24	0	19.4802	0.039308	0.0396504
POOL	4	21	11	15.7114	0.470511	0.64121
POOLS	5	11	7	9.09781	0.52946	0.685377
POON	4	31	17	24.4903	0.506698	0.65479
POONS	5	18	12	13.9972	0.589233	0.788289
POOR	4	41	9	31.7807	0.22129	0.285645
POORI	5	14	1	8.75823	0.0993949	0.147228
POORT	5	24	0	17.3586	0.0272673	0.0299123
POORTS	6	13	0	7.81216	0.0369441	0.0524612
POOS	4	48	23	37.2927	0.457177	0.595389
POOT	4	49	26	38.309	0.504456	0.653615
POOTER	6	11	5	8.65506	0.389789	0.53017
POOTS	5	29	15	21.3592	0.482583	0.668066
POP	3	28	15	21.8896	0.505161	0.654532
POPE	4	15	10	11.5128	0.562662	0.759252
POPES	5	10	7	7.77844	0.568263	0.778245
POPS	4	18	7	14.2573	0.3569	0.461609
PORAE	5	41	0	29.12	0.0168843	0.0185923
PORAES	6	18	0	11.7083	0.0283042	0.0372389
PORAL	5	24	3	16.7426	0.135787	0.191315
PORCH	5	13	0	8.75626	0.0452874	0.0539272
PORE	4	137	84	102.362	0.600433	0.807
PORED	5	46	15	34.9452	0.317331	0.42212
PORER	5	27	5	19.0238	0.187758	0.265834
PORERS	6	15	1	9.89949	0.0873312	0.129106
PORES	5	80	53	62.1417	0.642644	0.835843
PORGE	5	10	1	7.32864	0.128533	0.169891
PORIER	6	13	0	7.08204	0.0369441	0.0568133
PORIEST	7	17	0	3.58441	0.0256285	0.102058
PORIN	5	33	6	20.9049	0.184305	0.287699
PORINA	6	15	0	8.1716	0.032924	0.0505547
PORING	6	10	7	6.36436	0.568399	0.927834
PORINS	6	11	1	6.52523	0.111624	0.181948
PORN	4	62	15	46.3483	0.241548	0.323042
PORNO	5	14	3	10.0842	0.212743	0.297092
PORNS	5	26	7	20.0963	0.261557	0.343589
POROSE	6	16	0	10.1332	0.0312252	0.0421875
PORT	4	106	45	79.3883	0.416411	0.558128
PORTA	5	53	10	36.3531	0.189846	0.276099
PORTAL	6	14	4	9.26299	0.264969	0.409763
PORTAS	6	26	5	15.443	0.190781	0.320477
PORTED	6	17	7	12.8642	0.373168	0.514292
PORTER	6	13	4	9.24372	0.281145	0.410484
PORTS	5	60	26	43.1097	0.420362	0.589724
PORY	4	19	0	14.1623	0.0475717	0.0520645
POS	3	228	141	174.736	0.612747	0.801031
POSE	4	145	89	111.116	0.601745	0.78888
POSED	5	53	32	40.4781	0.578232	0.76768
POSER	5	71	36	54.2553	0.492383	0.65069
POSERS	6	19	9	12.9331	0.429185	0.648371
POSES	5	40	25	32.599	0.590078	0.740151
POSEY	5	11	0	8.14845	0.0514722	0.0571702
POSH	4	56	15	46.2683	0.265391	0.323568
POSHER	6	12	3	7.87364	0.234405	0.364865
POSHES	6	10	4	6.98067	0.344183	0.517263
POSHO	5	12	0	9.63149	0.0481822	0.0498549
POSIER	6	23	5	13.4533	0.212477	0.362503
POSIES	6	22	10	13.9651	0.417855	0.669467
POSIEST	7	12	3	5.4001	0.22799	0.503575
POSING	6	12	5	7.79974	0.364445	0.577809
POSIT	5	52	7	33.2322	0.139345	0.215335
POSITED	7	13	1	3.57772	0.0926172	0.294951
POSITS	6	17	2	8.0582	0.127829	0.255698
POSNETS	7	11	0	4.00303	0.036264	0.0944469
POSS	4	36	15	27.5818	0.395538	0.522431
POSSE	5	28	13	20.1503	0.434631	0.614132
POSSED	6	11	8	7.27303	0.598413	0.945283
POSSER	6	11	4	5.66509	0.320248	0.60942
POSSET	6	14	3	8.29026	0.207431	0.349678
POSSIE	6	16	5	7.70616	0.289224	0.583546
POST	4	120	73	92.3144	0.59408	0.776608
POSTAL	6	21	3	13.5795	0.147873	0.228782
POSTED	6	20	13	13.1207	0.581915	0.909724
POSTER	6	30	21	20.1225	0.647249	0.984367
POSTIE	6	28	10	15.8919	0.337959	0.596223
POSTIES	7	12	6	4.93771	0.422062	0.997309
POSTIL	6	14	0	6.9915	0.0348184	0.0574038
POSTIN	6	22	2	11.2613	0.102646	0.1926
POSTS	5	31	17	22.4843	0.512453	0.719139
POSY	4	16	0	12.2099	0.0544384	0.0588267
POT	3	201	125	156.044	0.6154	0.794551
POTAE	5	45	1	32.9902	0.0360532	0.0451467
POTAES	6	25	0	15.0642	0.0213229	0.0297927
POTALE	6	13	0	6.94949	0.0369441	0.0576821
POTASH	6	15	0	7.91911	0.032924	0.0518791
POTE	4	115	63	88.3113	0.535394	0.700992
POTED	5	31	7	23.1219	0.223809	0.30214
POTEEN	6	12	0	6.16837	0.0393462	0.0633946
POTENT	6	15	0	8.82775	0.032924	0.0474095
POTES	5	70	32	55.1717	0.444754	0.570236
POTHER	6	16	4	9.67521	0.237624	0.394939
POTIN	5	44	3	29.6556	0.0787872	0.113171
POTINS	6	19	1	10.6074	0.0717223	0.121691
POTS	4	108	57	82.2632	0.515425	0.680304
POTSIE	6	24	0	12.3195	0.0221016	0.0356175
POTT	4	22	14	16.7238	0.564953	0.761479
POUR	4	25	13	19.4255	0.474472	0.624062
POURS	5	13	9	9.90173	0.585999	0.80755
POUT	4	38	15	29.55	0.377048	0.490669
POUTER	6	11	6	7.96834	0.45933	0.67098
POUTS	5	22	9	16.5648	0.380343	0.517066
POW	3	35	15	25.8652	0.414663	0.562621
POWN	4	11	2	8.39856	0.198398	0.257039
POWS	4	12	4	9.02049	0.305742	0.412413
POYSE	5	10	0	7.30597	0.0552445	0.062369
PRAD	4	45	5	33.8756	0.123162	0.160343
PRADS	5	18	1	11.9958	0.0810265	0.113069
PRAISE	6	27	6	16.4288	0.217418	0.35817
PRAM	4	52	8	39.1879	0.160811	0.211477
PRAMS	5	19	2	12.5322	0.121609	0.177893
PRANA	5	15	0	10.1785	0.0404295	0.047608
PRANG	5	15	2	9.52254	0.147698	0.224526
PRAO	4	79	0	59.4626	0.0135041	0.0141979
PRAOS	5	30	0	19.9004	0.0224046	0.0264341
PRASE	5	64	5	45.3181	0.0850591	0.117982
PRASES	6	10	1	5.46182	0.119966	0.208892
PRAT	4	140	49	99.4454	0.346251	0.487779
PRATE	5	81	32	53.606	0.386956	0.586305
PRATED	6	22	6	14.1326	0.260251	0.410053
PRATER	6	24	5	15.8091	0.204717	0.313783
PRATERS	7	10	2	4.38444	0.187567	0.422078
PRATES	6	49	20	30.3181	0.393379	0.639883
PRATIE	6	27	0	14.6614	0.0199191	0.0305254
PRATIES	7	13	0	5.60726	0.0318572	0.0734537
PRATING	7	10	5	6.39106	0.410479	0.691171
PRATS	5	88	25	56.365	0.281018	0.43855
PRATT	5	26	3	17.2242	0.126626	0.186512
PRATTS	6	14	2	7.47063	0.149894	0.272047
PRATY	5	12	0	7.77014	0.0481822	0.0593933
PRAU	4	33	0	25.6323	0.0299448	0.0310778
PRAUS	5	12	0	7.78794	0.0481822	0.0592848
PRAY	4	33	7	24.6077	0.215211	0.287429
PRAYS	5	12	5	8.46463	0.367778	0.535133
PRE	3	343	98	262.703	0.285825	0.373105
PREASE	6	21	1	12.3442	0.0658386	0.106663
PRECIS	6	14	0	8.21356	0.0348184	0.0503411
PREE	4	80	17	59.1621	0.213856	0.288527
PREED	5	32	2	22.6803	0.0772568	0.104624
PREEN	5	43	3	30.1783	0.0804763	0.11133
PREENS	6	18	1	10.9644	0.075077	0.118266
PREES	5	52	14	36.8257	0.265143	0.375869
PREIF	5	17	0	12.0596	0.0365128	0.0412194
PRELATE	7	10	1	4.05436	0.113263	0.270132
PREM	4	72	3	55.3007	0.0538061	0.0668287
PREMAN	6	18	0	10.0835	0.0283042	0.0423655
PREMIA	6	11	0	5.10892	0.0420824	0.0732312
PREMS	5	21	1	15.5888	0.0711632	0.0899176
PRENT	5	49	6	31.5602	0.12829	0.196243
PRENTS	6	26	3	15.8479	0.122708	0.199239
PREON	5	47	0	31.2187	0.014884	0.0174162
PREONS	6	17	0	9.61273	0.029693	0.0441253
PREP	4	41	1	30.9763	0.0465543	0.0557506
PREPS	5	17	1	11.2114	0.0849513	0.119804
PRESA	5	73	1	53.2105	0.0228822	0.0285998
PRESALE	7	10	0	3.78893	0.0389586	0.0981923
PRESE	5	53	6	39.9905	0.119231	0.156805
PRESES	6	12	1	7.36012	0.104366	0.165216
PRESET	6	33	5	20.5266	0.154072	0.24724
PRESS	5	27	3	19.6008	0.122494	0.165952
PREST	5	100	5	71.3399	0.0555146	0.0760973
PRESTO	6	34	0	20.7416	0.0161889	0.022262
PRESTS	6	14	0	7.18671	0.0348184	0.0561456
PRETOR	6	23	0	16.2773	0.0229395	0.0277843
PRETORS	7	10	0	5.15705	0.0389586	0.0783405
PREY	4	29	1	21.7968	0.0630906	0.0765375
PREYS	5	11	0	8.89595	0.0514722	0.0532332
PRIAL	5	28	0	17.1979	0.0238206	0.0301633
PRIALS	6	12	0	6.77422	0.0393462	0.0588724
PRICE	5	18	3	12.1648	0.173428	0.253326
PRICES	6	10	2	5.67412	0.194705	0.338154
PRIDE	5	44	7	30.3553	0.162742	0.234507
PRIDES	6	18	4	11.3125	0.215395	0.345319
PRIED	5	47	10	31.183	0.212338	0.319171
PRIER	5	35	5	20.9562	0.14889	0.243415
PRIERS	6	12	2	6.29819	0.169386	0.311832
PRIES	5	66	20	46.7839	0.297995	0.422174
PRIEST	6	36	1	19.5326	0.0407604	0.0705838
PRIG	4	28	2	20.7672	0.0955182	0.122269
PRIM	4	36	10	27.3183	0.272939	0.361113
PRIMA	5	18	7	12.0559	0.35823	0.540713
PRIME	5	19	8	13.4855	0.386571	0.555411
PRIMES	6	12	5	6.83482	0.364445	0.64299
PRIMO	5	16	1	11.1785	0.0892757	0.120104
PRIMS	5	18	2	13.2447	0.127227	0.169557
PRINT	5	29	3	18.898	0.114989	0.171543
PRINTS	6	13	2	7.52463	0.159045	0.270458
PRION	5	32	2	20.8529	0.0772568	0.113005
PRIONS	6	14	1	7.22102	0.092356	0.167787
PRIOR	5	17	1	11.0559	0.0849513	0.121235
PRISE	5	59	7	41.9812	0.123774	0.172459
PRISED	6	15	2	8.97783	0.141738	0.233716
PRISER	6	15	0	8.56255	0.032924	0.0486324
PRISES	6	17	4	9.47606	0.225964	0.401964
PRISM	5	15	0	9.59224	0.0404295	0.0500242
PRISON	6	19	0	9.2135	0.0270395	0.0457367
PRISS	5	16	1	10.7056	0.0892757	0.124589
PRO	3	217	77	168.503	0.353739	0.455857
PROA	4	87	7	65.4739	0.0885935	0.115442
PROAS	5	40	0	28.5138	0.0172712	0.0189622
PROB	4	15	2	11.3892	0.158285	0.20295
PROD	4	55	10	41.5198	0.186196	0.24546
PRODS	5	17	5	14.3863	0.278705	0.341258
PROEM	5	22	0	17.8201	0.0293938	0.0292144
PROEMS	6	10	0	6.91635	0.0452275	0.0579034
PROF	4	21	0	15.5269	0.0438816	0.0481927
PROG	4	26	3	19.508	0.134209	0.173944
PROGS	5	11	1	8.08514	0.119756	0.157095
PROIN	5	40	1	26.833	0.0401835	0.0548015
PROINE	6	20	0	9.72378	0.0258829	0.0436971
PROINES	7	10	0	2.97627	0.0389586	0.115591
PROINS	6	20	0	10.0802	0.0258829	0.0423771
PROLE	5	27	0	19.5021	0.0245979	0.0269247
PROLED	6	12	0	7.21291	0.0393462	0.0559809
PROLER	6	11	0	6.29336	0.0420824	0.0624056
PROLES	6	15	0	9.56533	0.032924	0.0443107
PROM	4	44	8	34.0245	0.187183	0.241112
PROMS	5	15	2	10.9233	0.147698	0.200112
PRONE	5	48	14	32.272	0.285679	0.425871
PRONER	6	10	1	6.01493	0.119966	0.193953
PRONES	6	23	7	12.9086	0.288293	0.512731
PRONEST	7	11	1	3.79527	0.105429	0.28308
PRONG	5	10	3	6.91846	0.27511	0.40304
PRONTO	6	10	0	4.23245	0.0452275	0.0840158
PROO	4	38	9	30.0402	0.236807	0.300774
PROP	4	15	0	11.5341	0.0571901	0.0615956
PRORE	5	31	0	23.0604	0.0217579	0.0230953
PRORES	6	16	0	10.1919	0.0312252	0.0419798
PROS	4	112	40	85.6139	0.352202	0.462301
PROSE	5	61	22	45.8067	0.351982	0.472683
PROSED	6	21	7	13.0143	0.311943	0.509052
PROSER	6	19	2	10.4166	0.116405	0.206007
PROSES	6	15	8	8.74565	0.468181	0.81226
PROSIT	6	24	1	11.5948	0.0586247	0.112666
PROSO	5	17	0	13.2865	0.0365128	0.0379022
PROSS	5	21	1	13.5345	0.0711632	0.10184
PROST	5	53	9	35.8795	0.172192	0.253126
PROSTIE	7	12	0	4.32829	0.0339181	0.0892737
PROTEA	6	23	0	13.0305	0.0229395	0.0339006
PROTEI	6	18	1	9.93403	0.075077	0.128723
PROTEIN	7	10	1	4.7373	0.113263	0.241067
PROTO	5	21	3	15.2828	0.152316	0.207513
PROW	4	18	2	13.5274	0.137443	0.176409
PRUDE	5	15	2	9.80939	0.147698	0.219053
PRUH	4	15	0	11.4707	0.0571901	0.061869
PRUNE	5	13	2	8.38713	0.165446	0.249167
PRUNT	5	10	0	5.23917	0.0552445	0.0802779
PRUTA	5	15	0	10.4344	0.0404295	0.0466248
PRY	3	46	1	36.3497	0.0439857	0.0497161
PRYS	4	11	0	7.71945	0.0716838	0.0838837
PSALTER	7	12	1	4.91329	0.0986087	0.234564
PSEUD	5	20	0	14.8696	0.0318801	0.0343365
PSI	3	255	0	198.111	0.00464168	0.00463107
PSIS	4	46	0	35.8702	0.0222793	0.0228548
PSOAS	5	16	0	10.8653	0.0383715	0.0450581
PSORA	5	39	0	27.1801	0.0176762	0.0198301
PSORAS	6	14	0	8.0501	0.0348184	0.0511834
PSST	4	41	0	30.6796	0.0247124	0.0263958
PST	3	256	4	201.607	0.0200041	0.0241544
PTERIN	6	27	0	15.6025	0.0199191	0.0288668
PTERINS	7	13	0	4.31301	0.0318572	0.0895041
PTISAN	6	18	0	10.3586	0.0283042	0.0414004
PTOSES	6	11	0	7.2794	0.0420824	0.0555673
PTOSIS	6	14	0	7.42925	0.0348184	0.0546571
PUB	3	22	2	17.3037	0.122825	0.148292
PUBE	4	11	1	8.17192	0.135041	0.171384
PUD	3	46	9	34.0446	0.203749	0.272088
PUDS	4	15	2	10.3984	0.158285	0.218159
PUER	4	58	1	43.4803	0.0339487	0.0406954
PUERS	5	22	0	16.5393	0.0293938	0.0312371
PUG	3	20	9	15.3857	0.423799	0.556788
PUGS	4	10	5	7.36963	0.414748	0.577323
PUH	3	43	2	33.0765	0.068032	0.0824478
PUHA	4	15	0	10.7	0.0571901	0.0653951
PUIR	4	21	0	16.2198	0.0438816	0.0464391
PUL	3	50	23	38.3841	0.447582	0.58605
PULA	4	28	3	20.3007	0.126021	0.167982
PULAS	5	13	1	8.20487	0.105366	0.155244
PULE	4	27	9	20.9877	0.318764	0.415124
PULER	5	15	1	10.5648	0.0940639	0.12599
PULES	5	18	7	13.4342	0.35823	0.492296
PULI	4	14	4	11.0687	0.273188	0.351606
PULIS	5	10	4	7.72873	0.348398	0.472557
PULS	4	24	4	17.8046	0.178277	0.236789
PULSE	5	19	2	14.3044	0.121609	0.158508
PULSER	6	13	1	8.76223	0.0979944	0.143115
PUMA	4	11	0	8.59919	0.0716838	0.0774228
PUN	3	72	44	56.5033	0.594192	0.762153
PUNA	4	31	1	24.4963	0.0595644	0.0689746
PUNAS	5	16	0	12.1313	0.0383715	0.0410096
PUNG	4	11	2	7.80482	0.198398	0.271399
PUNIER	6	11	1	6.43145	0.111624	0.184041
PUNS	4	35	14	27.694	0.380344	0.487742
PUNT	4	35	18	28.2862	0.480888	0.607037
PUNTO	5	16	0	11.2201	0.0383715	0.0438453
PUNTS	5	22	9	15.9483	0.380343	0.534866
PUR	3	85	45	66.4395	0.518698	0.666736
PURE	4	57	26	43.3695	0.439137	0.582009
PURED	5	19	5	12.1646	0.25409	0.394939
PUREE	5	10	2	6.59761	0.201821	0.30128
PURES	5	30	21	22.7279	0.646574	0.874074
PUREST	6	12	6	7.7119	0.429465	0.689225
PURI	4	29	6	22.396	0.211092	0.272984
PURIN	5	14	2	9.19485	0.156069	0.231123
PURIS	5	15	1	9.58243	0.0940639	0.136714
PURL	4	18	3	14.2446	0.181334	0.227588
PURS	4	43	17	34.6272	0.379449	0.477552
PURSE	5	26	12	20.3448	0.430221	0.563941
PUS	3	103	43	80.7385	0.412822	0.528086
PUSES	5	17	0	13.9552	0.0365128	0.0363096
PUSH	4	22	7	17.2074	0.303598	0.393622
PUSLE	5	14	0	10.7417	0.0427208	0.0454969
PUSS	4	23	14	18.533	0.544619	0.696969
PUSSER	6	10	4	6.36546	0.344183	0.556625
PUT	3	83	36	65.9973	0.427252	0.539549
PUTOIS	6	10	0	4.63386	0.0452275	0.0787073
PUTON	5	11	1	7.53381	0.119756	0.166219
PUTS	4	48	19	39.204	0.381396	0.473135
PUTT	4	14	9	11.4454	0.539379	0.692754
PUY	3	19	0	14.8161	0.0521166	0.0538038
PWN	3	17	0	14.3557	0.0570626	0.0552782
PYA	3	45	1	34.2666	0.044882	0.0525369
PYAS	4	18	0	13.6114	0.0496597	0.05381
PYAT	4	24	0	18.4681	0.039308	0.0415352
PYATS	5	13	0	8.98831	0.0452874	0.052784
PYE	3	44	8	34.0968	0.191424	0.244334
PYES	4	29	4	22.5474	0.151891	0.192522
PYET	4	14	1	10.8623	0.113473	0.137691
PYIN	4	12	1	9.69075	0.126995	0.150583
PYNE	4	20	0	15.4747	0.0456522	0.0483303
PYNES	5	13	0	9.73437	0.0452874	0.0494162
PYRAN	5	10	0	7.33402	0.0552445	0.0621807
PYRE	4	28	2	21.6401	0.0955182	0.117906
PYRES	5	16	1	11.7087	0.0892757	0.115445
PYRO	4	27	0	20.781	0.0355977	0.0374652
PYROS	5	13	0	9.50784	0.0452874	0.0503925
QUA	3	16	11	13.0133	0.607878	0.7716
RABAT	5	14	0	9.63753	0.0427208	0.0498289
RABI	4	81	11	61.4562	0.141419	0.184886
RABIC	5	10	0	5.75649	0.0552445	0.074895
RABID	5	28	2	17.9644	0.0870223	0.129389
RABIES	6	22	3	12.2612	0.142047	0.250356
RABIS	5	35	2	22.8401	0.0712593	0.10395
RABONA	6	11	0	7.59555	0.0420824	0.0536812
RACA	4	76	5	58.4293	0.0758994	0.0960673
RACE	4	191	99	145.306	0.51144	0.674305
RACED	5	60	32	45.2484	0.514635	0.690105
RACER	5	57	28	41.1138	0.474135	0.663483
RACERS	6	28	15	18.9317	0.497297	0.75058
RACES	5	108	60	81.7593	0.544171	0.723594
RACH	4	123	48	94.0872	0.38449	0.50443
RACHE	5	55	22	39.993	0.387994	0.538187
RACHES	6	31	13	18.5196	0.395729	0.667041
RACHET	6	31	10	19.6055	0.308469	0.492392
RACHETS	7	19	6	7.08796	0.290509	0.750763
RACHIS	6	16	0	8.35852	0.0312252	0.049617
RACIAL	6	15	0	6.78188	0.032924	0.0588193
RACIER	6	23	1	12.3697	0.0608471	0.106469
RACIEST	7	19	4	6.0836	0.201455	0.588815
RACING	6	13	7	6.96985	0.464296	0.863177
RACISM	6	13	0	7.96594	0.0369441	0.0516282
RACIST	6	34	2	19.0044	0.0696936	0.120637
RACK	4	26	16	18.6493	0.556513	0.786336
RACKS	5	12	7	8.65076	0.495617	0.714257
RACON	5	53	6	33.6349	0.119231	0.184804
RACONS	6	28	2	12.8829	0.0830193	0.171211
RACOON	6	14	1	6.04355	0.092356	0.193238
RACY	4	43	4	32.9013	0.107389	0.136723
RAD	3	476	209	361.391	0.437854	0.576984
RADAR	5	15	0	11.0324	0.0404295	0.0444786
RADARS	6	10	0	6.33745	0.0452275	0.0620641
RADE	4	293	108	214.32	0.366479	0.501442
RADGE	5	27	5	18.4279	0.187758	0.273603
RADGES	6	14	2	6.59193	0.149894	0.300811
RADIAL	6	10	0	5.98551	0.0452275	0.0648991
RADIAN	6	15	1	8.50478	0.0873312	0.146718
RADIATE	7	12	1	6.61612	0.0986087	0.186009
RADII	5	16	0	10.3198	0.0383715	0.0470599
RADIO	5	46	0	30.0388	0.0151838	0.0180584
RADIOS	6	21	0	10.7056	0.0248213	0.0402441
RADISH	6	19	0	10.192	0.0270395	0.0419795
RADON	5	58	3	38.3103	0.060894	0.0888483
RADONS	6	32	3	15.1929	0.101898	0.206956
RADS	4	196	65	147.828	0.329367	0.437331
RAFF	4	22	9	17.1765	0.378271	0.494232
RAFT	4	70	31	54.8534	0.429659	0.552816
RAFTER	6	15	8	10.6753	0.468181	0.685799
RAFTS	5	35	16	25.0714	0.433534	0.61331
RAG	3	273	134	211.64	0.487965	0.630254
RAGA	4	42	6	31.0344	0.152435	0.203334
RAGAS	5	20	3	13.7612	0.158758	0.2276
RAGDE	5	32	0	20.794	0.0211475	0.0253959
RAGE	4	143	78	106.187	0.535455	0.723647
RAGED	5	50	18	34.0982	0.349592	0.515238
RAGEE	5	33	0	24.6295	0.0205704	0.0217324
RAGEES	6	21	0	13.0166	0.0248213	0.0339326
RAGER	5	43	24	28.788	0.530688	0.799366
RAGERS	6	16	9	9.52877	0.495623	0.844614
RAGES	5	80	46	56.0134	0.558957	0.803454
RAGG	4	18	8	13.0061	0.400791	0.561273
RAGI	4	105	11	77.0263	0.110503	0.148835
RAGIS	5	50	7	33.1435	0.14454	0.215879
RAGMEN	6	11	0	6.84877	0.0420824	0.0583601
RAGS	4	108	48	79.8996	0.435626	0.590944
RAGU	4	41	0	32.5232	0.0247124	0.025019
RAGUS	5	14	0	8.51561	0.0427208	0.0551662
RAH	3	433	26	336.315	0.0622378	0.0794919
RAHED	5	62	0	46.4172	0.011483	0.0119445
RAHING	6	14	0	9.68074	0.0348184	0.0438621
RAHS	4	163	4	125.345	0.0305836	0.0381088
RAHUI	5	13	0	9.65948	0.0452874	0.0497348
RAI	3	762	525	586.408	0.686882	0.893139
RAIA	4	126	1	93.3235	0.0162973	0.0195985
RAIAS	5	69	0	44.9894	0.0103765	0.0123077
RAID	4	208	97	153.261	0.46118	0.627125
RAIDED	6	11	2	7.52404	0.181165	0.270475
RAIDER	6	51	26	34.0233	0.489246	0.74142
RAIDERS	7	22	12	13.5819	0.491956	0.824786
RAIDS	5	95	51	66.7956	0.524648	0.750177
RAIK	4	39	6	28.3957	0.162879	0.220521
RAIKS	5	13	3	8.94785	0.225525	0.328046
RAIL	4	248	132	180.589	0.526662	0.724514
RAILE	5	121	61	79.0472	0.495438	0.760165
RAILED	6	42	25	30.2491	0.564239	0.797672
RAILER	6	43	19	27.1464	0.422707	0.67555
RAILERS	7	18	10	10.1919	0.490456	0.892233
RAILES	6	59	35	37.5306	0.570779	0.904467
RAILS	5	95	61	64.3767	0.626022	0.928281
RAIN	4	374	226	270.656	0.599634	0.829624
RAINE	5	205	108	133.595	0.521239	0.800997
RAINED	6	64	39	40.911	0.587788	0.926578
RAINES	6	116	65	68.3537	0.549549	0.934743
RAINIER	7	10	0	3.95625	0.0389586	0.0952407
RAINIEST	8	11	0	4.79692	0.036264	0.082744
RAINS	5	153	100	100.577	0.643199	0.980902
RAINY	5	27	0	17.1571	0.0245979	0.0302277
RAIRD	5	46	0	30.3045	0.0151838	0.0179097
RAIRDS	6	19	0	11.5418	0.0270395	0.0377063
RAIS	4	387	163	281.819	0.418934	0.575756
RAISE	5	223	108	152.843	0.479843	0.701402
RAISED	6	66	26	43.7401	0.38347	0.582942
RAISER	6	75	36	49.5546	0.467022	0.711867
RAISERS	7	16	6	7.6551	0.335299	0.704807
RAISES	6	48	26	29.3491	0.517812	0.852964
RAISIN	6	20	2	12.7616	0.111426	0.172645
RAIT	4	380	187	276.872	0.488928	0.671749
RAITA	5	101	0	63.574	0.00720339	0.00881733
RAITAS	6	37	0	20.0732	0.0149862	0.0229447
RAITED	6	58	23	37.5161	0.384574	0.598955
RAITS	5	197	117	130.687	0.586877	0.886402
RAKE	4	48	36	34.9027	0.703467	0.977703
RAKED	5	14	11	10.6194	0.666136	0.920478
RAKER	5	18	11	13.0261	0.543033	0.772641
RAKES	5	26	20	19.691	0.700084	0.950491
RAKI	4	33	10	24.3396	0.294611	0.400713
RAKIS	5	16	5	11.4008	0.292893	0.41752
RALE	4	344	145	248.702	0.418975	0.579999
RALES	5	174	77	122.192	0.437693	0.624871
RALLIED	7	11	7	7.06778	0.520418	0.867744
RALLIER	7	11	8	8.57631	0.589583	0.837407
RALLIES	7	14	10	10.214	0.602829	0.890567
RALLY	5	14	4	9.03916	0.269417	0.41625
RALPH	5	13	0	9.03467	0.0452874	0.0525615
RAM	3	347	153	268.139	0.439231	0.568872
RAMAL	5	23	0	15.7406	0.0282907	0.0326469
RAMATE	6	15	0	7.62353	0.032924	0.0535204
RAMEAL	6	10	0	4.87043	0.0452275	0.0758816
RAMEE	5	36	0	25.8327	0.0190138	0.0207915
RAMEES	6	25	0	16.8111	0.0213229	0.026984
RAMEN	5	77	16	52.9218	0.207748	0.302072
RAMENS	6	32	9	19.4272	0.271486	0.449254
RAMET	5	84	2	58.8922	0.03142	0.042363
RAMETS	6	39	2	27.0774	0.0614711	0.0868171
RAMI	4	137	20	97.5836	0.14904	0.207998
RAMIE	5	61	5	39.4255	0.0890064	0.134782
RAMIES	6	25	2	14.6853	0.0917952	0.1524
RAMIN	5	62	13	37.6294	0.209519	0.342978
RAMINS	6	24	4	12.3179	0.168194	0.320585
RAMIS	5	68	7	43.0714	0.108226	0.168284
RAMONA	6	17	0	7.9887	0.029693	0.0515072
RAMP	4	48	15	35.5482	0.305615	0.413967
RAMPER	6	11	3	7.18738	0.250706	0.392979
RAMPS	5	18	8	12.8688	0.404431	0.578509
RAMS	4	144	44	107.782	0.303336	0.40581
RAMSON	6	12	0	5.19592	0.0393462	0.0723098
RAMTIL	6	11	0	4.96922	0.0420824	0.0747608
RAMUS	5	17	1	11.8727	0.0849513	0.114076
RAN	3	734	450	566.788	0.611324	0.792167
RANA	4	141	12	102.981	0.0900748	0.121775
RANAS	5	69	7	45.6449	0.106736	0.159186
RANCE	5	66	6	44.3326	0.096975	0.142096
RANCED	6	21	1	11.7725	0.0658386	0.111183
RANCEL	6	13	0	5.23809	0.0369441	0.0718714
RANCES	6	30	3	16.4581	0.108003	0.192551
RANCH	5	47	11	30.9289	0.232083	0.352043
RANCHER	7	11	3	5.0015	0.243759	0.533935
RANCHO	6	14	1	7.66547	0.092356	0.15984
RANCID	6	15	0	6.89073	0.032924	0.0580758
RANCOR	6	13	0	7.33309	0.0369441	0.0552377
RAND	4	183	103	138.886	0.554529	0.733083
RANDEMS	7	11	0	5.06404	0.036264	0.0794323
RANDIE	6	36	15	22.5881	0.396271	0.637674
RANDIER	7	15	5	8.29405	0.299288	0.558368
RANDIES	7	20	11	9.59157	0.49127	1
RANDOM	6	13	1	7.37596	0.0979944	0.164928
RANDS	5	80	46	56.9007	0.558957	0.791341
RANDY	5	12	2	8.59118	0.176021	0.244348
RANEE	5	75	0	49.6595	0.00958484	0.0111942
RANEES	6	37	0	21.9384	0.0149862	0.0211357
RANG	4	145	78	103.736	0.528305	0.740292
RANGA	5	31	5	19.4928	0.16608	0.260022
RANGAS	6	13	2	8.4662	0.159045	0.245456
RANGE	5	64	28	41.406	0.425071	0.659013
RANGED	6	19	8	13.7644	0.384502	0.548978
RANGER	6	19	8	11.8711	0.384502	0.625455
RANGES	6	36	18	22.3924	0.472452	0.767271
RANGI	5	61	10	34.4206	0.166352	0.290766
RANGIS	6	31	7	17.9359	0.221209	0.381586
RANGS	5	56	31	36.1347	0.532382	0.828959
RANGY	5	11	0	6.14689	0.0514722	0.0712877
RANI	4	361	37	260.597	0.104246	0.143817
RANID	5	97	2	61.0019	0.0273616	0.0409435
RANIDS	6	48	1	27.1059	0.0312406	0.052039
RANINE	6	39	4	22.372	0.108663	0.186793
RANIS	5	185	17	114.358	0.0941123	0.151121
RANK	4	27	15	18.594	0.507541	0.741678
RANKE	5	10	2	6.18074	0.201821	0.316711
RANSOM	6	21	0	10.1498	0.0248213	0.0421287
RANT	4	314	165	234.911	0.521142	0.697773
RANTED	6	41	17	27.7164	0.396691	0.594522
RANTER	6	55	27	36.0859	0.472853	0.72742
RANTERS	7	19	9	9.0999	0.424091	0.889839
RANTS	5	164	91	114.618	0.547311	0.785557
RAP	3	291	132	222.071	0.451421	0.592064
RAPE	4	145	78	106.842	0.528305	0.71932
RAPED	5	33	16	23.2666	0.457195	0.657193
RAPER	5	37	21	24.8364	0.535218	0.805293
RAPERS	6	18	7	11.6931	0.355714	0.559196
RAPES	5	84	54	60.1393	0.624724	0.878899
RAPHE	5	33	0	25.4992	0.0205704	0.0210441
RAPHES	6	17	0	10.3204	0.029693	0.0415316
RAPHIS	6	11	0	7.46517	0.0420824	0.0544433
RAPID	5	14	0	9.53205	0.0427208	0.0502863
RAPIER	6	15	0	8.78953	0.032924	0.047582
RAPINE	6	23	1	13.2233	0.0608471	0.100387
RAPINES	7	11	1	4.31507	0.105429	0.258246
RAPING	6	16	13	10.2471	0.702022	1
RAPIST	6	23	2	13.9916	0.0987547	0.159129
RAPS	4	124	39	90.6839	0.311619	0.42654
RAPT	4	107	14	78.4199	0.135364	0.183208
RARE	4	203	105	150.454	0.510779	0.690803
RARED	5	71	29	49.6149	0.398605	0.573508
RAREE	5	33	0	23.7523	0.0205704	0.0224739
RARES	5	134	71	96.8737	0.521297	0.724235
RAREST	6	73	24	47.5741	0.322141	0.497028
RARING	6	19	8	11.0721	0.384502	0.664524
RARK	4	17	2	13.0571	0.143752	0.181633
RAS	3	898	472	695.995	0.524572	0.67712
RASCAL	6	10	0	5.9203	0.0452275	0.0654532
RASE	4	542	233	406.533	0.428198	0.571348
RASED	5	172	71	126.521	0.408517	0.557112
RASER	5	169	56	119.715	0.328732	0.464996
RASERS	6	31	9	18.8729	0.279382	0.461347
RASES	5	130	64	96.1756	0.484522	0.658056
RASH	4	219	73	168.857	0.331264	0.43036
RASHED	6	30	8	21.894	0.257794	0.359971
RASHER	6	27	10	17.6611	0.349084	0.541795
RASHES	6	33	14	22.1818	0.401461	0.606676
RASHEST	7	12	0	6.06606	0.0339181	0.0690634
RASHIE	6	33	7	19.9365	0.209048	0.346333
RASHIES	7	12	3	5.08306	0.22799	0.527429
RASHING	7	10	2	5.48848	0.187567	0.356431
RASING	6	39	22	23.9303	0.533393	0.877219
RASP	4	122	23	90.0028	0.190336	0.257303
RASPED	6	18	6	11.6904	0.308941	0.484734
RASPER	6	22	2	13.1562	0.102646	0.168066
RASPS	5	22	3	15.7151	0.146377	0.202437
RASPY	5	12	1	8.62632	0.112101	0.149063
RASSE	5	90	14	62.6714	0.157551	0.225558
RASSLE	6	18	1	10.6458	0.075077	0.121313
RAST	4	469	234	352.726	0.496285	0.660625
RASTA	5	129	5	89.3713	0.0433775	0.0610733
RASTER	6	83	40	59.4425	0.470076	0.662182
RASTERS	7	23	12	13.1516	0.473362	0.848829
RAT	3	929	621	712.597	0.666831	0.869777
RATA	4	179	15	130.231	0.087774	0.119383
RATAL	5	57	1	36.5101	0.0289192	0.0410157
RATALS	6	19	2	10.7468	0.116405	0.200551
RATAN	5	71	10	45.168	0.144066	0.224455
RATANS	6	36	7	21.4471	0.193122	0.32375
RATAS	5	88	9	59.8441	0.106431	0.154974
RATCH	5	51	28	36.4509	0.526195	0.744029
RATCHES	7	10	7	5.91553	0.559088	1
RATE	4	595	396	433.23	0.662125	0.910175
RATED	5	167	106	117.122	0.625591	0.895003
RATEEN	6	52	0	31.9828	0.0109271	0.0148365
RATEENS	7	20	0	8.76948	0.0223509	0.0510753
RATEL	5	160	1	106.538	0.0107171	0.0145426
RATELS	6	69	1	41.1769	0.0221766	0.0349687
RATER	5	198	121	135.451	0.603804	0.884783
RATERS	6	85	48	61.6923	0.549957	0.764848
RATES	5	340	231	243.882	0.674399	0.941983
RATH	4	236	48	175.322	0.204048	0.274408
RATHA	5	51	0	35.1615	0.0137945	0.0155663
RATHAS	6	19	0	11.8822	0.0270395	0.0367626
RATHE	5	106	21	74.9718	0.198403	0.280485
RATHER	6	24	5	14.9484	0.204717	0.329986
RATHS	5	91	20	64.9079	0.219281	0.307745
RATINE	6	118	27	69.4872	0.227428	0.386202
RATINES	7	62	13	27.1201	0.20661	0.470939
RATING	6	57	36	33.701	0.606247	1
RATINGS	7	27	17	22.5805	0.575356	0.72467
RATIO	5	140	19	91.9489	0.137518	0.20848
RATION	6	64	16	36.1251	0.24644	0.436
RATIONED	8	10	1	3.24502	0.113263	0.315163
RATIONS	7	31	12	12.8937	0.363464	0.863923
RATIOS	6	60	12	33.1927	0.198882	0.358046
RATITE	6	40	0	22.519	0.0139498	0.0206295
RATITES	7	23	0	8.70479	0.0198166	0.0513956
RATLIN	6	41	0	24.7763	0.0136355	0.0188719
RATLINE	7	20	0	7.58055	0.0223509	0.0576826
RATLINES	8	14	0	4.94713	0.0300325	0.0808485
RATLINS	7	19	0	7.99009	0.0233462	0.0552219
RATO	4	328	12	239.563	0.0394594	0.0531564
RATOO	5	53	0	36.6871	0.0133075	0.0149518
RATOON	6	23	0	13.0743	0.0229395	0.0338003
RATOOS	6	20	0	12.3521	0.0258829	0.0355349
RATOS	5	139	5	96.1856	0.0403366	0.0568329
RATS	4	516	205	382.869	0.39581	0.533805
RATTAN	6	14	5	6.51556	0.322506	0.667918
RATTED	6	22	12	17.162	0.496658	0.662042
RATTEN	6	45	12	30.3833	0.260545	0.389381
RATTENS	7	19	6	9.32217	0.290509	0.597329
RATTER	6	40	20	29.5968	0.474992	0.654623
RATTERS	7	21	10	12.4406	0.430298	0.749444
RATTIER	7	16	3	8.25866	0.181122	0.35771
RATTING	7	10	7	7.96039	0.559088	0.786812
RATTLE	6	18	6	9.43394	0.308941	0.582807
RATTON	6	26	2	15.9986	0.0886708	0.141103
RATTONS	7	10	1	5.83313	0.113263	0.205576
RATTY	5	20	6	13.4058	0.285636	0.428119
RATU	4	161	2	119.146	0.0188886	0.023648
RATUS	5	56	3	39.6045	0.0629359	0.0860816
RAUN	4	116	17	88.8607	0.150115	0.195066
RAUNS	5	39	8	27.3064	0.205273	0.293108
RAUPO	5	16	0	10.8693	0.0383715	0.0450442
RAV	3	106	48	83.4588	0.446995	0.569566
RAVE	4	58	35	43.8445	0.575492	0.76894
RAVED	5	14	7	9.96795	0.43944	0.635373
RAVEL	5	18	6	13.5972	0.31203	0.422853
RAVEN	5	20	9	14.3149	0.412515	0.588554
RAVER	5	23	15	16.6764	0.591254	0.835944
RAVERS	6	13	11	8.99563	0.708497	1
RAVES	5	26	21	20.0434	0.733817	0.980722
RAVIN	5	13	4	8.68963	0.285604	0.429913
RAVS	4	34	3	25.6219	0.106525	0.136557
RAW	3	180	70	143.024	0.386815	0.487583
RAWER	5	19	7	12.4653	0.342411	0.525364
RAWEST	6	20	2	13.0279	0.111426	0.169528
RAWIN	5	29	4	20.7296	0.145622	0.201771
RAWINS	6	11	3	7.00577	0.250706	0.401158
RAWN	4	51	8	41.1341	0.163694	0.202114
RAWNS	5	20	5	14.3344	0.243344	0.342345
RAWS	4	77	31	60.0048	0.392884	0.507489
RAX	3	12	4	9.1996	0.323662	0.423213
RAY	3	192	61	147.309	0.31724	0.413533
RAYA	4	28	0	21.6815	0.0345119	0.0360885
RAYAH	5	11	0	6.68352	0.0514722	0.0668611
RAYAS	5	12	0	8.3426	0.0481822	0.0560927
RAYED	5	33	15	23.5497	0.429906	0.610695
RAYLE	5	22	1	15.9988	0.0683882	0.0878647
RAYLED	6	11	0	6.94981	0.0420824	0.0576799
RAYLES	6	14	1	7.46011	0.092356	0.163416
RAYNE	5	24	0	16.3976	0.0272673	0.0314783
RAYNES	6	13	0	8.22497	0.0369441	0.0502834
RAYON	5	12	0	8.79081	0.0481822	0.0537539
RAYS	4	69	29	53.0892	0.408376	0.534488
REACH	5	61	9	44.1631	0.150883	0.207664
REACT	5	96	9	69.4482	0.0978857	0.13413
REACTED	7	12	2	5.04475	0.163299	0.380198
REACTS	6	45	2	25.217	0.0538476	0.0928131
READ	4	316	123	229.114	0.386963	0.53413
READD	5	30	0	19.9293	0.0224046	0.0263991
READDS	6	10	0	7.04337	0.0452275	0.057064
READER	6	39	11	26.7701	0.273836	0.403664
READERS	7	14	5	9.00189	0.316431	0.521124
READIES	7	18	3	7.63783	0.164241	0.381724
READIEST	8	11	1	4.84229	0.105429	0.237145
READING	7	11	5	8.31206	0.382089	0.557355
README	6	13	0	6.69074	0.0369441	0.0594568
READS	5	125	59	91.6743	0.464487	0.636292
READY	5	29	1	20.4162	0.0537237	0.0705178
REAGIN	6	31	0	18.8123	0.0176016	0.0243539
REAGINS	7	11	0	6.63269	0.036264	0.0643158
REAIS	5	205	0	135.292	0.00361283	0.00420999
REAK	4	46	17	33.2888	0.357034	0.495251
REAKS	5	24	10	18.0342	0.389	0.529082
REAL	4	381	166	272.864	0.433226	0.605341
REALER	6	31	16	21.1806	0.482989	0.720537
REALES	6	61	27	39.3931	0.428785	0.668903
REALEST	7	22	7	11.3124	0.295556	0.582717
REALISE	7	30	8	12.6784	0.254775	0.596996
REALISER	8	14	3	7.17061	0.201871	0.402036
REALIST	7	24	6	11.3965	0.237609	0.502066
REALLIE	7	11	1	5.60978	0.105429	0.211935
REALM	5	44	0	31.3571	0.0158212	0.0173439
REALMS	6	11	0	6.78534	0.0420824	0.0587954
REALO	5	107	4	72.4267	0.0429645	0.061542
REALOS	6	46	2	23.9442	0.0527571	0.0974166
REALS	5	165	80	118.36	0.47884	0.669704
REALTIE	7	17	0	6.76882	0.0256285	0.0632709
REALTOR	7	16	3	5.58578	0.181122	0.490581
REALTY	6	12	1	7.75035	0.104366	0.158407
REAM	4	214	82	153.551	0.379971	0.530038
REAME	5	63	21	43.8864	0.326414	0.470668
REAMED	6	20	10	14.0846	0.4536	0.664407
REAMER	6	22	12	14.3654	0.496658	0.777153
REAMERS	7	13	7	6.9611	0.457177	0.878544
REAMES	6	31	12	18.6725	0.366642	0.613003
REAMING	7	12	3	8.64597	0.22799	0.344202
REAMS	5	81	45	58.9793	0.540539	0.747938
REAMY	5	12	1	9.12097	0.112101	0.142408
REAN	4	453	143	328.794	0.314846	0.433888
REANS	5	193	77	135.141	0.395402	0.565849
REAP	4	169	27	121.575	0.161876	0.224155
REAPED	6	10	2	6.59342	0.194705	0.300757
REAPER	6	14	7	9.32177	0.437582	0.679302
REAPS	5	77	16	52.5616	0.207748	0.304067
REAR	4	285	103	206.657	0.359342	0.495915
REARED	6	36	16	24.6257	0.421665	0.626313
REARING	7	13	6	9.49502	0.396417	0.588032
REARISE	7	16	0	8.01531	0.0269456	0.0550772
REARM	5	47	1	31.9102	0.0346294	0.0465863
REARMS	6	18	0	13.068	0.0283042	0.0338146
REAROSE	7	11	0	4.97385	0.036264	0.0805204
REARS	5	125	53	85.9364	0.417847	0.609566
REASON	6	63	1	34.9129	0.0241811	0.0409483
REASONED	8	10	0	3.18139	0.0389586	0.110643
REASONS	7	11	0	3.21004	0.036264	0.109985
REAST	5	299	92	209.589	0.306477	0.437622
REASTED	7	26	8	11.2577	0.28937	0.662908
REASTS	6	46	13	28.2557	0.27552	0.45038
REASTY	6	30	4	19.4096	0.137961	0.212983
REATA	5	114	0	76.0603	0.0064074	0.0074062
REATAS	6	57	0	35.2835	0.0100222	0.0135131
REATE	5	210	52	142.539	0.246923	0.363865
REATES	6	109	27	75.2051	0.245641	0.357495
REAVE	5	22	5	15.5843	0.224366	0.317952
REAVES	6	10	3	5.46805	0.269444	0.486989
REB	3	243	62	191.348	0.255804	0.324719
REBAIT	6	21	1	11.7556	0.0658386	0.111322
REBAR	5	40	2	27.7892	0.0630957	0.0866559
REBARS	6	15	0	8.77761	0.032924	0.047636
REBASE	6	22	2	14.0477	0.102646	0.158563
REBATE	6	14	5	8.49129	0.322506	0.538674
REBATES	7	10	2	5.68239	0.187567	0.346954
REBATO	6	19	0	12.0988	0.0270395	0.0361864
REBATOS	7	10	0	3.40917	0.0389586	0.105622
REBEL	5	13	2	9.07623	0.165446	0.233607
REBID	5	29	4	18.5695	0.145622	0.223002
REBIDS	6	11	0	5.81406	0.0420824	0.0663763
REBIND	6	12	2	6.09298	0.169386	0.320023
REBIT	5	24	6	16.5242	0.244307	0.355888
REBOIL	6	10	1	5.13443	0.119966	0.218871
REBOP	5	11	0	7.54597	0.0514722	0.0607941
REBS	4	82	3	64.684	0.0476061	0.0575397
REBUS	5	18	0	12.1952	0.0348259	0.0408244
REBUT	5	14	2	9.77241	0.156069	0.219744
REC	3	428	136	331.249	0.317544	0.410341
RECAL	5	64	10	44.9708	0.158975	0.225399
RECALS	6	25	4	14.6846	0.162268	0.27433
RECANE	6	31	4	17.8281	0.133949	0.230214
RECANES	7	15	3	6.37402	0.190935	0.442147
RECANT	6	38	19	22.8119	0.473784	0.794917
RECANTS	7	21	9	7.91307	0.389412	1
RECAP	5	29	2	20.415	0.0843565	0.115217
RECAST	6	40	6	25.5974	0.152263	0.237953
RECENT	6	17	1	10.8711	0.0787609	0.119142
RECIT	5	84	14	56.1244	0.168336	0.250983
RECITAL	7	17	0	6.65018	0.0256285	0.0641795
RECITE	6	22	4	13.7212	0.181448	0.291447
RECITES	7	17	3	7.90109	0.172269	0.371158
RECITS	6	43	6	24.4303	0.142414	0.248573
RECK	4	24	11	17.0575	0.421471	0.597794
RECOAL	6	19	1	7.15183	0.0717223	0.169095
RECOAT	6	35	0	19.606	0.0157671	0.0234474
RECOATS	7	22	0	9.10188	0.020595	0.0494904
RECODE	6	14	3	9.41642	0.207431	0.314314
RECOIL	6	25	2	11.0236	0.0917952	0.196193
RECOIN	6	24	1	13.5916	0.0586247	0.0979721
RECOINS	7	10	0	4.92741	0.0389586	0.0810924
RECON	5	65	10	44.5014	0.156659	0.227676
RECONS	6	29	5	18.2569	0.173105	0.275332
RECS	4	174	8	132.516	0.0510753	0.0656453
RECTA	5	89	3	61.8144	0.0405182	0.0561024
RECTAL	6	25	2	16.4428	0.0917952	0.137653
RECTI	5	84	1	56.9844	0.0200103	0.0267686
RECTION	7	14	2	6.56774	0.144592	0.309391
RECTO	5	56	0	39.0353	0.0126381	0.0140953
RECTOR	6	17	0	9.87253	0.029693	0.0431364
RECTOS	6	18	0	10.9417	0.0283042	0.0394935
RECUR	5	12	1	8.18294	0.112101	0.15558
RECUT	5	28	1	19.2704	0.0554214	0.074324
RECUTS	6	15	1	8.59535	0.0873312	0.14543
RED	3	862	329	660.182	0.381264	0.497909
REDACT	6	24	0	13.9562	0.0221016	0.0318985
REDAN	5	136	21	91.6027	0.15578	0.230628
REDANS	6	51	9	33.1606	0.17663	0.272366
REDATE	6	54	15	34.169	0.271962	0.4319
REDATES	7	23	10	8.34266	0.397771	1
REDD	4	82	10	63.463	0.128267	0.164203
REDDS	5	28	2	20.8039	0.0870223	0.113249
REDDY	5	10	2	5.82845	0.201821	0.331039
REDE	4	213	62	159.27	0.289882	0.387953
REDEAL	6	34	6	24.2489	0.176703	0.25031
REDEALS	7	14	2	4.55342	0.144592	0.410506
REDEAR	6	29	3	21.3294	0.111339	0.151855
REDEARS	7	10	2	4.66877	0.187567	0.402964
REDED	5	29	3	18.9381	0.114989	0.171215
REDES	5	118	37	84.6377	0.310361	0.433943
REDIA	5	157	21	105.25	0.135416	0.201269
REDIAE	6	48	0	28.7544	0.0117778	0.0164083
REDIAL	6	42	8	27.8442	0.189624	0.28752
REDIALS	7	14	2	6.70537	0.144592	0.30427
REDIAS	6	56	10	34.4323	0.178598	0.290447
REDID	5	40	2	25.3063	0.0630957	0.0945474
REDING	6	41	6	30.4895	0.148832	0.20181
REDIP	5	48	0	30.4909	0.0145958	0.0178068
REDIPS	6	21	0	11.1358	0.0248213	0.0388974
REDIPT	6	14	0	8.32299	0.0348184	0.0497926
REDLINE	7	16	0	7.56256	0.0269456	0.0577958
REDLY	5	31	2	22.4513	0.0794867	0.105605
REDNESS	7	14	2	8.03771	0.144592	0.262251
REDO	4	299	53	220.693	0.178191	0.241076
REDOES	6	27	9	18.4324	0.316167	0.471433
REDON	5	121	19	83.8609	0.158481	0.228128
REDONE	6	41	1	27.0171	0.0361682	0.0521996
REDONS	6	62	10	40.356	0.162208	0.249555
REDOS	5	137	30	96.4891	0.218663	0.3106
REDOUT	6	13	2	9.82937	0.159045	0.216482
REDRY	5	13	0	9.06861	0.0452874	0.0523997
REDS	4	346	80	258.301	0.231286	0.309755
REDSEAR	7	13	0	4.10031	0.0318572	0.0928379
REDTAIL	7	26	0	10.4182	0.0177985	0.0440743
REDTAILS	8	13	0	5.27974	0.0318572	0.0769455
REDTOP	6	10	0	5.67013	0.0452275	0.0676692
REDUIT	6	13	0	8.16689	0.0369441	0.0505788
REDYE	5	11	0	7.81731	0.0514722	0.0591067
REE	3	470	254	370.733	0.538318	0.683127
REEARN	6	17	0	9.98234	0.029693	0.0427315
REECH	5	22	1	14.9297	0.0683882	0.0934266
REED	4	204	81	152.284	0.393381	0.527922
REEDING	7	10	3	7.38691	0.261871	0.39237
REEDIT	6	32	0	20.834	0.0171041	0.0221708
REEDITS	7	16	0	6.89681	0.0269456	0.0623189
REEDS	5	90	46	68.5168	0.499268	0.660909
REEDY	5	18	0	12.8483	0.0348259	0.0390239
REEF	4	59	5	46.5368	0.0961286	0.119213
REEFS	5	27	3	20.5583	0.122494	0.158895
REEK	4	24	11	17.3138	0.421471	0.590186
REEKS	5	15	7	10.9781	0.415871	0.585759
REEL	4	185	50	135.118	0.26942	0.368886
REELS	5	74	29	53.987	0.383204	0.528689
REEMIT	6	17	0	9.037	0.029693	0.0464872
REEN	4	231	34	170.513	0.148999	0.201252
REENS	5	111	16	77.534	0.146137	0.208545
REES	4	309	81	228.464	0.261746	0.354039
REEST	5	168	6	121.888	0.0393475	0.0531126
REESTS	6	36	0	23.3913	0.0153668	0.0199128
REESTY	6	15	0	10.9853	0.032924	0.0393579
REF	3	264	58	203.024	0.220844	0.2868
REFED	5	16	1	13.0775	0.0892757	0.104936
REFEL	5	12	0	9.52935	0.0481822	0.0502981
REFELS	6	10	0	6.25908	0.0452275	0.0626738
REFI	4	96	20	71.1264	0.209671	0.282415
REFILE	6	10	2	6.75499	0.194705	0.295022
REFIND	6	15	4	9.24694	0.250553	0.410363
REFINE	6	14	1	8.55657	0.092356	0.145979
REFIRE	6	12	3	7.74989	0.234405	0.369633
REFIS	5	46	4	32.4745	0.0957563	0.132948
REFIT	5	42	7	29.9408	0.169873	0.237554
REFITS	6	20	1	11.9836	0.0686547	0.109469
REFS	4	97	9	73.4059	0.0995389	0.129667
REFT	4	87	13	67.7331	0.153965	0.196785
REG	3	325	68	249.697	0.210295	0.273371
REGAIN	6	24	10	14.6629	0.387333	0.640952
REGAL	5	41	7	27.1688	0.173678	0.260161
REGALE	6	16	3	10.0834	0.186024	0.296551
REGALS	6	16	4	9.8358	0.237624	0.38945
REGAR	5	43	2	28.788	0.0590377	0.0838408
REGARS	6	17	1	9.64755	0.0787609	0.131968
REGENT	6	17	1	10.9164	0.0787609	0.118715
REGES	5	46	3	32.2723	0.0756132	0.10452
REGEST	6	20	1	11.7212	0.0686547	0.111607
REGIE	5	30	2	19.1167	0.0818493	0.122315
REGIES	6	17	2	10.1399	0.127829	0.210813
REGINA	6	33	5	21.1297	0.154072	0.240715
REGINAS	7	13	3	8.23083	0.214137	0.358722
REGION	6	13	0	8.03771	0.0369441	0.0512485
REGMA	5	24	0	17.061	0.0272673	0.0303804
REGNA	5	67	0	42.6132	0.0106703	0.0129639
REGNAL	6	20	0	14.0068	0.0258829	0.0317959
REGO	4	111	8	79.6967	0.0788663	0.107663
REGOS	5	48	6	33.7686	0.130774	0.184112
REGRET	6	10	0	5.28641	0.0452275	0.0713757
REGS	4	114	21	83.0375	0.186317	0.254883
REH	3	572	51	442.175	0.0906178	0.116793
REHAB	5	16	0	12.1374	0.0383715	0.0409919
REHANG	6	14	1	9.15889	0.092356	0.137896
REHASH	6	12	1	8.3046	0.104366	0.149648
REHEAR	6	16	2	9.2994	0.134425	0.226895
REHEAT	6	28	0	19.369	0.0192843	0.023711
REHEATS	7	13	0	7.67901	0.0318572	0.0570712
REHEM	5	13	0	8.49427	0.0452874	0.0552788
REHIRE	6	20	1	12.0307	0.0686547	0.109095
REHS	4	268	4	203.313	0.0188113	0.0236947
REI	3	1030	129	790.331	0.125912	0.163891
REIF	4	130	1	100.206	0.0158137	0.0182893
REIFS	5	44	0	31.6963	0.0158212	0.0171691
REIFY	5	11	0	7.35628	0.0514722	0.0620321
REIGN	5	91	1	55.3848	0.0185303	0.0275153
REIGNS	6	34	0	19.1693	0.0161889	0.0239376
REIK	4	56	3	40.6279	0.0679694	0.089396
REIKI	5	10	1	5.84127	0.128533	0.202288
REIKS	5	17	1	12.9922	0.0849513	0.105534
REIN	4	510	63	369.638	0.124579	0.17152
REINED	6	54	3	33.4388	0.0628293	0.0995515
REINK	5	22	0	14.7071	0.0293938	0.0346714
REINS	5	229	34	155.048	0.149386	0.220232
REINSTAL	8	10	0	4.30521	0.0389586	0.0896221
REINTER	7	25	0	13.8967	0.018424	0.0341876
REIS	4	543	29	394.941	0.0550061	0.0751307
REISES	6	36	0	22.9447	0.0153668	0.0202734
REIST	5	257	12	173.8	0.0489317	0.071563
REISTED	7	22	1	10.3321	0.0598751	0.128129
REISTS	6	43	3	21.9554	0.0777306	0.14784
REITER	6	45	0	27.7602	0.0125081	0.0169617
REIVE	5	15	1	9.53949	0.0940639	0.137224
REKE	4	22	10	15.7891	0.415608	0.584804
REKED	5	12	5	9.11799	0.367778	0.503567
REKES	5	14	6	10.6795	0.382766	0.520476
RELACE	6	26	5	16.5359	0.190781	0.301289
RELACES	7	13	2	4.42105	0.153377	0.419515
RELAID	6	41	2	28.4637	0.0587009	0.0828295
RELAND	6	33	0	22.9729	0.0166339	0.0202502
RELANDS	7	11	0	3.75889	0.036264	0.0987417
RELATA	6	29	0	19.142	0.0186888	0.0239689
RELATE	6	68	27	43.705	0.386735	0.605407
RELATED	7	21	9	10.4482	0.389412	0.79034
RELATER	7	20	4	10.8312	0.192867	0.364121
RELATES	7	39	17	20.2119	0.412743	0.803327
RELATOR	7	19	0	5.48632	0.0233462	0.0747056
RELAY	5	39	1	27.2986	0.0411258	0.0539294
RELAYS	6	12	0	6.47947	0.0393462	0.060989
RELEND	6	16	1	11.2122	0.0828249	0.116
RELENT	6	20	4	11.6289	0.19697	0.337133
RELENTS	7	11	2	5.46732	0.174594	0.357497
RELET	5	67	26	46.4722	0.378709	0.548779
RELETS	6	41	18	25.1561	0.419224	0.688369
RELIANT	7	25	4	12.4068	0.158981	0.323193
RELIC	5	57	1	37.1706	0.0289192	0.0403234
RELICS	6	22	0	13.1317	0.0238433	0.0336695
RELICT	6	22	0	13.1949	0.0238433	0.0335269
RELICTS	7	11	0	5.18284	0.036264	0.0780431
RELIDE	6	30	0	19.7937	0.0181289	0.0232429
RELIE	5	87	26	57.6895	0.29515	0.445577
RELIED	6	18	7	12.3029	0.355714	0.53488
RELIER	6	25	7	14.4581	0.267976	0.463619
RELIERS	7	12	2	7.1678	0.163299	0.288241
RELIES	6	45	14	27.0326	0.301884	0.50432
RELINE	6	54	25	33.0508	0.446239	0.733396
RELINED	7	13	6	6.20533	0.396417	0.835549
RELINES	7	26	14	11.6649	0.493048	1
RELISH	6	37	1	23.4832	0.039751	0.0595192
RELIST	6	69	24	41.4241	0.339944	0.567878
RELISTS	7	10	4	3.34228	0.336175	0.914748
RELIT	5	143	42	93.4858	0.291547	0.446101
RELLIE	6	15	0	9.5336	0.032924	0.0444356
RELLO	5	43	0	27.5044	0.0161604	0.0196118
RELLOS	6	15	0	9.6909	0.032924	0.043823
RELOAD	6	34	8	21.7059	0.230207	0.362863
RELOADS	7	10	2	4.85767	0.187567	0.391195
RELOAN	6	39	9	23.6343	0.226644	0.374705
RELOANS	7	15	4	5.14214	0.245111	0.670914
RELUCT	6	14	0	7.06276	0.0348184	0.056938
RELY	4	80	2	59.9221	0.0369343	0.0459691
REM	3	440	192	337.65	0.435068	0.567276
REMADE	6	20	12	11.9077	0.539143	0.917317
REMAIL	6	22	6	15.0886	0.260251	0.38673
REMAIN	6	43	18	28.1699	0.401146	0.618959
REMAINS	7	17	10	5.88611	0.51443	1
REMAN	5	81	19	54.5756	0.233373	0.3463
REMAND	6	21	3	12.855	0.147873	0.240155
REMANET	7	12	0	5.35976	0.0339181	0.0760621
REMANS	6	32	10	18.3389	0.29975	0.523486
REMAP	5	25	2	17.0404	0.0961362	0.135682
REMATE	6	32	9	19.8418	0.271486	0.440615
REMATES	7	19	4	7.18408	0.201455	0.515132
REMEAD	6	14	2	9.24573	0.149894	0.228005
REMEID	6	14	0	9.28567	0.0348184	0.0454368
REMELT	6	13	2	8.13925	0.159045	0.253596
REMEN	5	38	10	25.5105	0.258227	0.385081
REMEND	6	10	1	5.35157	0.119966	0.212149
REMENS	6	16	3	9.71938	0.186024	0.305989
REMET	5	50	25	37.1608	0.480081	0.65384
REMIND	6	24	10	14.4193	0.387333	0.650627
REMINT	6	41	17	23.0841	0.396691	0.705557
REMINTS	7	20	9	7.77363	0.406012	1
REMISE	6	34	6	19.9605	0.176703	0.299823
REMISED	7	13	4	4.29613	0.274897	0.767016
REMISS	6	15	2	8.63984	0.141738	0.241341
REMIT	5	85	34	60.0872	0.392057	0.557295
REMITS	6	53	21	30.5203	0.383206	0.666888
REMORA	6	20	0	12.8298	0.0258829	0.0343683
REMOTE	6	22	14	13.1919	0.57546	0.972446
REMOTES	7	11	9	5.50968	0.658748	1
REMS	4	172	27	128.491	0.159129	0.212348
REN	3	1030	554	786.885	0.536908	0.703036
RENAIL	6	69	18	42.1897	0.257048	0.421329
RENAILS	7	31	10	13.8198	0.305423	0.682453
RENAL	5	165	25	111.129	0.15271	0.226177
RENAME	6	34	4	20.7226	0.123198	0.200521
RENAMED	7	11	1	3.43025	0.105429	0.303581
RENAMES	7	18	4	6.257	0.210843	0.575837
RENAY	5	50	0	34.6202	0.0140516	0.0157967
RENAYS	6	25	0	16.3141	0.0213229	0.0277277
REND	4	298	130	221.134	0.433086	0.584418
RENDER	6	32	14	23.4865	0.412809	0.575272
RENDERS	7	11	4	5.73242	0.312924	0.616977
RENDS	5	107	54	82.9464	0.494861	0.642811
RENEST	6	75	4	48.9435	0.0587541	0.0888234
RENESTS	7	14	1	5.65729	0.0873121	0.21055
RENEW	5	23	0	16.4716	0.0282907	0.031352
RENEY	5	30	1	21.9143	0.0521269	0.0660925
RENEYS	6	14	0	9.95116	0.0348184	0.0428457
RENGA	5	71	0	46.0855	0.0100985	0.0120269
RENGAS	6	27	0	17.1278	0.0199191	0.0265306
RENIED	6	43	12	29.22	0.27178	0.404021
RENIES	6	78	22	48.0402	0.277773	0.452178
RENIG	5	103	0	60.7848	0.0070683	0.00920931
RENIGS	6	36	0	19.4253	0.0153668	0.0236478
RENIN	5	108	9	67.4022	0.0873646	0.138087
RENINS	6	42	2	24.4864	0.0574073	0.0954007
RENK	4	44	3	32.9961	0.0846889	0.108443
RENNE	5	54	11	38.6591	0.203901	0.285043
RENNED	6	15	3	11.9863	0.196145	0.255378
RENNES	6	32	7	21.6713	0.214956	0.320646
RENNET	6	31	7	23.506	0.221209	0.297325
RENNETS	7	17	4	10.4139	0.221149	0.376759
RENO	4	416	55	305.656	0.133397	0.181161
RENOS	5	181	29	123.882	0.161141	0.235043
RENS	4	489	125	359.644	0.255439	0.347299
RENT	4	447	227	327.6	0.504957	0.689674
RENTAL	6	77	22	48.8753	0.281229	0.444714
RENTALS	7	29	9	15.1166	0.293433	0.569757
RENTE	5	141	59	93.9711	0.413107	0.621057
RENTED	6	47	24	33.186	0.488392	0.701906
RENTER	6	51	27	34.8355	0.507635	0.752301
RENTERS	7	22	11	11.3282	0.452676	0.891169
RENTES	6	74	32	51.1255	0.421364	0.615013
RENTIER	7	22	8	11.6789	0.334836	0.641895
RENTIERS	8	13	4	6.56589	0.274897	0.554082
RENTS	5	226	121	159.031	0.530183	0.755192
RENY	4	113	2	85.6725	0.0265862	0.0325929
REO	3	787	26	605.095	0.0343868	0.0443242
REOIL	5	83	0	57.3921	0.00869986	0.00973575
REOILED	7	11	0	5.83209	0.036264	0.0712347
REOILS	6	30	0	16.609	0.0181289	0.0272816
REOS	4	369	6	281.171	0.019079	0.0242411
REP	3	377	143	292.48	0.378411	0.488016
REPAINT	7	14	4	6.46096	0.259151	0.561285
REPAIR	6	14	0	7.10976	0.0348184	0.056635
REPASS	6	10	1	5.0141	0.119966	0.222782
REPAST	6	46	18	27.9534	0.376775	0.623475
REPAY	5	20	0	14.8273	0.0318801	0.034423
REPEAL	6	13	1	7.48676	0.0979944	0.162943
REPEAT	6	15	3	10.0378	0.196145	0.2977
REPEL	5	19	2	12.4054	0.121609	0.179463
REPENT	6	19	4	13.3318	0.205771	0.298989
REPENTS	7	15	2	7.09747	0.136758	0.290569
REPIN	5	58	20	36.747	0.336668	0.531649
REPINE	6	21	6	12.5284	0.270925	0.456226
REPINES	7	14	4	7.71493	0.259151	0.485807
REPINS	6	20	6	11.8253	0.282513	0.479907
REPLA	5	36	5	24.3641	0.145134	0.211901
REPLAN	6	12	2	6.82907	0.169386	0.292465
REPO	4	115	46	86.2713	0.393472	0.526234
REPONE	6	18	4	10.5488	0.215395	0.366816
REPONES	7	10	2	3.63337	0.187567	0.482536
REPORT	6	14	6	9.19554	0.380044	0.595537
REPOS	5	56	29	41.8048	0.49885	0.675857
REPOSE	6	27	14	16.2886	0.48075	0.805218
REPOSED	7	10	5	3.82161	0.410479	1
REPOSIT	7	15	2	6.50053	0.136758	0.311955
REPOST	6	27	15	17.4788	0.513666	0.807383
REPOT	5	52	14	38.9976	0.265143	0.355937
REPOTS	6	20	8	11.0902	0.368057	0.663587
REPP	4	18	3	13.3135	0.181334	0.240719
REPRO	5	37	2	27.1086	0.0677529	0.0886849
REPROS	6	18	1	10.0568	0.075077	0.127381
REPS	4	172	27	130.475	0.159129	0.209188
RERAIL	6	31	1	18.7771	0.0466883	0.0731854
RERAILS	7	10	0	3.84501	0.0389586	0.0971828
RERAISE	7	11	4	6.78197	0.312924	0.539815
RERAN	5	85	5	56.5671	0.0649085	0.0953055
REREAD	6	21	3	13.8451	0.147873	0.224877
RERENT	6	30	2	19.7198	0.0780451	0.116612
RERENTS	7	16	1	6.55165	0.0783378	0.187478
RERIG	5	30	1	19.5325	0.0521269	0.0734173
RERIGS	6	14	1	7.17103	0.092356	0.16873
RERISE	6	27	5	15.9057	0.184501	0.312062
RERISEN	7	10	0	3.99656	0.0389586	0.0945559
RERISES	7	10	2	5.08449	0.187567	0.377941
REROSE	6	30	1	18.0088	0.048087	0.0760358
RERUN	5	34	0	24.2316	0.020024	0.0220626
RERUNS	6	14	0	8.48425	0.0348184	0.0490056
RES	3	1360	685	1035.45	0.503054	0.660884
RESAID	6	54	5	33.3342	0.0976847	0.156905
RESAIL	6	66	20	40.6265	0.29699	0.484113
RESAILS	7	13	3	6.21252	0.214137	0.451276
RESALE	6	68	26	45.9896	0.372726	0.555456
RESALES	7	17	4	8.36671	0.221149	0.454069
RESAT	5	313	74	224.999	0.236081	0.328598
RESAW	5	52	3	38.5596	0.0674601	0.0883016
RESAWS	6	11	1	6.03395	0.111624	0.193477
RESAY	5	51	3	37.9398	0.0686946	0.0896734
RESEAL	6	56	21	38.6635	0.363846	0.532409
RESEAT	6	88	21	60.2115	0.236432	0.347164
RESEATS	7	26	7	13.9297	0.255423	0.484572
RESEAU	6	19	0	12.509	0.0270395	0.0351432
RESECT	6	24	0	14.8011	0.0221016	0.0302672
RESEDA	6	44	0	28.9884	0.0127721	0.0162833
RESELL	6	19	2	13.1325	0.116405	0.168334
RESEND	6	47	7	29.3213	0.150956	0.241622
RESENDS	7	10	1	3.89504	0.113263	0.27795
RESENT	6	60	12	39.0607	0.198882	0.306525
RESENTS	7	16	4	7.5363	0.232514	0.495294
RESES	5	105	5	80.351	0.0529597	0.0677663
RESET	5	199	71	148.176	0.354087	0.476756
RESETS	6	57	21	40.2797	0.35782	0.511921
RESEW	5	44	2	33.8762	0.0577986	0.0719363
RESEWN	6	12	1	7.86501	0.104366	0.156512
RESH	4	343	27	262.768	0.0808877	0.10499
RESHES	6	27	1	18.2657	0.0528356	0.0750582
RESHINE	7	15	0	6.59068	0.0284054	0.0646452
RESHIP	6	13	0	6.70024	0.0369441	0.0593897
RESHOD	6	26	0	17.4672	0.0205971	0.0260613
RESHOE	6	36	1	26.1365	0.0407604	0.0538499
RESHOED	7	13	0	5.7355	0.0318572	0.0721713
RESHONE	7	14	1	5.38254	0.0873121	0.218823
RESHOT	6	50	1	34.6646	0.0300701	0.0412278
RESHOW	6	10	0	7.03786	0.0452275	0.0571
RESIANT	7	41	0	14.545	0.0117934	0.0328155
RESID	5	167	35	120.615	0.209522	0.290257
RESIDE	6	57	19	36.4046	0.324696	0.511495
RESIDER	7	18	3	6.19689	0.164241	0.45218
RESIDES	7	18	6	7.12095	0.304048	0.747926
RESIDS	6	33	2	23.8723	0.0716093	0.0976899
RESIFT	6	22	2	13.783	0.102646	0.16127
RESIGHT	7	11	1	5.60496	0.105429	0.212077
RESIGN	6	42	0	25.4869	0.013335	0.018379
RESIGNS	7	12	0	8.10033	0.0339181	0.054595
RESILE	6	59	21	35.4775	0.346348	0.578012
RESILED	7	14	7	6.51684	0.43099	0.926571
RESILES	7	17	11	7.90988	0.56331	1
RESILIN	7	17	0	6.96947	0.0256285	0.0617911
RESIN	5	276	112	193.057	0.403204	0.577275
RESINATA	8	11	0	5.26064	0.036264	0.0771594
RESINATE	8	18	3	8.54133	0.164241	0.34775
RESINED	7	25	8	13.2247	0.299538	0.575009
RESINER	7	23	7	10.4412	0.284385	0.624842
RESINS	6	74	29	45.8121	0.382595	0.620646
RESINY	6	31	3	19.2869	0.104862	0.166621
RESIST	6	51	0	33.03	0.011128	0.0143894
RESIT	5	303	128	214.099	0.419879	0.595108
RESITE	6	112	50	71.2674	0.438596	0.69191
RESITED	7	38	14	16.6303	0.350336	0.796593
RESITES	7	29	13	12.0844	0.416669	0.988004
RESITS	6	65	22	38.8297	0.330581	0.554888
RESKIN	6	12	1	8.47922	0.104366	0.147086
RESLATE	7	31	2	14.4307	0.0732572	0.157732
RESOD	5	127	5	94.5105	0.0440416	0.0578198
RESODS	6	23	0	16.3984	0.0229395	0.0275986
RESOLD	6	23	0	13.6139	0.0229395	0.0326108
RESOLE	6	40	8	25.2995	0.198367	0.3146
RESOLED	7	14	3	5.99986	0.201871	0.463887
RESOLES	7	12	4	6.33589	0.29268	0.57012
RESONATE	8	12	0	5.72141	0.0339181	0.07231
RESORT	6	56	4	36.063	0.0775538	0.119105
RESORTS	7	17	1	6.71408	0.0745086	0.18382
RESOW	5	61	4	47.1041	0.0735373	0.0933056
RESOWED	7	10	1	5.62711	0.113263	0.211428
RESOWN	6	18	0	11.4947	0.0283042	0.0378409
RESOWS	6	11	1	6.71382	0.111624	0.177878
RESPITE	7	11	1	4.82917	0.105429	0.237628
RESPOT	6	29	0	18.3153	0.0186888	0.024958
REST	4	742	298	548.029	0.40056	0.542586
RESTAMP	7	13	0	5.08857	0.0318572	0.0791414
RESTART	7	27	2	13.4037	0.0828779	0.168521
RESTATE	7	31	9	17.1692	0.276402	0.507482
RESTED	6	74	35	51.9857	0.460134	0.661022
RESTEM	6	45	0	29.142	0.0125081	0.0162022
RESTER	6	76	25	51.2532	0.322564	0.481385
RESTERS	7	18	8	11.5141	0.397252	0.649957
RESTIER	7	22	2	10.5167	0.0991552	0.208641
RESTING	7	25	16	15.5379	0.580652	0.963971
RESTIVE	7	10	0	3.08144	0.0389586	0.113
RESTO	5	266	21	195.689	0.0806758	0.109173
RESTORE	7	23	3	13.1525	0.133203	0.239127
RESTOS	6	61	8	40.9387	0.133662	0.199261
RESTRAIN	8	17	1	7.72279	0.0745086	0.163952
RESTS	5	137	51	99.7976	0.367975	0.506876
RESTY	5	69	5	50.9834	0.0792046	0.105357
RESULT	6	18	0	9.71007	0.0283042	0.0437495
RESUS	5	37	0	28.7682	0.018546	0.0188052
RET	3	1224	669	931.493	0.545735	0.717315
RETAG	5	93	1	66.7408	0.0181468	0.0229671
RETAGS	6	37	1	24.8389	0.039751	0.0564811
RETAIL	6	81	27	53.74	0.327153	0.495862
RETAILER	8	10	3	5.50869	0.261871	0.495894
RETAILS	7	34	16	16.1377	0.44114	0.931395
RETAIN	6	130	63	83.5651	0.476872	0.74457
RETAINER	8	15	5	8.5735	0.299288	0.543046
RETAINS	7	48	28	21.4368	0.55432	1
RETAPE	6	29	6	18.8097	0.203989	0.31663
RETAPES	7	14	3	6.31935	0.201871	0.445196
RETARD	6	42	0	27.4728	0.013335	0.0171287
RETARDS	7	14	0	5.9039	0.0300325	0.0705539
RETASTE	7	26	8	13.3641	0.28937	0.569658
RETASTES	8	12	4	6.55441	0.29268	0.554861
RETCH	5	62	21	46.1916	0.331387	0.448136
RETCHES	7	11	5	5.66781	0.382089	0.759857
RETE	4	319	83	226.284	0.259839	0.366136
RETEAM	6	25	3	15.7009	0.127031	0.200921
RETEAR	6	51	3	34.1712	0.0662954	0.09752
RETEARS	7	20	0	7.92724	0.0223509	0.0555858
RETELL	6	16	2	11.0984	0.134425	0.195049
RETEM	5	68	1	46.79	0.0244791	0.0323665
RETEMS	6	22	0	13.6985	0.0238433	0.0324318
RETEST	6	68	2	48.3185	0.0364968	0.0499629
RETESTS	7	11	1	4.95734	0.105429	0.23299
RETIA	5	237	5	160.491	0.0239099	0.0343356
RETIAL	6	73	0	45.5704	0.00792278	0.0105735
RETIE	5	174	49	117.644	0.280075	0.41452
RETIED	6	59	12	38.7228	0.20207	0.309087
RETIES	6	109	36	70.1785	0.325727	0.507667
RETILE	6	55	24	34.6955	0.421466	0.67281
RETILED	7	22	7	12.2771	0.295556	0.542239
RETILES	7	25	11	10.8781	0.404956	0.923283
RETIME	6	39	14	24.0789	0.344624	0.562062
RETIMED	7	14	6	7.03549	0.373711	0.755319
RETIMES	7	15	4	8.02656	0.245111	0.470097
RETINA	6	120	19	74.7086	0.158901	0.255144
RETINAE	7	35	3	18.2951	0.0916401	0.177348
RETINAL	7	38	4	19.4008	0.10913	0.215609
RETINALS	8	11	0	6.32243	0.036264	0.0668313
RETINAS	7	51	10	24.0615	0.193255	0.410187
RETINE	6	92	24	56.1014	0.25797	0.423726
RETINES	7	47	16	22.0054	0.327485	0.699973
RETINOL	7	19	1	8.56066	0.0678733	0.150445
RETINOLS	8	10	1	5.02009	0.113263	0.230785
RETINT	6	59	24	41.2446	0.39444	0.570251
RETINTS	7	31	15	16.1769	0.450526	0.873118
RETIRAL	7	20	0	9.00122	0.0223509	0.0499599
RETIRE	6	43	12	26.0515	0.27178	0.450118
RETIRED	7	11	2	6.10037	0.174594	0.328145
RETIRES	7	27	10	12.8437	0.345533	0.728539
RETITLE	7	11	1	5.78794	0.105429	0.206832
RETOLD	6	24	1	17.0145	0.0586247	0.0800715
RETOOL	6	20	6	14.936	0.282513	0.390274
RETORE	6	41	3	27.9676	0.0812336	0.117899
RETORN	6	31	2	19.6548	0.0757751	0.116966
RETORT	6	23	0	15.2369	0.0229395	0.0294892
RETORTS	7	12	0	4.25172	0.0339181	0.0904399
RETOTAL	7	13	0	5.99224	0.0318572	0.069734
RETOUR	6	19	1	13.1676	0.0717223	0.100763
RETRAIN	7	31	11	14.458	0.334443	0.717582
RETRAINS	8	17	8	7.92365	0.41667	0.894735
RETRAIT	7	10	0	4.26718	0.0389586	0.090202
RETRAL	6	42	0	25.4559	0.013335	0.0184
RETRATE	7	12	2	5.87186	0.163299	0.338168
RETREAD	7	11	1	5.16338	0.105429	0.225903
RETREAT	7	11	1	5.1358	0.105429	0.226827
RETRIAL	7	13	3	6.58454	0.214137	0.430789
RETRIES	7	20	1	7.45899	0.06498	0.168721
RETRIM	6	12	0	7.19519	0.0393462	0.0560922
RETRO	5	133	0	90.7142	0.00551647	0.00623509
RETROD	6	35	0	23.0277	0.0157671	0.0202053
RETROS	6	54	0	36.4061	0.0105462	0.0131152
RETRY	5	31	0	21.5254	0.0217579	0.0246049
RETS	4	708	196	514.062	0.276566	0.380906
RETSINA	7	57	0	24.0534	0.00867232	0.0206573
RETSINAS	8	12	0	4.92092	0.0339181	0.081173
RETTED	6	25	7	20.9279	0.267976	0.331172
RETUNE	6	20	5	11.4597	0.239742	0.417341
RETUNED	7	11	3	5.29101	0.243759	0.511535
RETUNES	7	10	3	4.35756	0.261871	0.59155
RETURN	6	12	3	7.48603	0.234405	0.380228
REUNITE	7	10	0	5.596	0.0389586	0.0735685
REUSE	5	48	8	36.3735	0.1695	0.223777
REUSED	6	13	4	9.33524	0.281145	0.407085
REUSES	6	12	1	7.73899	0.104366	0.158598
REV	3	172	48	135.012	0.279442	0.355954
REVEL	5	18	5	13.3139	0.265829	0.365219
REVEST	6	11	2	6.64126	0.181165	0.299036
REVET	5	18	3	14.2183	0.173428	0.221168
REVIE	5	14	4	8.26374	0.269417	0.447824
REVILE	6	10	4	5.69865	0.344183	0.606663
REVISE	6	11	3	7.46013	0.250706	0.381302
REVS	4	53	3	40.9277	0.0714983	0.0887834
REW	3	229	72	179.659	0.314074	0.400476
REWAN	5	26	3	18.5733	0.126626	0.174256
REWED	5	20	2	15.4069	0.116466	0.148444
REWET	5	25	2	19.8495	0.0961362	0.118205
REWETS	6	17	2	12.3584	0.127829	0.177591
REWIN	5	29	6	21.3033	0.206888	0.282773
REWIND	6	10	2	5.48218	0.194705	0.347168
REWINS	6	17	4	9.79219	0.225964	0.390925
REWON	5	26	0	19.1139	0.0254277	0.0274207
REWS	4	89	28	66.5199	0.310624	0.416545
REX	3	23	7	18.7134	0.302967	0.374709
REZ	3	26	4	20.8781	0.172991	0.211313
RHEA	4	154	0	118.759	0.00712555	0.00727349
RHEAS	5	77	0	56.4997	0.00934713	0.00988437
RHEME	5	16	0	11.9204	0.0383715	0.0416327
RHETORS	7	14	0	7.07318	0.0300325	0.0610531
RHIES	5	66	1	47.0517	0.025182	0.0321937
RHIME	5	17	0	12.1718	0.0365128	0.0408922
RHIMES	6	10	0	6.43534	0.0452275	0.0613191
RHINAL	6	20	0	9.38669	0.0258829	0.0450235
RHINE	5	72	0	51.1963	0.00996496	0.0108706
RHINES	6	46	0	30.0378	0.0122548	0.0157452
RHINO	5	56	0	37.5146	0.0126381	0.0146384
RHINOS	6	25	0	13.2869	0.0213229	0.0333213
RHO	3	274	5	213.157	0.0223054	0.0274986
RHODIE	6	10	0	5.14479	0.0452275	0.0728484
RHONE	5	59	0	40.2263	0.0120329	0.0136974
RHONES	6	37	0	21.569	0.0149862	0.0214709
RHOS	4	119	3	92.1353	0.0333762	0.0409056
RHY	3	73	0	57.1966	0.0156024	0.0155726
RHYTA	5	11	0	7.95347	0.0514722	0.0582948
RIA	3	686	53	531.83	0.078546	0.100938
RIAD	4	190	3	141.894	0.0212103	0.0268408
RIADS	5	69	0	49.1307	0.0103765	0.0113101
RIAL	4	251	18	182.854	0.0747954	0.101706
RIALS	5	102	11	68.1126	0.111258	0.165229
RIALTOS	7	10	0	2.51907	0.0389586	0.12839
RIANT	5	121	0	78.2737	0.00604756	0.00720188
RIAS	4	336	27	249.722	0.0825492	0.110413
RIATA	5	67	0	45.2965	0.0106703	0.0122277
RIATAS	6	24	0	14.6771	0.0221016	0.030496
RIB	3	147	21	115.16	0.146965	0.186459
RIBA	4	64	0	48.5251	0.016449	0.0172222
RIBAS	5	25	0	16.3852	0.0263154	0.0314996
RIBES	5	22	2	15.9282	0.107383	0.144119
RIBS	4	44	8	32.7431	0.187183	0.249799
RICE	4	141	57	107.975	0.398752	0.52243
RICED	5	39	10	25.3381	0.252172	0.387513
RICER	5	44	8	28.8299	0.183731	0.278605
RICERS	6	21	2	13.1785	0.106856	0.167815
RICES	5	78	36	56.3673	0.450167	0.627128
RICEY	5	14	1	9.93805	0.0993949	0.132627
RICH	4	80	24	61.7287	0.296419	0.385496
RICHED	6	11	5	7.3034	0.389789	0.609596
RICHEN	6	13	1	6.53133	0.0979944	0.181813
RICHER	6	12	7	7.40344	0.494485	0.82215
RICHES	6	17	10	10.9754	0.520372	0.827137
RICHT	5	25	0	16.4242	0.0263154	0.0314328
RICIN	5	11	1	6.67581	0.119756	0.182736
RICK	4	13	10	9.7866	0.625941	0.863191
RICTAL	6	13	0	6.88458	0.0369441	0.0581173
RICY	4	30	1	23.3929	0.0612768	0.0718777
RID	3	425	181	325.454	0.424641	0.55483
RIDE	4	273	132	198.614	0.479263	0.659682
RIDENT	6	42	0	24.1802	0.013335	0.0193062
RIDER	5	80	39	52.3581	0.47527	0.728649
RIDERS	6	33	17	21.1911	0.483924	0.763854
RIDES	5	136	73	98.3208	0.528153	0.733728
RIDGE	5	10	3	6.60362	0.27511	0.41786
RIDIC	5	13	0	7.8752	0.0452874	0.0587587
RIDS	4	181	59	135.692	0.323664	0.432331
RIEL	4	260	8	191.287	0.0344864	0.0457696
RIELS	5	116	2	78.7179	0.0230164	0.0319526
RIEM	4	146	0	109.443	0.00750361	0.00787704
RIEMS	5	58	0	43.1023	0.0122281	0.0128231
RIEVE	5	15	1	10.0058	0.0940639	0.131876
RIF	3	172	40	134.352	0.234007	0.299191
RIFE	4	86	22	67.0349	0.254798	0.327585
RIFER	5	28	3	19.9435	0.118623	0.163355
RIFEST	6	24	4	15.0012	0.168194	0.269137
RIFF	4	17	7	13.9699	0.373284	0.469509
RIFLE	5	26	1	17.521	0.0591605	0.0809985
RIFLED	6	11	1	6.87999	0.111624	0.174441
RIFLES	6	13	0	7.47213	0.0369441	0.0544021
RIFS	4	53	3	40.1273	0.0714983	0.090438
RIFT	4	63	19	50.0057	0.296996	0.376394
RIFTE	5	29	7	22.6661	0.237521	0.307732
RIFTED	6	12	4	8.4468	0.299425	0.442662
RIFTS	5	35	11	24.4428	0.30415	0.43853
RIG	3	238	69	186.604	0.290004	0.369895
RIGG	4	14	2	10.4036	0.166711	0.218073
RIGHT	5	20	6	13.2551	0.285636	0.43236
RIGLIN	6	10	0	5.07348	0.0452275	0.0736133
RIGOR	5	23	1	15.4333	0.0658215	0.0907215
RIGORS	6	13	1	7.59774	0.0979944	0.161002
RIGS	4	84	26	60.0326	0.305591	0.427717
RILE	4	260	111	185.565	0.423483	0.593905
RILED	5	93	31	61.2178	0.328562	0.499836
RILES	5	143	67	99.8384	0.462027	0.663849
RILEY	5	26	0	16.5213	0.0254277	0.0312677
RILIER	6	14	1	8.86746	0.092356	0.141692
RILING	6	13	5	6.963	0.342196	0.633497
RILL	4	71	35	52.0852	0.476772	0.653535
RILLE	5	41	17	25.2579	0.397668	0.64585
RILLED	6	16	8	12.279	0.444023	0.607231
RILLES	6	18	9	12.387	0.44926	0.673473
RILLET	6	19	10	12.5543	0.473868	0.735643
RILLS	5	20	6	13.6911	0.285636	0.420316
RIM	3	242	93	190.51	0.382822	0.486786
RIMA	4	112	7	81.5545	0.0696282	0.0934413
RIMAE	5	57	0	35.986	0.0124297	0.0152281
RIME	4	135	50	101.06	0.36579	0.489822
RIMED	5	38	10	26.2062	0.258227	0.375569
RIMER	5	35	6	24.4799	0.174766	0.248797
RIMERS	6	16	3	11.2203	0.186024	0.270495
RIMES	5	68	32	49.8276	0.45717	0.629082
RIMOSE	6	20	0	11.1584	0.0258829	0.0388289
RIMS	4	97	29	72.4276	0.296034	0.397132
RIMU	4	46	1	34.7515	0.0419707	0.0501493
RIMUS	5	15	1	10.4564	0.0940639	0.127089
RIMY	4	15	0	12.0662	0.0571901	0.0593942
RIN	3	684	435	528.425	0.633947	0.821157
RIND	4	180	74	138.28	0.406592	0.530709
RINDED	6	11	2	8.88192	0.181165	0.23583
RINDS	5	69	31	51.7247	0.437111	0.588224
RINE	4	400	198	290.055	0.491946	0.67907
RINES	5	229	127	159.158	0.549137	0.791833
RING	4	188	124	128.518	0.649077	0.950841
RINGED	6	17	11	13.6342	0.569439	0.749031
RINGER	6	21	12	14.9259	0.517029	0.750982
RINGLET	7	10	1	6.22677	0.113263	0.19525
RINGS	5	75	51	43.6791	0.658071	1
RINK	4	33	18	24.4135	0.506343	0.693352
RINKS	5	13	8	9.79016	0.52592	0.730103
RINS	4	303	113	222.899	0.370817	0.504533
RINSE	5	176	55	123.848	0.310356	0.441771
RINSED	6	45	13	29.9957	0.281215	0.42567
RINSER	6	56	14	33.4163	0.245961	0.412691
RINSERS	7	12	3	4.03634	0.22799	0.625202
RINSES	6	42	15	25.3797	0.343878	0.571984
RIOT	4	212	22	164.9	0.106703	0.136441
RIOTED	6	27	1	18.0372	0.0528356	0.0759263
RIOTER	6	30	3	20.7479	0.108003	0.155785
RIOTERS	7	12	2	7.38318	0.163299	0.281338
RIOTISE	7	13	0	3.15663	0.0318572	0.111218
RIOTS	5	105	12	72.94	0.11739	0.167931
RIP	3	205	61	158.05	0.297514	0.385857
RIPE	4	99	35	70.5537	0.348142	0.489044
RIPED	5	30	7	19.4996	0.230461	0.353144
RIPEN	5	36	11	21.9452	0.296478	0.48435
RIPENS	6	15	5	8.46888	0.30496	0.539859
RIPER	5	35	10	22.7248	0.278273	0.428539
RIPERS	6	14	2	7.8702	0.149894	0.260712
RIPES	5	49	18	32.7408	0.356233	0.535393
RIPEST	6	23	0	13.5137	0.0229395	0.0328252
RIPOST	6	18	0	9.11588	0.0283042	0.0461488
RIPOSTE	7	11	0	4.02797	0.036264	0.0940292
RIPP	4	13	7	9.0924	0.457245	0.661703
RIPS	4	90	26	66.084	0.286246	0.390155
RIPT	4	68	2	50.2388	0.0430238	0.054358
RISE	4	478	183	357.404	0.381395	0.510468
RISEN	5	204	46	143.793	0.225162	0.319569
RISER	5	150	34	104.874	0.226196	0.323664
RISERS	6	36	10	22.7593	0.269303	0.428952
RISES	5	120	53	87.4775	0.434744	0.599062
RISHI	5	37	0	26.616	0.018546	0.0202216
RISING	6	12	3	8.86088	0.234405	0.330818
RISK	4	24	0	17.9169	0.039308	0.0426392
RISP	4	105	0	78.0842	0.0103059	0.0109301
RISPED	6	15	0	9.35775	0.032924	0.0451411
RISPS	5	15	0	10.5418	0.0404295	0.0462243
RIT	3	707	347	548.957	0.489685	0.630988
RITE	4	421	208	311.709	0.491168	0.664113
RITES	5	257	138	185.658	0.532348	0.738622
RITS	4	376	124	274.915	0.328616	0.449648
RITT	4	111	35	80.5511	0.31206	0.430403
RITTED	6	23	5	17.135	0.212477	0.291717
RITTER	6	26	10	19.9598	0.360965	0.484345
RITTERS	7	13	5	8.27882	0.335657	0.559229
RITTS	5	54	6	33.5629	0.117162	0.185179
RITUAL	6	12	0	6.49231	0.0393462	0.0608936
RIVA	4	44	3	33.0598	0.0846889	0.108251
RIVAL	5	19	1	13.317	0.0774483	0.10329
RIVAS	5	10	1	6.86753	0.128533	0.178767
RIVE	4	49	32	36.6751	0.616015	0.832559
RIVED	5	18	7	12.2897	0.35823	0.531839
RIVEL	5	13	5	8.68714	0.345683	0.523947
RIVEN	5	20	5	13.4538	0.243344	0.361904
RIVER	5	17	10	11.6385	0.520898	0.777944
RIVERS	6	10	6	7.44026	0.49366	0.709666
RIVES	5	22	17	16.2184	0.692298	0.967035
RIVET	5	17	7	11.5372	0.375582	0.561496
RIVO	4	27	0	20.9619	0.0355977	0.0371803
RIYAL	5	20	0	14.0741	0.0318801	0.0360403
RIZ	3	15	8	12.7213	0.482465	0.588668
ROACH	5	32	5	23.3203	0.161421	0.220651
ROAD	4	141	42	106.702	0.295859	0.391547
ROADEO	6	14	0	10.2371	0.0348184	0.041821
ROADIE	6	28	10	18.7518	0.337959	0.512926
ROADIES	7	18	8	8.61295	0.397252	0.834407
ROADS	5	50	21	37.6094	0.405516	0.545334
ROAM	4	101	19	74.4101	0.190308	0.257459
ROAMED	6	15	4	11.3903	0.250553	0.343269
ROAMER	6	19	5	12.2253	0.250454	0.394429
ROAMS	5	39	11	26.9518	0.275621	0.400473
ROAN	4	226	47	167.58	0.208557	0.281007
ROANS	5	85	17	57.7409	0.20028	0.294438
ROAR	4	131	34	98.0592	0.258731	0.345793
ROARED	6	30	7	21.508	0.227836	0.322901
ROARIE	6	26	0	13.9667	0.0205971	0.0318772
ROARS	5	59	18	44.1738	0.299367	0.402707
ROARY	5	13	1	9.224	0.105366	0.141096
ROAST	5	122	34	85.0824	0.276604	0.397259
ROASTED	7	19	5	6.62493	0.245982	0.671543
ROASTER	7	18	6	8.84637	0.304048	0.62451
ROASTIE	7	30	3	8.36305	0.105335	0.353966
ROASTS	6	20	9	11.9059	0.410828	0.697256
ROATE	5	175	73	123.807	0.412852	0.585041
ROATED	6	56	21	39.3368	0.363846	0.523678
ROATES	6	106	46	70.3809	0.426085	0.644939
ROATING	7	17	6	10.7733	0.318909	0.527331
ROB	3	156	39	119.954	0.25115	0.326216
ROBE	4	56	20	42.9753	0.347651	0.456008
ROBED	5	16	3	11.5287	0.191084	0.265272
ROBES	5	24	12	17.5549	0.461346	0.64457
ROBIN	5	11	4	7.10612	0.324608	0.505014
ROBLE	5	27	1	18.9349	0.05723	0.0755173
ROBOT	5	12	1	7.67939	0.112101	0.163708
ROBS	4	46	11	34.4534	0.238885	0.318818
ROC	3	338	85	259.499	0.252	0.328041
ROCH	4	82	25	63.3115	0.301111	0.39139
ROCHES	6	17	11	11.3062	0.569439	0.882906
ROCHET	6	13	3	7.68071	0.220095	0.372353
ROCK	4	24	16	17.9514	0.595182	0.812756
ROCS	4	133	13	101.713	0.102563	0.132819
ROD	3	367	150	281.043	0.407473	0.532397
RODE	4	227	86	168.748	0.375917	0.506406
RODED	5	22	1	16.6976	0.0683882	0.0845735
RODENT	6	47	6	28.7429	0.131107	0.213382
RODENTS	7	22	3	8.82988	0.138435	0.338138
RODEO	5	37	0	26.4325	0.018546	0.0203523
RODEOS	6	18	0	12.0795	0.0283042	0.0362371
RODES	5	106	53	79.157	0.490254	0.660512
RODING	6	13	4	9.81199	0.281145	0.390254
RODNEY	6	14	0	7.60976	0.0348184	0.0535994
RODS	4	147	44	112.383	0.297341	0.3896
RODSTER	7	16	0	7.50097	0.0269456	0.0581864
ROE	3	684	103	527.243	0.151441	0.196207
ROED	4	231	14	173.487	0.0641751	0.0844214
ROES	4	394	75	302.264	0.190909	0.24873
ROESTI	6	88	0	53.7035	0.00662226	0.0090219
ROESTIS	7	23	0	10.0632	0.0198166	0.0454148
ROGER	5	31	3	21.5649	0.108351	0.152095
ROGERS	6	16	2	9.27867	0.134425	0.227322
ROGUE	5	13	1	8.43254	0.105366	0.151843
ROHE	4	155	1	122.333	0.0133394	0.0150558
ROHES	5	84	0	64.7949	0.0086006	0.00865608
ROID	4	159	27	119.365	0.17176	0.22821
ROIDS	5	67	17	44.7995	0.251311	0.375931
ROIL	4	149	67	111.881	0.443035	0.591823
ROILED	6	24	8	15.3513	0.314286	0.497942
ROILS	5	60	30	39.678	0.48321	0.734397
ROILY	5	14	1	10.5356	0.0993949	0.126284
ROIN	4	235	26	174.209	0.11315	0.151861
ROINED	6	38	1	21.1844	0.0387903	0.0654932
ROINS	5	109	12	74.3125	0.113221	0.164909
ROIST	5	123	19	81.5167	0.155978	0.234534
ROISTED	7	22	4	7.01778	0.177715	0.525061
ROISTER	7	17	2	7.44791	0.123389	0.279328
ROISTS	6	19	2	9.78723	0.116405	0.217275
ROK	3	79	32	59.442	0.399674	0.532066
ROKE	4	43	24	32.651	0.525944	0.701485
ROKED	5	16	10	12.7383	0.547414	0.719729
ROKER	5	16	3	11.8642	0.191084	0.258834
ROKES	5	20	12	15.8049	0.539393	0.708072
ROKS	4	26	6	20.2867	0.231664	0.2979
ROLE	4	211	103	160.515	0.482574	0.636011
ROLES	5	117	63	88.2952	0.528442	0.704434
ROLF	4	39	0	31.0587	0.0258413	0.0261005
ROLFS	5	10	0	8.31613	0.0552445	0.0562372
ROLL	4	53	29	40.9315	0.521454	0.683004
ROLLED	6	13	9	10.272	0.586397	0.79226
ROLLS	5	22	14	15.9343	0.575315	0.814726
ROM	3	290	104	223.99	0.357742	0.463392
ROMA	4	127	27	93.816	0.213467	0.288542
ROMAINE	7	11	0	4.614	0.036264	0.0851757
ROMAL	5	34	1	20.7892	0.0465881	0.0693614
ROMALS	6	15	1	8.14923	0.0873312	0.152005
ROMAN	5	53	13	34.2425	0.242808	0.375067
ROMANS	6	22	8	10.7922	0.339053	0.679394
ROMEO	5	25	0	18.7144	0.0263154	0.0279505
ROMEOS	6	10	0	5.14775	0.0452275	0.072817
ROMP	4	29	2	23.1109	0.0926908	0.111219
ROMPS	5	13	1	9.94345	0.105366	0.132567
ROMS	4	114	29	86.1313	0.253667	0.335952
RONDE	5	88	28	60.85	0.313753	0.454999
RONDEL	6	22	0	13.2749	0.0238433	0.033348
RONDELS	7	10	0	3.89128	0.0389586	0.0963654
RONDES	6	40	16	24.2948	0.382784	0.634279
RONDO	5	25	0	16.9522	0.0263154	0.0305551
RONDOS	6	10	0	5.2467	0.0452275	0.0717826
RONE	4	347	146	259.706	0.418244	0.559499
RONEO	5	63	0	44.4142	0.0113107	0.0124604
RONEOS	6	26	0	13.6056	0.0205971	0.0326284
RONES	5	195	84	141.375	0.42666	0.590078
RONG	4	111	47	80.6376	0.415702	0.573737
RONIN	5	49	7	29.8816	0.147285	0.237995
RONINS	6	17	1	8.66277	0.0787609	0.144486
RONION	6	11	0	6.72447	0.0420824	0.0592193
RONNE	5	45	11	31.5429	0.241625	0.345591
RONNIE	6	16	5	10.7623	0.289224	0.44066
RONT	4	248	81	188.71	0.324908	0.42752
RONTE	5	131	44	89.5947	0.332384	0.486905
RONTES	6	79	28	50.5183	0.347234	0.545587
RONTS	5	120	40	83.5667	0.329604	0.474454
ROO	3	255	183	198.364	0.711004	0.915933
ROOD	4	74	24	59.4906	0.318993	0.399342
ROODS	5	33	13	24.9596	0.375328	0.50441
ROOF	4	25	5	19.5914	0.205866	0.262527
ROOFS	5	10	1	6.97641	0.128533	0.176588
ROOK	4	14	3	11.8446	0.21995	0.264828
ROOM	4	52	29	41.248	0.530637	0.678097
ROOMER	6	10	5	6.8259	0.418921	0.64366
ROOMS	5	24	14	17.5091	0.533693	0.748819
ROOMY	5	10	3	6.83261	0.27511	0.406976
ROON	4	108	44	84.8353	0.40016	0.512038
ROONS	5	50	25	36.4093	0.480081	0.666646
ROOP	4	41	18	31.7807	0.417867	0.545734
ROOPS	5	19	8	14.8748	0.386571	0.509571
ROOS	4	139	67	111.387	0.473847	0.594384
ROOSA	5	46	0	32.7828	0.0151838	0.0166321
ROOSAS	6	12	0	7.50099	0.0393462	0.0542318
ROOSE	5	82	32	61.6073	0.382438	0.512505
ROOSED	6	22	11	14.6244	0.457256	0.703648
ROOSER	6	23	7	14.4615	0.288293	0.463523
ROOSES	6	21	7	11.7818	0.311943	0.555523
ROOST	5	62	25	44.5819	0.392321	0.549582
ROOSTED	7	11	4	6.14713	0.312924	0.583993
ROOSTER	7	10	3	4.76981	0.261871	0.553325
ROOSTS	6	11	4	7.26571	0.320248	0.500853
ROOT	4	139	77	109.984	0.543396	0.690424
ROOTED	6	22	9	16.9735	0.378454	0.508225
ROOTER	6	23	12	16.6012	0.477831	0.682308
ROOTIES	7	16	5	6.34415	0.283907	0.695248
ROOTLE	6	16	0	8.86049	0.0312252	0.0472628
ROOTLES	7	11	0	4.34566	0.036264	0.0890134
ROOTS	5	69	43	50.358	0.602298	0.832964
ROOTY	5	13	3	9.79681	0.225525	0.304355
ROPE	4	100	47	73.9994	0.459342	0.623314
ROPED	5	25	10	19.0645	0.37542	0.503152
ROPER	5	35	20	26.2749	0.537041	0.728844
ROPERS	6	17	11	12.152	0.569439	0.829071
ROPES	5	45	23	35.6318	0.488312	0.62723
ROPIER	6	16	2	9.54799	0.134425	0.221888
ROPIEST	7	12	2	6.07743	0.163299	0.329125
ROPING	6	14	12	8.84185	0.72527	1
ROPY	4	23	2	17.0055	0.112708	0.145465
RORE	4	155	65	118.478	0.413881	0.543149
RORES	5	93	42	69.7374	0.442381	0.593866
RORIC	5	16	0	10.4875	0.0383715	0.046426
RORIE	5	51	0	34.1195	0.0137945	0.0160159
RORIEST	7	15	0	6.02295	0.0284054	0.0694534
RORT	4	102	27	77.7444	0.263444	0.3461
RORTED	6	14	2	8.79739	0.149894	0.237726
RORTS	5	60	21	41.5725	0.3418	0.495687
RORTY	5	12	0	8.8787	0.0481822	0.0533179
RORY	4	19	0	15.6006	0.0475717	0.0479999
ROSE	4	409	203	314.511	0.493329	0.642491
ROSEAL	6	48	0	29.4664	0.0117778	0.0160337
ROSEATE	7	20	0	7.48349	0.0223509	0.0582983
ROSED	5	119	54	91.9616	0.446442	0.581108
ROSERY	6	14	0	7.9242	0.0348184	0.0518517
ROSES	5	110	58	82.1749	0.516995	0.696248
ROSET	5	209	76	155.215	0.360948	0.487218
ROSETED	7	18	1	8.74049	0.0710364	0.147832
ROSETS	6	63	20	40.3101	0.310412	0.487758
ROSETY	6	17	0	10.6437	0.029693	0.0404456
ROSHI	5	44	2	29.8915	0.0577986	0.0809362
ROSIED	6	42	5	25.3467	0.123516	0.203209
ROSIER	6	49	7	26.9583	0.145192	0.261532
ROSIERE	7	12	0	4.24142	0.0339181	0.0905991
ROSIES	6	42	11	24.1957	0.255733	0.443763
ROSIEST	7	21	5	10.3204	0.225868	0.46353
ROSIN	5	127	22	80.4602	0.174165	0.27394
ROSINATE	8	10	0	4.1555	0.0389586	0.0919492
ROSINED	7	12	2	4.73069	0.163299	0.399029
ROSINER	7	16	2	7.44511	0.12973	0.279414
ROSING	6	27	8	17.7046	0.283251	0.437613
ROSINS	6	36	4	21.9742	0.116941	0.189928
ROSINY	6	11	1	6.78045	0.111624	0.176484
ROSIT	5	136	18	87.4334	0.134296	0.207824
ROSITED	7	27	3	9.00441	0.11571	0.332578
ROSITS	6	35	5	17.3126	0.146044	0.288993
ROSSER	6	30	3	17.4078	0.108003	0.18299
ROST	4	344	160	263.16	0.461981	0.604867
ROSTED	6	58	26	42.1894	0.43345	0.603529
ROSTER	6	56	29	37.5533	0.498571	0.751166
ROSTERS	7	16	7	10.7839	0.386691	0.607564
ROSTI	5	142	33	94.5199	0.231754	0.348034
ROSTING	7	18	9	12.3475	0.443854	0.682793
ROSTIS	6	32	9	19.0241	0.271486	0.457985
ROSTRAL	7	12	0	3.65356	0.0339181	0.100718
ROSTS	5	74	25	51.9027	0.331688	0.474883
ROSULA	6	11	0	6.07854	0.0420824	0.0641249
ROSY	4	61	2	46.8684	0.0476019	0.058045
ROT	3	703	420	551.171	0.595698	0.760325
ROTA	4	361	47	269.746	0.131584	0.175678
ROTAL	5	119	5	80.1979	0.0469143	0.0678927
ROTAN	5	130	7	86.1195	0.058018	0.0860352
ROTANS	6	51	3	28.0926	0.0662954	0.117405
ROTARIES	8	12	3	4.69271	0.22799	0.560094
ROTARY	6	10	2	6.20752	0.194705	0.315399
ROTAS	5	162	24	112.138	0.149439	0.215413
ROTATE	6	54	6	31.62	0.115112	0.194968
ROTATED	7	12	1	5.27851	0.0986087	0.222127
ROTATES	7	31	5	11.6774	0.160319	0.416192
ROTCH	5	30	15	22.1505	0.46824	0.646138
ROTE	4	419	228	315.089	0.54068	0.719962
ROTED	5	130	38	92.2591	0.289976	0.409454
ROTES	5	250	149	186.626	0.590408	0.79316
ROTHER	6	33	7	20.8104	0.209048	0.332899
ROTHERS	7	12	3	5.22157	0.22799	0.516735
ROTI	4	296	66	223.107	0.223189	0.29604
ROTING	6	39	15	22.4052	0.36822	0.64251
ROTINI	6	33	0	15.6999	0.0166339	0.0287054
ROTINIS	7	16	0	4.50944	0.0269456	0.086631
ROTIS	5	149	37	98.431	0.247331	0.37432
ROTL	4	156	0	117.085	0.00703692	0.00737503
ROTLS	5	69	0	51.6247	0.0103765	0.0107836
ROTO	4	135	26	105.908	0.194096	0.247255
ROTOLI	6	14	0	7.29869	0.0348184	0.0554484
ROTON	5	52	12	36.4929	0.2292	0.327108
ROTONS	6	22	5	13.9016	0.220849	0.3521
ROTOR	5	17	0	12.9743	0.0365128	0.0386945
ROTORS	6	15	1	8.8001	0.0873312	0.142599
ROTOS	5	73	17	53.7381	0.231638	0.315599
ROTS	4	379	145	292.382	0.380765	0.49418
ROTTAN	6	27	0	18.5187	0.0199191	0.0247071
ROTTANS	7	11	0	5.05032	0.036264	0.0795958
ROTTE	5	75	38	51.1057	0.49277	0.727002
ROTTED	6	22	11	16.7715	0.457256	0.621941
ROTTEN	6	32	10	21.1229	0.29975	0.459682
ROTTENS	7	16	6	6.76959	0.335299	0.779286
ROTTER	6	24	10	17.306	0.387333	0.551907
ROTTERS	7	12	4	7.16172	0.29268	0.516445
ROTTES	6	44	25	31.0593	0.540422	0.777954
ROTTING	7	11	7	7.46561	0.520418	0.829707
ROTULA	6	12	0	6.34246	0.0393462	0.0620255
ROUE	4	92	2	70.8808	0.0323549	0.0391341
ROUEN	5	41	0	27.9149	0.0168843	0.0193423
ROUENS	6	16	0	7.29554	0.0312252	0.0554678
ROUES	5	47	1	35.0439	0.0346294	0.042641
ROUL	4	63	26	47.3254	0.400266	0.536098
ROULE	5	24	10	15.9342	0.389	0.591176
ROULES	6	14	7	9.4274	0.437582	0.672865
ROULS	5	27	11	18.5556	0.38355	0.564381
ROUM	4	45	7	33.9683	0.163336	0.2143
ROUMS	5	14	1	8.86743	0.0993949	0.145743
ROUND	5	25	11	19.5053	0.41033	0.539408
ROUP	4	36	12	27.582	0.321979	0.423759
ROUPS	5	21	7	15.9799	0.314623	0.422433
ROUSE	5	59	34	43.1828	0.554776	0.765989
ROUSED	6	18	14	13.4036	0.683124	0.95883
ROUSER	6	16	8	11.4728	0.444023	0.644343
ROUSES	6	16	11	10.867	0.598822	0.913718
ROUST	5	58	27	40.5711	0.450222	0.648437
ROUSTED	7	15	6	5.59889	0.353464	0.905839
ROUSTER	7	10	4	3.60229	0.336175	0.869119
ROUSTS	6	14	4	8.62679	0.264969	0.434961
ROUT	4	105	58	79.59	0.538619	0.714504
ROUTE	5	61	37	43.0718	0.58402	0.834499
ROUTED	6	23	14	16.0298	0.553646	0.816958
ROUTER	6	26	19	17.8654	0.667297	0.995693
ROUTERS	7	14	8	7.92772	0.48827	0.894354
ROUTES	6	35	21	21.9941	0.562928	0.906673
ROUTH	5	31	6	21.8829	0.194944	0.275897
ROUTHS	6	16	4	9.50494	0.237624	0.40093
ROUTS	5	62	29	44.2192	0.453255	0.640521
ROVE	4	43	21	32.3354	0.46316	0.622453
ROVED	5	10	3	7.42659	0.27511	0.381219
ROVEN	5	18	4	12.1822	0.219628	0.323732
ROVER	5	17	8	12.5199	0.424021	0.592452
ROVES	5	21	11	15.9017	0.476929	0.648244
ROW	3	151	52	116.382	0.343078	0.445422
ROWAN	5	19	1	14.2071	0.0774483	0.0976031
ROWED	5	20	8	15.5461	0.370222	0.49003
ROWEL	5	27	5	20.8731	0.187758	0.244301
ROWELS	6	12	2	8.10436	0.169386	0.254497
ROWEN	5	20	2	14.3701	0.116466	0.15787
ROWENS	6	15	2	9.14741	0.141738	0.230068
ROWER	5	19	7	14.6056	0.342411	0.457482
ROWERS	6	12	6	8.75358	0.429465	0.62067
ROWIE	5	14	1	9.40602	0.0993949	0.138836
ROWME	5	10	0	7.37178	0.0552445	0.0619291
ROWS	4	53	16	40.1429	0.296476	0.392972
ROWT	4	48	0	37.6463	0.0214351	0.0218518
ROWTH	5	11	0	8.5141	0.0514722	0.0551741
ROWTS	5	24	0	16.554	0.0272673	0.0312125
ROYAL	5	14	1	10.7269	0.0993949	0.12438
ROYNE	5	20	0	12.7978	0.0318801	0.0391575
ROYNES	6	11	0	6.48259	0.0420824	0.0609658
RUANA	5	19	0	12.6574	0.033288	0.0395335
RUB	3	66	5	51.8056	0.0885141	0.109282
RUBAI	5	16	0	11.0639	0.0383715	0.0443709
RUBE	4	23	1	18.4517	0.0767154	0.0885717
RUBES	5	13	1	9.27301	0.105366	0.14048
RUBIN	5	10	0	6.41607	0.0552445	0.0689964
RUBLE	5	11	1	7.35032	0.119756	0.169495
RUBS	4	23	3	17.0946	0.148701	0.195021
RUC	3	131	24	102.657	0.186583	0.237183
RUCHE	5	15	1	9.31147	0.0940639	0.140001
RUCS	4	37	3	29.6031	0.0988769	0.119791
RUD	3	151	41	116.108	0.272145	0.353666
RUDAS	5	15	0	9.8351	0.0404295	0.0489941
RUDD	4	13	2	10.4396	0.176086	0.217481
RUDE	4	83	33	64.4487	0.388814	0.503695
RUDER	5	15	3	10.482	0.201333	0.287593
RUDES	5	43	17	31.2841	0.380617	0.528771
RUDEST	6	19	7	10.3519	0.33982	0.621332
RUDI	4	37	1	29.3258	0.0510111	0.0586129
RUDIE	5	20	0	13.2262	0.0318801	0.0380528
RUDIES	6	11	0	6.41836	0.0420824	0.061447
RUDIS	5	14	0	9.81288	0.0427208	0.0490866
RUDS	4	57	9	44.6723	0.163983	0.208113
RUDY	4	10	0	8.28544	0.0765327	0.0796096
RUE	3	296	59	233.767	0.200626	0.253706
RUED	4	97	13	74.7774	0.138838	0.178921
RUEDAS	6	11	0	6.80589	0.0420824	0.0586537
RUER	4	68	4	51.4607	0.0705025	0.089978
RUERS	5	32	1	22.2835	0.0492021	0.065086
RUES	4	157	35	122.362	0.223332	0.286652
RUG	3	68	18	54.0239	0.266428	0.335198
RUGA	4	24	0	18.7154	0.039308	0.0410584
RUGS	4	20	7	16.2153	0.328098	0.414134
RUIN	4	89	10	68.4595	0.118693	0.152693
RUINATE	7	10	0	3.13762	0.0389586	0.111663
RUINED	6	18	0	9.9557	0.0283042	0.0428291
RUINER	6	18	1	8.91868	0.075077	0.14101
RUING	5	24	1	15.4684	0.0634405	0.0905387
RUINS	5	35	7	24.1886	0.200643	0.289813
RULE	4	90	37	70.3423	0.4023	0.517792
RULED	5	22	7	15.7758	0.302354	0.427296
RULER	5	25	8	16.3891	0.305599	0.467514
RULES	5	43	20	30.2481	0.444933	0.63893
RULIER	6	13	1	7.13469	0.0979944	0.169423
RULIEST	7	13	1	7.94303	0.0926172	0.160172
RULY	4	18	4	14.6326	0.225225	0.279818
RUM	3	98	32	79.1389	0.325279	0.403611
RUMAL	5	13	0	8.64359	0.0452874	0.0545002
RUME	4	52	14	41.1243	0.266476	0.338687
RUMEN	5	19	1	14.1402	0.0774483	0.0980087
RUMES	5	25	6	18.3355	0.235778	0.324125
RUMOR	5	11	0	7.45092	0.0514722	0.0614082
RUMS	4	32	7	26.1309	0.221062	0.272308
RUN	3	225	105	175.005	0.463617	0.596943
RUNCH	5	10	0	6.18555	0.0552445	0.0709492
RUND	4	58	12	44.8091	0.209154	0.270498
RUNDS	5	19	3	14.7066	0.165769	0.214688
RUNE	4	130	47	101.074	0.357102	0.460883
RUNED	5	43	14	30.8516	0.316301	0.444307
RUNES	5	76	35	56.241	0.448916	0.611306
RUNG	4	43	19	31.9783	0.421305	0.571371
RUNGS	5	13	8	9.12612	0.52592	0.77384
RUNIC	5	18	1	12.5542	0.0810265	0.10872
RUNS	4	98	26	76.1243	0.263967	0.340536
RUNT	4	92	38	71.9451	0.404319	0.520067
RUNTED	6	18	9	12.7837	0.44926	0.655051
RUNTS	5	42	18	30.2385	0.410864	0.577003
RURAL	5	14	0	9.17594	0.0427208	0.0518946
RURP	4	11	0	8.99249	0.0716838	0.0748456
RURU	4	10	0	8.22096	0.0765327	0.0800744
RUSA	4	107	0	84.3918	0.0101215	0.0101396
RUSAS	5	20	0	14.093	0.0318801	0.0359979
RUSE	4	170	58	133.266	0.338312	0.432691
RUSES	5	49	15	35.976	0.299247	0.410649
RUSH	4	60	16	49.7984	0.264441	0.320865
RUSHEN	6	14	0	10.1336	0.0348184	0.042186
RUSHER	6	18	5	13.8414	0.262168	0.353462
RUSHES	6	15	1	9.55976	0.0873312	0.132995
RUSINE	6	30	0	16.4716	0.0181289	0.0274876
RUSMA	5	15	0	10.5285	0.0404295	0.0462734
RUSSE	5	28	2	19.4098	0.0870223	0.120637
RUSSEL	6	10	0	4.97185	0.0452275	0.0747314
RUSSET	6	14	0	8.14818	0.0348184	0.0506747
RUST	4	127	53	101.878	0.41076	0.51465
RUSTED	6	22	10	15.8408	0.417855	0.597957
RUSTLE	6	15	1	7.00933	0.0873312	0.171856
RUSTRE	6	21	0	14.6717	0.0248213	0.0305061
RUSTS	5	27	14	20.8722	0.481446	0.638516
RUSTY	5	15	4	11.2157	0.254967	0.347481
RUT	3	258	102	200.227	0.393792	0.507854
RUTH	4	67	7	49.8593	0.113277	0.149659
RUTHER	6	12	0	7.90662	0.0393462	0.0519464
RUTHS	5	28	4	18.9541	0.150224	0.218901
RUTILE	6	18	0	10.2232	0.0283042	0.0418698
RUTILES	7	12	0	4.83855	0.0339181	0.0822098
RUTIN	5	42	2	26.5149	0.0603311	0.0905339
RUTINS	6	17	0	8.26392	0.029693	0.0500872
RUTS	4	138	42	108.416	0.302076	0.385514
RUTTER	6	11	4	6.47959	0.320248	0.548877
RYA	3	137	3	107.065	0.0297896	0.0358756
RYAL	4	49	0	37.5367	0.0210366	0.0219111
RYALS	5	14	0	10.3577	0.0427208	0.0469153
RYAS	4	51	2	38.3474	0.0561353	0.0700585
RYE	3	158	23	122.031	0.14933	0.192233
RYES	4	85	14	66.0107	0.168532	0.216237
RYFE	4	14	0	11.1712	0.0602348	0.0631928
RYKE	4	10	0	7.38162	0.0765327	0.0866608
RYNDS	5	16	0	13.1477	0.0383715	0.0382505
RYOT	4	45	0	33.9038	0.0227268	0.0240786
RYOTS	5	33	0	24.7023	0.0205704	0.021673
RYPE	4	16	0	12.3318	0.0544384	0.0583535
RYU	3	45	0	36.1301	0.0245046	0.0240766
RYUS	4	21	0	17.9189	0.0438816	0.042635
SAAG	4	26	0	19.5465	0.0367541	0.0395329
SAB	3	219	67	171.627	0.30574	0.390231
SABAL	5	18	1	11.7249	0.0810265	0.115308
SABE	4	100	36	77.5466	0.354363	0.458935
SABED	5	39	8	30.5692	0.205273	0.263707
SABER	5	55	25	40.4306	0.439149	0.603404
SABERS	6	16	7	11.7982	0.392423	0.554851
SABES	5	31	8	24.023	0.252673	0.33015
SABIN	5	28	5	18.0145	0.181825	0.279267
SABINE	6	12	0	7.09028	0.0393462	0.0567602
SABIR	5	25	1	16.3852	0.0612258	0.0860139
SABLE	5	40	18	27.2621	0.429692	0.635776
SABLER	6	23	7	13.274	0.288293	0.500236
SABLES	6	15	6	9.19908	0.359367	0.595344
SABOT	5	34	1	24.7175	0.0465881	0.0591474
SABRA	5	29	1	19.7816	0.0537237	0.0725762
SABRE	5	53	12	36.6809	0.225154	0.325517
SABRED	6	18	2	12.4288	0.12185	0.176707
SABRES	6	14	4	8.04655	0.264969	0.460805
SABS	4	40	5	30.3298	0.136913	0.177492
SAC	3	379	98	295.561	0.258964	0.331967
SACHET	6	28	0	15.9067	0.0192843	0.0283685
SACHETS	7	14	0	3.79813	0.0300325	0.0980252
SACK	4	22	8	16.2305	0.340935	0.466289
SACRED	6	34	0	20.5405	0.0161889	0.0224631
SACS	4	78	6	61.2336	0.0861454	0.107473
SAD	3	434	136	335.304	0.313195	0.405414
SADDER	6	12	8	9.4606	0.559504	0.760315
SADE	4	242	57	180.799	0.235556	0.315237
SADES	5	71	20	51.4985	0.278034	0.384941
SADHES	6	14	0	8.15336	0.0348184	0.0506481
SADI	4	164	11	122.477	0.0718756	0.0948471
SADIRON	7	10	0	4.15879	0.0389586	0.0918968
SADIS	5	58	4	41.2782	0.077116	0.105878
SADIST	6	22	0	11.9662	0.0238433	0.0365371
SADO	4	123	1	92.0028	0.0166799	0.0198714
SADOS	5	26	0	18.4472	0.0254277	0.0283166
SADS	4	89	24	68.1289	0.267973	0.350722
SAE	3	914	91	706.615	0.10043	0.129649
SAETER	6	80	15	56.9661	0.187157	0.264122
SAETERS	7	28	5	15.0894	0.175608	0.331157
SAFE	4	74	15	57.9182	0.204756	0.261509
SAFED	5	22	4	16.5285	0.185371	0.247623
SAFER	5	44	7	32.4488	0.162742	0.220238
SAFES	5	21	6	16.874	0.274046	0.349278
SAFT	4	71	17	57.5591	0.239253	0.296187
SAFTER	6	24	4	15.899	0.168194	0.255422
SAG	3	245	96	194.451	0.390256	0.49228
SAGA	4	42	1	32.2431	0.0455592	0.0537366
SAGE	4	124	59	93.1246	0.466919	0.624137
SAGENE	6	13	0	7.20897	0.0369441	0.0560056
SAGER	5	63	23	43.6099	0.356424	0.517415
SAGES	5	47	24	33.4087	0.488773	0.69493
SAGEST	6	23	0	13.0746	0.0229395	0.0337994
SAGIER	6	18	0	9.92964	0.0283042	0.0429249
SAGO	4	72	0	53.4116	0.0147352	0.0157256
SAGOIN	6	15	0	7.33071	0.032924	0.0552522
SAGOS	5	12	0	8.27055	0.0481822	0.0564878
SAGS	4	54	11	40.8874	0.206375	0.271889
SAGY	4	15	0	11.8438	0.0571901	0.060295
SAHEB	5	18	0	12.2376	0.0348259	0.0407025
SAI	3	715	393	561.934	0.548209	0.697984
SAIC	4	135	2	106.923	0.0224019	0.026282
SAICE	5	53	0	34.5087	0.0133075	0.0158449
SAICES	6	19	0	9.73161	0.0270395	0.0436672
SAICS	5	28	0	18.7017	0.0238206	0.0279677
SAID	4	183	51	135.665	0.277615	0.374648
SAIDEST	7	15	0	4.30053	0.0284054	0.0896931
SAIDS	5	40	14	27.6701	0.338043	0.492017
SAIDST	6	17	0	8.47164	0.029693	0.0490663
SAIL	4	245	127	181.326	0.51297	0.694462
SAILED	6	52	26	33.9933	0.480411	0.742041
SAILER	6	64	39	40.5769	0.587788	0.933897
SAILERS	7	20	10	11.0832	0.448641	0.829588
SAILOR	6	26	4	15.2343	0.156744	0.265436
SAILS	5	53	30	36.8217	0.542924	0.788489
SAIM	4	141	14	105.86	0.103794	0.136952
SAIMS	5	33	2	22.6182	0.0751485	0.104888
SAIN	4	362	165	268.892	0.452941	0.610508
SAINE	5	200	82	132.402	0.406364	0.614599
SAINED	6	67	24	42.3834	0.349604	0.555526
SAINS	5	82	37	51.3392	0.440819	0.705054
SAINT	5	156	31	102.654	0.198903	0.301856
SAINTED	7	23	3	9.77245	0.133203	0.310137
SAINTS	6	45	6	22.1376	0.136526	0.272461
SAIR	4	336	131	249.722	0.387728	0.522222
SAIRED	6	73	29	46.011	0.387604	0.61806
SAIRER	6	42	5	25.4631	0.123516	0.20234
SAIREST	7	40	5	15.5783	0.127118	0.321738
SAIRS	5	90	49	61.8442	0.531304	0.777047
SAIS	4	184	24	138.767	0.133123	0.175749
SAIST	5	89	0	59.2495	0.00813643	0.0094403
SAITH	5	74	1	51.8138	0.0225875	0.0293426
SAITHE	6	32	1	16.3775	0.0453687	0.0828896
SAITHES	7	11	0	4.52414	0.036264	0.0864234
SAITHS	6	12	0	6.48102	0.0393462	0.0609774
SAKE	4	35	19	26.5133	0.506024	0.677812
SAKER	5	22	9	17.4904	0.380343	0.492458
SAKI	4	38	5	29.2829	0.143313	0.18328
SAKIA	5	10	0	7.09565	0.0552445	0.0638178
SAL	3	608	333	466.684	0.546017	0.711804
SALAD	5	30	0	20.4609	0.0224046	0.0257732
SALADE	6	13	0	7.62448	0.0369441	0.053515
SALAMI	6	11	0	5.93363	0.0420824	0.0653391
SALAT	5	61	4	41.2531	0.0735373	0.105939
SALATS	6	15	2	9.15751	0.141738	0.229855
SALE	4	356	194	264.334	0.540855	0.729475
SALEP	5	55	0	38.2175	0.0128536	0.0143823
SALES	5	129	74	89.9351	0.563564	0.811566
SALET	5	176	27	118.209	0.154493	0.229494
SALETS	6	65	14	38.6383	0.213588	0.359291
SALEWD	6	10	0	6.27043	0.0452275	0.0625848
SALIC	5	34	0	21.1371	0.020024	0.0250186
SALIENT	7	20	0	8.37375	0.0223509	0.0530998
SALINA	6	38	0	17.9739	0.014624	0.0253906
SALINAS	7	11	0	3.08038	0.036264	0.113026
SALINE	6	60	20	31.0756	0.325105	0.625103
SALINES	7	26	11	9.83087	0.391209	1
SALL	4	94	64	69.5987	0.659335	0.895926
SALLE	5	64	28	44.4531	0.425071	0.615746
SALLEE	6	14	0	9.82222	0.0348184	0.0433244
SALLES	6	28	12	17.5617	0.401694	0.648319
SALLET	6	31	17	18.7431	0.512076	0.855239
SALLETS	7	10	7	5.92353	0.559088	0.999543
SALLIER	7	10	10	6.97347	0.782	1
SALLIES	7	14	10	8.85037	0.602829	1
SALLY	5	16	6	11.2957	0.343797	0.496277
SALMON	6	10	0	5.82259	0.0452275	0.0663012
SALOL	5	24	0	16.2849	0.0272673	0.0316729
SALON	5	71	8	47.4871	0.117273	0.17348
SALONS	6	22	4	11.7051	0.181448	0.33522
SALOON	6	11	4	4.72239	0.320248	0.698609
SALOP	5	26	1	15.102	0.0591605	0.0924833
SALP	4	91	1	67.2213	0.0222525	0.0269019
SALPS	5	22	0	15.1445	0.0293938	0.0337847
SALS	4	140	19	105.883	0.139045	0.182918
SALSA	5	28	2	20.682	0.0870223	0.113858
SALSE	5	82	1	60.6631	0.0204776	0.0251961
SALT	4	228	97	172.173	0.421557	0.559353
SALTATE	7	10	0	5.00728	0.0389586	0.0801136
SALTED	6	39	16	25.1169	0.391816	0.614848
SALTER	6	62	36	39.8373	0.559883	0.878327
SALTERN	7	17	1	8.52903	0.0745086	0.150915
SALTERS	7	16	12	9.19611	0.643652	1
SALTEST	7	18	0	6.77028	0.0244341	0.0632598
SALTIE	6	54	10	31.3258	0.184823	0.317751
SALTIER	7	19	1	9.49318	0.0678733	0.13781
SALTIES	7	26	7	10.4253	0.255423	0.625668
SALTINE	7	19	1	6.1533	0.0678733	0.197098
SALTIRE	7	20	2	6.39129	0.107609	0.316214
SALTO	5	79	3	54.1655	0.0454209	0.0637484
SALTOS	6	20	1	12.1924	0.0686547	0.107826
SALTS	5	75	37	51.493	0.480055	0.703026
SALTUS	6	10	0	4.0045	0.0452275	0.087362
SALTY	5	22	4	14.0689	0.185371	0.285623
SALUE	5	47	0	32.0793	0.014884	0.0169759
SALUED	6	14	0	8.22814	0.0348184	0.0502673
SALUES	6	20	0	11.4304	0.0258829	0.0380259
SALUT	5	38	5	24.3786	0.138164	0.211785
SALUTE	6	24	3	13.1108	0.131671	0.236012
SALUTER	7	11	2	5.78801	0.174594	0.342
SALVE	5	15	3	11.5447	0.201333	0.264959
SALVER	6	10	2	5.97162	0.194705	0.325074
SALVO	5	14	0	10.014	0.0427208	0.0482622
SAM	3	320	121	254.869	0.377082	0.47385
SAMA	4	59	3	45.7586	0.0647726	0.079955
SAMAN	5	22	1	16.1669	0.0683882	0.08705
SAME	4	166	66	125.761	0.393079	0.520161
SAMEL	5	55	0	38.7094	0.0128536	0.0142083
SAMEN	5	66	0	46.0882	0.0108235	0.0120262
SAMES	5	43	24	32.3152	0.530688	0.717102
SAMEY	5	11	0	7.52519	0.0514722	0.0609273
SAMIER	6	35	3	19.5024	0.093933	0.164929
SAMITE	6	32	0	14.041	0.0171041	0.031727
SAMITI	6	17	0	7.46736	0.029693	0.0544303
SAMP	4	42	12	31.6624	0.280685	0.373619
SAMPI	5	10	2	6.43839	0.201821	0.306993
SAMS	4	59	7	44.9843	0.127485	0.16492
SAN	3	724	406	561.695	0.559287	0.721324
SAND	4	198	96	150.751	0.478991	0.630866
SANDAL	6	12	2	7.45039	0.169386	0.272648
SANDER	6	54	34	37.7672	0.603088	0.873723
SANDERS	7	11	8	7.02172	0.589583	0.988225
SANDIER	7	16	8	9.75513	0.438083	0.75055
SANDS	5	41	28	29.8794	0.644058	0.897601
SANDY	5	18	1	11.9467	0.0810265	0.113469
SANE	4	411	160	304.253	0.387537	0.523924
SANED	5	128	25	87.9673	0.195631	0.284432
SANELY	6	16	0	7.38183	0.0312252	0.0549418
SANER	5	222	77	147.558	0.344585	0.518858
SANES	5	152	76	104.975	0.493135	0.716122
SANEST	6	65	7	35.6952	0.111219	0.200459
SANG	4	140	65	105.053	0.456761	0.61074
SANGA	5	28	3	18.0362	0.118623	0.178938
SANGAR	6	13	3	7.77594	0.220095	0.368619
SANGER	6	31	13	21.8732	0.395729	0.572225
SANGO	5	42	1	27.4676	0.0384228	0.0536197
SANGS	5	31	17	20.465	0.512453	0.783898
SANIES	6	62	5	33.8357	0.0857318	0.154692
SANING	6	19	6	10.6945	0.295137	0.523624
SANITATE	8	10	0	4.16669	0.0389586	0.0917712
SANITY	6	23	0	12.3159	0.0229395	0.0356265
SANK	4	33	16	24.7904	0.45341	0.611459
SANNIE	6	26	7	15.4895	0.258855	0.435832
SANNIES	7	11	4	4.08301	0.312924	0.79573
SANS	4	169	35	125.107	0.207911	0.2805
SANSA	5	46	0	31.4722	0.0151838	0.0172842
SANT	4	304	116	226.279	0.379332	0.510184
SANTAL	6	23	0	11.9317	0.0229395	0.0366294
SANTERA	7	34	10	14.3195	0.280962	0.661045
SANTERAS	8	12	2	3.76085	0.163299	0.471083
SANTERO	7	26	8	14.1307	0.28937	0.541915
SANTIM	6	28	0	14.6864	0.0192843	0.0304787
SANTIR	6	51	1	27.6197	0.0295172	0.0511276
SANTIRS	7	10	0	2.91732	0.0389586	0.117096
SANTO	5	109	20	76.3392	0.184241	0.262815
SANTOL	6	29	0	18.7383	0.0186888	0.0244419
SANTON	6	30	1	16.9372	0.048087	0.0804033
SANTONS	7	11	0	3.69705	0.036264	0.0998922
SANTOS	6	23	5	13.7278	0.212477	0.356063
SANTS	5	85	22	59.3619	0.256685	0.368193
SANTUR	6	16	0	9.2275	0.0312252	0.0456782
SAP	3	271	84	209.776	0.309744	0.400188
SAPAN	5	10	0	6.72538	0.0552445	0.0665388
SAPELE	6	11	0	6.07612	0.0420824	0.0641448
SAPID	5	14	0	10.0446	0.0427208	0.0481391
SAPOR	5	48	1	33.812	0.0339589	0.0441095
SAPOTA	6	12	0	7.86075	0.0393462	0.0521951
SAPS	4	71	13	53.0231	0.186471	0.248619
SAR	3	898	445	695.995	0.494641	0.638463
SARAN	5	77	3	50.1995	0.0465473	0.0685957
SARANS	6	25	2	13.381	0.0917952	0.165564
SARAPE	6	16	0	10.0142	0.0312252	0.0426154
SARD	4	237	42	175.482	0.178389	0.240511
SARDAR	6	11	0	6.84819	0.0420824	0.0583641
SARDEL	6	34	1	22.6632	0.0429413	0.0615209
SARDINE	7	19	3	8.14738	0.156928	0.36179
SARDS	5	63	17	44.5205	0.266395	0.378188
SARED	5	220	55	155.183	0.249296	0.35368
SAREE	5	121	1	86.4702	0.0140704	0.0178429
SAREES	6	52	1	31.3338	0.0289842	0.0453824
SARGE	5	65	16	46.6284	0.244065	0.341199
SARGES	6	27	7	14.9457	0.250334	0.450053
SARGO	5	38	2	27.0304	0.0661259	0.0889242
SARGOS	6	10	1	5.45502	0.119966	0.20909
SARI	4	374	62	276.586	0.166669	0.225062
SARIN	5	175	27	114.372	0.155357	0.237065
SARING	6	44	21	27.5523	0.455998	0.734508
SARINS	6	45	8	25.9667	0.177866	0.307018
SARIS	5	112	14	75.2581	0.127579	0.188791
SARK	4	38	13	29.6149	0.330301	0.428031
SARNEY	6	18	0	9.84862	0.0283042	0.0432255
SARNIE	6	58	6	31.9472	0.107611	0.193073
SARNIES	7	25	2	10.4764	0.0887025	0.209338
SAROD	5	76	0	50.4558	0.00946449	0.0110241
SARODE	6	35	0	20.8593	0.0157671	0.0221459
SARODS	6	19	0	9.81067	0.0270395	0.0433678
SARONGS	7	10	0	5.52463	0.0389586	0.0743044
SAROS	5	89	4	60.9666	0.0513121	0.0727502
SARS	4	211	34	159.442	0.162809	0.214983
SARSEN	6	60	0	35.1736	0.00954784	0.0135533
SARSNET	7	20	0	8.73389	0.0223509	0.051251
SARTOR	6	37	0	21.0288	0.0149862	0.0219808
SARUS	5	32	1	22.3983	0.0492021	0.0647793
SASER	5	119	1	84.9943	0.0142998	0.0181457
SASH	4	79	20	64.6144	0.252215	0.309686
SASHED	6	10	2	6.77333	0.194705	0.294385
SASIN	5	63	1	40.9453	0.0263156	0.0367757
SASINE	6	35	0	19.1681	0.0157671	0.0239389
SAT	3	910	425	704.407	0.466267	0.60257
SATAI	5	74	0	49.9205	0.00970828	0.0111379
SATANG	6	12	0	6.84733	0.0393462	0.0583699
SATE	4	571	213	420.289	0.371896	0.505503
SATED	5	165	44	116.188	0.265373	0.377309
SATEEN	6	52	0	32.4296	0.0109271	0.0146424
SATEENS	7	14	0	5.82948	0.0300325	0.0712596
SATEM	5	105	0	76.686	0.00693818	0.00734727
SATES	5	202	86	143.988	0.421862	0.593215
SATI	4	398	50	293.123	0.126945	0.171938
SATIATE	7	11	0	4.46659	0.036264	0.087242
SATIN	5	193	37	120.674	0.19199	0.306426
SATINED	7	36	8	15.7959	0.216034	0.490071
SATINET	7	28	3	11.807	0.112032	0.263108
SATING	6	51	16	29.1977	0.305354	0.533692
SATINS	6	67	13	36.6367	0.19331	0.351969
SATINY	6	15	1	9.20083	0.0873312	0.137366
SATIRE	6	101	7	59.2881	0.0728602	0.122937
SATIRES	7	34	2	14.8704	0.0673901	0.153524
SATIS	5	131	5	84.602	0.0427332	0.0644383
SATIVE	6	12	0	6.19517	0.0393462	0.0631799
SATORI	6	60	0	32.8982	0.00954784	0.0144442
SATRAP	6	14	0	8.69593	0.0348184	0.0480096
SATYR	5	26	0	17.5247	0.0254277	0.0296574
SATYRA	6	10	0	6.36449	0.0452275	0.0618565
SATYRE	6	16	0	9.59348	0.0312252	0.0442004
SAU	3	278	67	222.423	0.24179	0.302081
SAUCE	5	14	2	10.7055	0.156069	0.203554
SAUCH	5	11	0	7.11716	0.0514722	0.0636665
SAUL	4	87	11	68.5065	0.132174	0.166612
SAULIE	6	15	2	8.63343	0.141738	0.241491
SAULS	5	16	2	10.5028	0.14018	0.206865
SAULT	5	29	0	21.1002	0.0230909	0.0250587
SAUNA	5	25	0	16.9134	0.0263154	0.030618
SAUNT	5	48	7	33.6321	0.150137	0.212916
SAUNTED	7	12	2	5.51347	0.163299	0.355181
SAUNTER	7	16	3	8.31878	0.181122	0.355544
SAUNTS	6	12	3	8.02051	0.234405	0.359363
SAUREL	6	16	0	9.86805	0.0312252	0.043153
SAURIES	7	12	0	5.47284	0.0339181	0.0748477
SAUT	4	106	20	83.607	0.190745	0.241634
SAUTE	5	68	15	49.4556	0.219888	0.302986
SAUTED	6	23	4	16.4901	0.17457	0.247131
SAUTES	6	28	7	18.7376	0.242357	0.366631
SAUTS	5	32	7	21.91	0.21753	0.31748
SAV	3	75	31	59.4524	0.407246	0.515821
SAVE	4	42	28	32.1143	0.622686	0.826752
SAVED	5	13	8	9.3154	0.52592	0.760849
SAVER	5	27	13	18.2389	0.448814	0.672253
SAVIN	5	13	4	8.1656	0.285604	0.452165
SAVS	4	12	1	8.69294	0.126995	0.16363
SAW	3	168	55	134.562	0.326618	0.408215
SAWDER	6	10	0	6.45896	0.0452275	0.061142
SAWED	5	24	11	17.4631	0.425173	0.596129
SAWER	5	33	15	22.6577	0.429906	0.632825
SAWN	4	45	6	35.5768	0.143249	0.179281
SAWS	4	36	11	28.6165	0.297459	0.378009
SAX	3	15	6	11.14	0.37761	0.509976
SAY	3	156	49	120.897	0.313621	0.404795
SAYED	5	22	6	16.8514	0.26336	0.349697
SAYER	5	37	13	25.2018	0.338391	0.499913
SAYID	5	12	0	8.93463	0.0481822	0.0530441
SAYNE	5	26	0	17.9877	0.0254277	0.0289689
SAYON	5	10	0	6.53299	0.0552445	0.0680463
SAYS	4	26	6	20.4727	0.231664	0.295521
SAYST	5	10	0	6.65197	0.0552445	0.0671061
SCAB	4	43	8	33.5358	0.1911	0.244353
SCAD	4	90	19	71.815	0.212394	0.266411
SCADS	5	23	7	16.3557	0.291007	0.413764
SCAG	4	33	8	26.0464	0.241678	0.307744
SCAIL	5	38	1	25.3967	0.0421133	0.0576788
SCAITH	6	11	0	5.25119	0.0420824	0.0717364
SCALA	5	22	0	14.9659	0.0293938	0.0341412
SCALAE	6	12	0	5.24108	0.0393462	0.0718406
SCALD	5	26	3	16.2483	0.126626	0.196509
SCALE	5	67	29	46.0498	0.421175	0.616096
SCALED	6	19	5	11.8033	0.250454	0.406736
SCALER	6	33	8	20.0208	0.236535	0.390988
SCALERS	7	10	4	4.63034	0.336175	0.725938
SCALES	6	21	12	12.9168	0.517029	0.854071
SCALIER	7	12	0	3.62207	0.0339181	0.101324
SCALL	5	20	4	13.5759	0.201051	0.294687
SCALP	5	16	2	10.8643	0.14018	0.201032
SCALY	5	17	1	12.7348	0.0849513	0.107383
SCAM	4	59	13	43.7889	0.221553	0.297872
SCAN	4	131	57	102.306	0.428118	0.550603
SCAND	5	35	8	25.1909	0.22652	0.315947
SCANS	5	43	13	29.8251	0.294863	0.427194
SCANT	5	58	18	41.0401	0.304224	0.432055
SCANTER	7	13	5	6.03538	0.335657	0.723326
SCANTS	6	23	8	12.5707	0.3262	0.594835
SCAPE	5	21	9	14.2551	0.395776	0.590723
SCAPI	5	13	0	8.72259	0.0452874	0.0540971
SCAR	4	167	63	126.571	0.373327	0.49372
SCARE	5	112	41	80.2012	0.361052	0.50606
SCARED	6	36	9	21.8959	0.24391	0.40229
SCARER	6	24	4	14.9832	0.168194	0.269426
SCARES	6	43	21	27.3578	0.465829	0.739422
SCAREY	6	10	0	5.41107	0.0452275	0.0701278
SCARF	5	16	0	11.5782	0.0383715	0.0426852
SCARLET	7	10	0	4.16994	0.0389586	0.0917196
SCARP	5	24	7	16.1554	0.28048	0.41834
SCARRE	6	15	1	8.66089	0.0873312	0.144512
SCARS	5	45	15	33.584	0.323854	0.438286
SCART	5	76	27	51.3339	0.34847	0.517481
SCARTED	7	13	3	6.03797	0.214137	0.461576
SCARTH	6	22	0	12.6018	0.0238433	0.0349154
SCARTS	6	23	10	13.821	0.402015	0.675676
SCARY	5	20	2	14.8597	0.116466	0.153275
SCAT	4	180	64	138.828	0.352474	0.458059
SCATCH	6	10	1	5.92731	0.119966	0.196175
SCATH	5	53	4	39.013	0.083923	0.111732
SCATHE	6	27	3	16.8043	0.118668	0.188952
SCATHED	7	10	1	5.17511	0.113263	0.225512
SCATHES	7	11	1	4.9647	0.105429	0.23273
SCATHS	6	13	1	7.78613	0.0979944	0.157811
SCATS	5	45	8	33.3307	0.179954	0.243071
SCATT	5	31	12	23.199	0.368131	0.49996
SCATTER	7	13	7	5.5708	0.457177	1
SCATTS	6	10	3	6.88141	0.269444	0.406959
SCAUR	5	16	0	11.0209	0.0383715	0.0445181
SCAW	4	29	4	21.118	0.151891	0.204017
SCEAT	5	64	0	46.0699	0.0111435	0.0120308
SCEATS	6	10	0	5.72098	0.0452275	0.0672067
SCEATT	6	11	0	7.10771	0.0420824	0.0566481
SCENA	5	70	0	47.7689	0.0102356	0.0116198
SCENAS	6	17	0	7.78631	0.029693	0.0526039
SCEND	5	32	0	24.6773	0.0211475	0.0216934
SCENE	5	21	1	15.5999	0.0711632	0.0898609
SCENT	5	63	3	43.7784	0.0563255	0.0782259
SCENTS	6	19	0	10.1739	0.0270395	0.0420433
SCERNE	6	19	0	10.7847	0.0270395	0.0399895
SCIENT	6	15	0	6.99081	0.032924	0.0574084
SCION	5	38	0	25.728	0.0181007	0.0208701
SCIROC	6	10	0	4.75698	0.0452275	0.077211
SCLATE	6	26	1	14.5456	0.0546339	0.092226
SCLERA	6	23	0	12.9033	0.0229395	0.0341955
SCLERAE	7	11	0	2.7951	0.036264	0.120345
SCLERE	6	15	0	9.20442	0.032924	0.0457747
SCLIM	5	16	0	10.6253	0.0383715	0.0459176
SCODIER	7	11	0	6.14001	0.036264	0.0684044
SCOG	4	27	2	21.3227	0.0985235	0.119456
SCOLD	5	22	1	13.1456	0.0683882	0.104462
SCOLIA	6	15	0	5.44314	0.032924	0.0698138
SCONE	5	55	9	40.1799	0.16632	0.227294
SCONES	6	21	5	13.7131	0.229908	0.356402
SCOOG	5	10	0	7.09356	0.0552445	0.0638325
SCOOT	5	19	6	13.8243	0.29825	0.41677
SCOP	4	35	5	25.3863	0.15412	0.208597
SCOPA	5	13	0	8.41465	0.0452874	0.0557031
SCOPE	5	17	3	11.3385	0.181828	0.269067
SCOPS	5	11	2	7.73324	0.18804	0.265978
SCORE	5	80	25	55.4559	0.307895	0.445494
SCORED	6	27	7	18.906	0.250334	0.363637
SCORER	6	15	4	9.8567	0.250553	0.388747
SCORES	6	27	8	16.4631	0.283251	0.467494
SCORIAE	7	11	0	5.17601	0.036264	0.0781216
SCORN	5	46	5	32.709	0.115899	0.160894
SCORNS	6	11	2	6.74091	0.181165	0.295513
SCORSE	6	20	1	11.4902	0.0686547	0.113558
SCOT	4	115	26	90.8398	0.226504	0.287034
SCOTER	6	35	0	24.2011	0.0157671	0.0192907
SCOTERS	7	10	0	6.26647	0.0389586	0.0673061
SCOTS	5	29	11	21.1443	0.360052	0.501141
SCOUR	5	17	2	11.3119	0.13339	0.194251
SCOUT	5	19	7	13.6721	0.342411	0.484803
SCOW	4	22	3	16.188	0.154253	0.204322
SCRAB	5	16	0	12.4243	0.0383715	0.0401742
SCRAE	5	60	2	44.7471	0.0432683	0.0551929
SCRAES	6	23	0	12.7843	0.0229395	0.034476
SCRAM	5	27	2	18.1303	0.089862	0.128321
SCRAN	5	51	1	35.3779	0.0320945	0.0422596
SCRANS	6	16	1	7.56851	0.0828249	0.161509
SCRAP	5	17	6	12.0642	0.327144	0.469079
SCRAT	5	69	3	47.9755	0.0516734	0.0716508
SCRATS	6	20	2	11.106	0.111426	0.194934
SCRAW	5	10	0	6.54642	0.0552445	0.0679389
SCRAY	5	14	2	9.45469	0.156069	0.225861
SCREAM	6	11	0	6.82733	0.0420824	0.0585066
SCREE	5	31	1	21.5864	0.0506223	0.067013
SCREEN	6	15	0	7.89089	0.032924	0.0520314
SCREES	6	15	1	8.47513	0.0873312	0.147145
SCREET	6	18	0	9.97694	0.0283042	0.0427513
SCREW	5	13	0	9.98375	0.0452874	0.0483843
SCRIED	6	18	0	11.5784	0.0283042	0.0376024
SCRIES	6	21	0	12.0228	0.0248213	0.0363866
SCRIM	5	15	0	10.0372	0.0404295	0.0481689
SCRINE	6	25	2	12.8887	0.0917952	0.171144
SCRINES	7	11	0	3.50107	0.036264	0.103722
SCROB	5	12	0	8.3669	0.0481822	0.0559607
SCROG	5	13	0	9.29272	0.0452874	0.0513559
SCROTA	6	28	0	14.6172	0.0192843	0.0306078
SCROTE	6	28	0	16.6987	0.0192843	0.0271487
SCROTES	7	12	0	6.18537	0.0339181	0.0680063
SCROW	5	14	2	10.2698	0.156069	0.210806
SCRY	4	18	0	14.3385	0.0496597	0.0515301
SCUD	4	20	2	17.1571	0.126351	0.144361
SCUG	4	12	1	10.3818	0.126995	0.142702
SCUL	4	33	3	26.1537	0.109345	0.134051
SCUM	4	15	1	12.36	0.107737	0.124109
SCUR	4	37	4	29.6031	0.12281	0.15063
SCUSE	5	14	0	10.657	0.0427208	0.0458022
SCUT	4	46	12	36.1759	0.258577	0.330379
SCUTE	5	28	10	20.0517	0.339829	0.480584
SCUTES	6	12	4	8.29925	0.299425	0.449182
SCUTS	5	16	4	11.1619	0.241988	0.348905
SCYE	4	16	0	13.5678	0.0544384	0.053953
SDAINE	6	46	14	27.7403	0.295771	0.492205
SDAINED	7	10	3	4.33549	0.261871	0.593746
SDAINES	7	17	3	7.17557	0.172269	0.401809
SDEIN	5	142	0	100.274	0.00517559	0.00565203
SDEINS	6	41	0	26.4003	0.0136355	0.0177819
SEA	3	1055	642	810.021	0.607325	0.791329
SEABED	6	10	0	7.28983	0.0452275	0.0555029
SEAL	4	379	162	281.26	0.425061	0.573369
SEALED	6	44	22	32.3794	0.477104	0.659856
SEALER	6	55	29	39.3892	0.507112	0.717618
SEALERS	7	12	6	8.50058	0.422062	0.645868
SEALINE	7	22	0	11.8314	0.020595	0.0394406
SEALING	7	12	5	8.69219	0.357371	0.53679
SEALS	5	103	41	78.9085	0.391522	0.51415
SEAM	4	210	67	154.986	0.31721	0.430168
SEAME	5	61	23	45.9425	0.367451	0.492218
SEAMED	6	24	11	16.8591	0.423856	0.61901
SEAMEN	6	22	1	13.2979	0.0632445	0.0998884
SEAMER	6	27	14	17.4187	0.48075	0.757669
SEAMERS	7	10	5	3.95771	0.410479	0.993242
SEAMES	6	13	5	8.70146	0.342196	0.52781
SEAMIER	7	13	3	5.51322	0.214137	0.495578
SEAMS	5	47	20	35.8668	0.409792	0.544021
SEAMY	5	17	0	13.0818	0.0365128	0.0384181
SEAN	4	469	161	349.472	0.342206	0.459514
SEANCE	6	26	1	15.2873	0.0546339	0.0882037
SEANED	6	46	21	27.3017	0.437529	0.74085
SEANS	5	127	53	88.4135	0.41145	0.592858
SEAR	4	561	267	413.054	0.473912	0.644143
SEARCE	6	20	0	12.0633	0.0258829	0.0362796
SEARCH	6	29	6	17.3171	0.203989	0.341458
SEARE	5	230	98	160.965	0.422666	0.605057
SEARED	6	71	39	49.4721	0.532471	0.771618
SEARER	6	42	17	25.5035	0.38795	0.64285
SEAREST	7	27	0	14.0005	0.0172142	0.0339602
SEARING	7	24	13	16.5913	0.492542	0.743361
SEARS	5	158	93	118.319	0.579999	0.778015
SEAS	4	300	81	223.568	0.269475	0.361695
SEASE	5	98	31	76.498	0.3124	0.402488
SEASED	6	25	6	17.853	0.23274	0.332107
SEASIDE	7	14	0	3.94338	0.0300325	0.0954613
SEASING	7	11	3	7.92518	0.243759	0.370221
SEASON	6	35	0	20.0603	0.0157671	0.0229583
SEAT	4	558	240	412.281	0.428462	0.580299
SEATED	6	57	23	39.289	0.390943	0.57306
SEATER	6	116	65	80.9236	0.549549	0.79257
SEATERS	7	37	25	20.229	0.630881	1
SEATING	7	18	7	12.3003	0.35065	0.541335
SEATRAIN	8	12	0	3.666	0.0339181	0.10048
SEATS	5	176	73	128.999	0.410554	0.561845
SEC	3	447	53	352.98	0.120163	0.15173
SECANT	6	39	2	20.7337	0.0614711	0.111346
SECANTS	7	19	1	6.61455	0.0678733	0.186044
SECCO	5	10	0	7.42678	0.0552445	0.0615661
SECERN	6	13	0	6.8965	0.0369441	0.0580369
SECH	4	118	15	90.7046	0.131381	0.169836
SECHS	5	33	2	23.5719	0.0751485	0.10097
SECO	4	175	4	136.292	0.0285422	0.0351101
SECOND	6	16	0	7.90304	0.0312252	0.0519657
SECPAR	6	10	0	4.87356	0.0452275	0.0758455
SECRET	6	27	0	15.787	0.0199191	0.0285625
SECRETA	7	17	0	6.80055	0.0256285	0.0630321
SECS	4	97	4	76.003	0.0504151	0.0619635
SECT	4	179	10	139.273	0.0605681	0.0765987
SECTION	7	16	0	6.05559	0.0269456	0.0691577
SECTOR	6	28	1	15.3793	0.0511518	0.0877289
SECTS	5	35	2	25.4719	0.0712593	0.0939765
SED	3	772	117	593.115	0.152308	0.198013
SEDAN	5	115	1	80.9865	0.0147819	0.0190225
SEDANS	6	28	1	16.3374	0.0511518	0.0830741
SEDATE	6	49	1	29.5334	0.0306442	0.0479969
SEDATER	7	28	0	13.3172	0.016667	0.0355149
SEDATES	7	14	0	5.98803	0.0300325	0.0697727
SEDENT	6	23	0	14.6172	0.0229395	0.030608
SEDER	5	118	2	84.6377	0.022638	0.0297683
SEDERS	6	33	0	23.9545	0.0166339	0.019476
SEDES	5	39	6	29.1013	0.158374	0.211778
SEDGE	5	18	3	13.01	0.173428	0.239021
SEDGY	5	13	0	9.50173	0.0452874	0.0504193
SEDILE	6	28	0	16.6623	0.0192843	0.0272024
SEDUM	5	23	0	18.249	0.0282907	0.0285943
SEE	3	478	231	384.386	0.481674	0.599558
SEED	4	200	43	150.669	0.215503	0.285907
SEEDS	5	55	14	42.66	0.251579	0.32672
SEEDY	5	14	0	10.6181	0.0427208	0.0459439
SEEING	6	23	3	13.6206	0.136662	0.228169
SEEK	4	32	7	23.6093	0.221062	0.298286
SEEKS	5	13	2	10.4322	0.165446	0.208044
SEEL	4	179	44	134.558	0.245568	0.326715
SEELD	5	50	0	38.762	0.0140516	0.0141899
SEELS	5	43	18	33.8857	0.402056	0.518292
SEELY	5	22	0	16.6742	0.0293938	0.0310111
SEEM	4	106	12	82.1244	0.118532	0.151675
SEEMS	5	34	8	27.7105	0.232537	0.289116
SEEN	4	221	47	167.468	0.213175	0.281192
SEEP	4	78	10	58.9351	0.134464	0.176242
SEEPS	5	25	2	19.1169	0.0961362	0.122313
SEER	4	309	108	228.464	0.347792	0.470777
SEERS	5	110	37	82.4905	0.332209	0.444976
SEES	4	108	38	81.6479	0.346961	0.460329
SEG	3	329	19	254.073	0.0606548	0.0776891
SEGAR	5	80	0	56.0134	0.00901189	0.00996728
SEGARS	6	29	0	18.2706	0.0186888	0.0250138
SEGETAL	7	12	0	4.26907	0.0339181	0.090173
SEGNI	5	105	0	68.9691	0.00693818	0.00814665
SEGNO	5	67	1	44.7874	0.0248256	0.0337531
SEGNOS	6	19	0	12.5003	0.0270395	0.0351647
SEGO	4	107	0	80.1969	0.0101215	0.010652
SEGOS	5	30	0	20.349	0.0224046	0.0259024
SEGS	4	68	3	49.7938	0.0567632	0.0738231
SEI	3	1084	126	838.671	0.116906	0.150905
SEIDELS	7	10	0	3.23266	0.0389586	0.109471
SEIF	4	134	1	104.182	0.0153579	0.0176097
SEIK	4	58	2	42.69	0.0498765	0.0633738
SEIL	4	374	40	279.979	0.108588	0.144569
SEILED	6	38	5	22.3113	0.135456	0.228878
SEILING	7	10	0	6.81837	0.0389586	0.0628988
SEILS	5	88	11	63.0394	0.128254	0.178126
SEINE	5	170	5	117.868	0.0331355	0.0465491
SEINED	6	55	2	30.234	0.0446239	0.0782405
SEINER	6	78	0	48.0402	0.00743601	0.0100487
SEINERS	7	22	0	13.4766	0.020595	0.0351396
SEINES	6	55	3	30.2452	0.0617531	0.109498
SEIR	4	537	30	399.513	0.057461	0.0767626
SEIRS	5	159	14	110.845	0.0907118	0.129232
SEIS	4	323	9	237.873	0.0309089	0.0410656
SEISE	5	100	1	74.8212	0.0169212	0.02055
SEISED	6	27	0	15.2293	0.0199191	0.0295025
SEISER	6	48	1	29.7213	0.0312406	0.04771
SEISM	5	50	0	36.4259	0.0140516	0.0150536
SEISOR	6	42	0	24.1957	0.013335	0.0192947
SEITAN	6	94	0	50.4372	0.00621423	0.0095869
SEITANS	7	24	0	9.21344	0.0190949	0.0489803
SEITEN	6	65	0	37.5661	0.0088497	0.0127279
SEITY	5	49	0	34.5547	0.0143186	0.015825
SEKT	4	28	0	20.487	0.0345119	0.0379378
SEL	3	783	171	601.575	0.218788	0.28464
SELAH	5	88	0	67.476	0.00822521	0.00832183
SELAHS	6	23	0	13.727	0.0229395	0.0323719
SELD	4	205	9	156.026	0.0482947	0.0622248
SELDOM	6	10	0	5.81367	0.0452275	0.0663797
SELE	4	169	27	127.411	0.161876	0.214109
SELES	5	27	8	22.0316	0.285654	0.357556
SELF	4	91	1	71.1451	0.0222525	0.0254749
SELFS	5	19	0	14.8056	0.033288	0.0344676
SELL	4	121	39	90.1816	0.319052	0.428844
SELLA	5	72	3	51.5902	0.049624	0.0668142
SELLAE	6	20	0	12.1597	0.0258829	0.0360275
SELLAS	6	28	3	17.5617	0.114887	0.18153
SELLE	5	33	8	22.4184	0.238883	0.351881
SELLER	6	13	5	9.69317	0.342196	0.481943
SELLING	7	11	3	6.91373	0.243759	0.414152
SELLS	5	23	7	16.9793	0.291007	0.40014
SELS	4	186	14	140.343	0.079312	0.103966
SEME	4	94	8	70.228	0.0924387	0.121618
SEMEN	5	41	3	29.8908	0.0840815	0.112336
SEMES	5	14	2	10.9682	0.156069	0.199416
SEMI	4	185	5	137.207	0.0323074	0.0420219
SEMIE	5	56	0	39.2637	0.0126381	0.0140172
SEMIES	6	21	0	12.4794	0.0248213	0.0352165
SEMINA	6	26	0	14.2472	0.0205971	0.0313171
SEMIS	5	61	1	44.122	0.0271298	0.0342405
SEN	3	1061	391	817.596	0.36824	0.477937
SENA	4	499	21	368.416	0.0439304	0.0589494
SENAS	5	152	4	104.975	0.0305426	0.0428098
SENATE	6	91	5	54.9911	0.0593891	0.0969847
SENATES	7	36	3	14.5699	0.0893176	0.21818
SENATOR	7	29	1	9.55022	0.0469623	0.137106
SEND	4	286	103	218.215	0.358106	0.469985
SENDAL	6	34	0	21.3206	0.0161889	0.0217025
SENDER	6	53	33	37.6166	0.596048	0.851646
SENDERS	7	13	9	7.62707	0.578697	1
SENDS	5	66	26	52.7827	0.384147	0.485517
SENE	4	242	49	181.57	0.203139	0.270533
SENEGA	6	23	0	13.5314	0.0229395	0.0327872
SENES	5	64	23	48.1639	0.351155	0.470404
SENGI	5	87	0	56.2165	0.00831595	0.00993249
SENHOR	6	34	0	21.5133	0.0161889	0.0215225
SENHORA	7	18	0	6.79995	0.0244341	0.0630366
SENHORS	7	11	0	4.79078	0.036264	0.0828233
SENILE	6	54	3	29.1242	0.0628293	0.113478
SENILES	7	15	0	4.41525	0.0284054	0.0879853
SENIOR	6	68	0	39.6378	0.00847776	0.0120903
SENIORS	7	20	0	8.44845	0.0223509	0.0527055
SENITIS	7	14	0	5.51863	0.0300325	0.0743669
SENNA	5	88	0	60.0956	0.00822521	0.00931159
SENNAS	6	25	0	14.3334	0.0213229	0.031149
SENNET	6	30	5	20.6422	0.167919	0.245962
SENNETS	7	10	1	5.7065	0.113263	0.209134
SENNIT	6	39	1	25.205	0.037875	0.0557129
SENNITS	7	11	0	6.23855	0.036264	0.0675455
SENOR	5	195	4	141.375	0.0239312	0.0319383
SENORA	6	86	1	47.9331	0.0179586	0.0302105
SENORAS	7	26	0	9.36651	0.0177985	0.0482973
SENORES	7	18	2	6.08176	0.117639	0.328939
SENORITA	8	17	0	4.60597	0.0256285	0.0852857
SENORS	6	52	2	30.6262	0.0470413	0.0772918
SENS	4	282	67	211.378	0.237571	0.31692
SENSA	5	126	14	90.7934	0.113802	0.15717
SENSATE	7	23	3	6.03555	0.133203	0.461721
SENSE	5	108	27	80.2723	0.24859	0.335371
SENSED	6	24	5	16.0631	0.204717	0.309301
SENSEI	6	51	0	27.5352	0.011128	0.0170921
SENSI	5	147	6	105.835	0.0448326	0.0610223
SENSILE	7	11	0	3.87401	0.036264	0.0966689
SENSOR	6	35	3	19.6623	0.093933	0.163695
SENT	4	452	152	338.807	0.335239	0.447515
SENTE	5	144	31	101.858	0.215069	0.304168
SENTED	6	41	9	25.6109	0.21643	0.347606
SENTI	5	207	14	142.841	0.0700411	0.100676
SENTIMO	7	13	0	4.88945	0.0318572	0.0815659
SENTRY	6	14	0	10.6727	0.0348184	0.0403509
SENTS	5	144	42	104.586	0.289572	0.399623
SEPAD	5	30	0	20.7141	0.0224046	0.0254854
SEPAL	5	42	0	29.9008	0.0165144	0.0181367
SEPHEN	6	10	0	6.23752	0.0452275	0.0628436
SEPIAS	6	10	0	5.66289	0.0452275	0.0677355
SEPIC	5	21	1	16.2548	0.0711632	0.0866297
SEPS	4	88	3	67.5666	0.0445275	0.0551833
SEPT	4	122	2	95.9061	0.024699	0.0292146
SEPTA	5	50	0	38.0571	0.0140516	0.0144399
SEPTAL	6	14	0	8.88789	0.0348184	0.0471407
SEPTIC	6	11	0	5.56599	0.0420824	0.0686366
SEPTS	5	39	0	30.5373	0.0176762	0.0177814
SER	3	1360	297	1035.45	0.218612	0.287051
SERA	4	730	28	535.973	0.0396463	0.053609
SERAC	5	154	0	115.126	0.00478162	0.00493509
SERACS	6	43	0	27.3578	0.0130475	0.0171964
SERAI	5	289	1	205.915	0.00599292	0.0075903
SERAIL	6	90	0	52.9374	0.00648043	0.00914836
SERAILS	7	23	0	7.21093	0.0198166	0.0600997
SERAIS	6	92	0	55.7585	0.00634454	0.00869934
SERAL	5	212	0	150.737	0.00349555	0.00378416
SERANG	6	47	0	28.9768	0.0120116	0.0162894
SERANGS	7	15	0	6.90349	0.0284054	0.0622699
SERAPE	6	38	0	23.5202	0.014624	0.0198111
SERAPES	7	13	0	7.211	0.0318572	0.0600992
SERAPH	6	39	0	24.5858	0.014279	0.0190086
SERDAB	6	17	0	11.0506	0.029693	0.0391569
SERE	4	428	88	317.36	0.205949	0.277605
SERED	5	156	18	110.306	0.117472	0.165483
SEREIN	6	77	0	46.9928	0.00752852	0.0102648
SEREINS	7	21	0	8.01003	0.0214371	0.0551074
SERER	5	101	0	70.9075	0.00720339	0.00792993
SERES	5	90	39	69.0003	0.424517	0.557757
SEREST	6	57	0	37.294	0.0100222	0.0128167
SERF	4	150	1	112.885	0.0137703	0.0162852
SERFS	5	21	0	16.6567	0.0305865	0.0310401
SERGE	5	47	2	33.4526	0.0543748	0.0727969
SERGED	6	12	1	7.17655	0.104366	0.168626
SERGER	6	11	0	7.28043	0.0420824	0.0555609
SERIAL	6	84	0	49.5085	0.00692541	0.0097607
SERIALS	7	23	0	10.6672	0.0198166	0.0431806
SERIATE	7	33	1	14.2868	0.0418099	0.0962544
SERIATED	8	10	0	4.56027	0.0389586	0.0859174
SERIATES	8	11	0	5.44555	0.036264	0.0751372
SERIC	5	100	0	72.9402	0.00727289	0.00771472
SERICON	7	12	0	5.33846	0.0339181	0.0762952
SERIEMA	7	11	0	4.0563	0.036264	0.093559
SERIES	6	55	1	30.921	0.0274947	0.0459563
SERIF	5	73	0	52.9366	0.00983495	0.0105259
SERIFED	7	11	0	4.24986	0.036264	0.0904686
SERIFS	6	12	0	6.76309	0.0393462	0.0589497
SERIN	5	265	27	185.789	0.10331	0.146888
SERINE	6	88	1	52.5831	0.0175656	0.0276235
SERINES	7	34	0	14.5438	0.0139973	0.0328181
SERING	6	63	27	40.0042	0.415866	0.659106
SERINGA	7	19	8	12.1406	0.379563	0.620343
SERINS	6	80	8	49.0942	0.103204	0.16728
SERK	4	72	3	53.7879	0.0538061	0.0686146
SERKS	5	19	0	13.8451	0.033288	0.0365624
SERMON	6	28	0	16.2451	0.0192843	0.0278342
SERON	5	229	0	165.032	0.00324012	0.00346022
SERONS	6	68	0	41.4116	0.00847776	0.0115931
SEROON	6	35	0	20.6138	0.0157671	0.0223894
SEROONS	7	11	0	3.63948	0.036264	0.100988
SEROSA	6	68	0	44.0161	0.00847776	0.0109329
SEROSAE	7	15	0	7.47771	0.0284054	0.0583354
SEROUS	6	25	0	16.9823	0.0213229	0.0267369
SEROW	5	62	0	47.538	0.011483	0.011674
SEROWS	6	11	0	7.26392	0.0420824	0.055663
SERR	4	189	30	143.002	0.160651	0.211791
SERRA	5	103	3	72.744	0.0351991	0.0478942
SERRAE	6	38	1	26.3376	0.0387903	0.0534638
SERRAN	6	38	0	24.453	0.014624	0.019105
SERRANO	7	13	0	6.08829	0.0318572	0.0688639
SERRANS	7	12	0	5.62899	0.0339181	0.0732332
SERRAS	6	34	0	22.8273	0.0161889	0.0203703
SERRATE	7	15	5	7.63839	0.299288	0.597953
SERRATI	7	24	0	10.6804	0.0190949	0.0431342
SERRE	5	64	14	46.5718	0.218107	0.300385
SERRED	6	19	7	13.5865	0.33982	0.49002
SERRS	5	48	11	35.7459	0.227589	0.307067
SERRY	5	21	0	14.7438	0.0305865	0.0345952
SERS	4	385	30	283.523	0.0798685	0.107857
SERUM	5	32	0	23.825	0.0211475	0.0224105
SERVAL	6	12	0	6.74316	0.0393462	0.0590885
SERVE	5	19	1	15.5366	0.0774483	0.090186
SERVO	5	19	0	14.6416	0.033288	0.0348081
SESE	4	193	1	146.745	0.0107765	0.0125984
SESEY	5	18	0	14.3055	0.0348259	0.0355275
SESH	4	165	7	128.182	0.0478929	0.0601837
SESTINA	7	28	0	11.6217	0.016667	0.0400655
SESTINE	7	27	0	11.7361	0.0172142	0.0397221
SESTON	6	47	0	28.849	0.0120116	0.0163575
SET	3	1260	346	971.075	0.274669	0.356365
SETA	4	685	21	503.08	0.0320846	0.043258
SETAE	5	215	2	154.035	0.0125948	0.0165252
SETAL	5	240	0	172.504	0.00309384	0.00331201
SETLINE	7	22	0	9.46455	0.020595	0.0478697
SETON	5	181	1	134.672	0.00949822	0.0115481
SETONS	6	54	0	32.11	0.0105462	0.0147807
SETOUS	6	15	0	8.81373	0.032924	0.0474726
SETOUT	6	10	0	6.09282	0.0452275	0.0640077
SETS	4	393	81	290.573	0.206473	0.279092
SETT	4	223	92	165.989	0.408859	0.550225
SETTER	6	52	31	38.9708	0.570697	0.774151
SETTERS	7	21	11	14.0959	0.471184	0.734126
SETTING	7	10	7	5.84711	0.559088	1
SETTLE	6	21	5	14.093	0.229908	0.347838
SETTLER	7	12	3	7.38715	0.22799	0.39236
SETTS	5	79	20	58.4999	0.251121	0.340363
SETULE	6	13	0	7.26525	0.0369441	0.0556548
SEV	3	129	20	103.043	0.159329	0.198396
SEVEN	5	12	2	8.41225	0.176021	0.248564
SEVER	5	22	10	16.2564	0.419337	0.58072
SEVS	4	21	0	16.2064	0.0438816	0.0464718
SEW	3	235	53	187.988	0.226719	0.283189
SEWAN	5	34	1	25.9923	0.0465881	0.0564497
SEWAR	5	44	0	33.1634	0.0158212	0.0164519
SEWARS	6	12	0	7.01346	0.0393462	0.0572595
SEWED	5	26	6	21.0691	0.227825	0.285649
SEWEL	5	15	0	11.1868	0.0404295	0.0439562
SEWEN	5	22	0	16.7815	0.0293938	0.0308335
SEWER	5	29	10	23.1817	0.329419	0.420751
SEWIN	5	37	5	29.111	0.141563	0.179526
SEWING	6	10	5	7.90359	0.418921	0.571574
SEWINS	6	12	1	7.12726	0.104366	0.169565
SEWN	4	76	8	59.7163	0.113036	0.14206
SEWS	4	39	6	30.0047	0.162879	0.209712
SEX	3	26	7	20.8165	0.272745	0.340832
SEY	3	231	17	176.2	0.0774332	0.100359
SEYEN	5	17	0	13.0527	0.0365128	0.0384924
SEYS	4	52	3	40.9289	0.0727574	0.0887811
SEZ	3	24	0	19.1376	0.0428346	0.0430315
SHA	3	370	206	294.523	0.553908	0.696801
SHAD	4	85	30	65.8407	0.346739	0.449792
SHADE	5	51	19	38.0734	0.361495	0.489054
SHADER	6	34	17	23.4287	0.470978	0.695888
SHADERS	7	10	5	5.27795	0.410479	0.802865
SHADES	6	13	2	7.68057	0.159045	0.265971
SHADS	5	17	5	12.3414	0.278705	0.390057
SHAFT	5	15	2	11.6417	0.147698	0.189541
SHAG	4	50	14	40.4068	0.276204	0.344308
SHAH	4	39	0	32.422	0.0258413	0.0250908
SHAIRD	6	17	0	10.5867	0.029693	0.040633
SHAIRN	6	23	0	13.3684	0.0229395	0.0331413
SHALE	5	56	21	40.259	0.364723	0.511109
SHALED	6	17	6	10.4615	0.3241	0.533642
SHALES	6	23	8	13.727	0.3262	0.550305
SHALL	5	20	5	13.3674	0.243344	0.363945
SHALM	5	15	0	11.1785	0.0404295	0.0439839
SHALOT	6	18	0	8.57295	0.0283042	0.0485833
SHALT	5	33	6	23.3233	0.184305	0.260179
SHALY	5	14	2	10.1148	0.156069	0.213513
SHAM	4	63	20	49.0384	0.311749	0.402697
SHAMA	5	13	1	9.56929	0.105366	0.13687
SHAME	5	35	15	27.0566	0.407657	0.536885
SHAMED	6	14	6	8.13039	0.380044	0.659941
SHAMER	6	15	8	10.1236	0.468181	0.717749
SHAMS	5	13	5	10.0239	0.345683	0.465497
SHAN	4	139	46	107.912	0.327794	0.423394
SHAND	5	32	8	22.6012	0.245585	0.349262
SHANS	5	37	6	24.7822	0.166167	0.245984
SHANTI	6	21	0	11.6162	0.0248213	0.0374961
SHANTIS	7	10	0	4.65678	0.0389586	0.0845943
SHAPE	5	18	11	14.2067	0.543033	0.716215
SHAPER	6	12	6	8.75321	0.429465	0.620692
SHAPS	5	17	3	12.6889	0.181828	0.244262
SHARD	5	41	7	31.1087	0.173678	0.229163
SHARDS	6	12	3	7.02615	0.234405	0.400224
SHARE	5	110	57	81.5988	0.508196	0.689081
SHARED	6	40	23	26.1697	0.544149	0.842636
SHARER	6	19	6	12.4633	0.295137	0.45832
SHARES	6	46	22	32.2683	0.45778	0.662012
SHARIA	6	13	0	6.48479	0.0369441	0.0609494
SHARN	5	51	9	37.6362	0.178495	0.241896
SHARNS	6	17	4	8.71379	0.225964	0.431334
SHARNY	6	10	0	4.30239	0.0452275	0.0830401
SHARP	5	24	6	17.7876	0.244307	0.333117
SHASH	5	13	3	9.8511	0.225525	0.302956
SHASTA	6	13	0	9.94479	0.0369441	0.0428691
SHASTER	7	13	0	6.77774	0.0318572	0.0632035
SHAT	4	166	67	129.083	0.398934	0.514641
SHAUL	5	16	2	10.7728	0.14018	0.202477
SHAVE	5	11	5	8.01379	0.392892	0.559325
SHAW	4	39	14	32.3208	0.345596	0.423529
SHAWL	5	10	1	7.8501	0.128533	0.160859
SHAWN	5	10	2	7.66341	0.201821	0.267908
SHAY	4	39	9	30.8454	0.231398	0.29358
SHE	3	473	172	369.33	0.363052	0.465141
SHEA	4	207	70	157.446	0.335869	0.442284
SHEAF	5	24	0	18.2066	0.0272673	0.0286545
SHEAL	5	60	16	42.2012	0.263239	0.375405
SHEALS	6	10	4	7.71843	0.344183	0.476826
SHEAR	5	109	41	78.921	0.370668	0.514071
SHEARED	7	10	3	3.20028	0.261871	0.733866
SHEARS	6	31	13	21.0974	0.395729	0.59168
SHEAS	5	60	10	43.7466	0.168966	0.231436
SHEATH	6	18	0	12.171	0.0283042	0.0359983
SHED	4	136	16	103.534	0.121686	0.158751
SHEDS	5	25	3	19.2887	0.131047	0.16839
SHEEL	5	30	7	22.7084	0.230461	0.307204
SHEEN	5	42	4	30.0142	0.104148	0.143179
SHEENS	6	13	3	8.44627	0.220095	0.344311
SHEEP	5	14	2	10.3369	0.156069	0.209656
SHEER	5	55	26	39.9276	0.456201	0.634524
SHEERS	6	22	12	15.4688	0.496658	0.72726
SHEET	5	55	14	39.0334	0.251579	0.355626
SHEETS	6	17	5	11.0428	0.275032	0.430974
SHEITAN	7	15	0	6.34892	0.0284054	0.0666089
SHELF	5	27	1	20.2406	0.05723	0.0710755
SHELL	5	14	7	9.63157	0.43944	0.653813
SHELTER	7	10	0	4.38356	0.0389586	0.0884505
SHEN	4	177	31	139.505	0.176757	0.224021
SHEND	5	33	9	24.7017	0.266172	0.359254
SHENT	5	69	8	51.2605	0.120501	0.161179
SHEOL	5	50	0	36.3796	0.0140516	0.0150717
SHEOLS	6	12	0	8.23142	0.0393462	0.0502508
SHERANG	7	10	0	4.33674	0.0389586	0.089147
SHERD	5	70	1	50.8534	0.0238143	0.0298762
SHERDS	6	22	0	14.2561	0.0238433	0.0312998
SHERE	5	89	9	63.9549	0.105282	0.145309
SHERIA	6	49	0	31.4394	0.0115529	0.0150796
SHERIAS	7	18	0	7.69666	0.0244341	0.056963
SHERIF	6	16	0	9.49136	0.0312252	0.0446031
SHERO	5	115	0	83.7302	0.0063534	0.00674327
SHEROES	7	13	0	5.90286	0.0318572	0.0705636
SHEROOT	7	12	0	4.6883	0.0339181	0.0841709
SHERPA	6	17	0	9.7611	0.029693	0.0435551
SHES	4	157	14	122.345	0.0935288	0.118915
SHET	4	247	40	190.328	0.16336	0.211671
SHETS	5	81	9	58.0561	0.115232	0.159591
SHEVA	5	11	0	7.40294	0.0514722	0.061723
SHEW	4	52	10	41.2485	0.196033	0.246971
SHEWN	5	16	2	12.494	0.14018	0.178364
SHEWS	5	15	2	10.9801	0.147698	0.199234
SHH	3	90	0	74.1539	0.0127829	0.0121252
SHIED	5	54	13	40.0054	0.238596	0.323559
SHIEL	5	66	8	45.1046	0.125692	0.182262
SHIELD	6	11	0	5.68473	0.0420824	0.0675357
SHIELS	6	15	2	10.5851	0.141738	0.203186
SHIER	5	113	32	80.7669	0.2808	0.393806
SHIERS	6	46	15	31.9682	0.316022	0.460115
SHIES	5	76	20	56.5749	0.26058	0.351556
SHIEST	6	35	3	22.4046	0.093933	0.145087
SHIFT	5	13	1	9.12454	0.105366	0.142362
SHILL	5	11	5	7.3595	0.392892	0.5986
SHILY	5	10	1	6.76862	0.128533	0.180793
SHIM	4	61	11	48.1021	0.184414	0.23337
SHIN	4	149	48	116.095	0.319484	0.411076
SHINE	5	84	26	60.2172	0.305253	0.427463
SHINED	6	27	12	16.9062	0.414917	0.671135
SHINER	6	36	8	23.3517	0.218516	0.339042
SHINERS	7	12	2	7.88789	0.163299	0.266388
SHINES	6	31	9	20.3384	0.279382	0.430695
SHINNE	6	12	3	7.67913	0.234405	0.372416
SHINS	5	37	10	26.7515	0.26458	0.368435
SHINY	5	10	0	7.48894	0.0552445	0.0611611
SHIP	4	50	10	38.334	0.203189	0.26446
SHIPS	5	17	5	12.5804	0.278705	0.383644
SHIR	4	138	37	106.055	0.267058	0.347954
SHIRE	5	91	29	64.3823	0.314374	0.445846
SHIRED	6	22	7	15.0704	0.299652	0.446711
SHIRES	6	36	11	22.2969	0.294697	0.478849
SHIRR	5	19	2	13.0114	0.121609	0.172199
SHIRS	5	32	7	24.8819	0.21753	0.282327
SHIRT	5	63	8	45.6091	0.13135	0.180329
SHIRTS	6	14	2	8.36733	0.149894	0.247862
SHISH	5	14	0	10.5173	0.0427208	0.0463149
SHISO	5	34	0	22.525	0.020024	0.0236004
SHIST	5	32	1	21.6323	0.0492021	0.0668827
SHIT	4	161	53	124.821	0.326519	0.422145
SHITE	5	89	34	64.7753	0.37513	0.518145
SHITED	6	22	6	15.6434	0.260251	0.374373
SHITES	6	36	16	25.5193	0.421665	0.605764
SHITS	5	48	14	36.0539	0.285679	0.383501
SHIUR	5	19	0	12.9016	0.033288	0.0388839
SHIV	4	18	7	13.1854	0.3569	0.492517
SHLEP	5	19	0	14.763	0.033288	0.0345555
SHMEAR	6	13	0	6.95437	0.0369441	0.0576496
SHMEER	6	12	0	8.1257	0.0393462	0.0507904
SHMO	4	36	0	27.6853	0.0277421	0.0289865
SHMOE	5	13	0	9.11806	0.0452874	0.0521658
SHO	3	342	160	267.905	0.465804	0.595258
SHOAL	5	38	4	27.9856	0.114151	0.152878
SHOALS	6	13	1	7.54058	0.0979944	0.161996
SHOAT	5	49	4	35.1198	0.0902996	0.123463
SHOATS	6	11	0	7.53754	0.0420824	0.0540176
SHOD	4	88	23	70.831	0.260083	0.324278
SHODER	6	26	2	18.4908	0.0886708	0.123703
SHOE	4	132	41	103.445	0.308015	0.394138
SHOED	5	44	12	32.9116	0.267685	0.360704
SHOER	5	72	12	52.4628	0.168601	0.231119
SHOERS	6	31	2	22.5366	0.0757751	0.10307
SHOES	5	58	21	43.4761	0.35289	0.474919
SHOG	4	37	4	28.035	0.12281	0.158285
SHOGI	5	14	0	8.98179	0.0427208	0.0528155
SHOLA	5	39	0	25.887	0.0176762	0.020751
SHONE	5	61	19	42.5523	0.305575	0.439843
SHOO	4	60	27	48.438	0.434237	0.54397
SHOOL	5	15	6	9.5936	0.362236	0.569399
SHOON	5	25	3	17.1041	0.131047	0.187687
SHOORA	6	14	0	6.44245	0.0348184	0.0612656
SHOOS	5	20	8	14.6316	0.370222	0.517041
SHOOT	5	26	12	18.9862	0.430221	0.600521
SHOOTS	6	10	7	6.96011	0.568399	0.864146
SHOP	4	38	13	31.1084	0.330301	0.409191
SHOPE	5	12	3	9.99428	0.23994	0.299327
SHOPS	5	11	6	9.46563	0.461176	0.575777
SHORAN	6	17	0	9.5832	0.029693	0.0442406
SHORE	5	87	39	62.8283	0.438567	0.610892
SHORED	6	31	13	21.7024	0.395729	0.576397
SHORER	6	31	15	19.6377	0.453903	0.725768
SHORERS	7	10	3	4.81647	0.261871	0.549308
SHORES	6	35	15	22.1979	0.406596	0.648077
SHORL	5	29	0	21.0412	0.0230909	0.0251229
SHORN	5	42	12	28.2999	0.279414	0.415679
SHORT	5	69	24	48.2114	0.340751	0.48989
SHORTED	7	11	2	6.65277	0.174594	0.306208
SHORTEN	7	12	2	5.32422	0.163299	0.364874
SHORTER	7	13	7	7.24249	0.457177	0.850619
SHORTIA	7	10	0	3.56897	0.0389586	0.102363
SHORTIE	7	15	1	7.12211	0.0825819	0.17523
SHORTS	6	23	8	12.8777	0.3262	0.582323
SHOT	4	151	53	118.204	0.347479	0.445227
SHOTE	5	85	23	62.9938	0.267966	0.363001
SHOTES	6	35	5	24.3587	0.146044	0.210909
SHOTS	5	44	12	34.5713	0.267685	0.344316
SHOTT	5	26	9	20.486	0.329023	0.426731
SHOTTE	6	17	8	13.1584	0.422236	0.571338
SHOUSE	6	14	1	7.96656	0.092356	0.154871
SHOUT	5	27	9	20.6873	0.318286	0.422937
SHOUTS	6	11	4	6.59032	0.320248	0.541563
SHOW	4	35	5	27.8498	0.15412	0.191843
SHRED	5	55	1	38.1242	0.0299054	0.039364
SHREDS	6	15	1	10.0562	0.0873312	0.127387
SHREW	5	14	0	10.4326	0.0427208	0.0466318
SHRI	4	101	4	78.3793	0.0485087	0.0601502
SHRINE	6	23	2	14.1501	0.0987547	0.15754
SHRINES	7	10	0	4.28071	0.0389586	0.0899948
SHRIS	5	41	0	29.4311	0.0168843	0.018408
SHROW	5	13	0	9.7347	0.0452874	0.0494148
SHTETL	6	13	0	7.83801	0.0369441	0.0523194
SHTIK	5	10	0	7.18254	0.0552445	0.0632111
SHTUM	5	18	0	13.3012	0.0348259	0.0378656
SHTUP	5	10	0	7.07001	0.0552445	0.0639989
SHUL	4	26	2	21.385	0.101724	0.119149
SHULE	5	13	1	8.65572	0.105366	0.14865
SHUN	4	36	9	29.0527	0.24842	0.310092
SHUNS	5	10	3	7.10345	0.27511	0.394813
SHUNT	5	13	2	9.18661	0.165446	0.231294
SHURA	5	18	0	12.6747	0.0348259	0.0394867
SHUT	4	41	6	33.3459	0.155764	0.190339
SHUTE	5	27	1	19.1449	0.05723	0.0747657
SHUTES	6	13	1	8.63064	0.0979944	0.144934
SHUTS	5	16	2	11.8436	0.14018	0.186769
SHWA	4	31	1	26.1775	0.0595644	0.0649759
SHY	3	92	6	72.7064	0.0749687	0.092196
SHYER	5	12	0	8.92868	0.0481822	0.0530731
SIAL	4	274	8	203.768	0.0327545	0.0430045
SIALONS	7	10	0	2.88742	0.0389586	0.117875
SIALS	5	65	2	44.9798	0.0401167	0.0549192
SIB	3	159	15	123.659	0.099357	0.126313
SIBS	4	27	2	21.0198	0.0985235	0.120973
SIC	3	311	100	244.257	0.321202	0.40911
SICE	4	149	53	116.078	0.351998	0.453188
SICES	5	56	19	41.4141	0.331191	0.451385
SICH	4	84	25	65.612	0.294327	0.378233
SICHT	5	28	1	18.2132	0.0554214	0.0782192
SICK	4	23	15	18.2989	0.580612	0.75204
SICS	4	66	2	52.9466	0.0442394	0.0517187
SIDA	4	194	14	143.919	0.0761201	0.101432
SIDAS	5	58	3	41.2782	0.060894	0.0827495
SIDE	4	300	121	223.884	0.400715	0.537629
SIDEBAR	7	10	0	2.81341	0.0389586	0.119847
SIDED	5	32	14	23.828	0.413912	0.565324
SIDEMAN	7	13	0	3.42621	0.0318572	0.105264
SIDER	5	169	58	116.22	0.340316	0.495673
SIDERATE	8	12	3	4.46394	0.22799	0.581189
SIDERS	6	46	21	33.1468	0.437529	0.616651
SIDES	5	102	43	75.3542	0.41416	0.563656
SIDH	4	97	0	76.5928	0.011116	0.0111354
SIDHE	5	42	0	30.8926	0.0165144	0.0175891
SIDLE	5	72	7	50.0584	0.102503	0.14568
SIDLED	6	12	1	7.98309	0.104366	0.154607
SIDLER	6	31	2	20.8174	0.0757751	0.110932
SIDLERS	7	12	2	7.44666	0.163299	0.279366
SIDLES	6	23	2	13.8909	0.0987547	0.160156
SIEGE	5	33	0	22.2605	0.0205704	0.0238581
SIEGER	6	18	0	10.5041	0.0283042	0.0409074
SIEGES	6	10	0	5.18653	0.0452275	0.0724081
SIELD	5	81	0	58.1832	0.00890542	0.00960767
SIEN	4	438	6	326.207	0.0161059	0.0209231
SIENS	5	124	1	82.8525	0.0137397	0.018604
SIENT	5	174	0	113.328	0.00424328	0.00501207
SIENTS	6	49	0	26.8823	0.0115529	0.0174823
SIERRAN	7	15	0	7.90149	0.0284054	0.0557363
SIES	4	323	15	237.873	0.0492136	0.0659934
SIESTA	6	69	0	42.7989	0.00836063	0.0112318
SIETH	5	112	0	78.1643	0.00651821	0.00721171
SIEURS	6	12	0	7.69907	0.0393462	0.0530912
SIEVE	5	17	2	11.9372	0.13339	0.18551
SIF	3	180	41	141.332	0.229269	0.291621
SIFT	4	65	22	50.9257	0.331474	0.425767
SIFTED	6	14	7	10.6659	0.437582	0.605579
SIFTER	6	18	10	14.6256	0.496032	0.642416
SIFTS	5	16	6	11.4811	0.343797	0.489432
SIG	3	273	68	215.552	0.249762	0.316189
SIGH	4	66	11	50.7941	0.171388	0.221653
SIGHER	6	10	1	5.59538	0.119966	0.205078
SIGHS	5	10	2	6.47699	0.201821	0.305588
SIGHT	5	21	8	14.5731	0.355199	0.518871
SIGMA	5	13	0	8.88817	0.0452874	0.0532713
SIGN	4	152	19	108.695	0.128403	0.178307
SIGNA	5	72	7	41.9618	0.102503	0.172535
SIGNAL	6	21	1	10.4663	0.0658386	0.123101
SIGNED	6	26	1	16.889	0.0546339	0.0806115
SIGNEE	6	11	1	5.99706	0.111624	0.194402
SIGNER	6	30	4	18.3622	0.137961	0.224091
SIGNERS	7	10	2	5.83794	0.187567	0.339707
SIGNET	6	39	4	23.0768	0.108663	0.181483
SIGNETS	7	19	1	10.74	0.0678733	0.123898
SIGNOR	6	20	4	12.1057	0.19697	0.325505
SIGNORA	7	10	3	5.87428	0.261871	0.471671
SIGNORE	7	11	2	4.54946	0.174594	0.41077
SIGNS	5	35	4	24.8157	0.123013	0.170978
SIGS	4	45	7	33.9244	0.163336	0.214556
SIK	3	98	37	73.1217	0.374263	0.501915
SIKA	4	30	0	23.3594	0.0325275	0.0337757
SIKE	4	45	25	34.2053	0.524901	0.699046
SIKER	5	22	10	15.7711	0.419337	0.596615
SIKES	5	12	6	8.52252	0.431698	0.627586
SILAGE	6	13	0	6.93857	0.0369441	0.0577548
SILANE	6	75	2	38.7753	0.0332374	0.0617374
SILANES	7	28	2	10.1177	0.0802434	0.21574
SILD	4	131	13	98.8837	0.104073	0.136514
SILDS	5	19	3	13.7157	0.165769	0.22826
SILE	4	347	150	255.853	0.429615	0.583295
SILED	5	123	55	84.6087	0.440238	0.642019
SILEN	5	143	1	95.2489	0.0119595	0.0162315
SILENE	6	30	0	18.1258	0.0181289	0.0251963
SILENES	7	11	0	4.49207	0.036264	0.0868777
SILENS	6	41	1	22.0571	0.0361682	0.0630892
SILENT	6	59	0	29.2344	0.0097009	0.0161538
SILENTS	7	24	0	9.20306	0.0190949	0.0490274
SILER	5	161	52	104.794	0.32041	0.49252
SILERS	6	50	18	33.1817	0.348542	0.530076
SILES	5	119	57	83.3188	0.470903	0.675183
SILING	6	15	8	9.34936	0.468181	0.767956
SILK	4	26	6	19.8678	0.231664	0.3034
SILL	4	84	55	63.424	0.632228	0.843577
SILLER	6	18	11	12.8996	0.542805	0.78667
SILLS	5	16	5	11.1301	0.292893	0.426154
SILLY	5	16	4	11.3593	0.241988	0.343735
SILO	4	209	6	154.815	0.0333581	0.0436718
SILOED	6	18	1	11.1912	0.075077	0.116188
SILOS	5	40	2	27.2631	0.0630957	0.088216
SILT	4	201	46	153.704	0.229034	0.299529
SILTED	6	35	11	25.0759	0.302375	0.429186
SILTIER	7	11	1	4.79124	0.105429	0.239036
SILTS	5	64	18	43.3354	0.27724	0.410161
SILTY	5	14	0	10.7178	0.0427208	0.0455826
SILVA	5	11	0	7.61303	0.0514722	0.0603682
SIM	3	315	90	245.563	0.285835	0.366634
SIMA	4	152	5	110.142	0.0391076	0.0520897
SIMAR	5	68	1	43.0714	0.0244791	0.0350393
SIMAS	5	33	1	21.3066	0.0478595	0.067819
SIMBA	5	10	0	7.42711	0.0552445	0.061564
SIMI	4	47	5	34.1093	0.118405	0.159328
SIMILE	6	11	0	5.70396	0.0420824	0.0673608
SIMNEL	6	17	0	7.91732	0.029693	0.0518887
SIMP	4	31	11	23.0214	0.339023	0.459844
SIMS	4	68	11	51.1215	0.166678	0.220307
SIN	3	840	522	649.793	0.619854	0.801744
SINCE	5	61	11	42.2453	0.181821	0.261918
SIND	4	215	69	169.353	0.319093	0.405889
SINDED	6	13	0	8.04988	0.0369441	0.0511846
SINDON	6	14	0	7.69792	0.0348184	0.0530976
SINDS	5	34	11	25.9129	0.31223	0.4154
SINE	4	507	255	377.227	0.500468	0.673291
SINED	5	168	65	116.676	0.383081	0.552771
SINES	5	191	109	135.162	0.563867	0.799137
SINEW	5	31	1	21.7733	0.0506223	0.0664853
SING	4	215	133	152.499	0.610289	0.861983
SINGE	5	79	48	48.1251	0.58992	0.969931
SINGED	6	24	14	17.3258	0.533425	0.761365
SINGER	6	28	17	19.7505	0.561032	0.815109
SINGERS	7	11	8	6.72271	0.589583	1
SINGES	6	27	19	18.6322	0.645332	0.958173
SINGLE	6	27	9	14.5907	0.316167	0.582475
SINGLET	7	11	2	6.75976	0.174594	0.302293
SINGS	5	53	38	33.5258	0.684155	1
SINH	4	184	1	143.837	0.0112903	0.0128483
SINHS	5	24	0	15.5469	0.0272673	0.0330081
SINING	6	16	8	9.62452	0.444023	0.749328
SINK	4	40	23	29.6266	0.538846	0.736048
SINKS	5	12	7	9.45786	0.495617	0.663762
SINNED	6	23	10	15.5062	0.402015	0.609574
SINNER	6	39	24	25.2304	0.580585	0.909111
SINNET	6	38	9	22.958	0.232121	0.384974
SINNETS	7	13	4	5.90783	0.274897	0.602582
SINS	4	219	45	165.352	0.206143	0.272838
SINTER	6	105	52	66.5335	0.485377	0.769203
SINTERS	7	34	17	18.2521	0.467836	0.882591
SINUS	5	35	1	24.8703	0.0453826	0.0588106
SIP	3	251	40	194.769	0.161532	0.207533
SIPE	4	111	11	82.8596	0.104777	0.138702
SIPED	5	34	0	23.073	0.020024	0.0230837
SIPES	5	39	5	29.211	0.134924	0.178951
SIPS	4	49	7	36.8548	0.151188	0.19871
SIR	3	745	268	569.677	0.35938	0.470053
SIRCAR	6	16	0	8.09779	0.0312252	0.0509348
SIRE	4	517	212	378.112	0.408467	0.558847
SIRED	5	173	48	119.093	0.275999	0.401297
SIREE	5	102	1	69.4381	0.0166009	0.0220994
SIREES	6	41	0	23.8256	0.0136355	0.0195743
SIREN	5	216	10	142.439	0.04896	0.073255
SIRENIC	7	11	0	3.08376	0.036264	0.112944
SIRENS	6	58	5	32.6078	0.0913188	0.160225
SIRES	5	177	81	126.165	0.452567	0.63671
SIRI	4	123	12	90.5398	0.102763	0.138003
SIRING	6	13	7	9.75225	0.464296	0.65381
SIRIS	5	25	5	17.5584	0.200868	0.285792
SIROCS	6	11	0	5.70383	0.0420824	0.067362
SIRRA	5	45	2	30.6552	0.0566104	0.0790408
SIRRAS	6	10	1	6.72807	0.119966	0.177578
SIRRED	6	16	1	10.5266	0.0828249	0.122494
SIRREE	6	12	0	7.94691	0.0393462	0.0517299
SIRS	4	170	15	127.175	0.0922937	0.122189
SIRUP	5	15	0	9.58243	0.0404295	0.0500668
SIS	3	217	50	173.126	0.231608	0.290073
SISAL	5	49	0	33.554	0.0143186	0.0162709
SIST	4	153	30	117.346	0.197305	0.257009
SISTA	5	79	4	53.288	0.0575209	0.0828615
SISTED	6	33	5	21.2614	0.154072	0.239335
SISTER	6	58	17	37.7835	0.286822	0.44301
SISTRA	6	32	0	18.7182	0.0171041	0.024466
SIT	3	865	413	669.259	0.476602	0.616235
SITAR	5	211	6	136.908	0.031465	0.0473678
SITARS	6	50	3	26.9465	0.0675374	0.122099
SITCOM	6	13	0	5.86347	0.0369441	0.0659437
SITE	4	524	246	388.674	0.467358	0.630617
SITED	5	167	60	115.702	0.356025	0.514854
SITELLA	7	14	0	7.86736	0.0300325	0.055937
SITES	5	206	93	147.985	0.447203	0.624089
SITH	4	212	53	160.155	0.249703	0.330624
SITHE	5	102	37	70.2852	0.357366	0.520153
SITHED	6	33	12	22.5554	0.346486	0.514946
SITHEE	6	15	0	8.77159	0.032924	0.0476633
SITHEN	6	36	2	19.9409	0.066154	0.115422
SITHES	6	34	14	23.0933	0.390721	0.584389
SITING	6	13	5	8.27719	0.342196	0.550211
SITREP	6	33	0	17.9185	0.0166339	0.0254623
SITS	4	252	75	188.103	0.296481	0.397455
SITTAR	6	25	0	13.9379	0.0213229	0.0319358
SITTEN	6	36	4	20.3014	0.116941	0.204357
SITTER	6	51	28	35.7076	0.526024	0.761491
SITTERS	7	20	14	13.6764	0.619157	0.950524
SITULA	6	13	0	7.04872	0.0369441	0.0570292
SITUP	5	14	0	9.79889	0.0427208	0.049145
SIVER	5	24	1	17.1702	0.0634405	0.0824841
SIX	3	19	2	16.0636	0.138794	0.158226
SIZE	4	12	5	9.86518	0.365325	0.463771
SKA	3	73	20	56.7275	0.275093	0.353682
SKART	5	17	0	12.4002	0.0365128	0.0402417
SKAS	4	14	1	11.5474	0.113473	0.131127
SKAT	4	30	8	22.9317	0.262522	0.344962
SKATE	5	19	1	14.2483	0.0774483	0.0973552
SKATER	6	14	1	8.85554	0.092356	0.141852
SKEAN	5	13	0	10.1598	0.0452874	0.0476813
SKEAR	5	24	0	18.9927	0.0272673	0.0275793
SKED	4	39	0	27.9918	0.0258413	0.0286981
SKEE	4	22	5	16.4916	0.228925	0.304659
SKEER	5	15	3	10.9781	0.201333	0.276563
SKEES	5	13	1	10.4322	0.105366	0.127338
SKEET	5	12	2	8.97413	0.176021	0.235789
SKEG	4	10	1	8.22112	0.144176	0.170621
SKEIN	5	21	0	16.8154	0.0305865	0.0307778
SKEN	4	40	1	29.4379	0.0475939	0.0584092
SKEP	4	14	0	10.0467	0.0602348	0.0687148
SKER	4	59	5	42.6279	0.0961286	0.129466
SKERS	5	18	3	13.2839	0.173428	0.234727
SKET	4	47	3	35.4008	0.0797826	0.101621
SKETS	5	14	1	11.277	0.0993949	0.11921
SKI	3	79	20	59.8521	0.255225	0.335943
SKID	4	18	1	12.7567	0.0935511	0.120949
SKIED	5	10	2	8.49534	0.201821	0.246588
SKIER	5	17	5	12.9922	0.278705	0.373079
SKIES	5	12	4	10.2301	0.303859	0.375577
SKIN	4	44	10	33.9232	0.22818	0.296204
SKINS	5	11	4	9.37146	0.324608	0.404042
SKINT	5	16	2	11.893	0.14018	0.186103
SKIO	4	19	0	13.3007	0.0475717	0.054847
SKIP	4	12	1	9.07648	0.126995	0.158356
SKIRT	5	12	0	10.1106	0.0481822	0.0478758
SKIS	4	15	5	11.9164	0.309926	0.399229
SKIT	4	35	11	26.1141	0.304936	0.410698
SKITE	5	23	6	17.5013	0.253476	0.338019
SKITES	6	11	3	7.81831	0.250706	0.366981
SKITS	5	10	2	7.88106	0.201821	0.261982
SKOL	4	18	2	13.0831	0.137443	0.181337
SKRAN	5	10	0	7.53544	0.0552445	0.0608616
SKY	3	14	0	11.8025	0.0665341	0.065183
SLAB	4	64	12	47.4778	0.190909	0.256147
SLABS	5	10	1	7.4155	0.128533	0.168317
SLADE	5	80	17	58.796	0.212252	0.289325
SLADES	6	16	5	9.96567	0.289224	0.470704
SLAE	4	299	10	221.455	0.0366426	0.0485306
SLAES	5	103	3	78.9085	0.0351991	0.0442432
SLAG	4	70	12	53.1983	0.175593	0.229991
SLAGS	5	15	1	10.3251	0.0940639	0.128449
SLAID	5	56	1	37.3347	0.0294041	0.040155
SLAIDS	6	11	0	6.54102	0.0420824	0.0605345
SLAIN	5	104	12	67.7663	0.11848	0.180392
SLAIRG	6	11	0	5.14441	0.0420824	0.0728524
SLAKE	5	12	6	9.85645	0.431698	0.556731
SLAM	4	94	13	69.3541	0.143054	0.192365
SLAMS	5	18	2	13.0114	0.127227	0.172198
SLANDER	7	11	6	5.3894	0.451253	0.93295
SLANE	5	121	21	82.1069	0.174526	0.256679
SLANES	6	38	10	23.9914	0.256287	0.408396
SLANG	5	32	9	18.9623	0.273639	0.457811
SLANK	5	12	3	7.90296	0.23994	0.362804
SLANT	5	87	34	59.7448	0.383407	0.560387
SLANTED	7	10	4	4.65541	0.336175	0.723033
SLANTER	7	25	12	14.8894	0.440095	0.759429
SLANTS	6	21	5	11.0961	0.229908	0.429182
SLANTY	6	11	1	6.18714	0.111624	0.189728
SLAP	4	72	12	52.7926	0.171019	0.231668
SLAPS	5	25	4	17.2579	0.165957	0.238223
SLART	5	97	1	66.1179	0.0174256	0.0231772
SLARTED	7	13	0	4.6937	0.0318572	0.0840988
SLARTS	6	29	0	15.9832	0.0186888	0.0282461
SLASH	5	36	3	27.2956	0.0946859	0.122301
SLAT	4	261	131	193.533	0.497139	0.671661
SLATCH	6	14	2	8.09229	0.149894	0.25481
SLATE	5	170	89	119.206	0.516882	0.739306
SLATED	6	50	17	31.3739	0.329808	0.528815
SLATER	6	91	45	58.6482	0.483208	0.75372
SLATERS	7	26	16	15.6748	0.560941	0.956335
SLATES	6	61	35	40.298	0.553047	0.844896
SLATEY	6	16	0	9.41678	0.0312252	0.0449018
SLATHER	7	16	9	9.73156	0.489476	0.840281
SLATIER	7	29	5	12.5525	0.170198	0.390475
SLATS	5	76	20	54.9063	0.26058	0.361872
SLATTER	7	12	9	6.87378	0.616133	1
SLATY	5	20	0	15.4629	0.0318801	0.0331673
SLAVE	5	25	14	17.7834	0.515061	0.738416
SLAVER	6	11	6	4.80157	0.45933	0.996847
SLAW	4	66	15	51.3552	0.227898	0.293188
SLAWS	5	18	3	11.9492	0.173428	0.257253
SLAY	4	47	9	36.3671	0.19565	0.252216
SLAYER	6	10	4	6.41297	0.344183	0.553373
SLEB	4	74	1	55.7615	0.0270541	0.0321643
SLEBS	5	13	0	9.72548	0.0452874	0.0494538
SLED	4	212	15	156.442	0.0744126	0.0997352
SLEDS	5	40	1	28.5656	0.0401835	0.0516909
SLEE	4	125	26	95.4068	0.209051	0.273689
SLEEP	5	18	5	12.9204	0.265829	0.374878
SLEER	5	74	8	53.987	0.112742	0.153324
SLEEST	6	23	0	13.0689	0.0229395	0.0338126
SLEET	5	77	7	56.1488	0.0961476	0.130411
SLEETS	6	27	3	17.2436	0.118668	0.184574
SLEPT	5	20	0	15.3723	0.0318801	0.0333406
SLEW	4	71	7	55.3561	0.107298	0.135519
SLEWS	5	16	2	12.2108	0.14018	0.181929
SLEY	4	65	0	48.6232	0.0162133	0.0171893
SLEYS	5	16	0	11.2539	0.0383715	0.0437331
SLICE	5	32	5	21.1127	0.161421	0.241764
SLICER	6	17	4	9.0881	0.225964	0.416395
SLICES	6	11	3	6.61981	0.250706	0.419726
SLID	4	113	21	81.8842	0.187899	0.258353
SLIDE	5	69	15	47.4693	0.216861	0.315162
SLIDER	6	40	11	26.4785	0.267523	0.407839
SLIDES	6	22	6	13.6451	0.260251	0.423064
SLIER	5	129	3	87.7158	0.0282996	0.0398979
SLIEST	6	43	0	23.4775	0.0130475	0.0198447
SLIM	4	83	13	61.8015	0.16098	0.214847
SLIME	5	44	11	31.6395	0.246697	0.344597
SLIMED	6	15	3	8.82757	0.196145	0.331863
SLIMES	6	14	7	8.17354	0.437582	0.758149
SLIMS	5	17	3	11.9479	0.181828	0.257277
SLING	5	42	13	26.214	0.301323	0.481952
SLINGS	6	14	3	7.91458	0.207431	0.363314
SLINK	5	10	6	7.00416	0.494975	0.733904
SLINTER	7	24	3	10.1086	0.128352	0.301241
SLIOTAR	7	16	0	4.32457	0.0269456	0.0893297
SLIP	4	55	13	41.1696	0.236377	0.315607
SLIPE	5	25	3	18.7308	0.131047	0.17293
SLIPES	6	13	2	7.40869	0.159045	0.273894
SLIPS	5	19	7	13.6865	0.342411	0.484356
SLIPT	5	18	0	13.3871	0.0348259	0.0376537
SLISH	5	23	1	16.9826	0.0658215	0.0833012
SLIT	4	215	64	160.05	0.296344	0.398375
SLITHER	7	16	5	8.0831	0.283907	0.57052
SLITS	5	56	16	37.6326	0.280893	0.418725
SLITTED	7	10	3	3.10986	0.261871	0.747926
SLITTER	7	11	5	5.49275	0.382089	0.778585
SLIVE	5	11	1	8.06259	0.119756	0.157448
SLOAN	5	56	6	38.0204	0.113234	0.164532
SLOANS	6	15	4	7.01874	0.250553	0.515009
SLOB	4	49	5	37.0622	0.114002	0.147532
SLOE	4	177	1	137.351	0.011725	0.0134427
SLOES	5	58	1	43.8441	0.0284501	0.0344482
SLOG	4	48	3	35.3714	0.0782711	0.101699
SLOOM	5	13	1	9.21206	0.105366	0.141247
SLOOP	5	11	1	9.09781	0.119756	0.142706
SLOOT	5	28	2	20.682	0.0870223	0.113858
SLOP	4	46	7	33.8513	0.160119	0.214984
SLOPE	5	19	4	13.8119	0.209929	0.290276
SLOPS	5	13	2	9.95165	0.165446	0.216437
SLOSH	5	23	0	16.0914	0.0282907	0.0320124
SLOT	4	159	46	120.986	0.287767	0.378682
SLOTH	5	46	2	32.6394	0.0554701	0.0745078
SLOTHS	6	13	1	5.4764	0.0979944	0.208469
SLOTS	5	54	15	37.8708	0.273291	0.391113
SLOTTER	7	13	7	9.13798	0.457177	0.700606
SLOVE	5	14	3	10.4789	0.212743	0.287664
SLOW	4	42	7	31.8206	0.17381	0.227585
SLUB	4	19	0	13.4536	0.0475717	0.0543315
SLUE	4	79	0	61.5997	0.0135041	0.0137269
SLUED	5	25	0	19.168	0.0263154	0.0273504
SLUES	5	32	0	24.1781	0.0211475	0.0221077
SLUG	4	18	1	13.9576	0.0935511	0.112293
SLUM	4	30	4	22.967	0.147525	0.18939
SLUR	4	65	0	48.8052	0.0162133	0.0171287
SLURS	5	16	0	11.8918	0.0383715	0.0417187
SLUT	4	69	7	53.3116	0.110207	0.140454
SLUTS	5	21	3	14.6544	0.152316	0.215363
SLY	3	102	0	78.2402	0.0113368	0.0115111
SLYER	5	21	0	15.8199	0.0305865	0.0325012
SMA	3	265	58	208.834	0.220023	0.278913
SMALL	5	13	1	8.80023	0.105366	0.146653
SMALM	5	11	0	7.76018	0.0514722	0.0594542
SMALT	5	25	1	16.8757	0.0612258	0.0837738
SMALTI	6	12	0	6.3015	0.0393462	0.0623423
SMARM	5	10	0	7.42097	0.0552445	0.0616043
SMART	5	64	11	41.4926	0.173758	0.266456
SMARTED	7	10	1	4.35746	0.113263	0.256411
SMARTEN	7	14	2	4.32161	0.144592	0.426548
SMARTIE	7	15	1	6.85753	0.0825819	0.180705
SMARTS	6	19	4	9.96922	0.205771	0.385004
SMASH	5	14	0	10.566	0.0427208	0.0461349
SMEAR	5	80	5	58.6247	0.0687885	0.0920686
SMEARS	6	25	1	17.616	0.056559	0.0775803
SMEATH	6	19	0	9.71953	0.0270395	0.0437134
SMEE	4	75	5	57.4275	0.0768507	0.0976646
SMEES	5	34	1	27.7105	0.0465881	0.0531807
SMELL	5	16	1	10.3423	0.0892757	0.128269
SMELT	5	40	1	28.096	0.0401835	0.0524985
SMELTER	7	10	1	4.16158	0.113263	0.265114
SMELTS	6	11	0	6.37184	0.0420824	0.0618003
SMERK	5	10	0	8.09285	0.0552445	0.0574864
SMEW	4	26	0	20.209	0.0367541	0.0383956
SMILE	5	48	16	32.4905	0.324405	0.481226
SMILED	6	17	3	11.3375	0.176897	0.268066
SMILER	6	19	9	11.734	0.429185	0.706165
SMILES	6	17	8	10.0752	0.422236	0.720692
SMILET	6	28	4	16.0723	0.146754	0.252934
SMIR	4	97	11	72.4276	0.119188	0.15793
SMIRR	5	11	1	8.00996	0.119756	0.15828
SMIRS	5	20	3	14.9483	0.158758	0.211619
SMIT	4	115	21	85.9741	0.184762	0.246454
SMITE	5	73	15	50.748	0.205543	0.295557
SMITER	6	36	13	22.8055	0.345484	0.550471
SMITERS	7	11	4	7.09136	0.312924	0.520621
SMITES	6	30	7	18.0813	0.227836	0.378783
SMITH	5	23	2	16.9657	0.103352	0.136217
SMITS	5	41	4	27.6372	0.106481	0.154678
SMOG	4	30	1	22.8029	0.0612768	0.0735325
SMOILE	6	18	1	10.6402	0.075077	0.121368
SMOLT	5	14	0	9.53989	0.0427208	0.050252
SMOOR	5	24	3	17.5091	0.135787	0.183782
SMOOT	5	15	4	11.2184	0.254967	0.34741
SMORE	5	68	13	47.2382	0.191972	0.27599
SMORED	6	26	3	15.898	0.122708	0.198672
SMORES	6	20	4	14.3901	0.19697	0.279347
SMORG	5	13	0	9.39297	0.0452874	0.0509024
SMOTE	5	61	3	41.8856	0.0580681	0.0816032
SMOUT	5	11	0	8.51111	0.0514722	0.0551899
SMUR	4	32	1	26.1309	0.057945	0.0650805
SMUT	4	38	2	30.6794	0.0731923	0.0860936
SMUTS	5	14	0	9.66004	0.0427208	0.0497324
SNAB	4	57	1	42.8521	0.0344982	0.0412551
SNABS	5	14	1	9.45535	0.0993949	0.138236
SNAFU	5	13	0	9.72665	0.0452874	0.0494489
SNAG	4	92	8	69.9599	0.0943489	0.122066
SNAGS	5	19	0	12.5997	0.033288	0.0396904
SNAIL	5	110	17	71.3879	0.156222	0.239654
SNAILED	7	18	5	7.26769	0.257445	0.622922
SNAILS	6	17	3	10.8946	0.176897	0.27748
SNAILY	6	18	2	10.4252	0.12185	0.205861
SNAKE	5	12	4	9.66744	0.303859	0.393755
SNAP	4	102	14	77.2671	0.141702	0.185845
SNAPS	5	28	3	18.5647	0.118623	0.17433
SNAR	4	329	55	245.756	0.168167	0.224815
SNARE	5	196	42	134.666	0.214149	0.311641
SNARED	6	64	12	39.9796	0.187076	0.29977
SNARER	6	34	3	18.8574	0.0964459	0.170099
SNARERS	7	11	2	4.52055	0.174594	0.412706
SNARES	6	70	14	40.8685	0.199035	0.340476
SNARF	5	38	1	26.7756	0.0421133	0.0549109
SNARIEST	8	10	0	4.25063	0.0389586	0.0904567
SNARK	5	12	4	8.69627	0.303859	0.429645
SNARL	5	69	3	47.4795	0.0516734	0.0723697
SNARLS	6	17	1	9.79546	0.0787609	0.130272
SNARS	5	80	13	55.249	0.164431	0.237343
SNARY	5	27	0	19.6308	0.0245979	0.0267642
SNASH	5	41	1	28.1655	0.0392834	0.0523774
SNATCH	6	20	2	9.85061	0.111426	0.216085
SNATH	5	88	5	59.8305	0.0627837	0.0902719
SNATHE	6	40	1	22.8944	0.0370019	0.0609431
SNATHES	7	14	1	5.30117	0.0873121	0.221399
SNATHS	6	26	2	13.2155	0.0886708	0.167399
SNAW	4	61	8	49.512	0.13881	0.169759
SNAWED	6	10	2	5.83178	0.194705	0.331094
SNAWS	5	19	4	14.0339	0.209929	0.286248
SNEAD	5	105	1	73.0653	0.0161425	0.0210309
SNEADS	6	21	0	13.4017	0.0248213	0.0330683
SNEAK	5	16	0	12.2232	0.0383715	0.0407438
SNEAP	5	51	0	33.7481	0.0137945	0.0161825
SNEATHS	7	17	0	5.68921	0.0256285	0.072629
SNEB	4	59	0	46.6028	0.0177385	0.017892
SNEBS	5	13	0	9.89562	0.0452874	0.048744
SNED	4	305	8	227.596	0.0294768	0.0385573
SNEDS	5	63	2	46.6604	0.0413205	0.0530208
SNEE	4	178	22	136.064	0.126551	0.16477
SNEED	5	78	9	55.5332	0.119466	0.166595
SNEER	5	111	11	77.534	0.102524	0.145647
SNEERS	6	36	3	23.1402	0.0915477	0.140793
SNEES	5	71	4	52.9712	0.0636856	0.0833394
SNELL	5	46	6	31.8687	0.136043	0.194453
SNELLS	6	10	1	6.03861	0.119966	0.193361
SNIB	4	62	2	48.9429	0.0468891	0.0557188
SNIBS	5	12	0	8.98683	0.0481822	0.0527912
SNIDE	5	126	13	86.9527	0.106088	0.152712
SNIDED	6	15	0	10.4613	0.032924	0.0410511
SNIDER	6	68	4	45.8036	0.0645159	0.0946921
SNIDES	6	35	7	21.8527	0.198154	0.318179
SNIDEST	7	16	1	6.68403	0.0783378	0.184486
SNIDEY	6	13	0	7.51055	0.0369441	0.0541756
SNIDIER	7	16	0	6.52711	0.0269456	0.0651503
SNIES	5	160	4	111.662	0.0290495	0.0402905
SNIFT	5	33	0	22.868	0.0205704	0.0232744
SNIG	4	150	2	109.031	0.020231	0.0257866
SNIGS	5	39	1	26.3898	0.0411258	0.0556582
SNIP	4	110	3	83.7261	0.0359932	0.0448801
SNIPE	5	45	1	30.2353	0.0360532	0.04901
SNIPER	6	20	0	11.8253	0.0258829	0.036917
SNIPES	6	19	1	11.188	0.0717223	0.116217
SNIPS	5	33	3	23.8058	0.102438	0.138867
SNIRT	5	158	0	105.778	0.00466329	0.00536331
SNIRTED	7	23	0	11.2323	0.0198166	0.0412805
SNIRTLE	7	16	0	5.1597	0.0269456	0.0783099
SNIRTS	6	48	0	27.9697	0.0117778	0.016842
SNIT	4	420	47	315.72	0.113308	0.150323
SNITCH	6	23	5	11.7339	0.212477	0.408836
SNITS	5	146	12	98.1718	0.0852272	0.125614
SNOB	4	51	6	37.6047	0.127841	0.170288
SNOD	4	177	13	133.775	0.0777376	0.101644
SNODS	5	38	4	27.1353	0.114151	0.157346
SNOEK	5	11	0	8.38569	0.0514722	0.055859
SNOG	4	97	3	72.1514	0.0405903	0.0518088
SNOGS	5	21	2	14.0709	0.11174	0.160817
SNOKE	5	16	4	11.8874	0.241988	0.330624
SNOOD	5	40	2	30.0552	0.0630957	0.0805223
SNOOL	5	29	3	21.5747	0.114989	0.152032
SNOOLS	6	10	2	5.29336	0.194705	0.356515
SNOOP	5	18	7	13.9972	0.35823	0.474924
SNOOSE	6	18	0	9.06796	0.0283042	0.0463538
SNOOT	5	54	21	40.9244	0.377377	0.503178
SNOOTS	6	17	5	10.7771	0.275032	0.440137
SNORE	5	170	33	117.919	0.194384	0.280102
SNORED	6	66	14	41.2199	0.21051	0.33769
SNORER	6	28	6	16.773	0.210489	0.351504
SNORES	6	68	15	41.4116	0.218621	0.359374
SNORT	5	134	18	93.2175	0.136248	0.195194
SNORTED	7	20	6	7.82114	0.278125	0.692398
SNORTER	7	20	3	9.01799	0.150238	0.332153
SNORTS	6	38	8	20.1381	0.207954	0.38889
SNORTY	6	11	0	6.53566	0.0420824	0.0605738
SNOT	4	305	41	233.19	0.136003	0.177466
SNOTRAG	7	11	0	4.1379	0.036264	0.0922308
SNOTS	5	93	15	66.0911	0.163007	0.228918
SNOTTER	7	16	4	8.2895	0.232514	0.457611
SNOTTIE	7	13	2	6.63274	0.153377	0.306952
SNOUT	5	38	14	27.4416	0.354278	0.49584
SNOUTS	6	16	7	8.89724	0.392423	0.706466
SNOW	4	69	12	53.1395	0.177972	0.230232
SNOWS	5	14	1	10.4748	0.0993949	0.126901
SNUB	4	19	0	15.1564	0.0475717	0.049186
SNUG	4	29	1	22.3195	0.0630906	0.0749463
SNY	3	136	1	105.39	0.0157241	0.0178863
SNYE	4	53	0	40.5519	0.0195803	0.020388
SNYES	5	17	0	12.7808	0.0365128	0.0392025
SOAK	4	19	6	15.7869	0.299848	0.369933
SOAP	4	90	8	66.1414	0.0963398	0.128825
SOAPER	6	21	4	12.5221	0.188891	0.315987
SOAPIE	6	14	1	8.5446	0.092356	0.146149
SOAPS	5	17	2	11.7601	0.13339	0.187905
SOAR	4	249	79	186.309	0.315747	0.422375
SOARE	5	153	44	106.527	0.285703	0.410909
SOARED	6	61	22	41.213	0.351121	0.524085
SOARER	6	31	9	19.2327	0.279382	0.453425
SOARES	6	55	19	38.2851	0.33582	0.487451
SOARS	5	71	28	51.3761	0.385209	0.53582
SOAVE	5	13	0	10.1348	0.0452874	0.0477799
SOB	3	149	26	112.601	0.177708	0.234066
SOBA	4	61	3	44.7238	0.0628033	0.081695
SOBAS	5	15	0	10.7873	0.0404295	0.045334
SOBER	5	29	9	19.6984	0.298786	0.44225
SOBERS	6	11	2	5.12392	0.181165	0.365344
SOBS	4	28	4	20.9233	0.156525	0.20569
SOC	3	318	83	248.091	0.261438	0.334995
SOCA	4	133	7	102.096	0.0590159	0.0751471
SOCAS	5	37	2	27.2656	0.0677529	0.0882084
SOCES	5	37	1	27.7903	0.0431494	0.0530381
SOCIAL	6	16	0	6.70906	0.0312252	0.0593276
SOCK	4	19	12	14.7959	0.552123	0.731286
SOCLE	5	28	0	20.3549	0.0238206	0.0258956
SOCLES	6	13	0	8.40419	0.0369441	0.0493932
SOCS	4	58	7	45.4386	0.129515	0.163367
SOD	3	376	123	295.253	0.326785	0.416289
SODA	4	161	16	122.803	0.103336	0.134402
SODAINE	7	12	0	5.34841	0.0339181	0.0761861
SODAS	5	26	4	18.4472	0.160359	0.224339
SODDEN	6	10	2	5.44345	0.194705	0.349045
SODOM	5	16	0	12.0249	0.0383715	0.0413219
SODS	4	78	18	59.6568	0.231102	0.302248
SOFA	4	43	1	33.5794	0.0446058	0.051764
SOFAR	5	22	0	16.5464	0.0293938	0.0312253
SOFT	4	50	18	40.885	0.349219	0.432058
SOFTA	5	17	3	11.7636	0.181828	0.260732
SOFTED	6	11	7	8.01322	0.528872	0.770638
SOFTER	6	12	5	7.84056	0.364445	0.575342
SOFTIE	6	12	3	7.79542	0.234405	0.367864
SOFTS	5	13	4	9.81931	0.285604	0.388678
SOG	3	191	29	145.251	0.154826	0.202636
SOGER	5	48	0	33.7686	0.0145958	0.0161732
SOGERS	6	16	0	10.155	0.0312252	0.0421101
SOGS	4	28	4	21.2402	0.156525	0.20298
SOH	3	391	22	306.428	0.0587296	0.0742335
SOHO	4	70	2	56.933	0.0418732	0.0482685
SOHS	4	72	3	58.9988	0.0538061	0.0628311
SOHUR	5	19	0	12.947	0.033288	0.0387654
SOIL	4	171	80	127.709	0.461542	0.619654
SOILED	6	33	14	20.5817	0.401461	0.650203
SOILIER	7	13	4	7.26837	0.274897	0.510241
SOILS	5	45	23	30.4615	0.488312	0.727258
SOILY	5	13	2	10.0147	0.165446	0.215297
SOIREE	6	23	0	13.1415	0.0229395	0.0336474
SOIREES	7	10	0	3.68823	0.0389586	0.100058
SOKE	4	31	17	23.9604	0.506698	0.667743
SOL	3	420	207	325.014	0.490958	0.634974
SOLA	4	213	59	161.596	0.276106	0.364217
SOLACE	6	26	0	13.8586	0.0205971	0.0320984
SOLACER	7	11	0	2.61532	0.036264	0.125465
SOLAH	5	60	0	41.4569	0.0118438	0.0133091
SOLAHS	6	10	0	4.78877	0.0452275	0.0768338
SOLAN	5	83	12	54.1945	0.147196	0.223992
SOLAND	6	26	0	12.4222	0.0205971	0.0353588
SOLANIN	7	10	0	2.66025	0.0389586	0.124145
SOLANO	6	21	0	9.88223	0.0248213	0.0431003
SOLANS	6	17	0	6.95977	0.029693	0.0576137
SOLAR	5	75	16	49.8176	0.213031	0.320182
SOLARS	6	17	2	8.4856	0.127829	0.244989
SOLAS	5	55	12	38.0862	0.217476	0.314093
SOLATE	6	57	21	32.4041	0.35782	0.630073
SOLATED	7	24	9	8.17053	0.346866	0.974394
SOLATES	7	16	2	4.41849	0.12973	0.419693
SOLD	4	84	12	63.6538	0.147904	0.193817
SOLDAN	6	12	0	5.98933	0.0393462	0.064867
SOLDE	5	48	4	34.0227	0.092048	0.127228
SOLDER	6	25	5	14.5728	0.197504	0.337593
SOLDI	5	35	1	24.5008	0.0453826	0.0596318
SOLDS	5	17	3	11.2465	0.181828	0.270943
SOLE	4	238	124	180.149	0.515403	0.682534
SOLED	5	78	35	56.0122	0.437919	0.61372
SOLEI	5	88	0	59.1235	0.00822521	0.00945978
SOLEIN	6	33	0	18.3169	0.0166339	0.024956
SOLER	5	116	42	76.8029	0.35734	0.540592
SOLERA	6	36	5	20.3975	0.142335	0.248684
SOLERAS	7	11	0	3.25253	0.036264	0.109024
SOLERET	7	13	0	4.18603	0.0318572	0.0914649
SOLERS	6	35	17	23.9097	0.458707	0.682828
SOLES	5	79	50	58.0119	0.61412	0.843378
SOLEUS	6	11	0	5.99957	0.0420824	0.064781
SOLI	4	179	31	132.114	0.174833	0.236291
SOLID	5	48	1	31.5823	0.0339589	0.0470418
SOLIDER	7	13	0	5.30567	0.0318572	0.0766569
SOLIDS	6	11	1	6.76899	0.111624	0.176722
SOLING	6	19	11	12.1776	0.518551	0.827542
SOLION	6	12	0	5.39957	0.0393462	0.0702411
SOLIVE	6	11	0	6.06059	0.0420824	0.0642729
SOLLER	6	15	3	9.6909	0.196145	0.306752
SOLO	4	90	13	68.6068	0.149092	0.194378
SOLOED	6	10	1	6.38465	0.119966	0.185104
SOLOES	6	20	1	12.0353	0.0686547	0.109058
SOLON	5	36	2	24.3317	0.0694619	0.098052
SOLONS	6	12	0	6.64313	0.0393462	0.0597954
SOLOS	5	16	2	11.8414	0.14018	0.186798
SOLS	4	90	11	69.4767	0.127991	0.164376
SOLUM	5	11	0	7.93234	0.0514722	0.0584193
SOLUS	5	21	1	15.2228	0.0711632	0.0918331
SOLUTE	6	17	0	9.9065	0.029693	0.0430103
SOLVE	5	11	3	7.741	0.256324	0.368862
SOM	3	267	71	209.331	0.266357	0.339643
SOMA	4	111	10	82.5889	0.09614	0.127434
SOMAN	5	48	3	32.5154	0.072685	0.103783
SOMANS	6	13	0	7.38076	0.0369441	0.0549483
SOMAS	5	24	3	16.4499	0.135787	0.194357
SOMATA	6	12	0	6.42284	0.0393462	0.0614132
SOME	4	128	30	95.9293	0.234452	0.312746
SOMITE	6	31	0	18.5894	0.0176016	0.0246211
SOMITES	7	13	0	4.84925	0.0318572	0.0820736
SOMS	4	42	6	32.3171	0.152435	0.195912
SOMY	4	27	0	21.8927	0.0355977	0.0357801
SON	3	618	315	484.302	0.508304	0.649059
SONANT	6	27	1	14.2884	0.0528356	0.0937076
SONANTS	7	11	1	3.13627	0.105429	0.322384
SONAR	5	109	14	71.9052	0.130976	0.197361
SONARS	6	26	4	14.6101	0.156744	0.275582
SONATA	6	31	0	15.553	0.0176016	0.0289496
SONATAS	7	12	0	2.6927	0.0339181	0.123209
SONCE	5	51	0	36.5496	0.0137945	0.0150052
SONCES	6	21	0	12.3439	0.0248213	0.0355557
SONDE	5	83	25	58.71	0.297234	0.421599
SONDELI	7	12	0	3.74212	0.0339181	0.099051
SONDER	6	51	20	34.7401	0.378911	0.562274
SONDERS	7	13	6	8.67218	0.396417	0.635089
SONDES	6	24	9	14.8053	0.350809	0.574912
SONE	4	339	118	257.856	0.34653	0.456056
SONERI	6	77	0	42.1811	0.00752852	0.0113899
SONERIS	7	20	0	7.05329	0.0223509	0.0611932
SONES	5	119	40	86.3303	0.332291	0.459603
SONG	4	108	44	80.5759	0.40016	0.53819
SONGS	5	18	12	14.1073	0.589233	0.782888
SONIC	5	67	2	45.4415	0.0389809	0.0543843
SONICS	6	12	1	5.76937	0.104366	0.200313
SONLIER	7	17	0	7.75716	0.0256285	0.0565951
SONLY	5	15	1	10.1363	0.0940639	0.130453
SONNE	5	48	16	31.3484	0.324405	0.497728
SONNES	6	16	4	9.85919	0.237624	0.388663
SONNET	6	14	5	8.6635	0.322506	0.529739
SONNIES	7	11	3	5.74247	0.243759	0.480126
SONS	4	152	27	119.422	0.179428	0.228102
SONSE	5	99	0	73.4709	0.00734375	0.00766044
SONSIE	6	34	0	17.0757	0.0161889	0.0266041
SONSIER	7	12	0	4.85086	0.0339181	0.0820531
SONSY	5	11	0	8.38594	0.0514722	0.0558577
SONTAG	6	14	0	8.08464	0.0348184	0.0510031
SONTIES	7	23	0	9.12883	0.0198166	0.0493662
SOOEY	5	13	0	10.8186	0.0452874	0.0452228
SOOK	4	13	3	10.9142	0.232318	0.282764
SOOL	4	83	40	65.4806	0.468555	0.598569
SOOLE	5	37	13	26.375	0.338391	0.479213
SOOLED	6	13	6	8.37583	0.403246	0.643895
SOOLER	6	16	4	8.68971	0.237624	0.432332
SOOLES	6	15	4	8.96527	0.250553	0.421182
SOOLS	5	21	10	16.4616	0.436353	0.57425
SOOM	4	56	16	43.9097	0.281843	0.361298
SOON	4	118	55	93.4352	0.457158	0.580568
SOONER	6	29	11	18.8629	0.358405	0.558743
SOOP	4	48	21	37.2927	0.419287	0.545533
SOOPS	5	16	9	13.1624	0.496509	0.633412
SOOT	4	128	64	102.41	0.490508	0.616578
SOOTE	5	62	37	46.168	0.575123	0.780812
SOOTED	6	18	9	14.1406	0.44926	0.599007
SOOTES	6	28	17	18.7328	0.561032	0.855672
SOOTH	5	31	5	21.6908	0.16608	0.235854
SOOTIER	7	17	8	8.73603	0.41667	0.82448
SOOTS	5	45	23	34.112	0.488312	0.653657
SOOTY	5	17	3	12.4955	0.181828	0.24753
SOP	3	228	56	174.736	0.246484	0.3213
SOPH	4	49	1	39.8172	0.0396296	0.0441914
SOPHS	5	12	0	9.18849	0.0481822	0.0518361
SOPITE	6	14	0	9.1038	0.0348184	0.0462003
SOPOR	5	12	0	8.07019	0.0481822	0.0576163
SOPRA	5	35	0	24.6751	0.0195058	0.0216952
SOPS	4	42	4	32.0203	0.109684	0.140181
SORA	4	312	38	235.511	0.123527	0.163151
SORAGE	6	27	0	14.9075	0.0199191	0.0300735
SORAL	5	85	13	58.9542	0.155156	0.222906
SORAS	5	89	16	60.9666	0.180839	0.263453
SORB	4	68	4	49.4472	0.0705025	0.0934441
SORBET	6	13	1	7.57285	0.0979944	0.161434
SORBO	5	19	0	11.7039	0.033288	0.0422927
SORBS	5	16	1	11.1144	0.0892757	0.120693
SORD	4	184	35	140.848	0.191391	0.249768
SORDA	5	69	7	47.8297	0.106736	0.152201
SORDED	6	12	3	7.69512	0.234405	0.371784
SORDES	6	27	2	17.59	0.085752	0.129474
SORDID	6	10	1	5.34382	0.119966	0.212382
SORDINE	7	17	1	6.33503	0.0745086	0.192589
SORDO	5	36	1	25.1602	0.0442378	0.0581819
SORDS	5	37	13	28.0237	0.338391	0.45286
SORE	4	475	217	354.863	0.454646	0.60915
SORED	5	178	63	123.06	0.350981	0.508546
SOREDIA	7	20	0	8.92569	0.0223509	0.0503181
SOREE	5	101	3	71.1343	0.0358718	0.048949
SOREES	6	40	2	26.4456	0.0600541	0.0887645
SOREL	5	140	4	98.8791	0.0330941	0.0453979
SORELL	6	22	0	14.6226	0.0238433	0.0305978
SORELS	6	42	2	26.8526	0.0574073	0.0875002
SORELY	6	18	0	9.70686	0.0283042	0.0437618
SORER	5	102	26	70.5404	0.253243	0.366596
SORES	5	177	95	127.815	0.530067	0.736496
SOREST	6	90	40	56.7124	0.434838	0.693121
SORI	4	295	35	220.047	0.120525	0.16101
SORING	6	29	19	19.6758	0.605472	0.911438
SORITES	7	19	0	7.74162	0.0233462	0.0566891
SORN	4	245	50	185.145	0.204703	0.270707
SORNED	6	46	6	28.8641	0.133762	0.212536
SORNER	6	41	4	23.586	0.103766	0.177831
SORNS	5	53	12	38.7606	0.225154	0.308891
SORRA	5	56	0	40.3677	0.0126381	0.0136516
SORRAS	6	15	0	8.68031	0.032924	0.0480817
SORREL	6	19	0	12.1012	0.0270395	0.0361801
SORRY	5	10	1	6.87533	0.128533	0.178609
SORT	4	351	121	266.04	0.343275	0.453333
SORTA	5	174	41	121.912	0.235041	0.335656
SORTAL	6	50	6	29.1035	0.123738	0.210885
SORTED	6	58	23	41.2525	0.384574	0.546874
SORTER	6	54	20	36.4061	0.3591	0.537704
SORTERS	7	14	6	10.098	0.373711	0.557746
SORTES	6	79	7	49.7113	0.0923179	0.145829
SORTIE	6	71	14	39.6977	0.196359	0.350101
SORTIED	7	19	2	9.23274	0.1124	0.233348
SORTIES	7	29	4	12.9085	0.139389	0.312024
SORTING	7	13	6	8.68472	0.396417	0.634316
SORTS	5	113	36	79.8884	0.315092	0.446905
SORUS	5	28	1	19.1019	0.0554214	0.0749185
SOS	3	165	46	133.29	0.279183	0.345734
SOT	3	666	279	525.87	0.418167	0.529851
SOTH	4	173	19	132.947	0.113236	0.146457
SOTHS	5	34	3	24.7406	0.0997164	0.134005
SOTOL	5	30	0	20.5843	0.0224046	0.0256322
SOTS	4	193	38	151.97	0.19785	0.251202
SOTTED	6	21	3	14.5548	0.147873	0.21507
SOU	3	253	147	197.409	0.576498	0.74018
SOUARI	6	14	0	6.22107	0.0348184	0.0629738
SOUCE	5	17	1	11.1102	0.0849513	0.120731
SOUCT	5	17	0	11.4782	0.0365128	0.0430029
SOUDAN	6	10	0	5.70224	0.0452275	0.0673764
SOUK	4	10	3	8.21158	0.279462	0.35202
SOUL	4	64	27	50.6877	0.408985	0.521101
SOULED	6	10	5	5.79542	0.418921	0.731929
SOULS	5	18	10	13.391	0.496832	0.689126
SOUM	4	36	6	27.1208	0.17486	0.22991
SOUND	5	26	12	18.1764	0.430221	0.624672
SOUP	4	47	7	37.3009	0.157027	0.196501
SOUPER	6	10	0	5.02439	0.0452275	0.0741491
SOUPS	5	14	2	10.6262	0.156069	0.204836
SOUR	4	91	49	70.8984	0.523383	0.676662
SOURED	6	18	8	11.6522	0.402487	0.635698
SOUREST	7	11	3	5.1543	0.243759	0.521874
SOURS	5	29	17	21.4831	0.543849	0.749852
SOURSE	6	22	1	12.5474	0.0632445	0.105143
SOUS	4	66	20	52.3824	0.298536	0.378304
SOUSE	5	37	16	26.1251	0.412201	0.5903
SOUSER	6	24	6	16.2895	0.24124	0.360941
SOUT	4	106	51	82.6375	0.47057	0.607116
SOUTAR	6	17	0	11.8117	0.029693	0.0369542
SOUTER	6	33	17	22.4155	0.483924	0.725104
SOUTH	5	34	9	25.9658	0.259101	0.342991
SOUTIE	6	20	4	9.35965	0.19697	0.406188
SOUTS	5	40	18	30.17	0.429692	0.578233
SOV	3	67	20	53.8769	0.298316	0.371583
SOW	3	146	38	113.918	0.261221	0.334541
SOWAR	5	19	0	13.3153	0.033288	0.0378307
SOWDER	6	12	0	8.53897	0.0393462	0.0487442
SOWED	5	23	7	17.4498	0.291007	0.39044
SOWER	5	31	11	22.7457	0.339266	0.468655
SOWL	4	31	4	24.0413	0.143402	0.181816
SOWLE	5	16	2	11.3011	0.14018	0.194411
SOWLED	6	10	2	7.34517	0.194705	0.275813
SOWM	4	18	1	13.5296	0.0935511	0.115232
SOWN	4	39	5	30.2732	0.14004	0.177796
SOWND	5	12	0	8.9905	0.0481822	0.0527735
SOWNE	5	16	1	10.8912	0.0892757	0.12279
SOWP	4	13	0	9.94455	0.063622	0.0692644
SOWS	4	25	5	20.1428	0.205866	0.256223
SOWSE	5	14	0	11.8645	0.0427208	0.0418012
SOWTER	6	10	0	6.9944	0.0452275	0.0573848
SOX	3	10	2	8.48412	0.22755	0.267943
SOY	3	137	27	106.024	0.199913	0.257479
SOYA	4	45	0	36.7391	0.0227268	0.0223529
SOYLE	5	19	1	13.6519	0.0774483	0.101074
SOYS	4	23	8	17.9832	0.328664	0.427009
SPA	3	241	145	186.446	0.596565	0.77255
SPACE	5	19	5	14.2496	0.25409	0.344135
SPADE	5	32	6	20.8666	0.189475	0.288182
SPADER	6	18	3	11.4802	0.168623	0.265169
SPADES	6	12	3	7.17825	0.234405	0.393382
SPADO	5	10	0	5.82739	0.0552445	0.074213
SPAE	4	133	13	99.0593	0.102563	0.136278
SPAED	5	42	0	28.6341	0.0165144	0.0188876
SPAER	5	77	7	52.5616	0.0961476	0.138991
SPAERS	6	29	4	20.8177	0.142222	0.199675
SPAES	5	42	5	30.05	0.126056	0.17426
SPAG	4	23	4	17.2828	0.184693	0.242934
SPAGS	5	10	3	6.81415	0.27511	0.407833
SPAHI	5	22	0	15.7428	0.0293938	0.0326428
SPAIL	5	29	7	18.4998	0.237521	0.370401
SPAIN	5	54	18	34.8345	0.325334	0.504926
SPAING	6	15	0	8.87584	0.032924	0.0471943
SPAINS	6	16	3	9.90287	0.186024	0.301158
SPAIT	5	48	3	33.1793	0.072685	0.101822
SPAITS	6	16	2	7.40259	0.134425	0.274077
SPALD	5	18	2	13.8742	0.127227	0.162815
SPALE	5	54	14	37.5787	0.255944	0.368711
SPALES	6	16	3	8.51478	0.186024	0.342006
SPALT	5	28	5	19.6053	0.181825	0.258665
SPAM	4	37	7	28.8384	0.194608	0.249021
SPAMS	5	12	3	9.11646	0.23994	0.323051
SPAN	4	84	35	64.1224	0.406961	0.536025
SPANE	5	52	11	34.4801	0.211229	0.317734
SPANED	6	13	2	8.64698	0.159045	0.241175
SPANES	6	15	4	8.80281	0.250553	0.427685
SPANG	5	12	2	7.22184	0.176021	0.280794
SPANS	5	28	12	18.5647	0.403031	0.612856
SPAR	4	124	59	90.6839	0.466919	0.640428
SPARD	5	23	1	15.4043	0.0658215	0.0908733
SPARE	5	84	42	56.3656	0.487808	0.730019
SPARED	6	26	10	18.1707	0.360965	0.527911
SPARER	6	13	5	7.81128	0.342196	0.57711
SPARES	6	35	17	21.7843	0.458707	0.744576
SPAREST	7	23	0	11.1179	0.0198166	0.0416516
SPARID	6	12	0	7.5889	0.0393462	0.0537196
SPARS	5	44	18	31.0882	0.393617	0.562166
SPARSE	6	26	3	16.376	0.122708	0.193425
SPART	5	55	18	37.6153	0.319787	0.469446
SPARTH	6	16	0	10.2412	0.0312252	0.0418068
SPARTS	6	20	8	13.2821	0.368057	0.566625
SPAS	4	71	11	53.0231	0.16008	0.212806
SPASM	5	11	0	7.94816	0.0514722	0.058326
SPAT	4	125	50	95.6753	0.393975	0.516602
SPATE	5	70	26	50.354	0.363282	0.508057
SPATES	6	25	9	18.8798	0.338448	0.461193
SPATHE	6	17	0	11.2602	0.029693	0.0385243
SPATS	5	44	14	31.5348	0.309663	0.435244
SPAW	4	25	5	19.7064	0.205866	0.261187
SPAY	4	24	6	19.5478	0.247761	0.30774
SPEAK	5	11	4	8.4626	0.324608	0.439279
SPEAL	5	50	12	36.1383	0.237746	0.330153
SPEAN	5	51	7	35.7532	0.141895	0.20094
SPEANS	6	21	2	12.494	0.106856	0.175896
SPEAR	5	66	20	46.6464	0.297995	0.423368
SPEARS	6	24	11	16.251	0.423856	0.639956
SPEAT	5	67	8	47.9297	0.123913	0.171941
SPEATS	6	18	3	12.1821	0.168623	0.25178
SPEC	4	53	1	41.7248	0.0368863	0.0422991
SPECS	5	14	0	10.826	0.0427208	0.0451968
SPECT	5	19	1	14.3825	0.0774483	0.0965552
SPECTS	6	10	1	4.14189	0.119966	0.255937
SPED	4	93	10	70.408	0.113837	0.14863
SPEED	5	26	6	19.0694	0.227825	0.312812
SPEEL	5	19	4	13.2922	0.209929	0.300169
SPEER	5	45	18	32.6372	0.385526	0.536996
SPEERS	6	20	11	14.3391	0.496372	0.716149
SPEIL	5	35	5	23.8409	0.14889	0.216199
SPEIR	5	52	4	34.4969	0.0854312	0.125573
SPEIRS	6	20	3	12.151	0.154198	0.252344
SPEISE	6	12	0	7.1191	0.0393462	0.0565751
SPEK	4	15	1	11.3697	0.107737	0.132769
SPELD	5	23	0	17.4	0.0282907	0.0298484
SPELL	5	12	5	8.8232	0.367778	0.517336
SPELT	5	26	2	18.9474	0.0928933	0.123305
SPEND	5	31	9	23.3518	0.281538	0.378414
SPENDS	6	11	4	7.43528	0.320248	0.491575
SPENSE	6	15	0	9.90861	0.032924	0.0430025
SPENT	5	43	11	33.3289	0.251986	0.328099
SPERM	5	15	0	11.0492	0.0404295	0.0444211
SPERSE	6	15	0	8.85277	0.032924	0.0472973
SPET	4	128	20	97.7876	0.159142	0.207576
SPETS	5	43	8	31.3874	0.18767	0.257237
SPEW	4	23	3	18.4575	0.148701	0.182531
SPHAER	6	14	0	9.0002	0.0348184	0.0466468
SPHEAR	6	19	1	11.601	0.0717223	0.112614
SPIAL	5	26	0	16.4603	0.0254277	0.0313711
SPICA	5	19	0	12.9225	0.033288	0.0388293
SPICAE	6	11	0	5.2589	0.0420824	0.0716572
SPICE	5	17	6	11.8056	0.327144	0.477894
SPIDE	5	35	4	24.5876	0.123013	0.172447
SPIDER	6	21	4	11.1358	0.188891	0.350066
SPIDES	6	10	1	5.51156	0.119966	0.207455
SPIE	4	131	42	100.335	0.317648	0.415716
SPIED	5	45	14	31.2555	0.303297	0.438904
SPIEL	5	44	8	28.9903	0.183731	0.27716
SPIELS	6	17	3	9.41588	0.176897	0.314329
SPIER	5	79	19	54.5376	0.239021	0.346533
SPIERS	6	25	8	17.8887	0.303212	0.433503
SPIES	5	55	12	38.8492	0.217476	0.308221
SPIF	4	21	4	15.8808	0.19902	0.261144
SPIK	4	15	0	12.186	0.0571901	0.0589202
SPILE	5	39	17	25.4135	0.416319	0.642179
SPILED	6	14	5	8.36853	0.322506	0.545229
SPILES	6	18	7	10.3943	0.355714	0.619157
SPILT	5	16	3	9.67199	0.191084	0.307621
SPIM	4	26	2	19.3015	0.101724	0.130369
SPIN	4	105	33	78.6938	0.310898	0.415674
SPINA	5	47	0	30.8263	0.014884	0.0176246
SPINAE	6	19	0	9.65637	0.0270395	0.043956
SPINAL	6	11	0	5.72013	0.0420824	0.0672144
SPINAR	6	17	0	10.1242	0.029693	0.0422198
SPINAS	6	15	0	8.49538	0.032924	0.0489522
SPINE	5	65	22	44.1055	0.331472	0.490139
SPINED	6	16	6	10.0741	0.340824	0.551173
SPINEL	6	23	0	12.9125	0.0229395	0.0341739
SPINELS	7	10	0	3.53073	0.0389586	0.103124
SPINES	6	30	11	18.6922	0.347668	0.563416
SPINET	6	31	1	18.2732	0.0466883	0.0750302
SPINS	5	33	7	23.8058	0.211594	0.29412
SPINTO	6	11	0	6.48557	0.0420824	0.0609437
SPIRAL	6	10	1	6.14071	0.119966	0.190849
SPIRE	5	67	30	45.0807	0.43533	0.650048
SPIREA	6	22	0	11.2335	0.0238433	0.0386039
SPIRED	6	29	5	17.9964	0.173105	0.27897
SPIRES	6	28	17	16.6682	0.561032	0.951752
SPIRT	5	42	1	28.2101	0.0384228	0.0522999
SPIRTS	6	14	1	6.73292	0.092356	0.177476
SPIT	4	98	30	73.9379	0.302883	0.402345
SPITAL	6	11	0	5.38137	0.0420824	0.0704212
SPITE	5	53	12	35.7736	0.225154	0.333345
SPITED	6	17	2	11.4577	0.127829	0.18973
SPITES	6	19	4	11.2924	0.205771	0.345851
SPITS	5	32	9	21.2644	0.273639	0.412427
SPLAT	5	33	6	23.74	0.184305	0.25596
SPLATS	6	11	4	7.45726	0.320248	0.490398
SPLENT	6	15	0	8.19535	0.032924	0.0504336
SPLINE	6	21	4	12.2353	0.188891	0.322482
SPLINT	6	13	2	8.07198	0.159045	0.255339
SPLIT	5	26	3	16.4302	0.126626	0.194565
SPLITS	6	10	2	5.51921	0.194705	0.345391
SPOD	4	37	5	28.0201	0.146743	0.190783
SPODE	5	23	2	17.0211	0.103352	0.13582
SPOIL	5	15	3	9.91268	0.201333	0.301384
SPOOL	5	12	5	9.01074	0.367778	0.508491
SPOON	5	11	5	7.85821	0.392892	0.56819
SPOOR	5	19	0	14.8748	0.033288	0.0343259
SPOOT	5	24	7	19.7244	0.28048	0.349483
SPOOTS	6	10	3	6.78897	0.269444	0.411381
SPORE	5	58	30	43.1527	0.498888	0.677831
SPORED	6	19	7	13.4125	0.33982	0.495655
SPORES	6	20	15	12.5253	0.667459	1
SPORT	5	41	14	30.3918	0.330471	0.450622
SPORTS	6	14	7	9.89155	0.437582	0.645966
SPOT	4	87	34	66.8067	0.382764	0.500999
SPOTS	5	28	10	20.5554	0.339829	0.469832
SPOUT	5	18	6	14.2652	0.31203	0.405443
SPRAD	5	14	0	9.68487	0.0427208	0.0496263
SPRAG	5	12	1	8.02417	0.112101	0.158054
SPRAIN	6	17	6	11.9868	0.3241	0.474254
SPRAT	5	57	6	38.9351	0.111367	0.160851
SPRATS	6	23	1	14.4918	0.0608471	0.0925317
SPRAY	5	10	1	7.35608	0.128533	0.169391
SPREAD	6	12	0	8.03277	0.0393462	0.0512744
SPRED	5	52	0	35.1852	0.0135466	0.0155564
SPREDS	6	11	0	8.12197	0.0420824	0.0508097
SPREE	5	27	0	19.0816	0.0245979	0.0274628
SPREED	6	10	0	5.36656	0.0452275	0.0705683
SPREES	6	15	0	8.80562	0.032924	0.0475092
SPRENT	6	22	0	13.36	0.0238433	0.0331597
SPREW	5	14	0	10.0461	0.0427208	0.0481329
SPRIER	6	14	0	7.64418	0.0348184	0.0534024
SPRIEST	7	12	0	5.36715	0.0339181	0.0759815
SPRIG	5	13	0	7.8599	0.0452874	0.0588503
SPRINT	6	12	0	7.26144	0.0393462	0.0556784
SPRIT	5	33	1	22.2613	0.0478595	0.0651458
SPRITE	6	19	0	9.92454	0.0270395	0.0429437
SPROD	5	15	0	12.1099	0.0404295	0.0410721
SPRUE	5	17	0	11.6394	0.0365128	0.0424932
SPRUES	6	10	0	5.8446	0.0452275	0.0661083
SPRY	4	14	1	9.84032	0.113473	0.148804
SPUD	4	21	1	14.5787	0.0826661	0.108285
SPUE	4	42	0	31.4582	0.0241842	0.0257963
SPUED	5	16	0	11.4428	0.0383715	0.0431166
SPUER	5	27	0	18.6971	0.0245979	0.0279739
SPUES	5	20	0	14.9602	0.0318801	0.0341526
SPUN	4	31	2	25.0746	0.0875102	0.10339
SPUR	4	42	11	32.203	0.25931	0.339302
SPURN	5	14	1	10.3829	0.0993949	0.127846
SPURS	5	10	4	7.91466	0.348398	0.463658
SPURT	5	12	1	8.91478	0.112101	0.145109
SPUTA	5	12	0	9.42252	0.0481822	0.0507702
SPY	3	46	3	36.9215	0.0839266	0.0997966
SRI	3	663	47	512.634	0.0722597	0.0930511
SRIS	4	170	2	127.175	0.017916	0.0221875
STAB	4	113	26	84.5721	0.23035	0.307619
STABLE	6	21	9	11.8808	0.393977	0.698542
STABLER	7	12	3	4.4423	0.22799	0.583268
STABS	5	22	7	16.2895	0.302354	0.415266
STACK	5	12	5	8.79712	0.367778	0.51859
STACTE	6	28	0	15.2772	0.0192843	0.0294194
STADE	5	127	37	88.3255	0.288981	0.416217
STADES	6	34	10	21.6168	0.283712	0.449953
STAFF	5	10	2	8.17954	0.201821	0.254269
STAG	4	121	40	92.5329	0.327002	0.428756
STAGE	5	56	29	40.414	0.49885	0.698041
STAGED	6	17	10	12.2058	0.520372	0.754052
STAGER	6	26	15	16.2322	0.53115	0.863453
STAGES	6	21	14	13.8856	0.599064	0.929211
STAGS	5	27	9	20.0501	0.318286	0.435183
STAID	5	97	16	66.4799	0.166465	0.242229
STAIDER	7	28	3	13.17	0.112032	0.238846
STAIG	5	48	0	31.9734	0.0145958	0.0170288
STAIGS	6	13	1	7.1353	0.0979944	0.169411
STAIN	5	192	101	128.721	0.520095	0.777306
STAINED	7	36	21	20.687	0.545497	0.965606
STAINER	7	49	24	28.1263	0.467502	0.824922
STAINERS	8	15	8	8.29753	0.461817	0.860971
STAINS	6	56	30	31.314	0.515412	0.92332
STAIR	5	179	54	123.951	0.299783	0.433467
STAIRED	7	31	8	13.5058	0.247381	0.564318
STAIRS	6	42	18	22.5072	0.409986	0.763635
STAITH	6	20	0	10.5499	0.0258829	0.0407548
STAITHE	7	10	0	3.72515	0.0389586	0.0993661
STAKE	5	15	10	11.621	0.576774	0.778951
STAKER	6	12	8	8.53336	0.559504	0.829079
STALE	5	192	111	133.749	0.571208	0.822194
STALED	6	62	30	39.7385	0.468112	0.735693
STALER	6	96	51	60.4746	0.519271	0.82806
STALES	6	64	40	39.8107	0.60263	0.975207
STALEST	7	10	1	5.11714	0.113263	0.227456
STALING	7	11	3	5.57418	0.243759	0.491374
STALK	5	16	2	11.4586	0.14018	0.192128
STALL	5	48	25	33.866	0.498672	0.713972
STAMEN	6	30	2	18.128	0.0780451	0.125964
STAMINA	7	10	1	3.85912	0.113263	0.279775
STAMP	5	31	3	21.3223	0.108351	0.15368
STANCE	6	33	3	15.72	0.099097	0.200701
STANCES	7	12	0	4.52915	0.0339181	0.086353
STANCH	6	16	0	8.10488	0.0312252	0.0508981
STAND	5	96	39	67.8928	0.398955	0.5666
STANDER	7	26	12	13.1804	0.425155	0.847175
STANDS	6	26	13	15.7803	0.463076	0.77146
STANE	5	221	76	152.158	0.341667	0.496882
STANED	6	75	15	49.9326	0.199096	0.300088
STANES	6	74	28	45.0689	0.369671	0.609132
STANG	5	59	19	39.4457	0.315331	0.472845
STANGS	6	15	4	10.1754	0.250553	0.378331
STANINE	7	23	0	8.69675	0.0198166	0.0514357
STANK	5	21	7	13.4424	0.314623	0.492033
STANOL	6	30	0	16.3748	0.0181289	0.0276347
STAP	4	156	38	114.719	0.24338	0.330813
STAPES	6	16	5	10.5078	0.289224	0.449834
STAPH	5	46	0	33.7156	0.0151838	0.0161972
STAPHS	6	13	0	9.47875	0.0369441	0.0446533
STAPLE	6	19	3	11.3012	0.161088	0.268815
STAPLES	7	10	2	4.48006	0.187567	0.415451
STAPS	5	44	7	31.5348	0.162742	0.226248
STAR	4	516	291	382.869	0.560946	0.756781
STARCH	6	23	6	14.1187	0.250385	0.410414
STARE	5	352	204	243.527	0.575726	0.833359
STARED	6	102	54	65.6458	0.518174	0.809029
STARER	6	59	29	39.864	0.474594	0.709425
STARERS	7	17	8	9.47014	0.41667	0.769855
STARES	6	113	75	75.1199	0.649641	0.982575
STARETS	7	26	0	12.1006	0.0177985	0.038666
STARING	7	28	19	18.0443	0.620643	0.993682
STARK	5	26	10	17.1144	0.362756	0.554597
STARLET	7	10	0	4.02641	0.0389586	0.0940552
STARLIT	7	11	0	2.73594	0.036264	0.121983
STARN	5	150	60	101.523	0.395417	0.585398
STARNED	7	20	12	10.4259	0.533899	1
STARNIE	7	30	12	14.9243	0.374327	0.757824
STARNIES	8	12	8	6.50403	0.551443	1
STARNS	6	45	20	27.3166	0.425903	0.706031
STARR	5	63	24	45.4913	0.371429	0.517974
STARRS	6	22	9	14.7255	0.378454	0.577702
STARRY	6	10	3	7.33509	0.269444	0.386567
STARS	5	146	49	102.03	0.332479	0.476761
START	5	138	61	94.1112	0.435977	0.64097
STARTED	7	15	9	7.58167	0.515994	1
STARTER	7	21	9	10.3858	0.389412	0.79445
STARTLE	7	13	2	4.19514	0.153377	0.435841
STARTS	6	36	23	23.568	0.59942	0.929333
STARVE	6	14	1	7.98183	0.092356	0.154628
STASH	5	63	10	47.2349	0.16136	0.215025
STAT	4	196	105	145.894	0.528586	0.711989
STATE	5	131	81	94.0212	0.607182	0.849948
STATED	6	41	24	30.9556	0.55442	0.749818
STATER	6	83	46	59.52	0.539537	0.75932
STATERS	7	21	13	13.9017	0.552956	0.872251
STATES	6	55	31	38.9975	0.54137	0.773642
STATIC	6	18	0	11.0304	0.0283042	0.0392189
STATIN	6	38	7	21.4534	0.183788	0.323662
STATING	7	10	6	7.59759	0.484783	0.709209
STATINS	7	14	0	5.38254	0.0300325	0.0758143
STATION	7	13	1	6.07083	0.0926172	0.199214
STATOR	6	43	0	25.5455	0.0130475	0.0183395
STATORS	7	11	0	3.54736	0.036264	0.102792
STATS	5	41	21	30.2764	0.487265	0.669391
STATUE	6	10	0	6.00165	0.0452275	0.0647635
STAUN	5	50	0	35.1694	0.0140516	0.015563
STAUNS	6	16	0	8.4731	0.0312252	0.0490592
STAVE	5	25	10	18.3408	0.37542	0.521089
STAW	4	94	27	73.5534	0.284779	0.365092
STAWED	6	14	5	9.63292	0.322506	0.484501
STAWS	5	19	6	14.138	0.29825	0.408646
STAY	4	99	30	77.9474	0.299965	0.382373
STAYED	6	14	5	9.20889	0.322506	0.503301
STAYER	6	21	9	14.2026	0.393977	0.596675
STAYNE	6	12	0	6.81996	0.0393462	0.0585571
STAYRE	6	20	0	12.884	0.0258829	0.0342407
STAYS	5	18	8	12.2298	0.404431	0.604564
STEAD	5	140	27	98.3576	0.193211	0.274909
STEADED	7	12	1	4.70914	0.0986087	0.242141
STEADIER	8	10	0	4.21555	0.0389586	0.0910014
STEADS	6	35	4	23.4972	0.119988	0.178457
STEADY	6	13	0	8.78207	0.0369441	0.0476157
STEAK	5	21	8	16.3773	0.355199	0.467816
STEAL	5	183	86	130.328	0.464807	0.654474
STEALE	6	61	35	39.8568	0.553047	0.853862
STEALED	7	18	10	10.8616	0.490456	0.844329
STEALER	7	27	15	16.2092	0.509692	0.871535
STEALES	7	21	14	10.0731	0.593842	1
STEALS	6	44	23	27.9205	0.49821	0.792862
STEALT	6	31	0	19.6413	0.0176016	0.0234087
STEAM	5	100	37	71.5274	0.364262	0.51136
STEAMER	7	12	6	5.49553	0.422062	0.919016
STEAMS	6	20	10	12.5581	0.4536	0.735446
STEAN	5	224	94	157.051	0.416235	0.594793
STEANE	6	67	32	40.1667	0.463273	0.775922
STEANED	7	15	4	6.85426	0.245111	0.535204
STEANES	7	23	12	11.7576	0.473362	0.937346
STEANS	6	57	24	31.766	0.407505	0.731671
STEAR	5	286	150	201.491	0.520478	0.740125
STEARD	6	69	8	46.2568	0.118888	0.177173
STEARE	6	114	61	78.3709	0.524835	0.767887
STEARED	7	30	16	14.6061	0.493879	1
STEARES	7	38	21	19.5853	0.519181	1
STEARIC	7	14	0	5.05809	0.0300325	0.0795031
STEARIN	7	48	8	20.9726	0.165655	0.37773
STEARINE	8	19	4	9.24799	0.201455	0.417215
STEARING	8	12	6	6.85292	0.422062	0.771613
STEARINS	8	14	2	6.51258	0.144592	0.311492
STEARS	6	79	48	52.9867	0.590012	0.886562
STED	4	385	26	283.739	0.0696064	0.0938168
STEDD	5	41	2	30.0907	0.0616825	0.0804331
STEDDE	6	10	0	6.68661	0.0452275	0.059486
STEDDS	6	14	0	9.18484	0.0348184	0.0458569
STEDE	5	92	2	66.5347	0.0287919	0.0376361
STEDED	6	14	0	9.05154	0.0348184	0.0464245
STEDES	6	26	0	16.5316	0.0205971	0.0273972
STEDING	7	13	0	6.60025	0.0318572	0.0645699
STEDS	5	100	5	71.2529	0.0555146	0.0761878
STEED	5	102	31	72.589	0.300572	0.423593
STEEDS	6	27	7	19.0229	0.250334	0.361589
STEEDY	6	11	0	6.83363	0.0420824	0.0584634
STEEK	5	19	4	14.4771	0.209929	0.278528
STEEL	5	97	36	69.9931	0.365184	0.508366
STEELS	6	27	16	17.2436	0.546582	0.870134
STEELY	6	18	1	9.55969	0.075077	0.132996
STEEM	5	55	13	41.0803	0.234527	0.315478
STEEMS	6	17	5	11.73	0.275032	0.408954
STEEN	5	124	36	87.1711	0.287938	0.410389
STEENS	6	30	11	20.3549	0.347668	0.520979
STEEP	5	45	10	31.7048	0.221068	0.314223
STEEPS	6	10	3	6.41098	0.269444	0.430508
STEER	5	171	78	122.509	0.450937	0.631313
STEERS	6	59	25	41.5287	0.410471	0.589627
STEERY	6	16	0	12.1403	0.0312252	0.0360781
STEIL	5	167	8	112.984	0.0512984	0.0746268
STEILS	6	36	3	19.8992	0.0915477	0.161901
STEIN	5	244	39	165.082	0.160528	0.236936
STEINED	7	22	3	8.69975	0.138435	0.342406
STEINS	6	71	12	39.6856	0.16947	0.301899
STELA	5	208	22	143.237	0.107509	0.1555
STELAE	6	62	0	37.2505	0.00925577	0.012831
STELAI	6	78	0	46.1239	0.00743601	0.0104512
STELAR	6	83	8	49.2102	0.0996197	0.166899
STELE	5	94	15	69.6516	0.161338	0.217536
STELES	6	29	8	18.2799	0.265755	0.425024
STELIC	6	25	0	16.0771	0.0213229	0.028097
STELL	5	63	21	44.1376	0.326414	0.468104
STELLA	6	32	11	22.6625	0.328015	0.47167
STELLAR	7	11	4	7.19294	0.312924	0.514613
STELLAS	7	10	5	5.92353	0.410479	0.734065
STELLIO	7	11	0	6.76661	0.036264	0.0632875
STELLS	6	17	8	11.7737	0.422236	0.629973
STEM	4	214	24	161.844	0.114869	0.15112
STEME	5	43	8	32.5317	0.18767	0.248702
STEMED	6	13	2	8.36455	0.159045	0.24793
STEMES	6	12	3	7.96136	0.234405	0.361558
STEMMA	6	12	0	6.77813	0.0393462	0.0588453
STEMS	5	60	9	45.9912	0.153254	0.199747
STEN	4	540	128	400.285	0.237033	0.319727
STENCH	6	18	3	10.6205	0.168623	0.283644
STENCIL	7	10	0	4.20001	0.0389586	0.0912449
STEND	5	136	39	98.6309	0.284678	0.393459
STENDS	6	36	12	23.8197	0.32009	0.489454
STENO	5	207	20	145.958	0.0985251	0.139118
STENOS	6	54	8	30.8129	0.149968	0.261283
STENS	5	157	26	113.3	0.16654	0.230593
STENT	5	125	35	86.9815	0.277927	0.40002
STENTOR	7	20	0	5.09088	0.0223509	0.0791141
STENTS	6	27	11	18.0187	0.382	0.582643
STEP	4	165	11	122.195	0.0714523	0.0950609
STEPS	5	43	4	31.3874	0.101915	0.137282
STEPT	5	31	0	20.5954	0.0217579	0.0256195
STERANE	7	51	0	19.3345	0.0096278	0.0253115
STERANES	8	15	0	5.51332	0.0284054	0.0744223
STERE	5	228	45	162.788	0.197517	0.276654
STEREO	6	76	0	53.2869	0.00762336	0.00909024
STEREOS	7	23	0	8.97242	0.0198166	0.0500959
STERES	6	84	22	58.3494	0.258699	0.374573
STERIC	6	37	0	23.0872	0.0149862	0.0201569
STERICAL	8	10	0	3.7078	0.0389586	0.0996904
STERILE	7	30	0	12.4408	0.0156707	0.0377299
STERLET	7	12	0	5.59599	0.0339181	0.0735685
STERN	5	229	44	158.597	0.19237	0.277647
STERNA	6	102	4	68.3439	0.0437004	0.0642283
STERNAL	7	32	3	13.016	0.0993935	0.241359
STERNED	7	18	5	8.82213	0.257445	0.530104
STERNER	7	19	2	7.73437	0.1124	0.270765
STERNS	6	54	17	38.3751	0.306817	0.436473
STEROID	7	27	0	8.94271	0.0172142	0.0502369
STEROL	6	75	0	49.2881	0.00772062	0.00980288
STEROLS	7	18	0	4.82452	0.0244341	0.0823891
STERVE	6	10	0	7.07238	0.0452275	0.0568757
STET	4	249	38	184.681	0.154192	0.207379
STETS	5	42	10	31.9528	0.235598	0.311925
STEW	4	101	28	78.2925	0.275387	0.35609
STEWED	6	11	3	8.237	0.250706	0.351548
STEWER	6	17	7	12.3584	0.373168	0.532771
STEWS	5	19	4	13.5217	0.209929	0.295718
STEY	4	115	2	87.9196	0.0261423	0.0317858
STEYS	5	24	0	17.596	0.0272673	0.0295492
STHENIA	7	11	0	3.99863	0.036264	0.094521
STICH	5	44	4	29.1479	0.0997759	0.147166
STICHS	6	16	1	8.38513	0.0828249	0.148456
STICK	5	12	8	8.65914	0.559536	0.807875
STIE	4	504	152	372.797	0.300976	0.407019
STIED	5	167	36	113.203	0.215382	0.317623
STIES	5	161	54	110.271	0.332557	0.486303
STIGME	6	10	0	5.52714	0.0452275	0.0690045
STILB	5	35	1	23.6244	0.0453826	0.0616745
STILBS	6	10	0	4.86716	0.0452275	0.0759193
STILE	5	159	69	103.945	0.428872	0.656992
STILED	6	55	20	34.1494	0.352949	0.571534
STILES	6	55	25	33.837	0.438595	0.717179
STILET	6	40	15	22.247	0.359732	0.646751
STILETS	7	10	6	5.28691	0.484783	0.946814
STILL	5	46	22	31.9306	0.458333	0.666224
STILLER	7	12	6	7.70968	0.422062	0.700679
STILLS	6	12	5	7.60739	0.364445	0.589726
STILT	5	54	8	37.5977	0.151858	0.216851
STILTER	7	11	1	6.78469	0.105429	0.182273
STILTS	6	16	4	10.1158	0.237624	0.380236
STIM	4	158	37	115.479	0.234246	0.320236
STIME	5	91	29	62.5682	0.314374	0.45838
STIMED	6	35	8	19.5658	0.224209	0.399347
STIMES	6	28	11	17.029	0.369827	0.613399
STIMIE	6	10	0	6.87198	0.0452275	0.0582025
STIMS	5	41	9	27.6372	0.218476	0.32362
STIMY	5	13	0	10.4229	0.0452874	0.0466684
STING	5	105	41	61.2732	0.384315	0.657546
STINGE	6	42	13	24.5027	0.299805	0.514841
STINGED	7	14	7	8.80551	0.43099	0.72297
STINGER	7	18	7	10.4266	0.35065	0.625598
STINGES	7	11	5	6.43171	0.382089	0.687678
STINGO	6	31	1	17.5005	0.0466883	0.0780465
STINGOS	7	13	0	8.03576	0.0318572	0.0549604
STINGS	6	29	9	15.2988	0.296639	0.55824
STINGY	6	10	3	6.17943	0.269444	0.443128
STINK	5	24	11	16.3934	0.425173	0.630874
STINKS	6	10	5	6.98452	0.418921	0.63193
STINT	5	102	25	66.7251	0.243777	0.3724
STINTED	7	13	4	5.81293	0.274897	0.610285
STINTER	7	31	7	17.1385	0.218361	0.401637
STINTS	6	26	6	16.2747	0.224818	0.361238
STINTY	6	11	0	6.61229	0.0420824	0.0600167
STIPA	5	50	1	32.077	0.0326928	0.0463579
STIPAS	6	17	1	9.1687	0.0787609	0.137772
STIPE	5	45	6	30.7849	0.138839	0.200889
STIPED	6	11	2	5.5167	0.181165	0.345511
STIPEL	6	14	0	7.56224	0.0348184	0.0538739
STIPES	6	17	3	11.3203	0.176897	0.268421
STIR	4	376	120	274.915	0.318111	0.435246
STIRE	5	266	107	181.333	0.399614	0.586923
STIRED	6	72	25	42.3254	0.339681	0.578961
STIRES	6	79	39	46.6274	0.480762	0.817021
STIRK	5	13	1	8.56945	0.105366	0.149868
STIRP	5	50	0	32.235	0.0140516	0.0168986
STIRRA	6	18	0	9.80629	0.0283042	0.0433843
STIRRE	6	35	6	20.7805	0.172099	0.288896
STIRRES	7	11	2	5.09744	0.174594	0.377211
STIRS	5	86	16	55.7958	0.186891	0.28704
STIVE	5	29	7	21.3561	0.237521	0.325023
STIVER	6	14	1	8.83649	0.092356	0.142108
STIVES	6	10	2	6.47974	0.194705	0.304927
STOA	4	284	26	221.052	0.0939507	0.120086
STOAE	5	116	0	86.3579	0.00630029	0.00654264
STOAI	5	95	0	65.035	0.00764153	0.00862505
STOAS	5	52	3	36.0428	0.0674601	0.0941496
STOAT	5	85	13	62.4439	0.155156	0.210828
STOATS	6	19	4	10.7555	0.205771	0.360738
STOB	4	72	8	55.4484	0.118924	0.152465
STOBS	5	20	3	14.2991	0.158758	0.220069
STOEP	5	46	0	31.652	0.0151838	0.0171917
STOEPS	6	11	0	6.94405	0.0420824	0.0577183
STOGIE	6	20	0	10.8015	0.0258829	0.039936
STOIC	5	52	0	36.0231	0.0135466	0.0152132
STOICS	6	13	0	7.21161	0.0369441	0.0559891
STOIT	5	74	1	50.9728	0.0225875	0.0298088
STOITED	7	15	0	6.42516	0.0284054	0.0659769
STOITER	7	26	0	11.35	0.0177985	0.0409055
STOITS	6	19	1	11.0847	0.0717223	0.117155
STOKE	5	20	11	15.3459	0.4971	0.669061
STOKER	6	12	4	8.47808	0.299425	0.441305
STOLE	5	103	38	70.337	0.363392	0.533612
STOLED	6	35	10	21.7814	0.27632	0.446802
STOLEN	6	39	1	21.1606	0.037875	0.0655612
STOLES	6	32	14	18.5914	0.412809	0.71392
STOLID	6	26	0	14.83	0.0205971	0.0302143
STOLN	5	56	0	38.6791	0.0126381	0.0142189
STOLON	6	12	0	6.02551	0.0393462	0.064564
STOMA	5	56	6	39.6918	0.113234	0.157929
STOMAL	6	13	1	5.88472	0.0979944	0.197274
STOMAS	6	13	0	4.83442	0.0369441	0.0762985
STOMIA	6	14	0	6.56176	0.0348184	0.0603829
STOMP	5	17	1	12.074	0.0849513	0.11244
STOND	5	73	5	52.4554	0.075071	0.102507
STONDS	6	17	1	10.7114	0.0787609	0.120673
STONE	5	175	97	123.813	0.547197	0.775832
STONED	6	61	36	38.3531	0.56858	0.910859
STONEN	6	28	1	18.5033	0.0511518	0.0741763
STONER	6	90	56	58.0384	0.606181	0.94549
STONERAW	8	10	0	3.18156	0.0389586	0.110639
STONERN	7	19	1	6.61265	0.0678733	0.186087
STONERS	7	19	8	10.6149	0.379563	0.697766
STONES	6	65	33	37.7237	0.491447	0.849334
STONG	5	45	11	28.0122	0.241625	0.386304
STONIED	7	30	7	11.7729	0.224887	0.562667
STONIER	7	32	13	14.5077	0.381416	0.839458
STONIES	7	23	4	9.98101	0.170999	0.39083
STONK	5	19	8	14.0999	0.386571	0.534162
STONN	5	44	9	30.9497	0.204719	0.291046
STONNE	6	30	10	19.0588	0.31771	0.505349
STONNES	7	16	3	5.78876	0.181122	0.477123
STONNS	6	14	2	9.39188	0.149894	0.225006
STONY	5	23	0	17	0.0282907	0.0304781
STOOD	5	35	6	25.303	0.174766	0.241285
STOODEN	7	11	1	4.79242	0.105429	0.238992
STOOL	5	34	17	24.4168	0.471614	0.666448
STOOP	5	29	14	21.3592	0.45195	0.62518
STOOPE	6	14	4	8.09547	0.264969	0.458508
STOOPS	6	10	4	6.78897	0.344183	0.528918
STOOR	5	69	8	50.358	0.120501	0.16396
STOORS	6	21	4	12.4575	0.188891	0.317427
STOP	4	108	29	82.2632	0.267162	0.351225
STOPE	5	48	18	32.3312	0.363131	0.541788
STOPED	6	11	2	5.79528	0.181165	0.332702
STOPER	6	20	6	11.0902	0.282513	0.507449
STOPES	6	18	6	10.1908	0.308941	0.545771
STOPS	5	28	5	20.5554	0.181825	0.247749
STOPT	5	13	0	6.98576	0.0452874	0.0646018
STORE	5	241	102	168.859	0.420012	0.600511
STORED	6	81	28	54.8691	0.339004	0.50364
STORER	6	45	16	30.0012	0.343224	0.520174
STORERS	7	14	6	8.9197	0.373711	0.620161
STORES	6	88	38	57.287	0.422468	0.652477
STOREY	6	16	1	10.3793	0.0828249	0.123986
STORGE	6	16	0	9.2101	0.0312252	0.0457509
STORIED	7	22	3	10.5097	0.138435	0.291272
STORIES	7	26	6	10.7918	0.221477	0.526546
STORING	7	12	4	7.61831	0.29268	0.490893
STORK	5	17	6	12.053	0.327144	0.469454
STORM	5	46	8	34.0063	0.176329	0.238505
STORMS	6	10	3	7.45543	0.269444	0.381497
STORY	5	40	4	29.8245	0.10892	0.144033
STOT	4	131	28	102.031	0.214543	0.275474
STOTIN	6	21	0	11.1899	0.0248213	0.0387341
STOTS	5	26	7	19.1812	0.261557	0.358462
STOUN	5	47	13	33.4747	0.271574	0.383194
STOUNS	6	13	5	7.39835	0.342196	0.603247
STOUP	5	26	2	17.9987	0.0928933	0.129167
STOUR	5	50	17	38.0826	0.330951	0.438993
STOURE	6	22	9	13.333	0.378454	0.631146
STOURES	7	12	4	5.31441	0.29268	0.654223
STOURS	6	14	6	8.40607	0.380044	0.641973
STOUT	5	30	8	21.6324	0.260183	0.363606
STOUTH	6	10	0	5.06042	0.0452275	0.073755
STOVE	5	16	5	12.176	0.292893	0.394622
STOVER	6	12	2	7.7565	0.169386	0.26384
STOW	4	63	23	51.4909	0.356007	0.439748
STOWER	6	13	6	10.0092	0.403246	0.55422
STOWN	5	18	0	13.8694	0.0348259	0.0365064
STOWS	5	14	6	10.2869	0.382766	0.537164
STRAD	5	94	10	66.4186	0.110132	0.154698
STRADS	6	17	0	9.19183	0.029693	0.0458275
STRAE	5	244	0	170.751	0.00304386	0.00334564
STRAES	6	66	0	40.6038	0.00872214	0.0118144
STRAFE	6	14	0	7.00953	0.0348184	0.0572853
STRAG	5	64	4	43.0066	0.0702759	0.101808
STRAGS	6	12	1	7.79167	0.104366	0.157719
STRAIK	6	14	0	8.99456	0.0348184	0.0466714
STRAIN	6	83	28	48.5725	0.331155	0.566697
STRAINED	8	13	4	8.32995	0.274897	0.455748
STRAINER	8	14	5	9.36409	0.316431	0.503924
STRAINS	7	26	8	10.7787	0.28937	0.68854
STRAINT	7	22	1	7.61273	0.0598751	0.165909
STRAIT	6	46	7	24.6301	0.154013	0.28464
STRAITEN	8	16	2	5.11693	0.12973	0.376118
STRAITS	7	13	2	4.25042	0.153377	0.43173
STRAK	5	24	2	16.6073	0.0996138	0.138847
STRAMP	6	15	1	9.10064	0.0873312	0.138638
STRAND	6	42	6	27.1327	0.145552	0.225291
STRANDS	7	12	3	5.55925	0.22799	0.492396
STRANG	6	31	5	17.6198	0.163035	0.284404
STRANGE	7	14	2	7.64426	0.144592	0.273401
STRAP	5	78	12	52.7515	0.156211	0.229899
STRAPS	6	20	6	13.2821	0.282513	0.433302
STRATA	6	23	0	13.9132	0.0229395	0.0319864
STRATH	6	27	0	15.8927	0.0199191	0.0283912
STRATHS	7	10	0	4.23649	0.0389586	0.0906755
STRATI	6	41	0	22.2642	0.0136355	0.0208486
STRAW	5	51	13	35.161	0.251695	0.365786
STRAWEN	7	14	0	5.03494	0.0300325	0.0797802
STRAWN	6	16	0	9.00876	0.0312252	0.0466096
STRAWS	6	21	6	12.2233	0.270925	0.466208
STRAY	5	52	11	38.6093	0.211229	0.285394
STREAK	6	15	2	11.0706	0.141738	0.195473
STREAM	6	49	10	32.8763	0.202466	0.30351
STREEL	6	41	0	26.8644	0.0136355	0.0174933
STREET	6	39	5	26.5007	0.132259	0.1949
STREETS	7	11	2	4.6586	0.174594	0.403618
STRENE	6	61	0	39.9736	0.00939954	0.0119929
STRENES	7	21	0	9.76576	0.0214371	0.0466022
STREP	5	97	7	68.1591	0.0770413	0.108073
STREPS	6	24	2	15.9471	0.0951478	0.141515
STREW	5	63	8	46.6434	0.13135	0.176491
STREWN	6	23	3	13.882	0.136662	0.224345
STREWS	6	16	1	9.6662	0.0828249	0.131751
STRIA	5	161	1	109.743	0.010652	0.0141253
STRIAE	6	78	0	45.8013	0.00743601	0.0105222
STRIATE	7	18	0	7.30463	0.0244341	0.059468
STRICH	6	13	0	7.06525	0.0369441	0.0569219
STRICT	6	11	0	4.50545	0.0420824	0.080331
STRIDE	6	68	9	44.0745	0.134564	0.207453
STRIDER	7	20	2	11.1184	0.107609	0.198778
STRIDES	7	16	3	7.21699	0.181122	0.399923
STRIFE	6	18	0	9.97939	0.0283042	0.0427423
STRIG	5	52	0	32.2798	0.0135466	0.0168765
STRIKE	6	10	5	7.16403	0.418921	0.61916
STRIM	5	51	3	34.1406	0.0686946	0.0991107
STRINE	6	105	32	61.7869	0.300841	0.511764
STRINES	7	33	10	14.394	0.288668	0.657968
STRING	6	33	10	21.2006	0.291511	0.458124
STRINGS	7	10	4	5.61575	0.336175	0.626939
STRIP	5	55	9	35.0128	0.16632	0.25906
STRIPE	6	23	3	13.5696	0.136662	0.22893
STRIPS	6	14	3	6.73292	0.207431	0.414109
STROBE	6	14	1	7.15611	0.092356	0.169014
STRODE	6	50	5	32.2721	0.105005	0.161808
STRODLE	7	10	0	4.10077	0.0389586	0.0928305
STROKE	6	11	2	8.09018	0.181165	0.254865
STROLL	6	15	1	7.76198	0.0873312	0.158213
STROND	6	34	0	20.9111	0.0161889	0.0220952
STRONG	6	20	5	12.5004	0.239742	0.386797
STROP	5	60	8	43.1097	0.137542	0.19033
STROPS	6	14	2	9.89155	0.149894	0.215323
STROUT	6	17	1	8.49901	0.0787609	0.146801
STROW	5	40	5	29.8171	0.131833	0.175537
STROWN	6	13	0	7.90859	0.0369441	0.0519358
STROWS	6	10	3	5.66725	0.269444	0.473856
STROY	5	36	3	26.2198	0.0946859	0.12697
STRUM	5	25	2	18.0968	0.0961362	0.128535
STRUT	5	35	1	25.0222	0.0453826	0.0584795
STUB	4	35	2	27.5234	0.0787116	0.0950473
STUD	4	83	5	65.6916	0.0698471	0.0858844
STUDE	5	45	0	31.8406	0.015496	0.0170958
STUDS	5	19	1	13.5975	0.0774483	0.101428
STULL	5	15	1	9.61534	0.0940639	0.136325
STUM	4	60	4	47.6893	0.0792088	0.0966961
STUMER	6	14	0	7.75458	0.0348184	0.0527801
STUMP	5	16	1	12.0327	0.0892757	0.112771
STUMS	5	14	1	9.66004	0.0993949	0.135801
STUN	4	119	23	92.6843	0.194949	0.250079
STUNG	5	18	3	12.0021	0.173428	0.256278
STUNS	5	30	6	22.3118	0.200739	0.271022
STUNT	5	27	5	18.5767	0.187758	0.271621
STUPA	5	15	0	10.8475	0.0404295	0.045121
STUPE	5	23	3	17.2351	0.140883	0.186405
STUPOR	6	10	1	6.9347	0.119966	0.173338
STURE	5	82	13	56.3112	0.160591	0.233016
STURT	5	29	2	20.3983	0.0843565	0.115303
STY	3	191	13	150.334	0.0728059	0.0911684
STYE	4	75	12	58.6781	0.164588	0.209498
STYED	5	22	1	16.4753	0.0683882	0.0855933
STYES	5	21	8	16.6189	0.355199	0.461731
STYLE	5	24	0	16.7268	0.0272673	0.0309238
STYLER	6	12	0	7.53255	0.0393462	0.0540468
STYLES	6	10	0	5.47343	0.0452275	0.0695198
STYLI	5	20	0	14.5109	0.0318801	0.0350843
STYLIE	6	11	0	6.12232	0.0420824	0.0637669
STYLO	5	18	0	12.2269	0.0348259	0.0407333
STYME	5	10	0	7.76815	0.0552445	0.0594054
STYRE	5	42	1	30.5226	0.0384228	0.0485765
STYRED	6	10	0	6.56039	0.0452275	0.0603929
STYRES	6	16	1	10.6615	0.0828249	0.121159
STYTE	5	19	0	14.2955	0.033288	0.0355494
SUB	3	73	11	57.927	0.158322	0.197583
SUBA	4	31	0	23.5292	0.0316185	0.0335581
SUBAS	5	11	0	7.33088	0.0514722	0.0622018
SUBER	5	18	0	12.1952	0.0348259	0.0408244
SUBS	4	16	2	12.4313	0.150669	0.189085
SUCH	4	23	4	18.7941	0.184693	0.22595
SUD	3	156	25	119.22	0.16369	0.213113
SUDS	4	24	4	17.4128	0.178277	0.241373
SUDSER	6	10	0	7.41054	0.0452275	0.0547691
SUE	3	284	39	226.518	0.139556	0.174388
SUED	4	97	7	73.6051	0.0798894	0.10316
SUEDE	5	29	0	21.5956	0.0230909	0.0245316
SUENT	5	54	0	40.4493	0.0130766	0.0136253
SUER	4	160	16	122.893	0.103963	0.134306
SUERS	5	39	3	28.3126	0.0880249	0.118192
SUES	4	90	16	71.8754	0.180743	0.226034
SUET	4	144	3	109.464	0.027768	0.0345929
SUETE	5	39	0	26.1211	0.0176762	0.0205779
SUETES	6	15	0	10.3212	0.032924	0.0415289
SUETS	5	48	0	34.1379	0.0145958	0.0160077
SUETY	5	10	0	6.8448	0.0552445	0.0656362
SUG	3	60	9	47.3165	0.159231	0.199521
SUGAR	5	14	1	8.51561	0.0993949	0.150639
SUGH	4	17	0	13.7806	0.0519394	0.0532616
SUGO	4	16	2	12.3285	0.150669	0.190368
SUI	3	203	21	160.081	0.10722	0.134923
SUID	4	55	1	41.6986	0.0356523	0.042324
SUIDS	5	12	0	8.08149	0.0481822	0.0575515
SUING	5	25	4	16.8318	0.165957	0.243625
SUINT	5	41	0	29.6666	0.0168843	0.0182709
SUINTS	6	10	0	5.97606	0.0452275	0.0649789
SUIT	4	90	7	74.6271	0.0857894	0.101799
SUITE	5	47	3	35.2026	0.0741202	0.0962783
SUITED	6	15	0	11.509	0.032924	0.0377998
SUITER	6	18	1	12.6153	0.075077	0.104645
SUITES	6	18	1	11.9932	0.075077	0.109393
SUITOR	6	11	0	5.14168	0.0420824	0.0728814
SUITS	5	23	3	16.3028	0.140883	0.195922
SUK	3	17	6	12.8338	0.341774	0.453446
SULTAN	6	20	0	10.8781	0.0258829	0.039693
SULU	4	18	0	13.622	0.0496597	0.0537752
SUM	3	102	25	82.1899	0.247021	0.306355
SUMI	4	28	2	22.2415	0.0955182	0.115077
SUMO	4	30	0	23.7594	0.0325275	0.0332675
SUMP	4	14	4	10.8548	0.273188	0.357104
SUMS	4	22	7	17.8551	0.303598	0.381291
SUN	3	248	94	193.099	0.377677	0.485457
SUNDER	6	20	7	12.9935	0.325285	0.509771
SUNG	4	35	9	26.3888	0.254664	0.33837
SUNI	4	110	5	85.5985	0.0534173	0.0665487
SUNIS	5	35	4	24.8703	0.123013	0.17063
SUNLIT	6	14	0	7.87527	0.0348184	0.0521161
SUNN	4	30	9	23.938	0.291271	0.369358
SUNNA	5	13	0	9.63706	0.0452874	0.0498309
SUNNS	5	12	1	9.87981	0.112101	0.13328
SUNS	4	42	5	33.8434	0.131059	0.160483
SUNTAN	6	10	0	6.50539	0.0452275	0.0607968
SUP	3	103	8	80.7385	0.0859456	0.107337
SUPE	4	45	3	34.228	0.0829878	0.104838
SUPER	5	24	2	17.2629	0.0996138	0.134111
SUPES	5	11	1	8.46352	0.119756	0.151391
SUPRA	5	13	0	9.70414	0.0452874	0.0495443
SUPS	4	22	1	16.6381	0.0795796	0.0968262
SUQ	3	11	0	8.94481	0.0797757	0.0815352
SUR	3	269	107	213.373	0.396239	0.500087
SURA	4	115	10	89.9216	0.0929295	0.117358
SURAHS	6	12	0	7.41806	0.0393462	0.054724
SURAL	5	39	3	25.3741	0.0880249	0.130899
SURAS	5	32	4	22.3983	0.133366	0.187948
SURAT	5	53	1	35.462	0.0309613	0.0421645
SURATS	6	21	0	11.3716	0.0248213	0.0381965
SURD	4	53	4	40.8653	0.0888043	0.1118
SURE	4	176	75	136.039	0.421119	0.546473
SURED	5	58	15	39.8508	0.255558	0.372591
SURER	5	33	9	22.8355	0.266172	0.386294
SURES	5	68	28	49.8572	0.401339	0.551527
SUREST	6	33	12	21.8005	0.346486	0.531474
SURF	4	32	4	25.8633	0.139503	0.170268
SURGE	5	14	2	8.88589	0.156069	0.237708
SURRA	5	18	1	12.8503	0.0810265	0.106545
SUS	3	72	15	58.7487	0.212984	0.260295
SUSED	5	24	0	18.3359	0.0272673	0.0284719
SUSHI	5	14	0	10.3266	0.0427208	0.047034
SUSU	4	11	0	9.22453	0.0716838	0.073404
SUTLER	6	14	0	6.18462	0.0348184	0.0632642
SUTOR	5	53	1	36.2674	0.0309613	0.0412762
SUTORS	6	14	1	7.38803	0.092356	0.16471
SUTRA	5	62	0	43.8153	0.011483	0.0126234
SUTRAS	6	14	0	9.48241	0.0348184	0.0446387
SUTTA	5	20	0	14.2786	0.0318801	0.0355863
SWAB	4	13	0	9.74206	0.063622	0.0703806
SWAD	4	34	9	27.4723	0.26123	0.326268
SWADS	5	11	3	8.18845	0.256324	0.352597
SWAG	4	15	0	11.4026	0.0571901	0.0621649
SWAIL	5	21	4	14.43	0.192893	0.27933
SWAIN	5	29	4	20.9187	0.145622	0.200103
SWALE	5	35	10	25.149	0.278273	0.390215
SWALED	6	13	5	8.06151	0.342196	0.562344
SWALES	6	11	1	8.01361	0.111624	0.154123
SWALY	5	10	0	7.68272	0.0552445	0.0599318
SWAM	4	21	1	16.8644	0.0826661	0.0957132
SWAN	4	57	16	46.6149	0.277282	0.341527
SWANG	5	13	4	8.93847	0.285604	0.420096
SWANS	5	19	2	14.0339	0.121609	0.16119
SWAP	4	19	7	16.0969	0.341893	0.416727
SWARD	5	25	4	17.8389	0.165957	0.231232
SWARE	5	51	17	36.006	0.324895	0.463006
SWARF	5	12	1	8.36433	0.112101	0.152846
SWARM	5	10	1	6.96584	0.128533	0.176798
SWART	5	41	4	29.0802	0.106481	0.147487
SWARTH	6	15	0	10.0562	0.032924	0.0424635
SWAT	4	66	23	52.8913	0.340919	0.428695
SWATH	5	23	4	17.1812	0.178414	0.239178
SWATHE	6	10	3	7.09069	0.269444	0.397292
SWATS	5	19	5	14.138	0.25409	0.346521
SWAY	4	12	1	10.3226	0.126995	0.143344
SWEAL	5	24	11	17.3442	0.425173	0.599799
SWEAR	5	27	6	18.2963	0.22039	0.324751
SWEAT	5	29	8	21.2408	0.268153	0.369743
SWEDE	5	20	0	15.5173	0.0318801	0.0330639
SWEE	4	35	19	27.0865	0.506024	0.664821
SWEED	5	16	3	12.2255	0.191084	0.252242
SWEEL	5	15	6	10.6777	0.362236	0.520551
SWEER	5	25	13	19.0385	0.480151	0.646652
SWEERT	6	11	0	8.3535	0.0420824	0.0496417
SWEES	5	17	4	13.239	0.230267	0.301219
SWEET	5	18	6	13.479	0.31203	0.426091
SWEIR	5	31	0	21.05	0.0217579	0.0251133
SWEIRS	6	13	0	7.39679	0.0369441	0.0548517
SWEIRT	6	19	0	10.8862	0.0270395	0.0396675
SWELL	5	13	3	9.27646	0.225525	0.318451
SWELT	5	20	0	14.5815	0.0318801	0.0349347
SWEY	4	12	0	8.96649	0.0674127	0.0750107
SWIES	5	16	0	11.9358	0.0383715	0.0415867
SWIG	4	18	1	13.3356	0.0935511	0.116616
SWILE	5	15	2	9.56429	0.147698	0.223713
SWIM	4	14	4	11.7857	0.273188	0.334347
SWINE	5	24	8	17.0575	0.316653	0.451083
SWINES	6	14	6	7.33659	0.380044	0.71779
SWING	5	18	8	11.4186	0.404431	0.641227
SWIRE	5	30	3	20.0637	0.111572	0.162464
SWIRES	6	11	1	7.07396	0.111624	0.170593
SWIRL	5	10	0	5.89878	0.0552445	0.0735387
SWITH	5	20	2	13.5896	0.116466	0.165795
SWITHE	6	10	2	6.23508	0.194705	0.314306
SWITS	5	16	2	10.5306	0.14018	0.206404
SWOLE	5	20	4	13.9267	0.201051	0.288179
SWOLN	5	10	0	6.482	0.0552445	0.0684574
SWOON	5	12	3	9.18256	0.23994	0.321135
SWOP	4	12	1	9.02049	0.126995	0.159105
SWORD	5	15	0	10.4522	0.0404295	0.0465582
SWORE	5	26	4	19.0772	0.160359	0.21762
SWORN	5	19	2	13.0069	0.121609	0.172251
SWOT	4	47	4	36.5258	0.0990938	0.124129
SWOTS	5	14	1	10.2869	0.0993949	0.128849
SWY	3	29	1	22.0485	0.0665942	0.0787424
SYBO	4	10	0	7.19091	0.0765327	0.0883112
SYCE	4	27	0	20.9342	0.0355977	0.0372236
SYE	3	162	16	122.315	0.103584	0.135689
SYED	4	60	2	45.9684	0.0483367	0.0591156
SYEN	4	77	0	58.2557	0.0138343	0.0144785
SYENS	5	32	0	23.1533	0.0211475	0.0230099
SYES	4	52	8	40.9289	0.160811	0.203062
SYLI	4	39	0	30.4542	0.0258413	0.0265746
SYLIS	5	13	0	8.81485	0.0452874	0.0536339
SYMAR	5	11	0	7.96	0.0514722	0.0582564
SYN	3	114	0	87.9033	0.0101846	0.01028
SYNC	4	20	0	15.793	0.0456522	0.0475038
SYND	4	30	0	23.3087	0.0325275	0.0338413
SYNE	4	68	0	52.1143	0.015545	0.016097
SYNED	5	24	0	17.1793	0.0272673	0.0301926
SYNES	5	33	0	25.3041	0.0205704	0.0211946
SYPE	4	25	0	19.369	0.0379882	0.039849
SYPH	4	12	0	9.00765	0.0674127	0.0747497
SYRAH	5	13	0	8.26499	0.0452874	0.0565185
TAAL	4	70	2	54.6515	0.0418732	0.0501846
TAALS	5	26	2	19.6723	0.0928933	0.119173
TAB	3	198	67	152.577	0.337513	0.438182
TABER	5	51	9	36.4988	0.178495	0.24905
TABERS	6	22	6	14.3951	0.260251	0.403375
TABES	5	49	9	36.6536	0.185276	0.248052
TABI	4	62	2	46.937	0.0468891	0.0579649
TABID	5	22	0	15.377	0.0293938	0.0333316
TABIS	5	30	0	20.2474	0.0224046	0.026021
TABLA	5	18	1	12.1588	0.0810265	0.111764
TABLE	5	38	17	27.8855	0.426316	0.588987
TABLED	6	10	5	7.83255	0.418921	0.575824
TABLES	6	20	12	11.3744	0.539143	0.954684
TABLET	6	12	3	7.02136	0.234405	0.400443
TABOO	5	14	0	11.3794	0.0427208	0.0433216
TABOR	5	34	2	22.8074	0.0731522	0.104087
TABORS	6	16	2	9.35183	0.134425	0.22582
TABRETS	7	11	0	3.91896	0.036264	0.0958831
TABS	4	67	18	51.5737	0.266516	0.347161
TABU	4	33	0	24.4116	0.0299448	0.0324708
TABUS	5	18	0	11.8968	0.0348259	0.0417038
TACANS	6	15	0	7.90118	0.032924	0.0519758
TACE	4	177	41	133.609	0.231767	0.306998
TACES	5	94	18	69.4975	0.192062	0.259989
TACET	5	53	1	36.7114	0.0309613	0.0408023
TACH	4	105	38	81.7234	0.356442	0.459918
TACHE	5	41	15	29.7376	0.35287	0.491472
TACHES	6	23	11	13.1462	0.439923	0.773622
TACHO	5	21	1	15.1455	0.0711632	0.0922483
TACHS	5	36	9	26.1474	0.24603	0.340775
TACIT	5	42	3	27.8781	0.0822394	0.119914
TACK	4	19	11	15.0405	0.510077	0.665295
TACKS	5	10	5	7.78468	0.421686	0.572478
TACO	4	132	11	98.6151	0.0886907	0.117159
TACOS	5	59	9	41.3357	0.1557	0.221226
TACRINE	7	10	0	2.65461	0.0389586	0.124309
TACT	4	84	17	63.3449	0.204221	0.270288
TACTS	5	37	7	26.6798	0.19077	0.264603
TAD	3	442	186	336.939	0.419667	0.550786
TADS	4	166	54	123.847	0.322815	0.433288
TAE	3	949	185	725.46	0.19537	0.25543
TAED	4	311	17	220.496	0.0574173	0.0800844
TAEING	6	39	0	24.7882	0.014279	0.0188634
TAEL	4	328	5	239.455	0.0184247	0.0242875
TAELS	5	144	3	105.425	0.0254245	0.0333182
TAENIAE	7	11	0	5.78715	0.036264	0.0716674
TAENITES	8	10	0	5.16518	0.0389586	0.0782465
TAES	4	558	104	412.281	0.186806	0.25267
TAFIA	5	12	0	9.41503	0.0481822	0.0508037
TAG	3	254	91	199.902	0.357272	0.45431
TAGINE	6	25	0	13.6775	0.0213229	0.0324761
TAGS	4	94	42	71.742	0.436626	0.575128
TAHA	4	63	0	50.2384	0.0166917	0.0166661
TAHAS	5	33	0	24.9726	0.0205704	0.0214556
TAHINA	6	11	0	5.67354	0.0420824	0.067638
TAHINI	6	13	0	7.51839	0.0369441	0.0541296
TAHR	4	136	1	104.047	0.0151397	0.017632
TAHSIL	6	16	0	10.2093	0.0312252	0.0419185
TAI	3	756	399	586.449	0.526531	0.679117
TAIL	4	255	127	187.104	0.493224	0.673334
TAILED	6	54	30	35.5562	0.533377	0.818239
TAILER	6	63	31	41.8893	0.476125	0.722339
TAILERS	7	19	11	10.9795	0.513145	0.91585
TAILLE	6	24	0	15.8335	0.0221016	0.0284869
TAILLES	7	12	0	8.72762	0.0339181	0.0512821
TAILOR	6	36	2	21.3737	0.066154	0.10826
TAILORS	7	14	0	5.89926	0.0300325	0.0705974
TAILS	5	97	54	66.7363	0.54403	0.794496
TAILYE	6	10	0	5.37697	0.0452275	0.0704648
TAIN	4	391	218	285.272	0.553665	0.759764
TAINS	5	169	94	111.81	0.548837	0.83132
TAINT	5	99	12	65.1485	0.124252	0.187429
TAINTED	7	17	2	7.94357	0.123389	0.264836
TAINTS	6	40	7	22.0643	0.175315	0.315348
TAIRA	5	79	0	52.7522	0.00912093	0.0105614
TAIRAS	6	32	0	17.9855	0.0171041	0.0253757
TAIS	4	362	64	268.089	0.177575	0.239503
TAISCH	6	11	0	5.46445	0.0420824	0.0696067
TAISH	5	60	0	39.1021	0.0118438	0.0140724
TAIT	4	192	42	141.545	0.219182	0.29705
TAITS	5	106	24	73.5225	0.225764	0.325616
TAIVER	6	21	0	11.8538	0.0248213	0.0368396
TAK	3	70	37	55.2837	0.515735	0.657001
TAKE	4	33	24	23.4904	0.665143	0.945698
TAKEN	5	12	6	8.2277	0.431698	0.645751
TAKER	5	22	13	15.7162	0.53632	0.768202
TAKES	5	15	11	11.5523	0.630408	0.856924
TAKI	4	26	8	19.6028	0.296634	0.396169
TAKIN	5	13	1	9.90837	0.105366	0.132959
TAKIS	5	11	6	7.84874	0.461176	0.670703
TAKS	4	30	11	22.9317	0.348769	0.461446
TALA	4	122	10	90.4078	0.0877987	0.116746
TALANT	6	14	1	7.05939	0.092356	0.170876
TALAR	5	54	0	37.0617	0.0130766	0.0148083
TALARS	6	25	0	15.4341	0.0213229	0.0291502
TALAS	5	61	8	41.2531	0.135414	0.198507
TALC	4	108	0	79.7057	0.0100318	0.0107154
TALCED	6	12	0	6.99606	0.0393462	0.0573738
TALCS	5	34	0	21.9201	0.020024	0.0241983
TALE	4	355	207	256.86	0.578491	0.800533
TALEA	5	91	0	60.8072	0.00796449	0.00920602
TALEAE	6	15	0	8.26122	0.032924	0.0501008
TALENT	6	30	1	14.934	0.048087	0.090075
TALENTS	7	10	0	4.17155	0.0389586	0.091694
TALER	5	176	97	118.941	0.544151	0.807098
TALERS	6	76	43	51.051	0.549322	0.824332
TALES	5	195	121	138.981	0.612922	0.862625
TALI	4	279	31	202.112	0.113225	0.155583
TALION	6	25	2	13.7764	0.0917952	0.161339
TALIONS	7	13	2	4.23368	0.153377	0.432966
TALK	4	25	5	18.683	0.205866	0.273616
TALL	4	84	59	62.4209	0.677282	0.917856
TALLER	6	24	18	17.8284	0.679517	0.946417
TALLEST	7	11	2	7.66647	0.174594	0.272746
TALLET	6	18	14	11.5562	0.683124	1
TALLIED	7	11	7	7.59107	0.520418	0.818394
TALLIER	7	13	10	9.3524	0.639457	0.960565
TALLIS	6	18	0	10.0175	0.0283042	0.0426035
TALLIT	6	17	0	9.37887	0.029693	0.0450552
TALLOT	6	10	1	6.11575	0.119966	0.191457
TALLS	5	28	15	20.7836	0.497833	0.684973
TALLY	5	21	12	15.6803	0.517506	0.713071
TALMA	5	19	0	13.3417	0.033288	0.0377654
TALON	5	69	6	43.3607	0.0929702	0.145144
TALONED	7	13	0	4.46564	0.0318572	0.0872556
TALONS	6	27	4	12.0573	0.151585	0.32665
TALPAS	6	10	0	6.48177	0.0452275	0.0609719
TALUS	5	46	2	32.3355	0.0554701	0.0751682
TAM	3	352	161	275.041	0.45553	0.583553
TAMAL	5	21	0	14.8133	0.0305865	0.0344519
TAMARI	6	10	0	5.11167	0.0452275	0.0732016
TAME	4	181	107	133.843	0.582029	0.789402
TAMED	5	67	34	49.5714	0.491952	0.671023
TAMEIN	6	37	0	20.6436	0.0149862	0.0223595
TAMEINS	7	15	0	3.72823	0.0284054	0.0993088
TAMER	5	96	57	68.4016	0.579597	0.818329
TAMERS	6	42	22	27.1683	0.498131	0.778889
TAMES	5	92	54	68.4644	0.572471	0.774999
TAMEST	6	23	0	14.0863	0.0229395	0.031636
TAMIN	5	79	9	52.5597	0.118021	0.175681
TAMINE	6	34	5	18.1748	0.149951	0.276469
TAMINES	7	19	5	7.12107	0.245982	0.633383
TAMING	6	17	5	9.64057	0.275032	0.484175
TAMINGS	7	10	3	7.76039	0.261871	0.376731
TAMINS	6	34	1	17.8426	0.0429413	0.0766818
TAMIS	5	71	0	46.9962	0.0100985	0.0118032
TAMISE	6	36	0	18.8243	0.0153668	0.0243396
TAMISES	7	11	0	3.42343	0.036264	0.105322
TAMP	4	48	12	36.6502	0.248779	0.326408
TAMPER	6	17	6	11.2607	0.3241	0.500784
TAMPERS	7	11	5	6.33767	0.382089	0.695815
TAMPS	5	17	7	11.9159	0.375582	0.546169
TAMS	4	128	38	96.4552	0.294701	0.391671
TAN	3	746	408	579.042	0.54555	0.703245
TANA	4	151	7	112.723	0.0521969	0.0682357
TANAS	5	79	3	52.4547	0.0454209	0.0657527
TANDEM	6	18	1	12.1976	0.075077	0.107786
TANE	4	435	139	318.097	0.318637	0.435885
TANG	4	141	81	104.02	0.563379	0.7664
TANGA	5	28	7	18.756	0.245026	0.36582
TANGAS	6	11	5	7.01074	0.389789	0.630032
TANGED	6	11	4	6.73724	0.320248	0.532154
TANGI	5	64	13	35.8239	0.203324	0.359367
TANGIE	6	25	8	16.4741	0.303212	0.46721
TANGIER	7	12	4	8.31654	0.29268	0.456364
TANGIES	7	12	5	8.44152	0.357371	0.550177
TANGIS	6	28	5	16.769	0.178622	0.297491
TANGLE	6	19	5	11.5777	0.250454	0.413639
TANGLES	7	10	3	5.59966	0.261871	0.489637
TANGO	5	49	9	30.3982	0.185276	0.296006
TANGOS	6	23	6	12.8332	0.250385	0.44667
TANGS	5	53	30	35.1281	0.542924	0.824495
TANGY	5	12	1	7.69708	0.112101	0.163408
TANH	4	174	2	135.794	0.0175152	0.0208079
TANHS	5	57	1	42.2908	0.0289192	0.0356575
TANIST	6	56	0	28.6412	0.010191	0.0164695
TANK	4	32	19	24.3378	0.547295	0.732101
TANKER	6	10	6	7.97618	0.49366	0.670438
TANNA	5	31	1	21.2849	0.0506223	0.0678824
TANNAS	6	16	1	10.368	0.0828249	0.124102
TANNED	6	16	6	10.9205	0.340824	0.514264
TANNER	6	34	21	23.3632	0.577988	0.857184
TANNERS	7	17	9	9.70696	0.46555	0.842107
TANNEST	7	11	0	3.70462	0.036264	0.09975
TANNIC	6	12	1	7.35816	0.104366	0.165252
TANNIE	6	32	13	22.2902	0.384544	0.562285
TANNIES	7	19	7	10.3914	0.335036	0.627438
TANREC	6	31	0	17.1843	0.0176016	0.0264513
TANS	4	337	115	251.847	0.339781	0.455037
TANTI	5	93	1	59.0593	0.0181468	0.0258584
TANTIES	7	18	1	8.10104	0.0710364	0.157566
TANTO	5	67	1	46.4009	0.0248256	0.0326269
TANTOS	6	31	1	16.572	0.0466883	0.0820082
TANTRAS	7	12	0	2.74033	0.0339181	0.12186
TANTY	5	22	1	13.3638	0.0683882	0.102975
TAO	3	603	29	463.94	0.049751	0.0641716
TAOS	4	276	16	208.616	0.0610129	0.0798546
TAP	3	281	124	214.536	0.439193	0.575754
TAPA	4	41	3	31.8749	0.0902382	0.111948
TAPAS	5	24	2	17.0472	0.0996138	0.135633
TAPE	4	126	76	94.6791	0.589764	0.788542
TAPED	5	33	18	23.7786	0.511773	0.721826
TAPEN	5	38	0	25.3533	0.0181007	0.0211565
TAPER	5	79	44	55.8987	0.54152	0.770478
TAPERS	6	44	23	30.7078	0.49821	0.724709
TAPES	5	73	46	53.8503	0.610007	0.834594
TAPET	5	32	0	21.8804	0.0211475	0.0242386
TAPETS	6	12	0	6.70235	0.0393462	0.0593749
TAPING	6	11	6	6.88472	0.45933	0.755489
TAPIR	5	38	2	24.4645	0.0661259	0.0975594
TAPIRS	6	17	1	10.1189	0.0787609	0.126713
TAPIS	5	40	0	26.8656	0.0172712	0.0200464
TAPIST	6	15	0	9.46482	0.032924	0.0447089
TAPS	4	125	46	95.6753	0.363154	0.475992
TAPSTER	7	13	0	6.18343	0.0318572	0.0680233
TAPU	4	42	1	30.4008	0.0455592	0.0567163
TAPUS	5	14	0	10.164	0.0427208	0.047665
TAR	3	929	601	712.597	0.645396	0.841807
TARA	4	193	19	146.042	0.101785	0.133573
TARAS	5	91	14	62.449	0.155886	0.226337
TARCEL	6	16	0	8.64233	0.0312252	0.0482579
TARDIER	7	13	1	4.24787	0.0926172	0.261208
TARDIES	7	31	7	11.8651	0.218361	0.558817
TARDO	5	67	1	44.7846	0.0248256	0.0337551
TARDY	5	12	1	7.7666	0.112101	0.16224
TARE	4	642	352	467.259	0.545981	0.750687
TARED	5	214	82	149.602	0.380224	0.544852
TARES	5	359	218	255.946	0.603218	0.847514
TARGA	5	21	0	14.1054	0.0305865	0.0359699
TARGAS	6	10	0	5.91988	0.0452275	0.0654567
TARGE	5	70	14	46.1601	0.200337	0.302955
TARGED	6	20	7	13.8995	0.325285	0.480202
TARGES	6	35	4	22.0292	0.119988	0.189489
TARGET	6	25	2	16.7088	0.0917952	0.135666
TARGETS	7	16	1	5.73569	0.0783378	0.208303
TARING	6	57	35	34.1693	0.589685	0.989182
TARINGS	7	22	13	16.8078	0.531236	0.734619
TARN	4	294	82	217.651	0.278233	0.375937
TARNS	5	118	32	79.4179	0.269258	0.400334
TARO	4	394	52	289.24	0.133234	0.181072
TAROC	5	85	0	57.5816	0.00850357	0.00970476
TAROK	5	18	0	13.1389	0.0348259	0.0382728
TAROS	5	169	26	114.255	0.154964	0.228698
TAROT	5	103	6	67.8408	0.0633299	0.0942389
TAROTS	6	49	5	29.5206	0.107009	0.176059
TARP	4	140	21	99.4454	0.152859	0.213989
TARPON	6	14	0	6.85788	0.0348184	0.0582982
TARPS	5	57	12	38.9351	0.210303	0.307573
TARRAS	6	12	1	7.57684	0.104366	0.161364
TARRE	5	89	33	60.8426	0.364336	0.534669
TARRED	6	19	10	13.7241	0.473868	0.679916
TARRES	6	53	22	35.3373	0.400943	0.607185
TARRIES	7	19	11	11.829	0.513145	0.857961
TARRING	7	11	8	8.86492	0.589583	0.814335
TARRY	5	21	3	13.5711	0.152316	0.230385
TARS	4	434	147	324.435	0.337596	0.451889
TARSAL	6	29	0	19.6381	0.0186888	0.0234122
TARSEL	6	54	0	33.4857	0.0105462	0.0142031
TARSELS	7	11	0	4.07091	0.036264	0.0933184
TARSI	5	173	1	115.888	0.00992839	0.0133888
TARSIER	7	20	0	8.28445	0.0223509	0.0535791
TART	4	246	107	180.31	0.431174	0.589105
TARTAN	6	22	4	11.4187	0.181448	0.342527
TARTANE	7	14	0	6.60438	0.0300325	0.0645374
TARTED	6	32	9	23.5307	0.271486	0.376243
TARTER	6	44	11	30.6246	0.244938	0.355557
TARTIER	7	26	4	12.221	0.153584	0.327534
TARTINE	7	34	7	18.1256	0.200872	0.38155
TARTINES	8	15	3	8.90604	0.190935	0.335689
TARTING	7	19	8	15.0699	0.379563	0.5114
TARTISH	7	13	0	5.46617	0.0318572	0.0749183
TARTS	5	129	61	88.5462	0.465558	0.680382
TARTY	5	23	3	15.7038	0.140883	0.202567
TAS	3	910	453	704.407	0.496899	0.642182
TASAR	5	80	0	57.3836	0.00901189	0.00973713
TASE	4	531	278	398.984	0.520978	0.694076
TASED	5	162	79	120.199	0.481475	0.651436
TASER	5	313	159	224.999	0.504521	0.703116
TASERED	7	28	13	12.5258	0.429914	0.957154
TASERING	8	13	0	7.3726	0.0318572	0.059018
TASERS	6	75	30	53.9287	0.390472	0.548091
TASES	5	125	65	93.9556	0.511127	0.683713
TASH	4	217	78	168.446	0.356796	0.460588
TASHED	6	23	5	17.172	0.212477	0.291145
TASHES	6	29	11	22.1369	0.358405	0.482061
TASHING	7	10	4	7.01845	0.336175	0.525021
TASING	6	44	25	26.9225	0.540422	0.890317
TASK	4	49	15	37.8961	0.299933	0.390097
TASKED	6	11	4	9.07578	0.320248	0.41687
TASKER	6	17	5	12.5343	0.275032	0.385877
TASLET	6	33	0	20.1322	0.0166339	0.0228828
TASS	4	140	60	108.919	0.422226	0.544867
TASSA	5	33	0	24.702	0.0205704	0.0216733
TASSE	5	97	41	70.8318	0.414863	0.571199
TASSEL	6	32	9	17.7408	0.271486	0.488185
TASSET	6	30	6	19.6046	0.197878	0.304828
TASSIE	6	30	5	16.8032	0.167919	0.296942
TASSO	5	56	0	40.3171	0.0126381	0.013668
TASTE	5	146	76	104.693	0.512907	0.718017
TASTED	6	40	28	31.9613	0.659409	0.846191
TASTER	6	79	42	59.8464	0.517179	0.690323
TASTERS	7	23	10	14.5615	0.397771	0.651152
TASTES	6	50	23	36.4511	0.44221	0.615665
TASTIER	7	25	1	10.7028	0.0535632	0.124272
TASTY	5	22	4	16.0296	0.185371	0.25449
TAT	3	274	205	212.476	0.741538	0.958155
TATAR	5	48	1	33.3966	0.0339589	0.0446277
TATARS	6	24	1	15.6915	0.0586247	0.086156
TATE	4	230	144	168.669	0.61815	0.844846
TATER	5	144	85	99.7411	0.580812	0.841476
TATERS	6	75	47	56.0266	0.607364	0.822574
TATES	5	152	88	112.49	0.570233	0.773954
TATH	4	100	10	75.4591	0.106233	0.13904
TATHS	5	40	5	30.4557	0.131833	0.172079
TATIE	5	99	4	66.3747	0.0463131	0.0669925
TATIES	6	57	2	36.2477	0.0431458	0.0658477
TATLER	6	23	0	15.4226	0.0229395	0.0291698
TATOUS	6	14	0	7.48993	0.0348184	0.0542969
TATS	4	196	74	145.894	0.374191	0.503538
TATU	4	75	1	56.6706	0.0267151	0.0316728
TATUS	5	29	1	20.7926	0.0537237	0.0693511
TAU	3	273	44	213.281	0.163142	0.208266
TAUBE	5	10	0	7.48725	0.0552445	0.061172
TAUNT	5	23	4	15.5189	0.178414	0.261926
TAUNTS	6	10	2	6.14342	0.194705	0.317971
TAUONS	6	11	0	6.455	0.0420824	0.0611716
TAUPE	5	12	1	8.82178	0.112101	0.14636
TAURINE	7	12	0	5.1962	0.0339181	0.0778899
TAUS	4	93	8	71.8536	0.0933841	0.118971
TAUT	4	68	11	51.7086	0.166678	0.217936
TAUTED	6	14	3	9.38526	0.207431	0.315196
TAUTEN	6	17	0	11.2076	0.029693	0.0386811
TAUTER	6	23	5	15.5811	0.212477	0.317918
TAUTS	5	29	5	22.5183	0.176255	0.227881
TAV	3	97	36	78.577	0.368072	0.455779
TAVA	4	18	1	13.0529	0.0935511	0.118692
TAVER	5	31	3	21.7577	0.108351	0.150859
TAVERT	6	10	2	5.54861	0.194705	0.343994
TAVS	4	30	2	23.0681	0.0900261	0.111403
TAW	3	164	49	130.114	0.298693	0.37665
TAWA	4	19	0	15.2829	0.0475717	0.0488422
TAWAI	5	10	0	7.68505	0.0552445	0.0599174
TAWED	5	21	4	15.5531	0.192893	0.261414
TAWER	5	32	6	22.1782	0.189475	0.272522
TAWERS	6	14	3	9.95568	0.207431	0.299796
TAWIE	5	20	1	15.0142	0.0741728	0.0929618
TAWIER	6	13	1	6.79453	0.0979944	0.176192
TAWING	6	11	5	8.68488	0.389789	0.52865
TAWS	4	66	17	52.8913	0.256153	0.321002
TAWSE	5	32	0	23.9727	0.0211475	0.0222828
TAWSED	6	12	0	8.9866	0.0393462	0.046706
TAWT	4	27	0	20.0293	0.0355977	0.0386976
TAWTS	5	14	0	10.5049	0.0427208	0.0463613
TAX	3	12	6	9.00731	0.448086	0.604931
TAY	3	185	55	144.101	0.297252	0.381642
TAYRA	5	20	0	13.4212	0.0318801	0.0375703
TAYS	4	67	23	52.5949	0.33617	0.430987
TEA	3	962	662	736.683	0.686492	0.896905
TEACH	5	67	15	47.8565	0.223	0.312713
TEAD	4	264	113	191.321	0.424622	0.586598
TEADE	5	102	41	69.2256	0.395228	0.584088
TEADES	6	41	16	23.9703	0.374159	0.642292
TEADS	5	110	51	79.5349	0.4554	0.632907
TEAED	5	94	0	62.9134	0.00771979	0.00890713
TEAGLE	6	12	0	7.13038	0.0393462	0.056503
TEAING	6	51	7	31.0589	0.139852	0.228813
TEAK	4	38	12	27.564	0.306927	0.42401
TEAKS	5	17	8	13.4859	0.424021	0.555396
TEAL	4	348	158	254.682	0.451074	0.617015
TEALS	5	150	73	107.045	0.480028	0.675001
TEAM	4	194	87	144.969	0.443354	0.59465
TEAMED	6	20	14	13.8713	0.624687	0.930066
TEAMER	6	25	12	16.4029	0.444157	0.689774
TEAMERS	7	14	7	7.13294	0.43099	0.861278
TEAMS	5	72	40	52.1408	0.538753	0.750061
TEAR	4	520	280	376.512	0.535709	0.740466
TEARED	6	66	30	45.2702	0.441124	0.649085
TEARER	6	30	10	20.3077	0.31771	0.476696
TEARERS	7	14	5	8.39565	0.316431	0.552699
TEARIEST	8	12	1	4.62887	0.0986087	0.245257
TEARING	7	25	15	14.3189	0.545513	0.974961
TEARS	5	236	140	167.668	0.587344	0.828747
TEARY	5	45	2	32.5766	0.0566104	0.0746434
TEAS	4	489	198	363.161	0.403277	0.543424
TEASE	5	174	98	126.302	0.555906	0.768574
TEASED	6	45	24	32.1787	0.508582	0.722763
TEASEL	6	47	20	30.7224	0.408995	0.63191
TEASER	6	94	53	68.162	0.550474	0.765587
TEASERS	7	23	9	11.8972	0.359976	0.705556
TEASES	6	38	23	27.0752	0.570449	0.816136
TEASING	7	21	13	14.6585	0.552956	0.831675
TEAT	4	288	107	212.237	0.369322	0.501649
TEATED	6	28	2	18.9119	0.0830193	0.121178
TEATS	5	164	58	117.812	0.350466	0.489082
TEC	3	388	59	304.257	0.153549	0.195397
TECH	4	111	29	83.8427	0.260239	0.344824
TECHS	5	45	10	29.7704	0.221068	0.33338
TECHY	5	11	1	8.23847	0.119756	0.154733
TECS	4	170	9	129.604	0.0579655	0.0746399
TECTA	5	46	0	31.6047	0.0151838	0.0172159
TECTAL	6	18	0	9.8314	0.0283042	0.04329
TED	3	680	112	523.585	0.165483	0.214681
TEDDY	5	10	2	5.63645	0.201821	0.339407
TEDIEST	7	17	0	5.3122	0.0256285	0.0765847
TEDS	4	276	41	202.067	0.150049	0.204424
TEE	3	434	280	346.542	0.641906	0.804979
TEED	4	184	67	137.636	0.360897	0.483305
TEEING	6	17	6	10.6681	0.3241	0.52474
TEEK	4	25	3	18.0095	0.138715	0.186457
TEEL	4	163	49	118.313	0.298786	0.411804
TEELS	5	77	26	56.1488	0.331749	0.457391
TEEM	4	95	23	70.551	0.241838	0.325516
TEEMS	5	41	17	29.1855	0.397668	0.564402
TEEN	4	220	62	164.357	0.280854	0.376147
TEEND	5	65	0	45.6203	0.0109811	0.0121445
TEENDS	6	20	0	13.3231	0.0258829	0.0332412
TEENS	5	103	42	73.2661	0.400899	0.566009
TEENSY	6	11	0	6.92401	0.0420824	0.0578521
TEENY	5	26	0	18.8536	0.0254277	0.0277636
TEER	4	274	136	200.145	0.491892	0.674413
TEERING	7	11	2	7.23719	0.174594	0.285981
TEERS	5	138	66	100.863	0.471276	0.647511
TEES	4	277	128	205.997	0.458265	0.617205
TEETH	5	29	1	20.1736	0.0537237	0.0712908
TEF	3	231	18	181.307	0.0816872	0.103012
TEFF	4	27	4	22.1075	0.161449	0.195919
TEFLON	6	10	0	6.36423	0.0452275	0.0618585
TEFS	4	83	2	63.6766	0.0356721	0.0433737
TEG	3	276	22	214.982	0.0828443	0.105454
TEGG	4	20	1	15.8472	0.0860016	0.100928
TEGGS	5	10	0	7.46175	0.0552445	0.0613376
TEGS	4	101	9	75.0856	0.0957751	0.126871
TEGU	4	29	0	22.599	0.0334903	0.034786
TEGUA	5	11	0	7.19689	0.0514722	0.0631121
TEHR	4	173	0	133.422	0.00636403	0.00649071
TEHRS	5	82	0	61.8396	0.00880144	0.00905704
TEIL	4	305	48	227.997	0.158599	0.211786
TEILS	5	123	24	87.5146	0.195459	0.274695
TEIN	4	464	88	342.089	0.190133	0.257702
TEIND	5	133	0	92.2306	0.00551647	0.00613471
TEINDS	6	57	0	34.4393	0.0100222	0.0138285
TEINS	5	220	49	151.47	0.222468	0.323132
TEL	3	653	182	502.185	0.278816	0.3625
TELA	4	375	37	271.398	0.100403	0.138153
TELAE	5	116	0	79.3577	0.00630029	0.00710587
TELARY	6	12	0	7.63446	0.0393462	0.0534579
TELCOS	6	13	0	7.85787	0.0369441	0.0522108
TELD	4	172	16	130.788	0.0969062	0.12637
TELE	4	146	38	109.244	0.259521	0.346975
TELEDU	6	10	0	6.28402	0.0452275	0.0624785
TELES	5	85	27	62.4961	0.31309	0.427863
TELESM	6	14	0	8.58418	0.0348184	0.0485303
TELIA	5	125	0	81.5476	0.00585952	0.00691953
TELL	4	109	58	81.2451	0.519684	0.700438
TELLAR	6	22	0	13.7061	0.0238433	0.0324158
TELLARS	7	12	0	5.97114	0.0339181	0.0699281
TELLEN	6	15	2	9.49653	0.141738	0.222907
TELLER	6	10	6	7.03448	0.49366	0.742564
TELLIN	6	26	7	16.0746	0.258855	0.421501
TELLING	7	12	7	7.24566	0.486752	0.850314
TELLS	5	41	23	30.864	0.532063	0.71834
TELLY	5	18	7	12.6997	0.35823	0.516965
TELNET	6	13	0	9.47448	0.0369441	0.0446703
TELOI	5	91	0	61.2067	0.00796449	0.0091478
TELOS	5	106	1	72.8902	0.0159953	0.0210801
TELS	4	292	45	220.445	0.155438	0.205512
TELT	4	145	18	108.475	0.127727	0.169674
TEME	4	82	25	62.2072	0.301111	0.398037
TEMED	5	34	2	25.1074	0.0731522	0.095242
TEMES	5	47	23	35.1222	0.469028	0.635849
TEMP	4	47	4	35.8314	0.0990938	0.12636
TEMPER	6	10	2	5.46377	0.194705	0.348057
TEMPO	5	15	0	11.0514	0.0404295	0.0444137
TEMPS	5	15	1	10.9879	0.0940639	0.121872
TEMPT	5	12	0	8.9488	0.0481822	0.0529752
TEMS	4	172	23	130.62	0.136503	0.178985
TEMSE	5	52	1	40.0329	0.0315178	0.0375748
TEMSED	6	18	1	11.1918	0.075077	0.116183
TEMSES	6	12	1	9.24409	0.104366	0.136824
TEN	3	924	422	716.27	0.456001	0.58845
TENACES	7	11	0	3.68009	0.036264	0.100212
TENAIL	6	58	3	34.7899	0.0587349	0.0958675
TENAILS	7	26	1	11.429	0.0517449	0.11735
TENANT	6	20	0	12.0732	0.0258829	0.0362535
TENCH	5	37	2	25.5978	0.0677529	0.093547
TEND	4	260	116	197.713	0.442367	0.582861
TENDED	6	10	7	7.12095	0.568399	0.848423
TENDER	6	50	28	36.4876	0.535878	0.745944
TENDERS	7	24	10	13.9235	0.383285	0.677898
TENDON	6	17	0	11.5709	0.029693	0.0376238
TENDRE	6	39	0	27.3282	0.014279	0.0172139
TENDRES	7	13	0	5.6871	0.0318572	0.07265
TENDS	5	107	45	81.8939	0.41352	0.543548
TENDU	5	43	0	31.1432	0.0161604	0.0174559
TENDUS	6	16	0	10.135	0.0312252	0.0421812
TENE	4	218	69	165.755	0.314796	0.414553
TENES	5	129	49	93.5226	0.375091	0.519241
TENESI	6	57	0	34.8684	0.0100222	0.0136664
TENET	5	47	13	32.1411	0.271574	0.39818
TENETS	6	39	11	25.7664	0.273836	0.418404
TENGE	5	34	1	21.6186	0.0465881	0.0669216
TENGES	6	23	1	12.6036	0.0608471	0.10473
TENIA	5	214	0	139.038	0.00346343	0.00409813
TENIAE	6	61	0	37.0333	0.00939954	0.0129029
TENIAS	6	91	0	51.25	0.00641176	0.00943979
TENNE	5	55	31	41.1517	0.54146	0.732488
TENNER	6	31	20	23.506	0.599336	0.812687
TENNERS	7	22	13	15.4378	0.531236	0.793657
TENNES	6	30	18	20.6422	0.557375	0.827326
TENNESI	7	14	0	6.71382	0.0300325	0.0636889
TENNIS	6	38	1	22.958	0.0387903	0.060786
TENNIST	7	10	0	4.65796	0.0389586	0.0845783
TENNO	5	52	1	37.1667	0.0315178	0.0403275
TENNOS	6	14	1	8.6635	0.092356	0.144475
TENNY	5	14	1	8.14017	0.0993949	0.156239
TENON	5	62	0	41.732	0.011483	0.0132253
TENONER	7	14	0	5.81745	0.0300325	0.071375
TENONS	6	20	0	13.2783	0.0258829	0.0333404
TENOR	5	162	9	110.683	0.0588838	0.0850295
TENORS	6	66	7	42.4918	0.109616	0.169642
TENOUR	6	22	0	14.1866	0.0238433	0.0314365
TENOURS	7	11	0	4.41546	0.036264	0.0879822
TENS	4	451	156	339.101	0.34475	0.458828
TENSE	5	151	48	109.429	0.315263	0.436116
TENSED	6	45	15	29.5001	0.322554	0.496491
TENSER	6	64	20	41.761	0.305805	0.471481
TENSES	6	38	14	23.771	0.352952	0.568851
TENSEST	7	11	0	5.6506	0.036264	0.0730153
TENSILE	7	14	1	4.65986	0.0873121	0.244045
TENSING	7	11	2	5.09599	0.174594	0.377292
TENSON	6	24	0	12.8957	0.0221016	0.0342131
TENSOR	6	58	5	32.028	0.0913188	0.162978
TENSORS	7	11	1	4.35381	0.105429	0.256568
TENT	4	234	95	176.375	0.402588	0.535076
TENTED	6	20	10	14.5824	0.4536	0.644117
TENTER	6	47	20	32.968	0.408995	0.591
TENTERS	7	23	10	14.074	0.397771	0.671389
TENTH	5	48	1	33.3218	0.0339589	0.0447223
TENTHS	6	14	0	9.76962	0.0348184	0.0435228
TENTIE	6	29	8	17.8799	0.265755	0.433699
TENTIER	7	14	5	6.82142	0.316431	0.655893
TENTS	5	122	54	89.1526	0.435783	0.599024
TENTY	5	25	0	16.2555	0.0263154	0.0317238
TENUE	5	27	0	18.7834	0.0245979	0.0278576
TENUES	6	13	0	7.48586	0.0369441	0.0543209
TENUIS	6	23	0	13.2317	0.0229395	0.0334444
TENURE	6	26	0	15.3001	0.0205971	0.0293798
TENURES	7	17	0	7.81262	0.0256285	0.056262
TENUTI	6	16	0	7.90165	0.0312252	0.0519733
TENUTO	6	15	0	9.96938	0.032924	0.0427789
TEOPAN	6	10	0	5.56096	0.0452275	0.0686839
TEPA	4	119	2	87.6524	0.0252976	0.0318797
TEPAL	5	33	0	22.1418	0.0205704	0.0239757
TEPALS	6	10	0	5.12791	0.0452275	0.073028
TEPAS	5	65	1	41.568	0.0255489	0.0362496
TEPHRA	6	12	0	8.64297	0.0393462	0.0482549
TERAI	5	264	1	176.966	0.00655271	0.00881839
TERAIS	6	117	1	71.2851	0.013334	0.020547
TERAS	5	322	10	219.152	0.0330231	0.0478396
TERBIA	6	19	0	11.7064	0.0270395	0.0372441
TERCE	5	53	0	39.0441	0.0133075	0.0140923
TERCEL	6	14	0	7.98303	0.0348184	0.0515373
TEREDOS	7	11	0	2.95564	0.036264	0.116113
TEREFA	6	15	0	10.2779	0.032924	0.0416788
TEREKS	6	11	0	7.97604	0.0420824	0.0515744
TERES	5	227	97	163.421	0.423828	0.590024
TERF	4	125	0	93.887	0.00871775	0.00914408
TERFES	6	11	0	6.76489	0.0420824	0.0589371
TERFS	5	31	0	22.1675	0.0217579	0.0239501
TERGA	5	60	0	39.2946	0.0118438	0.0140067
TERGAL	6	17	0	11.1993	0.029693	0.038706
TERM	4	185	5	137.482	0.0323074	0.0419395
TERMED	6	18	0	12.0297	0.0283042	0.0363682
TERMOR	6	22	0	14.8434	0.0238433	0.0301899
TERMS	5	71	3	51.0718	0.0502888	0.0674674
TERN	4	427	93	309.483	0.218006	0.300616
TERNAL	6	59	3	35.3289	0.0577933	0.0944728
TERNATE	7	20	0	6.17383	0.0223509	0.0681072
TERNE	5	153	21	103.235	0.138873	0.205124
TERNED	6	48	7	31.6891	0.148018	0.224497
TERNES	6	76	13	46.8719	0.171393	0.27783
TERNION	7	14	0	6.39968	0.0300325	0.0661868
TERNS	5	190	46	133.434	0.241441	0.344019
TERRA	5	96	3	66.315	0.0376718	0.0524042
TERRAE	6	36	1	23.1919	0.0407604	0.0602153
TERRAIN	7	18	0	8.26681	0.0244341	0.0536748
TERRANE	7	14	0	3.70666	0.0300325	0.0997117
TERRAS	6	43	1	28.3555	0.0346085	0.0498766
TERRET	6	10	2	7.34013	0.194705	0.275966
TERRETS	7	10	2	5.52817	0.187567	0.354449
TERRIES	7	11	3	5.26922	0.243759	0.513156
TERRINE	7	18	0	9.00793	0.0244341	0.0499283
TERRIT	6	21	0	13.4767	0.0248213	0.0329052
TERRITS	7	12	0	5.28325	0.0339181	0.0769062
TERRY	5	26	1	18.6084	0.0591605	0.076716
TERSE	5	218	23	158.652	0.107171	0.146801
TERSER	6	47	1	29.9703	0.0318607	0.0473351
TERSEST	7	15	0	8.18059	0.0284054	0.0541474
TERSION	7	25	1	8.97591	0.0535632	0.144544
TERTIA	6	59	0	35.464	0.0097009	0.0134474
TERTIAL	7	19	0	7.73832	0.0233462	0.0567092
TERTIAN	7	31	0	12.729	0.0152159	0.0369717
TERTIANS	8	11	0	4.31781	0.036264	0.0894316
TERTIAS	7	29	0	11.1681	0.0161535	0.0414877
TERTS	5	172	10	117.924	0.0612247	0.0882347
TES	3	1260	260	971.075	0.206635	0.268026
TESLA	5	167	0	121.482	0.00441735	0.00468098
TESLAS	6	42	0	26.2989	0.013335	0.0178463
TESSERA	7	20	0	9.65105	0.0223509	0.0470769
TEST	4	356	121	268.25	0.338517	0.449637
TESTA	5	167	2	120.723	0.0161376	0.0210122
TESTAE	6	40	0	27.7498	0.0139498	0.0169676
TESTE	5	114	50	80.3976	0.431416	0.614135
TESTED	6	33	16	23.4083	0.456437	0.656657
TESTER	6	72	32	50.285	0.432544	0.624952
TESTERN	7	25	2	12.6367	0.0887025	0.177594
TESTERS	7	19	8	11.9126	0.379563	0.630804
TESTES	6	23	13	15.1057	0.515738	0.802391
TESTIER	7	23	6	11.2128	0.246589	0.509257
TESTING	7	11	7	8.06066	0.520418	0.778654
TESTIS	6	42	0	25.848	0.013335	0.0181382
TESTON	6	53	0	31.4115	0.0107333	0.0150923
TESTONS	7	11	0	3.45159	0.036264	0.104736
TESTS	5	72	20	56.6468	0.274359	0.351125
TESTY	5	40	2	30.6391	0.0630957	0.0790798
TET	3	325	111	254.756	0.340964	0.435177
TETE	4	154	16	112.576	0.107892	0.146313
TETES	5	101	5	72.0101	0.0549841	0.0754078
TETH	4	98	9	72.6579	0.0985705	0.130952
TETHER	6	10	2	5.75786	0.194705	0.334367
TETHS	5	51	5	38.0406	0.105295	0.139448
TETRA	5	110	0	71.5645	0.00663292	0.00785907
TETRAD	6	23	0	14.1105	0.0229395	0.0315877
TETRAS	6	48	0	30.289	0.0117778	0.0156216
TETRI	5	79	0	52.5193	0.00912093	0.0106066
TETRIS	6	36	0	23.8955	0.0153668	0.0195209
TETROSE	7	16	0	7.87815	0.0269456	0.0558734
TETS	4	249	64	184.681	0.256642	0.346043
TEUCH	5	12	0	9.51921	0.0481822	0.0503426
TEUGH	5	10	0	6.84971	0.0552445	0.0655996
TEW	3	180	43	142.279	0.240135	0.303531
TEWART	6	13	0	8.11996	0.0369441	0.05082
TEWED	5	19	4	15.3582	0.209929	0.264356
TEWEL	5	10	0	7.13189	0.0552445	0.0635633
TEWS	4	75	21	57.6405	0.277393	0.361944
TEX	3	21	2	16.6747	0.127723	0.153169
THAE	4	174	3	135.416	0.0231085	0.0280986
THAIM	5	14	0	10.1164	0.0427208	0.0478528
THALE	5	54	4	37.09	0.0824671	0.117234
THALER	6	26	0	15.7516	0.0205971	0.0286204
THALERS	7	12	0	6.62492	0.0339181	0.0643764
THALI	5	37	0	25.1986	0.018546	0.0212769
THALIS	6	18	0	10.0012	0.0283042	0.0426628
THALLI	6	11	0	5.84238	0.0420824	0.0661277
THAN	4	130	10	101.593	0.0825874	0.10424
THANA	5	28	0	19.6066	0.0238206	0.0267942
THANAS	6	13	0	7.00622	0.0369441	0.057307
THANE	5	68	5	44.8335	0.0803101	0.119204
THANES	6	36	2	18.7665	0.066154	0.122038
THANG	5	20	2	11.8009	0.116466	0.187348
THANK	5	10	1	6.08178	0.128533	0.196237
THANS	5	45	3	30.7918	0.0771676	0.109245
THAR	4	166	16	126.29	0.100311	0.130772
THARM	5	27	0	18.1041	0.0245979	0.0288009
THARMS	6	12	0	7.47069	0.0393462	0.0544106
THARS	5	85	7	59.7725	0.0874705	0.122755
THAT	4	80	3	61.5353	0.0487291	0.0603549
THAW	4	33	1	25.7654	0.0564114	0.0659126
THAWS	5	13	1	11.1013	0.105366	0.120814
THE	3	435	49	342.463	0.114337	0.144759
THEATRE	7	10	0	2.39602	0.0389586	0.132334
THECA	5	43	0	31.8398	0.0161604	0.0170962
THECAE	6	16	0	9.01101	0.0312252	0.0465998
THEE	4	87	12	69.732	0.14307	0.177581
THEED	5	37	2	28.5045	0.0677529	0.084621
THEES	5	57	10	43.9406	0.177324	0.230457
THEICS	6	11	0	6.53383	0.0420824	0.0605873
THEIN	5	81	0	54.2595	0.00890542	0.0102782
THEINE	6	24	0	14.4972	0.0221016	0.0308343
THEINS	6	40	0	25.9153	0.0139498	0.0180941
THEIR	5	76	2	52.9082	0.034576	0.0469833
THEIRS	6	40	2	26.0115	0.0600541	0.0901539
THEISM	6	15	0	9.65453	0.032924	0.0439632
THEIST	6	32	0	17.4546	0.0171041	0.0260784
THELF	5	17	0	11.5561	0.0365128	0.0427551
THEM	4	69	3	54.2853	0.0559938	0.068017
THEMA	5	32	0	23.095	0.0211475	0.0230635
THEME	5	20	0	14.5172	0.0318801	0.035071
THEMES	6	13	0	7.69616	0.0369441	0.0531076
THEN	4	173	11	136.238	0.068237	0.0854614
THENAR	6	38	0	22.0981	0.014624	0.020994
THENARS	7	16	0	5.77665	0.0269456	0.0717693
THENS	5	72	5	51.5984	0.0760634	0.104147
THEOW	5	12	0	9.54953	0.0481822	0.0502099
THERE	5	89	6	62.8419	0.0729	0.101509
THEREIN	7	13	0	6.5829	0.0318572	0.0647066
THERES	6	50	5	32.0535	0.105005	0.162855
THERIAC	7	10	0	5.29596	0.0389586	0.0767647
THERIAN	7	21	0	9.4317	0.0214371	0.0480122
THERM	5	36	0	26.2713	0.0190138	0.0204685
THERMS	6	14	0	9.77162	0.0348184	0.0435152
THESE	5	81	4	64.3268	0.0561618	0.0690623
THESES	6	22	1	14.3651	0.0632445	0.0932606
THESIS	6	21	0	14.0274	0.0248213	0.0317544
THETA	5	55	0	38.552	0.0128536	0.0142635
THETAS	6	28	0	17.1623	0.0192843	0.0264821
THETE	5	29	1	20.2194	0.0537237	0.0711436
THETES	6	19	0	12.8638	0.0270395	0.034288
THETIC	6	13	0	8.32836	0.0369441	0.0497659
THEW	4	45	3	36.0727	0.0829878	0.0998656
THEWS	5	17	2	11.928	0.13339	0.185634
THEY	4	37	0	29.0201	0.0270782	0.0277714
THIEF	5	15	0	10.0498	0.0404295	0.0481183
THIG	4	50	4	37.8783	0.0936673	0.120005
THIGH	5	11	0	8.32446	0.0514722	0.0561916
THIGS	5	23	1	14.123	0.0658215	0.0981133
THILL	5	13	0	8.61982	0.0452874	0.0546227
THIN	4	152	22	116.481	0.147537	0.191816
THINE	5	84	14	57.6973	0.168336	0.244365
THING	5	44	2	26.0901	0.0577986	0.0919051
THINGO	6	14	0	7.93832	0.0348184	0.0517759
THINGS	6	21	2	13.4647	0.106856	0.164651
THINK	5	11	3	9.02948	0.256324	0.325609
THINS	5	63	13	45.8504	0.206375	0.284001
THIO	4	109	1	84.7257	0.0187322	0.0215232
THIOL	5	17	0	11.5293	0.0365128	0.04284
THIR	4	120	4	90.2452	0.0411226	0.0524812
THIRAM	6	15	0	8.6051	0.032924	0.0484319
THIRD	5	33	0	22.6881	0.0205704	0.0234442
THIRDS	6	12	0	6.86074	0.0393462	0.0582788
THIRL	5	33	0	23.852	0.0205704	0.022387
THIRLS	6	11	0	6.16287	0.0420824	0.0634388
THIRST	6	17	0	9.67332	0.029693	0.0438906
THIS	4	164	13	125.938	0.0837251	0.10783
THO	3	317	32	252.156	0.103411	0.129334
THOLE	5	42	0	28.6735	0.0165144	0.0188633
THOLED	6	14	0	8.46147	0.0348184	0.0491152
THOLES	6	24	0	12.1374	0.0221016	0.0360856
THOLI	5	36	0	21.7511	0.0190138	0.0243707
THOLOS	6	11	0	5.58406	0.0420824	0.0684667
THON	4	135	8	105.948	0.0653255	0.081679
THONG	5	20	0	12.6274	0.0318801	0.039615
THORIC	6	12	0	5.1395	0.0393462	0.0729046
THORN	5	45	0	31.1518	0.015496	0.0174514
THORNS	6	21	0	10.2565	0.0248213	0.0417531
THORO	5	31	0	19.9275	0.0217579	0.0264013
THORON	6	18	0	9.1965	0.0283042	0.0458079
THORP	5	18	0	12.5763	0.0348259	0.0397541
THOSE	5	86	7	65.4761	0.0864947	0.112373
THOU	4	49	1	38.2698	0.0396296	0.0458555
THOUS	5	24	0	19.0496	0.0272673	0.0275047
THRAE	5	58	0	42.576	0.0122281	0.0129747
THRASH	6	13	0	7.99064	0.0369441	0.0514969
THRAW	5	13	0	10.4634	0.0452874	0.046516
THREAD	6	20	0	13.183	0.0258829	0.0335537
THREAT	6	25	0	15.8783	0.0213229	0.0284144
THREATS	7	15	0	4.84395	0.0284054	0.082141
THREE	5	41	0	29.1436	0.0168843	0.0185782
THREES	6	20	0	10.7104	0.0258829	0.0402286
THRENE	6	13	0	7.67903	0.0369441	0.0532044
THRENOS	7	11	0	4.68254	0.036264	0.084248
THRESH	6	25	0	16.045	0.0213229	0.0281477
THREW	5	16	0	12.1583	0.0383715	0.0409314
THRID	5	35	1	24.7909	0.0453826	0.0589851
THRIDS	6	25	1	16.0386	0.056559	0.0844717
THRIP	5	15	0	10.5861	0.0404295	0.0460611
THRIPS	6	13	0	7.40242	0.0369441	0.0548178
THRO	4	133	2	104.238	0.0227271	0.026941
THROAT	6	12	0	5.9887	0.0393462	0.0648723
THROE	5	61	0	42.9316	0.0116606	0.0128719
THROES	6	42	0	22.5678	0.013335	0.020588
THRONE	6	34	0	19.8953	0.0161889	0.0231335
THRONED	7	16	0	5.94174	0.0269456	0.0702003
THRONES	7	21	0	5.91376	0.0214371	0.0704614
THRONG	6	10	0	5.84782	0.0452275	0.0660801
THROW	5	13	1	9.62526	0.105366	0.136208
THRU	4	45	0	36.7181	0.0227268	0.0223648
THUD	4	23	1	18.2328	0.0767154	0.0894927
THUG	4	16	0	12.9466	0.0544384	0.0560782
THURL	5	19	0	14.303	0.033288	0.035533
THUS	4	53	1	42.4086	0.0368863	0.0416596
THY	3	82	1	63.4953	0.0255889	0.02925
TIAN	4	329	13	238.762	0.0423371	0.0574718
TIANS	5	163	6	107.756	0.0405281	0.0599538
TIAR	4	380	28	276.872	0.0757086	0.103271
TIARA	5	74	3	48.2366	0.0483458	0.0712781
TIARAED	7	14	0	4.94478	0.0300325	0.0808774
TIARAS	6	30	1	15.9633	0.048087	0.0848317
TIARS	5	151	17	105.802	0.114804	0.163119
TIBIA	5	13	0	8.70976	0.0452874	0.0541622
TIC	3	334	137	267.48	0.408794	0.510986
TICAL	5	54	2	34.679	0.0477719	0.07036
TICALS	6	21	2	8.37875	0.106856	0.247582
TICCA	5	15	1	10.0971	0.0940639	0.130877
TICE	4	150	82	116.167	0.537082	0.696569
TICED	5	44	15	30.2974	0.330651	0.482943
TICES	5	85	47	60.8857	0.53871	0.757075
TICH	4	80	24	62.1375	0.296419	0.38307
TICHES	6	17	7	11.2141	0.373168	0.579907
TICK	4	19	15	14.7562	0.678261	0.903598
TICS	4	137	20	106.422	0.14904	0.191171
TID	3	457	165	358.183	0.360468	0.460109
TIDAL	5	67	5	44.3337	0.0814469	0.120491
TIDE	4	292	115	216.909	0.3913	0.52739
TIDED	5	29	11	21.9443	0.360052	0.484369
TIDES	5	152	72	110.431	0.467435	0.645772
TIDIER	6	28	0	18.5673	0.0192843	0.024648
TIDIERS	7	15	0	9.50174	0.0284054	0.0477095
TIDIES	6	26	2	17.0719	0.0886708	0.133044
TIDIEST	7	12	2	5.45061	0.163299	0.358343
TIDS	4	193	45	146.201	0.233242	0.307899
TIDY	4	31	0	25.5014	0.0316185	0.0312214
TIE	3	888	512	690.991	0.575291	0.73969
TIED	4	312	124	231.974	0.395006	0.531883
TIEING	6	18	1	10.7983	0.075077	0.119836
TIER	4	507	226	367.638	0.443804	0.612439
TIERED	6	62	5	37.6864	0.0857318	0.139575
TIERING	7	10	0	5.48757	0.0389586	0.0746923
TIERS	5	238	111	166.998	0.462471	0.660392
TIES	4	549	308	410.008	0.558217	0.748211
TIETACS	7	12	0	5.326	0.0339181	0.0764323
TIFF	4	12	4	10.5309	0.305742	0.365767
TIFOS	5	19	0	13.7659	0.033288	0.0367465
TIFT	4	32	7	26.3646	0.221062	0.270128
TIFTS	5	15	1	9.78094	0.0940639	0.134402
TIG	3	245	64	193.378	0.26178	0.331566
TIGE	4	107	29	80.5571	0.269552	0.358412
TIGER	5	56	15	34.2947	0.264127	0.429693
TIGERS	6	25	9	17.3885	0.338448	0.497189
TIGES	5	48	13	31.3025	0.266316	0.408219
TIGHT	5	13	1	8.62233	0.105366	0.149119
TIGNON	6	14	0	8.2366	0.0348184	0.0502246
TIGONS	6	23	0	12.3414	0.0229395	0.035562
TIGS	4	103	27	75.548	0.260999	0.3558
TIK	3	89	32	68.0247	0.356733	0.467266
TIKA	4	32	1	23.9635	0.057945	0.0703466
TIKAS	5	16	0	12.4082	0.0383715	0.0402193
TIKE	4	33	22	24.7305	0.61221	0.830548
TIKES	5	17	11	11.8416	0.569336	0.838961
TIKI	4	11	3	8.54032	0.261756	0.341836
TIKS	4	35	6	26.1141	0.179256	0.237908
TIL	3	525	257	408.371	0.488027	0.627842
TILAK	5	11	0	7.64194	0.0514722	0.0601864
TILDE	5	74	24	52.1471	0.318808	0.454256
TILDES	6	38	13	23.6228	0.328786	0.532718
TILE	4	302	180	221.834	0.590421	0.805158
TILED	5	108	63	74.0346	0.571042	0.836625
TILER	5	143	74	93.4858	0.509761	0.781374
TILERS	6	55	34	35.9604	0.592757	0.915621
TILERY	6	12	0	7.95773	0.0393462	0.051672
TILES	5	164	95	115.247	0.571171	0.815469
TILING	6	13	5	7.08474	0.342196	0.624736
TILL	4	89	64	67.3337	0.694487	0.924851
TILLED	6	18	16	12.1856	0.776669	1
TILLER	6	28	21	19.2265	0.688502	1
TILLS	5	30	21	21.955	0.646574	0.902323
TILLY	5	15	5	10.3953	0.308602	0.451503
TILS	4	215	39	160.05	0.182595	0.244881
TILT	4	98	29	74.0345	0.293154	0.388829
TILTED	6	21	8	15.9266	0.35296	0.481708
TILTER	6	24	4	20.6022	0.168194	0.201603
TILTERS	7	10	2	7.07529	0.187567	0.291311
TILTHS	6	15	0	10.7356	0.032924	0.0401471
TILTS	5	57	13	40.8031	0.226793	0.317523
TIME	4	163	107	123.615	0.64447	0.853263
TIMED	5	55	29	39.0177	0.507357	0.721828
TIMER	5	85	52	60.0872	0.595115	0.847403
TIMERS	6	37	27	23.5464	0.683635	1
TIMES	5	94	58	72.3797	0.60171	0.787989
TIMON	5	44	0	29.4836	0.0158212	0.0183773
TIMONS	6	25	0	10.8856	0.0213229	0.0396694
TIN	3	833	583	650.344	0.69791	0.894512
TINA	4	394	19	286.005	0.0504821	0.0688449
TINAS	5	186	9	119.977	0.0514319	0.0785484
TINCAL	6	23	0	8.69061	0.0229395	0.0480341
TINCALS	7	11	0	3.07128	0.036264	0.113245
TINCTS	6	10	0	6.38438	0.0452275	0.0617047
TIND	4	227	116	176.657	0.505348	0.65124
TINDAL	6	31	1	16.3297	0.0466883	0.0831093
TINDALS	7	14	0	5.07933	0.0300325	0.0792506
TINDED	6	17	5	11.5072	0.275032	0.415844
TINDER	6	60	40	39.9154	0.640662	0.972754
TINDERS	7	21	14	14.5035	0.593842	0.901733
TINDS	5	91	48	67.5505	0.515124	0.69887
TINE	4	499	306	368.936	0.60965	0.825492
TINEA	5	196	1	125.528	0.00878459	0.0123763
TINEAL	6	57	1	28.4912	0.026584	0.0496527
TINEAS	6	94	1	51.855	0.0164833	0.027999
TINED	5	168	41	116.846	0.243257	0.349969
TINEIDS	7	15	0	6.77666	0.0284054	0.0632117
TINES	5	286	184	198.396	0.637863	0.921253
TING	4	199	135	139.479	0.66802	0.954903
TINGE	5	81	48	49.2444	0.575981	0.948729
TINGED	6	24	15	17.0222	0.569948	0.827057
TINGES	6	48	32	32.5608	0.634589	0.948079
TINGLE	6	27	8	13.443	0.283251	0.560614
TINGLER	7	11	3	7.67161	0.243759	0.380335
TINGLES	7	17	6	10.0459	0.318909	0.56024
TINGS	5	86	54	52.1	0.610787	1
TINIER	6	47	7	26.4225	0.150956	0.266511
TINIES	6	58	12	31.7747	0.205363	0.373205
TINIEST	7	23	4	9.87516	0.170999	0.394432
TINILY	6	11	0	5.89918	0.0420824	0.0656346
TINK	4	38	21	28.464	0.517289	0.699474
TINKS	5	19	12	14.4593	0.563212	0.766103
TINMAN	6	10	0	5.44886	0.0452275	0.0697581
TINMEN	6	12	0	6.52301	0.0393462	0.0606668
TINNED	6	20	9	13.3495	0.410828	0.630454
TINNER	6	34	22	22.5488	0.60474	0.927156
TINNERS	7	14	13	8.88814	0.774668	1
TINNIE	6	13	6	8.62556	0.403246	0.628351
TINNY	5	11	1	6.62163	0.119756	0.18389
TINPOT	6	11	0	5.97088	0.0420824	0.0650227
TINS	4	420	141	315.72	0.334597	0.445417
TINSEL	6	63	0	35.298	0.00911633	0.0135077
TINSELS	7	11	0	6.0046	0.036264	0.0696208
TINT	4	203	98	152.823	0.47709	0.635315
TINTED	6	31	11	20.217	0.337556	0.524254
TINTER	6	63	22	42.4265	0.340542	0.509679
TINTERS	7	28	10	17.4183	0.334549	0.553393
TINTIER	7	12	0	6.18578	0.0339181	0.0680027
TINTS	5	93	50	63.5661	0.525158	0.771889
TINTY	5	19	0	11.7071	0.033288	0.0422827
TINWARE	7	10	0	4.1012	0.0389586	0.0928235
TINY	4	72	1	55.5438	0.0277588	0.0322843
TIP	3	206	50	160.552	0.243736	0.312449
TIPI	4	29	2	22.1867	0.0926908	0.115329
TIPIS	5	16	0	11.0478	0.0383715	0.0444261
TIPS	4	98	24	73.9379	0.244508	0.32418
TIPSTER	7	12	0	5.83478	0.0339181	0.0712089
TIPT	4	38	0	29.5138	0.0264453	0.0273474
TIRADE	6	51	3	27.9577	0.0662954	0.117938
TIRADES	7	25	1	8.53225	0.0535632	0.150867
TIRAGE	6	26	1	13.089	0.0546339	0.101298
TIRAGES	7	13	1	3.90673	0.0926172	0.277361
TIRE	4	496	281	364.336	0.56338	0.767745
TIRED	5	159	60	109.768	0.373537	0.542195
TIREDEST	8	10	0	3.41357	0.0389586	0.105529
TIRES	5	288	176	207.136	0.606059	0.844489
TIRING	6	19	12	12.567	0.563234	0.874986
TIRL	4	148	6	107.666	0.0466766	0.0623079
TIRLED	6	20	2	11.3765	0.111426	0.190906
TIRLS	5	51	1	34.5791	0.0320945	0.0431834
TIRO	4	284	5	209.784	0.0212319	0.027677
TIROES	6	61	1	33.4116	0.0249323	0.0426983
TIROS	5	131	4	85.7468	0.0353062	0.0521954
TIRR	4	95	7	69.334	0.0814906	0.109266
TIRRED	6	15	0	9.17822	0.032924	0.0458848
TIRRS	5	43	2	30.3276	0.0590377	0.0798428
TIS	3	865	219	669.259	0.253376	0.327418
TISANE	6	79	0	39.9966	0.00734574	0.0119863
TISANES	7	23	0	6.45761	0.0198166	0.0657115
TISSUE	6	10	0	6.29282	0.0452275	0.0624099
TIT	3	221	140	174.81	0.627361	0.795054
TITAN	5	62	1	37.4128	0.0267165	0.0400754
TITANS	6	27	1	11.9014	0.0528356	0.11013
TITCH	5	14	5	9.4695	0.326091	0.488079
TITE	4	172	89	127.072	0.509841	0.691978
TITER	5	101	46	69.0058	0.446786	0.656355
TITERS	6	51	25	36.9834	0.470856	0.658874
TITHE	5	39	6	27.265	0.158374	0.225085
TITHED	6	12	2	8.5511	0.169386	0.243427
TITHER	6	19	4	11.343	0.205771	0.344511
TITHERS	7	10	3	5.06221	0.261871	0.529077
TITHES	6	21	3	11.3828	0.147873	0.267141
TITI	4	71	7	54.0089	0.107298	0.138731
TITIAN	6	11	0	6.24568	0.0420824	0.0627792
TITIS	5	40	2	29.4266	0.0630957	0.0821348
TITLE	5	41	15	27.6109	0.35287	0.526821
TITLED	6	16	5	9.56904	0.289224	0.487243
TITLER	6	17	4	9.69855	0.225964	0.394131
TITLERS	7	10	4	5.14587	0.336175	0.670543
TITLES	6	24	10	15.7443	0.387333	0.601261
TITMAN	6	11	0	4.34565	0.0420824	0.0824477
TITRE	5	87	40	58.4514	0.449599	0.671706
TITRES	6	51	24	34.272	0.452467	0.680726
TITS	4	171	54	127.793	0.313633	0.420195
TIVY	4	12	0	9.19081	0.0674127	0.0736101
TIX	3	13	3	11.391	0.246137	0.283923
TIYN	4	45	0	36.2292	0.0227268	0.0226447
TIYNS	5	18	0	13.4798	0.0348259	0.0374276
TIZ	3	12	6	10.0136	0.448086	0.556077
TMESIS	6	10	0	6.99458	0.0452275	0.0573836
TOAD	4	122	20	91.7756	0.166673	0.220768
TOADIES	7	12	1	4.19116	0.0986087	0.263762
TOADS	5	48	11	35.2171	0.227589	0.311435
TOAST	5	69	19	48.1377	0.271923	0.390804
TOASTED	7	11	3	6.36966	0.243759	0.442389
TOASTER	7	14	1	8.0361	0.0873121	0.158627
TOASTIE	7	14	3	6.12455	0.201871	0.456408
TOASTS	6	10	4	5.43601	0.344183	0.628932
TOBIES	6	13	0	7.81748	0.0369441	0.052432
TOBY	4	12	0	9.22621	0.0674127	0.0733938
TOC	3	282	87	224.414	0.308321	0.387589
TOCK	4	15	7	10.4819	0.411021	0.592599
TOCO	4	41	3	31.6344	0.0902382	0.112729
TOCOS	5	19	2	14.2264	0.121609	0.159272
TOCS	4	115	23	90.8398	0.201459	0.255004
TOCSIN	6	13	1	8.18047	0.0979944	0.151525
TOD	3	300	97	235.888	0.322956	0.410888
TODAY	5	10	0	6.45124	0.0552445	0.0687078
TODDE	5	16	2	12.1225	0.14018	0.183069
TODIES	6	32	0	19.0695	0.0171041	0.0240526
TODS	4	127	41	95.8031	0.319702	0.424679
TODY	4	17	0	12.5888	0.0519394	0.0573802
TOE	3	607	190	479.818	0.312896	0.395901
TOEA	4	211	1	160.15	0.00987759	0.0115622
TOEAS	5	95	1	69.2399	0.0177789	0.0221609
TOED	4	193	26	148.182	0.137177	0.178036
TOEIER	6	28	0	17.6455	0.0192843	0.0258214
TOEIEST	7	14	0	5.7629	0.0300325	0.0719031
TOEING	6	19	1	11.6299	0.0717223	0.11237
TOES	4	384	134	300.035	0.347575	0.445372
TOEY	4	47	0	37.4541	0.0218491	0.021956
TOFF	4	15	7	12.421	0.411021	0.517217
TOFT	4	23	2	18.972	0.112708	0.13234
TOFTS	5	10	0	6.57299	0.0552445	0.0677273
TOFU	4	23	0	16.3507	0.0407228	0.0461222
TOFUS	5	13	0	8.19077	0.0452874	0.0569318
TOG	3	162	41	125.66	0.254119	0.327295
TOGA	4	68	4	49.9907	0.0705025	0.0924825
TOGAE	5	30	2	18.2797	0.0818493	0.127373
TOGAED	6	15	0	9.55906	0.032924	0.0443353
TOGAS	5	25	3	16.1455	0.131047	0.197625
TOGE	4	69	8	52.1051	0.12376	0.161745
TOGED	5	15	2	10.0271	0.147698	0.215075
TOGES	5	41	5	27.3079	0.12888	0.190587
TOGS	4	50	13	36.3444	0.25795	0.354488
TOHO	4	69	0	54.476	0.0153343	0.0154335
TOHOS	5	31	0	21.9325	0.0217579	0.0241857
TOIL	4	168	80	125.599	0.469555	0.629833
TOILE	5	97	48	64.626	0.484415	0.729565
TOILED	6	32	11	20.8872	0.328015	0.508712
TOILER	6	43	21	30.0216	0.465829	0.677366
TOILERS	7	24	14	12.1788	0.528961	1
TOILES	6	47	24	29.4523	0.488392	0.785979
TOILET	6	33	11	20.0133	0.318998	0.529168
TOILETS	7	14	5	7.20255	0.316431	0.627526
TOILS	5	70	37	48.3141	0.512648	0.747479
TOING	5	51	1	28.8082	0.0320945	0.0512833
TOINGS	6	21	0	13.489	0.0248213	0.0328786
TOISE	5	156	24	111.101	0.155056	0.217388
TOISES	6	32	7	20.0319	0.214956	0.344814
TOIT	4	142	12	108.207	0.0894612	0.116044
TOITED	6	23	1	16.8658	0.0608471	0.0807122
TOITS	5	78	7	52.0216	0.09497	0.140382
TOKE	4	32	16	23.7881	0.465737	0.63449
TOKED	5	14	5	10.2343	0.326091	0.457464
TOKER	5	17	5	13.2719	0.278705	0.366227
TOKES	5	14	7	11.4842	0.43944	0.563709
TOLA	4	192	31	142.986	0.163283	0.218672
TOLAN	5	89	5	57.9297	0.062106	0.0931371
TOLANE	6	52	1	29.23	0.0289842	0.0484674
TOLANES	7	28	1	10.8331	0.0484552	0.12297
TOLANS	6	27	2	12.5025	0.085752	0.175791
TOLAR	5	71	5	46.6851	0.0770824	0.114667
TOLARS	6	27	4	15.0561	0.151585	0.268255
TOLAS	5	75	17	51.0725	0.225747	0.331463
TOLD	4	76	8	58.5307	0.113036	0.144806
TOLE	4	215	120	163.103	0.55114	0.728547
TOLED	5	85	31	59.0513	0.358214	0.517585
TOLEDO	6	17	0	8.69561	0.029693	0.0480111
TOLES	5	124	73	92.1575	0.577805	0.781777
TOLING	6	15	8	9.40458	0.468181	0.764144
TOLL	4	53	33	40.5879	0.590678	0.780553
TOLLED	6	17	10	13.3041	0.520372	0.698923
TOLLER	6	12	7	10.077	0.494485	0.63581
TOLLS	5	23	15	17.9337	0.591254	0.783107
TOLLY	5	13	5	9.4312	0.345683	0.48972
TOLSEL	6	10	0	5.32642	0.0452275	0.0709704
TOLT	4	71	6	54.0545	0.0941026	0.121038
TOLTER	6	20	3	12.6996	0.154198	0.242742
TOLTS	5	33	2	22.5413	0.0751485	0.105218
TOLU	4	66	0	50.4588	0.0159842	0.0165972
TOLUS	5	31	0	22.2358	0.0217579	0.0238825
TOM	3	241	96	188.115	0.396625	0.508649
TOMAN	5	41	2	28.2157	0.0616825	0.0854311
TOMANS	6	16	0	7.68135	0.0312252	0.0531913
TOMB	4	19	2	15.1589	0.131664	0.160403
TOME	4	115	55	87.5299	0.468607	0.618513
TOMENTA	7	10	0	2.586	0.0389586	0.126342
TOMES	5	68	36	49.6649	0.513001	0.708549
TOMIAL	6	14	0	5.95159	0.0348184	0.0651862
TOMO	4	34	0	26.9731	0.0291727	0.0296793
TOMOS	5	11	0	9.13009	0.0514722	0.0521092
TOMS	4	94	21	71.9285	0.22404	0.292762
TON	3	589	377	463.602	0.637699	0.810922
TONAL	5	89	11	58.2789	0.12687	0.192203
TONDI	5	63	1	43.3578	0.0263156	0.0348179
TONDOS	6	10	0	4.99541	0.0452275	0.0744692
TONE	4	338	230	253.232	0.674278	0.9017
TONED	5	120	62	83.1144	0.507533	0.735578
TONEME	6	10	0	5.0418	0.0452275	0.0739581
TONER	5	180	125	126.522	0.684767	0.977403
TONERS	6	75	57	53.7917	0.734948	1
TONES	5	196	130	144.04	0.654932	0.89438
TONETIC	7	10	0	4.10066	0.0389586	0.0928322
TONEY	5	28	1	20.1693	0.0554214	0.0713045
TONG	4	97	47	70.0571	0.47288	0.65703
TONGA	5	43	3	27.4182	0.0804763	0.121791
TONGAS	6	11	3	6.67666	0.250706	0.416884
TONGER	6	27	13	16.872	0.447833	0.726158
TONGERS	7	13	6	7.47309	0.396417	0.71893
TONGS	5	40	18	27.1362	0.429692	0.638526
TONIC	5	63	3	42.0529	0.0563255	0.0812929
TONICS	6	20	1	8.93566	0.0686547	0.140785
TONIER	6	83	29	51.711	0.342732	0.552125
TONIES	6	89	28	52.1342	0.309647	0.529217
TONIEST	7	31	9	15.6098	0.276402	0.55344
TONING	6	15	8	8.83254	0.468181	0.805571
TONISH	6	29	0	17.0219	0.0186888	0.0266805
TONITE	6	45	2	26.5654	0.0538476	0.0883885
TONITES	7	26	2	14.1252	0.0856913	0.160795
TONK	4	29	13	22.0961	0.418294	0.557181
TONKA	5	10	0	7.56107	0.0552445	0.0606977
TONKS	5	10	6	7.99866	0.494975	0.660604
TONLET	6	14	0	7.76167	0.0348184	0.0527406
TONNE	5	52	29	35.5595	0.53471	0.78836
TONNER	6	35	22	25.3854	0.588983	0.830125
TONNERS	7	10	6	5.85052	0.484783	0.875287
TONNES	6	30	14	19.1292	0.437542	0.695506
TONS	4	305	95	233.19	0.310318	0.406268
TONSIL	6	41	0	23.6206	0.0136355	0.0197326
TONSILS	7	10	0	2.56778	0.0389586	0.126893
TONUS	5	46	0	30.9226	0.0151838	0.017573
TONY	4	46	1	35.283	0.0419707	0.0494497
TOO	3	242	161	190.842	0.659162	0.837758
TOOK	4	11	5	8.37405	0.388471	0.525534
TOOL	4	66	48	51.2453	0.694108	0.904124
TOOLED	6	14	12	9.27628	0.72527	1
TOOLER	6	20	15	12.8474	0.667459	1
TOOLIE	6	11	7	6.64566	0.528872	0.896631
TOOLS	5	28	20	20.682	0.655837	0.908889
TOOM	4	45	14	34.3267	0.303945	0.400661
TOOMS	5	15	4	11.2184	0.254967	0.34741
TOON	4	107	50	82.8774	0.457415	0.593748
TOONIE	6	27	8	16.9077	0.283251	0.456336
TOONIES	7	17	4	7.17504	0.221149	0.515662
TOONS	5	54	30	40.9244	0.533506	0.713051
TOORIE	6	25	0	13.2371	0.0213229	0.0334324
TOORIES	7	18	0	6.91765	0.0244341	0.0621666
TOOT	4	41	27	33.1809	0.614445	0.774485
TOOTED	6	10	8	8.67425	0.643138	0.81784
TOOTER	6	20	11	15.8328	0.496372	0.655204
TOOTERS	7	12	6	7.28933	0.422062	0.733775
TOOTH	5	19	2	13.4575	0.121609	0.167216
TOOTS	5	30	14	22.2028	0.438517	0.603351
TOP	3	201	82	156.044	0.40572	0.523241
TOPE	4	95	57	72.5345	0.582576	0.768132
TOPED	5	21	10	14.8047	0.436353	0.631009
TOPEE	5	23	0	16.3475	0.0282907	0.0315645
TOPEES	6	14	0	7.41438	0.0348184	0.054746
TOPER	5	52	32	38.9976	0.588623	0.795431
TOPERS	6	30	20	20.5172	0.617291	0.92192
TOPES	5	56	36	42.8204	0.616212	0.816852
TOPH	4	38	0	29.852	0.0264453	0.0270644
TOPHE	5	12	0	9.34516	0.0481822	0.0511177
TOPHS	5	13	0	10.1562	0.0452874	0.0476956
TOPI	4	62	12	46.7027	0.196627	0.260155
TOPIC	5	13	0	10.1385	0.0452874	0.0477654
TOPIS	5	30	5	20.8235	0.171016	0.244833
TOPO	4	25	0	18.6614	0.0379882	0.0411615
TOPS	4	87	24	66.8067	0.273812	0.357382
TOR	3	703	409	551.171	0.580141	0.740455
TORA	4	320	93	237.832	0.289828	0.390121
TORAH	5	72	0	48.1903	0.00996496	0.0115222
TORAHS	6	30	0	17.9054	0.0181289	0.0254793
TORAN	5	123	10	78.4243	0.0849131	0.131593
TORANA	6	23	0	10.4425	0.0229395	0.0411146
TORANAS	7	13	0	3.87202	0.0318572	0.096704
TORANS	6	52	6	27.8277	0.11927	0.219991
TORAS	5	149	43	100.527	0.286638	0.42521
TORC	4	151	13	116.142	0.0907119	0.116709
TORCH	5	38	1	25.7219	0.0421133	0.0570013
TORCS	5	51	5	33.474	0.105295	0.157421
TORE	4	451	248	338.012	0.5466	0.73022
TORES	5	278	164	206.465	0.58497	0.789631
TORI	4	286	56	215.493	0.196474	0.26056
TORIC	5	64	1	41.3435	0.0259266	0.0364376
TORICS	6	25	0	11.0899	0.0213229	0.0390366
TORIES	6	101	33	60.176	0.32195	0.54124
TORII	5	33	0	23.5038	0.0205704	0.0226932
TORN	4	222	59	166.718	0.265149	0.353215
TORNADE	7	15	0	7.4256	0.0284054	0.0586718
TORO	4	141	30	110.012	0.213546	0.273713
TOROID	6	10	0	4.95345	0.0452275	0.0749375
TOROS	5	68	19	47.7175	0.275719	0.394109
TOROSE	6	38	0	22.1918	0.014624	0.0209118
TOROT	5	17	0	11.9029	0.0365128	0.0416853
TOROUS	6	11	0	6.3771	0.0420824	0.0617602
TORPID	6	10	0	6.25805	0.0452275	0.0626819
TORR	4	87	28	68.6372	0.317393	0.404203
TORRET	6	13	1	8.94775	0.0979944	0.140625
TORRID	6	10	1	5.3487	0.119966	0.212235
TORRS	5	39	9	28.6922	0.228722	0.312482
TORS	4	334	158	255.967	0.469714	0.613952
TORSADE	7	10	0	2.64582	0.0389586	0.124566
TORSE	5	218	119	161.548	0.540296	0.731333
TORSEL	6	54	2	35.3558	0.0454016	0.0674317
TORSES	6	46	24	28.3696	0.498282	0.814263
TORSI	5	130	7	87.1368	0.058018	0.0850529
TORSK	5	10	0	7.36522	0.0552445	0.0619727
TORSO	5	78	5	57.2519	0.0704736	0.0942032
TORSOS	6	17	1	8.25793	0.0787609	0.150348
TORT	4	178	58	134.758	0.323505	0.428
TORTA	5	90	25	62.1588	0.275016	0.398921
TORTAS	6	40	12	24.8984	0.290575	0.469618
TORTE	5	108	40	74.1273	0.365031	0.533316
TORTEN	6	43	0	26.9378	0.0130475	0.0174485
TORTES	6	65	27	42.0461	0.403702	0.628355
TORTIE	6	40	2	21.5248	0.0600541	0.107556
TORTIES	7	24	2	7.46952	0.0919329	0.278663
TORTILE	7	12	0	3.74403	0.0339181	0.0990157
TORTS	5	102	38	71.7764	0.366831	0.523195
TORULA	6	12	0	5.19049	0.0393462	0.0723666
TORULI	6	10	0	4.74403	0.0452275	0.0773657
TORUS	5	55	4	38.6863	0.0810609	0.11263
TORY	4	66	4	51.1906	0.0724946	0.090428
TOSA	4	253	3	194.846	0.0160267	0.0196506
TOSAS	5	42	0	30.0686	0.0165144	0.0180416
TOSE	4	400	197	311.798	0.489475	0.628961
TOSED	5	119	57	91.5871	0.470903	0.615504
TOSES	5	116	57	86.8592	0.482711	0.648269
TOSH	4	160	31	124.04	0.194992	0.251329
TOSHED	6	19	2	12.3627	0.116405	0.177536
TOSHER	6	36	6	21.5484	0.167729	0.279361
TOSHES	6	23	9	14.8925	0.364108	0.571893
TOSHIER	7	13	0	3.43054	0.0318572	0.105174
TOSHY	5	12	1	9.43576	0.112101	0.138474
TOSING	6	34	12	20.0216	0.337217	0.574962
TOSS	4	111	37	87.6525	0.329334	0.418726
TOSSED	6	27	7	17.2067	0.250334	0.396287
TOSSEN	6	33	1	19.2017	0.0441216	0.0717001
TOSSER	6	45	18	27.0315	0.384563	0.643468
TOSSIER	7	16	4	5.64045	0.232514	0.624803
TOST	4	178	54	138.768	0.301621	0.387625
TOT	3	176	123	142.945	0.689731	0.852382
TOTAL	5	40	8	26.0728	0.200569	0.306007
TOTALS	6	13	2	6.70541	0.159045	0.296759
TOTE	4	141	84	107.544	0.583958	0.769114
TOTED	5	39	13	28.1462	0.32252	0.451018
TOTEM	5	25	0	18.2226	0.0263154	0.0286318
TOTEMS	6	12	0	8.67415	0.0393462	0.0481102
TOTER	5	83	49	59.5344	0.574228	0.806234
TOTERS	6	45	29	34.1048	0.61193	0.823475
TOTES	5	91	47	67.7424	0.504558	0.682599
TOTHER	6	24	4	16.4475	0.168194	0.24771
TOTHERS	7	13	2	8.66065	0.153377	0.246345
TOTING	6	14	3	7.2792	0.207431	0.388969
TOTS	4	131	48	102.031	0.361836	0.466216
TOUK	4	10	3	8.12937	0.279462	0.354663
TOUN	4	93	25	71.5597	0.267238	0.34799
TOUNS	5	41	10	28.9565	0.240875	0.342157
TOUR	4	86	40	67.3563	0.453072	0.582571
TOURED	6	18	9	11.6367	0.44926	0.711309
TOURER	6	11	3	7.58433	0.250706	0.376211
TOURIE	6	22	0	10.8452	0.0238433	0.0397969
TOURIES	7	11	0	3.10612	0.036264	0.112409
TOURS	5	37	19	27.5901	0.486011	0.662562
TOUSE	5	46	22	34.6301	0.458333	0.61707
TOUSER	6	30	11	18.8319	0.347668	0.559586
TOUSES	6	12	8	8.12134	0.559504	0.863793
TOUSIER	7	11	2	5.25488	0.174594	0.36856
TOUSLE	6	15	0	7.62403	0.032924	0.0535176
TOUSTIE	7	11	0	3.6881	0.036264	0.100061
TOUT	4	50	28	39.1525	0.531755	0.688126
TOUTER	6	18	10	11.8245	0.496032	0.775279
TOUTERS	7	10	5	5.30094	0.410479	0.800194
TOUTIE	6	11	3	4.99219	0.250706	0.52152
TOUTS	5	35	19	25.5519	0.511164	0.71165
TOW	3	107	48	85.8713	0.442971	0.554008
TOWED	5	16	7	12.146	0.394701	0.537258
TOWEL	5	17	10	13.1961	0.520898	0.697988
TOWER	5	24	15	18.0349	0.569866	0.779142
TOWERS	6	14	10	10.9315	0.610194	0.830007
TOWIE	5	13	1	9.07627	0.105366	0.142985
TOWN	4	38	9	30.5821	0.236807	0.295895
TOWNS	5	18	6	13.6921	0.31203	0.420288
TOWS	4	47	19	36.5258	0.388761	0.505337
TOWSE	5	30	5	23.2424	0.171016	0.221333
TOWSED	6	10	2	6.97002	0.194705	0.287721
TOWSER	6	15	1	10.7128	0.0873312	0.12066
TOWT	4	22	1	17.6602	0.0795796	0.0919946
TOWTS	5	11	1	8.9439	0.119756	0.144721
TOY	3	120	28	93.6995	0.235364	0.300884
TOYED	5	13	5	9.30039	0.345683	0.495409
TOYER	5	30	12	21.5235	0.379073	0.535634
TOYERS	6	15	6	11.1873	0.359367	0.503631
TOYO	4	17	0	14.3358	0.0519394	0.0515383
TOYS	4	39	13	29.8102	0.322757	0.425469
TRABS	5	26	3	20.2194	0.126626	0.161323
TRACE	5	76	9	55.7204	0.122466	0.166054
TRACED	6	21	3	12.764	0.147873	0.241664
TRACER	6	25	3	16.2041	0.127031	0.19528
TRACERS	7	11	0	4.76711	0.036264	0.0831307
TRACES	6	39	5	21.7925	0.132259	0.233929
TRACK	5	11	5	7.58856	0.392892	0.584238
TRACT	5	41	1	28.7105	0.0392834	0.0514467
TRACTS	6	21	0	10.8748	0.0248213	0.0397034
TRAD	4	185	39	137.411	0.211459	0.284413
TRADE	5	110	31	75.4455	0.279413	0.40796
TRADED	6	16	3	9.10314	0.186024	0.323412
TRADER	6	28	3	18.3216	0.114887	0.174647
TRADERS	7	11	2	5.97251	0.174594	0.333678
TRADES	6	49	20	29.725	0.393379	0.651953
TRADIE	6	44	1	27.6814	0.0338781	0.0510202
TRADIES	7	24	1	8.65446	0.0555139	0.149071
TRADS	5	62	13	44.1932	0.209519	0.294199
TRAGI	5	41	0	25.8144	0.0168843	0.0208052
TRAIK	5	20	2	13.3952	0.116466	0.167895
TRAIL	5	112	29	74.2274	0.257286	0.388232
TRAILED	7	17	6	6.83466	0.318909	0.773282
TRAILER	7	18	3	7.95507	0.164241	0.369064
TRAILS	6	43	12	24.924	0.27178	0.469167
TRAIN	5	176	78	112.538	0.438386	0.686292
TRAINED	7	26	10	13.7207	0.357263	0.686862
TRAINEE	7	21	2	9.6178	0.103209	0.225345
TRAINER	7	29	13	17.863	0.416669	0.694814
TRAINERS	8	14	7	8.80127	0.43099	0.723265
TRAINS	6	81	41	46.7111	0.493069	0.856905
TRAIT	5	111	30	73.1757	0.268253	0.406975
TRAITS	6	52	14	28.8258	0.263726	0.474713
TRAM	4	161	29	116.626	0.181752	0.250184
TRAMEL	6	18	0	10.6986	0.0283042	0.0402669
TRAMP	5	24	2	16.749	0.0996138	0.137795
TRAMS	5	64	9	41.4926	0.144192	0.220427
TRANCE	6	19	3	9.38196	0.161088	0.31529
TRANGLE	7	11	1	5.4334	0.105429	0.217243
TRANNIE	7	11	2	5.78996	0.174594	0.34191
TRANS	5	152	26	100.243	0.17189	0.260052
TRANSE	6	70	8	39.3582	0.117268	0.206928
TRANSES	7	15	2	5.64349	0.136758	0.348814
TRANSIT	7	20	0	6.92142	0.0223509	0.0621391
TRANT	5	90	18	56.7847	0.200265	0.316254
TRANTED	7	11	3	3.50712	0.243759	0.689862
TRANTER	7	15	1	7.23355	0.0825819	0.173022
TRANTS	6	42	10	24.7476	0.233697	0.396727
TRAP	4	141	35	102.612	0.247843	0.340347
TRAPE	5	72	21	49.4753	0.287578	0.419525
TRAPED	6	14	3	9.04724	0.207431	0.325092
TRAPES	6	40	15	24.5549	0.359732	0.589941
TRAPING	7	11	5	6.89421	0.382089	0.650278
TRAPS	5	55	17	37.6153	0.302735	0.444177
TRAPSE	6	33	11	20.1921	0.318998	0.524849
TRAPT	5	26	1	17.291	0.0591605	0.0819664
TRASH	5	101	22	69.8312	0.217439	0.314499
TRASHED	7	14	3	6.39839	0.201871	0.440802
TRASHER	7	11	4	4.34613	0.312924	0.760578
TRASHES	7	10	5	5.05647	0.410479	0.829539
TRASHY	6	12	1	7.0004	0.104366	0.172032
TRASS	5	61	3	41.9278	0.0580681	0.0815245
TRAT	4	246	49	180.31	0.199899	0.272395
TRATS	5	138	23	94.1112	0.1677	0.245424
TRAVE	5	25	4	18.3082	0.165957	0.225878
TRAVES	6	10	1	5.40238	0.119966	0.210636
TRAWL	5	16	1	10.9586	0.0892757	0.122149
TRAY	4	99	20	76.9759	0.203611	0.261713
TRAYNE	6	12	0	7.24454	0.0393462	0.0557833
TRAYS	5	35	9	23.7493	0.252397	0.372563
TREAD	5	124	13	85.7215	0.107751	0.154856
TREADER	7	16	1	6.93263	0.0783378	0.179117
TREADLE	7	14	0	7.67469	0.0300325	0.0570978
TREADS	6	37	6	24.3166	0.163575	0.249659
TREASON	7	29	0	10.8315	0.0161535	0.0426102
TREAT	5	168	23	114.143	0.138389	0.20308
TREATED	7	16	4	5.90067	0.232514	0.603156
TREATER	7	18	3	7.4013	0.164241	0.391743
TREATISE	8	11	0	2.85887	0.036264	0.118628
TREATS	6	84	13	53.9282	0.155701	0.2426
TREATY	6	17	0	10.9024	0.029693	0.0396166
TREE	4	239	78	179.044	0.324597	0.433747
TREED	5	107	22	75.4329	0.205647	0.291735
TREEN	5	110	39	77.1339	0.349808	0.500399
TREENS	6	45	20	27.8616	0.425903	0.693022
TREES	5	148	48	105.701	0.3215	0.451216
TREF	4	118	3	89.9514	0.033648	0.0418686
TREFA	5	37	0	27.6357	0.018546	0.0195248
TREK	4	62	2	43.7866	0.0468891	0.0618828
TREKS	5	26	2	19.7128	0.0928933	0.11895
TREM	4	177	4	129.731	0.0282282	0.0368478
TREMA	5	87	0	61.066	0.00831595	0.00916821
TREMAS	6	30	0	17.7049	0.0181289	0.0257423
TREMIES	7	11	0	3.84858	0.036264	0.0971193
TREMOR	6	18	0	10.1769	0.0283042	0.0420327
TREMS	5	66	2	47.3874	0.0395406	0.0522398
TRENAIL	7	32	1	13.0725	0.042989	0.104214
TRENAILS	8	13	1	4.87442	0.0926172	0.23597
TRENCH	6	13	0	8.38917	0.0369441	0.0494666
TREND	5	131	30	92.8333	0.228407	0.322578
TRENDS	6	46	11	31.0417	0.235017	0.35103
TRENISE	7	43	0	17.7094	0.0112857	0.0274407
TRENISES	8	11	0	3.53459	0.036264	0.103047
TREPANS	7	13	0	6.08041	0.0318572	0.0689345
TRES	4	664	33	490.892	0.0510351	0.0686314
TRESS	5	93	6	66.0183	0.0698827	0.0967655
TRESSY	6	11	1	7.35749	0.111624	0.165264
TREST	5	202	3	145.732	0.0182538	0.0242252
TRESTLE	7	12	0	3.75553	0.0339181	0.0988036
TRESTS	6	30	0	20.2186	0.0181289	0.0227926
TRET	4	323	14	232.844	0.0461629	0.0631582
TRETS	5	168	9	115.972	0.0568255	0.0812155
TREVIS	6	11	0	6.75067	0.0420824	0.0590361
TREW	4	104	17	79.506	0.166674	0.21723
TREWS	5	46	12	33.4436	0.256901	0.355283
TREY	4	108	3	80.9803	0.0366314	0.0463506
TREYF	5	16	0	11.7583	0.0383715	0.0421248
TREYS	5	39	0	28.4867	0.0176762	0.0189791
TRIAC	5	59	0	40.5422	0.0120329	0.0135956
TRIACS	6	26	0	12.2943	0.0205971	0.0356817
TRIACT	6	15	0	7.33567	0.032924	0.0552219
TRIAD	5	80	7	54.492	0.0926992	0.134238
TRIADS	6	30	5	17.9004	0.167919	0.280336
TRIAGE	6	25	2	12.6502	0.0917952	0.173984
TRIAGES	7	15	2	6.51902	0.136758	0.311246
TRIAL	5	109	26	69.2145	0.237506	0.373425
TRIALED	7	13	3	4.05876	0.214137	0.62273
TRIALS	6	47	12	24.1708	0.250202	0.482817
TRIBE	5	18	0	11.9192	0.0348259	0.0416364
TRICE	5	58	9	37.3984	0.158226	0.243358
TRICED	6	15	1	7.71659	0.0873312	0.158974
TRICES	6	29	6	14.1479	0.203989	0.40966
TRICOT	6	10	0	4.26273	0.0452275	0.0835905
TRIDE	5	138	35	96.8932	0.252419	0.35991
TRIE	4	423	113	315.033	0.266797	0.358289
TRIED	5	137	37	95.753	0.268434	0.384579
TRIELLA	7	11	0	5.77367	0.036264	0.0717982
TRIENE	6	34	0	21.0898	0.0161889	0.0219221
TRIENES	7	21	0	7.46048	0.0214371	0.0584462
TRIENS	6	79	1	45.8122	0.0194846	0.0315586
TRIER	5	119	24	79.4263	0.201833	0.301995
TRIERS	6	50	14	31.1585	0.273607	0.441031
TRIES	5	260	80	183.337	0.306298	0.43486
TRIFLE	6	11	0	7.54518	0.0420824	0.0539731
TRIG	4	99	7	71.6222	0.0783498	0.105908
TRIGO	5	32	0	18.8279	0.0211475	0.027798
TRIGON	6	15	0	8.95236	0.032924	0.0468559
TRIGOS	6	15	0	8.36227	0.032924	0.0495986
TRIGS	5	35	1	22.5393	0.0453826	0.0644065
TRIKE	5	19	10	14.2956	0.474892	0.650774
TRILL	5	36	14	23.2231	0.37215	0.578905
TRILLO	6	10	1	5.78417	0.119966	0.199918
TRILLS	6	12	5	7.26223	0.364445	0.61239
TRIM	4	114	25	84.2345	0.219992	0.297325
TRIMER	6	15	3	9.7291	0.196145	0.305729
TRIMS	5	44	9	30.6943	0.204719	0.293322
TRIN	4	329	119	238.562	0.359908	0.496653
TRINAL	6	57	0	31.308	0.0100222	0.0151396
TRINE	5	200	96	132.428	0.475111	0.718659
TRINED	6	58	10	34.4561	0.172779	0.290255
TRINES	6	115	61	71.4804	0.520402	0.840171
TRINGLE	7	12	2	7.30604	0.163299	0.283772
TRINS	5	158	41	105.778	0.258306	0.385922
TRIO	4	225	6	173.252	0.0310354	0.0390988
TRIODE	6	30	0	20.3589	0.0181289	0.0226478
TRIODES	7	15	0	7.82655	0.0284054	0.0561789
TRIOL	5	63	2	42.9101	0.0413205	0.0574525
TRIOLS	6	18	0	10.291	0.0283042	0.0416332
TRIONES	7	31	0	12.9765	0.0152159	0.0363443
TRIOR	5	41	0	26.0806	0.0168843	0.0206077
TRIORS	6	14	0	8.26356	0.0348184	0.050089
TRIOS	5	94	4	63.7375	0.0486846	0.0696817
TRIOSE	6	52	0	29.6296	0.0109271	0.0159502
TRIP	4	98	14	72.0304	0.147216	0.198847
TRIPE	5	48	9	31.0033	0.188863	0.290572
TRIPES	6	25	5	16.2224	0.197504	0.306554
TRIPLE	6	11	1	5.96564	0.111624	0.195197
TRIPOS	6	10	0	5.62457	0.0452275	0.068089
TRIPS	5	42	7	28.2101	0.169873	0.251181
TRISECT	7	15	0	5.74259	0.0284054	0.0721017
TRIST	5	103	0	67.3009	0.0070683	0.00834287
TRISTE	6	57	0	34.3489	0.0100222	0.0138632
TRISUL	6	13	0	6.53826	0.0369441	0.0605547
TRITE	5	104	22	70.1113	0.211379	0.313277
TRITER	6	29	0	18.4273	0.0186888	0.0248193
TRITES	6	61	13	38.3652	0.211326	0.336791
TRITON	6	24	0	12.1622	0.0221016	0.0360211
TRITONE	7	12	0	3.19902	0.0339181	0.110237
TRITONS	7	11	0	2.54662	0.036264	0.127539
TRIUNE	6	16	0	9.7673	0.0312252	0.0435315
TROAD	5	62	1	43.7653	0.0267165	0.0345076
TROADE	6	30	0	17.9072	0.0181289	0.025477
TROADES	7	12	0	4.52588	0.0339181	0.086399
TROADS	6	19	1	12.4045	0.0717223	0.106207
TROAK	5	12	1	8.66414	0.112101	0.148532
TROAT	5	96	11	67.106	0.117957	0.167637
TROATED	7	11	0	3.49371	0.036264	0.103872
TROATS	6	49	4	30.0113	0.087918	0.141821
TROCAR	6	12	0	6.07772	0.0393462	0.0641316
TROCHE	6	13	1	6.52104	0.0979944	0.18204
TROCHI	6	12	0	5.22443	0.0393462	0.0720129
TROCK	5	10	1	7.23068	0.128533	0.171702
TROD	4	166	22	126.44	0.135443	0.177037
TRODE	5	103	18	73.3094	0.175853	0.246822
TRODES	6	42	12	27.3755	0.277769	0.429634
TRODS	5	67	9	47.6151	0.138068	0.193204
TROG	4	85	4	62.0789	0.0571533	0.0752573
TROGS	5	30	2	19.6791	0.0818493	0.119136
TROIS	5	129	12	84.936	0.09615	0.144748
TROKE	5	19	4	14.4732	0.209929	0.278594
TROLL	5	25	3	16.3557	0.131047	0.195357
TROLLS	6	10	3	5.52132	0.269444	0.483406
TRON	4	284	74	212.197	0.260165	0.348267
TRONA	5	117	2	76.4216	0.0228257	0.0328887
TRONAS	6	49	2	25.6484	0.0497355	0.0913501
TRONC	5	42	0	29.0275	0.0165144	0.0186478
TRONCS	6	18	0	9.47443	0.0283042	0.0446705
TRONE	5	151	51	101.615	0.334663	0.497984
TRONES	6	88	32	51.413	0.356809	0.611685
TRONS	5	134	28	93.2175	0.208899	0.300262
TROOP	5	24	8	17.3586	0.316653	0.444051
TROOPS	6	12	6	7.96272	0.429465	0.67137
TROP	4	106	19	79.3883	0.181719	0.241869
TROPE	5	45	10	30.6482	0.221068	0.324405
TROPED	6	12	1	7.80854	0.104366	0.15744
TROPES	6	17	6	11.8366	0.3241	0.479508
TROPIN	6	13	2	7.48969	0.159045	0.271484
TROT	4	178	27	134.758	0.153906	0.202677
TROTH	5	35	0	23.9155	0.0195058	0.0223321
TROTHS	6	13	0	6.86103	0.0369441	0.0582767
TROTS	5	103	16	69.9904	0.157099	0.230411
TROU	4	110	12	85.017	0.114402	0.14668
TROULE	6	12	0	6.39621	0.0393462	0.0616147
TROUSE	6	25	4	15.4022	0.162268	0.262833
TROUT	5	26	2	18.2133	0.0928933	0.127793
TROUTS	6	14	2	7.84888	0.149894	0.261293
TROVE	5	15	2	9.79505	0.147698	0.219321
TROW	4	70	12	54.3374	0.175593	0.225407
TROWED	6	11	2	6.97879	0.181165	0.287431
TROWEL	6	10	1	5.60167	0.119966	0.204901
TROWS	5	27	7	20.0513	0.253022	0.344291
TROY	4	59	4	46.0964	0.0804506	0.0998448
TROYS	5	18	1	12.2684	0.0810265	0.110903
TRUANT	6	10	0	5.8916	0.0452275	0.0657
TRUCE	5	26	0	17.5772	0.0254277	0.0295777
TRUCED	6	10	0	5.14916	0.0452275	0.0728021
TRUE	4	136	8	107.35	0.0648614	0.0806397
TRUED	5	42	3	28.415	0.0822394	0.117794
TRUER	5	29	0	19.4097	0.0230909	0.0270411
TRUES	5	66	6	46.5934	0.096975	0.13548
TRUEST	6	27	3	16.403	0.118668	0.193137
TRUG	4	24	2	20.1145	0.108792	0.125748
TRUGO	5	12	0	8.26109	0.0481822	0.05654
TRULL	5	12	1	7.70306	0.112101	0.163307
TRUSS	5	19	1	11.745	0.0774483	0.115139
TRUST	5	35	2	23.8198	0.0712593	0.0999992
TRUTH	5	13	0	9.23677	0.0452874	0.0516126
TRY	3	146	9	116.237	0.0679834	0.0836576
TRYE	4	52	6	40.4655	0.12559	0.159034
TRYER	5	15	1	10.5437	0.0940639	0.126203
TRYST	5	10	0	7.31551	0.0552445	0.0623048
TSADE	5	106	0	72.76	0.0068749	0.00773332
TSADES	6	24	0	14.6809	0.0221016	0.030489
TSADI	5	79	0	54.7538	0.00912093	0.0101887
TSAR	4	469	1	352.726	0.00449872	0.00529976
TSARIST	7	10	0	3.37367	0.0389586	0.106374
TSARS	5	108	1	73.2596	0.0157087	0.0209766
TSIGANE	7	10	0	6.14106	0.0389586	0.0683951
TSK	3	95	2	72.9246	0.0323247	0.0388583
TSKED	5	19	0	15.102	0.033288	0.0338688
TSKS	4	11	0	8.72402	0.0716838	0.0765858
TSORES	6	79	1	51.0779	0.0194846	0.0284111
TSOTSI	6	16	0	6.48293	0.0312252	0.0609633
TSUBA	5	10	0	6.33925	0.0552445	0.0696351
TSURIS	6	15	0	8.04124	0.032924	0.0512299
TUAN	4	87	1	69.0655	0.0232223	0.0262118
TUANS	5	37	1	26.1055	0.0431494	0.0562222
TUART	5	30	0	20.7086	0.0224046	0.0254916
TUARTS	6	17	0	10.6543	0.029693	0.0404108
TUATH	5	19	0	13.7447	0.033288	0.0367963
TUATHS	6	10	0	5.82718	0.0452275	0.0662609
TUB	3	65	9	51.3976	0.147704	0.184399
TUBA	4	22	0	17.474	0.0422432	0.0435695
TUBAR	5	10	0	7.17822	0.0552445	0.063241
TUBAS	5	11	0	7.8091	0.0514722	0.0591564
TUBE	4	21	2	17.6208	0.121451	0.141087
TUBED	5	11	1	8.71303	0.119756	0.147852
TUBER	5	14	1	9.77241	0.0993949	0.1345
TUBES	5	11	1	8.2081	0.119756	0.155195
TUBS	4	26	4	20.6965	0.166694	0.207673
TUCHIS	6	10	0	5.03485	0.0452275	0.0740343
TUFT	4	12	1	9.25982	0.126995	0.155953
TUG	3	62	10	50.4684	0.169545	0.206535
TUGRA	5	13	0	10.0094	0.0452874	0.0482805
TUGS	4	15	7	11.8006	0.411021	0.539157
TUI	3	191	16	148.695	0.0881847	0.112006
TUILE	5	31	1	21.6452	0.0506223	0.0668461
TUILES	6	19	1	11.378	0.0717223	0.114532
TUINA	5	42	0	28.1625	0.0165144	0.0191833
TUINAS	6	19	0	10.5958	0.0270395	0.0406028
TUIS	4	89	0	70.521	0.0120642	0.0120572
TUISM	5	12	0	8.28564	0.0481822	0.0564046
TULE	4	91	14	70.6431	0.157975	0.202602
TULES	5	52	5	37.8805	0.103402	0.140009
TULLE	5	17	5	11.7769	0.278705	0.406089
TUM	3	112	29	90.4175	0.260201	0.322286
TUMOR	5	13	0	9.65696	0.0452874	0.0497455
TUMP	4	22	4	17.6382	0.191589	0.238713
TUMS	4	38	7	30.6794	0.19006	0.235338
TUN	3	247	107	195.459	0.430959	0.545355
TUNA	4	106	11	81.7478	0.109506	0.140525
TUNAS	5	52	5	36.9266	0.103402	0.143443
TUND	4	57	16	43.2272	0.277282	0.366652
TUNDS	5	17	5	14.0099	0.278705	0.3493
TUNE	4	127	59	97.4319	0.456289	0.597322
TUNED	5	45	19	32.8896	0.406083	0.561802
TUNER	5	72	27	49.6745	0.366897	0.534111
TUNERS	6	31	10	19.6306	0.308469	0.491813
TUNES	5	69	32	50.8532	0.450876	0.616866
TUNG	4	39	9	29.2774	0.231398	0.307921
TUNGS	5	12	2	8.59116	0.176021	0.244348
TUNIC	5	13	3	8.1995	0.225525	0.352213
TUNIER	6	32	2	18.9777	0.0736333	0.120793
TUNIEST	7	11	1	3.74655	0.105429	0.285655
TUNS	4	108	28	83.4781	0.258295	0.334693
TUNY	4	23	0	18.812	0.0407228	0.0408749
TUP	3	83	13	65.9973	0.163109	0.203507
TUPS	4	36	2	28.0146	0.0767816	0.0935333
TURBO	5	11	0	6.99857	0.0514722	0.0645094
TURD	4	51	3	38.5963	0.0740617	0.093781
TURDS	5	19	1	13.2027	0.0774483	0.104069
TUREEN	6	15	0	8.70325	0.032924	0.0479758
TURF	4	28	2	21.7859	0.0955182	0.117207
TURION	6	16	0	8.0834	0.0312252	0.0510096
TURK	4	10	3	7.7485	0.279462	0.367441
TURM	4	35	5	27.8796	0.15412	0.191657
TURME	5	20	3	13.418	0.158758	0.232679
TURMS	5	14	1	10.2781	0.0993949	0.128942
TURN	4	85	20	65.6051	0.23536	0.305202
TURNED	6	17	5	10.4825	0.275032	0.450765
TURNER	6	10	3	5.35106	0.269444	0.495047
TURNS	5	34	8	24.1864	0.232537	0.328086
TURNT	5	17	2	11.0928	0.13339	0.197513
TURR	4	32	3	25.3829	0.112317	0.137714
TURRS	5	18	2	12.8259	0.127227	0.17436
TUSH	4	63	19	52.4218	0.296996	0.359933
TUSHIE	6	13	3	8.70987	0.220095	0.335608
TUSSAR	6	10	0	5.4426	0.0452275	0.0698191
TUSSEH	6	13	0	8.62826	0.0369441	0.0483235
TUSSER	6	20	0	13.4242	0.0258829	0.0330191
TUT	3	81	22	64.4887	0.272734	0.342552
TUTEE	5	17	0	13.6777	0.0365128	0.036954
TUTOR	5	28	0	19.45	0.0238206	0.0269903
TUTORS	6	13	0	6.46792	0.0369441	0.061075
TUTS	4	60	10	47.7801	0.171825	0.215093
TUTU	4	16	0	13.3484	0.0544384	0.0546851
TUYER	5	11	0	8.13447	0.0514722	0.0572494
TWA	3	134	11	108.122	0.0883768	0.107886
TWAE	4	51	0	40.3492	0.0202824	0.0204837
TWAES	5	29	0	22.3039	0.0230909	0.0238155
TWAIN	5	24	3	18.5182	0.135787	0.174725
TWAINS	6	11	2	7.6061	0.181165	0.268095
TWAL	4	50	2	39.3057	0.0571599	0.0684649
TWALS	5	23	2	17.3792	0.103352	0.133305
TWAS	4	74	3	58.3378	0.0524402	0.0635102
TWAT	4	27	1	20.0293	0.0670606	0.0824572
TWATS	5	14	1	10.0535	0.0993949	0.131353
TWEE	4	36	9	28.7149	0.24842	0.313413
TWEED	5	14	2	10.7751	0.156069	0.20244
TWEEL	5	11	0	8.19008	0.0514722	0.0569357
TWEEN	5	24	6	18.5234	0.244307	0.32115
TWEENS	6	12	4	6.46081	0.299425	0.550137
TWEER	5	23	5	18.2219	0.215945	0.276397
TWEERS	6	14	2	10.1106	0.149894	0.211336
TWEET	5	13	0	9.19821	0.0452874	0.051791
TWIER	5	34	2	26.902	0.0731522	0.0893198
TWIERS	6	21	1	14.5075	0.0658386	0.0924423
TWIG	4	16	2	12.8784	0.150669	0.183701
TWILT	5	13	0	9.28905	0.0452874	0.0513727
TWIN	4	51	8	41.9075	0.163694	0.19862
TWINE	5	33	4	26.013	0.129727	0.16366
TWINED	6	11	0	6.32853	0.0420824	0.0621329
TWINER	6	14	0	9.37508	0.0348184	0.0450705
TWINERS	7	10	0	6.04899	0.0389586	0.0692173
TWINES	6	23	3	15.368	0.136662	0.204835
TWINS	5	29	4	21.8467	0.145622	0.192303
TWIRE	5	29	2	21.3568	0.0843565	0.110563
TWIRES	6	18	2	10.7501	0.12185	0.200497
TWIT	4	28	1	22.313	0.0650151	0.0749656
TWITE	5	14	0	10.1626	0.0427208	0.0476704
TWITS	5	11	0	8.05266	0.0514722	0.0577172
TWO	3	101	4	80.1481	0.0495131	0.0596746
TWOER	5	20	0	14.7493	0.0318801	0.0345838
TWOERS	6	11	0	8.58983	0.0420824	0.0485037
TWOS	4	46	3	36.7819	0.0813536	0.0980774
TYDE	4	41	0	32.8719	0.0247124	0.0247746
TYE	3	136	20	106.428	0.151367	0.192228
TYED	4	46	1	35.5028	0.0419707	0.0491661
TYEE	4	23	0	18.2647	0.0407228	0.0419358
TYEES	5	14	0	10.1629	0.0427208	0.0476693
TYER	4	81	6	59.6489	0.0831328	0.110199
TYERS	5	43	4	31.5837	0.101915	0.136479
TYES	4	81	14	62.8506	0.176391	0.226642
TYG	3	36	0	28.5327	0.0300079	0.0299813
TYGS	4	10	0	8.16771	0.0765327	0.0804624
TYIN	4	47	0	37.0986	0.0218491	0.0221516
TYING	5	12	0	8.51866	0.0481822	0.0551501
TYLER	5	24	0	16.0417	0.0272673	0.0321007
TYLERS	6	11	0	7.15809	0.0420824	0.0563266
TYNDE	5	16	0	11.4417	0.0383715	0.0431201
TYNE	4	59	1	45.0397	0.0334165	0.0393695
TYNED	5	22	1	14.8561	0.0683882	0.0938356
TYNES	5	37	0	25.9976	0.018546	0.0206688
TYPE	4	26	0	20.5411	0.0367541	0.0378499
TYPES	5	16	0	12.2998	0.0383715	0.0405251
TYPO	4	22	0	17.0768	0.0422432	0.0444393
TYRANS	6	11	0	6.63086	0.0420824	0.0598832
TYRE	4	83	4	64.2667	0.0584554	0.0728031
TYRED	5	22	1	15.6556	0.0683882	0.0895766
TYRES	5	52	3	37.3009	0.0674601	0.0911326
TYRO	4	55	0	42.3911	0.0189253	0.0195586
TYRONES	7	12	0	6.04517	0.0339181	0.0692518
TYTE	4	29	0	22.7214	0.0334903	0.0346193
UDALS	5	22	0	14.8175	0.0293938	0.0344433
UDDER	5	11	1	7.40435	0.119756	0.168517
UDO	3	130	1	100.206	0.0164278	0.0187896
UDON	4	54	0	41.9066	0.0192472	0.0197705
UDONS	5	30	0	20.9356	0.0224046	0.0252388
UDOS	4	58	1	45.6791	0.0339487	0.0388505
UDS	3	148	0	112.751	0.00790758	0.00806261
UEY	3	54	0	42.1701	0.020707	0.0208172
UFO	3	56	2	41.7827	0.0533099	0.0662186
UFOS	4	24	0	18.1578	0.039308	0.0421495
UGHS	4	18	0	14.017	0.0496597	0.0525139
UGS	3	64	1	49.9856	0.0323551	0.0367866
UHLAN	5	14	0	10.3958	0.0427208	0.0467704
UKE	3	28	3	21.7007	0.131026	0.162702
UKES	4	13	3	10.4724	0.232318	0.29216
ULCER	5	19	0	14.3654	0.033288	0.0353971
ULE	3	250	11	192.483	0.0480275	0.0611954
ULES	4	144	6	111.338	0.0479315	0.0603035
ULMIN	5	12	0	8.70199	0.0481822	0.0542017
ULNA	4	68	0	53.8953	0.015545	0.0155915
ULNAD	5	16	0	11.5775	0.0383715	0.0426876
ULNAE	5	41	0	29.0498	0.0168843	0.0186344
ULNAR	5	30	0	21.8646	0.0224046	0.0242547
ULNARE	6	21	0	12.1511	0.0248213	0.03605
ULNAS	5	26	0	17.7597	0.0254277	0.0293039
ULOSES	6	11	0	7.02537	0.0420824	0.0571815
ULSTER	6	37	0	24.2356	0.0149862	0.019265
ULSTERS	7	12	0	6.98039	0.0339181	0.0617126
ULTION	6	10	0	5.20211	0.0452275	0.0722451
ULTRAS	6	14	0	7.37722	0.0348184	0.0549697
ULU	3	29	0	23.014	0.036359	0.0364798
ULUS	4	18	0	13.622	0.0496597	0.0537752
ULVA	4	10	0	8.78107	0.0765327	0.0762093
UMBER	5	12	0	7.72873	0.0481822	0.0596472
UMBO	4	12	0	10.325	0.0674127	0.0672599
UMBRE	5	12	0	8.2449	0.0481822	0.0566298
UME	3	133	4	106.176	0.0379542	0.0453755
UMES	4	66	1	51.0016	0.0301118	0.0350087
UMM	3	19	1	13.7825	0.0954554	0.118849
UMP	3	38	2	30.6696	0.0761168	0.0884401
UMPS	4	14	0	10.7862	0.0602348	0.0649809
UMS	3	104	0	84.928	0.011127	0.0106301
UMU	3	19	0	15.8619	0.0521166	0.0507306
UNAI	4	101	3	75.2536	0.0390554	0.0497503
UNAIRED	7	10	0	4.56446	0.0389586	0.0858591
UNAIS	5	51	1	35.6381	0.0320945	0.0419671
UNALIST	7	10	0	3.54515	0.0389586	0.102836
UNAPT	5	13	0	8.44748	0.0452874	0.0555274
UNARM	5	20	0	13.5995	0.0318801	0.0371395
UNARY	5	10	0	7.56689	0.0552445	0.0606606
UNAUS	5	11	0	7.89135	0.0514722	0.0586624
UNBAR	5	10	0	8.26936	0.0552445	0.0564944
UNBE	4	23	2	18.2585	0.112708	0.136819
UNBEAR	6	10	1	6.12483	0.119966	0.191235
UNCASE	6	14	1	7.40526	0.092356	0.164399
UNCAST	6	10	0	4.17455	0.0452275	0.0848413
UNCE	4	57	4	45.4315	0.0830549	0.10122
UNCES	5	37	3	28.1321	0.0923563	0.118901
UNCI	4	50	6	40.0811	0.130175	0.160459
UNCIA	5	20	0	13.0771	0.0318801	0.0384301
UNCO	4	37	4	30.5111	0.12281	0.146527
UNCOS	5	17	3	12.5136	0.181828	0.24722
UNDAM	5	10	0	7.32744	0.0552445	0.0622248
UNDATE	6	14	1	8.07068	0.092356	0.153224
UNDATES	7	10	1	5.29295	0.113263	0.221663
UNDE	4	95	30	73.834	0.31199	0.402891
UNDEALT	7	10	0	4.9401	0.0389586	0.0809352
UNDEAR	6	21	0	10.3728	0.0248213	0.0413516
UNDEE	5	19	3	15.2865	0.165769	0.207468
UNDER	5	61	24	44.2223	0.382921	0.532207
UNDIES	6	16	5	10.726	0.289224	0.441945
UNDO	4	68	7	53.0313	0.111721	0.141159
UNDOER	6	23	4	14.9338	0.17457	0.270225
UNDOERS	7	12	1	8.00155	0.0986087	0.159197
UNDOES	6	19	2	11.6701	0.116405	0.186721
UNDONE	6	11	0	6.98721	0.0420824	0.0574322
UNDOS	5	34	2	24.4399	0.0731522	0.0976504
UNDREST	7	12	0	5.6597	0.0339181	0.0729238
UNDY	4	16	0	12.7165	0.0544384	0.0569088
UNEARED	7	10	0	2.52367	0.0389586	0.128247
UNEARTH	7	12	0	4.47024	0.0339181	0.0871895
UNEATH	6	26	0	14.6768	0.0205971	0.0304967
UNGET	5	19	3	12.0373	0.165769	0.255633
UNGIRT	6	11	0	6.8409	0.0420824	0.0584138
UNGOT	5	11	0	6.05246	0.0514722	0.072128
UNHAT	5	20	0	12.8842	0.0318801	0.0389294
UNI	3	281	10	218.437	0.0392969	0.0494776
UNICA	5	20	0	14.0004	0.0318801	0.0362066
UNION	5	19	0	12.8916	0.033288	0.0389102
UNIS	4	138	0	106.454	0.00792403	0.0080925
UNISON	6	14	0	9.05696	0.0348184	0.0464011
UNIT	4	147	6	114.688	0.0469842	0.0585845
UNITAL	6	16	0	10.0681	0.0312252	0.0424206
UNITE	5	84	6	55.3926	0.0770588	0.114694
UNITED	6	25	1	17.0443	0.056559	0.0799444
UNITER	6	47	2	31.4289	0.0517099	0.07542
UNITERS	7	21	1	10.9798	0.0623232	0.121538
UNITES	6	49	3	29.8111	0.0688268	0.111006
UNITS	5	78	1	54.1402	0.0214808	0.0281258
UNITY	5	14	1	8.36137	0.0993949	0.15289
UNLAST	6	16	1	9.36009	0.0828249	0.135392
UNLAW	5	11	0	7.72355	0.0514722	0.0596791
UNLET	5	25	1	17.6232	0.0612258	0.0805758
UNLID	5	14	0	10.1949	0.0427208	0.0475437
UNLINE	6	10	1	6.88817	0.119966	0.174275
UNLIT	5	31	2	21.8978	0.0794867	0.108056
UNMADE	6	10	2	5.73113	0.194705	0.335567
UNMET	5	14	1	9.83676	0.0993949	0.133766
UNNEST	6	14	0	8.15125	0.0348184	0.0506589
UNRATED	7	13	1	5.06423	0.0926172	0.229259
UNREAD	6	17	0	10.918	0.029693	0.0395677
UNREAL	6	23	0	13.5723	0.0229395	0.0326993
UNRED	5	52	2	35.6174	0.0494889	0.0686028
UNREEL	6	10	1	5.77913	0.119966	0.200052
UNREIN	6	17	0	11.1477	0.029693	0.0388613
UNRENT	6	14	0	8.70149	0.0348184	0.047984
UNREST	6	34	8	20.5088	0.230207	0.382405
UNRID	5	23	2	14.9807	0.103352	0.15218
UNRIG	5	16	0	11.0618	0.0383715	0.0443781
UNRIP	5	11	0	7.21096	0.0514722	0.0630152
UNS	3	266	52	207.147	0.196992	0.252531
UNSATED	7	10	0	2.78232	0.0389586	0.120695
UNSEAL	6	30	3	15.8725	0.108003	0.19896
UNSEAM	6	14	0	8.40067	0.0348184	0.0494103
UNSEAT	6	35	2	18.9352	0.0678777	0.121041
UNSEATS	7	12	1	4.36207	0.0986087	0.256214
UNSEE	5	28	2	20.911	0.0870223	0.112718
UNSEEN	6	10	1	5.54859	0.119966	0.206398
UNSENT	6	15	1	8.752	0.0873312	0.143254
UNSET	5	69	6	49.3635	0.0929702	0.128167
UNSETS	6	23	1	12.2114	0.0608471	0.10768
UNSEW	5	16	0	11.773	0.0383715	0.0420798
UNSHOT	6	10	0	4.77744	0.0452275	0.0769677
UNSOD	5	25	0	16.668	0.0263154	0.0310213
UNSPAR	6	10	0	6.80345	0.0452275	0.0586705
UNSPED	6	12	0	6.82307	0.0393462	0.0585358
UNTEAM	6	10	1	4.91932	0.119966	0.225963
UNTENT	6	11	0	5.3599	0.0420824	0.0706347
UNTIE	5	70	7	46.1497	0.105287	0.157516
UNTIED	6	24	2	14.2971	0.0951478	0.156094
UNTIES	6	41	4	23.1697	0.103766	0.180805
UNTIL	5	48	1	32.6147	0.0339589	0.0456371
UNTILE	6	22	1	11.9742	0.0632445	0.109545
UNTILES	7	10	1	5.76535	0.113263	0.207465
UNTIN	5	35	3	24.3585	0.0971361	0.13595
UNTINS	6	19	1	10.5669	0.0717223	0.122093
UNTIRED	7	15	0	6.12656	0.0284054	0.0685233
UNTO	4	105	8	82.3523	0.0831766	0.104307
UNTRIDE	7	12	0	5.08105	0.0339181	0.0792304
UNTRIED	7	11	0	5.63063	0.036264	0.0732166
UNTRUE	6	12	0	6.68949	0.0393462	0.0594657
UNWIT	5	13	1	10.4393	0.105366	0.127265
UPDO	4	14	0	9.88279	0.0602348	0.0696011
UPEND	5	10	0	7.23957	0.0552445	0.0628192
UPGO	4	10	0	7.37184	0.0765327	0.0867439
UPLEAN	6	11	0	5.94925	0.0420824	0.065206
UPO	3	88	0	66.0461	0.0130606	0.0135605
UPRAN	5	10	0	6.58303	0.0552445	0.0676477
UPRATE	6	13	0	7.26296	0.0369441	0.0556689
UPREST	6	12	0	7.2813	0.0393462	0.0555555
UPRISE	6	12	0	7.19738	0.0393462	0.0560784
UPROSE	6	12	0	7.018	0.0393462	0.0572297
UPS	3	104	1	80.1544	0.0203799	0.0233508
UPSEE	5	16	0	12.4726	0.0383715	0.0400398
UPSETS	6	12	0	8.58015	0.0393462	0.0485493
UPSIES	6	11	0	6.00799	0.0420824	0.0647104
UPSTARE	7	13	0	4.93934	0.0318572	0.0809447
UPTORE	6	11	0	6.35832	0.0420824	0.0619038
URAEUS	6	11	0	6.45924	0.0420824	0.0611399
URALI	5	49	0	31.4013	0.0143186	0.0173209
URALIS	6	21	0	11.783	0.0248213	0.0370327
URALITE	7	16	0	5.85105	0.0269456	0.0710536
URALITES	8	12	0	4.18147	0.0339181	0.0915369
URANIA	6	12	0	6.38273	0.0393462	0.0617173
URANIC	6	13	0	6.42305	0.0369441	0.0614116
URANIN	6	17	0	9.09152	0.029693	0.0462527
URANITE	7	15	0	5.03049	0.0284054	0.0798336
URASE	5	86	1	60.1245	0.0195639	0.0254147
URASES	6	21	1	11.914	0.0658386	0.110028
URATE	5	113	8	76.2819	0.0750467	0.109634
URATES	6	65	2	38.2796	0.038098	0.0625026
URB	3	65	0	49.8703	0.0174094	0.0177533
URBAN	5	17	0	10.5572	0.0365128	0.0461674
URBIA	5	11	0	6.79745	0.0514722	0.0659912
URBS	4	24	0	18.3067	0.039308	0.0418526
URD	3	144	5	108.703	0.0418881	0.0533407
URDE	4	93	1	68.0169	0.0217973	0.0265998
URDS	4	56	2	41.8816	0.0515176	0.0645199
URDY	4	12	0	9.64053	0.0674127	0.070954
URE	3	419	80	323.708	0.191935	0.24813
UREA	4	198	0	151.067	0.00557945	0.00574645
UREAL	5	71	0	48.1645	0.0100985	0.0115281
UREAS	5	88	0	61.4154	0.00822521	0.00911766
UREMIA	6	13	0	9.22053	0.0369441	0.0457073
URENA	5	95	0	61.1125	0.00764153	0.00916145
URENT	5	79	0	53.704	0.00912093	0.0103808
URES	4	253	59	194.849	0.233263	0.302948
URESIS	6	24	0	15.8855	0.0221016	0.0284027
URETER	6	14	0	9.00986	0.0348184	0.0466048
URETIC	6	16	0	11.1186	0.0312252	0.0389493
URGE	4	43	1	32.6935	0.0446058	0.0530552
URGED	5	11	0	7.95084	0.0514722	0.0583103
URGENT	6	10	0	5.2166	0.0452275	0.0720941
URGER	5	11	1	7.63427	0.119756	0.164478
URGES	5	23	0	15.9403	0.0282907	0.0322825
URIAL	5	36	1	21.9472	0.0442378	0.0660016
URIALS	6	12	0	6.65562	0.0393462	0.0597062
URINAL	6	22	0	9.60177	0.0238433	0.044168
URINATE	7	13	0	4.62415	0.0318572	0.085037
URINE	5	82	6	52.428	0.0788583	0.120946
URINED	6	24	2	13.8737	0.0951478	0.160332
URINES	6	46	2	26.2311	0.0527571	0.0894457
URINOSE	7	11	0	3.07013	0.036264	0.113273
URITE	5	70	2	48.8035	0.037393	0.0507824
URITES	6	44	1	25.7531	0.0338781	0.0546015
URMAN	5	10	0	6.80905	0.0552445	0.0659038
URN	3	215	9	169.765	0.0465712	0.0576548
URNAL	5	34	0	23.4147	0.020024	0.0227729
URNED	5	50	2	33.5462	0.051334	0.0726048
URNS	4	91	3	69.5756	0.0431329	0.053652
UROSES	6	19	0	11.7543	0.0270395	0.0371117
URP	3	80	4	61.8552	0.0618805	0.076651
URPED	5	15	1	9.29087	0.0940639	0.140257
URPS	4	28	2	20.8128	0.0955182	0.122033
URSA	4	118	0	92.8171	0.00921476	0.00924638
URSAE	5	59	0	42.057	0.0120329	0.0131277
URSID	5	29	0	19.0988	0.0230909	0.0274403
URSINE	6	33	0	19.2565	0.0166339	0.0238381
URSONS	6	10	0	5.85231	0.0452275	0.066041
URUS	4	31	0	24.6286	0.0316185	0.0322141
URVA	4	12	0	9.16906	0.0674127	0.0737436
USAGE	5	14	0	9.03989	0.0427208	0.0525365
USANCE	6	11	0	5.29974	0.0420824	0.0712401
USE	3	409	78	322.504	0.191739	0.242895
USED	4	146	21	111.26	0.146776	0.191828
USER	4	240	48	183	0.200714	0.26307
USERS	5	60	10	45.2327	0.168966	0.224148
USES	4	102	12	79.6964	0.122972	0.156137
USHER	5	45	1	33.007	0.0360532	0.0451249
USHERS	6	16	0	10.9703	0.0312252	0.0394046
USING	5	26	5	16.5306	0.194092	0.301679
USURE	5	13	0	9.58664	0.0452874	0.0500485
UTA	3	304	2	237.537	0.0103954	0.0122042
UTAS	4	143	1	109.438	0.0144226	0.0167852
UTE	3	381	3	295.391	0.0109136	0.0131911
UTERUS	6	16	0	10.6664	0.0312252	0.0403715
UTES	4	223	2	170.758	0.0137474	0.0166166
UTILE	5	48	0	32.1885	0.0145958	0.0169216
UTILES	6	30	0	17.0155	0.0181289	0.0266896
UTIS	4	140	0	105.641	0.00781457	0.00815317
UTS	3	351	1	274.977	0.00620304	0.00695254
UTTER	5	46	6	31.2943	0.136043	0.197812
UTTERS	6	22	2	16.911	0.102646	0.134193
UTU	3	40	1	31.3162	0.0499736	0.0571279
UTUS	4	28	1	22.8969	0.0650151	0.0732637
UVAE	4	12	0	9.50773	0.0674127	0.0717182
UVAS	4	10	0	7.90749	0.0765327	0.0824136
VAC	3	43	7	34.5801	0.174248	0.214138
VACS	4	15	2	10.5238	0.158285	0.216109
VADE	4	39	8	27.9228	0.208559	0.288962
VADES	5	16	1	12.3094	0.0892757	0.110584
VAE	3	112	4	87.5364	0.0448209	0.0547748
VAES	4	56	2	42.2695	0.0515176	0.0639648
VAG	3	27	3	21.4341	0.135243	0.164518
VAGI	4	12	0	8.83632	0.0674127	0.0758481
VAGS	4	10	0	7.36108	0.0765327	0.0868355
VAIL	4	29	8	22.1871	0.270292	0.355233
VAILS	5	10	5	7.72268	0.421686	0.576144
VAIN	4	39	11	29.2026	0.277078	0.37109
VAINER	6	13	4	7.77018	0.281145	0.474226
VAIR	4	42	3	30.725	0.0883094	0.115785
VAIRE	5	30	1	21.0861	0.0521269	0.0684679
VAIRS	5	19	2	13.9533	0.121609	0.162006
VALE	4	51	20	38.4761	0.378811	0.505687
VALES	5	27	12	20.1246	0.416182	0.569563
VALET	5	27	0	19.3243	0.0245979	0.0271496
VALETS	6	17	0	8.44676	0.029693	0.0491863
VALI	4	41	6	30.9112	0.155764	0.204077
VALID	5	10	1	5.94813	0.128533	0.199554
VALIS	5	19	2	12.3343	0.121609	0.180357
VALSE	5	18	0	13.2971	0.0348259	0.0378759
VAN	3	90	29	71.0538	0.321051	0.407193
VANE	4	54	13	41.4232	0.240398	0.313799
VANED	5	23	4	14.989	0.178414	0.270116
VANES	5	23	8	15.9793	0.328538	0.478195
VANG	4	12	1	8.57059	0.126995	0.165387
VANS	4	31	7	23.7951	0.227239	0.296204
VANT	4	34	4	26.1463	0.132309	0.168605
VANTS	5	18	1	12.2353	0.0810265	0.111162
VAPE	4	15	2	10.7096	0.158285	0.213142
VAPER	5	10	2	7.51382	0.201821	0.272139
VAPES	5	10	1	8.31443	0.128533	0.153588
VAR	3	106	38	83.4588	0.356147	0.453159
VARA	4	17	2	13.7937	0.143752	0.173582
VARAS	5	12	2	8.24781	0.176021	0.252569
VARE	4	70	19	52.7684	0.269196	0.357689
VAREC	5	12	0	9.08301	0.0481822	0.0523313
VARES	5	39	12	30.2324	0.299071	0.390724
VARIA	5	10	0	8.24386	0.0552445	0.0566356
VARIED	6	11	0	6.52438	0.0420824	0.0606567
VARIER	6	10	0	5.91294	0.0452275	0.0655162
VARIES	6	17	2	10.3693	0.127829	0.206813
VARNA	5	10	0	5.66056	0.0552445	0.0758379
VARS	4	48	10	36.4738	0.210888	0.276979
VAS	3	75	29	59.4524	0.381953	0.483511
VASA	4	16	0	12.9772	0.0544384	0.0559697
VASE	4	40	15	29.56	0.360209	0.490518
VAST	4	39	16	29.8128	0.391276	0.517359
VASTER	6	14	6	11.2122	0.380044	0.50266
VAT	3	97	44	78.577	0.447222	0.554515
VATS	4	52	19	39.6334	0.354529	0.46835
VATU	4	18	1	14.335	0.0935511	0.109823
VAU	3	30	1	24.6136	0.0646398	0.0712783
VAUS	4	13	0	10.3428	0.063622	0.0671691
VAUT	4	11	0	8.77731	0.0716838	0.076234
VAW	3	15	6	13.1918	0.37761	0.443066
VEAL	4	60	10	45.4554	0.171825	0.22545
VEALE	5	20	1	12.9531	0.0741728	0.105811
VEALS	5	28	5	20.6676	0.181825	0.24652
VEE	3	48	16	39.3899	0.330348	0.404642
VEER	4	31	9	23.1229	0.283131	0.380962
VEERS	5	19	5	14.3024	0.25409	0.343018
VEES	4	28	8	22.1493	0.278537	0.355769
VEG	3	37	2	29.3641	0.07797	0.0920696
VEGA	4	13	1	9.01276	0.119854	0.159209
VEIL	4	45	4	34.6057	0.103075	0.130497
VEILS	5	18	3	13.2357	0.173428	0.235471
VEIN	4	58	2	42.8956	0.0498765	0.0630889
VEINAL	6	13	0	6.24025	0.0369441	0.0628221
VEINER	6	14	0	7.73279	0.0348184	0.0529018
VEINS	5	28	0	18.1314	0.0238206	0.0287617
VELA	4	54	0	40.8813	0.0192472	0.0202343
VELAR	5	18	0	12.8802	0.0348259	0.0389399
VELATE	6	11	0	6.93031	0.0420824	0.05781
VELD	4	26	0	20.3216	0.0367541	0.0382088
VELE	4	24	3	19.1091	0.143534	0.177108
VELES	5	13	2	9.79083	0.165446	0.219399
VELL	4	20	7	14.4623	0.328098	0.456134
VENA	4	64	0	48.1938	0.016449	0.017334
VENAE	5	19	0	12.8991	0.033288	0.0388904
VENAL	5	27	0	18.2732	0.0245979	0.0285601
VEND	4	36	12	26.9235	0.321979	0.433141
VENDER	6	13	3	9.5584	0.220095	0.310357
VENDS	5	15	5	11.668	0.308602	0.409331
VENIAL	6	12	0	5.49148	0.0393462	0.0693458
VENIN	5	15	1	8.83156	0.0940639	0.146228
VENIRE	6	10	0	4.46134	0.0452275	0.0809043
VENITE	6	14	0	8.27259	0.0348184	0.0500437
VENOM	5	10	0	6.43351	0.0552445	0.0688529
VENT	4	59	15	43.9114	0.252909	0.339887
VENTER	6	15	6	10.651	0.359367	0.525467
VENTERS	7	10	3	5.59436	0.261871	0.489996
VENTRE	6	15	0	9.85982	0.032924	0.0431837
VENTRES	7	10	0	5.00975	0.0389586	0.0800837
VENTS	5	34	6	26.0892	0.179409	0.234522
VENUS	5	10	0	7.6261	0.0552445	0.0602859
VERA	4	85	0	63.9824	0.0126017	0.0132373
VERB	4	12	0	9.0096	0.0674127	0.0747374
VERD	4	37	1	26.9715	0.0510111	0.0632443
VERIER	6	10	0	4.90822	0.0452275	0.0754489
VERIEST	7	10	0	4.40559	0.0389586	0.0881266
VERIST	6	13	0	7.10588	0.0369441	0.0566598
VERITE	6	13	1	7.35498	0.0979944	0.16531
VERNAL	6	10	0	5.12347	0.0452275	0.0730754
VERRA	5	12	0	8.40338	0.0481822	0.0557636
VERS	4	83	3	62.2235	0.0470638	0.0597163
VERSE	5	40	1	30.4767	0.0401835	0.0486453
VERSER	6	11	1	7.41496	0.111624	0.164224
VERSETS	7	13	0	6.35797	0.0318572	0.0665332
VERSIN	6	12	0	7.52211	0.0393462	0.0541078
VERSO	5	25	0	18.4214	0.0263154	0.0283525
VERST	5	37	0	27.752	0.018546	0.0194484
VERSTE	6	15	0	10.1241	0.032924	0.0422201
VERSTS	6	12	0	6.99067	0.0393462	0.0574094
VERT	4	78	9	60.5322	0.122385	0.156015
VERTS	5	42	3	30.7602	0.0822394	0.10935
VERTU	5	20	0	13.5295	0.0318801	0.0373076
VERTUS	6	11	0	6.35909	0.0420824	0.0618978
VERY	4	22	0	16.7273	0.0422432	0.0452336
VEST	4	67	17	52.0389	0.252585	0.325989
VESTA	5	29	4	23.1889	0.145622	0.182039
VESTS	5	14	2	10.6388	0.156069	0.204632
VET	3	107	19	86.1505	0.181884	0.224937
VETO	4	46	0	36.1313	0.0222793	0.0227017
VETS	4	57	11	43.8711	0.196354	0.254516
VIA	3	108	15	83.875	0.14457	0.184529
VIAE	4	55	0	39.6765	0.0189253	0.0208079
VIAL	4	46	6	33.4992	0.140428	0.189536
VIALS	5	18	4	12.2294	0.219628	0.322654
VIAND	5	14	0	8.19826	0.0427208	0.0568898
VIAS	4	38	4	28.5425	0.119939	0.155724
VIBE	4	11	1	8.29943	0.135041	0.16942
VIBS	4	11	1	8.76561	0.135041	0.162604
VICE	4	16	4	11.9474	0.246899	0.330687
VID	3	71	16	55.356	0.229141	0.292873
VIDE	4	41	8	29.5596	0.199448	0.274357
VIDEO	5	12	2	9.11612	0.176021	0.232766
VIDS	4	26	3	20.2902	0.134209	0.168058
VIE	3	105	36	83.9371	0.341076	0.427498
VIED	4	36	5	26.4809	0.150341	0.200805
VIER	4	56	7	41.9646	0.133777	0.176039
VIERS	5	25	2	18.3243	0.0961362	0.127093
VIES	4	54	22	40.7943	0.393502	0.524665
VIG	3	31	4	24.3473	0.14833	0.183953
VIGA	4	10	0	7.34521	0.0765327	0.086971
VIGS	4	10	0	7.76448	0.0765327	0.0835269
VILD	4	17	1	13.0072	0.0978457	0.119035
VILE	4	42	18	31.3697	0.408935	0.552295
VILER	5	19	4	12.6991	0.209929	0.312315
VILL	4	14	4	10.2772	0.273188	0.372849
VILLA	5	10	0	7.00784	0.0552445	0.0644427
VIM	3	44	16	33.3529	0.357835	0.472878
VIMEN	5	10	0	5.88783	0.0552445	0.0736413
VIMS	4	16	4	12.3759	0.246899	0.321364
VIN	3	117	45	93.2892	0.381606	0.479745
VINA	4	59	2	44.1106	0.0490945	0.0614557
VINAL	5	26	0	18.1872	0.0254277	0.0286821
VINALS	6	10	0	3.8302	0.0452275	0.090106
VINAS	5	28	1	18.6585	0.0554214	0.0765299
VINCA	5	12	0	8.52742	0.0481822	0.055104
VINE	4	73	33	54.97	0.4388	0.586307
VINEAL	6	15	0	8.89925	0.032924	0.0470903
VINED	5	29	8	21.2021	0.268153	0.370361
VINER	5	43	17	30.5987	0.380617	0.539904
VINERS	6	19	9	13.9578	0.429185	0.605991
VINES	5	37	20	26.3154	0.510615	0.727801
VINO	4	44	0	31.9759	0.0231927	0.0254125
VINOS	5	17	0	10.2731	0.0365128	0.0472397
VINS	4	50	11	37.7079	0.221443	0.293218
VINT	4	43	7	33.7313	0.170172	0.215689
VINTS	5	20	3	13.6934	0.158758	0.228585
VIOL	4	28	3	22.9581	0.126021	0.150667
VIOLA	5	15	2	9.69888	0.147698	0.22113
VIOLET	6	10	0	7.36022	0.0452275	0.0550726
VIOLS	5	10	1	7.8319	0.128533	0.161158
VIRAL	5	22	2	15.615	0.107383	0.146687
VIRE	4	60	19	44.8319	0.310749	0.417258
VIRED	5	21	1	14.8675	0.0711632	0.0937722
VIRENT	6	14	0	8.65575	0.0348184	0.0481955
VIRES	5	35	11	26.9766	0.30415	0.400129
VIRL	4	23	0	17.8127	0.0407228	0.0428544
VIROSE	6	10	0	5.01771	0.0452275	0.0742226
VIRTU	5	11	0	7.28669	0.0514722	0.062499
VIRUS	5	11	1	7.34412	0.119756	0.169608
VIS	3	102	27	81.1423	0.265876	0.334121
VISA	4	41	1	29.92	0.0465543	0.0575492
VISE	4	60	10	44.2572	0.171825	0.231188
VISED	5	12	2	8.84981	0.176021	0.238501
VISES	5	14	2	10.2321	0.156069	0.211458
VISIE	5	10	0	7.46588	0.0552445	0.0613108
VISIT	5	10	1	6.32458	0.128533	0.190485
VISNE	5	29	0	20.5516	0.0230909	0.0256694
VISON	5	13	0	7.55472	0.0452874	0.0607382
VISOR	5	19	3	12.2083	0.165769	0.252548
VISTA	5	22	3	15.3742	0.146377	0.20642
VISTO	5	23	3	15.7587	0.140883	0.20194
VITA	4	54	2	40.7592	0.0532704	0.0661815
VITAE	5	28	1	18.6941	0.0554214	0.0763978
VITAL	5	23	0	15.4638	0.0282907	0.0331655
VITALS	6	12	0	6.12982	0.0393462	0.0637059
VITAS	5	25	1	16.5826	0.0612258	0.0850983
VITE	4	63	21	47.8137	0.326502	0.432184
VITRO	5	19	0	12.5922	0.033288	0.0397108
VLEIS	5	12	0	7.81819	0.0481822	0.0591014
VLY	3	11	0	8.24052	0.0797757	0.0869085
VOAR	4	35	0	27.0994	0.0284394	0.029554
VOARS	5	17	0	12.7733	0.0365128	0.0392227
VOE	3	74	15	55.8491	0.207528	0.273242
VOES	4	45	11	33.6389	0.243684	0.32594
VOG	3	16	0	12.5902	0.0599053	0.0617684
VOID	4	21	0	16.4258	0.0438816	0.0459422
VOILA	5	16	2	10.8963	0.14018	0.200531
VOILE	5	17	0	11.8706	0.0365128	0.0417829
VOL	3	53	19	42.0326	0.353971	0.448048
VOLA	4	29	3	22.6808	0.122291	0.152305
VOLAE	5	20	1	14.5533	0.0741728	0.0955565
VOLAR	5	11	0	7.05814	0.0514722	0.0640832
VOLE	4	29	9	24.1504	0.299893	0.36645
VOLES	5	17	4	14.3562	0.230267	0.280594
VOLET	5	12	0	9.44794	0.0481822	0.0506571
VOLS	4	26	3	21.3567	0.134209	0.160645
VOLT	4	20	3	17.0994	0.166701	0.194975
VOLTA	5	10	0	7.09432	0.0552445	0.0638271
VOLTE	5	12	1	9.62041	0.112101	0.136266
VOM	3	40	6	30.4305	0.163419	0.210749
VOMIT	5	10	1	8.20927	0.128533	0.155177
VOMS	4	11	2	8.38261	0.198398	0.257405
VOR	3	85	21	65.1539	0.249259	0.324388
VORS	4	38	3	28.6445	0.0965658	0.12344
VOTE	4	42	13	32.4105	0.30206	0.394068
VOTED	5	11	4	8.26353	0.324608	0.447833
VOTER	5	28	7	19.4537	0.245026	0.3539
VOTERS	6	12	3	8.65637	0.234405	0.337339
VOTES	5	28	9	21.2363	0.308228	0.412928
VOW	3	19	5	15.6637	0.268811	0.327373
VRIL	4	17	0	12.7179	0.0519394	0.0569036
VROU	4	16	0	12.8105	0.0544384	0.0565665
VUG	3	12	0	9.53258	0.0748126	0.0775346
VUM	3	16	0	13.6815	0.0599053	0.0575889
WAB	3	42	9	33.0091	0.221438	0.280034
WABS	4	12	4	8.56376	0.305742	0.428955
WAD	3	99	47	78.6167	0.46765	0.591252
WADD	4	12	3	8.92969	0.24616	0.330511
WADE	4	48	24	36.1689	0.476123	0.638195
WADER	5	34	15	25.3078	0.418486	0.571319
WADES	5	27	14	19.2729	0.481446	0.686611
WADI	4	42	4	32.844	0.109684	0.136943
WADIES	6	12	2	5.88322	0.169386	0.328854
WADIS	5	23	3	16.4161	0.140883	0.194715
WADS	4	45	20	35.1509	0.424466	0.549967
WADT	4	41	0	32.181	0.0247124	0.0252636
WADTS	5	19	0	14.6002	0.033288	0.0348952
WAE	3	164	17	130.561	0.108301	0.134795
WAES	4	90	6	68.4216	0.0752391	0.0966296
WAFT	4	15	6	12.4019	0.360473	0.452181
WAFTS	5	10	3	6.84912	0.27511	0.406213
WAG	3	45	16	36.6532	0.350543	0.432965
WAGE	4	19	7	14.5435	0.341893	0.454003
WAGER	5	11	2	8.04234	0.18804	0.257757
WAGES	5	15	7	10.9923	0.415871	0.585119
WAGS	4	19	6	14.3885	0.299848	0.399988
WAI	3	137	78	110.024	0.561425	0.701776
WAID	4	49	16	38.5403	0.318526	0.408198
WAIDE	5	30	3	22.0599	0.111572	0.148961
WAIL	4	47	20	36.2472	0.408073	0.534536
WAILER	6	15	6	10.363	0.359367	0.537991
WAILS	5	25	13	17.8328	0.480151	0.686044
WAIN	4	76	31	58.587	0.397747	0.519206
WAINED	6	13	2	7.04442	0.159045	0.285279
WAINS	5	33	15	23.7406	0.429906	0.60616
WAIR	4	60	16	44.5634	0.264441	0.356313
WAIRED	6	16	5	10.7013	0.289224	0.442826
WAIRS	5	22	6	16.2907	0.26336	0.360442
WAIS	4	68	18	53.8223	0.262854	0.33338
WAIST	5	37	12	26.606	0.313787	0.440329
WAIT	4	79	30	60.5368	0.37157	0.487445
WAITE	5	43	14	30.6272	0.316301	0.447366
WAITED	6	14	4	10.7135	0.264969	0.361956
WAITER	6	26	11	17.8836	0.395002	0.586657
WAITERS	7	15	5	7.70392	0.299288	0.593746
WAITES	6	27	8	18.6773	0.283251	0.416742
WAITS	5	48	21	34.2593	0.42122	0.595777
WALD	4	39	10	29.5052	0.254238	0.336684
WALDO	5	13	0	8.95031	0.0452874	0.0529679
WALDS	5	15	6	11.1358	0.362236	0.502339
WALE	4	82	31	61.42	0.370248	0.49631
WALED	5	30	7	20.651	0.230461	0.335159
WALER	5	46	11	31.4329	0.236758	0.346729
WALERS	6	22	7	15.6067	0.299652	0.432884
WALES	5	46	22	33.8583	0.458333	0.630367
WALI	4	60	5	45.4847	0.0946448	0.12181
WALIE	5	37	0	24.5784	0.018546	0.0217742
WALIER	6	21	0	13.1223	0.0248213	0.033691
WALIES	6	25	0	14.9222	0.0213229	0.0300469
WALIEST	7	11	0	5.09129	0.036264	0.0791093
WALING	6	10	2	5.83073	0.194705	0.33114
WALIS	5	33	3	22.0979	0.102438	0.148726
WALISE	6	20	0	11.8928	0.0258829	0.036734
WALK	4	10	1	7.83935	0.144176	0.17673
WALL	4	22	14	15.7992	0.564953	0.799287
WALLET	6	10	2	7.28507	0.194705	0.277654
WALLS	5	10	5	7.65567	0.421686	0.58016
WALY	4	18	1	14.0941	0.0935511	0.111387
WAME	4	20	10	15.4958	0.449147	0.594168
WAMES	5	14	6	11.5387	0.382766	0.487343
WAN	3	149	103	122.103	0.680733	0.83444
WAND	4	43	28	36.442	0.609655	0.735629
WANDER	6	11	7	6.7846	0.528872	0.881981
WANDS	5	17	13	12.2104	0.666213	0.958274
WANE	4	81	34	64.0941	0.409536	0.521308
WANED	5	29	11	21.2483	0.360052	0.498895
WANES	5	42	23	32.5658	0.520406	0.682932
WANG	4	32	16	25.6777	0.465737	0.592422
WANGS	5	13	9	9.45203	0.585999	0.839376
WANIER	6	16	0	11.1285	0.0312252	0.0389194
WANLE	5	15	0	11.1544	0.0404295	0.0440647
WANS	4	61	28	49.512	0.442838	0.551914
WANT	4	69	48	54.4508	0.665886	0.853523
WANTER	6	23	17	16.7383	0.667369	0.948133
WANTERS	7	10	6	6.44074	0.484783	0.811117
WANTS	5	35	22	26.0792	0.588794	0.805264
WANY	4	14	1	11.6723	0.113473	0.129997
WAP	3	47	19	38.3484	0.395554	0.488512
WAPS	4	25	5	19.7064	0.205866	0.261187
WAR	3	180	110	143.024	0.604119	0.762553
WARB	4	18	3	13.0402	0.181334	0.244866
WARD	4	49	22	35.853	0.430084	0.591697
WARDEN	6	14	3	7.71542	0.207431	0.370984
WARDS	5	23	8	17.2697	0.328538	0.446105
WARE	4	122	63	92.0617	0.505834	0.673285
WARED	5	49	16	34.8214	0.318243	0.450728
WARES	5	70	36	50.6143	0.499069	0.695754
WARIER	6	14	0	7.56372	0.0348184	0.0538653
WARIEST	7	11	0	7.31867	0.036264	0.0593745
WARM	4	26	4	19.3106	0.166694	0.220677
WARMEN	6	11	1	7.78055	0.111624	0.157904
WARMS	5	11	0	7.21027	0.0514722	0.06302
WARN	4	56	20	43.5633	0.347651	0.450228
WARNED	6	15	2	8.76546	0.141738	0.23845
WARNS	5	18	8	14.5288	0.404431	0.520265
WARP	4	29	4	23.322	0.151891	0.186818
WARPS	5	12	3	8.61754	0.23994	0.338291
WARRE	5	20	5	14.5194	0.243344	0.3385
WARREN	6	12	2	7.30986	0.169386	0.276892
WARS	4	79	23	58.8485	0.288021	0.387284
WARSLE	6	16	0	10.9049	0.0312252	0.0396088
WARST	5	39	0	27.635	0.0176762	0.0195252
WART	4	81	41	62.4321	0.491137	0.641858
WARTED	6	16	4	10.5961	0.237624	0.365407
WARTS	5	51	28	35.161	0.526195	0.769885
WARY	4	17	0	14.2562	0.0519394	0.0517785
WAS	3	168	96	134.562	0.564888	0.707468
WASE	4	91	25	70.3646	0.272818	0.353672
WASES	5	27	4	21.0197	0.155126	0.199224
WASH	4	45	14	36.8709	0.303945	0.374979
WASM	4	24	0	18.0488	0.039308	0.0423697
WASP	4	23	8	18.5311	0.328664	0.416051
WAST	4	99	51	77.7462	0.502309	0.643974
WASTE	5	62	36	45.68	0.559889	0.767819
WASTED	6	21	12	16.6176	0.517029	0.681699
WASTEL	6	22	0	13.3754	0.0238433	0.033126
WASTER	6	36	21	26.2595	0.548633	0.768448
WASTERS	7	10	7	6.1397	0.559088	0.971663
WASTES	6	20	9	14.7383	0.410828	0.577254
WASTRIE	7	10	0	4.33367	0.0389586	0.0891929
WASTS	5	21	6	17.3033	0.274046	0.341493
WAT	3	164	106	130.114	0.637829	0.806643
WATE	4	99	65	74.892	0.637206	0.84777
WATER	5	59	44	41.8139	0.714406	1
WATERS	6	25	18	18.4914	0.655574	0.91537
WATS	4	94	38	73.5534	0.396133	0.509116
WATT	4	30	19	22.4716	0.578764	0.786117
WATTER	6	12	9	9.44487	0.624524	0.850961
WATTS	5	19	9	13.9461	0.430731	0.602201
WAUL	4	17	0	13.2181	0.0519394	0.0551291
WAUR	4	15	0	11.8621	0.0571901	0.0602197
WAY	3	32	8	26.0818	0.255102	0.31298
WAYS	4	10	3	8.44004	0.279462	0.34488
WEAK	4	10	2	7.34909	0.211819	0.283558
WEAL	4	72	29	55.4068	0.392421	0.513215
WEALD	5	17	0	14.3197	0.0365128	0.0354965
WEALS	5	33	12	25.8936	0.348039	0.451592
WEAN	4	80	24	62.9536	0.296419	0.378317
WEANED	6	12	4	7.97176	0.299425	0.464362
WEANER	6	12	4	8.15578	0.299425	0.455708
WEANS	5	33	12	24.4274	0.348039	0.476684
WEAR	4	96	40	73.6199	0.408117	0.534836
WEARED	6	18	9	12.1954	0.44926	0.682746
WEARS	5	44	22	33.3118	0.477572	0.640135
WEASEL	6	10	0	7.37499	0.0452275	0.0549832
WEB	3	33	1	27.0715	0.0594092	0.065343
WECHT	5	10	0	7.40229	0.0552445	0.0617273
WED	3	159	30	127.376	0.19134	0.238238
WEDEL	5	15	0	11.4652	0.0404295	0.0430445
WEDS	4	69	12	53.8719	0.177972	0.227258
WEE	3	88	56	72.5926	0.621267	0.758655
WEED	4	37	11	28.4974	0.29034	0.379446
WEEDS	5	19	7	15.8018	0.342411	0.426669
WEEL	4	36	13	27.5126	0.346499	0.457694
WEELS	5	14	7	11.2091	0.43944	0.575483
WEEM	4	13	1	10.3327	0.119854	0.143234
WEEN	4	46	15	36.9219	0.317651	0.399659
WEENS	5	22	8	17.2021	0.341349	0.447677
WEEP	4	11	4	8.59618	0.325113	0.427737
WEER	4	60	24	46.197	0.387929	0.507639
WEES	4	57	24	45.3244	0.406766	0.516839
WEEST	5	24	1	18.0458	0.0634405	0.0788735
WEET	4	49	6	38.2101	0.132595	0.167776
WEETS	5	27	3	19.4878	0.122494	0.166826
WEFT	4	15	3	13.105	0.208832	0.243871
WEFTS	5	10	1	7.40481	0.128533	0.168509
WEID	4	63	1	49.0521	0.0314445	0.0363244
WEIDS	5	21	0	16.2296	0.0305865	0.0317691
WEIL	4	63	2	48.8013	0.0461974	0.0558716
WEILS	5	29	2	21.1661	0.0843565	0.111475
WEIR	4	77	2	57.8355	0.0382892	0.0475503
WEIRD	5	20	0	14.5259	0.0318801	0.0350525
WEIRS	5	37	2	26.7001	0.0677529	0.0899491
WEISED	6	10	0	6.68179	0.0452275	0.0595202
WEKA	4	12	1	8.91235	0.126995	0.160571
WELD	4	40	6	32.1253	0.159242	0.196987
WELDS	5	16	2	12.2164	0.14018	0.181857
WELL	4	25	8	19.404	0.306593	0.399712
WELS	4	71	8	55.3561	0.120494	0.152707
WELSH	5	14	0	11.2142	0.0427208	0.0438649
WELT	4	50	5	37.8551	0.111921	0.144657
WELTS	5	19	2	14.8803	0.121609	0.153087
WEM	3	63	6	49.5501	0.107382	0.133255
WEMS	4	26	0	20.209	0.0367541	0.0383956
WEN	3	162	74	131.054	0.452825	0.561261
WENA	4	77	4	60.1533	0.062744	0.0775584
WENCH	5	10	1	7.30625	0.128533	0.170302
WEND	4	52	22	40.2264	0.407362	0.531585
WENDS	5	20	10	16.1309	0.454807	0.584749
WENS	4	77	32	61.3029	0.405111	0.512811
WENT	4	65	31	51.5539	0.460444	0.58636
WENTS	5	33	17	25.2971	0.484484	0.644923
WEPT	4	11	0	8.04019	0.0716838	0.0814069
WERE	4	71	25	53.6136	0.344817	0.458646
WERO	4	91	1	69.4931	0.0222525	0.0260568
WEROS	5	43	1	31.6882	0.037599	0.0468937
WERT	4	104	8	79.506	0.0839412	0.107913
WESAND	6	11	0	6.66801	0.0420824	0.059618
WEST	4	121	46	94.8442	0.374703	0.480042
WESTER	6	20	7	14.564	0.325285	0.460604
WESTIE	6	16	5	8.80138	0.289224	0.522796
WESTS	5	30	11	22.8346	0.34935	0.466975
WET	3	180	60	142.279	0.332489	0.420995
WETA	4	103	1	77.4817	0.019775	0.0234647
WETAS	5	49	0	37.3747	0.0143186	0.0146904
WETS	4	101	28	78.2925	0.275387	0.35609
WEY	3	34	0	26.4179	0.0315842	0.0321779
WEYS	4	12	0	8.98829	0.0674127	0.0748722
WHA	3	80	16	64.0662	0.204612	0.254519
WHAE	4	40	1	31.8885	0.0475939	0.0542856
WHALE	5	12	2	9.06158	0.176021	0.233918
WHARE	5	27	4	19.4935	0.155126	0.213397
WHARES	6	15	2	10.8045	0.141738	0.199625
WHAT	4	33	7	26.9263	0.215211	0.265027
WHATS	5	18	5	13.8194	0.265829	0.353519
WHEAL	5	13	1	10.2428	0.105366	0.129315
WHEAR	5	23	3	16.9683	0.140883	0.189034
WHEAT	5	20	2	15.92	0.116466	0.144185
WHEATS	6	12	0	7.62704	0.0393462	0.0535003
WHEE	4	15	3	11.7721	0.208832	0.266143
WHEN	4	34	4	26.3752	0.132309	0.167283
WHENAS	6	10	0	5.86433	0.0452275	0.0659363
WHENS	5	10	1	7.30099	0.128533	0.170398
WHERE	5	16	3	12.383	0.191084	0.249471
WHERES	6	12	2	7.30215	0.169386	0.277128
WHET	4	49	4	39.1234	0.0954088	0.116443
WHETS	5	25	0	18.1576	0.0263154	0.0287242
WHID	4	18	1	14.8324	0.0935511	0.106729
WHILE	5	11	1	7.51732	0.119756	0.166508
WHILES	6	10	1	6.85681	0.119966	0.174912
WHIM	4	15	1	12.0288	0.107737	0.126877
WHIN	4	31	3	24.3113	0.115456	0.143153
WHINE	5	19	1	13.9526	0.0774483	0.0991645
WHINES	6	12	0	7.92417	0.0393462	0.0518519
WHINS	5	17	1	12.4999	0.0849513	0.109127
WHIOS	5	14	0	9.90998	0.0427208	0.048685
WHIR	4	30	4	23.8226	0.147525	0.183308
WHIRS	5	16	2	11.9047	0.14018	0.185945
WHIST	5	24	1	17.1322	0.0634405	0.0826482
WHIT	4	43	6	35.916	0.149244	0.177711
WHITE	5	22	3	15.3118	0.146377	0.207165
WHITER	6	14	2	9.47282	0.149894	0.223379
WHITES	6	13	2	7.98964	0.159045	0.257504
WHITS	5	18	3	13.2987	0.173428	0.234499
WHO	3	72	11	56.1011	0.160404	0.203745
WHOA	4	24	0	18.6918	0.039308	0.0411034
WHOM	4	13	1	10.3776	0.119854	0.142747
WHORE	5	17	2	12.9684	0.13339	0.172695
WHORES	6	10	2	6.11651	0.194705	0.319063
WHORT	5	13	0	9.83289	0.0452874	0.0490033
WHOSE	5	20	2	15.3606	0.116466	0.148841
WHOT	4	29	3	23.8029	0.122291	0.145886
WHY	3	19	0	15.5439	0.0521166	0.0516273
WICE	4	21	4	17.4564	0.19902	0.240854
WICH	4	16	2	12.567	0.150669	0.187418
WIDE	4	59	35	44.7509	0.56647	0.75429
WIDEN	5	29	13	22.2486	0.421317	0.560899
WIDENS	6	17	7	11.3357	0.373168	0.574508
WIDER	5	30	19	22.1904	0.587129	0.81071
WIDES	5	34	19	26.8887	0.524743	0.678671
WIEL	4	51	0	39.9518	0.0202824	0.020674
WIELD	5	13	0	9.64598	0.0452874	0.0497926
WIELS	5	24	0	18.6965	0.0272673	0.0279748
WIG	3	35	8	28.2015	0.235516	0.291333
WIGS	4	14	3	10.1527	0.21995	0.299359
WILD	4	17	5	12.616	0.281471	0.381138
WILE	4	45	23	35.3418	0.484727	0.625825
WILED	5	17	6	12.3415	0.327144	0.459982
WILES	5	24	13	18.1203	0.49752	0.676222
WILI	4	20	2	15.3349	0.126351	0.158849
WILL	4	14	6	9.70586	0.379664	0.549486
WILT	4	32	12	24.7187	0.356992	0.467816
WILTS	5	11	4	8.21644	0.324608	0.449906
WIN	3	141	95	113.865	0.663127	0.824759
WINCE	5	10	3	7.60148	0.27511	0.374245
WIND	4	42	21	33.7731	0.47306	0.597999
WINDER	6	11	8	7.01017	0.598413	0.973749
WINDS	5	21	11	17.7297	0.476929	0.588057
WINE	4	77	44	61.2546	0.55184	0.700471
WINED	5	33	10	25.5283	0.293461	0.384831
WINES	5	53	31	42.4295	0.560578	0.711403
WING	4	37	23	27.5414	0.577535	0.786595
WINGE	5	15	9	10.1929	0.523139	0.788201
WINGES	6	10	7	8.51282	0.568399	0.733009
WINGS	5	20	12	13.2345	0.539393	0.827862
WINN	4	24	12	19.3488	0.456214	0.581117
WINNS	5	15	4	11.2678	0.254967	0.346113
WINO	4	47	0	38.2954	0.0218491	0.0215068
WINOS	5	17	0	12.3467	0.0365128	0.0403921
WINS	4	76	29	59.1294	0.37299	0.482377
WINTER	6	17	9	11.5773	0.471304	0.714486
WINY	4	10	1	7.86365	0.144176	0.176328
WIPE	4	19	7	15.0308	0.341893	0.441611
WIPER	5	12	3	9.05664	0.23994	0.324806
WIPES	5	13	5	10.3254	0.345683	0.454072
WIRE	4	77	42	59.5602	0.527385	0.687436
WIRED	5	33	12	23.3124	0.348039	0.497717
WIRES	5	45	25	34.419	0.529426	0.703119
WIS	3	128	58	100.999	0.448253	0.56966
WISE	4	80	36	62.8656	0.437956	0.561504
WISED	5	39	14	29.1487	0.34597	0.46863
WISENT	6	10	0	5.68606	0.0452275	0.0675236
WISER	5	41	20	30.8545	0.464865	0.627122
WISES	5	25	11	18.7904	0.41033	0.557994
WISEST	6	14	1	10.1874	0.092356	0.125984
WISH	4	38	17	30.4332	0.423795	0.537777
WISHA	5	12	0	9.78033	0.0481822	0.0492227
WISHER	6	13	6	9.89091	0.403246	0.559868
WISHT	5	18	0	13.5276	0.0348259	0.0373121
WISP	4	17	2	13.6966	0.143752	0.174602
WISS	4	15	4	11.4037	0.259379	0.343327
WIST	4	60	17	47.122	0.279877	0.358082
WISTED	6	14	3	9.97392	0.207431	0.299328
WISTS	5	12	4	9.61175	0.303859	0.39565
WIT	3	145	81	116.939	0.551421	0.686253
WITAN	5	30	0	21.1585	0.0224046	0.0249955
WITANS	6	11	0	6.78705	0.0420824	0.0587836
WITE	4	79	43	63.902	0.526732	0.657691
WITED	5	26	5	18.0353	0.194092	0.278975
WITES	5	46	23	37.046	0.478476	0.604487
WITH	4	51	14	41.8885	0.271253	0.332898
WITHE	5	23	9	14.9543	0.366068	0.566302
WITHER	6	12	4	7.93297	0.299425	0.466228
WITHES	6	11	7	9.21848	0.528872	0.685717
WITHS	5	18	6	13.6923	0.31203	0.420285
WITS	4	77	25	60.888	0.31952	0.406279
WITTER	6	11	7	9.34856	0.528872	0.677658
WOAD	4	36	4	28.4534	0.125821	0.156168
WOADS	5	19	2	15.8099	0.121609	0.145078
WOAH	4	24	0	19.4231	0.039308	0.0397521
WOE	3	125	27	99.1686	0.218499	0.274849
WOES	4	82	20	64.47	0.243496	0.31035
WOF	3	28	2	20.9346	0.0998484	0.125263
WOFS	4	12	0	8.66223	0.0674127	0.0769979
WOGS	4	14	0	10.0889	0.0602348	0.06849
WOK	3	16	3	12.8485	0.209352	0.256867
WOLD	4	21	2	15.8729	0.121451	0.154277
WOLDS	5	13	1	8.89112	0.105366	0.145425
WOLF	4	12	0	8.68775	0.0674127	0.0768271
WOMAN	5	10	3	5.86918	0.27511	0.457066
WON	3	117	61	92.7645	0.513756	0.650437
WONDER	6	14	4	10.4831	0.264969	0.368789
WONS	4	69	28	53.1395	0.394823	0.516139
WONT	4	51	16	39.2468	0.307106	0.401343
WONTS	5	29	9	21.372	0.298786	0.410526
WOO	3	54	28	43.3667	0.502851	0.631451
WOOD	4	15	5	13.4228	0.309926	0.36221
WOOER	5	13	0	10.086	0.0452874	0.0479735
WOOL	4	18	7	14.4569	0.3569	0.456277
WOON	4	25	7	21.2767	0.273018	0.327157
WOONS	5	14	4	11.1839	0.269417	0.348321
WOOS	4	29	8	23.9252	0.270292	0.332149
WOOSE	5	22	6	16.8269	0.26336	0.350154
WOOT	4	19	10	16.2405	0.468031	0.570958
WOP	3	35	9	25.8652	0.261108	0.350695
WOPS	4	18	3	13.9044	0.181334	0.232216
WORD	4	36	13	27.8806	0.346499	0.452208
WORDIE	6	11	4	6.54067	0.320248	0.544818
WORDS	5	18	9	13.5276	0.450631	0.618475
WORE	4	89	45	66.697	0.491893	0.660018
WORK	4	11	4	9.18587	0.325113	0.406733
WORM	4	26	4	19.244	0.166694	0.221342
WORN	4	49	20	36.4616	0.392898	0.531618
WORREL	6	10	0	5.57134	0.0452275	0.0685862
WORSE	5	52	28	39.8141	0.516739	0.684127
WORSED	6	17	9	11.5305	0.471304	0.717011
WORSEN	6	23	13	15.4988	0.515738	0.784073
WORSER	6	15	6	9.95309	0.359367	0.556885
WORSES	6	14	9	9.6938	0.552657	0.8324
WORSET	6	21	7	15.3608	0.311943	0.439115
WORST	5	33	3	24.6525	0.102438	0.134449
WORT	4	70	16	54.3374	0.22908	0.295386
WORTH	5	17	0	12.0063	0.0365128	0.0413767
WORTLE	6	10	0	6.39569	0.0452275	0.0616186
WORTS	5	40	9	29.8171	0.223482	0.301419
WOS	3	146	59	113.918	0.401152	0.515009
WOST	4	64	15	51.037	0.234525	0.29492
WOT	3	107	47	85.8713	0.433968	0.542685
WOTS	4	63	26	51.4909	0.400266	0.494983
WOW	3	15	8	12.3306	0.482465	0.604232
WOWS	4	11	4	9.29911	0.325113	0.402934
WRANG	5	11	0	6.73907	0.0514722	0.0664341
WRAP	4	25	2	19.514	0.105139	0.129129
WRAPT	5	12	0	8.92989	0.0481822	0.0530673
WRAST	5	35	1	24.9129	0.0453826	0.0587173
WRATE	5	39	1	26.847	0.0411258	0.0547749
WRATH	5	16	0	10.9615	0.0383715	0.0447227
WREN	4	87	5	66.6051	0.0668031	0.0847544
WRENS	5	35	1	26.0048	0.0453826	0.0564245
WREST	5	60	5	46.5926	0.0904049	0.114885
WRESTS	6	14	0	10.0341	0.0348184	0.0425434
WRIED	5	20	0	13.1205	0.0318801	0.0383194
WRIER	5	13	0	9.23146	0.0452874	0.0516371
WRIES	5	32	3	22.9513	0.105311	0.14363
WRIEST	6	17	0	9.38798	0.029693	0.0450182
WRING	5	12	3	7.55975	0.23994	0.375886
WRIST	5	23	3	15.4974	0.140883	0.204962
WRIT	4	58	15	46.109	0.256937	0.324622
WRITE	5	33	10	23.6018	0.293461	0.413837
WRITES	6	22	7	15.3602	0.299652	0.439132
WRITS	5	31	7	22.6442	0.223809	0.308006
WROOT	5	14	0	11.5277	0.0427208	0.0428452
WROTE	5	25	1	19.6241	0.0612258	0.0731057
WRY	3	25	1	20.122	0.0757563	0.085464
WUD	3	31	3	24.2194	0.119819	0.147334
WURST	5	13	1	10.6956	0.105366	0.124688
WUS	3	45	8	35.7474	0.187524	0.233775
WYE	3	35	0	27.4388	0.0307759	0.0310786
WYES	4	17	0	12.7143	0.0519394	0.0569167
WYLE	4	17	0	13.286	0.0519394	0.0548969
WYLES	5	11	0	8.6004	0.0514722	0.0547232
WYN	3	18	0	14.7174	0.0544776	0.0541133
XED	3	15	0	12.3344	0.0630459	0.0628376
XIS	3	19	0	16.0636	0.0521166	0.0501776
YAAR	4	23	0	18.0536	0.0407228	0.0423599
YACHT	5	12	0	7.79365	0.0481822	0.0592501
YAD	3	89	5	68.9947	0.0666409	0.0829885
YADS	4	32	1	26.093	0.057945	0.0651658
YAE	3	179	8	136.717	0.0502668	0.0641604
YAG	3	48	3	37.1901	0.0807032	0.0991204
YAGE	4	26	1	19.6233	0.0692391	0.0839488
YAGER	5	17	0	11.0314	0.0365128	0.0444822
YAGES	5	11	1	7.93984	0.119756	0.159401
YAGI	4	15	0	11.4675	0.0571901	0.0618828
YAGS	4	18	2	13.8323	0.137443	0.17318
YAH	3	109	3	83.852	0.0371663	0.0455256
YAHS	4	39	2	30.8454	0.0715206	0.085669
YAIRD	5	17	0	11.2014	0.0365128	0.0439073
YAK	3	26	4	18.7466	0.172991	0.232565
YAKS	4	11	2	8.17046	0.198398	0.262372
YALD	4	42	0	31.4449	0.0241842	0.0258063
YALE	4	85	4	65.1574	0.0571533	0.0718492
YALES	5	43	1	31.3557	0.037599	0.0473618
YAM	3	51	2	40.1267	0.0581497	0.0687942
YAMEN	5	11	0	8.16269	0.0514722	0.0570897
YAMS	4	11	1	9.10609	0.135041	0.157963
YANG	4	23	2	16.7646	0.112708	0.147254
YANGS	5	13	2	8.6838	0.165446	0.242222
YANTRA	6	13	0	6.31528	0.0369441	0.0622354
YAP	3	62	2	48.1061	0.048469	0.0579356
YAPS	4	24	1	19.5478	0.0740501	0.0842323
YAR	3	192	24	147.309	0.128536	0.166463
YARD	4	47	1	35.1414	0.0411602	0.0496341
YARDS	5	20	0	14.5228	0.0318801	0.035059
YARE	4	135	11	104.466	0.0867872	0.110769
YARER	5	25	0	16.9944	0.0263154	0.0304872
YARN	4	57	8	45.7846	0.147797	0.182777
YARNED	6	12	1	7.71271	0.104366	0.15904
YARNS	5	25	6	18.7981	0.235778	0.316901
YARR	4	28	3	20.8466	0.126021	0.164107
YARRED	6	11	1	9.25207	0.111624	0.136725
YARTOS	6	15	0	9.73917	0.032924	0.0436384
YAS	3	156	14	120.897	0.0949719	0.121035
YATE	4	108	2	83.1706	0.0277649	0.0335412
YATES	5	67	1	51.1421	0.0248256	0.0297138
YATTER	6	13	1	8.91803	0.0979944	0.141018
YAUD	4	10	0	8.86514	0.0765327	0.0756612
YAW	3	32	6	26.0818	0.19966	0.242875
YAWN	4	11	2	9.5646	0.198398	0.232843
YAWS	4	12	2	10.3226	0.186577	0.219416
YAY	3	12	0	9.43425	0.0748126	0.0781763
YCOND	5	10	0	7.67825	0.0552445	0.0599596
YDRED	5	12	0	7.96252	0.0481822	0.0582416
YEA	3	194	23	146.359	0.122189	0.160806
YEAD	4	52	2	39.4371	0.0551467	0.068252
YEADS	5	26	1	19.2172	0.0591605	0.0745107
YEAH	4	54	0	41.6662	0.0192472	0.0198773
YEAHS	5	19	0	13.8216	0.033288	0.036617
YEALM	5	10	0	6.91077	0.0552445	0.065148
YEAN	4	84	4	63.1144	0.057797	0.0740754
YEANED	6	10	0	5.6709	0.0452275	0.0676622
YEANS	5	39	1	27.8504	0.0411258	0.0529311
YEAR	4	111	12	83.7232	0.113414	0.148873
YEARD	5	29	1	20.7592	0.0537237	0.0694531
YEARDS	6	16	1	8.98303	0.0828249	0.140162
YEARN	5	34	1	24.8726	0.0465881	0.0588055
YEARNS	6	19	1	11.69	0.0717223	0.111866
YEARS	5	64	7	45.706	0.114625	0.158982
YEAS	4	110	10	83.4271	0.0969775	0.126195
YEAST	5	59	1	43.3183	0.0279959	0.0348483
YEASTS	6	10	0	6.05978	0.0452275	0.0642795
YEBO	4	11	0	7.89656	0.0716838	0.0824977
YECH	4	19	1	14.29	0.0896176	0.110112
YEDE	4	37	0	28.9519	0.0270782	0.027831
YEDES	5	12	0	9.40885	0.0481822	0.0508313
YEED	4	27	0	21.1243	0.0355977	0.0369282
YEH	3	85	1	65.1123	0.0247271	0.0285499
YELD	4	35	0	25.544	0.0284394	0.0311746
YELL	4	26	3	18.8015	0.134209	0.179627
YELP	4	16	0	12.7444	0.0544384	0.0568068
YELT	4	57	0	42.6407	0.0183127	0.0194513
YELTS	5	27	0	19.0307	0.0245979	0.0275294
YEN	3	182	16	138.407	0.09245	0.120187
YENS	4	91	6	69.3089	0.0744535	0.095441
YENTA	5	46	0	31.3417	0.0151838	0.0173519
YENTAS	6	20	0	12.6503	0.0258829	0.0347976
YENTE	5	27	0	18.6032	0.0245979	0.0281017
YENTES	6	10	0	6.66496	0.0452275	0.0596396
YEP	3	59	2	46.7679	0.0507743	0.0595109
YEPS	4	25	1	20.8009	0.0715638	0.0797641
YER	3	246	8	186.106	0.0367993	0.0473545
YERBA	5	15	0	9.55756	0.0404295	0.0501749
YERD	4	70	1	51.7259	0.0285012	0.0345439
YERDS	5	25	0	18.0417	0.0263154	0.0288907
YERK	4	12	0	8.95749	0.0674127	0.075068
YES	3	231	19	176.2	0.0859412	0.111555
YESES	5	18	0	14.3055	0.0348259	0.0355275
YESK	4	12	0	9.24764	0.0674127	0.0732635
YEST	4	122	4	93.4411	0.0404739	0.0507389
YESTER	6	17	1	10.6184	0.0787609	0.121583
YESTS	5	19	1	14.2377	0.0774483	0.0974189
YET	3	193	17	147.97	0.092364	0.119194
YETI	4	77	2	55.593	0.0382892	0.0493757
YETIS	5	41	0	28.2289	0.0168843	0.0191411
YETT	4	30	2	22.6028	0.0900261	0.113442
YETTS	5	14	0	11.2938	0.0427208	0.0436012
YEW	3	34	6	26.4179	0.189172	0.240046
YEWS	4	12	2	8.96649	0.186577	0.244656
YFERE	5	12	0	9.11886	0.0481822	0.052162
YGO	3	43	0	33.5838	0.0255457	0.0257782
YGOE	4	15	0	12.0369	0.0571901	0.0595116
YILL	4	15	0	11.5672	0.0571901	0.0614541
YIN	3	139	14	108.702	0.106256	0.134313
YINCE	5	13	0	9.80012	0.0452874	0.0491399
YINS	4	70	5	55.2277	0.081989	0.101366
YIP	3	40	0	30.4958	0.0272845	0.0281946
YIPE	4	11	0	8.51361	0.0716838	0.0780073
YIPS	4	13	0	9.50706	0.063622	0.071722
YIRD	4	27	1	20.3498	0.0670606	0.0813169
YIRR	4	17	0	13.9679	0.0519394	0.0526674
YIRTH	5	10	0	7.22689	0.0552445	0.062906
YITE	4	76	1	59.8639	0.0263844	0.0300594
YITES	5	46	0	36.7776	0.0151838	0.0149169
YITIE	5	12	0	8.1379	0.0481822	0.0572299
YLEMS	5	14	0	10.2501	0.0427208	0.0473287
YOB	3	31	0	24.2366	0.0342857	0.0348083
YOD	3	83	6	63.1943	0.0827174	0.105556
YODE	4	52	0	38.3633	0.0199252	0.0214714
YODEL	5	12	0	8.90216	0.0481822	0.0532027
YODH	4	18	0	13.9608	0.0496597	0.0526897
YODLE	5	13	0	8.51454	0.0452874	0.0551718
YODS	4	36	1	27.994	0.0522618	0.061146
YOGA	4	13	0	9.39606	0.063622	0.0723736
YOGI	4	20	0	14.6928	0.0456522	0.0504876
YOGIN	5	12	0	7.36518	0.0481822	0.0619729
YOK	3	19	2	13.8946	0.138794	0.179229
YOLD	4	20	0	14.0058	0.0456522	0.0525487
YOM	3	58	3	44.4001	0.0677021	0.083865
YON	3	117	16	89.3635	0.142083	0.184389
YOND	4	31	0	23.8438	0.0316185	0.0331622
YONI	4	56	0	40.8891	0.0186139	0.0202307
YONIC	5	13	0	7.45684	0.0452874	0.0613696
YONT	4	56	3	42.1056	0.0679694	0.0864558
YOOP	4	13	1	9.60795	0.119854	0.151586
YORE	4	97	2	75.6472	0.0307655	0.036757
YORES	5	51	1	39.5959	0.0320945	0.0379699
YORP	4	23	0	17.3285	0.0407228	0.0438842
YOU	3	47	2	34.6373	0.0627039	0.0789776
YOUR	4	15	0	11.7859	0.0571901	0.0605341
YOUS	4	23	2	18.4982	0.112708	0.135281
YOUSE	5	13	1	9.09866	0.105366	0.142695
YOW	3	19	2	15.1507	0.138794	0.166435
YRAPT	5	12	0	8.55848	0.0481822	0.0549413
YRNEH	5	14	0	10.9006	0.0427208	0.0449345
YSAME	5	12	0	7.48084	0.0481822	0.0612136
YTOST	5	18	0	13.1492	0.0348259	0.0382467
YUAN	4	18	0	14.4791	0.0496597	0.0511113
YUG	3	15	2	12.0499	0.167901	0.202036
YULAN	5	11	0	7.61522	0.0514722	0.0603544
YULE	4	23	1	18.5422	0.0767154	0.0881966
YULES	5	14	1	11.1967	0.0993949	0.119938
YUM	3	23	1	18.4604	0.0813525	0.0922561
YUP	3	19	0	14.8161	0.0521166	0.0538038
YURTA	5	12	0	8.61885	0.0481822	0.0546277
YURTS	5	16	0	12.257	0.0383715	0.040647
YUS	3	64	3	51.8924	0.0617349	0.0723016
ZEA	3	18	3	14.6729	0.190384	0.229494
ZEAL	4	11	1	8.27761	0.135041	0.169753
ZEAS	4	11	1	8.94109	0.135041	0.160179
ZED	3	20	0	15.4753	0.0499517	0.0518248
ZEIN	4	15	1	11.4888	0.107737	0.131664
ZEL	3	22	2	17.3553	0.122825	0.147905
ZEN	3	12	1	9.92924	0.137025	0.155853
ZEP	3	10	0	7.49004	0.085444	0.0934724
ZERO	4	11	0	8.8004	0.0716838	0.0760825
ZEST	4	11	4	9.26989	0.325113	0.403907
ZILA	4	21	0	15.1264	0.0438816	0.0492681
ZIN	3	29	11	23.2125	0.368947	0.464896
ZINE	4	16	4	11.6765	0.246899	0.336866
ZINS	4	11	3	9.58431	0.261756	0.313072
ZIT	3	12	7	10.0136	0.510299	0.636333
