word	len	pts	n	nCur	fieldRate	myRate	myRateCur	strongRate	topQRate	reachClass	share_freeCur	share_dropTerminalCur	share_cellmateCur	hookStem	cellmateOf	observedHost	family	qCur	gainPerGameCur	gainPerGameAll	dead	everAccepted
SERAI	5	800	927	289	0.013484	0.0032362	0.0034602	0.037037	0.050691	free	0.7474	0	0.017301	RAI		RAI	RAI	0.55354	44.39	43.448	False	True
TERAI	5	800	888	264	0.0078829	0.0022523	0.0037879	0.035294	0.033175	free	0.68939	0	0.011364	RAI		RAI	RAI	0.51143	37.422	36.942	False	True
EARST	5	800	827	222	0.013301	0.0024184	0.0045045	0.044304	0.066667	free	0.73874	0	0.17568	EARS	STARE,STEAR,RATES,TEARS,TARES	EARS	EARS	0.5477	33.673	35.325	False	True
SIREN	5	800	652	216	0.095092	0.046012	0.046296	0.13953	0.19048	free	0.81019	0	0.050926	REN	RINES	SIRE	REN	0.59919	33.347	30	False	True
TINEA	5	800	627	196	0.023923	0.0047847	0.005102	0.067227	0.061224	free	0.82143	0	0	TINE		TINE	TINE	0.60721	32.953	32.547	False	True
TERAIS	6	1400	424	117	0.012972	0.0023585	0.008547	0.047619	0.042105	free	0.77778	0	0.025641	RAI		RAIS	RAI	0.57702	32.501	35.651	False	True
IRATE	5	800	846	239	0.06974	0.040189	0.096234	0.12048	0.14	free	0.77824	0	0	RATE		RATE	RATE	0.57587	32.009	39.4	False	True
TERAS	5	800	1217	322	0.028348	0.018899	0.031056	0.036735	0.081395	free	0.50311	0	0.37578	RAS	STARE,STEAR,RATES,TEARS,TARES	RAS	RAS	0.37728	31.13	41.033	False	True
SITAR	5	800	719	211	0.031293	0.038943	0.028436	0.036496	0.030769	free	0.74882	0	0.099526	SIT	RAITS	SIT	SIT	0.5548	31.012	33.649	False	True
RETIA	5	800	815	237	0.033742	0.034356	0.021097	0.028369	0.04186	free	0.65823	0	0.025316	RET		RET	RET	0.48885	30.955	32.898	False	True
RESTO	5	800	866	266	0.073326	0.080831	0.078947	0.066225	0.10732	free	0.66541	0	0.14662	RES	TORES,ROTES,TORSE	REST	RES	0.49441	30.859	29.577	False	True
SERIN	5	800	864	265	0.089699	0.070602	0.10189	0.15341	0.18182	free	0.68679	0	0.045283	RIN	RINES	RIN	RIN	0.50964	30.172	34.401	False	True
TREST	5	800	755	202	0.031126	0.018543	0.014851	0.019737	0.050562	free	0.73762	0	0.009901	RES		REST	RES	0.54642	29.983	34.529	False	True
ERASE	5	800	868	243	0.077765	0.014977	0.0082305	0.23669	0.27805	free	0.60082	0	0.17284	RAS	EASER	RASE	RAS	0.44761	29.814	33.861	False	True
TINEAS	6	1400	308	94	0.024351	0.0097403	0.010638	0.084746	0.04	free	0.87234	0	0	TINE		TINE	TINE	0.64548	29.161	30.604	False	True
ESTRIN	6	1400	342	101	0.017544	0	0	0.061538	0.028169	free	0.79208	0	0.049505	RIN		TRIN	RIN	0.58729	28.985	28.893	False	True
SATIRE	6	1400	378	101	0.080688	0.07672	0.069307	0.1039	0.075472	free	0.88119	0	0.009901	TIRE		TIRE	TIRE	0.65185	28.751	31.999	False	True
SERAIS	6	1400	284	92	0.014085	0.0035211	0	0.039216	0.04918	free	0.8587	0	0	RAI	RAISES	RAIS	RAI	0.63562	28.575	25.817	False	True
TINAS	5	800	574	186	0.058362	0.045296	0.048387	0.10309	0.10323	free	0.77957	0.010753	0.091398	TIN	TAINS	TIN	TIN	0.58069	27.646	27.081	False	True
TARSI	5	800	564	173	0.0097518	0.010638	0.0057803	0.0095238	0.006993	free	0.78035	0	0.046243	TAR	RAITS	TARS	TAR	0.57753	27.619	26.122	False	True
SERAIL	6	1400	263	90	0.011407	0	0	0.021277	0.065574	free	0.84444	0	0.011111	RAI	SAILER,RAILES	RAIL	RAI	0.62528	27.499	24.578	False	True
RATEL	5	800	575	160	0.042609	0.012174	0.00625	0.11504	0.14074	free	0.8	0	0.0875	RATE	LATER	RATE	RATE	0.59191	26.165	29.713	False	True
SERINE	6	1400	303	88	0.042904	0.009901	0.011364	0.12162	0.12941	free	0.78409	0	0.034091	RINE		RINE	RINE	0.58156	24.52	25.995	False	True
NESTOR	6	1400	301	91	0.036545	0.046512	0.043956	0.022222	0.013889	free	0.8022	0	0.043956	TOR	TONERS,STONER	TOR	TOR	0.59462	24.487	22.71	False	True
SETON	5	800	592	181	0.013514	0.0033784	0.0055249	0.018018	0.038961	free	0.65746	0	0.17127	TON	TONES,STONE	TON	TON	0.48871	24.421	27.352	False	True
ASTARE	6	1400	297	75	0.0050505	0	0	0	0.014286	free	0.86667	0	0	STARE		STARE	STARE	0.64138	23.506	27.346	False	True
TSORES	6	1400	246	79	0.004065	0.004065	0.012658	0	0.017241	free	0.83544	0	0.050633	RES	TORSES	SORES	RES	0.61864	23.393	21.8	False	True
ARENA	5	800	487	155	0	0	0	0	0	free	0.72258	0	0	REN		ARE	REN	0.53548	23.176	23.421	False	False
ARTIES	6	1400	412	114	0.076456	0.1165	0.17544	0.05	0.055556	free	0.78947	0.026316	0	TIE		TIES	TIE	0.59062	23.128	24.214	False	True
DREST	5	800	582	168	0.007732	0.0051546	0.017857	0.017241	0.013793	free	0.67857	0	0	RES		REST	RES	0.50354	22.784	23.12	False	True
REEST	5	800	572	168	0.068182	0.031469	0.035714	0.13462	0.19672	free	0.70238	0	0.17262	REE		REES	REE	0.52131	22.78	21.872	False	True
ELITES	6	1400	231	71	0.012987	0.012987	0	0.02	0.018519	free	0.88732	0	0	LITES		LITES	LITES	0.65632	22.771	21.24	False	True
SETAE	5	800	800	215	0.008125	0.00875	0.0093023	0.0069444	0.016854	free	0.51628	0	0.093023		TEASE	SET	SET	0.38604	22.617	25.958	False	True
SENATE	6	1400	304	91	0.049342	0.046053	0.054945	0.046875	0.063492	free	0.75824	0	0.043956			SEN	SEN	0.56284	22.585	22.161	False	True
TISANE	6	1400	242	79	0.0020661	0	0	0	0	free	0.78481	0	0	SAN		SANE	SAN	0.58219	22.475	21.394	False	True
RANIS	5	800	549	185	0.080146	0.089253	0.091892	0.060606	0.08209	free	0.70811	0	0.081081	RAN	RAINS	RAN	RAN	0.52521	22.384	21.339	False	True
ETATS	5	800	498	131	0.019076	0.002008	0	0.061728	0.07619	free	0.80916	0	0.12214	TAT	TATES,STATE	TAT	TAT	0.59865	21.898	25.606	False	True
SAREE	5	800	426	121	0.012911	0.0046948	0.0082645	0.04878	0.027273	free	0.87603	0	0.049587	REE	EASER	SAR	REE	0.64697	21.58	22.611	False	True
RETSINA	7	1800	166	57	0.027108	0.036145	0	0.023256	0.019608	free	0.84211	0	0.017544	RET	RETAINS	RET	RET	0.59696	21.378	18.998	False	True
TRETS	5	800	637	168	0.047881	0.036107	0.053571	0.05303	0.034722	free	0.67857	0	0.011905	RET		RET	RET	0.50358	21.11	26.032	False	True
RETEST	6	1400	233	68	0.064378	0.060086	0.029412	0.16279	0.15094	free	0.89706	0	0.044118	RET	SETTER	RETE	RET	0.66321	21.06	20.32	False	True
ERING	5	800	390	127	0.015385	0.010256	0.023622	0.028571	0.0096154	free	0.81102	0.047244	0	RING		RING	RING	0.61546	20.988	20.153	False	True
AREAS	5	800	538	136	0.018605	0.0092937	0.014706	0.029412	0.055118	free	0.75	0	0			ARE	ARE	0.55537	20.532	24.571	False	True
RENEST	6	1400	284	75	0.056338	0.059859	0.053333	0.13043	0.0625	free	0.82667	0	0.04	REN		REN	REN	0.61233	20.487	23.78	False	True
ORANT	5	800	377	125	0.014589	0	0	0.041096	0.049505	free	0.792	0	0.016	RANT		RANT	RANT	0.5859	20.45	20.679	False	True
SENOR	5	800	621	195	0.02818	0.016103	0.020513	0.05042	0.071429	free	0.52821	0	0.22051			SEN	SEN	0.39505	20.394	21.42	False	True
INSTAR	6	1400	261	77	0.0057471	0.0038314	0	0.04	0.030769	free	0.72727	0	0.025974	STAR		STAR	STAR	0.5405	20.337	20.494	False	True
ARENES	6	1400	259	65	0.007722	0	0	0.054054	0.017857	free	0.84615	0	0	REN		REN	REN	0.62655	19.901	24.01	False	True
EATEN	5	800	510	154	0.091176	0.13725	0.15584	0.045977	0.078261	free	0.83117	0	0	EAT		EAT	EAT	0.61427	19.713	21.55	False	True
TENIA	5	800	652	214	0.0069018	0.0030675	0	0.0086957	0.023529	free	0.43925	0	0			TEN	TEN	0.32988	19.712	17.688	False	True
RATOS	5	800	468	139	0.076923	0.044872	0.035971	0.08	0.13008	free	0.73381	0	0.064748	RAT		RAT	RAT	0.54381	19.711	19.56	False	True
SONERI	6	1400	216	77	0.0092593	0.0046296	0	0	0.018519	free	0.7013	0	0.012987	SON		SONE	SON	0.52176	19.632	14.904	False	True
ARENE	5	800	410	116	0.004878	0	0	0.035714	0.0097087	free	0.81897	0	0	REN		REN	REN	0.60542	19.61	21.481	False	True
SARSEN	6	1400	190	60	0.0078947	0.015789	0	0	0	free	0.9	0	0			SAR	SAR	0.66548	19.512	17.448	False	True
RATELS	6	1400	251	69	0.031873	0.0079681	0.014493	0.078431	0.14062	free	0.7971	0	0.057971	RATE	LASTER,SALTER	RATE	RATE	0.59089	19.435	23.226	False	True
URATES	6	1400	182	65	0.063187	0.021978	0.030769	0.13636	0.21739	free	0.86154	0	0	RATES		RATES	RATES	0.63767	19.277	16.491	False	True
TINSEL	6	1400	203	63	0.022167	0.0049261	0	0	0.033333	free	0.84127	0	0	TIN		TINS	TIN	0.62302	19.18	18.349	False	True
LATEST	6	1400	211	56	0.033175	0.0094787	0	0.03125	0.10204	free	0.94643	0	0	LATE	LATTES	LATE	LATE	0.69906	19.129	21.35	False	True
TORAN	5	800	385	123	0.049351	0.062338	0.081301	0.078125	0.033333	free	0.86179	0	0.0081301	TOR		TOR	TOR	0.63652	19.069	19.653	False	True
NATIS	5	800	574	171	0.0052265	0.0069686	0.011696	0	0	free	0.54971	0	0.21637		TAINS	NAT	NAT	0.41065	19.049	21.384	False	True
SATORI	6	1400	186	60	0.0026882	0	0	0	0.021277	free	0.86667	0	0	SAT		SAT	SAT	0.64138	18.805	17.457	False	True
ROTAN	5	800	383	130	0.053525	0.073107	0.053846	0.067797	0.043478	free	0.76923	0	0.0076923	ROT		ROT	ROT	0.56935	18.713	17.498	False	True
LARINE	6	1400	180	61	0.033333	0.038889	0.016393	0.055556	0.06383	free	0.86885	0	0.016393	RINE		RINE	RINE	0.64291	18.675	17.029	False	True
MATRES	6	1400	177	59	0.048023	0.011299	0.016949	0.2	0.14894	free	0.89831	0	0	MAT	MATERS,MASTER	MAT	MAT	0.66426	18.662	17.684	False	True
ENSATE	6	1400	255	76	0.015686	0.019608	0	0.019231	0	free	0.67105	0.013158	0.013158	SAT		SATE	SAT	0.50242	18.659	17.649	False	True
ERASED	6	1400	247	72	0.080972	0.020243	0.013889	0.21154	0.27692	free	0.72222	0	0.069444	RAS		RASED	RAS	0.53671	18.395	19.053	False	True
LITAS	5	800	364	115	0.010989	0.010989	0	0	0.03	free	0.77391	0	0.026087	LIT	TAILS	LIT	LIT	0.5728	18.394	18.066	False	True
IRATER	6	1400	276	71	0.043478	0.014493	0.056338	0.098361	0.16667	free	0.78873	0	0	RATER		RATER	RATER	0.58503	18.343	25.11	False	True
OATEN	5	800	475	165	0.084211	0.15158	0.13333	0.060976	0.043478	free	0.71515	0	0.012121			OAT	OAT	0.53012	18.281	16.906	False	True
NERITE	6	1400	270	79	0	0	0	0	0	free	0.63291	0	0.012658	RIT		RITE	RIT	0.47231	18.233	17.527	False	False
RETIAL	6	1400	245	73	0.02449	0.020408	0	0.02381	0.015873	free	0.68493	0	0.013699	RET		RET	RET	0.50993	18.19	19.279	False	True
LINEAR	6	1400	177	59	0.042373	0	0	0.1	0.055556	free	0.84746	0	0.016949	LINE		LINE	LINE	0.62744	18.089	17.098	False	True
TENOR	5	800	498	162	0.061245	0.048193	0.055556	0.13043	0.086331	free	0.61111	0	0.19136		TONER	TEN	TEN	0.45513	18.075	16.768	False	True
SEREST	6	1400	215	57	0.0093023	0	0	0.057692	0.073171	free	0.87719	0	0.017544	RES		SERES	RES	0.64894	18.075	21.89	False	True
SENAS	5	800	481	152	0.046778	0.027027	0.026316	0.058824	0.11538	free	0.60526	0	0.20395			SEN	SEN	0.45093	18.022	18.238	False	True
LARIS	5	800	396	128	0.061869	0.055556	0.023438	0.072464	0.10476	free	0.71094	0	0.09375	LAR	RAILS	LAR	LAR	0.52729	18.009	15.805	False	True
SERED	5	800	526	156	0.094106	0.089354	0.11538	0.09901	0.14286	free	0.69231	0.044872	0.089744			SERE	SERE	0.52877	18.007	18.909	False	True
DENIS	5	800	507	168	0.071006	0.076923	0.047619	0.08046	0.10156	free	0.57738	0	0.19643		DINES	DEN	DEN	0.43067	17.969	13.334	False	True
ARSENO	6	1400	264	83	0.0037879	0.0037879	0	0	0	free	0.59036	0	0			ARSE	ARSE	0.44159	17.91	15.574	False	True
TATIES	6	1400	206	57	0.038835	0.033981	0.035088	0.076923	0.066667	free	0.91228	0	0	TAT		TAT	TAT	0.67436	17.806	18.883	False	True
SEARAT	6	1400	204	52	0	0	0	0	0	free	0.94231	0	0	SEA		SEAR	SEA	0.69608	17.687	22.316	True	False
RATEEN	6	1400	178	52	0.019663	0.016854	0	0.064516	0	free	0.94231	0	0	RATE		RATE	RATE	0.69608	17.687	18.317	False	True
TSARS	5	800	376	108	0.010638	0.0026596	0.0092593	0.04	0.043011	free	0.7963	0	0.018519			SAR	SAR	0.58902	17.484	16.289	False	True
ORANTS	6	1400	184	57	0.024457	0	0	0.078947	0.090909	free	0.84211	0	0.017544	RANTS		RANTS	RANTS	0.62356	17.368	18.012	False	True
ELITE	5	800	378	120	0.010582	0.010582	0	0.012346	0.020202	free	0.69167	0	0	LITE		LITE	LITE	0.51304	17.191	17.369	False	True
SERINS	6	1400	249	80	0.080321	0.056225	0.1	0.14815	0.19697	free	0.725	0	0.0125	RIN		RINS	RIN	0.5389	17.158	18.791	False	True
RAITA	5	800	321	101	0.0046729	0	0	0	0.014286	free	0.82178	0	0	RAI		RAIT	RAI	0.60746	17.132	17.024	False	True
IMARET	6	1400	164	49	0.0030488	0	0	0.028571	0	free	0.95918	0	0	MARE		MARE	MARE	0.70828	16.959	16.846	False	True
SOREL	5	800	385	140	0.038961	0.015584	0.028571	0.038961	0.087912	free	0.62143	0	0.092857		LORES,ROLES	SORE	SORE	0.46234	16.957	13.101	False	True
REASON	6	1400	188	63	0.018617	0.015957	0.015873	0	0.044444	free	0.7619	0	0	SON		EAS	SON	0.56563	16.924	15.651	False	True
AREDE	5	800	349	122	0.028653	0.025788	0.065574	0.068966	0.078947	free	0.7541	0	0.032787			REDE	REDE	0.55844	16.79	14.138	False	True
ELINT	5	800	338	117	0.013314	0	0	0.055556	0.055556	free	0.69231	0	0.008547	LINT		LINT	LINT	0.51353	16.777	15.821	False	True
URATE	5	800	300	113	0.08	0.046667	0.070796	0.16418	0.24675	free	0.80531	0.017699	0	RATE		RATE	RATE	0.60143	16.743	14.088	False	True
SENORA	6	1400	296	86	0.0067568	0.0067568	0.011628	0.015385	0.022472	free	0.54651	0	0			SEN	SEN	0.40988	16.736	18.966	False	True
DITAS	5	800	320	107	0.023438	0.021875	0.028037	0.039216	0.030928	free	0.79439	0	0.028037	TAS		DIT	TAS	0.58767	16.721	15.119	False	True
DINERO	6	1400	194	72	0.069588	0.036082	0.083333	0.14634	0.19672	free	0.75	0	0	DINE		DINER	DINE	0.55702	16.666	13.925	False	True
LORATE	6	1400	156	51	0.041667	0.038462	0	0.027027	0.10714	free	0.90196	0	0	RATE		RATE	RATE	0.6669	16.62	14.777	False	True
TATIE	5	800	345	99	0.033333	0.028986	0.040404	0.048387	0.0625	free	0.86869	0	0	TAT		TAT	TAT	0.6415	16.617	18.026	False	True
LITEST	6	1400	160	49	0	0	0	0	0	free	0.93878	0	0	LITES		LITES	LITES	0.69352	16.606	15.941	False	False
TAROT	5	800	357	103	0.054622	0.05042	0.058252	0.018182	0.075	free	0.85437	0	0	TAR		TAR	TAR	0.63111	16.476	18.679	False	True
ARENITE	7	1800	151	40	0.0066225	0.0066225	0	0	0	free	0.925	0	0	REN		NITE	REN	0.65507	16.463	17.463	False	True
SEREIN	6	1400	236	77	0.0063559	0	0	0.053571	0.034483	free	0.58442	0	0.012987			SERE	SERE	0.43725	16.452	15.552	False	True
ESCAR	5	800	283	102	0.028269	0.04947	0.039216	0	0	free	0.83333	0	0.029412	CAR	CARES,CARSE	CAR	CAR	0.61593	16.426	14.657	False	True
RETRO	5	800	388	133	0.003866	0.0025773	0	0.028571	0	free	0.59398	0	0	RET		RET	RET	0.44216	16.421	15.652	False	True
TIERED	6	1400	145	62	0.096552	0.041379	0.080645	0.11538	0.16667	free	0.83871	0	0	TIE		TIER	TIE	0.62117	16.376	11.278	False	True
ARENAS	6	1400	227	59	0	0	0	0	0	free	0.76271	0	0	REN		ARE	REN	0.56621	16.324	20.463	False	False
TENESI	6	1400	213	57	0	0	0	0	0	free	0.78947	0	0			TENES	TENES	0.58556	16.31	15.725	False	False
TORSI	5	800	373	130	0.037534	0.040214	0.053846	0.060606	0.052632	free	0.67692	0	0.076923	TOR		TORS	TOR	0.50256	16.289	16.01	False	True
SATEEN	6	1400	181	52	0.0082873	0	0	0.032258	0	free	0.86538	0	0.019231	SAT		SATE	SAT	0.64039	16.272	18.116	False	True
EROSE	5	800	572	173	0.0052448	0	0	0.020202	0.038462	free	0.44509	0.0057803	0.0057803			ROSE	ROSE	0.33606	16.234	16.594	False	True
SAREES	6	1400	180	52	0.019444	0.0055556	0.019231	0.051282	0.022222	free	0.88462	0	0.038462	REE		SAR	REE	0.65424	16.136	16.95	False	True
TALEA	5	800	282	91	0.0088652	0.010638	0	0	0.014925	free	0.85714	0	0.010989	TALE		TALE	TALE	0.63315	16.089	16.078	False	True
ELSIN	5	800	335	132	0.0029851	0.0059701	0.015152	0	0	free	0.60606	0	0.060606	SIN	LINES	SIN	SIN	0.4511	16.068	12.369	False	True
SENTI	5	800	733	207	0.093452	0.12824	0.067633	0.061224	0.074468	free	0.45894	0	0.27536		TINES	SENT	SENT	0.34495	16.029	15.392	False	True
EDITS	5	800	447	156	0.022371	0.011186	0.025641	0.083333	0.070866	free	0.52564	0	0.21154			DITS	DITS	0.39317	16.01	13.938	False	True
ESTATE	6	1400	222	57	0.099099	0.081081	0.087719	0.2	0.24324	free	0.89474	0	0	STATE		STATE	STATE	0.66168	15.987	20.464	False	True
AROSE	5	800	578	168	0.025952	0.027682	0.029762	0.0098039	0.027027	free	0.49405	0	0.035714			ROSE	ROSE	0.36974	15.949	15.803	False	True
LATINO	6	1400	150	49	0.013333	0	0	0.04	0.097561	free	0.89796	0	0	LAT		LAT	LAT	0.66401	15.899	15.47	False	True
LOSEN	5	800	302	112	0.02649	0.016556	0.0089286	0.047619	0.011905	free	0.69643	0	0.026786	LOS		LOSE	LOS	0.51658	15.876	14.7	False	True
ARETT	5	800	465	113	0.051613	0.019355	0.079646	0.088235	0.15054	free	0.78761	0	0.035398	RET	TATER	RET	RET	0.58277	15.875	22.03	False	True
SATIS	5	800	406	131	0.060345	0.059113	0.038168	0.057971	0.055046	free	0.63359	0	0	SAT		SAT	SAT	0.4709	15.829	17.553	False	True
SETAL	5	800	777	240	0.018018	0.007722	0	0.030303	0.05641	cellmate	0.30833	0	0.44167		TEALS,LEATS,TALES,STALE	SET	SET	0.23613	15.825	16.258	False	True
TINEAL	6	1400	190	57	0.015789	0.010526	0.017544	0.02439	0.021739	free	0.78947	0	0.017544	TINE		TINE	TINE	0.58551	15.82	16.483	False	True
EOSIN	5	800	347	128	0.0043228	0.0028818	0.0078125	0	0	free	0.60156	0	0.015625	SIN		SIN	SIN	0.4477	15.722	13.943	False	True
IRADES	6	1400	177	60	0.022599	0	0	0.071429	0.078947	free	0.71667	0	0.05			RADE	RADE	0.53276	15.62	12.386	False	True
DREEST	6	1400	157	59	0	0	0	0	0	free	0.72881	0	0.033898	REE		REE	REE	0.54159	15.614	12.347	False	False
RATIO	5	800	420	140	0.097619	0.090476	0.13571	0.18966	0.16514	free	0.72143	0	0	RAT		RAT	RAT	0.53464	15.595	16.549	False	True
EDITOR	6	1400	121	55	0.016529	0	0	0.066667	0.078947	free	0.78182	0	0	TOR		DIT	TOR	0.58003	15.589	10.249	False	True
TARSEL	6	1400	239	54	0.0083682	0	0	0.020408	0.037736	free	0.7963	0	0.092593	TAR	LASTER,SALTER	TARS	TAR	0.5902	15.574	20.815	False	True
STENO	5	800	647	207	0.07187	0.097372	0.096618	0.032258	0.069182	free	0.48792	0	0.2029		TONES,STONE	STEN	STEN	0.36577	15.557	15.94	False	True
ENATES	6	1400	323	88	0.071207	0.074303	0.17045	0.050847	0.12698	free	0.71591	0	0.056818			NAT	NAT	0.53219	15.555	21.607	False	True
DITONE	6	1400	103	47	0.029126	0.0097087	0	0	0.032258	free	0.91489	0	0	TONE		TONE	TONE	0.67625	15.531	10.501	False	True
SEITAN	6	1400	342	94	0	0	0	0	0	free	0.44681	0	0	TAN		TAN	TAN	0.33779	15.516	22.182	False	False
RETEAR	6	1400	198	51	0.080808	0.090909	0.058824	0.068182	0.11364	free	0.92157	0	0	TEAR		RETE	TEAR	0.68108	15.508	18.28	False	True
LAREES	6	1400	153	43	0.058824	0.0065359	0	0.25806	0.20833	free	1	0	0	LARE	LEASER,LEARES	LARE	LARE	0.73779	15.503	15.767	False	True
IRONES	6	1400	228	78	0.070175	0.013158	0.025641	0.17778	0.22388	free	0.57692	0	0.012821			RONES	RONES	0.43183	15.482	14.285	False	True
SANTIR	6	1400	180	51	0.027778	0.016667	0.019608	0	0.13158	free	0.86275	0	0	SAN		SANT	SAN	0.63854	15.425	14.846	False	True
DRENT	5	800	359	113	0.012535	0.005571	0.017699	0	0.02	free	0.68142	0	0	REN		RENT	REN	0.50561	15.395	15.214	False	True
EARNT	5	800	427	117	0.017564	0	0	0.040816	0.05	free	0.63248	0	0.059829			EARN	EARN	0.47026	15.364	15.172	False	True
RESES	5	800	377	105	0.05305	0.04244	0.047619	0.05814	0.089888	free	0.77143	0	0.066667	RES		RES	RES	0.57111	15.349	16.502	False	True
TRANSE	6	1400	279	70	0.053763	0.039427	0.11429	0.089286	0.08	free	0.75714	0	0.014286	RAN		RAN	RAN	0.56214	15.319	21.563	False	True
REATAS	6	1400	201	57	0.0099502	0.0049751	0	0.025641	0.020833	free	0.73684	0	0	EAT		EAT	EAT	0.54751	15.25	17.896	False	True
TESTON	6	1400	172	53	0.017442	0	0	0	0.045455	free	0.79245	0	0	TON		TON	TON	0.58772	15.221	16.08	False	True
IDEATE	6	1400	148	52	0.0067568	0	0	0	0.022727	free	0.80769	0	0	EAT		EAT	EAT	0.59874	15.214	12.551	False	True
RESIST	6	1400	176	51	0.042614	0.039773	0	0.083333	0.13043	free	0.82353	0	0.019608	RES		RES	RES	0.61013	15.205	14.328	False	True
ROSEAL	6	1400	147	48	0.0034014	0	0	0	0	free	0.875	0	0	SEA		ROSE	SEA	0.64741	15.185	13.894	False	True
OLEATE	6	1400	122	47	0	0	0	0	0	free	0.89362	0	0	LEA		LEAT	LEA	0.66087	15.178	12.268	False	False
TENIAS	6	1400	286	91	0.006993	0.0034965	0	0	0.04918	free	0.45055	0	0			TEN	TEN	0.34049	15.141	12.263	False	True
RESHOT	6	1400	116	50	0.0086207	0.0086207	0.02	0.052632	0	free	0.86	0	0	RES		RES	RES	0.63656	15.064	11.203	False	True
RASTA	5	800	416	129	0.024038	0.036058	0.03876	0	0.0096154	free	0.6124	0	0.015504	RAST		RAST	RAST	0.45557	15.014	15.985	False	True
TESTA	5	800	631	167	0.03645	0.022187	0.011976	0.06383	0.072993	free	0.44311	0	0.25749		TATES,STATE	TEST	TEST	0.33341	14.989	17.86	False	True
ARSINE	6	1400	262	73	0.030534	0.034351	0.10959	0.043478	0.040541	free	0.71233	0	0.041096	SINE	RAINES	SINE	SINE	0.52965	14.984	20.263	False	True
ETENS	5	800	383	120	0.0013055	0	0	0	0	free	0.6	0	0.083333			TENS	TENS	0.44676	14.97	13.562	False	True
MATIER	6	1400	149	51	0.067114	0.10738	0.039216	0.045455	0.055556	free	0.86275	0	0	MAT		MAT	MAT	0.63854	14.936	12.876	False	True
HOSEN	5	800	254	97	0.015748	0.019685	0	0.023256	0	free	0.74227	0	0.020619		HONES	HOSE	HOSE	0.54982	14.892	12.079	False	True
TEAED	5	800	291	94	0.015464	0.010309	0	0.026316	0.033333	free	0.76596	0	0	TEA		TEA	TEA	0.56695	14.881	15.572	False	True
SOREE	5	800	294	101	0.02551	0.013605	0.029703	0.041667	0.031746	free	0.75248	0	0	REE		SORE	REE	0.55717	14.876	13.494	False	True
SIREE	5	800	321	102	0.054517	0.012461	0.0098039	0.14545	0.175	free	0.71569	0	0	REE		SIRE	REE	0.53047	14.83	14.871	False	True
ERASER	6	1400	240	57	0.079167	0.0041667	0.017544	0.21818	0.30909	free	0.73684	0	0.035088	RAS		RASER	RAS	0.54739	14.758	20.448	False	True
HOTEN	5	800	237	96	0.0084388	0.012658	0.020833	0	0	free	0.77083	0	0	HOT		HOTE	HOT	0.57049	14.734	11.856	False	True
SATEM	5	800	327	105	0.0045872	0.0030581	0	0	0.015152	free	0.67619	0	0.13333	SAT	MATES,TAMES	SATE	SAT	0.50219	14.724	13.36	False	True
STELAR	6	1400	320	83	0.0625	0.08125	0.096386	0.098361	0.072464	free	0.61446	0	0.20482	LAR	LASTER,SALTER	LAR	LAR	0.45835	14.681	19.085	False	True
AREDES	6	1400	180	64	0.033333	0.033333	0.078125	0.11765	0.086957	free	0.73438	0	0.046875			ARE	ARE	0.54557	14.619	12.474	False	True
STRENE	6	1400	202	61	0.0024752	0	0	0	0	free	0.65574	0	0.13115	REN		REN	REN	0.48844	14.559	16.138	False	True
CRESTA	6	1400	202	60	0.0074257	0	0	0	0.021739	free	0.66667	0	0.11667	RES	CATERS,CASTER,CARTES	REST	RES	0.49639	14.554	13.891	False	True
RESAID	6	1400	185	54	0.054054	0.075676	0.092593	0.10345	0.041667	free	0.87037	0	0.018519	RES		RES	RES	0.644	14.55	16.291	False	True
SETONS	6	1400	166	54	0.01506	0	0	0.030303	0.0625	free	0.74074	0	0	TON		TONS	TON	0.55033	14.522	14.721	False	True
MISATE	6	1400	144	49	0.013889	0.020833	0	0.047619	0	free	0.81633	0	0	SAT		SATE	SAT	0.60498	14.486	13.646	False	True
PAREN	5	800	265	93	0.086792	0.083019	0.086022	0.14894	0.096774	free	0.87097	0	0	PARE		PARE	PARE	0.64315	14.468	13.992	False	True
ARTIER	6	1400	211	65	0.066351	0.080569	0.15385	0.090909	0.061224	free	0.81538	0.015385	0	TIE		TIER	TIE	0.60726	14.401	13.287	False	True
TANTI	5	800	294	93	0.030612	0.030612	0.010753	0.068182	0.043478	free	0.76344	0	0.021505	TAN		TAN	TAN	0.56519	14.398	14.724	False	True
ALIST	5	800	436	146	0.027523	0.03211	0.034247	0.028571	0.03876	free	0.50685	0.020548	0.054795	LIST	TAILS	LIST	LIST	0.38596	14.339	15.572	False	True
INSET	5	800	775	239	0.025161	0.020645	0.046025	0.035461	0.054054	free	0.3431	0	0.27197		TINES	SET	SET	0.26088	14.338	16.883	False	True
RANID	5	800	302	97	0.019868	0.016556	0.020619	0.018182	0	free	0.74227	0	0.020619	RAN		RAN	RAN	0.54982	14.334	14.314	False	True
ELAIN	5	800	377	133	0.011936	0.005305	0.0075188	0.017857	0.0097087	free	0.52632	0	0.075188			LAIN	LAIN	0.39327	14.326	13.918	False	True
STERANE	7	1800	172	51	0.011628	0.011628	0	0.055556	0.027778	free	0.62745	0	0.098039	RAN		RAN	RAN	0.44619	14.297	15.472	False	True
IRADE	5	800	366	119	0.016393	0.0054645	0.0084034	0.033333	0.054945	free	0.57983	0.016807	0.07563			RADE	RADE	0.43773	14.266	12.237	False	True
OSTEAL	6	1400	175	53	0.0057143	0	0	0	0.022222	free	0.73585	0	0	TEA		STEAL	TEA	0.54679	14.161	15.078	False	True
ANEAR	5	800	343	106	0.0072886	0	0	0.036364	0.02439	free	0.64151	0	0			NEAR	NEAR	0.47665	14.108	13.64	False	True
PEARST	6	1400	133	46	0.022556	0	0	0.076923	0.12121	free	0.84783	0	0.043478	PEARS	PATERS,TAPERS,PASTER	PEARS	PEARS	0.62762	14.108	13.411	False	True
SITARS	6	1400	197	50	0.050761	0.06599	0.06	0.085106	0.067797	free	0.86	0	0	SIT		TARS	SIT	0.63656	14.087	16.7	False	True
NEATH	5	800	311	113	0.048232	0.0096463	0.0088496	0.078431	0.088608	free	0.61062	0	0.017699	EAT		NEAT	EAT	0.45428	14.055	12.315	False	True
TORANS	6	1400	174	52	0.060345	0.068966	0.11538	0.088235	0.046512	free	0.90385	0	0	TOR		TOR	TOR	0.66826	14.049	15.794	False	True
ARSON	5	800	325	107	0.013846	0.0092308	0.0093458	0.016129	0.034884	free	0.64486	0	0.0093458	SON		SON	SON	0.4791	14.035	12.329	False	True
RESOD	5	800	383	127	0.045692	0.070496	0.03937	0.014706	0	free	0.58268	0	0.30709	RES	DORES	RES	RES	0.43483	14.024	13.305	False	True
ARETTS	6	1400	260	59	0.048077	0.015385	0.067797	0.12281	0.13953	free	0.74576	0	0.084746	RET	TATERS,STATER	RET	RET	0.55368	14.008	22.933	False	True
SANIES	6	1400	204	62	0.053922	0.088235	0.080645	0.051282	0.037037	free	0.72581	0	0	SAN		SAN	SAN	0.53953	13.903	14.036	False	True
TORSEL	6	1400	149	54	0.053691	0.04698	0.037037	0.13158	0.17391	free	0.75926	0	0	TORSE		TORSE	TORSE	0.56372	13.898	11.805	False	True
NORITE	6	1400	179	53	0.0083799	0.01676	0.037736	0	0	free	0.77358	0	0	RIT		RITE	RIT	0.57407	13.891	15.183	False	True
EARTHS	6	1400	154	51	0.087948	0.032468	0.039216	0.083333	0.14894	free	0.80392	0	0		HATERS	EAR	EAR	0.59601	13.876	11.48	False	True
SILENT	6	1400	149	59	0.033557	0.013423	0	0.12903	0.11905	free	0.64407	0	0			SILE	SILE	0.48042	13.851	9.554	False	True
SOLEI	5	800	255	88	0.0019608	0	0	0	0.014493	free	0.76136	0	0	SOL		SOLE	SOL	0.56362	13.85	12.075	False	True
TELOS	5	800	297	106	0.006734	0.003367	0.009434	0	0.013699	free	0.64151	0	0.14151	LOS	TOLES	LOS	LOS	0.47705	13.841	12.037	False	True
TONITE	6	1400	136	45	0.029412	0.022059	0.044444	0	0.058824	free	0.91111	0	0	TON		TON	TON	0.67352	13.833	13.404	False	True
RESIANT	7	1800	135	41	0.011111	0	0	0.030303	0	free	0.7561	0	0	RES	RETAINS	RES	RES	0.53696	13.832	14.287	False	True
ARTSIE	6	1400	341	105	0.0043988	0	0	0.016667	0.011236	free	0.35238	0	0			ARTS	ARTS	0.26951	13.828	11.417	False	True
TASAR	5	800	272	80	0.0018382	0	0	0	0.012048	free	0.8375	0	0	TAS		TAS	TAS	0.61887	13.825	14.855	False	True
RETAG	5	800	255	93	0.021569	0.019608	0.010753	0	0.049383	free	0.73118	0	0.17204	RET	GATER	RET	RET	0.54221	13.801	11.388	False	True
TENAIL	6	1400	166	58	0.066265	0.054217	0.051724	0.27586	0.13725	free	0.72414	0	0.017241			NAIL	NAIL	0.53826	13.79	11.758	False	True
DORISE	6	1400	131	48	0.01145	0.0076336	0	0	0	free	0.79167	0	0	DOR		DOR	DOR	0.58715	13.772	12.022	False	True
RATAS	5	800	326	88	0.095092	0.10123	0.10227	0.048387	0.11905	free	0.89773	0	0.022727	RAT		RAT	RAT	0.66264	13.77	16.357	False	True
SAIREST	7	1800	138	40	0.043478	0.057971	0.125	0.12	0.083333	free	0.95	0	0	SAI		AIREST	SAI	0.67256	13.761	16.606	False	True
STATOR	6	1400	136	43	0.0036765	0	0	0.045455	0	free	0.88372	0	0	STAT		STAT	STAT	0.65371	13.736	14.205	False	True
ENDEAR	6	1400	110	43	0.022727	0.0090909	0	0.05	0.041667	free	0.88372	0	0			END	END	0.65371	13.736	10.404	False	True
EARTH	5	800	349	101	0.07604	0.022923	0.049505	0.1	0.14815	free	0.72277	0	0.069307		HATER	EAR	EAR	0.53581	13.715	14.006	False	True
MANET	5	800	257	82	0.048638	0.035019	0.02439	0.025	0.11429	free	0.84146	0	0.012195	MANE		MANE	MANE	0.62178	13.678	13.337	False	True
RANIDS	6	1400	120	48	0.033333	0.016667	0.020833	0.052632	0	free	0.8125	0	0	RAN		RAN	RAN	0.60221	13.637	11.169	False	True
IDENTS	6	1400	179	57	0.0083799	0	0	0.028571	0.052632	free	0.64912	0.017544	0			DENTS	DENTS	0.48745	13.577	11.98	False	True
ONSET	5	800	583	187	0.012007	0.0068611	0.0053476	0.019608	0.021429	free	0.34759	0	0.28342		TONES,STONE	SET	SET	0.26417	13.515	13.366	False	True
AREAL	5	800	350	104	0.01	0	0	0.016393	0.033708	free	0.625	0	0			REAL	REAL	0.46467	13.494	14.804	False	True
SENSEI	6	1400	126	51	0.0039683	0	0	0	0	free	0.72549	0	0			SEN	SEN	0.5393	13.44	10.484	False	True
SATIRES	7	1800	150	34	0.093333	0.08	0.058824	0.1	0.088235	free	0.97059	0	0	TIRES		TIRES	TIRES	0.68695	13.418	17.64	False	True
HERETO	6	1400	119	44	0.02521	0	0	0.086957	0.09375	free	0.84091	0	0	RET		HERE	RET	0.62276	13.39	11.589	False	True
DRATS	5	800	407	104	0.09828	0.068796	0.11538	0.17143	0.16667	free	0.77885	0	0.028846	RAT		RATS	RAT	0.57639	13.388	17.782	False	True
AESIR	5	800	615	191	0	0	0	0	0	free	0.32984	0	0.15707			SIR	SIR	0.25093	13.383	14.251	True	False
SARAN	5	800	248	77	0.018145	0.028226	0.038961	0	0	free	0.8961	0	0	RAN		SAR	RAN	0.66139	13.383	13.313	False	True
HALEST	6	1400	137	43	0.032847	0.021898	0	0.11111	0.055556	free	0.86047	0	0			HALES	HALES	0.6369	13.383	12.061	False	True
RETARD	6	1400	142	42	0.059859	0	0	0.16667	0.15	free	0.88095	0	0.02381	RET		RET	RET	0.65163	13.374	14.106	False	True
RATLIN	6	1400	124	41	0.016129	0	0	0.052632	0.052632	free	0.90244	0	0	RAT		RAT	RAT	0.66725	13.368	11.824	False	True
LINOS	5	800	227	86	0.019824	0.013216	0.011628	0.054054	0.017544	free	0.76744	0	0.046512	LIN		LIN	LIN	0.56816	13.365	11.269	False	True
SLIER	5	800	392	129	0.047194	0.038265	0.023256	0.066667	0.048544	free	0.52713	0	0.077519			LIER	LIER	0.39387	13.35	11.473	False	True
AERATE	6	1400	223	57	0.011211	0.0044843	0.017544	0.051282	0.020833	free	0.66667	0	0	RATE		RATE	RATE	0.49676	13.348	18.955	False	True
SILANE	6	1400	193	75	0.023316	0.020725	0.026667	0.057143	0.019608	free	0.52	0	0.093333		ALINES	LANE	LANE	0.39041	13.331	10.904	False	True
REATA	5	800	407	114	0.011057	0.004914	0	0.028571	0.01087	free	0.5614	0	0	EAT		EAT	EAT	0.41852	13.322	15.261	False	True
ENSEAR	6	1400	197	52	0.0050761	0.010152	0.019231	0	0	free	0.73077	0	0	SEA		SEAR	SEA	0.54311	13.312	17.172	False	True
SONSE	5	800	269	99	0.01487	0	0	0	0.044118	free	0.64646	0	0.050505	SON		SON	SON	0.48039	13.28	11.515	False	True
IRONE	5	800	400	140	0.05625	0.0075	0.014286	0.17391	0.19008	free	0.47143	0	0			RONE	RONE	0.35323	13.25	11.438	False	True
PARENS	6	1400	136	47	0.080882	0.080882	0.085106	0.13793	0.12121	free	0.89362	0	0	PARE		PARE	PARE	0.66087	13.223	12.949	False	True
SLART	5	800	337	97	0.034125	0.029674	0.010309	0.047619	0.023529	free	0.6701	0	0	LAR		LAR	LAR	0.4974	13.193	13.52	False	True
LAREE	5	800	234	70	0.057692	0.0042735	0	0.21951	0.18182	free	0.91429	0	0.014286	LARE	LEARE	LARE	LARE	0.67463	13.186	13.316	False	True
DINOS	5	800	236	96	0.069915	0.059322	0.09375	0.088235	0.080645	free	0.79167	0	0	DIN		DIN	DIN	0.58561	13.185	10.495	False	True
DEAIR	5	800	321	115	0.017134	0	0	0.044444	0.045455	free	0.54783	0	0.12174	AIR		AIR	AIR	0.40901	13.134	11.697	False	True
URINES	6	1400	116	46	0.030172	0.025862	0.043478	0	0.081081	free	0.84783	0	0	RINES		RINES	RINES	0.62776	13.134	9.9143	False	True
ELANET	6	1400	157	56	0	0	0	0	0	free	0.64286	0	0			LANE	LANE	0.47955	13.123	10.891	False	False
SERER	5	800	338	101	0.025148	0.02071	0	0.044776	0.031579	free	0.62376	0	0			SERE	SERE	0.46377	13.079	11.409	False	True
SERANG	6	1400	158	47	0.0031646	0	0	0.029412	0.028571	free	0.76596	0	0.085106	RANG	RANGES	RANG	RANG	0.56829	13.052	14.365	False	True
ROTANS	6	1400	161	51	0.071429	0.099379	0.058824	0.083333	0.06383	free	0.78431	0	0.019608	ROT		ROT	ROT	0.58177	13.033	12.678	False	True
RANEE	5	800	257	75	0.0077821	0	0	0	0	free	0.84	0	0	RAN		RAN	RAN	0.62068	12.999	13.234	False	True
SENSI	5	800	424	147	0.017689	0.025943	0.040816	0.013158	0.019417	free	0.47619	0	0.2585		SINES	SEN	SEN	0.35742	12.996	13.288	False	True
SALINA	6	1400	93	38	0.016129	0.010753	0	0.14286	0.043478	free	0.94737	0	0	SAL		SAL	SAL	0.69973	12.993	9.6939	False	True
CANST	5	800	196	73	0.017857	0.015306	0	0.10345	0.019231	free	0.86301	0	0.013699	CAN	CANTS	CANS	CAN	0.63742	12.993	9.8883	False	True
OTARIES	7	1800	129	47	0	0	0	0	0	free	0.61702	0.042553	0.021277	TAR		TAR	TAR	0.43918	12.968	11.352	True	False
SILEN	5	800	394	143	0.032995	0.017766	0.006993	0.092308	0.093458	free	0.44056	0	0.1049		LINES	SILE	SILE	0.33113	12.943	11.029	False	True
SERINES	7	1800	105	34	0.047619	0.0095238	0	0.10345	0.2069	free	0.85294	0	0	RINES		RINES	RINES	0.60468	12.917	11.537	False	True
OREAD	5	800	321	111	0.0031153	0	0	0	0.011236	free	0.55856	0	0.036036			READ	READ	0.41656	12.911	10.472	False	True
SNITS	5	800	439	146	0.074032	0.077449	0.082192	0.044444	0.051546	free	0.53425	0	0			NITS	NITS	0.39881	12.908	11.559	False	True
MEREST	6	1400	122	43	0.069672	0.016393	0.023256	0.21429	0.32143	free	0.86047	0	0	RES		MERES	RES	0.6369	12.894	11.285	False	True
AREAD	5	800	287	92	0.0087108	0	0	0.017544	0.059701	free	0.67391	0	0			READ	READ	0.50016	12.849	11.914	False	True
ARTEL	5	800	456	122	0.027412	0.004386	0	0.090909	0.084112	free	0.4918	0.02459	0.18033		LATER	ART	ART	0.37675	12.834	13.185	False	True
REDAN	5	800	370	136	0.078378	0.11351	0.15441	0.055556	0.074468	free	0.66176	0	0.022059	DAN		RED	DAN	0.49141	12.798	13.226	False	True
TANIST	6	1400	177	56	0	0	0	0	0	free	0.625	0	0	TAN		TAN	TAN	0.46663	12.769	14.073	False	False
SENITI	6	1400	178	56	0	0	0	0	0	free	0.625	0	0.017857			SEN	SEN	0.46658	12.768	12.843	True	False
DEAIRS	6	1400	143	55	0.024476	0	0	0.083333	0.04878	free	0.63636	0	0.14545	AIRS		AIRS	AIRS	0.47438	12.75	10.068	False	True
HAERES	6	1400	180	54	0.0027778	0	0	0.025641	0.025	free	0.64815	0	0.074074	RES		RES	RES	0.48313	12.749	11.943	False	True
SHERO	5	800	309	115	0.0032362	0.0032362	0	0	0.012658	free	0.53043	0	0.13913			SHE	SHE	0.39644	12.73	10.251	False	True
SETOSE	6	1400	121	45	0	0	0	0	0	free	0.77778	0	0			TOSE	TOSE	0.57711	12.69	11.257	True	False
ENTAIL	6	1400	178	59	0.092697	0.08427	0.10169	0.15385	0.1875	free	0.72881	0	0	TAIL		TAIL	TAIL	0.5417	12.686	13.881	False	True
SARNIE	6	1400	200	58	0.04	0.065	0.10345	0	0	free	0.74138	0	0.017241		RAINES	SAR	SAR	0.55073	12.677	14.238	False	True
TORTEN	6	1400	142	43	0.021127	0.014085	0	0.052632	0.028571	free	0.81395	0	0	TOR		TORTE	TOR	0.60326	12.676	12.114	False	True
NITRO	5	800	411	142	0.040146	0.017032	0.049296	0.081081	0.11404	free	0.49296	0	0.014085			NIT	NIT	0.36889	12.672	10.71	False	True
RIDENT	6	1400	134	42	0.0074627	0.0074627	0	0	0	free	0.83333	0	0.02381		TINDER	RIDE	RIDE	0.6172	12.667	11.159	False	True
RESIGN	6	1400	135	42	0.088889	0.022222	0	0.29032	0.27027	free	0.83333	0	0.071429	RES	SINGER	RES	RES	0.61705	12.664	11.605	False	True
SARTOR	6	1400	113	37	0.0044248	0	0	0	0	free	0.94595	0	0	TOR		SAR	TOR	0.69871	12.633	11.239	False	True
PETAR	5	800	282	82	0.010638	0	0	0.052632	0.041096	free	0.7439	0	0.17073	TAR	TAPER,PATER	PET	TAR	0.55144	12.626	14.168	False	True
DENET	5	800	277	92	0.034296	0.021661	0.032609	0.056604	0.051282	free	0.70652	0	0			DEN	DEN	0.52382	12.619	12.337	False	True
ENATE	5	800	563	176	0.073712	0.08881	0.1875	0.072917	0.08	free	0.59091	0.011364	0.034091			NAT	NAT	0.44383	12.597	15.152	False	True
RIANT	5	800	377	121	0.0039788	0.0026525	0	0.016667	0.0097087	free	0.49587	0	0.057851			ANT	ANT	0.37113	12.539	12.564	False	True
LATRON	6	1400	112	42	0.013393	0.017857	0.02381	0	0.027778	free	0.85714	0	0	LAT		LAT	LAT	0.63449	12.533	10.255	False	True
NERITES	7	1800	157	43	0	0	0	0	0	free	0.65116	0	0.023256	RIT		RITES	RIT	0.46339	12.519	15.159	False	False
DITONES	7	1800	64	29	0.015625	0	0	0	0.05	free	0.96552	0	0	TONES		TONES	TONES	0.68341	12.452	8.3255	False	True
SEDAN	5	800	339	115	0.013274	0.014749	0.0086957	0.021277	0.013333	free	0.53043	0	0.026087	DAN		DAN	DAN	0.39612	12.441	12.106	False	True
TAROTS	6	1400	168	49	0.053571	0.053571	0.10204	0	0.076923	free	0.83673	0	0	TAR		TAR	TAR	0.61974	12.396	15.684	False	True
EALES	5	800	486	132	0.012346	0.010288	0.015152	0	0	free	0.37121	0.20455	0.075758		LEASE	ALES	ALES	0.34913	12.31	10.409	False	True
AMORET	6	1400	120	41	0.0041667	0	0	0	0.030303	free	0.82927	0	0	MORE		MORE	MORE	0.61434	12.308	11.703	False	True
ISATIN	6	1400	145	41	0	0	0	0	0	free	0.82927	0	0	SAT		SAT	SAT	0.61434	12.308	13.889	True	False
RATITE	6	1400	170	40	0.020588	0.0058824	0	0.086957	0.044444	free	0.85	0	0	TITE		TITE	TITE	0.62933	12.301	17.264	False	True
SEASON	6	1400	95	35	0.0052632	0	0	0	0	free	0.97143	0	0	SEA		SEA	SEA	0.71713	12.265	10.638	False	True
ANTAE	5	800	314	95	0.0031847	0	0	0	0.011494	free	0.62105	0	0			ANT	ANT	0.4618	12.25	12.583	False	True
HANSE	5	800	254	91	0.023622	0.007874	0	0.047619	0.064935	free	0.64835	0	0.010989	HAN		HAN	HAN	0.48164	12.239	10.741	False	True
TENORS	6	1400	210	66	0.071429	0.071429	0.10606	0.12245	0.067797	free	0.65152	0	0.19697		TONERS,STONER	TEN	TEN	0.48517	12.227	12.141	False	True
STEREO	6	1400	240	76	0.00625	0	0	0.016129	0.036364	free	0.43421	0	0			STERE	STERE	0.32868	12.206	9.8477	False	True
TAIRA	5	800	302	79	0.0016556	0	0	0	0	free	0.74684	0	0.012658	TAI		TAI	TAI	0.55311	12.201	16.106	False	True
LACETS	6	1400	109	44	0.073394	0.0091743	0.022727	0.44444	0.31034	free	0.79545	0	0	LACE		LACE	LACE	0.58989	12.194	9.7303	False	True
ENSEAL	6	1400	129	41	0.011628	0.023256	0.02439	0	0	free	0.85366	0	0	SEA		SEAL	SEA	0.63197	12.173	10.587	False	True
RAIAS	5	800	192	69	0.020833	0.010417	0	0	0.040816	free	0.85507	0	0.014493	RAI		RAI	RAI	0.63166	12.17	9.5229	False	True
TEEND	5	800	183	65	0.065574	0	0	0.27273	0.26	free	0.90769	0	0	TEE		TEEN	TEE	0.6698	12.157	10.076	False	True
TEAING	6	1400	148	51	0.047297	0.081081	0.13725	0	0.027778	free	0.84314	0	0.019608	TEA		TEA	TEA	0.6243	12.138	12.595	False	True
ANESTRI	7	1800	155	44	0.0032258	0.0064516	0	0	0	free	0.61364	0	0.022727		RETAINS	NEST	NEST	0.43715	12.085	9.9327	False	True
LORAN	5	800	186	75	0.018817	0.032258	0.053333	0.026316	0	free	0.85333	0	0	LOR		LOR	LOR	0.63036	12.084	10.062	False	True
TRENISE	7	1800	126	43	0.0039683	0	0	0.032258	0	free	0.62791	0	0.023256	REN		REN	REN	0.44713	12.079	11.207	False	True
TRINAL	6	1400	135	57	0.0074074	0	0	0	0.03125	free	0.57895	0	0	RIN		TRIN	RIN	0.43333	12.07	9.9445	False	True
URENT	5	800	207	79	0	0	0	0	0	free	0.73418	0	0.012658	REN		RENT	REN	0.54393	11.999	9.9076	False	False
TRESS	5	800	314	93	0.044586	0.025478	0.064516	0.018182	0.044776	free	0.70968	0	0	RES		RES	RES	0.52611	11.987	12.325	False	True
IDENT	5	800	335	109	0.0074627	0	0	0.030303	0.032609	free	0.52294	0.0091743	0.027523			DENT	DENT	0.39375	11.984	11.448	False	True
RESTEM	6	1400	124	45	0.012097	0.016129	0	0	0.03125	free	0.73333	0	0	RES		REST	RES	0.54497	11.984	10.168	False	True
RESEDA	6	1400	136	44	0	0	0	0	0	free	0.75	0	0.068182	RES		RES	RES	0.5568	11.972	11.737	False	False
EROTIC	6	1400	109	43	0.0045872	0.0091743	0	0	0	free	0.76744	0	0	ROT		ROT	ROT	0.56963	11.969	8.6097	False	True
RANSEL	6	1400	143	40	0	0	0	0	0	free	0.825	0	0	RAN		RAN	RAN	0.61125	11.948	11.979	True	False
PETARS	6	1400	129	40	0.015504	0	0	0.066667	0.055556	free	0.825	0	0.1	TAR	PATERS,TAPERS,PASTER	TARS	TAR	0.61093	11.941	11.942	False	True
SALSE	5	800	256	82	0.029297	0.011719	0.012195	0.071429	0.090909	free	0.71951	0	0.14634	SAL	LASES	SAL	SAL	0.53367	11.94	12.139	False	True
YAREST	6	1400	102	36	0	0	0	0	0	free	0.91667	0	0	RES		ARES	RES	0.67753	11.919	9.8693	True	False
ALIEN	5	800	383	135	0.045692	0.010444	0.0074074	0.046154	0.12903	free	0.42963	0	0.13333			LIE	LIE	0.32327	11.907	10.766	False	True
RETORE	6	1400	138	41	0.054348	0.072464	0.073171	0.037037	0.058824	free	0.90244	0	0	TORE		TORE	TORE	0.66725	11.902	12.548	False	True
TRADIE	6	1400	126	44	0.051587	0.047619	0.022727	0	0	free	0.77273	0	0.022727			RAD	RAD	0.57338	11.84	8.7681	False	True
NORITES	7	1800	110	32	0.0090909	0.018182	0.03125	0	0	free	0.875	0	0	RIT		RITES	RIT	0.62011	11.839	11.764	False	True
LOTAS	5	800	245	84	0.091837	0.097959	0.035714	0.10526	0.074627	free	0.72619	0	0.047619	LOT		LOT	LOT	0.53823	11.787	10.585	False	True
SEITEN	6	1400	240	65	0	0	0	0	0	free	0.49231	0	0			TEN	TEN	0.37069	11.774	13.994	False	False
TAMIS	5	800	211	71	0.030806	0.028436	0	0.078947	0.019608	free	0.80282	0	0			TAM	TAM	0.5937	11.77	9.6372	False	True
PEART	5	800	247	68	0.064909	0.036437	0.044118	0.17778	0.11864	free	0.89706	0	0.088235	PEAR	TAPER,PATER	PEAR	PEAR	0.66234	11.739	13.524	False	True
RESTOS	6	1400	188	61	0.085106	0.079787	0.13115	0.1	0.19444	free	0.70492	0	0.16393	RES	TORSES	REST	RES	0.5239	11.707	11.905	False	True
ELAINS	6	1400	152	53	0.016447	0.0065789	0	0	0.025641	free	0.60377	0	0.018868		ALINES	LAIN	LAIN	0.45123	11.686	11.395	False	True
RETROS	6	1400	177	54	0.0056497	0	0	0.074074	0	free	0.59259	0	0.2037	RET		RET	RET	0.44255	11.678	12.6	False	True
TORTIE	6	1400	109	40	0.087156	0.073394	0.05	0.11111	0.090909	free	0.875	0	0	TOR		TORT	TOR	0.64741	11.677	8.6455	False	True
STENOS	6	1400	198	54	0.085859	0.12626	0.14815	0.02439	0.10811	free	0.7963	0	0			TEN	TEN	0.5905	11.672	12.935	False	True
TETRAS	6	1400	188	48	0.013298	0.0053191	0	0.02439	0.028571	free	0.66667	0	0.020833	RAS	TATERS,STATER	RAS	RAS	0.4967	11.65	14.05	False	True
URENA	5	800	238	95	0.0021008	0	0	0	0.013514	free	0.58947	0	0	REN		REN	REN	0.43889	11.642	9.7451	False	True
ELINTS	6	1400	153	43	0.01634	0	0	0.032258	0.057692	free	0.74419	0	0.023256	LINTS		LINTS	LINTS	0.55274	11.614	13.011	False	True
TESTIS	6	1400	144	42	0.0069444	0.0069444	0	0.038462	0	free	0.7619	0	0			TEST	TEST	0.56563	11.609	10.034	False	True
SIREES	6	1400	133	41	0.078947	0.015038	0	0.15385	0.26667	free	0.78049	0	0	REE		SIRE	REE	0.57907	11.602	11.423	False	True
STRATI	6	1400	183	41	0.0054645	0	0	0	0.02439	free	0.78049	0	0	RAT		RAT	RAT	0.57907	11.602	15.991	False	True
PERAI	5	800	242	80	0.0041322	0.0041322	0	0	0	free	0.7	0	0.0125	RAI		PER	RAI	0.51913	11.597	11.654	False	True
DENETS	6	1400	146	41	0.027397	0.013699	0	0.064516	0	free	0.78049	0	0.097561			DEN	DEN	0.57875	11.595	12.458	False	True
SERRAN	6	1400	117	38	0.042735	0.025641	0	0.125	0.15385	free	0.84211	0	0	RAN		RAN	RAN	0.62362	11.58	9.7748	False	True
LATINA	6	1400	111	37	0.0045045	0	0	0	0.041667	free	0.86486	0	0	LAT		LAT	LAT	0.64008	11.573	11.347	False	True
SALTO	5	800	264	79	0.041667	0.049242	0.037975	0.057143	0.056338	free	0.75949	0	0.012658	SAL		SALT	SAL	0.5623	11.566	11.193	False	True
SEAREST	7	1800	119	27	0.042017	0.02521	0	0.034483	0.041667	free	0.96296	0	0	SEA	SEATERS	SEARE	SEA	0.68162	11.563	15.758	False	True
ASTIR	5	800	546	173	0.010082	0.010989	0.011561	0.021505	0.014085	free	0.32948	0	0.24277		RAITS	STIR	STIR	0.25091	11.562	10.903	False	True
MISEAT	6	1400	103	34	0.0048544	0	0	0.047619	0	free	0.94118	0	0	SEA		MISE	SEA	0.69526	11.551	11.216	False	True
ARTIS	5	800	624	191	0.088141	0.13942	0.17801	0.018519	0.025641	free	0.51309	0.031414	0.1466		RAITS	TIS	TIS	0.39438	11.54	13.175	False	True
URASE	5	800	270	86	0.0074074	0.0037037	0.011628	0	0.016949	free	0.66279	0	0	RAS		RASE	RAS	0.49209	11.538	11.359	False	True
DINAR	5	800	302	97	0.039735	0.033113	0.072165	0.072727	0.024096	free	0.6701	0	0.010309	DIN		DIN	DIN	0.49743	11.518	10.337	False	True
URITES	6	1400	111	44	0.013514	0.018018	0.022727	0	0	free	0.75	0	0	RIT		RITES	RIT	0.55702	11.488	8.153	False	True
THOSE	5	800	218	86	0.082569	0.06422	0.081395	0.058824	0.076923	free	0.75581	0	0.011628			HOSE	HOSE	0.55963	11.484	9.3215	False	True
REDONE	6	1400	115	41	0.091304	0.078261	0.02439	0.2069	0.0625	free	0.80488	0	0	DONE		DONE	DONE	0.5967	11.466	8.9525	False	True
ARTELS	6	1400	224	58	0.020089	0.0089286	0	0.027027	0.054545	free	0.53448	0.017241	0.12069		LASTER,SALTER	ART	ART	0.40411	11.453	11.82	False	True
TAROC	5	800	240	85	0.0020833	0	0	0	0	free	0.64706	0	0	TAR		TAR	TAR	0.48067	11.409	10.133	False	True
SATAI	5	800	243	74	0.0041152	0.0082305	0	0	0	free	0.74324	0	0	SAT		SAT	SAT	0.55047	11.374	12.914	False	True
TOEAS	5	800	349	95	0.015759	0.0028653	0.010526	0.035088	0.04878	free	0.58947	0	0			EAS	EAS	0.43889	11.363	13.879	False	True
AIDOS	5	800	153	70	0.003268	0	0	0	0.020833	free	0.78571	0	0			AID	AID	0.58129	11.362	7.5407	False	True
URINE	5	800	197	82	0.038071	0.050761	0.073171	0	0.045455	free	0.76829	0	0	RINE		RINE	RINE	0.56865	11.345	8.7498	False	True
CRETIN	6	1400	128	40	0.03125	0.039062	0.05	0.057143	0.027027	free	0.85	0	0	RET		RET	RET	0.62933	11.324	12.403	False	True
SOREES	6	1400	121	40	0.033058	0.024793	0.05	0	0	free	0.85	0	0	REE		SORE	REE	0.62933	11.324	11.017	False	True
SECANT	6	1400	99	39	0.080808	0.090909	0.051282	0.11765	0.13636	free	0.87179	0	0	CANT		CANT	CANT	0.64509	11.317	8.6919	False	True
SESTON	6	1400	138	47	0.0036232	0	0	0.04	0	free	0.65957	0	0.021277	TON		TON	TON	0.49157	11.29	10.847	False	True
RHINES	6	1400	117	46	0.038462	0	0	0.038462	0.16216	free	0.67391	0	0	HIN		HIN	HIN	0.502	11.284	8.895	False	True
RAMET	5	800	262	84	0.04771	0.01145	0.02381	0.088889	0.09375	free	0.67857	0	0.17857		MATER,TAMER	RAM	RAM	0.50405	11.264	11.184	False	True
UNITES	6	1400	132	49	0.060606	0.022727	0.061224	0.22727	0.13158	free	0.71429	0	0			NITES	NITES	0.5312	11.253	8.8	False	True
TOROSE	6	1400	96	38	0.010417	0	0	0	0	free	0.81579	0	0	TOR		ROSE	TOR	0.60459	11.227	9.1833	False	True
ACETIN	6	1400	96	38	0.0052083	0	0	0	0	free	0.81579	0	0	ACE		ACE	ACE	0.60459	11.227	9.1833	False	True
RANEES	6	1400	152	37	0.0098684	0	0	0	0	free	0.83784	0	0	RAN		RAN	RAN	0.62053	11.219	13.457	False	True
RAITAS	6	1400	140	37	0.0035714	0	0	0	0	free	0.83784	0	0	RAI		RAIT	RAI	0.62053	11.219	13.878	False	True
TAMISE	6	1400	114	36	0.004386	0	0	0	0	free	0.86111	0	0			MISE	MISE	0.63736	11.212	10.233	False	True
LACET	5	800	192	71	0.078125	0.015625	0.028169	0.32258	0.27451	free	0.80282	0	0	LACE		LACE	LACE	0.5937	11.212	9.4986	False	True
ORNATE	6	1400	191	54	0.026178	0.020942	0.018519	0.033333	0.020408	free	0.59259	0	0			NAT	NAT	0.4432	11.206	12.141	False	True
SCOTER	6	1400	103	35	0.048544	0.029126	0	0.13043	0.13636	free	0.88571	0	0.057143	COTE	COSTER	COTE	COTE	0.65497	11.202	8.8434	False	True
LATISH	6	1400	85	34	0.011765	0	0	0	0.038462	free	0.91176	0	0	LAT		LAT	LAT	0.67399	11.198	7.8136	False	True
LEARNT	6	1400	123	34	0.060976	0.0081301	0	0.068966	0.16667	free	0.91176	0	0	LEAR		LEAR	LEAR	0.67399	11.198	11.891	False	True
TOLANE	6	1400	119	52	0.05042	0.02521	0.019231	0.12	0.076923	free	0.61538	0	0			LANE	LANE	0.45968	11.192	7.5382	False	True
ANTAR	5	800	327	90	0.044343	0.058104	0.12222	0.056604	0.085366	free	0.76667	0	0	TAR		ANT	TAR	0.56747	11.189	15.091	False	True
ATRESIA	7	1800	128	39	0	0	0	0	0	free	0.64103	0	0	RES		RES	RES	0.45649	11.185	11.217	True	False
TAIRAS	6	1400	113	32	0.0044248	0	0	0	0	free	0.96875	0	0	TAI		TAI	TAI	0.7152	11.184	11.799	False	True
NITON	5	800	229	64	0	0	0	0	0	free	0.84375	0	0	TON		NIT	TON	0.6234	11.141	12.307	False	False
ESTRINS	7	1800	93	29	0.010753	0	0	0.055556	0.071429	free	0.86207	0	0	RIN		TRINS	RIN	0.61107	11.134	9.9008	False	True
STARETS	7	1800	117	26	0.021368	0	0	0.045455	0.11765	free	0.96154	0	0	STARE	STATERS	STARE	STARE	0.68062	11.118	15.795	False	True
IOTAS	5	800	342	113	0.004386	0	0	0	0.023529	free	0.46903	0	0	TAS		TAS	TAS	0.35148	11.09	11.39	False	True
RETAGS	6	1400	86	37	0.02907	0.034884	0.027027	0	0.035714	free	0.86486	0	0.081081	RET	GATERS	TAGS	RET	0.63982	11.079	7.3475	False	True
TANTO	5	800	225	67	0.022222	0.0088889	0.014925	0.1	0.078431	free	0.8209	0	0	TAN		TAN	TAN	0.60682	11.073	11.676	False	True
ASHORE	6	1400	93	35	0.032258	0.021505	0.028571	0.0625	0.071429	free	0.91429	0	0			SHORE	SHORE	0.67581	11.07	9.0907	False	True
LATEEN	6	1400	107	34	0.018692	0.0093458	0.029412	0.125	0.043478	free	0.94118	0	0	LATE		LATE	LATE	0.69526	11.063	11.295	False	True
ASIDE	5	800	359	125	0.018106	0.0083565	0.008	0.019231	0.048077	free	0.432	0	0.048			SIDE	SIDE	0.32475	11.056	10.211	False	True
SAIST	5	800	283	89	0.0088339	0.010601	0	0	0	free	0.59551	0	0.022472	SAI		SAI	SAI	0.44333	11.017	11.774	False	True
CERATE	6	1400	158	43	0.044304	0.012658	0.046512	0.090909	0.078947	free	0.76744	0	0.023256	RATE		RATE	RATE	0.56956	10.99	14.392	False	True
ANEARS	6	1400	159	44	0.009434	0	0	0.035714	0.028571	free	0.68182	0	0	EARS		NEARS	EARS	0.50772	10.916	12.689	False	True
TESLAS	6	1400	126	42	0.0039683	0	0	0.043478	0.03125	free	0.71429	0	0.16667	LAS	STALES	LAS	LAS	0.53066	10.891	10.701	False	True
SENSA	5	800	380	126	0.025	0.039474	0.11111	0.027027	0.035294	free	0.56349	0	0.16667			SEN	SEN	0.42051	10.886	12.234	False	True
OSETRA	6	1400	331	90	0	0	0	0	0	free	0.32222	0	0.088889			SET	SET	0.24741	10.881	11.388	False	False
NARINE	6	1400	147	39	0.010204	0.020408	0	0	0	free	0.76923	0	0.025641	RINE		RINE	RINE	0.57084	10.879	11.186	False	True
ROESTI	6	1400	262	88	0	0	0	0	0	free	0.32955	0	0.011364			ROES	ROES	0.25296	10.878	10.231	False	False
AREAR	5	800	245	69	0.010225	0.0040816	0.014493	0.019231	0.016393	free	0.78261	0	0			REAR	REAR	0.57904	10.877	12.427	False	True
HEREAT	6	1400	139	38	0.0035971	0	0	0.035714	0.041667	free	0.78947	0	0	EAT	HEATER	HERE	EAT	0.58556	10.873	11.633	False	True
SERAPE	6	1400	140	38	0	0	0	0	0	free	0.78947	0	0.078947	RAPE		RAPE	RAPE	0.58531	10.869	10.958	False	False
TAMEIN	6	1400	83	37	0.0060241	0	0	0.05	0	free	0.81081	0	0	TAME		TAME	TAME	0.60099	10.866	7.1367	False	True
RATIOS	6	1400	178	60	0.089888	0.10112	0.2	0.13043	0.12766	free	0.76667	0	0	RAT		RAT	RAT	0.56907	10.821	11.959	False	True
ENTIRE	6	1400	234	68	0.061966	0.059829	0.029412	0.036364	0.092308	free	0.47059	0	0.088235	TIRE		TIRE	TIRE	0.3547	10.809	11.637	False	True
DRANTS	6	1400	115	36	0.082609	0.043478	0.083333	0.076923	0.17391	free	0.94444	0	0	RANTS		RANTS	RANTS	0.69762	10.806	11.029	False	True
SEDATE	6	1400	160	49	0.034375	0.01875	0.020408	0.076923	0.030303	free	0.63265	0	0.14286	DATE		DATE	DATE	0.47171	10.806	11.88	False	True
RATAN	5	800	289	71	0.077855	0.11073	0.14085	0.021739	0.057971	free	0.92958	0	0	RAT		RAT	RAT	0.68569	10.802	14.287	False	True
LOTSA	5	800	235	83	0	0	0	0	0	free	0.62651	0	0.084337	LOT		LOTS	LOT	0.466	10.8	10.259	True	False
DESIRE	6	1400	212	61	0.040094	0.04717	0.11475	0	0.06	free	0.63934	0	0.016393			SIRE	SIRE	0.47695	10.796	12.267	False	True
NELIS	5	800	394	143	0	0	0	0	0	free	0.35664	0	0.13986		LINES	LIS	LIS	0.27033	10.794	10.686	True	False
DRANT	5	800	219	71	0.063927	0.03653	0.070423	0.025641	0.068966	free	0.83099	0	0	RANT		RANT	RANT	0.61414	10.779	11.46	False	True
SAROS	5	800	278	89	0.02518	0.035971	0.044944	0	0.014925	free	0.64045	0	0.089888			SAR	SAR	0.47613	10.716	10.06	False	True
EROTISE	7	1800	103	32	0	0	0	0	0	free	0.75	0	0	ROT		ROT	ROT	0.5327	10.71	11.315	True	False
ANTARS	6	1400	131	40	0.045802	0.061069	0.1	0.043478	0.1	free	0.875	0	0	TAR		TARS	TAR	0.64741	10.7	11.721	False	True
TINIER	6	1400	138	47	0.094203	0.10145	0.14894	0.125	0.17143	free	0.82979	0	0	TIN		TIN	TIN	0.61471	10.697	11.256	False	True
IDEAS	5	800	368	111	0.0040761	0	0	0.02	0.019231	free	0.45946	0	0.09009			EAS	EAS	0.3448	10.687	10.395	False	True
METIS	5	800	271	103	0.01476	0.01107	0	0.041667	0	free	0.49515	0	0.15534		MITES,TIMES	MET	MET	0.37088	10.667	10.356	False	True
ETAMIN	6	1400	117	46	0.055556	0.017094	0.043478	0.19048	0.074074	free	0.69565	0	0			TAM	TAM	0.51772	10.66	8.2489	False	True
TRIENS	6	1400	246	79	0.010163	0.004065	0.012658	0.056604	0.016667	free	0.37975	0	0.17722			TRIE	TRIE	0.28873	10.657	8.2198	False	True
RENIG	5	800	303	103	0.013201	0.019802	0	0	0	free	0.49515	0	0.0097087	REN		REN	REN	0.37046	10.655	9.5359	False	True
CARON	5	800	176	70	0.042614	0.045455	0.057143	0	0.051724	free	0.81429	0	0.014286	CAR		CAR	CAR	0.60206	10.651	8.462	False	True
ENLIT	5	800	247	98	0.0040486	0.0040486	0	0	0	free	0.52041	0	0.020408	LIT		LIT	LIT	0.38883	10.64	8.7023	False	True
ESILE	5	800	405	118	0.0074074	0.0024691	0	0	0.020619	free	0.39831	0.067797	0			SILE	SILE	0.32284	10.637	12.539	False	True
ARISEN	6	1400	304	93	0.097039	0.10526	0.16129	0.14894	0.13514	free	0.52688	0	0.15054		RAINES	SEN	SEN	0.3952	10.63	14.992	False	True
NIDATE	6	1400	135	47	0.044444	0.051852	0.10638	0.055556	0	free	0.76596	0	0.021277	DATE		DATE	DATE	0.56849	10.613	9.8663	False	True
SEGAR	5	800	228	80	0.0065789	0	0	0.035714	0.016393	free	0.6375	0	0.2625	GAR	RAGES	GAR	GAR	0.47448	10.599	8.789	False	True
ANSATE	6	1400	151	49	0.0033113	0	0	0.043478	0	free	0.59184	0	0	SAT		SATE	SAT	0.44265	10.599	11.998	False	True
SENATES	7	1800	106	36	0.061321	0.066038	0.083333	0.034483	0.071429	free	0.77778	0	0.027778			SEN	SEN	0.55189	10.598	11.039	False	True
EATHE	5	800	248	85	0.078629	0.068548	0.035294	0.071429	0.081633	free	0.64706	0	0	EAT		EAT	EAT	0.48067	10.571	9.3419	False	True
EOSINE	6	1400	120	42	0.0041667	0	0	0	0	free	0.69048	0	0	SINE		SINE	SINE	0.51398	10.549	9.7983	False	True
SANSEI	6	1400	127	41	0	0	0	0	0	free	0.70732	0	0	SAN		SAN	SAN	0.52616	10.542	10.711	True	False
ETTIN	5	800	279	88	0.0035842	0.0071685	0.011364	0	0	free	0.59091	0	0	TIN		TIN	TIN	0.43993	10.531	11.502	False	True
CANEH	5	800	134	57	0	0	0	0	0	free	0.89474	0	0	CANE		CANE	CANE	0.6604	10.511	7.2007	False	False
ENDITE	6	1400	106	40	0.028302	0.028302	0.075	0.05	0.043478	free	0.825	0	0			DITE	DITE	0.61125	10.482	8.405	False	True
LEEAR	5	800	223	67	0.049327	0.0089686	0.014925	0.23077	0.10714	free	0.77612	0	0.029851	LEE	LEARE	LEE	LEE	0.57441	10.467	11.033	False	True
MERITS	6	1400	130	49	0.05	0.038462	0.020408	0.15385	0.11905	free	0.61224	0	0.081633	RIT	TIMERS,MITERS,MISTER	RITS	RIT	0.45715	10.457	8.5925	False	True
ARERE	5	800	295	94	0.0033898	0	0	0	0	free	0.53191	0	0			ARE	ARE	0.39712	10.424	9.2872	False	True
ADITS	5	800	259	91	0.013514	0.011583	0	0	0.011905	free	0.54945	0	0.10989			DITS	DITS	0.41016	10.422	8.604	False	True
INGATE	6	1400	117	47	0.064103	0.08547	0.19149	0.0625	0.068966	free	0.87234	0	0.06383	GATE		GATE	GATE	0.64528	10.422	9.3588	False	True
RENIN	5	800	323	108	0.074303	0.077399	0.083333	0.11864	0.085366	free	0.57407	0	0.15741	REN		REN	REN	0.42816	10.399	10.003	False	True
HATRED	6	1400	124	36	0.040323	0.0080645	0.027778	0.22727	0.11364	free	0.83333	0	0	HAT		HAT	HAT	0.61728	10.37	10.773	False	True
SAROD	5	800	211	76	0.0047393	0	0	0	0.017544	free	0.65789	0	0.039474			SAR	SAR	0.48865	10.37	9.3999	False	True
CITIES	6	1400	83	35	0.072289	0.10843	0.028571	0	0.043478	free	0.85714	0	0	CIT		TIES	CIT	0.63449	10.363	6.6384	False	True
ERODE	5	800	257	97	0.036965	0.0077821	0.010309	0.045455	0.10959	free	0.52577	0	0			RODE	RODE	0.39266	10.356	7.0168	False	True
SNIES	5	800	491	160	0.014257	0.01222	0.025	0	0.015625	free	0.3375	0	0.1875		SINES	NIES	NIES	0.25657	10.346	9.5496	False	True
STINGO	6	1400	88	31	0.022727	0.034091	0.032258	0	0.032258	free	0.96774	0	0	TING		STING	TING	0.71447	10.334	8.1399	False	True
PARIS	5	800	211	62	0.061611	0.047393	0	0.068966	0.16981	free	0.80645	0	0.048387	PAR		PAR	PAR	0.59648	10.326	9.7338	False	True
NITRATE	7	1800	87	27	0.045977	0.034483	0.074074	0.15789	0	free	0.96296	0	0	RATE		RATE	RATE	0.68162	10.306	10.413	False	True
NEREIS	6	1400	173	57	0	0	0	0	0	free	0.49123	0	0.035088			ERE	ERE	0.36979	10.3	6.6665	True	False
ALIENS	6	1400	177	58	0.053672	0.022599	0	0.076923	0.065217	free	0.48276	0	0.12069		ALINES	LIE	LIE	0.36339	10.299	9.2939	False	True
SORELS	6	1400	109	42	0.050459	0.036697	0.047619	0.10526	0.1	free	0.7381	0	0.02381			SORE	SORE	0.54834	10.276	6.3509	False	True
ELANETS	7	1800	94	31	0	0	0	0	0	free	0.74194	0	0			LANE	LANE	0.52706	10.265	8.6517	False	False
ELASTIN	7	1800	81	30	0	0	0	0	0	free	0.76667	0	0	LAST		LAST	LAST	0.54435	10.26	10.165	False	False
TREASON	7	1800	86	29	0.017442	0.011628	0	0	0	free	0.7931	0	0	SON		EAS	SON	0.56284	10.255	9.695	False	True
IDEATES	7	1800	78	28	0.0064103	0	0	0	0	free	0.82143	0	0	EAT		EAT	EAT	0.58265	10.25	9.0451	False	True
ONSIDE	6	1400	143	49	0	0	0	0	0	free	0.57143	0	0			SIDE	SIDE	0.4279	10.246	8.0578	False	False
SESTINE	7	1800	76	27	0.0065789	0.013158	0	0	0	free	0.85185	0	0	TINE		TINE	TINE	0.60392	10.245	8.0066	False	True
NORSEL	6	1400	118	47	0.0042373	0	0	0	0	free	0.59574	0	0.042553		LONERS	NOR	NOR	0.44534	10.228	6.8768	False	True
ERASING	7	1800	80	23	0.05	0	0	0.17647	0.2	free	1	0	0	RASING	GAINERS,SEARING	RASING	RASING	0.70752	10.224	10.86	False	True
TISANES	7	1800	76	23	0.0065789	0	0	0	0	free	1	0	0	SAN		SANES	SAN	0.70752	10.224	9.1812	False	True
SALAT	5	800	197	61	0.030457	0.035533	0.065574	0	0.055556	free	0.90164	0	0	SAL		SAL	SAL	0.66541	10.217	10.82	False	True
ARDENT	6	1400	154	51	0.042208	0.025974	0.058824	0.071429	0.10526	free	0.62745	0	0.039216			DENT	DENT	0.46828	10.204	9.2529	False	True
ARSINO	6	1400	152	42	0	0	0	0	0	free	0.66667	0	0	SIN		SIN	SIN	0.49676	10.195	12.897	False	False
MANSE	5	800	235	63	0.080851	0.029787	0.031746	0.15909	0.17241	free	0.8254	0	0.095238	MAN	MANES	MANS	MAN	0.61036	10.179	11.376	False	True
TENDRE	6	1400	106	39	0.028302	0	0	0.16667	0.18182	free	0.71795	0	0			TEND	TEND	0.53384	10.174	8.7564	False	True
ALISON	6	1400	99	39	0	0	0	0	0	free	0.71795	0	0	SON		LIS	SON	0.53384	10.174	8.0696	True	False
LARNT	5	800	222	72	0.0022523	0.0045045	0	0	0	free	0.68056	0	0	LAR		LAR	LAR	0.50498	10.152	9.0624	False	True
RENAL	5	800	473	165	0.077167	0.11205	0.15152	0.035294	0.07619	free	0.49697	0	0.036364	REN		REN	REN	0.37186	10.152	10.877	False	True
TINEID	6	1400	85	34	0	0	0	0	0	free	0.82353	0	0	TINE		TINE	TINE	0.61019	10.138	8.2618	True	False
CORIA	5	800	144	67	0.010417	0	0	0.043478	0.069767	free	0.73134	0	0	COR		COR	COR	0.54184	10.137	7.1463	False	True
PESANT	6	1400	83	33	0	0	0	0	0	free	0.84848	0	0	SAN		SANT	SAN	0.62823	10.131	7.9211	True	False
ROTINI	6	1400	81	33	0.0061728	0	0	0	0	free	0.84848	0	0	ROT		ROT	ROT	0.62823	10.131	8.1406	False	True
NISEI	5	800	368	129	0.0013587	0	0	0	0.010101	free	0.37209	0	0			NIS	NIS	0.28114	10.127	8.5238	False	True
HAREM	5	800	161	61	0.015576	0.012422	0	0	0.054054	free	0.80328	0	0			HARE	HARE	0.59404	10.118	7.7571	False	True
STEALT	6	1400	149	31	0.013423	0.0067114	0	0.04	0.035714	free	0.90323	0	0	TEA	LATTES	STEAL	TEA	0.66782	10.116	13.743	False	True
PATERA	6	1400	102	31	0.0098039	0	0	0.038462	0.043478	free	0.90323	0	0	PATER		PATER	PATER	0.66782	10.116	9.6452	False	True
CASTOR	6	1400	98	38	0.061224	0.081633	0.078947	0.083333	0	free	0.84211	0	0	CAST		CAST	CAST	0.62362	10.114	7.8361	False	True
EPATER	6	1400	104	29	0.043269	0	0	0.36364	0.23529	free	0.96552	0	0	PATER		PATER	PATER	0.71286	10.102	10.32	False	True
SERON	5	800	669	229	0.0052317	0	0	0.014388	0.029762	cellmate	0.20087	0	0.30131			SER	SER	0.15775	10.087	10.928	False	True
SENATOR	7	1800	111	29	0.036036	0.018018	0.034483	0	0.027027	free	0.82759	0	0	TOR		SEN	TOR	0.58695	10.066	12.738	False	True
TONDI	5	800	151	63	0.0066225	0.013245	0.015873	0	0	free	0.79365	0	0	TON		TON	TON	0.58705	10.048	7.1046	False	True
LORIES	6	1400	140	51	0.085714	0.12143	0.13725	0.090909	0.029412	free	0.72549	0	0.019608	LOR		LOR	LOR	0.53923	10.018	7.5446	False	True
RESHOE	6	1400	88	36	0.011364	0.011364	0.027778	0	0	free	0.80556	0	0	RES		RES	RES	0.59719	10.017	8.2257	False	True
UREAS	5	800	266	88	0.015038	0	0	0.040816	0.044118	free	0.54545	0	0			EAS	EAS	0.40694	9.9996	8.8731	False	True
SENORS	6	1400	178	52	0.042135	0.016854	0.038462	0.10256	0.12727	free	0.57692	0	0.019231			SEN	SEN	0.43181	9.995	11.816	False	True
RANINE	6	1400	106	39	0.04717	0.075472	0.10256	0.071429	0	free	0.84615	0	0	RAN		RAN	RAN	0.62655	9.9859	9.1985	False	True
TANTOS	6	1400	103	31	0.029126	0.019417	0.032258	0.2	0.08	free	0.93548	0	0	TAN		TAN	TAN	0.69114	9.981	9.8978	False	True
TINDAL	6	1400	70	31	0.014286	0.014286	0.032258	0	0	free	0.93548	0	0	TIN		TIND	TIN	0.69114	9.981	7.0641	False	True
REALOS	6	1400	164	46	0.021341	0.02439	0.043478	0.04	0	free	0.65217	0	0.021739	LOS		REAL	LOS	0.48621	9.9519	11.631	False	True
ENTERA	6	1400	276	76	0.025362	0.0036232	0.013158	0.096154	0.11594	free	0.36842	0	0.026316			ENTER	ENTER	0.28102	9.9479	12.569	False	True
HOSEL	5	800	158	68	0.012658	0	0	0.071429	0.083333	free	0.70588	0	0.014706			HOSE	HOSE	0.5234	9.9382	6.6478	False	True
SAMEN	5	800	204	66	0.041667	0.019608	0	0.057143	0.058824	free	0.72727	0	0.075758		MANES	SAME	SAME	0.5391	9.9352	9.4909	False	True
STATIN	6	1400	144	38	0.090278	0.097222	0.18421	0.21429	0.085714	free	0.97368	0	0	STAT		STAT	STAT	0.71876	9.9261	13.398	False	True
PAREO	5	800	181	58	0	0	0	0	0	free	0.82759	0	0	PARE		PARE	PARE	0.61167	9.9064	10.267	False	False
SAITH	5	800	216	74	0.018519	0.013889	0.013514	0	0.070175	free	0.66216	0	0	SAI		SAI	SAI	0.49163	9.8795	10.293	False	True
UNSEAT	6	1400	87	35	0.04023	0.022989	0.057143	0.052632	0.10714	free	0.85714	0	0	SEA		SEAT	SEA	0.63449	9.8744	8.0685	False	True
DENIER	6	1400	157	54	0.06051	0.038217	0.055556	0.09375	0.11111	free	0.57407	0	0.055556			DEN	DEN	0.42963	9.8709	9.6187	False	True
SERAC	5	800	529	154	0.014178	0.0018904	0	0.065934	0.043165	cellmate	0.2987	0	0.54545		CARES,CARSE	SER	SER	0.22944	9.8663	10.085	False	True
TONITES	7	1800	82	26	0.036585	0.036585	0.076923	0	0	free	0.96154	0	0	TON		NITES	TON	0.68062	9.8615	9.9866	False	True
SLIEST	6	1400	141	43	0.01773	0	0	0.043478	0.027027	free	0.62791	0	0.046512			LIES	LIES	0.46859	9.8461	9.3925	False	True
LATRINE	7	1800	78	34	0.096154	0.16667	0.20588	0	0.11111	free	0.94118	0	0	RINE		LAT	RINE	0.66638	9.8369	7.8482	False	True
IDEAL	5	800	276	99	0.009058	0	0	0.027778	0.027397	free	0.47475	0	0.050505			DEAL	DEAL	0.35578	9.8351	7.665	False	True
ETTINS	6	1400	121	41	0.0041322	0.0082645	0	0	0	free	0.65854	0	0	TIN		TIN	TIN	0.49088	9.8348	8.2999	False	True
DONSIE	6	1400	102	39	0.004902	0	0	0.041667	0.033333	free	0.69231	0	0	DON		DONS	DON	0.5153	9.8205	7.8523	False	True
ANTHER	6	1400	99	39	0.040404	0.010101	0	0.16667	0.16	free	0.69231	0	0			ANT	ANT	0.5153	9.8205	7.7198	False	True
AREADS	6	1400	100	37	0.02	0	0	0.058824	0.14286	free	0.72973	0	0			READS	READS	0.54236	9.8061	8.1839	False	True
EOSINS	6	1400	79	37	0.012658	0	0	0	0	free	0.72973	0	0	SIN		SIN	SIN	0.54236	9.8061	6.4552	False	True
EALED	5	800	268	96	0.018657	0.0074627	0.010417	0.02439	0.032258	free	0.35417	0.32292	0			ALE	ALE	0.37613	9.8034	7.4535	False	True
RECOAT	6	1400	78	35	0.070513	0.051282	0	0.25	0.23529	free	0.77143	0	0			COAT	COAT	0.57252	9.7917	5.721	False	True
ARENITES	8	2200	81	19	0.0061728	0	0	0	0	free	0.94737	0	0	REN		NITES	REN	0.67071	9.7856	11.402	False	True
COTISE	6	1400	98	34	0.005102	0	0	0.076923	0.038462	free	0.79412	0	0	COT		COT	COT	0.58892	9.7845	9.1879	False	True
SPAREST	7	1800	64	23	0.070312	0.015625	0	0.13333	0.13333	free	0.95652	0	0	PARES	PASTERS	SPARES	PARES	0.67712	9.7845	8.5426	False	True
SEALINE	7	1800	60	22	0.0083333	0	0	0	0.083333	free	1	0	0	LINE		ALINE	LINE	0.70752	9.7793	7.901	False	True
ICONES	6	1400	93	33	0.0053763	0	0	0.076923	0	free	0.81818	0	0.030303	CONES		CONES	CONES	0.60622	9.7758	8.279	False	True
ANTEED	6	1400	92	31	0.01087	0	0	0	0.047619	free	0.87097	0	0	TEE		ANTE	TEE	0.64449	9.763	8.6139	False	True
NOSEAN	6	1400	102	31	0	0	0	0	0	free	0.87097	0	0	SEA		SEAN	SEA	0.64449	9.763	9.7573	True	False
ENDART	6	1400	119	31	0.0042017	0	0	0	0	free	0.87097	0	0			DART	DART	0.64449	9.763	9.6825	False	True
TREMAS	6	1400	113	30	0	0	0	0	0	free	0.9	0	0	MAS	MATERS,MASTER	REM	MAS	0.66548	9.7558	10.34	False	False
TORAH	5	800	226	72	0.011062	0.0044248	0	0.027778	0.034483	free	0.65278	0	0	TOR		TOR	TOR	0.48482	9.7472	9.5804	False	True
SATINET	7	1800	114	28	0.039474	0.04386	0.10714	0.058824	0.125	free	0.92857	0	0	TINE		TINE	TINE	0.65757	9.6829	14.239	False	True
ALTERN	6	1400	127	39	0.094488	0.070866	0.025641	0.17391	0.2439	free	0.71795	0	0.051282			ALTER	ALTER	0.53368	9.682	7.5211	False	True
HOSTA	5	800	236	84	0.025424	0.033898	0.047619	0	0.026316	free	0.61905	0	0.011905			HOST	HOST	0.46038	9.6815	8.2643	False	True
SIMAR	5	800	209	68	0.007177	0.0095694	0.014706	0	0	free	0.70588	0	0.058824	MAR		MAR	MAR	0.52353	9.6614	10.055	False	True
MORAE	5	800	195	68	0.05641	0.020513	0.014706	0.18182	0.09434	free	0.70588	0	0	MOR		MOR	MOR	0.52336	9.6582	8.5774	False	True
TARDO	5	800	211	67	0.0047393	0.0094787	0.014925	0	0	free	0.71642	0	0	TAR		TAR	TAR	0.531	9.6551	9.2843	False	True
ESTRO	5	800	760	253	0.017763	0.019737	0.059289	0.0075188	0.039106	cellmate	0.25296	0	0.3834		TORES,ROTES,TORSE	EST	EST	0.19579	9.6432	7.8154	False	True
TRENAIL	7	1800	84	32	0.059524	0.059524	0.03125	0.26667	0.047619	free	0.71875	0	0	REN		REN	REN	0.51084	9.6421	7.3621	False	True
NEATEN	6	1400	98	31	0.076531	0.10204	0.032258	0.05	0.038462	free	0.90323	0	0	EAT		NEAT	EAT	0.66782	9.6276	8.3105	False	True
SANTON	6	1400	96	30	0.036458	0.010417	0.033333	0.21429	0.21739	free	0.93333	0	0	SAN		SANT	SAN	0.68959	9.6205	10.037	False	True
HERIES	6	1400	166	59	0.012048	0.012048	0	0	0	free	0.44068	0	0.016949			HER	HER	0.3333	9.6093	8.248	False	True
AINEE	5	800	236	83	0.0063559	0.0042373	0.012048	0	0	free	0.56627	0.012048	0			AINE	AINE	0.42607	9.5956	9.4271	False	True
REALO	5	800	377	107	0.018568	0.02122	0.037383	0.036364	0.021505	free	0.47664	0	0			REAL	REAL	0.35701	9.5496	10.523	False	True
LANOSE	6	1400	136	50	0.0036765	0.0073529	0	0	0	free	0.52	0	0.04			NOSE	NOSE	0.39058	9.543	6.6533	False	True
ANTRA	5	800	311	95	0.027331	0.016077	0.010526	0.021739	0.073529	free	0.49474	0	0.021053			ANT	ANT	0.3702	9.5411	9.7614	False	True
TAILOR	6	1400	101	36	0.054455	0.029703	0.055556	0.052632	0.027778	free	0.80556	0	0	TAIL		TAIL	TAIL	0.59719	9.5283	9.2901	False	True
SNEATH	6	1400	131	47	0	0	0	0	0	free	0.55319	0	0	EAT		EAT	EAT	0.41471	9.5246	8.3656	True	False
INSERT	6	1400	348	110	0.018678	0.011494	0.027273	0.058824	0.034884	cellmate	0.26364	0	0.27273			SER	SER	0.20446	9.5243	11.449	False	True
CORTIN	6	1400	79	32	0.088608	0.088608	0.0625	0	0.125	free	0.90625	0	0	COR		COR	COR	0.67	9.4995	7.2754	False	True
TIRADE	6	1400	154	51	0.058442	0.045455	0.058824	0.068966	0.11765	free	0.58824	0	0.039216			RADE	RADE	0.43992	9.4976	7.663	False	True
RATOO	5	800	151	53	0.0099338	0	0	0	0.027027	free	0.86792	0	0	RAT		RAT	RAT	0.64095	9.4856	8.6954	False	True
TEDIER	6	1400	129	41	0	0	0	0	0	free	0.63415	0	0			DIE	DIE	0.47325	9.4815	8.9214	True	False
ETHOS	5	800	195	70	0.0076923	0.015385	0.014286	0	0	free	0.67143	0	0.014286			HOS	HOS	0.4984	9.4626	8.0241	False	True
RETEM	5	800	188	68	0.015957	0.015957	0.014706	0	0.051282	free	0.69118	0	0.10294	RET		RET	RET	0.51298	9.4611	8.0215	False	True
ARIDEST	7	1800	104	32	0.043269	0.028846	0.0625	0.26667	0.17391	free	0.75	0	0			RIDES	RIDES	0.5327	9.4532	9.3211	False	True
TELSON	6	1400	80	36	0	0	0	0	0	free	0.72222	0	0	SON		SON	SON	0.53693	9.4456	6.0093	True	False
MOTSER	6	1400	123	35	0.0081301	0.0081301	0	0	0	free	0.74286	0	0	MOT		MOT	MOT	0.55186	9.4384	10.547	False	True
EANED	5	800	287	98	0.038328	0.031359	0.030612	0.037037	0.058824	free	0.34694	0.33673	0			EAN	EAN	0.37551	9.4379	7.3821	False	True
ENTIRES	7	1800	128	29	0.078125	0.10156	0.068966	0.055556	0.088235	free	0.82759	0	0	TIRES		TIRES	TIRES	0.58695	9.4377	11.548	False	True
OREADS	6	1400	102	35	0.004902	0	0	0	0.04	free	0.74286	0	0.028571			READS	READS	0.55176	9.4368	6.9554	False	True
SEROON	6	1400	107	35	0.014019	0	0	0.052632	0.10714	free	0.74286	0	0.057143	ROO		ROON	ROO	0.55167	9.4352	9.0933	False	True
OTARID	6	1400	88	32	0	0	0	0	0	free	0.8125	0	0	TAR		TAR	TAR	0.60221	9.4168	7.8204	True	False
CALESA	6	1400	73	31	0	0	0	0	0	free	0.83871	0	0	CAL		CAL	CAL	0.62117	9.4096	6.7777	True	False
LATRIA	6	1400	99	31	0	0	0	0	0	free	0.83871	0	0	LAT		LAT	LAT	0.62117	9.4096	8.966	True	False
DINARS	6	1400	121	38	0.049587	0.033058	0.078947	0.16	0.025	free	0.78947	0	0	DIN		DIN	DIN	0.58556	9.4073	8.5084	False	True
TARTINE	7	1800	93	34	0.091398	0.075269	0.20588	0.22222	0.10526	free	0.91176	0	0	TINE		TART	TINE	0.64582	9.3976	11.019	False	True
CLARET	6	1400	94	29	0.021277	0	0	0.10526	0.12	free	0.89655	0	0	LARE		LARE	LARE	0.66299	9.3952	9.5149	False	True
NITONS	6	1400	99	29	0	0	0	0	0	free	0.89655	0	0	TON		TONS	TON	0.66299	9.3952	9.5263	False	False
TATAR	5	800	175	48	0.011429	0.022857	0.020833	0	0	free	0.97917	0	0.020833	TAT		TAT	TAT	0.72173	9.3942	10.036	False	True
RESPOT	6	1400	92	29	0.021739	0.01087	0	0.125	0.047619	free	0.89655	0	0.034483	RES	POSTER	RES	RES	0.66288	9.3937	8.569	False	True
PRATIE	6	1400	95	27	0.047368	0.052632	0	0.058824	0.052632	free	0.96296	0	0	RAT		RAT	RAT	0.71101	9.3809	9.7509	False	True
SESTINA	7	1800	91	28	0	0	0	0	0	free	0.75	0	0	TIN		TIN	TIN	0.5327	9.371	8.7861	False	False
SENORAS	7	1800	91	26	0	0	0	0	0	free	0.80769	0	0	RAS		SEN	RAS	0.57304	9.3607	9.6238	False	False
DISRATE	7	1800	73	25	0	0	0	0	0	free	0.84	0	0	RATE		RATE	RATE	0.59563	9.3555	8.6189	True	False
INSETS	6	1400	240	68	0.035417	0.029167	0.073529	0.083333	0.078431	free	0.47059	0	0.029412			SET	SET	0.35489	9.3491	10.325	False	True
ITHER	5	800	305	104	0.011475	0.0065574	0	0.052632	0.037975	free	0.31731	0.24038	0			HER	HER	0.32178	9.3446	9.0926	False	True
RHINE	5	800	182	72	0.035714	0	0	0.057143	0.16364	free	0.625	0	0	HIN		HIN	HIN	0.46467	9.342	7.3123	False	True
ISLET	5	800	386	128	0.0051813	0	0	0.028571	0.018182	free	0.34375	0	0.21875		TILES,LITES	LET	LET	0.2612	9.3357	8.3687	False	True
STOLEN	6	1400	119	39	0.071429	0.016807	0.025641	0.26316	0.15789	free	0.69231	0	0	TOLE		STOLE	TOLE	0.5153	9.3318	8.2535	False	True
ANISE	5	800	685	225	0.054745	0.065693	0.053333	0.048387	0.067416	free	0.26222	0	0.093333			NIS	NIS	0.20168	9.3202	9.4256	False	True
GORSE	5	800	160	63	0.059375	0.025	0	0.18519	0.076923	free	0.71429	0	0.015873	GOR	GORES	GOR	GOR	0.5295	9.3148	6.1663	False	True
CANSO	5	800	154	61	0.0032468	0	0	0	0	free	0.7377	0	0	CAN		CANS	CAN	0.54645	9.3078	7.7345	False	True
DRAIL	5	800	164	57	0.04878	0.030488	0	0.052632	0.12	free	0.78947	0	0	RAI		RAIL	RAI	0.58402	9.2954	8.394	False	True
TRASS	5	800	207	61	0.07971	0.077295	0.04918	0.033333	0.061224	free	0.80328	0	0.016393	RAS		RAS	RAS	0.59408	9.2814	9.0695	False	True
DINEROS	7	1800	87	35	0.068966	0.045977	0.085714	0.19048	0.17241	free	0.71429	0	0	DINE		DINER	DINE	0.50772	9.2798	7.5646	False	True
ELAND	5	800	210	75	0.016667	0.0095238	0.013333	0.043478	0.051724	free	0.61333	0	0.013333	LAND	LANDE	LAND	LAND	0.45624	9.2755	8.4485	False	True
ACATES	6	1400	86	30	0.023256	0.011628	0.033333	0.071429	0.074074	free	0.9	0	0	CATES		CATES	CATES	0.66548	9.2671	8.8935	False	True
DENAR	5	800	419	126	0.038186	0.045346	0.071429	0.013699	0.04065	free	0.44444	0	0.071429			DEN	DEN	0.33385	9.2328	9.4692	False	True
TORSO	5	800	194	78	0.092784	0.097938	0.064103	0.13333	0.051724	free	0.65385	0	0.10256	TOR	ROOTS	TORS	TOR	0.48589	9.1866	7.7017	False	True
SHERIA	6	1400	148	49	0.0067568	0	0	0.038462	0.025641	free	0.5102	0	0.020408			SHE	SHE	0.38356	9.1841	7.9547	False	True
HETES	5	800	273	94	0.089744	0.076923	0.031915	0.06	0.089552	free	0.51064	0	0.042553			HET	HET	0.3818	9.1837	8.3723	False	True
STOND	5	800	193	73	0.049223	0.062176	0.068493	0	0.04	free	0.69863	0	0	TON		TON	TON	0.5181	9.1647	7.6742	False	True
IRATEST	7	1800	129	23	0.03876	0.015504	0.043478	0.12	0.08	free	0.95652	0	0	RATES		RATES	RATES	0.67712	9.1562	15.558	False	True
PAIREST	7	1800	69	22	0.043478	0.043478	0.045455	0.076923	0.047619	free	1	0	0	AIR		PAIRES	AIR	0.70752	9.1511	8.154	False	True
IDEALS	6	1400	116	44	0.0086207	0	0	0	0.03125	free	0.56818	0	0.022727			DEALS	DEALS	0.42548	9.1481	7.3224	False	True
ARTIEST	7	1800	126	35	0.055556	0.10317	0.17143	0	0	free	0.82857	0.028571	0	TIE		TIES	TIE	0.58741	9.1472	10.71	False	True
DREAR	5	800	247	72	0.040486	0.032389	0	0.078431	0.068493	free	0.61111	0	0.055556			REAR	REAR	0.45475	9.1425	9.9482	False	True
RETORN	6	1400	111	31	0.009009	0.018018	0.064516	0	0	free	0.90323	0	0	RET		RET	RET	0.66782	9.139	10.813	False	True
COTAN	5	800	156	54	0.044872	0.044872	0.037037	0.058824	0.043478	free	0.87037	0	0	COT		COT	COT	0.64272	9.1328	7.952	False	True
STREEL	6	1400	147	41	0.044218	0.013605	0	0.09375	0.0625	free	0.60976	0	0.02439	REE		TREE	REE	0.45553	9.1266	9.7735	False	True
NELIES	6	1400	121	41	0.0041322	0	0	0	0	free	0.60976	0	0.02439			LIES	LIES	0.45553	9.1266	7.7831	False	True
MESAL	5	800	192	63	0.0078125	0.0052083	0	0	0	free	0.69841	0	0.11111	SAL	MALES,LAMES	SAL	SAL	0.51826	9.117	8.7174	False	True
AURES	5	800	233	83	0.0085837	0.0085837	0.012048	0	0	free	0.54217	0	0	RES		RES	RES	0.40456	9.097	7.9566	False	True
SERIES	6	1400	207	55	0.019324	0.028986	0.018182	0.021739	0.02439	free	0.47273	0	0			SER	SER	0.35653	9.0934	9.9632	False	True
LIENOR	6	1400	109	36	0	0	0	0	0	free	0.69444	0	0			LIE	LIE	0.51685	9.0922	7.0839	False	False
REESTS	6	1400	121	36	0.057851	0.016529	0	0.086957	0.26923	free	0.69444	0	0.11111	REE		REES	REE	0.51649	9.0859	8.3651	False	True
SARODE	6	1400	109	35	0.0045872	0	0	0	0	free	0.71429	0	0			SAR	SAR	0.5312	9.085	9.6612	False	True
CADRES	6	1400	80	34	0.08125	0	0	0.41667	0.29167	free	0.73529	0	0.029412	RES		CAD	RES	0.54629	9.0763	6.0078	False	True
SENDAL	6	1400	79	34	0	0	0	0	0	free	0.73529	0	0.058824		LANDES	SEND	SEND	0.5462	9.0747	6.5653	False	False
RETROD	6	1400	84	35	0.0059524	0	0	0.076923	0	free	0.71429	0	0.2	RET		RET	RET	0.53055	9.074	6.4616	False	True
TARSIA	6	1400	124	33	0	0	0	0	0	free	0.75758	0	0	TAR		TARS	TAR	0.5625	9.0707	10.368	True	False
ECLAT	5	800	130	49	0.011538	0	0	0	0.025641	free	0.89796	0	0	LAT		LAT	LAT	0.66274	9.0679	6.6184	False	True
RODENT	6	1400	109	47	0.091743	0.10092	0.12766	0.1	0	free	0.70213	0	0			RODE	RODE	0.5224	9.066	7.5083	False	True
ERINGO	6	1400	101	32	0.0049505	0	0	0.038462	0.027778	free	0.78125	0	0	RING		RING	RING	0.57962	9.0635	8.5224	False	True
TODIES	6	1400	92	32	0.016304	0.021739	0	0	0	free	0.78125	0	0			DIES	DIES	0.57962	9.0635	7.9678	False	True
TRESTS	6	1400	127	30	0.051181	0.007874	0	0.11111	0.10811	free	0.83333	0	0	RES		RESTS	RES	0.61728	9.0491	11.004	False	True
TEPAS	5	800	192	65	0.010417	0.010417	0.015385	0	0.020833	free	0.69231	0	0.13846	PAS	PEATS,PASTE,TAPES,PATES	PAS	PAS	0.5139	9.0482	8.0525	False	True
ASHINE	6	1400	83	29	0.012048	0	0	0	0.043478	free	0.86207	0	0	HIN		SHINE	HIN	0.63806	9.0419	7.9211	False	True
ASTART	6	1400	113	28	0	0	0	0	0	free	0.89286	0	0	STAR		START	STAR	0.66032	9.0347	10.679	False	False
POSNET	6	1400	72	28	0	0	0	0	0	free	0.89286	0	0	POS		POS	POS	0.66032	9.0347	6.887	True	False
GRATIS	6	1400	74	27	0.067568	0.040541	0	0	0.090909	free	0.92593	0	0	RAT		RAT	RAT	0.68423	9.0275	7.0995	False	True
SOLAND	6	1400	57	26	0.026316	0	0	0.090909	0.083333	free	0.96154	0	0	LAND		LAND	LAND	0.70998	9.0204	5.9569	False	True
MOTEN	5	800	155	54	0.029032	0.045161	0.018519	0.034483	0.022222	free	0.83333	0	0	MOTE		MOTE	MOTE	0.61585	9.0068	7.5659	False	True
RESINY	6	1400	61	31	0.02459	0.04918	0.096774	0	0	free	0.93548	0	0	RES		RESIN	RES	0.69114	9.0037	5.7252	False	True
LORIS	5	800	213	75	0.028169	0.028169	0.026667	0.051282	0.032787	free	0.61333	0	0.053333	LOR		LOR	LOR	0.45635	8.9987	7.9064	False	True
DESTAIN	7	1800	97	28	0.087629	0.092784	0.071429	0.23529	0.18182	free	0.82143	0	0	TAIN		STAIN	TAIN	0.58265	8.9932	9.791	False	True
SILENS	6	1400	122	41	0.045082	0.02459	0.02439	0.17647	0.13514	free	0.63415	0	0			SILE	SILE	0.47325	8.9928	8.3294	False	True
RESTY	5	800	196	69	0.048469	0.056122	0.072464	0	0.081633	free	0.72464	0	0	RES		REST	RES	0.53697	8.9496	8.344	False	True
SAITHE	6	1400	101	32	0.014851	0.009901	0.03125	0	0.041667	free	0.8125	0	0	SAI		SAI	SAI	0.60221	8.9282	9.1518	False	True
OTARINE	7	1800	75	26	0	0	0	0	0	free	0.76923	0	0	RINE		RINE	RINE	0.54615	8.9213	9.3189	False	False
ILEAC	5	800	171	67	0	0	0	0	0	free	0.64179	0	0	LEA		LEA	LEA	0.47685	8.9212	7.2372	False	False
SPINET	6	1400	84	31	0.02381	0.02381	0.032258	0	0.071429	free	0.83871	0	0	PINE		PINE	PINE	0.62117	8.921	8.1737	False	True
ESCOT	5	800	170	66	0	0	0	0	0	free	0.65152	0	0.015152	COT	COSTE	COT	COT	0.48395	8.9189	7.7515	False	False
TENIAE	6	1400	187	61	0	0	0	0	0	free	0.39344	0	0			TEN	TEN	0.2992	8.9185	9.2786	False	False
GETAS	5	800	192	64	0.018229	0.010417	0	0	0.033898	free	0.67188	0	0.046875	TAS	GATES	TAS	TAS	0.49882	8.9143	8.3685	False	True
INSTARS	7	1800	74	24	0.013514	0	0	0.11765	0.10526	free	0.83333	0	0	STAR		STARS	STAR	0.59097	8.911	8.0632	False	True
CERATIN	7	1800	65	24	0.038462	0	0	0.083333	0.10526	free	0.83333	0	0	RAT		RAT	RAT	0.59097	8.911	7.6289	False	True
SERAILS	7	1800	67	23	0.0074627	0	0	0	0.1	free	0.86957	0	0	RAILS		RAILS	RAILS	0.61631	8.9058	8.1895	False	True
SERRATI	7	1800	72	24	0.0069444	0	0	0	0.071429	free	0.83333	0	0.041667	RAT		RAT	RAT	0.59063	8.9058	8.8943	False	True
OLEATES	7	1800	57	22	0	0	0	0	0	free	0.90909	0	0	LEA		LEAT	LEA	0.64395	8.9006	7.6174	False	False
CERASIN	7	1800	63	22	0	0	0	0	0	free	0.90909	0	0	RAS		RAS	RAS	0.64395	8.9006	7.7665	True	False
INTINE	6	1400	82	28	0.012195	0.012195	0.035714	0	0	free	0.92857	0	0	TINE		TINE	TINE	0.68614	8.8994	8.5482	False	True
NOTAIRE	7	1800	67	21	0	0	0	0	0	free	0.95238	0	0	TAI		NOT	TAI	0.67422	8.8955	9.0271	True	False
LODEN	5	800	165	58	0.036364	0.036364	0	0	0.041667	free	0.74138	0	0.017241			LODE	LODE	0.54917	8.894	7.4078	False	True
SONANT	6	1400	72	27	0.0069444	0.013889	0.037037	0	0	free	0.96296	0	0	SON		SON	SON	0.71101	8.8922	7.4049	False	True
RETEARS	7	1800	82	20	0.085366	0.097561	0	0.125	0.11111	free	1	0	0	TEARS		TEARS	TEARS	0.70752	8.8903	9.687	False	True
OSCAR	5	800	137	57	0	0	0	0	0	free	0.75439	0	0	CAR		CAR	CAR	0.55856	8.8901	7.5249	True	False
CONIA	5	800	164	56	0.02439	0.036585	0	0	0.018868	free	0.76786	0	0	CON		CON	CON	0.56833	8.887	7.5343	False	True
TONIC	5	800	176	63	0.045455	0.028409	0.047619	0.028571	0.035714	free	0.74603	0	0	TON		TON	TON	0.55249	8.8816	7.4419	False	True
NITHER	6	1400	130	50	0.069231	0.076923	0.1	0.076923	0.083333	free	0.62	0	0.02			NIT	NIT	0.46296	8.868	8.1588	False	True
ACTIN	5	800	178	67	0.089888	0.078652	0.089552	0.16667	0.12069	free	0.76119	0	0	TIN		TIN	TIN	0.5635	8.8668	8.2534	False	True
FIEST	5	800	182	80	0.021978	0.021978	0.05	0	0.021739	free	0.6	0	0			FIE	FIE	0.44653	8.8578	6.3802	False	True
RAIRD	5	800	118	46	0	0	0	0	0	free	0.93478	0	0	RAI		RAI	RAI	0.68946	8.8559	7.3134	False	False
REDIA	5	800	435	157	0.075862	0.082759	0.13376	0.085714	0.10714	free	0.44586	0	0.33758			RED	RED	0.33563	8.8501	8.7162	False	True
NITROS	6	1400	170	66	0.058824	0.035294	0.090909	0.060606	0.1087	free	0.48485	0	0.030303			NIT	NIT	0.3652	8.8461	7.5242	False	True
OUTRE	5	800	173	68	0.098266	0.028902	0.058824	0.16667	0.2	free	0.70588	0	0.044118	OUT	ROUTE,OUTER	OUT	OUT	0.52349	8.8229	6.22	False	True
SITHEN	6	1400	102	36	0.02451	0.039216	0.055556	0	0	free	0.75	0	0	SIT		SITHE	SIT	0.55702	8.8216	9.0253	False	True
NESTORS	7	1800	78	31	0.051282	0.064103	0.096774	0.052632	0	free	0.77419	0	0	TOR	STONERS	NEST	TOR	0.54962	8.8197	7.7702	False	True
ISHES	5	800	183	70	0.013661	0.021858	0	0	0.02	free	0.58571	0.042857	0.057143			SHE	SHE	0.45065	8.8086	6.97	False	True
ANTIRED	7	1800	88	28	0.028409	0.045455	0.10714	0.066667	0	free	0.85714	0	0	TIRE		TIRED	TIRE	0.60762	8.8042	10.215	False	True
TREMA	5	800	258	87	0.0096899	0.0077519	0	0	0.016129	free	0.48276	0	0.26437		MATER,TAMER	REM	REM	0.3622	8.799	7.8048	False	True
SENNA	5	800	234	88	0.023504	0.012821	0	0.025	0	free	0.47727	0	0			SEN	SEN	0.35747	8.7838	7.3549	False	True
TONSIL	6	1400	91	41	0.0054945	0	0	0	0	free	0.58537	0	0	TON		TON	TON	0.43798	8.7748	6.5946	False	True
PIERST	6	1400	128	41	0.0078125	0	0	0.034483	0.05	free	0.58537	0	0	PIE		PIERS	PIE	0.43798	8.7748	9.2557	False	True
ALANE	5	800	179	69	0.022346	0.027933	0.028986	0.041667	0.025	free	0.65217	0	0			LANE	LANE	0.48439	8.7742	6.738	False	True
FEREST	6	1400	72	29	0.034722	0.027778	0.068966	0	0.052632	free	0.93103	0	0	RES	FESTER	FERES	RES	0.68792	8.7713	7.1378	False	True
ENURES	6	1400	97	37	0.015464	0.010309	0	0.0625	0.045455	free	0.64865	0	0	RES		RES	RES	0.48373	8.7461	7.6859	False	True
RHONES	6	1400	88	37	0.056818	0.045455	0	0.2	0.125	free	0.64865	0	0	HONES	HONERS	HONES	HONES	0.48373	8.7461	6.8644	False	True
DESTINE	7	1800	88	27	0.028409	0.034091	0.037037	0.055556	0	free	0.77778	0	0	TINE		TINE	TINE	0.55212	8.7376	9.4391	False	True
CERTAIN	7	1800	55	27	0.027273	0.018182	0.037037	0	0	free	0.77778	0	0	TAIN		TAIN	TAIN	0.55212	8.7376	5.7429	False	True
IDEES	5	800	240	72	0.0020833	0	0	0.030303	0.016949	free	0.58333	0	0	DEE		DEES	DEE	0.43443	8.7341	8.9759	False	True
URENAS	6	1400	97	35	0	0	0	0	0	free	0.68571	0	0	REN		REN	REN	0.51054	8.7317	7.7289	True	False
SASINE	6	1400	99	35	0.015152	0.020202	0	0	0	free	0.68571	0	0.028571	SINE		SINE	SINE	0.51044	8.7301	7.6466	False	True
TIRADES	7	1800	70	25	0.078571	0.028571	0.04	0.15385	0.33333	free	0.84	0	0			RADE	RADE	0.59563	8.7272	5.8469	False	True
ROTLS	5	800	189	69	0.034392	0	0	0.090909	0.042553	free	0.6087	0	0	ROT		ROT	ROT	0.45284	8.7248	7.5119	False	True
HALITE	6	1400	106	34	0.014151	0.009434	0	0.0625	0.04	free	0.70588	0	0	LITE		LITE	LITE	0.52512	8.7245	8.827	False	True
LEANEST	7	1800	78	23	0.057692	0.038462	0.043478	0.13043	0.2	free	0.91304	0	0	LEA		LEAN	LEA	0.64671	8.7169	9.2834	False	True
REEDIT	6	1400	98	32	0.02551	0	0	0.076923	0.15385	free	0.75	0	0.03125	REE		REED	REE	0.55692	8.7086	8.1779	False	True
ARAISE	6	1400	155	39	0.022581	0.025806	0.076923	0	0.052632	free	0.71795	0	0	RAI		RAISE	RAI	0.53384	8.7078	13.404	False	True
TENON	5	800	200	62	0.035	0	0	0.12903	0.13793	free	0.67742	0	0.064516		TONNE	TEN	TEN	0.50289	8.7062	9.0686	False	True
ATLAS	5	800	196	63	0.005102	0.005102	0	0	0	free	0.66667	0	0	LAS		LAS	LAS	0.4949	8.7061	7.9454	False	True
DREARE	6	1400	102	31	0.02451	0.019608	0	0.086957	0.04	free	0.77419	0	0			REAR	REAR	0.57451	8.7029	9.3348	False	True
TANREC	6	1400	98	31	0	0	0	0	0	free	0.77419	0	0.032258	TAN	CANTER	TAN	TAN	0.57441	8.7014	7.9543	False	False
UTILES	6	1400	76	30	0	0	0	0	0	free	0.8	0	0	TILES		TILES	TILES	0.59317	8.6958	7.0087	False	False
LISTEE	6	1400	99	30	0.015152	0.010101	0	0	0.071429	free	0.8	0	0	LIST		LIST	LIST	0.59317	8.6958	9.3714	False	True
ADRATE	6	1400	106	30	0.009434	0.009434	0	0	0	free	0.8	0	0	RATE		RATE	RATE	0.59317	8.6958	9.0511	False	True
MARTEN	6	1400	114	30	0.083333	0.026316	0	0.16	0.2963	free	0.8	0	0	MAR		MART	MAR	0.59317	8.6958	9.88	False	True
ARECA	5	800	209	59	0	0	0	0	0	free	0.71186	0	0			ARE	ARE	0.5277	8.6937	8.2385	True	False
ELSINS	6	1400	77	29	0	0	0	0	0	free	0.82759	0	0	SIN		SIN	SIN	0.61312	8.6886	6.7868	False	False
NOTICE	6	1400	72	29	0.0069444	0	0	0.0625	0.04	free	0.82759	0	0	TICE		TICE	TICE	0.61312	8.6886	7.1116	False	True
REDANS	6	1400	145	51	0.07931	0.11034	0.17647	0.043478	0.10256	free	0.70588	0	0.039216	DAN	SANDER	DANS	DAN	0.52499	8.6857	9.8355	False	True
SANTIM	6	1400	74	28	0.0067568	0.013514	0	0	0	free	0.85714	0	0	SAN		SANT	SAN	0.63449	8.6814	6.8491	False	True
MARINE	6	1400	101	28	0.094059	0.059406	0	0.16667	0.14286	free	0.85714	0	0	RINE		MAR	RINE	0.63449	8.6814	9.385	False	True
TIDIER	6	1400	66	28	0.037879	0.060606	0	0	0	free	0.85714	0	0			TID	TID	0.63449	8.6814	5.2454	False	True
THETAS	6	1400	95	28	0.0052632	0	0	0	0.066667	free	0.85714	0	0	TAS		TAS	TAS	0.63449	8.6814	8.2846	False	True
PRESA	5	800	277	73	0.027076	0.032491	0.013699	0.016949	0.025	free	0.58904	0	0.20548	RES	RAPES,PARES,PEARS,PARSE	RES	RES	0.43916	8.6725	10.608	False	True
TITAN	5	800	208	62	0.014423	0.0096154	0.016129	0.027778	0.016949	free	0.69355	0	0	TIT		TIT	TIT	0.51441	8.6264	10.31	False	True
ASTERN	6	1400	359	101	0.073816	0.064067	0.12871	0.16	0.12644	free	0.39604	0.009901	0.019802			ASTER	ASTER	0.30292	8.5977	12.497	False	True
DONATE	6	1400	109	34	0.09633	0.06422	0.029412	0.25	0.16667	free	0.73529	0	0.029412	DON		DON	DON	0.54629	8.5876	8.2397	False	True
AREIC	5	800	267	84	0.0018727	0.0037453	0	0	0	free	0.4881	0	0			ARE	ARE	0.36532	8.5688	7.8216	False	True
TENSOR	6	1400	185	58	0.051351	0.048649	0.086207	0.16129	0.13793	free	0.51724	0	0.10345		TONERS,STONER	TENS	TENS	0.38838	8.5643	9.8884	False	True
OLENT	5	800	232	80	0.0043103	0	0	0	0	free	0.5125	0	0			LENT	LENT	0.38303	8.5564	6.7832	False	True
ECARTE	6	1400	130	28	0.038462	0.030769	0.035714	0.038462	0.10345	free	0.89286	0	0	CARTE		CARTE	CARTE	0.66032	8.5461	12.226	False	True
SCLATE	6	1400	71	26	0.0070423	0.014085	0.038462	0	0	free	0.96154	0	0	LATE		LATE	LATE	0.70998	8.5317	6.6182	False	True
NIDATES	7	1800	76	23	0.052632	0.052632	0.086957	0.090909	0	free	0.95652	0	0	DATES		DATES	DATES	0.67712	8.528	7.8269	False	True
UNITE	5	800	229	84	0.061135	0.026201	0.071429	0.21875	0.15714	free	0.58333	0	0			NITE	NITE	0.43443	8.5144	6.8571	False	True
TASSO	5	800	162	56	0.0092593	0.012346	0	0	0.02381	free	0.73214	0	0	TAS		TASS	TAS	0.54242	8.4818	7.7585	False	True
LENITE	6	1400	161	49	0.0031056	0	0	0.032258	0	free	0.46939	0	0			NITE	NITE	0.35411	8.479	8.9953	False	True
RAMETS	6	1400	131	39	0.057252	0.015267	0.051282	0.05	0.090909	free	0.66667	0	0.23077		MATERS,MASTER	RAM	RAM	0.49602	8.4757	10.287	False	True
ORANG	5	800	156	54	0.032051	0.012821	0	0.066667	0.045455	free	0.75926	0	0	RANG		RANG	RANG	0.56209	8.4755	7.8164	False	True
SMOTE	5	800	163	61	0.039877	0.03681	0.04918	0.038462	0.025641	free	0.7377	0	0.098361	MOTE	TOMES,MOTES	MOTE	MOTE	0.54673	8.4749	6.8945	False	True
NARAS	5	800	248	77	0.014113	0.020161	0.012987	0	0.016129	free	0.54545	0	0.025974	RAS		RAS	RAS	0.40702	8.472	7.964	False	True
RESTRAIN	8	2200	64	17	0.09375	0.09375	0.058824	0.21429	0.16667	free	1	0	0	RAIN		REST	RAIN	0.70752	8.4681	9.0551	False	True
RATITES	7	1800	107	23	0.028037	0.0093458	0	0.16667	0.068966	free	0.82609	0	0	TITE		TITE	TITE	0.5859	8.4665	14.047	False	True
URITE	5	800	191	70	0.018325	0.026178	0.028571	0	0.013889	free	0.61429	0.014286	0	RIT		RITE	RIT	0.46167	8.4654	7.1304	False	True
MENSA	5	800	175	71	0.037143	0.022857	0.014085	0.2	0.085106	free	0.59155	0	0.19718		MANES	MEN	MEN	0.44095	8.4629	5.74	False	True
SENILE	6	1400	169	54	0.035503	0.035503	0.055556	0.064516	0.042553	free	0.5	0	0			SEN	SEN	0.37625	8.4623	9.5404	False	True
HALITES	7	1800	69	22	0.0072464	0	0	0	0	free	0.86364	0	0	LITES		LITES	LITES	0.61216	8.4613	7.7764	False	True
ISOLATE	7	1800	52	21	0	0	0	0	0	free	0.90476	0	0	LATE		LATE	LATE	0.64092	8.4561	6.6339	False	False
ARTIC	5	800	211	71	0.0094787	0.0094787	0.014085	0	0	free	0.59155	0	0			TIC	TIC	0.44039	8.4518	6.8424	False	True
RATLINE	7	1800	57	20	0.035088	0	0	0.11111	0.11765	free	0.95	0	0.05	LINE		LINE	LINE	0.67214	8.4458	7.1961	False	True
CARONS	6	1400	76	32	0.046053	0.052632	0.0625	0	0.086957	free	0.8125	0	0.03125	CAR		CAR	CAR	0.60211	8.4379	6.2762	False	True
EROSES	6	1400	139	43	0.0071942	0	0	0.037037	0.071429	free	0.53488	0	0			ROSES	ROSES	0.40147	8.4358	7.4884	False	True
RETRAL	6	1400	132	42	0	0	0	0	0	free	0.54762	0	0	RET		RET	RET	0.41068	8.4286	8.8171	False	False
IRONER	6	1400	116	42	0.047414	0	0	0.21429	0.125	free	0.54762	0	0			RONE	RONE	0.41068	8.4286	6.3154	False	True
HEREIN	6	1400	99	38	0.025253	0	0	0.125	0.035714	free	0.60526	0	0			HERE	HERE	0.45236	8.3999	6.949	False	True
INSANE	6	1400	107	37	0.0093458	0	0	0	0	free	0.62162	0	0	SAN		SANE	SAN	0.46419	8.3927	8.536	False	True
DOREE	5	800	129	52	0.085271	0.023256	0.019231	0.28	0.26471	free	0.80769	0	0	DOR		DORE	DOR	0.59724	8.3927	6.3518	False	True
RERAN	5	800	285	85	0.036842	0.05614	0.058824	0	0.014493	free	0.55294	0	0	RAN		RAN	RAN	0.41238	8.3915	10.047	False	True
YORES	5	800	150	51	0.07	0.046667	0.019608	0	0.11765	free	0.82353	0	0	RES		ORES	RES	0.60873	8.3896	6.2753	False	True
ISTANA	6	1400	110	36	0	0	0	0	0	free	0.63889	0	0	TAN		TAN	TAN	0.47668	8.3855	8.0947	True	False
BITSER	6	1400	79	34	0	0	0	0	0	free	0.67647	0	0	BIT	BITERS	BIT	BIT	0.50385	8.3712	6.6793	False	False
DANIOS	6	1400	75	34	0	0	0	0	0	free	0.67647	0	0	DAN		DAN	DAN	0.50385	8.3712	5.4376	True	False
PIERTS	6	1400	122	34	0	0	0	0	0	free	0.67647	0	0	PIE		PIER	PIE	0.50385	8.3712	9.2421	True	False
ANILE	5	800	370	137	0.031081	0.037838	0.036496	0.032258	0.028037	free	0.33577	0	0.16058			NIL	NIL	0.25524	8.368	8.39	False	True
URSINE	6	1400	78	33	0.0064103	0	0	0	0.037037	free	0.69697	0	0	SINE		SINE	SINE	0.51867	8.364	6.2288	False	True
PHASER	6	1400	82	33	0.04878	0.036585	0	0	0.125	free	0.69697	0	0		SHAPER	HAS	HAS	0.51867	8.364	5.5474	False	True
LENTOR	6	1400	82	33	0.030488	0	0	0.21429	0	free	0.69697	0	0	TOR		LENT	TOR	0.51867	8.364	6.2379	False	True
REOIL	5	800	212	83	0.042453	0.009434	0	0.025	0.10606	free	0.48193	0	0			OIL	OIL	0.36085	8.363	7.1005	False	True
TASLET	6	1400	136	33	0.0036765	0	0	0.047619	0.029412	free	0.69697	0	0.030303	TAS	LATTES	TAS	TAS	0.51858	8.3624	11.066	False	True
SONATA	6	1400	82	31	0	0	0	0	0	free	0.74194	0	0	SON		SON	SON	0.55119	8.3496	6.6862	False	False
MOIRES	6	1400	87	30	0.051724	0.057471	0	0.1	0	free	0.76667	0	0	RES		MOI	RES	0.56907	8.3424	6.7071	False	True
REOILS	6	1400	76	30	0.032895	0	0	0	0.13043	free	0.76667	0	0			OILS	OILS	0.56907	8.3424	5.776	False	True
PERAIS	6	1400	99	30	0.0050505	0	0	0	0	free	0.76667	0	0.033333	RAI		RAIS	RAI	0.56896	8.3408	9.4138	False	True
THANE	5	800	200	68	0.065	0.04	0.073529	0.041667	0.061224	free	0.69118	0	0	HAN		HAN	HAN	0.51269	8.3386	7.5855	False	True
TARSAL	6	1400	99	29	0	0	0	0	0	free	0.7931	0	0	TAR		TARS	TAR	0.58819	8.3352	9.4143	False	False
NAIRAS	6	1400	91	29	0	0	0	0	0	free	0.7931	0	0	AIR		AIR	AIR	0.58819	8.3352	8.6116	True	False
ESTOP	5	800	221	71	0.0022624	0	0	0.025	0	free	0.56338	0	0.084507		TOPES	STOP	STOP	0.42019	8.3305	8.5134	False	True
DEARTH	6	1400	107	28	0.056075	0.018692	0	0.047619	0.21212	free	0.82143	0	0			DEAR	DEAR	0.60867	8.328	9.4587	False	True
UREAL	5	800	190	71	0.0052632	0	0	0	0.018868	free	0.56338	0	0			REAL	REAL	0.41995	8.3257	6.9989	False	True
SACHET	6	1400	67	28	0.014925	0	0	0.1	0.090909	free	0.82143	0	0.071429			ACHE	ACHE	0.60844	8.3249	5.9781	False	True
TICAL	5	800	153	54	0.0098039	0.019608	0.037037	0	0	free	0.7963	0	0	CAL		CAL	CAL	0.58897	8.3223	7.0823	False	True
STRATH	6	1400	91	27	0.010989	0	0	0	0.037037	free	0.85185	0	0	RAT		RAT	RAT	0.63067	8.3209	7.8272	False	True
ROTTAN	6	1400	72	27	0.034722	0.041667	0	0	0.058824	free	0.85185	0	0	ROT		ROT	ROT	0.63067	8.3209	6.4226	False	True
INMATE	6	1400	75	27	0.013333	0	0	0.0625	0.095238	free	0.85185	0	0.037037	MATE		MATE	MATE	0.63055	8.3193	7.4541	False	True
NIDOR	5	800	169	68	0	0	0	0	0	free	0.58824	0	0	DOR		DOR	DOR	0.43799	8.3164	7.2995	True	False
CATENA	6	1400	68	26	0	0	0	0	0	free	0.88462	0	0	CATE		CATE	CATE	0.65436	8.3137	6.7663	True	False
PIERT	5	800	224	65	0.0066964	0	0	0.046512	0.028571	free	0.61538	0	0.015385	PIE		PIER	PIE	0.45773	8.3079	9.1537	False	True
SANSAR	6	1400	53	25	0	0	0	0	0	free	0.92	0	0	SAN		SAN	SAN	0.67995	8.3065	5.2754	True	False
ACTINS	6	1400	82	32	0.085366	0.085366	0.09375	0.17647	0.076923	free	0.84375	0	0	TIN		TINS	TIN	0.62481	8.3042	7.0581	False	True
TOLANES	7	1800	70	28	0.071429	0.028571	0.035714	0.10526	0.1	free	0.71429	0	0			LANES	LANES	0.50772	8.3034	5.8469	False	True
TRITON	6	1400	79	24	0.037975	0.050633	0	0.0625	0.086957	free	0.95833	0	0	RIT		RIT	RIT	0.70766	8.2993	7.2098	False	True
INLETS	6	1400	135	43	0.018519	0.014815	0.023256	0	0.032258	free	0.55814	0	0.023256			LETS	LETS	0.41821	8.2989	6.495	False	True
SCRAT	5	800	223	69	0.053812	0.067265	0.043478	0.022727	0.02	free	0.63768	0	0.11594	RAT	CARTS	RAT	RAT	0.4742	8.2987	8.6929	False	True
PROTEA	6	1400	73	23	0.020548	0	0	0.16667	0.16667	free	1	0	0	ROTE		ROTE	ROTE	0.73779	8.2921	7.5621	False	True
LIANES	6	1400	201	75	0.014925	0	0	0	0.020408	free	0.29333	0	0.18667		ALINES	ANES	ANES	0.22621	8.2905	4.1321	False	True
UNSEAL	6	1400	62	30	0.040323	0.048387	0.1	0	0.0625	free	0.9	0	0	SEA		SEAL	SEA	0.66548	8.2898	4.6069	False	True
DALIS	5	800	183	75	0.060109	0.092896	0.08	0.035714	0.033898	free	0.64	0	0.053333			DAL	DAL	0.4757	8.287	6.5815	False	True
IDANT	5	800	176	57	0.0028409	0	0	0	0	free	0.70175	0	0	DAN		DANT	DAN	0.52036	8.2822	8.5918	False	True
NGATI	5	800	164	56	0	0	0	0	0	free	0.71429	0	0.017857	GAT		GAT	GAT	0.52951	8.2799	6.5887	True	False
SAMEL	5	800	157	55	0.012739	0.019108	0	0	0	free	0.72727	0	0.054545		MALES,LAMES	SAME	SAME	0.53904	8.2784	6.7062	False	True
SERAL	5	800	752	212	0.010638	0.0026596	0	0.020979	0.035294	cellmate	0.17453	0	0.6934		LARES,LEARS,LASER	SER	SER	0.13975	8.273	11.606	False	True
STRAINT	7	1800	84	22	0.041667	0.011905	0.045455	0.11765	0.1875	free	0.90909	0	0	RAIN		RAIN	RAIN	0.64395	8.2724	10.667	False	True
MATIEST	7	1800	56	22	0.044643	0.071429	0.045455	0	0.076923	free	0.90909	0	0	MAT		MAT	MAT	0.64395	8.2724	6.5401	False	True
SENNIT	6	1400	113	39	0.035398	0.0088496	0.025641	0.14286	0.14286	free	0.61538	0	0.025641			SEN	SEN	0.4596	8.2702	8.5058	False	True
PASEO	5	800	148	49	0	0	0	0	0	free	0.81633	0	0	PAS		PASE	PAS	0.6035	8.2574	7.8571	False	False
NALED	5	800	312	106	0.024038	0.025641	0.028302	0.016129	0.036585	free	0.40566	0	0.10377		LANDE	ALE	ALE	0.3058	8.2135	5.7116	False	True
DENTIL	6	1400	111	31	0.040541	0.009009	0.032258	0.11111	0.13889	free	0.77419	0	0.032258	TIL	LINTED	DENT	TIL	0.57441	8.2127	9.1721	False	True
DONAS	5	800	174	67	0.08908	0.068966	0.059701	0.15625	0.11765	free	0.67164	0	0	DON		DON	DON	0.49851	8.2095	6.3702	False	True
ONSETS	6	1400	196	62	0.012755	0.005102	0	0.02381	0.045455	free	0.35484	0	0.12903			SETS	SETS	0.27087	8.2065	8.6865	False	True
ACTOR	5	800	169	68	0.085799	0.08284	0.11765	0.083333	0.085106	free	0.73529	0.014706	0	TOR		TOR	TOR	0.54962	8.2022	6.4749	False	True
SURAT	5	800	179	53	0.022346	0.022346	0.018868	0	0.043478	free	0.77358	0	0	RAT		RAT	RAT	0.57249	8.1932	8.6259	False	True
CARIED	6	1400	77	27	0.032468	0.064935	0.037037	0	0	free	0.88889	0	0	CAR		CAR	CAR	0.65745	8.1855	6.2361	False	True
INTIRE	6	1400	150	45	0.026667	0.046667	0.044444	0	0	free	0.55556	0	0.022222	TIRE		TIRE	TIRE	0.41635	8.178	8.6693	False	True
TARTIER	7	1800	63	26	0.087302	0.079365	0.15385	0.13333	0	free	0.92308	0	0	TAR		TART	TAR	0.65373	8.1656	6.7703	False	True
ESCARS	6	1400	71	24	0.021127	0.028169	0.041667	0	0	free	1	0	0	CARS		SCARS	CARS	0.73779	8.164	7.4717	False	True
TATARS	6	1400	75	24	0.013333	0.026667	0.041667	0	0	free	1	0	0	TAT		TAT	TAT	0.73779	8.164	7.817	False	True
HASTA	5	800	188	66	0.026596	0.026596	0.030303	0.030303	0.036364	free	0.63636	0	0	HAST		HAST	HAST	0.47291	8.157	7.1967	False	True
RHEAS	5	800	252	77	0.0099404	0.0079365	0	0.021277	0.015625	free	0.50649	0	0.18182		HEARS	EAS	EAS	0.37919	8.1529	8.7578	False	True
NAIRA	5	800	253	78	0	0	0	0	0	free	0.5	0	0	AIR		AIR	AIR	0.37396	8.1449	9.5028	True	False
RENINS	6	1400	135	42	0.066667	0.051852	0.047619	0.10345	0.11905	free	0.59524	0	0.21429	REN	SINNER	REN	REN	0.44443	8.1439	7.5046	False	True
ARSING	6	1400	116	36	0.090517	0.12069	0.19444	0.14286	0.047619	free	0.88889	0	0.027778	SING	RASING	SING	SING	0.65736	8.1434	9.2475	False	True
REDIAE	6	1400	136	48	0	0	0	0	0	free	0.45833	0	0			RED	RED	0.34612	8.1184	6.5851	False	False
THANES	6	1400	109	36	0.082569	0.045872	0.055556	0.0625	0.076923	free	0.69444	0	0	HAN		HAN	HAN	0.51685	8.1149	7.4296	False	True
OPERAS	6	1400	93	34	0.010753	0.021505	0.058824	0	0	free	0.73529	0	0	RAS		RAS	RAS	0.54639	8.1005	7.858	False	True
ACETA	5	800	175	61	0	0	0	0	0	free	0.63934	0	0	ACE		ACE	ACE	0.47508	8.092	7.1768	False	False
SALEP	5	800	155	55	0.016129	0.012903	0	0	0	free	0.70909	0	0.21818	SALE	PALES	SALE	SALE	0.52631	8.0829	6.7311	False	True
ERODES	6	1400	129	43	0.034884	0.0077519	0	0.08	0.11429	free	0.51163	0	0.046512			RODES	RODES	0.38451	8.0794	6.2992	False	True
TELAE	5	800	399	116	0.0087719	0.0075188	0	0	0.010753	free	0.32759	0	0.16379			TEL	TEL	0.24931	8.0755	8.289	False	True
ARCOS	5	800	144	55	0.020833	0.013889	0	0.029412	0.043478	free	0.70909	0	0.018182	COS		COS	COS	0.52574	8.0742	6.0055	False	True
STAMEN	6	1400	103	30	0.058252	0.019417	0.066667	0.083333	0.074074	free	0.83333	0	0	TAME		TAME	TAME	0.61728	8.0718	9.4491	False	True
DOSAI	5	800	131	51	0	0	0	0	0	free	0.76471	0	0	SAI		DOS	SAI	0.56605	8.061	6.6194	True	False
TESTAE	6	1400	211	40	0.018957	0	0	0.08	0.052632	free	0.55	0	0			TEST	TEST	0.4124	8.0609	14.712	False	True
ARTISAN	7	1800	66	27	0	0	0	0	0	free	0.66667	0	0	SAN		SAN	SAN	0.47442	8.0478	7.2141	True	False
LUTEA	5	800	116	46	0.0043103	0.0086207	0	0	0	free	0.84783	0	0	TEA		LUTE	TEA	0.62636	8.0454	6.1305	False	True
PESTO	5	800	220	76	0.059091	0.040909	0.052632	0.064516	0.13333	free	0.57895	0	0.15789		TOPES	PEST	PEST	0.4317	8.0444	7.3972	False	True
OESTRIN	7	1800	82	24	0	0	0	0	0	free	0.75	0	0	RIN		TRIN	RIN	0.5327	8.0323	8.2141	False	False
SILENTS	7	1800	54	24	0.027778	0.018519	0	0.15385	0.13333	free	0.75	0	0			SILE	SILE	0.5327	8.0323	5.0446	False	True
INSTEAD	7	1800	73	25	0.0068493	0	0	0	0	free	0.72	0	0.04	TEA		TEAD	TEA	0.51139	8.0323	7.501	False	True
LANATE	6	1400	97	36	0.030928	0.020619	0	0.058824	0.096774	free	0.61111	0	0			NAT	NAT	0.45659	8.0322	7.531	False	True
ENATIC	6	1400	108	36	0.0046296	0.0092593	0	0	0	free	0.61111	0	0			NAT	NAT	0.45659	8.0322	6.3663	False	True
SONTIES	7	1800	66	23	0.015152	0.030303	0	0	0	free	0.78261	0	0	SON		TIES	SON	0.5555	8.0271	7.0943	False	True
ETAMINS	7	1800	60	23	0.05	0	0	0.27273	0.16667	free	0.78261	0	0			TAM	TAM	0.5555	8.0271	5.6717	False	True
SOMAN	5	800	135	48	0.033333	0.044444	0.0625	0.041667	0.027778	free	0.89583	0	0	MAN		MAN	MAN	0.6612	8.0244	7.0564	False	True
SERRAS	6	1400	113	34	0.075221	0.035398	0	0.10526	0.19231	free	0.64706	0	0	RAS		RAS	RAS	0.48259	8.0178	8.6022	False	True
SIROSET	7	1800	75	21	0	0	0	0	0	free	0.85714	0	0			ROSE	ROSE	0.60762	8.0168	8.8992	True	False
ROSEATE	7	1800	76	20	0.0065789	0	0	0.071429	0	free	0.9	0	0	SEA		SEAT	SEA	0.63759	8.0116	9.8778	False	True
RATEENS	7	1800	79	20	0.018987	0.012658	0	0.1	0	free	0.9	0	0	RATE		RATE	RATE	0.63759	8.0116	10.102	False	True
SOLEIN	6	1400	96	33	0	0	0	0	0	free	0.66667	0	0	SOL		SOLE	SOL	0.49676	8.0106	8.0628	False	False
RELAND	6	1400	104	33	0.086538	0.048077	0	0.16667	0.16667	free	0.66667	0	0	LAND	LANDER	LAND	LAND	0.49676	8.0106	7.082	False	True
YEAST	5	800	144	59	0.086806	0.055556	0.016949	0.21429	0.15217	free	0.67797	0	0	EAST		EAST	EAST	0.5031	8.0092	5.5382	False	True
RATLINS	7	1800	52	19	0.019231	0	0	0.14286	0.058824	free	0.94737	0	0	RAT		RAT	RAT	0.67071	8.0064	6.3552	False	True
IMARETS	7	1800	79	19	0.0063291	0	0	0.058824	0	free	0.94737	0	0	MARE		MARE	MARE	0.67071	8.0064	10.301	False	True
RATAL	5	800	202	57	0.029703	0.034653	0.017544	0.026316	0.061224	free	0.70175	0	0.017544	RAT		RAT	RAT	0.52041	8.0038	9.347	False	True
SAMITE	6	1400	100	32	0.025	0.02	0	0.071429	0	free	0.6875	0	0	MITE		MITE	MITE	0.51183	8.0034	8.3217	False	True
LUNETS	6	1400	72	32	0.034722	0.027778	0	0	0.041667	free	0.6875	0	0	LUN		LUNE	LUN	0.51183	8.0034	5.2329	False	True
LERED	5	800	260	83	0.057692	0.065385	0.12048	0	0.050847	free	0.62651	0	0			LERE	LERE	0.46576	8.0022	8.479	False	True
OCTANE	6	1400	67	31	0.014925	0	0	0	0.090909	free	0.70968	0	0	TAN		TANE	TAN	0.52786	7.9963	5.5314	False	True
DREARS	6	1400	94	31	0.015957	0.010638	0	0.041667	0.032258	free	0.70968	0	0.032258	EARS		REARS	EARS	0.52776	7.9947	8.0143	False	True
DRERES	6	1400	85	29	0	0	0	0	0	free	0.75862	0	0	RES		RES	RES	0.56325	7.9819	5.7956	True	False
TONISH	6	1400	71	29	0.0070423	0	0	0	0	free	0.75862	0	0	TON		TON	TON	0.56325	7.9819	5.7646	False	True
PINETA	6	1400	76	28	0	0	0	0	0	free	0.78571	0	0.071429	PINE		PINE	PINE	0.58262	7.9716	7.2313	False	False
MOTIER	6	1400	77	27	0.012987	0.012987	0	0	0	free	0.81481	0	0	MOT		MOT	MOT	0.60389	7.9675	6.968	False	True
TENACE	6	1400	77	26	0	0	0	0	0	free	0.84615	0	0	ACE		TEN	ACE	0.62655	7.9603	7.2351	True	False
MERIT	5	800	242	87	0.043388	0.03719	0.034483	0.1	0.11429	free	0.48276	0	0.1954	RIT	TIMER,MITER	RIT	RIT	0.362	7.9566	6.9066	False	True
PETSAI	6	1400	89	25	0	0	0	0	0	free	0.88	0	0	SAI		PETS	SAI	0.65102	7.9531	8.1589	True	False
TOLAR	5	800	236	71	0.080508	0.12288	0.070423	0.026316	0.021277	free	0.6338	0	0	LAR		LAR	LAR	0.47105	7.9427	7.1131	False	True
DORIS	5	800	209	77	0.033493	0.028708	0	0.028571	0.033333	free	0.49351	0	0.051948	DOR		DOR	DOR	0.3694	7.9423	7.0661	False	True
SAGEST	6	1400	59	23	0.0084746	0	0	0	0	free	0.95652	0	0	AGE		SAGES	AGE	0.70635	7.9388	5.6252	False	True
TROATS	6	1400	138	49	0.061594	0.050725	0.081633	0.18182	0.14815	free	0.55102	0	0			OATS	OATS	0.41314	7.9377	7.9681	False	True
TERRAS	6	1400	157	43	0.079618	0.031847	0.023256	0.22222	0.16667	free	0.53488	0	0.2093	RAS	RATERS	RAS	RAS	0.4008	7.9331	9.6546	False	True
NIDAL	5	800	174	75	0	0	0	0	0	free	0.50667	0	0			DAL	DAL	0.3788	7.9329	5.8264	True	False
PEASEN	6	1400	58	22	0.017241	0.017241	0	0	0.052632	free	1	0	0	EASE		PEASE	EASE	0.73779	7.9316	6.3644	False	True
DEASH	5	800	236	73	0.019068	0.0084746	0	0.02381	0	free	0.52055	0	0.082192			EAS	EAS	0.3891	7.9315	8.8637	False	True
ELIDE	5	800	199	72	0.025126	0.0050251	0	0.03125	0.090909	free	0.52778	0	0			LID	LID	0.39412	7.9236	6.1134	False	True
DANIO	5	800	174	68	0	0	0	0	0	free	0.55882	0	0	DAN		DAN	DAN	0.41665	7.9112	6.5333	True	False
SENIOR	6	1400	232	68	0.0064655	0	0	0.026316	0.018182	free	0.30882	0	0.029412			SEN	SEN	0.23792	7.9057	10.612	False	True
INSEAM	6	1400	116	36	0.0043103	0.0086207	0.027778	0	0	free	0.63889	0	0.027778	SEA		SEA	SEA	0.47659	7.8953	8.8468	False	True
TAISH	5	800	243	60	0.0061728	0.0041152	0	0.025641	0.013514	free	0.63333	0	0	TAI		TAI	TAI	0.47071	7.8863	10.818	False	True
DENOTE	6	1400	103	34	0.063107	0.048544	0.029412	0	0.071429	free	0.67647	0	0			NOTE	NOTE	0.50385	7.8825	8.0883	False	True
SARDEL	6	1400	115	34	0.0043478	0.0086957	0.029412	0	0	free	0.67647	0	0.058824			SAR	SAR	0.50366	7.8794	8.1742	False	True
CRENA	5	800	251	77	0.0079681	0.0079681	0.012987	0.019608	0.013333	free	0.50649	0	0.11688	REN		REN	REN	0.379	7.8697	8.332	False	True
SAICE	5	800	152	53	0.0065789	0	0	0	0	free	0.71698	0	0	SAI		SAI	SAI	0.53141	7.8645	7.347	False	True
MATRON	6	1400	64	30	0.015625	0.015625	0.033333	0	0	free	0.76667	0	0	MAT		MAT	MAT	0.56907	7.8538	5.4817	False	True
SPINA	5	800	128	47	0.042969	0.023438	0	0.047619	0.02439	free	0.80851	0	0.06383	PIN	PAINS	PIN	PIN	0.59801	7.8483	6.7378	False	True
FRATI	5	800	110	46	0.031818	0.018182	0	0.05	0.026316	free	0.82609	0	0	RAT		RAT	RAT	0.61059	7.8428	5.779	False	True
UNITER	6	1400	137	47	0.043796	0.014599	0.042553	0.2381	0.10811	free	0.51064	0	0			NITER	NITER	0.38394	7.8406	6.6136	False	True
GENAS	5	800	217	67	0.02765	0.023041	0.014925	0.034483	0.037736	free	0.58209	0	0.029851			GEN	GEN	0.43361	7.833	7.0345	False	True
CRETINS	7	1800	62	22	0.032258	0.032258	0.045455	0.10526	0	free	0.86364	0	0	RET		RET	RET	0.61216	7.833	7.5057	False	True
ESPIER	6	1400	74	27	0.013514	0.013514	0.037037	0	0	free	0.85185	0	0	PIE		SPIER	PIE	0.63067	7.8322	6.625	False	True
AREARS	6	1400	103	27	0.0048544	0.0097087	0.037037	0	0	free	0.85185	0	0	EARS		REARS	EARS	0.63067	7.8322	9.7166	False	True
SPRAT	5	800	167	57	0.095808	0.095808	0.10526	0.090909	0.13953	free	0.80702	0	0.12281	RAT	PARTS	PRAT	RAT	0.5971	7.8282	7.4264	False	True
ARTIST	6	1400	169	47	0.06213	0.10059	0.21277	0.030303	0.025	free	0.74468	0	0.021277			TIS	TIS	0.55311	7.8165	8.5056	False	True
PERST	5	800	302	100	0.0099338	0	0	0.015152	0.026316	free	0.37	0	0.03			PER	PER	0.27971	7.8104	8.7193	False	True
HEROES	6	1400	95	39	0.063158	0.031579	0.051282	0.10526	0.058824	free	0.61538	0	0			HER	HER	0.45968	7.7831	5.6906	False	True
UNITS	5	800	216	78	0.027778	0.0046296	0.012821	0.13793	0.11111	free	0.48718	0.012821	0			NITS	NITS	0.36894	7.7564	6.5157	False	True
AHORSE	6	1400	110	46	0	0	0	0	0	free	0.45652	0	0.021739			HORSE	HORSE	0.34474	7.7491	6.3013	False	False
EALING	6	1400	99	28	0.010101	0.010101	0	0	0.038462	free	0.71429	0.17857	0	LING		LING	LING	0.56552	7.7376	8.3018	False	True
TIDAL	5	800	158	67	0.053797	0.050633	0.074627	0.12	0.090909	free	0.65672	0	0			TID	TID	0.48768	7.7277	6.1304	False	True
MELAS	5	800	184	62	0.095109	0.081522	0.080645	0.085714	0.12	free	0.70968	0	0.080645	LAS	MALES,LAMES	LAS	LAS	0.52634	7.7161	7.2134	False	True
NACRES	6	1400	138	41	0.0072464	0	0	0	0	free	0.5122	0	0.04878	RES		RES	RES	0.38491	7.7116	7.4812	False	True
SERAPH	6	1400	95	39	0.0052632	0	0	0	0	free	0.53846	0	0.12821		SHAPER	RAP	RAP	0.40365	7.6926	6.3761	False	True
INTREAT	7	1800	90	30	0.011111	0.022222	0.066667	0	0	free	0.66667	0	0	EAT		EAT	EAT	0.47442	7.6855	7.4123	False	True
SARANS	6	1400	59	25	0.025424	0.033898	0.08	0	0	free	0.96	0	0	RAN		SAR	RAN	0.70887	7.6825	6.0997	False	True
RENIGS	6	1400	107	36	0.0046729	0.0093458	0	0	0	free	0.58333	0	0.11111	REN	SINGER	REN	REN	0.43615	7.6726	6.5827	False	True
ERINUS	6	1400	82	34	0	0	0	0	0	free	0.61765	0	0	RIN		RIN	RIN	0.46132	7.6645	6.4621	True	False
SACRED	6	1400	93	34	0.0053763	0	0	0	0	free	0.61765	0	0.029412			SAC	SAC	0.46122	7.6629	5.7012	False	True
DOSEH	5	800	143	52	0.0034965	0	0	0.03125	0	free	0.71154	0	0.038462			DOSE	DOSE	0.52757	7.6604	5.9266	False	True
SITREP	6	1400	112	33	0	0	0	0	0	free	0.63636	0	0	SIT		SIT	SIT	0.47485	7.6573	8.6595	False	False
LINAC	5	800	137	50	0.0036496	0.0072993	0	0	0	free	0.74	0	0	LIN		LIN	LIN	0.54812	7.6526	6.4725	False	True
SOMITE	6	1400	67	31	0.0074627	0.014925	0	0	0	free	0.67742	0	0	MITE		MITE	MITE	0.50454	7.6429	5.4885	False	True
DITAL	5	800	211	71	0.0094787	0.0047393	0.014085	0	0.015152	free	0.53521	0	0.028169			DIT	DIT	0.39959	7.6429	6.5459	False	True
ARIDER	6	1400	122	38	0.036885	0.040984	0.078947	0.066667	0.1	free	0.65789	0	0			RIDER	RIDER	0.49042	7.6406	7.9054	False	True
TRAINEE	7	1800	64	21	0.070312	0.03125	0.095238	0.13333	0.0625	free	0.95238	0	0	RAIN		TRAIN	RAIN	0.67422	7.6389	7.6484	False	True
GRASTE	6	1400	94	32	0.042553	0	0	0.16667	0.16	free	0.65625	0	0.25	RAST	GATERS	RAST	RAST	0.48843	7.6376	6.4824	False	True
ENOSES	6	1400	76	30	0.0065789	0	0	0	0.071429	free	0.7	0	0			NOSES	NOSES	0.52087	7.6357	5.2158	False	True
ADONIS	6	1400	72	30	0.0069444	0	0	0	0.058824	free	0.7	0	0	DON		DON	DON	0.52087	7.6357	5.2066	False	True
LEIRED	6	1400	98	37	0.05102	0.030612	0.081081	0	0	free	0.67568	0	0.027027			RED	RED	0.50319	7.6319	6.1437	False	True
SEISER	6	1400	176	48	0.0085227	0.011364	0.020833	0.027027	0.022727	free	0.45833	0	0			SER	SER	0.34612	7.6298	8.3834	False	True
SLARTS	6	1400	115	29	0.034783	0.0086957	0	0.086957	0	free	0.72414	0	0	LAR		LAR	LAR	0.53832	7.6285	9.856	False	True
ENROOT	6	1400	74	29	0.02027	0	0	0.27273	0.1	free	0.72414	0	0	ROOT		ROOT	ROOT	0.53832	7.6285	6.3318	False	True
RELATA	6	1400	120	29	0.016667	0.0083333	0	0.074074	0.035714	free	0.72414	0	0	LAT		LAT	LAT	0.53832	7.6285	10.204	False	True
ENAMOR	6	1400	90	29	0.0055556	0	0	0	0	free	0.72414	0	0.10345	MOR		MOR	MOR	0.53799	7.6238	6.9265	False	True
COSTAE	6	1400	106	28	0.033019	0.037736	0	0.058824	0.054054	free	0.75	0	0	COST		COSTA	COST	0.55702	7.6214	8.8098	False	True
LOREAL	6	1400	66	28	0.0075758	0.015152	0	0	0	free	0.75	0	0	LORE		LORE	LORE	0.55702	7.6214	5.4862	False	True
UNTIES	6	1400	108	41	0.069444	0.055556	0.097561	0.052632	0.085714	free	0.63415	0.02439	0	TIE		TIES	TIE	0.47794	7.6208	7.0851	False	True
NORIA	5	800	293	104	0.003413	0.003413	0	0	0.010526	free	0.34615	0	0			NOR	NOR	0.26232	7.6178	7.2046	False	True
SPAER	5	800	257	77	0.079922	0.035019	0.090909	0.2	0.20548	free	0.5974	0	0.19481	SPA	RAPES,PARES,PEARS,PARSE	SPA	SPA	0.4452	7.6175	9.2385	False	True
SORAGE	6	1400	66	27	0	0	0	0	0	free	0.77778	0	0	AGE		RAGE	AGE	0.57711	7.6142	5.6412	False	False
TANTRA	6	1400	81	27	0	0	0	0	0	free	0.77778	0	0.037037	TAN		TAN	TAN	0.57699	7.6126	7.3552	True	False
DOTIER	6	1400	103	34	0.048544	0.067961	0.088235	0.0625	0.026316	free	0.73529	0	0	DOT		TIER	DOT	0.54639	7.6119	7.6663	False	True
SOLACE	6	1400	59	26	0	0	0	0	0	free	0.80769	0	0	LACE		LACE	LACE	0.59874	7.607	5.4011	False	False
SEROTINE	8	2200	52	14	0	0	0	0	0	free	1	0	0	TINE		ROTI	TINE	0.70752	7.6061	8.4486	True	False
SEDATER	7	1800	87	28	0.022989	0.011494	0	0.076923	0.076923	free	0.60714	0	0.071429	DATER		DATER	DATER	0.43221	7.6033	8.1574	False	True
POTAES	6	1400	80	25	0.0125	0.0125	0	0	0	free	0.84	0	0	POT		POT	POT	0.6221	7.5998	6.7508	False	True
PETRES	6	1400	94	25	0.037234	0.021277	0	0.15	0.15385	free	0.84	0	0	RES		PET	RES	0.6221	7.5998	8.4201	False	True
LENITES	7	1800	81	24	0	0	0	0	0	free	0.70833	0	0			NITES	NITES	0.50356	7.5929	8.0747	False	False
TAILLE	6	1400	64	24	0.0078125	0.015625	0	0	0	free	0.875	0	0	TAIL		TAIL	TAIL	0.64741	7.5926	5.7058	False	True
TREPAN	6	1400	76	24	0	0	0	0	0	free	0.875	0	0	PAN	PANTER	PAN	PAN	0.64741	7.5926	6.8961	True	False
TATSOI	6	1400	71	24	0	0	0	0	0	free	0.875	0	0	TAT		TATS	TAT	0.64741	7.5926	6.7732	True	False
STANINE	7	1800	62	23	0.0080645	0	0	0	0	free	0.73913	0	0	TAN		TAN	TAN	0.5251	7.5878	6.6503	False	True
OUTRAN	6	1400	50	23	0.04	0	0	0.1	0.055556	free	0.91304	0	0	OUT		OUT	OUT	0.67491	7.5854	4.8203	False	True
TORANA	6	1400	74	23	0	0	0	0	0	free	0.91304	0	0	TOR		TOR	TOR	0.67491	7.5854	7.5644	False	False
LATHEN	6	1400	82	30	0.085366	0.097561	0.1	0.14286	0.15	free	0.83333	0	0	LAT		LATHE	LAT	0.61728	7.5831	6.9031	False	True
SETLINE	7	1800	52	22	0	0	0	0	0	free	0.77273	0	0	LINE		LINE	LINE	0.54859	7.5826	5.6585	False	False
INANEST	7	1800	67	22	0.052239	0	0	0.25	0	free	0.77273	0	0			NEST	NEST	0.54859	7.5826	5.4028	False	True
PLATEN	6	1400	74	22	0.074324	0.027027	0	0.26316	0.13636	free	0.95455	0	0	LATE		PLATE	LATE	0.70492	7.5782	7.7027	False	True
LISTEL	6	1400	84	22	0.0059524	0	0	0	0.033333	free	0.95455	0	0	LIST		LIST	LIST	0.70492	7.5782	7.8113	False	True
LATHI	5	800	134	50	0.063433	0.059701	0.02	0.074074	0.11628	free	0.76	0	0	LAT		LAT	LAT	0.56263	7.576	6.1067	False	True
CANIEST	7	1800	64	20	0.0625	0.0625	0	0.30769	0.11111	free	0.85	0	0	CAN		CAN	CAN	0.60263	7.5723	6.6925	False	True
RECTA	5	800	258	89	0.036822	0.031008	0.033708	0.10811	0.055556	free	0.44944	0	0.25843		CARTE,CATER	REC	REC	0.33801	7.5623	5.606	False	True
SALTEST	7	1800	55	18	0.0090909	0	0	0	0	free	0.94444	0	0	SAL		SALT	SAL	0.66867	7.5619	6.7781	False	True
CLARETS	7	1800	55	18	0	0	0	0	0	free	0.94444	0	0	LARE		LARE	LARE	0.66867	7.5619	6.7781	False	False
ISATINE	7	1800	71	18	0	0	0	0	0	free	0.94444	0	0	TINE		TINE	TINE	0.66867	7.5619	8.8943	True	False
CASEIN	6	1400	113	38	0.030973	0.035398	0.026316	0	0.0625	free	0.57895	0	0	CASE		CASE	CASE	0.43333	7.5579	7.7057	False	True
HATREDS	7	1800	50	17	0.03	0	0	0.22222	0.15	free	1	0	0	HAT		HAT	HAT	0.70752	7.5568	5.7946	False	True
ATTIRE	6	1400	139	36	0.082734	0.10072	0.027778	0.083333	0.066667	free	0.61111	0	0	TIRE		TIRE	TIRE	0.45659	7.5435	7.1117	False	True
HONIED	6	1400	67	34	0.044776	0.059701	0.029412	0	0	free	0.64706	0	0	HON		HON	HON	0.48259	7.5292	5.0236	False	True
AIRTH	5	800	208	72	0.0072115	0	0	0	0.051724	free	0.5	0	0	AIR		AIRT	AIR	0.37396	7.5184	7.5307	False	True
WREST	5	800	188	60	0.039894	0.042553	0.083333	0.032258	0.036364	free	0.71667	0	0.033333	RES		REST	RES	0.53128	7.5049	7.1243	False	True
TRONAS	6	1400	140	49	0.032143	0.021429	0.040816	0.090909	0.076923	free	0.46939	0	0.020408			TRON	TRON	0.35405	7.5001	5.9042	False	True
SITTEN	6	1400	122	36	0.086066	0.098361	0.11111	0	0.074074	free	0.72222	0	0	SIT		SIT	SIT	0.53693	7.4909	9.7361	False	True
STONEN	6	1400	88	28	0.034091	0.034091	0.035714	0.076923	0	free	0.78571	0	0	STONE	SONNET,TONNES	STONE	STONE	0.58284	7.486	7.355	False	True
STAIDER	7	1800	101	28	0.024752	0.039604	0.10714	0	0	free	0.75	0	0.035714	TAI		AIDER	TAI	0.5324	7.481	10.371	False	True
NISHES	6	1400	72	27	0.069444	0.027778	0.037037	0.2	0.17647	free	0.81481	0	0			NIS	NIS	0.60389	7.4789	5.7922	False	True
RESHES	6	1400	81	27	0.080247	0.024691	0.037037	0	0.125	free	0.81481	0	0	RES		RES	RES	0.60389	7.4789	7.9427	False	True
CENTAI	6	1400	70	27	0.0071429	0.014286	0.037037	0	0	free	0.81481	0	0	TAI		TAI	TAI	0.60389	7.4789	6.2797	False	True
ELDIN	5	800	180	71	0.033333	0.05	0.084507	0	0	free	0.61972	0	0.028169	DIN	LINED	DIN	DIN	0.46091	7.4625	6.066	False	True
ETAPES	6	1400	91	24	0.021978	0.010989	0.041667	0.095238	0.13636	free	0.91667	0	0	TAPES		TAPES	TAPES	0.67753	7.4573	8.5687	False	True
BASEN	5	800	138	51	0.01087	0.021739	0	0	0	free	0.70588	0	0.058824	BASE	BANES,BEANS	BASE	BASE	0.52353	7.4555	6.5559	False	True
RATHA	5	800	144	51	0.0034722	0.0069444	0	0	0	free	0.70588	0	0	RAT		RAT	RAT	0.52336	7.4531	6.5437	False	True
ASPIE	5	800	155	51	0	0	0	0	0	free	0.70588	0	0	PIE		SPIE	PIE	0.52336	7.4531	6.9003	True	False
ENSILE	6	1400	129	41	0.015504	0.023256	0.04878	0	0.028571	free	0.56098	0	0			SILE	SILE	0.42034	7.4441	7.1128	False	True
LIDOS	5	800	120	54	0.033333	0.041667	0.055556	0	0.052632	free	0.74074	0	0			LID	LID	0.54865	7.4352	4.9453	False	True
NITID	5	800	114	45	0	0	0	0	0	free	0.8	0	0			NIT	NIT	0.59166	7.4344	5.7673	True	False
ITERATE	7	1800	115	27	0.0043478	0.0086957	0.037037	0	0	free	0.66667	0	0	RATE		RATE	RATE	0.47442	7.4195	11.415	False	True
SEMIS	5	800	181	61	0.046961	0.038674	0.016393	0.074074	0.041667	free	0.60656	0	0			MIS	MIS	0.45128	7.4076	6.0488	False	True
TANHS	5	800	156	57	0.012821	0.012821	0.017544	0	0	free	0.64912	0	0.052632	TAN		TAN	TAN	0.48232	7.3975	6.0194	False	True
CREANT	6	1400	124	35	0.020161	0.032258	0.057143	0	0.025	free	0.65714	0	0.11429		CANTER	REAN	REAN	0.48951	7.3948	9.0705	False	True
ATTIRES	7	1800	81	21	0.092593	0.098765	0.047619	0.125	0.05	free	0.85714	0	0	TIRES		TIRES	TIRES	0.60762	7.3885	7.7347	False	True
TEREDO	6	1400	128	44	0	0	0	0	0	free	0.45455	0	0			REDO	REDO	0.34338	7.383	6.2307	True	False
ETAPE	5	800	179	53	0.01676	0.011173	0.018868	0.09375	0.11429	free	0.69811	0	0	TAPE		TAPE	TAPE	0.51772	7.3827	8.1604	False	True
MONERA	6	1400	104	31	0.014423	0.019231	0.064516	0	0	free	0.74194	0	0.032258	MON		MON	MON	0.55109	7.3707	8.2158	False	True
SENGI	5	800	262	87	0.0019084	0	0	0	0	free	0.4023	0	0.10345		SINGE	SEN	SEN	0.30336	7.3695	7.0114	False	True
POTAE	5	800	142	45	0.010563	0.0070423	0.022222	0	0	free	0.82222	0	0	POT		POT	POT	0.60778	7.3578	6.7345	False	True
ROSIT	5	800	378	136	0.075397	0.071429	0.13235	0.14754	0.15094	free	0.42647	0.014706	0.19853	SIT		SIT	SIT	0.32609	7.3571	10.522	False	True
SILENI	6	1400	106	40	0	0	0	0	0	free	0.5	0	0			SILE	SILE	0.37625	7.3543	6.1806	True	False
NESHER	6	1400	91	39	0.0054945	0.010989	0	0	0	free	0.51282	0	0			SHE	SHE	0.38552	7.3471	5.7673	False	True
INANER	6	1400	118	39	0.042373	0.0084746	0	0.10526	0.037037	free	0.51282	0	0			NAN	NAN	0.38552	7.3471	6.2766	False	True
OSTENT	6	1400	132	39	0.0075758	0	0	0.041667	0.066667	free	0.51282	0	0			STENT	STENT	0.38552	7.3471	9.1533	False	True
AEDINE	6	1400	119	38	0	0	0	0	0	free	0.52632	0	0	DINE		DINE	DINE	0.39528	7.3399	7.6669	True	False
INURES	6	1400	93	38	0.0053763	0	0	0	0	free	0.52632	0	0.026316	RES		RES	RES	0.39519	7.3383	6.8228	False	True
TIDIES	6	1400	73	26	0.082192	0.10959	0.076923	0	0.071429	free	0.88462	0	0			DIES	DIES	0.65436	7.3364	5.8741	False	True
RATTON	6	1400	69	26	0.050725	0.043478	0.076923	0.071429	0.071429	free	0.88462	0	0	RAT		RAT	RAT	0.65436	7.3364	6.864	False	True
FIESTA	6	1400	85	37	0	0	0	0	0	free	0.54054	0	0			FIE	FIE	0.40556	7.3327	5.3483	False	False
INTONE	6	1400	94	25	0.053191	0.042553	0.08	0.15385	0.12903	free	0.92	0	0	TONE		TONE	TONE	0.67995	7.3292	8.4468	False	True
INCASE	6	1400	91	36	0	0	0	0	0	free	0.55556	0	0	CASE		CASE	CASE	0.41642	7.3255	6.3705	False	False
NORIS	5	800	324	121	0.035494	0.030864	0.016529	0	0.02381	free	0.30579	0	0.057851			NOR	NOR	0.23319	7.3204	6.1219	False	True
CASERN	6	1400	90	35	0	0	0	0	0	free	0.57143	0	0.057143	CASE		CASE	CASE	0.42771	7.3152	6.5904	False	False
ROSTRA	6	1400	128	34	0	0	0	0	0	free	0.58824	0	0			ROST	ROST	0.44005	7.3111	7.6875	True	False
MARON	5	800	154	62	0.074675	0.064935	0.080645	0.043478	0.14634	free	0.67742	0	0.064516	MAR		MAR	MAR	0.50289	7.31	6.1433	False	True
ASIDES	6	1400	105	34	0.02381	0.0095238	0	0	0.074074	free	0.58824	0	0.029412			SIDES	SIDES	0.43996	7.3096	6.5826	False	True
ARILED	6	1400	127	34	0.003937	0	0	0.043478	0.028571	free	0.58824	0	0.088235		RAILED	RILED	RILED	0.43977	7.3064	8.4631	False	True
NODAL	5	800	94	53	0.026596	0.031915	0.037736	0	0	free	0.71698	0	0			NOD	NOD	0.53141	7.3061	3.8754	False	True
SIROC	5	800	180	68	0	0	0	0	0	free	0.51471	0	0			SIR	SIR	0.38463	7.3033	6.0894	True	False
NECTAR	6	1400	89	33	0.005618	0	0	0.076923	0	free	0.60606	0	0.060606	TAR	CANTER	TAR	TAR	0.45275	7.3008	6.365	False	True
IRIDES	6	1400	64	32	0.0078125	0	0	0	0	free	0.625	0	0			RIDES	RIDES	0.46663	7.2968	4.292	False	True
CRONET	6	1400	89	32	0.02809	0.022472	0	0	0.071429	free	0.625	0	0.0625			RONE	RONE	0.46643	7.2936	6.5022	False	True
TERATA	6	1400	148	31	0	0	0	0	0	free	0.64516	0	0	RAT		RAT	RAT	0.48121	7.2896	12.439	True	False
RECTI	5	800	231	84	0.025974	0.021645	0.011905	0.11765	0.024096	free	0.42857	0	0.083333		CITER	REC	REC	0.32236	7.282	5.2554	False	True
OATIEST	7	1800	67	25	0.08209	0.10448	0.16	0.076923	0.066667	free	0.88	0	0	TIE		TIES	TIE	0.6236	7.2818	5.821	False	True
RESEW	5	800	113	44	0.017699	0.017699	0.045455	0	0	free	0.86364	0	0	RES		RES	RES	0.63783	7.2781	5.8467	False	True
DRESS	5	800	161	59	0.021739	0.0062112	0	0.033333	0.02	free	0.59322	0	0	RES		RES	RES	0.44161	7.2753	5.8536	False	True
INSOLE	6	1400	92	29	0.0054348	0	0	0	0	free	0.68966	0	0	SOL		SOLE	SOL	0.51339	7.2752	6.4848	False	True
SCORIA	6	1400	56	29	0	0	0	0	0	free	0.68966	0	0	COR		COR	COR	0.51339	7.2752	4.834	True	False
ESTRAY	6	1400	88	29	0.011364	0	0	0.055556	0.043478	free	0.68966	0	0			RAY	RAY	0.51339	7.2752	4.5708	False	True
MESON	5	800	157	58	0.012739	0	0	0.035714	0.021739	free	0.60345	0	0.051724	SON		MES	SON	0.44917	7.2746	6.3252	False	True
CRESOL	6	1400	60	28	0	0	0	0	0	free	0.71429	0	0	RES		RES	RES	0.5312	7.268	4.7306	True	False
SERMON	6	1400	67	28	0.037313	0.029851	0	0	0.058824	free	0.71429	0	0	MON		MON	MON	0.5312	7.268	4.6597	False	True
REHEAT	6	1400	82	28	0.042683	0.02439	0	0.058824	0.066667	free	0.71429	0	0	EAT	HEATER	HEAT	EAT	0.5312	7.268	7.0486	False	True
TALAR	5	800	171	54	0.017544	0.02924	0	0	0	free	0.64815	0	0.037037	LAR		LAR	LAR	0.48157	7.2614	6.9237	False	True
LUNATE	6	1400	56	27	0.035714	0	0	0.14286	0.11765	free	0.74074	0	0	LUN		LUN	LUN	0.55033	7.2608	4.834	False	True
STEELD	6	1400	77	27	0	0	0	0	0	free	0.74074	0	0	TEE		TEE	TEE	0.55033	7.2608	5.7778	True	False
APERT	5	800	242	71	0.039256	0.016529	0.014085	0.12821	0.072464	free	0.50704	0	0.23944		TAPER,PATER	APER	APER	0.37975	7.2495	7.4202	False	True
TSADE	5	800	350	106	0.0028571	0	0	0.021739	0.021505	cellmate	0.32075	0	0.33019		DATES,TEADS	SADE	SADE	0.24483	7.2466	7.3186	False	True
RADON	5	800	149	58	0.040268	0.04698	0.051724	0	0.065217	free	0.67241	0	0	DON		RAD	DON	0.49907	7.245	6.1458	False	True
RADONS	6	1400	61	32	0.040984	0.065574	0.09375	0	0	free	0.75	0	0	DON		DONS	DON	0.55702	7.2442	4.4496	False	True
STERNA	6	1400	344	102	0.040698	0.031977	0.039216	0.12121	0.090909	free	0.23529	0	0.10784			STERN	STERN	0.1845	7.2413	9.2655	False	True
UTILE	5	800	143	48	0	0	0	0	0	free	0.72917	0	0	TILE		TILE	TILE	0.54026	7.2411	6.9525	False	False
ARTISTE	7	1800	97	29	0.010309	0.020619	0.068966	0	0	free	0.65517	0	0			TIS	TIS	0.46639	7.2409	6.8665	False	True
GAROTE	6	1400	66	24	0.022727	0	0	0	0.095238	free	0.83333	0	0	ROTE		ROTE	ROTE	0.61728	7.2393	6.0894	False	True
SEISIN	6	1400	73	24	0	0	0	0	0	free	0.83333	0	0	SIN		SIN	SIN	0.61728	7.2393	6.4415	True	False
BALISE	6	1400	70	24	0.014286	0	0	0.071429	0	free	0.83333	0	0	BAL		BAL	BAL	0.61728	7.2393	6.8829	False	True
RATUS	5	800	176	56	0.042614	0.039773	0.053571	0.064516	0.04878	free	0.69643	0	0	RAT		RAT	RAT	0.5165	7.2388	7.7146	False	True
CRATON	6	1400	66	24	0.030303	0	0	0	0.15789	free	0.83333	0	0.041667	RAT		RAT	RAT	0.61714	7.2377	6.5371	False	True
ERASION	7	1800	89	28	0.016854	0.033708	0.071429	0	0	free	0.67857	0	0	RAS		RAS	RAS	0.48275	7.2358	7.6294	False	True
ROOSA	5	800	124	46	0.0040323	0	0	0	0	free	0.76087	0	0	ROO		ROOS	ROO	0.56326	7.2349	6.0342	False	True
RAMOSE	6	1400	70	23	0	0	0	0	0	free	0.86957	0	0	MOSE		MOSE	MOSE	0.64348	7.2321	6.5468	True	False
SPINEL	6	1400	55	23	0.036364	0.018182	0	0.16667	0.055556	free	0.86957	0	0	PINE		SPINE	PINE	0.64348	7.2321	5.237	False	True
STRATA	6	1400	96	23	0.010417	0	0	0	0	free	0.86957	0	0	RAT		RAT	RAT	0.64348	7.2321	9.1833	False	True
HISTIE	6	1400	59	23	0.033898	0.050847	0	0	0	free	0.86957	0	0	TIE		HIST	TIE	0.64348	7.2321	5.3844	False	True
TAMEST	6	1400	84	23	0.0059524	0	0	0.076923	0.058824	free	0.86957	0	0.043478	TAMES	MATTES	TAMES	TAMES	0.64334	7.2305	8.258	False	True
MURENA	6	1400	52	22	0	0	0	0	0	free	0.90909	0	0	REN		MURE	REN	0.67206	7.2249	4.9369	True	False
PILEAS	6	1400	64	22	0.0078125	0	0	0.083333	0.047619	free	0.90909	0	0	PILE		PILE	PILE	0.67206	7.2249	6.9813	False	True
GOATSE	6	1400	68	22	0.014706	0	0	0	0.0625	free	0.90909	0	0			GOATS	GOATS	0.67206	7.2249	5.7578	False	True
ARCANE	6	1400	56	22	0.017857	0.035714	0	0	0	free	0.90909	0	0	CANE		CANE	CANE	0.67206	7.2249	4.9723	False	True
REDEAR	6	1400	97	29	0.056701	0.051546	0.10345	0.08	0	free	0.82759	0	0			DEAR	DEAR	0.61312	7.2226	8.0741	False	True
OSMATE	6	1400	65	21	0	0	0	0	0	free	0.95238	0	0	MATE		MATE	MATE	0.70336	7.2177	6.5354	True	False
RAGEES	6	1400	54	21	0.018519	0	0	0	0.1	free	0.95238	0	0	AGE	GEARES	RAGE	AGE	0.70336	7.2177	5.5013	False	True
SNATHE	6	1400	111	40	0.022523	0.009009	0.025	0.071429	0.14815	free	0.525	0	0.025			NAT	NAT	0.39425	7.2174	6.5963	False	True
SASIN	5	800	193	63	0.018135	0.025907	0.015873	0.033333	0	free	0.57143	0	0.063492	SIN		SIN	SIN	0.42597	7.2143	7.3339	False	True
TORIC	5	800	163	64	0.021472	0.006135	0.015625	0.058824	0.10256	free	0.5625	0	0	TOR		TOR	TOR	0.41931	7.2143	6.4981	False	True
TASARS	6	1400	71	20	0	0	0	0	0	free	1	0	0	TAS		TAS	TAS	0.73779	7.2105	7.2214	True	False
RESTIER	7	1800	95	22	0.078947	0.094737	0.090909	0	0.0625	free	0.86364	0	0.045455	RES		REST	RES	0.61179	7.1996	10.202	False	True
ENDITES	7	1800	63	22	0.031746	0.031746	0.090909	0.090909	0.083333	free	0.86364	0	0.045455			DITES	DITES	0.61179	7.1996	6.9484	False	True
TENNIS	6	1400	96	38	0.067708	0.020833	0.026316	0.21429	0.19231	free	0.55263	0	0.10526			TEN	TEN	0.41397	7.1983	6.2936	False	True
SOLID	5	800	129	48	0.042636	0.031008	0.020833	0.125	0.083333	free	0.75	0	0	SOL		SOL	SOL	0.55537	7.1645	5.6209	False	True
REARM	5	800	147	47	0.020408	0.0068027	0.021277	0.086957	0.1	free	0.76596	0	0			REAR	REAR	0.56695	7.1614	7.125	False	True
INEARTH	7	1800	66	25	0	0	0	0	0	free	0.64	0	0			NEAR	NEAR	0.45578	7.1588	6.2388	True	False
RERAIL	6	1400	85	31	0.064706	0.047059	0.032258	0.052632	0.26316	free	0.67742	0	0	RAI		RAIL	RAI	0.50454	7.1543	6.7455	False	True
TALENT	6	1400	111	30	0.022523	0.018018	0.033333	0.10526	0.038462	free	0.7	0	0.066667	TALE		TALE	TALE	0.52065	7.1439	9.2422	False	True
MESTO	5	800	221	78	0.0181	0.0181	0	0	0.03125	free	0.4359	0	0.17949		TOMES,MOTES	MES	MES	0.32795	7.1429	6.2362	False	True
ENTRAIL	7	1800	69	22	0.050725	0.028986	0	0.090909	0.11765	free	0.72727	0	0.045455	RAI		RAI	RAI	0.51643	7.1381	6.678	False	True
GAINEST	7	1800	56	20	0.017857	0.017857	0	0	0.043478	free	0.8	0	0		TEASING	GAIN	GAIN	0.56766	7.1329	5.6019	False	True
AMORETS	7	1800	65	20	0.0076923	0	0	0	0.071429	free	0.8	0	0	MORE		MORE	MORE	0.56766	7.1329	7.6305	False	True
ARENOSE	7	1800	88	20	0.0056818	0	0	0	0	free	0.8	0	0	REN		ARE	REN	0.56766	7.1329	10.176	False	True
SOREDIA	7	1800	52	20	0	0	0	0	0	free	0.8	0	0			SORED	SORED	0.56766	7.1329	5.5192	False	False
TRANSIT	7	1800	65	20	0.023077	0	0	0	0.0625	free	0.8	0	0	RAN		RAN	RAN	0.56766	7.1329	7.9092	False	True
SALIENT	7	1800	62	20	0.016129	0.016129	0	0	0	free	0.8	0	0	SAL		SAL	SAL	0.56766	7.1329	6.0314	False	True
STELAE	6	1400	244	62	0.040984	0.04918	0	0.0625	0.050847	cellmate	0.30645	0	0.32258			TEL	TEL	0.23526	7.1276	7.0738	False	True
DESALT	6	1400	132	35	0.079545	0.11364	0.11429	0.11111	0.032258	free	0.71429	0	0.057143	SAL	LASTED	SALT	SAL	0.53101	7.1273	7.7197	False	True
ENDARTS	7	1800	70	18	0.0071429	0	0	0	0	free	0.88889	0	0			DARTS	DARTS	0.62982	7.1226	6.9355	False	True
DONDER	6	1400	54	26	0.037037	0.055556	0.038462	0	0	free	0.80769	0	0	DON		DON	DON	0.59874	7.1183	3.5801	False	True
EASTLIN	7	1800	52	17	0	0	0	0	0	free	0.94118	0	0	EAST		EAST	EAST	0.66638	7.1174	6.2159	False	False
HEROS	5	800	355	124	0.078873	0.050704	0.040323	0.089552	0.11494	free	0.32258	0	0.15323			HER	HER	0.24565	7.1094	6.3533	False	True
ERECT	5	800	176	68	0.025568	0	0	0	0.066667	free	0.5	0	0			REC	REC	0.37396	7.1007	4.993	False	True
SCEAT	5	800	196	64	0.020408	0	0	0.078947	0.083333	free	0.53125	0	0.17188	EAT	CASTE,CATES	EAT	EAT	0.39713	7.097	6.7553	False	True
SPRATS	6	1400	62	23	0.064516	0.032258	0.043478	0.16667	0.22222	free	0.91304	0	0	RAT		PRATS	RAT	0.67491	7.0968	6.2181	False	True
COTANS	6	1400	61	23	0.057377	0.065574	0.043478	0.2	0.0625	free	0.91304	0	0	COT		COT	COT	0.67491	7.0968	5.3461	False	True
DELOS	5	800	230	78	0.041304	0.03913	0.076923	0.081081	0.015385	free	0.53846	0	0.25641	LOS		LOS	LOS	0.4026	7.0933	8.1794	False	True
SEAMEN	6	1400	74	22	0.060811	0.027027	0.045455	0.21053	0.18182	free	0.95455	0	0	SEA		SEAME	SEA	0.70492	7.0896	7.2539	False	True
ARSENITE	8	2200	60	17	0	0	0	0	0	free	0.76471	0	0			NITE	NITE	0.54298	7.0881	7.7835	False	False
ILEAL	5	800	152	55	0	0	0	0	0	free	0.61818	0	0	LEA		LEA	LEA	0.45972	7.0603	6.3188	False	False
NASAL	5	800	144	52	0.010417	0.0069444	0	0	0	free	0.65385	0	0.038462	SAL		SAL	SAL	0.48571	7.0525	6.7372	False	True
WETAS	5	800	159	49	0.015723	0.018868	0	0	0	free	0.69388	0	0.061224	TAS	WASTE	WET	TAS	0.51482	7.044	7.2832	False	True
LITAI	5	800	155	45	0	0	0	0	0	free	0.75556	0	0	LIT		LIT	LIT	0.55941	7.0292	8.1853	True	False
SENSATE	7	1800	72	23	0.027778	0.041667	0.13043	0	0	free	0.86957	0	0	SAT		SENS	SAT	0.61631	7.021	7.0409	False	True
FATSO	5	800	91	40	0.0054945	0	0	0	0	free	0.85	0	0	FAT		FATS	FAT	0.62794	7.0136	4.9735	False	True
RERENT	6	1400	100	30	0.06	0.07	0.066667	0.047619	0.041667	free	0.73333	0	0	REN		RENT	REN	0.54497	7.0118	7.7715	False	True
CAROM	5	800	83	38	0.036145	0.036145	0	0	0	free	0.89474	0	0	CAR		CAR	CAR	0.6604	7.0074	4.5071	False	True
GATOR	5	800	110	43	0.040909	0.027273	0.069767	0.083333	0.058824	free	0.88372	0	0	GAT		GAT	GAT	0.65241	6.9958	5.2406	False	True
CLARTS	6	1400	70	27	0.092857	0.1	0.074074	0	0.090909	free	0.81481	0	0	LAR		LAR	LAR	0.60389	6.9902	5.1258	False	True
DETEST	6	1400	113	37	0.026549	0.035398	0	0	0	free	0.51351	0	0			TEST	TEST	0.38602	6.9794	6.0249	False	True
DESERT	6	1400	179	57	0.019553	0.01676	0.017544	0.027778	0.021277	free	0.35088	0	0.12281			SER	SER	0.26803	6.9768	5.8701	False	True
SCRINE	6	1400	74	25	0.033784	0.040541	0.08	0.058824	0.041667	free	0.88	0	0	RINE		RINE	RINE	0.65102	6.9758	6.4271	False	True
DECARE	6	1400	71	25	0.042254	0.070423	0.08	0	0	free	0.88	0	0	CARE		CARE	CARE	0.65102	6.9758	6.5586	False	True
TAELS	5	800	462	144	0.02381	0.017316	0.020833	0.027778	0.032	cellmate	0.25	0	0.54861		TEALS,LEATS,TALES,STALE	TAE	TAE	0.19411	6.9673	7.4577	False	True
AERATES	7	1800	109	24	0.013761	0.0091743	0.041667	0.055556	0.037037	free	0.70833	0	0	RATES		RATES	RATES	0.50356	6.9647	11.962	False	True
EIDOS	5	800	197	85	0	0	0	0	0	free	0.38824	0	0			DOS	DOS	0.29286	6.9509	5.3993	True	False
ALERT	5	800	558	167	0.015247	0.012545	0.023952	0.017857	0.028169	cellmate	0.22156	0	0.37126		LATER	ALE	ALE	0.17296	6.9486	5.705	False	True
NEATEST	7	1800	76	19	0.032895	0.013158	0.052632	0.066667	0	free	0.89474	0	0	EAT		NEAT	EAT	0.63391	6.9388	8.9819	False	True
RESINATE	8	2200	58	18	0.060345	0.068966	0.16667	0.083333	0	free	0.94444	0	0	RES		RESIN	RES	0.66867	6.9387	7.8271	False	True
TAROCS	6	1400	93	32	0	0	0	0	0	free	0.59375	0	0.125	TAR		TAR	TAR	0.44364	6.9371	6.7092	True	False
TANTIES	7	1800	74	18	0.040541	0.067568	0.055556	0	0.083333	free	0.94444	0	0	TAN		ANTI	TAN	0.66867	6.9337	8.321	False	True
NANITE	6	1400	106	30	0.004717	0	0	0	0	free	0.63333	0	0			NITE	NITE	0.47266	6.9291	7.9735	False	True
TORAHS	6	1400	92	30	0.01087	0.01087	0	0	0.04	free	0.63333	0	0	TOR		TOR	TOR	0.47266	6.9291	6.7781	False	True
RUSINE	6	1400	80	30	0	0	0	0	0	free	0.63333	0	0	SINE		SINE	SINE	0.47266	6.9291	6.1213	False	False
ANTIC	5	800	185	61	0.045946	0.027027	0.032787	0.1875	0.081967	free	0.59016	0	0.016393			ANTI	ANTI	0.43943	6.9265	6.873	False	True
IODATE	6	1400	75	29	0	0	0	0	0	free	0.65517	0	0	DATE		DATE	DATE	0.48845	6.9219	5.8858	False	False
SANTOL	6	1400	81	29	0.024691	0.024691	0	0.11111	0.055556	free	0.65517	0	0.034483	SAN		SANTO	SAN	0.48834	6.9203	6.485	False	True
STELAI	6	1400	268	78	0.0093284	0.0037313	0	0.02	0.014706	free	0.23077	0	0.038462			TEL	TEL	0.18145	6.9159	8.2978	False	True
GRENS	5	800	196	66	0.063776	0.066327	0.075758	0.030303	0.086207	free	0.60606	0	0	REN		REN	REN	0.45092	6.914	6.4962	False	True
RENGA	5	800	204	71	0.004902	0	0	0	0	free	0.46479	0	0.098592	REN		REN	REN	0.34869	6.9129	6.9537	False	True
CHINOS	6	1400	53	27	0.066038	0.018868	0	0	0	free	0.7037	0	0	HIN		CHIN	HIN	0.52354	6.9075	4.4481	False	True
RENGAS	6	1400	69	27	0	0	0	0	0	free	0.7037	0	0.037037	REN	RANGES	REN	REN	0.52343	6.9059	5.8697	False	False
ATONIA	6	1400	92	26	0.0054348	0	0	0.090909	0.038462	free	0.73077	0	0	TON		TON	TON	0.54311	6.9003	6.1487	False	True
LIROT	5	800	185	67	0.0027027	0	0	0	0	free	0.49254	0	0	ROT		ROT	ROT	0.36854	6.8949	6.2228	False	True
ELANDS	6	1400	77	25	0.019481	0.012987	0	0.055556	0.045455	free	0.76	0	0	LANDS	LANDES	LANDS	LANDS	0.56425	6.8931	6.0716	False	True
RAMEES	6	1400	81	25	0	0	0	0	0	free	0.76	0	0.12	MEE	MEARES	RAM	MEE	0.56387	6.8884	7.3532	False	False
RONEO	5	800	186	63	0.0053763	0.0053763	0	0	0	free	0.52381	0	0			RONE	RONE	0.39124	6.8825	5.5569	False	True
RATOON	6	1400	56	23	0.035714	0.017857	0	0	0.083333	free	0.82609	0	0	RAT		TOON	RAT	0.61204	6.8787	5.5755	False	True
SHAIRN	6	1400	67	23	0	0	0	0	0	free	0.82609	0	0	SHA		HAIR	SHA	0.61204	6.8787	6.2038	False	False
RETORT	6	1400	88	23	0.034091	0.056818	0	0	0	free	0.82609	0	0	RET	ROTTER	TORT	RET	0.61204	6.8787	7.7169	False	True
MARTEL	6	1400	81	23	0.037037	0.012346	0	0.11765	0.10526	free	0.82609	0	0	MAR		MART	MAR	0.61204	6.8787	6.9771	False	True
ETNAS	5	800	614	172	0.004886	0	0	0.036697	0.036496	cellmate	0.18023	0	0.43023			NAS	NAS	0.14314	6.8749	9.9832	False	True
SNATH	5	800	243	88	0.024691	0.020576	0.056818	0.058824	0.10294	free	0.44318	0.011364	0.022727			NAT	NAT	0.33659	6.8748	6.5127	False	True
DEBAR	5	800	108	44	0.046296	0.055556	0.045455	0	0.035714	free	0.81818	0	0	BAR	BARED	BAR	BAR	0.60485	6.8729	5.4228	False	True
TELIA	5	800	392	125	0.002551	0.002551	0	0	0	free	0.256	0	0			TEL	TEL	0.1969	6.8726	7.495	False	True
SCARTH	6	1400	54	22	0.018519	0	0	0.090909	0.1	free	0.86364	0	0	CART		CART	CART	0.63919	6.8716	5.1651	False	True
LODENS	6	1400	69	22	0.028986	0.043478	0	0	0	free	0.86364	0	0			LODE	LODE	0.63919	6.8716	6.3037	False	True
RHONE	5	800	144	59	0.048611	0.027778	0	0.16	0.095238	free	0.55932	0	0	HONE	HONER	HONE	HONE	0.41701	6.8701	6.021	False	True
TELLAR	6	1400	82	22	0.067073	0.060976	0	0.0625	0.15789	free	0.86364	0	0.045455	TELL	TALLER	TELL	TELL	0.63904	6.87	6.2748	False	True
ACATER	6	1400	73	22	0.0068493	0	0	0	0	free	0.86364	0	0.045455	CATER		CATER	CATER	0.63904	6.87	7.2249	False	True
PAREOS	6	1400	80	21	0	0	0	0	0	free	0.90476	0	0	PARE		PARE	PARE	0.66893	6.8644	8.2504	False	False
ECLATS	6	1400	67	21	0.022388	0	0	0	0.052632	free	0.90476	0	0	LAT		LAT	LAT	0.66893	6.8644	6.3158	False	True
MANRED	6	1400	54	20	0	0	0	0	0	free	0.95	0	0	MAN		MAN	MAN	0.70164	6.8572	5.5018	True	False
TARAND	6	1400	59	20	0	0	0	0	0	free	0.95	0	0	TAR		RAND	TAR	0.70164	6.8572	6.4096	True	False
LIART	5	800	349	112	0	0	0	0	0	free	0.28571	0	0.24107			ART	ART	0.21915	6.8537	7.8138	False	False
SERRAE	6	1400	132	38	0.011364	0.015152	0.026316	0.043478	0	free	0.52632	0	0			SER	SER	0.39528	6.8512	7.6083	False	True
RETEAM	6	1400	94	25	0.047872	0.074468	0.12	0.058824	0	free	0.92	0	0	RET		RETE	RET	0.67995	6.8405	8.7663	False	True
TETRA	5	800	406	110	0.0098522	0.0024631	0	0.032967	0.025	free	0.29091	0	0.14545		TATER	TET	TET	0.22265	6.8387	9.2567	False	True
ASTERID	7	1800	132	37	0.026515	0.030303	0.054054	0.074074	0.085714	free	0.48649	0	0.027027			RID	RID	0.3482	6.8378	6.6582	False	True
DROLES	6	1400	83	35	0.048193	0.024096	0.028571	0.076923	0.041667	free	0.57143	0	0.028571	ROLES		ROLES	ROLES	0.42781	6.8281	5.2574	False	True
ENLIST	6	1400	124	52	0.060484	0.072581	0.038462	0.090909	0.083333	free	0.40385	0	0	LIST		LIST	LIST	0.30672	6.8165	6.2836	False	True
TOSSEN	6	1400	95	33	0.015789	0.010526	0.030303	0	0	free	0.60606	0	0			TOSS	TOSS	0.45294	6.8153	6.2237	False	True
CADIE	5	800	102	43	0.088235	0.10784	0.069767	0.071429	0.066667	free	0.86047	0	0			CAD	CAD	0.63553	6.7931	4.2672	False	True
SILANES	7	1800	73	28	0.047945	0.041096	0.071429	0.125	0.066667	free	0.64286	0	0.035714			LANES	LANES	0.45748	6.7913	6.2082	False	True
ATONIC	6	1400	74	28	0.027027	0.013514	0.035714	0.066667	0.04	free	0.71429	0	0	TON		TON	TON	0.5312	6.7794	5.3924	False	True
PINAS	5	800	145	55	0.086207	0.082759	0.16364	0.10526	0.073171	free	0.81818	0	0.054545	PIN	PAINS	PIN	PIN	0.60501	6.7784	6.4077	False	True
RESOW	5	800	154	61	0.058442	0.064935	0.065574	0.041667	0.068182	free	0.62295	0	0.098361	RES	WORSE	RES	RES	0.46346	6.7773	5.7601	False	True
TACET	5	800	163	53	0.01227	0.01227	0.018868	0	0.021739	free	0.64151	0	0	ACE		ACE	ACE	0.47665	6.7748	6.7951	False	True
MISERE	6	1400	92	27	0.032609	0.01087	0.037037	0.11765	0.0625	free	0.74074	0	0.037037			MISER	MISER	0.55021	6.7706	7.4489	False	True
TIRAGE	6	1400	77	26	0.012987	0.012987	0.038462	0	0	free	0.76923	0	0.038462	AGE		RAGE	AGE	0.5708	6.7634	5.3982	False	True
NEMAS	5	800	204	66	0.017157	0.014706	0.030303	0	0	free	0.5303	0	0.16667	MAS	MANES	MAS	MAS	0.39642	6.7474	7.2054	False	True
SONIC	5	800	167	67	0.04491	0.035928	0.029851	0	0.043478	free	0.52239	0	0.044776	SON		SON	SON	0.39033	6.7441	5.2894	False	True
FRAISE	6	1400	55	23	0.054545	0.018182	0.043478	0.16667	0.071429	free	0.86957	0	0	RAI		RAISE	RAI	0.64348	6.7434	5.125	False	True
OUTSET	6	1400	74	23	0.081081	0.013514	0.043478	0	0.11111	free	0.86957	0	0	OUTS		OUTS	OUTS	0.64348	6.7434	7.0732	False	True
OPINES	6	1400	80	23	0.05	0.0625	0.043478	0.066667	0	free	0.86957	0	0	PINES		PINES	PINES	0.64348	6.7434	7.2509	False	True
ODIST	5	800	211	83	0	0	0	0	0	free	0.38554	0	0			DIS	DIS	0.2909	6.742	4.8355	True	False
INGEST	6	1400	133	41	0.022556	0.022556	0.04878	0.060606	0.051282	free	0.5122	0	0.12195		TINGES	GEST	GEST	0.38468	6.7296	5.8778	False	True
CRORES	6	1400	52	21	0.048077	0.057692	0.047619	0	0	free	0.95238	0	0	RES		RORES	RES	0.70336	6.7291	4.36	False	True
NORTH	5	800	180	77	0.027778	0	0	0.066667	0.1	free	0.41558	0	0			NOR	NOR	0.3127	6.7234	4.4186	False	True
LENTI	5	800	337	126	0.05638	0.068249	0.079365	0.074627	0.045455	free	0.35714	0	0.0079365			LENT	LENT	0.27032	6.7183	6.1357	False	True
SEITANS	7	1800	93	24	0	0	0	0	0	free	0.625	0	0	TAN		TANS	TAN	0.44529	6.7143	7.9551	False	False
MENTA	5	800	228	83	0.089912	0.070175	0.13253	0.12195	0.16418	free	0.56627	0	0.048193			MENT	MENT	0.42218	6.7131	7.3567	False	True
SAILOR	6	1400	81	26	0.08642	0.098765	0.15385	0.076923	0.1	free	0.92308	0	0	SAI		SAIL	SAI	0.68217	6.7124	7.125	False	True
ROESTIS	7	1800	75	23	0	0	0	0	0	free	0.65217	0	0			TIS	TIS	0.46429	6.7091	6.9486	False	False
AERATED	7	1800	75	23	0.0066667	0	0	0.066667	0	free	0.65217	0	0	RATED		RATED	RATED	0.46429	6.7091	8.3435	False	True
RAMIE	5	800	202	61	0.076733	0.084158	0.081967	0.13333	0.12245	free	0.63934	0	0.016393			RAM	RAM	0.47512	6.6967	6.984	False	True
ORDEAL	6	1400	87	35	0.04023	0.022989	0.057143	0	0.1875	free	0.6	0	0			DEAL	DEAL	0.44856	6.6944	4.146	False	True
TERNATE	7	1800	67	20	0.014925	0.014925	0	0	0	free	0.75	0	0			NAT	NAT	0.5327	6.6936	6.4592	False	True
SONERIS	7	1800	61	20	0	0	0	0	0	free	0.75	0	0	SON		SONE	SON	0.5327	6.6936	4.9766	False	False
DENOTES	7	1800	57	19	0.078947	0.052632	0	0	0.071429	free	0.78947	0	0			NOTES	NOTES	0.5603	6.6884	6.4623	False	True
PELAS	5	800	155	55	0.090323	0.070968	0.090909	0.074074	0.10638	free	0.70909	0	0.16364	LAS	PALES	LAS	LAS	0.52615	6.6844	6.5096	False	True
RELATOR	7	1800	69	19	0.021739	0	0	0.13333	0.1	free	0.78947	0	0.052632	LAT		LAT	LAT	0.55987	6.6832	8.0534	False	True
TAENITE	7	1800	66	17	0	0	0	0	0	free	0.88235	0	0			NITE	NITE	0.62525	6.6781	5.2635	True	False
CADRE	5	800	139	59	0.061151	0	0	0.29412	0.19512	free	0.54237	0	0.15254			CAD	CAD	0.40514	6.6746	4.4472	False	True
AHINT	5	800	169	59	0	0	0	0	0	free	0.54237	0	0	HIN		HINT	HIN	0.40471	6.6674	6.2713	True	False
MILOS	5	800	83	42	0.066265	0.060241	0.047619	0	0.043478	free	0.83333	0	0	MIL		MIL	MIL	0.61585	6.664	4.2018	False	True
RIMAE	5	800	183	57	0.0027322	0	0	0	0	free	0.5614	0	0.017544			RIM	RIM	0.41857	6.662	6.4791	False	True
AMIDE	5	800	140	55	0.064286	0.028571	0	0.30435	0.064516	free	0.58182	0	0.054545			MID	MID	0.43349	6.6574	4.347	False	True
OPINE	5	800	128	38	0.046875	0.046875	0.052632	0.05	0.021277	free	0.92105	0	0	PINE		PINE	PINE	0.6795	6.6516	6.8562	False	True
NAIRU	5	800	120	52	0	0	0	0	0	free	0.61538	0	0	AIR		AIR	AIR	0.45769	6.6457	4.5522	True	False
RACONS	6	1400	70	28	0.05	0.1	0.071429	0	0	free	0.75	0	0	CON		CONS	CON	0.55702	6.644	4.3409	False	True
ICONS	5	800	135	49	0.011111	0	0	0.11765	0.057143	free	0.65306	0	0	CON		CON	CON	0.48503	6.6364	6.11	False	True
FEART	5	800	140	47	0.057143	0.028571	0	0.032258	0.125	free	0.68085	0	0.021277			FEAR	FEAR	0.50526	6.6309	6.4676	False	True
TONUS	5	800	113	46	0.0088496	0.017699	0	0	0	free	0.69565	0	0.043478	TON		TON	TON	0.51606	6.6286	5.7187	False	True
PRESET	6	1400	90	33	0.072222	0.077778	0.15152	0.090909	0.068966	free	0.75758	0	0	RES		RESET	RES	0.5625	6.6274	7.8607	False	True
LOSEL	5	800	117	46	0.008547	0.008547	0	0	0.034483	free	0.69565	0	0	LOS		LOSE	LOS	0.51594	6.627	5.5531	False	True
SANSA	5	800	113	46	0.0044248	0	0	0	0.034483	free	0.69565	0	0	SAN		SAN	SAN	0.51594	6.627	5.3165	False	True
YRENT	5	800	127	45	0	0	0	0	0	free	0.71111	0	0	REN		RENT	REN	0.52715	6.6239	5.8443	True	False
SEWAR	5	800	122	44	0.012295	0	0	0.125	0.047619	free	0.72727	0	0.022727	WAR	WARES	WAR	WAR	0.53895	6.6216	5.9692	False	True
LINGA	5	800	152	52	0.065789	0.11184	0.21154	0.041667	0.022222	free	0.90385	0	0	LING		LING	LING	0.66701	6.6135	6.6769	False	True
AFORE	5	800	90	40	0.0055556	0	0	0	0	free	0.8	0	0	FORE		FORE	FORE	0.59166	6.6084	4.3941	False	True
NONET	5	800	200	62	0.075	0.005	0.016129	0.19355	0.24138	free	0.53226	0	0.096774		TONNE	NONE	NONE	0.39764	6.6049	7.567	False	True
ARPENS	6	1400	73	34	0.0068493	0	0	0.058824	0	free	0.52941	0	0.029412	PEN		PENS	PEN	0.39742	6.6029	4.7602	False	True
NONETS	6	1400	108	34	0.092593	0	0	0.21053	0.28571	free	0.52941	0	0.088235		SONNET,TONNES	NONE	NONE	0.39723	6.5997	7.861	False	True
SERRA	5	800	337	103	0.081602	0.041543	0.029126	0.18182	0.175	free	0.33981	0	0.2233			SER	SER	0.25835	6.5927	7.3349	False	True
AORTAS	6	1400	106	32	0	0	0	0	0	free	0.5625	0	0	TAS		TAS	TAS	0.42144	6.5901	6.2926	True	False
NERINE	6	1400	102	30	0	0	0	0	0	free	0.6	0	0	RINE		RINE	RINE	0.44856	6.5757	8.1885	True	False
HELOTS	6	1400	60	29	0.025	0	0	0.16667	0.1	free	0.62069	0	0	LOT		LOTS	LOT	0.46352	6.5685	4.3949	False	True
IDEATA	6	1400	67	29	0	0	0	0	0	free	0.62069	0	0	EAT		EAT	EAT	0.46352	6.5685	4.4108	True	False
TRITER	6	1400	121	29	0.086777	0.041322	0	0.13636	0.068966	free	0.62069	0	0	RIT		RITE	RIT	0.46352	6.5685	8.6896	False	True
SCRAN	5	800	169	51	0.044379	0.023669	0.019608	0.057143	0.068182	free	0.64706	0	0.039216	RAN	CARNS	RAN	RAN	0.48079	6.5676	6.9462	False	True
LADINO	6	1400	61	27	0	0	0	0	0	free	0.66667	0	0	DIN		LAD	DIN	0.49676	6.5542	4.8454	True	False
IRENIC	6	1400	67	26	0	0	0	0	0	free	0.69231	0	0	REN		REN	REN	0.5153	6.547	5.9796	True	False
ENTAME	6	1400	67	26	0.0074627	0.014925	0	0	0	free	0.69231	0	0	TAME		TAME	TAME	0.5153	6.547	5.0403	False	True
HAIRST	6	1400	87	26	0	0	0	0	0	free	0.69231	0	0	AIRS		HAIRS	AIRS	0.5153	6.547	6.9217	False	False
RESHOD	6	1400	70	26	0	0	0	0	0	free	0.69231	0	0	RES		RES	RES	0.5153	6.547	5.8739	False	False
EARNEST	7	1800	115	28	0.03913	0.043478	0.035714	0.10714	0.037037	free	0.57143	0	0			EARN	EARN	0.40782	6.546	9.2242	False	True
ETICS	5	800	225	80	0	0	0	0	0	free	0.3875	0	0.25		CITES	TIC	TIC	0.29304	6.546	5.6983	False	False
CENTAS	6	1400	104	33	0.052885	0.076923	0.090909	0.041667	0.034483	free	0.66667	0	0	TAS		CENT	TAS	0.49676	6.5447	7.1769	False	True
ASTRIDE	7	1800	91	29	0.027473	0.021978	0.034483	0.066667	0.041667	free	0.55172	0	0.068966			RIDE	RIDE	0.39348	6.5408	5.4535	False	True
HARELD	6	1400	68	25	0	0	0	0	0	free	0.72	0	0			HARE	HARE	0.53533	6.5398	5.4216	True	False
RHINOS	6	1400	57	25	0.035088	0.017544	0	0	0.086957	free	0.72	0	0	HIN		HIN	HIN	0.53533	6.5398	4.6813	False	True
TORICS	6	1400	62	25	0.040323	0	0	0.10526	0.21429	free	0.72	0	0	TOR		TOR	TOR	0.53533	6.5398	4.9597	False	True
SENNAS	6	1400	71	25	0.014085	0	0	0	0	free	0.72	0	0			SEN	SEN	0.53533	6.5398	4.9802	False	True
OTTARS	6	1400	72	25	0	0	0	0	0	free	0.72	0	0	TAR		TAR	TAR	0.53533	6.5398	5.4298	False	False
TENSON	6	1400	103	24	0.014563	0.019417	0	0	0.043478	free	0.75	0	0	SON	SONNET,TONNES	TENS	SON	0.55702	6.5326	8.8888	False	True
ASLANT	6	1400	82	24	0	0	0	0	0	free	0.75	0	0			SLANT	SLANT	0.55702	6.5326	7.3585	True	False
PILEA	5	800	116	40	0.017241	0.0086207	0.025	0.047619	0.058824	free	0.825	0	0	PILE		PILE	PILE	0.6098	6.5318	6.1948	False	True
TENAILS	7	1800	57	26	0.087719	0.052632	0.038462	0.23077	0.19048	free	0.61538	0	0.038462			NAILS	NAILS	0.43825	6.5305	4.6494	False	True
CONIAS	6	1400	71	23	0.042254	0.070423	0	0	0	free	0.78261	0	0	CON		CON	CON	0.5806	6.5254	5.8862	False	True
ERGATE	6	1400	59	23	0	0	0	0	0	free	0.78261	0	0	GATE		GATE	GATE	0.5806	6.5254	4.8408	False	False
CHINSE	6	1400	62	23	0.016129	0	0	0.0625	0.047619	free	0.78261	0	0	HIN		CHINS	HIN	0.5806	6.5254	5.2959	False	True
SANTAL	6	1400	76	23	0.059211	0.052632	0	0.13333	0	free	0.78261	0	0	SAN		SANT	SAN	0.5806	6.5254	6.6129	False	True
NGATIS	6	1400	73	23	0	0	0	0	0	free	0.78261	0	0.043478	GAT		GAT	GAT	0.58046	6.5238	5.8788	True	False
WASTEL	6	1400	58	22	0.060345	0.017241	0	0.11111	0.21053	free	0.81818	0	0	WASTE		WASTE	WASTE	0.60632	6.5182	5.2439	False	True
PALEA	5	800	98	35	0.005102	0.010204	0.028571	0	0	free	0.94286	0	0	PALE		PALE	PALE	0.69532	6.5162	5.8557	False	True
METRO	5	800	206	74	0.029126	0	0	0.10345	0.096774	free	0.41892	0	0			MET	MET	0.31512	6.5114	5.4724	False	True
ENAMEL	6	1400	55	21	0.0090909	0	0	0	0	free	0.85714	0	0			NAME	NAME	0.63449	6.511	4.7197	False	True
PATOIS	6	1400	50	21	0	0	0	0	0	free	0.85714	0	0	PAT		PAT	PAT	0.63449	6.511	4.8203	True	False
STOTIN	6	1400	67	21	0.022388	0.044776	0	0	0	free	0.85714	0	0	TOT		TOT	TOT	0.63449	6.511	6.4112	False	True
RETAMA	6	1400	72	21	0	0	0	0	0	free	0.85714	0	0	RET		RET	RET	0.63449	6.511	7.2237	True	False
FRETS	5	800	195	74	0.094872	0.076923	0.10811	0.076923	0.17544	free	0.56757	0	0	RET		RETS	RET	0.42299	6.5065	6.061	False	True
LEMAN	5	800	136	56	0.036765	0.029412	0.035714	0	0.071429	free	0.60714	0	0	MAN		MAN	MAN	0.45171	6.5049	5.3062	False	True
RETRIES	7	1800	72	20	0.048611	0.027778	0.05	0.14286	0.071429	free	0.8	0	0	RET		RET	RET	0.56766	6.5046	7.6615	False	True
STAITH	6	1400	61	20	0	0	0	0	0	free	0.9	0	0	TAI		TAI	TAI	0.66548	6.5039	5.4057	False	False
STATIM	6	1400	53	20	0	0	0	0	0	free	0.9	0	0	STAT		STAT	STAT	0.66548	6.5039	5.2754	True	False
TEENDS	6	1400	65	20	0.084615	0	0	0.18182	0.38889	free	0.9	0	0	TEE		TEEN	TEE	0.66548	6.5039	6.9836	False	True
BOARTS	6	1400	56	20	0.035714	0.017857	0	0	0.083333	free	0.9	0	0.05	BOA	ABORTS	BOAR	BOA	0.66532	6.5023	5.1268	False	True
STONERN	7	1800	56	19	0.035714	0.017857	0.052632	0.15385	0.071429	free	0.84211	0	0	STONER	TONNERS	STONER	STONER	0.59711	6.4995	6.0232	False	True
INLET	5	800	258	92	0.011628	0.011628	0.01087	0	0.015152	free	0.34783	0	0.054348			LET	LET	0.26369	6.4948	5.4525	False	True
INANE	5	800	208	67	0.055288	0.019231	0	0.12121	0.038462	free	0.46269	0	0			NAN	NAN	0.34688	6.4897	5.7281	False	True
SOLAH	5	800	140	60	0.0035714	0.0071429	0	0	0	free	0.51667	0	0.033333	SOL		SOLA	SOL	0.38615	6.4695	4.7414	False	True
INSIDE	6	1400	93	33	0.032258	0.010753	0.030303	0.090909	0.064516	free	0.57576	0	0			SIDE	SIDE	0.43103	6.462	4.2031	False	True
REBAR	5	800	97	40	0.06701	0.082474	0.05	0	0.074074	free	0.85	0	0	BAR		BAR	BAR	0.62794	6.4552	4.4637	False	True
PATIO	5	800	107	39	0.056075	0.018692	0.051282	0.066667	0.11538	free	0.87179	0	0	PAT		PAT	PAT	0.64375	6.4521	5.5832	False	True
LENTO	5	800	229	79	0.048035	0.021834	0.012658	0.16667	0.16364	free	0.40506	0	0			LENT	LENT	0.30507	6.4504	5.8877	False	True
OTTAR	5	800	182	53	0.0054945	0.0054945	0	0.032258	0	free	0.58491	0	0.018868	TAR		TAR	TAR	0.43563	6.447	7.161	False	True
ETOILE	6	1400	93	38	0.080645	0.043011	0.10526	0.21053	0.23333	free	0.60526	0	0			TOILE	TOILE	0.45236	6.4453	4.9708	False	True
SONCE	5	800	145	51	0.024138	0.034483	0	0.038462	0	free	0.60784	0	0.078431	SON	CONES	SON	SON	0.45244	6.4431	5.0373	False	True
PIETA	5	800	180	52	0.0083333	0	0	0	0	free	0.59615	0	0	PIE		PIET	PIE	0.44373	6.4431	7.246	False	True
SISAL	5	800	131	49	0	0	0	0	0	free	0.63265	0	0.040816	SAL	SAILS	SAL	SAL	0.47034	6.4353	6.0423	False	False
HAINED	6	1400	81	35	0.067901	0.074074	0.057143	0	0.090909	free	0.57143	0.028571	0			HAIN	HAIN	0.43339	6.4349	5.1413	False	True
ALURES	6	1400	74	29	0.033784	0.013514	0.034483	0.0625	0.052632	free	0.65517	0	0	RES		LURES	RES	0.48845	6.4332	5.9527	False	True
LUNET	5	800	112	48	0.03125	0.026786	0	0.052632	0.030303	free	0.64583	0	0	LUN		LUNE	LUN	0.47978	6.4306	4.7285	False	True
ANTICS	6	1400	75	28	0.06	0.026667	0.035714	0.28571	0.15	free	0.67857	0	0			ANTI	ANTI	0.50537	6.426	5.3518	False	True
SECTOR	6	1400	82	28	0.02439	0.012195	0.035714	0	0.047619	free	0.67857	0	0.035714	TOR	COSTER	TOR	TOR	0.50526	6.4245	5.1845	False	True
FETOR	5	800	78	45	0.0064103	0	0	0.083333	0.047619	free	0.68889	0	0	TOR		FET	TOR	0.51103	6.4213	3.6112	False	True
NALAS	5	800	152	53	0.032895	0.052632	0.056604	0.045455	0	free	0.66038	0	0	LAS		LAS	LAS	0.49034	6.419	5.097	False	True
SEPAL	5	800	159	42	0.0031447	0.0062893	0	0	0	free	0.7381	0	0.095238	PAL	PALES	PAL	PAL	0.54701	6.4152	7.2056	False	True
YATES	5	800	184	67	0.081522	0.01087	0.014925	0.1	0.16981	free	0.47761	0	0			ATES	ATES	0.35771	6.4131	5.1453	False	True
RESAY	5	800	153	51	0.065359	0.039216	0.058824	0.14286	0.13333	free	0.68627	0	0	RES		RES	RES	0.50913	6.4128	6.11	False	True
HEPAR	5	800	112	39	0.0044843	0.0089286	0	0	0	free	0.79487	0	0.025641	PAR		PAR	PAR	0.58801	6.4034	5.677	False	True
WARST	5	800	130	39	0.015385	0.015385	0	0	0	free	0.79487	0	0.025641	WAR	WARTS	WARS	WAR	0.58801	6.4034	6.5701	False	True
AMISES	6	1400	65	25	0.069231	0.046154	0.04	0.052632	0.10526	free	0.76	0	0.04			MISES	MISES	0.56412	6.4029	4.4997	False	True
TAPEN	5	800	127	38	0.031496	0.031496	0	0	0.058824	free	0.81579	0	0	TAPE		TAPE	TAPE	0.60311	6.3995	6.326	False	True
ASPINE	6	1400	68	24	0.014706	0.029412	0.041667	0	0	free	0.79167	0	0	PINE		SPINE	PINE	0.58715	6.3973	6.0081	False	True
MARID	5	800	120	37	0.0125	0.016667	0	0	0.030303	free	0.83784	0	0	MAR		MAR	MAR	0.61911	6.3964	6.0459	False	True
CALID	5	800	87	35	0.011494	0.022989	0	0	0	free	0.88571	0	0	CAL		CAL	CAL	0.65386	6.3902	4.3426	False	True
HORSTE	6	1400	137	53	0.043796	0	0	0.08	0.17949	free	0.32075	0	0			HORS	HORS	0.24664	6.3877	6.0266	False	True
DROLE	5	800	134	58	0.037313	0.022388	0.017241	0.041667	0.027027	free	0.55172	0	0.017241			ROLE	ROLE	0.41154	6.3859	4.5233	False	True
ETAGES	6	1400	57	22	0.0087719	0.017544	0.045455	0	0	free	0.86364	0	0	AGE		AGES	AGE	0.63919	6.3829	4.3451	False	True
INGATES	7	1800	54	22	0.083333	0.092593	0.18182	0	0.16667	free	0.90909	0	0.045455	GATES	TEASING	GATES	GATES	0.64357	6.3824	5.636	False	True
LATHIS	6	1400	59	21	0.067797	0.10169	0.047619	0	0	free	0.90476	0	0	LAT		LATH	LAT	0.66893	6.3757	4.9195	False	True
RELAID	6	1400	122	41	0.057377	0.040984	0.04878	0.19231	0.14286	free	0.4878	0	0.17073		RAILED	LAID	LAID	0.36688	6.3731	5.879	False	True
DOEST	5	800	300	89	0.0066667	0.0066667	0	0	0.024691	free	0.33708	0	0.19101		DOTES	DOES	DOES	0.25628	6.369	7.1336	False	True
EISEL	5	800	280	92	0	0	0	0	0	free	0.32609	0	0			SEL	SEL	0.24776	6.3648	5.8024	True	False
TRIAGE	6	1400	55	25	0.045455	0.036364	0.08	0.125	0.076923	free	0.8	0.04	0.04	AGE		AGE	AGE	0.60073	6.3615	3.5421	False	True
RETOUR	6	1400	53	19	0.028302	0.056604	0.052632	0	0	free	1	0	0	TOUR	ROUTER	TOUR	TOUR	0.73779	6.3613	4.5839	False	True
ETAGE	5	800	132	49	0.0037879	0.0075758	0.020408	0	0	free	0.65306	0	0	AGE		TAG	AGE	0.48503	6.3571	5.3751	False	True
SARNIES	7	1800	84	25	0.053571	0.071429	0.08	0	0	free	0.68	0	0			SAR	SAR	0.48375	6.3416	7.3022	False	True
TREMS	5	800	211	66	0.066351	0.075829	0.030303	0.081081	0.042553	free	0.5	0	0			REM	REM	0.37396	6.3334	5.796	False	True
TESTERN	7	1800	76	25	0.039474	0.039474	0.08	0.071429	0.11765	free	0.68	0	0.08		NETTERS	TESTER	TESTER	0.48309	6.3312	6.3492	False	True
NEREID	6	1400	109	45	0	0	0	0	0	free	0.37778	0	0.022222			ERE	ERE	0.2878	6.3286	4.282	True	False
CERTIE	6	1400	93	33	0.016129	0.032258	0.060606	0	0	free	0.60606	0	0	TIE		TIE	TIE	0.45294	6.3266	6.1343	False	True
CITAL	5	800	170	62	0.017647	0.017647	0.032258	0	0	free	0.53226	0	0	CIT		CIT	CIT	0.39737	6.3209	5.1712	False	True
OGRES	5	800	173	58	0.028902	0.023121	0.034483	0.058824	0.043478	free	0.56897	0	0.17241	RES	GORES	RES	RES	0.4245	6.3164	5.6715	False	True
ARSINES	7	1800	90	21	0.038889	0.033333	0.095238	0.16667	0	free	0.80952	0	0.047619	SINES		SINES	SINES	0.57393	6.3157	9.3014	False	True
ESTREAT	7	1800	134	20	0.022388	0.014925	0.1	0	0	free	0.85	0	0	EAT		EAT	EAT	0.60263	6.3157	10.961	False	True
CORNEA	6	1400	75	31	0.053333	0.04	0.064516	0.18182	0.13043	free	0.64516	0	0	COR		CORN	COR	0.48121	6.3123	5.4209	False	True
TRIONES	7	1800	85	31	0.029412	0.011765	0	0.058824	0.08	free	0.45161	0	0			ION	ION	0.32404	6.3111	2.8661	False	True
TEIND	5	800	348	133	0.012931	0.0057471	0	0.017241	0.060606	free	0.21805	0	0.067669			TEIN	TEIN	0.16955	6.2967	4.2864	False	True
REALIA	6	1400	125	40	0	0	0	0	0	free	0.425	0	0			REAL	REAL	0.32202	6.2942	6.2239	True	False
MESETA	6	1400	102	38	0	0	0	0	0	free	0.44737	0	0			MES	MES	0.33819	6.2799	7.5161	True	False
ANTSIER	7	1800	119	27	0.0042017	0	0	0.034483	0.038462	free	0.51852	0	0.14815		RETAINS	ANTS	ANTS	0.36961	6.2697	8.3944	False	True
BESIT	5	800	140	45	0.042857	0.035714	0.044444	0.05	0.073171	free	0.73333	0	0	SIT	BITES	BES	SIT	0.54328	6.2681	5.7362	False	True
HORST	5	800	224	84	0.0625	0.013393	0.011905	0.16216	0.17742	free	0.36905	0	0.047619			HORS	HORS	0.27907	6.2665	5.2905	False	True
ITERANT	7	1800	98	22	0	0	0	0	0	free	0.63636	0	0	RANT		RANT	RANT	0.45323	6.2646	9.9106	True	False
URINED	6	1400	62	24	0.016129	0.032258	0.083333	0	0	free	0.83333	0	0	RINE		RINE	RINE	0.61728	6.262	5.2101	False	True
ACRES	5	800	382	111	0.074607	0.086387	0.18919	0.045455	0.10309	free	0.52252	0	0.30631	RES	CARES,CARSE	RES	RES	0.39118	6.2605	9.6322	False	True
STREP	5	800	309	97	0.048544	0.055016	0.072165	0.064516	0.032258	free	0.40206	0	0.10309			REP	REP	0.30318	6.2573	5.6477	False	True
NOSTRO	6	1400	95	35	0	0	0	0	0	free	0.48571	0	0.057143			NOS	NOS	0.36574	6.2552	5.0325	True	False
SHRINE	6	1400	81	23	0.092593	0.049383	0.086957	0.2	0.21739	free	0.86957	0	0	RINE		RINE	RINE	0.64348	6.2548	6.6228	False	True
AGENES	6	1400	67	23	0.044776	0.029851	0.086957	0.27273	0	free	0.86957	0	0	AGE		GENES	AGE	0.64348	6.2548	5.2215	False	True
ADORER	6	1400	58	23	0.086207	0.034483	0.086957	0.28571	0.125	free	0.86957	0	0	DOR		DORE	DOR	0.64348	6.2548	4.5286	False	True
STENTOR	7	1800	64	20	0.023438	0.015625	0	0.14286	0.052632	free	0.7	0	0	TOR		TOR	TOR	0.49773	6.2542	6.8723	False	True
STRENES	7	1800	74	21	0.0067568	0	0	0	0	free	0.66667	0	0.047619	REN		REN	REN	0.47403	6.2542	7.642	False	True
TITIS	5	800	142	40	0.035211	0.035211	0.05	0	0.054054	free	0.825	0	0	TIT		TIT	TIT	0.6098	6.2525	7.0228	False	True
MOISER	6	1400	91	34	0.027473	0.021978	0	0.083333	0.08	free	0.5	0	0			MOI	MOI	0.37625	6.2511	5.5003	False	True
SONSIE	6	1400	100	34	0	0	0	0	0	free	0.5	0	0	SON		SON	SON	0.37625	6.2511	6.9503	False	False
HEROIN	6	1400	88	34	0.0056818	0	0	0	0	free	0.5	0	0			HER	HER	0.37625	6.2511	4.3466	False	True
SEDERS	6	1400	98	33	0.030612	0	0	0.125	0.10714	free	0.51515	0	0			SED	SED	0.3872	6.2439	3.9212	False	True
ERECTS	6	1400	81	33	0.030864	0	0	0	0.10526	free	0.51515	0	0			REC	REC	0.3872	6.2439	4.1066	False	True
OMENS	5	800	150	60	0.073333	0.066667	0.05	0.08	0.069767	free	0.56667	0	0.05			MEN	MEN	0.42248	6.2405	4.1484	False	True
OURIE	5	800	128	52	0.015625	0.0078125	0	0	0.022727	free	0.57692	0	0			OUR	OUR	0.42978	6.2404	4.7482	False	True
CRESTON	7	1800	54	17	0	0	0	0	0	free	0.82353	0	0	RES		REST	RES	0.58412	6.2387	6.6371	False	False
SORITES	7	1800	80	19	0.0125	0.0125	0	0.11111	0	free	0.73684	0	0.10526	RIT		RITES	RIT	0.52263	6.2387	8.1443	False	True
CERITE	6	1400	103	32	0	0	0	0	0	free	0.53125	0	0	RIT		RITE	RIT	0.39885	6.2367	6.621	True	False
AYRES	5	800	139	49	0.010791	0.0071942	0	0	0.021739	free	0.61224	0	0.020408	RES		RES	RES	0.45547	6.2319	5.3833	False	True
ORDINES	7	1800	52	15	0.0096154	0	0	0	0	free	0.93333	0	0	DINES		DINES	DINES	0.6609	6.2284	5.5192	False	True
THESE	5	800	243	81	0.059671	0.053498	0.049383	0.088889	0.029412	free	0.4321	0	0			HES	HES	0.32469	6.2268	6.351	False	True
EPATERS	7	1800	50	14	0.07	0	0	0.42857	0.33333	free	1	0	0	PATERS		PATERS	PATERS	0.70752	6.2232	6.3503	False	True
DREARES	7	1800	52	14	0.019231	0	0	0.066667	0.071429	free	1	0	0	RES		REAR	RES	0.70752	6.2232	6.9125	False	True
NETHER	6	1400	87	30	0.097701	0.068966	0	0.21429	0.16667	free	0.56667	0	0			ETHER	ETHER	0.42445	6.2224	5.3195	False	True
NITERY	6	1400	75	30	0	0	0	0	0	free	0.56667	0	0			NITER	NITER	0.42445	6.2224	4.9894	True	False
SHERD	5	800	206	70	0.026699	0.019417	0.014286	0	0.016949	free	0.44286	0	0			SHE	SHE	0.33249	6.2198	6.1463	False	True
RELIDE	6	1400	81	30	0.030864	0.012346	0	0	0.15789	free	0.56667	0	0.1			LID	LID	0.42413	6.2177	4.5069	False	True
ACORN	5	800	113	44	0.017699	0.0088496	0	0.090909	0.030303	free	0.68182	0	0.022727	COR		CORN	COR	0.50596	6.2164	5.3567	False	True
ALANT	5	800	148	44	0.0033784	0	0	0	0.025641	free	0.68182	0	0			LANT	LANT	0.5059	6.2156	6.7004	False	True
NORTHS	6	1400	72	29	0.034722	0	0	0.2	0.13043	free	0.58621	0	0			NOR	NOR	0.43858	6.2152	3.862	False	True
SEGARS	6	1400	68	29	0.0073529	0	0	0.1	0	free	0.58621	0	0.034483	GAR		GAR	GAR	0.43847	6.2136	4.8609	False	True
AMORT	5	800	137	52	0.065693	0.094891	0.057692	0.14815	0.090909	free	0.65385	0	0	MOR		MORT	MOR	0.4856	6.2132	4.8958	False	True
SARMIE	6	1400	80	29	0	0	0	0	0	free	0.58621	0	0.068966			SAR	SAR	0.43836	6.212	5.3339	True	False
LOREL	5	800	113	42	0.0088496	0	0	0.041667	0.028571	free	0.71429	0	0	LORE		LORE	LORE	0.52946	6.2093	4.8029	False	True
STACTE	6	1400	77	28	0.0064935	0	0	0	0	free	0.60714	0	0			ACT	ACT	0.45372	6.208	3.9854	False	True
HASLET	6	1400	96	28	0.0052083	0	0	0.0625	0.030303	free	0.60714	0	0			HAS	HAS	0.45372	6.208	7.3889	False	True
SAMIER	6	1400	107	35	0.03271	0.056075	0.085714	0	0	free	0.6	0	0.028571			SAM	SAM	0.44847	6.2041	6.148	False	True
CRENAS	6	1400	106	28	0.009434	0.009434	0	0.037037	0.04	free	0.60714	0	0.10714	REN		REN	REN	0.45338	6.2033	7.3673	False	True
CROTAL	6	1400	67	27	0	0	0	0	0	free	0.62963	0	0	ROT		ROT	ROT	0.46998	6.2008	5.0832	True	False
COSEC	5	800	73	37	0	0	0	0	0	free	0.81081	0	0	COSE		COSE	COSE	0.5995	6.1938	3.7348	False	False
BETON	5	800	81	36	0.0061728	0	0	0	0	free	0.83333	0	0	TON		BET	TON	0.61585	6.1907	4.2567	False	True
MATAI	5	800	80	35	0	0	0	0	0	free	0.85714	0	0	MAT		MAT	MAT	0.63312	6.1876	4.5771	True	False
PARAE	5	800	136	35	0.0036765	0	0	0	0.029412	free	0.85714	0	0	PAR		PAR	PAR	0.63312	6.1876	6.9456	False	True
IDANTS	6	1400	85	25	0.0058824	0	0	0	0	free	0.68	0	0	DAN		DANTS	DAN	0.5064	6.1864	7.5895	False	True
TALARS	6	1400	70	25	0.0071429	0	0	0	0	free	0.68	0	0.04	LAR		LAR	LAR	0.50628	6.1849	5.6498	False	True
SITTAR	6	1400	107	25	0.0046729	0.0093458	0	0	0	free	0.68	0	0.04	SIT		SIT	SIT	0.50628	6.1849	9.9494	False	True
DIENE	5	800	190	58	0.010526	0.010526	0.017241	0.025641	0	free	0.53448	0	0			DIE	DIE	0.39898	6.1825	6.5004	False	True
MOIRE	5	800	151	58	0.036424	0.046358	0.017241	0.066667	0	free	0.53448	0	0			MOI	MOI	0.39898	6.1825	4.0272	False	True
MAIDEN	6	1400	63	25	0.095238	0	0	0.23077	0.22222	free	0.68	0	0.12		MAINED	MAID	MAID	0.50602	6.1817	5.0701	False	True
RESECT	6	1400	61	24	0	0	0	0	0	free	0.70833	0	0	RES		RES	RES	0.52689	6.1793	4.9575	False	False
THOLES	6	1400	60	24	0.025	0.016667	0	0	0.045455	free	0.70833	0	0			HOLES	HOLES	0.52689	6.1793	4.2399	False	True
ALERTS	6	1400	304	86	0.014827	0.013158	0.034884	0.028986	0.026316	cellmate	0.23256	0	0.34884		LASTER,SALTER	ALE	ALE	0.18175	6.1718	5.5025	False	True
ESTRONE	7	1800	95	28	0.026316	0.031579	0.10714	0	0.05	free	0.64286	0	0			TRONE	TRONE	0.45777	6.1682	7.6393	False	True
ROSACE	6	1400	57	22	0	0	0	0	0	free	0.77273	0	0	ACE		SAC	ACE	0.57345	6.1649	4.7242	True	False
SPIREA	6	1400	76	22	0	0	0	0	0	free	0.77273	0	0			SPIRE	SPIRE	0.57345	6.1649	6.3363	False	False
EATERY	6	1400	73	21	0.020548	0	0	0.090909	0.055556	free	0.80952	0	0	EAT		EATER	EAT	0.60006	6.1577	5.9933	False	True
ERRANT	6	1400	81	21	0.018519	0.012346	0	0.11765	0.13333	free	0.80952	0	0	RANT		RANT	RANT	0.60006	6.1577	7.6495	False	True
SURATS	6	1400	67	21	0.014925	0.014925	0	0	0	free	0.80952	0	0	RAT		RATS	RAT	0.60006	6.1577	5.8247	False	True
MAINOR	6	1400	67	21	0	0	0	0	0	free	0.80952	0	0	MAIN		MAIN	MAIN	0.60006	6.1577	5.4194	False	False
DEMAST	6	1400	58	28	0.025862	0.051724	0.10714	0	0	free	0.75	0	0	MAST		MAST	MAST	0.55702	6.1554	4.4857	False	True
ALLEES	6	1400	53	20	0	0	0	0	0	free	0.85	0	0	LEE		LEES	LEE	0.62933	6.1505	5.0508	False	False
RATOOS	6	1400	70	20	0	0	0	0	0	free	0.85	0	0	RAT		RAT	RAT	0.62933	6.1505	7.107	False	False
REMORA	6	1400	51	20	0.0098039	0	0	0	0	free	0.85	0	0	MOR		MORA	MOR	0.62933	6.1505	4.7096	False	True
RIMOSE	6	1400	63	20	0.0079365	0	0	0	0.058824	free	0.85	0	0	MOSE		MOSE	MOSE	0.62933	6.1505	5.9705	False	True
LORELS	6	1400	53	20	0.009434	0	0	0.090909	0	free	0.85	0	0	LORE		LORE	LORE	0.62933	6.1505	4.7146	False	True
TENANT	6	1400	67	20	0.014925	0.014925	0	0.052632	0.066667	free	0.85	0	0			TEN	TEN	0.62933	6.1505	5.7126	False	True
ACORNS	6	1400	56	20	0.035714	0.017857	0	0.16667	0.071429	free	0.85	0	0	COR		CORNS	COR	0.62933	6.1505	4.7911	False	True
NEGATE	6	1400	58	20	0.0086207	0	0	0	0	free	0.85	0	0	GATE		GATE	GATE	0.62933	6.1505	5.1747	False	True
NATRON	6	1400	102	38	0.004902	0.0098039	0.026316	0	0	free	0.47368	0	0			NAT	NAT	0.35722	6.1445	5.7924	False	True
DEGRAS	6	1400	57	19	0	0	0	0	0	free	0.89474	0	0	RAS		RAS	RAS	0.66168	6.1433	4.7242	True	False
MADRES	6	1400	55	19	0.045455	0.054545	0	0	0.066667	free	0.89474	0	0	RES		MAD	RES	0.66168	6.1433	4.5909	False	True
RATHAS	6	1400	50	19	0	0	0	0	0	free	0.89474	0	0	RAT		RAT	RAT	0.66168	6.1433	5.3806	False	False
TROAT	5	800	275	96	0.070909	0.065455	0.11458	0.13043	0.15152	free	0.45833	0	0.010417			OAT	OAT	0.34375	6.1432	7.3206	False	True
FRATER	6	1400	51	19	0.088235	0.058824	0	0.23077	0.14286	free	0.89474	0	0.052632	RATER		RATER	RATER	0.66151	6.1418	4.6934	False	True
LINTEL	6	1400	57	18	0.017544	0	0	0	0.13333	free	0.94444	0	0	LINT		LINT	LINT	0.69762	6.1361	5.9569	False	True
PETARD	6	1400	59	18	0	0	0	0	0	free	0.94444	0	0	TAR	PARTED	PET	TAR	0.69762	6.1361	5.8489	False	False
URESES	6	1400	56	17	0	0	0	0	0	free	1	0	0	RES		RES	RES	0.73779	6.129	5.5063	True	False
BORANE	6	1400	50	17	0.04	0	0	0.125	0.11111	free	1	0	0	BOR		BOR	BOR	0.73779	6.129	5.7168	False	True
SHOAT	5	800	151	49	0.086093	0.066225	0.081633	0.043478	0.16667	free	0.71429	0	0			SHO	SHO	0.52946	6.1273	6.6532	False	True
SALUTE	6	1400	67	24	0.059701	0.059701	0.125	0.11111	0.095238	free	0.875	0	0	SAL		LUTE	SAL	0.64741	6.1266	5.3598	False	True
SERONS	6	1400	200	68	0.0075	0	0	0	0.019608	free	0.23529	0	0.16176			SER	SER	0.18432	6.1248	6.0487	False	True
BOART	5	800	99	36	0.040404	0.040404	0.027778	0	0.041667	free	0.86111	0	0.055556	BOA		BOAR	BOA	0.63616	6.1157	4.8849	False	True
CORAM	5	800	79	36	0.031646	0.012658	0.027778	0	0.047619	free	0.86111	0	0	COR		COR	COR	0.636	6.1141	4.102	False	True
CANOE	5	800	146	52	0.09589	0.10959	0.13462	0.13636	0.093023	free	0.75	0	0	CAN		CAN	CAN	0.55537	6.1094	5.4744	False	True
MOREL	5	800	125	51	0.088	0.104	0.13725	0.10714	0.078947	free	0.76471	0	0	MORE		MORE	MORE	0.56605	6.1063	4.4984	False	True
RENIED	6	1400	144	43	0.076389	0.13889	0.27907	0.068966	0.025	free	0.76744	0	0	REN		REN	REN	0.56963	6.1054	8.7701	False	True
LAIRD	5	800	165	56	0.024242	0.012121	0.035714	0.033333	0.066667	free	0.57143	0	0	AIR		LAIR	AIR	0.42579	6.0996	6.3478	False	True
OTARY	5	800	103	41	0	0	0	0	0	free	0.70732	0.02439	0	TAR		TAR	TAR	0.53256	6.097	4.916	True	False
STRAITEN	8	2200	54	16	0.055556	0.092593	0.125	0	0	free	0.875	0	0	RAI		RAIT	RAI	0.62011	6.083	7.235	False	True
GORAS	5	800	133	43	0.090226	0.11278	0.16279	0.066667	0.083333	free	0.90698	0	0	GOR		GOR	GOR	0.66928	6.0815	5.9357	False	True
AHENT	5	800	176	64	0	0	0	0	0	free	0.45312	0	0.015625			HENT	HENT	0.33999	6.0759	5.5073	True	False
REGAR	5	800	130	43	0.038462	0.053846	0.046512	0.043478	0.029412	free	0.74419	0	0.18605	GAR		GAR	GAR	0.55168	6.0656	4.9122	False	True
DISNEST	7	1800	53	20	0.009434	0.018868	0.05	0	0	free	0.75	0	0			DIS	DIS	0.5327	6.0653	4.6233	False	True
ENTRAIN	7	1800	63	19	0.047619	0.031746	0.052632	0.058824	0.10526	free	0.78947	0	0	RAIN		TRAIN	RAIN	0.5603	6.0601	6.6714	False	True
RETINOL	7	1800	59	19	0.084746	0.10169	0.052632	0.16667	0.14286	free	0.78947	0	0	RET		RET	RET	0.5603	6.0601	6.1465	False	True
SEANCE	6	1400	61	26	0.02459	0.016393	0.038462	0	0	free	0.69231	0	0	SEA		SEAN	SEA	0.5153	6.0583	4.8025	False	True
AREAE	5	800	222	58	0.0067568	0	0	0	0	free	0.5	0	0			ARE	ARE	0.37396	6.0565	6.195	False	True
ROSETED	7	1800	59	18	0.059322	0.033898	0.055556	0.22222	0.25	free	0.83333	0	0			ROSET	ROSET	0.59097	6.055	5.6895	False	True
TOMAN	5	800	116	41	0.034483	0.034483	0.04878	0	0.0625	free	0.78049	0	0	MAN		TOM	MAN	0.5775	6.053	5.6721	False	True
HELOT	5	800	128	56	0.011719	0	0	0.052632	0.044444	free	0.51786	0	0.017857	LOT		LOT	LOT	0.38697	6.051	4.2391	False	True
RHINO	5	800	126	56	0.027778	0.0079365	0	0	0.068182	free	0.51786	0	0	HIN		HIN	HIN	0.38692	6.0502	4.2422	False	True
MASON	5	800	122	38	0.040984	0.04918	0.052632	0.076923	0.03125	free	0.84211	0	0.052632	MAS		MAS	MAS	0.62236	6.0453	6.1447	False	True
AMRIT	5	800	149	52	0	0	0	0	0	free	0.55769	0	0	RIT		RIT	RIT	0.41582	6.0378	5.0306	True	False
PATRON	6	1400	62	23	0.080645	0.032258	0.043478	0.36364	0.17647	free	0.78261	0	0	PAT		PAT	PAT	0.5806	6.0368	5.5462	False	True
BARITE	6	1400	71	23	0.028169	0.014085	0.043478	0.083333	0	free	0.78261	0	0	BAR		RITE	BAR	0.5806	6.0368	6.9539	False	True
PANIER	6	1400	77	23	0.064935	0.077922	0.043478	0	0	free	0.78261	0	0	PAN		PAN	PAN	0.5806	6.0368	6.4173	False	True
SEELD	5	800	139	50	0.0071942	0	0	0	0	free	0.58	0	0.1	SEE		SEE	SEE	0.4323	6.0356	5.1516	False	True
REASTY	6	1400	73	30	0.034247	0.054795	0.13333	0.125	0	free	0.73333	0	0	EAST		REAST	EAST	0.54497	6.0344	5.7096	False	True
REDIP	5	800	121	48	0.0082645	0.0082645	0	0	0.032258	free	0.60417	0	0.083333			RED	RED	0.44979	6.0285	3.6956	False	True
THARS	5	800	250	85	0.074	0.072	0.082353	0.04	0.13043	free	0.44706	0	0.10588			ARS	ARS	0.33584	6.0165	3.8036	False	True
CHINO	5	800	97	45	0.056701	0.010309	0	0.095238	0.041667	free	0.64444	0	0	HIN		CHIN	HIN	0.47878	6.016	4.3767	False	True
TONICS	6	1400	66	20	0.060606	0.045455	0.05	0.0625	0.1	free	0.9	0	0	TON		TON	TON	0.66548	6.0152	5.0642	False	True
MALIST	6	1400	75	19	0.026667	0.013333	0.052632	0.0625	0.033333	free	0.94737	0	0	LIST		LIST	LIST	0.69973	6.008	7.6358	False	True
LENOS	5	800	254	88	0.031496	0.03937	0.022727	0.02439	0.032258	free	0.35227	0	0.079545			NOS	NOS	0.26699	6.0021	4.7662	False	True
MADRE	5	800	109	40	0.045872	0.036697	0	0.083333	0.10345	free	0.725	0	0.025			MAD	MAD	0.5373	6.0013	4.2522	False	True
SNEES	5	800	227	71	0.094714	0.070485	0.056338	0.06383	0.092593	free	0.47887	0	0.14085			NEE	NEE	0.35903	6.001	4.7241	False	True
MANIA	5	800	122	37	0.032787	0.032787	0	0.066667	0.073171	free	0.78378	0	0	MAN		MAN	MAN	0.57989	5.9912	5.7422	False	True
LATUS	5	800	119	36	0.0084034	0.0084034	0	0	0	free	0.80556	0	0.027778	LAT		LAT	LAT	0.59577	5.9889	5.8769	False	True
DENARS	6	1400	161	42	0.049689	0.062112	0.11905	0.029412	0.0625	free	0.54762	0	0.047619		SANDER	DEN	DEN	0.41053	5.9822	8.108	False	True
AIDAS	5	800	112	34	0.0044643	0	0	0	0	free	0.85294	0	0			AID	AID	0.63007	5.9819	5.3155	False	True
RAGEE	5	800	85	33	0.023529	0.011765	0	0.16667	0.10526	free	0.87879	0	0	AGE		RAGE	AGE	0.64883	5.9787	4.4939	False	True
IRONED	6	1400	118	44	0.04661	0	0	0.26087	0.175	free	0.36364	0	0			RONE	RONE	0.27765	5.9696	5.6476	False	True
TUNIER	6	1400	82	32	0.054878	0.060976	0.0625	0.066667	0.045455	free	0.59375	0	0			TUN	TUN	0.44404	5.9661	5.0149	False	True
GORIS	5	800	100	49	0.045	0.04	0.020408	0.11111	0.035714	free	0.61224	0	0	GOR		GOR	GOR	0.45541	5.9519	3.2144	False	True
TENTH	5	800	136	48	0.025735	0.014706	0.020833	0	0	free	0.625	0	0			TENT	TENT	0.46467	5.9488	5.2263	False	True
HERIOT	6	1400	83	39	0	0	0	0	0	free	0.41026	0	0			HER	HER	0.31136	5.9337	3.3267	True	False
MORIA	5	800	121	42	0.0082645	0.0082645	0.02381	0	0	free	0.71429	0	0	MOR		MOR	MOR	0.52946	5.9301	5.6213	False	True
SANGO	5	800	128	42	0.015625	0.023438	0.02381	0	0	free	0.71429	0	0	SAN		SANG	SAN	0.52946	5.9301	5.1298	False	True
INANES	6	1400	126	38	0.059524	0.015873	0	0.12	0	free	0.42105	0	0			NANE	NANE	0.31916	5.9265	6.0283	False	True
SEDER	5	800	348	118	0.022989	0.014368	0.016949	0.033333	0.055556	cellmate	0.25424	0	0.41525			SED	SED	0.1968	5.9261	5.3936	False	True
SHODER	6	1400	62	26	0.040323	0.032258	0.076923	0	0.1	free	0.73077	0	0			SHOD	SHOD	0.54311	5.923	4.5372	False	True
REGINA	6	1400	103	33	0.029126	0.058252	0.15152	0	0	free	0.69697	0	0.060606			REG	REG	0.51848	5.9176	6.363	False	True
LORANS	6	1400	74	25	0.02027	0.027027	0.08	0.066667	0	free	0.76	0	0	LOR		LOR	LOR	0.56425	5.9158	7.0303	False	True
TARGET	6	1400	63	25	0.071429	0.047619	0.08	0	0.0625	free	0.76	0	0	TAR		TAR	TAR	0.56425	5.9158	5.1694	False	True
DELTAS	6	1400	107	33	0.088785	0.1028	0.15152	0	0.16129	free	0.69697	0	0.12121	TAS	LASTED	TAS	TAS	0.51829	5.9144	7.049	False	True
CAROL	5	800	102	45	0.04902	0.058824	0.088889	0.076923	0.041667	free	0.75556	0	0.044444	CAR		CAR	CAR	0.55953	5.9138	4.4535	False	True
ASTERIA	7	1800	133	39	0.0075188	0	0	0.071429	0.027027	free	0.33333	0	0			ASTER	ASTER	0.24133	5.9131	5.652	False	True
FAROS	5	800	84	36	0.053571	0.035714	0.027778	0.083333	0.096774	free	0.83333	0	0	FAR		FAR	FAR	0.61585	5.9115	3.6727	False	True
SORTAL	6	1400	149	50	0.057047	0.080537	0.12	0.08	0.085714	free	0.48	0	0			SORT	SORT	0.36179	5.9075	4.7551	False	True
HOSTAS	6	1400	61	23	0.032787	0.04918	0.086957	0	0	free	0.82609	0	0	TAS		HOST	TAS	0.61204	5.9014	5.1649	False	True
DENIERS	7	1800	68	25	0.066176	0.044118	0.08	0.14286	0.10526	free	0.64	0	0.04			DEN	DEN	0.45545	5.8971	5.3591	False	True
THRONE	6	1400	79	34	0.025316	0.025316	0	0	0.038462	free	0.47059	0	0.11765			RONE	RONE	0.3546	5.8915	4.9097	False	True
TRONA	5	800	329	117	0.021277	0.012158	0.017094	0.057143	0.034091	free	0.25641	0	0.059829			TRON	TRON	0.19737	5.8896	5.3085	False	True
GRESE	5	800	159	51	0.015723	0.012579	0.039216	0.051282	0.025	free	0.60784	0	0.039216	RES		RES	RES	0.45233	5.8831	6.3426	False	True
DREER	5	800	141	50	0.021277	0.021277	0.04	0.035714	0.022222	free	0.62	0	0.02	REE		REE	REE	0.4611	5.8792	5.657	False	True
SHIEST	6	1400	101	35	0.059406	0.049505	0.085714	0.15385	0.11111	free	0.54286	0.11429	0.028571			HIES	HIES	0.42911	5.8731	5.9587	False	True
APRES	5	800	292	78	0.071918	0.13699	0.17949	0	0.013333	free	0.60256	0	0.24359	RES	RAPES,PARES,PEARS,PARSE	PRE	RES	0.44908	5.8718	8.0754	False	True
MINARET	7	1800	64	19	0.023438	0.03125	0.10526	0.066667	0.076923	free	0.84211	0	0	RET		RET	RET	0.59711	5.8712	6.3944	False	True
SILENE	6	1400	90	30	0.011111	0	0	0.16667	0.04	free	0.53333	0	0			SILE	SILE	0.40035	5.869	5.0235	False	True
ANESTRA	7	1800	114	31	0	0	0	0	0	free	0.41935	0	0.032258			NEST	NEST	0.30122	5.8666	7.2863	True	False
SENORES	7	1800	64	18	0.023438	0.03125	0.11111	0	0	free	0.88889	0	0	RES		SEN	RES	0.62982	5.866	7.509	False	True
ADRED	5	800	157	57	0.0031847	0.0063694	0	0	0	free	0.49123	0	0.19298			RED	RED	0.36814	5.8595	4.3802	False	True
ARPEN	5	800	145	59	0.0068966	0.0068966	0	0.047619	0	free	0.47458	0	0.016949	PEN		PEN	PEN	0.35556	5.8577	4.5184	False	True
ELIDES	6	1400	96	28	0.036458	0	0	0.058824	0.16667	free	0.57143	0	0			LID	LID	0.4279	5.8547	4.9247	False	True
RUTIN	5	800	123	42	0.04878	0.056911	0.047619	0.068966	0.023256	free	0.7381	0	0	TIN		RUT	TIN	0.54673	5.8535	5.9274	False	True
ALTAR	5	800	191	58	0.039267	0.052356	0.13793	0	0.022727	free	0.67241	0	0	TAR		ALT	TAR	0.49907	5.8489	8.2354	False	True
AMRITS	6	1400	81	27	0	0	0	0	0	free	0.59259	0	0	RIT		RITS	RIT	0.4432	5.8475	6.1236	True	False
SEIDEL	6	1400	81	27	0	0	0	0	0	free	0.59259	0	0			DEL	DEL	0.4432	5.8475	4.1066	True	False
INDIES	6	1400	79	27	0	0	0	0	0	free	0.59259	0	0			DIES	DIES	0.4432	5.8475	5.2524	False	False
TERSER	6	1400	187	47	0.034759	0.016043	0.021277	0.06383	0.025641	free	0.3617	0	0.12766			SER	SER	0.27584	5.8465	7.9038	False	True
RHETOR	6	1400	68	27	0	0	0	0	0	free	0.59259	0	0.037037	TOR		TOR	TOR	0.44308	5.8459	5.0845	True	False
INSERTS	7	1800	101	26	0.024752	0	0	0.11111	0.090909	free	0.5	0	0.038462			SER	SER	0.35756	5.8407	4.8931	False	True
ACETAL	6	1400	59	25	0	0	0	0	0	free	0.64	0	0	ACE		ACE	ACE	0.47748	5.8331	4.3926	False	False
WALIES	6	1400	58	25	0.068966	0.068966	0	0.16667	0.125	free	0.64	0	0			LIES	LIES	0.47748	5.8331	3.3222	False	True
STRAD	5	800	359	94	0.082173	0.069638	0.10638	0.12727	0.089888	free	0.43617	0	0.26596			RAD	RAD	0.3284	5.8274	7.2214	False	True
FRENA	5	800	101	49	0	0	0	0	0	free	0.57143	0	0	REN		REN	REN	0.42579	5.8258	3.6339	True	False
PIETAS	6	1400	94	24	0.0053191	0	0	0	0	free	0.66667	0	0.041667	PIE		PIET	PIE	0.49663	5.8243	8.0572	False	True
OCHERS	6	1400	68	24	0.044118	0	0	0.3	0.15	free	0.66667	0	0.041667			CHER	CHER	0.49663	5.8243	4.7478	False	True
ASSENT	6	1400	100	31	0.065	0.06	0.096774	0.052632	0.10526	free	0.64516	0	0			SENT	SENT	0.48121	5.8236	5.7964	False	True
MISTAL	6	1400	75	31	0.04	0.053333	0.096774	0	0	free	0.64516	0	0			MIST	MIST	0.48121	5.8236	4.3695	False	True
THRONES	7	1800	50	21	0.02	0.02	0	0	0	free	0.61905	0	0			RONES	RONES	0.44112	5.8201	4.4774	False	True
SEREINS	7	1800	61	21	0.0081967	0	0	0.058824	0	free	0.61905	0	0			SERE	SERE	0.44112	5.8201	5.8126	False	True
SALUE	5	800	122	47	0.012295	0	0	0	0.029412	free	0.59574	0	0	SAL		SAL	SAL	0.44344	5.8196	4.8755	False	True
NIDORS	6	1400	62	23	0	0	0	0	0	free	0.69565	0	0	DOR		DORS	DOR	0.51772	5.8187	5.0718	True	False
DONAIR	6	1400	66	23	0	0	0	0	0	free	0.69565	0	0	DON		DON	DON	0.51772	5.8187	5.6412	True	False
SOIREE	6	1400	75	23	0.0066667	0	0	0	0	free	0.69565	0	0	REE		REE	REE	0.51772	5.8187	4.7652	False	True
RESOLD	6	1400	78	23	0.012821	0.025641	0	0	0	free	0.69565	0	0	RES		RES	RES	0.51772	5.8187	6.5907	False	True
SERIC	5	800	335	100	0.0014925	0	0	0	0.012048	cellmate	0.27	0	0.44			SER	SER	0.20831	5.8167	5.7596	False	True
LISENTE	7	1800	62	20	0	0	0	0	0	free	0.65	0	0			LIS	LIS	0.46277	5.8149	6.6503	True	False
SARSNET	7	1800	62	20	0.024194	0.032258	0	0	0.058824	free	0.65	0	0			SAR	SAR	0.46277	5.8149	5.6944	False	True
ANODE	5	800	211	73	0.054502	0.033175	0.068493	0.15789	0.11475	free	0.46575	0.013699	0			NODE	NODE	0.35369	5.8134	5.0798	False	True
ORACHE	6	1400	69	22	0	0	0	0	0	free	0.72727	0	0			RACHE	RACHE	0.54059	5.8115	5.536	True	False
RETEMS	6	1400	62	22	0	0	0	0	0	free	0.72727	0	0	RET		RET	RET	0.54059	5.8115	4.9572	False	False
SARONG	6	1400	55	22	0	0	0	0	0	free	0.72727	0	0			RONG	RONG	0.54059	5.8115	4.4956	True	False
LABRET	6	1400	53	22	0	0	0	0	0	free	0.72727	0	0	RET		LAB	RET	0.54059	5.8115	4.0428	True	False
DRAILS	6	1400	63	22	0.063492	0.031746	0	0.11765	0.13636	free	0.72727	0	0	RAILS		RAILS	RAILS	0.54059	5.8115	5.9968	False	True
NIPAS	5	800	123	43	0.004065	0.0081301	0	0	0	free	0.65116	0	0.069767	PAS	PAINS	PAS	PAS	0.48385	5.8096	5.3693	False	True
TENDU	5	800	107	43	0.0046729	0	0	0.0625	0.03125	free	0.65116	0	0.046512			TEND	TEND	0.48378	5.8088	4.4759	False	True
SEMITAR	7	1800	57	18	0	0	0	0	0	free	0.72222	0	0	TAR		TAR	TAR	0.51327	5.8045	5.5274	True	False
RADIOS	6	1400	68	21	0.044118	0	0	0.090909	0.19048	free	0.7619	0	0			RAD	RAD	0.56563	5.8044	4.4131	False	True
SAPOTE	6	1400	56	21	0	0	0	0	0	free	0.7619	0	0	POTE		POTE	POTE	0.56563	5.8044	5.3943	True	False
ALANTS	6	1400	69	21	0	0	0	0	0	free	0.7619	0	0			LANTS	LANTS	0.56563	5.8044	5.8721	False	False
RANSOM	6	1400	61	21	0.0081967	0.016393	0	0	0	free	0.7619	0	0	RAN		RAN	RAN	0.56563	5.8044	4.9145	False	True
TARNAL	6	1400	53	21	0	0	0	0	0	free	0.7619	0	0	TAR		TAR	TAR	0.56563	5.8044	4.7151	True	False
MANOES	6	1400	78	21	0	0	0	0	0	free	0.7619	0	0	MAN		MAN	MAN	0.56563	5.8044	6.9012	False	False
SHANTI	6	1400	62	21	0.048387	0.048387	0	0.090909	0	free	0.7619	0	0	SHA		SHAN	SHA	0.56563	5.8044	5.7274	False	True
LIEUS	5	800	99	42	0.0050505	0	0	0	0.047619	free	0.66667	0	0			LIE	LIE	0.4949	5.8041	3.8889	False	True
ESCHAR	6	1400	58	21	0	0	0	0	0	free	0.7619	0	0.047619	CHA		CHAR	CHA	0.56548	5.8028	4.4999	False	False
REALTIE	7	1800	59	17	0.033898	0.067797	0	0	0	free	0.76471	0	0	TIE		REAL	TIE	0.54298	5.7994	5.709	False	True
TAPIS	5	800	125	40	0.016	0.024	0	0.041667	0	free	0.7	0	0	TAP		TAP	TAP	0.51909	5.7979	5.7695	False	True
CANID	5	800	129	40	0.015504	0.0077519	0	0	0	free	0.7	0	0	CAN		CAN	CAN	0.51909	5.7979	6.5289	False	True
SEARCE	6	1400	95	20	0	0	0	0	0	free	0.8	0	0	SEA		SEAR	SEA	0.59317	5.7972	8.9569	False	False
TENONS	6	1400	77	20	0.038961	0	0	0	0.12	free	0.8	0	0.05		SONNET,TONNES	TEN	TEN	0.59301	5.7956	6.6723	False	True
REARISE	7	1800	81	16	0.0061728	0	0	0	0	free	0.8125	0	0			REAR	REAR	0.5764	5.7942	9.0468	False	True
TIGON	5	800	95	38	0	0	0	0	0	free	0.73684	0	0	GON		GON	GON	0.54583	5.7917	4.0138	True	False
OARIEST	7	1800	119	40	0.05042	0.058824	0.075	0.11765	0.16667	free	0.425	0	0			OAR	OAR	0.30543	5.7909	6.3227	False	True
AREOLE	6	1400	79	19	0	0	0	0	0	free	0.84211	0	0			ARE	ARE	0.62362	5.79	3.8779	True	False
SPINAE	6	1400	56	19	0.044643	0.017857	0	0	0.047619	free	0.84211	0	0	PIN		PIN	PIN	0.62362	5.79	5.2393	False	True
LITHO	5	800	89	37	0.039548	0.011236	0	0.083333	0.09375	free	0.75676	0	0	LIT		LIT	LIT	0.56028	5.7885	4.1118	False	True
BESTAR	6	1400	74	19	0.033784	0.054054	0	0	0	free	0.84211	0	0.052632	STAR	BASTER	BEST	STAR	0.62345	5.7884	6.3832	False	True
INSTATE	7	1800	67	14	0.029851	0.014925	0	0.1	0.071429	free	0.92857	0	0	STATE		STATE	STATE	0.65757	5.7839	7.9918	False	True
TARTANE	7	1800	57	14	0.017544	0.017544	0	0	0	free	0.92857	0	0	TAR		TART	TAR	0.65757	5.7839	7.1395	False	True
SASER	5	800	381	119	0.015748	0.015748	0.0084034	0	0.019231	free	0.23529	0	0.20168		SEARS	SER	SER	0.18245	5.7833	4.5579	False	True
BURETS	6	1400	51	18	0.0098039	0	0	0.2	0	free	0.88889	0	0	BUR	BUSTER	BUR	BUR	0.65745	5.7828	5.2708	False	True
RASURE	6	1400	56	18	0	0	0	0	0	free	0.88889	0	0	RAS		SURE	RAS	0.65745	5.7828	5.3943	True	False
TALLIS	6	1400	73	18	0.027397	0.027397	0	0	0.04	free	0.88889	0	0	TALL		TALL	TALL	0.65745	5.7828	7.1401	False	True
STATIC	6	1400	57	18	0	0	0	0	0	free	0.88889	0	0	STAT		STAT	STAT	0.65745	5.7828	6.293	False	False
MANEH	5	800	105	35	0	0	0	0	0	free	0.8	0	0	MANE		MANE	MANE	0.59166	5.7823	5.4371	False	False
PITAS	5	800	174	52	0.08046	0.086207	0.11538	0.0625	0.071429	free	0.69231	0	0	PIT		PIT	PIT	0.51351	5.7808	7.133	False	True
ALLEE	5	800	83	34	0	0	0	0	0	free	0.82353	0	0	LEE		LEE	LEE	0.60873	5.7792	4.1945	False	False
PRATIES	7	1800	62	13	0.064516	0.080645	0	0.083333	0.0625	free	1	0	0	RAT		RAT	RAT	0.70752	5.7787	7.6047	False	True
LIONET	6	1400	100	36	0.015	0.01	0.027778	0.052632	0.060606	free	0.47222	0	0			LION	LION	0.35616	5.7768	4.3311	False	True
SLAID	5	800	161	56	0.040373	0.037267	0.017857	0.1	0.018868	free	0.51786	0	0.125			LAID	LAID	0.38727	5.7766	4.7725	False	True
CODEIN	6	1400	51	17	0.029412	0.019608	0	0	0	free	0.94118	0	0	CODE		CODE	CODE	0.69526	5.7756	4.6676	False	True
STATAL	6	1400	52	17	0	0	0	0	0	free	0.94118	0	0	STAT		STAT	STAT	0.69526	5.7756	5.1611	True	False
PETARA	6	1400	62	17	0	0	0	0	0	free	0.94118	0	0	TAR		TAR	TAR	0.69526	5.7756	5.9682	True	False
ORATOR	6	1400	61	17	0.016393	0	0	0	0	free	0.94118	0	0	RAT		RAT	RAT	0.69526	5.7756	6.1901	False	True
PRIEST	6	1400	115	36	0.052174	0.0086957	0.027778	0.16	0.11111	free	0.47222	0	0.027778			PRIES	PRIES	0.35607	5.7753	4.9241	False	True
MOTEL	5	800	111	40	0.099099	0.09009	0.075	0.10526	0.25926	free	0.8	0	0	MOTE		MOTE	MOTE	0.59166	5.7707	4.7505	False	True
PASEAR	6	1400	52	16	0	0	0	0	0	free	1	0	0	PAS		PASE	PAS	0.73779	5.7684	5.6093	True	False
SARAPE	6	1400	57	16	0.0087719	0	0	0	0	free	1	0	0	RAPE		RAPE	RAPE	0.73779	5.7684	5.3966	False	True
FRISE	5	800	119	52	0.05042	0.0084034	0.019231	0.27778	0.13793	free	0.55769	0	0.13462		FIRES	RISE	RISE	0.41621	5.7641	4.1447	False	True
TENNO	5	800	173	52	0.040462	0.023121	0.019231	0.076923	0.14894	free	0.55769	0	0.11538		TONNE	TEN	TEN	0.41615	5.7633	5.7991	False	True
SADIS	5	800	131	58	0.072519	0.061069	0.068966	0.11111	0.097561	free	0.56897	0	0.068966			SAD	SAD	0.4242	5.7532	4.6275	False	True
AGEIST	6	1400	81	32	0.024691	0.012346	0.03125	0.076923	0.083333	free	0.53125	0	0	AGE		AGE	AGE	0.39885	5.7481	4.3998	False	True
TORUS	5	800	138	55	0.061594	0.07971	0.072727	0	0.029412	free	0.6	0	0.16364	TOR	ROUTS,TOURS	TOR	TOR	0.44699	5.7479	5.1437	False	True
ESTOC	5	800	256	81	0	0	0	0	0	cellmate	0.33333	0	0.37037		COSTE	TOC	TOC	0.25407	5.7465	5.5441	True	False
SIGNET	6	1400	96	39	0.067708	0.072917	0.10256	0.23077	0.086957	free	0.53846	0	0.051282		TINGES	SIG	SIG	0.4039	5.7426	3.6138	False	True
DIENES	6	1400	116	31	0.012931	0.017241	0.032258	0	0	free	0.54839	0	0			DIE	DIE	0.41124	5.7409	7.2376	False	True
ROASTIE	7	1800	77	30	0.097403	0.1039	0.1	0.083333	0.125	free	0.56667	0	0	TIE		ROAST	TIE	0.40449	5.7392	5.7759	False	True
AETHER	6	1400	112	31	0.03125	0.0089286	0.032258	0.19048	0.12903	free	0.54839	0	0.096774		HEATER	ETHER	ETHER	0.41093	5.7362	6.8182	False	True
ARTICS	6	1400	80	30	0.01875	0.0125	0.033333	0	0	free	0.56667	0	0			TIC	TIC	0.42445	5.7337	4.6217	False	True
IRISED	6	1400	86	29	0.005814	0.011628	0.034483	0	0	free	0.58621	0	0			RISE	RISE	0.43858	5.7265	4.5233	False	True
SEDANS	6	1400	88	28	0.022727	0.034091	0.035714	0	0.038462	free	0.60714	0	0	DAN		DANS	DAN	0.45372	5.7193	5.6746	False	True
BESOT	5	800	110	39	0.022727	0.027273	0.025641	0	0.025	free	0.74359	0	0.025641			BES	BES	0.5508	5.719	4.471	False	True
AGRIN	5	800	135	39	0.018519	0.014815	0.025641	0	0.041667	free	0.74359	0	0.025641	RIN		RIN	RIN	0.5508	5.719	7.2179	False	True
WRATE	5	800	138	39	0.072464	0.10145	0.025641	0	0.02381	free	0.74359	0	0.025641	RATE	WATER	RATE	RATE	0.5508	5.719	5.8386	False	True
STAIG	5	800	153	48	0.013072	0.019608	0	0.055556	0	free	0.5625	0.020833	0.020833	TAI		TAI	TAI	0.42634	5.7143	6.3069	False	True
ROSITED	7	1800	64	27	0.039062	0.0625	0.11111	0	0.05	free	0.62963	0	0.074074	SITE		SITED	SITE	0.44791	5.7133	5.7123	False	True
TITANS	6	1400	92	27	0.021739	0.01087	0.037037	0.071429	0	free	0.62963	0	0	TIT		TIT	TIT	0.46998	5.7122	8.1223	False	True
BOREL	5	800	87	34	0.017241	0.022989	0.029412	0.052632	0.045455	free	0.85294	0	0	BORE		BORE	BORE	0.63007	5.7026	4.3426	False	True
ACTORS	6	1400	74	30	0.060811	0.054054	0.13333	0	0.1	free	0.7	0	0.033333	TOR		TORS	TOR	0.52076	5.6795	5.4873	False	True
BREEST	6	1400	50	22	0.04	0.04	0.045455	0.16667	0.076923	free	0.77273	0	0	REE		BREES	REE	0.57345	5.6762	3.8376	False	True
CRASES	6	1400	80	22	0.0625	0.0375	0.045455	0.1875	0.28571	free	0.77273	0	0.045455	RAS		RASES	RAS	0.57331	5.6747	5.9891	False	True
ANISES	6	1400	172	59	0.043605	0.040698	0.050847	0.11429	0.069767	free	0.32203	0	0			NIS	NIS	0.24756	5.6715	6.815	False	True
ATTARS	6	1400	68	21	0.0073529	0.014706	0.047619	0	0	free	0.80952	0	0	TAR		TAR	TAR	0.60006	5.669	5.3787	False	True
LEMANS	6	1400	55	21	0.027273	0.036364	0.047619	0	0	free	0.80952	0	0	MAN		MAN	MAN	0.60006	5.669	4.7459	False	True
DONEES	6	1400	67	21	0.059701	0.029851	0.047619	0.11111	0.058824	free	0.80952	0	0	DONE		DONE	DONE	0.60006	5.669	6.1179	False	True
INTIL	5	800	167	61	0.011976	0.017964	0.04918	0	0.021739	free	0.5082	0	0	TIL		TIL	TIL	0.37991	5.6333	5.104	False	True
DONEE	5	800	109	36	0.068807	0.036697	0.055556	0.16667	0.088235	free	0.83333	0	0	DONE		DONE	DONE	0.61585	5.6322	5.5366	False	True
FETAS	5	800	152	55	0.078947	0.032895	0.054545	0.12	0.060606	free	0.56364	0	0.10909	TAS	FATES	FET	TAS	0.42045	5.6195	6.2654	False	True
IDOLA	5	800	132	47	0.0075758	0.0075758	0	0	0	free	0.57447	0	0			DOL	DOL	0.428	5.617	4.4755	False	True
SNASTE	6	1400	173	47	0	0	0	0	0	free	0.31915	0	0.29787			NAS	NAS	0.24452	5.6159	7.547	True	False
PINTA	5	800	111	39	0.085586	0.09009	0.12821	0.16667	0.20588	free	0.87179	0	0.025641	PINT		PINT	PINT	0.64383	5.6152	5.0733	False	True
SORDINE	7	1800	54	17	0.018519	0.018519	0.058824	0	0	free	0.82353	0	0	DINE		DINE	DINE	0.58412	5.6104	5.4626	False	True
RHIES	5	800	234	66	0.0021368	0.0042735	0.015152	0	0	free	0.42424	0	0.16667			HIES	HIES	0.31946	5.6082	6.9635	False	True
ALOOS	5	800	127	43	0	0	0	0	0	free	0.62791	0	0	LOO		LOOS	LOO	0.46678	5.6046	6.0025	False	False
SOLERA	6	1400	149	36	0.036913	0.033557	0.13889	0.076923	0.12121	free	0.61111	0	0	SOL		SOLER	SOL	0.45659	5.5889	10.098	False	True
RAMEE	5	800	117	36	0	0	0	0	0	free	0.75	0	0.11111	MEE		RAM	MEE	0.55569	5.586	5.965	False	False
SERACS	6	1400	127	43	0.027559	0	0	0.14815	0.15	cellmate	0.34884	0	0.39535			SER	SER	0.26568	5.5824	4.4146	False	True
ANTIAR	6	1400	139	38	0.021583	0.0071942	0	0	0.09375	free	0.39474	0	0			ANTI	ANTI	0.30013	5.5732	8.0058	False	True
MOTET	5	800	89	32	0.033708	0	0	0.052632	0.095238	free	0.84375	0	0	MOTE	MOTTE	MOTE	MOTE	0.6234	5.5704	5.0358	False	True
TERAPH	6	1400	84	37	0	0	0	0	0	free	0.40541	0	0			RAP	RAP	0.30785	5.566	4.5616	True	False
ENTOIL	6	1400	97	37	0.015464	0	0	0.14286	0.11111	free	0.40541	0	0.027027			TOIL	TOIL	0.30776	5.5644	4.8149	False	True
TELOI	5	800	242	91	0	0	0	0	0	free	0.28571	0	0.15385			TEL	TEL	0.2189	5.5623	4.55	False	False
GALEA	5	800	62	29	0	0	0	0	0	free	0.93103	0	0	LEA		GALE	LEA	0.68674	5.5611	3.6597	True	False
RAPIST	6	1400	70	23	0.05	0.071429	0.086957	0	0	free	0.78261	0	0			RAP	RAP	0.5806	5.5481	5.7714	False	True
NALEDS	6	1400	108	34	0	0	0	0	0	free	0.44118	0	0.029412		LANDES	ALE	ALE	0.33362	5.5429	4.8375	True	False
REBASE	6	1400	65	22	0.084615	0.13846	0.090909	0	0.052632	free	0.81818	0	0	BASE	BEARES	BASE	BASE	0.60632	5.5409	4.915	False	True
SEROMA	6	1400	113	33	0	0	0	0	0	free	0.45455	0	0			ROM	ROM	0.34338	5.5372	6.1965	True	False
TICALS	6	1400	58	21	0.017241	0.034483	0.095238	0	0	free	0.85714	0	0	CAL		TIC	CAL	0.63449	5.5337	5.0889	False	True
ALTARS	6	1400	87	28	0.04023	0.057471	0.17857	0	0	free	0.78571	0	0	TAR		ALT	TAR	0.58284	5.5314	7.0433	False	True
CLIES	5	800	181	60	0.082873	0.093923	0.11667	0.10345	0.081633	free	0.6	0	0.016667			LIES	LIES	0.44657	5.5272	5.3573	False	True
CADENT	6	1400	54	20	0.055556	0.055556	0.1	0.125	0.066667	free	0.9	0	0		CANTED	CADE	CADE	0.66548	5.5265	4.4766	False	True
SNASH	5	800	106	41	0.037736	0.018868	0.02439	0.086957	0.083333	free	0.68293	0	0.02439			NAS	NAS	0.50677	5.5225	4.1698	False	True
TSADI	5	800	239	79	0.0020921	0	0	0	0.014085	free	0.32911	0	0.10127			SAD	SAD	0.25024	5.5202	5.1864	False	True
CERISE	6	1400	105	30	0.0095238	0	0	0	0.064516	free	0.5	0	0			RISE	RISE	0.37625	5.5157	5.1698	False	True
INSURE	6	1400	79	29	0.012658	0	0	0.066667	0	free	0.51724	0	0			SURE	SURE	0.38872	5.5085	5.4467	False	True
NASTIC	6	1400	74	28	0	0	0	0	0	free	0.53571	0	0			NAS	NAS	0.40207	5.5013	3.9786	True	False
RAGIS	5	800	140	50	0.078571	0.092857	0.14	0.083333	0.083333	free	0.72	0	0.04			RAG	RAG	0.53372	5.4969	4.3867	False	True
PTERIN	6	1400	77	27	0	0	0	0	0	free	0.55556	0	0	RIN		RIN	RIN	0.41642	5.4941	4.3216	False	False
MERINO	6	1400	67	27	0	0	0	0	0	free	0.55556	0	0	RIN		RIN	RIN	0.41642	5.4941	4.5229	True	False
ANEATH	6	1400	82	26	0.0060976	0	0	0	0	free	0.57692	0	0	EAT		NEAT	EAT	0.43187	5.4869	6.35	False	True
SODAIN	6	1400	56	26	0	0	0	0	0	free	0.57692	0	0			AIN	AIN	0.43187	5.4869	4.1617	True	False
SALON	5	800	192	71	0.065104	0.057292	0.11268	0.04	0.058824	free	0.52113	0	0.042254	SAL		SAL	SAL	0.38941	5.4864	6.349	False	True
THALER	6	1400	94	26	0.047872	0.031915	0	0.08	0.032258	free	0.57692	0	0.076923			HALE	HALE	0.43162	5.4838	5.7964	False	True
THRESH	6	1400	60	25	0.0083333	0	0	0	0	free	0.6	0	0	RES		RES	RES	0.44856	5.4798	4.507	False	True
ADNATE	6	1400	61	25	0	0	0	0	0	free	0.6	0	0			NAT	NAT	0.44856	5.4798	3.9489	True	False
TAGINE	6	1400	75	25	0.026667	0	0	0	0.090909	free	0.6	0	0.04			TAG	TAG	0.44843	5.4782	6.1079	False	True
OPENS	5	800	116	36	0.086207	0.017241	0	0.090909	0.1	free	0.72222	0.027778	0.027778	PEN		PENS	PEN	0.54459	5.4744	4.9796	False	True
MONIST	6	1400	65	24	0.023077	0.015385	0	0.090909	0	free	0.625	0	0	MON		MON	MON	0.46663	5.4726	5.0357	False	True
GNATS	5	800	195	59	0.012821	0.020513	0	0	0	free	0.44068	0	0.30508			NATS	NATS	0.33178	5.466	5.1197	False	True
RETUSE	6	1400	85	23	0	0	0	0	0	free	0.65217	0	0	RET		RET	RET	0.48628	5.4654	5.6845	True	False
PRETOR	6	1400	62	23	0	0	0	0	0	free	0.65217	0	0	RET		RET	RET	0.48628	5.4654	5.8562	False	False
ENSEAM	6	1400	73	23	0	0	0	0	0	free	0.65217	0	0	SEA		SEA	SEA	0.48628	5.4654	5.5446	False	False
ELAPSE	6	1400	72	23	0.041667	0	0	0.18182	0.0625	free	0.65217	0	0			LAPSE	LAPSE	0.48628	5.4654	4.5338	False	True
SEDENT	6	1400	98	23	0	0	0	0	0	free	0.65217	0	0.043478			DENT	DENT	0.48614	5.4638	6.2724	False	False
SENEGA	6	1400	67	23	0.014925	0	0	0.18182	0	free	0.65217	0	0.043478			SEN	SEN	0.48614	5.4638	4.7465	False	True
ASPER	5	800	217	71	0.04157	0.018433	0.042254	0.08	0.048387	free	0.40845	0.028169	0.25352		RAPES,PARES,PEARS,PARSE	PER	PER	0.31767	5.4602	5.6087	False	True
SUTOR	5	800	144	53	0.0069444	0.0069444	0.018868	0	0	free	0.50943	0.018868	0.20755	TOR	ROUTS,TOURS	TOR	TOR	0.38771	5.4586	5.2949	False	True
CREDIT	6	1400	63	22	0.039683	0.031746	0	0.11765	0.083333	free	0.68182	0	0			RED	RED	0.50772	5.4582	4.3159	False	True
ARECAS	6	1400	79	22	0	0	0	0	0	free	0.68182	0	0			ARE	ARE	0.50772	5.4582	5.3346	True	False
TOERAG	6	1400	65	22	0	0	0	0	0	free	0.68182	0	0			TOE	TOE	0.50772	5.4582	5.3027	True	False
ARSONS	6	1400	74	22	0	0	0	0	0	free	0.68182	0	0	SON		SON	SON	0.50772	5.4582	5.6594	False	False
PEREA	5	800	180	60	0.0027778	0.0055556	0	0	0	free	0.43333	0	0.066667			PERE	PERE	0.32577	5.458	5.2345	False	True
TIETAC	6	1400	66	22	0	0	0	0	0	free	0.68182	0	0.045455	TIE		TIE	TIE	0.50757	5.4566	3.9569	True	False
IGNORE	6	1400	68	27	0.044118	0.029412	0.037037	0.16667	0.14286	free	0.59259	0.037037	0			NOR	NOR	0.45032	5.4527	3.2365	False	True
METIER	6	1400	67	21	0.022388	0	0	0	0.083333	free	0.71429	0	0	TIE		MET	TIE	0.5312	5.451	5.5304	False	True
AMIDES	6	1400	66	21	0.068182	0.045455	0	0.30769	0.090909	free	0.71429	0	0			MID	MID	0.5312	5.451	4.0557	False	True
ERRATA	6	1400	55	21	0.0090909	0.018182	0	0	0	free	0.71429	0	0	RAT		RAT	RAT	0.5312	5.451	4.3406	False	True
LECTIN	6	1400	53	21	0.009434	0	0	0	0	free	0.71429	0	0	TIN		TIN	TIN	0.5312	5.451	4.3789	False	True
ORANGS	6	1400	54	21	0.055556	0.018519	0	0.14286	0.1875	free	0.71429	0	0	RANGS		RANGS	RANGS	0.5312	5.451	5.3468	False	True
TESLA	5	800	537	167	0.012104	0	0	0.069307	0.066667	cellmate	0.14371	0	0.48503		TEALS,LEATS,TALES,STALE	TES	TES	0.1168	5.4465	8.0506	False	True
MENSAL	6	1400	53	20	0.009434	0.018868	0	0	0	free	0.75	0	0	SAL		MEN	SAL	0.55702	5.4438	3.6637	False	True
ARHATS	6	1400	59	20	0	0	0	0	0	free	0.75	0	0	HAT		HATS	HAT	0.55702	5.4438	4.9529	True	False
DOLINE	6	1400	63	20	0.055556	0.063492	0	0	0.11111	free	0.75	0	0	LINE		LINE	LINE	0.55702	5.4438	5.5748	False	True
RECTO	5	800	178	56	0.011236	0	0	0	0.051724	free	0.46429	0	0			REC	REC	0.34804	5.4424	4.7379	False	True
RESEAU	6	1400	59	19	0	0	0	0	0	free	0.78947	0	0	RES		RES	RES	0.58556	5.4366	5.6252	False	False
CHOREA	6	1400	53	19	0.056604	0	0	0.18182	0.2	free	0.78947	0	0			CHORE	CHORE	0.58556	5.4366	4.3789	False	True
ARAMES	6	1400	67	19	0	0	0	0	0	free	0.78947	0	0			RAM	RAM	0.58556	5.4366	5.0832	True	False
ASTUN	5	800	152	53	0.0032895	0.0065789	0	0	0	free	0.49057	0	0.037736			TUN	TUN	0.36722	5.4346	4.7535	False	True
REIST	5	800	853	257	0.088511	0.073857	0.046693	0.13174	0.17051	cellmate	0.15175	0	0.40078		TIRES	REIS	REIS	0.12239	5.4324	5.6933	False	True
RELISH	6	1400	85	37	0.029412	0.011765	0.027027	0.041667	0	free	0.43243	0	0			LIS	LIS	0.32739	5.4307	3.6246	False	True
SPRED	5	800	132	52	0.011364	0.022727	0	0	0	free	0.5	0	0			PRE	PRE	0.37396	5.4299	4.2984	False	True
MODEST	6	1400	52	18	0.096154	0.019231	0	0.25	0.30769	free	0.83333	0	0	MODES		MODES	MODES	0.61728	5.4295	4.3337	False	True
URARES	6	1400	64	18	0	0	0	0	0	free	0.83333	0	0	RES		RARES	RES	0.61728	5.4295	5.7487	True	False
CTENES	6	1400	67	18	0	0	0	0	0	free	0.83333	0	0			TENES	TENES	0.61728	5.4295	5.4194	False	False
IOLITE	6	1400	60	18	0	0	0	0	0	free	0.83333	0	0	LITE		LITE	LITE	0.61728	5.4295	4.507	True	False
PERIS	5	800	245	72	0.034694	0.036735	0.013889	0.0625	0.013699	free	0.375	0	0.18056		RIPES	PER	PER	0.28377	5.4258	5.6243	False	True
SEROSA	6	1400	221	68	0	0	0	0	0	free	0.20588	0	0.10294			SER	SER	0.16325	5.4244	5.5348	False	False
HARTEN	6	1400	153	39	0.098039	0.14379	0.23077	0.096774	0.11364	free	0.69231	0	0			HART	HART	0.5153	5.4225	8.145	False	True
ENRACE	6	1400	65	17	0.0076923	0.015385	0	0	0	free	0.88235	0	0	ACE		RACE	ACE	0.65272	5.4223	4.6995	False	True
BOREAS	6	1400	60	17	0.0083333	0	0	0.083333	0.071429	free	0.88235	0	0	BORE		BORE	BORE	0.65272	5.4223	6.0757	False	True
RUTINS	6	1400	54	17	0.027778	0.018519	0	0.066667	0	free	0.88235	0	0	TIN		TINS	TIN	0.65272	5.4223	5.0106	False	True
SPINAR	6	1400	53	17	0.009434	0.018868	0	0	0	free	0.88235	0	0	PIN		PIN	PIN	0.65272	5.4223	5.0084	False	True
TORERO	6	1400	57	17	0	0	0	0	0	free	0.88235	0	0	TORE	ROOTER	TORE	TORE	0.65272	5.4223	5.7327	True	False
SATAIS	6	1400	58	17	0	0	0	0	0	free	0.88235	0	0	SAT		SAT	SAT	0.65272	5.4223	6.1832	True	False
SOLAN	5	800	225	83	0.093333	0.12889	0.14458	0.090909	0.09375	free	0.50602	0	0.036145	SOL		SOLA	SOL	0.37843	5.4199	5.3022	False	True
HILAR	5	800	153	48	0.0032787	0.0065359	0	0	0	free	0.54167	0	0	LAR		LAR	LAR	0.4042	5.4175	5.0745	False	True
INTONES	7	1800	54	16	0.055556	0.055556	0.125	0.4	0.15385	free	0.9375	0	0	TONES		TONES	TONES	0.66381	5.4163	6.0394	False	True
DONAH	5	800	93	47	0	0	0	0	0	free	0.55319	0	0.021277	DON		DON	DON	0.41262	5.4152	3.4334	True	False
BINATE	6	1400	51	16	0.0098039	0.019608	0	0	0	free	0.9375	0	0	BIN		BIN	BIN	0.6926	5.4151	4.8918	False	True
MOTETS	6	1400	51	16	0.029412	0	0	0	0.071429	free	0.9375	0	0	MOTE	MOTTES	MOTE	MOTE	0.6926	5.4151	5.3829	False	True
ATILT	5	800	174	47	0.0028736	0	0	0	0.022222	free	0.55319	0	0	TIL		TIL	TIL	0.41256	5.4144	7.1116	False	True
RADIO	5	800	173	46	0.023121	0	0	0.041667	0.072727	free	0.56522	0	0			RAD	RAD	0.42129	5.4113	5.5684	False	True
AMATE	5	800	118	38	0.09322	0.14407	0.13158	0.086957	0.10811	free	0.86842	0	0	MATE		MATE	MATE	0.64131	5.4086	5.1654	False	True
RAMATE	6	1400	51	15	0.0098039	0	0	0	0.083333	free	1	0	0	MATE		MATE	MATE	0.73779	5.4079	5.2708	False	True
RESAW	5	800	184	52	0.032609	0.016304	0.057692	0.12	0.1	free	0.57692	0	0.057692	RES	WARES	RES	RES	0.42994	5.4051	7.8247	False	True
ORACH	5	800	132	44	0	0	0	0	0	free	0.59091	0	0			RACH	RACH	0.43993	5.4051	4.3713	True	False
SIDERAL	7	1800	69	25	0	0	0	0	0	free	0.48	0	0			SIDER	SIDER	0.34389	5.4014	4.7111	True	False
AITUS	5	800	122	42	0	0	0	0	0	free	0.61905	0	0			AIT	AIT	0.46035	5.3988	3.7188	True	False
ECADS	5	800	96	41	0	0	0	0	0	free	0.63415	0	0.02439			CADS	CADS	0.47137	5.3965	3.7585	True	False
AREPA	5	800	158	41	0.0031746	0	0	0	0.02439	free	0.63415	0	0			ARE	ARE	0.4713	5.3957	6.0677	False	True
DITALS	6	1400	83	32	0.012048	0.012048	0.03125	0	0	free	0.5	0	0			DIT	DIT	0.37625	5.3947	4.7406	False	True
AHIND	5	800	91	40	0	0	0	0	0	free	0.65	0	0	HIN		HIND	HIN	0.48281	5.3926	3.624	True	False
OHING	5	800	81	40	0.0061728	0.012346	0	0	0	free	0.65	0	0	HIN		HING	HIN	0.48281	5.3926	3.3973	False	True
LINENS	6	1400	59	20	0.09322	0.10169	0.15	0	0	free	0.95	0	0	LINE		LINE	LINE	0.70164	5.3912	5.3678	False	True
PARTON	6	1400	66	20	0.098485	0.060606	0.15	0.090909	0.15385	free	0.95	0	0	PART		PART	PART	0.70164	5.3912	6.366	False	True
BENIS	5	800	123	38	0.04065	0.02439	0	0	0.1	free	0.68421	0	0.026316	BEN	BINES	BEN	BEN	0.50771	5.3872	4.6118	False	True
INGESTA	7	1800	59	24	0	0	0	0	0	free	0.5	0	0.083333		TEASING	GEST	GEST	0.35719	5.3859	3.7095	False	False
ARSENIC	7	1800	52	21	0	0	0	0	0	free	0.57143	0	0			SEN	SEN	0.40782	5.3807	4.2652	True	False
REROSE	6	1400	103	30	0.033981	0.038835	0.033333	0	0	free	0.53333	0	0			ROSE	ROSE	0.40035	5.3804	4.7695	False	True
TIARAS	6	1400	103	30	0.029126	0.019417	0.033333	0.11111	0.055556	free	0.53333	0	0	RAS		RAS	RAS	0.40035	5.3804	6.6482	False	True
ARAME	5	800	126	36	0.0039841	0	0	0	0.028571	free	0.72222	0	0			RAM	RAM	0.53522	5.3802	4.4296	False	True
TARSIER	7	1800	80	20	0.00625	0	0	0	0.047619	free	0.6	0	0	TAR		TAR	TAR	0.4278	5.3755	8.0731	False	True
DONSIER	7	1800	58	20	0	0	0	0	0	free	0.6	0	0	DON		DON	DON	0.4278	5.3755	4.8324	True	False
TACOS	5	800	167	59	0.047904	0.065868	0.15254	0.034483	0.018868	free	0.64407	0	0.033898	COS		COS	COS	0.4786	5.3717	4.9124	False	True
RAREE	5	800	116	33	0.0043103	0	0	0	0	free	0.78788	0	0	REE		RARE	REE	0.58286	5.3709	6.2833	False	True
TASSA	5	800	99	33	0.015152	0.020202	0	0	0	free	0.78788	0	0	TAS		TASS	TAS	0.58286	5.3709	4.6757	False	True
NERINES	7	1800	58	19	0	0	0	0	0	free	0.63158	0	0	RINES		RINES	RINES	0.44989	5.3704	5.6684	True	False
TESSERA	7	1800	72	20	0.013889	0	0	0	0	free	0.6	0	0.1		SEATERS	TES	TES	0.42698	5.3652	7.2191	False	True
ASTERT	6	1400	291	75	0.065292	0.082474	0.08	0.055556	0.10294	free	0.29333	0	0.13333		TATERS,STATER	ASTER	ASTER	0.22638	5.3648	4.0892	False	True
SALAD	5	800	84	30	0.029762	0	0	0.095238	0.1	free	0.86667	0	0	SAL		SAL	SAL	0.64003	5.3615	4.7738	False	True
BETAS	5	800	149	45	0.090604	0.073826	0.13333	0.04	0.071429	free	0.75556	0	0.17778	TAS	BASTE,BEATS,BATES	BET	TAS	0.55991	5.3601	6.5685	False	True
CERATES	7	1800	73	15	0.041096	0	0	0.16667	0.11111	free	0.8	0	0	RATES		RATES	RATES	0.56766	5.3497	9.173	False	True
RETARDS	7	1800	50	14	0.05	0	0	0.2	0.14286	free	0.85714	0	0	RET		RET	RET	0.60762	5.3445	6.2126	False	True
STEARIC	7	1800	59	14	0	0	0	0	0	free	0.85714	0	0	STEAR		STEAR	STEAR	0.60762	5.3445	6.924	False	False
LATINOS	7	1800	50	14	0.03	0	0	0	0.16667	free	0.85714	0	0	LAT		LAT	LAT	0.60762	5.3445	6.6306	False	True
SATORIS	7	1800	50	13	0	0	0	0	0	free	0.92308	0	0	SAT		SAT	SAT	0.65373	5.3393	5.9339	True	False
LATERAD	7	1800	51	13	0	0	0	0	0	free	0.92308	0	0	LATER		LATER	LATER	0.65373	5.3393	6.6322	True	False
FIRST	5	800	114	46	0.074561	0.026316	0.021739	0.13043	0.083333	free	0.58696	0	0.086957			FIR	FIR	0.43731	5.3378	3.3185	False	True
RAPINE	6	1400	67	23	0.089552	0.089552	0.043478	0.066667	0.13333	free	0.69565	0	0	PINE		PINE	PINE	0.51772	5.3301	5.7222	False	True
INDITE	6	1400	72	23	0.020833	0.027778	0.043478	0	0.047619	free	0.69565	0	0			DITE	DITE	0.51772	5.3301	4.6726	False	True
STRODE	6	1400	139	50	0.07554	0.057554	0.1	0.19231	0.10526	free	0.42	0	0.14		DOTERS	TRODE	TRODE	0.31795	5.3252	5.4503	False	True
TETRI	5	800	296	79	0.0050676	0	0	0.030303	0.015873	free	0.31646	0	0.1519			TET	TET	0.2412	5.3208	7.433	False	True
LEEARS	6	1400	90	22	0.061111	0.022222	0.045455	0.2	0.083333	free	0.72727	0	0.090909	EARS	LEASER,LEARES	EARS	EARS	0.54029	5.3197	7.7347	False	True
PREASE	6	1400	88	21	0.028409	0.011364	0.047619	0.08	0.074074	free	0.7619	0	0	EASE		EASE	EASE	0.56563	5.3157	7.5524	False	True
HOSTEL	6	1400	70	21	0.035714	0.014286	0.047619	0	0.090909	free	0.7619	0	0			HOST	HOST	0.56563	5.3157	4.3748	False	True
SERIF	5	800	192	73	0.010417	0	0	0	0.067797	cellmate	0.34247	0	0.39726		FIRES	SER	SER	0.26078	5.3156	4.4473	False	True
SEINE	5	800	558	170	0.045699	0.021505	0.029412	0.055556	0.11972	free	0.17647	0.0058824	0			SEI	SEI	0.14116	5.3044	6.7141	False	True
MANSES	6	1400	58	19	0.094828	0.068966	0.052632	0.36364	0.18182	free	0.84211	0	0	MAN		MAN	MAN	0.62362	5.3013	4.3307	False	True
POTINS	6	1400	53	19	0.09434	0.13208	0.052632	0.076923	0	free	0.84211	0	0	POT		POT	POT	0.62362	5.3013	4.1906	False	True
FENIS	5	800	123	57	0.020325	0.02439	0.035088	0.043478	0.054054	free	0.49123	0	0.087719		FINES	FEN	FEN	0.36784	5.2962	3.7142	False	True
NOTAL	5	800	253	81	0.031621	0.027668	0.037037	0.046512	0.071429	free	0.35802	0	0.074074			NOT	NOT	0.27115	5.295	5.4177	False	True
AMENTA	6	1400	64	18	0.015625	0.015625	0.055556	0.11111	0.047619	free	0.88889	0	0			MENT	MENT	0.65745	5.2941	5.3696	False	True
PROTEI	6	1400	60	18	0.025	0.016667	0.055556	0	0.058824	free	0.88889	0	0	ROTE		ROTE	ROTE	0.65745	5.2941	5.3605	False	True
NORIAS	6	1400	138	48	0.0036232	0.0072464	0	0	0	free	0.29167	0	0			NOR	NOR	0.22561	5.2917	5.5383	False	True
EMAIL	5	800	152	49	0.069079	0.046053	0.14286	0.18519	0.13158	free	0.71429	0	0	MAIL	MAILE	MAIL	MAIL	0.52946	5.2896	5.8917	False	True
SEINES	6	1400	185	55	0.040541	0.027027	0.054545	0.025641	0.098039	free	0.32727	0	0			SEI	SEI	0.25135	5.2894	6.146	False	True
OUTSIN	6	1400	55	17	0.036364	0.036364	0.058824	0	0.0625	free	0.94118	0	0	OUTS		OUTS	OUTS	0.69526	5.287	5.4182	False	True
BRAES	5	800	193	52	0.054404	0.041451	0.038462	0.060606	0.1	free	0.53846	0	0.19231	BRA	BARES,BEARS	BRA	BRA	0.40242	5.2847	6.4312	False	True
TARTAN	6	1400	94	22	0.058511	0.095745	0.18182	0.0625	0.037037	free	0.90909	0	0	TAR		TART	TAR	0.67206	5.2703	8.5684	False	True
SELLA	5	800	226	72	0.073009	0.070796	0.041667	0.032258	0.052632	free	0.40278	0	0.13889			SELL	SELL	0.30381	5.2702	5.4312	False	True
LIANE	5	800	351	125	0.014245	0.002849	0	0.017241	0.021978	free	0.192	0	0.168			ANE	ANE	0.15094	5.2683	2.9115	False	True
GARIS	5	800	152	49	0.065789	0.092105	0.040816	0.045455	0.058824	free	0.57143	0	0.020408	GAR		GAR	GAR	0.42585	5.2682	4.6945	False	True
SOUTIE	6	1400	56	20	0.080357	0.14286	0.2	0	0	free	1	0	0	SOUT		SOUT	SOUT	0.73779	5.2559	4.7148	False	True
SERIATE	7	1800	140	33	0.0035714	0.0071429	0.030303	0	0	free	0.39394	0	0			SER	SER	0.28371	5.2538	7.2756	False	True
SHRED	5	800	174	55	0.014368	0.011494	0.018182	0	0	free	0.47273	0.018182	0			RED	RED	0.36025	5.2534	4.394	False	True
GARNI	5	800	145	43	0.034483	0.055172	0.046512	0.04	0.027778	free	0.65116	0	0.023256	GAR		GAR	GAR	0.48372	5.2495	4.8981	False	True
UNTIE	5	800	183	70	0.065574	0.054645	0.1	0.11111	0.073529	free	0.48571	0.014286	0	TIE		TIE	TIE	0.36837	5.2456	5.6415	False	True
CRORE	5	800	87	40	0.057471	0.057471	0.05	0.11765	0.11111	free	0.7	0	0			RORE	RORE	0.51909	5.2394	2.8861	False	True
EMIRS	5	800	166	52	0.0060241	0.0060241	0	0	0	free	0.48077	0	0.17308			MIR	MIR	0.3605	5.2345	5.1582	False	True
ISLETS	6	1400	130	41	0.0076923	0	0	0.043478	0.03125	free	0.34146	0	0.12195			LETS	LETS	0.26122	5.2336	5.6705	False	True
TAPIR	5	800	119	38	0.021008	0.016807	0.052632	0.095238	0.090909	free	0.73684	0	0	TAP		TAP	TAP	0.54583	5.2332	5.8521	False	True
IRING	5	800	117	35	0.055556	0.059829	0.11429	0.0625	0.071429	free	0.8	0.17143	0	RING		RING	RING	0.64899	5.2257	6.2126	False	True
ACRED	5	800	214	72	0.044393	0.060748	0.125	0.023256	0.053571	free	0.51389	0	0.29167			RED	RED	0.38487	5.2246	4.7335	False	True
RENAY	5	800	126	50	0.0039683	0.0079365	0	0	0	free	0.5	0	0	REN		REN	REN	0.37396	5.2211	4.5341	False	True
HELOS	5	800	142	55	0.035211	0.021127	0.054545	0.045455	0.10417	free	0.52727	0	0.072727	LOS		LOS	LOS	0.39396	5.2126	4.053	False	True
ARDOR	5	800	106	45	0.004717	0	0	0	0	free	0.55556	0	0	DOR		DOR	DOR	0.41427	5.2055	3.6388	False	True
LENTIL	6	1400	55	24	0.045455	0.036364	0.083333	0.25	0.066667	free	0.70833	0	0	TIL		TIL	TIL	0.52689	5.2019	4.6338	False	True
DENTEL	6	1400	69	24	0.043478	0.028986	0.083333	0	0.055556	free	0.70833	0	0			DENT	DENT	0.52689	5.2019	4.5537	False	True
TYRES	5	800	142	52	0.073944	0.028169	0.057692	0.17391	0.29412	free	0.55769	0	0	RES		RES	RES	0.41582	5.2001	4.9911	False	True
FESTA	5	800	172	65	0.026163	0.017442	0.015385	0	0	free	0.4	0	0.10769		FATES	FEST	FEST	0.3017	5.1967	5.114	False	True
TRAGI	5	800	127	41	0.011811	0.015748	0	0	0.029412	free	0.60976	0	0			RAG	RAG	0.4536	5.1931	4.0607	False	True
NOMAS	5	800	145	48	0.044828	0.055172	0.0625	0.045455	0.027778	free	0.60417	0	0.125	MAS		MAS	MAS	0.4499	5.1924	5.4785	False	True
ESILES	6	1400	122	31	0.012295	0	0	0	0.076923	free	0.41935	0.12903	0			SILES	SILES	0.34273	5.1919	7.0156	False	True
UNITERS	7	1800	64	21	0.046875	0.015625	0.047619	0.23077	0.0625	free	0.61905	0	0			NITERS	NITERS	0.44112	5.1918	3.6677	False	True
TRIENE	6	1400	135	34	0	0	0	0	0	free	0.41176	0	0			TRIE	TRIE	0.31245	5.1911	4.7845	False	False
OPSIN	5	800	114	40	0.004386	0.0087719	0	0	0	free	0.625	0	0	SIN		SIN	SIN	0.46467	5.19	4.9076	False	True
DENARI	6	1400	166	50	0.021084	0.042169	0.12	0	0	free	0.44	0	0.14		RAINED	DEN	DEN	0.33241	5.1899	5.8894	False	True
BESTI	5	800	122	48	0.061475	0.057377	0.0625	0.13333	0.09375	free	0.60417	0	0.020833		BITES	BEST	BEST	0.44961	5.1885	3.9996	False	True
RESIFT	6	1400	51	22	0.078431	0.098039	0.090909	0	0.11765	free	0.77273	0	0	RES		RES	RES	0.57345	5.1876	3.7116	False	True
EHING	5	800	94	38	0	0	0	0	0	free	0.65789	0	0	HIN		HING	HIN	0.48854	5.1838	4.2053	False	False
AREDD	5	800	122	36	0.0040984	0	0	0	0	free	0.69444	0	0.083333			REDD	REDD	0.5153	5.1799	5.4551	False	True
THANS	5	800	157	45	0.082803	0.057325	0.066667	0.125	0.11538	free	0.64444	0	0.022222	HAN		HAN	HAN	0.47884	5.1791	5.5272	False	True
PRESE	5	800	161	53	0.055901	0.062112	0.11321	0.057143	0.06383	free	0.62264	0	0.056604	RES	PEERS	PRE	RES	0.46312	5.1784	6.4075	False	True
LENTOS	6	1400	89	31	0.061798	0.033708	0	0.1	0.17391	free	0.45161	0	0			LENT	LENT	0.34126	5.1695	4.7805	False	True
TORII	5	800	83	33	0.012048	0	0	0	0.045455	free	0.75758	0	0	TOR		TOR	TOR	0.56087	5.1682	4.0017	False	True
CREATIN	7	1800	62	17	0.08871	0.080645	0.058824	0.090909	0	free	0.76471	0.058824	0	EAT		EAT	EAT	0.5425	5.1659	6.0687	False	True
STANOL	6	1400	96	30	0.0052083	0.010417	0	0	0	free	0.46667	0	0	TAN		TAN	TAN	0.35215	5.1624	5.5546	False	True
LAERED	6	1400	131	31	0.0038168	0	0	0	0	free	0.45161	0	0.16129		LEARED	RED	RED	0.34074	5.1617	6.8989	False	True
STRAG	5	800	187	64	0.053476	0.042781	0.0625	0	0.070175	free	0.46875	0	0			RAG	RAG	0.35128	5.1608	4.3597	False	True
AETHERS	7	1800	57	15	0.052632	0.017544	0.066667	0.23077	0.28571	free	0.86667	0	0			ETHERS	ETHERS	0.61428	5.1608	4.6299	False	True
ACTON	5	800	129	39	0.05814	0.03876	0.076923	0.16	0.13514	free	0.74359	0	0	TON		TON	TON	0.55072	5.1597	5.468	False	True
MARAE	5	800	127	30	0.007874	0	0	0	0	free	0.83333	0	0	MAR		MAR	MAR	0.61585	5.1589	6.4227	False	True
WITAN	5	800	71	30	0	0	0	0	0	free	0.83333	0	0	WIT		WIT	WIT	0.61585	5.1589	3.9258	False	False
EGRET	5	800	144	50	0.0069444	0.0069444	0.02	0.030303	0.025641	free	0.52	0	0.08	RET		RET	RET	0.3887	5.1477	5.2605	False	True
PANEL	5	800	95	34	0.057895	0.042105	0.088235	0.066667	0.12903	free	0.85294	0	0.029412	PANE		PANE	PANE	0.63016	5.1449	4.9452	False	True
SECRET	6	1400	102	27	0.019608	0	0	0.05	0.095238	free	0.51852	0	0	RET		RET	RET	0.38964	5.1408	6.6197	False	True
EIDENT	6	1400	78	27	0	0	0	0	0	free	0.51852	0	0			DENT	DENT	0.38964	5.1408	4.0997	True	False
INLIER	6	1400	64	27	0	0	0	0	0	free	0.51852	0	0			LIER	LIER	0.38964	5.1408	3.8437	True	False
MONTRE	6	1400	60	26	0	0	0	0	0	free	0.53846	0	0	MON		MON	MON	0.40406	5.1336	3.8346	False	False
ENOSIS	6	1400	74	26	0	0	0	0	0	free	0.53846	0	0			NOS	NOS	0.40406	5.1336	4.875	True	False
ALDEAS	6	1400	63	26	0	0	0	0	0	free	0.53846	0	0			EAS	EAS	0.40406	5.1336	3.3932	True	False
ORISON	6	1400	59	26	0	0	0	0	0	free	0.53846	0	0	SON		SON	SON	0.40406	5.1336	4.0564	True	False
LIERNE	6	1400	77	26	0	0	0	0	0	free	0.53846	0	0.076923			LIER	LIER	0.40381	5.1305	3.9829	True	False
TOORIE	6	1400	67	25	0.0074627	0.014925	0	0	0	free	0.56	0	0	TOO		TOO	TOO	0.41963	5.1264	5.0403	False	True
TIMONS	6	1400	61	25	0.0081967	0	0	0	0.058824	free	0.56	0	0	MON		MONS	MON	0.41963	5.1264	4.3972	False	True
THREAT	6	1400	89	25	0.005618	0	0	0	0	free	0.56	0	0	EAT	HATTER	EAT	EAT	0.41963	5.1264	6.1418	False	True
ALLIS	5	800	144	43	0.034722	0.048611	0.023256	0	0.022727	free	0.60465	0	0			ALL	ALL	0.4499	5.1227	5.5575	False	True
LARIAT	6	1400	69	24	0	0	0	0	0	free	0.58333	0	0	LAR		LAR	LAR	0.43651	5.1192	5.1998	True	False
DIESEL	6	1400	67	24	0	0	0	0	0	free	0.58333	0	0			DIES	DIES	0.43651	5.1192	5.1952	False	False
DERMAS	6	1400	63	24	0.015873	0	0	0	0	free	0.58333	0	0	MAS		MAS	MAS	0.43651	5.1192	3.3927	False	True
POTSIE	6	1400	74	24	0	0	0	0	0	free	0.58333	0	0	POT		POTS	POT	0.43651	5.1192	5.8835	False	False
INHERE	6	1400	56	23	0	0	0	0	0	free	0.6087	0	0			HERE	HERE	0.45485	5.112	3.9376	True	False
CITALS	6	1400	63	23	0.015873	0.015873	0	0	0	free	0.6087	0	0	CIT		CIT	CIT	0.45485	5.112	3.3503	False	True
RESODS	6	1400	66	23	0.030303	0.045455	0	0	0	free	0.6087	0	0.13043	RES		RES	RES	0.45443	5.1073	4.3894	False	True
CRESS	5	800	114	38	0.013158	0.0087719	0.026316	0	0.064516	free	0.68421	0	0	RES		RES	RES	0.50763	5.1072	4.9718	False	True
ASPIES	6	1400	64	22	0	0	0	0	0	free	0.63636	0	0	PIES		PIES	PIES	0.47485	5.1049	5.4125	True	False
TENOUR	6	1400	56	22	0.0089286	0	0	0	0	free	0.63636	0	0			TEN	TEN	0.47485	5.1049	4.7219	False	True
LESSON	6	1400	59	22	0.016949	0.016949	0	0	0	free	0.63636	0	0	SON		SON	SON	0.47485	5.1049	4.3497	False	True
ENSURE	6	1400	74	22	0.027027	0	0	0.076923	0.14286	free	0.63636	0	0			SURE	SURE	0.47485	5.1049	4.4268	False	True
CETANE	6	1400	79	27	0.0063291	0.012658	0.037037	0	0	free	0.55556	0.037037	0	TAN		TANE	TAN	0.42354	5.0994	5.3215	False	True
LOTTA	5	800	93	35	0.053763	0.032258	0.028571	0.083333	0.13333	free	0.74286	0	0.028571	LOT		LOT	LOT	0.55027	5.0986	4.3247	False	True
SINUS	5	800	96	35	0.026042	0.041667	0.028571	0	0	free	0.74286	0	0	SIN		SIN	SIN	0.55019	5.0978	4.3676	False	True
CASINO	6	1400	67	21	0	0	0	0	0	free	0.66667	0	0	SIN		SIN	SIN	0.49676	5.0977	5.755	False	False
SOLANO	6	1400	54	21	0.0092593	0	0	0	0.076923	free	0.66667	0	0	SOL		SOLA	SOL	0.49676	5.0977	3.933	False	True
TINSEY	6	1400	56	21	0	0	0	0	0	free	0.66667	0	0	TIN		TINS	TIN	0.49676	5.0977	4.7219	True	False
HANSES	6	1400	52	21	0.028846	0	0	0	0.066667	free	0.66667	0	0	HAN		HAN	HAN	0.49676	5.0977	4.0405	False	True
FLIEST	6	1400	58	21	0.025862	0	0	0.090909	0.10526	free	0.66667	0	0			LIES	LIES	0.49676	5.0977	4.2773	False	True
THORNS	6	1400	55	21	0.063636	0	0	0.21429	0	free	0.66667	0	0			HORNS	HORNS	0.49676	5.0977	3.5991	False	True
DETORT	6	1400	82	21	0.012195	0.012195	0	0	0.055556	free	0.66667	0	0.095238	TOR	ROTTED,DOTTER	TOR	TOR	0.49646	5.0945	6.7523	False	True
REDIPS	6	1400	52	21	0	0	0	0	0	free	0.66667	0	0.095238			RED	RED	0.49646	5.0945	2.6928	False	False
CANON	5	800	70	33	0.028571	0.028571	0.030303	0	0.052632	free	0.78788	0	0	CAN		CAN	CAN	0.58286	5.0916	3.619	False	True
DOLENT	6	1400	63	20	0	0	0	0	0	free	0.7	0	0			DOLE	DOLE	0.52087	5.0905	4.962	True	False
DELISH	6	1400	50	20	0.03	0	0	0.14286	0.11765	free	0.7	0	0			DEL	DEL	0.52087	5.0905	3.6998	False	True
UREASE	6	1400	79	20	0	0	0	0	0	free	0.7	0	0	EASE		EASE	EASE	0.52087	5.0905	6.6793	True	False
FIERES	6	1400	65	20	0.023077	0	0	0.066667	0	free	0.7	0	0	RES		ERES	RES	0.52087	5.0905	5.863	False	True
HANSEL	6	1400	67	20	0.0074627	0	0	0	0.047619	free	0.7	0	0	HAN		HAN	HAN	0.52087	5.0905	5.0832	False	True
ORANGE	6	1400	69	20	0.050725	0	0	0.23077	0.1	free	0.7	0	0	RANG		RANGE	RANG	0.52087	5.0905	6.5445	False	True
EARCON	6	1400	61	20	0	0	0	0	0	free	0.7	0	0	CON		EAR	CON	0.52087	5.0905	5.5177	True	False
SCOTIA	6	1400	56	20	0	0	0	0	0	free	0.7	0	0	COT		COT	COT	0.52087	5.0905	5.1702	True	False
SIESTA	6	1400	232	69	0.0043103	0	0	0	0	free	0.18841	0	0.043478			EST	EST	0.1508	5.0846	5.008	False	True
NADORS	6	1400	53	19	0	0	0	0	0	free	0.73684	0	0	DOR		DORS	DOR	0.54751	5.0833	4.0428	True	False
SARODS	6	1400	50	19	0.01	0	0	0	0	free	0.73684	0	0			SAR	SAR	0.54751	5.0833	4.3721	False	True
AGREES	6	1400	67	19	0.052239	0.029851	0	0.1	0.14286	free	0.73684	0	0	REE	GEARES	REES	REE	0.54751	5.0833	4.9964	False	True
PERONE	6	1400	62	19	0	0	0	0	0	free	0.73684	0	0			PER	PER	0.54751	5.0833	4.9597	True	False
TEETH	5	800	83	29	0.042169	0.012048	0.034483	0	0.052632	free	0.89655	0	0	TEE		TEE	TEE	0.66172	5.0792	4.62	False	True
MANAT	5	800	104	29	0.091346	0.096154	0.034483	0.058824	0.088235	free	0.89655	0	0	MAN		MAN	MAN	0.66172	5.0792	5.0646	False	True
ENDASH	6	1400	50	18	0.02	0	0	0	0	free	0.77778	0	0			DASH	DASH	0.57711	5.0761	4.26	False	True
ENLARD	6	1400	53	18	0	0	0	0	0	free	0.77778	0	0	LAR	LANDER	LAR	LAR	0.57711	5.0761	4.4905	True	False
ETHANE	6	1400	75	18	0.013333	0	0	0	0	free	0.77778	0	0	HAN		HAN	HAN	0.57711	5.0761	6.222	False	True
PASTIS	6	1400	53	18	0.009434	0	0	0	0	free	0.77778	0	0	PAST		PAST	PAST	0.57711	5.0761	5.3875	False	True
ESPIES	6	1400	55	18	0	0	0	0	0	free	0.77778	0	0	PIES		PIES	PIES	0.57711	5.0761	5.28	True	False
ESTRAL	6	1400	274	71	0.0018248	0	0	0.020408	0	cellmate	0.1831	0	0.25352		LASTER,SALTER	EST	EST	0.14629	5.0754	4.285	False	True
MARERO	6	1400	51	17	0	0	0	0	0	free	0.82353	0	0	MARE		MARE	MARE	0.61019	5.0689	4.7101	True	False
REEARN	6	1400	74	17	0.013514	0	0	0.13333	0.15385	free	0.82353	0	0	REE		REE	REE	0.61019	5.0689	7.0041	False	True
ARSHIN	6	1400	71	17	0.0070423	0	0	0.0625	0	free	0.82353	0	0	HIN		SHIN	HIN	0.61019	5.0689	5.7646	False	True
AREPAS	6	1400	71	17	0.0070922	0	0	0	0.055556	free	0.82353	0	0	PAS		ARE	PAS	0.61019	5.0689	6.7732	False	True
SEROW	5	800	175	62	0	0	0	0	0	free	0.3871	0	0.22581		WORSE	SER	SER	0.29267	5.0669	5.3856	False	False
HETING	6	1400	68	22	0.036765	0.073529	0.045455	0	0	free	0.68182	0.045455	0	TING		TING	TING	0.51646	5.0635	5.6851	False	True
AURATE	6	1400	50	16	0	0	0	0	0	free	0.875	0	0	RATE		RATE	RATE	0.64741	5.0617	4.5962	False	False
HERON	5	800	225	85	0.055556	0.017778	0.011765	0.052632	0.12857	free	0.29412	0	0.094118		HONER	HER	HER	0.22483	5.057	4.2436	False	True
DRAPET	6	1400	51	15	0.039216	0	0	0.16667	0.28571	free	0.93333	0	0	RAPE	PARTED	RAPE	RAPE	0.68959	5.0546	4.2603	False	True
CAREEN	6	1400	54	15	0	0	0	0	0	free	0.93333	0	0	CARE		CARE	CARE	0.68959	5.0546	5.95	False	False
ENORM	5	800	136	58	0.0036765	0	0	0	0.019231	free	0.41379	0	0.10345			NOR	NOR	0.3117	5.0481	3.4151	False	True
TORCS	5	800	126	51	0.039683	0.047619	0.098039	0.08	0	free	0.60784	0	0.019608	TOR		TOR	TOR	0.45227	5.0446	4.4774	False	True
OMENTA	6	1400	72	32	0.013889	0.013889	0.03125	0	0.034483	free	0.46875	0	0			MENT	MENT	0.35365	5.0414	4.6034	False	True
THETA	5	800	187	55	0.013369	0	0	0.03125	0.055556	free	0.43636	0	0			HET	HET	0.32778	5.034	5.3251	False	True
CREDS	5	800	172	69	0.05814	0.05814	0.086957	0.064516	0.045455	free	0.46377	0	0			REDS	REDS	0.34767	5.0231	4.3605	False	True
PETRE	5	800	163	48	0.030675	0.018405	0	0.096774	0.088889	free	0.5	0	0			PET	PET	0.37396	5.0122	5.6784	False	True
ANLAS	5	800	135	47	0	0	0	0	0	free	0.51064	0	0.06383	LAS		LAS	LAS	0.38186	5.0115	4.3768	True	False
STEDE	5	800	269	92	0.04461	0.011152	0.021739	0.13636	0.17188	free	0.28261	0	0.17391			TED	TED	0.2167	5.0085	4.57	False	True
LOTAH	5	800	113	46	0	0	0	0	0	free	0.52174	0	0	LOT		LOT	LOT	0.38973	5.006	3.967	True	False
TIMON	5	800	132	44	0.0075758	0.0075758	0	0	0.025641	free	0.54545	0	0	MON		MON	MON	0.40694	4.9998	4.9896	False	True
FIERE	5	800	116	41	0.034483	0	0	0.043478	0	free	0.58537	0	0			FIE	FIE	0.43591	4.9905	4.227	False	True
ARHAT	5	800	109	40	0	0	0	0	0	free	0.6	0	0	HAT		HAT	HAT	0.44653	4.9874	4.4129	True	False
PROSIT	6	1400	68	24	0.014706	0.029412	0.041667	0	0	free	0.625	0	0	SIT		PROS	SIT	0.46663	4.9839	5.2238	False	True
RETOLD	6	1400	57	24	0.0087719	0.017544	0.041667	0	0	free	0.625	0	0	RET		RET	RET	0.46663	4.9839	4.4572	False	True
EYRAS	5	800	104	38	0	0	0	0	0	free	0.63158	0	0.052632	RAS		RAS	RAS	0.46959	4.9827	4.2169	True	False
TENGES	6	1400	65	23	0.030769	0.046154	0.043478	0	0.047619	free	0.65217	0	0			TEN	TEN	0.48628	4.9767	4.3886	False	True
REACTS	6	1400	125	45	0.092	0.04	0.044444	0.045455	0.23077	free	0.35556	0	0.33333		CATERS,CASTER,CARTES	ACTS	ACTS	0.27073	4.976	4.3066	False	True
DEARY	5	800	96	36	0.072917	0.041667	0	0.125	0.23077	free	0.66667	0	0.027778			DEAR	DEAR	0.49498	4.9757	3.8538	False	True
GILAS	5	800	113	36	0.017699	0.0088496	0	0	0.026316	free	0.66667	0	0	LAS		LAS	LAS	0.4949	4.9749	4.1355	False	True
NANAS	5	800	95	35	0.031579	0.021053	0	0	0	free	0.68571	0	0			NAN	NAN	0.50872	4.9718	3.7721	False	True
DECOS	5	800	108	43	0.055556	0.074074	0.069767	0.052632	0.033333	free	0.65116	0	0.046512	COS	CODES	COS	COS	0.48378	4.9711	4.1548	False	True
ASCOT	5	800	111	34	0.0045045	0.009009	0	0	0	free	0.70588	0	0.029412	COT		COT	COT	0.52344	4.9695	4.9699	False	True
CTENE	5	800	121	34	0.0041322	0.0082645	0	0	0	free	0.70588	0	0			TEN	TEN	0.52336	4.9687	5.1073	False	True
DOONA	5	800	78	32	0.0064103	0	0	0	0	free	0.75	0	0	DOO		DOON	DOO	0.55537	4.9625	3.6112	False	True
SMILET	6	1400	70	28	0.035714	0.057143	0.14286	0	0	free	0.67857	0	0	MILE		SMILE	MILE	0.50537	4.9601	5.3666	False	True
PAREU	5	800	76	30	0.0065789	0	0	0.071429	0	free	0.8	0	0	PARE		PARE	PARE	0.59166	4.9563	4.2518	False	True
PIEND	5	800	89	30	0.005618	0	0	0	0.045455	free	0.8	0	0	PIE	PINED	PIE	PIE	0.59166	4.9563	4.5869	False	True
REHIRE	6	1400	50	20	0.05	0.02	0.05	0.33333	0.23077	free	0.75	0	0			HIRE	HIRE	0.55702	4.9552	4.4412	False	True
IODIN	5	800	74	29	0	0	0	0	0	free	0.82759	0	0	DIN		DIN	DIN	0.61167	4.9532	3.1574	False	False
STEREOS	7	1800	74	23	0.013514	0	0	0	0.1	free	0.47826	0	0			ERE	ERE	0.34267	4.9517	3.6046	False	True
LINEY	5	800	70	28	0.0071429	0	0	0	0.04	free	0.85714	0	0	LINE		LINE	LINE	0.63312	4.9501	3.7961	False	True
ACTONS	6	1400	59	19	0.042373	0.033898	0.052632	0.14286	0.1	free	0.78947	0	0	TON		TONS	TON	0.58556	4.948	4.5304	False	True
ACARI	5	800	89	27	0	0	0	0	0	free	0.88889	0	0	CAR		CAR	CAR	0.65616	4.947	5.2285	True	False
RAINY	5	800	78	27	0.044872	0	0	0	0.15385	free	0.88889	0	0	RAIN		RAIN	RAIN	0.65616	4.947	4.3823	False	True
REINTER	7	1800	66	25	0.015152	0	0	0	0.095238	free	0.44	0	0.12			INTER	INTER	0.31493	4.9465	4.1406	False	True
STANIEL	7	1800	74	22	0	0	0	0	0	free	0.5	0	0	TAN		TAN	TAN	0.35787	4.9465	5.6946	True	False
OSSETRA	7	1800	60	22	0	0	0	0	0	free	0.5	0	0			SET	SET	0.35787	4.9465	3.4423	True	False
SHERIAT	7	1800	74	22	0	0	0	0	0	free	0.5	0	0			SHE	SHE	0.35787	4.9465	4.4406	True	False
SIENTS	6	1400	189	49	0	0	0	0	0	free	0.26531	0	0			ENTS	ENTS	0.20655	4.9455	4.6849	False	False
PITON	5	800	83	26	0.0060241	0.012048	0	0	0	free	0.92308	0	0	PIT		PIT	PIT	0.68097	4.9439	4.62	False	True
LIMAN	5	800	106	34	0.075472	0.14151	0.088235	0	0	free	0.82353	0	0	MAN		MAN	MAN	0.60873	4.9415	3.917	False	True
DIESTER	7	1800	64	21	0.03125	0	0	0.066667	0.1875	free	0.52381	0	0			DIES	DIES	0.37452	4.9414	5.1192	False	True
ADORED	6	1400	53	17	0.075472	0.037736	0.058824	0.2	0.14286	free	0.88235	0	0	DOR		DORE	DOR	0.65272	4.9336	4.7413	False	True
LOOTEN	6	1400	55	16	0.027273	0.036364	0.0625	0.090909	0.071429	free	0.9375	0	0	LOOT		LOOT	LOOT	0.6926	4.9264	5.3062	False	True
CAIRD	5	800	110	44	0.018182	0.027273	0.022727	0	0	free	0.56818	0	0.045455	AIR		AIR	AIR	0.42357	4.9248	3.4717	False	True
TIRASSE	7	1800	51	17	0	0	0	0	0	free	0.64706	0	0	RAS		RAS	RAS	0.46071	4.9207	5.3766	True	False
HEDERAS	7	1800	52	18	0	0	0	0	0	free	0.61111	0	0.11111	RAS		RAS	RAS	0.43466	4.9155	4.257	False	False
REEDITS	7	1800	54	16	0.046296	0	0	0.11111	0.21053	free	0.6875	0	0	REE		REED	REE	0.48899	4.9155	5.9405	False	True
TSARINA	7	1800	65	16	0	0	0	0	0	free	0.6875	0	0	RIN		SAR	RIN	0.48899	4.9155	6.6552	True	False
OLESTRA	7	1800	62	15	0	0	0	0	0	free	0.73333	0	0			LEST	LEST	0.52104	4.9103	3.7243	True	False
OREIDE	6	1400	106	44	0	0	0	0	0	free	0.29545	0	0			ORE	ORE	0.22834	4.9096	3.8274	True	False
NANOS	5	800	138	48	0.039855	0.050725	0.083333	0	0	free	0.60417	0	0			NAN	NAN	0.44955	4.9084	4.5287	False	True
SATEENS	7	1800	61	14	0.0081967	0	0	0	0	free	0.78571	0	0	SAT		TEENS	SAT	0.55767	4.9052	7.7616	False	True
SEDATES	7	1800	50	14	0.03	0	0	0.14286	0	free	0.78571	0	0	DATES		DATES	DATES	0.55767	4.9052	5.0979	False	True
SABOT	5	800	74	34	0.02027	0.027027	0.029412	0	0	free	0.73529	0	0.11765	BOT	BOATS,BOAST	SAB	BOT	0.54504	4.8953	3.0474	False	True
ADRATES	7	1800	56	12	0.0089286	0	0	0	0	free	0.91667	0	0	RATES		RATES	RATES	0.64925	4.8948	6.7797	False	True
CADIS	5	800	99	42	0.070707	0.090909	0.095238	0	0.068966	free	0.69048	0	0.047619			CAD	CAD	0.51232	4.8914	3.4783	False	True
SEARATS	7	1800	67	11	0	0	0	0	0	free	1	0	0	SEA		SEAR	SEA	0.70752	4.8897	9.1664	True	False
TIROES	6	1400	206	61	0.01699	0.0048544	0.016393	0.038462	0.045455	free	0.22951	0	0.13115			ROES	ROES	0.18024	4.8839	5.2375	False	True
CROST	5	800	175	64	0.071429	0.074286	0.078125	0.085714	0.044444	free	0.46875	0	0			ROST	ROST	0.35128	4.8816	4.5477	False	True
DEWAR	5	800	76	29	0.019737	0.013158	0.034483	0.083333	0.041667	free	0.86207	0	0.034483	WAR		WAR	WAR	0.6368	4.8774	3.8422	False	True
HERNIA	6	1400	103	39	0.038835	0	0	0.11111	0.18182	free	0.33333	0	0			HER	HER	0.25573	4.8737	4.0447	False	True
TONEY	5	800	91	28	0.049451	0.032967	0.035714	0.11111	0.064516	free	0.89286	0	0	TONE		TONE	TONE	0.65904	4.8735	4.3865	False	True
ELDINS	6	1400	75	27	0.026667	0.04	0.074074	0	0	free	0.59259	0	0	DIN		DINS	DIN	0.4432	4.8702	4.6365	False	True
ROSITS	6	1400	119	35	0.05042	0.042017	0.14286	0.16667	0.11111	free	0.57143	0	0.11429	SIT		SIT	SIT	0.42753	4.8688	8.1212	False	True
DECAN	5	800	146	52	0.09589	0.12329	0.19231	0.086957	0.081081	free	0.71154	0	0.019231	CAN		CAN	CAN	0.52752	4.8673	5.0703	False	True
TAEING	6	1400	106	39	0.023585	0.028302	0	0.055556	0.090909	free	0.33333	0	0.15385			TAE	TAE	0.25524	4.8643	4.8117	False	True
OUTRED	6	1400	59	26	0.084746	0.033898	0.076923	0.076923	0.3125	free	0.61538	0	0.038462	OUT	ROUTED,DOUTER	OUT	OUT	0.45956	4.8614	3.9696	False	True
ALECS	5	800	166	59	0.003012	0	0	0	0	free	0.38983	0	0.20339		LACES	ALE	ALE	0.29459	4.8533	2.4871	False	True
GNARS	5	800	191	58	0.0052356	0	0	0	0	free	0.39655	0	0.12069		RANGS	ARS	ARS	0.29924	4.8463	3.1538	False	True
OCREAS	6	1400	92	34	0	0	0	0	0	free	0.38235	0	0			EAS	EAS	0.29118	4.8378	3.9075	True	False
NONIS	5	800	157	56	0.022293	0.025478	0	0	0	free	0.41071	0	0			NON	NON	0.30917	4.8345	4.1702	False	True
METROS	6	1400	96	33	0.03125	0	0	0	0.13043	free	0.39394	0	0			MET	MET	0.29956	4.8306	4.1408	False	True
PENIE	5	800	112	38	0.058036	0.053571	0.052632	0.083333	0.076923	free	0.68421	0	0	PEN		PEN	PEN	0.50763	4.8279	4.4628	False	True
ENCORE	6	1400	60	20	0.05	0.083333	0.1	0	0	free	0.8	0	0	CORE		CORE	CORE	0.59317	4.8199	4.2924	False	True
SERIAL	6	1400	250	84	0.012	0	0	0.04878	0.051724	cellmate	0.14286	0	0.19048		SAILER,RAILES	SER	SER	0.11739	4.8186	7.1677	False	True
DEASIL	6	1400	97	32	0	0	0	0	0	free	0.40625	0	0.125			EAS	EAS	0.30806	4.8171	4.5863	False	False
NETOP	5	800	153	50	0	0	0	0	0	free	0.46	0	0			TOP	TOP	0.34493	4.8158	5.8057	True	False
SPAES	5	800	144	42	0.090278	0.048611	0.11905	0.18182	0.1	free	0.71429	0	0.071429	SPA		SPA	SPA	0.52966	4.8156	5.8858	False	True
TABOR	5	800	91	34	0.038462	0.021978	0.058824	0.13333	0.14815	free	0.76471	0	0	BOR		BOR	BOR	0.56605	4.8155	4.3465	False	True
UNREST	6	1400	113	34	0.057522	0.10619	0.23529	0	0.037037	free	0.70588	0	0	RES		REST	RES	0.52512	4.8153	6.5775	False	True
FERIA	5	800	133	48	0.0075188	0	0	0.043478	0.021739	free	0.47917	0	0			FER	FER	0.35884	4.8096	4.1152	False	True
OECIST	6	1400	70	30	0	0	0	0	0	free	0.43333	0	0			CIST	CIST	0.32804	4.809	3.5212	True	False
MENAD	5	800	105	47	0.014286	0	0	0.052632	0.034483	free	0.48936	0	0.06383			MEN	MEN	0.36642	4.8089	3.4475	False	True
SCROTA	6	1400	69	28	0.0072464	0	0	0	0	free	0.46429	0	0	ROT		ROT	ROT	0.35042	4.7946	5.0872	False	True
ANTRAL	6	1400	82	28	0	0	0	0	0	free	0.46429	0	0			ANT	ANT	0.35042	4.7946	4.445	True	False
DESIRES	7	1800	54	17	0.083333	0.092593	0.17647	0	0.2	free	0.88235	0	0	RES		SIRES	RES	0.62525	4.7932	5.2229	False	True
SCROTE	6	1400	69	28	0.0072464	0.014493	0	0	0	free	0.46429	0	0.14286	ROTE	COSTER	ROTE	ROTE	0.34997	4.7884	5.1832	False	True
AFIRE	5	800	96	41	0	0	0	0	0	free	0.56098	0	0	FIRE		FIRE	FIRE	0.41821	4.7879	3.5647	True	False
ACIDER	6	1400	72	27	0.027778	0.027778	0	0	0	free	0.48148	0	0			CIDER	CIDER	0.36286	4.7875	2.9912	False	True
FERIAS	6	1400	66	27	0.015152	0	0	0.1	0.04	free	0.48148	0	0.037037			FER	FER	0.36274	4.7859	3.5116	False	True
DOLIA	5	800	99	39	0	0	0	0	0	free	0.58974	0	0			DOL	DOL	0.43908	4.7816	3.1821	True	False
LETTRE	6	1400	81	26	0.024691	0	0	0.047619	0.17647	free	0.5	0	0			LET	LET	0.37625	4.7803	5.7874	False	True
ORDOS	5	800	91	38	0.0054945	0	0	0	0	free	0.60526	0	0.026316			DOS	DOS	0.45042	4.7793	3.1754	False	True
RONEOS	6	1400	78	26	0.0064103	0	0	0	0	free	0.5	0	0.038462			RONE	RONE	0.37613	4.7787	4.2088	False	True
NABES	5	800	108	36	0.087963	0.074074	0	0.13333	0.15385	free	0.63889	0	0.11111		BANES,BEANS	NAB	NAB	0.47506	4.7755	3.0659	False	True
ORDAIN	6	1400	60	25	0.016667	0.016667	0	0	0	free	0.52	0	0			AIN	AIN	0.39071	4.7731	3.2314	False	True
ENCASE	6	1400	63	25	0.02381	0.015873	0	0	0	free	0.52	0	0	CASE		CASE	CASE	0.39071	4.7731	3.9106	False	True
UNEASE	6	1400	67	25	0	0	0	0	0	free	0.52	0	0	EASE		EASE	EASE	0.39071	4.7731	5.0832	True	False
ALAND	5	800	73	36	0.013699	0.013699	0	0	0.047619	free	0.63889	0	0	LAND		LAND	LAND	0.47475	4.7723	3.3892	False	True
ANTSY	5	800	92	36	0.0054348	0	0	0	0	free	0.63889	0	0			ANTS	ANTS	0.47475	4.7723	3.625	False	True
TROTH	5	800	104	35	0.0096154	0	0	0	0	free	0.65714	0	0	ROT		ROT	ROT	0.48799	4.7692	4.7935	False	True
HANSA	5	800	103	35	0.0048544	0	0	0	0.037037	free	0.65714	0	0	HAN		HAN	HAN	0.48799	4.7692	4.5355	False	True
SALIC	5	800	117	34	0.017094	0.017094	0	0	0.027027	free	0.67647	0	0	SAL		SAL	SAL	0.50202	4.7661	4.6292	False	True
RIATAS	6	1400	93	24	0	0	0	0	0	free	0.54167	0	0	TAS		TAS	TAS	0.40638	4.7659	6.4871	False	False
REDACT	6	1400	51	24	0.039216	0.058824	0	0.14286	0	free	0.54167	0	0		CARTED	RED	RED	0.40638	4.7659	2.6759	False	True
DESIGN	6	1400	66	24	0.060606	0.030303	0	0.11111	0.2	free	0.54167	0	0.041667		DINGES	SIG	SIG	0.40624	4.7643	2.5278	False	True
DINNA	5	800	83	33	0.018072	0.012048	0	0	0.058824	free	0.69697	0	0	DIN		DIN	DIN	0.51689	4.763	3.9131	False	True
SENGIS	6	1400	74	24	0	0	0	0	0	free	0.54167	0	0.083333		SINGES	SEN	SEN	0.40611	4.7628	5.2082	True	False
LATAH	5	800	89	32	0	0	0	0	0	free	0.71875	0	0	LAT		LAT	LAT	0.5327	4.7599	4.4574	True	False
ESTROS	6	1400	207	74	0.016908	0.024155	0.067568	0	0.05	cellmate	0.25676	0	0.36486		TORSES	EST	EST	0.19919	4.7596	5.1558	False	True
TETRAD	6	1400	89	23	0	0	0	0	0	free	0.56522	0	0		RATTED	TET	TET	0.42341	4.7587	5.6921	False	False
CASITA	6	1400	65	23	0	0	0	0	0	free	0.56522	0	0	SIT		SIT	SIT	0.42341	4.7587	3.846	True	False
RETRY	5	800	67	31	0.0074627	0	0	0	0.05	free	0.74194	0	0.032258	RET		RET	RET	0.54961	4.7576	3.1508	False	True
TONDO	5	800	78	30	0	0	0	0	0	free	0.76667	0	0	TON		TON	TON	0.56747	4.7537	3.6754	True	False
SLEEST	6	1400	90	23	0.0055556	0	0	0	0	free	0.56522	0	0.17391	LEE		SLEE	LEE	0.42285	4.7524	7.3728	False	True
RONDEL	6	1400	55	22	0.027273	0	0	0.071429	0.17647	free	0.59091	0	0			DEL	DEL	0.44198	4.7515	2.8147	False	True
SPRENT	6	1400	69	22	0.0072464	0.014493	0	0	0	free	0.59091	0	0	REN		RENT	REN	0.44198	4.7515	4.7087	False	True
EIDOLA	6	1400	70	22	0	0	0	0	0	free	0.59091	0	0			DOL	DOL	0.44198	4.7515	4.0815	True	False
LEANY	5	800	63	29	0.015873	0.015873	0	0	0	free	0.7931	0	0	LEA		LEAN	LEA	0.58665	4.7506	3.058	False	True
MEDINA	6	1400	57	22	0.017544	0	0	0.125	0	free	0.59091	0	0.045455	DIN	MAINED	MED	DIN	0.44184	4.75	3.7142	False	True
NEPERS	6	1400	55	21	0.0090909	0.018182	0	0	0	free	0.61905	0	0			PER	PER	0.46233	4.7443	3.4441	False	True
EASSEL	6	1400	62	21	0	0	0	0	0	free	0.61905	0	0		LEASES	EAS	EAS	0.46233	4.7443	5.2959	False	False
ESTOPS	6	1400	53	21	0	0	0	0	0	free	0.61905	0	0			TOPS	TOPS	0.46233	4.7443	4.1548	False	False
AGATE	5	800	60	27	0.041667	0.016667	0	0.14286	0.055556	free	0.85185	0	0	GATE		GATE	GATE	0.62928	4.7443	3.1193	False	True
BOTEL	5	800	66	27	0.015152	0	0	0	0.076923	free	0.85185	0	0	BOTE		BOTE	BOTE	0.62928	4.7443	3.5351	False	True
THESIS	6	1400	57	21	0.035088	0	0	0.066667	0	free	0.61905	0	0.047619			HES	HES	0.46218	4.7428	4.0499	False	True
DESAND	6	1400	64	20	0.0078125	0.015625	0	0	0	free	0.65	0	0	SAN		SAND	SAN	0.48471	4.7371	5.3696	False	True
MANITO	6	1400	66	20	0	0	0	0	0	free	0.65	0	0	MAN		MAN	MAN	0.48471	4.7371	5.305	True	False
PELTAS	6	1400	51	20	0.029412	0	0	0	0	free	0.65	0	0	TAS		PELT	TAS	0.48471	4.7371	3.8136	False	True
PROINS	6	1400	69	20	0.050725	0.014493	0	0.090909	0.2	free	0.65	0	0			PRO	PRO	0.48471	4.7371	4.1484	False	True
EARLIES	7	1800	52	18	0.028846	0.038462	0.055556	0	0	free	0.66667	0	0			LIES	LIES	0.47442	4.7369	4.5601	False	True
SESTET	6	1400	68	20	0	0	0	0	0	free	0.65	0	0.05			TET	TET	0.48455	4.7356	5.0845	True	False
MESAIL	6	1400	67	20	0	0	0	0	0	free	0.65	0	0.1	SAI	MAILES	SAIL	SAI	0.48439	4.734	5.754	False	False
SAICES	6	1400	57	19	0.017544	0	0	0	0	free	0.68421	0	0	ICES		ICES	ICES	0.50945	4.73	5.172	False	True
PELITE	6	1400	51	19	0	0	0	0	0	free	0.68421	0	0	LITE		LITE	LITE	0.50945	4.73	4.4864	True	False
INTORT	6	1400	82	19	0.0060976	0	0	0	0.052632	free	0.68421	0	0	TOR		TOR	TOR	0.50945	4.73	6.2379	False	True
GENTIL	6	1400	51	19	0.058824	0.039216	0	0	0.058824	free	0.68421	0	0	TIL		GENT	TIL	0.50945	4.73	3.7283	False	True
SOLITO	6	1400	54	19	0	0	0	0	0	free	0.68421	0	0	SOL		SOL	SOL	0.50945	4.73	4.6053	True	False
SCREET	6	1400	60	18	0.033333	0	0	0	0.071429	free	0.72222	0	0	REE		REE	REE	0.53693	4.7228	3.9467	False	True
BESTIR	6	1400	50	18	0.01	0	0	0	0	free	0.72222	0	0		BITERS	BEST	BEST	0.53693	4.7228	3.9239	False	True
ANIMAS	6	1400	65	18	0.030769	0.015385	0	0.15385	0.11111	free	0.72222	0	0	MAS		MAS	MAS	0.53693	4.7228	5.0357	False	True
SHEATH	6	1400	50	18	0.02	0	0	0.125	0	free	0.72222	0	0	EAT		HEAT	EAT	0.53693	4.7228	4.4842	False	True
STELA	5	800	716	208	0.080307	0.092179	0.10577	0.088889	0.08046	cellmate	0.24038	0	0.52885		TEALS,LEATS,TALES,STALE	TEL	TEL	0.18707	4.7222	6.0514	False	True
TENREC	6	1400	68	18	0	0	0	0	0	free	0.72222	0	0.055556			TEN	TEN	0.53676	4.7212	4.8609	True	False
DONATES	7	1800	62	14	0.096774	0.064516	0.071429	0.28571	0.19048	free	0.85714	0	0	DON		DON	DON	0.60762	4.7162	6.1319	False	True
MARAES	6	1400	78	17	0.0064103	0	0	0	0	free	0.76471	0	0	MAR		MAR	MAR	0.56765	4.7156	6.565	False	True
BELAR	5	800	117	40	0.029915	0.025641	0.025	0	0	free	0.6	0	0.15	LAR		BEL	LAR	0.44695	4.7129	4.865	False	True
TABRET	6	1400	55	17	0	0	0	0	0	free	0.76471	0	0.11765	RET	BATTER	TAB	RET	0.56728	4.7125	4.4931	True	False
EASIED	6	1400	113	31	0.066372	0.070796	0.19355	0.0625	0.064516	free	0.67742	0	0			EAS	EAS	0.50454	4.711	6.1894	False	True
TARCEL	6	1400	61	16	0.0081967	0	0	0	0	free	0.8125	0	0	TAR		TAR	TAR	0.60221	4.7084	4.2846	False	True
SUTILE	6	1400	63	16	0	0	0	0	0	free	0.8125	0	0	TILE		TILE	TILE	0.60221	4.7084	5.7464	True	False
RITARD	6	1400	58	16	0	0	0	0	0	free	0.8125	0	0	RIT		RIT	RIT	0.60221	4.7084	5.623	True	False
HEARTH	6	1400	69	16	0.072993	0.014493	0	0.25	0.21739	free	0.8125	0	0			HEART	HEART	0.60221	4.7084	6.2775	False	True
PROIN	5	800	118	40	0.050847	0.025424	0.025	0.0625	0.14706	free	0.6	0	0			PRO	PRO	0.44653	4.7081	3.642	False	True
THENS	5	800	230	72	0.086957	0.056522	0.069444	0.078947	0.10938	free	0.40278	0	0			HENS	HENS	0.30341	4.7038	6.4014	False	True
GERENT	6	1400	56	14	0	0	0	0	0	free	0.92857	0	0	REN		RENT	REN	0.68614	4.694	5.0576	True	False
ASCON	5	800	102	35	0.004902	0.0098039	0.028571	0	0	free	0.68571	0	0	CON		CON	CON	0.50872	4.6926	3.7391	False	True
LOGIN	5	800	80	33	0.075	0.075	0.030303	0.076923	0.08	free	0.72727	0	0.030303			GIN	GIN	0.53897	4.6872	2.8253	False	True
SCREE	5	800	98	31	0.086735	0.030612	0.032258	0.052632	0.25	free	0.77419	0	0.032258	REE		REE	REE	0.57302	4.681	3.7812	False	True
DOSHA	5	800	69	29	0.014493	0.014493	0.034483	0	0	free	0.82759	0	0	SHA		DOS	SHA	0.61167	4.6739	3.7065	False	True
SLOTH	5	800	105	46	0.090476	0.066667	0.043478	0.13333	0.13889	free	0.54348	0	0	LOT		SLOT	LOT	0.40551	4.6502	3.6605	False	True
EGRETS	6	1400	85	26	0.011765	0.011765	0.038462	0.05	0.04	free	0.53846	0	0	RET		RETS	RET	0.40406	4.6449	5.0788	False	True
UNITED	6	1400	69	25	0.057971	0.014493	0.04	0.4	0.18182	free	0.56	0	0			NITE	NITE	0.41963	4.6378	3.476	False	True
RECOIN	6	1400	69	24	0.028986	0.028986	0.041667	0.1	0.033333	free	0.58333	0	0			REC	REC	0.43651	4.6306	3.4331	False	True
ABLEST	6	1400	82	24	0.085366	0.04878	0.041667	0.41667	0.19048	free	0.58333	0	0			ABLES	ABLES	0.43651	4.6306	4.6061	False	True
HERDEN	6	1400	75	23	0.02	0.026667	0.043478	0	0.043478	free	0.6087	0	0			DEN	DEN	0.45485	4.6234	5.2397	False	True
INGOTS	6	1400	58	23	0.017241	0.034483	0.043478	0	0	free	0.6087	0	0.043478			GOT	GOT	0.45471	4.6218	3.4066	False	True
BASTO	5	800	101	36	0.084158	0.069307	0.055556	0	0.17857	free	0.69444	0	0.027778	BAST	BOATS,BOAST	BAST	BAST	0.51514	4.6199	4.6212	False	True
HALOS	5	800	140	60	0.092857	0.064286	0.05	0.076923	0.066667	free	0.43333	0	0	LOS		LOS	LOS	0.32558	4.6171	3.0038	False	True
AINGA	5	800	132	51	0	0	0	0	0	free	0.43137	0	0			AIN	AIN	0.32416	4.6163	4.4355	True	False
UNTILE	6	1400	52	22	0.057692	0.019231	0.045455	0.15385	0.13333	free	0.63636	0	0	TILE		TILE	TILE	0.47485	4.6162	3.2132	False	True
CRARE	5	800	137	43	0.087912	0.087591	0.11628	0.11111	0.19355	free	0.67442	0	0.046512			RARE	RARE	0.50066	4.6153	4.9512	False	True
USHER	5	800	106	45	0.070755	0.056604	0.022222	0.10526	0.08	free	0.51111	0.022222	0			SHE	SHE	0.38945	4.6144	3.3449	False	True
GONIA	5	800	147	50	0.0034014	0.0068027	0	0	0	free	0.44	0	0	GON		GON	GON	0.33042	4.6132	5.1972	False	True
ATTAR	5	800	142	34	0.014085	0.021127	0.058824	0.04	0.028571	free	0.73529	0	0	TAR		TAR	TAR	0.5447	4.6129	5.5937	False	True
DIRECT	6	1400	63	21	0.0079365	0.015873	0.047619	0	0	free	0.66667	0	0			DIRE	DIRE	0.49676	4.609	4.4709	False	True
PHASE	5	800	119	43	0.058824	0.058824	0.023256	0	0.09375	free	0.53488	0.023256	0.023256		SHAPE	HAS	HAS	0.40712	4.609	3.4785	False	True
ANILS	5	800	275	100	0.027273	0.032727	0.05	0.020833	0	free	0.28	0	0.2			NIL	NIL	0.21488	4.6041	5.9765	False	True
REFITS	6	1400	56	20	0.089286	0.071429	0.05	0	0.17647	free	0.7	0	0	FIT		FITS	FIT	0.52087	4.6018	3.6533	False	True
SALTOS	6	1400	83	20	0.048193	0.060241	0.05	0	0.066667	free	0.7	0	0	SAL		SALT	SAL	0.52087	4.6018	6.2498	False	True
STAPH	5	800	108	46	0.013889	0	0	0	0.035714	free	0.47826	0	0.021739	TAP		STAP	TAP	0.35825	4.6016	4.0268	False	True
SISTA	5	800	253	79	0.023715	0.043478	0.050633	0	0	free	0.34177	0	0.012658			SIST	SIST	0.25918	4.6003	5.2532	False	True
SCORSE	6	1400	60	20	0.033333	0.033333	0.05	0.0625	0.066667	free	0.7	0	0.05	CORSE	CORSES	CORSE	CORSE	0.52071	4.6003	4.3081	False	True
DRICES	6	1400	57	20	0.035088	0.035088	0.05	0	0	free	0.7	0	0.05	ICES		RICES	ICES	0.52071	4.6003	4.0776	False	True
OUSEL	5	800	128	44	0.0078125	0.0078125	0	0	0.027778	free	0.5	0	0.090909		LOUSE	OUS	OUS	0.37422	4.5977	4.2816	False	True
THORN	5	800	127	45	0.066929	0.015748	0	0.2381	0.10811	free	0.48889	0	0			HORN	HORN	0.3659	4.5977	3.4181	False	True
SEWIN	5	800	99	37	0.060606	0.070707	0.13514	0	0.035714	free	0.78378	0	0	WIN	WINES	WIN	WIN	0.57989	4.595	4.2329	False	True
PENIES	6	1400	56	19	0.053571	0.053571	0.052632	0.2	0	free	0.73684	0	0	PEN		PEN	PEN	0.54751	4.5946	4.257	False	True
INTEND	6	1400	63	19	0.015873	0.015873	0.052632	0	0.05	free	0.73684	0	0.10526		TINNED	TEND	TEND	0.54717	4.5915	4.9166	False	True
MORIAS	6	1400	61	18	0.016393	0.016393	0.055556	0	0	free	0.77778	0	0	MOR		MOR	MOR	0.57711	4.5875	5.0266	False	True
MASTIC	6	1400	53	18	0.037736	0.056604	0.055556	0	0	free	0.77778	0	0	MAST		MAST	MAST	0.57711	4.5875	4.6984	False	True
NEPER	5	800	98	39	0.010204	0.010204	0	0	0	free	0.5641	0	0			PER	PER	0.42048	4.579	3.2853	False	True
CLARO	5	800	106	37	0.014151	0	0	0	0.074074	free	0.59459	0	0.027027	LAR		LAR	LAR	0.44268	4.5736	3.9611	False	True
PADRES	6	1400	59	16	0.050847	0.050847	0.0625	0.083333	0.052632	free	0.875	0	0	RES		PAD	RES	0.64741	4.5731	5.2719	False	True
OCHER	5	800	117	36	0.047009	0.008547	0	0.19048	0.125	free	0.61111	0	0.055556			CHE	CHE	0.45475	4.5713	4.0769	False	True
SITUS	5	800	110	34	0	0	0	0	0	free	0.64706	0	0.029412	SIT		SIT	SIT	0.48076	4.5643	3.9645	True	False
TEPAL	5	800	133	33	0	0	0	0	0	free	0.66667	0	0.030303	PAL		PAL	PAL	0.49499	4.5612	6.0445	False	False
SELAH	5	800	317	88	0.012618	0	0	0.053571	0.078652	cellmate	0.23864	0	0.43182			SEL	SEL	0.18553	4.5589	5.8714	False	True
ATRIAL	6	1400	110	30	0	0	0	0	0	free	0.4	0.033333	0			TRIAL	TRIAL	0.31035	4.5496	4.3145	True	False
HONOR	5	800	62	29	0.024194	0.016129	0	0	0	free	0.75862	0	0	HON		HON	HON	0.56163	4.5479	2.9285	False	True
BARIC	5	800	50	29	0	0	0	0	0	free	0.75862	0	0	BAR		BAR	BAR	0.56163	4.5479	2.5554	False	False
LOOIE	5	800	69	29	0.0072464	0.014493	0	0	0	free	0.75862	0	0	LOO		LOO	LOO	0.56163	4.5479	3.4495	False	True
ASSAI	5	800	71	29	0.0070423	0	0	0	0	free	0.75862	0	0	SAI		ASS	SAI	0.56163	4.5479	3.54	False	True
LIPAS	5	800	93	29	0.021505	0.010753	0	0.058824	0.0625	free	0.75862	0	0	PAS		PAS	PAS	0.56163	4.5479	4.2453	False	True
THANA	5	800	86	28	0.005814	0	0	0	0.037037	free	0.78571	0	0	HAN		HAN	HAN	0.58129	4.5448	3.7476	False	True
ASSERT	6	1400	168	46	0.065476	0.089286	0.17391	0.16	0.09375	free	0.5	0	0.065217		STARES,STEARS	ASS	ASS	0.37604	4.5434	6.3376	False	True
CAROB	5	800	62	27	0.0080645	0.016129	0	0	0	free	0.81481	0	0	CAR		CAR	CAR	0.60241	4.5417	3.1213	False	True
BALTI	5	800	66	27	0.037879	0.045455	0	0	0	free	0.81481	0	0	BAL		BAL	BAL	0.60241	4.5417	3.1409	False	True
OCTAN	5	800	134	51	0.014925	0.0074627	0.019608	0	0.039216	free	0.45098	0	0	TAN		TAN	TAN	0.33839	4.5397	4.8635	False	True
TINCT	5	800	61	26	0	0	0	0	0	free	0.84615	0	0	TIN		TIN	TIN	0.62515	4.5386	3.4017	True	False
ENTRIES	7	1800	104	33	0.014423	0	0	0.045455	0.05	free	0.30303	0.060606	0.090909			TRIES	TRIES	0.21889	4.5382	4.6128	False	True
ARSIS	5	800	188	49	0.0053191	0.0053191	0.020408	0	0	free	0.46939	0	0.061224			ARS	ARS	0.35192	4.5359	5.3041	False	True
CANTAR	6	1400	62	18	0.08871	0.064516	0.22222	0.18182	0.15385	free	1	0	0	CANT		CANT	CANT	0.73779	4.5349	6.4689	False	True
AGENE	5	800	108	33	0.041667	0.027778	0.090909	0.17647	0	free	0.78788	0	0	AGE		AGEN	AGE	0.58286	4.5332	4.6603	False	True
TOPEE	5	800	57	23	0.017544	0	0	0	0.076923	free	0.95652	0	0	TOPE		TOPE	TOPE	0.70524	4.5293	3.3334	False	True
THEINS	6	1400	107	40	0.0093458	0	0	0	0	free	0.3	0	0			THE	THE	0.23163	4.5275	2.597	False	True
ETRIER	6	1400	134	40	0.0037313	0	0	0	0	free	0.3	0	0.1			TRIER	TRIER	0.23131	4.5213	3.7747	False	True
THENAR	6	1400	94	38	0.0053191	0	0	0	0.043478	free	0.31579	0	0			HEN	HEN	0.24305	4.5132	4.696	False	True
SLAINTE	7	1800	70	23	0	0	0	0	0	free	0.43478	0	0			LAIN	LAIN	0.31227	4.5124	5.6831	True	False
TANSIES	7	1800	67	21	0	0	0	0	0	free	0.47619	0	0	TAN		TAN	TAN	0.34123	4.502	5.4028	True	False
OSETRAS	7	1800	89	21	0	0	0	0	0	free	0.47619	0	0	RAS		RAS	RAS	0.34123	4.502	7.1125	True	False
RETIRAL	7	1800	63	20	0.0079365	0.015873	0	0	0	free	0.5	0	0	RET		RET	RET	0.35787	4.4969	5.4773	False	True
TRENTAL	7	1800	54	20	0	0	0	0	0	free	0.5	0	0	REN		RENT	REN	0.35787	4.4969	3.4325	True	False
MENTAL	6	1400	80	24	0.075	0.0375	0.083333	0.11111	0.22581	free	0.625	0	0.083333			MENT	MENT	0.46637	4.4921	4.9816	False	True
DESERTS	7	1800	53	19	0.009434	0	0	0	0	free	0.52632	0	0			SER	SER	0.37628	4.4917	3.0129	False	True
SIENITE	7	1800	55	19	0	0	0	0	0	free	0.52632	0	0			NITE	NITE	0.37628	4.4917	3.7128	True	False
ATRESIC	7	1800	57	18	0	0	0	0	0	free	0.55556	0	0	RES		RES	RES	0.39672	4.4865	4.9684	True	False
INTENSE	7	1800	54	18	0.027778	0.018519	0	0.090909	0.04	free	0.55556	0	0			TENSE	TENSE	0.39672	4.4865	4.3479	False	True
SIMAS	5	800	123	33	0.03252	0.02439	0.030303	0.095238	0.032258	free	0.69697	0	0	MAS		MAS	MAS	0.51689	4.4838	6.1531	False	True
HAROSET	7	1800	79	17	0	0	0	0	0	free	0.58824	0	0			ROSE	ROSE	0.41958	4.4813	6.5388	False	False
SARUS	5	800	104	32	0.014423	0.0096154	0.03125	0	0.047619	free	0.71875	0	0			SAR	SAR	0.5327	4.4806	4.3841	False	True
DENTAL	6	1400	142	48	0.084507	0.077465	0.125	0.11538	0.054054	free	0.41667	0	0			DENT	DENT	0.31599	4.4798	6.3509	False	True
SINEW	5	800	108	31	0.0092593	0.018519	0.032258	0	0	free	0.74194	0	0.064516	SINE	WINES	SINE	SINE	0.54971	4.4791	4.7511	False	True
MANIC	5	800	102	31	0.029412	0.029412	0.032258	0	0.10345	free	0.74194	0	0	MAN		MAN	MAN	0.54952	4.4775	5.2327	False	True
TANNA	5	800	78	31	0.038462	0.025641	0.032258	0	0.041667	free	0.74194	0	0	TAN		TAN	TAN	0.54952	4.4775	3.8196	False	True
ORNATER	7	1800	68	16	0.029412	0.014706	0	0	0	free	0.625	0	0			NAT	NAT	0.44529	4.4762	5.4855	False	True
TAIGS	5	800	123	41	0	0	0	0	0	free	0.5122	0.02439	0	TAI		TAI	TAI	0.39097	4.476	5.129	True	False
LOTIC	5	800	90	30	0.016667	0.011111	0.033333	0	0	free	0.76667	0	0	LOT		LOT	LOT	0.56747	4.4744	4.1771	False	True
VAIRE	5	800	84	30	0.041667	0.035714	0.033333	0	0	free	0.76667	0	0	AIR		AIR	AIR	0.56747	4.4744	3.2229	False	True
ORALIST	7	1800	56	15	0.0089286	0	0	0.076923	0.071429	free	0.66667	0	0	LIST		LIST	LIST	0.47442	4.471	5.3864	False	True
SCRATS	6	1400	78	20	0.070513	0.089744	0.1	0.076923	0.058824	free	0.75	0	0.1	RAT		RATS	RAT	0.5567	4.4634	5.5903	False	True
RATALS	6	1400	69	19	0.036232	0.072464	0.10526	0	0	free	0.78947	0	0	RAT		RAT	RAT	0.58556	4.4593	5.0973	False	True
PINTO	5	800	89	24	0.061798	0.044944	0.041667	0.16667	0.12121	free	0.95833	0	0	PINT		PINT	PINT	0.70655	4.4558	4.4888	False	True
WEEST	5	800	70	24	0.014286	0.014286	0.041667	0	0	free	0.95833	0	0	WEE		WEES	WEE	0.70655	4.4558	3.515	False	True
RASHEST	7	1800	51	12	0.019608	0	0	0.071429	0	free	0.83333	0	0	RAS		RASHES	RAS	0.59097	4.4555	6.3536	False	True
TARSEAL	7	1800	65	11	0	0	0	0	0	free	0.90909	0	0	TAR		TARS	TAR	0.64395	4.4503	7.9092	True	False
DIOTAS	6	1400	90	29	0	0	0	0	0	free	0.41379	0	0	TAS		TAS	TAS	0.31391	4.4485	4.7994	False	False
SHENAI	6	1400	87	28	0	0	0	0	0	free	0.42857	0	0			HEN	HEN	0.3246	4.4413	5.6891	True	False
LUSTRE	6	1400	64	28	0.078125	0	0	0.11765	0.29412	free	0.42857	0	0.035714			LUST	LUST	0.32449	4.4397	3.2824	False	True
EELING	6	1400	54	14	0.018519	0	0	0.083333	0.047619	free	0.85714	0.071429	0	LING		LING	LING	0.64822	4.4346	5.0011	False	True
TSETSE	6	1400	118	27	0	0	0	0	0	free	0.44444	0	0			SET	SET	0.33608	4.4341	7.2159	True	False
SEISED	6	1400	83	27	0.0060241	0	0	0.055556	0.043478	free	0.44444	0	0			SEI	SEI	0.33608	4.4341	4.1111	False	True
NESTLE	6	1400	125	41	0.092	0.112	0.14634	0	0.066667	free	0.4878	0	0			NEST	NEST	0.36743	4.4295	4.2784	False	True
EITHER	6	1400	76	26	0	0	0	0	0	free	0.46154	0	0			HER	HER	0.34844	4.4269	3.5349	False	False
HOLIST	6	1400	58	26	0.025862	0.034483	0	0	0	free	0.46154	0	0	LIST		LIST	LIST	0.34844	4.4269	3.296	False	True
TENURE	6	1400	79	26	0.0063291	0	0	0	0.05	free	0.46154	0	0			TEN	TEN	0.34844	4.4269	5.2226	False	True
REPRO	5	800	113	37	0.017699	0.017699	0.054054	0.04	0	free	0.64865	0	0.13514			REP	REP	0.48221	4.4236	4.4995	False	True
SARGO	5	800	116	38	0.0086207	0.017241	0.052632	0	0	free	0.63158	0	0.026316			SAR	SAR	0.46952	4.4235	4.1144	False	True
SEINER	6	1400	280	78	0.021429	0.0035714	0	0.015152	0.044776	cellmate	0.14103	0	0.21795			SEI	SEI	0.11598	4.4206	6.6249	False	True
ABRIN	5	800	80	36	0.01875	0.0375	0.055556	0	0	free	0.66667	0	0.027778	RIN		BRIN	RIN	0.49498	4.4173	3.3483	False	True
SIETH	5	800	313	112	0.0015974	0.0031949	0	0	0	free	0.17857	0	0.17857			ETH	ETH	0.14122	4.4166	3.8304	False	True
UREDO	5	800	126	49	0	0	0	0	0	free	0.42857	0	0			RED	RED	0.32213	4.4075	3.3372	True	False
UREDIA	6	1400	62	23	0	0	0	0	0	free	0.52174	0	0			RED	RED	0.39197	4.4054	3.503	True	False
AMEER	5	800	139	44	0.0035971	0.0071942	0	0	0	free	0.47727	0	0.29545	MEE		MEER	MEE	0.35831	4.4023	5.3863	False	True
TATLER	6	1400	94	23	0.026596	0	0	0.125	0.10526	free	0.52174	0	0.086957	TAT	LATTER	TAT	TAT	0.39169	4.4022	7.1583	False	True
ALODS	5	800	117	46	0.012821	0.017094	0	0	0.028571	free	0.45652	0	0.021739			LODS	LODS	0.34247	4.3989	3.2805	False	True
NETOPS	6	1400	67	22	0	0	0	0	0	free	0.54545	0	0.045455			TOP	TOP	0.40897	4.3966	4.9706	True	False
METEOR	6	1400	50	22	0.03	0	0	0.083333	0.076923	free	0.54545	0	0.045455			METE	METE	0.40897	4.3966	3.3626	False	True
CREDOS	6	1400	68	29	0.036765	0.073529	0.10345	0	0	free	0.55172	0	0.068966		CODERS	REDOS	REDOS	0.41343	4.3927	3.8599	False	True
ABORE	5	800	122	37	0.069672	0.04918	0.13514	0.090909	0.11111	free	0.75676	0	0	BORE		BORE	BORE	0.56028	4.3924	5.6294	False	True
SALSA	5	800	93	28	0.048387	0.064516	0.071429	0.090909	0.076923	free	0.85714	0	0	SAL		SAL	SAL	0.63312	4.3916	4.2513	False	True
SAMLET	6	1400	60	21	0	0	0	0	0	free	0.57143	0	0			SAM	SAM	0.4279	4.391	4.0562	True	False
UNDEAR	6	1400	67	21	0.0074627	0.014925	0	0	0	free	0.57143	0	0			DEAR	DEAR	0.4279	4.391	4.7041	False	True
RUSTRE	6	1400	63	21	0.02381	0	0	0.076923	0.0625	free	0.57143	0	0			RUST	RUST	0.4279	4.391	4.0656	False	True
SHARON	6	1400	56	21	0	0	0	0	0	free	0.57143	0	0	SHA		SHA	SHA	0.4279	4.391	3.3773	True	False
SPAED	5	800	129	42	0.023256	0.0077519	0	0.045455	0	free	0.5	0	0	SPA		SPA	SPA	0.37396	4.3857	4.6653	False	True
MEATH	5	800	132	42	0.068182	0.060606	0	0	0.125	free	0.5	0	0	EAT		MEAT	EAT	0.37396	4.3857	4.948	False	True
THOLE	5	800	107	42	0.037383	0.0093458	0	0.10526	0.095238	free	0.5	0	0			HOLE	HOLE	0.37396	4.3857	3.7443	False	True
WALISE	6	1400	51	20	0.0098039	0.019608	0	0	0	free	0.6	0	0			LIS	LIS	0.44856	4.3838	2.9863	False	True
GENIES	6	1400	76	27	0.052632	0.065789	0.11111	0	0.052632	free	0.59259	0	0			GEN	GEN	0.4432	4.3815	4.2168	False	True
RANDEM	6	1400	54	19	0	0	0	0	0	free	0.63158	0	0	RAN		RAND	RAN	0.47139	4.3766	4.8289	True	False
PEREIA	6	1400	58	19	0	0	0	0	0	free	0.63158	0	0			PERE	PERE	0.47139	4.3766	3.718	True	False
CITRON	6	1400	62	19	0.016129	0	0	0.16667	0	free	0.63158	0	0.052632	CIT		CIT	CIT	0.47122	4.3751	4.8472	False	True
WALIE	5	800	88	37	0.056818	0.045455	0	0.1	0.090909	free	0.56757	0	0			LIE	LIE	0.42299	4.3702	2.6192	False	True
TRAMEL	6	1400	65	18	0.0076923	0	0	0	0.066667	free	0.66667	0	0			RAM	RAM	0.49676	4.3694	4.8545	False	True
CHINAR	6	1400	50	18	0	0	0	0	0	free	0.66667	0	0	HIN		CHIN	HIN	0.49676	4.3694	3.8118	False	False
ENTREAT	7	1800	74	20	0.033784	0.040541	0.15	0.0625	0.043478	free	0.7	0	0	EAT		EAT	EAT	0.49773	4.3694	6.3509	False	True
SAMIEL	6	1400	65	18	0	0	0	0	0	free	0.66667	0	0.055556		MAILES	SAM	SAM	0.49658	4.3679	4.5164	True	False
GEEST	5	800	108	35	0.013889	0	0	0.11111	0	free	0.6	0	0.085714			GEES	GEES	0.44677	4.3663	4.7339	False	True
RACON	5	800	142	53	0.042254	0.084507	0.11321	0	0	free	0.54717	0	0.018868	CON		CON	CON	0.40824	4.3663	4.2482	False	True
FREETS	6	1400	50	18	0.07	0.02	0	0.11111	0.066667	free	0.66667	0	0.16667	REE	FESTER	REE	REE	0.49623	4.3647	3.4307	False	True
DUNITE	6	1400	51	17	0	0	0		0	free	0.70588	0	0			NITE	NITE	0.52512	4.3622	4.4864	False	False
TIERCE	6	1400	72	17	0	0	0	0	0	free	0.70588	0	0	TIE		TIER	TIE	0.52512	4.3622	4.5338	True	False
RETUND	6	1400	53	17	0	0	0	0	0	free	0.70588	0	0	RET		RET	RET	0.52512	4.3622	4.8272	True	False
INDENT	6	1400	60	17	0.016667	0.016667	0	0	0.0625	free	0.70588	0	0.058824		TINNED	DENT	DENT	0.52493	4.3607	4.4615	False	True
OSIER	5	800	520	170	0.00096154	0.0019231	0	0	0	dropTerminal	0	0.24118	0					0.091789	4.3572	3.356	False	True
TAPET	5	800	126	32	0.015873	0.015873	0	0	0.068966	free	0.65625	0	0.03125	TAPE	PATTE	TAPE	TAPE	0.48743	4.3554	6.6946	False	True
ORPIN	5	800	94	32	0.0053191	0.010638	0	0	0	free	0.65625	0	0.03125	PIN		PIN	PIN	0.48743	4.3554	4.2751	False	True
STORGE	6	1400	54	16	0.0092593	0	0	0.076923	0.058824	free	0.75	0	0	TOR		TOR	TOR	0.55702	4.3551	3.7089	False	True
NEPITS	6	1400	61	16	0	0	0	0	0	free	0.75	0	0	PIT		PITS	PIT	0.55702	4.3551	5.5177	True	False
APTEST	6	1400	68	16	0.0073529	0	0	0	0	free	0.75	0	0		PATTES	TEST	TEST	0.55702	4.3551	4.4116	False	True
GLAIR	5	800	72	32	0.0069444	0	0	0	0	free	0.65625	0	0	AIR		LAIR	AIR	0.48734	4.3546	2.8347	False	True
DRIEST	6	1400	181	55	0.055249	0.01105	0.036364	0.21053	0.096154	free	0.25455	0	0.12727			EST	EST	0.19836	4.3537	3.2257	False	True
TOHOS	5	800	81	31	0.018519	0	0	0	0.045455	free	0.67742	0	0.064516		HOOTS	HOS	HOS	0.50289	4.3531	3.1013	False	True
DECOR	5	800	113	40	0.09292	0.097345	0.075	0.11765	0.052632	free	0.625	0	0.025	COR		COR	COR	0.46474	4.3531	3.8933	False	True
BLART	5	800	85	31	0.082353	0.070588	0	0.13333	0.125	free	0.67742	0	0	LAR		LAR	LAR	0.50271	4.3515	3.0868	False	True
ALTOS	5	800	246	75	0.071138	0.10163	0.14667	0.033333	0.067797	free	0.46667	0.013333	0.026667			ALT	ALT	0.35431	4.3485	3.9105	False	True
BINTS	5	800	78	30	0	0	0	0	0	free	0.7	0	0	BIN		BIN	BIN	0.51909	4.3484	3.5469	True	False
LINEAL	6	1400	53	15	0.018868	0.018868	0	0	0	free	0.8	0	0	LINE		LINE	LINE	0.59317	4.3479	4.5601	False	True
ODORS	5	800	65	29	0.046154	0.030769	0	0	0.071429	free	0.72414	0	0.068966	DOR		DORS	DOR	0.5368	4.3469	2.3944	False	True
IONISE	6	1400	136	52	0.0073529	0.014706	0.038462	0	0	free	0.26923	0	0			NIS	NIS	0.20938	4.3431	4.8184	False	True
FREET	5	800	83	28	0.060241	0.012048	0	0.066667	0.068966	free	0.75	0	0	REE		REE	REE	0.55537	4.3422	3.5276	False	True
GHATS	5	800	54	27	0.0092593	0.018519	0	0	0	free	0.77778	0	0	HAT		HATS	HAT	0.57553	4.3391	2.4066	False	True
ANCON	5	800	56	26	0.0089286	0	0	0	0	free	0.80769	0	0	CON		CON	CON	0.59724	4.336	2.8826	False	True
POTALE	6	1400	51	13	0.0098039	0	0	0	0	free	0.92308	0	0	TALE		TALE	TALE	0.68217	4.3335	4.5985	False	True
PINOT	5	800	95	25	0.042105	0.021053	0	0.055556	0.16667	free	0.84	0	0	PIN		PIN	PIN	0.62068	4.3329	4.9931	False	True
IMAGE	5	800	58	25	0.051724	0	0	0.15385	0.25	free	0.84	0	0	MAGE		MAGE	MAGE	0.62068	4.3329	2.8204	False	True
POORT	5	800	70	24	0.035714	0.014286	0	0	0	free	0.875	0	0.041667	POO		POOR	POO	0.6462	4.3306	3.7725	False	True
ASPEN	5	800	126	46	0.019841	0.0079365	0.021739	0	0.03125	free	0.47826	0	0.15217	PEN	PANES	PEN	PEN	0.35862	4.3271	4.4086	False	True
BURET	5	800	75	23	0.026667	0.026667	0	0.076923	0	free	0.91304	0	0	BUR		BUR	BUR	0.67369	4.3266	4.2665	False	True
SDEIN	5	800	373	142	0.0040214	0	0	0.016949	0.018519	cellmate	0.1338	0	0.23944		DINES	DEI	DEI	0.10891	4.3183	2.8985	False	True
LUSER	5	800	152	60	0.032895	0.039474	0.05	0.086957	0.045455	free	0.4	0.016667	0.13333			SER	SER	0.30735	4.3116	2.9309	False	True
OWRES	5	800	109	39	0.041284	0.055046	0.025641	0	0.046512	free	0.5641	0	0.15385	RES	WORSE	RES	RES	0.42091	4.3045	3.4654	False	True
ATTORN	6	1400	54	27	0.018519	0.018519	0.037037	0.1	0	free	0.48148	0	0	TOR		TORN	TOR	0.36286	4.2988	3.666	False	True
TEINDS	6	1400	143	57	0.017483	0	0	0	0.11364	free	0.19298	0	0			TEIN	TEIN	0.15425	4.2964	2.6791	False	True
ROMAL	5	800	98	34	0.071429	0.10204	0.029412	0.13333	0.11538	free	0.64706	0	0.20588	MAL		MAL	MAL	0.48126	4.2898	4.1608	False	True
WRAST	5	800	107	35	0.042056	0.028037	0.028571	0	0.086957	free	0.62857	0	0.085714	RAST	WARTS	RAST	RAST	0.4675	4.2897	4.5321	False	True
PISTED	6	1400	71	26	0.06338	0.042254	0.038462	0.1	0.15	free	0.5	0	0.076923			PIS	PIS	0.376	4.2885	4.1767	False	True
OPERA	5	800	203	60	0.027094	0.0098522	0.033333	0.027027	0.089286	free	0.38333	0	0			PER	PER	0.2893	4.2884	5.0353	False	True
SOLDI	5	800	104	35	0.043269	0.057692	0.028571	0	0	free	0.62857	0	0.028571	SOL		SOL	SOL	0.46734	4.2881	3.363	False	True
WRENS	5	800	92	35	0.038043	0.01087	0.028571	0	0.066667	free	0.62857	0	0	REN		REN	REN	0.46726	4.2873	3.7292	False	True
SEISE	5	800	339	100	0.0073746	0.0088496	0.01	0.016393	0.012346	free	0.21	0	0			SEI	SEI	0.16352	4.2868	4.631	False	True
SEWAN	5	800	90	34	0.0055556	0.011111	0.029412	0	0	free	0.64706	0	0.029412	WAN		WAN	WAN	0.48076	4.285	3.4707	False	True
MUSET	5	800	99	33	0.015152	0.020202	0.030303	0	0	free	0.66667	0	0		MUTES	MUSE	MUSE	0.4949	4.2811	4.612	False	True
SABRA	5	800	70	29	0.0071429	0.014286	0.034483	0	0	free	0.75862	0	0	BRA		BRA	BRA	0.56163	4.2687	3.3862	False	True
TATUS	5	800	84	29	0.02381	0.02381	0.034483	0.0625	0	free	0.75862	0	0	TAT		TAT	TAT	0.56163	4.2687	4.0186	False	True
RETREAT	7	1800	50	11	0.03	0.04	0.090909	0	0	free	1	0	0	RET		RET	RET	0.70752	4.2614	6.0927	False	True
ATOCS	5	800	153	61	0	0	0	0	0	free	0.32787	0	0.29508			TOC	TOC	0.24989	4.2565	2.5375	True	False
URASES	6	1400	71	21	0.0070423	0.014085	0.047619	0	0	free	0.61905	0	0	RAS		RASES	RAS	0.46233	4.2557	5.3856	False	True
DREAMS	6	1400	56	21	0.089286	0.053571	0.047619	0	0.083333	free	0.61905	0	0			REAMS	REAMS	0.46233	4.2557	2.9124	False	True
DANISH	6	1400	63	21	0.015873	0.015873	0.047619	0	0	free	0.61905	0	0	DAN		DAN	DAN	0.46233	4.2557	4.1347	False	True
GORAL	5	800	80	33	0.04375	0.05	0.12121	0	0.047619	free	0.78788	0	0.030303	GOR		GOR	GOR	0.58295	4.2547	3.1307	False	True
SHIEL	5	800	157	66	0.038339	0.050955	0.12121	0	0.02381	free	0.4697	0	0.030303			HIE	HIE	0.35206	4.2543	4.0736	False	True
MOTILE	6	1400	51	18	0.019608	0.019608	0.055556	0	0	free	0.72222	0	0	TILE		TILE	TILE	0.53693	4.2341	4.8918	False	True
TETHS	5	800	139	51	0.079137	0.093525	0.098039	0	0.071429	free	0.52941	0	0			TET	TET	0.3953	4.2333	3.8053	False	True
REPROS	6	1400	54	18	0.018519	0.018519	0.055556	0.1	0	free	0.72222	0	0.055556		ROPERS	REP	REP	0.53676	4.2326	4.4499	False	True
DECANI	6	1400	51	16	0.0098039	0.019608	0.0625	0	0	free	0.8125	0	0	CAN		CAN	CAN	0.60221	4.2197	4.3315	False	True
BELARS	6	1400	50	16	0.03	0.04	0.0625	0	0	free	0.8125	0	0	LAR		BEL	LAR	0.60221	4.2197	4.1732	False	True
SOLON	5	800	95	36	0.073684	0.11579	0.055556	0.0625	0.037037	free	0.63889	0	0.083333	SOL		SOL	SOL	0.47498	4.2162	2.7846	False	True
INDIE	5	800	144	51	0	0	0	0	0	free	0.39216	0	0			DIE	DIE	0.2957	4.2111	3.7701	False	False
CLIED	5	800	95	35	0.036842	0.073684	0.057143	0	0	free	0.65714	0	0			LIED	LIED	0.48799	4.2107	3.3294	False	True
MONALS	6	1400	61	22	0.090164	0.14754	0.18182	0.11111	0	free	0.77273	0	0	MON		MON	MON	0.57345	4.2103	3.5627	False	True
SOGER	5	800	132	48	0.015152	0.015152	0	0	0	free	0.41667	0	0.20833		GORES	SOG	SOG	0.31408	4.2097	3.6866	False	True
CLOTE	5	800	97	34	0.072165	0.082474	0.058824	0	0	free	0.67647	0	0	LOT		LOTE	LOT	0.50202	4.2076	3.7569	False	True
HALIER	6	1400	107	32	0.046948	0.046729	0	0.086957	0.068966	free	0.34375	0.03125	0.0625			LIER	LIER	0.26907	4.2075	4.4299	False	True
INTIS	5	800	283	97	0.012367	0.014134	0.020619	0.018519	0.012821	free	0.2268	0	0			TIS	TIS	0.17571	4.2008	5.1941	False	True
PREON	5	800	134	47	0.0037313	0.0074627	0	0	0	free	0.42553	0	0			PRE	PRE	0.31992	4.1986	3.2588	False	True
ASSOT	5	800	121	46	0.024793	0.049587	0	0	0	free	0.43478	0	0.043478			SOT	SOT	0.32676	4.1971	3.8296	False	True
NICOL	5	800	100	45	0	0	0	0	0	free	0.44444	0	0	COL		COL	COL	0.33365	4.1924	3.5686	True	False
LOHAN	5	800	87	45	0	0	0	0	0	free	0.44444	0	0	HAN		HAN	HAN	0.33365	4.1924	2.9132	True	False
ADMEN	5	800	89	43	0	0	0	0	0	free	0.46512	0	0.069767			MEN	MEN	0.34884	4.1886	3.2377	True	False
GENIE	5	800	145	50	0.034483	0.034483	0.06	0.038462	0.028571	free	0.48	0	0			GEN	GEN	0.35945	4.1808	4.6482	False	True
ESTRADE	7	1800	100	19	0.02	0.04	0.21053	0	0	free	0.78947	0	0			RADE	RADE	0.5603	4.1753	6.7286	False	True
RESUS	5	800	98	37	0	0	0	0	0	free	0.54054	0	0.081081	RES		RES	RES	0.40361	4.1699	4.275	False	False
LENIS	5	800	399	142	0.013784	0.010025	0.014085	0.013514	0	cellmate	0.14789	0	0.23944		LINES	NIS	NIS	0.11913	4.1651	3.7292	False	True
IRIDS	5	800	89	35	0.005618	0	0	0	0	free	0.57143	0	0			RIDS	RIDS	0.42579	4.1613	2.9794	False	True
PENAL	5	800	108	51	0.092593	0.10185	0.11765	0.066667	0.19355	free	0.54902	0	0.039216	PEN		PEN	PEN	0.40964	4.1583	2.9255	False	True
MONAD	5	800	64	34	0.039062	0.015625	0	0.090909	0	free	0.58824	0	0	MON		MON	MON	0.43799	4.1582	2.6094	False	True
SNATHS	6	1400	68	26	0.014706	0.029412	0.076923	0	0	free	0.53846	0	0			NAT	NAT	0.40406	4.1563	3.767	False	True
LORAL	5	800	92	42	0.043478	0.043478	0.071429	0.1875	0.11111	free	0.57143	0	0	LOR		LOR	LOR	0.42579	4.1559	3.1423	False	True
TANSY	5	800	86	33	0	0	0	0	0	free	0.60606	0	0	TAN		TANS	TAN	0.45092	4.1551	4.0689	True	False
DESIST	6	1400	102	37	0.019608	0.019608	0	0.052632	0.037037	free	0.2973	0	0			SIST	SIST	0.22968	4.1526	3.8435	False	True
MARIA	5	800	105	30	0.0095238	0.0095238	0	0	0	free	0.66667	0	0	MAR		MAR	MAR	0.4949	4.1458	5.22	False	True
LENTIC	6	1400	53	24	0.018868	0.037736	0.083333	0	0	free	0.58333	0	0			LENT	LENT	0.43651	4.1419	3.3967	False	True
DREAD	5	800	137	52	0.058394	0.021898	0.019231	0.13333	0.14286	free	0.40385	0	0.096154			READ	READ	0.30446	4.1415	3.665	False	True
DORAD	5	800	76	28	0	0	0	0	0	free	0.71429	0	0	DOR		DOR	DOR	0.52946	4.1396	3.7377	False	False
ROHES	5	800	236	84	0.0021186	0	0	0	0	cellmate	0.22619	0	0.41667			HES	HES	0.17645	4.1388	3.7894	False	True
BARON	5	800	83	36	0.072289	0.096386	0.083333	0.11111	0.10526	free	0.66667	0	0	BAR		BAR	BAR	0.4949	4.1372	3.4218	False	True
TATOU	5	800	66	27	0	0	0	0	0	free	0.74074	0	0	TAT		TAT	TAT	0.54865	4.1365	3.2138	True	False
VALET	5	800	81	27	0.055556	0.012346	0	0.22222	0.13043	free	0.74074	0	0			VALE	VALE	0.54865	4.1365	3.5256	False	True
MILOR	5	800	67	25	0.014925	0.014925	0	0.090909	0	free	0.8	0	0	MIL		MIL	MIL	0.59166	4.1302	3.5761	False	True
TILTH	5	800	61	25	0	0	0	0	0	free	0.8	0	0	TIL		TILT	TIL	0.59166	4.1302	2.9518	True	False
OCHES	5	800	123	40	0.04065	0.02439	0.025	0.090909	0.090909	free	0.425	0.225	0			CHE	CHE	0.39478	4.1302	3.8944	False	True
OLDIE	5	800	133	42	0.093985	0.11278	0.14286	0.13333	0.088889	free	0.66667	0	0.02381			DIE	DIE	0.49497	4.1295	3.8111	False	True
CONTO	5	800	78	33	0.064103	0.051282	0.090909	0	0.052632	free	0.72727	0	0	CON		CON	CON	0.53888	4.1279	3.3855	False	True
IFTAR	5	800	73	24	0	0	0	0	0	free	0.83333	0	0	TAR		TAR	TAR	0.61585	4.1271	3.285	True	False
SENHOR	6	1400	96	34	0	0	0	0	0	free	0.32353	0	0.088235		HONERS	SEN	SEN	0.24836	4.1264	3.9102	False	False
GENAL	5	800	122	48	0.020492	0.032787	0.020833	0	0.029412	free	0.4375	0	0.020833			GEN	GEN	0.32867	4.1259	2.6593	False	True
RENEW	5	800	68	23	0.036765	0.014706	0	0	0.095238	free	0.86957	0	0	REN		REN	REN	0.64214	4.124	3.3843	False	True
SCALA	5	800	64	22	0.015625	0.015625	0	0.125	0	free	0.90909	0	0	CAL		CAL	CAL	0.67082	4.1209	3.1233	False	True
PIRAI	5	800	77	22	0	0	0	0	0	free	0.90909	0	0	RAI		PIR	RAI	0.67082	4.1209	4.06	True	False
WAIDE	5	800	64	30	0.078125	0.0625	0.1	0	0.18182	free	0.8	0	0	WAI		AIDE	WAI	0.59166	4.1186	2.8576	False	True
NISSE	5	800	255	80	0.02549	0.019608	0	0	0	free	0.2375	0	0.175		SINES	NIS	NIS	0.18397	4.1097	5.4738	False	True
MIROS	5	800	108	43	0.037037	0.018519	0.023256	0.047619	0.066667	free	0.48837	0	0			MIR	MIR	0.36552	4.1096	3.3351	False	True
GELATI	6	1400	55	19	0.063636	0.054545	0.10526	0.27273	0	free	0.73684	0	0	LAT		LAT	LAT	0.54751	4.106	4.2548	False	True
ARTSIES	7	1800	103	29	0.0048544	0	0	0.045455	0	free	0.31034	0	0			ARTS	ARTS	0.22525	4.1041	3.9309	False	True
NOETIC	6	1400	75	30	0	0	0	0	0	free	0.36667	0	0			TIC	TIC	0.27984	4.1023	2.9723	True	False
ANETIC	6	1400	106	30	0	0	0	0	0	free	0.36667	0	0			NET	NET	0.27984	4.1023	4.948	True	False
ARTSIER	7	1800	104	29	0.0096154	0	0	0	0.04	free	0.31034	0	0.034483			ARTS	ARTS	0.22497	4.0989	4.4849	False	True
TWIRES	6	1400	50	18	0.09	0.08	0.11111	0.36364	0.11765	free	0.77778	0	0	WIRES		WIRES	WIRES	0.57711	4.0988	3.7517	False	True
ROSINER	7	1800	52	16	0.048077	0.057692	0.125	0	0.090909	free	0.75	0	0	SINE		SINE	SINE	0.5327	4.0983	4.6428	False	True
NASIAL	6	1400	72	29	0	0	0	0	0	free	0.37931	0	0			NAS	NAS	0.28898	4.0951	2.7409	True	False
ALDERN	6	1400	76	29	0.026316	0	0	0	0.04	free	0.37931	0	0.068966		LANDER	ALDER	ALDER	0.28876	4.092	1.9621	False	True
ENACT	5	800	183	70	0.046448	0.043716	0.071429	0.052632	0.073529	free	0.37143	0	0			ACT	ACT	0.28066	4.0897	3.0063	False	True
EMAILS	6	1400	57	16	0.04386	0.035088	0.125	0.090909	0	free	0.875	0	0	MAILS	MAILES	MAILS	MAILS	0.64741	4.0844	4.5263	False	True
AIRIER	6	1400	52	16	0.048077	0.057692	0.125	0	0.0625	free	0.875	0	0	AIR		AIR	AIR	0.64741	4.0844	3.6876	False	True
ICHES	5	800	116	38	0.077586	0.068966	0.078947	0.25	0.17143	free	0.52632	0.21053	0			CHE	CHE	0.46346	4.08	4.2249	False	True
SENSOR	6	1400	115	35	0.043478	0.043478	0.085714	0.045455	0.12	free	0.42857	0	0.14286			SENS	SENS	0.32414	4.0778	5.1991	False	True
RETRATE	7	1800	56	12	0.017857	0.035714	0.16667	0	0	free	1	0	0	RATE		RATE	RATE	0.70752	4.0776	6.9386	False	True
REGNA	5	800	212	67	0.0023585	0	0	0.027778	0.018868	cellmate	0.28358	0	0.31343			REG	REG	0.21781	4.0749	3.5052	False	True
ISLED	5	800	259	98	0.0096525	0	0	0.039216	0.043478	cellmate	0.18367	0.010204	0.33673			LED	LED	0.14879	4.0715	4.4418	False	True
LIEDER	6	1400	57	26	0.0087719	0	0	0.16667	0	free	0.42308	0	0.076923			LIED	LIED	0.32038	4.0704	3.1539	False	True
NISEIS	6	1400	85	25	0	0	0	0	0	free	0.44	0	0			NIS	NIS	0.33286	4.0664	4.2278	True	False
PESETA	6	1400	76	25	0.0065789	0	0	0.052632	0	free	0.44	0	0			PES	PES	0.33286	4.0664	5.664	False	True
YEARD	5	800	83	29	0.0060241	0.012048	0.034483	0	0	free	0.72414	0	0			EAR	EAR	0.53661	4.0661	3.3353	False	True
TRIENES	7	1800	81	21	0	0	0	0	0	free	0.42857	0	0			TRIE	TRIE	0.30793	4.0627	3.744	False	False
AIRTHS	6	1400	86	24	0.005814	0	0	0	0.045455	free	0.45833	0	0	AIR		AIR	AIR	0.34612	4.0592	5.6868	False	True
SUNIS	5	800	96	35	0.067708	0.10417	0.11429	0	0.05	free	0.71429	0	0			SUN	SUN	0.52946	4.0575	3.0007	False	True
BASON	5	800	70	26	0.0071429	0.014286	0.038462	0	0	free	0.80769	0	0	BAS		BAS	BAS	0.59724	4.0567	3.9003	False	True
GARTH	5	800	77	26	0.032468	0.038961	0.038462	0	0	free	0.80769	0	0	GAR		GART	GAR	0.59724	4.0567	3.3445	False	True
TSADES	6	1400	108	24	0	0	0	0	0	free	0.45833	0	0.125			SADES	SADES	0.34572	4.0545	5.1721	False	False
NACRED	6	1400	76	24	0	0	0	0	0	free	0.45833	0	0.16667			RED	RED	0.34559	4.0529	3.5319	False	False
IGNITE	6	1400	72	23	0.013889	0.013889	0	0.1	0	free	0.47826	0	0			NITE	NITE	0.36053	4.052	3.5949	False	True
UNREAL	6	1400	66	23	0.022727	0.015152	0	0	0.058824	free	0.47826	0	0			REAL	REAL	0.36053	4.052	3.5813	False	True
EDITED	6	1400	54	23	0.027778	0	0	0	0	free	0.47826	0	0.043478			DITE	DITE	0.36039	4.0505	3.5963	False	True
SPARD	5	800	79	23	0.031646	0.012658	0.043478	0.090909	0.11538	free	0.91304	0	0.043478	SPA		SPAR	SPA	0.67381	4.0482	4.2952	False	True
ENACTS	6	1400	88	30	0.051136	0.045455	0.1	0.052632	0.066667	free	0.5	0	0.033333			ACTS	ACTS	0.37614	4.0482	2.9404	False	True
SADIST	6	1400	55	22	0.027273	0.018182	0	0	0.05	free	0.5	0	0			SAD	SAD	0.37625	4.0448	3.8924	False	True
SECRETA	7	1800	56	17	0	0	0	0	0	free	0.52941	0	0	RET		RET	RET	0.37844	4.042	4.1308	False	False
CERITES	7	1800	58	17	0	0	0	0	0	free	0.52941	0	0	RIT		RITES	RIT	0.37844	4.042	5.6684	True	False
TERRIT	6	1400	70	21	0	0	0	0	0	free	0.52381	0	0	RIT		RIT	RIT	0.39347	4.0377	4.4177	False	False
CHAETA	6	1400	50	21	0	0	0	0	0	free	0.52381	0	0	CHA		CHA	CHA	0.39347	4.0377	3.1395	True	False
INURED	6	1400	62	21	0	0	0	0	0	free	0.52381	0	0			RED	RED	0.39347	4.0377	3.7271	False	False
IRISATE	7	1800	53	16	0	0	0	0	0	free	0.5625	0	0	SAT		SATE	SAT	0.40158	4.0368	4.6832	True	False
ANSATED	7	1800	51	16	0.0098039	0	0	0.125	0	free	0.5625	0	0	SAT		SATE	SAT	0.40158	4.0368	5.9356	False	True
HALIDE	6	1400	58	21	0.017241	0	0	0.083333	0.05	free	0.52381	0	0.047619			LID	LID	0.39331	4.0361	2.8191	False	True
LAPIN	5	800	77	28	0.064935	0.064935	0.14286	0	0.10345	free	0.89286	0	0	PIN		LAP	PIN	0.65904	4.0358	3.5532	False	True
TONSOR	6	1400	67	21	0	0	0	0	0	free	0.52381	0	0.095238	TON		TONS	TON	0.39316	4.0345	5.4179	True	False
INSANER	7	1800	54	15	0.018519	0	0	0	0	free	0.6	0	0	SAN		SANER	SAN	0.4278	4.0317	5.2438	False	True
LIENORS	7	1800	53	15	0	0	0	0	0	free	0.6	0	0			LIE	LIE	0.4278	4.0317	4.1275	False	False
SEITENS	7	1800	60	15	0	0	0	0	0	free	0.6	0	0			TENS	TENS	0.4278	4.0317	4.975	True	False
GENERA	6	1400	67	20	0.0074627	0	0	0.090909	0	free	0.55	0	0			GENE	GENE	0.4124	4.0305	3.5144	False	True
ORGEAT	6	1400	54	20	0	0	0	0	0	free	0.55	0	0	EAT		EAT	EAT	0.4124	4.0305	3.7089	True	False
MEREL	5	800	113	42	0.026549	0.026549	0.047619	0.076923	0.05	free	0.52381	0	0			MERE	MERE	0.39124	4.0299	3.7013	False	True
PERSON	6	1400	62	20	0.016129	0.016129	0	0	0	free	0.55	0	0.1	SON		PER	SON	0.41208	4.0273	4.355	False	True
TESTY	5	800	108	40	0.083333	0.064815	0.05	0.10526	0.074074	free	0.55	0	0			TEST	TEST	0.41024	4.0237	3.3422	False	True
RADISH	6	1400	56	19	0	0	0	0	0	free	0.57895	0	0			RAD	RAD	0.43333	4.0233	4.1617	False	False
AGNATE	6	1400	52	19	0	0	0	0	0	free	0.57895	0	0			NAT	NAT	0.43333	4.0233	3.032	False	False
HALIERS	7	1800	56	15	0.0089286	0.017857	0	0	0	free	0.6	0	0.13333			LIERS	LIERS	0.42671	4.0213	4.6184	False	True
NANITES	7	1800	51	13	0	0	0	0	0	free	0.69231	0	0			NITES	NITES	0.49235	4.0213	5.2389	True	False
APING	5	800	81	24	0.080247	0.098765	0.041667	0.2	0.074074	free	0.79167	0.16667	0	PING		PING	PING	0.64135	4.0188	3.8445	False	True
DERED	5	800	115	33	0.069565	0.086957	0.090909	0.04	0.088235	free	0.69697	0.030303	0			DERE	DERE	0.52703	4.0187	4.6156	False	True
SAGIER	6	1400	60	18	0.0083333	0.016667	0	0	0	free	0.61111	0	0			SAG	SAG	0.45659	4.0161	4.0158	False	True
OSCINE	6	1400	55	18	0	0	0	0	0	free	0.61111	0	0			CINE	CINE	0.45659	4.0161	2.7017	True	False
OPING	5	800	64	23	0.0078125	0	0	0.083333	0.04	free	0.82609	0.043478	0	PING		PING	PING	0.62513	4.0148	3.7505	False	True
LAITH	5	800	149	51	0.030201	0.0067114	0	0.15789	0.10256	free	0.37255	0	0.019608			AIT	AIT	0.28153	4.0092	3.9144	False	True
NARCOS	6	1400	50	17	0.01	0.02	0	0	0	free	0.64706	0	0	COS		COS	COS	0.48259	4.0089	3.0961	False	True
GAINST	6	1400	58	17	0.017241	0	0	0.1	0.045455	free	0.64706	0	0			GAINS	GAINS	0.48259	4.0089	4.3903	False	True
GROSET	6	1400	60	17	0	0	0	0	0	free	0.64706	0	0			ROSE	ROSE	0.48259	4.0089	4.507	False	False
GENRES	6	1400	51	17	0.0098039	0	0	0.1	0	free	0.64706	0	0	RES		GEN	RES	0.48259	4.0089	4.3744	False	True
NONAS	5	800	141	49	0.049645	0.049645	0	0.058824	0.030303	free	0.38776	0	0			NON	NON	0.29251	4.0022	4.4671	False	True
CHAISE	6	1400	54	16	0.055556	0	0	0.28571	0.045455	free	0.6875	0	0	CHA		CHA	CHA	0.51183	4.0017	3.8209	False	True
GENTES	6	1400	73	16	0.061644	0.054795	0	0.05	0.066667	free	0.6875	0	0			GENT	GENT	0.51183	4.0017	5.0373	False	True
RATHEST	7	1800	51	9	0	0	0	0	0	free	1	0	0	RAT	HATTERS	RAT	RAT	0.70752	4.0006	6.0749	True	False
AGREE	5	800	101	32	0.054455	0.039604	0.0625	0.16667	0.13636	free	0.6875	0	0.0625	REE		REE	REE	0.5102	4.0004	3.8592	False	True
SESAME	6	1400	54	16	0	0	0	0	0	free	0.6875	0	0.0625			SAME	SAME	0.51163	4.0002	3.4818	True	False
HOAED	5	800	131	48	0	0	0	0	0	free	0.39583	0	0			HOA	HOA	0.29837	3.9991	3.3421	False	False
ORPINE	6	1400	59	15	0.0084746	0.016949	0	0	0	free	0.73333	0	0	PINE		PINE	PINE	0.54497	3.9945	5.3582	False	True
ATMOS	5	800	106	44	0	0	0	0	0	free	0.43182	0	0.045455	MOS		MOS	MOS	0.32461	3.9883	3.4465	True	False
MASLIN	6	1400	52	14	0	0	0	0	0	free	0.78571	0	0	MAS		MAS	MAS	0.58284	3.9874	4.7123	True	False
SOPITE	6	1400	54	14	0.0092593	0	0	0	0.058824	free	0.78571	0	0	PIT		SOP	PIT	0.58284	3.9874	4.4923	False	True
LEAPT	5	800	89	28	0.050562	0.044944	0.071429	0.043478	0.095238	free	0.78571	0	0.035714	LEA		LEA	LEA	0.58139	3.9871	4.1037	False	True
CORSO	5	800	86	28	0.023256	0.034884	0.071429	0	0	free	0.78571	0	0	CORS		CORS	CORS	0.58129	3.9864	3.8032	False	True
REACT	5	800	268	96	0.093284	0.052239	0.09375	0.093023	0.20548	cellmate	0.3125	0.010417	0.34375		CARTE,CATER	ACT	ACT	0.24236	3.9837	3.6703	False	True
TAPAS	5	800	71	24	0.091549	0.12676	0.083333	0	0.058824	free	0.91667	0	0	TAP		TAP	TAP	0.67632	3.9739	3.2571	False	True
TAPETS	6	1400	68	12	0.022059	0.014706	0	0	0.11765	free	0.91667	0	0	TAPE	PATTES	TAPE	TAPE	0.67753	3.973	6.7234	False	True
DEGAS	5	800	107	38	0	0	0	0	0	free	0.5	0	0.052632			GAS	GAS	0.37411	3.9696	3.5768	False	False
TROAD	5	800	168	62	0.035714	0.017857	0.016129	0.076923	0.090909	free	0.32258	0	0			ROAD	ROAD	0.24521	3.966	2.6285	False	True
SEBATE	6	1400	50	11	0	0	0	0	0	free	1	0	0	BATE		BATE	BATE	0.73779	3.9658	4.8203	True	False
RODEO	5	800	109	37	0.022936	0.0091743	0	0.058824	0.071429	free	0.51351	0	0			RODE	RODE	0.38377	3.9649	3.3604	False	True
NEPIT	5	800	121	35	0	0	0	0	0	free	0.54286	0	0	PIT		PIT	PIT	0.40506	3.9587	5.1316	True	False
CHIRO	5	800	77	33	0.0064935	0	0	0	0.04	free	0.57576	0	0			CHI	CHI	0.42893	3.9525	2.5825	False	True
DERNIES	7	1800	58	25	0.025862	0.051724	0.12	0	0	free	0.52	0	0.04			DERN	DERN	0.37153	3.9508	2.5594	False	True
SALMI	5	800	101	31	0	0	0	0	0	free	0.6129	0	0.096774	SAL	MAILS	SAL	SAL	0.45616	3.9486	3.8937	True	False
PRORE	5	800	89	31	0.05618	0.033708	0	0.1875	0.14286	free	0.6129	0	0.064516			RORE	RORE	0.45607	3.9479	3.8712	False	True
KETAS	5	800	83	30	0.012048	0	0	0.083333	0.083333	free	0.63333	0	0.066667	TAS	TAKES,STAKE	TAS	TAS	0.4709	3.9447	3.4254	False	True
TACAN	5	800	82	30	0	0	0	0	0	free	0.63333	0	0	CAN		CAN	CAN	0.47071	3.9432	3.4224	True	False
EYRES	5	800	88	30	0.011364	0	0	0	0.071429	free	0.63333	0	0	RES		RES	RES	0.47071	3.9432	3.364	False	True
ABEAR	5	800	81	28	0	0	0	0	0	free	0.67857	0	0	BEAR		BEAR	BEAR	0.50354	3.9369	3.8069	True	False
CAMEO	5	800	61	28	0	0	0	0	0	free	0.67857	0	0	CAME		CAME	CAME	0.50354	3.9369	2.4378	False	False
OUTRO	5	800	64	28	0.03125	0	0	0.14286	0.076923	free	0.67857	0	0	OUT		OUT	OUT	0.50354	3.9369	2.6977	False	True
AFRIT	5	800	65	27	0	0	0	0	0	free	0.7037	0	0	RIT		RIT	RIT	0.52178	3.9338	2.699	True	False
NAGAS	5	800	52	26	0.038462	0.019231	0	0	0	free	0.73077	0	0.038462			GAS	GAS	0.54153	3.9315	2.1478	False	True
UNTIN	5	800	103	35	0.043689	0.038835	0.085714	0.052632	0.055556	free	0.65714	0	0	TIN		TIN	TIN	0.48799	3.9315	4.7596	False	True
BAIRN	5	800	74	26	0.013514	0.013514	0	0	0	free	0.73077	0	0	AIR		AIR	AIR	0.54142	3.9307	3.5832	False	True
CUTIS	5	800	60	26	0.025	0	0	0.071429	0	free	0.73077	0	0	CUT		CUT	CUT	0.54142	3.9307	2.9508	False	True
REWON	5	800	71	26	0.077465	0.12676	0	0	0	free	0.73077	0	0	WON		REW	WON	0.54142	3.9307	2.6145	False	True
GOEST	5	800	130	50	0.0076923	0.015385	0.02	0	0	free	0.4	0	0.02			GOES	GOES	0.30145	3.9295	3.4858	False	True
ALURE	5	800	119	49	0.02521	0.0084034	0.020408	0.037037	0.03125	free	0.40816	0	0			LURE	LURE	0.30732	3.9256	3.3703	False	True
UNTIL	5	800	110	48	0.031818	0.0090909	0.020833	0.13043	0.088235	free	0.41667	0	0.020833	TIL		TIL	TIL	0.31355	3.9233	2.9118	False	True
COOER	5	800	86	23	0.02907	0.011628	0	0.090909	0.038462	free	0.82609	0	0	COO		COO	COO	0.61059	3.9214	4.1731	False	True
LYRES	5	800	71	22	0.056338	0.042254	0	0	0.18182	free	0.86364	0	0	RES		RES	RES	0.63783	3.9183	2.6963	False	True
APART	5	800	67	20	0	0	0	0	0	free	0.95	0	0	PART		PART	PART	0.7005	3.9121	3.6003	False	False
INGOT	5	800	149	44	0.02349	0.033557	0.022727	0	0	free	0.45455	0	0			GOT	GOT	0.34098	3.9101	4.0098	False	True
THESES	6	1400	65	22	0.076923	0.076923	0.045455	0.066667	0.052632	free	0.54545	0	0			HES	HES	0.40912	3.9095	3.8556	False	True
EASIES	6	1400	100	22	0.08	0.08	0.045455	0.11538	0.18519	free	0.54545	0	0			EAS	EAS	0.40912	3.9095	4.591	False	True
REAIS	5	800	666	205	0.0022523	0.0015015	0	0.015267	0.011628	cellmate	0.078049	0	0.16098			AIS	AIS	0.068227	3.9055	5.0314	False	True
REWAN	5	800	74	26	0.094595	0.10811	0.11538	0.083333	0.18519	free	0.88462	0	0.038462	WAN		REW	WAN	0.65317	3.9043	3.0918	False	True
IDOLS	5	800	109	41	0.0091743	0.0091743	0.02439	0	0.03125	free	0.4878	0	0.02439			DOL	DOL	0.36518	3.9015	3.3612	False	True
TEMED	5	800	89	34	0.067416	0.078652	0.058824	0.18182	0.13043	free	0.61765	0.029412	0			TEME	TEME	0.46917	3.8958	2.4539	False	True
ODALS	5	800	94	36	0.015957	0.010638	0.027778	0.083333	0.043478	free	0.55556	0	0.027778			DAL	DAL	0.41435	3.886	3.1187	False	True
TANDEM	6	1400	54	18	0.0092593	0.018519	0.055556	0	0	free	0.66667	0	0	TAN		TAN	TAN	0.49676	3.8808	4.3383	False	True
IONISER	7	1800	67	22	0.0074627	0.014925	0.045455	0	0	free	0.45455	0	0			NIS	NIS	0.32609	3.8789	3.8119	False	True
DREAM	5	800	142	58	0.080986	0.049296	0.034483	0.1	0.10811	free	0.36207	0	0.017241			REAM	REAM	0.27392	3.8778	2.4773	False	True
STONDS	6	1400	52	17	0.028846	0.019231	0.058824	0	0.125	free	0.70588	0	0	TON		TON	TON	0.52512	3.8736	4.4458	False	True
LOTOS	5	800	101	30	0.084158	0.089109	0.033333	0.27273	0.15385	free	0.66667	0	0.13333	LOT	TOOLS,LOOTS	LOT	LOT	0.49528	3.8697	3.4185	False	True
ABETS	5	800	146	50	0.023973	0.013699	0.04	0.041667	0	free	0.42	0	0.38		BASTE,BEATS,BATES	BETS	BETS	0.31699	3.8672	3.9	False	True
RENEY	5	800	80	30	0.0125	0.025	0.033333	0	0	free	0.66667	0	0	REN		REN	REN	0.4949	3.8665	3.7574	False	True
SCRANS	6	1400	51	16	0.0098039	0.019608	0.0625	0	0	free	0.75	0	0	RAN		RAN	RAN	0.55702	3.8664	3.7712	False	True
STOREY	6	1400	53	16	0.028302	0.018868	0.0625	0.1	0.0625	free	0.75	0	0	TORE		STORE	TORE	0.55702	3.8664	4.6717	False	True
ENISLE	6	1400	123	46	0	0	0	0	0	free	0.21739	0	0.021739			NIS	NIS	0.17183	3.8624	2.8561	True	False
RACIST	6	1400	82	34	0.079268	0.073171	0.058824	0	0.17857	free	0.38235	0	0			CIST	CIST	0.29118	3.8604	3.2911	False	True
RECUT	5	800	71	28	0.06338	0.042254	0.035714	0	0.090909	free	0.71429	0	0	CUT		CUT	CUT	0.52946	3.8603	2.8888	False	True
NOLOS	5	800	95	36	0.089474	0.11579	0.11111	0.0625	0.074074	free	0.66667	0	0.027778	LOS		LOS	LOS	0.49498	3.8588	2.3991	False	True
LABOR	5	800	77	27	0.051948	0.077922	0.037037	0.11765	0.052632	free	0.74074	0	0	BOR		BOR	BOR	0.54865	3.8572	3.1431	False	True
TRAPT	5	800	94	26	0.015957	0.010638	0.038462	0	0.041667	free	0.76923	0	0			TRAP	TRAP	0.56933	3.8541	3.7314	False	True
SMALT	5	800	88	25	0.039773	0.079545	0.04	0	0	free	0.8	0	0	MAL		MALT	MAL	0.59166	3.851	3.9008	False	True
SNIDEST	7	1800	51	16	0.088235	0.078431	0.0625	0.2	0	free	0.625	0	0			SNIDES	SNIDES	0.44529	3.8479	3.0486	False	True
ARMOR	5	800	69	24	0.028986	0.014493	0.041667	0.27273	0.066667	free	0.83333	0	0	MOR		MOR	MOR	0.61585	3.8479	3.2567	False	True
DENIM	5	800	155	51	0.054839	0.070968	0.098039	0.10345	0.025641	free	0.4902	0	0.29412		MINED	DEN	DEN	0.36768	3.84	4.2651	False	True
THROES	6	1400	100	42	0.005	0	0	0	0	free	0.2381	0	0.02381			ROES	ROES	0.18679	3.8337	2.5796	False	True
USERS	5	800	178	60	0.098315	0.089888	0.16667	0.2	0.2619	free	0.48333	0.1	0.05			SER	SER	0.39545	3.833	3.7954	False	True
ATELIER	7	1800	61	13	0.0081967	0.016393	0.076923	0	0	free	0.76923	0	0			LIER	LIER	0.54615	3.8324	6.0314	False	True
AMIRS	5	800	135	40	0.062963	0.037037	0.05	0.13793	0.24242	free	0.525	0	0.1			MIR	MIR	0.39239	3.8242	4.7059	False	True
ARETTED	7	1800	50	11	0.02	0.02	0.090909	0	0	free	0.90909	0	0	RET		RET	RET	0.64395	3.822	6.292	False	True
REDID	5	800	105	40	0.042857	0.038095	0.05	0	0.030303	free	0.525	0	0.025			RED	RED	0.39217	3.8218	3.991	False	True
ARGENT	6	1400	61	27	0.040984	0.065574	0.074074	0	0.047619	free	0.48148	0	0.037037			GENT	GENT	0.36274	3.8086	2.3201	False	True
GENRO	5	800	117	50	0	0	0	0	0	free	0.36	0	0.08		GONER	GEN	GEN	0.2726	3.8059	2.6875	True	False
UNLIT	5	800	71	31	0.021127	0.042254	0.064516	0	0	free	0.67742	0	0	LIT		LIT	LIT	0.50271	3.793	2.5032	False	True
AREOLA	6	1400	95	36	0	0	0	0	0	free	0.27778	0	0			ARE	ARE	0.21556	3.7921	4.2505	True	False
NATAL	5	800	156	46	0.0032051	0	0	0	0	free	0.3913	0	0			NAT	NAT	0.29508	3.7903	4.0094	False	True
UNTIED	6	1400	57	24	0.061404	0.035088	0.083333	0.2	0.11111	free	0.54167	0	0	TIE		TIED	TIE	0.40638	3.7886	3.6299	False	True
GIANT	5	800	138	44	0.028986	0.0072464	0	0	0.061224	free	0.40909	0	0.090909			ANT	ANT	0.30825	3.7872	3.9056	False	True
EGERS	5	800	104	44	0.0048077	0	0	0	0.037037	free	0.40909	0	0			GER	GER	0.30799	3.784	2.3177	False	True
FANOS	5	800	67	28	0.044776	0.059701	0.071429	0	0.055556	free	0.75	0	0	FAN		FAN	FAN	0.55537	3.7837	2.9891	False	True
RABID	5	800	54	28	0.064815	0.074074	0.071429	0.125	0	free	0.75	0	0			BID	BID	0.55537	3.7837	1.8201	False	True
DAINED	6	1400	69	23	0.094203	0.072464	0.086957	0.22222	0.18182	free	0.56522	0	0			AINE	AINE	0.42341	3.7814	4.2008	False	True
MESEL	5	800	111	43	0.0045045	0.009009	0	0	0	free	0.4186	0	0			MES	MES	0.31489	3.7809	3.6199	False	True
STRIM	5	800	166	51	0.039157	0.042169	0.058824	0.041667	0.040816	free	0.43137	0	0			RIM	RIM	0.32416	3.7786	3.9777	False	True
TETRIS	6	1400	132	36	0.0075758	0	0	0.038462	0.037037	free	0.27778	0	0.27778		SITTER	TET	TET	0.21467	3.7764	6.0053	False	True
THREE	5	800	120	41	0.075	0.033333	0	0.15	0.1	free	0.43902	0	0.04878	REE		REE	REE	0.32985	3.7763	3.394	False	True
HOORD	5	800	62	25	0.032258	0.048387	0.08	0	0.047619	free	0.84	0	0	HOO		HOO	HOO	0.62068	3.7744	2.7514	False	True
MERER	5	800	93	39	0.032258	0.032258	0	0.071429	0.083333	free	0.46154	0	0			MERE	MERE	0.34605	3.7685	2.4607	False	True
LIDARS	6	1400	60	21	0.05	0.1	0.095238	0	0	free	0.61905	0	0			LID	LID	0.46233	3.767	2.6807	False	True
RELIANT	7	1800	73	25	0.027397	0.054795	0.16	0	0	free	0.56	0	0			ANT	ANT	0.39983	3.767	3.6404	False	True
NOOIT	5	800	97	38	0	0	0	0	0	free	0.47368	0	0			NOO	NOO	0.35486	3.7654	3.1158	True	False
DIRAM	5	800	120	37	0.0083333	0.016667	0	0	0	free	0.48649	0	0			RAM	RAM	0.36415	3.7623	3.6981	False	True
CHOTA	5	800	92	36	0.0054348	0	0	0	0	free	0.5	0	0.027778	HOT		HOT	HOT	0.37404	3.76	3.2397	False	True
NEELD	5	800	103	36	0	0	0	0	0	free	0.5	0	0			NEE	NEE	0.37396	3.7592	3.6358	True	False
IMARI	5	800	114	36	0	0	0	0	0	free	0.5	0	0	MAR		MAR	MAR	0.37396	3.7592	4.5463	True	False
SACRA	5	800	131	36	0	0	0	0	0	free	0.5	0	0			SAC	SAC	0.37396	3.7592	3.4064	True	False
ERGON	5	800	123	35	0	0	0	0	0	free	0.51429	0	0.057143	GON	GONER	GON	GON	0.38449	3.7577	4.2346	False	False
LUNIES	6	1400	53	27	0.075472	0.13208	0.18519	0	0	free	0.62963	0	0	LUN		NIES	LUN	0.46998	3.7575	3.07	False	True
INTOED	6	1400	84	31	0	0	0	0	0	free	0.32258	0	0			TOE	TOE	0.24796	3.7562	3.329	True	False
SHEILA	6	1400	87	30	0	0	0	0	0	free	0.33333	0	0			SHE	SHE	0.25573	3.749	4.1203	True	False
REAGIN	6	1400	98	31	0.035714	0.020408	0	0.14286	0.071429	free	0.32258	0	0.22581			GIN	GIN	0.24723	3.7452	4.1661	False	True
ALGIN	5	800	96	31	0	0	0	0	0	free	0.58065	0	0			GIN	GIN	0.43248	3.7436	2.9223	False	False
MESNE	5	800	151	53	0.0033113	0.0066225	0.018868	0	0	free	0.35849	0	0.18868			MES	MES	0.27181	3.7434	3.2786	False	True
TABIS	5	800	80	30	0.0375	0.05	0	0	0	free	0.6	0	0.066667			TAB	TAB	0.44672	3.7421	2.4251	False	True
DARTRE	6	1400	66	17	0.05303	0.030303	0.11765	0.090909	0.052632	free	0.76471	0	0			DART	DART	0.56765	3.7383	4.2087	False	True
NAGOR	5	800	85	29	0	0	0	0	0	free	0.62069	0	0.034483	GOR		GOR	GOR	0.46164	3.7382	3.233	True	False
GOSTER	6	1400	78	28	0.019231	0.025641	0	0	0.043478	free	0.35714	0	0			GOS	GOS	0.27295	3.7346	2.7813	False	True
LAPIS	5	800	87	27	0.022989	0.011494	0	0	0.035714	free	0.66667	0	0.074074			LAP	LAP	0.49511	3.7328	3.9186	False	True
SADOS	5	800	84	26	0.0059524	0	0	0	0.038462	free	0.69231	0	0.038462			SAD	SAD	0.51362	3.7289	4.1317	False	True
ATMAN	5	800	63	26	0	0	0	0	0	free	0.69231	0	0	MAN		MAN	MAN	0.51351	3.7281	2.6968	True	False
NOMEN	5	800	72	26	0	0	0	0	0	free	0.69231	0	0			NOME	NOME	0.51351	3.7281	3.1555	True	False
GHAST	5	800	59	26	0.033898	0.016949	0	0	0	free	0.69231	0	0	HAST		HAST	HAST	0.51351	3.7281	2.54	False	True
DINIC	5	800	55	26	0	0	0	0	0	free	0.69231	0	0	DIN		DIN	DIN	0.51351	3.7281	2.4318	True	False
LIGAN	5	800	79	26	0.025316	0.025316	0	0	0	free	0.69231	0	0	GAN		GAN	GAN	0.51351	3.7281	3.0495	False	True
URARE	5	800	106	26	0	0	0	0	0	free	0.69231	0	0			RARE	RARE	0.51351	3.7281	4.7312	True	False
FILAR	5	800	62	25	0.016129	0	0	0	0.04	free	0.72	0	0.04	FIL		FIL	FIL	0.53372	3.7258	2.8891	False	True
TENTY	5	800	62	25	0.032258	0.032258	0	0	0	free	0.72	0	0.04			TENT	TENT	0.53372	3.7258	2.4552	False	True
TOTEM	5	800	68	25	0.029412	0.029412	0	0	0.052632	free	0.72	0	0.04	TOTE	MOTTE	TOTE	TOTE	0.53372	3.7258	3.1679	False	True
TYRAN	5	800	66	25	0	0	0	0	0	free	0.72	0	0	RAN		RAN	RAN	0.5336	3.725	2.8925	True	False
SALATS	6	1400	62	15	0.016129	0.032258	0.13333	0	0	free	0.86667	0	0	SAL		LATS	SAL	0.64138	3.7239	6.3306	False	True
SANGH	5	800	69	24	0	0	0	0	0	free	0.75	0	0.041667	SAN		SANG	SAN	0.55549	3.7227	3.0242	True	False
SINHS	5	800	86	24	0.011628	0.011628	0	0	0	free	0.75	0	0	SIN		SIN	SIN	0.55537	3.7219	3.7238	False	True
TELIAL	6	1400	74	26	0	0	0	0	0	free	0.38462	0	0			TEL	TEL	0.29282	3.7202	3.5303	True	False
NASUTE	6	1400	62	26	0	0	0	0	0	free	0.38462	0	0			NAS	NAS	0.29282	3.7202	3.0548	True	False
ROARIE	6	1400	75	26	0.026667	0.04	0	0	0.076923	free	0.38462	0	0			ROAR	ROAR	0.29282	3.7202	3.4039	False	True
RAMAL	5	800	58	23	0.0086207	0.017241	0	0	0	free	0.78261	0	0	MAL		RAM	MAL	0.57904	3.7188	2.9246	False	True
SALPS	5	800	61	22	0.032787	0	0	0.11111	0.1875	free	0.81818	0	0.045455	SAL		SAL	SAL	0.60498	3.7165	2.8238	False	True
STROMA	6	1400	67	25	0	0	0	0	0	free	0.4	0	0.08			ROM	ROM	0.30368	3.7099	2.726	True	False
BANIA	5	800	56	20	0	0	0	0	0	free	0.9	0	0	BAN		BAN	BAN	0.66422	3.7094	3.0754	False	False
AGARS	5	800	58	20	0.017241	0.017241	0	0	0	free	0.9	0	0	GAR		GAR	GAR	0.66422	3.7094	3.1174	False	True
OCTAS	5	800	140	43	0.014286	0.014286	0.023256	0	0	free	0.44186	0	0.093023	TAS		TAS	TAS	0.33204	3.7075	4.5904	False	True
SANGA	5	800	92	28	0.059783	0.065217	0.10714	0	0.05	free	0.78571	0	0	SAN		SANG	SAN	0.58129	3.7071	3.5435	False	True
PESTY	5	800	52	19	0.048077	0.019231	0	0	0.11765	free	0.94737	0	0			PEST	PEST	0.6986	3.7063	2.4688	False	True
NASION	6	1400	78	24	0	0	0	0	0	free	0.41667	0	0			NAS	NAS	0.31599	3.7059	3.0907	True	False
HERIED	6	1400	77	23	0	0	0	0	0	free	0.43478	0	0.043478			HER	HER	0.32895	3.6971	3.4246	False	False
IRREAL	6	1400	57	23	0	0	0	0	0	free	0.43478	0	0.086957			REAL	REAL	0.32881	3.6955	2.5942	True	False
SHERDS	6	1400	54	22	0.055556	0.018519	0	0	0	free	0.45455	0	0			SHE	SHE	0.34338	3.6915	2.4333	False	True
OCTANS	6	1400	53	22	0.009434	0	0	0	0	free	0.45455	0	0	TAN		TAN	TAN	0.34338	3.6915	3.7061	False	True
AHING	5	800	95	38	0.057895	0.10526	0.026316	0	0	free	0.5	0	0	HIN		HING	HIN	0.37396	3.6888	3.2567	False	True
SCRIES	6	1400	62	21	0.016129	0	0	0	0.090909	free	0.47619	0	0			CRIES	CRIES	0.35903	3.6843	2.6065	False	True
DRUSEN	6	1400	50	21	0	0	0	0	0	free	0.47619	0	0			SEN	SEN	0.35903	3.6843	3.6993	True	False
LECTOR	6	1400	52	21	0	0	0	0	0	free	0.47619	0	0	TOR		TOR	TOR	0.35903	3.6843	3.1435	False	False
DIESES	6	1400	51	21	0	0	0	0	0	free	0.47619	0	0			DIES	DIES	0.35903	3.6843	3.2538	True	False
SMEES	5	800	92	34	0.076087	0.086957	0.029412	0	0.041667	free	0.55882	0	0.14706	MEE		MEES	MEE	0.41706	3.6803	2.9831	False	True
NAILSET	7	1800	64	20	0.03125	0.03125	0.1	0.058824	0.052632	free	0.55	0	0			NAILS	NAILS	0.39284	3.6797	5.2797	False	True
DREED	5	800	95	35	0.042105	0.010526	0.028571	0.1	0.086957	free	0.54286	0	0	REE		REED	REE	0.40506	3.6795	3.6679	False	True
DRICE	5	800	94	34	0.026596	0.031915	0.029412	0	0	free	0.55882	0	0.029412	ICE		RICE	ICE	0.41673	3.6771	3.6193	False	True
PROINE	6	1400	75	20	0.0066667	0	0	0	0	free	0.5	0	0			PRO	PRO	0.37625	3.6771	4.5411	False	True
ONAGER	6	1400	68	20	0	0	0	0	0	free	0.5	0	0	AGE		AGER	AGE	0.37625	3.6771	5.0855	True	False
CRIANT	6	1400	58	20	0	0	0	0	0	free	0.5	0	0			ANT	ANT	0.37625	3.6771	3.718	True	False
SELLAE	6	1400	71	20	0.014085	0.014085	0	0	0	free	0.5	0	0			SELL	SELL	0.37625	3.6771	4.0409	False	True
USNEAS	6	1400	55	20	0	0	0	0	0	free	0.5	0	0			EAS	EAS	0.37625	3.6771	2.9268	True	False
SHELTA	6	1400	56	20	0	0	0	0	0	free	0.5	0	0			SHE	SHE	0.37625	3.6771	2.929	True	False
STAYRE	6	1400	57	20	0.04386	0	0	0.090909	0.18182	free	0.5	0	0			STAY	STAY	0.37625	3.6771	3.2675	False	True
NATURE	6	1400	66	20	0.015152	0	0	0.0625	0.055556	free	0.5	0	0			NAT	NAT	0.37625	3.6771	3.766	False	True
TENGE	5	800	125	34	0.052	0.056	0.029412	0.038462	0.025641	free	0.55882	0	0			TEN	TEN	0.41665	3.6764	4.2586	False	True
ORCINE	6	1400	65	20	0	0	0	0	0	free	0.5	0	0.05			CINE	CINE	0.37609	3.6756	3.3973	False	False
ARGON	5	800	97	32	0.010309	0.010309	0.03125	0	0	free	0.59375	0	0	GON		GON	GON	0.44199	3.6701	3.4128	False	True
AARTIS	6	1400	73	19	0	0	0	0	0	free	0.52632	0	0			TIS	TIS	0.39528	3.6699	3.7522	True	False
TSADIS	6	1400	61	19	0	0	0	0	0	free	0.52632	0	0			SAD	SAD	0.39528	3.6699	3.8369	True	False
ARLING	6	1400	60	19	0.058333	0.083333	0.21053	0.11111	0	free	0.78947	0.10526	0	LING		LING	LING	0.60579	3.6698	4.2995	False	True
SNEESH	6	1400	51	19	0	0	0	0	0	free	0.52632	0	0.052632			NEE	NEE	0.39511	3.6684	2.9142	True	False
STERILE	7	1800	89	30	0.011236	0	0	0	0.090909	free	0.26667	0	0.033333			RILE	RILE	0.19443	3.6647	3.0654	False	True
ARBAS	5	800	70	29	0.0071429	0.014286	0.034483	0	0	free	0.65517	0	0.034483	BAS		BAS	BAS	0.48666	3.6616	2.7439	False	True
DELAY	5	800	84	38	0.065476	0.059524	0.10526	0.066667	0.10714	free	0.60526	0	0			DEL	DEL	0.45034	3.6616	2.596	False	True
CORNO	5	800	71	29	0.028169	0.042254	0.034483	0.076923	0.055556	free	0.65517	0	0	COR		CORN	COR	0.48656	3.6608	2.696	False	True
HAOLES	6	1400	55	17	0	0	0	0	0	free	0.58824	0	0			OLES	OLES	0.44005	3.6556	1.5821	True	False
RAPHES	6	1400	50	17	0.02	0	0	0.125	0.066667	free	0.58824	0	0		SHAPER	RAP	RAP	0.44005	3.6556	3.9239	False	True
CREEL	5	800	82	27	0.079268	0.036585	0.037037	0.2	0.26087	free	0.7037	0	0	REE		CREE	REE	0.52178	3.6546	2.7711	False	True
CONTRA	6	1400	57	17	0.070175	0.017544	0	0.14286	0.071429	free	0.58824	0	0.058824	CON		CON	CON	0.43986	3.654	3.8959	False	True
TRANSES	7	1800	63	15	0.063492	0.063492	0.13333	0	0.16667	free	0.73333	0	0	RAN		RAN	RAN	0.52104	3.6538	4.7403	False	True
DEWAN	5	800	61	25	0.0081967	0.016393	0.04	0	0	free	0.76	0	0.04	WAN		WAN	WAN	0.56274	3.6492	2.6707	False	True
WROTE	5	800	84	25	0.071429	0.047619	0.04	0	0.071429	free	0.76	0	0.04	ROTE	TOWER	ROTE	ROTE	0.56274	3.6492	3.1994	False	True
ERGOTS	6	1400	63	16	0	0	0	0	0	free	0.625	0	0			GOT	GOT	0.46663	3.6484	4.0656	False	False
DOORN	5	800	52	25	0.028846	0.038462	0.04	0	0.071429	free	0.76	0	0	DOO		DOOR	DOO	0.56263	3.6484	2.316	False	True
HERONS	6	1400	107	35	0.070093	0.0093458	0.028571	0.125	0.14706	free	0.31429	0	0.057143		HONERS	HER	HER	0.24178	3.6465	3.7848	False	True
HEIRED	6	1400	64	23	0.078125	0.046875	0.13043	0.33333	0	free	0.6087	0	0			RED	RED	0.45485	3.6461	3.0426	False	True
FINOS	5	800	72	24	0.076389	0.083333	0.041667	0	0.05	free	0.79167	0	0	FIN		FIN	FIN	0.58561	3.6453	3.1382	False	True
MORRA	5	800	50	24	0.07	0.1	0.041667	0	0.066667	free	0.79167	0	0	MOR		MOR	MOR	0.58561	3.6453	1.9841	False	True
SEINED	6	1400	165	55	0.054545	0.030303	0.036364	0.09375	0.11905	free	0.21818	0	0.18182			SEI	SEI	0.17189	3.6423	4.969	False	True
BASNET	6	1400	53	15	0	0	0	0	0	free	0.66667	0	0	BAS		BAS	BAS	0.49676	3.6412	4.7151	True	False
HAREMS	6	1400	51	15	0.019608	0	0	0	0.15385	free	0.66667	0	0.066667			HARE	HARE	0.49655	3.6396	4.7101	False	True
CRITH	5	800	70	22	0.064286	0.014286	0.045455	0.23077	0.0625	free	0.86364	0	0	RIT		RIT	RIT	0.63783	3.6391	3.1934	False	True
AIRMEN	6	1400	51	15	0	0	0	0	0	free	0.66667	0	0.13333	AIR		AIR	AIR	0.49634	3.6381	4.2613	True	False
AUREI	5	800	160	62	0	0	0	0	0	free	0.27419	0	0			REI	REI	0.2101	3.6374	2.5996	True	False
INTELS	6	1400	143	41	0.062937	0.076923	0.097561	0	0.09434	free	0.36585	0	0.04878			TELS	TELS	0.27909	3.637	2.9904	False	True
LIPASE	6	1400	55	14	0.0090909	0	0	0.090909	0.052632	free	0.71429	0	0	PAS		PASE	PAS	0.5312	3.634	4.4956	False	True
ONDINE	6	1400	53	14	0	0	0	0	0	free	0.71429	0	0	DINE		DINE	DINE	0.5312	3.634	4.1548	True	False
ARSIEST	7	1800	87	24	0.011494	0	0	0	0.05	free	0.33333	0	0.041667			ARS	ARS	0.24098	3.6337	3.9013	False	True
BOREE	5	800	52	20	0.038462	0.038462	0.05	0	0	free	0.95	0	0	BORE		BORE	BORE	0.7005	3.6328	2.7659	False	True
NASHI	5	800	133	44	0.022556	0.037594	0.045455	0	0.02381	free	0.45455	0	0			NAS	NAS	0.34098	3.6308	3.5444	False	True
SIMARS	6	1400	55	13	0	0	0	0	0	free	0.76923	0	0	MAR		MARS	MAR	0.57093	3.6268	5.0558	True	False
MANATI	6	1400	53	13	0.009434	0.018868	0	0	0	free	0.76923	0	0	MAN		MAN	MAN	0.57093	3.6268	5.0084	False	True
LIONETS	7	1800	56	21	0.0089286	0	0	0.090909	0.058824	free	0.38095	0	0			NETS	NETS	0.27463	3.6233	3.1571	False	True
REDIAS	6	1400	192	56	0.080729	0.088542	0.17857	0.1	0.13953	free	0.41071	0	0.30357			RED	RED	0.31071	3.616	6.4105	False	True
CANOED	6	1400	58	18	0.094828	0.13793	0.16667	0	0.055556	free	0.77778	0	0	CAN		CAN	CAN	0.57711	3.6101	3.9345	False	True
ARCHI	5	800	91	36	0.065934	0.076923	0.055556	0.055556	0.13636	free	0.55556	0	0			ARCH	ARCH	0.41427	3.606	2.7471	False	True
PETRI	5	800	182	51	0.0027473	0.0054945	0	0	0	free	0.33333	0	0.058824			PET	PET	0.25318	3.6056	5.619	False	True
STIRP	5	800	167	50	0.017964	0.011976	0	0.028571	0.054054	free	0.34	0	0.1			STIR	STIR	0.25814	3.604	3.2693	False	True
ONTIC	5	800	154	50	0	0	0	0	0	free	0.34	0	0			TIC	TIC	0.25785	3.6001	3.172	False	False
ARSENAL	7	1800	50	16	0	0	0	0	0	free	0.5	0	0			ARSE	ARSE	0.35787	3.5975	4.5406	True	False
NITERIE	7	1800	56	15	0	0	0	0	0	free	0.53333	0	0			NITER	NITER	0.38118	3.5923	3.1571	True	False
GENIAL	6	1400	72	27	0.020833	0.027778	0.037037	0	0.052632	free	0.40741	0	0			GEN	GEN	0.3093	3.5921	2.4315	False	True
HIANT	5	800	165	47	0.0030303	0	0	0	0	free	0.3617	0	0			ANT	ANT	0.2736	3.5907	5.1749	False	True
APORT	5	800	123	47	0.01626	0.01626	0	0	0	free	0.3617	0	0			PORT	PORT	0.2736	3.5907	3.0286	False	True
DRAGS	5	800	68	30	0.088235	0.058824	0.066667	0	0.125	free	0.66667	0	0			RAGS	RAGS	0.4949	3.5873	2.0907	False	True
SEROSAL	7	1800	50	14	0	0	0	0	0	free	0.57143	0	0	SAL		SAL	SAL	0.40782	3.5871	3.9833	True	False
NOINTER	7	1800	58	14	0.025862	0.017241	0	0.0625	0.083333	free	0.57143	0	0			INTER	INTER	0.40782	3.5871	2.5432	False	True
ANTIARS	7	1800	55	14	0.018182	0.018182	0	0	0	free	0.57143	0	0			ANTI	ANTI	0.40782	3.5871	4.7675	False	True
LARGO	5	800	66	29	0.05303	0.045455	0.068966	0	0	free	0.68966	0	0	LAR		LAR	LAR	0.51158	3.5842	2.7554	False	True
NOISED	6	1400	132	52	0.07197	0.068182	0.096154	0.13043	0.060606	free	0.30769	0	0			SED	SED	0.23719	3.5838	2.604	False	True
DERAY	5	800	122	44	0.02459	0	0	0.0625	0.086957	free	0.38636	0	0.045455			RAY	RAY	0.29163	3.583	3.013	False	True
COPSE	5	800	67	28	0.037313	0.029851	0.071429	0	0.04	free	0.71429	0	0	COP	COPES	COPS	COP	0.52946	3.5811	2.9734	False	True
THALERS	7	1800	51	12	0.039216	0.019608	0	0.1	0	free	0.66667	0	0			HALERS	HALERS	0.47442	3.5768	4.7561	False	True
AETATIS	7	1800	50	12	0	0	0	0	0	free	0.66667	0	0	TAT		TAT	TAT	0.47442	3.5768	5.3766	True	False
STARLET	7	1800	53	10	0.009434	0.018868	0	0	0	free	0.8	0	0	STAR	LATTERS,RATTLES	STAR	STAR	0.56766	3.5665	5.5986	False	True
RETRAIT	7	1800	64	10	0.015625	0.015625	0	0	0	free	0.8	0	0	RET		RAIT	RET	0.56766	3.5665	7.9869	False	True
HALID	5	800	102	39	0.014706	0	0	0.055556	0.032258	free	0.4359	0	0			LID	LID	0.32744	3.5659	2.3496	False	True
ACHAR	5	800	70	23	0.028777	0.028571	0.086957	0	0	free	0.86957	0	0	CHA		CHAR	CHA	0.64214	3.5656	3.4262	False	True
HAETS	5	800	434	137	0.050691	0.013825	0.014599	0.11111	0.09375	cellmate	0.13139	0	0.45985		HASTE,HATES	HAE	HAE	0.10778	3.5648	4.2496	False	True
ANODES	6	1400	109	30	0.077982	0.045872	0.13333	0.25	0.2069	free	0.5	0	0			NODES	NODES	0.37625	3.5611	4.8523	False	True
OLLIES	6	1400	64	18	0.0625	0.03125	0.055556	0	0.14286	free	0.55556	0.22222	0			LIES	LIES	0.45913	3.5498	4.0628	False	True
ATTEND	6	1400	61	21	0.032787	0.016393	0.047619	0.125	0.16667	free	0.52381	0	0			TEND	TEND	0.39347	3.549	3.4578	False	True
REBAIT	6	1400	56	21	0.044643	0.035714	0.047619	0.1	0	free	0.52381	0	0			BAIT	BAIT	0.39347	3.549	4.0758	False	True
RAPHE	5	800	90	33	0.022222	0	0	0.076923	0.03125	free	0.51515	0	0.060606			RAP	RAP	0.38513	3.5488	3.3025	False	True
LIARD	5	800	164	57	0.0030488	0.0060976	0.017544	0	0	free	0.31579	0	0.035088			LIAR	LIAR	0.24039	3.5468	2.6453	False	True
ONESIE	6	1400	160	51	0	0	0	0	0	free	0.17647	0	0			ONES	ONES	0.14231	3.5466	2.4937	False	False
REGEST	6	1400	65	20	0.069231	0.092308	0.05	0	0.0625	free	0.55	0	0			GEST	GEST	0.4124	3.5418	3.1388	False	True
MPRET	5	800	73	31	0	0	0	0	0	free	0.54839	0	0	RET		PRE	RET	0.40907	3.541	3.2207	True	False
INNATE	6	1400	84	27	0.047619	0.071429	0.14815	0	0	free	0.55556	0	0.074074			NAT	NAT	0.41618	3.5364	4.6369	False	True
ATMAS	5	800	72	29	0	0	0	0	0	free	0.58621	0	0	MAS		MAS	MAS	0.43652	3.5348	3.0912	True	False
TUTOR	5	800	51	28	0.088235	0.039216	0	0	0.25	free	0.60714	0	0	TOR		TUT	TOR	0.45171	3.5317	2.2508	False	True
EMEND	5	800	62	28	0.024194	0	0	0	0.071429	free	0.60714	0	0			MEND	MEND	0.45171	3.5317	2.8243	False	True
SPREE	5	800	80	27	0.0625	0.0125	0	0.125	0.14286	free	0.62963	0	0.11111	REE	PEERS	REE	REE	0.46834	3.531	3.5906	False	True
SIRIH	5	800	67	27	0	0	0	0	0	free	0.62963	0	0			SIR	SIR	0.46803	3.5286	2.2509	True	False
GENET	5	800	128	27	0.03125	0	0	0.028571	0.051282	free	0.62963	0	0			GEN	GEN	0.46803	3.5286	5.3315	False	True
OHONE	5	800	72	26	0	0	0	0	0	free	0.65385	0	0	HONE		HONE	HONE	0.4856	3.5255	3.541	True	False
DECAD	5	800	64	26	0.0078125	0	0	0	0.058824	free	0.65385	0	0			CAD	CAD	0.4856	3.5255	2.3122	False	True
RECENT	6	1400	50	17	0.08	0.04	0.058824	0.1	0.21053	free	0.64706	0	0			CENT	CENT	0.48259	3.5203	3.8381	False	True
SALOL	5	800	75	24	0.0066667	0	0	0.090909	0	free	0.70833	0	0.041667	SAL		SAL	SAL	0.52526	3.52	3.6085	False	True
ALLOT	5	800	101	33	0.084158	0.079208	0.090909	0	0.1	free	0.63636	0	0	LOT		ALL	LOT	0.47291	3.52	3.0143	False	True
RIFEST	6	1400	61	24	0.098361	0.11475	0.16667	0.1	0.0625	free	0.625	0	0			FEST	FEST	0.46663	3.5179	3.2003	False	True
IMINE	5	800	76	23	0	0	0	0	0	free	0.73913	0	0	MINE		MINE	MINE	0.54749	3.5161	3.3522	False	False
TANGO	5	800	130	49	0.084615	0.11538	0.18367	0.045455	0.06383	free	0.59184	0	0	TANG		TANG	TANG	0.4406	3.5154	4.7763	False	True
PATUS	5	800	56	20	0.0089286	0.017857	0	0	0	free	0.85	0	0	PAT		PAT	PAT	0.62794	3.5068	2.7941	False	True
ERNED	5	800	282	91	0.021277	0.010638	0.010989	0.02	0.08	free	0.15385	0.076923	0.13187		ENDER	NED	NED	0.14887	3.5036	3.0508	False	True
SALONS	6	1400	59	22	0.084746	0.067797	0.18182	0.11111	0	free	0.68182	0	0.045455	SAL		SAL	SAL	0.50757	3.502	3.7722	False	True
YALES	5	800	123	43	0.065041	0.04065	0.023256	0.0625	0.057143	free	0.4186	0	0			ALES	ALES	0.31489	3.5017	2.3131	False	True
CLOTES	6	1400	52	14	0.076923	0.096154	0.071429	0	0	free	0.78571	0	0	LOT		LOTES	LOT	0.58284	3.4987	3.938	False	True
TENNOS	6	1400	74	14	0.074324	0.040541	0.071429	0.090909	0.29412	free	0.78571	0	0		SONNET,TONNES	TEN	TEN	0.58284	3.4987	5.1875	False	True
LETHES	6	1400	51	14	0.078431	0.039216	0.071429	0	0	free	0.78571	0	0			LET	LET	0.58284	3.4987	3.7283	False	True
ATOMS	5	800	126	40	0.011905	0.0079365	0.025	0	0	free	0.45	0	0.1			TOMS	TOMS	0.33796	3.4956	3.6365	False	True
LADLE	5	800	71	37	0.056338	0.056338	0.027027	0	0	free	0.48649	0	0.13514			LAD	LAD	0.36454	3.487	1.7746	False	True
SCAIL	5	800	91	38	0.06044	0.043956	0.026316	0.125	0.11111	free	0.47368	0	0			AIL	AIL	0.35486	3.4862	2.6272	False	True
STILB	5	800	82	35	0.0060976	0.012195	0.028571	0	0	free	0.51429	0	0.11429	TIL		TIL	TIL	0.38465	3.48	2.6287	False	True
STICH	5	800	119	44	0.071429	0.084034	0.090909	0.043478	0.064516	free	0.5	0	0.045455			TICH	TICH	0.37409	3.4792	2.8341	False	True
BLETS	5	800	133	43	0.052632	0.052632	0.046512	0.052632	0.051282	free	0.37209	0.16279	0.023256			LETS	LETS	0.33565	3.4717	3.422	False	True
SDEINS	6	1400	116	41	0	0	0	0	0	free	0.21951	0	0.04878			DEI	DEI	0.17328	3.4716	2.1663	False	False
DEMON	5	800	95	31	0.068421	0.084211	0.032258	0	0.064516	free	0.58065	0	0	MON		MON	MON	0.43248	3.4644	3.3051	False	True
AORTAE	6	1400	129	38	0	0	0	0	0	free	0.23684	0	0			TAE	TAE	0.18596	3.4531	3.9919	True	False
CHARA	5	800	85	27	0.071006	0.058824	0.037037	0.11765	0.16667	free	0.66667	0	0.037037	CHA		CHAR	CHA	0.49501	3.4528	2.5972	False	True
BOSIE	5	800	71	27	0.021127	0.042254	0.037037	0	0	free	0.66667	0	0	BOS		BOS	BOS	0.4949	3.452	2.439	False	True
REIGN	5	800	253	91	0.041502	0.0039526	0.010989	0.06	0.063492	free	0.18681	0	0.010989			REI	REI	0.14673	3.4491	3.5679	False	True
BITOS	5	800	56	26	0.071429	0.035714	0.038462	0.2	0.043478	free	0.69231	0	0	BIT		BIT	BIT	0.51351	3.4489	2.1272	False	True
NOMAD	5	800	65	25	0.046154	0.030769	0.04	0.14286	0.1	free	0.72	0	0			MAD	MAD	0.5336	3.4458	2.5216	False	True
AGIST	5	800	134	48	0.026119	0.014925	0.041667	0	0.085106	free	0.39583	0	0.125			GIST	GIST	0.29873	3.4454	2.5271	False	True
POLIS	5	800	91	24	0.043956	0.054945	0.041667	0	0.083333	free	0.75	0	0	POL		POL	POL	0.55537	3.4426	4.2737	False	True
FERER	5	800	56	24	0.026786	0.035714	0.041667	0	0	free	0.75	0	0			FERE	FERE	0.55537	3.4426	2.5773	False	True
SURAS	5	800	104	32	0.076923	0.096154	0.125	0	0.095238	free	0.6875	0	0.03125	RAS		RAS	RAS	0.51011	3.4411	3.9082	False	True
EGEST	5	800	104	33	0	0	0	0	0	free	0.48485	0.030303	0			GEST	GEST	0.3731	3.438	2.6975	False	False
SAMAN	5	800	77	22	0.019481	0.025974	0.045455	0	0	free	0.81818	0	0	MAN		SAM	MAN	0.60485	3.4364	4.2685	False	True
PACOS	5	800	52	22	0.0096154	0.019231	0.045455	0	0	free	0.81818	0	0	COS		PAC	COS	0.60485	3.4364	2.4688	False	True
BESET	5	800	86	30	0.081395	0.069767	0.13333	0.055556	0.15789	free	0.73333	0	0			BES	BES	0.54328	3.4341	3.8596	False	True
ENARM	5	800	195	59	0.0051282	0	0	0	0.019608	free	0.27119	0	0.13559			ARM	ARM	0.20831	3.4318	3.0902	False	True
ARTAL	5	800	232	60	0.0043103	0.0043103	0	0	0	free	0.26667	0	0.033333			ART	ART	0.20473	3.4301	4.126	False	True
DERIDE	6	1400	68	23	0.066176	0.10294	0.086957	0.090909	0	free	0.52174	0	0			RIDE	RIDE	0.39197	3.4281	3.3283	False	True
ARRAS	5	800	109	34	0.027523	0.055046	0.088235	0	0	free	0.58824	0.029412	0	RAS		RAS	RAS	0.44782	3.4139	3.328	False	True
ASSORT	6	1400	66	21	0.045455	0.075758	0.095238	0	0.0625	free	0.57143	0	0.047619			SORT	SORT	0.42774	3.4121	2.8483	False	True
NITHERS	7	1800	58	16	0.068966	0.068966	0.0625	0	0.13333	free	0.5625	0	0		HINTERS	NIT	NIT	0.40158	3.4086	4.4517	False	True
SIDAS	5	800	131	58	0.030534	0.030534	0.051724	0	0.02439	free	0.34483	0	0.13793			DAS	DAS	0.26175	3.4015	3.1197	False	True
TELIC	5	800	145	51	0	0	0	0	0	free	0.31373	0	0			TEL	TEL	0.23879	3.4005	2.9061	True	False
ENSIGN	6	1400	69	30	0.0072464	0	0	0	0.0625	free	0.3	0	0			SIG	SIG	0.23163	3.3956	1.8381	False	True
BESAT	5	800	156	40	0.060897	0.10256	0.125	0	0	free	0.575	0	0.2	SAT	BASTE,BEATS,BATES	BES	SAT	0.42895	3.3949	4.9772	False	True
TROADE	6	1400	87	30	0.011494	0	0	0.071429	0	free	0.3	0	0.1			ROAD	ROAD	0.23131	3.3909	2.3204	False	True
FRESH	5	800	79	32	0.031646	0.025316	0.0625	0	0.035714	free	0.59375	0	0	RES		RES	RES	0.44199	3.3909	2.8567	False	True
ECARTES	7	1800	67	11	0.052239	0.059701	0.090909	0.066667	0.071429	free	0.81818	0	0	CARTES		CARTES	CARTES	0.58038	3.3827	7.6711	False	True
SALUT	5	800	116	38	0.043103	0.051724	0.13158	0.071429	0.05	free	0.60526	0	0	SAL		SAL	SAL	0.45034	3.3824	4.274	False	True
TOEIER	6	1400	88	28	0.0056818	0	0	0.0625	0	free	0.32143	0	0			TOE	TOE	0.24713	3.3813	3.2261	False	True
STALEST	7	1800	61	10	0.04918	0.04918	0.1	0	0.076923	free	0.9	0	0	STALES		STALES	STALES	0.63759	3.3775	6.4689	False	True
ARTSY	5	800	128	42	0.0078125	0.0078125	0	0	0	free	0.38095	0	0.095238			ARTS	ARTS	0.28784	3.3758	2.8671	False	True
FIARS	5	800	98	41	0.076531	0.071429	0	0.052632	0.060606	free	0.39024	0	0.17073			ARS	ARS	0.2948	3.375	1.4713	False	True
AMAIN	5	800	91	26	0.016484	0.032967	0.076923	0	0	free	0.73077	0	0	MAIN		MAIN	MAIN	0.54142	3.3723	3.6799	False	True
OLDENS	6	1400	66	15	0.068182	0.075758	0.13333	0.42857	0.11111	free	0.8	0	0			DENS	DENS	0.59317	3.3706	4.1112	False	True
MAROR	5	800	68	25	0.014706	0.029412	0.08	0	0	free	0.76	0	0	MAR		MAR	MAR	0.56263	3.3691	2.7816	False	True
ILLEST	6	1400	85	26	0.035294	0.011765	0	0.076923	0.083333	free	0.34615	0	0			LEST	LEST	0.265	3.3669	3.6543	False	True
STOLID	6	1400	64	26	0.0078125	0	0	0.5	0	free	0.34615	0	0			LID	LID	0.265	3.3669	2.0508	False	True
URSON	5	800	100	40	0	0	0	0	0	free	0.4	0	0	SON		SON	SON	0.30139	3.3664	2.7975	True	False
FOREL	5	800	79	24	0.018987	0.037975	0.083333	0	0	free	0.79167	0	0	FORE		FORE	FORE	0.58561	3.366	3.475	False	True
PEDIS	5	800	105	39	0.02381	0.019048	0	0	0	free	0.41026	0	0.025641			PED	PED	0.30891	3.364	2.9481	False	True
DARIS	5	800	303	95	0.061056	0.069307	0.052632	0.04	0.038462	free	0.23158	0	0.063158		RAIDS	DARI	DARI	0.17936	3.3617	2.6225	False	True
HIEMS	5	800	96	38	0.0052083	0	0	0	0	free	0.42105	0	0			HIE	HIE	0.31667	3.3601	2.7293	False	True
ASTELY	6	1400	57	25	0	0	0	0	0	free	0.36	0	0			TEL	TEL	0.27502	3.3597	2.4831	True	False
ORNIS	5	800	321	100	0.0031153	0	0	0.014925	0.010417	free	0.15	0	0.1			NIS	NIS	0.12026	3.3582	3.3427	False	True
SIETHS	6	1400	85	25	0	0	0	0	0	free	0.36	0	0.04			ETHS	ETHS	0.27489	3.3581	2.4309	True	False
INDOL	5	800	88	37	0.0056818	0	0	0	0.034483	free	0.43243	0	0			DOL	DOL	0.32493	3.357	2.6571	False	True
PELTA	5	800	113	36	0.026549	0.0088496	0	0	0.028571	free	0.44444	0	0.083333			PELT	PELT	0.33388	3.3563	3.881	False	True
LIARDS	6	1400	59	24	0	0	0	0	0	free	0.375	0	0			LIAR	LIAR	0.28586	3.3525	2.1515	False	False
MENSH	5	800	79	35	0	0	0	0	0	free	0.45714	0	0			MEN	MEN	0.34286	3.3508	2.584	True	False
SEROUS	6	1400	74	25	0.02027	0.013514	0	0	0	free	0.36	0	0.24		ROUSES	OUS	OUS	0.27425	3.3503	4.0437	False	True
INGAN	5	800	113	34	0.0044248	0	0	0	0	free	0.47059	0	0	GAN		GAN	GAN	0.35262	3.3477	4.4168	False	True
ALTHO	5	800	90	33	0	0	0	0	0	free	0.48485	0	0			ALT	ALT	0.36296	3.3446	2.5306	False	False
GENIC	5	800	109	33	0.0091743	0.0091743	0	0	0.028571	free	0.48485	0	0			GEN	GEN	0.36296	3.3446	3.1034	False	True
SYREN	5	800	85	33	0	0	0	0	0	free	0.48485	0	0	REN		REN	REN	0.36296	3.3446	2.9755	True	False
SEMEN	5	800	117	41	0.089744	0.059829	0.073171	0.13636	0.15385	free	0.4878	0	0			MEN	MEN	0.36511	3.3423	4.3792	False	True
METIC	5	800	105	32	0.0047619	0	0	0.058824	0	free	0.5	0	0			MET	MET	0.37396	3.3415	4.3447	False	True
ALEWS	5	800	85	30	0	0	0	0	0	free	0.53333	0	0.13333		WEALS	LEW	LEW	0.39853	3.3385	2.5937	True	False
DHOTI	5	800	69	31	0	0	0	0	0	free	0.51613	0	0	HOT		HOT	HOT	0.38566	3.3384	2.8312	True	False
NITRY	5	800	77	31	0.0064935	0.012987	0	0	0	free	0.51613	0	0			NIT	NIT	0.38566	3.3384	2.4935	False	True
ALEFT	5	800	74	31	0	0	0	0	0	free	0.51613	0	0			ALE	ALE	0.38566	3.3384	1.8725	True	False
SORELL	6	1400	51	22	0.029412	0.019608	0	0	0.14286	free	0.40909	0	0			SORE	SORE	0.31051	3.3382	2.5381	False	True
READD	5	800	76	30	0.013158	0.013158	0	0.0625	0.047619	free	0.53333	0	0.066667			READ	READ	0.39834	3.3369	2.7506	False	True
DERMIS	6	1400	65	22	0	0	0	0	0	free	0.40909	0	0.045455		DIMERS	MIS	MIS	0.31037	3.3366	3.5088	False	False
EISELS	6	1400	57	21	0	0	0	0	0	free	0.42857	0	0			SEL	SEL	0.3246	3.331	2.4831	True	False
DRONED	6	1400	52	21	0.076923	0.038462	0	0	0.086957	free	0.42857	0	0			RONE	RONE	0.3246	3.331	2.3854	False	True
ORGAN	5	800	93	28	0.016129	0	0	0	0	free	0.57143	0	0.035714	GAN		GAN	GAN	0.42589	3.3299	3.3692	False	True
VERSET	6	1400	51	21	0	0	0	0	0	free	0.42857	0	0.047619			SET	SET	0.32445	3.3294	2.581	True	False
SAIGA	5	800	64	28	0	0	0	0	0	free	0.57143	0	0	SAI		SAI	SAI	0.42579	3.3291	2.3764	True	False
ANTLIA	6	1400	63	20	0	0	0	0	0	free	0.45	0	0			ANT	ANT	0.34009	3.3238	3.8414	True	False
LIEFS	5	800	62	26	0.0080645	0	0	0	0	free	0.61538	0	0.038462		FILES	LIE	LIE	0.4578	3.3236	1.9904	False	True
TEENY	5	800	52	26	0.057692	0.019231	0	0	0.17647	free	0.61538	0	0	TEE		TEEN	TEE	0.45769	3.3228	2.2761	False	True
SORAL	5	800	269	85	0.076208	0.066914	0.15294	0.061224	0.14493	free	0.38824	0	0.023529			SORA	SORA	0.29292	3.3225	3.4287	False	True
DEHORS	6	1400	65	20	0	0	0	0	0	free	0.45	0	0.05			HORS	HORS	0.33993	3.3222	2.9476	False	False
EPHAS	5	800	74	25	0	0	0	0	0	free	0.64	0	0.08		SHAPE	HAS	HAS	0.47578	3.3213	2.3248	True	False
EBONS	5	800	67	25	0.014925	0	0	0	0.045455	free	0.64	0	0	BON	BONES	BON	BON	0.47555	3.3197	3.2148	False	True
OBITS	5	800	61	24	0.0081967	0	0	0	0.071429	free	0.66667	0	0	BIT		BITS	BIT	0.4949	3.3166	2.7591	False	True
ARPAS	5	800	84	24	0.0059524	0.011905	0	0	0	free	0.66667	0	0	PAS		PAS	PAS	0.4949	3.3166	3.4005	False	True
DISEUR	6	1400	53	19	0	0	0	0	0	free	0.47368	0	0			DIS	DIS	0.35722	3.3166	2.3619	True	False
AORTIC	6	1400	62	19	0	0	0	0	0	free	0.47368	0	0			TIC	TIC	0.35722	3.3166	2.4945	True	False
TOISON	6	1400	51	19	0	0	0	0	0	free	0.47368	0	0	SON		SON	SON	0.35722	3.3166	3.2538	True	False
PETAL	5	800	181	55	0.071823	0.060773	0.072727	0.055556	0.13462	free	0.38182	0	0.14545			PET	PET	0.28861	3.3155	3.7733	False	True
HOIDEN	6	1400	56	19	0	0	0	0	0	free	0.47368	0	0.052632			DEN	DEN	0.35705	3.315	2.7044	True	False
PITTA	5	800	65	23	0.053846	0.061538	0	0	0.058824	free	0.69565	0	0	PIT		PIT	PIT	0.51594	3.3135	2.7301	False	True
SALAL	5	800	59	22	0	0	0	0	0	free	0.72727	0	0	SAL		SAL	SAL	0.53888	3.3104	2.9499	True	False
PALSA	5	800	52	22	0.0096154	0	0	0.125	0.052632	free	0.72727	0	0	PAL		PAL	PAL	0.53888	3.3104	2.3646	False	True
APLITE	6	1400	50	18	0	0	0	0	0	free	0.5	0	0	LITE		LITE	LITE	0.37625	3.3094	3.4757	True	False
IRISES	6	1400	67	18	0	0	0	0	0	free	0.5	0	0			RISES	RISES	0.37625	3.3094	3.2903	False	False
MONIAL	6	1400	52	18	0.028846	0.019231	0	0	0	free	0.5	0	0	MON		MON	MON	0.37625	3.3094	3.4373	False	True
RESULT	6	1400	51	18	0	0	0	0	0	free	0.5	0	0.055556	RES		RES	RES	0.37607	3.3078	2.8051	False	False
TAMAL	5	800	60	21	0.0083333	0	0	0	0	free	0.7619	0	0	MAL		TAM	MAL	0.56401	3.3073	3.2721	False	True
DEFAT	5	800	59	21	0	0	0	0	0	free	0.7619	0	0	FAT		FAT	FAT	0.56401	3.3073	2.8856	False	False
ALAPS	5	800	54	21	0.018519	0.037037	0	0	0	free	0.7619	0	0			LAPS	LAPS	0.56401	3.3073	2.1895	False	True
GRANA	5	800	66	20	0.037879	0	0	0	0.071429	free	0.8	0	0	RAN		RAN	RAN	0.59166	3.3042	3.5994	False	True
ATONY	5	800	59	20	0.025424	0.033898	0	0	0.058824	free	0.8	0	0	TON		TON	TON	0.59166	3.3042	2.3872	False	True
PANIC	5	800	66	20	0.022727	0.015152	0	0	0.1	free	0.8	0	0	PAN		PAN	PAN	0.59166	3.3042	3.1252	False	True
SATAY	5	800	56	20	0	0	0	0	0	free	0.8	0	0	SAT		SAT	SAT	0.59166	3.3042	2.9469	True	False
SENECA	6	1400	75	17	0	0	0	0	0	free	0.52941	0	0			SEN	SEN	0.39752	3.3022	5.7738	True	False
ATONAL	6	1400	60	17	0.025	0	0	0	0.15385	free	0.52941	0	0	TON		TON	TON	0.39752	3.3022	3.8346	False	True
STRADS	6	1400	73	17	0.075342	0.013699	0	0.1	0.19048	free	0.52941	0	0			RADS	RADS	0.39752	3.3022	3.4852	False	True
TINTY	5	800	50	19	0.04	0.04	0	0	0	free	0.84211	0	0	TIN		TINT	TIN	0.62221	3.3011	2.6996	False	True
SOLANS	6	1400	58	17	0.060345	0.068966	0	0.16667	0.052632	free	0.52941	0	0.058824	SOL		SOLA	SOL	0.39733	3.3007	2.9856	False	True
ESPRIT	6	1400	58	17	0.0086207	0	0	0	0.066667	free	0.52941	0	0.11765	RIT		RIT	RIT	0.39714	3.2991	2.9311	False	True
TOMANS	6	1400	52	16	0.048077	0.038462	0	0	0.14286	free	0.5625	0	0	MAN		TOM	MAN	0.42144	3.295	4.1788	False	True
TOROT	5	800	54	17	0.037037	0.018519	0	0.2	0.15	free	0.94118	0	0	TOR		TOR	TOR	0.6941	3.2949	3.2419	False	True
MATEY	5	800	52	16	0.0096154	0	0	0	0	free	1	0	0	MATE		MATE	MATE	0.73679	3.2918	2.8787	False	True
SMOOR	5	800	57	24	0.078947	0.12281	0.125	0.1	0.066667	free	0.83333	0	0.041667	MOO	ROOMS	MOOR	MOO	0.61596	3.2902	2.4573	False	True
HADST	5	800	100	40	0.005	0.01	0.025	0	0	free	0.425	0	0			HADS	HADS	0.31954	3.2898	3.0945	False	True
SITHEE	6	1400	52	15	0.019231	0	0	0	0.0625	free	0.6	0	0	SIT		SITHE	SIT	0.44856	3.2879	4.2646	False	True
INSEEM	6	1400	57	15	0	0	0	0	0	free	0.6	0	0	SEE		SEE	SEE	0.44856	3.2879	3.9398	True	False
NONART	6	1400	50	15	0	0	0	0	0	free	0.6	0	0			NON	NON	0.44856	3.2879	4.26	True	False
AORTA	5	800	246	79	0.0020325	0	0	0	0.02	free	0.18987	0	0			ORT	ORT	0.14891	3.285	2.1703	False	True
DRUSE	5	800	107	36	0.0093458	0.0093458	0.027778	0	0	free	0.47222	0	0.25			RUSE	RUSE	0.35451	3.2845	2.4676	False	True
SOCES	5	800	116	37	0.0086207	0.017241	0.027027	0	0	free	0.45946	0	0.081081		COSES	SOC	SOC	0.34477	3.2828	2.896	False	True
BOTAS	5	800	96	38	0.083333	0.14583	0.23684	0	0.045455	free	0.73684	0	0.13158	BOT	BOATS,BOAST	BOT	BOT	0.5462	3.2825	3.8692	False	True
DARTLE	6	1400	65	20	0.023077	0.015385	0.05	0.083333	0	free	0.5	0.05	0			DART	DART	0.38586	3.2824	3.1605	False	True
SATRAP	6	1400	61	14	0	0	0	0	0	free	0.64286	0	0	SAT		SAT	SAT	0.47955	3.2807	5.5177	False	False
NIFES	5	800	83	35	0.012048	0.012048	0.028571	0.05	0.037037	free	0.48571	0	0.22857		FINES	FES	FES	0.36424	3.2806	1.7988	False	True
BREDE	5	800	69	36	0.021739	0.014493	0.027778	0	0.1	free	0.47222	0	0.11111			RED	RED	0.35412	3.2805	2.037	False	True
ITERATES	8	2200	64	9	0	0	0	0	0	free	0.66667	0	0	RATES		RATES	RATES	0.47442	3.2787	9.3221	True	False
DISTAL	6	1400	101	32	0.0049505	0.009901	0.03125	0	0	free	0.3125	0	0			DIS	DIS	0.24067	3.2747	3.3249	False	True
THRENE	6	1400	59	13	0.016949	0	0	0.16667	0.11111	free	0.69231	0	0	REN		REN	REN	0.5153	3.2735	5.0645	False	True
GENETS	6	1400	69	13	0.036232	0	0	0.052632	0.095238	free	0.69231	0	0			GEN	GEN	0.5153	3.2735	5.3119	False	True
NERALS	6	1400	182	62	0.0027473	0	0	0	0	free	0.12903	0	0.016129			ERA	ERA	0.10796	3.2707	2.6549	False	True
METHO	5	800	77	33	0.025974	0.012987	0.030303	0	0.11111	free	0.51515	0	0			MET	MET	0.38495	3.268	2.7505	False	True
SAITHS	6	1400	54	12	0.018519	0	0	0	0.11765	free	0.75	0	0	SAI		SAI	SAI	0.55702	3.2663	5.2777	False	True
CRUSE	5	800	77	30	0.090909	0.025974	0.033333	0.21429	0.17647	free	0.56667	0	0.13333			RUSE	RUSE	0.42272	3.2618	2.4075	False	True
AREACH	6	1400	57	11	0	0	0	0	0	free	0.81818	0	0			ARE	ARE	0.60632	3.2591	4.1639	True	False
MANATS	6	1400	51	11	0.039216	0.019608	0	0	0.125	free	0.81818	0	0	MAN		MAN	MAN	0.60632	3.2591	4.5556	False	True
UTASES	6	1400	57	11	0	0	0	0	0	free	0.81818	0	0	TASE		TASES	TASE	0.60632	3.2591	4.7242	True	False
FETED	5	800	58	30	0.034483	0.034483	0.033333	0.14286	0.052632	free	0.56667	0	0			FET	FET	0.42234	3.2587	2.1292	False	True
LABRA	5	800	59	28	0.0084746	0.016949	0.035714	0	0	free	0.60714	0	0	BRA		BRA	BRA	0.45171	3.2525	2.3472	False	True
TEPALS	6	1400	53	10	0	0	0	0	0	free	0.9	0	0	PAL		PAL	PAL	0.66548	3.2519	5.0508	False	False
CESTA	5	800	329	112	0.012158	0.006079	0.017857	0	0.02381	cellmate	0.15179	0	0.17857		CASTE,CATES	EST	EST	0.12178	3.2502	2.9328	False	True
CURIE	5	800	85	36	0.088235	0.10588	0.11111	0.0625	0.064516	free	0.58333	0	0	CUR		CUR	CUR	0.43443	3.2501	2.2428	False	True
SALOP	5	800	90	26	0.016667	0.022222	0.038462	0	0	free	0.65385	0	0	SAL		SAL	SAL	0.4856	3.2462	3.8957	False	True
ARMIL	5	800	77	24	0.012987	0.012987	0.041667	0.076923	0	free	0.70833	0	0	MIL		MIL	MIL	0.52514	3.24	3.2003	False	True
MAILL	5	800	54	20	0.0092593	0.018519	0.05	0	0	free	0.85	0	0	MAIL		MAIL	MAIL	0.62794	3.2276	2.7921	False	True
THRIDS	6	1400	56	25	0.026786	0.035714	0.04	0	0.05	free	0.4	0	0			RIDS	RIDS	0.30394	3.2244	2.507	False	True
SILOS	5	800	137	40	0.047445	0.029197	0.05	0.047619	0.071429	free	0.45	0	0.05	LOS		LOS	LOS	0.33782	3.2147	4.9877	False	True
DRERE	5	800	165	55	0.0060606	0.0060606	0	0	0	free	0.27273	0	0.090909			ERE	ERE	0.2093	3.2143	1.6204	False	True
SNOOD	5	800	88	40	0.051136	0.045455	0.05	0.26667	0.1	free	0.45	0	0			NOO	NOO	0.33768	3.2131	2.4957	False	True
STRIG	5	800	166	52	0.018072	0.018072	0	0	0	free	0.28846	0	0.096154			RIG	RIG	0.22073	3.205	2.7287	False	True
MEDAL	5	800	96	36	0.072917	0.0625	0.055556	0.10526	0.11111	free	0.5	0	0.13889			DAL	DAL	0.37436	3.2047	2.5868	False	True
SHEOL	5	800	114	50	0	0	0	0	0	free	0.3	0	0.08			SHE	SHE	0.22906	3.198	2.2997	False	False
STOAE	5	800	347	116	0.014409	0	0	0.017544	0	free	0.12069	0	0			STOA	STOA	0.098711	3.1973	4.2619	False	True
ENTICE	6	1400	67	21	0.08209	0.029851	0.047619	0.26667	0.21739	free	0.47619	0	0	TICE		TICE	TICE	0.35903	3.1957	3.8768	False	True
AGONE	5	800	114	34	0.04386	0.035088	0.058824	0.10526	0.085714	free	0.52941	0	0	GON		GONE	GON	0.3953	3.1945	4.3849	False	True
MAESTRI	7	1800	54	22	0	0	0	0	0	free	0.31818	0	0			MAES	MAES	0.23073	3.1892	2.0392	False	False
SEINERS	7	1800	81	22	0.012346	0	0	0	0.058824	free	0.31818	0	0			SEI	SEI	0.23073	3.1892	3.1981	False	True
CREASE	6	1400	102	20	0.093137	0.058824	0.05	0.1875	0.058824	free	0.5	0	0	EASE		EASE	EASE	0.37625	3.1885	6.2502	False	True
AMOLE	5	800	105	32	0.042857	0.047619	0.0625	0	0.037037	free	0.5625	0	0	MOLE		MOLE	MOLE	0.41931	3.1883	3.9019	False	True
DEACON	6	1400	50	19	0.02	0.04	0.052632	0	0	free	0.52632	0	0	CON		CON	CON	0.39528	3.1813	2.9416	False	True
AGONES	6	1400	67	19	0.037313	0.029851	0.052632	0.083333	0.045455	free	0.52632	0	0	GON		GONE	GON	0.39528	3.1813	4.5491	False	True
HERNIAS	7	1800	51	19	0.029412	0	0	0.16667	0.083333	free	0.36842	0	0			HER	HER	0.26586	3.1737	2.4523	False	True
OLLAS	5	800	103	36	0.0097087	0.0097087	0.027778	0	0	free	0.44444	0.027778	0	LAS		LAS	LAS	0.34294	3.1681	3.2405	False	True
HOISE	5	800	236	101	0.095339	0.11441	0.12871	0.1	0.084507	free	0.31683	0	0			HOIS	HOIS	0.24104	3.168	2.2114	False	True
REGENT	6	1400	50	17	0.09	0.08	0.058824	0.25	0.26667	free	0.58824	0	0			GENT	GENT	0.44005	3.1669	3.0799	False	True
CESTAS	6	1400	73	17	0.013699	0.013699	0.058824	0	0	free	0.58824	0	0	TAS	CASTES	TAS	TAS	0.44005	3.1669	5.164	False	True
PROAS	5	800	110	40	0.045455	0.036364	0	0.052632	0.041667	free	0.375	0	0.025			PRO	PRO	0.28332	3.1645	2.1966	False	True
INAPT	5	800	109	38	0	0	0	0	0	free	0.39474	0	0.13158			NAP	NAP	0.29795	3.1615	2.9387	True	False
OPALS	5	800	96	23	0.036458	0.0625	0.086957	0	0	free	0.78261	0	0.043478	PAL		PAL	PAL	0.57916	3.1611	4.0618	False	True
SHOLA	5	800	98	39	0.015306	0.010204	0	0	0.0625	free	0.38462	0	0			SHO	SHO	0.29023	3.1606	2.643	False	True
GENRE	5	800	110	38	0.0090909	0	0	0.090909	0.03125	free	0.39474	0	0.026316			GEN	GEN	0.29765	3.1583	2.7446	False	True
LOATH	5	800	116	46	0.099138	0.060345	0.065217	0.22727	0.16129	free	0.41304	0	0			OAT	OAT	0.31086	3.1552	3.0288	False	True
TERSEST	7	1800	60	15	0.0083333	0	0	0.071429	0.090909	free	0.46667	0	0			EST	EST	0.33457	3.153	3.4325	False	True
THERM	5	800	110	36	0.013636	0	0	0	0.04	free	0.41667	0	0			HER	HER	0.31349	3.1513	2.5503	False	True
SABIN	5	800	69	28	0.072464	0.11594	0.17857	0	0	free	0.78571	0	0	BIN		SAB	BIN	0.58129	3.1487	2.7654	False	True
FITNA	5	800	82	35	0	0	0	0	0	free	0.42857	0	0	FIT		FIT	FIT	0.32213	3.1482	2.3944	False	False
GENOA	5	800	110	34	0	0	0	0	0	free	0.44118	0	0			GEN	GEN	0.33127	3.1451	2.9359	False	False
TAHAS	5	800	78	33	0.0064103	0	0	0	0.052632	free	0.45455	0	0			HAS	HAS	0.34098	3.142	2.5188	False	True
LEMON	5	800	86	32	0.023256	0.034884	0	0	0.058824	free	0.46875	0	0	MON		MON	MON	0.35128	3.1389	2.9975	False	True
OLLIE	5	800	108	36	0.041667	0.027778	0.055556	0	0.076923	free	0.38889	0.22222	0			LIE	LIE	0.36765	3.1373	3.5126	False	True
GROAT	5	800	98	40	0.071429	0.071429	0.075	0.23077	0.08	free	0.475	0	0			OAT	OAT	0.35582	3.1365	2.3042	False	True
CHAOS	5	800	91	30	0.021978	0	0	0	0	free	0.5	0	0	CHA		CHA	CHA	0.37396	3.1326	3.367	False	True
SEILED	6	1400	120	38	0.075	0.091667	0.13158	0.11111	0.090909	free	0.39474	0	0			SEIL	SEIL	0.30013	3.1299	3.8355	False	True
AURAS	5	800	73	28	0.020548	0.013699	0	0	0	free	0.53571	0	0	RAS		RAS	RAS	0.39988	3.1264	2.5538	False	True
SAICS	5	800	82	28	0.0060976	0	0	0	0	free	0.53571	0	0	SAI		SAI	SAI	0.39988	3.1264	3.1011	False	True
EWEST	5	800	53	27	0	0	0	0	0	free	0.55556	0	0.037037			WEST	WEST	0.41438	3.1241	1.7529	False	False
TALENTS	7	1800	54	10	0.027778	0.018519	0	0.1	0.066667	free	0.7	0	0.1	TALE		TALE	TALE	0.49691	3.1219	5.6003	False	True
PILAR	5	800	91	26	0.027473	0.043956	0	0	0	free	0.57692	0	0	LAR		LAR	LAR	0.42978	3.1202	3.077	False	True
STIPA	5	800	154	50	0.0097403	0.012987	0.02	0	0	free	0.32	0	0.04			TIP	TIP	0.24346	3.1198	2.9319	False	True
AMONG	5	800	65	25	0.023077	0	0	0.090909	0.066667	free	0.6	0	0	MON		MONG	MON	0.44653	3.1171	2.3777	False	True
ROMEO	5	800	72	25	0	0	0	0	0	free	0.6	0	0			ROM	ROM	0.44653	3.1171	2.6414	False	False
THOUS	5	800	51	24	0.04902	0.058824	0	0	0.0625	free	0.625	0	0.041667			OUS	OUS	0.46479	3.1148	1.6487	False	True
ALMAS	5	800	69	24	0	0	0	0	0	free	0.625	0	0.041667	MAS		MAS	MAS	0.46479	3.1148	2.8327	True	False
BELAH	5	800	51	24	0	0	0	0	0	free	0.625	0	0			BEL	BEL	0.46467	3.114	1.8498	True	False
ACOLD	5	800	54	23	0.0092593	0	0	0	0	free	0.65217	0	0	COL		COL	COL	0.48439	3.1109	2.4951	False	True
FLOTE	5	800	52	23	0.086538	0.038462	0	0.2	0.22222	free	0.65217	0	0	LOT		LOTE	LOT	0.48439	3.1109	1.9305	False	True
EPACT	5	800	65	22	0.0076923	0	0	0.083333	0.047619	free	0.68182	0	0			PAC	PAC	0.5059	3.1078	2.4417	False	True
REDED	5	800	94	29	0.058511	0.053191	0.10345	0.052632	0.074074	free	0.65517	0	0			REDE	REDE	0.48656	3.1023	3.6345	False	True
AGORA	5	800	58	20	0.025862	0	0	0	0.071429	free	0.75	0	0	GOR		GOR	GOR	0.55537	3.1016	2.3705	False	True
HEMAL	5	800	73	20	0.013699	0.027397	0	0	0	free	0.75	0	0	MAL		MAL	MAL	0.55537	3.1016	3.3649	False	True
LAMIA	5	800	73	20	0	0	0	0	0	free	0.75	0	0			LAM	LAM	0.55537	3.1016	3.0279	True	False
SLATY	5	800	65	20	0.046154	0.046154	0	0.071429	0.047619	free	0.75	0	0	LAT		SLAT	LAT	0.55537	3.1016	2.9472	False	True
CRISTA	6	1400	93	38	0	0	0	0	0	free	0.21053	0	0			CRIS	CRIS	0.16693	3.0998	1.6687	False	False
PANIM	5	800	57	19	0	0	0	0	0	free	0.78947	0	0	PAN		PAN	PAN	0.58402	3.0985	2.8836	True	False
PETIT	5	800	73	19	0.013699	0	0	0	0.055556	free	0.78947	0	0	TIT		PET	TIT	0.58402	3.0985	3.9918	False	True
ARISH	5	800	247	83	0	0	0	0	0	free	0.16867	0	0.048193			ARIS	ARIS	0.13367	3.0979	2.1103	False	False
PRESS	5	800	94	27	0.079787	0.074468	0.11111	0	0.090909	free	0.7037	0	0	RES		PRE	RES	0.52178	3.0961	3.5854	False	True
STEIL	5	800	516	167	0.080426	0.050388	0.047904	0.12371	0.17886	cellmate	0.13772	0.005988	0.41317		TILES,LITES	TEIL	TEIL	0.11425	3.0939	2.2112	False	True
MOUES	5	800	59	17	0.067797	0	0	0.071429	0.2	free	0.88235	0	0	MOU	MOUSE	MOU	MOU	0.65142	3.0922	3.2712	False	True
CREDO	5	800	137	48	0.025547	0.051095	0.083333	0	0	free	0.41667	0	0.1875			REDO	REDO	0.31402	3.092	3.0563	False	True
RECTAL	6	1400	79	25	0.031646	0.025316	0.08	0.1	0.047619	free	0.44	0	0			REC	REC	0.33286	3.0891	3.0067	False	True
SMELT	5	800	93	40	0.043011	0.032258	0.025	0.090909	0.1	free	0.4	0	0			MELT	MELT	0.30139	3.0871	2.3964	False	True
WADIS	5	800	51	23	0.04902	0.078431	0.13043	0	0	free	0.82609	0	0			WAD	WAD	0.61059	3.0837	2.0737	False	True
PALAS	5	800	63	22	0.055556	0.047619	0.13636	0.066667	0.052632	free	0.86364	0	0	PAL		PAL	PAL	0.63783	3.0806	3.3307	False	True
INTEL	5	800	333	107	0.040541	0.057057	0.084112	0	0.05	free	0.23364	0.018692	0.046729			TEL	TEL	0.18706	3.0759	3.962	False	True
AERIEST	7	1800	135	36	0.0037037	0.0074074	0.027778	0	0	free	0.22222	0	0			EST	EST	0.16363	3.0726	2.3908	False	True
PADRE	5	800	105	33	0.066667	0.066667	0.030303	0.11111	0.083333	free	0.48485	0	0.24242		PARED	PAD	PAD	0.36366	3.0717	2.9585	False	True
STRUT	5	800	90	35	0.072222	0.044444	0.028571	0.11765	0.037037	free	0.45714	0	0			RUT	RUT	0.34286	3.0716	2.8837	False	True
STROND	6	1400	86	34	0.011628	0.011628	0	0	0	free	0.23529	0	0			TRON	TRON	0.18484	3.0711	2.3942	False	True
NIGER	5	800	227	75	0	0	0	0	0	free	0.18667	0	0.013333			GER	GER	0.14663	3.0707	2.8592	True	False
SHIST	5	800	107	32	0.03271	0.018692	0.03125	0.125	0.08	free	0.5	0	0.03125			HIST	HIST	0.37405	3.0631	3.593	False	True
REIGNS	6	1400	93	34	0.043011	0	0	0.074074	0.074074	free	0.23529	0	0.20588		SINGER	REI	REI	0.18418	3.0601	3.0044	False	True
AMIDS	5	800	85	30	0.052941	0.058824	0.033333	0.14286	0	free	0.53333	0	0			MIDS	MIDS	0.39815	3.056	2.2134	False	True
SISTRA	6	1400	112	32	0.0044643	0	0	0	0.029412	free	0.25	0	0.0625			SIST	SIST	0.19528	3.0535	4.3984	False	True
UNRED	5	800	149	52	0.026846	0.04698	0.038462	0	0	free	0.32692	0	0.096154			RED	RED	0.24864	3.0518	3.1298	False	True
SICHT	5	800	79	28	0.018987	0.037975	0.035714	0	0	free	0.57143	0	0.035714			SICH	SICH	0.42589	3.0506	2.4481	False	True
LORIC	5	800	82	28	0.012195	0.012195	0.035714	0	0	free	0.57143	0	0	LOR		LOR	LOR	0.42579	3.0498	3.0768	False	True
ATOLL	5	800	72	27	0.041667	0.055556	0.037037	0	0.071429	free	0.59259	0	0.037037	TOLL		TOLL	TOLL	0.44126	3.0475	2.6087	False	True
REGAL	5	800	117	41	0.094017	0.11966	0.17073	0	0.11429	free	0.58537	0	0.19512			GAL	GAL	0.43646	3.0422	3.2508	False	True
DECAL	5	800	115	40	0.082609	0.095652	0.175	0.045455	0.088235	free	0.6	0	0.25	CAL	LACED	CAL	CAL	0.44724	3.0407	3.2246	False	True
PAROL	5	800	78	25	0.070513	0.051282	0.04	0.14286	0.16667	free	0.64	0	0	PAR		PAR	PAR	0.47555	3.0405	3.3215	False	True
ARNAS	5	800	218	73	0.016055	0.03211	0.041096	0	0	free	0.24658	0	0.054795			NAS	NAS	0.19022	3.0397	3.1323	False	True
MALIC	5	800	61	22	0.04918	0.04918	0.045455	0	0	free	0.72727	0	0	MAL		MAL	MAL	0.53888	3.0312	2.4934	False	True
MUTIS	5	800	63	21	0.071429	0.079365	0.047619	0	0.14286	free	0.7619	0	0	MUT		MUT	MUT	0.56401	3.0281	2.4468	False	True
OLEINS	6	1400	114	28	0.004386	0	0	0	0.03125	free	0.28571	0	0			LEI	LEI	0.2213	3.0279	3.8456	False	True
RAWIN	5	800	65	29	0.084615	0.10769	0.13793	0	0.055556	free	0.68966	0	0	WIN		RAW	WIN	0.51158	3.0257	2.5929	False	True
HARTENS	7	1800	64	15	0.09375	0.09375	0.2	0.2	0.2	free	0.73333	0	0			TENS	TENS	0.52104	3.0255	4.9007	False	True
AMOLES	6	1400	60	16	0.05	0.066667	0.125	0	0	free	0.6875	0	0	MOLES		MOLES	MOLES	0.51183	3.0244	4.3353	False	True
INNED	5	800	134	46	0.052239	0.0074627	0	0.13636	0.088889	dropTerminal	0.1087	0.43478	0			NED	NED	0.23541	3.0238	2.8833	False	True
RUMEN	5	800	62	19	0.048387	0.048387	0.052632	0	0.05	free	0.84211	0	0			RUME	RUME	0.62221	3.0218	2.5586	False	True
SPERST	6	1400	83	27	0	0	0	0	0	free	0.2963	0	0			PER	PER	0.22895	3.0207	4.7825	True	False
DENIAL	6	1400	109	35	0.045872	0.055046	0.085714	0.071429	0.035714	free	0.34286	0	0.11429			DEN	DEN	0.26225	3.0194	3.904	False	True
ENURE	5	800	163	57	0.01227	0.006135	0	0.037037	0.047619	free	0.24561	0	0			NUR	NUR	0.18936	3.0139	2.771	False	True
MISSET	6	1400	50	14	0.09	0.06	0.14286	0	0.083333	free	0.78571	0	0			MISS	MISS	0.58284	3.01	3.7946	False	True
STELIC	6	1400	70	25	0	0	0	0	0	free	0.32	0	0			TEL	TEL	0.24609	3.0064	2.1765	False	False
HEALD	5	800	121	37	0.03719	0.033058	0.054054	0.08	0.05	free	0.45946	0	0			HEAL	HEAL	0.34454	3.0012	3.1073	False	True
RIALTO	6	1400	82	24	0	0	0	0	0	free	0.33333	0	0			ALT	ALT	0.25573	2.9992	3.2124	True	False
SENARY	6	1400	55	24	0	0	0	0	0	free	0.33333	0	0			SEN	SEN	0.25573	2.9992	2.3665	True	False
OARIER	6	1400	111	24	0.009009	0.009009	0	0	0	free	0.33333	0	0			OAR	OAR	0.25573	2.9992	4.0493	False	True
ENARCH	6	1400	62	24	0	0	0	0	0	free	0.33333	0	0			ARCH	ARCH	0.25573	2.9992	2.8307	True	False
FESTAL	6	1400	59	24	0.025424	0	0	0	0	free	0.33333	0	0			FEST	FEST	0.25573	2.9992	2.9359	False	True
LIMOS	5	800	89	36	0.095506	0.11236	0.055556	0	0.16	free	0.47222	0	0.027778	MOS		MOS	MOS	0.35388	2.9989	2.3514	False	True
ARSIER	6	1400	167	43	0.011976	0.005988	0.023256	0.03125	0	free	0.2093	0	0.093023			ARS	ARS	0.16575	2.9941	4.1352	False	True
INGOES	6	1400	71	23	0	0	0	0	0	free	0.34783	0	0			GOES	GOES	0.26621	2.992	3.0753	True	False
PALIER	6	1400	72	18	0.097222	0.15278	0.27778	0	0.074074	free	0.83333	0	0	PAL		PAL	PAL	0.61728	2.9862	5.0708	False	True
IRONIES	7	1800	54	19	0.0092593	0.018519	0.052632	0	0	free	0.42105	0	0			NIES	NIES	0.30267	2.9847	2.1186	False	True
ISOMER	6	1400	74	21	0	0	0	0	0	free	0.38095	0	0			SOME	SOME	0.29017	2.9776	3.5298	True	False
REALM	5	800	148	44	0.040541	0.027027	0	0	0.088889	free	0.31818	0	0.11364		LAMER	REAL	REAL	0.24235	2.9775	3.7161	False	True
LESSOR	6	1400	53	21	0.018868	0	0	0.2	0.083333	free	0.38095	0	0.047619			LESS	LESS	0.29001	2.9761	1.6886	False	True
UNETH	5	800	103	44	0	0	0	0	0	free	0.31818	0	0			NET	NET	0.24202	2.9735	1.9651	True	False
YENTAS	6	1400	57	20	0.0087719	0	0	0	0	free	0.4	0	0	TAS		TAS	TAS	0.30394	2.9704	2.8193	False	True
INROAD	6	1400	58	20	0	0	0	0	0	free	0.4	0	0			ROAD	ROAD	0.30394	2.9704	2.1492	True	False
ISLAND	6	1400	54	20	0.0092593	0	0	0.11111	0	free	0.4	0	0	LAND		LAND	LAND	0.30394	2.9704	2.7004	False	True
ATELIC	6	1400	55	20	0	0	0	0	0	free	0.4	0	0			TEL	TEL	0.30394	2.9704	2.7026	True	False
REMAP	5	800	81	25	0.074534	0.08642	0.08	0.071429	0.1	free	0.68	0	0			REM	REM	0.50458	2.9639	3.3798	False	True
NITRIL	6	1400	60	19	0.0083333	0.016667	0	0	0	free	0.42105	0	0			NIT	NIT	0.31916	2.9633	2.7832	False	True
THETES	6	1400	64	19	0.0078125	0	0	0	0	free	0.42105	0	0			HET	HET	0.31916	2.9633	4.9643	False	True
AGRISE	6	1400	78	19	0.0064103	0	0	0	0	free	0.42105	0	0			RISE	RISE	0.31916	2.9633	3.6515	False	True
FIENT	5	800	110	39	0.0045455	0	0	0	0	free	0.35897	0	0			FIE	FIE	0.27162	2.958	2.5503	False	True
DOLOS	5	800	58	23	0.068966	0.068966	0.086957	0	0.066667	free	0.73913	0	0	LOS		DOL	LOS	0.54749	2.9577	2.6589	False	True
FIENTS	6	1400	58	18	0	0	0	0	0	free	0.44444	0	0			FIE	FIE	0.33608	2.9561	2.9336	True	False
ARPENT	6	1400	58	18	0.0086207	0	0	0.125	0	free	0.44444	0	0	PENT	PANTER	PENT	PENT	0.33608	2.9561	3.3793	False	True
EAGRES	6	1400	67	19	0.022388	0.014925	0	0	0.05	free	0.42105	0	0.31579	RES	GEARES	RES	RES	0.31815	2.9538	4.2504	False	True
SIRDAR	6	1400	52	17	0	0	0	0	0	free	0.47059	0	0			SIR	SIR	0.35498	2.9489	2.6958	True	False
PREONS	6	1400	58	17	0.0086207	0.017241	0	0	0	free	0.47059	0	0			PRE	PRE	0.35498	2.9489	2.3279	False	True
UNREAD	6	1400	50	17	0.03	0.04	0	0	0.083333	free	0.47059	0	0			READ	READ	0.35498	2.9489	2.8295	False	True
ELUTE	5	800	88	36	0.011364	0	0	0.055556	0.060606	free	0.38889	0	0			LUTE	LUTE	0.29333	2.9487	2.8499	False	True
ROWEN	5	800	61	20	0.098361	0.14754	0.1	0	0.041667	free	0.85	0	0			ROW	ROW	0.62794	2.9484	2.6049	False	True
DICOT	5	800	78	28	0.044872	0.076923	0.17857	0.076923	0	free	0.75	0	0	COT		COT	COT	0.55537	2.946	3.0156	False	True
ESTOCS	6	1400	60	17	0	0	0	0	0	free	0.47059	0	0.11765		COSTES	TOCS	TOCS	0.3546	2.9457	2.6	True	False
ASPRO	5	800	110	35	0	0	0	0	0	free	0.4	0	0			PRO	PRO	0.30139	2.9456	2.422	True	False
NICAD	5	800	89	35	0	0	0	0	0	free	0.4	0	0			CAD	CAD	0.30139	2.9456	2.5939	True	False
SERUM	5	800	111	32	0.013514	0.009009	0	0	0	free	0.4375	0	0.3125			SER	SER	0.3295	2.9442	3.1116	False	True
AMEERS	6	1400	64	17	0	0	0	0	0	free	0.47059	0	0.17647	MEE	MEARES	MEERS	MEE	0.35441	2.9442	4.4015	False	False
BASIL	5	800	81	34	0.037037	0.024691	0	0	0.090909	free	0.41176	0	0.058824	BAS	BAILS	BAS	BAS	0.3101	2.944	2.2816	False	True
UNITAL	6	1400	50	16	0.01	0	0	0.11111	0	free	0.5	0	0			NIT	NIT	0.37625	2.9417	2.131	False	True
CHARTA	6	1400	50	16	0.04	0.04	0	0	0.0625	free	0.5	0	0	CHA		CHART	CHA	0.37625	2.9417	3.726	False	True
UREDOS	6	1400	50	16	0	0	0	0	0	free	0.5	0	0		ROUSED	REDOS	REDOS	0.37625	2.9417	2.8008	True	False
ORISHA	6	1400	55	16	0	0	0	0	0	free	0.5	0	0	SHA		SHA	SHA	0.37625	2.9417	3.8232	True	False
AVINE	5	800	68	28	0.051471	0.073529	0.035714	0	0.05	free	0.53571	0.035714	0			VINE	VINE	0.41182	2.9406	1.7298	False	True
RAGDE	5	800	82	32	0.0060976	0	0	0	0	free	0.4375	0	0.15625			RAG	RAG	0.32905	2.9402	2.2674	False	True
HAOLE	5	800	111	33	0	0	0	0	0	free	0.42424	0	0			OLE	OLE	0.31899	2.9393	1.2018	True	False
MESIC	5	800	95	32	0	0	0	0	0	free	0.4375	0	0			MES	MES	0.32861	2.9362	3.3066	True	False
SPERSE	6	1400	61	15	0	0	0	0	0	free	0.53333	0	0		SPEERS	PER	PER	0.40035	2.9345	4.2841	False	False
UTISES	6	1400	55	15	0	0	0	0	0	free	0.53333	0	0			TIS	TIS	0.40035	2.9345	3.375	True	False
ISNAE	5	800	448	158	0	0	0	0	0	cellmate	0.075949	0	0.088608			NAE	NAE	0.066497	2.9338	1.9307	True	False
SOTOL	5	800	101	30	0.019802	0.029703	0	0	0	free	0.46667	0	0.13333		TOOLS,LOOTS	SOT	SOT	0.35015	2.9332	2.9872	False	True
DROIL	5	800	78	30	0.012821	0	0	0	0.071429	free	0.46667	0	0			ROIL	ROIL	0.34977	2.93	2.2617	False	True
PELON	5	800	74	30	0.027027	0.027027	0	0.052632	0	free	0.46667	0	0			PEL	PEL	0.34977	2.93	1.9522	False	True
AMIAS	5	800	100	30	0.005	0	0	0	0	free	0.46667	0	0			AMI	AMI	0.34977	2.93	2.1549	False	True
SEGOS	5	800	71	30	0	0	0	0	0	free	0.46667	0	0			GOS	GOS	0.34977	2.93	2.062	False	False
MACRO	5	800	69	29	0.014493	0	0	0	0.11765	free	0.48276	0	0.034483			MAC	MAC	0.36155	2.9277	2.2531	False	True
LEALER	6	1400	61	14	0.016393	0	0	0	0	free	0.57143	0	0	LEA		LEA	LEA	0.4279	2.9273	5.5177	False	True
TREMIE	6	1400	51	14	0	0	0	0	0	free	0.57143	0	0			REM	REM	0.4279	2.9273	3.4779	True	False
GENOAS	6	1400	55	14	0	0	0	0	0	free	0.57143	0	0			GEN	GEN	0.4279	2.9273	2.5906	True	False
ENURED	6	1400	51	14	0.0098039	0	0	0.090909	0	free	0.57143	0	0			RED	RED	0.4279	2.9273	3.0292	False	True
MIRTH	5	800	67	29	0.014925	0.014925	0	0	0	free	0.48276	0	0			MIR	MIR	0.36145	2.9269	1.584	False	True
MISDO	5	800	61	28	0.0081967	0	0	0	0	free	0.5	0	0			MIS	MIS	0.37396	2.9238	1.9879	False	True
DEICE	5	800	92	28	0.021739	0	0	0	0	free	0.5	0	0	ICE		ICE	ICE	0.37396	2.9238	3.7535	False	True
OSHAC	5	800	84	28	0	0	0	0	0	free	0.5	0	0	SHA		SHA	SHA	0.37396	2.9238	2.7817	True	False
THARM	5	800	82	27	0.0060976	0.012195	0	0	0	free	0.51852	0	0			HARM	HARM	0.3874	2.9207	1.9201	False	True
ORPINS	6	1400	51	13	0.0098039	0.019608	0	0	0	free	0.61538	0	0	PIN		PIN	PIN	0.45968	2.9201	3.8832	False	True
STADIA	6	1400	58	13	0	0	0	0	0	free	0.61538	0	0			TAD	TAD	0.45968	2.9201	2.9336	True	False
ERGONS	6	1400	52	13	0	0	0	0	0	free	0.61538	0	0.076923	GON		GON	GON	0.45943	2.9186	3.8154	False	False
DRAMS	5	800	105	35	0.095238	0.085714	0.085714	0	0.21429	free	0.51429	0	0			RAMS	RAMS	0.38433	2.9184	3.0336	False	True
CIMAR	5	800	77	26	0.0064935	0.012987	0	0	0	free	0.53846	0	0	MAR		MAR	MAR	0.40187	2.9176	2.879	False	True
ABSIT	5	800	70	25	0	0	0	0	0	free	0.56	0	0.08	SIT		SIT	SIT	0.41773	2.9161	2.7692	True	False
WALIS	5	800	83	33	0.066265	0.084337	0.090909	0	0.04	free	0.54545	0	0.12121			LIS	LIS	0.40729	2.9153	1.9714	False	True
YARER	5	800	60	25	0.0083333	0	0	0.076923	0.045455	free	0.56	0	0			ARE	ARE	0.4175	2.9145	2.0512	False	True
CEREAL	6	1400	51	12	0	0	0	0	0	free	0.66667	0	0			REAL	REAL	0.49676	2.913	3.3659	False	False
ECHOS	5	800	70	24	0.0071429	0	0	0	0	free	0.58333	0	0			HOS	HOS	0.43443	2.9114	2.3186	False	True
SEFER	5	800	63	23	0	0	0	0	0	free	0.6087	0	0.086957			FER	FER	0.45308	2.9099	1.7341	True	False
AMICE	5	800	66	23	0.030303	0	0	0.076923	0.1	free	0.6087	0	0	MICE		MICE	MICE	0.45284	2.9083	2.8282	False	True
BISON	5	800	54	23	0.037037	0	0	0.1	0.13043	free	0.6087	0	0	SON		BIS	SON	0.45284	2.9083	2.6879	False	True
BEATH	5	800	70	22	0.05	0.028571	0	0.16667	0.13636	free	0.63636	0	0	BEAT		BEAT	BEAT	0.47291	2.9052	3.1694	False	True
LIPOS	5	800	67	22	0.022388	0.029851	0	0	0	free	0.63636	0	0	POS		LIP	POS	0.47291	2.9052	2.9734	False	True
AGRINS	6	1400	54	11	0.018519	0.018519	0	0	0.04	free	0.72727	0	0.090909	RIN	RASING	GRINS	RIN	0.54029	2.9042	5.1207	False	True
GLOST	5	800	62	21	0.032258	0.016129	0	0	0.11111	free	0.66667	0	0	LOS		LOST	LOS	0.4949	2.902	2.6072	False	True
TARGA	5	800	75	21	0.013333	0.013333	0	0	0.047619	free	0.66667	0	0	TAR		TAR	TAR	0.4949	2.902	3.3269	False	True
FINAL	5	800	58	21	0.051724	0.017241	0	0.16667	0.16667	free	0.66667	0	0	FIN		FIN	FIN	0.4949	2.902	2.6033	False	True
DEELY	5	800	52	20	0	0	0	0	0	free	0.7	0	0	DEE		DEE	DEE	0.51909	2.8989	2.5574	True	False
BARDO	5	800	56	18	0.017857	0	0	0.16667	0.047619	free	0.77778	0	0.11111	BAR		BAR	BAR	0.57585	2.8943	2.8191	False	True
RAGINI	6	1400	50	9	0	0	0	0	0	free	0.88889	0	0		AIRING	RAG	RAG	0.65745	2.8914	3.9239	True	False
ANGAS	5	800	78	30	0.064103	0.076923	0.1	0	0.035714	free	0.56667	0.066667	0.033333			GAS	GAS	0.44473	2.8878	2.1358	False	True
FLAIR	5	800	61	24	0.098361	0.13115	0.125	0	0.043478	free	0.75	0	0	AIR		LAIR	AIR	0.55537	2.8842	2.0506	False	True
TARTY	5	800	68	23	0.066176	0.088235	0.13043	0	0	free	0.78261	0	0	TAR		TART	TAR	0.57904	2.8811	3.07	False	True
CONIC	5	800	51	23	0.088235	0.098039	0.13043	0	0	free	0.78261	0	0	CON		CON	CON	0.57904	2.8811	2.1779	False	True
PROTO	5	800	62	21	0.056452	0.1129	0.14286	0	0	free	0.85714	0	0.095238	ROT		PRO	ROT	0.63339	2.8764	2.8475	False	True
OINTED	6	1400	119	41	0	0	0	0	0	free	0.17073	0.02439	0			TED	TED	0.14285	2.8619	2.2357	False	False
NARDS	5	800	191	70	0.086387	0.073298	0.11429	0.081081	0.072727	free	0.34286	0	0.14286			NARD	NARD	0.26033	2.8547	1.5895	False	True
INURE	5	800	170	70	0.0058824	0	0	0.043478	0	free	0.18571	0	0.028571			NUR	NUR	0.14598	2.8533	2.6747	False	True
OLEIN	5	800	242	70	0.0041322	0	0	0	0.014706	free	0.18571	0	0			LEI	LEI	0.1459	2.8517	3.323	False	True
LETHE	5	800	102	29	0.068627	0.039216	0.034483	0.047619	0.064516	free	0.51724	0	0			LET	LET	0.38647	2.8503	3.4092	False	True
PILEI	5	800	74	27	0.02027	0.013514	0.037037	0	0	free	0.55556	0	0	PILE		PILE	PILE	0.41427	2.8441	2.9404	False	True
AROINT	6	1400	143	51	0.006993	0.006993	0	0	0.02381	free	0.13725	0	0.039216			ROIN	ROIN	0.11383	2.8367	1.9613	False	True
COMAL	5	800	53	24	0.056604	0.056604	0.041667	0	0	free	0.625	0	0	MAL		MAL	MAL	0.46467	2.8348	2.0999	False	True
SERGE	5	800	163	47	0.021472	0.01227	0.042553	0.037037	0.068182	free	0.34043	0	0.085106			SER	SER	0.25841	2.8328	3.2656	False	True
LOBAR	5	800	54	23	0.0092593	0.018519	0.043478	0	0	free	0.65217	0	0	BAR		BAR	BAR	0.48439	2.8317	2.4068	False	True
TROADS	6	1400	55	19	0.072727	0.054545	0.052632	0.1	0.2	free	0.47368	0	0			ROADS	ROADS	0.35722	2.8279	2.0136	False	True
SIRRA	5	800	164	45	0.030488	0.018293	0.044444	0.0625	0	free	0.35556	0	0.088889			SIR	SIR	0.2694	2.8266	4.9116	False	True
LOOED	5	800	64	21	0.039062	0.046875	0.047619	0	0.11111	free	0.71429	0	0.047619	LOO		LOO	LOO	0.52959	2.8262	3.1392	False	True
MACON	5	800	59	20	0.0084746	0.016949	0.05	0	0	free	0.75	0	0	CON		MAC	CON	0.55537	2.8223	3.1183	False	True
NESTLER	7	1800	60	24	0.066667	0.083333	0.083333	0	0	free	0.375	0	0			NEST	NEST	0.27046	2.8217	2.5838	False	True
DENIMS	6	1400	56	18	0.080357	0.10714	0.055556	0	0.090909	free	0.5	0	0			DEN	DEN	0.37625	2.8208	2.7836	False	True
DEMIST	6	1400	63	27	0.055556	0.079365	0.14815	0.083333	0.095238	free	0.48148	0	0.2963			MIST	MIST	0.36191	2.8203	2.838	False	True
NARCO	5	800	155	59	0.0032258	0.0064516	0	0	0	free	0.22034	0	0.033898			ARC	ARC	0.17112	2.8191	1.6715	False	True
INTENT	6	1400	69	24	0.07971	0.10145	0.16667	0.11765	0.125	free	0.54167	0	0			TENT	TENT	0.40638	2.8113	4.115	False	True
UNSET	5	800	210	69	0.047619	0.061905	0.086957	0	0.05	free	0.30435	0	0.057971			SET	SET	0.23215	2.7974	3.4938	False	True
AGONS	5	800	99	34	0.030303	0.030303	0.058824	0.052632	0	free	0.47059	0	0	GON		GON	GON	0.35262	2.7892	3.3662	False	True
LIDAR	5	800	154	51	0.048701	0.097403	0.15686	0	0	free	0.47059	0	0.019608			LID	LID	0.35267	2.7885	2.6796	False	True
ATRIP	5	800	159	47	0.0031447	0.0062893	0	0	0	free	0.2766	0	0.042553			RIP	RIP	0.21197	2.7818	3.3467	False	True
LOAST	5	800	209	76	0.074163	0.08134	0.052632	0.04	0.079365	free	0.23684	0	0.10526			OAST	OAST	0.1833	2.7729	2.1112	False	True
UNSEE	5	800	98	28	0.030612	0.040816	0.071429	0	0	free	0.57143	0	0	SEE		SEE	SEE	0.42579	2.7706	3.7265	False	True
ETESIAN	7	1800	64	25	0	0	0	0	0	free	0.24	0	0			TES	TES	0.17606	2.7653	2.1949	True	False
OESTRAL	7	1800	72	25	0	0	0	0	0	free	0.24	0	0			EST	EST	0.17606	2.7653	1.5114	True	False
ARSEY	5	800	126	41	0	0	0	0	0	free	0.31707	0	0.097561			ARSE	ARSE	0.2415	2.7648	2.8899	False	False
STEDS	5	800	285	100	0.064912	0.059649	0.05	0.08	0.044776	free	0.19	0	0			STED	STED	0.14901	2.7646	2.7596	False	True
YETIS	5	800	112	41	0.0089286	0	0	0	0.044444	free	0.31707	0	0			TIS	TIS	0.24122	2.7616	2.1667	False	True
THRID	5	800	100	35	0.02	0.02	0.028571	0	0.034483	free	0.4	0.028571	0			RID	RID	0.31095	2.7597	2.5511	False	True
BROSE	5	800	100	32	0.095	0.09	0.15625	0.10526	0.11111	free	0.625	0	0.0625		BORES	ROSE	ROSE	0.46484	2.7574	2.8399	False	True
DIACT	5	800	83	39	0	0	0	0	0	free	0.33333	0	0			ACT	ACT	0.25302	2.7554	1.6883	False	False
LOCIS	5	800	101	45	0.044554	0.069307	0.066667	0	0	free	0.37778	0	0.088889			CIS	CIS	0.28552	2.75	1.7951	False	True
NARIS	5	800	491	159	0.0040733	0.0020367	0	0.01087	0	cellmate	0.069182	0	0.18868		RAINS	ARIS	ARIS	0.061872	2.747	2.4145	False	True
THERIAN	7	1800	53	21	0	0	0	0	0	free	0.28571	0	0			HER	HER	0.20803	2.7447	3.1522	False	False
OWSEN	5	800	89	34	0	0	0	0	0	free	0.38235	0	0.029412			SEN	SEN	0.28867	2.7406	2.5941	True	False
DOETH	5	800	89	34	0	0	0	0	0	free	0.38235	0	0			DOE	DOE	0.28859	2.7398	2.2083	False	False
ANELES	6	1400	106	37	0.009434	0.009434	0	0.058824	0	free	0.18919	0	0			ANE	ANE	0.15151	2.7393	2.1036	False	True
ARGOT	5	800	98	33	0.005102	0	0	0	0	free	0.39394	0	0.030303			GOT	GOT	0.29708	2.7375	2.6032	False	True
TACIT	5	800	113	42	0.053097	0.079646	0.071429	0.047619	0.027778	free	0.40476	0	0	CIT		CIT	CIT	0.30485	2.7375	2.913	False	True
TAWSE	5	800	114	32	0.057018	0.061404	0	0.090909	0.081081	free	0.40625	0	0.125		WASTE	TAWS	TAWS	0.30629	2.7368	2.9671	False	True
AROMA	5	800	102	33	0.019608	0.0098039	0	0.14286	0.11538	free	0.39394	0	0			ROMA	ROMA	0.297	2.7367	2.612	False	True
REISES	6	1400	122	36	0.0040984	0	0	0	0.032258	free	0.19444	0	0			REI	REI	0.15531	2.7321	3.6397	False	True
INISLE	6	1400	71	36	0	0	0	0	0	free	0.19444	0	0			NIS	NIS	0.15531	2.7321	1.7306	True	False
NADAS	5	800	82	31	0.012195	0.02439	0	0	0	free	0.41935	0	0			DAS	DAS	0.31544	2.7305	2.2171	False	True
GHEST	5	800	88	31	0	0	0	0	0	free	0.41935	0	0			HEST	HEST	0.31544	2.7305	2.5286	True	False
STREPS	6	1400	91	24	0.087912	0.076923	0.083333	0.2	0.083333	free	0.41667	0	0			REP	REP	0.31599	2.7286	3.1566	False	True
SEPAD	5	800	104	30	0	0	0	0	0	free	0.43333	0	0.033333			PAD	PAD	0.32568	2.7282	2.9952	False	False
UDONS	5	800	59	30	0	0	0	0	0	free	0.43333	0	0.033333	DON	SOUND	DONS	DON	0.32568	2.7282	1.9865	False	False
AMIDO	5	800	58	30	0	0	0	0	0	free	0.43333	0	0			MID	MID	0.32558	2.7274	1.5994	True	False
GENIP	5	800	73	30	0	0	0	0	0	free	0.43333	0	0			GEN	GEN	0.32558	2.7274	2.1283	True	False
DOILT	5	800	73	29	0.0068493	0	0	0	0	free	0.44828	0	0			OIL	OIL	0.33643	2.7243	1.807	False	True
ETRIERS	7	1800	61	18	0.0081967	0	0	0	0	free	0.33333	0	0.055556			TRIERS	TRIERS	0.24087	2.724	2.4654	False	True
NIGERS	6	1400	106	36	0	0	0	0	0	free	0.19444	0	0.19444		SINGER	GER	GER	0.15468	2.7211	2.8079	True	False
HINAU	5	800	67	27	0	0	0	0	0	free	0.48148	0	0	HIN		HIN	HIN	0.36052	2.7181	2.3151	True	False
THEIR	5	800	239	76	0.056485	0.054393	0.026316	0.019608	0.078125	free	0.19737	0	0			THE	THE	0.15435	2.7172	1.6548	False	True
SATYR	5	800	77	26	0.012987	0	0	0	0	free	0.5	0	0	SAT		SAT	SAT	0.37396	2.715	2.9679	False	True
SAYNE	5	800	66	26	0.0075758	0.015152	0	0	0	free	0.5	0	0			SAY	SAY	0.37396	2.715	1.3902	False	True
SOTHS	5	800	90	34	0.061111	0.066667	0.088235	0.14286	0.043478	free	0.5	0	0.058824			SOT	SOT	0.37413	2.7142	2.6424	False	True
SEROSAE	7	1800	54	15	0	0	0	0	0	free	0.4	0	0			SER	SER	0.28795	2.7136	2.7359	False	False
MIHAS	5	800	62	25	0	0	0	0	0	free	0.52	0	0			HAS	HAS	0.38847	2.7119	2.1817	True	False
URDEE	5	800	67	25	0	0	0	0	0	free	0.52	0	0	DEE		DEE	DEE	0.38847	2.7119	2.2509	True	False
MINOS	5	800	139	49	0.082734	0.064748	0.040816	0.19231	0.20588	free	0.28571	0.061224	0			NOS	NOS	0.23894	2.7108	2.2217	False	True
HAITH	5	800	64	24	0.015625	0	0	0	0.05	free	0.54167	0	0			AIT	AIT	0.4042	2.7087	1.9909	False	True
SAPOR	5	800	115	48	0.013043	0.017391	0.020833	0	0.034483	free	0.29167	0	0			SAP	SAP	0.22278	2.7067	2.5072	False	True
AMLAS	5	800	61	23	0	0	0	0	0	free	0.56522	0	0.043478	LAS		LAS	LAS	0.42141	2.7064	2.3745	True	False
KINAS	5	800	50	23	0.01	0	0	0	0	free	0.56522	0	0			KIN	KIN	0.42129	2.7056	1.72	False	True
LYSIN	5	800	51	23	0	0	0	0	0	free	0.56522	0	0	SIN		SIN	SIN	0.42129	2.7056	2.1709	True	False
SNOOL	5	800	101	29	0.059406	0.069307	0.10345	0	0.029412	free	0.58621	0	0.27586			NOO	NOO	0.4373	2.7035	2.6997	False	True
FIEND	5	800	65	22	0.046154	0.046154	0	0	0	free	0.59091	0	0.045455			FIE	FIE	0.44006	2.7033	2.241	False	True
TAIGA	5	800	57	22	0	0	0	0	0	free	0.59091	0	0.045455	TAI		TAI	TAI	0.44006	2.7033	2.6911	True	False
SALPA	5	800	59	22	0	0	0	0	0	free	0.59091	0	0	SAL		SAL	SAL	0.43993	2.7025	2.0502	True	False
SPAHI	5	800	52	22	0	0	0	0	0	free	0.59091	0	0	SPA		SPA	SPA	0.43993	2.7025	2.2361	False	False
OUTTA	5	800	50	22	0	0	0	0	0	free	0.59091	0	0	OUT		OUT	OUT	0.43993	2.7025	1.9771	False	False
BINAL	5	800	59	22	0	0	0	0	0	free	0.59091	0	0	BIN		BIN	BIN	0.43993	2.7025	2.1787	True	False
CHIEL	5	800	78	21	0.0064103	0.012821	0	0	0	free	0.61905	0	0			CHI	CHI	0.46035	2.6994	3.3941	False	True
MATLO	5	800	72	21	0	0	0	0	0	free	0.61905	0	0	MAT		MAT	MAT	0.46035	2.6994	3.4768	True	False
AULAS	5	800	57	21	0	0	0	0	0	free	0.61905	0	0	LAS		LAS	LAS	0.46035	2.6994	2.3695	True	False
IDLEST	6	1400	89	32	0.016854	0	0	0.21429	0.12	free	0.21875	0	0.125			LEST	LEST	0.17248	2.6971	2.8867	False	True
UNHAT	5	800	50	20	0.01	0	0	0	0.058824	free	0.65	0	0	HAT		HAT	HAT	0.48281	2.6963	1.7846	False	True
DONNA	5	800	60	19	0.066667	0.05	0	0.18182	0.11111	free	0.68421	0	0	DON		DON	DON	0.50763	2.6932	2.3639	False	True
EARLY	5	800	70	26	0.092857	0.085714	0.11538	0	0.13333	free	0.65385	0	0.076923		LAYER	EAR	EAR	0.48582	2.6894	2.1733	False	True
MINAE	5	800	205	65	0.029268	0.02439	0.030769	0.076923	0.042553	free	0.23077	0	0.10769			MINA	MINA	0.1789	2.6885	2.0795	False	True
ORBIT	5	800	50	17	0.01	0	0	0	0.083333	free	0.76471	0	0	BIT		BIT	BIT	0.56605	2.687	2.1056	False	True
CRAIC	5	800	50	17	0	0	0	0	0	free	0.76471	0	0	RAI		RAI	RAI	0.56605	2.687	2.2984	True	False
THEIN	5	800	217	81	0.016129	0	0	0.068966	0.016129	free	0.14815	0	0.037037			THE	THE	0.11874	2.6857	1.8862	False	True
PENED	5	800	66	24	0.060606	0.090909	0.125	0	0.055556	free	0.70833	0	0	PEN		PEN	PEN	0.52514	2.6816	2.6182	False	True
SNEDS	5	800	214	63	0.028037	0.014019	0.031746	0.02439	0.10345	free	0.2381	0	0.079365			NEDS	NEDS	0.18413	2.6807	2.4572	False	True
LEISH	5	800	189	78	0	0	0	0	0	free	0.15385	0	0.064103			LEI	LEI	0.12295	2.6779	1.9233	False	False
ENATION	7	1800	65	20	0.092308	0.13846	0.25	0	0	free	0.65	0	0			NAT	NAT	0.46277	2.6735	2.772	False	True
SORDO	5	800	92	36	0.01087	0.01087	0.027778	0	0	free	0.38889	0	0			SORD	SORD	0.29333	2.6694	1.3529	False	True
ALOINS	6	1400	93	26	0.0053763	0	0	0.066667	0.037037	free	0.26923	0	0			LOINS	LOINS	0.20938	2.6602	2.9013	False	True
AORTAL	6	1400	83	26	0	0	0	0	0	free	0.26923	0	0			ORT	ORT	0.20938	2.6602	1.7579	True	False
STEDES	6	1400	76	26	0.039474	0	0	0.13333	0.21053	free	0.26923	0	0			TED	TED	0.20938	2.6602	2.75	False	True
ELOINS	6	1400	98	26	0.010204	0	0	0	0.04	free	0.26923	0	0			LOINS	LOINS	0.20938	2.6602	2.9127	False	True
ANDROS	6	1400	62	26	0	0	0	0	0	free	0.26923	0	0			AND	AND	0.20938	2.6602	2.2704	False	False
ERNES	5	800	496	152	0.024194	0.0060484	0.019737	0.058824	0.081301	dropTerminal	0.052632	0.098684	0.026316			ERN	ERN	0.082402	2.6597	2.775	False	True
INSTIL	6	1400	75	25	0	0	0	0	0	free	0.28	0	0	TIL		TIL	TIL	0.21717	2.653	3.4206	True	False
NARCS	5	800	169	51	0.029586	0.029586	0.039216	0.028571	0	free	0.29412	0	0.19608		CARNS	ARCS	ARCS	0.22512	2.6474	2.3	False	True
VINAS	5	800	63	28	0.031746	0.031746	0.035714	0.125	0.05	free	0.5	0	0.035714			VIN	VIN	0.37406	2.6454	1.8781	False	True
ASCENT	6	1400	66	24	0.022727	0	0	0	0.045455	free	0.29167	0	0.041667			CENT	CENT	0.22547	2.6443	2.7272	False	True
MEDIAN	6	1400	65	24	0.0076923	0	0	0	0.058824	free	0.29167	0	0.125		MAINED	MED	MED	0.2252	2.6411	2.3873	False	True
ANELED	6	1400	64	24	0	0	0	0	0	free	0.29167	0	0.16667			LED	LED	0.22507	2.6396	2.0468	True	False
THENAL	6	1400	63	23	0	0	0	0	0	free	0.30435	0	0.043478			HEN	HEN	0.23464	2.6371	2.7194	True	False
ALOIN	5	800	204	66	0.0073529	0.004902	0	0.034483	0.015625	free	0.18182	0	0			LOIN	LOIN	0.14307	2.6367	3.0685	False	True
REECH	5	800	69	22	0.036232	0.043478	0.045455	0	0.0625	free	0.63636	0	0.090909	REE		REE	REE	0.47317	2.6275	2.1175	False	True
ABASE	5	800	66	22	0.037879	0.015152	0.045455	0.1	0.05	free	0.63636	0	0	BASE		BASE	BASE	0.47291	2.6259	2.9325	False	True
ETHION	6	1400	56	21	0	0	0	0	0	free	0.33333	0	0			ETH	ETH	0.25573	2.6243	1.3602	False	False
LIANAS	6	1400	55	21	0	0	0	0	0	free	0.33333	0	0			NAS	NAS	0.25573	2.6243	1.4695	False	False
PREMS	5	800	66	21	0.090909	0.12121	0.047619	0	0.076923	free	0.66667	0	0			REM	REM	0.4949	2.6228	2.0558	False	True
NOESIS	6	1400	74	21	0	0	0	0	0	free	0.33333	0	0.095238			SIS	SIS	0.25543	2.6212	3.4163	True	False
DETENT	6	1400	54	16	0.064815	0.11111	0.3125	0	0.066667	free	0.875	0	0			TENT	TENT	0.64741	2.6185	3.7856	False	True
NORMA	5	800	110	43	0.045455	0.027273	0.046512	0.066667	0.10811	free	0.34884	0	0.093023			NOR	NOR	0.26453	2.6178	2.2872	False	True
MENIAL	6	1400	59	20	0.033898	0.033898	0	0	0.052632	free	0.35	0	0			MEN	MEN	0.26779	2.6171	2.5129	False	True
PRADS	5	800	55	18	0.090909	0.054545	0.055556	0.090909	0.15385	free	0.77778	0	0.055556			RADS	RADS	0.57569	2.6143	1.7171	False	True
INDART	6	1400	88	19	0.017045	0	0	0	0.0625	free	0.36842	0	0			DART	DART	0.28111	2.6099	4.9069	False	True
ALDOSE	6	1400	50	18	0	0	0	0	0	free	0.38889	0	0			DOSE	DOSE	0.29591	2.6027	3.1395	True	False
THALIS	6	1400	69	18	0.021739	0.028986	0	0	0	free	0.38889	0	0			LIS	LIS	0.29591	2.6027	3.0965	False	True
AIGRET	6	1400	59	18	0	0	0	0	0	free	0.38889	0	0.055556	RET		RET	RET	0.29573	2.6012	3.4957	True	False
SERIPH	6	1400	57	17	0	0	0	0	0	free	0.41176	0	0			SER	SER	0.31245	2.5955	2.9313	True	False
RABIS	5	800	79	35	0.050633	0.088608	0.057143	0.083333	0	free	0.42857	0	0			BIS	BIS	0.32213	2.5897	1.5786	False	True
UNDOS	5	800	80	34	0.05625	0.075	0.058824	0	0.068966	free	0.44118	0	0.088235		SOUND	DOS	DOS	0.33153	2.589	2.057	False	True
ENTERAL	7	1800	74	26	0.02027	0.013514	0.038462	0	0	free	0.26923	0	0			ENTER	ENTER	0.1965	2.5816	3.4054	False	True
ACRID	5	800	90	36	0.016667	0.022222	0.055556	0	0	free	0.38889	0.055556	0.13889			RID	RID	0.31231	2.581	1.8361	False	True
AISLED	6	1400	102	35	0.019608	0.019608	0.028571	0	0	free	0.22857	0	0.2			LED	LED	0.17934	2.5786	3.2758	False	True
INARM	5	800	166	46	0	0	0	0	0	free	0.26087	0	0.065217			ARM	ARM	0.20062	2.5769	3.0574	True	False
TERSION	7	1800	75	25	0.026667	0.026667	0.04	0	0.055556	free	0.28	0	0			ION	ION	0.20403	2.5764	1.6719	False	True
OASIS	5	800	127	46	0	0	0	0	0	free	0.26087	0	0			SIS	SIS	0.20043	2.5745	2.5028	False	False
REGIE	5	800	99	30	0.025253	0.040404	0.066667	0.05	0	free	0.5	0	0			GIE	GIE	0.37396	2.5742	3.2134	False	True
POSTAL	6	1400	56	21	0.089286	0.125	0.14286	0	0.066667	free	0.52381	0	0.047619	POST		POST	POST	0.39331	2.5701	3.3005	False	True
APRONS	6	1400	53	13	0	0	0	0	0	free	0.53846	0	0			PRO	PRO	0.40406	2.5668	2.9222	False	False
ATRIA	5	800	360	107	0	0	0	0	0	free	0.1028	0	0.0093458			RIA	RIA	0.085758	2.5623	3.3759	True	False
AEROSAT	7	1800	59	21	0.0084746	0.016949	0.047619	0	0	free	0.33333	0	0	SAT		SAT	SAT	0.24133	2.5557	3.1021	False	True
HOISES	6	1400	69	30	0.072464	0.057971	0.033333	0.1875	0.083333	free	0.26667	0	0			HOI	HOI	0.20753	2.5537	1.5544	False	True
MESAS	5	800	101	37	0.044554	0.009901	0	0.055556	0.057143	free	0.32432	0	0.21622		MASSE	MES	MES	0.2471	2.5529	2.2652	False	True
RANGA	5	800	101	31	0.059406	0.089109	0.16129	0	0.037037	free	0.6129	0	0	RANG		RANG	RANG	0.45589	2.5501	3.8008	False	True
REISTED	7	1800	76	22	0.098684	0.10526	0.045455	0.3	0.1875	free	0.31818	0	0.13636			REIST	REIST	0.22961	2.5454	2.1385	False	True
SIPED	5	800	114	34	0.070175	0.087719	0	0.0625	0.078947	free	0.35294	0	0.088235			SIPE	SIPE	0.2675	2.5396	2.5701	False	True
TERRA	5	800	307	96	0.065147	0.029316	0.03125	0.16923	0.13889	cellmate	0.15625	0	0.45833		RATER	ERR	ERR	0.12582	2.5351	2.1377	False	True
INNIT	5	800	97	33	0.010309	0.010309	0	0	0	free	0.36364	0	0			NIT	NIT	0.27501	2.5341	2.8345	False	True
TIANS	5	800	470	163	0.076596	0.089362	0.03681	0.084337	0.071429	cellmate	0.11043	0	0.42331		TAINS	TIAN	TIAN	0.092471	2.5334	1.4814	False	True
ALEFS	5	800	80	31	0	0	0	0	0	free	0.3871	0	0.12903			ALE	ALE	0.2924	2.5311	1.3676	False	False
NOYES	5	800	69	31	0.021739	0.014493	0	0	0	free	0.3871	0	0.032258			NOY	NOY	0.29212	2.5287	1.3292	False	True
MEDIA	5	800	136	53	0.018382	0.0073529	0.018868	0.038462	0.078947	free	0.24528	0	0.20755			MED	MED	0.18971	2.5284	2.4269	False	True
ALCOS	5	800	79	29	0.0063291	0	0	0	0	free	0.41379	0	0.2069	COS		COS	COS	0.31199	2.5264	3.1009	False	True
SIGNA	5	800	201	72	0.042289	0.054726	0.097222	0.026316	0.030303	free	0.29167	0	0.013889			SIG	SIG	0.22282	2.5251	2.7609	False	True
PIONER	6	1400	57	26	0.0087719	0.017544	0.038462	0	0	free	0.30769	0	0			ONER	ONER	0.23719	2.5249	0.98344	False	True
NANCE	5	800	71	30	0	0	0	0	0	free	0.4	0	0			NAN	NAN	0.30139	2.5248	2.062	True	False
AITCH	5	800	83	30	0.0060241	0.012048	0	0	0	free	0.4	0	0			ITCH	ITCH	0.30139	2.5248	2.6279	False	True
CRUET	5	800	65	27	0.030769	0	0	0.125	0.095238	free	0.44444	0	0.2963			CRU	CRU	0.33449	2.5218	1.5453	False	True
SURAH	5	800	84	29	0	0	0	0	0	free	0.41379	0	0			SUR	SUR	0.3114	2.5217	2.3962	True	False
HETHS	5	800	86	27	0.02907	0.011628	0	0	0.13043	free	0.44444	0	0			HET	HET	0.33365	2.5154	2.8879	False	True
CURST	5	800	71	27	0.049296	0.014085	0	0.2	0.11111	free	0.44444	0	0	CUR		CURS	CUR	0.33365	2.5154	2.4881	False	True
RIBAS	5	800	72	25	0.013889	0.027778	0	0	0	free	0.48	0	0.04	BAS		BAS	BAS	0.35956	2.51	3.0429	False	True
SCROD	5	800	66	25	0	0	0	0	0	free	0.48	0	0.04			ROD	ROD	0.35956	2.51	2.0574	True	False
SKEAR	5	800	56	24	0.0625	0.035714	0	0	0.21053	free	0.5	0	0.16667		RAKES	EAR	EAR	0.37443	2.5093	1.6799	False	True
MIDST	5	800	64	25	0.0078125	0.015625	0	0	0	free	0.48	0	0			MIDS	MIDS	0.35945	2.5092	1.7096	False	True
SLORM	5	800	55	25	0	0	0	0	0	free	0.48	0	0	LOR		LOR	LOR	0.35945	2.5092	1.6607	True	False
STRIA	5	800	563	161	0.023091	0.010657	0.0062112	0.05	0.074627	cellmate	0.068323	0	0.45342		RAITS	RIA	RIA	0.062002	2.5081	3.9461	False	True
EUSOL	5	800	63	24	0	0	0	0	0	free	0.5	0	0.083333	SOL	LOUSE	SOL	SOL	0.3742	2.5077	1.5426	True	False
UNSETS	6	1400	67	23	0.022388	0.029851	0.043478	0	0	free	0.34783	0	0			SET	SET	0.26621	2.5033	2.9803	False	True
ALLOD	5	800	54	23	0.0092593	0	0	0	0.071429	free	0.52174	0	0			ALL	ALL	0.38973	2.503	2.3023	False	True
BENTO	5	800	69	23	0.086957	0.028986	0	0.2	0.29412	free	0.52174	0	0	BENT		BENT	BENT	0.38973	2.503	2.397	False	True
GENOM	5	800	61	23	0	0	0	0	0	free	0.52174	0	0			GEN	GEN	0.38973	2.503	1.9237	True	False
COALA	5	800	56	23	0.017857	0	0	0.4	0	free	0.52174	0	0			COAL	COAL	0.38973	2.503	1.6617	False	True
ACERB	5	800	55	21	0	0	0	0	0	free	0.57143	0	0.047619	ACE		ACER	ACE	0.42593	2.4976	2.047	True	False
APODE	5	800	67	21	0	0	0	0	0	free	0.57143	0	0			POD	POD	0.42579	2.4968	2.1224	True	False
SCUTA	5	800	51	21	0	0	0	0	0	free	0.57143	0	0	CUT		CUT	CUT	0.42579	2.4968	2.0423	True	False
MINOR	5	800	132	45	0.056818	0.037879	0.022222	0.05	0.058824	free	0.28889	0	0			NOR	NOR	0.22077	2.4948	2.2577	False	True
ARISTO	6	1400	171	52	0	0	0	0	0	free	0.11538	0	0			ARIS	ARIS	0.098139	2.4937	1.9585	True	False
CONUS	5	800	65	20	0.030769	0.030769	0	0	0	free	0.6	0	0	CON		CON	CON	0.44653	2.4937	2.7787	False	True
ASPIS	5	800	71	20	0	0	0	0	0	free	0.6	0	0			PIS	PIS	0.44653	2.4937	2.5119	False	False
HENCE	5	800	52	20	0.048077	0.019231	0	0	0	free	0.6	0	0			HEN	HEN	0.44653	2.4937	1.8905	False	True
RIFER	5	800	63	28	0.095238	0.095238	0.10714	0	0.05	free	0.57143	0	0.035714			RIFE	RIFE	0.42589	2.4922	1.5876	False	True
SOWAR	5	800	70	19	0.0071429	0.014286	0	0	0	free	0.63158	0	0	WAR		SOW	WAR	0.46944	2.4906	3.4505	False	True
HONAN	5	800	54	18	0.018519	0.018519	0	0	0	free	0.66667	0	0	HON		HON	HON	0.4949	2.4875	2.5993	False	True
SPLIT	5	800	75	26	0.093333	0.08	0.11538	0.14286	0.18519	free	0.61538	0	0	LIT		LIT	LIT	0.45769	2.4851	2.4343	False	True
DOPAS	5	800	54	17	0.018519	0.037037	0	0	0	free	0.70588	0	0	PAS		DOP	PAS	0.52336	2.4844	2.575	False	True
TERNAL	6	1400	173	59	0.017341	0.017341	0.050847	0.04	0.028571	free	0.16949	0	0.084746			TERN	TERN	0.13699	2.4836	4.067	False	True
ERGOS	5	800	116	38	0.012931	0.0086207	0.026316	0	0.037037	free	0.34211	0	0.23684		GORES	GOS	GOS	0.26006	2.4802	2.5372	False	True
CAPLE	5	800	53	23	0.075472	0.075472	0.13043	0	0.052632	free	0.69565	0	0	CAP		CAP	CAP	0.51594	2.4758	2.0759	False	True
METOL	5	800	106	38	0.009434	0.018868	0.026316	0	0	free	0.34211	0	0.026316			MET	MET	0.25946	2.4738	2.5625	False	True
NEEMS	5	800	93	37	0.037634	0.032258	0.027027	0	0	free	0.35135	0	0.10811			NEE	NEE	0.2664	2.4731	1.8844	False	True
ELOIN	5	800	228	76	0.010965	0	0	0	0.015873	free	0.14474	0	0			LOIN	LOIN	0.11616	2.4651	3.0522	False	True
UNDEE	5	800	59	19	0.042373	0.050847	0.15789	0.125	0.052632	free	0.84211	0	0	DEE		DEE	DEE	0.62221	2.4634	2.1059	False	True
HARSH	5	800	89	34	0.061798	0.011236	0.029412	0.13333	0.14815	free	0.38235	0	0			ARS	ARS	0.28859	2.4606	1.8627	False	True
LORNER	6	1400	50	17	0.04	0.04	0.058824	0	0.0625	free	0.47059	0	0	LOR		LOR	LOR	0.35498	2.4602	3.2778	False	True
SLOAN	5	800	153	56	0.042484	0.058824	0.10714	0.04	0.044444	free	0.33929	0.017857	0.089286			LOAN	LOAN	0.26356	2.4459	2.3419	False	True
SHREDS	6	1400	52	15	0.0096154	0.019231	0.066667	0	0	free	0.53333	0	0			REDS	REDS	0.40035	2.4459	2.5408	False	True
AGNISE	6	1400	136	47	0.0036765	0	0	0	0.030303	cellmate	0.12766	0	0.19149		EASING	NIS	NIS	0.1064	2.4437	2.2015	False	True
ETALON	6	1400	123	45	0	0	0	0	0	free	0.13333	0	0			TALON	TALON	0.11112	2.4434	1.625	False	False
LABIS	5	800	67	27	0.029851	0.029851	0.037037	0	0	free	0.48148	0	0.074074		BAILS	LAB	LAB	0.36073	2.4404	2.3318	False	True
EIDERS	6	1400	123	45	0.004065	0.0081301	0	0	0	free	0.13333	0	0.044444			IDE	IDE	0.11097	2.4403	1.2429	False	True
ROBLE	5	800	69	27	0.072464	0.057971	0.037037	0.13333	0.10526	free	0.48148	0	0			ROB	ROB	0.36052	2.4388	1.6421	False	True
MENUS	5	800	69	26	0.043478	0.043478	0.038462	0.083333	0.12	free	0.5	0	0			MEN	MEN	0.37396	2.4357	2.18	False	True
EANING	6	1400	73	22	0.061644	0.068493	0.13636	0	0	free	0.40909	0.27273	0			EAN	EAN	0.36293	2.4357	3.3943	False	True
VITAS	5	800	69	25	0.072464	0.043478	0.04	0.083333	0.05	free	0.52	0	0.04	TAS		TAS	TAS	0.38859	2.4334	1.9877	False	True
ANENT	5	800	177	64	0.0028249	0	0	0	0	free	0.17188	0	0			ANE	ANE	0.13585	2.4278	1.8452	False	True
THROE	5	800	167	61	0.005988	0	0	0.029412	0.018868	free	0.18033	0	0.11475			ROE	ROE	0.14231	2.4241	2.16	False	True
VIRED	5	800	71	21	0.098592	0.11268	0.047619	0	0.076923	free	0.61905	0	0.14286		DIVER	VIRE	VIRE	0.46075	2.4226	1.8052	False	True
MUSIT	5	800	57	19	0.0087719	0.017544	0.052632	0	0	free	0.68421	0	0	SIT		MUS	SIT	0.50763	2.414	2.8593	False	True
HETERO	6	1400	117	40	0.012821	0	0	0.041667	0	free	0.15	0	0			HET	HET	0.12317	2.4075	4.6369	False	True
STEDD	5	800	104	41	0.048077	0.048077	0.04878	0.13043	0.028571	free	0.34146	0	0			TED	TED	0.25892	2.4057	2.1659	False	True
ACNED	5	800	124	51	0.0040323	0.0080645	0	0	0	cellmate	0.21569	0	0.23529			NED	NED	0.16832	2.397	1.4555	False	True
DERRO	5	800	144	53	0.0069444	0.0069444	0	0.045455	0.026316	free	0.20755	0	0			ERR	ERR	0.16174	2.3936	1.5316	False	True
SOCAS	5	800	83	37	0.024096	0.048193	0.054054	0	0	free	0.37838	0	0			SOC	SOC	0.2857	2.3933	1.4626	False	True
DESIS	5	800	181	58	0.038674	0.038674	0.051724	0.032258	0.022222	free	0.25862	0	0.17241			SIS	SIS	0.19929	2.3899	3.1634	False	True
OLEOS	5	800	124	49	0	0	0	0	0	free	0.22449	0	0.16327			OLE	OLE	0.1745	2.3876	1.0924	True	False
BLEST	5	800	144	45	0.0625	0.069444	0.022222	0.055556	0.044444	free	0.26667	0.022222	0.044444			LEST	LEST	0.2122	2.3871	2.5254	False	True
DEIST	5	800	499	159	0.034068	0.024048	0.031447	0.060976	0.062016	cellmate	0.10063	0	0.36478			DEI	DEI	0.085193	2.3862	2.8202	False	True
REDLY	5	800	57	31	0.017544	0.035088	0.064516	0	0	free	0.45161	0	0			RED	RED	0.33885	2.3747	1.2928	False	True
TRACT	5	800	145	41	0.093103	0.034483	0.02439	0.2	0.125	free	0.29268	0.02439	0			ACT	ACT	0.23168	2.3731	2.6215	False	True
TECTA	5	800	125	46	0.016	0.008	0	0.083333	0.030303	free	0.23913	0	0.021739			TEC	TEC	0.18472	2.3727	1.5129	False	True
NIDED	5	800	96	29	0.041667	0.03125	0.068966	0	0.038462	free	0.48276	0	0.17241			NIDE	NIDE	0.36194	2.3724	2.6245	False	True
YITES	5	800	129	46	0.011628	0	0	0	0.047619	free	0.23913	0	0			TES	TES	0.18466	2.3719	2.1192	False	True
GLENT	5	800	76	30	0.039474	0.039474	0.066667	0	0.086957	free	0.46667	0	0			LENT	LENT	0.34977	2.3716	2.1869	False	True
ACUTE	5	800	87	29	0.051724	0.034483	0.068966	0.066667	0	free	0.48276	0	0	CUT		CUTE	CUT	0.36145	2.3684	2.9342	False	True
NUTSO	5	800	129	43	0	0	0	0	0	free	0.25581	0	0.16279			NUTS	NUTS	0.19723	2.3681	2.3793	True	False
REDDS	5	800	91	28	0.093407	0.098901	0.071429	0.047619	0.037037	free	0.5	0	0			RED	RED	0.37396	2.3653	2.2487	False	True
HERMA	5	800	114	43	0.0087719	0.0087719	0	0	0	free	0.25581	0	0			HER	HER	0.19676	2.3625	2.1444	False	True
PORAE	5	800	160	41	0.009375	0.0125	0	0	0	free	0.26829	0	0			ORA	ORA	0.20582	2.3563	1.681	False	True
AARTI	5	800	162	40	0	0	0	0	0	free	0.275	0	0			ART	ART	0.21069	2.3532	3.3727	True	False
NERAL	5	800	474	164	0.0031646	0.0021097	0	0	0	cellmate	0.054878	0	0.14634			ERA	ERA	0.051371	2.3525	2.4476	False	True
PEDRO	5	800	92	38	0	0	0	0	0	free	0.28947	0	0.13158		DOPER	PED	PED	0.22156	2.351	1.7665	True	False
DERIG	5	800	146	58	0.010274	0.020548	0.034483	0	0	free	0.22414	0.017241	0.034483			RIG	RIG	0.17964	2.3509	2.0932	False	True
UREIC	5	800	96	39	0	0	0	0	0	free	0.28205	0	0			REI	REI	0.2158	2.3501	1.6371	True	False
PSORA	5	800	113	39	0	0	0	0	0	free	0.28205	0	0			ORA	ORA	0.2158	2.3501	1.4609	False	False
THEIST	6	1400	82	32	0	0	0	0	0	free	0.1875	0	0.03125			THE	THE	0.15018	2.3484	1.8652	False	False
REGES	5	800	131	46	0.076336	0.076336	0.065217	0.08	0.17073	free	0.32609	0	0.065217			REG	REG	0.24794	2.3471	2.1393	False	True
NASTY	5	800	85	37	0.047059	0.047059	0	0.076923	0.10526	free	0.2973	0	0			NAS	NAS	0.22687	2.3439	1.5931	False	True
ANIME	5	800	196	72	0.091837	0.086735	0.11111	0.18182	0.17778	free	0.29167	0.013889	0.083333			NIM	NIM	0.22766	2.3433	2.7698	False	True
TELCO	5	800	98	36	0	0	0	0	0	free	0.30556	0	0.027778			TEL	TEL	0.23294	2.3416	1.7679	True	False
AEGIS	5	800	117	36	0	0	0	0	0	free	0.30556	0	0			GIS	GIS	0.23286	2.3408	2.0431	True	False
ERGOT	5	800	116	35	0	0	0	0	0	free	0.31429	0	0			GOT	GOT	0.2392	2.3377	3.3273	False	False
VAIRS	5	800	52	19	0.057692	0.076923	0.10526	0	0	free	0.73684	0	0	AIRS		AIRS	AIRS	0.54583	2.3374	2.0104	False	True
EMACS	5	800	86	33	0	0	0	0	0	free	0.33333	0	0.15152		MACES,CAMES	MAC	MAC	0.25345	2.3354	2.0806	True	False
RERUN	5	800	90	34	0.011111	0.011111	0	0	0	free	0.32353	0	0			RUN	RUN	0.2459	2.3346	2.185	False	True
SPALD	5	800	54	18	0.037037	0.055556	0.11111	0	0	free	0.77778	0	0	SPA		SPA	SPA	0.57553	2.3343	2.615	False	True
TSORIS	6	1400	108	30	0	0	0	0	0	free	0.2	0	0.033333			SORI	SORI	0.15922	2.3341	1.8124	True	False
DIANE	5	800	290	96	0.0051724	0.0034483	0	0	0	free	0.10417	0	0.083333			ANE	ANE	0.086958	2.331	1.8711	False	True
SABRED	6	1400	54	18	0.064815	0.074074	0.11111	0.16667	0.055556	free	0.5	0	0.055556			SAB	SAB	0.37607	2.3305	3.088	False	True
MESIAN	6	1400	87	29	0	0	0	0	0	free	0.2069	0	0			MES	MES	0.16431	2.3284	3.4474	True	False
SCEND	5	800	95	32	0.063158	0.042105	0	0.1	0.096774	free	0.34375	0	0			END	END	0.26058	2.3284	2.2405	False	True
TRIGO	5	800	91	32	0.032967	0.021978	0	0	0.14815	free	0.34375	0	0			RIG	RIG	0.26058	2.3284	1.8404	False	True
INFER	5	800	64	30	0.0078125	0	0	0.066667	0	free	0.36667	0	0.2		FINER	FER	FER	0.27778	2.3269	1.5438	False	True
REGIES	6	1400	55	17	0.036364	0.054545	0.11765	0.066667	0	free	0.52941	0	0			GIES	GIES	0.39752	2.3249	3.3583	False	True
KESAR	5	800	78	28	0	0	0	0	0	free	0.39286	0	0.25		RAKES	SAR	SAR	0.29692	2.3215	2.5878	True	False
SHORL	5	800	74	29	0.033784	0.040541	0	0.2	0.043478	free	0.37931	0	0			SHO	SHO	0.28638	2.319	2.3134	False	True
APRON	5	800	107	29	0	0	0	0	0	free	0.37931	0	0			PRO	PRO	0.28638	2.319	3.2542	False	False
SOCLE	5	800	70	28	0.0071429	0	0	0	0	free	0.39286	0	0.10714		COLES	SOC	SOC	0.29652	2.3183	1.2927	False	True
STRIAE	6	1400	269	78	0.0074349	0	0	0	0.046875	cellmate	0.064103	0	0.076923			RIA	RIA	0.060811	2.3178	4.1834	False	True
SORDA	5	800	183	69	0.035519	0.04918	0.10145	0	0.021277	free	0.28986	0	0.086957			SORD	SORD	0.22171	2.3172	2.1496	False	True
OBELI	5	800	61	28	0.0081967	0	0	0	0	free	0.39286	0	0			BEL	BEL	0.29621	2.3159	1.6024	False	True
DEDAL	5	800	65	26	0.0076923	0	0	0	0	free	0.42308	0	0.15385			DAL	DAL	0.31858	2.3129	1.9301	False	True
ORIENTS	7	1800	75	24	0.0066667	0	0	0	0	free	0.20833	0	0.083333			ENTS	ENTS	0.15323	2.3105	1.2327	False	True
AHEAD	5	800	72	26	0	0	0	0	0	free	0.42308	0	0			HEAD	HEAD	0.31814	2.3097	1.6132	False	False
KNITS	5	800	59	24	0.016949	0	0	0.1	0	free	0.45833	0	0.29167			NIT	NIT	0.34455	2.3091	1.6684	False	True
UNSOD	5	800	62	25	0.0080645	0.016129	0	0	0	free	0.44	0	0.08		SOUND	SOD	SOD	0.33065	2.3082	1.5163	False	True
ETAERIO	7	1800	77	21	0	0	0	0	0	free	0.2381	0	0			TAE	TAE	0.17473	2.3053	2.3556	True	False
HONGI	5	800	51	24	0.029412	0.058824	0	0	0	free	0.45833	0	0	HON		HONG	HON	0.34372	2.3035	1.5199	False	True
SUSED	5	800	50	24	0.02	0.02	0	0	0.090909	free	0.45833	0	0			SUS	SUS	0.34372	2.3035	1.4387	False	True
ICHED	5	800	55	23	0.036364	0.018182	0.043478	0.16667	0.13333	free	0.47826	0.13043	0			CHE	CHE	0.40181	2.3013	1.592	False	True
CURIA	5	800	53	23	0.009434	0	0	0	0	free	0.47826	0	0	CUR		CUR	CUR	0.35818	2.3004	2.0443	False	True
APHIS	5	800	62	23	0.0080645	0	0	0	0.052632	free	0.47826	0	0			HIS	HIS	0.35818	2.3004	1.9247	False	True
SLOSH	5	800	56	23	0.026786	0	0	0.090909	0.071429	free	0.47826	0	0	LOS		LOS	LOS	0.35818	2.3004	2.3043	False	True
ADIEU	5	800	78	23	0	0	0	0	0	free	0.47826	0	0			DIE	DIE	0.35818	2.3004	2.326	True	False
SENIORS	7	1800	70	20	0.0071429	0	0	0.071429	0.052632	free	0.25	0	0			SEN	SEN	0.18305	2.3001	3.8767	False	True
ALGOR	5	800	51	22	0	0	0	0	0	free	0.5	0	0.090909	GOR		GOR	GOR	0.37422	2.2989	1.5288	True	False
NONCE	5	800	58	22	0.043103	0.051724	0	0	0	free	0.5	0	0.090909			NON	NON	0.37422	2.2989	1.2718	False	True
SEELY	5	800	63	22	0.0079365	0	0	0	0.066667	free	0.5	0	0	SEE		SEEL	SEE	0.37396	2.2973	2.5682	False	True
SIELD	5	800	228	81	0.002193	0	0	0	0	cellmate	0.12346	0	0.2716			ELD	ELD	0.10149	2.2955	2.2977	False	True
LOTUS	5	800	72	29	0.083333	0.11111	0.10345	0.25	0.16667	free	0.51724	0	0.10345	LOT	LOUTS	LOT	LOT	0.38677	2.2942	1.8702	False	True
ALARM	5	800	63	21	0.031746	0.015873	0	0	0	free	0.52381	0	0	LAR		LAR	LAR	0.39124	2.2942	2.6082	False	True
FROES	5	800	112	42	0.066964	0.053571	0.02381	0.05	0.10811	cellmate	0.28571	0	0.33333		FORES	ROES	ROES	0.21941	2.294	2.3486	False	True
GRITH	5	800	53	20	0.037736	0	0	0.14286	0.125	free	0.55	0	0.05	RIT		RIT	RIT	0.41038	2.2919	2.0446	False	True
ATAPS	5	800	69	20	0	0	0	0	0	free	0.55	0	0	TAP		TAPS	TAP	0.41024	2.2911	2.7029	True	False
ENDUE	5	800	50	20	0.01	0	0	0	0	free	0.55	0	0			END	END	0.41024	2.2911	2.1699	False	True
REPAY	5	800	52	20	0.028846	0	0	0.125	0.076923	free	0.55	0	0			REP	REP	0.41024	2.2911	2.0433	False	True
BEANO	5	800	68	20	0	0	0	0	0	free	0.55	0	0			BEAN	BEAN	0.41024	2.2911	2.3804	False	False
MESIAL	6	1400	86	24	0	0	0	0	0	free	0.25	0	0.041667		MAILES	MES	MES	0.19534	2.2909	3.218	False	False
FLOTA	5	800	51	19	0.0098039	0	0	0	0	free	0.57895	0	0.052632	LOT		LOT	LOT	0.4314	2.2887	1.6573	False	True
BETEL	5	800	55	19	0.027273	0.018182	0	0	0.076923	free	0.57895	0	0			BET	BET	0.43125	2.2879	2.5361	False	True
BASIS	5	800	53	19	0.009434	0	0	0	0.058824	free	0.57895	0	0	BAS		BAS	BAS	0.43125	2.2879	2.5584	False	True
EPRISE	6	1400	71	23	0	0	0	0	0	free	0.26087	0	0			RISE	RISE	0.20334	2.2853	3.1051	True	False
ELUATE	6	1400	54	23	0	0	0	0	0	free	0.26087	0	0			ATE	ATE	0.20334	2.2853	1.3557	True	False
DOURA	5	800	63	17	0.0079365	0	0	0	0	free	0.64706	0	0			DOUR	DOUR	0.48067	2.2817	2.2469	False	True
MARAH	5	800	63	16	0	0	0	0	0	free	0.6875	0	0	MAR		MAR	MAR	0.51002	2.2786	3.1466	True	False
MUSAR	5	800	52	16	0.028846	0.057692	0	0	0	free	0.6875	0	0			MUS	MUS	0.51002	2.2786	2.2275	False	True
EADISH	6	1400	54	22	0	0	0	0	0	free	0.27273	0	0			DISH	DISH	0.21191	2.2781	2.028	True	False
CESTI	5	800	298	107	0.021812	0.020134	0.037383	0.023256	0.022727	cellmate	0.14019	0	0.27103		CITES	EST	EST	0.11363	2.2781	2.0299	False	True
SELAHS	6	1400	74	23	0.027027	0	0	0.125	0.23077	free	0.26087	0	0.21739			SEL	SEL	0.20264	2.2775	2.8476	False	True
DARNEL	6	1400	62	22	0.040323	0.016129	0	0.066667	0.125	free	0.27273	0	0.045455		LANDER	DARN	DARN	0.21177	2.2766	2.1144	False	True
NOPAL	5	800	57	15	0	0	0	0	0	free	0.73333	0	0	PAL		PAL	PAL	0.54328	2.2755	2.4981	False	False
RELAY	5	800	100	39	0.065	0.03	0.025641	0.26667	0.12903	free	0.30769	0	0		LAYER	LAY	LAY	0.23441	2.2735	1.8892	False	True
OPIATE	6	1400	64	21	0	0	0	0	0	free	0.28571	0	0			ATE	ATE	0.2213	2.271	1.9388	True	False
HENNA	5	800	78	38	0.032051	0.012821	0.026316	0	0.033333	free	0.31579	0	0			HEN	HEN	0.24029	2.2704	2.366	False	True
CAESAR	6	1400	81	20	0	0	0	0	0	free	0.3	0	0			SAR	SAR	0.23163	2.2638	4.1066	True	False
ANEMIA	6	1400	52	20	0	0	0	0	0	free	0.3	0	0			ANE	ANE	0.23163	2.2638	0.9029	True	False
ETHNOS	6	1400	58	20	0	0	0	0	0	free	0.3	0	0.05			NOS	NOS	0.23147	2.2622	2.7085	True	False
OCHRES	6	1400	61	21	0.0081967	0.016393	0	0	0	free	0.28571	0	0.28571	RES		RES	RES	0.22038	2.2615	3.1157	False	True
ARARS	5	800	99	33	0.020202	0.030303	0.030303	0	0	free	0.36364	0	0			ARS	ARS	0.27501	2.2549	1.2456	False	True
ENARMS	6	1400	67	19	0.014925	0	0	0	0.071429	free	0.31579	0	0.10526			ARMS	ARMS	0.24271	2.2534	2.6155	False	True
DETACH	6	1400	57	18	0	0	0	0	0	free	0.33333	0	0			TACH	TACH	0.25573	2.2494	3.1554	False	False
STIRRA	6	1400	70	18	0.021429	0	0	0.083333	0.090909	free	0.33333	0	0			STIR	STIR	0.25573	2.2494	2.6248	False	True
RECTOS	6	1400	68	18	0.022059	0	0	0	0.125	free	0.33333	0	0		COSTER	REC	REC	0.25573	2.2494	3.065	False	True
AERIAL	6	1400	112	36	0.0089286	0.0089286	0.027778	0.052632	0	free	0.19444	0	0			RIAL	RIAL	0.15531	2.2434	2.4535	False	True
THETE	5	800	104	29	0.0096154	0.0096154	0.034483	0	0	free	0.41379	0	0			HET	HET	0.3114	2.2424	3.484	False	True
TERRAE	6	1400	121	36	0.016529	0.0082645	0.027778	0.096774	0.086957	free	0.19444	0	0.027778			ERR	ERR	0.15522	2.2419	2.4705	False	True
GNASH	5	800	80	28	0.05	0.05	0.035714	0	0.04	free	0.42857	0	0.071429			NAS	NAS	0.32233	2.2409	1.7175	False	True
THETRI	6	1400	56	16	0	0	0	0	0	free	0.375	0	0		HITTER	HET	HET	0.28586	2.235	2.928	True	False
LONGA	5	800	65	25	0.061538	0.061538	0.04	0.11111	0.0625	free	0.48	0	0.04			LONG	LONG	0.35956	2.2308	1.7022	False	True
ALONG	5	800	66	25	0.030303	0.030303	0.04	0.11111	0.05	free	0.48	0	0			LONG	LONG	0.35945	2.23	1.88	False	True
ANSAE	5	800	224	65	0	0	0	0	0	free	0.15385	0	0			SAE	SAE	0.12277	2.2283	2.4057	True	False
ENTRAP	6	1400	73	15	0.0068493	0	0	0.076923	0	free	0.4	0	0.13333		PANTER	TRAP	TRAP	0.30351	2.2247	2.8537	False	True
SLISH	5	800	65	23	0.015385	0.015385	0.043478	0.11111	0.055556	free	0.52174	0	0			LIS	LIS	0.38973	2.2238	2.0961	False	True
FIRIE	5	800	54	22	0.027778	0.018519	0.045455	0.16667	0.071429	free	0.54545	0	0			FIR	FIR	0.40694	2.2207	1.8282	False	True
ANELE	5	800	187	61	0.0053476	0.0053476	0	0.035714	0	free	0.16393	0	0			ANE	ANE	0.13009	2.2159	1.5738	False	True
BELON	5	800	58	20	0.025862	0.034483	0.05	0	0	free	0.6	0	0			BEL	BEL	0.44653	2.2145	1.5511	False	True
CEPES	5	800	51	18	0.088235	0.098039	0.055556	0	0	free	0.66667	0	0			PES	PES	0.4949	2.2082	1.6638	False	True
DACITE	6	1400	51	12	0	0	0	0	0	free	0.5	0	0	CITE		CITE	CITE	0.37625	2.2063	3.2538	True	False
MANIAS	6	1400	54	12	0.055556	0.055556	0	0	0.1875	free	0.5	0	0	MAN		MAN	MAN	0.37625	2.2063	4.0284	False	True
MILIA	5	800	51	16	0.019608	0.019608	0.0625	0	0.090909	free	0.75	0	0	MIL		MIL	MIL	0.55537	2.202	2.018	False	True
CERTES	6	1400	118	30	0.021186	0.016949	0.033333	0.04	0	free	0.23333	0	0			TES	TES	0.18343	2.2003	4.8895	False	True
EASSIL	6	1400	51	11	0	0	0	0	0	free	0.54545	0	0			EAS	EAS	0.40912	2.1991	3.9252	True	False
BORNA	5	800	56	15	0.026786	0.035714	0.066667	0	0	free	0.8	0	0	BOR		BORN	BOR	0.59166	2.1989	2.8983	False	True
OOSES	5	800	121	44	0.03719	0.016529	0.022727	0.066667	0.026316	dropTerminal	0.13636	0.27273	0			OSES	OSES	0.20129	2.1939	2.155	False	True
THEED	5	800	106	37	0.061321	0.09434	0.054054	0	0.086957	free	0.35135	0	0			HEED	HEED	0.26609	2.1907	1.7251	False	True
MEANIE	6	1400	57	17	0.096491	0.070175	0.17647	0	0.0625	free	0.58824	0	0			MEAN	MEAN	0.44005	2.1896	3.0958	False	True
ATTAIN	6	1400	55	9	0.027273	0.054545	0	0	0	free	0.66667	0	0	TAIN		TAIN	TAIN	0.49676	2.1847	4.703	False	True
GERAH	5	800	125	49	0	0	0	0	0	free	0.20408	0	0			GER	GER	0.15922	2.1786	2.1153	True	False
STOEP	5	800	169	46	0.014793	0.0059172	0	0.029412	0	cellmate	0.21739	0	0.23913		TOPES	TOE	TOE	0.16956	2.178	3.0453	False	True
LISLE	5	800	136	47	0.0036765	0	0	0	0.02381	free	0.21277	0	0			LIS	LIS	0.16553	2.1724	3.4113	False	True
ORTHO	5	800	106	46	0.009434	0	0	0.066667	0	free	0.21739	0	0			ORT	ORT	0.16888	2.1692	1.7753	False	True
NACHO	5	800	73	30	0.034247	0.027397	0.066667	0	0.05	free	0.43333	0	0			NACH	NACH	0.32558	2.1689	1.4371	False	True
GREIN	5	800	230	70	0.032609	0.034783	0.014286	0.04878	0.044776	free	0.15714	0	0.014286			REIN	REIN	0.1252	2.168	2.8899	False	True
GILET	5	800	124	44	0.012097	0.0080645	0	0	0.023256	free	0.22727	0	0			LET	LET	0.17605	2.163	2.1196	False	True
ARISTA	6	1400	206	55	0	0	0	0	0	free	0.090909	0	0			ARIS	ARIS	0.080441	2.1619	2.3744	True	False
SCRAM	5	800	65	27	0.076923	0.076923	0.074074	0	0.066667	free	0.48148	0	0			RAM	RAM	0.36052	2.1596	1.4213	False	True
TRONC	5	800	120	42	0.0125	0	0	0.090909	0.088235	free	0.2381	0	0			TRON	TRON	0.18391	2.1568	1.9176	False	True
ONERY	5	800	110	40	0.0045455	0	0	0	0.03125	free	0.25	0	0			ONER	ONER	0.19255	2.1506	1.0726	False	True
PIRNS	5	800	85	23	0.035294	0.047059	0.086957	0.052632	0	free	0.56522	0	0			PIR	PIR	0.42129	2.1472	2.4285	False	True
HERSED	6	1400	101	29	0.09901	0.13861	0.13793	0.11111	0.11538	free	0.37931	0	0			HERSE	HERSE	0.28898	2.1405	2.6549	False	True
THEIRS	6	1400	114	40	0.061404	0.061404	0.05	0.037037	0.10345	free	0.2	0	0			THE	THE	0.15932	2.1369	1.7523	False	True
TOMIA	5	800	106	35	0	0	0	0	0	free	0.28571	0	0			TOM	TOM	0.21846	2.1351	3.1247	True	False
DISAS	5	800	97	34	0.010309	0.010309	0	0	0	free	0.29412	0	0.088235			DIS	DIS	0.22481	2.1343	2.0011	False	True
ENSEW	5	800	88	34	0	0	0	0	0	free	0.29412	0	0.058824			SEW	SEW	0.22473	2.1335	2.0803	True	False
SHISO	5	800	76	34	0	0	0	0	0	free	0.29412	0	0			HIS	HIS	0.22456	2.1319	2.1312	False	False
GLEET	5	800	60	18	0.075	0.083333	0.11111	0	0.11765	free	0.72222	0	0	LEE		LEE	LEE	0.53522	2.1316	1.9297	False	True
ARIAS	5	800	298	83	0.013423	0.0067114	0.024096	0.023256	0.0125	free	0.14458	0	0			RIAS	RIAS	0.11605	2.131	2.9443	False	True
HORAL	5	800	118	51	0.038136	0.050847	0.11765	0.045455	0.046512	free	0.35294	0	0			HORA	HORA	0.26725	2.1304	1.7698	False	True
SIRIS	5	800	66	25	0.098485	0.13636	0.2	0.125	0.058824	free	0.68	0	0			SIR	SIR	0.50458	2.1262	2.3526	False	True
THEMA	5	800	98	32	0	0	0	0	0	free	0.3125	0	0			HEM	HEM	0.2379	2.1257	2.0249	False	False
VISNE	5	800	76	29	0	0	0	0	0	free	0.34483	0	0.13793			VIS	VIS	0.26175	2.1196	1.2986	False	False
ADEEM	5	800	76	30	0	0	0	0	0	free	0.33333	0	0	DEE		DEE	DEE	0.25302	2.1195	2.1955	True	False
STOAI	5	800	268	95	0.0037313	0	0	0	0.013889	free	0.094737	0	0			STOA	STOA	0.079878	2.1189	2.8346	False	True
CHELA	5	800	108	38	0.060185	0.074074	0.078947	0.083333	0.033333	free	0.36842	0	0			CHE	CHE	0.27848	2.1172	1.8404	False	True
LEGIT	5	800	85	29	0.011765	0	0	0	0.032258	free	0.34483	0	0			GIT	GIT	0.26136	2.1164	2.2686	False	True
TIEING	6	1400	53	18	0.037736	0.075472	0.055556	0	0	free	0.38889	0	0	TIE		TIE	TIE	0.29591	2.1141	2.3023	False	True
CNIDA	5	800	72	27	0	0	0	0	0	free	0.37037	0	0			NID	NID	0.27989	2.1102	0.97061	True	False
TENUE	5	800	97	27	0	0	0	0	0	free	0.37037	0	0			TEN	TEN	0.27989	2.1102	3.2444	False	False
PETALS	6	1400	79	18	0.088608	0.075949	0.055556	0.066667	0.11111	free	0.38889	0	0.16667			PET	PET	0.29537	2.1094	3.1682	False	True
SODIC	5	800	57	25	0	0	0	0	0	free	0.4	0	0			SOD	SOD	0.30139	2.104	1.8555	True	False
YARTA	5	800	63	24	0	0	0	0	0	free	0.41667	0	0			ART	ART	0.31349	2.1009	1.8614	True	False
ACUTER	6	1400	51	16	0.029412	0.019608	0.0625	0	0	free	0.4375	0	0	CUT		CUTER	CUT	0.33106	2.0997	2.9853	False	True
ALBAS	5	800	53	23	0.009434	0	0	0	0	free	0.43478	0	0.086957	BAS		BAS	BAS	0.32688	2.0993	1.9163	False	True
AULOS	5	800	57	23	0	0	0	0	0	free	0.43478	0	0	LOS		LOS	LOS	0.32663	2.0978	1.8555	True	False
DIEBS	5	800	56	22	0	0	0	0	0	free	0.45455	0	0.13636		BIDES	DIE	DIE	0.34136	2.097	1.856	False	False
PIASTER	7	1800	55	17	0.045455	0.036364	0.058824	0.083333	0.095238	free	0.35294	0	0			ASTER	ASTER	0.25504	2.0957	1.7735	False	True
BETID	5	800	59	22	0	0	0	0	0	free	0.45455	0	0.045455			BET	BET	0.3411	2.0954	2.179	True	False
FETID	5	800	53	22	0	0	0	0	0	free	0.45455	0	0			FET	FET	0.34098	2.0946	2.0443	False	False
AGAIN	5	800	54	22	0.0092593	0	0	0.25	0	free	0.45455	0	0			GAIN	GAIN	0.34098	2.0946	2.2381	False	True
GONAD	5	800	50	22	0.05	0.06	0	0	0	free	0.45455	0	0	GON		GON	GON	0.34098	2.0946	1.3901	False	True
RUDIE	5	800	67	20	0.037313	0.044776	0	0	0	free	0.5	0	0			DIE	DIE	0.37396	2.0884	2.2423	False	True
SEIRS	5	800	482	159	0.065353	0.037344	0.08805	0.09375	0.086207	cellmate	0.16981	0	0.25157			SEI	SEI	0.13507	2.0877	3.3423	False	True
PADLE	5	800	55	19	0.045455	0	0	0.090909	0.090909	free	0.52632	0	0.052632		PALED	PAD	PAD	0.39321	2.0861	1.9195	False	True
OLIVE	5	800	60	18	0.016667	0.016667	0	0	0	free	0.55556	0	0.055556	LIVE		LIVE	LIVE	0.41443	2.083	1.8986	False	True
SUDOR	5	800	50	18	0	0	0	0	0	free	0.55556	0	0	DOR		DOR	DOR	0.41427	2.0822	2.2984	True	False
SLIPT	5	800	54	18	0.0092593	0.018519	0	0	0	free	0.55556	0	0			SLIP	SLIP	0.41427	2.0822	1.5712	False	True
ARGAN	5	800	69	18	0.021739	0.014493	0	0	0.055556	free	0.55556	0	0	GAN		GAN	GAN	0.41427	2.0822	2.7426	False	True
VIREO	5	800	56	18	0	0	0	0	0	free	0.55556	0	0			VIRE	VIRE	0.41427	2.0822	1.6617	True	False
PILOT	5	800	66	18	0.015152	0	0	0.11111	0.095238	free	0.55556	0	0	LOT		LOT	LOT	0.41427	2.0822	1.9929	False	True
ELFIN	5	800	58	17	0	0	0	0	0	free	0.58824	0	0	FIN		FIN	FIN	0.43799	2.0791	2.3063	False	False
MOTUS	5	800	59	16	0.025424	0.016949	0	0.16667	0	free	0.625	0	0.0625	MOT		MOT	MOT	0.46484	2.0768	2.0272	False	True
LOORD	5	800	53	16	0	0	0	0	0	free	0.625	0	0	LOO		LOO	LOO	0.46467	2.076	2.4944	False	False
NISUS	5	800	52	16	0	0	0	0	0	free	0.625	0	0			NIS	NIS	0.46467	2.076	1.722	True	False
REITER	6	1400	161	45	0.0093168	0.0062112	0	0.033333	0.02381	cellmate	0.11111	0	0.22222			REI	REI	0.094335	2.0744	3.3386	False	True
SLEDS	5	800	135	40	0.055556	0.037037	0.025	0.043478	0.0625	free	0.275	0	0			LED	LED	0.21069	2.074	2.2607	False	True
SPERM	5	800	68	15	0.058824	0.044118	0	0	0.058824	free	0.66667	0	0			PER	PER	0.4949	2.0729	2.0505	False	True
SPROD	5	800	50	15	0.02	0	0	0	0	free	0.66667	0	0			PROD	PROD	0.4949	2.0729	2.1056	False	True
ITEMS	5	800	227	73	0.011013	0.0044053	0	0.060606	0.017544	cellmate	0.12329	0	0.38356		MITES,TIMES	TEMS	TEMS	0.10169	2.0728	1.9532	False	True
EVETS	5	800	59	14	0.016949	0.016949	0	0	0.071429	free	0.71429	0	0	EVE		EVE	EVE	0.52946	2.0698	2.5696	False	True
TOPIC	5	800	54	13	0.027778	0.018519	0	0	0	free	0.76923	0	0			TOP	TOP	0.56933	2.0667	2.2138	False	True
TREIF	5	800	161	75	0	0	0	0	0	free	0.12	0	0.08			REI	REI	0.098438	2.0615	1.4457	True	False
DONUT	5	800	53	20	0.075472	0.075472	0.15	0	0.058824	free	0.7	0	0	DON		DON	DON	0.51909	2.0612	2.2042	False	True
GODET	5	800	79	28	0.056962	0.11392	0.21429	0	0	free	0.64286	0	0			GOD	GOD	0.47762	2.0589	1.5942	False	True
NEEPS	5	800	89	30	0.044944	0.033708	0.033333	0	0.034483	free	0.36667	0	0.23333			NEE	NEE	0.27787	2.0485	2.1397	False	True
TAENIA	6	1400	138	39	0	0	0	0	0	free	0.12821	0	0			TAE	TAE	0.10741	2.047	3.4521	True	False
READY	5	800	71	29	0.098592	0.098592	0.034483	0.1	0.15385	free	0.37931	0	0.068966			READ	READ	0.28658	2.0414	1.4429	False	True
HASTY	5	800	61	28	0.065574	0.04918	0.035714	0	0.052632	free	0.39286	0	0	HAST		HAST	HAST	0.29621	2.0367	1.915	False	True
HALSER	6	1400	115	38	0.052174	0.017391	0	0.20833	0.20588	free	0.13158	0	0.13158			SER	SER	0.10943	2.0319	2.521	False	True
HAARS	5	800	83	26	0.018072	0.036145	0.038462	0	0	free	0.42308	0	0			ARS	ARS	0.31814	2.0305	1.1656	False	True
TALION	6	1400	84	25	0.02381	0.035714	0.08	0.14286	0	free	0.32	0	0			TALI	TALI	0.24609	2.0291	3.0882	False	True
RAHED	5	800	181	62	0.016575	0.01105	0	0.038462	0.044444	cellmate	0.14516	0	0.24194			RAH	RAH	0.11716	2.0283	1.1058	False	True
TYRED	5	800	69	22	0.028986	0.014493	0.045455	0	0.076923	free	0.5	0	0			RED	RED	0.37396	2.018	2.0358	False	True
TACHO	5	800	91	21	0.016484	0.032967	0.047619	0	0	free	0.52381	0	0			TACH	TACH	0.39124	2.0149	2.2659	False	True
INTRON	6	1400	71	22	0.049296	0.056338	0.090909	0.13333	0.043478	free	0.36364	0	0			TRON	TRON	0.27765	2.0075	2.0072	False	True
SURRA	5	800	53	18	0.04717	0.056604	0.055556	0.090909	0	free	0.61111	0	0			SUR	SUR	0.45459	2.0056	1.2646	False	True
SIERRA	6	1400	124	34	0	0	0	0	0	cellmate	0.14706	0	0.17647			ERR	ERR	0.12048	2.0016	2.5183	True	False
HIRSEL	6	1400	82	32	0	0	0	0	0	free	0.15625	0	0			SEL	SEL	0.12769	1.9967	1.6436	True	False
ROINED	6	1400	115	38	0.013043	0.0086957	0.026316	0	0.058824	free	0.15789	0.026316	0.052632			ROIN	ROIN	0.13377	1.9952	2.743	False	True
MISSA	5	800	69	23	0.086957	0.10145	0.17391	0	0.037037	free	0.65217	0	0.043478			MISS	MISS	0.48451	1.9948	2.4049	False	True
KETES	5	800	51	13	0.04902	0.019608	0.076923	0	0.086957	free	0.84615	0	0			KET	KET	0.62515	1.9901	1.9545	False	True
SEISM	5	800	172	50	0.002907	0	0	0	0.022727	free	0.18	0	0.16			SEI	SEI	0.14221	1.9854	1.9746	False	True
ANDRO	5	800	136	49	0.0036765	0	0	0	0	free	0.18367	0	0			AND	AND	0.14442	1.9759	2.577	False	True
INSECT	6	1400	87	29	0.011494	0	0	0	0.064516	free	0.17241	0	0.034483			INS	INS	0.13927	1.9735	1.5415	False	True
ANNAT	5	800	78	31	0.032051	0.038462	0.064516	0	0.083333	free	0.3871	0	0.032258			NAT	NAT	0.29212	1.9702	2.1891	False	True
BOITE	5	800	66	30	0.045455	0.045455	0.066667	0.22222	0.11538	free	0.4	0	0			BOI	BOI	0.30139	1.9663	1.4702	False	True
ASPERS	6	1400	63	22	0.047619	0.047619	0.13636	0.05	0.058824	free	0.40909	0.045455	0.13636		PARSES	PER	PER	0.31881	1.9614	3.627	False	True
NURSED	6	1400	54	27	0.083333	0.037037	0	0	0.066667	free	0.18519	0	0			SED	SED	0.14861	1.9607	1.3819	False	True
GOIEST	6	1400	64	26	0	0	0	0	0	free	0.19231	0	0			EST	EST	0.15376	1.9535	1.2664	True	False
ERUCT	5	800	83	40	0.0060241	0	0	0	0	free	0.225	0	0.15			RUC	RUC	0.17483	1.9527	1.1148	False	True
TREIFA	6	1400	52	25	0	0	0	0	0	free	0.2	0	0			REI	REI	0.15932	1.9464	0.9029	True	False
ALIGN	5	800	130	38	0.046154	0.015385	0	0.095238	0.14286	free	0.23684	0	0.052632			LIG	LIG	0.18315	1.9433	1.9436	False	True
ETHALS	6	1400	90	25	0.0055556	0.011111	0	0	0	free	0.2	0	0.12			ETH	ETH	0.15894	1.9416	2.0627	False	True
LANAIS	6	1400	56	24	0	0	0	0	0	free	0.20833	0	0			ANA	ANA	0.16535	1.9392	1.4718	True	False
GOTHS	5	800	56	21	0.098214	0.089286	0.095238	0.1	0.23529	free	0.57143	0	0			GOT	GOT	0.42579	1.9383	1.6688	False	True
MENED	5	800	81	24	0.08642	0.11111	0.25	0.05	0.033333	free	0.70833	0.041667	0			MENE	MENE	0.53907	1.9372	2.8468	False	True
OLEIC	5	800	90	36	0	0	0	0	0	free	0.25	0	0			OLE	OLE	0.19255	1.9355	1.1811	True	False
PERIL	5	800	121	35	0.024793	0.016529	0	0	0	free	0.25714	0	0.057143			PER	PER	0.19789	1.934	2.5806	False	True
RORAL	5	800	111	35	0	0	0	0	0	free	0.25714	0	0			ORAL	ORAL	0.19773	1.9324	1.7159	True	False
OLDEST	6	1400	78	23	0.096154	0.076923	0	0.18182	0.16667	free	0.21739	0	0			OLDE	OLDE	0.1719	1.932	1.1292	False	True
SADHE	5	800	97	33	0	0	0	0	0	free	0.27273	0	0.090909			SAD	SAD	0.2093	1.9286	2.0264	True	False
COREY	5	800	57	17	0.017544	0.035088	0.11765	0	0	free	0.70588	0	0	CORE		CORE	CORE	0.52336	1.9259	2.7068	False	True
LAIRY	5	800	55	17	0.045455	0.036364	0.11765	0	0.10526	free	0.70588	0	0	AIR		LAIR	AIR	0.52336	1.9259	2.2547	False	True
GILETS	6	1400	69	22	0.021739	0.014493	0	0	0.043478	free	0.22727	0	0			LETS	LETS	0.17904	1.9248	2.2434	False	True
TOLAN	5	800	224	89	0.0625	0.0625	0.05618	0.052632	0.089286	free	0.16854	0	0.067416			TOLA	TOLA	0.13363	1.9246	1.8138	False	True
SLUES	5	800	71	32	0.028169	0.028169	0	0	0	free	0.28125	0	0			LUES	LUES	0.21522	1.9231	0.92104	False	True
DUARS	5	800	81	31	0.0061728	0.012346	0	0	0	free	0.29032	0	0.032258			ARS	ARS	0.2219	1.9208	1.2132	False	True
ESTRUS	6	1400	76	22	0	0	0	0	0	free	0.22727	0	0.13636			EST	EST	0.17861	1.9201	1.2888	False	False
SURAL	5	800	110	39	0.036364	0.072727	0.076923	0	0	free	0.33333	0	0			SUR	SUR	0.25302	1.9177	1.8419	False	True
TRACTS	6	1400	64	21	0.09375	0	0	0.13333	0.14286	free	0.2381	0	0			ACTS	ACTS	0.18687	1.9176	2.6111	False	True
NIENTE	6	1400	86	21	0	0	0	0	0	free	0.2381	0	0			NIE	NIE	0.18687	1.9176	2.7733	False	False
THESP	5	800	87	30	0	0	0	0	0	free	0.3	0	0			HES	HES	0.22883	1.9169	1.9493	True	False
TUART	5	800	102	30	0.004902	0.0098039	0	0	0	free	0.3	0	0			ART	ART	0.22883	1.9169	2.1326	False	True
MOIRA	5	800	110	30	0	0	0	0	0	free	0.3	0	0			MOI	MOI	0.22883	1.9169	2.6788	False	False
ETHIC	5	800	92	29	0	0	0	0	0	free	0.31034	0	0			ETH	ETH	0.23634	1.9138	1.8257	False	False
CARAP	5	800	50	13	0.020202	0.04	0.15385	0	0	free	0.92308	0	0	CAR		CAR	CAR	0.68097	1.9135	2.8924	False	True
RIADS	5	800	170	69	0.017647	0	0	0.027778	0	cellmate	0.086957	0.072464	0.24638		RAIDS	RIA	RIA	0.099168	1.9107	1.8627	False	True
THREAD	6	1400	66	20	0.022727	0	0	0.11111	0.066667	free	0.25	0	0			READ	READ	0.19548	1.9104	3.4001	False	True
CUNIT	5	800	53	22	0.028302	0.018868	0.045455	0	0	free	0.45455	0.045455	0.045455			NIT	NIT	0.35631	1.9096	1.472	False	True
CABRE	5	800	65	27	0.053846	0.015385	0	0	0.10526	free	0.33333	0	0.037037			CAB	CAB	0.25312	1.9084	1.647	False	True
HEAME	5	800	84	27	0.047619	0.011905	0	0.14286	0.13043	free	0.33333	0	0			AME	AME	0.25302	1.9076	1.408	False	True
RILEY	5	800	72	26	0.020833	0.013889	0	0	0.083333	free	0.34615	0	0			RILE	RILE	0.26232	1.9045	2.103	False	True
TREPID	6	1400	51	19	0	0	0	0	0	free	0.26316	0	0			REP	REP	0.20499	1.9032	1.685	True	False
RICHT	5	800	70	25	0	0	0	0	0	free	0.36	0	0.04			RICH	RICH	0.27248	1.9021	1.7403	False	False
REGNAL	6	1400	54	20	0.0092593	0	0	0.14286	0.066667	cellmate	0.25	0	0.35			REG	REG	0.19435	1.8994	1.0106	False	True
ARIOT	5	800	292	89	0	0	0	0	0	free	0.089888	0	0.022472			RIOT	RIOT	0.076423	1.8992	2.0246	True	False
AUDIT	5	800	54	24	0	0	0	0	0	free	0.375	0	0			DIT	DIT	0.28325	1.8982	1.5312	False	False
NIECE	5	800	77	24	0.019481	0.012987	0	0	0	free	0.375	0	0			NIE	NIE	0.28325	1.8982	1.5296	False	True
ARISTAE	7	1800	96	27	0	0	0	0	0	free	0.14815	0	0			TAE	TAE	0.11183	1.897	3.0834	True	False
CITRAL	6	1400	54	18	0.0092593	0	0	0	0	free	0.27778	0	0	CIT		CIT	CIT	0.21556	1.8961	2.9245	False	True
ROLAG	5	800	57	23	0	0	0	0	0	free	0.3913	0	0.043478			LAG	LAG	0.29521	1.8959	1.2776	True	False
MICRA	5	800	71	23	0.0070423	0	0	0	0.043478	free	0.3913	0	0			MIC	MIC	0.29508	1.8951	1.6765	False	True
SPELD	5	800	64	23	0.023438	0.015625	0	0	0.041667	free	0.3913	0	0			PEL	PEL	0.29508	1.8951	1.5168	False	True
DENAY	5	800	73	23	0.0068493	0	0	0	0	free	0.3913	0	0			DEN	DEN	0.29508	1.8951	2.1283	False	True
URNED	5	800	136	50	0.058824	0.029412	0.04	0.1	0.125	free	0.18	0.1	0.18			NED	NED	0.17571	1.8947	1.5502	False	True
PORAES	6	1400	80	18	0.00625	0.0125	0	0	0	free	0.27778	0	0.055556			ORA	ORA	0.21538	1.8945	1.4836	False	True
GELID	5	800	54	22	0	0	0	0	0	free	0.40909	0	0.045455			LID	LID	0.30812	1.8928	1.7242	False	False
MAARE	5	800	74	22	0.013514	0.013514	0	0	0.047619	free	0.40909	0	0			ARE	ARE	0.30799	1.892	1.5266	False	True
AIDOI	5	800	60	22	0	0	0	0	0	free	0.40909	0	0			AID	AID	0.30799	1.892	1.6014	True	False
OGEES	5	800	56	22	0.0089286	0	0	0	0	free	0.40909	0	0			GEES	GEES	0.30799	1.892	2.1115	False	True
STOITER	7	1800	67	26	0.022388	0	0	0.11765	0	free	0.15385	0	0			TOIT	TOIT	0.11581	1.8918	1.5032	False	True
HAWSE	5	800	64	21	0.0625	0.09375	0	0.14286	0.055556	free	0.42857	0	0			HAWS	HAWS	0.32213	1.8889	1.331	False	True
DORIC	5	800	65	21	0.0076923	0	0	0	0.055556	free	0.42857	0	0	DOR		DOR	DOR	0.32213	1.8889	2.1204	False	True
DOTAL	5	800	106	29	0.061321	0.084906	0.10345	0	0.032258	free	0.44828	0	0	DOT		DOT	DOT	0.33643	1.8866	2.7775	False	True
AWETO	5	800	61	20	0	0	0	0	0	free	0.45	0	0			AWE	AWE	0.33768	1.8858	2.1807	True	False
THEME	5	800	59	20	0.076271	0	0	0.2	0.25	free	0.45	0	0			HEM	HEM	0.33768	1.8858	1.7289	False	True
INSIST	6	1400	56	16	0.0089286	0	0	0	0	free	0.3125	0	0			SIST	SIST	0.24067	1.8817	2.5929	False	True
LISLES	6	1400	52	16	0.0096154	0	0	0	0.058824	free	0.3125	0	0			LIS	LIS	0.24067	1.8817	2.9199	False	True
DOSAS	5	800	61	18	0.057377	0.032787	0	0	0.15	free	0.5	0	0.055556			DOS	DOS	0.37412	1.8804	2.0689	False	True
MELON	5	800	88	27	0.085227	0.056818	0.11111	0	0.043478	free	0.48148	0	0			MEL	MEL	0.36052	1.8804	1.7651	False	True
DERRIS	6	1400	75	16	0.013333	0.013333	0	0.1	0.04	free	0.3125	0	0.0625			ERR	ERR	0.24047	1.8801	1.6903	False	True
ABUSE	5	800	60	18	0.033333	0.016667	0	0	0.095238	free	0.5	0	0			BUS	BUS	0.37396	1.8796	1.9925	False	True
AMUSE	5	800	71	18	0.084507	0	0	0.33333	0.27778	free	0.5	0	0			MUSE	MUSE	0.37396	1.8796	1.9978	False	True
GENUS	5	800	54	18	0	0	0	0	0	free	0.5	0	0			GEN	GEN	0.37396	1.8796	1.7883	True	False
STREWN	6	1400	53	23	0.066038	0.11321	0.13043	0	0	free	0.3913	0	0			REW	REW	0.29765	1.8794	1.5442	False	True
VLIES	5	800	53	17	0	0	0	0	0	free	0.52941	0	0.11765		LIVES	LIES	LIES	0.39564	1.8781	1.4672	True	False
LOUED	5	800	55	17	0	0	0	0	0	free	0.52941	0	0	LOU		LOU	LOU	0.3953	1.8765	2.1748	True	False
GOETH	5	800	54	17	0	0	0	0	0	free	0.52941	0	0			GOE	GOE	0.3953	1.8765	1.3384	True	False
NALLA	5	800	57	17	0.017544	0.017544	0	0	0	free	0.52941	0	0			ALL	ALL	0.3953	1.8765	1.7323	False	True
HARAM	5	800	63	16	0	0	0	0	0	free	0.5625	0	0			RAM	RAM	0.41931	1.8734	1.6686	False	False
GIANTS	6	1400	66	15	0.030303	0.015152	0	0	0.04	free	0.33333	0	0.13333			ANTS	ANTS	0.25531	1.8714	3.3552	False	True
SERIALS	7	1800	68	23	0.0073529	0	0	0	0.066667	free	0.17391	0	0.043478			SER	SER	0.12949	1.8711	2.6178	False	True
DRAPS	5	800	79	23	0.082278	0.063291	0.13043	0.13636	0.11538	free	0.56522	0	0.13043			RAPS	RAPS	0.42166	1.8703	1.822	False	True
YEANS	5	800	97	39	0.056701	0.020619	0.025641	0.076923	0.14286	free	0.25641	0	0			EANS	EANS	0.1972	1.8683	1.4608	False	True
ACIDS	5	800	73	23	0.082192	0.09589	0.13043	0.083333	0.068966	free	0.56522	0	0			CIDS	CIDS	0.42129	1.8679	1.3159	False	True
RABAT	5	800	55	14	0.018182	0.018182	0	0.1	0	free	0.64286	0	0	BAT		BAT	BAT	0.47762	1.8672	2.7288	False	True
NACRE	5	800	242	74	0.0041322	0	0	0	0	cellmate	0.10811	0	0.2027			ACRE	ACRE	0.090158	1.863	1.1516	False	True
PESOS	5	800	53	12	0.009434	0	0	0	0	free	0.75	0	0.083333		POSES,POSSE	PES	PES	0.55561	1.8617	2.2383	False	True
MEASLE	6	1400	51	13	0.068627	0.039216	0	0.14286	0.27273	free	0.38462	0	0			EAS	EAS	0.29282	1.8601	2.3836	False	True
AWARE	5	800	54	11	0.0092593	0.018519	0	0	0	free	0.81818	0	0	WARE		WARE	WARE	0.60485	1.8578	2.7921	False	True
OERSTED	7	1800	66	19	0	0	0	0	0	free	0.21053	0	0			STED	STED	0.15545	1.8556	2.0589	True	False
AVELS	5	800	62	23	0.048387	0.048387	0.13043	0	0	free	0.52174	0.086957	0.086957		LAVES	AVE	AVE	0.41906	1.8537	1.3909	False	True
GRISED	6	1400	53	19	0.084906	0.075472	0.15789	0.2	0.18182	free	0.47368	0	0.10526			RISE	RISE	0.35688	1.8475	2.3003	False	True
HELED	5	800	87	31	0.04023	0.034483	0.032258	0.05	0.125	free	0.32258	0	0			HELE	HELE	0.24521	1.8434	1.2981	False	True
MOERS	5	800	213	67	0.011737	0.0093897	0	0	0.017544	cellmate	0.1194	0	0.25373		MORSE,MORES	MOE	MOE	0.0985	1.8428	2.2966	False	True
ARRIDE	6	1400	55	10	0.036364	0.036364	0	0.1	0.052632	free	0.5	0	0			RIDE	RIDE	0.37625	1.8386	3.2059	False	True
SENILES	7	1800	51	15	0.04902	0.039216	0	0	0.066667	free	0.26667	0	0			SEN	SEN	0.19471	1.8349	3.0291	False	True
ALMES	5	800	141	47	0.014184	0.021277	0.042553	0	0	cellmate	0.23404	0	0.42553		MALES,LAMES	MES	MES	0.18218	1.8324	2.5879	False	True
OSTIATE	7	1800	56	15	0	0	0	0	0	free	0.26667	0	0.066667			ATE	ATE	0.19416	1.8298	1.4819	True	False
ELOPS	5	800	88	25	0.011364	0.011364	0.04	0	0	free	0.4	0	0.16		POLES,LOPES	LOPS	LOPS	0.30185	1.8279	2.5729	False	True
REITERS	7	1800	71	17	0	0	0	0	0	free	0.23529	0	0.23529			REI	REI	0.17083	1.8246	2.6064	True	False
RAYLE	5	800	62	22	0.040323	0.016129	0.045455	0	0	free	0.45455	0	0.045455		LAYER	RAY	RAY	0.3411	1.8162	1.451	False	True
NOSEY	5	800	85	31	0.094118	0.070588	0.12903	0.076923	0.14286	free	0.45161	0	0			NOSE	NOSE	0.33885	1.8162	2.1871	False	True
BREIST	6	1400	74	25	0.027027	0.027027	0.04	0.083333	0.058824	free	0.24	0	0.04		BITERS	REIST	REIST	0.18812	1.8095	1.7627	False	True
IDLED	5	800	83	30	0.012048	0	0	0	0	free	0.26667	0.033333	0			LED	LED	0.21579	1.8076	1.6537	False	True
RUTHS	5	800	68	28	0.088235	0.073529	0.14286	0.071429	0.086957	free	0.5	0	0			RUT	RUT	0.37396	1.8069	1.8094	False	True
LOGAN	5	800	62	19	0.032258	0.032258	0.052632	0	0	free	0.52632	0	0	GAN		LOG	GAN	0.39306	1.8061	2.3259	False	True
ANOLE	5	800	213	80	0.089202	0.10329	0.225	0.078947	0.098361	free	0.4	0.0125	0			NOLE	NOLE	0.30557	1.7999	2.9829	False	True
HOISED	6	1400	75	30	0.093333	0.12	0.13333	0.11111	0	free	0.33333	0	0			HOISE	HOISE	0.25573	1.7944	1.5776	False	True
BENET	5	800	57	15	0.061404	0.070175	0.066667	0.090909	0.071429	free	0.66667	0	0	BEN		BENE	BEN	0.4949	1.7937	2.5294	False	True
COUTA	5	800	58	13	0.025862	0.051724	0.076923	0	0	free	0.76923	0	0	OUT		OUT	OUT	0.56933	1.7874	2.52	False	True
TARDY	5	800	64	12	0.054688	0.046875	0.083333	0	0.14286	free	0.83333	0	0	TAR		TAR	TAR	0.61585	1.7843	2.9462	False	True
TRIOSE	6	1400	157	52	0.0095541	0	0	0	0.025	cellmate	0.076923	0	0.096154			TRIOS	TRIOS	0.070019	1.7792	1.3608	False	True
SIGNAL	6	1400	59	21	0.067797	0.050847	0.047619	0.1	0.052632	free	0.28571	0	0.095238		LASING	SIG	SIG	0.221	1.7792	1.6821	False	True
ANOMIE	6	1400	51	20	0.0098039	0.019608	0.05	0	0	free	0.3	0	0			NOM	NOM	0.23163	1.7751	1.0818	False	True
LEONE	5	800	136	48	0	0	0	0	0	free	0.16667	0	0			ONE	ONE	0.13207	1.7702	1.4193	False	False
TOEING	6	1400	61	19	0.016393	0.032787	0.052632	0	0	free	0.31579	0	0			TOE	TOE	0.24305	1.7679	1.622	False	True
CEDIS	5	800	133	43	0.0075188	0.0075188	0	0	0	free	0.18605	0	0.18605			DIS	DIS	0.14667	1.761	1.5924	False	True
INSTAL	6	1400	147	48	0.0034014	0	0	0.047619	0	free	0.083333	0	0			INS	INS	0.074963	1.7583	1.0073	False	True
LANAI	5	800	124	44	0	0	0	0	0	free	0.18182	0	0			ANA	ANA	0.14307	1.7578	1.9215	True	False
ARNUT	5	800	120	44	0	0	0	0	0	free	0.18182	0	0			NUT	NUT	0.14307	1.7578	1.7248	False	False
SIENS	5	800	377	124	0.022546	0.015915	0.0080645	0.041096	0.010204	cellmate	0.064516	0	0.30645		SINES	ENS	ENS	0.058821	1.7574	1.9234	False	True
EIDER	5	800	299	109	0.0033445	0.0033445	0	0	0	free	0.06422	0	0			IDE	IDE	0.057733	1.7572	0.97731	False	True
NUDIE	5	800	73	27	0.061644	0.09589	0.074074	0	0	free	0.40741	0	0			DIE	DIE	0.30677	1.7544	1.8297	False	True
HOIED	5	800	123	41	0	0	0	0	0	free	0.19512	0	0			HOI	HOI	0.15272	1.7485	1.6635	False	False
ANNAS	5	800	78	29	0.057692	0.038462	0.068966	0	0.043478	free	0.34483	0.068966	0			NAS	NAS	0.28442	1.7447	1.8575	False	True
UNDOER	6	1400	50	23	0.07	0.1	0.17391	0	0.055556	free	0.43478	0	0			DOER	DOER	0.32909	1.7441	1.4682	False	True
STEINED	7	1800	66	22	0.090909	0.060606	0.13636	0.090909	0.22222	free	0.36364	0	0			STEIN	STEIN	0.26252	1.7437	2.3765	False	True
HAEMS	5	800	100	38	0.01	0	0	0	0.043478	free	0.21053	0	0.13158			HAE	HAE	0.16428	1.7431	1.3898	False	True
ERMINE	6	1400	58	15	0.025862	0.017241	0.066667	0.11111	0	free	0.4	0	0	MINE		MINE	MINE	0.30394	1.7392	3.7871	False	True
SNORTER	7	1800	52	20	0.096154	0.057692	0.15	0.15385	0.18182	free	0.4	0	0			NOR	NOR	0.28795	1.7334	2.4135	False	True
THANG	5	800	67	20	0.097015	0.044776	0.1	0.11111	0.16667	free	0.55	0	0	HAN		HANG	HAN	0.41024	1.7326	2.4993	False	True
REPEL	5	800	71	19	0.084507	0.056338	0.10526	0.083333	0.11111	free	0.57895	0	0			REP	REP	0.43125	1.7295	2.6082	False	True
CENTRA	6	1400	94	28	0.095745	0.11702	0.25	0.055556	0.15385	free	0.5	0	0.035714		CANTER	CENT	CENT	0.37613	1.7258	3.324	False	True
ALANS	5	800	150	51	0.04	0.073333	0.11765	0.047619	0	free	0.31373	0	0			ALA	ALA	0.23879	1.7252	1.2951	False	True
SAULT	5	800	75	29	0.033333	0	0	0.125	0.16	free	0.27586	0	0.10345			SAUL	SAUL	0.21161	1.7135	1.3599	False	True
YARTO	5	800	92	29	0	0	0	0	0	free	0.27586	0	0			ART	ART	0.21131	1.7112	2.2113	True	False
OOTID	5	800	68	29	0	0	0	0	0	free	0.27586	0	0			TID	TID	0.21131	1.7112	1.545	True	False
ORFES	5	800	85	28	0	0	0	0	0	free	0.28571	0	0.071429		FORES	FES	FES	0.21867	1.7096	1.8856	False	False
INORB	5	800	61	28	0	0	0	0	0	free	0.28571	0	0			NOR	NOR	0.21846	1.708	1.3453	True	False
EMICS	5	800	60	28	0	0	0	0	0	free	0.28571	0	0			MIC	MIC	0.21846	1.708	1.4086	True	False
GAITA	5	800	72	27	0	0	0	0	0	free	0.2963	0	0			AIT	AIT	0.22614	1.7049	1.742	True	False
COMAE	5	800	63	27	0.015873	0.015873	0	0	0.058824	free	0.2963	0	0			COMA	COMA	0.22614	1.7049	1.5158	False	True
VINAL	5	800	51	26	0.019608	0.039216	0	0	0	free	0.30769	0	0			VIN	VIN	0.23441	1.7018	1.0298	False	True
SEISOR	6	1400	142	42	0	0	0	0	0	cellmate	0.095238	0	0.2381			SEIS	SEIS	0.082807	1.6995	2.5493	False	False
LOGIE	5	800	69	25	0.036232	0.043478	0	0.071429	0.0625	free	0.32	0	0			LOG	LOG	0.24334	1.6987	2.0515	False	True
NUDEST	6	1400	65	28	0.084615	0.092308	0.071429	0.18182	0.066667	free	0.25	0	0			NUDES	NUDES	0.19548	1.6973	1.1233	False	True
APISH	5	800	66	24	0	0	0	0	0	free	0.33333	0	0			PIS	PIS	0.25302	1.6956	1.9929	True	False
DEMOI	5	800	78	24	0.0064103	0.012821	0	0	0	free	0.33333	0	0			MOI	MOI	0.25302	1.6956	2.1732	False	True
REWTH	5	800	55	24	0	0	0	0	0	free	0.33333	0	0			REW	REW	0.25302	1.6956	0.95386	True	False
ELUDE	5	800	62	24	0.040323	0	0	0	0.17647	free	0.33333	0	0			LUDE	LUDE	0.25302	1.6956	1.4748	False	True
DIASTER	7	1800	98	24	0.020408	0.010204	0.041667	0	0.08	free	0.20833	0	0			ASTER	ASTER	0.15392	1.6926	2.0449	False	True
LEGER	5	800	69	22	0.050725	0.043478	0	0.076923	0.11111	free	0.36364	0	0			GER	GER	0.27501	1.6894	1.7944	False	True
SORDES	6	1400	92	27	0.021739	0.021739	0.074074	0.043478	0	free	0.25926	0	0.037037			SORD	SORD	0.20205	1.6885	2.1384	False	True
ANIMA	5	800	145	46	0.041379	0.02069	0.021739	0.23077	0.12195	free	0.19565	0	0			NIM	NIM	0.15311	1.6874	2.5124	False	True
OCTAD	5	800	73	21	0	0	0	0	0	free	0.38095	0	0			TAD	TAD	0.28757	1.6863	1.9998	False	False
ABERS	5	800	141	46	0.035461	0.021277	0	0.027027	0.054054	cellmate	0.043478	0.26087	0.45652		BARES,BEARS	ABER	ABER	0.13123	1.6856	1.3495	False	True
EREVS	5	800	56	20	0	0	0	0	0	free	0.4	0	0.05			ERE	ERE	0.30154	1.684	1.4692	True	False
AVENS	5	800	53	19	0.028302	0.037736	0.052632	0	0.076923	free	0.42105	0.15789	0			AVE	AVE	0.36948	1.681	1.4372	False	True
VELAR	5	800	65	18	0.0076923	0.015385	0	0	0	free	0.44444	0	0.22222	LAR	LAVER	LAR	LAR	0.33428	1.6801	2.2266	False	True
EMURE	5	800	59	19	0	0	0	0	0	free	0.42105	0	0			MURE	MURE	0.31667	1.6801	1.5361	False	False
SERKS	5	800	51	19	0.058824	0.039216	0	0.125	0.055556	free	0.42105	0	0			SER	SER	0.31667	1.6801	1.2226	False	True
ASURA	5	800	77	19	0	0	0	0	0	free	0.42105	0	0			SUR	SUR	0.31667	1.6801	2.1967	True	False
REEDY	5	800	53	18	0.037736	0	0	0.1	0.083333	free	0.44444	0	0	REE		REED	REE	0.33365	1.677	1.8515	False	True
SEAMY	5	800	55	17	0.063636	0.036364	0	0	0.11765	free	0.47059	0	0	SEA		SEA	SEA	0.35262	1.6739	2.1905	False	True
PERPS	5	800	53	17	0.056604	0.09434	0	0	0	free	0.47059	0	0			PER	PER	0.35262	1.6739	1.409	False	True
NOMIC	5	800	53	16	0	0	0	0	0	free	0.5	0	0			NOM	NOM	0.37396	1.6707	1.7873	True	False
SOLDO	5	800	55	16	0	0	0	0	0	free	0.5	0	0	SOL		SOL	SOL	0.37396	1.6707	2.175	True	False
RADII	5	800	60	16	0.0083333	0	0	0	0	free	0.5	0	0			RAD	RAD	0.37396	1.6707	2.0512	False	True
ABELE	5	800	67	16	0	0	0	0	0	free	0.5	0	0			BEL	BEL	0.37396	1.6707	2.4437	False	False
AGLETS	6	1400	66	24	0.037879	0.060606	0.083333	0.066667	0	free	0.29167	0	0			LETS	LETS	0.22561	1.6685	2.5858	False	True
GADIS	5	800	58	15	0.034483	0.034483	0	0	0.043478	free	0.53333	0	0			GAD	GAD	0.39815	1.6676	2.1934	False	True
RAPID	5	800	63	14	0.047619	0.031746	0	0	0	free	0.57143	0	0			RAP	RAP	0.42579	1.6645	2.2626	False	True
SAPID	5	800	61	14	0.0081967	0	0	0	0.076923	free	0.57143	0	0			SAP	SAP	0.42579	1.6645	2.1167	False	True
SEEDY	5	800	53	14	0.028302	0.018868	0	0.076923	0	free	0.57143	0	0	SEE		SEED	SEE	0.42579	1.6645	1.9558	False	True
AGITA	5	800	77	31	0.012987	0.025974	0.032258	0	0	free	0.29032	0	0			GIT	GIT	0.22181	1.6408	1.3125	False	True
TIRLED	6	1400	72	20	0.020833	0.041667	0.1	0	0	free	0.35	0	0			LED	LED	0.26779	1.6398	1.7162	False	True
CESTOI	6	1400	80	31	0.00625	0	0	0.071429	0.047619	free	0.12903	0	0			EST	EST	0.10801	1.6361	1.527	False	True
MINARS	6	1400	78	19	0.038462	0.064103	0.10526	0.058824	0.045455	free	0.36842	0	0.052632			ARS	ARS	0.28094	1.631	1.9777	False	True
ANENST	6	1400	104	30	0	0	0	0	0	free	0.13333	0	0			ANE	ANE	0.11112	1.6289	2.142	True	False
PEDES	5	800	74	26	0.060811	0.040541	0.038462	0	0.090909	free	0.34615	0	0.076923			PED	PED	0.26254	1.6268	1.6726	False	True
ERNING	6	1400	56	22	0.026786	0.053571	0.045455	0	0	free	0.22727	0.090909	0			ING	ING	0.19652	1.624	1.918	False	True
SABIR	5	800	72	25	0.0069444	0.013889	0.04	0	0	free	0.36	0	0.04			SAB	SAB	0.27248	1.6229	1.5897	False	True
UNLET	5	800	80	25	0.01875	0.0375	0.04	0	0	free	0.36	0	0			LET	LET	0.27237	1.6221	1.6767	False	True
PEDAL	5	800	79	32	0.094937	0.11392	0.125	0.25	0.055556	free	0.40625	0	0.09375		PALED	DAL	DAL	0.3062	1.6191	2.1744	False	True
SEDILE	6	1400	96	28	0.015625	0.010417	0	0.058824	0.11111	free	0.14286	0	0			SED	SED	0.118	1.6146	1.9688	False	True
VESTA	5	800	111	29	0.067568	0.072072	0.13793	0.14286	0.14286	free	0.44828	0	0.068966			VEST	VEST	0.33662	1.6089	2.2312	False	True
SNARL	5	800	208	69	0.076923	0.048077	0.043478	0.058824	0.11628	free	0.15942	0	0.028986			SNAR	SNAR	0.1269	1.6073	1.9567	False	True
REIRD	5	800	187	57	0	0	0	0	0	cellmate	0.12281	0	0.22807			REI	REI	0.1009	1.6059	2.3785	True	False
LEVIN	5	800	55	19	0.063636	0.072727	0.052632	0	0.055556	free	0.47368	0	0		LIVEN	LEV	LEV	0.35486	1.6035	1.1792	False	True
CENTAL	6	1400	65	26	0.030769	0.030769	0	0.083333	0.058824	free	0.15385	0	0			CENT	CENT	0.12595	1.6002	2.1909	False	True
RAMUS	5	800	55	17	0.045455	0.036364	0.058824	0	0	free	0.52941	0	0.058824			RAM	RAM	0.39547	1.598	1.8052	False	True
ASHLER	6	1400	63	26	0	0	0	0	0	free	0.15385	0	0.11538			ASH	ASH	0.12558	1.5955	1.934	False	False
GLIME	5	800	53	16	0.084906	0.056604	0.0625	0.090909	0.21429	free	0.5625	0	0	LIME		LIME	LIME	0.41931	1.5941	1.5859	False	True
PYRES	5	800	51	16	0.058824	0.058824	0.0625	0.125	0.125	free	0.5625	0	0	RES		RES	RES	0.41931	1.5941	1.6482	False	True
REISHI	6	1400	56	25	0	0	0	0	0	free	0.16	0	0			REI	REI	0.1304	1.593	1.3602	True	False
SUENT	5	800	159	54	0.0031447	0	0	0	0	free	0.12963	0	0.055556			SUE	SUE	0.10536	1.5886	1.5745	False	True
STAUN	5	800	154	50	0.045455	0.058442	0	0	0.026316	free	0.14	0	0.12			TAU	TAU	0.11307	1.5786	1.7952	False	True
GREINS	6	1400	108	24	0.027778	0.037037	0	0.041667	0.052632	cellmate	0.16667	0	0.20833		SINGER	REINS	REINS	0.13455	1.578	2.7569	False	True
LANCET	6	1400	62	30	0.072581	0.096774	0.1	0.18182	0.13333	free	0.26667	0	0			LANCE	LANCE	0.20753	1.5763	0.89233	False	True
FREITS	6	1400	64	23	0.0078125	0	0	0	0	free	0.17391	0	0.13043			REI	REI	0.14004	1.5739	1.8247	False	True
FETAL	5	800	96	34	0.036458	0.041667	0.058824	0	0.086957	free	0.29412	0	0			FET	FET	0.22456	1.5735	2.0538	False	True
CIONS	5	800	134	48	0.014925	0	0	0.052632	0.023256	free	0.14583	0	0.125			IONS	IONS	0.11731	1.5724	1.6146	False	True
DERROS	6	1400	63	22	0.0079365	0	0	0.090909	0.045455	free	0.18182	0	0			ERR	ERR	0.14618	1.5715	1.04	False	True
ACMES	5	800	72	30	0.013889	0.027778	0.066667	0	0	cellmate	0.33333	0	0.36667		MACES,CAMES	MES	MES	0.25406	1.5698	1.2494	False	True
SUETS	5	800	133	48	0.026316	0.0075188	0	0	0.03125	free	0.14583	0	0			SUE	SUE	0.11696	1.5676	1.5848	False	True
SEGNI	5	800	317	105	0	0	0	0	0	cellmate	0.057143	0	0.28571		SINGE	SEG	SEG	0.053411	1.566	2.3902	False	False
ISSEI	5	800	149	47	0	0	0	0	0	free	0.14894	0	0			SEI	SEI	0.11921	1.5645	1.9462	True	False
HOING	5	800	85	31	0.064706	0.023529	0.064516	0.125	0.066667	free	0.32258	0	0			HOI	HOI	0.24521	1.5642	1.5779	False	True
LAERS	5	800	617	173	0.032415	0.016207	0.0057803	0.1	0.06	cellmate	0.034682	0	0.62428		LARES,LEARS,LASER	LAER	LAER	0.038077	1.5601	2.3914	False	True
ETHNE	5	800	130	45	0	0	0	0	0	free	0.15556	0	0			ETH	ETH	0.12401	1.5583	1.6061	True	False
ELANCE	6	1400	51	20	0	0	0	0	0	free	0.2	0	0			LANCE	LANCE	0.15932	1.5571	1.573	False	False
CRUES	5	800	76	26	0.072368	0.052632	0.076923	0.14286	0.21053	free	0.38462	0	0.19231			RUES	RUES	0.29078	1.5526	1.2657	False	True
SEGNO	5	800	182	67	0.0027473	0.0054945	0.014925	0	0	free	0.1194	0	0			SEG	SEG	0.097777	1.55	1.6331	False	True
ODEONS	6	1400	55	19	0	0	0	0	0	free	0.21053	0	0			ODE	ODE	0.16693	1.5499	1.2459	True	False
MEINT	5	800	184	66	0.021739	0.016304	0.015152	0.09375	0.031746	free	0.12121	0	0			MEIN	MEIN	0.09909	1.5469	1.1367	False	True
OLEINE	6	1400	77	18	0	0	0	0	0	free	0.22222	0	0			LEI	LEI	0.17539	1.5427	1.9684	True	False
ERIACH	6	1400	59	18	0	0	0	0	0	free	0.22222	0	0			ACH	ACH	0.17539	1.5427	2.5997	True	False
UNRID	5	800	67	23	0.029851	0.059701	0.086957	0	0	free	0.43478	0	0			RID	RID	0.32663	1.5393	1.5111	False	True
RIBES	5	800	75	22	0.086667	0.066667	0.090909	0.11111	0.16	free	0.45455	0	0.090909			RIB	RIB	0.34123	1.5378	2.2031	False	True
TREFA	5	800	91	37	0.0054945	0.010989	0	0	0	free	0.18919	0	0.13514			REF	REF	0.1488	1.5374	0.83981	False	True
HERALD	6	1400	54	17	0.027778	0.018519	0	0	0	free	0.23529	0	0			HER	HER	0.18484	1.5355	1.4248	False	True
CRIAS	5	800	151	62	0.02649	0.013245	0.016129	0	0.025	free	0.12903	0	0			RIAS	RIAS	0.10476	1.5345	1.6425	False	True
HAUSE	5	800	79	37	0.063291	0.037975	0	0.076923	0.1	free	0.18919	0	0			USE	USE	0.14842	1.5334	0.35591	False	True
RERIG	5	800	84	30	0.017857	0.035714	0.033333	0	0	free	0.26667	0.033333	0			RIG	RIG	0.21579	1.5284	1.0677	False	True
SOPRA	5	800	100	35	0.005	0.01	0	0	0	free	0.2	0	0			SOP	SOP	0.15626	1.5272	1.8736	False	True
MITIS	5	800	87	32	0.017241	0.022989	0	0	0	free	0.21875	0	0			TIS	TIS	0.16987	1.5179	1.7079	False	True
RUEDA	5	800	98	32	0	0	0	0	0	free	0.21875	0	0			RUE	RUE	0.16987	1.5179	1.189	True	False
PIANI	5	800	68	30	0.0073529	0	0	0	0	free	0.23333	0	0			PIA	PIA	0.18045	1.5116	0.70963	False	True
OBESE	5	800	62	29	0	0	0	0	0	free	0.24138	0	0			BES	BES	0.18629	1.5085	1.3463	True	False
HERMS	5	800	90	36	0.088889	0.055556	0.083333	0.23077	0.16667	free	0.30556	0	0			HER	HER	0.23286	1.5031	1.3167	False	True
HORAH	5	800	77	27	0.0064935	0	0	0	0	free	0.25926	0	0			HORA	HORA	0.19926	1.5023	1.1683	False	True
NIEFS	5	800	66	26	0	0	0	0	0	free	0.26923	0	0.11538		FINES	NIE	NIE	0.20683	1.5016	0.96697	False	False
LYTES	5	800	71	26	0.0070423	0	0	0	0.047619	free	0.26923	0	0			TES	TES	0.2065	1.4992	1.4837	False	True
RAYNE	5	800	72	24	0.0069444	0	0	0	0.055556	free	0.29167	0	0			RAY	RAY	0.22278	1.493	1.4852	False	True
ENOWS	5	800	66	23	0	0	0	0	0	free	0.30435	0	0.043478			NOWS	NOWS	0.23211	1.4907	1.2222	False	False
DIPSO	5	800	63	23	0	0	0	0	0	free	0.30435	0	0			DIPS	DIPS	0.23198	1.4899	1.4758	True	False
RORID	5	800	66	23	0	0	0	0	0	free	0.30435	0	0			RID	RID	0.23198	1.4899	1.8643	True	False
AISLE	5	800	331	112	0.013595	0.0060423	0.0089286	0.017241	0.021505	free	0.0625	0	0			AIS	AIS	0.056485	1.4873	1.6272	False	True
UNLED	5	800	55	22	0	0	0	0	0	free	0.31818	0	0			LED	LED	0.24202	1.4868	0.8896	True	False
MICAS	5	800	58	22	0.043103	0.017241	0	0.1875	0.055556	free	0.31818	0	0			MIC	MIC	0.24202	1.4868	1.1896	False	True
LYART	5	800	59	22	0	0	0	0	0	free	0.31818	0	0			ART	ART	0.24202	1.4868	1.4076	True	False
CREPT	5	800	68	22	0.022059	0.014706	0	0	0.045455	free	0.31818	0	0			REP	REP	0.24202	1.4868	1.585	False	True
SERRY	5	800	59	21	0.067797	0.084746	0	0	0	free	0.33333	0	0			SERR	SERR	0.25302	1.4837	1.1576	False	True
ALLEY	5	800	57	20	0.017544	0	0	0	0	free	0.35	0	0			ALL	ALL	0.26511	1.4806	1.7269	False	True
INRUN	5	800	56	20	0	0	0	0	0	free	0.35	0	0			RUN	RUN	0.26511	1.4806	1.3404	True	False
LEVIS	5	800	66	19	0.022727	0	0	0	0.05	free	0.36842	0	0.15789		LIVES	LEV	LEV	0.27893	1.4798	1.5456	False	True
DIDOS	5	800	50	19	0.01	0	0	0	0.041667	free	0.36842	0	0			DOS	DOS	0.27848	1.4774	1.72	False	True
EPODE	5	800	56	19	0.0089286	0.017857	0	0	0	free	0.36842	0	0			POD	POD	0.27848	1.4774	2.0872	False	True
UMRAS	5	800	50	19	0	0	0	0	0	free	0.36842	0	0	RAS		RAS	RAS	0.27848	1.4774	1.5918	True	False
METIF	5	800	50	19	0	0	0	0	0	free	0.36842	0	0			MET	MET	0.27848	1.4774	1.206	True	False
PERCS	5	800	71	17	0.021127	0.014085	0	0	0	free	0.41176	0	0			PER	PER	0.30993	1.4712	1.9092	False	True
OMASA	5	800	57	17	0	0	0	0	0	free	0.41176	0	0	MAS		MAS	MAS	0.30993	1.4712	1.6627	True	False
RIOTED	6	1400	78	27	0.070513	0.038462	0.037037	0	0.1	free	0.18519	0	0.037037			RIOT	RIOT	0.14849	1.4705	1.057	False	True
HERLS	5	800	139	50	0.039568	0.05036	0.08	0.043478	0.060606	free	0.24	0	0			HER	HER	0.18529	1.47	2.2803	False	True
KARTS	5	800	70	24	0.078571	0.042857	0.125	0.2	0.10714	free	0.45833	0	0.16667			ARTS	ARTS	0.3442	1.469	1.5409	False	True
CHIAO	5	800	50	16	0	0	0	0	0	free	0.4375	0	0			CHI	CHI	0.32861	1.4681	1.463	True	False
PERCE	5	800	54	15	0.027778	0.018519	0	0	0.071429	free	0.46667	0	0.13333			PER	PER	0.35015	1.4666	1.5722	False	True
STOIT	5	800	214	74	0.035047	0.023364	0.013514	0.05	0.075472	free	0.094595	0.013514	0			TOIT	TOIT	0.084294	1.4626	1.7256	False	True
SPRAD	5	800	66	14	0.022727	0.015152	0	0	0	free	0.5	0	0			RAD	RAD	0.37396	1.4619	1.4547	False	True
BREID	5	800	87	32	0.017241	0.011494	0.03125	0	0	free	0.25	0	0.1875			REI	REI	0.19308	1.446	1.2857	False	True
NEROLIS	7	1800	52	24	0	0	0	0	0	free	0.125	0	0			LIS	LIS	0.095642	1.4421	2.5932	True	False
SPELT	5	800	96	26	0.088542	0.0625	0.076923	0.1875	0.11538	free	0.34615	0.038462	0			PELT	PELT	0.27518	1.4394	2.6131	False	True
FERAL	5	800	104	39	0.057692	0.038462	0.10256	0.11111	0.033333	free	0.30769	0	0.051282			FER	FER	0.23456	1.4374	1.8061	False	True
SNODS	5	800	96	38	0.067708	0.083333	0.10526	0.05	0.13333	free	0.31579	0	0			SNOD	SNOD	0.24029	1.4327	1.6353	False	True
CREPS	5	800	94	28	0.048128	0.031915	0.035714	0.045455	0.10345	free	0.28571	0	0			REP	REP	0.21846	1.4288	2.0118	False	True
ATTIC	5	800	77	27	0.019481	0.012987	0.037037	0	0	free	0.2963	0	0			TIC	TIC	0.22614	1.4257	2.301	False	True
AEONS	5	800	302	90	0.0099338	0.0099338	0.011111	0.019608	0.012195	free	0.077778	0	0			ONS	ONS	0.067572	1.4189	1.0602	False	True
OORIEST	7	1800	51	21	0.0098039	0	0	0.2	0.125	free	0.14286	0.047619	0.047619			EST	EST	0.10735	1.4163	1.1934	False	True
PIASTRE	7	1800	55	20	0	0	0	0	0	free	0.15	0	0.1			PIAS	PIAS	0.1123	1.4111	1.613	False	False
ARIELS	6	1400	163	52	0.0030675	0	0	0	0.023256	cellmate	0.057692	0	0.30769		SAILER,RAILES	RIELS	RIELS	0.055434	1.4086	1.1384	False	True
NABIS	5	800	58	19	0.0086207	0.017241	0.052632	0	0	free	0.42105	0	0.10526			BIS	BIS	0.31697	1.4024	1.7687	False	True
RUING	5	800	69	24	0.028986	0.043478	0.041667	0	0	free	0.29167	0.083333	0			RUIN	RUIN	0.25065	1.4005	1.1468	False	True
LOGIA	5	800	52	18	0.0096154	0.019231	0.055556	0	0	free	0.44444	0	0			LOG	LOG	0.33365	1.3977	1.1194	False	True
ARGAL	5	800	58	17	0.0086207	0.017241	0.058824	0	0	free	0.47059	0	0			GAL	GAL	0.35262	1.3946	1.4466	False	True
LIGNES	6	1400	60	16	0.0083333	0.016667	0.0625	0	0	free	0.3125	0	0			LIG	LIG	0.24067	1.393	1.4375	False	True
CURSI	5	800	62	25	0.080645	0.064516	0.16	0.2	0.11765	free	0.48	0	0	CUR		CURS	CUR	0.35945	1.3923	2.0845	False	True
GERNE	5	800	106	40	0.023585	0.037736	0.05	0	0	free	0.225	0	0.05			GER	GER	0.17455	1.3911	1.6793	False	True
ARLED	5	800	246	79	0.079268	0.10976	0.27848	0.027027	0.076923	free	0.44304	0.025316	0.088608			ARLE	ARLE	0.34134	1.3867	2.1808	False	True
DEISM	5	800	154	53	0	0	0	0	0	free	0.11321	0	0.056604			DEI	DEI	0.093443	1.3829	1.1182	False	False
TOWIE	5	800	51	13	0.068627	0.058824	0.076923	0.11111	0.14286	free	0.61538	0	0			TOW	TOW	0.45769	1.3822	1.1983	False	True
NENES	5	800	183	60	0.043716	0.027322	0.05	0.029412	0.068966	free	0.16667	0	0			ENES	ENES	0.13207	1.3751	1.0871	False	True
SNARIER	7	1800	64	11	0	0	0	0	0	free	0.27273	0	0			SNAR	SNAR	0.19895	1.3749	1.3589	True	False
NEGRO	5	800	133	50	0	0	0	0	0	free	0.12	0	0.08		GONER	NEG	NEG	0.098438	1.3744	0.71272	True	False
LIGNE	5	800	123	34	0.020325	0.02439	0.058824	0.052632	0.043478	free	0.26471	0	0			LIG	LIG	0.20322	1.3709	1.9129	False	True
CENOTE	6	1400	60	12	0.016667	0.033333	0.083333	0	0	free	0.41667	0	0			NOTE	NOTE	0.31599	1.3643	2.6282	False	True
OMERS	5	800	218	64	0.0068807	0	0	0	0.017241	cellmate	0.03125	0.125	0.21875		MORSE,MORES	ERS	ERS	0.076236	1.3624	1.3095	False	True
YENTA	5	800	118	46	0.0042373	0	0	0	0	free	0.13043	0	0			YEN	YEN	0.10578	1.3587	0.69466	False	True
DROME	5	800	90	27	0.077778	0.055556	0.074074	0.052632	0.066667	free	0.33333	0	0.037037			ROM	ROM	0.25312	1.3499	2.4746	False	True
LIANA	5	800	129	42	0	0	0	0	0	free	0.14286	0	0			ANA	ANA	0.1148	1.3463	1.1553	False	False
VIERS	5	800	77	25	0.064935	0.090909	0.08	0	0.074074	free	0.36	0	0.08		RIVES	VIE	VIE	0.2726	1.3445	1.1288	False	True
TOLANS	6	1400	88	27	0.068182	0.068182	0.074074	0.0625	0.125	free	0.22222	0	0.037037			TOLA	TOLA	0.17527	1.3352	1.734	False	True
HEMIN	5	800	95	38	0.036842	0.031579	0	0	0	free	0.15789	0	0			HEM	HEM	0.12571	1.3339	1.563	False	True
ERSES	5	800	389	111	0.0089974	0.012853	0.045045	0	0	cellmate	0.072072	0.072072	0.16216			ERS	ERS	0.087996	1.3313	1.7869	False	True
FIRNS	5	800	56	21	0.098214	0.089286	0.095238	0	0.11765	free	0.42857	0	0			FIR	FIR	0.32213	1.3304	1.3475	False	True
DRAFT	5	800	56	19	0.071429	0.053571	0.10526	0.2	0.14286	free	0.47368	0	0			RAFT	RAFT	0.35486	1.3242	1.396	False	True
PECAN	5	800	61	19	0.081967	0.04918	0.10526	0.26667	0.22727	free	0.47368	0	0	CAN		CAN	CAN	0.35486	1.3242	2.0436	False	True
ODEON	5	800	104	34	0	0	0	0	0	free	0.17647	0	0			ODE	ODE	0.13919	1.3214	0.9379	True	False
SIGLA	5	800	80	32	0	0	0	0	0	free	0.1875	0	0			SIG	SIG	0.14719	1.3152	1.107	True	False
DISME	5	800	96	29	0	0	0	0	0	free	0.2069	0	0.17241			DIS	DIS	0.16176	1.3099	2.3465	False	False
DREGS	5	800	88	30	0.017045	0	0	0.0625	0.071429	free	0.2	0	0			REGS	REGS	0.15626	1.309	1.3077	False	True
OSSEIN	6	1400	96	35	0	0	0	0	0	free	0.085714	0	0.057143			SEI	SEI	0.076501	1.3084	1.673	False	False
ENSUE	5	800	100	29	0.02	0.02	0	0	0.035714	free	0.2069	0	0			SUE	SUE	0.16127	1.3059	1.5925	False	True
ODISM	5	800	67	28	0	0	0	0	0	free	0.21429	0	0			DIS	DIS	0.16663	1.3028	1.2227	True	False
ARDEB	5	800	89	25	0.011236	0	0	0	0.041667	cellmate	0.24	0	0.32		BARED	DEB	DEB	0.1862	1.2998	1.4443	False	True
ANION	5	800	182	68	0.049451	0.065934	0.10294	0.03125	0.065217	free	0.22059	0	0			ANI	ANI	0.1712	1.2961	1.5586	False	True
INDEW	5	800	57	25	0	0	0	0	0	free	0.24	0	0.08			DEW	DEW	0.18552	1.2951	0.82857	True	False
THAGI	5	800	53	25	0	0	0	0	0	free	0.24	0	0			HAG	HAG	0.18529	1.2935	1.0804	True	False
DENCH	5	800	64	25	0.023438	0.03125	0	0	0	free	0.24	0	0			DEN	DEN	0.18529	1.2935	1.2997	False	True
ADEPT	5	800	71	23	0.0070423	0	0	0	0	free	0.26087	0	0.26087		TAPED,PATED	DEP	DEP	0.20118	1.292	1.231	False	True
SHEAF	5	800	54	24	0.0092593	0	0	0.1	0	free	0.25	0	0			SHEA	SHEA	0.19255	1.2904	1.2099	False	True
OCTET	5	800	84	24	0	0	0	0	0	free	0.25	0	0			TET	TET	0.19255	1.2904	2.0749	False	False
DARNEST	7	1800	66	20	0.083333	0.075758	0.15	0.11111	0.14286	free	0.35	0	0.05			DARN	DARN	0.25257	1.2888	3.1493	False	True
AROBA	5	800	60	23	0	0	0	0	0	free	0.26087	0	0			ROB	ROB	0.20043	1.2873	0.89453	True	False
CENTU	5	800	63	23	0.02381	0	0	0	0.037037	free	0.26087	0	0			CENT	CENT	0.20043	1.2873	1.6043	False	True
ELDEST	6	1400	57	20	0.04386	0.052632	0.1	0.22222	0.090909	free	0.3	0	0			ELD	ELD	0.23163	1.2865	1.7941	False	True
PIANS	5	800	122	43	0.057377	0.016393	0.023256	0.045455	0.083333	cellmate	0.16279	0	0.30233		PAINS	PIA	PIA	0.13012	1.2831	1.1724	False	True
GRIST	5	800	138	45	0.057971	0.021739	0.022222	0.16	0.125	free	0.15556	0	0.11111			GRIS	GRIS	0.12433	1.283	0.83881	False	True
AVISE	5	800	62	21	0.056452	0.048387	0	0	0.071429	free	0.28571	0	0			VISE	VISE	0.21846	1.281	1.046	False	True
SERFS	5	800	65	21	0	0	0	0	0	free	0.28571	0	0			SER	SER	0.21846	1.281	1.6063	False	False
UNDOES	6	1400	51	19	0.058824	0.058824	0.10526	0	0.083333	free	0.31579	0	0			DOES	DOES	0.24305	1.2793	1.3322	False	True
BREIS	5	800	138	52	0.032609	0.043478	0.076923	0.034483	0.026316	free	0.21154	0	0.096154			REI	REI	0.16491	1.2776	1.7283	False	True
NAOSES	6	1400	82	30	0	0	0	0	0	free	0.1	0	0			OSES	OSES	0.087014	1.2756	0.74716	True	False
DEIDS	5	800	127	43	0.015748	0.023622	0.023256	0	0.027027	free	0.16279	0	0.069767			DEI	DEI	0.12946	1.2752	1.0817	False	True
TRIODE	6	1400	73	30	0	0	0	0	0	free	0.1	0	0.033333			ODE	ODE	0.086907	1.274	0.72615	False	False
PADRI	5	800	60	18	0	0	0	0	0	free	0.33333	0	0.055556			PAD	PAD	0.25318	1.2725	1.6019	False	False
ENURN	5	800	55	18	0	0	0	0	0	free	0.33333	0	0			NUR	NUR	0.25302	1.2717	1.1466	True	False
MICRO	5	800	55	18	0.018182	0	0	0	0.058824	free	0.33333	0	0			MIC	MIC	0.25302	1.2717	1.2752	False	True
LILAC	5	800	54	17	0	0	0	0	0	free	0.35294	0	0			LAC	LAC	0.26725	1.2686	1.0814	True	False
MAARS	5	800	55	16	0.018182	0.018182	0	0	0.066667	free	0.375	0	0			ARS	ARS	0.28325	1.2655	1.1234	False	True
ESLOIN	6	1400	90	28	0	0	0	0	0	free	0.10714	0	0			LOIN	LOIN	0.092179	1.2612	1.998	True	False
STEILS	6	1400	128	36	0.09375	0.070312	0.083333	0.14815	0.17241	free	0.19444	0	0.16667			STEIL	STEIL	0.15477	1.2567	1.3543	False	True
RIELS	5	800	339	116	0.041298	0.023599	0.017241	0.060606	0.095238	cellmate	0.060345	0	0.35345			RIEL	RIEL	0.055928	1.2531	1.0725	False	True
SMIRS	5	800	77	20	0.038961	0.064935	0.15	0	0	free	0.5	0	0			MIR	MIR	0.37396	1.2507	1.818	False	True
RUERS	5	800	109	32	0.050459	0.045872	0.03125	0.035714	0.0625	free	0.21875	0	0.09375			RUE	RUE	0.17014	1.241	1.0794	False	True
SEMINA	6	1400	95	26	0.031579	0.010526	0	0.058824	0	cellmate	0.11538	0	0.26923			MINA	MINA	0.097274	1.2359	1.5098	False	True
THEINE	6	1400	70	24	0	0	0	0	0	free	0.125	0	0			THE	THE	0.10509	1.2325	0.94393	False	False
LOCIES	6	1400	55	24	0.018182	0.018182	0	0	0	free	0.125	0	0.125			LOCI	LOCI	0.10469	1.2278	0.75129	False	True
NIRLED	6	1400	71	23	0	0	0	0	0	free	0.13043	0	0			LED	LED	0.10902	1.2253	1.2824	True	False
CEDARS	6	1400	63	23	0.039683	0.047619	0	0.14286	0.035714	free	0.13043	0	0			ARS	ARS	0.10902	1.2253	0.91029	False	True
NARIAL	6	1400	62	23	0	0	0	0	0	free	0.13043	0	0			RIAL	RIAL	0.10902	1.2253	1.0378	True	False
RIATA	5	800	209	67	0	0	0	0	0	free	0.074627	0	0			RIA	RIA	0.065285	1.2214	1.6197	False	False
YEADS	5	800	65	26	0.053846	0.015385	0.038462	0	0.052632	free	0.26923	0	0			YEA	YEA	0.2065	1.22	0.81115	False	True
ASTERTS	7	1800	73	17	0.075342	0.09589	0.058824	0	0.058824	free	0.23529	0	0		STATERS	ASTER	ASTER	0.17277	1.217	1.5067	False	True
AFROS	5	800	50	24	0.01	0.02	0.041667	0	0	free	0.29167	0	0.041667			FRO	FRO	0.2229	1.2145	0.86063	False	True
GERLE	5	800	65	24	0.0076923	0.015385	0.041667	0	0	free	0.29167	0	0			GER	GER	0.22278	1.2138	1.1322	False	True
REIRDS	6	1400	66	22	0	0	0	0	0	free	0.13636	0	0.13636			REI	REI	0.11287	1.2134	1.4916	True	False
NEONS	5	800	177	61	0.016949	0.0056497	0	0.041667	0.036364	cellmate	0.081967	0	0.18033			ONS	ONS	0.071125	1.2115	0.80287	False	True
HALONS	6	1400	51	21	0.04902	0	0	0.3	0.10526	free	0.14286	0	0			HALO	HALO	0.118	1.2109	0.78857	False	True
PLOAT	5	800	62	26	0.072581	0.096774	0.19231	0	0.15385	free	0.46154	0.038462	0			OAT	OAT	0.35891	1.2096	1.6157	False	True
BREAM	5	800	59	20	0.09322	0.016949	0.05	0	0.18182	free	0.35	0	0			REAM	REAM	0.26511	1.2013	1.4478	False	True
SERVE	5	800	68	19	0.051471	0.058824	0.052632	0	0.045455	free	0.36842	0	0.15789			SER	SER	0.27893	1.2006	1.3213	False	True
GOELS	5	800	64	19	0.023438	0.03125	0.052632	0	0	free	0.36842	0	0.052632			GOE	GOE	0.27863	1.199	1.4295	False	True
MONIC	5	800	62	19	0.040323	0.048387	0.052632	0	0.086957	free	0.36842	0	0	MON		MON	MON	0.27848	1.1982	2.3016	False	True
MESES	5	800	85	26	0.076471	0.070588	0.15385	0	0	free	0.42308	0	0.11538			MES	MES	0.31847	1.1952	2.1246	False	True
ELANS	5	800	385	118	0.012987	0.012987	0.025424	0.029412	0.018692	cellmate	0.067797	0	0.40678			ANS	ANS	0.061487	1.1883	1.2633	False	True
INTUSE	6	1400	55	18	0	0	0	0	0	free	0.16667	0	0.055556			USE	USE	0.13504	1.1878	0.46102	False	False
FREIT	5	800	123	55	0.004065	0	0	0	0	free	0.090909	0	0.072727			REI	REI	0.077308	1.1873	1.3434	False	True
SCENAS	6	1400	62	17	0.016129	0	0	0	0	free	0.17647	0	0			NAS	NAS	0.14231	1.1822	1.486	False	True
ORBED	5	800	59	20	0.0084746	0.016949	0	0	0	free	0.25	0.05	0.25			BED	BED	0.20998	1.1727	1.3515	False	True
SECTS	5	800	122	35	0.061475	0.04918	0.057143	0	0.14706	free	0.22857	0	0			SECT	SECT	0.177	1.1713	0.9384	False	True
ORGIES	6	1400	57	15	0.017544	0	0	0	0	free	0.2	0	0			GIES	GIES	0.15932	1.1678	1.6987	False	True
LEONES	6	1400	60	15	0	0	0	0	0	free	0.2	0	0			ONES	ONES	0.15932	1.1678	1.1452	False	False
SORNER	6	1400	115	41	0.073913	0.078261	0.097561	0.08	0.066667	free	0.19512	0	0			SORN	SORN	0.1558	1.1667	1.7798	False	True
INEPT	5	800	130	49	0.0038462	0	0	0	0	free	0.10204	0	0			NEP	NEP	0.085178	1.1654	0.89927	False	True
ARIEL	5	800	367	107	0.005457	0	0	0.017857	0.032609	cellmate	0.037383	0	0.2243			RIEL	RIEL	0.038898	1.1622	1.0198	False	True
REIFS	5	800	99	44	0.010101	0	0	0	0.037037	cellmate	0.11364	0	0.31818		FIRES	REI	REI	0.094499	1.161	0.93927	False	True
LAARIS	6	1400	52	14	0	0	0	0	0	free	0.21429	0	0			ARIS	ARIS	0.16965	1.1606	0.67879	True	False
OCTETS	6	1400	50	14	0	0	0	0	0	free	0.21429	0	0			TETS	TETS	0.16965	1.1606	2.3551	False	False
TOGAE	5	800	82	30	0.085366	0.14634	0.066667	0.2	0.047619	free	0.26667	0	0			TOGA	TOGA	0.20464	1.1558	1.0102	False	True
THECA	5	800	123	43	0	0	0	0	0	cellmate	0.11628	0	0.13953			THE	THE	0.095908	1.1516	1.411	False	False
SUINT	5	800	105	41	0.0047619	0	0	0	0.033333	free	0.12195	0	0			SUI	SUI	0.099626	1.1406	0.93889	False	True
STRUM	5	800	58	25	0.094828	0.034483	0.08	0	0.10526	free	0.32	0	0			RUM	RUM	0.24334	1.1403	0.84397	False	True
UREIDE	6	1400	58	11	0	0	0	0	0	free	0.27273	0	0			REI	REI	0.21191	1.1391	1.5889	True	False
SNARIEST	8	2200	55	10	0.018182	0	0	0	0.083333	free	0.2	0	0		STAINERS	SNAR	SNAR	0.14809	1.1372	2.6586	False	True
ORCIN	5	800	108	39	0.0046296	0.0092593	0	0	0	free	0.12821	0	0.051282			ORC	ORC	0.10431	1.1359	0.72552	False	True
SCION	5	800	113	38	0.017699	0	0	0	0.027027	free	0.13158	0	0.10526			ION	ION	0.10691	1.1344	0.82128	False	True
INARMS	6	1400	50	10	0	0	0	0	0	free	0.3	0	0			ARMS	ARMS	0.23163	1.1319	2.4666	True	False
SCEATS	6	1400	70	10	0.021429	0	0	0.14286	0.058824	free	0.3	0	0.1	EAT	CASTES	EATS	EAT	0.23131	1.1303	4.7524	False	True
ETTLE	5	800	121	32	0.016529	0.016529	0	0	0	dropTerminal	0	0.34375	0					0.12609	1.1267	0.97871	False	True
ETHAL	5	800	185	55	0.010811	0.021622	0.018182	0	0	cellmate	0.10909	0	0.21818			ETH	ETH	0.090916	1.117	1.316	False	True
LIBER	5	800	74	33	0.054054	0.040541	0	0.083333	0.125	free	0.15152	0	0			LIB	LIB	0.12108	1.1157	0.8997	False	True
TEMSE	5	800	155	52	0.0032258	0.0064516	0.019231	0	0	cellmate	0.11538	0	0.38462			TEMS	TEMS	0.095957	1.1141	1.488	False	True
SYENS	5	800	63	32	0.015873	0.015873	0	0	0	free	0.15625	0	0			YENS	YENS	0.12452	1.1126	0.87319	False	True
MURAS	5	800	58	16	0.086207	0.086207	0.125	0.1	0.13333	free	0.5	0	0	RAS		RAS	RAS	0.37396	1.1123	1.671	False	True
PSION	5	800	89	31	0	0	0	0	0	free	0.16129	0	0.032258			ION	ION	0.12826	1.1103	0.60207	True	False
STEPT	5	800	112	31	0.0044643	0.0089286	0	0	0	free	0.16129	0	0			STEP	STEP	0.12817	1.1095	0.72871	False	True
TWAES	5	800	96	29	0.010417	0	0	0	0.071429	cellmate	0.17241	0	0.2069		WASTE	TWA	TWA	0.13683	1.108	1.8977	False	True
UPSET	5	800	69	30	0	0	0	0	0	free	0.16667	0	0.033333			SET	SET	0.13217	1.1072	1.0324	True	False
DISCO	5	800	78	29	0.0064103	0	0	0	0.035714	free	0.17241	0	0			DIS	DIS	0.13624	1.1033	1.1693	False	True
TRUER	5	800	90	29	0.05	0.066667	0	0.125	0.037037	free	0.17241	0	0			TRUE	TRUE	0.13624	1.1033	0.77833	False	True
AGLET	5	800	100	42	0.035	0.05	0.071429	0.045455	0	free	0.19048	0.047619	0			LET	LET	0.16528	1.1006	1.9245	False	True
SNARY	5	800	80	27	0.04375	0.0625	0	0.083333	0.047619	free	0.18519	0	0.037037			SNAR	SNAR	0.14562	1.0979	0.79302	False	True
CEROC	5	800	81	26	0	0	0	0	0	free	0.19231	0	0			ROC	ROC	0.15068	1.0939	1.365	True	False
REGMA	5	800	58	24	0.0086207	0.017241	0	0	0	cellmate	0.20833	0	0.29167			REG	REG	0.16314	1.0933	0.74403	False	True
TEREK	5	800	71	25	0	0	0	0	0	free	0.2	0	0			ERE	ERE	0.15626	1.0908	0.58407	True	False
ADUST	5	800	59	23	0	0	0	0	0	free	0.21739	0	0			DUST	DUST	0.16888	1.0846	1.0221	True	False
ESKAR	5	800	57	21	0	0	0	0	0	cellmate	0.2381	0	0.33333		RAKES	SKA	SKA	0.18486	1.084	1.0256	False	False
HALSED	6	1400	59	22	0.076271	0.067797	0.045455	0.3	0.21429	free	0.18182	0	0			SED	SED	0.14618	1.0828	0.85677	False	True
ONELY	5	800	57	22	0	0	0	0	0	free	0.22727	0	0			ONE	ONE	0.17605	1.0815	0.76305	True	False
REINK	5	800	67	22	0.0074627	0	0	0.066667	0	free	0.22727	0	0			REIN	REIN	0.17605	1.0815	1.3512	False	True
GLEIS	5	800	99	46	0.020202	0.020202	0.021739	0.052632	0.034483	free	0.13043	0	0			LEIS	LEIS	0.10578	1.0795	0.75586	False	True
DHOLE	5	800	51	21	0.0098039	0	0	0.083333	0.055556	free	0.2381	0	0			HOLE	HOLE	0.18391	1.0784	1.464	False	True
INLAY	5	800	54	21	0	0	0	0	0	free	0.2381	0	0			LAY	LAY	0.18391	1.0784	0.82435	False	False
RIGOL	5	800	52	21	0	0	0	0	0	free	0.2381	0	0			RIG	RIG	0.18391	1.0784	0.88664	True	False
YONIS	5	800	67	21	0	0	0	0	0	free	0.2381	0	0			YON	YON	0.18391	1.0784	0.96594	True	False
DUITS	5	800	62	29	0.08871	0.096774	0.10345	0.2	0.066667	free	0.31034	0	0			DUIT	DUIT	0.23634	1.0761	0.49369	False	True
LAITY	5	800	54	20	0	0	0	0	0	free	0.25	0	0			AIT	AIT	0.19255	1.0753	1.4027	True	False
SLUSE	5	800	53	20	0	0	0	0	0	free	0.25	0	0			USE	USE	0.19255	1.0753	0.3738	True	False
HARIM	5	800	81	20	0.0061728	0	0	0	0.041667	free	0.25	0	0			RIM	RIM	0.19255	1.0753	1.4293	False	True
ARIOSE	6	1400	157	51	0	0	0	0	0	free	0.039216	0	0			OSE	OSE	0.043062	1.0732	0.80603	False	False
ALEPH	5	800	61	19	0	0	0	0	0	free	0.26316	0	0			ALE	ALE	0.20209	1.0722	1.2811	True	False
LILOS	5	800	66	19	0.0075758	0.015152	0	0	0	free	0.26316	0	0	LOS		LOS	LOS	0.20209	1.0722	1.6473	False	True
OSIERS	6	1400	163	48	0	0	0	0	0	dropTerminal	0.020833	0.083333	0.0625			ERS	ERS	0.045585	1.0692	1.1646	False	False
OPAHS	5	800	52	18	0	0	0	0	0	free	0.27778	0	0			OPA	OPA	0.2127	1.0691	0.6296	True	False
APSIS	5	800	64	18	0	0	0	0	0	free	0.27778	0	0			SIS	SIS	0.2127	1.0691	1.6696	True	False
OLLER	5	800	109	43	0.022936	0.027523	0.023256	0.071429	0	dropTerminal	0	0.30233	0					0.11224	1.0684	1.1747	False	True
ONNED	5	800	103	32	0.0048544	0	0	0	0	dropTerminal	0.0625	0.1875	0.125			NED	NED	0.11955	1.0682	1.3043	False	True
CRUEL	5	800	50	17	0.05	0.02	0	0.16667	0.15	free	0.29412	0	0			RUE	RUE	0.22456	1.066	0.79611	False	True
ANIMI	5	800	67	17	0.037313	0.074627	0	0	0	free	0.29412	0	0			NIM	NIM	0.22456	1.066	1.1655	False	True
BRERE	5	800	60	15	0.016667	0	0	0.125	0.0625	free	0.33333	0	0.066667			ERE	ERE	0.25321	1.0606	0.50947	False	True
GUEST	5	800	62	14	0	0	0	0	0	free	0.35714	0	0			GUES	GUES	0.27029	1.0566	1.2178	True	False
ELCHI	5	800	50	14	0	0	0	0	0	free	0.35714	0	0			CHI	CHI	0.27029	1.0566	1.3345	True	False
SNARF	5	800	89	38	0.022472	0.022472	0.026316	0	0	free	0.15789	0	0			SNAR	SNAR	0.12571	1.0546	0.87452	False	True
ELMEN	5	800	51	11	0	0	0	0	0	free	0.45455	0	0			MEN	MEN	0.34098	1.0473	1.464	True	False
GERNES	6	1400	51	17	0.019608	0.039216	0.058824	0	0	free	0.23529	0	0			GER	GER	0.18484	1.0469	1.9354	False	True
SNARLS	6	1400	54	17	0.083333	0.055556	0.058824	0	0.2	free	0.23529	0	0			SNAR	SNAR	0.18484	1.0469	1.0028	False	True
DERNED	6	1400	51	17	0.068627	0.098039	0.058824	0	0.071429	free	0.23529	0	0.058824			DERN	DERN	0.18465	1.0453	1.2453	False	True
UNGET	5	800	50	19	0.03	0.06	0.15789	0	0	free	0.47368	0	0			GET	GET	0.35486	1.045	0.61901	False	True
DARIC	5	800	105	34	0.0047619	0.0095238	0.029412	0	0	free	0.17647	0	0.088235			DARI	DARI	0.13944	1.0446	1.1094	False	True
SMITS	5	800	118	41	0.09322	0.11017	0.097561	0	0.14286	free	0.2439	0	0.19512			SMIT	SMIT	0.18868	1.0431	0.64092	False	True
INERM	5	800	207	69	0	0	0	0	0	cellmate	0.057971	0	0.24638		MINER	ERM	ERM	0.0539	1.0385	0.7945	True	False
SEPIC	5	800	76	21	0.013158	0.013158	0.047619	0	0	free	0.28571	0	0			PIC	PIC	0.21846	1.0018	2.1715	False	True
TAWIE	5	800	61	20	0.032787	0.065574	0.05	0	0	free	0.3	0	0.05			TAW	TAW	0.22897	0.99949	1.5067	False	True
VOLAE	5	800	51	20	0.019608	0.039216	0.05	0	0	free	0.3	0	0			VOL	VOL	0.22883	0.99869	0.90133	False	True
URSAE	5	800	178	59	0.002809	0	0	0	0	free	0.067797	0	0			SAE	SAE	0.060329	0.9939	1.0108	False	True
SNIRTED	7	1800	76	23	0	0	0	0	0	free	0.086957	0	0.043478		TINDERS	TED	TED	0.06868	0.99245	1.7917	False	False
SUING	5	800	74	25	0.087838	0.094595	0.16	0.11111	0.12	free	0.4	0	0.08			ING	ING	0.30162	0.98863	0.80379	False	True
OYERS	5	800	88	35	0.017045	0.011364	0	0	0	dropTerminal	0.057143	0.14286	0			YER	YER	0.10037	0.98097	0.99115	False	True
PETTO	5	800	58	14	0.060345	0.068966	0.071429	0	0.071429	free	0.42857	0	0			PET	PET	0.32213	0.98004	1.8235	False	True
STRIATE	7	1800	75	18	0.013333	0	0	0	0.076923	free	0.11111	0	0			ATE	ATE	0.085929	0.97177	1.654	False	True
LEISTER	7	1800	83	20	0.012048	0	0	0.125	0.052632	free	0.1	0	0.1			LEI	LEI	0.077336	0.97177	0.82129	False	True
MAERL	5	800	137	47	0	0	0	0	0	cellmate	0.085106	0	0.34043		LAMER	MAE	MAE	0.073859	0.96932	1.1073	True	False
SEITY	5	800	150	49	0	0	0	0	0	free	0.081633	0	0			SEI	SEI	0.070369	0.96281	1.1118	False	False
OCEAN	5	800	137	48	0	0	0	0	0	free	0.083333	0	0			EAN	EAN	0.071603	0.95971	1.0347	False	False
SIENNA	6	1400	79	35	0	0	0	0	0	free	0.057143	0	0.028571			SIEN	SIEN	0.055933	0.95663	0.62627	True	False
ETALONS	7	1800	51	15	0	0	0	0	0	free	0.13333	0	0			TALONS	TALONS	0.10147	0.95625	0.78029	False	False
INCEST	6	1400	97	36	0.030928	0	0	0	0.11111	cellmate	0.055556	0	0.16667			EST	EST	0.054342	0.95596	0.88693	False	True
STUDE	5	800	102	45	0.034314	0.0098039	0	0.047619	0.074074	cellmate	0.088889	0	0.13333			STUD	STUD	0.076014	0.95515	0.46383	False	True
REUSE	5	800	154	48	0.074675	0.058442	0.16667	0.16	0.175	free	0.3125	0	0			USE	USE	0.2379	0.95474	0.70428	False	True
DRACO	5	800	126	46	0.011905	0.0079365	0	0	0.023256	free	0.086957	0	0			DRAC	DRAC	0.074232	0.95349	0.48547	False	True
REPLA	5	800	125	36	0.044	0.056	0.13889	0.071429	0.083333	free	0.30556	0	0.13889		PALER	REP	REP	0.23326	0.94861	2.014	False	True
ABRIS	5	800	102	42	0.014706	0.0098039	0	0	0	free	0.095238	0	0.047619			BRIS	BRIS	0.080377	0.94265	0.91264	False	True
HALOES	6	1400	56	21	0.098214	0.071429	0.095238	0.33333	0.14286	free	0.2381	0	0			HALO	HALO	0.18687	0.9403	0.62831	False	True
INUST	5	800	130	41	0	0	0	0	0	free	0.097561	0	0.02439			NUS	NUS	0.081997	0.93874	1.4136	True	False
DEHORT	6	1400	72	32	0	0	0	0	0	free	0.0625	0	0			ORT	ORT	0.059899	0.93664	0.72437	False	False
LEPRA	5	800	96	39	0	0	0	0	0	cellmate	0.10256	0	0.12821		PALER	LEP	LEP	0.085923	0.93571	0.99755	False	False
SUETE	5	800	115	39	0.013043	0	0	0	0.08	free	0.10256	0	0			SUE	SUE	0.085558	0.93173	1.5271	False	True
RERISE	6	1400	117	27	0.059829	0.094017	0.18519	0	0.034483	free	0.33333	0	0			RISE	RISE	0.25573	0.93081	3.6343	False	True
PILAE	5	800	121	37	0.0041322	0	0	0.037037	0	free	0.10811	0	0.027027			PILA	PILA	0.089658	0.92631	0.82639	False	True
ANIGH	5	800	75	31	0	0	0	0	0	free	0.12903	0	0.064516			NIGH	NIGH	0.10495	0.90845	0.7818	False	False
ESSOIN	6	1400	67	28	0	0	0	0	0	free	0.071429	0	0.071429			ESS	ESS	0.066125	0.90475	0.48637	False	False
LEIRS	5	800	345	121	0.072464	0.057971	0.099174	0.12676	0.087912	cellmate	0.15702	0	0.29752			LEI	LEI	0.12592	0.90385	2.1925	False	True
ARDRI	5	800	75	30	0	0	0	0	0	free	0.13333	0	0			ARD	ARD	0.10789	0.90376	0.52375	True	False
STRAE	5	800	938	244	0.016533	0.0021322	0	0.027933	0.057692	cellmate	0	0	0.73361		STARE,STEAR,RATES,TEARS,TARES			0.013221	0.90077	0.92633	False	True
HOLON	5	800	58	29	0.025862	0.034483	0	0	0.055556	free	0.13793	0	0			HOLO	HOLO	0.11122	0.90065	0.52267	False	True
TAUON	5	800	90	28	0	0	0	0	0	free	0.14286	0	0			TAU	TAU	0.1148	0.89754	1.3097	True	False
TRUCE	5	800	63	26	0.047619	0.031746	0	0	0	cellmate	0.15385	0	0.23077			RUC	RUC	0.12343	0.89609	0.88154	False	True
DAISES	6	1400	69	26	0.043478	0.028986	0	0	0.052632	free	0.076923	0	0			DAIS	DAIS	0.070328	0.89352	1.6402	False	True
ISSUE	5	800	57	21	0.017544	0.017544	0.047619	0	0.0625	free	0.2381	0.047619	0			SUE	SUE	0.19983	0.89256	0.51133	False	True
UNAIS	5	800	142	51	0.017606	0.014085	0.019608	0.043478	0.021739	free	0.098039	0	0			AIS	AIS	0.082274	0.89243	1.1195	False	True
IONIC	5	800	72	26	0	0	0	0	0	free	0.15385	0	0			ION	ION	0.12277	0.89132	0.64931	False	False
SAUNA	5	800	56	25	0.044643	0.035714	0	0.125	0.086957	free	0.16	0	0			SAU	SAU	0.12724	0.88821	0.84199	False	True
THEIC	5	800	81	25	0	0	0	0	0	free	0.16	0	0			THE	THE	0.12724	0.88821	0.91523	True	False
OINTS	5	800	391	118	0.021739	0.017903	0.016949	0.028986	0.017699	dropTerminal	0.025424	0.042373	0			OINT	OINT	0.043752	0.88312	0.69425	False	True
ECRUS	5	800	52	22	0	0	0	0	0	free	0.18182	0	0.13636			CRUS	CRUS	0.14346	0.88127	0.75963	True	False
THROED	6	1400	53	24	0	0	0	0	0	free	0.083333	0	0			ROE	ROE	0.074963	0.87915	0.79313	True	False
LYSED	5	800	54	22	0.0092593	0	0	0	0.05	free	0.18182	0	0			SED	SED	0.14307	0.87889	0.50305	False	True
TWOER	5	800	53	20	0.028302	0.037736	0	0	0.04	cellmate	0.2	0	0.3		TOWER	TWO	TWO	0.15712	0.87744	0.90557	False	True
GLENS	5	800	96	30	0.041667	0.052083	0.1	0	0.027778	free	0.26667	0	0			LENS	LENS	0.20464	0.87657	1.5154	False	True
SLYER	5	800	52	21	0.067308	0.076923	0	0	0.13333	free	0.19048	0	0			SLY	SLY	0.14935	0.87578	0.4039	False	True
UNARM	5	800	52	20	0.0096154	0	0	0	0	free	0.2	0	0			ARM	ARM	0.15626	0.87267	0.82238	False	True
DEMIC	5	800	51	20	0.0098039	0	0	0	0	free	0.2	0	0			MIC	MIC	0.15626	0.87267	1.0784	False	True
SEMEIA	6	1400	57	23	0	0	0	0	0	free	0.086957	0	0			SEME	SEME	0.077583	0.87196	1.8108	True	False
INERTS	6	1400	425	141	0.025882	0.011765	0.021277	0.046729	0.057143	cellmate	0.028369	0	0.40426			INERT	INERT	0.033921	0.87118	1.0125	False	True
RISUS	5	800	54	19	0	0	0	0	0	free	0.21053	0	0			SUS	SUS	0.1639	0.86956	0.95287	True	False
LEGES	5	800	59	19	0.025424	0.033898	0	0	0	free	0.21053	0	0			LEG	LEG	0.1639	0.86956	0.84495	False	True
CHUSE	5	800	51	19	0.039216	0.019608	0	0	0.045455	free	0.21053	0	0			USE	USE	0.1639	0.86956	0.28302	False	True
SPICA	5	800	52	19	0.019231	0	0	0	0.055556	free	0.21053	0	0			PIC	PIC	0.1639	0.86956	1.5292	False	True
GENII	5	800	76	19	0.0065789	0.013158	0	0	0	free	0.21053	0	0			GEN	GEN	0.1639	0.86956	1.4001	False	True
DROPT	5	800	50	19	0	0	0	0	0	free	0.21053	0	0			DROP	DROP	0.1639	0.86956	0.56337	True	False
BLAEST	6	1400	75	24	0.013333	0	0	0	0	cellmate	0.083333	0	0.33333			EST	EST	0.073893	0.86659	1.5027	False	True
PAISA	5	800	64	18	0.0078125	0	0	0	0.083333	free	0.22222	0	0			PAIS	PAIS	0.17239	0.86646	1.4768	False	True
SDEIGN	6	1400	55	23	0	0	0	0	0	cellmate	0.086957	0	0.17391		DINGES	DEI	DEI	0.077024	0.86568	0.90576	True	False
STYRE	5	800	116	42	0.030172	0.017241	0.02381	0.086957	0.11429	free	0.11905	0	0.02381			STY	STY	0.097587	0.86525	1.0944	False	True
OCEANS	6	1400	53	22	0	0	0	0	0	free	0.090909	0	0			EANS	EANS	0.080441	0.86478	0.90518	True	False
PHESE	5	800	58	17	0	0	0	0	0	free	0.23529	0	0			HES	HES	0.18187	0.86335	1.0853	True	False
OLPES	5	800	85	16	0.0058824	0.011765	0	0	0	free	0.25	0	0.1875		POLES,LOPES	PES	PES	0.19308	0.86262	1.545	False	True
GRUES	5	800	66	25	0.083333	0.090909	0.12	0	0.125	free	0.32	0	0.04			RUES	RUES	0.24346	0.86182	0.69092	False	True
SEILS	5	800	297	88	0.094276	0.087542	0.125	0.14583	0.11268	free	0.20455	0	0.13636			SEIL	SEIL	0.15995	0.8588	1.7288	False	True
SEMIES	6	1400	55	21	0.0090909	0	0	0	0	free	0.095238	0	0			SEMI	SEMI	0.083571	0.85759	0.79768	False	True
NOULE	5	800	68	23	0.058824	0.073529	0.13043	0	0	free	0.34783	0	0			NOUL	NOUL	0.26353	0.85481	0.78094	False	True
TOINGS	6	1400	61	21	0.0081967	0	0	0.066667	0	free	0.095238	0	0.095238			ING	ING	0.083265	0.85445	1.2576	False	True
RUDIS	5	800	56	14	0.053571	0.017857	0	0.14286	0.13793	free	0.28571	0	0			RUD	RUD	0.21846	0.85402	1.2518	False	True
THAIM	5	800	52	14	0.0096154	0	0	0.125	0	free	0.28571	0	0			AIM	AIM	0.21846	0.85402	1.0794	False	True
EONISM	6	1400	58	20	0	0	0	0	0	free	0.1	0	0			NIS	NIS	0.087014	0.8504	1.3648	True	False
ONION	5	800	88	31	0.028409	0.045455	0.064516	0	0.041667	free	0.19355	0.032258	0			ION	ION	0.16237	0.84704	0.59753	False	True
SESELI	6	1400	85	19	0	0	0	0	0	free	0.10526	0	0			SEL	SEL	0.09082	0.84322	3.3313	True	False
STROAM	6	1400	66	19	0	0	0	0	0	free	0.10526	0	0.052632			ROAM	ROAM	0.090651	0.84165	1.4931	True	False
ORDERS	6	1400	68	26	0.058824	0.058824	0.11538	0.11765	0	free	0.23077	0	0			ORDER	ORDER	0.18157	0.84091	0.37905	False	True
ASEITY	6	1400	51	18	0	0	0	0	0	free	0.11111	0	0			SEI	SEI	0.095049	0.83603	0.78857	True	False
ISTLE	5	800	323	108	0	0	0	0	0	cellmate	0	0.046296	0.31481		TILES,LITES			0.027511	0.82966	0.64028	True	False
MAERLS	6	1400	54	17	0	0	0	0	0	free	0.11765	0	0.11765			MAE	MAE	0.099397	0.82571	0.79341	True	False
RIFLE	5	800	63	26	0.071429	0.079365	0.038462	0.11111	0	free	0.19231	0	0.11538			RIF	RIF	0.15101	0.8171	0.522	False	True
TIARA	5	800	251	74	0.025896	0.023904	0.040541	0.066667	0.017857	free	0.094595	0	0			TIAR	TIAR	0.079775	0.81071	1.5796	False	True
ETTLES	6	1400	62	21	0.0080645	0	0	0	0	dropTerminal	0	0.33333	0.095238			ETTLE	ETTLE	0.078464	0.80518	0.72691	False	True
YESTS	5	800	62	19	0.032258	0.032258	0.052632	0	0.058824	free	0.26316	0	0.052632			YEST	YEST	0.20224	0.79375	0.78466	False	True
SIENT	5	800	558	174	0.00089606	0	0	0	0	cellmate	0.0057471	0	0.36207		TINES	SIEN	SIEN	0.016333	0.79357	1.4447	False	True
STRIGA	6	1400	60	12	0	0	0	0	0	free	0.16667	0	0			RIG	RIG	0.13522	0.79291	1.9296	True	False
BLAER	5	800	162	59	0.027778	0.018519	0.050847	0.10345	0.042553	cellmate	0.11864	0	0.35593			BLAE	BLAE	0.09824	0.78078	1.0633	False	True
ALOES	5	800	307	99	0.014658	0.013029	0.030303	0	0.025974	free	0.060606	0.010101	0			ALOE	ALOE	0.058489	0.77917	0.6156	False	True
REAMY	5	800	50	12	0.04	0.06	0.083333	0	0.083333	free	0.41667	0	0			REAM	REAM	0.31349	0.7712	0.74752	False	True
ATTAP	5	800	56	12	0.0089286	0.017857	0.083333	0	0	free	0.41667	0	0	TAP		TAP	TAP	0.31349	0.7712	1.7017	False	True
SEPIA	5	800	169	50	0	0	0	0	0	free	0.06	0	0.02			PIA	PIA	0.054728	0.76409	1.0683	True	False
ORDER	5	800	198	71	0.070707	0.065657	0.14085	0.12903	0.044444	free	0.22535	0.014085	0			ORD	ORD	0.17937	0.76378	0.72423	False	True
AEROS	5	800	614	200	0.0016287	0.0032573	0.005	0	0	cellmate	0.01	0	0.1			AERO	AERO	0.018673	0.76359	0.63833	False	True
HALON	5	800	101	50	0.029703	0.009901	0	0.16667	0.060606	free	0.06	0	0			HALO	HALO	0.054671	0.7633	0.52509	False	True
PRION	5	800	89	32	0.05618	0.033708	0.0625	0	0.045455	free	0.1875	0	0.0625			ION	ION	0.14737	0.75835	0.46593	False	True
DEIGN	5	800	116	44	0.025862	0	0	0.1	0.10714	cellmate	0.068182	0	0.090909			DEI	DEI	0.060867	0.74783	0.82474	False	True
STUPE	5	800	61	23	0.081967	0.081967	0.13043	0	0	free	0.30435	0.043478	0			TUP	TUP	0.24652	0.74557	1.0607	False	True
TUINA	5	800	106	42	0	0	0	0	0	free	0.071429	0	0			TUI	TUI	0.062964	0.73843	0.87561	False	False
ETUIS	5	800	116	42	0	0	0	0	0	free	0.071429	0	0			TUI	TUI	0.062964	0.73843	0.82348	True	False
TOITED	6	1400	69	23	0.050725	0.043478	0.043478	0.15385	0.1	free	0.13043	0	0			TED	TED	0.10902	0.73665	1.037	False	True
ULNAE	5	800	85	41	0	0	0	0	0	free	0.073171	0	0			NAE	NAE	0.064229	0.73532	0.40509	False	False
SLOES	5	800	169	58	0.044379	0.04142	0.017241	0.034483	0	cellmate	0.068966	0	0.44828		SOLES,LOSES	SLOE	SLOE	0.062454	0.73223	0.33221	False	True
LOCIE	5	800	92	38	0.01087	0.01087	0	0	0	free	0.078947	0	0			LOCI	LOCI	0.06842	0.726	0.51622	False	True
VERST	5	800	105	37	0	0	0	0	0	free	0.081081	0	0.027027			ERS	ERS	0.070046	0.72368	0.36181	False	False
PEONS	5	800	109	35	0.027523	0.0091743	0	0	0.068966	cellmate	0.085714	0	0.14286			PEON	PEON	0.073738	0.72065	0.60076	False	True
VALIS	5	800	54	19	0.092593	0.14815	0.10526	0	0.052632	free	0.31579	0	0			LIS	LIS	0.24029	0.71635	0.69552	False	True
TURNT	5	800	54	17	0.074074	0.092593	0.11765	0.083333	0.055556	free	0.35294	0	0			TURN	TURN	0.26725	0.71014	0.76714	False	True
STOITS	6	1400	51	19	0.058824	0.039216	0.052632	0.1	0.18182	free	0.15789	0	0			TOIT	TOIT	0.12888	0.7079	0.8148	False	True
TOGED	5	800	56	15	0.098214	0.089286	0.13333	0.090909	0.066667	free	0.4	0	0			TOG	TOG	0.30139	0.70392	1.2832	False	True
INCEL	5	800	95	29	0.010526	0.010526	0	0	0	free	0.10345	0	0.034483			CEL	CEL	0.086298	0.69882	1.2268	False	True
ACAIS	5	800	79	28	0.0063291	0	0	0.0625	0.038462	free	0.10714	0	0			AIS	AIS	0.088881	0.69491	0.65622	False	True
YELTS	5	800	65	27	0.023077	0	0	0	0.045455	free	0.11111	0	0			ELTS	ELTS	0.09176	0.6918	0.77093	False	True
YENTE	5	800	74	27	0.0067568	0	0	0	0	free	0.11111	0	0			YEN	YEN	0.09176	0.6918	0.52302	False	True
ULNAS	5	800	69	26	0	0	0	0	0	free	0.11538	0	0.038462			NAS	NAS	0.094971	0.68949	0.64762	False	False
LEPTA	5	800	84	25	0.0059524	0	0	0	0	free	0.12	0	0.12			LEP	LEP	0.098552	0.68797	1.1785	False	True
DICTS	5	800	59	24	0.042373	0	0	0	0.076923	free	0.125	0	0			DICT	DICT	0.10184	0.68248	0.3152	False	True
NAEVI	5	800	56	24	0	0	0	0	0	free	0.125	0	0			NAE	NAE	0.10184	0.68248	0.31249	True	False
EENSY	5	800	56	23	0	0	0	0	0	free	0.13043	0	0			EEN	EEN	0.10578	0.67937	0.50502	True	False
HYENS	5	800	50	22	0.01	0	0	0	0.052632	free	0.13636	0	0			YENS	YENS	0.11008	0.67626	0.43485	False	True
COHEN	5	800	70	22	0	0	0	0	0	free	0.13636	0	0			HEN	HEN	0.11008	0.67626	1.547	True	False
OPTED	5	800	80	28	0.09375	0.1125	0.10714	0	0.16667	free	0.25	0	0.25			OPT	OPT	0.19326	0.67329	0.8919	False	True
SLEPT	5	800	93	20	0.010753	0	0	0	0	free	0.15	0	0.15			LEP	LEP	0.12041	0.67243	1.3799	False	True
DOITS	5	800	191	70	0.070681	0.04712	0.028571	0.086957	0.12069	free	0.071429	0	0			DOIT	DOIT	0.062964	0.67225	0.48371	False	True
DROID	5	800	51	20	0	0	0	0	0	free	0.15	0	0			ROID	ROID	0.11998	0.67005	0.30731	False	False
FRERE	5	800	53	19	0.009434	0.018868	0	0	0	free	0.15789	0	0.052632			ERE	ERE	0.12586	0.66773	0.5089	False	True
ARCUS	5	800	55	19	0	0	0	0	0	free	0.15789	0	0			ARC	ARC	0.12571	0.66694	0.63256	True	False
UNION	5	800	55	19	0.018182	0	0	0	0.055556	free	0.15789	0	0			ION	ION	0.12571	0.66694	0.5683	False	True
SNAGS	5	800	69	19	0.065217	0.028986	0	0	0.15385	free	0.15789	0	0			NAG	NAG	0.12571	0.66694	0.98484	False	True
NURDS	5	800	53	18	0.04717	0.018868	0	0	0.055556	free	0.16667	0	0.055556			NUR	NUR	0.13223	0.66462	0.60806	False	True
FRONS	5	800	83	27	0.060241	0.084337	0.11111	0	0.032258	free	0.25926	0	0			FRO	FRO	0.19926	0.66461	1.197	False	True
LEPID	5	800	53	17	0	0	0	0	0	free	0.17647	0	0.17647		PILED	LEP	LEP	0.13969	0.66311	0.76163	True	False
LEVAS	5	800	53	14	0.018868	0.037736	0	0	0	cellmate	0.21429	0	0.42857		LAVES	LEV	LEV	0.16785	0.65617	1.3572	False	True
PORAL	5	800	85	24	0.064706	0.082353	0.125	0.16667	0.037037	free	0.29167	0	0.041667			ORAL	ORAL	0.2229	0.65608	0.42882	False	True
SIDLER	6	1400	89	31	0.078652	0.05618	0.064516	0.23529	0.23077	free	0.12903	0	0.064516			SIDLE	SIDLE	0.1078	0.65568	0.2079	False	True
EGADS	5	800	51	15	0.029412	0	0	0.14286	0	free	0.2	0	0			GADS	GADS	0.15626	0.6545	1.6568	False	True
CERIA	5	800	245	80	0	0	0	0	0	free	0.025	0	0			RIA	RIA	0.029273	0.65392	1.2699	False	False
TUANS	5	800	116	37	0.017241	0.0086207	0.027027	0	0	cellmate	0.10811	0	0.13514			ANS	ANS	0.089966	0.65026	0.48066	False	True
DENTALS	7	1800	56	18	0.098214	0.10714	0.22222	0	0	free	0.38889	0	0.055556			DENT	DENT	0.27972	0.65022	2.655	False	True
SNEBS	5	800	53	13	0	0	0	0	0	free	0.23077	0	0			NEBS	NEBS	0.17859	0.64829	0.30929	False	False
OMITS	5	800	171	68	0.05848	0.02924	0.014706	0.18519	0.12766	cellmate	0.044118	0.014706	0.10294			OMIT	OMIT	0.048357	0.63897	0.3044	False	True
KATIS	5	800	51	9	0.0098039	0.019608	0	0	0	free	0.33333	0	0.22222			KAT	KAT	0.25365	0.63744	1.826	False	True
SEDGE	5	800	54	18	0.092593	0.14815	0.16667	0	0.058824	free	0.38889	0	0			EDGE	EDGE	0.29333	0.63664	0.75852	False	True
CENSOR	6	1400	57	25	0.070175	0.10526	0.08	0.125	0.0625	free	0.16	0	0			CENS	CENS	0.1304	0.6157	0.43221	False	True
TERRY	5	800	55	26	0.072727	0.036364	0.038462	0	0.125	free	0.15385	0	0			ERR	ERR	0.12277	0.61209	0.26267	False	True
CERIAS	6	1400	117	36	0	0	0	0	0	free	0.027778	0	0			RIA	RIA	0.034792	0.61204	1.4993	True	False
AISLES	6	1400	115	35	0.0086957	0	0	0	0.037037	free	0.028571	0	0			AIS	AIS	0.035365	0.60485	1.157	False	True
NOELS	5	800	197	84	0.01269	0.0050761	0.011905	0	0.037037	cellmate	0.035714	0	0.16667			NOEL	NOEL	0.037523	0.60088	0.43501	False	True
TERTIAN	7	1800	92	31	0	0	0	0	0	free	0.032258	0	0			TIAN	TIAN	0.030788	0.59964	1.1229	False	False
INERTIA	7	1800	81	29	0.0061728	0.012346	0	0	0	free	0.034483	0	0			INERT	INERT	0.032344	0.5893	0.21225	False	True
TIRRS	5	800	125	43	0.092	0.08	0.046512	0.095238	0.066667	free	0.11628	0	0			TIRR	TIRR	0.09551	0.58833	0.3301	False	True
SEMIE	5	800	174	56	0.0086207	0.0057471	0	0.032258	0	free	0.035714	0	0			SEMI	SEMI	0.037048	0.57932	0.91835	False	True
STEROID	7	1800	66	27	0.022727	0	0	0.18182	0.10526	free	0.037037	0	0			ROID	ROID	0.03413	0.57896	0.80325	False	True
ORCAS	5	800	150	61	0.026667	0.04	0.04918	0.035714	0.043478	free	0.098361	0	0			ORC	ORC	0.082508	0.56767	0.45192	False	True
RIOTERS	7	1800	57	12	0.061404	0.10526	0.16667	0.090909	0.0625	free	0.33333	0	0			RIOTER	RIOTER	0.24133	0.56288	0.28966	False	True
CERNE	5	800	150	45	0.023333	0.02	0.022222	0.045455	0.045455	free	0.066667	0.022222	0			ERN	ERN	0.066941	0.56191	0.68294	False	True
SECHS	5	800	83	33	0.024096	0.024096	0.060606	0	0	free	0.15152	0	0.060606			SECH	SECH	0.12125	0.55883	0.67633	False	True
LAISSE	6	1400	78	29	0.0064103	0	0	0	0	cellmate	0.034483	0	0.068966			AIS	AIS	0.039418	0.5586	0.50995	False	True
USTION	6	1400	66	28	0	0	0	0	0	free	0.035714	0	0			ION	ION	0.04053	0.55455	0.7107	True	False
MERIL	5	800	121	44	0.012397	0.016529	0	0	0	cellmate	0.045455	0	0.090909			MERI	MERI	0.044375	0.5452	0.39527	False	True
SLAES	5	800	356	103	0.037921	0.030899	0.029126	0.035088	0.039474	cellmate	0.048544	0	0.59223		LASES	SLAE	SLAE	0.048044	0.5441	0.71373	False	True
AROINTS	7	1800	66	21	0	0	0	0	0	free	0.047619	0	0.047619			ROIN	ROIN	0.041138	0.54276	0.66228	False	False
ENIACS	6	1400	71	26	0	0	0	0	0	free	0.038462	0	0			ENIAC	ENIAC	0.042517	0.54018	0.27386	True	False
TRIACS	6	1400	68	26	0.0073529	0	0	0.11111	0.047619	free	0.038462	0	0			RIA	RIA	0.042517	0.54018	1.1635	False	True
STEROL	6	1400	197	75	0.0025381	0	0	0.020833	0.02381	independent	0	0	0					0.014706	0.53896	0.44846	False	True
HETEROS	7	1800	58	19	0.017241	0	0	0.083333	0	free	0.052632	0	0			HET	HET	0.045035	0.53759	2.3244	False	True
CIELS	5	800	111	42	0.0045045	0	0	0	0	free	0.047619	0	0.047619			ELS	ELS	0.045822	0.53739	0.36873	False	True
TAENIAS	7	1800	52	18	0	0	0	0	0	free	0.055556	0	0			TAE	TAE	0.04708	0.53242	1.1999	True	False
EDICT	5	800	100	33	0.02	0.01	0.030303	0.090909	0	cellmate	0.090909	0.030303	0.21212		CITED	DICT	DICT	0.087839	0.53017	0.43251	False	True
OCHRE	5	800	106	38	0.014151	0.018868	0	0.055556	0	cellmate	0.052632	0	0.13158			OCH	OCH	0.049699	0.52735	0.44651	False	True
OUENS	5	800	118	39	0	0	0	0	0	free	0.051282	0	0			ENS	ENS	0.048345	0.52648	0.56614	True	False
ORIEL	5	800	257	102	0.0019455	0	0	0	0.013158	cellmate	0.0098039	0	0.078431			RIEL	RIEL	0.018469	0.52604	0.57893	False	True
DERMA	5	800	157	61	0.028662	0.012739	0.016393	0	0.027778	cellmate	0.04918	0	0.11475			DERM	DERM	0.047147	0.52382	0.3675	False	True
SNIRT	5	800	476	158	0.0052521	0.0021008	0	0.010204	0.0090909	cellmate	0	0	0.25949					0.011871	0.52372	0.41648	False	True
INSTEP	6	1400	69	23	0	0	0	0	0	free	0.043478	0	0			STEP	STEP	0.046144	0.51862	0.71753	True	False
ARILS	5	800	282	91	0.019504	0.010638	0	0.017857	0.065789	cellmate	0.010989	0	0.45055		RAILS	ARIL	ARIL	0.020389	0.51809	0.49442	False	True
RIOTER	6	1400	115	30	0.091304	0.12174	0.1	0.16667	0.13514	free	0.16667	0	0			RIOT	RIOT	0.13522	0.51632	0.10952	False	True
FREON	5	800	92	34	0	0	0	0	0	free	0.058824	0	0			REO	REO	0.053817	0.51094	0.34773	True	False
SCRAES	6	1400	83	23	0.0060241	0	0	0	0	cellmate	0.043478	0	0.21739			SCRAE	SCRAE	0.045446	0.51077	0.29225	False	True
SCLERA	6	1400	60	23	0.0083333	0	0	0	0	cellmate	0.043478	0	0.26087		LACERS	ERA	ERA	0.045307	0.5092	0.57899	False	True
THIRD	5	800	83	33	0.024096	0	0	0	0.045455	free	0.060606	0	0			THIR	THIR	0.055111	0.50783	0.40312	False	True
SNEADS	6	1400	70	21	0.028571	0	0	0.11111	0.05	free	0.047619	0	0			ADS	ADS	0.049139	0.50425	0.38364	False	True
THORIA	6	1400	57	21	0	0	0	0	0	free	0.047619	0	0			THO	THO	0.049139	0.50425	1.9228	True	False
PIANO	5	800	85	30	0.029412	0	0	0	0.034483	free	0.066667	0	0			PIA	PIA	0.059509	0.4985	0.72639	False	True
ODAHS	5	800	75	30	0	0	0	0	0	free	0.066667	0	0			DAHS	DAHS	0.059509	0.4985	0.84505	True	False
VEINS	5	800	68	28	0.058824	0.044118	0	0.28571	0.16667	cellmate	0.071429	0	0.14286			VEIN	VEIN	0.063371	0.49547	0.1892	False	True
INION	5	800	104	29	0.0096154	0	0	0	0.052632	free	0.068966	0	0			ION	ION	0.061177	0.49539	0.42382	False	True
SUEDE	5	800	68	29	0.036765	0.014706	0	0	0.0625	free	0.068966	0	0			SUED	SUED	0.061177	0.49539	0.55682	False	True
PRIAL	5	800	87	28	0.028736	0.045977	0	0	0.047619	free	0.071429	0	0			RIAL	RIAL	0.062964	0.49229	0.63118	False	True
SPIAL	5	800	104	26	0.024038	0.0096154	0	0	0	cellmate	0.076923	0	0.26923			PIA	PIA	0.067718	0.49164	1.2043	False	True
KARST	5	800	65	25	0	0	0	0	0	cellmate	0.08	0	0.36			ARS	ARS	0.070209	0.49012	0.58194	True	False
SCERNE	6	1400	59	19	0.0084746	0	0	0.125	0.066667	free	0.052632	0	0			ERN	ERN	0.052763	0.48988	0.58219	False	True
VERSO	5	800	79	25	0	0	0	0	0	cellmate	0.08	0	0.32		ROVES	VERS	VERS	0.070095	0.48932	0.3392	False	False
NERDY	5	800	75	27	0.033333	0.04	0	0	0.034483	free	0.074074	0	0			NERD	NERD	0.064884	0.48918	0.19383	False	True
AGRIA	5	800	71	27	0	0	0	0	0	free	0.074074	0	0			RIA	RIA	0.064884	0.48918	0.77685	True	False
DEITY	5	800	77	27	0.012987	0	0	0	0.035714	free	0.074074	0	0			DEI	DEI	0.064884	0.48918	0.33294	False	True
LILTS	5	800	78	25	0.032051	0.012821	0	0	0.1	cellmate	0.08	0	0.28		TILLS	LILT	LILT	0.069982	0.48853	0.25143	False	True
SCENE	5	800	93	21	0.075269	0.021505	0.047619	0.15789	0.037037	free	0.14286	0.047619	0.047619			ENE	ENE	0.13086	0.4881	0.61791	False	True
TOING	5	800	168	51	0.0089286	0.011905	0.019608	0.034483	0	free	0.058824	0	0			ING	ING	0.053817	0.48717	1.0809	False	True
ISTLES	6	1400	108	30	0	0	0	0	0	cellmate	0	0.1	0.23333					0.033176	0.48634	0.3841	True	False
SEIFS	5	800	59	26	0	0	0	0	0	free	0.076923	0	0			SEI	SEI	0.066951	0.48607	0.37946	True	False
NICHT	5	800	80	25	0	0	0	0	0	free	0.08	0	0			ICH	ICH	0.069184	0.48296	0.59294	True	False
GRIOT	5	800	67	24	0.0074627	0	0	0	0.047619	free	0.083333	0	0			RIOT	RIOT	0.071603	0.47985	0.64439	False	True
SYNED	5	800	62	24	0.016129	0	0	0	0	free	0.083333	0	0			NED	NED	0.071603	0.47985	0.63946	False	True
IRONY	5	800	61	24	0.016393	0	0	0	0.071429	free	0.083333	0	0			IRON	IRON	0.071603	0.47985	0.18865	False	True
PUERS	5	800	67	22	0.0074627	0.014925	0	0	0	cellmate	0.090909	0	0.27273		PURES	PUER	PUER	0.077877	0.47841	0.49762	False	True
VERTS	5	800	111	42	0.076577	0.072072	0.071429	0.05	0.096774	free	0.095238	0.095238	0			VERT	VERT	0.11209	0.4769	0.21625	False	True
PILAO	5	800	74	23	0	0	0	0	0	free	0.086957	0	0			PILA	PILA	0.074232	0.47674	0.58703	True	False
LYASE	5	800	74	23	0	0	0	0	0	free	0.086957	0	0			YAS	YAS	0.074232	0.47674	0.7158	True	False
NOESES	6	1400	69	17	0	0	0	0	0	free	0.058824	0	0			NOES	NOES	0.05724	0.4755	1.0537	True	False
LIAISE	6	1400	56	17	0	0	0	0	0	free	0.058824	0	0			AIS	AIS	0.05724	0.4755	0.79996	True	False
WRIEST	6	1400	74	17	0.013514	0	0	0	0.066667	free	0.058824	0	0.058824			EST	EST	0.057051	0.47394	1.734	False	True
NIGHS	5	800	51	21	0.058824	0.039216	0	0.22222	0	cellmate	0.095238	0	0.14286			NIGH	NIGH	0.080649	0.47291	0.19598	False	True
PIONS	5	800	99	30	0.085859	0.090909	0.1	0	0.060606	free	0.2	0	0			PION	PION	0.15626	0.47131	0.5858	False	True
MERIS	5	800	242	89	0.045455	0.049587	0.033708	0.019231	0.056338	cellmate	0.05618	0	0.24719			MERI	MERI	0.052603	0.46957	0.47548	False	True
ROUENS	6	1400	54	16	0	0	0	0	0	free	0.0625	0	0			ENS	ENS	0.059899	0.46832	0.34718	False	False
DRIERS	6	1400	86	24	0.098837	0.10465	0.125	0.15385	0.125	free	0.20833	0	0.16667			DRIER	DRIER	0.16481	0.46692	0.25003	False	True
SERVO	5	800	64	19	0.0078125	0	0	0	0	cellmate	0.10526	0	0.15789		ROVES	SER	SER	0.087966	0.4667	0.90225	False	True
ALCID	5	800	52	19	0	0	0	0	0	free	0.10526	0	0			CID	CID	0.087517	0.46431	0.82263	True	False
DERNY	5	800	53	19	0	0	0	0	0	free	0.10526	0	0			DERN	DERN	0.087517	0.46431	0.50207	True	False
SIALS	5	800	177	65	0.048023	0.039548	0.030769	0	0.066667	cellmate	0.061538	0	0.18462		SAILS	SIAL	SIAL	0.056313	0.46363	0.52833	False	True
TRIBE	5	800	59	18	0.09322	0.050847	0	0.083333	0.2	free	0.11111	0	0.11111		BITER	RIB	RIB	0.092077	0.46279	0.88693	False	True
MINAR	5	800	191	59	0.052356	0.078534	0.11864	0.0625	0.021739	free	0.18644	0	0.10169			MINA	MINA	0.14671	0.46243	0.471	False	True
DIODE	5	800	70	27	0.057143	0.071429	0.11111	0.083333	0.037037	free	0.22222	0	0			ODE	ODE	0.17239	0.46199	0.16993	False	True
STERNAL	7	1800	99	32	0.045455	0.030303	0.09375	0.125	0.11111	free	0.15625	0	0.09375			STERN	STERN	0.11672	0.46186	2.4742	False	True
DEILS	5	800	259	78	0.063707	0.042471	0.10256	0.125	0.11429	cellmate	0.15385	0	0.34615			DEIL	DEIL	0.12376	0.46158	1.1677	False	True
SAETERS	7	1800	101	28	0.079208	0.069307	0.17857	0.15789	0.16	cellmate	0.28571	0	0.39286		SEATERS	SAE	SAE	0.20479	0.4613	2.1886	False	True
IDLES	5	800	219	84	0.025114	0	0	0.060606	0.16667	cellmate	0	0.02381	0.19048					0.019637	0.46059	0.34645	False	True
ENEWS	5	800	54	17	0	0	0	0	0	cellmate	0.11765	0	0.17647			NEWS	NEWS	0.097006	0.46048	0.63308	False	False
VERSE	5	800	104	40	0.067308	0.028846	0.025	0.066667	0.038462	cellmate	0.075	0	0.125			VERS	VERS	0.065912	0.45696	0.5475	False	True
ESNES	5	800	302	108	0.0016556	0	0	0.020833	0.013158	cellmate	0	0.0092593	0.31481					0.015125	0.45612	0.35026	False	True
YETTS	5	800	52	14	0.0096154	0	0	0	0	free	0.14286	0	0			YET	YET	0.1148	0.44877	0.24454	False	True
SELVA	5	800	57	12	0	0	0	0	0	cellmate	0.16667	0	0.58333		LAVES	SEL	SEL	0.13374	0.44812	1.539	True	False
PAEAN	5	800	59	12	0	0	0	0	0	free	0.16667	0	0			EAN	EAN	0.13207	0.44255	0.3152	False	False
URIAL	5	800	85	36	0.0058824	0.011765	0.027778	0	0	free	0.083333	0	0			RIAL	RIAL	0.071603	0.44055	1.2162	False	True
ELOGE	5	800	50	11	0.01	0	0	0	0	free	0.18182	0	0			LOGE	LOGE	0.14307	0.43944	1.206	False	True
AERIES	6	1400	277	80	0.0072202	0.0036101	0.0125	0.034483	0.017857	free	0.0125	0	0.0125			AERIE	AERIE	0.023704	0.438	0.58687	False	True
OSTIA	5	800	390	140	0	0	0	0	0	independent	0	0	0					0.011132	0.43517	0.38445	True	False
ALIAS	5	800	211	73	0.0023697	0.0047393	0	0	0	free	0.013699	0	0			LIAS	LIAS	0.021072	0.42953	0.89056	False	True
STRAES	6	1400	313	66	0.014377	0	0	0.014925	0.045455	cellmate	0	0	0.43939		STARES,STEARS	STRAE	STRAE	0.013295	0.42877	0.76167	False	True
IDLERS	6	1400	91	34	0.032967	0	0	0.12	0.2	cellmate	0	0.058824	0.11765					0.025633	0.42588	0.29226	False	True
TERTIA	6	1400	218	59	0	0	0	0	0	independent	0	0	0					0.014706	0.42398	0.49632	False	False
ORIENT	6	1400	156	60	0.0064103	0.0064103	0	0	0	cellmate	0	0	0.1					0.014385	0.42175	0.19557	False	True
IDLER	5	800	210	74	0.028571	0	0	0.11628	0.11667	cellmate	0	0.027027	0.054054					0.020324	0.41997	0.35811	False	True
AORIST	6	1400	160	58	0	0	0	0	0	independent	0	0	0					0.014706	0.41679	0.36464	True	False
INDUE	5	800	70	26	0.0071429	0.014286	0.038462	0	0	free	0.11538	0	0			DUE	DUE	0.094861	0.40946	0.81633	False	True
STROP	5	800	162	60	0.089506	0.092593	0.13333	0.074074	0.13043	cellmate	0.2	0	0.41667			TROP	TROP	0.15745	0.40404	0.9681	False	True
ONCES	5	800	156	58	0.086538	0.012821	0.017241	0.12	0.325	cellmate	0.017241	0.051724	0.24138		CONES	ONCE	ONCE	0.041629	0.39496	0.32158	False	True
GLEDS	5	800	59	21	0.0084746	0.016949	0.047619	0	0	free	0.14286	0	0			LED	LED	0.1148	0.39392	0.80499	False	True
OONTS	5	800	152	56	0	0	0	0	0	cellmate	0.017857	0	0.26786		TOONS	OON	OON	0.024853	0.38862	0.4152	True	False
TURDS	5	800	51	19	0.088235	0.078431	0.052632	0	0	free	0.15789	0	0			TURD	TURD	0.12571	0.38771	0.14588	False	True
PICAS	5	800	51	19	0.029412	0.039216	0.052632	0	0	free	0.15789	0	0			PIC	PIC	0.12571	0.38771	1.1584	False	True
TRISTE	6	1400	212	57	0.023585	0.009434	0	0.023256	0.039216	cellmate	0	0	0.26316		SITTER	TRIST	TRIST	0.013861	0.38607	0.48648	False	True
TRIAC	5	800	192	59	0.0052083	0	0	0.0625	0.016393	free	0.016949	0	0			RIA	RIA	0.023431	0.38602	1.3459	False	True
REIKS	5	800	52	17	0.019231	0.019231	0.058824	0	0.052632	cellmate	0.17647	0	0.23529			REI	REI	0.13986	0.38467	0.48208	False	True
SEPTA	5	800	200	50	0.0025	0	0	0	0	cellmate	0.02	0	0.56		PEATS,PASTE,TAPES,PATES	SEPT	SEPT	0.02724	0.38031	0.29243	False	True
DATTO	5	800	83	33	0.03012	0.036145	0.090909	0.058824	0	free	0.15152	0.030303	0			ATT	ATT	0.13121	0.3714	0.87393	False	True
FRIST	5	800	95	35	0.063158	0.052632	0.057143	0.1	0.032258	cellmate	0.11429	0	0.22857			FRIS	FRIS	0.094715	0.36719	0.42477	False	True
BAELS	5	800	102	32	0.029412	0.029412	0.0625	0.083333	0	cellmate	0.125	0	0.46875		BEALS,BALES	BAE	BAE	0.10317	0.36344	0.93966	False	True
NEROL	5	800	275	106	0	0	0	0	0	cellmate	0	0	0.26415		LONER			0.011884	0.35175	0.28823	True	False
NEROLS	6	1400	114	50	0	0	0	0	0	cellmate	0	0	0.1		LONERS			0.014385	0.35146	0.25234	True	False
NEWTS	5	800	91	30	0.054945	0.032967	0.066667	0	0.09375	cellmate	0.13333	0	0.2			NEW	NEW	0.10846	0.35006	0.53494	False	True
BLAES	5	800	152	50	0.052632	0.039474	0.06	0.076923	0.025	cellmate	0.1	0	0.36		BEALS,BALES	BLAE	BLAE	0.084723	0.34517	0.34277	False	True
SNIRTS	6	1400	169	48	0.0029586	0	0	0.027027	0.034483	independent	0	0	0					0.014706	0.34493	0.38515	False	True
NEROLI	6	1400	106	48	0	0	0	0	0	independent	0	0	0					0.014706	0.34493	0.24157	True	False
NOAHS	5	800	104	45	0	0	0	0	0	free	0.022222	0	0			AHS	AHS	0.027257	0.3425	0.16678	True	False
ULANS	5	800	93	45	0	0	0	0	0	free	0.022222	0	0			ANS	ANS	0.027257	0.3425	0.22045	True	False
SILOED	6	1400	61	18	0.040984	0.04918	0.055556	0.083333	0	cellmate	0.11111	0	0.22222			SILO	SILO	0.094335	0.3411	0.11935	False	True
RONINS	6	1400	64	17	0.03125	0.046875	0.058824	0	0	free	0.11765	0	0			RONIN	RONIN	0.099775	0.34019	0.46534	False	True
AROIDS	6	1400	62	24	0.056452	0.1129	0.16667	0	0	free	0.25	0	0			AROID	AROID	0.19548	0.33788	0.28913	False	True
ENTIA	5	800	538	168	0.0046468	0.0055762	0.0059524	0.010753	0	dropTerminal	0	0.0059524	0.0059524					0.013139	0.33715	0.2948	False	True
TOSAS	5	800	131	42	0.026718	0.015267	0	0.052632	0	free	0.02381	0	0.02381			TOSA	TOSA	0.028477	0.33397	0.2761	False	True
INSPO	5	800	102	42	0	0	0	0	0	free	0.02381	0	0			INS	INS	0.028409	0.33318	0.29358	True	False
AERIED	6	1400	152	46	0.0032895	0	0	0.037037	0	independent	0	0	0					0.014706	0.33056	0.34342	False	True
OSTIAL	6	1400	121	46	0	0	0	0	0	independent	0	0	0					0.014706	0.33056	0.27576	True	False
SLOID	5	800	106	40	0	0	0	0	0	cellmate	0.025	0	0.1			LOID	LOID	0.029558	0.33014	0.42781	True	False
ROUEN	5	800	103	41	0	0	0	0	0	free	0.02439	0	0			ROUE	ROUE	0.028831	0.33007	0.23005	False	False
TWALS	5	800	58	23	0.077586	0.086207	0.086957	0	0.11765	free	0.17391	0	0			TWAL	TWAL	0.13733	0.32353	0.257	False	True
TRIST	5	800	354	103	0.035311	0.011299	0	0.031746	0.091954	cellmate	0	0	0.019417					0.011187	0.32175	0.056243	False	True
CERNES	6	1400	71	14	0.021127	0.014085	0.071429	0	0.0625	free	0.14286	0	0			ERN	ERN	0.118	0.31863	0.45506	False	True
OSTLER	6	1400	131	44	0	0	0	0	0	independent	0	0	0					0.014706	0.31619	0.29755	False	False
THOLI	5	800	87	36	0.0057471	0.011494	0	0	0	free	0.027778	0	0			THO	THO	0.031289	0.31453	0.51129	False	True
GIRON	5	800	101	36	0.0049505	0	0	0.083333	0.034483	free	0.027778	0	0			IRON	IRON	0.031289	0.31453	0.16433	False	True
ANURA	5	800	84	35	0	0	0	0	0	free	0.028571	0	0			NUR	NUR	0.031865	0.31142	0.66114	True	False
ORLES	5	800	269	88	0.018587	0.0037175	0	0.068182	0.040541	cellmate	0	0	0.52273		LORES,ROLES	ORLE	ORLE	0.01262	0.31011	0.27416	False	True
THIRL	5	800	75	33	0.0067114	0	0	0	0	free	0.030303	0	0			THIR	THIR	0.033121	0.3052	0.45949	False	True
LENGS	5	800	110	33	0.090909	0.063636	0	0.045455	0.075	free	0.030303	0	0			LENG	LENG	0.033121	0.3052	0.96653	False	True
EWERS	5	800	55	21	0.090909	0.12727	0.095238	0.22222	0.083333	cellmate	0.14286	0.095238	0.19048			EWER	EWER	0.14719	0.30464	0.51796	False	True
SWEIR	5	800	76	31	0.026316	0.013158	0	0.090909	0.037037	cellmate	0.032258	0	0.22581		WIRES	WEIR	WEIR	0.035183	0.30455	0.054659	False	True
NERTS	5	800	832	256	0.011418	0.0072115	0.011719	0.023256	0.019704	cellmate	0	0.011719	0.31641					0.015952	0.3026	0.49768	False	True
ENEMA	5	800	110	29	0.0045455	0	0	0	0	cellmate	0.034483	0	0.41379			ENE	ENE	0.037333	0.30231	0.37253	False	True
IRONS	5	800	309	103	0.040453	0.0097087	0.029126	0.13725	0.14444	cellmate	0.038835	0	0.097087			ONS	ONS	0.039589	0.30092	0.94665	False	True
THORO	5	800	70	31	0	0	0	0	0	free	0.032258	0	0			THO	THO	0.03454	0.29898	0.64734	False	False
ORIELS	6	1400	111	43	0	0	0	0	0	cellmate	0	0	0.16279			ELS	ELS	0.014183	0.29802	0.58366	True	False
APSES	5	800	122	31	0.0081967	0	0	0	0	cellmate	0	0.064516	0.48387					0.034086	0.29506	0.51535	False	True
SPUER	5	800	68	27	0.014706	0	0	0	0	cellmate	0.037037	0	0.33333		PURES	PUER	PUER	0.038957	0.29371	0.39489	False	True
SKERS	5	800	52	18	0.096154	0.076923	0.16667	0	0	dropTerminal	0.16667	0.27778	0			SKER	SKER	0.22497	0.29306	0.34411	False	True
MERLE	5	800	90	28	0.022222	0.022222	0	0.083333	0.0625	free	0.035714	0	0.035714			MERL	MERL	0.03715	0.29046	0.10464	False	True
GLANS	5	800	68	27	0.058824	0.044118	0	0.076923	0.038462	free	0.037037	0	0			ANS	ANS	0.038008	0.28655	0	False	True
AEDES	5	800	252	89	0.0019841	0	0	0	0.017544	cellmate	0	0	0.1236					0.011484	0.28539	0.25724	False	True
TIRLS	5	800	166	51	0.01506	0.012048	0.019608	0.074074	0.022222	free	0.039216	0	0			TIRL	TIRL	0.039589	0.28455	0.17931	False	True
REORG	5	800	75	26	0	0	0	0	0	free	0.038462	0	0.038462			ORG	ORG	0.039151	0.28424	0.46	True	False
BIROS	5	800	58	25	0	0	0	0	0	free	0.04	0	0			BIRO	BIRO	0.040158	0.28033	0.12143	False	False
BIONT	5	800	52	25	0	0	0	0	0	free	0.04	0	0			BIO	BIO	0.040158	0.28033	0.56534	True	False
DHALS	5	800	67	25	0	0	0	0	0	free	0.04	0	0			ALS	ALS	0.040158	0.28033	0.19457	False	False
EOLIAN	6	1400	87	39	0	0	0	0	0	independent	0	0	0					0.014706	0.28026	0.19827	True	False
LEUDS	5	800	55	24	0.018182	0	0	0	0	cellmate	0.041667	0	0.125			LEUD	LEUD	0.041723	0.27961	0.18475	False	True
ISLES	5	800	266	82	0.0056391	0	0	0.022727	0.014925	cellmate	0	0	0.36585					0.012174	0.27874	0.28466	False	True
STYLE	5	800	65	24	0.069231	0.015385	0	0.16667	0.14286	free	0.041667	0	0			STY	STY	0.041367	0.27723	0.61812	False	True
TALPA	5	800	71	24	0	0	0	0	0	free	0.041667	0	0			ALP	ALP	0.041367	0.27723	0.45555	True	False
BRERS	5	800	86	24	0.011628	0.011628	0	0	0	free	0.041667	0	0			BRER	BRER	0.041367	0.27723	0.38178	False	True
URGES	5	800	58	23	0.025862	0	0	0.14286	0.095238	free	0.043478	0	0.043478			URGE	URGE	0.042806	0.27491	0.18142	False	True
NOISY	5	800	62	23	0.040323	0.016129	0	0.11111	0.043478	free	0.043478	0	0			OIS	OIS	0.042682	0.27412	0.16534	False	True
ANNAL	5	800	52	23	0.0096154	0	0	0	0	free	0.043478	0	0			ANN	ANN	0.042682	0.27412	0.3083	False	True
ELIAD	5	800	199	82	0.0025126	0	0	0	0	cellmate	0	0	0.28049					0.01193	0.27317	0.20802	False	True
KIERS	5	800	76	27	0.032895	0.039474	0	0	0.037037	cellmate	0	0.074074	0.11111			KIER	KIER	0.036221	0.27308	0.24173	False	True
EDILES	6	1400	99	38	0	0	0	0	0	independent	0	0	0					0.014706	0.27307	0.22512	False	False
BIOTA	5	800	54	22	0.0092593	0	0	0	0	free	0.045455	0	0			BIO	BIO	0.044116	0.27101	0.31027	False	True
SORGO	5	800	52	22	0	0	0	0	0	free	0.045455	0	0			ORG	ORG	0.044116	0.27101	0.24454	True	False
OMRAH	5	800	62	22	0	0	0	0	0	free	0.045455	0	0			RAH	RAH	0.044116	0.27101	0.18964	True	False
BRIAR	5	800	50	20	0.03	0	0	0	0	free	0.05	0	0			RIA	RIA	0.047415	0.26479	0.37059	False	True
FIATS	5	800	114	44	0.070175	0.096491	0.022727	0	0.037037	free	0.045455	0	0.022727			FIAT	FIAT	0.044181	0.26358	0.2312	False	True
DRABS	5	800	59	18	0.050847	0.050847	0	0.1	0.066667	cellmate	0.055556	0	0.27778			DRAB	DRAB	0.052237	0.26255	0.11657	False	True
ROYST	5	800	57	19	0	0	0	0	0	free	0.052632	0	0.052632			OYS	OYS	0.049474	0.26248	0.12146	True	False
ANIONS	6	1400	81	25	0.055556	0.061728	0.08	0.066667	0.1	free	0.12	0	0			ANI	ANI	0.10148	0.26236	1.4268	False	True
UTERI	5	800	232	84	0	0	0	0	0	cellmate	0	0	0.011905			UTE	UTE	0.011166	0.2619	0.87155	True	False
ARRAH	5	800	50	19	0	0	0	0	0	free	0.052632	0	0			RAH	RAH	0.049324	0.26168	0.24207	True	False
NERKA	5	800	51	18	0	0	0	0	0	free	0.055556	0	0.055556			NERK	NERK	0.051604	0.25937	0.24431	True	False
NIDUS	5	800	73	18	0	0	0	0	0	free	0.055556	0	0			NID	NID	0.051446	0.25858	1.0359	True	False
DAHLS	5	800	50	18	0.02	0	0	0.25	0	free	0.055556	0	0			DAH	DAH	0.051446	0.25858	0.17781	False	True
THORP	5	800	54	18	0.0092593	0	0	0	0	free	0.055556	0	0			THO	THO	0.051446	0.25858	0.43879	False	True
THEGN	5	800	54	18	0	0	0	0	0	free	0.055556	0	0			THE	THE	0.051446	0.25858	0.31027	True	False
SETUP	5	800	72	18	0	0	0	0	0	free	0.055556	0	0			SET	SET	0.051446	0.25858	1.6775	True	False
OORIE	5	800	132	53	0.0037879	0	0	0.058824	0.028571	dropTerminal	0	0.018868	0			OOR	OOR	0.017442	0.25813	0.31787	False	True
STERIC	6	1400	158	37	0	0	0	0	0	cellmate	0	0	0.13514		CITERS			0.014272	0.25804	0.34813	False	False
DARGS	5	800	50	17	0.07	0.08	0	0	0.076923	free	0.058824	0	0.058824			DARG	DARG	0.053985	0.25626	0.14666	False	True
ULSTER	6	1400	82	37	0	0	0	0	0	cellmate	0	0	0.18919					0.014098	0.2549	0.17543	False	False
TEHRS	5	800	251	82	0.001992	0	0	0.02	0	independent	0	0	0					0.011132	0.25488	0.24743	False	True
HAROS	5	800	236	75	0.042373	0.04661	0.013333	0.02381	0.032787	cellmate	0.013333	0.013333	0.066667			HARO	HARO	0.025456	0.25388	0.22069	False	True
DESSE	5	800	134	40	0.063433	0.08209	0.025	0.038462	0.025641	cellmate	0.05	0	0.1			ESS	ESS	0.047699	0.25353	0	False	True
KAIES	5	800	63	16	0.015873	0	0	0	0.043478	free	0.0625	0	0			KAI	KAI	0.056485	0.25236	0.57618	False	True
AGUES	5	800	51	16	0.019608	0.019608	0	0	0	free	0.0625	0	0			GUES	GUES	0.056485	0.25236	0.4758	False	True
CERTY	5	800	57	16	0.0087719	0	0	0	0	free	0.0625	0	0			CERT	CERT	0.056485	0.25236	0.50601	False	True
AERIER	6	1400	124	35	0.0040323	0	0	0.04	0	independent	0	0	0					0.014706	0.25151	0.28259	False	True
AERIE	5	800	488	140	0.0061475	0.0020492	0.0071429	0.031579	0.016949	dropTerminal	0	0.0071429	0					0.013521	0.24932	0.42211	False	True
ALMEH	5	800	57	15	0	0	0	0	0	free	0.066667	0	0			MEH	MEH	0.059509	0.24925	0.12045	True	False
DYERS	5	800	68	23	0.095588	0.044118	0.13043	0.35714	0.22727	free	0.21739	0	0			DYER	DYER	0.16888	0.24693	0.57249	False	True
TRIOL	5	800	159	63	0.022013	0.025157	0.031746	0	0	free	0.047619	0	0			TRIO	TRIO	0.045687	0.24524	0.25234	False	True
OMERTA	6	1400	94	34	0	0	0	0	0	independent	0	0	0					0.014706	0.24433	0.21422	True	False
PTERIA	6	1400	90	34	0	0	0	0	0	independent	0	0	0			RIA	RIA	0.014706	0.24433	0.87695	True	False
SEHRI	5	800	223	72	0	0	0	0	0	cellmate	0	0	0.33333					0.012081	0.24288	0.23798	True	False
OASES	5	800	245	78	0.010204	0.012245	0	0	0	independent	0	0	0					0.011132	0.24245	0	False	True
HORIS	5	800	197	78	0	0	0	0	0	independent	0	0	0					0.011132	0.24245	0.1947	True	False
ERICS	5	800	201	69	0.0049751	0	0	0	0.020408	cellmate	0	0	0.50725					0.012576	0.24231	0.22134	False	True
ENROL	5	800	191	72	0	0	0	0	0	cellmate	0	0	0.22222		LONER			0.011765	0.23652	0.19938	False	False
GEITS	5	800	209	74	0.011962	0.019139	0	0	0	cellmate	0	0	0.081081			GEIT	GEIT	0.011363	0.23479	0.11692	False	True
SILDS	5	800	56	19	0.080357	0.089286	0.15789	0	0	free	0.26316	0	0			SILD	SILD	0.20209	0.23449	0.25503	False	True
USNEA	5	800	194	75	0	0	0	0	0	independent	0	0	0					0.011132	0.23313	0.19124	True	False
LAESIE	6	1400	109	32	0	0	0	0	0	independent	0	0	0					0.014706	0.22996	0.24841	True	False
SCENA	5	800	186	70	0.010753	0	0	0.051282	0	cellmate	0	0	0.2		CANES			0.011701	0.22872	0.19218	False	True
ERICA	5	800	235	73	0	0	0	0	0	independent	0	0	0					0.011132	0.22691	0.23165	True	False
HEDERA	6	1400	92	32	0	0	0	0	0	cellmate	0	0	0.0625			ERA	ERA	0.014505	0.22682	0.76796	False	False
EDILE	5	800	199	72	0.0075377	0	0	0.03125	0.045455	independent	0	0	0					0.011132	0.2238	0.22603	False	True
ASTRAL	6	1400	108	31	0	0	0	0	0	independent	0	0	0					0.014706	0.22277	0.24563	False	False
DROITS	6	1400	88	31	0.011364	0	0	0	0.08	independent	0	0	0					0.014706	0.22277	0.20055	False	True
TUILE	5	800	89	31	0.02809	0.022472	0.032258	0	0	free	0.064516	0	0			TUI	TUI	0.057948	0.22238	0.48896	False	True
NADIRS	6	1400	76	31	0	0	0	0	0	cellmate	0	0	0.032258					0.014602	0.2212	0.17221	True	False
DIOTA	5	800	189	70	0	0	0	0	0	independent	0	0	0					0.011132	0.21758	0.18631	False	False
VITAE	5	800	82	28	0.042683	0.04878	0.035714	0	0.090909	free	0.071429	0	0			TAE	TAE	0.062964	0.21305	0.69052	False	True
NADIR	5	800	187	68	0	0	0	0	0	cellmate	0	0	0.029412					0.011215	0.21296	0.1856	True	False
AIVER	5	800	94	38	0	0	0	0	0	dropTerminal	0	0.026316	0					0.019933	0.2115	0.12253	False	False
URAEI	5	800	186	68	0	0	0	0	0	independent	0	0	0					0.011132	0.21137	0.18335	True	False
OTIOSE	6	1400	102	29	0	0	0	0	0	independent	0	0	0			OSE	OSE	0.014706	0.2084	0.45657	True	False
ENROLS	6	1400	72	29	0	0	0	0	0	cellmate	0	0	0.068966		LONERS			0.014484	0.20526	0.1601	False	False
OCREA	5	800	193	66	0.0025907	0	0	0	0.017544	independent	0	0	0					0.011132	0.20515	0.19025	False	True
AUNES	5	800	177	66	0.0028249	0.0056497	0	0	0	independent	0	0	0			AUNE	AUNE	0.011132	0.20515	0.15019	False	True
DESHI	5	800	170	62	0.0088235	0.011765	0	0	0	cellmate	0	0	0.22581					0.011775	0.20385	0.028913	False	True
FOINS	5	800	67	25	0.059701	0.074627	0.04	0	0	free	0.08	0	0			FOIN	FOIN	0.069184	0.20373	0.20187	False	True
ICHOR	5	800	69	25	0.0072464	0.014493	0.04	0	0	free	0.08	0	0			ICH	ICH	0.069184	0.20373	0.23726	False	True
TRIOS	5	800	286	94	0.034965	0.027972	0.042553	0.04	0.077922	cellmate	0.053191	0	0.19149			TRIO	TRIO	0.050276	0.2027	0.3542	False	True
CEROS	5	800	233	83	0.01073	0.0085837	0.012048	0	0.037037	cellmate	0.012048	0	0.31325		CORSE,CORES	CERO	CERO	0.020767	0.20206	0.26275	False	True
RISTRA	6	1400	131	28	0	0	0	0	0	independent	0	0	0					0.014706	0.20121	0.29855	True	False
TERGA	5	800	180	60	0.0027778	0.0055556	0	0	0	cellmate	0	0	0.28333		GATER	ERG	ERG	0.011939	0.20002	0.16777	False	True
THIGS	5	800	55	23	0.063636	0.054545	0.043478	0	0	cellmate	0.086957	0	0.13043			THIG	THIG	0.074604	0.1999	0.17537	False	True
ADIOS	5	800	171	64	0.002924	0	0	0	0.017857	independent	0	0	0					0.011132	0.19893	0.16857	False	True
LOIRS	5	800	156	55	0.070513	0.064103	0.090909	0.066667	0.11364	free	0.12727	0	0.12727			LOIR	LOIR	0.10385	0.19875	0.17166	False	True
TAHRS	5	800	185	59	0	0	0	0	0	cellmate	0	0	0.32203					0.012049	0.1985	0.19321	True	False
RIEMS	5	800	173	58	0.028902	0.0057803	0	0.029412	0.02	cellmate	0	0	0.37931			EMS	EMS	0.012212	0.19778	0.22614	False	True
ELIADS	6	1400	67	29	0	0	0	0	0	cellmate	0	0	0.24138			ADS	ADS	0.013931	0.19741	0.25977	True	False
CLAES	5	800	185	58	0.010811	0.010811	0	0	0.018519	cellmate	0	0	0.36207		LACES			0.012163	0.19698	0.017614	False	True
STYED	5	800	55	22	0.090909	0.12727	0.045455	0	0.066667	free	0.090909	0	0			STYE	STYE	0.0771	0.1944	0	False	True
TYNED	5	800	56	22	0.035714	0.017857	0.045455	0	0.14286	free	0.090909	0	0			NED	NED	0.0771	0.1944	0.41647	False	True
LIASES	6	1400	106	27	0.009434	0.009434	0	0	0.045455	independent	0	0	0			LIAS	LIAS	0.014706	0.19403	1.2062	False	True
OOSIER	6	1400	78	27	0	0	0	0	0	independent	0	0	0			OSIER	OSIER	0.014706	0.19403	0.28982	True	False
RACINO	6	1400	72	27	0	0	0	0	0	independent	0	0	0					0.014706	0.19403	0.16409	True	False
TERCES	6	1400	102	27	0	0	0	0	0	independent	0	0	0					0.014706	0.19403	0.23196	True	False
SUTRA	5	800	186	62	0.0026882	0	0	0	0.025641	cellmate	0	0	0.016129					0.011178	0.19351	0.18436	False	True
TERMS	5	800	214	71	0.088785	0.074766	0.042254	0.078947	0.092593	free	0.056338	0	0			TERM	TERM	0.052014	0.1935	0.20831	False	True
DROIT	5	800	169	62	0.0059172	0	0	0	0.042553	independent	0	0	0					0.011132	0.19272	0.16659	False	True
THRAE	5	800	239	58	0.0041929	0	0	0	0.025	cellmate	0	0	0.2069		HATER			0.011721	0.18983	0.25249	False	True
EUROS	5	800	137	57	0.0036496	0	0	0	0	cellmate	0	0	0.14035		ROUSE			0.011531	0.18354	0.14035	False	True
EPRIS	5	800	152	53	0	0	0	0	0	cellmate	0	0	0.41509		RIPES			0.012314	0.18224	0.16648	True	False
ANCHO	5	800	64	28	0.015625	0	0	0.090909	0.125	dropTerminal	0	0.035714	0.035714					0.023178	0.18121	0.092957	False	True
EORLS	5	800	146	53	0	0	0	0	0	cellmate	0	0	0.37736		LORES,ROLES			0.012206	0.18065	0.15779	False	False
FEINTS	6	1400	50	25	0	0	0	0	0	independent	0	0	0					0.014706	0.17965	0.11395	False	False
ADROIT	6	1400	69	25	0.014493	0	0	0	0.1	independent	0	0	0					0.014706	0.17965	0.15725	False	True
NARIC	5	800	171	57	0	0	0	0	0	cellmate	0	0	0.017544					0.011182	0.17797	0.16932	True	False
OWIES	5	800	82	27	0.0060976	0	0	0	0.058824	dropTerminal	0	0.037037	0					0.023518	0.17731	0.19929	False	True
SORRA	5	800	140	56	0.039286	0.05	0	0	0	cellmate	0	0	0.017857			ORRA	ORRA	0.011183	0.17486	0	False	True
REIVE	5	800	63	15	0.031746	0.031746	0.066667	0	0.05	free	0.13333	0	0.13333			REI	REI	0.10827	0.17424	0.72189	False	True
HEDER	5	800	159	56	0.018868	0.012579	0	0.037037	0.075	independent	0	0	0					0.011132	0.17407	0.0092432	False	True
STOLN	5	800	169	56	0.0059172	0	0	0	0.019608	independent	0	0	0					0.011132	0.17407	0.16659	False	True
SNEAP	5	800	172	51	0.002907	0.005814	0	0	0	cellmate	0	0	0.37255		PANES	NEAP	NEAP	0.012193	0.17363	0.48118	False	True
SIALON	6	1400	68	24	0	0	0	0	0	independent	0	0	0			SIAL	SIAL	0.014706	0.17247	0.26703	True	False
SASTRA	6	1400	79	24	0	0	0	0	0	independent	0	0	0					0.014706	0.17247	0.18004	True	False
LOERIE	6	1400	71	24	0	0	0	0	0	independent	0	0	0					0.014706	0.17247	0.16181	True	False
DEISTS	6	1400	92	24	0.032609	0.021739	0	0.047619	0.043478	independent	0	0	0			DEI	DEI	0.014706	0.17247	0.68213	False	True
EONIAN	6	1400	69	24	0	0	0	0	0	independent	0	0	0					0.014706	0.17247	0.15725	True	False
AEDILE	6	1400	63	24	0	0	0	0	0	independent	0	0	0					0.014706	0.17247	0.14358	False	False
GOITER	6	1400	65	24	0.030769	0.015385	0	0.058824	0	independent	0	0	0					0.014706	0.17247	0.022947	False	True
CAESE	5	800	195	54	0.0076923	0.010256	0	0	0	cellmate	0	0	0.092593					0.011395	0.17183	0.019654	False	True
SIEUR	5	800	169	55	0	0	0	0	0	independent	0	0	0					0.011132	0.17096	0.16659	True	False
HIRSLE	6	1400	56	23	0	0	0	0	0	independent	0	0	0					0.014706	0.16528	0.12762	True	False
BLERTS	6	1400	57	23	0	0	0	0	0	independent	0	0	0					0.014706	0.16528	0.1299	True	False
STOIC	5	800	156	52	0.0096154	0.0064103	0	0	0	cellmate	0	0	0.076923					0.011351	0.16481	0.067746	False	True
TERCE	5	800	198	53	0	0	0	0	0	independent	0	0	0					0.011132	0.16474	0.19518	False	False
NOINT	5	800	172	53	0.014535	0.011628	0	0	0.021739	independent	0	0	0					0.011132	0.16474	0.051674	False	True
COIRS	5	800	108	37	0.060185	0.037037	0.054054	0	0.030303	free	0.081081	0	0			COIR	COIR	0.069969	0.16442	0.1378	False	True
NEAPS	5	800	153	48	0.075163	0.019608	0	0.074074	0.11364	cellmate	0	0	0.39583		PANES	NEAP	NEAP	0.012259	0.16431	0.28459	False	True
EAGRE	5	800	134	48	0.014925	0.0074627	0	0	0.052632	cellmate	0	0	0.33333					0.012081	0.16192	0.083241	False	True
HEIDS	5	800	120	51	0.0375	0.033333	0	0.047619	0.057143	cellmate	0	0	0.078431			HEID	HEID	0.011355	0.16171	0.21667	False	True
TRILD	5	800	116	52	0	0	0	0	0	independent	0	0	0					0.011132	0.16163	0.11435	True	False
ALOED	5	800	162	52	0.0092593	0.0061728	0	0	0	independent	0	0	0			ALOE	ALOE	0.011132	0.16163	0.22927	False	True
ANOAS	5	800	139	51	0	0	0	0	0	independent	0	0	0					0.011132	0.15853	0.13702	True	False
RORIE	5	800	145	51	0.02069	0.02069	0	0.035714	0.045455	independent	0	0	0					0.011132	0.15853	0	False	True
ERICAS	6	1400	98	22	0	0	0	0	0	independent	0	0	0					0.014706	0.15809	0.22334	True	False
AURIST	6	1400	59	22	0	0	0	0	0	independent	0	0	0					0.014706	0.15809	0.13446	True	False
ANOINT	6	1400	73	22	0.020548	0.027397	0	0.071429	0.045455	independent	0	0	0			NOINT	NOINT	0.014706	0.15809	0.078547	False	True
ONCERS	6	1400	69	22	0.021739	0	0	0	0.052632	cellmate	0	0	0.045455			ERS	ERS	0.01456	0.15653	0.60349	False	True
OWRIE	5	800	57	20	0	0	0	0	0	dropTerminal	0	0.05	0					0.027853	0.15555	0.086308	True	False
EIGHT	5	800	50	20	0.04	0	0	0.11111	0.052632	dropTerminal	0	0.05	0					0.027853	0.15555	0.078904	False	True
UNICA	5	800	63	20	0.0079365	0	0	0	0	dropTerminal	0	0.05	0			UNI	UNI	0.027853	0.15555	0.22024	False	True
ALDEA	5	800	132	50	0	0	0	0	0	independent	0	0	0					0.011132	0.15542	0.13012	True	False
GOIER	5	800	120	50	0	0	0	0	0	independent	0	0	0					0.011132	0.15542	0.11829	True	False
ONCER	5	800	153	48	0.03268	0.013072	0	0	0.086957	cellmate	0	0	0.125			ONCE	ONCE	0.011488	0.15397	0.17128	False	True
TEHSIL	6	1400	55	22	0	0	0	0	0	cellmate	0	0	0.13636					0.014268	0.15339	0.12335	True	False
EILDS	5	800	119	47	0	0	0	0	0	cellmate	0	0	0.19149					0.011677	0.15325	0.12512	False	False
AUTOS	5	800	95	49	0.010526	0.010526	0	0	0.041667	independent	0	0	0			AUTO	AUTO	0.011132	0.15231	0.13361	False	True
URALI	5	800	117	49	0.0042735	0	0	0.045455	0	independent	0	0	0					0.011132	0.15231	0.11533	False	True
BIRSE	5	800	112	46	0.022321	0.0089286	0	0	0	cellmate	0	0	0.21739					0.011751	0.15094	0.028156	False	True
TERTIAS	7	1800	107	29	0	0	0	0	0	independent	0	0	0					0.0082305	0.14996	0.17219	False	False
SEHRIS	6	1400	62	21	0	0	0	0	0	cellmate	0	0	0.047619					0.014553	0.14934	0.13931	True	False
GIRDS	5	800	65	31	0.046154	0.030769	0.064516	0	0.13636	cellmate	0.096774	0	0.12903			GIRD	GIRD	0.081724	0.14895	0.082268	False	True
IGNARO	6	1400	64	21	0	0	0	0	0	cellmate	0	0	0.095238			GNAR	GNAR	0.0144	0.14777	0.25592	True	False
GEIST	5	800	209	76	0.0311	0.043062	0.013158	0.027027	0.017241	cellmate	0	0.026316	0.065789					0.02012	0.14775	0	False	True
LIANG	5	800	147	46	0.0068027	0	0	0	0	cellmate	0	0	0.086957					0.011379	0.14616	0.14692	False	True
AURIS	5	800	125	47	0	0	0	0	0	independent	0	0	0					0.011132	0.14609	0.12322	True	False
CRIOS	5	800	114	47	0.004386	0.0087719	0	0	0	independent	0	0	0					0.011132	0.14609	0.023823	False	True
NIRLS	5	800	144	47	0.0069444	0.0069444	0	0	0	independent	0	0	0			NIRL	NIRL	0.011132	0.14609	0.11766	False	True
GIROS	5	800	108	47	0.0046296	0	0	0	0	independent	0	0	0					0.011132	0.14609	0.10646	False	True
DERTHS	6	1400	98	39	0.010204	0.010204	0.025641	0	0	free	0.025641	0	0			DERTH	DERTH	0.033247	0.14494	0.18043	False	True
PLENA	5	800	96	44	0	0	0	0	0	cellmate	0	0	0.20455					0.011714	0.14392	0.099929	True	False
HEDERS	6	1400	73	20	0.020548	0.013699	0	0	0.058824	independent	0	0	0			ERS	ERS	0.014706	0.14372	0.34607	False	True
ARIOSI	6	1400	55	20	0	0	0	0	0	independent	0	0	0					0.014706	0.14372	0.12534	True	False
BLERT	5	800	106	46	0	0	0	0	0	independent	0	0	0					0.011132	0.14298	0.10449	True	False
ONCET	5	800	141	44	0.0070922	0.014184	0	0	0	cellmate	0	0	0.15909			ONCE	ONCE	0.011585	0.14233	0.095195	False	True
HELIO	5	800	114	45	0.013158	0.026316	0	0	0	independent	0	0	0					0.011132	0.13988	0	False	True
ACINAR	6	1400	63	19	0	0	0	0	0	independent	0	0	0					0.014706	0.13654	0.14358	True	False
SOIGNE	6	1400	53	19	0	0	0	0	0	independent	0	0	0					0.014706	0.13654	0.12079	True	False
SORREL	6	1400	51	19	0.0098039	0	0	0	0	independent	0	0	0					0.014706	0.13654	0.11623	False	True
ENGIRT	6	1400	60	19	0	0	0	0	0	independent	0	0	0			ENG	ENG	0.014706	0.13654	0.36085	True	False
RELLO	5	800	109	43	0.022936	0.027523	0	0	0.033333	cellmate	0	0	0.023256			ELL	ELL	0.011198	0.13445	0.35134	False	True
DAURS	5	800	56	27	0.0625	0.071429	0.074074	0	0.071429	free	0.11111	0	0.037037			DAUR	DAUR	0.091866	0.13414	0.023546	False	True
SIDHE	5	800	114	42	0.004386	0.0087719	0	0	0	cellmate	0	0	0.095238			SIDH	SIDH	0.011403	0.13373	0.092622	False	True
MIENS	5	800	219	62	0.025114	0.022831	0.016129	0.026316	0.016393	cellmate	0.016129	0	0.35484		MINES	ENS	ENS	0.023846	0.13361	1.015	False	True
ACROS	5	800	156	67	0.0064103	0.012821	0.014925	0	0	cellmate	0.014925	0	0.029851			ACRO	ACRO	0.022047	0.13324	0.10595	False	True
BIERS	5	800	137	50	0.09854	0.11679	0.06	0	0.078947	cellmate	0.08	0	0.12			BIER	BIER	0.069526	0.133	0.32771	False	True
TAALS	5	800	96	26	0.015625	0.020833	0.076923	0	0.032258	free	0.11538	0	0.11538			ALS	ALS	0.09519	0.13262	0.17683	False	True
EIGNE	5	800	119	42	0	0	0	0	0	independent	0	0	0					0.011132	0.13055	0.11731	True	False
ILEUS	5	800	107	42	0	0	0	0	0	independent	0	0	0			LEU	LEU	0.011132	0.13055	0.29826	True	False
LESES	5	800	179	41	0	0	0	0	0	cellmate	0	0	0.073171			ESES	ESES	0.01134	0.12983	0.24702	True	False
SHRIS	5	800	100	41	0.01	0.01	0	0.055556	0.035714	cellmate	0	0	0.073171			SHRI	SHRI	0.01134	0.12983	0.14031	False	True
GOITRE	6	1400	52	18	0.0096154	0	0	0.11111	0	independent	0	0	0					0.014706	0.12935	0.11851	False	True
NOINTS	6	1400	81	18	0.012346	0.012346	0	0	0	independent	0	0	0			NOINT	NOINT	0.014706	0.12935	0.14168	False	True
SEPTS	5	800	140	39	0.010714	0	0	0	0	cellmate	0	0	0.25641					0.011862	0.12918	0.14582	False	True
ADMIN	5	800	80	41	0.00625	0	0	0.0625	0	cellmate	0	0	0.02439					0.011201	0.12824	0.079113	False	True
OHIAS	5	800	102	41	0	0	0	0	0	independent	0	0	0					0.011132	0.12744	0.10055	True	False
OSSIA	5	800	100	41	0	0	0	0	0	independent	0	0	0					0.011132	0.12744	0.098576	True	False
TRIOR	5	800	122	41	0	0	0	0	0	independent	0	0	0			TRIO	TRIO	0.011132	0.12744	0.3773	False	False
COEDS	5	800	93	31	0.048387	0.086022	0.16129	0	0.035714	cellmate	0.22581	0	0.35484		CODES	COED	COED	0.176	0.12733	0.16243	False	True
MERDE	5	800	103	40	0.024272	0.0097087	0	0	0	cellmate	0	0	0.05					0.011274	0.12592	0.016005	False	True
TIROS	5	800	381	131	0.027559	0.015748	0.030534	0.048387	0.054348	cellmate	0.030534	0	0.23664			TIRO	TIRO	0.033963	0.12542	0.31324	False	True
TREYS	5	800	99	39	0.025253	0.010101	0	0	0.034483	cellmate	0	0	0.076923			TREY	TREY	0.011351	0.12361	0.074305	False	True
THIRST	6	1400	59	17	0.025424	0	0	0.083333	0.052632	independent	0	0	0			THIR	THIR	0.014706	0.12216	0.47063	False	True
LIANGS	6	1400	54	18	0	0	0	0	0	cellmate	0	0	0.27778		LASING			0.013814	0.1215	0.11809	False	False
AIERY	5	800	122	39	0	0	0	0	0	independent	0	0	0					0.011132	0.12123	0.12026	True	False
SAOLA	5	800	113	39	0	0	0	0	0	independent	0	0	0					0.011132	0.12123	0.11139	True	False
AROHA	5	800	99	39	0	0	0	0	0	independent	0	0	0					0.011132	0.12123	0.097591	True	False
INULA	5	800	94	39	0	0	0	0	0	independent	0	0	0					0.011132	0.12123	0.092662	True	False
OLIOS	5	800	96	38	0.0052083	0	0	0	0.030303	independent	0	0	0					0.011132	0.11812	0.094633	False	True
GIRTH	5	800	57	21	0.061404	0.035088	0.095238	0.076923	0.058824	free	0.14286	0	0.095238			GIRT	GIRT	0.11507	0.11628	0.26565	False	True
THALI	5	800	139	37	0.014388	0.021583	0	0	0	independent	0	0	0					0.011132	0.11501	0	False	True
TYNES	5	800	76	37	0.039474	0	0	0.083333	0.1875	independent	0	0	0					0.011132	0.11501	0.074918	False	True
RISHI	5	800	77	37	0.0064935	0.012987	0	0	0	independent	0	0	0			ISH	ISH	0.011132	0.11501	0.051609	False	True
ICTAL	5	800	112	36	0	0	0	0	0	cellmate	0	0	0.083333					0.011369	0.11429	0.11141	True	False
SNOEP	5	800	109	35	0	0	0	0	0	cellmate	0	0	0.17143					0.01162	0.11356	0.11148	True	False
NERDIC	6	1400	52	16	0	0	0	0	0	cellmate	0	0	0.0625					0.014505	0.11341	0.11652	True	False
HALSE	5	800	236	78	0.097458	0.042373	0.025641	0.30233	0.31343	cellmate	0.025641	0	0.38462			ALS	ALS	0.030834	0.11309	0.22801	False	True
INDIA	5	800	106	36	0	0	0	0	0	independent	0	0	0					0.011132	0.1119	0.10449	False	False
TALCS	5	800	102	34	0	0	0	0	0	cellmate	0	0	0.14706					0.011551	0.10966	0.10433	False	False
AECIA	5	800	85	35	0	0	0	0	0	independent	0	0	0					0.011132	0.10879	0.08379	True	False
OCTAL	5	800	97	35	0.010309	0.010309	0	0	0.030303	independent	0	0	0			OCTA	OCTA	0.011132	0.10879	0.071325	False	True
TERCET	6	1400	54	15	0	0	0	0	0	independent	0	0	0					0.014706	0.10779	0.12306	True	False
LAARI	5	800	96	34	0	0	0	0	0	independent	0	0	0					0.011132	0.10568	0.094633	True	False
TEIID	5	800	77	34	0	0	0	0	0	independent	0	0	0					0.011132	0.10568	0.075904	True	False
URNAL	5	800	82	34	0.0060976	0	0	0.071429	0	independent	0	0	0			URN	URN	0.011132	0.10568	0.14509	False	True
ERBIA	5	800	96	34	0	0	0	0	0	independent	0	0	0					0.011132	0.10568	0.094633	True	False
RYOTS	5	800	76	33	0.013158	0	0	0.076923	0	cellmate	0	0	0.090909					0.011391	0.10496	0.076431	False	True
SCIENT	6	1400	63	15	0.015873	0.015873	0	0	0	cellmate	0	0	0.13333					0.014278	0.10465	0	False	True
AMNIO	5	800	103	32	0.0048544	0	0	0.066667	0.030303	cellmate	0	0	0.15625					0.011577	0.10344	0.10431	False	True
LEHRS	5	800	123	33	0	0	0	0	0	cellmate	0	0	0.030303					0.011218	0.10337	0.1215	True	False
SNIFT	5	800	68	33	0.0073529	0	0	0	0.066667	independent	0	0	0					0.011132	0.10258	0.067032	False	True
SIEGE	5	800	85	33	0.011765	0	0	0.052632	0.038462	independent	0	0	0					0.011132	0.10258	0.08379	False	True
ATUAS	5	800	85	33	0	0	0	0	0	independent	0	0	0					0.011132	0.10258	0.08379	True	False
SYNES	5	800	64	33	0.046875	0	0	0.16667	0.2	independent	0	0	0					0.011132	0.10258	0.063341	False	True
ORCEIN	6	1400	52	14	0	0	0	0	0	independent	0	0	0			ORC	ORC	0.014706	0.10061	0.45468	True	False
SEPTAL	6	1400	62	14	0	0	0	0	0	independent	0	0	0					0.014706	0.10061	0.13682	False	False
TERCIO	6	1400	57	14	0	0	0	0	0	independent	0	0	0					0.014706	0.10061	0.1299	True	False
THRIST	6	1400	53	14	0	0	0	0	0	independent	0	0	0					0.014706	0.10061	0.12079	True	False
ARGIL	5	800	72	31	0	0	0	0	0	cellmate	0	0	0.16129					0.011591	0.10033	0.073749	True	False
EDEMA	5	800	80	32	0	0	0	0	0	independent	0	0	0					0.011132	0.099467	0.078861	True	False
PSOAI	5	800	73	32	0	0	0	0	0	independent	0	0	0					0.011132	0.099467	0.071961	True	False
MEITH	5	800	83	32	0	0	0	0	0	independent	0	0	0					0.011132	0.099467	0.081818	True	False
URAOS	5	800	97	32	0	0	0	0	0	independent	0	0	0					0.011132	0.099467	0.095619	True	False
ETUDE	5	800	80	32	0	0	0	0	0	independent	0	0	0					0.011132	0.099467	0.078861	False	False
GLIAS	5	800	87	32	0.022989	0	0	0.14286	0.027027	independent	0	0	0			LIAS	LIAS	0.011132	0.099467	0.3428	False	True
TOLUS	5	800	68	31	0.014706	0.014706	0	0	0	cellmate	0	0	0.096774		LOUTS	TOLU	TOLU	0.011407	0.098744	0.044503	False	True
TERTIAL	7	1800	62	19	0	0	0	0	0	independent	0	0	0					0.0082305	0.098248	0.10167	False	False
TERFS	5	800	89	31	0.005618	0.011236	0	0	0	cellmate	0	0	0.064516			ERF	ERF	0.011315	0.097949	0.12846	False	True
DIOLS	5	800	106	40	0.037736	0.056604	0.075	0	0.057143	free	0.1	0	0.025			DIOL	DIOL	0.083769	0.097938	0.023993	False	True
SUTLER	6	1400	50	14	0	0	0	0	0	cellmate	0	0	0.14286					0.014247	0.097467	0.10847	False	False
ELEMI	5	800	72	31	0	0	0	0	0	independent	0	0	0					0.011132	0.096358	0.070975	True	False
ACINI	5	800	85	31	0	0	0	0	0	independent	0	0	0					0.011132	0.096358	0.08379	True	False
DIRLS	5	800	94	31	0.0053191	0	0	0	0.032258	independent	0	0	0					0.011132	0.096358	0.092662	False	True
SIDHA	5	800	87	31	0	0	0	0	0	independent	0	0	0					0.011132	0.096358	0.085761	True	False
GIRNS	5	800	91	29	0.049451	0.010989	0	0	0.085714	cellmate	0	0	0.17241		RINGS	GIRN	GIRN	0.011623	0.094118	0.13623	False	True
HURST	5	800	62	29	0.032258	0	0	0	0.15	cellmate	0	0	0.17241					0.011623	0.094118	0.062883	False	True
ULNAR	5	800	73	30	0	0	0	0	0	cellmate	0	0	0.033333					0.011227	0.094045	0.072465	False	False
PLESH	5	800	78	30	0	0	0	0	0	independent	0	0	0					0.011132	0.09325	0.077142	True	False
WERSH	5	800	75	30	0	0	0	0	0	independent	0	0	0			ERS	ERS	0.011132	0.09325	0.1387	True	False
TEPID	5	800	91	30	0	0	0	0	0	independent	0	0	0					0.011132	0.09325	0.089704	True	False
PRAOS	5	800	101	30	0.024752	0.019802	0	0	0.038462	independent	0	0	0			PRAO	PRAO	0.011132	0.09325	0.11599	False	True
ENTRIST	7	1800	62	20	0	0	0	0	0	cellmate	0	0	0.1		TINTERS			0.0074074	0.093077	0.090194	True	False
STEROLS	7	1800	56	18	0	0	0	0	0	independent	0	0	0					0.0082305	0.093077	0.091834	False	False
DERTH	5	800	243	89	0.0061728	0.0041152	0.011236	0	0.0125	dropTerminal	0	0.011236	0					0.014889	0.090794	0.1806	False	True
VELES	5	800	54	13	0.074074	0.11111	0.15385	0.2	0.16667	free	0.23077	0	0.076923			VELE	VELE	0.17881	0.090619	0	False	True
SNEAPS	6	1400	51	13	0	0	0	0	0	cellmate	0	0	0.15385			SNEAP	SNEAP	0.014212	0.090281	0.33686	True	False
WEISE	5	800	81	29	0	0	0	0	0	independent	0	0	0					0.011132	0.090142	0.079847	True	False
URSID	5	800	79	29	0.0063291	0	0	0	0.035714	independent	0	0	0					0.011132	0.090142	0.078127	False	True
PSOAE	5	800	73	29	0	0	0	0	0	independent	0	0	0					0.011132	0.090142	0.071961	True	False
DURST	5	800	72	29	0.0069444	0	0	0	0.043478	independent	0	0	0					0.011132	0.090142	0.071227	False	True
TERFE	5	800	82	29	0	0	0	0	0	independent	0	0	0			TERF	TERF	0.011132	0.090142	0.14534	True	False
LIMNS	5	800	67	29	0.014925	0.014925	0	0.083333	0.045455	independent	0	0	0			LIMN	LIMN	0.011132	0.090142	0.041752	False	True
OGLES	5	800	79	27	0.025316	0.025316	0	0	0.076923	cellmate	0	0	0.25926			OGLE	OGLE	0.01187	0.089491	0.03433	False	True
DOING	5	800	88	32	0.085227	0.079545	0.125	0	0.047619	free	0.15625	0.03125	0			ING	ING	0.13497	0.089055	0.29747	False	True
COMTE	5	800	51	27	0.019608	0	0	0	0	cellmate	0	0	0.22222					0.011765	0.088696	0.052796	False	True
ARGOL	5	800	61	28	0	0	0	0	0	cellmate	0	0	0.071429					0.011335	0.088624	0.060888	True	False
KEROS	5	800	57	27	0	0	0	0	0	cellmate	0	0	0.14815		ROKES			0.011554	0.087106	0.057449	True	False
DATOS	5	800	201	75	0.017413	0.014925	0.026667	0.035714	0.033333	cellmate	0.026667	0	0.12			DATO	DATO	0.030824	0.087071	0.25932	False	True
NGAIO	5	800	80	28	0	0	0	0	0	independent	0	0	0					0.011132	0.087033	0.078861	True	False
NAIAD	5	800	72	28	0	0	0	0	0	independent	0	0	0					0.011132	0.087033	0.070975	True	False
ENTRY	5	800	68	28	0.029412	0	0	0	0	independent	0	0	0			TRY	TRY	0.011132	0.087033	0.13129	False	True
ORGIA	5	800	78	28	0	0	0	0	0	independent	0	0	0					0.011132	0.087033	0.076889	True	False
ULTRA	5	800	78	28	0	0	0	0	0	independent	0	0	0					0.011132	0.087033	0.076889	True	False
OBIAS	5	800	65	28	0	0	0	0	0	independent	0	0	0			BIAS	BIAS	0.011132	0.087033	0.12833	True	False
BRIOS	5	800	60	28	0.0083333	0	0	0	0	independent	0	0	0			BRIO	BRIO	0.011132	0.087033	0.18767	False	True
INDRI	5	800	91	28	0	0	0	0	0	independent	0	0	0					0.011132	0.087033	0.089704	True	False
DULSE	5	800	63	26	0.015873	0	0	0	0	cellmate	0	0	0.26923					0.011898	0.086383	0.067147	False	True
VENAL	5	800	60	27	0.0083333	0.016667	0	0	0	cellmate	0	0	0.074074			VENA	VENA	0.011343	0.085515	0.035608	False	True
ANCLES	6	1400	50	12	0.02	0	0	0.14286	0.11111	cellmate	0	0	0.083333					0.014438	0.084664	0.11246	False	True
ROUES	5	800	151	47	0.046358	0.013245	0.021277	0.19355	0.04878	cellmate	0.021277	0	0.40426		ROUSE	ROUE	ROUE	0.027722	0.084595	0.11413	False	True
AURAE	5	800	85	27	0.0058824	0.011765	0	0	0	independent	0	0	0			AURA	AURA	0.011132	0.083925	0.12376	False	True
BIRLE	5	800	52	27	0.0096154	0	0	0	0	independent	0	0	0			BIRL	BIRL	0.011132	0.083925	0.11552	False	True
NINTH	5	800	81	27	0.0061728	0	0	0	0	independent	0	0	0					0.011132	0.083925	0.079847	False	True
SLUIT	5	800	61	27	0	0	0	0	0	independent	0	0	0			LUIT	LUIT	0.011132	0.083925	0.25291	True	False
NEIFS	5	800	58	25	0	0	0	0	0	cellmate	0	0	0.2		FINES			0.011701	0.081684	0.060705	True	False
SLUED	5	800	66	25	0.022727	0.030303	0	0	0	cellmate	0	0	0.2			SLUE	SLUE	0.011701	0.081684	0.084262	False	True
AGROS	5	800	87	26	0.017241	0.011494	0	0	0	independent	0	0	0			AGRO	AGRO	0.011132	0.080817	0.061467	False	True
ADMIT	5	800	60	26	0	0	0	0	0	independent	0	0	0					0.011132	0.080817	0.059146	False	False
LLANO	5	800	75	26	0	0	0	0	0	independent	0	0	0					0.011132	0.080817	0.073932	True	False
DREYS	5	800	65	26	0.0076923	0	0	0	0	independent	0	0	0			DREY	DREY	0.011132	0.080817	0.12833	False	True
PAEDO	5	800	81	26	0	0	0	0	0	independent	0	0	0					0.011132	0.080817	0.079847	True	False
AYRIE	5	800	80	26	0	0	0	0	0	independent	0	0	0					0.011132	0.080817	0.078861	True	False
WIELS	5	800	55	24	0.036364	0.018182	0	0	0	cellmate	0	0	0.29167			WIEL	WIEL	0.011962	0.080166	0.03421	False	True
RONDO	5	800	59	25	0.016949	0.016949	0	0	0.052632	cellmate	0	0	0.12					0.011473	0.080094	0	False	True
YERDS	5	800	61	25	0	0	0	0	0	cellmate	0	0	0.04			YER	YER	0.011246	0.078504	0.31742	False	False
SUCRE	5	800	63	23	0	0	0	0	0	cellmate	0	0	0.34783					0.012122	0.077853	0.066642	True	False
SEGOL	5	800	77	23	0	0	0	0	0	cellmate	0	0	0.34783			SEG	SEG	0.012122	0.077853	0.53203	True	False
TULSI	5	800	62	25	0	0	0	0	0	independent	0	0	0					0.011132	0.077708	0.061117	True	False
EYOTS	5	800	73	25	0	0	0	0	0	independent	0	0	0					0.011132	0.077708	0.071961	True	False
ARUHE	5	800	72	25	0	0	0	0	0	independent	0	0	0					0.011132	0.077708	0.070975	True	False
DEAWS	5	800	72	23	0.013889	0	0	0.125	0.090909	cellmate	0	0	0.26087					0.011875	0.076263	0.074253	False	True
NEIGH	5	800	73	24	0.047945	0	0	0.11765	0.14815	cellmate	0	0	0.083333					0.011369	0.07619	0.073726	False	True
ANGLO	5	800	63	24	0.0079365	0	0	0	0	cellmate	0	0	0.083333					0.011369	0.07619	0.06286	False	True
GESSO	5	800	54	24	0	0	0	0	0	cellmate	0	0	0.041667			ESS	ESS	0.01125	0.075395	0.18251	True	False
STEYS	5	800	83	24	0.048193	0.024096	0	0	0.13636	cellmate	0	0	0.041667			STEY	STEY	0.01125	0.075395	0.29077	False	True
AMNIA	5	800	93	24	0.0053763	0	0	0.066667	0	cellmate	0	0	0.041667					0.01125	0.075395	0.093189	False	True
DROSS	5	800	55	24	0.027273	0	0	0	0	independent	0	0	0					0.011132	0.0746	0.054469	False	True
CERIC	5	800	77	24	0	0	0	0	0	independent	0	0	0					0.011132	0.0746	0.075904	False	False
GIRSH	5	800	58	24	0	0	0	0	0	independent	0	0	0					0.011132	0.0746	0.057174	True	False
GNARL	5	800	80	24	0.01875	0	0	0	0	independent	0	0	0					0.011132	0.0746	0.078861	False	True
TYLER	5	800	60	24	0.016667	0	0	0	0.055556	independent	0	0	0					0.011132	0.0746	0.059146	False	True
DATAL	5	800	70	23	0.0071429	0.014286	0	0	0	independent	0	0	0			DATA	DATA	0.011132	0.071492	0.10897	False	True
VITAL	5	800	56	23	0.017857	0	0	0	0	independent	0	0	0					0.011132	0.071492	0.055203	False	True
ALOHA	5	800	55	23	0	0	0	0	0	independent	0	0	0					0.011132	0.071492	0.054217	True	False
ILIAL	5	800	65	23	0	0	0	0	0	independent	0	0	0					0.011132	0.071492	0.064075	True	False
ORLON	5	800	66	23	0	0	0	0	0	independent	0	0	0					0.011132	0.071492	0.06506	True	False
PLEON	5	800	66	23	0	0	0	0	0	independent	0	0	0					0.011132	0.071492	0.065313	False	False
WEIRD	5	800	50	20	0.02	0	0	0.16667	0	cellmate	0	0	0.4		WIDER			0.012271	0.068528	0.052314	False	True
LAURA	5	800	55	22	0.0090909	0	0	0.066667	0.090909	independent	0	0	0			AURA	AURA	0.011132	0.068383	0.18274	False	True
SHIAI	5	800	70	22	0	0	0	0	0	independent	0	0	0					0.011132	0.068383	0.069003	True	False
AIOLI	5	800	90	22	0	0	0	0	0	independent	0	0	0					0.011132	0.068383	0.088719	True	False
PAEON	5	800	82	22	0	0	0	0	0	independent	0	0	0					0.011132	0.068383	0.080833	False	False
LESBO	5	800	59	20	0	0	0	0	0	cellmate	0	0	0.35		BOLES			0.012128	0.067733	0.062195	True	False
WRIED	5	800	63	20	0.015873	0	0	0.125	0	cellmate	0	0	0.35		WIDER			0.012128	0.067733	0.065886	False	True
INCLE	5	800	75	21	0	0	0	0	0	cellmate	0	0	0.14286					0.011539	0.067661	0.075697	True	False
VALSE	5	800	60	18	0.0083333	0	0	0	0	cellmate	0	0	0.77778		LAVES	ALS	ALS	0.013347	0.067083	0.197	False	True
SKEIN	5	800	57	21	0.017544	0.017544	0	0	0.05	cellmate	0	0	0.095238					0.011403	0.066865	0	False	True
OGLER	5	800	62	21	0.0080645	0	0	0	0.055556	independent	0	0	0					0.011132	0.065275	0.061117	False	True
ARGUE	5	800	52	21	0.019231	0	0	0	0.055556	independent	0	0	0			GUE	GUE	0.011132	0.065275	0.37256	False	True
OIDIA	5	800	60	21	0	0	0	0	0	independent	0	0	0					0.011132	0.065275	0.059146	True	False
AGIOS	5	800	60	21	0	0	0	0	0	independent	0	0	0			GIO	GIO	0.011132	0.065275	0.18767	True	False
ULEMA	5	800	56	21	0	0	0	0	0	independent	0	0	0					0.011132	0.065275	0.055203	True	False
BERTH	5	800	50	21	0.04	0.02	0	0	0	independent	0	0	0					0.011132	0.065275	0	False	True
GAOLS	5	800	50	20	0	0	0	0	0	cellmate	0	0	0.15			GAOL	GAOL	0.011559	0.064552	0.11456	False	False
WEROS	5	800	111	43	0.018018	0.018018	0.023256	0.052632	0	cellmate	0.023256	0	0.2093		WORSE	WERO	WERO	0.028603	0.064209	0.13114	False	True
SUTTA	5	800	66	20	0.015152	0.015152	0	0	0.0625	cellmate	0	0	0.1					0.011417	0.063757	0.0068781	False	True
DERMS	5	800	137	45	0.069343	0.058394	0.022222	0.04	0.026316	free	0.022222	0	0			DERM	DERM	0.027257	0.063269	0.0049546	False	True
NAIFS	5	800	58	20	0.017241	0.017241	0	0	0.052632	cellmate	0	0	0.05			IFS	IFS	0.011274	0.062962	0.098401	False	True
SPEOS	5	800	78	20	0	0	0	0	0	cellmate	0	0	0.05		POSES,POSSE			0.011274	0.062962	0.078907	True	False
SPUES	5	800	50	20	0.05	0.02	0	0	0.076923	cellmate	0	0	0.05			SPUE	SPUE	0.011274	0.062962	0.09001	False	True
LYNES	5	800	56	20	0.017857	0	0	0	0.066667	independent	0	0	0					0.011132	0.062167	0.055203	False	True
CUNEI	5	800	53	20	0	0	0	0	0	independent	0	0	0					0.011132	0.062167	0.052245	False	False
AMNIC	5	800	63	20	0	0	0	0	0	independent	0	0	0					0.011132	0.062167	0.062355	True	False
ROYNE	5	800	61	20	0.02459	0.032787	0	0	0	independent	0	0	0					0.011132	0.062167	0	False	True
ILIAD	5	800	58	20	0	0	0	0	0	independent	0	0	0					0.011132	0.062167	0.057174	True	False
RIYAL	5	800	50	20	0	0	0	0	0	independent	0	0	0					0.011132	0.062167	0.049288	False	False
KEIRS	5	800	55	19	0	0	0	0	0	cellmate	0	0	0.15789					0.011581	0.061444	0.056739	True	False
DUANS	5	800	66	19	0.037879	0.030303	0	0.083333	0.041667	independent	0	0	0			DUAN	DUAN	0.011132	0.059058	0.080732	False	True
URARI	5	800	62	19	0	0	0	0	0	independent	0	0	0					0.011132	0.059058	0.061117	True	False
TALMA	5	800	68	19	0.0073529	0.014706	0	0	0	independent	0	0	0			ALMA	ALMA	0.011132	0.059058	0.072353	False	True
CERCI	5	800	59	19	0	0	0	0	0	independent	0	0	0					0.011132	0.059058	0.05816	True	False
ULCER	5	800	50	19	0.01	0	0	0	0.055556	independent	0	0	0					0.011132	0.059058	0.049288	False	True
SNEAD	5	800	307	105	0.019544	0.013029	0.0095238	0.021277	0.027397	cellmate	0	0	0.13333					0.011511	0.058276	0	False	True
NERVE	5	800	50	18	0.04	0	0	0.090909	0.095238	cellmate	0	0	0.055556					0.01129	0.056745	0.050549	False	True
SHURA	5	800	52	18	0.0096154	0	0	0	0	independent	0	0	0					0.011132	0.05595	0.05126	False	True
ELECT	5	800	74	18	0.027027	0.013514	0	0	0	independent	0	0	0					0.011132	0.05595	0	False	True
UPTER	5	800	62	18	0	0	0	0	0	independent	0	0	0					0.011132	0.05595	0.061117	True	False
AURAL	5	800	51	18	0.0098039	0.019608	0	0	0	independent	0	0	0			AURA	AURA	0.011132	0.05595	0.09024	False	True
CIRLS	5	800	56	18	0.017857	0.017857	0	0	0	independent	0	0	0			CIRL	CIRL	0.011132	0.05595	0.030908	False	True
ILEUM	5	800	57	18	0	0	0	0	0	independent	0	0	0			LEU	LEU	0.011132	0.05595	0.18471	True	False
ERHUS	5	800	56	18	0	0	0	0	0	independent	0	0	0					0.011132	0.05595	0.055959	True	False
PAOLI	5	800	59	18	0	0	0	0	0	independent	0	0	0					0.011132	0.05595	0.05816	True	False
NGOMA	5	800	51	17	0	0	0	0	0	cellmate	0	0	0.11765			OMA	OMA	0.011467	0.054432	0.18005	True	False
SNIGS	5	800	111	39	0.054054	0.027027	0.025641	0.045455	0.17391	cellmate	0.025641	0	0.30769		SINGS	SNIG	SNIG	0.030615	0.054162	0.17262	False	True
ASDIC	5	800	58	17	0	0	0	0	0	cellmate	0	0	0.058824					0.011299	0.053637	0.057931	True	False
NOULS	5	800	64	26	0.085938	0.10938	0.11538	0	0.041667	free	0.15385	0	0			NOUL	NOUL	0.12277	0.053626	0.15032	False	True
ENNOG	5	800	53	17	0	0	0	0	0	independent	0	0	0			NOG	NOG	0.011132	0.052842	0.37355	True	False
SYTHE	5	800	50	17	0	0	0	0	0	independent	0	0	0			THE	THE	0.011132	0.052842	0.43485	True	False
THIOL	5	800	63	17	0.0079365	0	0	0	0	independent	0	0	0			THIO	THIO	0.011132	0.052842	0.12636	False	True
MUIST	5	800	54	17	0.0092593	0	0	0.1	0.045455	independent	0	0	0					0.011132	0.052842	0.053736	False	True
LOIPE	5	800	63	17	0	0	0	0	0	independent	0	0	0					0.011132	0.052842	0.062103	True	False
SNEAK	5	800	53	16	0.075472	0.037736	0	0.1	0.083333	cellmate	0	0	0.125					0.011488	0.051324	0	False	True
TYROS	5	800	63	16	0	0	0	0	0	cellmate	0	0	0.125					0.011488	0.051324	0.063112	True	False
SWIES	5	800	55	16	0.0090909	0	0	0	0	cellmate	0	0	0.0625					0.01131	0.050529	0.055478	False	True
FLIRS	5	800	51	16	0.039216	0.019608	0	0	0	independent	0	0	0			FLIR	FLIR	0.011132	0.049733	0.02598	False	True
CEORL	5	800	61	16	0	0	0	0	0	independent	0	0	0					0.011132	0.049733	0.060132	True	False
EYRIE	5	800	64	16	0	0	0	0	0	independent	0	0	0					0.011132	0.049733	0.063089	True	False
LERPS	5	800	119	40	0.012605	0.016807	0.025	0	0	free	0.025	0	0			LERP	LERP	0.029273	0.047728	0.068717	False	True
LOIDS	5	800	115	48	0.091304	0.086957	0.083333	0	0.10526	free	0.10417	0	0.041667			LOID	LOID	0.08684	0.046994	0.19298	False	True
GESSE	5	800	51	15	0.058824	0.098039	0	0.1	0	independent	0	0	0			ESSE	ESSE	0.011132	0.046625	0	False	True
APNEA	5	800	57	15	0	0	0	0	0	independent	0	0	0					0.011132	0.046625	0.056188	False	False
APIOL	5	800	54	15	0	0	0	0	0	independent	0	0	0					0.011132	0.046625	0.053231	True	False
OLPAE	5	800	58	15	0	0	0	0	0	independent	0	0	0					0.011132	0.046625	0.057174	True	False
LAIGH	5	800	51	15	0.029412	0.019608	0	0	0.047619	independent	0	0	0					0.011132	0.046625	0	False	True
DICTA	5	800	86	34	0.046512	0.034884	0.058824	0	0.038462	free	0.058824	0.029412	0			DICT	DICT	0.063654	0.045857	0.23429	False	True
BAHTS	5	800	57	14	0.026316	0	0	0	0.052632	cellmate	0	0	0.14286			BAH	BAH	0.011539	0.045107	0.57279	False	True
IMINO	5	800	53	14	0	0	0	0	0	independent	0	0	0			MINO	MINO	0.011132	0.043517	0.11651	False	False
ILIAC	5	800	50	13	0	0	0	0	0	independent	0	0	0					0.011132	0.040408	0.049288	True	False
CAAED	5	800	52	13	0	0	0	0	0	independent	0	0	0			CAA	CAA	0.011132	0.040408	0.24404	True	False
AROID	5	800	164	55	0.039634	0.073171	0.12727	0.047619	0	free	0.16364	0	0			ROID	ROID	0.12988	0.039972	0.51273	False	True
EVILS	5	800	51	11	0.029412	0.019608	0	0	0	cellmate	0	0	0.54545		LIVES	EVIL	EVIL	0.012685	0.038963	0.031528	False	True
AGILA	5	800	50	12	0	0	0	0	0	independent	0	0	0					0.011132	0.0373	0.049288	True	False
TURME	5	800	50	20	0.05	0.06	0.15	0	0.076923	free	0.2	0	0		MUTER	TURM	TURM	0.15626	0.034976	0.10619	False	True
NEIVE	5	800	51	11	0.0098039	0	0	0	0	independent	0	0	0					0.011132	0.034192	0.050274	False	True
BOETS	5	800	95	32	0.026316	0.010526	0.03125	0	0.083333	cellmate	0.03125	0	0.21875			BOET	BOET	0.034431	0.028427	0.13916	False	True
DEFIS	5	800	56	17	0.0625	0.071429	0.17647	0	0.052632	free	0.23529	0	0			DEFI	DEFI	0.18187	0.025651	0.27983	False	True
NERDS	5	800	301	100	0.046512	0.013289	0.04	0.1	0.10309	cellmate	0.04	0	0.25		RENDS	NERD	NERD	0.04087	0.024291	0.21568	False	True
ARGLE	5	800	80	31	0.0125	0.0125	0.032258	0	0.033333	cellmate	0	0.064516	0.12903					0.033076	0.0070765	0.052816	False	True
LAICH	5	800	77	25	0.025974	0.025974	0.04	0	0	free	0.04	0	0			ICH	ICH	0.040158	0.0011027	0.73417	False	True
FLOES	5	800	63	25	0.015873	0.015873	0.04	0	0	free	0.04	0	0			FLOE	FLOE	0.040158	0.0011027	0.16633	False	True
POETS	5	800	157	54	0.095541	0.063694	0.12963	0.1875	0.15789	cellmate	0.12963	0	0.24074		TOPES	POET	POET	0.10588	0	0.24548	False	True
ICIEST	6	1400	51	15	0.068627	0.098039	0.26667	0	0.071429	dropTerminal	0.066667	0.2	0			EST	EST	0.10135	0	0.05058	False	True
ICIER	5	800	95	33	0.084211	0.12632	0.18182	0.13333	0.04	dropTerminal	0	0.060606	0					0.0314	0	0	False	True
IDIOT	5	800	66	24	0.015152	0.015152	0.041667	0	0.043478	dropTerminal	0	0.041667	0					0.025066	0	0.0061216	False	True
INERT	5	800	788	276	0.024746	0.015228	0.021739	0.047904	0.051163	cellmate	0	0.014493	0.45652					0.017279	0	0.0056669	False	True
ACNES	5	800	220	89	0.061364	0.081818	0.13483	0.11628	0.1194	cellmate	0.14607	0	0.44944		CANES	ACNE	ACNE	0.11841	0	0	False	True
WEIRS	5	800	104	37	0.038462	0.019231	0.054054	0.095238	0.064516	cellmate	0.054054	0	0.13514		WIRES	WEIR	WEIR	0.050741	0	0.060235	False	True
SIDLE	5	800	188	72	0.082447	0.074468	0.097222	0.14286	0.12727	cellmate	0	0.055556	0.19444					0.030265	0	0	False	True
ABIES	5	800	108	40	0.013889	0.027778	0.05	0	0	dropTerminal	0	0.075	0					0.036214	0	0.077724	False	True
HEIST	5	800	324	120	0.095679	0.067901	0.025	0.2	0.18605	cellmate	0	0.016667	0.075					0.016919	0	0	False	True
VIRAL	5	800	50	22	0.03	0.04	0.090909	0	0	dropTerminal	0	0.045455	0.045455					0.026463	0	0	False	True
RACIER	6	1400	58	23	0.051724	0.086207	0.043478	0	0	independent	0	0	0					0.014706	0	0	False	True
WRIES	5	800	120	32	0.054167	0.041667	0.09375	0.11765	0.0625	cellmate	0	0.03125	0.21875		WIRES			0.022206	0	0	False	True
HORME	5	800	74	39	0.047297	0.027027	0.025641	0	0.13636	cellmate	0	0	0.10256		HOMER			0.011424	0	0	False	True
RABIES	6	1400	51	22	0.068627	0.13725	0.13636	0	0	free	0.13636	0	0.045455			RABI	RABI	0.11316	0	0.03945	False	True
WEILS	5	800	60	29	0.083333	0.05	0.068966	0.1	0.2	cellmate	0.068966	0	0.17241			WEIL	WEIL	0.061668	0	0.11756	False	True
SAETER	6	1400	290	80	0.074138	0.068966	0.1875	0.13725	0.2	cellmate	0.2375	0.0125	0.5125		TEASER	SAE	SAE	0.1872	0	3.9098	False	True
INERTER	7	1800	66	24	0.022727	0.015152	0.041667	0	0.052632	cellmate	0.041667	0	0.083333			INERT	INERT	0.036682	0	0.041758	False	True
SCRAE	5	800	215	60	0.013953	0.013953	0.033333	0.020833	0	cellmate	0	0	0.5		CARES,CARSE			0.012556	0	0	False	True
DURAL	5	800	56	24	0.044643	0.071429	0.041667	0	0.055556	free	0.041667	0	0			DURA	DURA	0.041367	0	0.21507	False	True
DUROS	5	800	66	32	0.05303	0.045455	0.0625	0.11111	0.1	free	0.0625	0	0			DURO	DURO	0.056485	0	0	False	True
CEILS	5	800	104	29	0.081731	0.096154	0.10345	0.15385	0.064516	free	0.10345	0	0.10345			CEIL	CEIL	0.086494	0	0	False	True
CEDAR	5	800	155	62	0.032258	0.045161	0.032258	0.068966	0.02	cellmate	0	0	0.41935					0.012326	0	0	False	True
ROSHI	5	800	124	44	0.03629	0.064516	0.045455	0	0	independent	0	0	0					0.011132	0	0	False	True
MERCS	5	800	67	20	0.029851	0.029851	0.1	0	0	free	0.1	0	0			MERC	MERC	0.083697	0	0.018214	False	True
RONIN	5	800	145	49	0.072414	0.096552	0.14286	0.034483	0.051282	dropTerminal	0	0.020408	0					0.017957	0	0	False	True
EAGLE	5	800	68	25	0.088235	0.088235	0.12	0.14286	0.052632	dropTerminal	0	0.12	0					0.051264	0	0	False	True
STURT	5	800	87	29	0.057471	0.045977	0.068966	0.1875	0.086957	dropTerminal	0	0.034483	0					0.022664	0	0	False	True
STROY	5	800	93	36	0.05914	0.053763	0.083333	0.071429	0.071429	free	0.083333	0.027778	0			TROY	TROY	0.080893	0	0.12884	False	True
NOIRS	5	800	230	75	0.03913	0.047826	0.093333	0	0.043478	free	0.093333	0	0.053333			NOIR	NOIR	0.079011	0	0	False	True
RIOTS	5	800	330	105	0.086364	0.10606	0.11429	0.019608	0.091954	cellmate	0.11429	0	0.1619			RIOT	RIOT	0.094525	0	0	False	True
STRAK	5	800	70	24	0.071429	0.057143	0.083333	0.3	0.10714	cellmate	0	0.041667	0.25					0.025778	0	0	False	True
BEINS	5	800	101	30	0.09901	0.069307	0.1	0.1	0.15625	cellmate	0.1	0	0.13333		BINES	BEIN	BEIN	0.084077	0	0.25509	False	True
STOUP	5	800	61	26	0.090164	0.081967	0.076923	0	0.10526	cellmate	0	0	0.19231		POUTS	OUP	OUP	0.011679	0	0	False	True
TERTS	5	800	629	172	0.033386	0.047695	0.05814	0	0.019355	cellmate	0	0.005814	0.034884					0.013175	0	0	False	True
DROPS	5	800	61	23	0.081967	0.065574	0.086957	0	0.16667	free	0.086957	0	0.086957			DROP	DROP	0.07448	0	0	False	True
CERTS	5	800	334	101	0.092814	0.098802	0.089109	0.11111	0.098765	free	0.09901	0	0.049505			CERT	CERT	0.08312	0	0	False	True
CUITS	5	800	50	22	0.06	0.04	0.090909	0.14286	0	free	0.090909	0	0			CUIT	CUIT	0.0771	0	0.064959	False	True
NARRE	5	800	206	63	0.09466	0.12136	0.063492	0.051282	0.096154	cellmate	0	0	0.031746					0.011222	0	0	False	True
DEROS	5	800	490	178	0.05102	0.065306	0.11236	0.045455	0.048387	cellmate	0.11236	0	0.55618		DORES	DERO	DERO	0.09425	0	0	False	True
NAIVE	5	800	58	25	0.051724	0.034483	0.08	0	0.090909	dropTerminal	0	0.04	0					0.024509	0	0	False	True
DAUTS	5	800	64	20	0.078125	0.03125	0.05	0.14286	0.27778	free	0.05	0	0			DAUT	DAUT	0.047415	0	0.20728	False	True
NEMNS	5	800	57	17	0.0087719	0.017544	0.058824	0	0	free	0.058824	0	0			NEMN	NEMN	0.053817	0	0.031894	False	True
DIARY	5	800	50	20	0.03	0.04	0.05	0.16667	0.055556	independent	0	0	0					0.011132	0	0	False	True
MULSE	5	800	52	19	0.057692	0.057692	0.10526	0.2	0.18182	cellmate	0	0	0.21053					0.011731	0	0	False	True
CESSE	5	800	85	32	0.082353	0.082353	0.0625	0.15385	0.11765	free	0.0625	0	0			CESS	CESS	0.056485	0	0.23503	False	True
RUSSE	5	800	82	28	0.085366	0.097561	0.071429	0.21429	0.1	cellmate	0	0	0.39286					0.01225	0	0	False	True
TALUS	5	800	113	46	0.022124	0.026549	0.043478	0	0.028571	free	0.043478	0	0.021739			ALUS	ALUS	0.042744	0	0.03876	False	True
TALON	5	800	197	69	0.091371	0.081218	0.086957	0.071429	0.086957	cellmate	0	0.057971	0.086957					0.030767	0	0	False	True
CILIA	5	800	53	9	0.028302	0.018868	0.11111	0.1	0.058824	independent	0	0	0					0.011132	0	0	False	True
MERLS	5	800	108	38	0.023148	0.027778	0.052632	0.071429	0	free	0.052632	0	0			MERL	MERL	0.049324	0	0.097839	False	True
CHOLA	5	800	65	25	0.061538	0.092308	0.04	0.22222	0.083333	dropTerminal	0	0.04	0.04					0.024623	0	0	False	True
LOESS	5	800	106	40	0.004717	0.009434	0.025	0	0	cellmate	0	0	0.225		SOLES,LOSES	ESS	ESS	0.011772	0	0.27827	False	True
ENIAC	5	800	233	79	0.0021459	0.0042918	0.012658	0	0	independent	0	0	0					0.011132	0	0.14113	False	True
INTRA	5	800	461	143	0.024946	0.023861	0.048951	0.0097087	0.02439	cellmate	0	0	0.16783					0.01161	0	0	False	True
ENOLS	5	800	223	85	0.033632	0.06278	0.15294	0	0	free	0.15294	0	0.082353			ENOL	ENOL	0.12235	0	0	False	True
ANCLE	5	800	78	25	0.019231	0.012821	0.04	0.13333	0.071429	cellmate	0	0	0.08					0.01136	0	0	False	True
ORMER	5	800	91	46	0.016484	0.032967	0.065217	0	0	dropTerminal	0	0.15217	0					0.062024	0	0.35712	False	True
ORRIS	5	800	131	46	0.0038168	0.0076336	0.021739	0	0	dropTerminal	0	0.021739	0					0.018402	0	0.070196	False	True
LAICS	5	800	108	42	0.023148	0.027778	0.047619	0	0	free	0.047619	0	0			LAIC	LAIC	0.045687	0	0.098091	False	True
TWIER	5	800	83	34	0.036145	0.036145	0.058824	0.11765	0.041667	dropTerminal	0	0.029412	0.029412					0.021052	0	0	False	True
SNELL	5	800	116	46	0.081897	0.051724	0.13043	0.1875	0.060606	free	0.086957	0.065217	0			ELL	ELL	0.096043	0	0.25021	False	True
UNCES	5	800	92	37	0.054348	0.054348	0.081081	0	0.14286	free	0.081081	0	0			UNCE	UNCE	0.069969	0	0.02845	False	True
RELIC	5	800	145	57	0.017241	0.0068966	0.017544	0.076923	0.05	independent	0	0	0					0.011132	0	0.054381	False	True
ALIFS	5	800	53	21	0.009434	0.018868	0.047619	0	0	free	0.047619	0	0.047619			ALIF	ALIF	0.045822	0	0.02896	False	True
GIRTS	5	800	166	52	0.042169	0.018072	0.057692	0.066667	0.097561	cellmate	0.057692	0	0.076923			GIRT	GIRT	0.053216	0	0.16107	False	True
PEISE	5	800	150	48	0.01	0.013333	0.020833	0	0	independent	0	0	0					0.011132	0	0	False	True
IRONISE	7	1800	53	18	0.009434	0.018868	0.055556	0	0	free	0.055556	0	0			NIS	NIS	0.04708	0	1.4203	False	True
INTROS	6	1400	141	53	0.053191	0.06383	0.11321	0.09375	0.11111	free	0.11321	0	0.056604			INTRO	INTRO	0.096383	0	0	False	True
AGILE	5	800	94	34	0.026596	0.031915	0.029412	0	0.028571	dropTerminal	0	0.029412	0					0.020968	0	0	False	True
INTRO	5	800	330	110	0.034848	0.042424	0.081818	0.058824	0.045455	dropTerminal	0	0.063636	0.027273					0.032492	0	0	False	True
FOIST	5	800	65	28	0.069231	0.076923	0.035714	0	0.052632	independent	0	0	0					0.011132	0	0	False	True
TROIS	5	800	339	129	0.032448	0.050147	0.093023	0	0.010753	cellmate	0.015504	0	0.24806			OIS	OIS	0.023089	0	0	False	True
TROGS	5	800	81	30	0.061728	0.049383	0.066667	0	0.090909	free	0.066667	0	0			TROG	TROG	0.059509	0	0	False	True
TRABS	5	800	88	26	0.045455	0.034091	0.11538	0	0.095238	cellmate	0.038462	0	0.076923			ABS	ABS	0.039261	0	0	False	True
TOLTER	6	1400	63	20	0.079365	0.063492	0.15	0.25	0.16667	cellmate	0.15	0	0.2		LOTTER	TOLT	TOLT	0.12253	0	0.63829	False	True
ARRIS	5	800	164	45	0.060976	0.10976	0.11111	0.03125	0.028571	dropTerminal	0	0.044444	0.044444					0.026122	0	0	False	True
ARLES	5	800	406	130	0.091133	0.11084	0.26923	0.072464	0.13265	cellmate	0.28462	0.092308	0.40769		LARES,LEARS,LASER	ARLE	ARLE	0.2497	0	0.61812	False	True
LESION	6	1400	121	49	0.033058	0.041322	0.061224	0.045455	0.028571	free	0.061224	0	0			ION	ION	0.058976	0	0.39736	False	True
SPEIRS	6	1400	54	20	0.046296	0.055556	0.15	0.1	0	cellmate	0.15	0	0.2		SPIRES	SPEIR	SPEIR	0.12253	0	0	False	True
SPEIR	5	800	162	52	0.033951	0.030864	0.076923	0.04	0.022222	cellmate	0	0.057692	0.28846		RIPES			0.031247	0	0	False	True
SPEIL	5	800	117	35	0.068376	0.068376	0.14286	0	0.058824	cellmate	0	0.028571	0.37143		PILES			0.021745	0	0	False	True
FLESH	5	800	60	28	0.033333	0.033333	0.035714	0.066667	0.052632	dropTerminal	0	0.035714	0					0.023076	0	0	False	True
SORUS	5	800	75	28	0.026667	0.026667	0.035714	0	0	cellmate	0	0	0.17857		SOURS			0.01164	0	0	False	True
TREKS	5	800	62	26	0.08871	0.032258	0.076923	0	0.21739	free	0.076923	0	0			TREK	TREK	0.066951	0	0.012529	False	True
TRIAD	5	800	228	80	0.085526	0.057018	0.0875	0.13333	0.15625	free	0.075	0.0625	0			RIA	RIA	0.086458	0	1.0159	False	True
FEINT	5	800	88	38	0.011364	0.011364	0.026316	0	0.033333	independent	0	0	0					0.011132	0	0	False	True
FEIST	5	800	129	46	0.093023	0.077519	0.1087	0.13636	0.076923	free	0.1087	0	0			FEIS	FEIS	0.090007	0	0	False	True
ANGST	5	800	121	42	0.0082645	0.016529	0.02381	0	0	cellmate	0	0.02381	0.33333					0.020044	0	0	False	True
NEIST	5	800	694	221	0.01585	0.024496	0.0181	0	0	cellmate	0	0	0.36199		TINES			0.012163	0	0	False	True
