stem	boards	size	ptsNoneOpened	youCompletion	topQCompletion	frontierCompletion	uncontestedPerGame
ATES	673	8.153	4247600	0.35572	0.37781	0.41476	1482.6
RATE	587	8.029	3227000	0.38104	0.44466	0.44429	1126.4
LATE	395	9.4304	2578600	0.42407	0.43583	0.48513	900.03
TING	196	15.638	2479200	0.42103	0.43095	0.46972	865.34
REST	712	5.4424	2253400	0.35125	0.34168	0.37305	786.53
TIES	458	4.8624	2047800	0.32437	0.29537	0.33715	714.76
RING	187	13.503	1961200	0.40897	0.36117	0.44781	684.54
INGS	166	13.572	1941800	0.37494	0.3762	0.40795	677.77
LING	131	14.84	1856800	0.33754	0.3391	0.36493	648.1
LINE	294	8.4048	1845200	0.46042	0.47097	0.48846	644.05
TINE	475	4.7642	1582000	0.41823	0.37744	0.45083	552.18
ONES	411	6.0681	1548600	0.3581	0.43762	0.42702	540.52
RINE	374	6.0348	1451200	0.43792	0.49861	0.47159	506.53
ARES	716	5.8883	1445400	0.54057	0.50104	0.60292	504.5
ARED	449	6.7661	1377800	0.37802	0.40194	0.43233	480.91
TIER	458	4.5044	1350000	0.40583	0.42439	0.42637	471.2
AINE	407	5.8993	1318800	0.4277	0.46301	0.46135	460.31
NITE	459	4.7277	1294400	0.50298	0.55764	0.53227	451.8
ENTS	405	5.6173	1283600	0.40936	0.34773	0.4454	448.03
STED	359	6.0864	1269400	0.36074	0.40931	0.41558	443.07
TONE	336	7.3125	1245800	0.59501	0.67213	0.63365	434.83
LITE	300	5.5133	1217800	0.42898	0.44444	0.45108	425.06
ORES	561	5.0196	1211600	0.51003	0.4461	0.55953	422.9
NIES	436	4.75	1195800	0.36092	0.35802	0.35736	417.38
SING	208	7.5337	1162200	0.45286	0.47426	0.49489	405.65
IDES	315	5.9175	1147800	0.32123	0.36119	0.383	400.63
ONER	403	5.7419	1136800	0.41197	0.47173	0.48659	396.79
RISE	463	5.2289	1123200	0.44283	0.4523	0.47172	392.04
LIES	305	4.941	1122600	0.37336	0.30172	0.38087	391.83
ANES	456	4.5702	1111400	0.38728	0.4196	0.44661	387.92
RAIN	350	6.2829	1105000	0.51843	0.51977	0.60073	385.69
ASTER	324	6.0926	1093600	0.47558	0.60179	0.56832	381.71
EARS	458	6.0983	1091600	0.51571	0.42998	0.55037	381.01
DING	118	10.186	1070800	0.36364	0.32161	0.41361	373.75
STAR	481	5.2973	1057400	0.609	0.56344	0.65255	369.08
RONE	327	5.9297	1047800	0.35511	0.53156	0.43914	365.72
TATE	222	7.1486	1028200	0.50081	0.56579	0.56536	358.88
IRES	541	4.2847	1017400	0.47709	0.44242	0.52581	355.11
DIES	251	4.8127	976600	0.32379	0.31111	0.34024	340.87
LIST	268	5.5112	963000	0.40127	0.41379	0.42964	336.13
ANTS	331	5.4381	947000	0.41595	0.40303	0.46939	330.54
ROSE	398	5	932200	0.43833	0.37546	0.45272	325.38
RITE	369	4.1924	923400	0.44268	0.42	0.47157	322.3
ERES	406	5.1108	922000	0.43557	0.42246	0.47115	321.82
TORS	319	4.5329	906000	0.43165	0.46341	0.43523	316.23
LIER	300	4.86	895800	0.40556	0.3622	0.42174	312.67
ALES	411	5.1825	876400	0.46267	0.4633	0.52116	305.9
OSES	227	6.3877	870200	0.3487	0.32781	0.39024	303.73
AINS	330	5.4273	843200	0.48476	0.40374	0.52952	294.31
TEST	339	5.0914	839800	0.4059	0.47291	0.43614	293.12
ERED	259	5.2278	821400	0.2879	0.28025	0.29194	286.7
ARTS	419	4.2625	812000	0.43671	0.36601	0.48264	283.42
ENES	236	5.5297	793200	0.28798	0.29146	0.3249	276.86
IRED	342	5.0643	784200	0.37093	0.41515	0.43529	273.72
RANT	300	4.8667	778800	0.43046	0.48106	0.47949	271.83
CANT	148	7.3378	774000	0.45006	0.5	0.48497	270.16
EATS	516	4.2849	768200	0.50146	0.47453	0.54663	268.13
RATES	277	3.509	767400	0.43093	0.49296	0.49946	267.85
DENT	244	5.0574	764200	0.35741	0.43226	0.39156	266.74
REES	299	4.9197	756400	0.275	0.38693	0.33778	264.01
OLES	265	5.5962	751000	0.43577	0.41905	0.48164	262.13
ANTE	326	4.7086	740600	0.51721	0.49844	0.5679	258.5
STAT	163	6.7423	730200	0.5014	0.54412	0.54066	254.87
HING	106	8.6132	726600	0.31414	0.41007	0.36293	253.61
NEST	459	3.6296	711200	0.52667	0.41916	0.50158	248.24
TIRE	458	4.0677	698000	0.58578	0.60635	0.65013	243.63
DATE	265	4.7698	694400	0.5716	0.56477	0.5927	242.37
LETS	293	3.9488	693200	0.36308	0.30189	0.37235	241.95
INTER	220	5.6045	692400	0.53276	0.62687	0.61398	241.68
READ	300	5.0167	685000	0.37168	0.47895	0.43337	239.09
URES	232	4.8534	676400	0.36858	0.37569	0.38171	236.09
RIDE	256	4.9727	675400	0.47012	0.52128	0.53882	235.74
MATE	211	5.1374	673400	0.55581	0.55696	0.58519	235.04
ANTI	299	4.8161	661000	0.35882	0.33058	0.36873	230.72
TERN	382	5.1571	658600	0.49587	0.46237	0.50732	229.88
RETS	533	3.1576	656800	0.41198	0.38647	0.42308	229.25
TILE	294	5.119	656800	0.59603	0.56164	0.61863	229.25
AGES	141	5.6596	655800	0.3942	0.37748	0.40788	228.9
SINE	409	3.3594	655000	0.54106	0.48077	0.55787	228.62
TAIN	351	4.396	649400	0.61811	0.54448	0.64187	226.67
STIE	400	3.7225	641400	0.47699	0.4875	0.50894	223.87
EAST	473	4.241	641200	0.58358	0.53292	0.63406	223.8
CATE	239	4.3766	640600	0.59057	0.59912	0.6153	223.6
SIDE	281	4.6762	636200	0.47087	0.52121	0.50058	222.06
ARSE	469	3.8635	626400	0.53757	0.42326	0.5559	218.64
OUTS	128	6.3516	613200	0.37987	0.35714	0.42801	214.03
SILE	322	4.5528	612200	0.49865	0.47253	0.5082	213.68
TENS	390	3.8308	608800	0.46272	0.48624	0.51465	212.5
MENT	139	6.3309	606600	0.38512	0.33333	0.39024	211.73
HERE	193	5.4456	601000	0.34924	0.39752	0.40559	209.77
TRIN	295	4.9322	599200	0.59733	0.57895	0.60224	209.14
RENT	400	4.2125	592800	0.60538	0.58947	0.62722	206.91
TEAR	440	3.9727	591400	0.64535	0.62667	0.70735	206.42
LANE	291	4.2199	591400	0.44934	0.49738	0.50999	206.42
RANG	141	6.6525	588600	0.41333	0.42222	0.41644	205.45
SALT	188	4.8883	576600	0.48218	0.46281	0.48212	201.26
PINE	137	6.1095	575800	0.39492	0.32571	0.4116	200.98
AILS	201	5.9851	573000	0.48485	0.47867	0.53555	200
REAL	344	4.0465	572200	0.52276	0.41875	0.51568	199.72
PARE	203	5.3251	572200	0.46381	0.44589	0.50257	199.72
RAIL	237	5.9958	568800	0.52808	0.64545	0.59925	198.53
TARS	358	3.2905	567800	0.36902	0.35537	0.38083	198.18
LAND	137	6.3066	550400	0.4459	0.46842	0.48531	192.11
RASE	474	3.5907	542400	0.50359	0.59545	0.56678	189.32
EASE	328	6.6433	542000	0.68763	0.64502	0.71637	189.18
STING	101	7.0891	537200	0.44786	0.45714	0.53161	187.5
TINS	283	3.2898	534600	0.35396	0.33333	0.38552	186.6
HERS	214	4.7336	530200	0.41319	0.43318	0.44912	185.06
ACHE	104	8.4808	528600	0.50844	0.48598	0.48686	184.5
VERS	81	9.284	523400	0.24946	0.26263	0.29616	182.69
SERS	298	3.9799	515600	0.42192	0.50207	0.49424	179.97
ABLE	91	11.066	515000	0.49091	0.49057	0.48494	179.76
RAIS	313	4.1278	513600	0.6128	0.61905	0.60066	179.27
TARE	560	3.5679	511200	0.67098	0.6831	0.73684	178.43
IONS	213	4.6995	507000	0.31429	0.30526	0.30607	176.96
LENT	212	4.8255	506800	0.26617	0.34831	0.28417	176.89
ESTS	232	5.1897	504600	0.3598	0.40741	0.40787	176.13
MINE	156	5.8654	502400	0.49057	0.52518	0.54522	175.36
CHER	121	6.6777	501000	0.35922	0.38194	0.37457	174.87
SHES	140	6.8071	500800	0.36786	0.38235	0.4477	174.8
ARDS	190	5.3895	494200	0.31741	0.37607	0.37793	172.5
LINES	144	3.7708	486600	0.48	0.5	0.50505	169.84
CENT	148	6.3311	484400	0.43717	0.45695	0.45378	169.08
ANCE	147	7.585	482000	0.40094	0.46565	0.42546	168.24
TENT	220	4.8045	475000	0.51832	0.47895	0.53125	165.79
TART	222	4.509	472400	0.5209	0.47879	0.56298	164.89
TAIL	220	4.5409	471400	0.57876	0.58824	0.62267	164.54
ARTI	319	4.6144	468600	0.46575	0.3209	0.48454	163.56
RINS	275	4.1491	467000	0.47906	0.58278	0.53194	163
AMIN	143	7.4126	466800	0.4004	0.47531	0.49706	162.93
LACE	136	5.8162	461000	0.47154	0.5641	0.52353	160.91
SORE	393	3.6794	460800	0.58104	0.53514	0.59524	160.84
CARE	261	4.7548	460200	0.61515	0.6556	0.66638	160.63
GATE	160	4.7812	453400	0.54802	0.54194	0.56955	158.25
ICES	166	4.8976	450000	0.47486	0.45213	0.49708	157.07
AMES	188	5.0585	449800	0.45019	0.38384	0.48358	157
STONE	162	4.4691	448200	0.64337	0.68217	0.61874	156.44
LITES	162	3.1111	447600	0.33333	0.31325	0.34218	156.23
STEN	452	3.6327	445200	0.55743	0.56977	0.57838	155.39
TRON	268	4.9963	444800	0.50493	0.50968	0.51407	155.25
GERS	142	5.8099	443800	0.40381	0.375	0.43714	154.9
ERING	121	5.3306	440600	0.3284	0.38961	0.37385	153.79
HEAR	245	5.5265	440200	0.57236	0.68493	0.67387	153.65
ARIS	383	4.8225	439800	0.37356	0.37168	0.39291	153.51
PIER	149	4.9799	439600	0.37045	0.3956	0.39755	153.44
LAST	242	3.9628	438800	0.56933	0.51471	0.60447	153.16
RAGE	136	5.0515	438600	0.43478	0.4434	0.47874	153.09
MITE	165	4.9091	437000	0.53802	0.51471	0.55279	152.53
ANDS	145	4.7103	423400	0.41209	0.39394	0.45	147.78
DINE	242	3.9835	422200	0.63505	0.69565	0.66543	147.36
SENT	370	3.2622	421400	0.53937	0.56757	0.57576	147.09
ONIE	261	4.4981	419000	0.43939	0.42857	0.41567	146.25
ESTER	241	4.1037	417200	0.56445	0.58065	0.60674	145.62
NITES	153	2.9412	416600	0.35398	0.39286	0.38081	145.41
PART	134	5.5746	414800	0.46198	0.52586	0.52742	144.78
RATS	393	2.8524	412000	0.46003	0.43396	0.48249	143.8
PAST	140	5.6929	409600	0.53553	0.62011	0.59971	142.97
SATE	429	2.8904	409000	0.58769	0.6	0.57722	142.76
LINT	215	4.2512	409000	0.51132	0.50993	0.52766	142.76
RINES	188	3.2979	407800	0.5035	0.6	0.54662	142.34
NETS	307	2.8827	406600	0.41298	0.43697	0.42222	141.92
TALE	323	4.3994	406400	0.65752	0.68116	0.70958	141.85
AIRS	271	3.8118	406200	0.53631	0.51531	0.55767	141.78
ACES	205	4.2439	405200	0.51351	0.51232	0.57286	141.43
ARET	519	3.6069	404400	0.54116	0.54787	0.58969	141.15
TINES	153	2.9216	403600	0.43887	0.42735	0.47837	140.87
RODE	208	4.3846	403200	0.47532	0.44961	0.45701	140.73
SANT	238	3.6555	403200	0.46629	0.39604	0.47419	140.73
SOLE	214	4.2757	400400	0.51776	0.54264	0.55341	139.76
TRES	494	3.1012	399600	0.38364	0.36571	0.41992	139.48
EALE	218	5.1239	399200	0.41594	0.46465	0.47399	139.34
SITE	375	3.0133	395200	0.67033	0.59589	0.67308	137.94
RAND	158	4.057	394200	0.47796	0.40541	0.50194	137.59
RADE	198	4.197	394200	0.38745	0.48333	0.44921	137.59
RITES	185	2.8649	393400	0.39062	0.38372	0.43932	137.31
MISE	169	4.4556	392400	0.52536	0.38298	0.48941	136.96
ODES	219	4.0411	392000	0.47098	0.45082	0.49933	136.82
SCAR	162	6.0123	389800	0.53269	0.50442	0.55556	136.06
CHAR	104	7.8269	386200	0.53348	0.43871	0.55452	134.8
HARE	269	4.5651	385200	0.57041	0.58403	0.61106	134.45
CHIN	85	7.6588	384200	0.30968	0.58824	0.42431	134.1
POST	109	4.7706	381200	0.45932	0.52941	0.47685	133.05
ENDS	197	5.0406	379800	0.56888	0.53039	0.57796	132.57
LATI	182	4	379200	0.3374	0.33333	0.34906	132.36
TIME	159	5.1258	379000	0.60877	0.59124	0.61185	132.29
CORN	115	6.2783	374000	0.45973	0.44355	0.46449	130.54
LARE	316	3.3259	371800	0.59639	0.68333	0.64342	129.77
SPAR	112	5.7589	370600	0.52329	0.52083	0.54659	129.35
LANT	190	3.9526	370600	0.47717	0.53043	0.52065	129.35
HORS	158	5.0949	369400	0.51351	0.51818	0.50933	128.94
HEAT	219	3.8995	369400	0.61522	0.664	0.63793	128.94
TORE	384	3.3958	368600	0.6792	0.75	0.72902	128.66
HORE	145	4.2414	366800	0.45763	0.59292	0.52166	128.03
LINGS	55	6.2909	363600	0.39231	0.41176	0.42633	126.91
LATER	168	3.6607	362600	0.50507	0.49533	0.58608	126.56
NEAR	350	2.9886	362000	0.61454	0.69863	0.62044	126.35
OVER	64	8.5625	361800	0.44478	0.42857	0.46115	126.28
DEAL	228	3.7456	357400	0.50827	0.54651	0.53451	124.75
MING	72	7.7222	357000	0.48869	0.43103	0.52976	124.61
ORTS	347	3.4236	356400	0.51101	0.44974	0.50276	124.4
RACE	177	4.8249	355800	0.51697	0.64789	0.64124	124.19
DEAR	311	3.7395	355800	0.6848	0.69231	0.69401	124.19
RETE	250	3.648	354600	0.37671	0.40278	0.3899	123.77
TEND	233	3.9142	354000	0.54846	0.62308	0.60772	123.56
SURE	155	4.1355	351800	0.44966	0.51471	0.47129	122.79
FORE	94	4.734	350400	0.46465	0.48387	0.46175	122.3
NOSE	318	3.3962	348800	0.65066	0.63571	0.66762	121.75
LOSE	233	4.176	346400	0.54357	0.54229	0.5791	120.91
USES	95	5.7579	346400	0.26582	0.30159	0.34398	120.91
STATE	121	4.8264	346200	0.56545	0.63889	0.61829	120.84
LESS	123	4.7724	345000	0.36402	0.41667	0.37217	120.42
OAST	244	4.2582	344800	0.50297	0.51899	0.53934	120.35
HALE	162	5.0556	342600	0.49265	0.60606	0.56366	119.58
ALTER	131	4.4351	342000	0.52632	0.64583	0.5723	119.37
SIRE	428	3.1051	342000	0.55848	0.66667	0.63211	119.37
OOSE	156	5.6474	339000	0.42536	0.48428	0.48429	118.32
RUST	105	4.8952	339000	0.35316	0.44643	0.40152	118.32
EANS	344	3.8372	338000	0.4708	0.46222	0.53695	117.98
CART	175	5.2743	337600	0.61248	0.69333	0.66365	117.84
TONS	227	3.1189	336200	0.36866	0.36782	0.37861	117.35
UTES	158	3.7658	335400	0.31302	0.34259	0.36364	117.07
PING	58	9.3966	335000	0.46761	0.47059	0.50299	116.93
PORT	104	6.1538	334600	0.45619	0.56757	0.50638	116.79
SORT	300	3.8433	334000	0.63636	0.69444	0.63229	116.58
LEAT	250	3.368	333800	0.56667	0.46296	0.60568	116.51
TRAIN	155	4.5226	333200	0.64265	0.5	0.66996	116.3
CASE	188	3.2819	333000	0.48466	0.55556	0.48148	116.23
SEAT	352	2.9801	330200	0.67822	0.65497	0.71501	115.25
RAIT	306	3.4085	329000	0.61486	0.44604	0.60773	114.83
RAPE	141	5.3759	327800	0.50392	0.5597	0.58959	114.42
ROST	283	3.318	324400	0.56395	0.56757	0.60088	113.23
ROTE	357	2.8123	321800	0.69489	0.6391	0.68609	112.32
SIES	201	3.7811	321400	0.33198	0.33962	0.34328	112.18
APER	146	5.3493	320600	0.42402	0.47399	0.4867	111.9
SHIN	130	5.7385	320600	0.49667	0.57353	0.55882	111.9
LEST	256	3.082	320200	0.4381	0.44444	0.4693	111.76
RATED	133	3.2105	320000	0.44224	0.39474	0.49215	111.69
SPIN	98	6.2245	319600	0.39013	0.42254	0.43445	111.55
LUTE	103	6.2718	319400	0.39636	0.40506	0.42757	111.48
SOLA	183	4.6557	317800	0.46237	0.57895	0.46305	110.92
CAST	188	4.2713	315400	0.68364	0.6686	0.70865	110.09
ANIS	360	3.6278	315400	0.41304	0.30986	0.41127	110.09
TANE	263	3.0646	310400	0.51596	0.5935	0.57026	108.34
TELL	103	5.4272	310200	0.52507	0.59615	0.54943	108.27
REAR	229	3.6288	309800	0.49425	0.48276	0.51367	108.13
NAIL	209	4.3923	309600	0.58025	0.63636	0.62562	108.06
SEAL	261	2.9655	309200	0.6472	0.63725	0.64736	107.92
MART	136	4.6103	308800	0.47126	0.58654	0.55408	107.78
WING	37	11.892	308800	0.44935	0.53521	0.45763	107.78
RIAL	222	4.3514	307800	0.43784	0.37037	0.41192	107.43
SHED	115	5.8348	307000	0.42683	0.46667	0.44755	107.16
LEAR	275	4.0945	305400	0.6675	0.66837	0.72984	106.6
LEAS	271	3.8524	305000	0.64977	0.75419	0.70127	106.46
ORAL	213	4.5446	304400	0.48974	0.59091	0.50881	106.25
SERE	302	3.0265	304200	0.4597	0.56436	0.52399	106.18
UNDE	83	5.7952	303800	0.41971	0.5	0.44379	106.04
LATED	109	3.8716	303800	0.43598	0.51852	0.48158	106.04
AGER	142	5.0704	301800	0.51899	0.45238	0.54911	105.34
NINE	187	3.7754	300600	0.58284	0.5625	0.59667	104.92
NATES	145	2.9724	299400	0.3981	0.46341	0.4216	104.5
HONE	168	4.7381	298600	0.5663	0.69333	0.59652	104.22
REAM	182	4.3516	297600	0.56233	0.59574	0.59542	103.87
TINGS	71	6.0563	297400	0.49067	0.58716	0.55366	103.8
REED	191	4.1309	297200	0.42796	0.61538	0.5269	103.73
HOSE	226	4.2876	295800	0.54972	0.57759	0.57644	103.25
LADE	214	4.5234	290600	0.61043	0.51111	0.62219	101.43
CONS	116	3.8966	288800	0.30769	0.30769	0.3	100.8
TRIE	370	3.5351	287200	0.64578	0.66957	0.67845	100.24
ENTER	141	4.4113	287000	0.55747	0.61832	0.61458	100.17
ROOT	121	3.9835	285800	0.54737	0.55556	0.56608	99.756
DITE	195	3.1897	282800	0.61429	0.5977	0.60765	98.709
GENT	115	4.7478	282600	0.41364	0.37681	0.43917	98.639
PEAR	150	4.4933	282400	0.53919	0.6	0.59165	98.569
TAPE	125	5.192	282200	0.52632	0.60938	0.58185	98.499
TEEN	201	4.1542	281800	0.44706	0.59596	0.55703	98.36
MORE	162	3.5988	281800	0.51562	0.54667	0.53731	98.36
LAIN	203	3.3202	280800	0.36164	0.39655	0.41928	98.01
RONES	169	3.2367	280200	0.42517	0.6129	0.5311	97.801
MIST	132	4.0076	279000	0.51698	0.47059	0.54062	97.382
PATE	158	4.9177	278200	0.62282	0.61616	0.66667	97.103
EARN	290	3.8103	277400	0.56557	0.61429	0.63572	96.824
TANG	135	4.9481	276800	0.53634	0.51678	0.57803	96.614
CORE	195	3.7641	276400	0.61895	0.61157	0.67647	96.475
BASE	124	4.1613	276000	0.47841	0.40909	0.5	96.335
DENS	200	3.145	273600	0.49045	0.5	0.5262	95.497
HOST	154	3.4221	271000	0.50704	0.33333	0.48421	94.59
ARCH	87	6.2874	269800	0.45312	0.41667	0.46254	94.171
APES	140	4.5786	266800	0.48417	0.5	0.55051	93.124
MOTE	131	5.1145	266600	0.46667	0.55147	0.50624	93.054
OATS	242	3.0248	264600	0.51461	0.59155	0.54779	92.356
EATER	201	4.0796	264400	0.66607	0.64844	0.73264	92.286
TORT	168	4.9821	264000	0.62121	0.63158	0.64259	92.147
AMEN	163	5.3865	263400	0.54369	0.55556	0.55758	91.937
HAST	187	4.1016	261400	0.6055	0.65714	0.65188	91.239
ONERS	154	3.4935	261400	0.48744	0.55224	0.57884	91.239
SANE	358	3.081	260800	0.69231	0.60993	0.70721	91.03
SALE	280	2.9893	259600	0.58429	0.66667	0.62519	90.611
OOTS	126	4.8492	257800	0.42801	0.45455	0.49564	89.983
SEAR	364	2.9753	257800	0.76066	0.75424	0.77764	89.983
CINE	157	3.1465	256800	0.53107	0.57143	0.52614	89.634
NESS	131	3.9008	256400	0.32237	0.27778	0.32065	89.494
RAINE	167	3.5689	255400	0.61671	0.61728	0.69355	89.145
ITHER	95	5.2316	255400	0.4023	0.41333	0.40777	89.145
ALINE	156	3.9551	254800	0.70096	0.7439	0.6887	88.935
TATES	98	3.2041	254200	0.47032	0.48529	0.51903	88.726
TONES	147	3.0204	253200	0.5814	0.71429	0.63753	88.377
STIR	343	3.5539	248800	0.65424	0.66412	0.67738	86.841
COST	132	4.9394	247000	0.67857	0.74627	0.67837	86.213
MAIN	138	4.1667	246200	0.56433	0.47872	0.60533	85.934
LAIR	187	3.4706	246000	0.49338	0.44118	0.50895	85.864
OONS	112	4.7143	245800	0.39835	0.41228	0.46331	85.794
RISES	98	3.6633	245600	0.41714	0.4	0.43939	85.724
EARED	142	4.2535	244800	0.56398	0.51695	0.62635	85.445
RILL	66	6.3788	241800	0.46774	0.65385	0.50442	84.398
TOLE	189	3.6508	239000	0.62077	0.63115	0.64448	83.421
DORE	215	3.1767	238000	0.57995	0.57843	0.61538	83.072
STERN	193	3.601	237400	0.46875	0.51389	0.48562	82.862
RANTS	134	2.9328	236200	0.43373	0.54412	0.5	82.443
CANE	182	3.8132	236200	0.56279	0.59615	0.63589	82.443
REDE	191	3.7958	234000	0.47388	0.56977	0.5	81.675
THIN	134	3.903	232600	0.61468	0.53571	0.53943	81.187
TALL	80	5.175	232400	0.56268	0.42553	0.57294	81.117
ROUT	100	5.83	232200	0.58355	0.60204	0.6551	81.047
SETS	236	2.822	232000	0.45247	0.36735	0.47075	80.977
ICER	152	3.9803	231000	0.54985	0.50505	0.57018	80.628
HORN	108	4.8704	229400	0.47449	0.40698	0.50909	80.07
SIGN	136	5.1544	228000	0.54255	0.45312	0.47253	79.581
SENS	253	3.3953	227600	0.52439	0.43421	0.48469	79.442
TAME	164	4.0183	227000	0.67327	0.63793	0.682	79.232
AILED	104	4.8654	226400	0.55278	0.47423	0.62299	79.023
LEAD	151	3.3179	226400	0.59843	0.59804	0.61867	79.023
REIN	369	2.9214	225600	0.6259	0.59091	0.60212	78.743
DORS	138	3.9638	224400	0.52459	0.57971	0.57778	78.325
MAST	125	3.304	223600	0.59426	0.6044	0.61789	78.045
GEST	134	4.1716	223400	0.36318	0.55556	0.372	77.976
TRAT	196	3.1735	222400	0.46012	0.30233	0.4685	77.627
TEAD	209	3.6316	222400	0.65546	0.54167	0.64397	77.627
ROLL	50	5.92	222200	0.37705	0.44444	0.42623	77.557
RINGS	66	4.6818	220400	0.53184	0.47826	0.57823	76.928
ROLE	160	3.2625	220000	0.55263	0.58462	0.55499	76.789
USER	174	3.7701	219600	0.46452	0.53763	0.5036	76.649
AITS	313	2.8403	219000	0.6	0.43796	0.60145	76.44
POSE	117	4	218800	0.59885	0.52381	0.63507	76.37
RAINS	123	3.1789	218400	0.52581	0.53226	0.6119	76.23
OURS	95	4.7474	218200	0.52	0.475	0.55376	76.161
SELL	106	4.0849	218000	0.40588	0.41026	0.47703	76.091
RICE	134	4.7388	217200	0.46358	0.68852	0.57143	75.812
CORS	120	3.8583	216400	0.62925	0.5303	0.61478	75.532
HOLE	111	4.1081	216400	0.48969	0.46429	0.48814	75.532
PIES	100	3.33	214600	0.42	0.4	0.425	74.904
ACER	176	4.1023	214400	0.63578	0.55556	0.68136	74.834
PALE	112	5.0714	213800	0.59277	0.51969	0.60922	74.625
TASE	427	2.8735	213600	0.82837	0.77019	0.84156	74.555
AVER	72	7.3611	212800	0.44444	0.53488	0.54911	74.276
DATES	89	2.5843	210600	0.43949	0.42857	0.45596	73.508
PENT	89	3.9663	210200	0.47647	0.66667	0.51282	73.368
BATE	109	3.8165	210000	0.55016	0.60256	0.60556	73.298
EATH	217	4.3917	209400	0.36885	0.39583	0.39672	73.089
UNDER	55	5.0909	209400	0.4152	0.49206	0.46919	73.089
BORE	86	4.814	209000	0.45928	0.5	0.47941	72.949
SERA	545	3.1211	208800	0.35593	0.48315	0.41987	72.88
TENE	173	3.4104	208600	0.56877	0.57143	0.59137	72.81
STARE	249	2.7028	208200	0.73423	0.75556	0.7699	72.67
TEAL	260	3.4654	207600	0.67725	0.68182	0.75378	72.461
LEAN	240	3.3125	206000	0.62376	0.56881	0.66485	71.902
SAIL	173	3.3179	205000	0.70349	0.67568	0.69773	71.553
HEAD	99	4.1111	204800	0.5124	0.38462	0.51282	71.483
HIES	133	3.2481	204600	0.39024	0.3871	0.40942	71.414
AIDE	235	3.6553	202400	0.7247	0.72222	0.74286	70.646
MANS	105	3.9524	201600	0.35676	0.35714	0.368	70.366
TOIL	142	4.7465	201200	0.70391	0.7619	0.7362	70.227
STERE	151	2.8212	200400	0.50376	0.62069	0.536	69.948
STEAR	211	3.1232	200200	0.74055	0.74766	0.77481	69.878
LORE	191	2.8325	200200	0.64688	0.5463	0.65101	69.878
RAST	251	2.6972	200000	0.5663	0.62637	0.60832	69.808
REEN	211	3.4123	200000	0.47718	0.63107	0.57407	69.808
TANS	161	2.6273	199200	0.42236	0.48387	0.43096	69.529
CADE	118	3.5254	198000	0.51969	0.47368	0.54655	69.11
LIME	96	4.8646	197800	0.48675	0.53846	0.56198	69.04
HAIR	133	3.9925	197200	0.50279	0.55	0.51613	68.831
ERNS	282	3.3014	197000	0.45513	0.41732	0.48919	68.761
ULES	129	3.8295	196400	0.34545	0.34247	0.3617	68.551
GIES	96	3.9688	195800	0.34848	0.375	0.34239	68.342
TRAP	128	4.8359	195400	0.63768	0.4902	0.59104	68.202
TRAD	171	4.0819	194600	0.59906	0.71186	0.61637	67.923
ITCH	74	6.1622	194400	0.42105	0.35556	0.44061	67.853
ERNE	263	4.2129	194400	0.3641	0.51685	0.42151	67.853
RAISE	185	3.4054	193400	0.69355	0.81667	0.72834	67.504
RATER	163	2.9264	193400	0.59937	0.66019	0.65574	67.504
ACED	103	3.7476	193200	0.54508	0.44118	0.5289	67.435
CITE	173	3.8786	193000	0.72248	0.73171	0.75696	67.365
HIST	152	2.9671	191600	0.46328	0.55556	0.5	66.876
MATES	70	2.7429	191400	0.42	0.46667	0.43605	66.806
LAME	114	4.4386	190600	0.59226	0.65957	0.63789	66.527
OWER	69	6.5072	190400	0.55814	0.60185	0.60705	66.457
TINT	172	4.1977	189800	0.67506	0.73333	0.72474	66.248
CODE	90	4.6667	189400	0.5641	0.70732	0.61561	66.108
RANGE	61	4.4918	189200	0.5	0.5	0.51163	66.038
KING	21	12.095	188400	0.4381	0.24324	0.43779	65.759
NARE	365	2.9753	186800	0.63562	0.69792	0.65747	65.201
ARLE	217	3.6682	186400	0.61027	0.49351	0.58824	65.061
LASE	289	3.0865	185800	0.77005	0.80328	0.80107	64.852
ERAS	483	3.0476	185400	0.43966	0.625	0.56709	64.712
TORI	210	3.219	185400	0.56571	0.51852	0.55094	64.712
BAND	53	5.1698	185200	0.42584	0.51724	0.48458	64.642
TICE	129	3.3566	185000	0.61991	0.66176	0.61565	64.572
LINS	138	2.6377	184400	0.4	0.43333	0.43719	64.363
SLAT	214	4.1636	181800	0.73684	0.74286	0.79035	63.455
RIVE	48	6.9167	181600	0.4125	0.7	0.47451	63.386
ANTA	159	4.1132	181400	0.47186	0.51852	0.46512	63.316
NEAT	325	2.9292	181400	0.68914	0.6875	0.68271	63.316
HIRE	199	3.799	180200	0.6411	0.68333	0.7078	62.897
TITE	129	3.186	179800	0.65842	0.60976	0.65559	62.757
CONE	132	3.4697	179800	0.56169	0.55882	0.62368	62.757
COAT	119	5.1345	179600	0.66452	0.68085	0.70588	62.688
TRINE	176	3.2841	179000	0.70333	0.72941	0.74217	62.478
ENDER	104	5.125	179000	0.72674	0.74	0.76674	62.478
FINE	85	4.6706	178400	0.583	0.85366	0.65385	62.269
TELE	132	3.5455	177400	0.55556	0.76596	0.58451	61.92
MANI	115	4.1565	176400	0.42727	0.44118	0.40741	61.571
DANT	133	3.0526	175800	0.53797	0.68182	0.51311	61.361
CHAS	83	4.759	175600	0.57767	0.7013	0.61824	61.291
TORA	241	3.1328	175600	0.57576	0.5	0.57313	61.291
SATI	306	3.5327	175000	0.65	0.70526	0.67109	61.082
TIRES	139	2.4604	175000	0.57085	0.57895	0.62876	61.082
ACHES	57	4.9123	173400	0.55414	0.54286	0.54959	60.524
ELATE	154	5.0974	172600	0.81447	0.84404	0.81439	60.244
PROS	101	4.5545	172000	0.52353	0.4	0.51282	60.035
TELS	179	2.8939	171600	0.36449	0.46429	0.37736	59.895
NAME	141	4.0567	171600	0.71255	0.71429	0.68843	59.895
TEIN	392	3.1556	171000	0.68498	0.58095	0.65032	59.686
PLAT	79	5.6962	170600	0.58257	0.55319	0.60635	59.546
LONE	157	3.3503	170000	0.65089	0.64557	0.68591	59.337
BEST	88	3.9545	170000	0.42169	0.45833	0.43925	59.337
AIRED	129	3.2016	169800	0.61538	0.66265	0.64516	59.267
WINE	73	5.0411	169600	0.42276	0.67213	0.51361	59.197
COME	64	4.7344	169400	0.48485	0.44068	0.52066	59.127
INNER	77	4.5325	168400	0.49794	0.61972	0.59532	58.778
HALL	49	5.2857	168000	0.40602	0.29412	0.36628	58.639
OTHER	88	4.8409	168000	0.6125	0.8125	0.60949	58.639
ROTI	205	3.322	167800	0.59887	0.68085	0.6087	58.569
LIED	118	3.2458	167400	0.44017	0.32143	0.45113	58.429
GRAT	108	4.3704	167200	0.65741	0.7561	0.69325	58.36
LOUR	46	5.0217	166400	0.44375	0.73333	0.48241	58.08
RIDES	101	2.6733	166200	0.48	0.54348	0.53778	58.01
SETT	130	3.2692	166200	0.64463	0.7	0.68269	58.01
ANTED	98	3.3571	165000	0.47951	0.45679	0.54225	57.592
SEAM	136	3.6838	164800	0.62736	0.66667	0.64286	57.522
HAND	81	4.3086	164000	0.60829	0.65217	0.63218	57.243
SONE	196	2.398	164000	0.61658	0.6	0.65359	57.243
RACH	79	4.481	162800	0.66154	0.57143	0.59227	56.824
NONE	107	3.4766	162800	0.36607	0.51613	0.49065	56.824
CHAT	81	3.4691	161800	0.53333	0.46154	0.51282	56.475
PAIN	97	4.2371	161800	0.54694	0.56098	0.64012	56.475
TOSE	234	2.4658	161200	0.74085	0.66197	0.72513	56.265
TIED	225	2.44	160400	0.48966	0.55357	0.51852	55.986
CARD	84	4.4167	160200	0.58291	0.6	0.60821	55.916
LASS	86	3.8605	160200	0.45732	0.43478	0.44628	55.916
MAIL	86	5.3605	159600	0.57285	0.625	0.64305	55.707
MANE	152	3.3092	159400	0.54023	0.55405	0.56944	55.637
TOUR	80	4.7875	159200	0.58421	0.72222	0.59231	55.567
OTTER	86	4.6512	159200	0.54723	0.64384	0.63736	55.567
OARS	192	3.1719	159200	0.52698	0.48333	0.57576	55.567
TILL	78	4.4744	159000	0.63103	0.60656	0.70192	55.497
WARD	46	5.3478	158600	0.39823	0.58824	0.41916	55.358
MINES	60	3.55	158400	0.40523	0.38889	0.45029	55.288
HANT	124	3.5484	156400	0.6087	0.46032	0.62238	54.59
ROON	89	3.5056	155600	0.46939	0.63636	0.49296	54.311
TONER	158	3.1646	155400	0.72987	0.84173	0.79654	54.241
REPO	95	4.6947	154800	0.70213	0.61905	0.68506	54.031
FEST	112	3.5536	154200	0.43046	0.47368	0.48661	53.822
MOSE	106	2.9623	154200	0.5847	0.57143	0.58498	53.822
LIKE	27	7.4074	154200	0.38406	0.4	0.41447	53.822
MINA	131	4.6947	154200	0.44961	0.52632	0.43455	53.822
PINES	64	3.0781	153800	0.42857	0.39535	0.44848	53.682
PARS	108	3.5926	153600	0.59514	0.52703	0.62654	53.613
DONS	136	2.8162	153400	0.42446	0.4	0.39175	53.543
RAMS	123	3.1382	153400	0.42529	0.36842	0.46275	53.543
TACH	80	3.85	153200	0.46853	0.625	0.5291	53.473
ANGLE	38	7.4474	153200	0.68067	0.47059	0.63333	53.473
SONS	136	3.4044	152800	0.26923	0.3871	0.3038	53.333
CALL	45	5.2222	152400	0.53695	0.5641	0.57991	53.194
PANE	111	3.6486	152200	0.57364	0.525	0.60127	53.124
STORE	167	2.8802	151600	0.7788	0.77049	0.77573	52.914
ACTS	124	3.3145	151600	0.41606	0.40909	0.42254	52.914
BAST	99	4.5152	151400	0.66308	0.67816	0.66244	52.845
START	100	3.18	151400	0.60736	0.62162	0.62946	52.845
LITH	101	4.9802	150800	0.61176	0.55128	0.60377	52.635
READS	98	2.8571	150800	0.44604	0.525	0.5	52.635
MERE	135	3.437	150800	0.54037	0.60377	0.56552	52.635
CANS	140	2.85	150800	0.39247	0.375	0.41245	52.635
CAME	65	4.0308	150000	0.38889	0.52174	0.43284	52.356
PENS	94	3.1383	150000	0.34615	0.5	0.36517	52.356
USED	105	3.6667	150000	0.40415	0.39655	0.43568	52.356
SANG	101	3.3267	149800	0.50521	0.35484	0.50855	52.286
TILES	94	2.6702	149600	0.52688	0.54386	0.57269	52.216
EVER	37	6	149400	0.36567	0.23729	0.39247	52.147
OPES	109	4.156	149400	0.46537	0.58462	0.57002	52.147
SNAR	278	3.6942	149200	0.74146	0.6125	0.71136	52.077
OILS	146	3.8973	149000	0.67507	0.62963	0.68941	52.007
DITS	194	2.7268	148800	0.37952	0.39583	0.40449	51.937
MEAT	147	2.9796	148800	0.61497	0.55	0.58696	51.937
PRAT	133	4.782	148400	0.62451	0.67391	0.6547	51.798
DONE	144	3.0278	148000	0.67018	0.5119	0.68333	51.658
RONT	197	3.3909	147200	0.74219	0.78431	0.73727	51.379
EARD	201	3.1294	146800	0.52121	0.52941	0.50714	51.239
COUR	49	6.898	146200	0.45833	0.52778	0.52968	51.03
ROAD	116	3.9569	146000	0.54167	0.5	0.52381	50.96
PEST	140	3.0143	146000	0.5198	0.61798	0.5802	50.96
NOTE	296	3.3142	145400	0.84843	0.8038	0.85578	50.75
VERT	73	5.1781	145200	0.30719	0.52941	0.36957	50.681
SPIE	119	4.2437	144600	0.5381	0.57143	0.59712	50.471
EELS	118	4.0593	144600	0.46048	0.45918	0.48861	50.471
OCHE	64	5.8594	144200	0.25984	0.52941	0.32778	50.332
HARD	105	4.0667	144200	0.59669	0.60714	0.63251	50.332
RASH	175	3.5029	143800	0.67249	0.56944	0.6875	50.192
CRAN	137	3.9927	143400	0.66116	0.62766	0.66762	50.052
CARS	133	3.0075	143200	0.59756	0.64583	0.64198	49.983
SAGE	104	3.2981	143000	0.56571	0.61538	0.57447	49.913
LATS	210	2.5667	142600	0.49684	0.45714	0.54501	49.773
RITS	216	2.4907	142200	0.49612	0.51429	0.54167	49.634
HATE	239	3.3808	142000	0.85193	0.83562	0.86455	49.564
SAIN	285	3.1158	142000	0.73409	0.66897	0.7813	49.564
LIVE	39	8	141600	0.51031	0.39024	0.52564	49.424
CREE	77	4.8961	141600	0.38994	0.61111	0.54132	49.424
METE	103	4.0971	141600	0.62162	0.50769	0.63258	49.424
OLDE	100	4.86	141600	0.52857	0.58182	0.54511	49.424
THING	38	4.3158	141000	0.33333	0.42857	0.35652	49.215
STIES	74	3.0405	140600	0.40336	0.44828	0.45333	49.075
PERE	98	3.2245	140600	0.49412	0.525	0.50711	49.075
TREE	223	3.5067	140400	0.70395	0.68868	0.74233	49.005
INTERS	80	3.425	140400	0.6129	0.73846	0.69444	49.005
DIAL	129	3.7132	140400	0.58042	0.68852	0.65948	49.005
GALE	95	3.2947	139000	0.55932	0.65217	0.56164	48.517
DINGS	37	4.6486	138000	0.37903	0.31818	0.45333	48.168
LOTS	121	2.8264	138000	0.44162	0.55172	0.47162	48.168
EROS	434	3.6866	138000	0.30252	0.3	0.29796	48.168
ROES	217	2.5853	137800	0.36885	0.46667	0.38922	48.098
LICE	68	4.1029	137400	0.41045	0.36066	0.47024	47.958
SHOT	128	3.6406	136800	0.58947	0.78125	0.67347	47.749
ASTERS	87	3.6782	136400	0.60909	0.74074	0.69742	47.609
TINA	291	3.1684	136200	0.55046	0.45946	0.52381	47.539
HART	143	3.0909	135600	0.63596	0.6	0.69255	47.33
RILE	205	2.7463	135200	0.73643	0.69412	0.71899	47.19
SOUT	79	3.6962	135200	0.57065	0.64706	0.63071	47.19
BLAT	77	5.1688	135200	0.5625	0.55357	0.62593	47.19
TASS	117	3.5214	135000	0.60526	0.47826	0.58644	47.12
MORA	134	4.5821	134800	0.65079	0.64286	0.66775	47.051
OATER	154	3.026	134800	0.67323	0.74603	0.72443	47.051
COSE	168	3.0476	134400	0.67834	0.63529	0.67526	46.911
REND	210	2.9	134400	0.70625	0.75	0.77609	46.911
ALLY	33	6.6061	134200	0.35514	0.32353	0.35461	46.841
PLAN	66	6.0758	134000	0.63014	0.72727	0.656	46.771
CONI	102	4.1961	134000	0.37302	0.75	0.41818	46.771
RATING	48	3.5625	134000	0.5625	0.55172	0.61111	46.771
HEST	153	2.7516	133800	0.53333	0.69231	0.61134	46.702
SPIRE	57	4.3158	133800	0.54867	0.6	0.57778	46.702
TOON	82	3.3415	133800	0.58273	0.475	0.60106	46.702
BIDE	66	5.0758	133800	0.47442	0.61905	0.57576	46.702
SIDES	72	2.75	133800	0.40426	0.51724	0.44681	46.702
AGEN	104	4.0385	133600	0.5035	0.53333	0.53039	46.632
MODE	70	4.3143	133400	0.49686	0.7	0.57339	46.562
GALL	26	5.5	133000	0.36607	0.18519	0.42969	46.422
ILLS	67	5.4627	132600	0.43243	0.4557	0.50932	46.283
OUTER	79	4.7342	132400	0.63192	0.77465	0.71681	46.213
SCAT	104	3.5096	131800	0.53939	0.71429	0.61993	46.003
SINS	143	2.6014	131400	0.4539	0.47727	0.4507	45.864
LANES	97	2.5464	131000	0.47742	0.575	0.55897	45.724
NIDE	227	3.1762	130800	0.51351	0.67188	0.64	45.654
EARL	147	3.1973	130400	0.5814	0.58621	0.57635	45.515
OSIER	144	3.5972	130200	0.36774	0.52174	0.36994	45.445
INTI	164	4.0244	130200	0.33333	0.27027	0.34247	45.445
NEAL	207	2.686	129800	0.68394	0.63333	0.66078	45.305
MILE	108	4.0463	129600	0.72263	0.67164	0.71467	45.236
LANG	73	3.9589	129200	0.49254	0.40476	0.51064	45.096
RAVE	56	6.4643	129000	0.57143	0.7037	0.62807	45.026
LEND	89	3.3034	129000	0.67647	0.63415	0.65438	45.026
NETT	128	3.5781	128600	0.59563	0.78125	0.67681	44.887
FORES	41	3.4878	128400	0.55856	0.53659	0.55118	44.817
CATER	108	2.7037	128000	0.7027	0.70492	0.71923	44.677
LITER	92	2.5326	128000	0.69178	0.86957	0.71429	44.677
RARE	178	3.309	127800	0.70732	0.71698	0.73427	44.607
LAPS	77	4.5195	127800	0.45732	0.38776	0.52586	44.607
ROTA	297	3.2795	127600	0.72143	0.61111	0.66975	44.538
BARE	132	3.2197	127600	0.71924	0.74194	0.76064	44.538
EANED	83	3.3253	127600	0.46541	0.46552	0.48673	44.538
LUST	64	4.5156	127200	0.512	0.54545	0.5914	44.398
RESIN	153	2.549	127200	0.68571	0.7381	0.68807	44.398
AUNT	92	6.25	126600	0.57895	0.54839	0.63729	44.188
OWED	50	5.58	126400	0.49324	0.35938	0.48361	44.119
AVES	47	6.383	126400	0.48899	0.53659	0.52896	44.119
MISS	60	4.7667	126200	0.45517	0.36957	0.47368	44.049
SHIER	91	3.1429	126200	0.52308	0.63333	0.56701	44.049
COTT	38	5.5	125600	0.45977	0.4359	0.54822	43.839
MALT	68	3.7353	125400	0.43651	0.61538	0.47297	43.77
INGLE	50	7.24	125400	0.56364	0.66667	0.62931	43.77
LANDS	45	3.3556	125400	0.36957	0.4	0.40517	43.77
CARR	43	4.3721	125400	0.35897	0.53333	0.37037	43.77
HANG	67	4.4179	125200	0.50323	0.36111	0.49029	43.7
BALL	33	5.5758	124600	0.53211	0.61538	0.53247	43.49
CARN	92	3.413	124600	0.71271	0.64706	0.67364	43.49
MITER	83	2.9157	124400	0.66887	0.58537	0.62687	43.421
SEAS	151	2.6424	124400	0.60927	0.6129	0.66387	43.421
DELI	164	3.0915	124200	0.66154	0.60714	0.61257	43.351
BEAR	78	4.0769	124200	0.64929	0.57143	0.69257	43.351
SIST	128	3.8359	124200	0.49123	0.45455	0.49425	43.351
DENTS	75	2.6133	124000	0.43678	0.58333	0.45255	43.281
CATES	61	2.3607	123400	0.45745	0.48718	0.475	43.072
PILE	85	4.9765	123400	0.59459	0.64474	0.64265	43.072
SAND	136	2.9191	123400	0.71491	0.68966	0.72069	43.072
LATH	125	4.672	123200	0.76692	0.62195	0.743	43.002
HAIN	139	3.4317	123200	0.5	0.55172	0.58846	43.002
RASES	97	2.4536	123200	0.44248	0.55263	0.51136	43.002
AIDS	157	3.172	123000	0.63666	0.58228	0.63682	42.932
ANGER	67	4.9552	122600	0.61468	0.475	0.68085	42.792
APED	65	4.4154	122400	0.37368	0.35938	0.45148	42.723
GATES	56	2.6607	121400	0.41053	0.5	0.45	42.373
GING	45	6.0222	121200	0.58235	0.42553	0.59067	42.304
FIRE	103	3.3495	121200	0.73333	0.70588	0.70896	42.304
LIEN	207	3.4734	120800	0.52128	0.7037	0.54762	42.164
DINER	112	2.6964	120600	0.66484	0.89744	0.69512	42.094
CUTE	62	4.6613	120400	0.55975	0.58333	0.55963	42.024
VINE	68	4.6618	120400	0.52198	0.70833	0.56379	42.024
LERE	182	2.7418	120200	0.6506	0.68	0.64583	41.955
AGED	78	3.4487	120000	0.53191	0.40816	0.51515	41.885
ROOS	125	3.848	120000	0.61509	0.70588	0.69737	41.885
LOOS	76	4.2368	120000	0.54422	0.7027	0.58921	41.885
CIDE	82	3.8293	119800	0.67568	0.62963	0.67635	41.815
MEAN	123	3.9268	119600	0.6872	0.66667	0.71598	41.745
HILL	39	5.8974	119400	0.47333	0.4375	0.55556	41.675
NITS	214	2.3131	119200	0.44872	0.45	0.4549	41.606
TEER	219	2.8858	119200	0.67626	0.64964	0.73198	41.606
REATE	154	2.7013	119200	0.65493	0.67797	0.67769	41.606
POTS	72	2.9861	119000	0.44094	0.43478	0.44586	41.536
RENS	226	2.2566	119000	0.52201	0.52941	0.52	41.536
TUNE	117	3.7436	118600	0.73059	0.80357	0.73476	41.396
LONG	52	5.4423	118200	0.47328	0.55	0.48649	41.257
RATIO	92	3.9565	118000	0.71277	0.69697	0.68153	41.187
RAILS	75	3.1867	118000	0.46763	0.65789	0.54857	41.187
ARETS	142	2.3944	117800	0.56069	0.51667	0.56364	41.117
ALTS	177	2.5876	117600	0.55072	0.50909	0.58571	41.047
TIDE	186	2.3656	117400	0.7788	0.83673	0.78165	40.977
AMIS	136	3.7279	117400	0.35443	0.52941	0.40237	40.977
ESSE	89	4.4944	116600	0.36066	0.33333	0.30303	40.698
EARING	54	5.1111	116600	0.64398	0.775	0.70916	40.698
LINER	120	2.85	116000	0.75225	0.75	0.79004	40.489
COLE	92	2.837	116000	0.6039	0.51667	0.64317	40.489
TOILE	88	4.2727	116000	0.70984	0.83871	0.75824	40.489
LASH	115	3.7391	115800	0.63566	0.69444	0.66667	40.419
SALL	77	4.0909	115800	0.64286	0.52632	0.67176	40.419
GENE	61	4.6721	114800	0.42667	0.43478	0.4058	40.07
SALTER	42	2.9762	114600	0.47191	0.77778	0.50893	40
WARE	108	3.1759	114400	0.63131	0.67241	0.66901	39.93
EMES	87	3.8851	114400	0.35115	0.36585	0.41014	39.93
GRAM	51	4.549	114000	0.46667		0.47619	39.791
OMER	122	3.3607	113600	0.38554	0.4186	0.375	39.651
MATT	51	5.549	113600	0.69626	0.74419	0.73034	39.651
SERR	152	4.1842	113600	0.52703	0.62745	0.59821	39.651
PATER	78	2.8333	113600	0.5858	0.71429	0.63725	39.651
RIME	114	4.0965	113400	0.60593	0.6092	0.68932	39.581
RATION	53	3.7925	113400	0.60656	0.6	0.57547	39.581
CHIS	62	3.4516	113400	0.29508	0.5	0.31915	39.581
ROIN	200	3.215	113400	0.49398	0.58537	0.52941	39.581
PANT	79	4.0253	113400	0.65145	0.73684	0.68571	39.581
RESH	164	3.2561	113400	0.42857	0.54167	0.45865	39.581
MORT	112	3.1071	113200	0.56429	0.5	0.59278	39.511
COTE	130	2.7615	113200	0.65258	0.60714	0.68382	39.511
ROTS	153	2.366	113000	0.46243	0.48571	0.49796	39.442
DART	142	3.1197	112600	0.65591	0.84091	0.72695	39.302
DURE	90	3.0444	112600	0.62411	0.56	0.625	39.302
PEND	60	3.7833	112600	0.5	0.45455	0.54645	39.302
ILLER	51	4.6275	112200	0.5534	0.54098	0.62037	39.162
TRIDE	83	3.6024	112200	0.54054	0.48485	0.56463	39.162
GIST	82	3.3049	112200	0.35211	0.78571	0.39496	39.162
BRAS	83	3.6988	112200	0.47458	0.54545	0.53293	39.162
RIPE	96	5.1979	112000	0.58571	0.81132	0.67974	39.092
MAGE	43	4.1628	112000	0.37008	0.41176	0.4589	39.092
ELLS	71	4.6056	111800	0.48241	0.47917	0.53114	39.023
RAPES	69	2.8986	111800	0.52414	0.66667	0.60227	39.023
RAGES	46	2.9348	111800	0.38961	0.38095	0.3871	39.023
OPED	58	4.5	111400	0.37278	0.40625	0.44298	38.883
EINE	230	3.6391	111200	0.31034	0.34043	0.35849	38.813
TOOT	40	5.2	111200	0.50694	0.71875	0.58333	38.813
WIRE	72	4.1111	110800	0.55769	0.52941	0.57944	38.674
EALED	91	3.033	110600	0.46108	0.56757	0.49099	38.604
LURE	96	3.6146	110200	0.61702	0.58	0.60619	38.464
ETHE	83	5.1205	110000	0.54472	0.48	0.56069	38.394
TONED	92	3.0326	109600	0.64943	0.70833	0.69038	38.255
LISTS	38	3.2105	109600	0.40741	0.38889	0.38554	38.255
GRAN	99	4.202	109600	0.62069	0.875	0.64078	38.255
TIRED	105	2.5524	109600	0.53623	0.58974	0.61905	38.255
LISTER	52	2.75	109200	0.50538	0.55556	0.56667	38.115
EAVE	38	7.1316	109200	0.47475	0.44444	0.50857	38.115
AMIE	124	3.629	109200	0.42969	0.5	0.41212	38.115
SHORE	82	3.122	109200	0.70833	0.7234	0.66995	38.115
STAIN	125	2.824	109000	0.76812	0.77778	0.79061	38.045
HETS	127	2.6535	109000	0.42581	0.47826	0.45854	38.045
PLEA	87	4.4598	108800	0.62245	0.59677	0.61257	37.976
TAINS	93	2.7204	108800	0.67241	0.62857	0.69231	37.976
SHIP	35	4.0286	108600	0.30952	0.33333	0.30263	37.906
RATH	182	3.0495	108200	0.66912	0.64407	0.64074	37.766
TEAM	156	3.3269	108200	0.79783	0.69565	0.78125	37.766
PASE	100	2.56	108200	0.45985	0.45833	0.49724	37.766
STRAIN	68	2.9853	108200	0.69841	0.5	0.62698	37.766
COLL	37	5.1351	108000	0.55862	0.47222	0.62346	37.696
RANI	279	3.0072	107800	0.53509	0.56522	0.55249	37.627
STEAL	133	3.1353	107800	0.77727	0.7284	0.78182	37.627
SCAN	101	3.4752	107800	0.67742	0.68182	0.67273	37.627
BRAN	68	4.3088	107400	0.51613	0.56667	0.59596	37.487
FORM	33	6.0909	107200	0.53333	1	0.54032	37.417
DALE	140	2.5857	106800	0.66667	0.66667	0.70161	37.277
LODE	111	2.8739	106400	0.54194	0.59091	0.57339	37.138
WART	71	3.831	106000	0.54861	0.45455	0.58378	36.998
MAND	50	3.56	106000	0.38889	0.45833	0.40164	36.998
HARM	52	5.0577	105400	0.44776	0.26667	0.43443	36.789
POTE	94	2.8617	105000	0.67188	0.48485	0.63684	36.649
ALLS	68	3.75	104800	0.50259	0.48649	0.54113	36.579
CIST	100	2.72	104600	0.60204	0.5	0.58108	36.51
TOME	79	2.557	104600	0.66393	0.72093	0.68072	36.51
RAPS	89	3.5393	104000	0.56129	0.42553	0.54884	36.3
DOSE	182	2.956	104000	0.76109	0.6875	0.77295	36.3
CARTE	99	3.3838	103800	0.70673	0.875	0.75812	36.23
BIST	44	3.9318	103600	0.52439	0.5	0.5	36.161
LATTE	64	4.5312	103600	0.78571	0.93939	0.7972	36.161
TOUT	49	4.9796	103600	0.51899	0.61364	0.65816	36.161
ASHES	65	4.6308	103200	0.67081	0.52381	0.71373	36.021
EPOS	68	4.5294	103000	0.55488	0.34483	0.54774	35.951
CARP	45	5.0444	103000	0.54206	0.525	0.53797	35.951
FAST	82	3.9756	102800	0.6506	0.73077	0.675	35.881
DIRE	132	2.4545	102600	0.63768	0.57576	0.62944	35.812
RAYS	61	3.8852	102600	0.44915	0.5	0.49198	35.812
RIDER	62	3.0161	102600	0.52	0.71429	0.57432	35.812
HORSE	97	2.7216	102200	0.68421	0.625	0.65455	35.672
ROSES	68	2.6471	101800	0.46316	0.4	0.46825	35.532
HINS	124	2.7258	101600	0.4472	0.55263	0.51982	35.462
SORES	126	2.3492	101600	0.68987	0.47368	0.64623	35.462
CANTS	57	2.7368	101600	0.52212	0.65385	0.58451	35.462
ETCH	86	4.4767	101400	0.64865	0.78261	0.64953	35.393
TARN	198	3.0051	101400	0.68705	0.69565	0.72616	35.393
SCOT	98	3.2959	101400	0.39773	0.37838	0.41379	35.393
SHEA	172	3.2849	101200	0.80645	0.7561	0.75706	35.323
WIND	33	5.0303	101200	0.48624	0.51923	0.52756	35.323
HOTE	160	2.8813	101200	0.5051	0.47619	0.58958	35.323
CAGE	44	4.5682	101200	0.57377	0.49123	0.60355	35.323
VENT	51	4.6471	101000	0.59322	0.38	0.52985	35.253
SPAT	97	3.1031	100800	0.67133	0.78261	0.68398	35.183
RACES	61	2.5902	100800	0.45783	0.625	0.58156	35.183
AGERS	60	3.1667	100800	0.55263	0.51163	0.55828	35.183
BOAT	54	3.9444	100600	0.61983	0.46429	0.62821	35.113
SHOO	54	4.537	100400	0.58824	0.625	0.62162	35.044
ARISE	141	2.7305	100400	0.66216	0.58824	0.65068	35.044
SPIT	72	3.7083	100400	0.76923	0.66667	0.68528	35.044
WAST	72	4.3889	100200	0.75141	0.76667	0.76953	34.974
PINS	73	2.6712	100200	0.45833	0.46667	0.45985	34.974
RUSE	101	3.0297	99800	0.49038	0.52941	0.51724	34.834
SHOE	113	3.5752	99600	0.6391	0.82609	0.68468	34.764
MALE	104	2.4615	99600	0.71951	0.80952	0.73853	34.764
SHIR	123	3.8049	99200	0.72297	0.65385	0.71479	34.625
DIET	188	2.633	99000	0.77457	0.72093	0.77866	34.555
STEAD	91	2.7253	98600	0.55263	0.4375	0.55462	34.415
PEAT	134	2.7537	98400	0.625	0.69444	0.65693	34.346
CHAI	66	5.1364	98200	0.58915	0.65455	0.66834	34.276
LAID	120	2.8667	98200	0.55147	0.41304	0.53368	34.276
ROPE	90	3.8444	97800	0.6701	0.67213	0.68284	34.136
HONES	75	2.72	97800	0.575	0.69231	0.58108	34.136
ROUSE	55	3.9455	97600	0.58333	0.6	0.63793	34.066
LARS	110	2.5455	97400	0.41667	0.71429	0.46763	33.997
STAG	77	4.013	97200	0.73457	0.76271	0.73246	33.927
LANCE	60	4.7333	97000	0.63636	0.5	0.58333	33.857
ELTS	195	2.9128	97000	0.45714	0.52941	0.5	33.857
HEAL	116	3.3103	96800	0.61692	0.71429	0.67391	33.787
INKS	35	6.2	96800	0.49655	0.46512	0.51309	33.787
BONE	74	3.7027	96800	0.71429	0.7234	0.73577	33.787
DINES	47	2.2553	96200	0.47297	0.4	0.46154	33.578
TABLE	38	5.9737	96200	0.56	1	0.5935	33.578
GAIN	95	3.3895	96200	0.72078	0.62791	0.71488	33.578
LOWE	35	5.8	96000	0.64706	0.42647	0.57764	33.508
LATEN	127	2.7165	94800	0.69194	0.66667	0.73516	33.089
SOIL	95	2.6842	94800	0.68027	0.8125	0.68852	33.089
BALE	102	3.2549	94600	0.65421	0.64286	0.70312	33.019
LOTE	160	2.5125	94400	0.7027	0.83333	0.73401	32.949
TROD	142	3.6127	94200	0.61321	0.75	0.59116	32.88
SAME	129	2.6667	94200	0.52667	0.5	0.54043	32.88
RIDS	101	2.4158	93800	0.4382	0.3913	0.42963	32.74
BATT	35	5.8286	93800	0.48227	0.46667	0.54487	32.74
GREE	70	5.2	93600	0.56757	0.88889	0.65179	32.67
WEST	90	3.1667	93600	0.57971	0.44	0.60309	32.67
LANDE	60	3.45	93400	0.69737	0.80392	0.75258	32.6
FLAT	45	3.3333	93400	0.54386	1	0.5	32.6
HASTE	105	3.1143	93200	0.73514	0.80597	0.76172	32.531
LIERS	75	2.6	93000	0.53846	0.5	0.55	32.461
AMINE	57	3.9825	92800	0.56	0.54762	0.5931	32.391
SEND	164	2.6098	92400	0.73611	0.78261	0.75704	32.251
TEAS	194	3.4227	92200	0.86461	0.85366	0.879	32.182
GAME	64	4.25	92200	0.69942	0.54545	0.70952	32.182
PARES	55	2.5273	92200	0.51429	0.61538	0.58462	32.182
OUST	108	3.5833	92200	0.66667	0.77551	0.76109	32.182
DORSE	56	3	92000	0.47059	0.68	0.59375	32.112
MONS	72	2.5556	91800	0.42857	0.5	0.41837	32.042
OMAS	105	3.5524	91800	0.30303	0.37037	0.32414	32.042
UNIT	127	5.2756	91800	0.52174	0.65152	0.5875	32.042
BEAT	79	3.1139	91800	0.64662	0.72727	0.65686	32.042
LEES	94	2.4894	91800	0.42202	0.42105	0.4589	32.042
HOOT	65	4.2154	91600	0.59218	0.90909	0.66055	31.972
SPART	35	3.4857	91600	0.44	0.55556	0.42857	31.972
GONE	79	3.1139	91400	0.64103	0.61765	0.61538	31.902
RENTS	75	2.3733	91200	0.53846	0.47059	0.57031	31.832
PASTE	82	3.4146	91200	0.74737	0.77778	0.79447	31.832
FIER	99	3.4747	91000	0.45902	0.625	0.45902	31.763
SIDER	92	2.5326	90800	0.62385	0.64706	0.67832	31.693
WALL	22	6.0455	90800	0.53191	0.45946	0.54032	31.693
FEAR	92	3.7283	90600	0.61017	0.66038	0.67547	31.623
ETHER	59	4.4746	90600	0.47727	0.475	0.54098	31.623
TRAY	78	3.7179	90600	0.53409	0.51515	0.58599	31.623
POLE	54	3.8889	90200	0.61417	0.60714	0.61272	31.483
TELA	270	3.2185	90000	0.51304	0.57143	0.5082	31.414
TOPE	91	4.5165	90000	0.69517	0.78082	0.75637	31.414
ANAS	133	3.9699	90000	0.36782	0.42857	0.44186	31.414
ALINES	43	2.5581	89800	0.56897	0.625	0.54545	31.344
TILT	94	4.0426	89800	0.54962	0.7541	0.6556	31.344
TOTE	130	3.5077	89800	0.72391	0.73469	0.78167	31.344
NODE	145	2.669	89600	0.70748	0.73684	0.67241	31.274
MOUS	35	5.6857	89600	0.55046	0.64	0.58273	31.274
COMA	56	4.5357	89600	0.39583	0.40625	0.40541	31.274
STOP	93	4	89400	0.67961	0.66667	0.61905	31.204
LOIN	139	3.3165	89400	0.4359	0.375	0.45946	31.204
BRIN	66	4.7879	89200	0.61688	0.78571	0.64623	31.134
MARE	146	2.3356	89000	0.75966	0.77586	0.78723	31.065
REDO	230	3.4304	89000	0.69613	0.65909	0.71536	31.065
SINES	62	2.2258	89000	0.5122	0.55	0.54717	31.065
MINI	58	4.3103	88800	0.37838		0.40244	30.995
BITE	81	3.5556	88800	0.70807	0.73077	0.71946	30.995
PINT	69	3.6377	88600	0.49618	0.44737	0.54913	30.925
ORDS	112	3.1429	88600	0.54335	0.6087	0.55777	30.925
TENTS	65	2.5231	88400	0.6125	0.52941	0.575	30.855
CHORE	36	3.5833	88400	0.47368	0.73684	0.52679	30.855
TOOL	63	4.1587	88200	0.71831	0.53488	0.72614	30.785
SHINE	73	3.5068	88200	0.62791	0.72222	0.69091	30.785
ROSET	111	2.5586	88200	0.59615	0.61538	0.64384	30.785
TATS	139	2.3309	88000	0.48611	0.5	0.51471	30.716
PONT	66	3.303	88000	0.54369	0.5	0.5817	30.716
RODS	101	2.6535	88000	0.4434	0.6	0.48052	30.716
TENES	77	2.2078	87800	0.4507	0.48	0.45794	30.646
LOUS	53	4.0755	87800	0.66667	0.875	0.70349	30.646
DESI	162	3.0988	87800	0.58537	0.65385	0.58333	30.646
TIMES	51	2.4902	87800	0.57692	0.53333	0.54369	30.646
MITES	54	2.4815	87600	0.41463	0.47059	0.46392	30.576
TROP	88	3.9205	87600	0.67568	0.375	0.54839	30.576
MELT	88	3.4659	87600	0.53763	0.61538	0.5875	30.576
IRING	34	5.3235	87400	0.57522		0.56463	30.506
EACH	99	4.0303	87400	0.6875	0.64	0.63721	30.506
WATE	59	3.3898	87200	0.72327	0.76	0.7861	30.436
ORATE	186	2.871	87200	0.77333	0.73846	0.78601	30.436
WATER	42	2.9524	87200	0.59184	0.58621	0.64912	30.436
NITER	162	2.3642	87000	0.80513	0.85075	0.811	30.366
OINT	198	3.7222	86800	0.51948	0.5	0.50676	30.297
EVES	31	4.3871	86800	0.31707	0.35714	0.33333	30.297
AKED	36	4.8889	86800	0.41212	0.23333	0.46784	30.297
GAST	85	2.9176	86600	0.625	0.61538	0.66667	30.227
DEALS	63	2.3333	86600	0.48649	0.63636	0.48598	30.227
CITES	57	2.3158	86600	0.46753	0.52	0.48515	30.227
RESTS	80	2.5375	86600	0.51064	0.58333	0.55556	30.227
TICS	111	3.7387	86200	0.3617	0.35714	0.33696	30.087
PAIR	79	4.0127	86200	0.73373	0.67213	0.77119	30.087
PONE	63	3.0952	86200	0.60317	0.58333	0.61224	30.087
LITS	158	2.3861	86000	0.54808	0.44	0.56044	30.017
AWED	56	4.5357	85600	0.42384	0.48	0.46067	29.878
TRIP	95	5.1158	85200	0.53571	0.7	0.64211	29.738
HERES	72	2.5417	85000	0.5	0.41379	0.52727	29.668
RORE	124	3.0242	85000	0.61728	0.52273	0.60465	29.668
NAILS	62	2.9194	84800	0.54167	0.48148	0.54167	29.599
ROOM	45	4.6444	84800	0.65455	0.31818	0.61842	29.599
VALE	45	3.8	84800	0.43056	0.6	0.46491	29.599
TORN	77	2.6104	84400	0.38462	0.36364	0.4	29.459
RONG	48	3.1875	84200	0.47253	0.58824	0.49558	29.389
DENE	132	2.9545	84200	0.57857	0.52727	0.6087	29.389
HOAR	120	3.625	84200	0.57554	0.75	0.66839	29.389
MORS	91	3.022	83600	0.67516	0.74074	0.71717	29.18
HERO	217	3.765	83600	0.42308	0.8	0.53731	29.18
LEET	135	2.9852	83200	0.53191	0.7619	0.63223	29.04
SOME	54	3.0185	83000	0.35714	0.38462	0.33898	28.97
BINE	64	3.4219	83000	0.63846	0.78947	0.66286	28.97
SPAN	71	3.5493	83000	0.63208	0.7	0.66298	28.97
COPE	42	4.619	82800	0.59848	0.43243	0.66279	28.901
RAFT	62	3.9194	82800	0.60345	0.63333	0.65409	28.901
SURES	47	2.7234	82600	0.55172	0.53333	0.5	28.831
PEAS	79	2.9241	82400	0.67273	0.48148	0.66864	28.761
FILE	63	4.2381	82200	0.62044	0.62162	0.69849	28.691
TEENS	58	2.7069	82200	0.4507	0.5	0.55652	28.691
LOWS	34	4.3235	82200	0.48936	0.11765	0.37143	28.691
MALI	69	3.6812	82000	0.41463	0.375	0.47	28.621
WEAR	74	3.1622	82000	0.63636	0.52941	0.65909	28.621
REAN	223	2.1839	81800	0.82178	0.67188	0.81433	28.551
FAIN	58	4.9483	81800	0.53488	1	0.64912	28.551
DOES	118	2.4492	81400	0.46053	0.55	0.45926	28.412
OILED	71	3.4366	81400	0.62281	0.68293	0.67879	28.412
HOUSE	41	4	81400	0.61628	0.625	0.6055	28.412
ABLES	46	3.6087	81400	0.6	0.71429	0.59677	28.412
TAMIN	77	4.1429	81200	0.58182	0.62162	0.66901	28.342
ROMA	101	4.3762	81200	0.53608	0.4	0.51538	28.342
COND	57	3.5439	81200	0.52273	0.44444	0.53659	28.342
SCALE	57	3.4912	81200	0.66265	0.75	0.71223	28.342
ROCH	47	4.4043	81000	0.44444	0.30435	0.45833	28.272
OVERS	23	5.913	81000	0.45455	0.47059	0.47059	28.272
CORD	62	3.2258	81000	0.54545	0.70588	0.65035	28.272
TRIES	75	2.5733	80600	0.41509	0.42857	0.42466	28.133
ENATE	134	3.1343	80400	0.60256	0.6129	0.592	28.063
CRON	103	3.6311	80200	0.64706	0.66667	0.63399	27.993
EMIT	141	3.8085	80200	0.80328	0.65789	0.73551	27.993
RICH	58	4.1724	80200	0.5	0.56522	0.55652	27.993
TRANS	97	2.6701	80200	0.53704	0.9	0.57732	27.993
TAILS	64	2.5469	80000	0.64286	0.65	0.65625	27.923
STILE	108	2.7315	79800	0.78767	0.65854	0.7783	27.853
REDS	151	2.3709	79600	0.48246	0.54545	0.50676	27.784
REIS	310	2.5226	79600	0.63934	0.71429	0.67873	27.784
VEST	59	3.5932	79600	0.38889	0.5	0.3956	27.784
HEARS	72	2.9306	79400	0.60317	0.82353	0.71591	27.714
INGO	112	4.1875	79200	0.37838	0.33333	0.38053	27.644
OOPS	39	4.9744	79200	0.44531	0.25	0.42262	27.644
SPINE	60	3.6167	78800	0.57353	0.59091	0.55085	27.504
APERS	58	3.2069	78800	0.51587	0.47692	0.54217	27.504
HOLES	37	2.7838	78600	0.37209	0.4	0.37681	27.435
PELT	59	4.0169	78600	0.45055	0.51923	0.54422	27.435
DERE	179	2.4972	78400	0.80526	0.83784	0.78182	27.365
HATS	111	2.3604	78400	0.50746	0.4375	0.50568	27.365
TONG	88	3.3068	78400	0.62722	0.70455	0.66216	27.365
POOR	36	3.9444	78000	0.3	0.44	0.36607	27.225
CHIT	56	2.8929	77600	0.48438	0.35	0.51376	27.086
LOOT	62	3.5323	77400	0.64968	0.65217	0.64433	27.016
STILL	35	3.3429	77400	0.6	0.51724	0.625	27.016
SERES	63	2.0794	77400	0.45614	0.55556	0.50485	27.016
SAIR	178	2.427	77400	0.80973	0.82051	0.82759	27.016
ROWS	47	4.1489	77400	0.54167	0.51515	0.51471	27.016
GONS	62	3.0968	77200	0.34545	0.33333	0.34831	26.946
PATTE	27	5.037	77200	0.52586	0.58333	0.62992	26.946
LACES	38	2.6842	77000	0.47541	0.54839	0.53409	26.876
SADE	159	2.522	77000	0.6	0.58621	0.5509	26.876
MONG	45	3.7556	77000	0.42105	0.35294	0.4375	26.876
LARD	105	2.9619	77000	0.69149	0.46154	0.6443	26.876
CANN	41	4.2927	77000	0.55556	0.51724	0.57364	26.876
MOLE	72	3.3611	77000	0.6014	0.59375	0.65426	26.876
CLAT	91	3.0549	77000	0.54206	0.63158	0.54167	26.876
PANS	62	2.5484	76800	0.46575	0.53333	0.45946	26.806
STINGS	20	4.45	76800	0.46914	0.41176	0.51765	26.806
RALE	195	2.2154	76600	0.80435	0.90385	0.81459	26.736
SPOT	61	3.0164	76400	0.5	0.625	0.53509	26.667
ICED	78	3.2821	76400	0.488	0.5	0.52071	26.667
CRED	129	3.7209	76200	0.4359	0.36364	0.425	26.597
STONES	37	2.4595	76000	0.59091	0.625	0.57333	26.527
ROID	133	4.0376	76000	0.60714	0.41176	0.5625	26.527
TROU	70	4.2	76000	0.53191	0.65217	0.5619	26.527
LION	129	3.5969	75600	0.48	0.73684	0.56481	26.387
RATO	210	2.9238	75600	0.45714	0.75	0.51376	26.387
MURE	51	3.7451	75400	0.52525	0.46875	0.54762	26.318
SLATE	143	3.035	75400	0.77733	0.84	0.84259	26.318
APSE	89	3.8202	75400	0.5	0.46154	0.48344	26.318
PAND	42	3.619	75400	0.55172	0.66667	0.57391	26.318
MALL	34	4.2353	75400	0.49425	0.58824	0.56897	26.318
EASED	94	3.1383	75200	0.7095	0.6875	0.75546	26.248
TEED	120	2.5167	75200	0.60465	0.56757	0.64151	26.248
DERN	157	2.5732	75200	0.63366	0.57895	0.66216	26.248
ETAS	292	2.3596	75200	0.48913	0.43478	0.46154	26.248
MULE	41	4.1951	75200	0.44304	0.75	0.46602	26.248
BING	28	5.2857	75200	0.58252	0.5	0.60938	26.248
SITS	114	2.386	75200	0.52893	0.52174	0.5283	26.248
INCH	65	4.5231	75000	0.43939	0.52941	0.54054	26.178
PIERS	57	2.5614	74800	0.45783	0.53333	0.5	26.108
TEMS	143	2.8881	74600	0.42254	0.28571	0.384	26.038
ISHES	68	3.6471	74400	0.29091	0.4375	0.4023	25.969
SOOT	101	3.5941	74200	0.78182	0.62069	0.78169	25.899
BITS	69	2.6957	74200	0.40789	0.4375	0.42	25.899
RIALS	79	2.7595	74000	0.51111	0.40741	0.45161	25.829
STENT	79	2.6962	73800	0.55	0.54167	0.54444	25.759
CONES	51	2.3922	73800	0.46835	0.36364	0.51	25.759
STONER	42	2.3571	73800	0.56452	0.72727	0.58427	25.759
PORE	114	3.4211	73600	0.75676	0.67164	0.76807	25.689
CAPE	52	4.2692	73600	0.67742	0.60345	0.71667	25.689
ROKE	41	4.7317	73400	0.55856	0.60526	0.58824	25.62
ROLES	49	2.4898	73400	0.40625	0.38462	0.43956	25.62
TOLL	48	3.9792	73200	0.60656	0.66667	0.61875	25.55
RUDE	63	3.4603	73200	0.61111	0.67647	0.64138	25.55
MANG	48	4.5417	73000	0.63121	0.5625	0.69744	25.48
HIDE	118	3.4831	72800	0.74286	0.76056	0.78797	25.41
AFTER	44	3.9773	72800	0.50943	0.57692	0.63158	25.41
GRATE	68	3.3382	72600	0.69672	0.84	0.77647	25.34
REEL	124	2.621	72600	0.66102	0.8	0.71579	25.34
TARES	127	2.1102	72400	0.72549	0.76923	0.79447	25.271
RAILE	102	3.4902	72400	0.82383	0.77778	0.84643	25.271
OLLIE	33	5.2121	72400	0.49524	0.25	0.53279	25.271
HEART	86	2.8256	72200	0.66667	0.7	0.70833	25.201
MINT	95	3.4421	72000	0.73626	0.72727	0.78682	25.131
NINES	41	2.3902	72000	0.40476	0.38462	0.42857	25.131
LENS	142	2.7606	71800	0.71324	0.73585	0.71226	25.061
ANAL	56	3.6964	71800	0.34146	0.53846	0.35385	25.061
TEAT	191	2.2147	71800	0.75393	0.78723	0.80153	25.061
WISE	69	3.6522	71800	0.63415	0.6	0.68	25.061
AIDER	95	2.7474	71800	0.74074	0.77143	0.7598	25.061
RACHE	47	3.9574	71600	0.75	1	0.67521	24.991
UTTER	39	4.8974	71600	0.45161	0.77778	0.65217	24.991
SARS	153	2.5163	71400	0.36111	0.46154	0.40179	24.921
OOMS	40	4.325	71200	0.47674	0.27778	0.46528	24.852
DARE	248	2.4718	71200	0.83226	0.8629	0.85714	24.852
RICES	54	2.6111	71200	0.47368	0.57143	0.54167	24.852
REINS	70	2.4429	71000	0.42857	0.5	0.43548	24.782
LAVE	54	4.7778	71000	0.66316	0.71429	0.76077	24.782
BOAR	66	3.8485	70800	0.55208	0.47059	0.58647	24.712
RODES	67	2.4776	70800	0.55844	0.46154	0.5614	24.712
BORA	76	3.6974	70800	0.59223	0.64286	0.66216	24.712
VISE	42	4.0714	70600	0.5	0.5	0.4	24.642
CONTE	42	2.9524	70400	0.61429	0.875	0.64583	24.572
FACE	28	5.8929	70400	0.58889	0.66667	0.6	24.572
DOOR	54	3.0185	70400	0.56962	0.46667	0.5625	24.572
ACTED	31	2.6774	70200	0.35417	0.5	0.39344	24.503
TERES	96	2.1771	70200	0.63063	0.66667	0.67105	24.503
OLLER	37	3.6216	70000	0.39623	0.31579	0.37805	24.433
SINGS	27	3.8519	70000	0.44578	0.63636	0.50602	24.433
CURE	76	3.75	70000	0.74483	0.93548	0.73762	24.433
TIND	149	2.6711	70000	0.81707	0.75556	0.83013	24.433
AGIN	77	3.4026	70000	0.5	0.4	0.46429	24.433
METS	74	2.5405	69800	0.5	0.4	0.5042	24.363
THERE	74	3.2432	69800	0.625	0.6	0.52941	24.363
TASTE	119	3.0168	69600	0.85377	0.85057	0.85987	24.293
SANES	81	2.1235	69600	0.55294	0.68421	0.61062	24.293
DENI	256	2.9297	69600	0.61798	0.5	0.62745	24.293
MEAL	96	3.0312	69600	0.79286	0.55556	0.7561	24.293
TEEL	130	2.8154	69600	0.74843	0.75472	0.73818	24.293
DISH	74	3.2297	69600	0.52	0.5	0.50617	24.293
RAID	138	2.9203	69400	0.7379	0.94444	0.81759	24.223
HARES	110	2.2727	69200	0.65294	0.66	0.69565	24.154
RAKE	46	4.3043	69000	0.63804	0.68966	0.64444	24.084
SILES	39	2.7692	69000	0.43548	0.33333	0.44318	24.084
DANS	79	2.4557	68800	0.4557	0.75	0.46392	24.014
WARS	56	3.125	68800	0.34615	0.5	0.36145	24.014
DATED	36	2.6389	68800	0.40909	0.4	0.42424	24.014
ABER	97	3.7113	68800	0.40909	0.44	0.47399	24.014
MONA	92	3.7283	68600	0.52326	0.42857	0.56731	23.944
HEADS	26	2.7308	68600	0.37931	0.27273	0.36735	23.944
LARI	189	2.7937	68400	0.44643	0.83333	0.56989	23.874
BURS	31	5.0968	68400	0.21429	0.2	0.31507	23.874
EALES	82	2.5	68400	0.50526	0.52	0.48092	23.874
ASHED	53	4.8868	68400	0.72941	0.65957	0.70909	23.874
TOLA	152	3.5921	68200	0.6	0.85714	0.65761	23.805
MADE	47	2.8298	68000	0.54444	0.5	0.55914	23.735
BARS	51	2.3922	68000	0.42857	0.5	0.43902	23.735
SOUL	36	3.25	68000	0.52174	0.875	0.5122	23.735
LUNE	74	3.0135	67800	0.53521	0.63636	0.55639	23.665
LANDER	28	2.8929	67800	0.54098	0.67857	0.59494	23.665
LIND	81	2.8025	67800	0.66316	0.73333	0.67857	23.665
APING	21	5.2857	67800	0.42529	0.45455	0.48515	23.665
SHEN	131	2.7328	67400	0.53535	0.51724	0.5858	23.525
HALES	59	2.3898	67400	0.53623	0.5	0.56604	23.525
EALING	24	4.5	67200	0.55072	0.66667	0.54023	23.455
ALAS	119	3.2857	67000	0.51456	0.52632	0.47973	23.386
RAMP	44	5.0227	66800	0.56962	0.75	0.64062	23.316
CHAL	58	3.7069	66800	0.36111	0.36	0.39437	23.316
PLATE	53	3.6604	66600	0.71264	0.8	0.71111	23.246
NATION	35	3.6857	66600	0.85		0.54902	23.246
CARES	64	2.2812	66400	0.59483	0.63636	0.66154	23.176
ROVE	42	5.1667	66400	0.6	0.675	0.6242	23.176
GEAR	99	3.1919	66200	0.79381	0.88	0.81323	23.106
MIRE	127	2.6772	66200	0.76875	0.73171	0.78059	23.106
CORSE	70	2.9143	66200	0.73016	0.66667	0.74675	23.106
STAP	95	2.8526	66200	0.51961	0.59459	0.60274	23.106
BLATE	52	3.8269	66000	0.66667	0.5	0.61864	23.037
CELL	43	4.7907	66000	0.5679	0.55556	0.5463	23.037
SOLI	85	3.3529	66000	0.47059	0.36364	0.46154	23.037
RAGS	72	2.4861	66000	0.54839	0.57895	0.55285	23.037
STEM	135	2.8444	66000	0.64198	0.65385	0.60769	23.037
VIES	40	3.35	66000	0.39744	0.33333	0.40964	23.037
HELL	39	4.1026	65800	0.57843	0.73684	0.62832	22.967
TURN	59	3.7119	65800	0.56579	0.81818	0.62385	22.967
LANTS	54	2.5185	65800	0.40845	0.61538	0.5	22.967
SHET	148	2.5068	65800	0.54198	0.57692	0.59459	22.967
LADES	54	2.3148	65800	0.52326	0.46154	0.53465	22.967
BLIN	39	5	65600	0.61404	0.66667	0.56481	22.897
CATS	73	2.2603	65600	0.48889	0.5	0.52294	22.897
DITES	40	2.3	65600	0.48077	0.5	0.47887	22.897
PALES	39	2.4872	65400	0.52	0.6	0.58763	22.827
ETTLE	31	5.7097	65400	0.5		0.5641	22.827
RADS	115	2.4522	65400	0.5	0.61538	0.54639	22.827
OKES	36	4.6944	65400	0.46575	0.56098	0.50943	22.827
BOLE	48	2.9792	65400	0.58889	0.65	0.56637	22.827
SHORT	53	3.3396	65400	0.66667	0.79167	0.71774	22.827
SARI	245	2.7796	65200	0.74096	0.66667	0.73733	22.757
STALE	149	2.6309	65000	0.88017	0.83721	0.88344	22.688
METER	49	2.8367	65000	0.7	0.5	0.625	22.688
DERAT	152	2.8816	65000	0.79365	0.80822	0.84932	22.688
RACK	25	6.56	65000	0.56881	0.74359	0.64748	22.688
TREAT	129	3.2016	64800	0.81818	0.59259	0.74638	22.618
LOME	53	3.283	64600	0.62069	0.63636	0.62609	22.548
CASH	53	2.6038	64600	0.60317	0.47368	0.56842	22.548
SOUR	57	3.0526	64600	0.6422	0.73913	0.69065	22.548
TARED	107	2.0935	64400	0.65672	0.67308	0.70103	22.478
STAGE	47	3.5319	64400	0.75862	0.73684	0.70492	22.478
SITES	52	2.0962	64200	0.59615	0.47059	0.56	22.408
CRIS	100	3	64000	0.59259	0.66667	0.54902	22.339
TALES	73	2.2466	64000	0.66935	0.62069	0.72368	22.339
MUSE	55	4.1818	64000	0.51923	0.61111	0.63889	22.339
HENS	101	2.3762	64000	0.46552	0.47059	0.51852	22.339
TATER	120	2.575	64000	0.80631	0.83908	0.83986	22.339
WINES	39	2.6667	63800	0.43836	0.55556	0.51765	22.269
FINES	40	2.45	63600	0.4918	1	0.53659	22.199
EASER	139	2.7914	63600	0.79554	0.8125	0.85588	22.199
WANT	54	3.2037	63400	0.69925	0.67742	0.72368	22.129
DASH	78	3.2564	63400	0.64706	0.71795	0.62879	22.129
GRIS	78	3.859	63400	0.53846	0.46154	0.53125	22.129
CENS	74	3.3243	63400	0.53333	0.69231	0.54545	22.129
ESTERS	65	2.8615	63400	0.74684	0.73684	0.73333	22.129
DORES	57	2.1404	63200	0.53846	0.57895	0.57895	22.059
DOLE	97	2.4742	63000	0.73043	0.66667	0.73446	21.99
CRUS	45	4.9778	63000	0.35593	0.6	0.47872	21.99
REDES	78	2.2436	63000	0.47619	0.65	0.52688	21.99
FERE	76	2.8816	63000	0.64211	0.58333	0.62585	21.99
TAPES	38	2.6053	62800	0.48684	0.8125	0.54444	21.92
ROUTE	52	3.6923	62800	0.75	0.85714	0.78443	21.92
AIRN	154	2.7013	62600	0.66447	0.72727	0.71038	21.85
BITT	27	4.8519	62600	0.68056	0.57143	0.60577	21.85
NOSES	45	2.4222	62600	0.40816	0.38462	0.41176	21.85
ACRE	167	3.3114	62600	0.60606	0.33333	0.55738	21.85
NIED	127	2.5984	62400	0.4875	0.42857	0.47115	21.78
SKIN	34	3.9412	62400	0.4		0.38235	21.78
WASTE	59	3.2034	62400	0.75926	0.74286	0.76471	21.78
ARMS	85	2.9882	62400	0.42353	0.57143	0.52756	21.78
DOWN	26	4.4231	62200	0.36842	0.36842	0.42373	21.71
LAYS	43	3.7674	62200	0.42373	1	0.46667	21.71
CERT	143	2.6364	62200	0.65217	0.625	0.58065	21.71
RAINED	44	2.6818	62200	0.56044	0.41667	0.63	21.71
SPARE	59	2.9492	62200	0.72222	0.71739	0.76	21.71
STATES	30	2.6	61800	0.5	0.55556	0.55714	21.571
WAIT	65	4.4615	61800	0.76423	0.63333	0.7868	21.571
PARR	32	4	61600	0.54217	0.55	0.5534	21.501
GANS	47	2.8723	61600	0.30435	0.4	0.35385	21.501
HERD	118	3.178	61600	0.60417	0.5	0.5534	21.501
AKES	45	4.3556	61600	0.53191	0.56863	0.62105	21.501
MISES	32	2.9688	61400	0.37838	0.5	0.39655	21.431
ROTO	108	3.3981	61400	0.61386	0.58333	0.608	21.431
OWSE	61	4.623	61400	0.53425	0.5641	0.50413	21.431
BARD	53	4.2075	61400	0.58621	0.71429	0.64968	21.431
ARTIS	87	2.8046	61000	0.61017	0.5	0.55294	21.291
RITT	82	3.1707	61000	0.5625	0.875	0.69231	21.291
ROOTS	33	2.1818	61000	0.4878	0.44444	0.46774	21.291
TORES	92	2.1304	60800	0.67188	0.75	0.74011	21.222
SENA	224	2.6161	60800	0.59091	0.5	0.60194	21.222
RANCH	35	3.9714	60800	0.56667	0.7	0.5974	21.222
ALLIES	32	3.7812	60800	0.69307	0.34783	0.69524	21.222
BIND	41	3.5854	60600	0.66019	0.52941	0.6378	21.152
REAST	124	2.4516	60600	0.75472	0.73529	0.74359	21.152
TRAIT	85	3.1176	60400	0.65476	0.84615	0.70536	21.082
HAME	70	3.6571	60400	0.61538	0.5	0.68182	21.082
THEN	147	2.9932	60400	0.5	0.46154	0.52128	21.082
LINTS	61	2.4426	60400	0.55844	0.56522	0.59406	21.082
TOKE	31	5.5806	60200	0.4918	0.72222	0.64667	21.012
SPIER	52	2.7692	60200	0.44776	0.42105	0.5	21.012
MULL	21	5.2857	60200	0.4875	0.41667	0.54902	21.012
LOUT	53	3.1321	60000	0.59551	0.625	0.61017	20.942
EWER	42	4.1905	60000	0.40964	0.4	0.46324	20.942
PERT	140	2.6714	60000	0.63492	0.66667	0.62016	20.942
LINED	60	2.3167	59800	0.63855	0.7037	0.65789	20.873
SORD	132	2.8106	59600	0.61386	0.44828	0.61151	20.803
CRIT	77	2.5974	59600	0.6044	0.46154	0.65455	20.803
WALE	79	3.8481	59400	0.65278	0.71622	0.71622	20.733
SAID	94	2.5213	59400	0.5974	0.6	0.59259	20.733
CRATE	86	2.8372	59400	0.76596	0.84444	0.82843	20.733
MACH	31	4.7097	59400	0.60317	0.71429	0.58163	20.733
RANGES	24	2.7083	59200	0.35484	0.66667	0.42857	20.663
OLLA	61	4.2951	59200	0.33333	0.22222	0.33846	20.663
STAY	58	3.2069	59200	0.58974	0.67857	0.65455	20.663
CRINE	57	3.1228	59200	0.65116	0.70588	0.69167	20.663
GORS	78	2.7051	59200	0.38182	0.22222	0.46316	20.663
RULE	71	3.169	59000	0.74194	0.54167	0.69444	20.593
FATS	56	2.5	59000	0.4	0.41667	0.40698	20.593
COIN	101	3.2178	59000	0.71134	0.76923	0.75949	20.593
SOLATE	44	3.3409	59000	0.59524	0.33333	0.59091	20.593
LOAD	92	3.25	58800	0.72642	0.6875	0.70312	20.524
RANGS	37	2.4054	58800	0.43478	0.6	0.48571	20.524
CENTS	30	2.7	58600	0.37143	0.5	0.46774	20.454
SARD	120	2.65	58600	0.69333	0.5	0.67273	20.454
LINK	27	4.4815	58600	0.66667	0.58824	0.66346	20.454
HALER	64	2.9219	58600	0.57895	0.78571	0.61538	20.454
LOTH	82	2.9512	58600	0.48333	0.66667	0.51961	20.454
GOAT	45	3.1778	58400	0.58491	0.46667	0.55952	20.384
DANG	53	3.1321	58400	0.75758	0.56	0.74074	20.384
POUT	34	4.6765	58200	0.61972	0.625	0.65289	20.314
PEARS	54	2.3148	58200	0.53947	0.61905	0.56566	20.314
SELS	97	2.7423	58200	0.37037	0.26667	0.4	20.314
SCANT	41	3.3902	58200	0.6	0.75	0.60759	20.314
VITE	34	3.4118	58000	0.525	0.33333	0.4	20.244
PACE	50	4.3	58000	0.73793	0.94	0.79167	20.244
OTTERS	41	2.9024	58000	0.59551	0.62963	0.63478	20.244
TRIM	91	2.978	58000	0.57971	0.58333	0.58407	20.244
LATHE	73	3.9041	58000	0.81579	0.78378	0.81159	20.244
SENE	90	2.3667	57800	0.71233	0.8	0.72727	20.175
GRIN	82	2.9512	57800	0.47297	0.75	0.58036	20.175
SHIT	117	3.1026	57800	0.84783	0.75758	0.8018	20.175
HINGS	27	3.3704	57800	0.36364	0.54545	0.52381	20.175
SHAN	81	2.7778	57800	0.66216	0.5	0.64	20.175
CLAD	58	3.2586	57600	0.58333	0.25	0.54023	20.105
RANCE	54	3.5926	57400	0.54167	0.8	0.69524	20.035
CLOSE	45	4.4	57200	0.62963	0.51064	0.55405	19.965
INNED	39	3.7179	57200	0.50602	0.3913	0.5431	19.965
RUES	98	2.602	57200	0.4625	0.5	0.48413	19.965
BLET	72	3.8472	57200	0.44792	0.33333	0.44898	19.965
LASTER	49	2.6939	57200	0.68889	0.71429	0.75221	19.965
DINS	50	2.28	57000	0.46	0.5	0.47826	19.895
TORSE	91	2.1868	57000	0.66957	0.86957	0.73103	19.895
DALS	81	2.4938	57000	0.44444	0.42857	0.41758	19.895
PHON	36	6.3056	57000	0.69231	0.66667	0.43396	19.895
RASED	79	2.0633	56800	0.50725	0.625	0.57843	19.825
DOON	37	2.6216	56800	0.36735	0.3125	0.39241	19.825
STAB	43	3.8372	56800	0.57333	0.66667	0.63218	19.825
REAME	49	3.4694	56600	0.7	0.66667	0.7479	19.756
GLED	42	4.2143	56600	0.3662	0.31034	0.37349	19.756
HALO	106	3.7547	56600	0.36667	0.36364	0.46575	19.756
COOL	25	3.8	56400	0.5625	0.41667	0.54217	19.686
CARL	79	3.7848	56400	0.74684	0.62069	0.71852	19.686
SEAN	187	2.2139	56200	0.81429	0.80702	0.85036	19.616
MANA	47	4.0638	56200	0.5	0.46667	0.45455	19.616
LOOM	20	4.35	56200	0.54286	0.23077	0.44615	19.616
TELES	49	2.3878	56200	0.60976	0.6875	0.575	19.616
TICH	57	3.1579	56200	0.55769	0.29412	0.48	19.616
PENE	55	3.0182	56200	0.61972	0.5	0.59574	19.616
COTS	46	2.7391	56200	0.45833	0.42857	0.47368	19.616
RONDE	52	2.9038	56000	0.63793	0.90909	0.61798	19.546
GORE	108	2.4444	56000	0.8129	0.64516	0.78733	19.546
TOSS	79	2.8608	56000	0.69767	0.72727	0.70073	19.546
LACER	39	2.7692	56000	0.63492	0.64	0.68182	19.546
BOIL	38	3.7105	56000	0.69231	0.66667	0.66667	19.546
TAMP	44	4.4545	56000	0.66102	0.95833	0.71171	19.546
ONCE	99	4.9596	55800	0.28571	0.37143	0.41463	19.476
CAIN	79	2.3291	55800	0.69048	0.52	0.7	19.476
MOOR	45	3.1111	55600	0.49398	0.5	0.52083	19.407
PETS	79	2.2405	55600	0.55072	0.54839	0.54902	19.407
CERE	123	2.6667	55600	0.8	0.62963	0.73099	19.407
PREE	74	3.9189	55600	0.58065	0.58974	0.5814	19.407
HEATS	47	2.3191	55600	0.54098	0.6	0.62626	19.407
MENE	60	3.0667	55400	0.63462	0.52632	0.63265	19.337
NOME	72	2.9722	55400	0.55	0.9	0.63636	19.337
STAND	56	2.5893	55400	0.73333	0.6875	0.73636	19.337
OUTED	41	3.3902	55400	0.60194	0.48649	0.61667	19.337
TAKE	32	5.2812	55200	0.63235	0.61702	0.73288	19.267
FISH	44	3.6818	55200	0.65	0.66667	0.49153	19.267
WINS	51	2.8039	55200	0.39394	0.375	0.41379	19.267
CRAP	51	3.7843	55200	0.70732	0.6875	0.71014	19.267
TILED	66	2.4242	55000	0.67391	0.6	0.664	19.197
HIPS	29	3.2414	55000	0.46512	0.33333	0.45763	19.197
OOSES	41	3.2439	55000	0.48214	0.42308	0.50505	19.197
TOIT	117	3.1709	55000	0.46512	0.64706	0.52747	19.197
ANNA	43	7.5814	55000	0.29412	0.36667	0.35294	19.197
MARS	110	2.4636	55000	0.73643	0.75	0.72396	19.197
TERNS	82	2.5366	55000	0.72131	0.46667	0.67308	19.197
TRAINS	47	2.5745	54800	0.68116	0.43478	0.69412	19.127
BUTE	36	3.1111	54800	0.48485	0.72727	0.50649	19.127
META	102	3.0686	54800	0.68889	0.6087	0.6413	19.127
EATERS	68	2.6324	54800	0.74074	0.74074	0.82051	19.127
TASES	26	2.2692	54800	0.5	0.3	0.45098	19.127
CUTES	28	3	54800	0.43636	0.42105	0.43077	19.127
STOW	43	3.3256	54800	0.56	0.6875	0.58824	19.127
SHAM	49	4.1429	54600	0.81481	0.60976	0.72848	19.058
TEME	74	3.3108	54600	0.66316	0.53846	0.62044	19.058
TENDS	58	2.2759	54600	0.59649	0.64706	0.66292	19.058
ICERS	53	2.4906	54400	0.58333	0.61538	0.6044	18.988
PARSE	61	2.5246	54400	0.6	0.73913	0.67521	18.988
BAIT	73	3.2329	54400	0.70115	0.6	0.73571	18.988
FOOT	27	4.5926	54200	0.60465	0.69565	0.64423	18.918
PONG	21	4.2857	54200	0.44828	0.25	0.44286	18.918
OATERS	54	2.3333	54200	0.62687	0.82353	0.69903	18.918
HOME	58	3.5	54200	0.75	0.59375	0.74436	18.918
ARLES	70	2.5	54000	0.5641	0.64286	0.57658	18.848
TEES	43	2.1395	54000	0.475	0.33333	0.45283	18.848
ROUP	34	3.8824	53800	0.45	0.4	0.45714	18.778
SEED	104	2.375	53800	0.68333	0.68182	0.68376	18.778
MISER	56	2.5357	53800	0.625	0.57895	0.62637	18.778
ACERS	65	2.8615	53800	0.67176	0.62	0.72289	18.778
ROOP	38	3.5526	53600	0.56977	0.5	0.55556	18.709
LUDE	48	3.9583	53600	0.5	0.52381	0.51111	18.709
THAN	106	4.283	53400	0.64865	0.61538	0.58163	18.639
RAMI	115	3.5304	53400	0.65385	0.82353	0.7	18.639
GRAD	54	3.9259	53400	0.77941	0.75	0.7027	18.639
LOSES	22	3.0909	53200	0.44444	0.28571	0.4	18.569
TICES	34	2.3529	53200	0.45161	0.55556	0.49091	18.569
DARN	106	2.9151	53200	0.81053	0.64286	0.76316	18.569
SPITE	35	2.9714	53200	0.88889	0.6	0.6375	18.569
BLAST	35	3.6571	53000	0.55263	0.5	0.56923	18.499
WORT	53	2.9057	53000	0.56757	0.3871	0.54217	18.499
OLDER	55	3.2545	52800	0.58065	0.66667	0.64078	18.429
TONNE	48	3.8333	52800	0.72034	0.78378	0.77019	18.429
TRACE	59	3.2373	52800	0.68966	0.75	0.75833	18.429
NEARS	52	2.0962	52800	0.48649	0.625	0.50725	18.429
RIND	104	2.4615	52800	0.81481	0.81818	0.75472	18.429
SLEE	103	3.5146	52800	0.68657	0.7	0.69231	18.429
REENS	71	2.4789	52800	0.5	0.71429	0.60952	18.429
SERRA	82	3.4146	52800	0.39286	0.57895	0.47761	18.429
AMAS	48	3.2292	52600	0.41667	0.4	0.39474	18.36
ROIL	109	2.6881	52600	0.72441	0.88	0.72121	18.36
CINES	33	2.1515	52600	0.46667	0.5	0.47059	18.36
AIRT	230	2.5	52600	0.74101	0.92	0.75806	18.36
RIAS	201	2.7413	52400	0.41463	0.41667	0.43182	18.29
REDIA	118	2.7542	52400	0.65574	0.70833	0.67647	18.29
MOIL	51	4.0588	52400	0.79412	0.72727	0.72857	18.29
RAITS	54	2.3519	52400	0.58974	0.41667	0.59184	18.29
EDGE	35	5.5143	52400	0.61364	0.66667	0.58427	18.29
TENSE	108	2.8056	52200	0.80189	0.73913	0.83616	18.22
RIMS	72	2.8056	52200	0.49451	0.63636	0.52941	18.22
REFI	82	4.1707	52000	0.65753	0.85714	0.68468	18.15
BAIL	48	3.2917	52000	0.64	0.52778	0.68519	18.15
MINO	99	3.4747	51800	0.4	0.5	0.49495	18.08
MENTA	58	3.2586	51800	0.48148	0.33333	0.41071	18.08
TRADE	77	2.6883	51600	0.75	0.88235	0.78102	18.01
LUTES	35	2.7143	51600	0.4186	0.57143	0.46032	18.01
SABLE	34	3.3824	51600	0.59259	0.5	0.57746	18.01
DAINE	92	2.9783	51600	0.79688	0.70588	0.71296	18.01
RUSH	42	4.119	51600	0.6087	0.6	0.55	18.01
LUES	80	2.8625	51600	0.32812	0.30769	0.38	18.01
MAILE	48	3.6042	51600	0.69811	0.77273	0.76761	18.01
LATTER	31	3.4194	51400	0.75325	0.92308	0.76415	17.941
TIERS	44	2.1818	51400	0.5	0.5	0.51667	17.941
CRAM	57	3.5965	51200	0.61039	0.82353	0.66406	17.871
CASTE	106	2.8208	51200	0.88995	0.85135	0.89796	17.871
ICHES	35	3.4571	51200	0.47826	0.57143	0.50602	17.871
GARS	67	2.597	51200	0.44	0.5	0.42466	17.871
HERN	112	2.7321	51000	0.63415	0.88889	0.71963	17.801
MEND	79	3.5316	51000	0.53571	0.92857	0.66197	17.801
PEAN	96	2.7812	51000	0.7265	0.70492	0.74603	17.801
INNERS	26	3.2308	51000	0.51562	0.57143	0.60256	17.801
SITED	61	2.4098	50800	0.58621	0.44444	0.5679	17.731
CALS	59	2.661	50800	0.47222	0.5	0.46269	17.731
ANTIS	72	2.2361	50800	0.4898	0.5	0.5	17.731
WASH	38	3.5789	50800	0.53846	0.7	0.57143	17.731
EATING	40	3.45	50800	0.71429	0.7381	0.74528	17.731
COOS	42	2.619	50800	0.50704	0.5	0.49383	17.731
UNITE	83	4.1446	50600	0.56522	0.76316	0.65556	17.661
SITH	105	3.2381	50600	0.81538	0.6	0.77515	17.661
ELAN	213	3.4319	50600	0.43478	0.43478	0.40278	17.661
ERNES	94	2.5213	50600	0.39024	0.42308	0.43038	17.661
ANGA	62	4.7581	50600	0.43478	0.5	0.43878	17.661
LEAM	75	2.72	50600	0.63043	0.61111	0.6963	17.661
ANISE	95	2.7053	50600	0.625	0.375	0.53846	17.661
PANG	32	3.4688	50600	0.64583	0.71429	0.58108	17.661
LEER	141	2.4184	50600	0.73295	0.79487	0.74348	17.661
AMENT	54	3.2778	50400	0.69149	0.46154	0.68269	17.592
NOTT	34	3.2647	50400	0.52083	0.66667	0.54167	17.592
NORI	194	3.2629	50400	0.36364		0.43103	17.592
TAMES	34	2.2059	50400	0.45455	0.5	0.44828	17.592
SKER	47	3.8723	50200	0.42308	0.29032	0.42857	17.522
BRAT	62	2.4194	50200	0.73016	0.88889	0.70707	17.522
MILL	26	5.9231	50200	0.75373	0.6	0.79856	17.522
ADDER	35	3.4571	50200	0.55952	0.65789	0.57798	17.522
TESTE	94	2.9894	50200	0.7931	0.85417	0.86634	17.522
LITTER	30	3.4667	50200	0.67164	0.66667	0.70968	17.522
REPOS	45	3.7111	50200	0.8125	0.52632	0.77049	17.522
ROUND	21	3.619	50200	0.3913	0.875	0.51923	17.522
PAINT	43	3.0698	50200	0.61364	0.8	0.7093	17.522
COAL	78	3.6282	50000	0.65823	0.66667	0.67227	17.452
CORES	37	2.2703	50000	0.55556	0.46154	0.60811	17.452
MOST	93	2.6022	49800	0.70085	0.71875	0.74359	17.382
STANE	135	2.2444	49800	0.83036	0.975	0.85849	17.382
RANDS	35	2.4286	49800	0.51667	0.5	0.56061	17.382
HOUT	51	3.6667	49800	0.73786	0.64444	0.72611	17.382
DITT	61	2.9672	49800	0.53488	0.5	0.61682	17.382
URATE	86	2.907	49800	0.56667	0.58333	0.60526	17.382
MASS	40	3.45	49800	0.60215	0.64706	0.64912	17.382
LEATS	74	2.1216	49600	0.625	0.58824	0.63918	17.312
CIDER	44	2.6136	49600	0.58929	0.5	0.62069	17.312
STOLE	73	2.589	49600	0.72	0.71429	0.736	17.312
VADE	29	3.8276	49600	0.44444	1	0.44262	17.312
HINT	104	2.9808	49600	0.80556	0.77273	0.85098	17.312
TRONE	95	2.3895	49400	0.78652	0.89286	0.81295	17.243
MESH	53	2.9623	49400	0.29412	0.53333	0.46154	17.243
MATER	75	2.2	49400	0.81538	0.81481	0.84932	17.243
PALI	63	3.0476	49200	0.67442	0.4	0.60526	17.173
SABE	90	3	49200	0.72414	0.72727	0.74324	17.173
KETS	26	3.5769	49200	0.47368	0.33333	0.4375	17.173
ARTIES	53	2.4717	49200	0.57692	0.41667	0.5303	17.173
NANE	69	3.5217	49200	0.275	0.5	0.40278	17.173
ALDER	72	2.5417	49000	0.52	0.6	0.58108	17.103
EASES	73	2.8493	49000	0.74815	0.67164	0.7967	17.103
ARKS	34	4.6176	49000	0.48148	0.5	0.60448	17.103
ROADS	35	2.6	49000	0.425	0.5	0.44681	17.103
MIDS	54	2.9259	49000	0.34043	0.33333	0.38806	17.103
SATIN	133	2.7895	49000	0.76531	0.85	0.81457	17.103
TRINES	50	2.28	49000	0.65079	0.65217	0.6988	17.103
COSTA	53	3.1698	48800	0.61333	0.75	0.65517	17.033
MORAL	38	3.8684	48800	0.65278		0.67901	17.033
MOLES	34	2.6765	48800	0.4	0.63636	0.57534	17.033
LARN	134	2.6716	48800	0.65263	0.54545	0.66154	17.033
STEAN	113	2.646	48800	0.86792	0.92308	0.86818	17.033
RILLE	35	3.9429	48800	0.65789	0.78947	0.69697	17.033
DOUR	28	3.1071	48600	0.32692	0.36364	0.37097	16.963
LOPE	45	4.5111	48400	0.70896	0.70968	0.76506	16.894
LAKE	32	4.75	48400	0.7027	0.59091	0.75676	16.894
ROTTE	66	3.5455	48400	0.81102	0.87805	0.85263	16.894
CURS	57	4.0526	48400	0.65278	0.46667	0.65079	16.894
BATES	32	2.2812	48400	0.4717	0.5625	0.55556	16.894
PORTS	24	2.9167	48200	0.58333	0.57143	0.59091	16.824
LAYER	25	3.36	48200	0.68182	0.625	0.64384	16.824
GILL	24	4	48200	0.62687	0.47826	0.62821	16.824
COON	40	2.625	48200	0.64179	0.7619	0.65909	16.824
STELL	53	3.1887	48000	0.73529	0.45455	0.7449	16.754
REARS	48	2.2708	48000	0.47368	0.45	0.48485	16.754
SOLD	73	3.863	48000	0.6087	0.68966	0.60714	16.754
BREE	57	3.9825	48000	0.68605	0.56757	0.67442	16.754
HINGE	32	3.9062	48000	0.67073	0.7619	0.71429	16.754
OILER	87	3.4138	47800	0.78235	0.87273	0.84685	16.684
NOIL	97	2.3093	47800	0.73958	0.6	0.71094	16.684
SOLER	67	2.5522	47600	0.71233	0.88889	0.73832	16.614
FARE	120	2.6333	47600	0.80383	0.7561	0.82558	16.614
RIGS	67	2.7761	47600	0.45763	0.4	0.47619	16.614
GOES	70	2.6857	47600	0.41379	0.5	0.44286	16.614
LEARN	65	2.6769	47400	0.67647	0.78261	0.74286	16.545
AGON	70	4.3714	47400	0.47368	0.75	0.51724	16.545
OLDS	60	3.45	47400	0.46939	0.6	0.45918	16.545
PIET	85	3.0588	47400	0.65138	1	0.63281	16.545
HOES	85	2.3176	47400	0.52439	0.54545	0.54369	16.545
AMINS	48	2.9792	47400	0.4359	0.5	0.58442	16.545
ANTES	53	2.0943	47200	0.50769	0.66667	0.6	16.475
SHIES	50	2.94	47200	0.50909	1	0.56757	16.475
MERES	49	2.102	47200	0.47222	0.86667	0.58571	16.475
EASTS	77	2.7922	47200	0.63704	0.66667	0.7574	16.475
LOAN	120	3.45	47200	0.73333	0.6	0.77957	16.475
CHART	37	2.9459	47200	0.57143	0.57143	0.6338	16.475
HENT	130	2.4077	47200	0.76271	0.71111	0.79817	16.475
WELL	22	5.0909	47000	0.44231	0.46429	0.56164	16.405
REMAN	66	3.0303	47000	0.59259	0.71429	0.61972	16.405
BOTE	58	2.6552	47000	0.66667	0.57692	0.65041	16.405
LAPSE	43	3.907	47000	0.65909	0.5625	0.64634	16.405
SLED	144	3.1597	46800	0.375	0.28571	0.36765	16.335
TENNE	44	3.4318	46800	0.79808	0.81579	0.79231	16.335
HOON	56	2.9107	46800	0.53571	0.6	0.59434	16.335
ROTIS	42	2.3333	46800	0.41935	0.44444	0.44186	16.335
RAYED	23	2.9565	46800	0.45	0.66667	0.46429	16.335
STUN	88	2.9659	46600	0.66071	0.56522	0.63393	16.265
STARS	43	2.1628	46600	0.52941	0.55556	0.50943	16.265
CURT	32	2.7188	46600	0.44444	0.46154	0.49057	16.265
TARO	269	2.6134	46400	0.67213	0.64516	0.70659	16.195
IDLE	144	4.2153	46400	0.30769	0.56522	0.45652	16.195
GINN	33	3.1212	46200	0.6	1	0.49091	16.126
LACED	22	2.9545	46200	0.42424	0.46667	0.44681	16.126
DEME	52	3.3654	46000	0.52941	0.75	0.6	16.056
VILE	30	3.3333	46000	0.53571	0.5	0.56164	16.056
MERI	154	3.7857	46000	0.6	0.48	0.59756	16.056
ENTERS	51	2.5294	46000	0.65854	0.66667	0.75652	16.056
COIL	49	3.2041	46000	0.7284	0.69231	0.72566	16.056
EASING	42	3.8095	46000	0.7093	0.63636	0.77679	16.056
OWNS	36	3.3889	46000	0.63415	0.37037	0.54321	16.056
RESID	82	3.0122	45800	0.76389	0.84211	0.78689	15.986
NISH	119	3.3109	45800	0.5	0.5	0.45833	15.986
RIPS	68	2.9412	45800	0.45122	0.54545	0.50485	15.986
MAID	56	2.6964	45800	0.61364	0.5	0.62162	15.986
RENO	203	2.3448	45800	0.84	0.77778	0.77236	15.986
TASH	110	2.4818	45800	0.75	0.70833	0.77515	15.986
LINN	57	3.1754	45800	0.49153	0.69565	0.56818	15.986
MISTER	30	2.5667	45800	0.56863	0.63158	0.63492	15.986
PEAL	83	2.5783	45600	0.67424	0.66667	0.71257	15.916
SANTO	69	2.7246	45600	0.47368	0.83333	0.49123	15.916
LEASE	89	2.9101	45600	0.82317	0.87692	0.87611	15.916
HOOD	39	3.1795	45600	0.625	0.4	0.59375	15.916
OARED	100	2.29	45400	0.68687	0.71429	0.704	15.846
CARED	38	2.3421	45400	0.53333	0.72727	0.6	15.846
RASER	82	2.3171	45200	0.52308	0.63636	0.65421	15.777
NIDS	61	2.1967	45200	0.47368	0.44444	0.46667	15.777
PAIRE	52	2.8654	45200	0.72727	0.66667	0.76364	15.777
CHINE	44	2.9545	45200	0.76087	0.64706	0.69767	15.777
TITLE	38	4.0526	45200	0.65	0.83333	0.7027	15.777
AVERS	25	4.68	45000	0.46154	0.66667	0.6	15.707
DATER	95	2.1474	45000	0.80916	0.92	0.83951	15.707
TERNE	116	2.75	45000	0.73913	0.76471	0.74797	15.707
ETTIN	50	3.1	45000	0.46809	0.33333	0.5	15.707
FORT	66	3.9394	44800	0.72932	0.90323	0.80214	15.637
TASER	111	2.045	44800	0.81746	0.85185	0.86486	15.637
TOPS	46	3.1522	44800	0.42857	0.5	0.44828	15.637
LOSER	58	2.4828	44800	0.65625	0.85714	0.73786	15.637
HONG	39	3.7436	44800	0.38636	0.61538	0.49351	15.637
PARTS	32	2.3438	44800	0.52459	0.42857	0.58462	15.637
TAPS	63	2.2222	44800	0.51724	0.57143	0.5443	15.637
TALI	82	2.6585	44600	0.625		0.58209	15.567
STATED	23	2.7391	44600	0.45652	0.66667	0.61404	15.567
PATH	47	3.1702	44600	0.6087	0.34783	0.59155	15.567
EARNS	71	2.3521	44600	0.6747	0.81818	0.73438	15.567
HAIRS	46	2.5217	44600	0.52381	0.63636	0.54839	15.567
ROONS	25	2.64	44400	0.44118	0.66667	0.44681	15.497
BORS	39	2.7692	44400	0.35484	0.5	0.43548	15.497
PARD	60	3.4667	44400	0.58571	0.57143	0.57303	15.497
PARTI	42	3.5714	44400	0.69841	0.70588	0.71429	15.497
MALA	49	3.4898	44400	0.62745	0.5	0.58824	15.497
ROTES	34	2.1176	44400	0.51613	0.5	0.5102	15.497
HAWS	33	3.7576	44400	0.38	0.77778	0.41429	15.497
LOON	43	2.9767	44400	0.57576	0.52381	0.66667	15.497
TEARS	99	2.101	44400	0.7482	0.78571	0.83432	15.497
DILL	38	3.1316	44400	0.58333	0.33333	0.65116	15.497
GANE	32	2.375	44200	0.42308	0.6	0.41176	15.428
RESIT	152	2.6513	44200	0.8607	0.76596	0.86752	15.428
LASES	25	2.12	44200	0.46667		0.46512	15.428
ATONE	127	2.937	44200	0.85475	0.91026	0.89855	15.428
DORT	123	2.5203	44200	0.79259	0.77778	0.81218	15.428
TRONS	61	2.4098	44200	0.55172	0.58333	0.56604	15.428
MEER	81	2.6173	44200	0.62963	0.76923	0.61818	15.428
TOUN	65	2.9077	44000	0.62353	0.84211	0.67619	15.358
SCOP	26	4.1154	44000	0.66667	0.54545	0.59701	15.358
TORTE	83	2.3735	44000	0.71591	0.77778	0.744	15.358
TASSE	50	2.52	44000	0.65517	0.64286	0.67073	15.358
OCHES	27	3.2593	44000	0.38	0.5	0.40984	15.358
ESILE	73	2.6575	44000	0.5493	0.54545	0.58095	15.358
DURES	26	2.3462	44000	0.54839	0.375	0.5	15.358
GARE	104	2.1731	44000	0.85714	0.875	0.85549	15.358
TRIG	87	3.3103	43800	0.42105	0.52381	0.43077	15.288
NOLE	145	2.6207	43800	0.80667	0.7381	0.79524	15.288
FRAT	98	3.2959	43800	0.58974	0.73333	0.6746	15.288
CHID	40	3.7	43800	0.67273	0.625	0.71429	15.288
STIM	111	3.2432	43800	0.74803	0.73077	0.76351	15.288
TOSES	31	2.2903	43800	0.43333	0.41667	0.425	15.288
REAMS	39	2.5128	43800	0.48214	0.4	0.54795	15.288
HOIS	123	3.6585	43800	0.73864	0.625	0.75316	15.288
NICE	101	2.4653	43800	0.79381	0.66667	0.78102	15.288
REAK	34	3.7353	43800	0.51724	0.61538	0.58442	15.288
DELL	47	2.617	43800	0.71429	0.75	0.72527	15.288
TOWS	36	3.6944	43800	0.625	0.53125	0.57955	15.288
MOON	35	3.3429	43600	0.5625	0.64286	0.64286	15.218
RELATE	57	3.0175	43600	0.80282	0.875	0.82301	15.218
FEAT	76	2.6579	43600	0.74627	0.76471	0.75806	15.218
LOSS	30	2.9	43600	0.43103	0.5625	0.49254	15.218
IRON	206	4.1117	43400	0.54167	0.82759	0.73239	15.148
HARN	92	2.8261	43400	0.67391	0.58333	0.70455	15.148
SEARE	121	2.2066	43400	0.82517	0.82857	0.87113	15.148
TAIT	113	2.2566	43200	0.81538	0.70833	0.7561	15.079
PALS	53	2.7925	43200	0.3913	0.42857	0.3913	15.079
KITE	48	4.125	43200	0.6962	0.72	0.73718	15.079
MOLL	23	3.913	43200	0.55882	0.37037	0.55952	15.079
CHASE	42	3.0476	43200	0.78182	0.7931	0.75789	15.079
HATES	21	2.0952	43000	0.46667	0.5	0.475	15.009
PLAST	39	3.0256	43000	0.60465	0.66667	0.6875	15.009
USHER	39	3.7436	43000	0.47222	0.58333	0.5875	15.009
MATED	34	2.2353	42800	0.58537	0.53846	0.56897	14.939
HOOR	56	3.1607	42800	0.47059	0.66667	0.48485	14.939
LACK	20	5.85	42800	0.65385	0.6129	0.70707	14.939
DOOL	43	3.5116	42800	0.67164	0.6087	0.67308	14.939
SETA	389	2.2802	42800	0.57143	0.5625	0.53097	14.939
BANE	60	2.6333	42600	0.71429	0.58824	0.73276	14.869
HOER	128	2.6641	42600	0.48	0.64865	0.63975	14.869
ITCHES	20	3.2	42400	0.47059	0.5	0.48837	14.799
SCORE	58	2.5517	42400	0.90698	0.66667	0.79592	14.799
SEEL	103	2.2718	42400	0.7013	0.7619	0.66906	14.799
TEMP	39	4.3846	42400	0.53333	0.35714	0.49057	14.799
CAVE	24	4.2083	42400	0.63077	0.4	0.62821	14.799
ROAST	70	2.7714	42400	0.74242	0.81818	0.75	14.799
PEER	61	3.1803	42400	0.66667	0.76471	0.7546	14.799
PRATE	66	3.0455	42400	0.78667	1	0.78906	14.799
TINED	51	2.098	42200	0.5	0.46667	0.5	14.729
OBES	59	3.1186	42200	0.38272	0.4	0.42708	14.729
LITHE	51	3.7059	42200	0.84058	0.675	0.78862	14.729
SPORT	32	3.5312	42200	0.54167	0.53846	0.63636	14.729
STEP	83	2.5783	42200	0.46429	0.75	0.50847	14.729
TETS	66	2.2727	42200	0.5	0.5	0.475	14.729
MATIN	67	3.0746	42200	0.72131	0.45833	0.71429	14.729
MATS	25	2.32	42000	0.40741	0.46154	0.43902	14.66
SOLES	27	2.1852	42000	0.5122	0.6	0.53333	14.66
BUST	32	4.0625	42000	0.62121	0.29412	0.64286	14.66
GEES	61	2.7049	41800	0.40541	0.4	0.3871	14.59
MAINS	28	2.3929	41800	0.57692	0.5	0.57895	14.59
TACHE	26	2.9615	41800	0.63158	0.625	0.67925	14.59
ENDERS	43	3.3721	41800	0.75	0.80357	0.82456	14.59
LURES	36	2.25	41600	0.45833	0.5	0.4902	14.52
NACH	75	3.0267	41400	0.64615	0.69231	0.67708	14.45
ROUL	41	3.9268	41400	0.71212	0.69231	0.7	14.45
SPUR	31	3.6452	41400	0.53846	0.375	0.48214	14.45
NOTA	154	2.7857	41400	0.80851	0.72222	0.72727	14.45
CARDI	41	3.7317	41400	0.65		0.68605	14.45
TORO	82	2.878	41400	0.62687	0.83333	0.63736	14.45
RUNT	74	2.9459	41200	0.67368	0.77419	0.74242	14.38
SALS	105	2.4476	41200	0.46154	0.64706	0.51852	14.38
ELATES	63	2.5556	41000	0.82857	0.875	0.82051	14.311
FUSE	36	3.2778	41000	0.46875	0.5	0.4717	14.311
SERIN	162	2.9259	41000	0.80435	0.81395	0.84337	14.311
ACTOR	46	3.4348	41000	0.5	0.35	0.55769	14.311
BARES	51	2.1373	41000	0.73973	0.66667	0.72527	14.311
WIDE	55	3.5818	41000	0.80672	0.55556	0.80247	14.311
OATH	85	3.0353	40800	0.53333	0.73333	0.6	14.241
LAMED	28	2.5714	40800	0.41379	0.5	0.4	14.241
KIER	48	3.8333	40800	0.35		0.40299	14.241
SAGES	29	2.3793	40600	0.44444	0.5	0.4375	14.171
LOSH	36	3.1389	40600	0.34615	0.33333	0.37209	14.171
BOTT	33	3.6061	40600	0.7125	0.63636	0.73196	14.171
TRAM	95	3.0842	40600	0.63934	0.66667	0.72115	14.171
CHANT	35	3.5429	40600	0.61702	0.71429	0.68182	14.171
GINS	51	2.2353	40600	0.44737	0.5	0.43396	14.171
PRIM	34	5.7941	40400	0.64557	0.61765	0.6875	14.101
TIGE	84	2.9048	40400	0.84	0.71429	0.79562	14.101
SINTER	48	2.25	40400	0.83019	0.81818	0.78824	14.101
STRAY	40	2.85	40400	0.45946	0.61538	0.53333	14.101
TENDER	32	2.4062	40200	0.64286	0.85	0.7069	14.031
ROSIN	79	2.8101	40200	0.63636	0.75	0.6875	14.031
STEER	78	2.1923	40200	0.77273	0.82353	0.81679	14.031
AVEL	44	4.25	40200	0.55072	0.35714	0.51111	14.031
LINTER	36	2.4444	40200	0.68	0.82353	0.71622	14.031
SOLAN	49	3.0204	40000	0.32143	0.4	0.38462	13.962
BILE	59	2.6949	40000	0.75	0.73333	0.77953	13.962
ECHE	54	3.7222	40000	0.52632	1	0.44776	13.962
RISER	53	2.4528	40000	0.6	0.77273	0.7	13.962
WEED	30	3.5333	40000	0.66667	0.8	0.51515	13.962
NEED	108	2.6111	40000	0.60714	0.70833	0.68944	13.962
TESTER	40	2.35	40000	0.60417	0.8	0.71014	13.962
RARES	86	2.1395	40000	0.80488	0.8	0.78358	13.962
FREE	46	4.9565	39800	0.57143	0.61765	0.6	13.892
DIED	44	2.7045	39800	0.4	0.5	0.425	13.892
EATHE	40	3.35	39800	0.55556	0.6	0.47727	13.892
BONES	20	2.45	39800	0.42857	0.375	0.46341	13.892
TARTS	36	2.5556	39800	0.62857	0.5	0.64557	13.892
HORA	134	3.0522	39600	0.63043	0.73333	0.65591	13.822
LARES	67	2.1343	39600	0.65094	0.75	0.71545	13.822
TAGS	62	2.1613	39600	0.57143	0.64286	0.60241	13.822
WAIN	62	2.9839	39600	0.64198	0.6129	0.65	13.822
NOUT	50	2.92	39600	0.62687	0.66667	0.625	13.822
MUST	37	3.2432	39600	0.63793	0.8	0.65476	13.822
ANGLES	20	3.5	39400	0.62857	0.46154	0.6383	13.752
TROLL	23	3.4348	39400	0.44444	0.57143	0.46512	13.752
GANT	58	2.3448	39400	0.82051	0.73333	0.7767	13.752
MATTE	37	3.7027	39200	0.81132	0.94118	0.84733	13.682
FADE	54	3.2222	39200	0.71579	0.67647	0.77305	13.682
RACED	33	2.7273	39200	0.5	0.71429	0.63514	13.682
SKED	31	3.9032	39200	0.375	0.30769	0.34328	13.682
USERS	43	2.6279	39200	0.5102	0.64706	0.53623	13.682
LOPS	39	3.2821	39000	0.33962		0.3662	13.613
MELL	31	3.0968	39000	0.61702	0.66667	0.58209	13.613
LIDS	43	2.1395	39000	0.48387	0.5	0.4898	13.613
WAITE	41	3.7073	39000	0.81132	0.75	0.78218	13.613
HARP	58	3.4483	38800	0.76471	0.68182	0.70707	13.543
TRODE	72	2.6111	38800	0.70455	0.66667	0.63889	13.543
HOSES	27	2.2222	38800	0.51852	0.6	0.52174	13.543
ARCHES	24	2.8333	38800	0.51515	0.5	0.57447	13.543
STOA	218	2.6835	38800	0.57746	0.75	0.64964	13.543
LOCH	54	3.6481	38800	0.65789	0.47059	0.5942	13.543
BELL	22	3.7273	38600	0.78788	0.28571	0.65517	13.473
BENT	50	2.98	38600	0.63235	0.84211	0.68687	13.473
MASTER	22	2.4545	38600	0.65517	0.6	0.71154	13.473
ABLER	35	3.1429	38600	0.625	0.75	0.58621	13.473
SORED	26	2.3462	38600	0.42857	0.5	0.44118	13.473
TALER	132	2.303	38400	0.79808	0.83929	0.86538	13.403
GENS	37	2.3514	38400	0.41379	0.5	0.43902	13.403
SCARP	22	3.4545	38400	0.51724	0.33333	0.47826	13.403
RUIN	70	3.2286	38400	0.5641	0.22222	0.57812	13.403
PURE	48	3.2917	38400	0.69231	0.76923	0.75862	13.403
SEIS	168	2.7143	38400	0.52941	0.5	0.41935	13.403
MOTI	78	3.4231	38200	0.55556	0.7	0.66216	13.333
PARED	31	2.3548	38200	0.65789	0.61905	0.62319	13.333
SPED	57	2.8772	38000	0.32558	0.33333	0.37736	13.264
DELE	78	2.4231	38000	0.71186	0.71429	0.69792	13.264
BRUT	25	4.36	38000	0.41667	0.85714	0.52083	13.264
DANTS	31	2.1613	38000	0.44444		0.45652	13.264
LOVE	28	4.75	38000	0.68	0.6875	0.67857	13.264
LOID	71	3.1127	38000	0.45455	0.4	0.43902	13.264
BRED	76	3.1842	38000	0.54839	0.61538	0.54545	13.264
RIFT	56	3.9464	38000	0.64615		0.66667	13.264
CHINS	24	2.5	38000	0.41176	0.4	0.39024	13.264
DEES	76	2.1053	37800	0.47059	0.54545	0.4878	13.194
LUSTER	20	3.4	37800	0.53571	0.25	0.63043	13.194
EDIT	225	2.9467	37800	0.76471	0.67568	0.68493	13.194
BALD	30	3.7667	37800	0.64706	0.8	0.6129	13.194
PRISE	42	3.3571	37800	0.6875	0.64706	0.60345	13.194
TEASE	142	2.8239	37800	0.875	0.87342	0.92	13.194
PATIN	51	3.3529	37800	0.70423	0.55	0.74775	13.194
RESTO	124	2.5081	37800	0.67347	0.72222	0.66667	13.194
REWS	65	2.7077	37600	0.59375	0.57895	0.62	13.124
EASTER	51	2.3529	37600	0.7619	0.8	0.8	13.124
MITT	26	3.7692	37600	0.45	0.36842	0.59091	13.124
PINA	82	3.878	37600	0.47826	0.66667	0.55714	13.124
BASES	25	2.36	37400	0.48148	0.5	0.47727	13.054
BOOT	27	3.1481	37400	0.62712	0.55556	0.64474	13.054
SITHE	73	2.7534	37400	0.76056	0.66667	0.71429	13.054
SOON	53	2.4151	37400	0.65	0.57143	0.71429	13.054
DOSS	37	3.0541	37400	0.725	0.55556	0.63235	13.054
SORA	185	2.4486	37400	0.76923	0.83333	0.72656	13.054
MANIS	22	2.5909	37200	0.16667	0.5	0.27273	12.984
WIRES	29	2.3103	37200	0.48837	0.54545	0.53846	12.984
LIMES	32	2.375	37200	0.51852	0.57895	0.60606	12.984
POON	22	3.9545	37200	0.62295	1	0.65714	12.984
CHIA	50	3.06	37000	0.44444	0.4	0.46341	12.914
GOON	33	3.1515	37000	0.64706	0.70588	0.63636	12.914
FARS	80	2.6625	37000	0.80159	0.66667	0.80247	12.914
TREAD	69	2.8406	37000	0.57576	0.76471	0.72368	12.914
LEARE	99	2.5253	37000	0.83696	0.82051	0.89498	12.914
SILL	51	2.451	37000	0.72727	0.81481	0.77	12.914
LEADS	25	2.28	37000	0.53333	0.45455	0.51163	12.914
SHARE	83	2.4458	37000	0.85088	0.86667	0.86585	12.914
TWEE	36	5.3611	36800	0.58333	1	0.61446	12.845
FALL	20	3.4	36800	0.5614	0.66667	0.5873	12.845
OUTERS	29	3.4483	36800	0.61446	0.8	0.73864	12.845
LIAR	191	2.6702	36800	0.5942	0.66667	0.59794	12.845
LINERS	38	2.1579	36800	0.73214	0.7	0.77778	12.845
MANO	76	2.8947	36800	0.64407	0.625	0.64557	12.845
SEME	56	2.7321	36800	0.66667	0.66667	0.56604	12.845
TORTS	29	2.2414	36800	0.44444		0.47368	12.845
TILS	36	2.25	36600	0.4	0.45455	0.42857	12.775
GENTS	28	2.7143	36600	0.53125	0.6	0.55556	12.775
SAVE	36	3.0278	36600	0.69697	0.88889	0.7093	12.775
REDD	69	3.0145	36600	0.59375	1	0.625	12.775
ALTERS	41	2.4634	36600	0.66667	0.77778	0.74074	12.775
COPS	33	3.1212	36600	0.42553	0.27273	0.4697	12.775
TRIER	74	2.5676	36600	0.68889	0.71429	0.67143	12.775
ALTO	135	3.0741	36600	0.62264	0.8	0.60526	12.775
TOES	48	2.0833	36400	0.5	0.5	0.52381	12.705
COAST	39	2.7436	36400	0.71429	0.88889	0.78409	12.705
TRAPS	45	2.9556	36400	0.82609	0.5	0.67647	12.705
PUNT	32	3.4688	36400	0.59375	0.58621	0.62353	12.705
RATA	147	3.4558	36200	0.81481	0.65217	0.67	12.635
ALLOT	25	4.12	36200	0.30769	0.14286	0.25926	12.635
FELL	21	4.2857	36000	0.65789	0.875	0.64706	12.565
FLAN	49	3.8367	36000	0.62791	0.85714	0.66667	12.565
LUNG	23	4.6522	36000	0.60526	0.65217	0.64	12.565
WANS	33	2.8788	36000	0.35556	0.33333	0.38	12.565
TALA	95	3.1158	36000	0.62069	0.53333	0.55385	12.565
WILE	39	3.2308	36000	0.61194	0.63636	0.65979	12.565
FOND	33	3.8788	36000	0.60465	0.5	0.57971	12.565
EANING	22	3.4091	35800	0.5	0.4	0.53333	12.496
FAIR	55	2.8182	35800	0.81013	0.65789	0.7757	12.496
PASS	36	3.8056	35800	0.60317	0.66667	0.73034	12.496
SURA	94	3.2128	35800	0.44737	0.66667	0.47059	12.496
HOTS	66	2.2727	35800	0.56	0.78571	0.60377	12.496
NARD	91	2.4176	35800	0.71875	0.55556	0.65152	12.496
HAIL	74	2.7703	35800	0.81111	0.85714	0.83108	12.496
RASP	64	2.9531	35800	0.60714	0.75	0.67073	12.496
TEIL	226	2.4425	35800	0.73469	0.73469	0.74737	12.496
TOLED	44	2.3409	35600	0.60417	0.5	0.58462	12.426
BATH	42	3.6905	35600	0.88889	0.65625	0.81897	12.426
DICT	56	3.5893	35600	0.36667	0.2	0.46939	12.426
DARI	136	2.6324	35400	0.70149	0.77778	0.71277	12.356
MINGS	20	2.9	35400	0.57895	0.5	0.5625	12.356
LOOSE	46	2.8261	35400	0.71698	0.94118	0.78788	12.356
BASS	30	4.1333	35400	0.60317	0.73529	0.66667	12.356
TARING	40	2.525	35200	0.77108	0.64	0.77778	12.286
TREW	80	3.1875	35200	0.7	0.55556	0.70115	12.286
TIRR	72	2.9167	35200	0.51613	0.57895	0.5641	12.286
HADE	107	2.9252	35200	0.66879	0.82927	0.77533	12.286
VAIL	22	3.3182	35200	0.44118	1	0.53333	12.286
ALAN	101	4.4455	35200	0.42553	0.38462	0.41935	12.286
TRAIL	76	2.75	35000	0.8125	0.95455	0.84259	12.216
SMIT	96	3.6146	35000	0.79268	0.78947	0.74603	12.216
BORT	63	2.8413	35000	0.73737	0.82609	0.8	12.216
LAIRS	31	2.1935	35000	0.5	0.42105	0.5	12.216
DICE	73	3.1096	35000	0.83	0.69697	0.8042	12.216
ARTIER	36	2.5556	34800	0.53571	0.33333	0.53488	12.147
STELA	156	2.4551	34800	0.61905	0.83333	0.64179	12.147
PAGE	27	3.7037	34800	0.79545	0.53333	0.76087	12.147
WEER	36	3.25	34800	0.55882	0.8	0.58333	12.147
MEIN	131	2.8168	34800	0.60784	0.66667	0.6	12.147
ACTIN	47	2.9149	34800	0.625	0.25	0.56757	12.147
VIER	43	3	34600	0.39286	0.5	0.38462	12.077
SAINT	71	2.2676	34600	0.69697	0.73913	0.81319	12.077
ARTEL	85	2.7059	34600	0.4	0.4	0.45652	12.077
DIME	81	2.9136	34600	0.83673	0.85714	0.88079	12.077
OUPS	41	3.4146	34400	0.45614	0.38462	0.43373	12.007
ESTATE	50	2.88	34400	0.55814	0.64286	0.7013	12.007
ARMED	40	2.75	34200	0.45833		0.52174	11.937
POINT	29	4.2759	34200	0.8	0.5	0.72581	11.937
WISH	34	3.5588	34200	0.53571	0.7	0.5493	11.937
DELS	56	2.25	34200	0.53571	0.4	0.5	11.937
BANT	41	3.1463	34200	0.7439	0.66667	0.76636	11.937
OUCH	23	4.8261	34200	0.41304	0.45455	0.55224	11.937
AIDES	22	2.2273	34200	0.42857	0.4	0.43333	11.937
COATS	25	2.16	34200	0.47619	0.71429	0.54054	11.937
STEIN	99	2.1717	34200	0.77273	0.76471	0.76829	11.937
DEMO	75	3.48	34000	0.68293	0.5625	0.63077	11.867
REACT	59	2.8136	34000	0.58824	0.68421	0.66	11.867
ROBE	48	3.2083	34000	0.65385	0.66667	0.66176	11.867
RENAIL	53	2.5849	34000	0.69565	0.83333	0.75342	11.867
BORN	39	3.0513	34000	0.64706	0.625	0.61905	11.867
MITRE	58	2.5	34000	0.78667	0.86957	0.79798	11.867
REAP	88	2.5114	33800	0.75758	0.7027	0.79508	11.798
TACT	63	2.9048	33800	0.63636	0.25	0.55769	11.798
NARES	70	2.0714	33800	0.62	0.64286	0.61364	11.798
HOLO	47	3.8511	33800	0.46154	0.5	0.42308	11.798
MARC	44	2.8409	33800	0.75	0.63636	0.65	11.798
NILL	49	2.4082	33800	0.66129	0.8125	0.7013	11.798
SALLE	51	2.7647	33600	0.8	0.61111	0.76289	11.728
OMIT	89	3.1236	33600	0.33333	0.66667	0.43902	11.728
RIPES	39	2.7179	33600	0.54348	0.88235	0.66667	11.728
SCARS	35	2.2857	33600	0.46154	0.4	0.46667	11.728
PERM	39	3.1282	33600	0.34783	0.53846	0.5	11.728
DOTE	154	2.9545	33400	0.91223	0.80303	0.91473	11.658
SHOD	43	2.6977	33400	0.52941	0.8	0.53061	11.658
URGE	37	4.5676	33400	0.3	0.30435	0.38	11.658
VEAL	52	3.2885	33400	0.51282	0.875	0.61333	11.658
NAMES	28	2.3571	33400	0.56667	0.5	0.55263	11.658
ROCK	21	4.5714	33400	0.52	1	0.65823	11.658
PENI	99	2.9091	33400	0.52941	0.66667	0.64935	11.658
FINER	35	2.5143	33400	0.67273	0.84615	0.73611	11.658
SLOT	90	2.6778	33400	0.67816	0.68	0.75385	11.658
LASER	78	2.1026	33400	0.76042	0.9	0.82308	11.658
IRATE	117	2.6154	33200	0.64286	0.72727	0.69565	11.588
EARDS	52	2.2308	33200	0.51724		0.50909	11.588
PROSE	43	2.9302	33200	0.64151	0.6	0.72222	11.588
RANK	24	4.5417	33200	0.58209	0.66667	0.65789	11.588
THEM	46	3.8043	33200	0.33333	1	0.33333	11.588
HIND	72	2.7639	33200	0.87368	0.81818	0.85714	11.588
DISS	36	2.5833	33200	0.62963	0.7	0.63636	11.588
SPAE	104	2.9231	33200	0.73684	0.60714	0.68182	11.588
NIDES	40	2.4	33200	0.5	0.61538	0.61667	11.588
RANTER	32	2.5625	33000	0.63415	0.78947	0.71667	11.518
TERSE	62	2.2258	33000	0.54167	0.28571	0.53659	11.518
HEIR	148	2.7635	33000	0.72727	0.8125	0.72477	11.518
ENATES	50	2.36	33000	0.52632	0.5	0.5	11.518
PRIES	36	2.6111	33000	0.4375	0.33333	0.44737	11.518
RORES	37	2.2973	33000	0.45946	0.41667	0.45455	11.518
URNS	68	2.9706	33000	0.4375	0.57143	0.47368	11.518
BORD	31	4.2258	32800	0.72222	1	0.67442	11.449
ALIT	83	3.3253	32800	0.28571	0.2	0.29167	11.449
COLD	51	3.451	32800	0.65854	0.66667	0.65	11.449
PONS	24	2.7083	32800	0.31579	0.33333	0.35484	11.449
AIRER	70	2.4857	32800	0.72603	0.54167	0.73636	11.449
TRIO	166	3.5723	32800	0.5	0.64286	0.53704	11.449
DOMS	20	2.35	32800	0.44444	0.5	0.43333	11.449
CHEST	43	2.4186	32800	0.61538	0.8	0.64706	11.449
GITE	81	2.2716	32800	0.65	0.55556	0.72619	11.449
TINGE	69	3.3043	32600	0.78065	0.81818	0.87192	11.379
STOUT	21	2.7619	32600	0.73333	0.7	0.62222	11.379
REEDS	45	2.2889	32600	0.53846	0.76471	0.66279	11.379
CLAM	35	3.3143	32600	0.65385	0.75	0.6	11.379
HARDS	27	2.4444	32600	0.5	0.55556	0.58696	11.379
RATERS	33	2.0909	32600	0.59574	0.5	0.65079	11.379
TAWS	45	2.6889	32400	0.46341	0.55556	0.48529	11.309
TIAR	223	2.5695	32400	0.7	0.89474	0.75926	11.309
MIRS	76	2.4737	32400	0.425	0.33333	0.425	11.309
LIFT	30	3.5333	32400	0.66667		0.6875	11.309
ROUTS	27	2.4815	32400	0.47222	0.55556	0.63333	11.309
RAISES	20	2.5	32400	0.5	0.5	0.61364	11.309
REMS	91	2.4396	32200	0.425	0.44444	0.41935	11.239
GORA	75	2.8667	32200	0.54902	1	0.56923	11.239
COSTE	76	2.8026	32200	0.88356	0.86957	0.88827	11.239
ERNED	71	2.7324	32200	0.42857	0.71429	0.52542	11.239
CREST	86	2.5814	32000	0.6	0.75	0.62264	11.169
MIND	50	3.18	32000	0.82243	0.61111	0.81746	11.169
ETHS	113	2.4071	32000	0.58	0.38462	0.55294	11.169
HEATER	36	2.75	32000	0.77193	0.77778	0.79221	11.169
ALIST	89	2.8764	32000	0.44	0.5	0.4359	11.169
PIED	49	2.3878	32000	0.56863	0.33333	0.57971	11.169
BROO	26	4.4615	32000	0.64583	0.5	0.66667	11.169
SEALS	27	2.1481	31800	0.61538	0.5	0.5814	11.099
HUNT	42	3.0952	31800	0.7069	0.76923	0.77083	11.099
MACE	53	3.2642	31800	0.84211	0.78261	0.80142	11.099
SOWN	33	3.1515	31800	0.5	0.375	0.44186	11.099
LUNA	50	3.92	31800	0.63158	0.61538	0.62121	11.099
YEAR	88	3.0795	31800	0.54054	0.73333	0.73737	11.099
ESES	146	2.9589	31600	0.31707	0.375	0.33898	11.03
MATTER	21	2.7619	31600	0.68889	0.83333	0.75	11.03
SOAR	187	3.1818	31600	0.91469	0.92105	0.91362	11.03
MASE	143	2.5594	31600	0.82464	0.83721	0.86316	11.03
SAUT	81	3.1358	31600	0.88333	0.88889	0.83871	11.03
SANS	65	2.2615	31600	0.42857	0.45455	0.44681	11.03
WITH	42	4.4524	31600	0.74648	0.72727	0.78641	11.03
HOED	51	2.3725	31600	0.51351	0.4	0.54688	11.03
POSER	30	2.4	31600	0.71795	0.71429	0.74603	11.03
REPIN	33	3.4242	31600	0.76316	0.57143	0.7	11.03
MOILE	37	3.4054	31400	0.84375	0.81481	0.72368	10.96
VIRE	51	2.6863	31400	0.6383	0.6	0.65823	10.96
HERM	78	4.1154	31400	0.5	0.66667	0.58182	10.96
THEE	79	2.7848	31400	0.7931	0.45	0.6506	10.96
TOWN	30	3.6	31200	0.53846	0.33333	0.54717	10.89
SNARE	137	2.5036	31200	0.87143	0.875	0.86275	10.89
LEANS	43	2.1163	31200	0.53846	1	0.60714	10.89
HISH	41	3.0732	31200	0.16667	0.71429	0.4	10.89
AMINES	28	2.6786	31200	0.55172	0.46667	0.5814	10.89
POOT	41	3.2439	31200	0.64583	0.55172	0.72951	10.89
MOTH	37	3.1081	31200	0.82609	1	0.79221	10.89
HEEL	51	2.8235	31200	0.72727	0.66667	0.70408	10.89
DOER	117	2.2308	31200	0.73134	0.75	0.77686	10.89
ROAR	93	2.6559	31200	0.83099	0.77778	0.75926	10.89
GETS	38	2.2895	31200	0.55172	0.375	0.52174	10.89
SENTE	51	2.1961	31200	0.76	0.6875	0.74242	10.89
PARA	49	3.4694	31200	0.47368		0.38889	10.89
LUTER	36	2.6667	31000	0.62162	0.77778	0.70968	10.82
WALI	50	4.6	31000	0.42308	0.63636	0.55769	10.82
PITS	44	2.1136	31000	0.55556	0.5	0.5875	10.82
PAIRES	23	2	31000	0.53333	0.5	0.52778	10.82
POSH	31	3.1613	31000	0.59459	0.53333	0.60317	10.82
MODER	23	2.913	31000	0.68421	0.58333	0.61538	10.82
SIND	61	2.1967	31000	0.66667	0.75	0.68493	10.82
LOINS	45	2.4222	31000	0.36842	0.4	0.4	10.82
TOILES	25	2.16	30800	0.53333	0.63636	0.58974	10.75
PEASE	40	2.325	30800	0.69767	0.75	0.71014	10.75
NOTES	28	2.0714	30800	0.5	0.5	0.51351	10.75
SENSE	69	2.1449	30800	0.60526	0.6	0.65079	10.75
FROS	53	2.9811	30800	0.38889	0.6	0.52542	10.75
WORD	31	3.9677	30800	0.72727	0.625	0.67123	10.75
BETS	55	2.2	30600	0.47368		0.49091	10.681
SHAD	62	3.5484	30600	0.85393	0.76667	0.85526	10.681
APTER	24	2.5417	30600	0.38889	0.5	0.36	10.681
ARSES	68	2.25	30600	0.67677	0.54545	0.7377	10.681
SINED	44	2.1364	30600	0.6383	0.75	0.65625	10.681
TOAST	35	3.2571	30600	0.71429	0.8	0.7	10.681
SWAT	39	3.2564	30600	0.64815	0.66667	0.7	10.681
BARRE	22	4.0455	30600	0.7	0.4	0.76056	10.681
TRAPE	48	2.6042	30600	0.79545	0.75	0.80882	10.681
SPARES	23	2	30600	0.5	0.6	0.52778	10.681
INGLES	25	3.52	30600	0.58537	0.69231	0.64706	10.681
CROW	27	4	30400	0.625	1	0.54	10.611
RANA	98	2.7551	30400	0.68	0.75	0.57627	10.611
LAMES	33	2.3636	30400	0.57143	0.66667	0.67164	10.611
ARIA	156	3.2308	30400	0.33333		0.40625	10.611
BANG	25	3.32	30400	0.59574	0.5	0.62069	10.611
TRINS	35	2.2286	30400	0.41667		0.42857	10.611
CRONE	44	2.75	30400	0.63636	0.73333	0.63636	10.611
ELATER	48	2.7917	30400	0.72727	0.77273	0.82051	10.611
HITS	85	2.2706	30400	0.5625	0.44444	0.6371	10.611
COUP	21	4.5238	30200	0.66667	0.38095	0.6	10.541
MEES	55	2.2	30200	0.5	0.42857	0.47368	10.541
AIREST	61	2.2295	30200	0.67391	0.66667	0.69643	10.541
NATS	81	2.1111	30200	0.5	0.5	0.5	10.541
TULE	64	2.4531	30200	0.57692	0.5	0.62264	10.541
ROSTI	56	2.5	30200	0.71698	1	0.74194	10.541
VEND	30	3.3	30000	0.575	0.53333	0.6	10.471
SNEE	154	3.0519	30000	0.71875	0.81481	0.82222	10.471
TORR	52	2.4615	30000	0.64583	0.5	0.65714	10.471
OWES	45	2.6889	30000	0.58333	0.34615	0.60563	10.471
REEST	105	2.5619	30000	0.54545	0.625	0.54	10.471
SELE	48	2.5833	29800	0.64516	1	0.7037	10.401
STAMP	24	3.125	29800	0.61538	0.88889	0.64865	10.401
CHARE	64	3.2031	29800	0.90909	0.76316	0.87578	10.401
LAMP	22	3.6818	29800	0.66667	0.61111	0.64583	10.401
FITS	30	2.1667	29800	0.5	0.5	0.475	10.401
GRACE	25	2.68	29800	1	0.75	0.64865	10.401
RUME	38	3	29800	0.51282	0.35294	0.5303	10.401
HORNS	31	2.2903	29600	0.48	0.4	0.52632	10.332
LOOP	21	4.3333	29600	0.71111	0.5	0.67164	10.332
DONA	95	2.9579	29600	0.77778	0.57895	0.66667	10.332
SCARE	79	2.6709	29600	0.8481	0.86957	0.86567	10.332
PERN	77	2.5974	29600	0.75	0.64706	0.70423	10.332
SEATS	44	2.0909	29600	0.63158	0.5	0.62264	10.332
LADS	54	2.3704	29600	0.49275	0.4	0.56627	10.332
DOOS	25	2.2	29600	0.5	0.64286	0.52632	10.332
SHIRE	54	2.2593	29400	0.84091	0.78947	0.82558	10.262
MARL	65	3.4462	29400	0.80702	0.44444	0.76136	10.262
BATS	20	2.2	29400	0.41667	0.4	0.43333	10.262
READER	31	2.6129	29400	0.64	0.8125	0.70588	10.262
EMITS	66	2.4545	29400	0.88333	0.72	0.75789	10.262
COATE	75	3.2133	29400	0.82456	0.91429	0.8805	10.262
MASH	38	3.3421	29400	0.67925	0.75	0.68571	10.262
HEARE	79	2.5316	29400	0.85714	0.85714	0.88166	10.262
DEAN	145	2.3241	29400	0.91781	0.78947	0.8945	10.262
FORA	42	2.881	29200	0.38462		0.4359	10.192
RIFE	57	2.6316	29200	0.62857	0.45455	0.59259	10.192
INTO	87	3.1609	29200	0.46429	0.57143	0.55102	10.192
RAPED	27	2.4074	29200	0.5	0.42857	0.58929	10.192
TINK	31	3.8387	29200	0.80882	0.7619	0.79612	10.192
TONIES	64	2.6719	29200	0.78846	0.85714	0.76471	10.192
GAIT	78	2.9359	29200	0.80702	0.75	0.76768	10.192
STALL	20	2.6	29200	0.64865	0.85714	0.71429	10.192
ALATE	72	3.2083	29200	0.7193	0.84211	0.76923	10.192
DIVE	31	3.6452	29000	0.74194	0.76471	0.75949	10.122
RACER	44	2.7727	29000	0.6	0.76	0.79787	10.122
WAND	32	2.5312	29000	0.74576	0.82353	0.8	10.122
ARCS	80	2.3375	29000	0.46667	0.44444	0.54412	10.122
BLED	35	3.4857	29000	0.55814	0.44444	0.5	10.122
ROATE	129	2.3798	29000	0.9313	0.8	0.9071	10.122
SIFT	44	2.9318	28800	0.72131	0.77778	0.71429	10.052
RESET	81	2.2099	28800	0.78571	0.72727	0.80198	10.052
FERES	31	2.0968	28800	0.51852	0.53333	0.52273	10.052
SURED	21	2.619	28800	0.33333	0.5	0.41667	10.052
PLANE	40	3.8	28800	0.58696	1	0.82051	10.052
MALS	34	2.5	28800	0.5	0.4	0.45714	10.052
HARED	62	2.129	28800	0.65432	0.64	0.71818	10.052
STEEL	45	2.2667	28800	0.82692	0.76471	0.76623	10.052
FRONT	25	4.44	28600	0.38889		0.44444	9.9825
CARB	42	3.5476	28600	0.62857	0.875	0.66667	9.9825
SMILE	43	3.3721	28600	0.8	0.55556	0.75641	9.9825
MONER	35	2.4571	28600	0.5	0.4	0.5	9.9825
PASTER	24	2.625	28600	0.62857	0.71429	0.69231	9.9825
BIDER	29	2.7586	28600	0.46154	0.5	0.65517	9.9825
URNED	30	2.7	28600	0.45833	0.5	0.45238	9.9825
WANG	23	3.3478	28600	0.59091	0.4	0.64286	9.9825
TOLES	45	2.0889	28600	0.7037	0.72727	0.73333	9.9825
CONN	36	4.3611	28600	0.75581	0.69231	0.8	9.9825
EMOTE	36	4.5	28400	0.58511	0.94286	0.75238	9.9127
RENTE	123	2.6748	28400	0.89349	0.91549	0.9375	9.9127
CLOT	51	3.7059	28400	0.55556	0.5	0.55556	9.9127
STARN	78	2.5	28400	0.88119	0.73684	0.89552	9.9127
HALT	85	3.2235	28200	0.81609	0.86486	0.82317	9.8429
BRIE	74	2.7432	28200	0.69643	0.85714	0.74419	9.8429
TAILER	36	2.4444	28200	0.76596	0.8	0.8	9.8429
DAMS	29	2.3103	28200	0.46667	0.33333	0.47222	9.8429
MARTIN	28	2.9643	28200	0.63158	0.58824	0.70455	9.8429
RISEN	106	2.1604	28000	0.82927	0.58333	0.75676	9.7731
NOUS	63	2.5556	28000	0.41176	0.6	0.55263	9.7731
DOLS	48	2.2917	28000	0.48387	0.33333	0.46154	9.7731
BITER	38	2.3421	28000	0.7381	1	0.73134	9.7731
RAWS	50	2.68	28000	0.60317	0.75	0.66667	9.7731
HASS	29	2.8621	28000	0.58824	0.45455	0.54902	9.7731
SEIL	136	2.1765	28000	0.76	0.68	0.75824	9.7731
WEES	35	2.5143	28000	0.48077	0.57143	0.5	9.7731
VOLE	27	2.963	28000	0.54167	0.66667	0.45833	9.7731
ARMER	29	3.1379	28000	0.58974	1	0.66667	9.7731
GRAIN	33	3.6061	28000	0.62963	1	0.77273	9.7731
MICH	22	3.6818	27800	0.40625	0.4	0.48889	9.7033
PLEAS	26	3	27800	0.69231	0.78947	0.65854	9.7033
CROME	26	3.1154	27800	0.66667	0.54545	0.67391	9.7033
CORNS	26	2.3077	27800	0.51429	0.5	0.58333	9.7033
MUTE	55	2.8909	27600	0.76712	0.76471	0.84298	9.6335
GRADE	33	2.7576	27600	0.76316	0.84615	0.75439	9.6335
SONDE	63	2.6349	27600	0.81429	0.91667	0.8547	9.6335
BEAN	49	2.8571	27600	0.69565	0.72727	0.7234	9.6335
OTHERS	36	2.4444	27600	0.64516	0.78571	0.66102	9.6335
HOUR	41	2.5854	27600	0.68	0.66667	0.68354	9.6335
PHOT	31	2.9355	27400	0.57692	0.66667	0.6	9.5637
RIMES	33	2.4242	27400	0.52273	0.52381	0.66667	9.5637
GUST	21	3.381	27400	0.57692	0.5	0.52273	9.5637
MOTS	43	2.186	27400	0.47826	0.44444	0.5	9.5637
VANT	23	3.1739	27400	0.36364	0.36364	0.375	9.5637
EVEN	24	3.9167	27400	0.48387	0.55556	0.47727	9.5637
SENTS	23	2.087	27400	0.57143	0.33333	0.52778	9.5637
SNORE	118	2.4492	27400	0.84932	0.93333	0.87413	9.5637
CHAP	21	3.4762	27200	0.54167	0.4	0.61224	9.4939
DELIS	69	2.4058	27200	0.76596	0.6	0.72059	9.4939
TACE	123	2.2033	27200	0.72464	0.75	0.74638	9.4939
SHAW	28	3.0357	27200	0.51111	0.75	0.56364	9.4939
MICE	27	2.7037	27200	0.34483	0.66667	0.44186	9.4939
MEAD	43	2.4884	27200	0.7069	1	0.70492	9.4939
SETTER	28	2.4286	27200	0.7	0.8	0.8	9.4939
STRIP	44	2.8409	27200	0.625	0.77778	0.72549	9.4939
METH	65	2.9385	27200	0.54167	0.55	0.61017	9.4939
GENES	25	2.72	27000	0.5	0.5	0.44828	9.4241
MAIR	104	2.6635	27000	0.65672	0.86207	0.77536	9.4241
TANA	96	2.3958	27000	0.75	0.83333	0.72414	9.4241
BALS	20	2.7	27000	0.2963	0.5	0.37143	9.4241
PILL	21	4	27000	0.61538	0.53333	0.67692	9.4241
CADS	41	2.122	27000	0.60976	0.66667	0.6	9.4241
LOTES	30	2.0333	27000	0.5	0.83333	0.5814	9.4241
DEARS	21	2.0476	27000	0.56522	0.5	0.59459	9.4241
GART	49	2.5918	27000	0.7037	0.64706	0.71053	9.4241
DIRT	119	2.3277	27000	0.67568	0.64286	0.73611	9.4241
DOLL	28	3.2143	27000	0.66071	0.8125	0.75	9.4241
COOT	42	3.4524	27000	0.77215	0.77778	0.79851	9.4241
MINER	56	2.2679	27000	0.82278	0.86667	0.85417	9.4241
TROW	55	3.4727	26800	0.72727	0.86667	0.74074	9.3543
BASIN	25	2.96	26800	0.7	0.5	0.61538	9.3543
MELS	41	2.6585	26800	0.38889	0.33333	0.38235	9.3543
MOOL	25	3.64	26800	0.63043	0.53333	0.59016	9.3543
ANIMA	31	4.6452	26800		0.66667	0.6	9.3543
RUMS	26	3.4231	26800	0.36842	0.33333	0.40541	9.3543
WARN	38	2.5263	26800	0.71429	0.625	0.70149	9.3543
AMPS	28	4.6429	26800	0.61538	0.47619	0.62637	9.3543
MOTES	25	2.84	26800	0.63636	0.68182	0.64062	9.3543
RILED	41	2.0488	26800	0.5	0.5	0.5	9.3543
VETS	26	3.0769	26800	0.41667	0.5	0.41304	9.3543
WIST	32	2.625	26800	0.5	0.5	0.58696	9.3543
HOPE	40	3.425	26800	0.72857	0.90476	0.84404	9.3543
RAPT	60	2.5	26600	0.3913	0.5	0.45238	9.2845
CASTER	21	2.2857	26600	0.77778	0.6	0.7381	9.2845
UNTIE	60	2.9833	26600	0.6	1	0.66071	9.2845
SEASE	40	2.275	26600	0.58824	1	0.6875	9.2845
RETINA	84	2.6548	26600	0.91176	0.86364	0.83333	9.2845
FIST	45	2.3778	26600	0.75556	0.85	0.73973	9.2845
CROSS	22	3.7273	26400	0.44444	0.36364	0.375	9.2147
ORALS	52	2.4231	26400	0.62963	0.81818	0.68571	9.2147
LAWS	40	2.475	26400	0.56	0.5625	0.57692	9.2147
ABLET	35	3	26400	0.67347	0.5	0.67347	9.2147
ETAPE	39	3.2051	26400	0.54545	0.6	0.54545	9.2147
WEAL	52	2.9808	26400	0.75714	0.67857	0.71154	9.2147
MARTS	30	2.1	26400	0.57692	0.75	0.66667	9.2147
BEAST	22	2.5	26200	0.68	0.5	0.70213	9.1449
TONERS	43	2.186	26200	0.73913	0.96774	0.85057	9.1449
LOTTE	39	4.1282	26200	0.74257	0.86486	0.84375	9.1449
RENDS	47	2.0426	26200	0.67308	0.72727	0.75676	9.1449
ELDIN	46	2.8913	26000	0.66667		0.6	9.075
CANES	21	2.1429	26000	0.54545	0.66667	0.56757	9.075
DAME	56	2.1429	26000	0.76364	1	0.80682	9.075
RAUN	56	2.7143	26000	0.64286	0.5	0.62791	9.075
GARI	70	2.7857	26000	0.37931		0.37931	9.075
UNCE	53	4.2453	26000	0.38095	0.38095	0.5	9.075
TAIS	77	2.2208	26000	0.45455	0.5	0.45833	9.075
PERI	112	3.6339	26000	0.61538	0.25	0.52632	9.075
REAMER	20	2.7	25800	0.5625	0.5	0.675	9.0052
RIOT	147	3.0136	25800	0.66038	0.625	0.75362	9.0052
RETAIN	62	2.3226	25800	0.90244	1	0.89623	9.0052
CITS	46	2.1304	25800	0.625	0.61538	0.59574	9.0052
TORIES	33	2.2424	25800	0.61538		0.64516	9.0052
SLING	27	2.8519	25800	0.625	0.4	0.60606	9.0052
LAMS	54	2.537	25600	0.46429	0.83333	0.57895	8.9354
PURS	34	3.3824	25600	0.67213	0.58333	0.78205	8.9354
RAISED	33	2.3636	25600	0.52	0.88889	0.60526	8.9354
NODES	36	2.1111	25600	0.60714	0.8	0.62222	8.9354
LEETS	41	2.1707	25600	0.57143	0.7	0.63333	8.9354
HOLD	35	3.0857	25600	0.58824	0.4	0.64583	8.9354
PATS	61	2.1311	25600	0.54762	0.6087	0.58696	8.9354
RUNE	102	2.5098	25600	0.83898	0.7619	0.84524	8.9354
SOLO	55	3.1091	25600	0.69565		0.58824	8.9354
LOWN	22	3.6818	25600	0.58333	0.375	0.57692	8.9354
IDENT	85	2.8588	25600	0.28571	0.75	0.43333	8.9354
SECT	113	3.2655	25400	0.46154	0.875	0.6	8.8656
WELS	37	3.1351	25400	0.3871	0.5	0.42857	8.8656
STEAM	46	2.587	25400	0.83607	0.81818	0.82955	8.8656
REDOS	41	2.1951	25400	0.48	0.5	0.47059	8.8656
DOME	50	2.36	25400	0.73077	0.85	0.7875	8.8656
EATEN	50	2.46	25400	0.41379	0.5	0.41935	8.8656
FAME	36	2.6667	25200	0.6875	1	0.76389	8.7958
FLOR	34	4.3824	25200	0.5	0.46154	0.53846	8.7958
EMAIL	37	3.5135	25200	0.71795	0.6	0.75758	8.7958
ANGERS	26	3.1923	25200	0.65625	0.5	0.79167	8.7958
TYRE	67	3.5075	25200	1	0.5	0.57692	8.7958
NORM	92	3.2609	25200	0.5	0.7	0.53846	8.7958
TIMED	43	2.2791	25200	0.69091	0.57143	0.70492	8.7958
CASED	21	2.2381	25200	0.43478		0.44	8.7958
ELATED	35	2.4	25200	0.78788	1	0.75862	8.7958
LOCA	36	4.2222	25000	0.71053		0.69048	8.726
SLANT	51	2.6078	25000	0.77612	0.78571	0.82353	8.726
ABID	54	3.7963	25000	0.5	0.5	0.65753	8.726
MARA	52	3.0962	25000	0.58333	0.5	0.51282	8.726
NOSH	51	2.6275	25000	0.73684	0.83333	0.71429	8.726
WITE	62	2.5161	25000	0.67347	0.70968	0.7438	8.726
OMERS	40	2.375	25000	0.45	0.46154	0.45238	8.726
SWEE	34	4.9118	25000	0.71579	0.52	0.73913	8.726
BASTE	51	2.8235	25000	0.90816	0.84848	0.90226	8.726
MOOT	36	3.0833	24800	0.67857	0.7931	0.80769	8.6562
DERATE	42	2.4524	24800	0.71875	0.63636	0.80328	8.6562
DREE	112	3.1964	24800	0.6	0.57143	0.64706	8.6562
HAVE	26	4.6538	24800	0.68966	0.72727	0.75556	8.6562
TOST	32	2.0625	24600	0.5	0.5	0.48571	8.5864
THIR	79	3.1013	24600	0.33333	0.4	0.41935	8.5864
MEARE	52	2.1923	24600	0.8642	0.625	0.85556	8.5864
BRAID	22	3.1364	24600	0.55172	1	0.66667	8.5864
POSS	31	3.6774	24600	0.84211	1	0.775	8.5864
TRITE	77	2.2987	24400	0.79487	0.81818	0.77027	8.5166
CREATE	28	2.5	24400	0.76471	0.375	0.67568	8.5166
TIAN	204	2.2304	24400	0.68	0.8	0.7	8.5166
TROT	125	2.432	24400	0.76	0.54545	0.76042	8.5166
TAPER	51	2.3333	24400	0.8	0.86667	0.87129	8.5166
BERE	78	3.0256	24400	0.71084	0.88889	0.81667	8.5166
RUDES	27	2.4074	24400	0.6	0.83333	0.64444	8.5166
LEED	28	2.5357	24400	0.45161	0.66667	0.5283	8.5166
STOUR	34	2.9118	24400	0.8	0.81818	0.78462	8.5166
HETE	115	2.8522	24400	0.57143	0.625	0.59016	8.5166
BRIS	74	3.5811	24200	0.64444		0.64815	8.4468
TARA	107	2.4953	24200	0.85294	0.75	0.75758	8.4468
PASH	30	2.6333	24200	0.51852	1	0.53488	8.4468
CHAIN	29	3.8621	24200	0.76316	0.8	0.8209	8.4468
HIVE	23	4.8261	24200	0.67606	0.66667	0.77	8.4468
MIME	24	3.875	24200	0.75385	0.75	0.74359	8.4468
LIONS	21	2.5714	24200	0.35294	0.5	0.38095	8.4468
BOOS	24	3.6667	24200	0.71795	0.58333	0.7069	8.4468
SEAME	54	2.8519	24200	0.80822	0.84615	0.83838	8.4468
TIPS	24	2.2917	24200	0.5	0.5	0.48276	8.4468
RASSE	26	2.1923	24200	0.5	0.5	0.46667	8.4468
AIMS	46	2.3043	24200	0.525	0.44444	0.55357	8.4468
CRIM	43	3.5581	24200	0.68627	0.91667	0.76543	8.4468
TEERS	59	2.0508	24200	0.69444	0.63636	0.74757	8.4468
DOUT	37	3.027	24200	0.83077	0.73913	0.82222	8.4468
SOFT	41	3.5122	24000	0.74194	0.66667	0.71429	8.377
BOOR	21	2.9048	24000	0.51852		0.62	8.377
RUSES	29	2.2759	24000	0.4	0.4	0.46875	8.377
SLID	69	3.2899	24000	0.9	0.83333	0.8381	8.377
GORI	62	2.7742	24000	0.65	0.5	0.62295	8.377
CHEW	20	3.35	24000	0.66667	1	0.55882	8.377
SCART	48	2.375	24000	0.71429	0.81818	0.78378	8.377
CRIES	27	2.037	24000	0.47826	0.5	0.48387	8.377
SNOT	120	2.4333	24000	0.81967	0.72727	0.81481	8.377
BRIT	56	2.7857	23800	0.72581		0.78481	8.3072
SORN	114	2.3947	23800	0.78261	1	0.81651	8.3072
ALAR	86	3.3372	23800	0.42105		0.47727	8.3072
OYER	57	2.9649	23800	0.51923	0.57143	0.55422	8.3072
RIAD	119	2.5378	23600	0.43333	0.5	0.5	8.2373
STRING	21	3.0476	23600	0.69565	0.5	0.70588	8.2373
HOARS	42	2.7143	23600	0.52632	0.9	0.69388	8.2373
AWES	38	2.3158	23600	0.52381	0.5	0.45946	8.2373
MILT	51	2.7255	23600	0.81481	0.88889	0.80412	8.2373
LAGS	34	2.6176	23600	0.44828	0.5	0.5102	8.2373
PEATS	26	2.0769	23600	0.55882	0.5	0.59091	8.2373
GAINS	23	2.2609	23600	0.45455	0.5	0.54054	8.2373
PICE	25	3.28	23600	0.61111	0.74074	0.72131	8.2373
CHARS	21	2.0952	23600	0.47619	0.5	0.46429	8.2373
AMID	73	3.2055	23600	0.33333	0.2	0.62791	8.2373
ODAL	90	3.4444	23600	0.3913	0.66667	0.42105	8.2373
SEEN	22	2.1818	23600	0.46154	0.42857	0.48571	8.2373
LOST	32	2.2188	23600	0.41379	0.54545	0.47619	8.2373
LEAL	74	2.2973	23400	0.42105		0.44444	8.1675
ROIDS	45	2.5111	23400	0.64	0.42857	0.59375	8.1675
LODS	57	2.3333	23400	0.4898	0.375	0.4918	8.1675
LIENS	58	2	23400	0.5		0.55	8.1675
PENTS	23	2	23400	0.59091	0.75	0.65789	8.1675
RUND	29	2.8966	23400	0.36	1	0.51515	8.1675
LINGO	26	2.8846	23400	0.31579	0.5	0.34783	8.1675
LORES	20	2	23400	0.53846	0.5	0.55882	8.1675
RASING	24	2.0833	23400	0.5		0.5	8.1675
CALO	72	2.8611	23400	0.8	0.5	0.69091	8.1675
LADER	56	2.3214	23400	0.775	0.8125	0.8	8.1675
RAILED	23	2.4348	23200	0.7037	0.6	0.68293	8.0977
UNCI	28	3.2857	23200	0.42857		0.27273	8.0977
MORSE	33	2.303	23200	0.68293	1	0.74074	8.0977
MESE	67	2.6269	23200	0.55556	0.4	0.48837	8.0977
SCENT	43	2.9302	23200	0.41667	0.625	0.57143	8.0977
ARTY	55	2.5273	23200	0.3913	0.33333	0.41304	8.0977
LANA	72	2.625	23200	0.69231	0.69231	0.65957	8.0977
AMUS	33	3.7879	23200	0.5	0.6	0.55	8.0977
FONT	37	2.4324	23000	0.59459		0.71429	8.0279
HONS	44	2.2727	23000	0.57143	0.66667	0.55556	8.0279
EYER	33	3.303	23000	0.82353	0.33333	0.56863	8.0279
SENTI	26	2.4615	23000	0.68421	0.78571	0.62069	8.0279
TOURS	22	2.3636	23000	0.65385	0.71429	0.63158	8.0279
AMENS	39	2.2051	23000	0.65	0.57143	0.66667	8.0279
PULE	25	3.76	22800	0.61111	1	0.64706	7.9581
SNOW	38	2.7105	22800	0.56522	0.5	0.58333	7.9581
GERE	67	2.3731	22800	0.83019	0.55556	0.74359	7.9581
SNIDE	97	2.5773	22800	0.73333	0.86667	0.82716	7.9581
NUTS	58	2.2241	22800	0.5	0.42857	0.48571	7.9581
RUNG	27	2.4074	22600	0.66667	0.83333	0.72222	7.8883
LOUSE	26	3.3846	22600	0.79592	0.90909	0.81818	7.8883
ANTRE	85	2.2	22600	0.82759	0.8	0.82192	7.8883
GULE	24	3.25	22600	0.55556	0.27273	0.55556	7.8883
WITS	32	2.3125	22600	0.44118		0.44444	7.8883
NAPE	64	2.375	22600	0.80702	0.72414	0.83146	7.8883
FIND	35	3	22400	0.79365	0.66667	0.80488	7.8185
TORY	48	2.8125	22400	0.44444	0.5	0.51515	7.8185
CLON	57	3.6491	22400	0.77612	0.8	0.8046	7.8185
STEW	46	2.6739	22400	0.78049	1	0.76471	7.8185
SOURS	22	2	22400	0.53571	0.75	0.57895	7.8185
EARTH	89	3.3483	22400	0.7	0.61905	0.68182	7.8185
WEEN	36	3.1111	22200	0.62	0.66667	0.67123	7.7487
TATERS	21	2.1905	22200	0.80645	0.72727	0.76087	7.7487
MELA	81	2.8765	22200	0.73333		0.625	7.7487
LEAP	71	2.7183	22200	0.81034	0.64516	0.77551	7.7487
PAVE	20	4.45	22200	0.73913	0.625	0.75758	7.7487
CREES	26	2.1538	22200	0.5		0.52941	7.7487
SHOW	26	3.6923	22200	0.625	0.77778	0.62791	7.7487
AGENT	40	2.725	22200	0.76	1	0.7381	7.7487
AGAS	39	3.1795	22200	0.36364	0.28571	0.37209	7.7487
RINSE	113	2.4159	22000	0.8913	1	0.90789	7.6789
TESTS	24	2.3333	22000	0.53846		0.47826	7.6789
WHIT	32	4.7188	22000	0.7037	0.63636	0.73585	7.6789
SADES	30	2.1	22000	0.46154	0.5	0.48148	7.6789
LOGS	29	2.7586	22000	0.42857	0.4	0.42308	7.6789
SLIM	53	3.0755	22000	0.73469	0.72727	0.80851	7.6789
TUND	31	2.8387	22000	0.58065	0.33333	0.60606	7.6789
CARER	38	2.5	22000	0.78261	0.77778	0.80488	7.6789
MILER	37	2.4324	22000	0.82	0.8125	0.7875	7.6789
EASTED	29	2.4828	22000	0.69444	0.8	0.71111	7.6789
RENNE	49	3.3469	22000	0.74419	0.68	0.74576	7.6789
DRAW	41	3.3415	22000	0.66667	0.72727	0.69388	7.6789
LOUN	46	2.8696	22000	0.75806	0.72727	0.7907	7.6789
DISA	58	2.431	22000	0.33333	0.66667	0.38889	7.6789
DELT	128	2.7578	22000	0.87273	0.7037	0.82692	7.6789
EVIL	28	3.4643	22000	0.5	0.25	0.44444	7.6789
TAMINE	25	2.72	22000	0.71429	0.66667	0.72973	7.6789
BEDE	41	2.8293	21800	0.57143	0.5	0.53846	7.6091
FRIT	58	3.0345	21800	0.64583	0.9	0.72973	7.6091
ELDS	71	2.4366	21800	0.57143	0.6	0.58	7.6091
RATINE	75	2.2	21800	0.76744	0.875	0.82609	7.6091
MOIST	34	3.2647	21800	0.88889	0.75	0.78049	7.6091
SOUS	40	2.875	21800	0.91489	0.66667	0.76471	7.6091
NOON	35	2.8571	21800	0.70833	1	0.7619	7.6091
GRANT	36	2.6944	21800	0.79167	1	0.75	7.6091
ALLIED	24	3.0417	21800	0.7451	0.44444	0.7451	7.6091
ACTION	21	4.2381	21800	1	0.5	0.64	7.6091
HEWS	30	2.6333	21800	0.4375	0.66667	0.58621	7.6091
LEARS	37	2	21800	0.69565	0.58333	0.73333	7.6091
HOWS	21	2.9048	21800	0.53571	0.45455	0.52273	7.6091
LORD	57	2.4035	21800	0.7619	0.66667	0.76623	7.6091
BASH	39	2.8718	21600	0.78723	0.85	0.73684	7.5393
DONNE	20	3.35	21600	0.55172	0.6	0.66667	7.5393
NITERS	21	2.0476	21600	0.54167	0.75	0.625	7.5393
AMIES	44	2.5909	21600	0.45455	0.25	0.45714	7.5393
TEAMS	31	2.1613	21600	0.74286	0.72727	0.74545	7.5393
RESIDE	36	2.6944	21600	0.72414	0.81818	0.77273	7.5393
TEADS	35	2.1143	21600	0.57143	0.57143	0.65306	7.5393
LOBE	39	2.7692	21600	0.65385	0.6	0.73469	7.5393
ROPER	23	2.3913	21600	0.73529	0.7	0.7234	7.5393
ODDER	23	3.087	21600	0.5122	0.5	0.59615	7.5393
BRAD	30	2.6	21600	0.65	0.44444	0.69767	7.5393
LIPE	55	3.6545	21600	0.62963	0.65517	0.67692	7.5393
RESTED	30	2.2	21400	0.62069	0.8	0.67568	7.4695
PISE	48	2.2917	21400	0.67647	0.75	0.66667	7.4695
HALERS	22	2.0909	21400	0.45455	0.66667	0.56	7.4695
COTTA	20	3.3	21400	0.46667	0.55556	0.59375	7.4695
OASTS	37	2.6757	21400	0.63415	0.69231	0.69118	7.4695
TINAS	68	2.1618	21200	0.5	0.46154	0.52273	7.3997
MARD	20	2.55	21200	0.5	0.5	0.5	7.3997
WARM	24	4.25	21200	0.7		0.63158	7.3997
FART	65	2.1846	21200	0.84694	0.84211	0.8843	7.3997
COIT	79	2.4557	21200	0.81818	1	0.78261	7.3997
MOLA	48	2.6875	21000	0.75439	0.9	0.75385	7.3298
BEAD	46	2.7174	21000	0.76812	0.68421	0.8022	7.3298
LENSE	42	2.381	21000	0.83721	0.73913	0.80882	7.3298
RAHS	71	2.5352	21000	0.25		0.31579	7.3298
REELS	22	2.1364	21000	0.5	0.75	0.58824	7.3298
LUNT	46	2.3043	21000	0.8	0.53846	0.74242	7.3298
SADI	115	2.6174	20800	0.58333	0.46154	0.55556	7.26
STRAW	38	2.8421	20800	0.68966	0.72727	0.71111	7.26
HEME	40	3.525	20800	0.5	0.3	0.4878	7.26
NADS	28	2.2143	20800	0.41176	0.5	0.46429	7.26
RIEL	214	2.8645	20800	0.5	0.375	0.4878	7.26
SPAIN	30	2.5	20800	0.6087	0.69231	0.70833	7.26
PEES	23	2.1739	20800	0.48148	0.5	0.48387	7.26
STOOP	24	3.125	20800	0.71429	0.5	0.67442	7.26
CORED	30	2.1	20800	0.55556	0.6875	0.69565	7.26
ROPES	24	2.125	20800	0.61111	0.75	0.64444	7.26
GRISE	39	2.5128	20800	0.64	0.6	0.63636	7.26
BEDS	33	2.4545	20800	0.4375	0.57143	0.48	7.26
LICH	28	3.5	20600	0.52174	0.75	0.51515	7.1902
COLT	47	2.5745	20600	0.79412	0.71429	0.79412	7.1902
BOTS	22	2.1364	20600	0.52941	0.5	0.55882	7.1902
SMART	49	3	20600	0.77273	0.71429	0.80702	7.1902
LANK	20	4.5	20600	0.54386	0.57143	0.66667	7.1902
TRAINER	21	2.9524	20600	0.82759	0.63636	0.85106	7.1902
WOOS	23	3.3913	20600	0.63636	0.33333	0.60526	7.1902
ANTAS	24	2.0833	20600	0.52941	0.4	0.5	7.1902
RASHES	22	2.5455	20600	0.62963	0.5	0.71795	7.1902
STEND	49	2.2857	20600	0.78571	0.83333	0.82609	7.1902
TOSH	76	2.6184	20600	0.76364	0.73333	0.83495	7.1902
MOLT	41	3.3659	20400	0.72727	0.5	0.68657	7.1204
ACTA	30	2.5667	20400	0.42857	0.33333	0.41667	7.1204
PELL	25	3.12	20400	0.7	0.6875	0.72727	7.1204
TEACH	26	2.6538	20400	0.75	0.83333	0.76744	7.1204
PROD	29	3.0345	20400	0.68421	0.25	0.63415	7.1204
MOTT	30	4.1333	20400	0.72632	0.84615	0.80412	7.1204
ANTIC	49	3.0612	20400	0.5	0.5	0.52632	7.1204
TANK	26	3.7692	20400	0.80392	0.71429	0.75309	7.1204
DUST	49	3.1224	20400	0.85	0.83333	0.77273	7.1204
PARER	23	3.1304	20400	0.625	0.5	0.64583	7.1204
SALES	21	2.0476	20400	0.61111	0.5	0.57143	7.1204
FRIS	64	3.2031	20400	0.5	1	0.54762	7.1204
DRIES	66	2.1364	20400	0.54545		0.65714	7.1204
TOPI	47	3.1064	20400	0.63158	0.8	0.6383	7.1204
PIAS	43	2.7442	20200	0.5	0.5	0.5	7.0506
DINT	103	2.1262	20200	0.86076	0.92308	0.86822	7.0506
EWES	33	2.6667	20200	0.44444	0.5	0.42105	7.0506
WELT	37	3.0541	20200	0.64286	0.6	0.64	7.0506
FELT	43	2.6977	20200	0.68293	0.875	0.7193	7.0506
HAUL	30	4.1667	20200	0.6087	1	0.55556	7.0506
TOWER	20	3.25	20200	0.76744	1	0.83077	7.0506
BLETS	27	2.8889	20200	0.42857		0.42857	7.0506
ORMER	35	3	20200	0.56522	0.3	0.53846	7.0506
DARG	29	3	20200	0.36364		0.34615	7.0506
ETHERS	20	2.7	20200	0.54545	0.83333	0.63333	7.0506
LEIS	148	2.4595	20200	0.46667	0.5	0.42105	7.0506
CUTS	34	2.2647	20200	0.5	0.6	0.57447	7.0506
MILES	20	2.25	20000	0.61765	0.8	0.66667	6.9808
PLIE	72	3.0556	20000	0.81579	1	0.85417	6.9808
ITAS	278	2.5791	20000	0.42308	0.5	0.45614	6.9808
SERED	34	2.3235	20000	0.55556	1	0.59574	6.9808
OVEN	37	3.4595	20000	0.7619	0.42857	0.68333	6.9808
COLA	51	2.2549	20000	0.79412	0.7	0.76271	6.9808
WENS	24	2.0833	20000	0.56522	0.5	0.57143	6.9808
GALS	28	2.1786	20000	0.53333	0.5	0.48387	6.9808
DIALS	20	2.35	20000	0.5	0.71429	0.58333	6.9808
PILA	63	3.1429	19800	0.4		0.375	6.911
TUSH	28	2.6429	19800	0.65517	0.6	0.63889	6.911
UMES	40	2.525	19800	0.36364	0.33333	0.36842	6.911
SOOL	46	3.3478	19800	0.7619	0.875	0.82075	6.911
OILIER	22	2.4545	19800	0.55556	0.71429	0.57692	6.911
SOUND	20	2.9	19800	0.62963	1	0.6875	6.911
HOWE	21	2.8571	19800	0.43333	0.77778	0.6	6.911
NEARED	21	2	19800	0.5	0.5	0.5	6.911
NIGH	50	3.6	19800	0.55556	0.25	0.56757	6.911
DANCE	39	3.1795	19800	0.66667	1	0.8	6.911
STEED	38	2.1316	19800	0.7037	0.66667	0.75472	6.911
NARC	112	3.0268	19800	0.41667		0.47368	6.911
VERTS	27	2.5926	19800	0.41176	0.66667	0.51724	6.911
SLIP	42	3.2381	19800	0.61905	0.78947	0.65	6.911
SURF	23	3.1304	19600	0.6		0.54545	6.8412
CHEAT	43	2.6047	19600	0.89474	0.75	0.85507	6.8412
TILER	65	2.1077	19600	0.85366	0.88	0.89091	6.8412
ASTERN	43	2.3488	19600	0.64286	0.64286	0.66667	6.8412
DINO	109	2.2752	19600	0.82609	0.76923	0.75	6.8412
SEES	27	2.2593	19600	0.47619		0.5	6.8412
ARLED	35	2.3429	19600	0.66667	0.71429	0.68085	6.8412
ADORN	23	3.1304	19400	0.5		0.66667	6.7714
CREED	23	2.5217	19400	0.53333	0.88889	0.71053	6.7714
CLINE	38	2.6316	19400	0.66667	0.71429	0.79245	6.7714
WORSE	46	3.3043	19400	0.89655	0.85185	0.86916	6.7714
GOOS	25	3.28	19400	0.68571	0.5	0.7551	6.7714
SNIP	73	3.1507	19400	1	0.77419	0.80247	6.7714
ILLY	26	4.1154	19400	0.42857	0.42857	0.5098	6.7714
LOKE	20	2.85	19400	0.59091	0.75	0.59574	6.7714
WEET	37	3	19400	0.40541	0.73684	0.66667	6.7714
IMPS	21	3.7619	19400	0.37143	0.5	0.42857	6.7714
NOOP	21	3.1905	19400	0.66667	0.54545	0.65306	6.7714
BIRD	32	3.1875	19400	0.71429		0.73171	6.7714
LANNER	21	2.619	19400	0.81579	0.8	0.80435	6.7714
PASSE	26	2.6538	19400	0.66667	1	0.76087	6.7714
PERSE	29	2.6897	19400	0.5625	0.6	0.47826	6.7714
MILD	30	2.9	19400	0.8125	0.72727	0.70455	6.7714
ROAN	103	2.3204	19200	0.79245	0.75	0.8	6.7016
SCUT	36	3.3056	19200	0.79487	0.75	0.76786	6.7016
AUNTS	38	2.9474	19200	0.67857	0.6	0.73684	6.7016
ROMS	34	2.0588	19200	0.54545	0.5	0.5	6.7016
HEARD	34	2.0882	19200	0.55		0.69231	6.7016
GRIT	58	2.5	19200	0.74359	1	0.74627	6.7016
OCHER	34	2.8824	19200		0.625	0.5	6.7016
WRAP	20	3.4	19200	1		0.41176	6.7016
LONER	48	2.3333	19200	0.7973	0.8125	0.8617	6.7016
NAILED	23	2.1739	19200	0.63333		0.69231	6.7016
LASSI	27	2.5556	19200	0.76	0.75	0.65625	6.7016
SOLAR	25	2.4	19200	0.5	0.625	0.58333	6.7016
PACT	35	3.1143	19200	0.53333	0.28571	0.53659	6.7016
STINT	60	2.5333	19200	0.88571	0.94118	0.85366	6.7016
HATTER	25	3.04	19000	0.74194	0.92857	0.81818	6.6318
TOPES	23	2.087	19000	0.66667	0.57143	0.70455	6.6318
LAVER	24	2.6667	19000	0.68889	0.8	0.80769	6.6318
REDON	78	2.3462	19000	0.7027	0.85714	0.74545	6.6318
HAMS	33	2.2727	19000	0.57143	0.55556	0.6	6.6318
DULE	44	2.4545	19000	0.56667	0.75	0.68889	6.6318
PELA	70	2.3714	19000	0.55556	0.5	0.58974	6.6318
ERSES	64	2.2969	18800	0.57143	0.5	0.55263	6.562
LOUD	36	3.1944	18800	0.76667	0.44444	0.66667	6.562
VERSE	36	4.0278	18800	0.45455	0.2	0.5	6.562
RIMER	26	3.2692	18800	0.69565	0.5	0.7	6.562
STUD	62	3.0323	18800	0.41667		0.53333	6.562
LATHER	32	3	18800	0.82812	0.76923	0.88158	6.562
HAUN	31	3.5484	18800	0.7037		0.70213	6.562
ARSED	47	2.1489	18800	0.66667	0.63158	0.66197	6.562
DEARE	93	2.5269	18800	0.90152	0.94286	0.93407	6.562
GERM	42	3.3333	18800	0.75	0.625	0.64286	6.562
LORN	32	2.2188	18600	0.5	0.5	0.47619	6.4921
TWIN	45	4.6667	18600	0.66667	0.90909	0.81159	6.4921
PRESE	39	2.8718	18600	0.60714	0.6	0.60714	6.4921
RECK	21	3.1429	18600	0.46429	0.8	0.55556	6.4921
SHAME	26	3.2308	18600	0.89474	0.63636	0.82857	6.4921
SLAVE	21	2.9048	18600	0.90323	0.76923	0.8	6.4921
HIDER	41	2.3902	18600	0.72917	0.64286	0.77778	6.4921
PATES	29	2.0345	18600	0.62222	0.64286	0.67925	6.4921
ORDER	47	2.4255	18600	0.78261	1	0.67442	6.4921
NOOSE	49	2.8776	18600	0.8125	0.85	0.82432	6.4921
STRAD	34	2.2647	18600	0.47368	1	0.5	6.4921
LOIDS	23	2.4783	18400	0.42857	0.375	0.41176	6.4223
STONED	27	2.037	18400	0.77778	0.8	0.76744	6.4223
TINGLE	26	2.9615	18400	0.83333		0.77778	6.4223
ORATES	28	2.1429	18400	0.6875	0.75	0.7037	6.4223
FATE	81	2.2963	18400	0.88462	0.89474	0.88199	6.4223
DALLE	27	2.2963	18400	0.75	0.71429	0.74359	6.4223
CITER	56	2.2143	18400	0.83529	1	0.9	6.4223
ABERS	34	2.4412	18400	0.45161	0.5	0.5	6.4223
COSH	27	3.037	18400	0.92857	0.85714	0.84848	6.4223
URATES	20	2.4	18400	0.55556	0.55556	0.5	6.4223
POET	61	2.5246	18400	0.83333	0.5	0.74419	6.4223
BARN	50	2.66	18400	0.7963	0.57143	0.85556	6.4223
URDS	46	2.8696	18200	0.375	0.5	0.42308	6.3525
PEED	26	2.9615	18200	0.6087	0.5	0.64103	6.3525
NEWS	32	2.7188	18200	0.54167	0.6	0.56667	6.3525
CAPS	23	2.913	18200	0.47368		0.47619	6.3525
MOLD	25	3.16	18200	0.88235	0.55	0.725	6.3525
HIRES	43	2.0698	18200	0.68889	0.82353	0.78788	6.3525
SILT	103	2.2427	18200	0.84058	0.80952	0.87156	6.3525
KINS	22	2.8636	18200	0.57143		0.56522	6.3525
ARBS	37	2.5676	18200	0.4	0.375	0.42105	6.3525
OULD	34	4.1471	18000		0.36364	0.36364	6.2827
AKIN	23	3.913	18000	0.55263	0.18182	0.55263	6.2827
ABAS	29	4	18000	0.66667	0.33333	0.36	6.2827
DECAN	44	3.5227	18000	0.76087	1	0.79661	6.2827
DRAP	47	3.617	18000	0.86957	0.77778	0.77049	6.2827
DARTS	23	2.1739	18000	0.46667	0.5	0.52381	6.2827
BREES	22	2.3182	18000	0.5	0.5	0.47826	6.2827
SNIT	162	2.2716	18000	0.83051	0.5	0.81481	6.2827
MENTO	37	3.1081	18000	0.82353	0.64286	0.76744	6.2827
TRIPE	35	3.0571	18000	0.54054	0.90909	0.77778	6.2827
CARTS	29	2.069	18000	0.68421	0.5	0.77083	6.2827
EASEL	63	2.4286	18000	0.84286	0.72727	0.86667	6.2827
LOTTER	20	3.25	18000	0.69388	0.8125	0.7931	6.2827
SLIT	97	2.3093	18000	0.84	0.75	0.86667	6.2827
DRAG	42	2.9524	17800	0.53846	0.57143	0.6	6.2129
PINED	23	2.3478	17800	0.59375	0.42857	0.57895	6.2129
PROM	25	3.36	17800	0.5	0.22222	0.51852	6.2129
COMET	28	2.3214	17800	0.88235	0.55556	0.72727	6.2129
CORNI	25	2.8	17800	0.57143	0.33333	0.56522	6.2129
CORM	25	2.48	17800	0.63158		0.69444	6.2129
CARLE	32	2.625	17800	0.75	0.58333	0.76316	6.2129
RENOS	29	2.1379	17800	0.5	0.5	0.47368	6.2129
RONTE	80	2.2625	17800	0.85075	0.92857	0.9011	6.2129
ASHIER	26	2.5385	17800	0.59091	1	0.70968	6.2129
STOUN	21	2.7143	17800	0.75862	1	0.78788	6.2129
TRICE	42	2.5714	17800	0.86667	0.84615	0.82353	6.2129
LAER	226	2.2257	17800	0.66667	0.69231	0.66667	6.2129
SHEW	32	2.6875	17800	0.61111	0.5	0.73077	6.2129
ROINS	37	2.1622	17600	0.42857	0.75	0.61765	6.1431
SECH	40	2.275	17600	0.5	0.33333	0.45833	6.1431
MORES	20	2	17600	0.63636	0.5	0.61765	6.1431
GARB	20	3.55	17600	0.54167	0.5	0.54545	6.1431
RIMA	67	2.5224	17600	0.45455	0.42857	0.5	6.1431
TINTS	46	2.2391	17600	0.82353	0.70588	0.83333	6.1431
RELINE	40	2.325	17600	0.89796	0.94737	0.8806	6.1431
TRACT	34	3.0588	17600	1		0.67857	6.1431
OINTS	51	2.3529	17600	0.5	0.33333	0.48	6.1431
PLANT	22	3.1364	17600	0.68	0.78571	0.72222	6.1431
GOATS	22	2.0909	17600	0.47059	0.5	0.52	6.1431
WEEL	33	2.9697	17600	0.62222	0.75	0.61667	6.1431
NOLES	40	2.05	17600	0.8	0.78571	0.75	6.1431
WITHE	22	3.6818	17600	0.8	0.78947	0.82456	6.1431
BODE	39	2.6667	17400	0.69231	0.66667	0.7439	6.0733
SEER	113	2.0177	17400	0.85577	0.9	0.89024	6.0733
HEND	65	2.3077	17400	0.84375	0.69231	0.81	6.0733
LOGE	31	2.5161	17400	0.68421	1	0.65	6.0733
DOOM	22	2.7273	17400	0.76471	0.66667	0.7	6.0733
CANTER	33	2.4848	17400	0.85185	0.90909	0.86301	6.0733
MOCH	22	3.8182	17400	0.66667	0.42857	0.60526	6.0733
DRAT	128	2.3594	17400	0.77778	0.75	0.75806	6.0733
MONIE	45	2.4	17400	0.84211	0.625	0.78049	6.0733
LITHER	20	2.65	17400	0.8	0.61538	0.72973	6.0733
CULT	29	3.8276	17400	0.625	0.875	0.67442	6.0733
SEMI	120	3.0417	17400	0.36364		0.57143	6.0733
FLIES	24	2.125	17400	0.5	0.5	0.5	6.0733
ENACT	45	2.7556	17400	0.63636	0.25	0.57143	6.0733
WAIL	42	3.1667	17400	0.82258	0.78261	0.84	6.0733
PITH	32	2.6562	17200	0.57692	0.25	0.5625	6.0035
STATIN	25	2.88	17200	0.59091	0.77778	0.65385	6.0035
RANDIE	26	2.7692	17200	0.81081	0.75	0.80488	6.0035
AWNS	33	3.1515	17200	0.63158	0.5	0.59016	6.0035
ROMAN	33	3	17200	0.77273		0.66667	6.0035
TERRA	75	3.04	17200	0.55556	0.875	0.70588	6.0035
ROSIT	68	2.3676	17200	0.80952	0.6	0.74359	6.0035
COSIE	56	2.875	17200	0.84932	1	0.8642	6.0035
RESTER	32	2.1562	17000	0.77273	1	0.78571	5.9337
RAGI	78	2.5641	17000	0.71429	0.61538	0.65217	5.9337
RECIT	61	2.918	17000	0.77778	0.93333	0.82143	5.9337
SPARS	26	2.2308	17000	0.57692	0.71429	0.68571	5.9337
MARG	37	3.1351	17000	0.88889		0.77551	5.9337
SENOR	120	2.7	17000	0.81818	0.78571	0.725	5.9337
TARTER	21	2.2857	17000	0.57143	0.57143	0.64706	5.9337
OLDIE	29	3.069	17000	0.65	0.66667	0.67742	5.9337
SIGH	32	3.9062	17000	0.81081	0.57143	0.80645	5.9337
HALED	28	2.1071	17000	0.65217	0.61538	0.66667	5.9337
SAIS	91	2.0659	17000	0.5	0.5	0.48718	5.9337
STRIDE	48	2.7708	16800	0.85714	0.71429	0.78378	5.8639
PEIN	79	2.2785	16800	0.81481	0.75	0.76471	5.8639
STIVE	23	3.1739	16800	0.61905	1	0.72222	5.8639
NOMA	69	3.1159	16800	0.5		0.57692	5.8639
SAUL	53	2.5472	16800	0.61905	0.66667	0.58974	5.8639
OLDEN	29	2.8276	16800	0.69231		0.52	5.8639
METRE	55	2.3091	16800	0.8	0.72727	0.82222	5.8639
ANCHO	27	3.7407	16800	0.5	0.33333	0.3125	5.8639
LIMA	68	2.6765	16800	0.84615	0.5	0.69565	5.8639
METAL	39	2.6154	16800	0.65217	0.6	0.72414	5.8639
TAUT	46	3.2609	16800	0.92	0.8	0.78	5.8639
CHAIR	29	2.5862	16800	0.70833	0.75	0.77778	5.8639
TECH	64	2.7188	16800	0.70455	0.8	0.76786	5.8639
STEEN	39	2.1795	16600	0.84848	0.63636	0.85484	5.7941
DUIT	35	2.5714	16600	0.5	0.5	0.57692	5.7941
MALIS	27	2.2963	16600	0.47059	0.75	0.52632	5.7941
THON	35	2.6857	16600	0.42857	0.75	0.6	5.7941
FLIT	38	3.6842	16600	0.65	0.85714	0.73684	5.7941
RETIE	135	2.2963	16600	0.92708	0.78947	0.91045	5.7941
LASHER	21	2.6667	16600	0.70833	0.625	0.775	5.7941
PAIS	66	2.5	16600	0.6	0.66667	0.65217	5.7941
BEAM	27	3	16600	0.75	0.33333	0.73684	5.7941
SORB	54	3.2593	16600	0.41176	0.66667	0.47826	5.7941
NESTS	21	2.1905	16600	0.55556		0.59091	5.7941
SONNE	26	2.5385	16600	0.86364	0.875	0.80851	5.7941
OMEN	98	3.2347	16600	0.63636	0.44444	0.71111	5.7941
HORST	58	2.4828	16600	0.5	1	0.68571	5.7941
TEINS	80	2.05	16600	0.96154	0.63636	0.78947	5.7941
PRINT	22	3.7273	16400	0.81818		0.74194	5.7243
BENE	30	2.5667	16400	0.7561	0.5	0.73214	5.7243
THORN	33	2.5758	16400		0.375	0.57895	5.7243
FLEA	46	2.4348	16400	0.61905	0.75	0.61111	5.7243
ALMS	37	2.8649	16400	0.58333	0.5	0.475	5.7243
OWTS	47	2.7872	16400	0.25	0.63636	0.45455	5.7243
RECAL	29	2.3103	16400	0.76471	1	0.78571	5.7243
ERASE	137	2.4088	16400	1	0.85714	0.86667	5.7243
TEDS	103	2.0485	16400	0.5		0.5625	5.7243
BELS	31	2.3548	16200	0.44		0.44444	5.6545
TRUE	108	2.75	16200	0.80769	0.71429	0.79365	5.6545
RAWN	43	2.6047	16200	0.68421	0.8	0.7037	5.6545
EGAL	55	3.5455	16200	0.62963	0.625	0.5814	5.6545
AREA	248	3.1492	16200	0.53333	0.75	0.66667	5.6545
HANTS	25	2.24	16200	0.66667	0.42857	0.68421	5.6545
ACRO	99	3.0808	16200	0.66667	0.18182	0.28571	5.6545
REIST	85	2.1176	16200	0.85714	0.77778	0.81356	5.6545
DEED	33	2.5455	16200	0.62963	0.83333	0.74419	5.6545
DOPE	44	3.2727	16200	0.85075	0.87097	0.83	5.6545
MAES	29	2.2759	16200	0.42857		0.4375	5.6545
SAFE	62	3.0484	16200	0.81818	0.5	0.82192	5.6545
WATS	30	2.2	16200	0.5	0.4	0.51064	5.6545
STIRE	135	2.1185	16200	0.94656	0.97727	0.94366	5.6545
GREED	24	2.625	16200	0.57895	1	0.66667	5.6545
ROMP	25	3.2	16200	0.5	0.63636	0.69231	5.6545
ARRAS	28	2.8929	16000	0.33333	0.5	0.35	5.5846
LEME	39	2.7179	16000	0.64	0.5	0.71429	5.5846
HASH	37	2.6486	16000	0.75	0.45455	0.72549	5.5846
ANON	47	3	16000	0.30769		0.33333	5.5846
ELAND	53	2.7736	16000		0.75	0.52	5.5846
FAINT	25	2.84	16000	0.94444	1	0.80488	5.5846
CARSE	33	2.1515	16000	0.82759	0.8	0.80702	5.5846
RONIN	26	2.1154	16000	0.46667	1	0.57895	5.5846
SORTS	22	2.0909	16000	0.52941	0.5	0.57143	5.5846
REMIT	58	2.2586	16000	0.89796	0.95	0.85135	5.5846
RAILER	29	2.7586	16000	0.90323	0.83333	0.84906	5.5846
WORE	28	2.2857	16000	0.51724	0.5	0.62791	5.5846
PLAIN	31	3.0968	16000	0.77778	0.83333	0.75	5.5846
UNTO	35	2.4571	16000	0.33333		0.35294	5.5846
DUES	28	2.1786	16000	0.5	0.5	0.5	5.5846
LOCATE	21	3.4286	15800	0.6875		0.63158	5.5148
DREAM	41	2.7561	15800	0.66667	0.5	0.67857	5.5148
PILI	25	3.2	15800	0.6875	0.66667	0.5625	5.5148
EVET	25	3.12	15800	0.33333	0.375	0.36	5.5148
LEFT	53	3.0377	15800	0.78333	0.6	0.8	5.5148
SPORE	35	2.2571	15800	0.86538	1	0.89062	5.5148
SUIT	66	3.5455	15800	0.73684	0.80769	0.84375	5.5148
KANE	22	2.5909	15800	0.33333		0.55556	5.5148
TETE	104	2.0481	15800	0.66667	1	0.76389	5.5148
HEAST	57	2.386	15800	0.91525	0.88889	0.88421	5.5148
KINE	30	2.5	15800	0.8	0.77778	0.78571	5.5148
UNITES	27	2.4444	15600	0.2	0.8	0.52941	5.445
REDIAL	27	2.4444	15600	0.53333	0.625	0.63636	5.445
LITRE	81	2.0617	15600	0.91463	0.9375	0.92661	5.445
HADS	57	2.2807	15600	0.52632	0.41667	0.53704	5.445
STAID	33	2.1818	15600	0.8	0.5	0.65217	5.445
CANTO	34	3.2941	15600	0.82051	1	0.8125	5.445
TROUT	25	3.08	15600	1	0.7	0.7	5.445
CHAD	26	2.8077	15600	0.45455	0.66667	0.48	5.445
TRIAL	71	2.4085	15600	0.8	0.83333	0.85714	5.445
DRAC	55	2.4182	15600	0.35714	0.6	0.42857	5.445
TEELS	29	2.069	15600	0.72973	0.7	0.76	5.445
NODS	47	2.0851	15600	0.52	0.66667	0.54054	5.445
HEIST	62	2.7581	15600	0.71429	0.8	0.79592	5.445
BANI	31	2.7097	15600	0.5	0.33333	0.42105	5.445
NURS	80	3.2875	15600	0.82353	1	0.78788	5.445
RAPER	26	2.2308	15600	0.66667	1	0.74419	5.445
ISLE	248	3.9274	15600	0.5	0.35294	0.5	5.445
LOOR	20	2.65	15600	0.3	1	0.42308	5.445
OPEN	58	2.8621	15400	0.5		0.56	5.3752
PODS	21	2.1905	15400	0.53846	0.4	0.46429	5.3752
CHINA	30	2.6667	15400		0.66667	0.59091	5.3752
LEAST	34	2.0882	15400	0.83333	1	0.86207	5.3752
RORT	72	2.2778	15400	0.82456	0.90909	0.79688	5.3752
SOTS	27	2	15400	0.5	0.5	0.5	5.3752
BREN	63	2.9048	15400	0.84906	0.76471	0.86301	5.3752
SNAIL	48	2.3125	15400	0.8		0.78049	5.3752
LEYS	37	2.8108	15400	0.46154	0.4	0.46154	5.3752
LECH	21	3.619	15400	0.66667		0.54167	5.3752
SUPE	28	3.4286	15400	0.58333	1	0.78947	5.3752
LUSH	27	3.7037	15400	0.64286	0.78571	0.75	5.3752
EBON	42	3.7857	15200		0.66667	0.45455	5.3054
ROTAL	23	2.8261	15200	0.33333		0.33333	5.3054
LOAM	37	2.7027	15200	0.69444	0.66667	0.69565	5.3054
STROW	23	2.6957	15200	0.6875	0.9	0.68966	5.3054
FERN	48	2.3333	15200	0.95455	0.66667	0.8125	5.3054
TREND	62	2.3871	15200	0.93333	0.80952	0.86765	5.3054
CRUE	44	3.25	15200	0.57143	0.75	0.60714	5.3054
CREW	26	3.1538	15200	0.4	0.71429	0.5	5.3054
SATED	29	2.3103	15200	0.5		0.5	5.3054
BLUE	28	4.9643	15000	0.66667		0.63636	5.2356
DONG	35	2.4286	15000	0.58974	1	0.70909	5.2356
DUET	67	2.7612	15000	0.85714	0.54545	0.77586	5.2356
AYIN	39	3.3077	15000	0.44	0.5	0.47059	5.2356
BRAIN	32	2.3125	15000	0.92	0.83333	0.83721	5.2356
PEARL	20	3.45	15000	0.76471		0.75862	5.2356
PORIN	26	2.8462	15000	0.59259	0.4	0.62963	5.2356
PREM	52	3.1346	15000	0.38462	0.4	0.38889	5.2356
CHIDE	24	3.2083	15000	0.88462	0.54545	0.83333	5.2356
ONCES	35	2.4857	15000	0.33333	0.5	0.54167	5.2356
AYES	23	2.3043	15000	0.5	0.4	0.5	5.2356
LOIR	62	2.3065	15000	0.75	0.875	0.71795	5.2356
HEAP	53	2.8679	15000	0.71154	0.75	0.78205	5.2356
STATER	21	2.2857	15000	0.78125	1	0.83721	5.2356
HOAS	74	2.3378	15000	0.75862	0.82609	0.80822	5.2356
NITRO	76	2.3684	15000	0.72222	1	0.77143	5.2356
ERRED	24	2.2917	14800	0.66667	0.5625	0.63636	5.1658
ASPER	47	3.0851	14800	0.66667	0.5	0.58065	5.1658
FANE	49	2.1224	14800	0.875	1	0.84375	5.1658
SUED	45	2.4222	14800	0.33333		0.35294	5.1658
SAINE	67	2	14800	0.83824	1	0.88776	5.1658
STIPE	29	2.7586	14800	0.75	0.66667	0.6875	5.1658
SOARE	110	2.4364	14800	0.93878	0.94444	0.92806	5.1658
LIFE	43	2.8605	14800	0.9	0.6875	0.84211	5.1658
DALT	73	2.2603	14800	0.73684	0.9	0.77083	5.1658
EFTS	51	2.549	14800	0.51429	0.33333	0.5102	5.1658
TUNS	30	2.4333	14800	0.55556	1	0.55882	5.1658
HASTEN	20	2.4	14800	0.75	0.9	0.76471	5.1658
RAMEN	42	2.3095	14800	0.74074	1	0.72414	5.1658
DICH	25	2.48	14600	0.42857		0.3913	5.096
SHETS	27	2.1481	14600	0.47619	0.5	0.51852	5.096
SOMA	72	2.4167	14600	0.61538	0.75	0.66667	5.096
FIRS	47	2.234	14600	0.5	0.5	0.61905	5.096
GREN	70	2.1714	14600	0.73684	0.6	0.70588	5.096
HARTS	24	2.1667	14600	0.6129	0.63636	0.71795	5.096
TALK	20	4	14600	0.47619	0.375	0.63636	5.096
BEND	32	2.6562	14600	0.7931	0.78261	0.86111	5.096
RATCH	25	2.76	14600	0.84211	0.25	0.80435	5.096
ASSET	40	2.275	14600	0.71429	0.66667	0.71875	5.096
TITI	53	3	14600	0.44444	1	0.44444	5.096
LIPS	32	2.3438	14600	0.63889	0.63636	0.65306	5.096
LOTI	52	2.3462	14600	0.58824		0.54167	5.096
WETS	22	2.0455	14600	0.47368		0.55556	5.096
GLARE	46	2.3696	14600	0.71875	1	0.77273	5.096
STET	49	2.2245	14600	0.77419		0.725	5.096
BISE	37	2.2432	14400	0.58824	0.5	0.68571	5.0262
CRUST	25	3.2	14400	0.54545	0.5	0.6087	5.0262
ROOSE	54	2.5185	14400	0.82759	0.95	0.88298	5.0262
PAIL	43	2.4186	14400	0.78571	0.5	0.77333	5.0262
HIRED	26	2.2308	14400	0.66667	0.61538	0.68421	5.0262
SHALE	37	2.3243	14400	0.78947	0.92308	0.83824	5.0262
LUMS	24	2.75	14400	0.38462	0.16667	0.375	5.0262
CEAS	49	2.6327	14400	0.92683	0.81818	0.86076	5.0262
TERM	117	2.5897	14400	0.66667	0.875	0.78049	5.0262
WILT	20	2.95	14400	0.59091	0.5	0.61765	5.0262
HEIRS	44	2	14400	0.64286	0.75	0.64286	5.0262
NEALS	20	2	14400	0.625	0.5	0.6	5.0262
COOM	20	2.6	14400	0.72727	0.66667	0.75	5.0262
SNORT	74	2.4324	14400	0.9697	0.83333	0.89189	5.0262
FEER	40	2.3	14400	0.7381	0.88889	0.8125	5.0262
CLIT	52	2.2308	14400	0.875	1	0.83333	5.0262
SORTA	54	2.1852	14200	0.76923	0.83333	0.76316	4.9564
NETE	155	2.0387	14200	0.83333	0.9375	0.87	4.9564
NOWS	30	2.7	14200	0.375	0.4	0.41935	4.9564
HEMS	30	2.2667	14200	0.46667	0.5	0.47368	4.9564
RIPER	22	2.4545	14200	0.58333	0.75	0.625	4.9564
CEDE	63	3.0159	14200	0.76	0.71429	0.77083	4.9564
REMEN	29	2.7931	14200	0.66667	0.66667	0.6087	4.9564
TARRE	66	2.197	14200	0.94203	0.83333	0.8866	4.9564
SHOTT	20	3.15	14200	0.74194		0.84091	4.9564
WONT	34	2.2353	14200	0.84	0.66667	0.75	4.9564
BRINE	36	2.4444	14200	0.8	0.85714	0.83333	4.9564
WIDEN	20	2.8	14200	0.80769	1	0.78947	4.9564
FETT	33	3.2727	14200	0.65789	1	0.74074	4.9564
LEEP	30	3.2	14200	0.5	0.57143	0.6383	4.9564
KEST	37	2.4865	14200	0.5	0.5	0.57143	4.9564
SWAN	34	2.4412	14000	0.65217	1	0.70968	4.8866
LOGIE	21	4.1429	14000		0.25	0.25	4.8866
LOTA	105	2.4476	14000	0.53333	0.33333	0.65789	4.8866
ALIEN	88	2.8409	14000	1	0.75	0.75758	4.8866
CRAY	26	3.3462	14000	0.45	1	0.54839	4.8866
TOROS	39	2	14000	0.5		0.5	4.8866
IRADE	86	2.5814	14000	0.5	0.78571	0.63889	4.8866
MILO	53	2.717	14000	0.375		0.57692	4.8866
DECO	68	3.2647	14000	0.73684		0.76316	4.8866
OWLS	26	3.1154	14000	0.62963	0.25	0.66667	4.8866
MOOS	33	2.1818	14000	0.88636	0.85714	0.84375	4.8866
MINTS	21	2.0952	14000	0.65385	0.63636	0.72222	4.8866
DREES	59	2	14000	0.5	0.5	0.5	4.8866
TINTER	47	2.383	14000	0.82927	0.86207	0.89286	4.8866
ARTIST	33	2.4545	13800	0.6		0.58824	4.8168
FEND	36	2.5833	13800	0.86792	0.94118	0.85714	4.8168
GRIP	25	4.16	13800	0.64706	0.66667	0.62069	4.8168
BLIT	52	3.5577	13800	0.75862	0.83333	0.7234	4.8168
DORM	37	2.9459	13800	0.73684	1	0.75	4.8168
PISH	37	2.7568	13800	0.5		0.67857	4.8168
GATH	44	2.7955	13800	0.86486	0.77778	0.87302	4.8168
COED	45	2.5333	13800	0.75		0.61905	4.8168
ALTERN	25	2.6	13800	0.5	0.53333	0.63158	4.8168
PURI	22	3.6364	13800	0.54167		0.64706	4.8168
CROC	36	3.1111	13800	0.4		0.4	4.8168
LIMEN	22	2.6818	13800	0.66667		0.66667	4.8168
BETE	45	2.6889	13800	0.5		0.67442	4.8168
POIS	54	3.5741	13800	0.95238	0.88889	0.85185	4.8168
SOOTE	40	2.25	13800	0.88525	0.83333	0.88158	4.8168
ARID	118	2.4153	13600	0.72222	0.72727	0.66667	4.7469
FEARE	42	2.4286	13600	0.84783	0.88235	0.9	4.7469
MONO	31	2.871	13600	0.6875	0.8	0.69565	4.7469
GUES	32	3.8125	13600	0.4	0.33333	0.3125	4.7469
HEATH	27	3.5926	13600	0.30769		0.66667	4.7469
SWART	22	2.3636	13600	0.28571	0.5	0.46667	4.7469
HEED	67	2.403	13600	0.72727	0.91667	0.76316	4.7469
HOND	72	2.625	13600	0.78947	0.86364	0.82051	4.7469
REDATE	32	2.5312	13600	0.85714	1	0.84211	4.7469
BIER	63	2.4603	13600	0.5	0.5	0.58824	4.7469
CLEAT	32	2.4062	13600	0.57143	0.16667	0.72727	4.7469
NUDE	71	2.9859	13600	0.90323	0.92857	0.85294	4.7469
HOERS	34	2.0588	13400	0.5	0.63636	0.64865	4.6771
SNOUT	24	2.5833	13400	0.77419	1	0.77419	4.6771
SELLA	46	2.3913	13400	0.6		0.73077	4.6771
TINDER	29	2.1379	13400	0.85	0.77778	0.86538	4.6771
CELS	22	2.4091	13400	0.5	0.3	0.33333	4.6771
TRANT	57	2.6667	13400	0.84375	1	0.87037	4.6771
MEET	63	2.254	13400	0.90909	0.8125	0.875	4.6771
AIDED	20	2.25	13400	0.61538	0.83333	0.60714	4.6771
SNAP	30	2.4	13400	0.84615	0.66667	0.72727	4.6771
THERM	28	3.4643	13400		0.25	0.41667	4.6771
RETAIL	47	2.383	13200	0.84	0.90909	0.90541	4.6073
TREM	132	2.7652	13200	0.42857		0.45455	4.6073
SHOP	24	2.5833	13200	0.71429	0.6	0.78788	4.6073
TEEM	69	2.6377	13200	0.84127	0.73684	0.8	4.6073
ETIC	150	3.72	13200			0.125	4.6073
TRILL	26	2.6154	13200	0.69231	1	0.78378	4.6073
VIOL	26	4.4615	13200	0.7		0.66667	4.6073
STARR	32	2.3438	13200	0.88571	0.83333	0.85455	4.6073
ABIDE	28	3.1071	13200	0.25	0.5	0.76923	4.6073
ECOD	22	3.1818	13200	0.54545	0.66667	0.45	4.6073
BLAD	35	3.8286	13200	0.85246	0.875	0.89024	4.6073
ASPS	35	2.5143	13200	0.625	0.66667	0.53659	4.6073
HANSE	41	2.4146	13200		0.5	0.4	4.6073
DIMER	24	2.2917	13200	0.80645	1	0.84615	4.6073
REPS	66	2.303	13200	0.61111	0.71429	0.625	4.6073
NAVE	34	2.5	13200	0.78846	0.66667	0.77778	4.6073
OTTO	25	2.92	13200	0.36364	0.5	0.42308	4.6073
STOT	43	2.3023	13200	0.88889	1	0.7561	4.6073
SERING	33	2.2121	13200	0.82759	0.86667	0.87234	4.6073
GOER	49	2.0816	13000	0.78571	1	0.825	4.5375
TARP	70	2.2286	13000	0.89286	1	0.81481	4.5375
FACT	23	4.087	13000	0.69231	0.44444	0.58333	4.5375
POND	27	2.7407	13000	0.87097	0.57143	0.82979	4.5375
MERL	67	3.2239	13000	0.5	0.5	0.6	4.5375
MERIS	26	2.5385	13000	0.5	0.5	0.53333	4.5375
COURE	24	2.8333	13000	0.65217	0.625	0.75758	4.5375
DONER	48	2.0417	12800	0.91176	1	0.92857	4.4677
VALI	27	3.3704	12800	0.75	0.5	0.55556	4.4677
RUED	55	2.1636	12800	0.65385	0.75	0.63415	4.4677
SONG	24	2.125	12800	0.80556	0.71429	0.80556	4.4677
BATHE	24	3.0417	12800	0.925	0.66667	0.88136	4.4677
PORN	41	2.3415	12800	0.77419	0.6	0.81034	4.4677
DINGE	36	3.2778	12800	0.93333	0.85714	0.92661	4.4677
ALGA	34	3.2059	12800	0.45455		0.45455	4.4677
RESAIL	24	2.0417	12800	0.72727	0.75	0.76923	4.4677
DITED	30	2.4	12800	0.5		0.5	4.4677
UNTIN	23	2.7391	12600	0.5	1	0.57895	4.3979
WEAN	44	2.6591	12600	0.79592	0.92857	0.85915	4.3979
CARET	92	2.0326	12600	0.94215	1	0.95105	4.3979
SICH	28	2.4286	12600	0.47826	0.5	0.48	4.3979
POSSE	25	2.44	12600	0.84848	1	0.79545	4.3979
SAKE	25	2.8	12600	0.80556	0.88889	0.83636	4.3979
DOGE	27	2.6296	12600	0.88889	0.5	0.74194	4.3979
HELO	87	2.7471	12600	0.53846	0.75	0.63333	4.3979
BLEAT	26	2.5769	12600	0.625		0.75	4.3979
LARGE	40	3.375	12600	0.78788	0.69231	0.83019	4.3979
NIPS	45	2.1333	12600	0.75	0.55556	0.66667	4.3979
HELE	57	2.4035	12600	0.75758	0.54545	0.73469	4.3979
DOSH	32	2.1875	12400	0.5	0.6	0.57576	4.3281
CODER	25	2.24	12400	0.88	1	0.82927	4.3281
HEIL	66	2.2273	12400	0.88462	0.85714	0.82222	4.3281
VIDE	22	2.7273	12400	0.69231		0.59091	4.3281
BASTI	21	3.1429	12400	0.69565		0.7037	4.3281
PITA	67	2.7313	12400	0.6875	1	0.67857	4.3281
TOISE	39	2.3077	12400	0.75		0.75	4.3281
ARRET	57	2.3158	12400	0.91525	0.6	0.86842	4.3281
TARNS	45	2	12400	0.69048	0.8	0.79412	4.3281
NAILER	37	2.0811	12400	0.81579	1	0.88	4.3281
SUNN	21	3	12400	0.61905	0.71429	0.6129	4.3281
WORN	24	2.375	12400	0.61111	0.42857	0.6	4.3281
GOOR	26	2.7308	12400	0.57143	0.66667	0.64516	4.3281
BEER	31	2.1613	12400	0.77778		0.82353	4.3281
COARSE	21	2.619	12400	0.8		0.75	4.3281
WRIT	45	3.4889	12400	0.80851	1	0.85714	4.3281
MARTEN	20	2.55	12400	0.5	0.75	0.71429	4.3281
AMATE	34	2.9706	12400	0.66667	0.66667	0.64	4.3281
FLOAT	20	3.3	12200	0.77778	1	0.66667	4.2583
SPEND	22	2.4091	12200	0.66667	0.71429	0.78571	4.2583
NESTER	38	2.1053	12200	0.875	0.77778	0.84444	4.2583
PRENT	38	2.6316	12200	0.61538	1	0.66667	4.2583
SUET	79	2.5823	12200	0.5	0.625	0.56522	4.2583
PRONE	30	2.7333	12200	0.89474	1	0.80556	4.2583
EONS	162	2.5556	12200	0.625	0.71429	0.56667	4.2583
ADOS	66	2.2727	12200	0.375	0.5	0.47826	4.2583
ASHET	29	2.2759	12200	0.72727	0.5	0.73077	4.2583
DERM	92	3.3696	12200	0.5	1	0.71875	4.2583
ERIC	153	3.3529	12200		0.2	0.21429	4.2583
DRONE	71	2.7324	12200	0.77273	0.88235	0.89394	4.2583
APOS	34	2.7941	12200	0.5	0.25	0.41176	4.2583
SIEN	254	2.4331	12200	0.5	0.57143	0.58621	4.2583
HIED	56	2.0893	12200	0.57143	0.5	0.54902	4.2583
TEILS	36	2	12200	0.625	0.75	0.70588	4.2583
RETIA	79	2.0633	12200	0.5	0.5	0.66667	4.2583
CALP	32	3.0625	12200	0.4375	0.66667	0.55556	4.2583
TIGER	28	2.2857	12000	0.85714	0.77778	0.84615	4.1885
TONK	27	3.5185	12000	0.78182	0.52174	0.77273	4.1885
PORTA	37	2.7297	12000	0.9	0.5	0.85714	4.1885
GLUT	24	3.9583	12000	0.68421	0.4	0.64286	4.1885
MOSS	25	2.84	12000	0.70968	1	0.73684	4.1885
SORI	68	2.3382	12000	0.88	0.66667	0.86441	4.1885
ELAIN	62	2.1774	12000			0.6	4.1885
RICED	20	2.35	12000	0.58333	0.66667	0.66667	4.1885
GATER	47	2	12000	0.88235	1	0.92045	4.1885
MARM	29	3.0345	12000	0.36364		0.53333	4.1885
LIMED	20	2.2	12000	0.53333	0.66667	0.64	4.1885
GEAT	61	2.2295	12000	0.80488	0.82609	0.83333	4.1885
TOTS	29	2.0345	12000	0.625	0.66667	0.6	4.1885
MOPE	35	3.1143	12000	0.85333	0.8125	0.88	4.1885
ANIL	192	2.5417	11800	0.76923	0.33333	0.73684	4.1187
DEAD	50	2.5	11800	0.9	1	0.775	4.1187
LIDAR	24	2.25	11800	0.5		0.5	4.1187
CAMO	35	2.3714	11800	0.88889	0.33333	0.66667	4.1187
STYLE	21	4.7143	11800		0.6	0.72222	4.1187
YEST	65	2.8	11800	0.66667	0.46154	0.54167	4.1187
LAWN	24	3.0833	11800	0.69697		0.71053	4.1187
LAIC	62	2.7097	11800	1	0.5	0.6	4.1187
HAUT	29	3	11800	0.7		0.56522	4.1187
SIMI	24	3	11800	0.3		0.30769	4.1187
BEARE	35	2.3714	11800	0.93023	0.85714	0.90909	4.1187
SKET	29	3.069	11800	0.375	0.66667	0.375	4.1187
WHAT	24	3.0417	11800	0.61111		0.57143	4.1187
SLOP	32	3.1875	11600	0.68182	0.5	0.8	4.0489
TROPE	26	2.5	11600	0.875	0.8	0.76923	4.0489
WHITE	20	3.6	11600	0.72727	0.83333	0.7931	4.0489
STRAND	20	2.55	11600	0.77778	1	0.7	4.0489
BRENT	22	2.5	11600	0.74074	0.75	0.7931	4.0489
CRAB	27	2.4815	11600	0.5	0.5	0.60714	4.0489
PANEL	23	3.0435	11600	0.72727	0.66667	0.68421	4.0489
RASHER	20	2.45	11600	0.78261	0.5	0.8125	4.0489
HOPS	21	2.2381	11600	0.5	0.66667	0.60714	4.0489
LEVE	22	3	11600	0.73684	0.61538	0.77966	4.0489
UNCES	24	2.9167	11600	0.44444	0.57143	0.52632	4.0489
PRESS	20	3.35	11600	0.28571		0.33333	4.0489
FINI	24	3.5417	11600	0.57143	0.5	0.47059	4.0489
ACRES	42	2.119	11600	0.5		0.5	4.0489
AVERT	23	2.2609	11600	0.65	1	0.70833	4.0489
HERDS	26	2.1154	11600	0.5	0.5	0.53333	4.0489
DAMN	36	2.9167	11600	1	0.75	0.77778	4.0489
SMEAR	53	2.3774	11600	0.75	0.8	0.72414	4.0489
MANGE	25	2.96	11600	0.8	0.8	0.85484	4.0489
HATER	89	2.0562	11400	0.97059	0.90625	0.96894	3.9791
REACH	20	2.35	11400	0.5	0.5	0.63158	3.9791
MORN	69	2.9275	11400	0.94048	0.77778	0.92	3.9791
SILED	24	2	11400	0.69231	0.5	0.70588	3.9791
HORDE	37	2.3243	11400	0.91304	0.66667	0.85106	3.9791
TYPE	23	3.7826	11400			0.44444	3.9791
HEFT	34	3.2941	11400	0.16667	0.33333	0.64	3.9791
ALOE	127	2.5591	11400	0.72727	0.33333	0.60606	3.9791
ALME	58	2.5345	11400	0.41667	0.5	0.42857	3.9791
CIDS	25	2.24	11400	0.5		0.5	3.9791
DEVI	27	3.5926	11400	0.5	0.5	0.5	3.9791
PRATS	23	2	11400	0.5	0.5	0.55	3.9791
RATHE	30	2.1	11400	0.8	0.6	0.76667	3.9791
DALI	83	2.253	11400	0.75	1	0.71429	3.9791
SINGE	59	2.5593	11400	0.91589	0.95	0.93985	3.9791
IRKS	27	2.7778	11400	0.38095	0.33333	0.44118	3.9791
SHIRT	29	2.1379	11200	0.8	0.90909	0.75862	3.9092
STOPS	22	2.2727	11200	0.5	0.5	0.5	3.9092
SLIME	23	2.4348	11200	0.70833	1	0.82927	3.9092
SODA	46	2.1304	11200	0.66667	1	0.71429	3.9092
SODS	23	2	11200	0.5		0.5	3.9092
PION	53	3.5094	11200	0.61111	1	0.66667	3.9092
TASK	27	2.7778	11200	0.75	0.71429	0.78378	3.9092
BOAS	27	2.9259	11200	0.7963	0.9	0.85938	3.9092
WEIR	58	3.8103	11200	0.57143	0.85714	0.66667	3.9092
SINK	24	2.4167	11200	0.825	0.71429	0.82222	3.9092
GLIT	44	2.3864	11200	0.70968	0.83333	0.74286	3.9092
OPTER	28	2.5714	11200	0.55	0.83333	0.66667	3.9092
GLEE	34	3.5	11200	0.46429	0.85714	0.6129	3.9092
DIPS	25	2.32	11200	0.44444	0.5	0.46667	3.9092
FETA	78	2.2821	11200	0.9	1	0.78571	3.9092
SNELL	26	2.3846	11200	0.7	1	0.71429	3.9092
SHRI	69	3.029	11200	0.88889	0.4	0.68	3.9092
CANER	41	2.0976	11200	0.86667	1	0.90323	3.9092
REPOT	24	2.1667	11000	0.85	0.83333	0.79167	3.8394
MUSH	22	3.5455	11000	0.66667		0.71795	3.8394
PRAY	20	2.8	11000	0.85	1	0.78125	3.8394
ABIES	26	2.4615	11000	0.33333		0.30769	3.8394
RABI	66	2.8939	11000	0.63333		0.66667	3.8394
FINS	21	2.381	11000	0.5		0.46667	3.8394
FARD	33	2.7576	11000	0.79167	1	0.76471	3.8394
AIRY	34	2.5294	11000	0.54545	0.44444	0.48148	3.8394
TALON	59	2.6949	11000	0.64286		0.69565	3.8394
KATS	20	2.25	11000	0.41176	0.5	0.41667	3.8394
RETIRE	29	2.4138	11000	0.91667	1	0.86842	3.8394
SEINE	137	2.5328	11000	0.6	0.76923	0.8	3.8394
RESENT	23	2.3043	11000	0.93333	0.64706	0.8	3.8394
ACID	56	2.75	11000	0.53333	0.5	0.57895	3.8394
NOES	70	2.1857	11000	0.5625	0.75	0.57143	3.8394
OOFS	21	3.381	11000	0.8		0.35	3.8394
PLOT	32	2.4688	11000	0.9	0.5	0.81395	3.8394
TEARED	30	2	11000	0.78571	0.64286	0.83929	3.8394
STRINE	37	2.0811	11000	0.88462	0.88889	0.88889	3.8394
ROSIER	28	2.4286	10800	0.53846		0.53846	3.7696
AIDERS	22	2.0455	10800	0.78788	0.83333	0.81081	3.7696
VOTE	37	3.7838	10800	0.9	0.70588	0.88095	3.7696
ASKER	25	2.72	10800	0.7	0.41667	0.71053	3.7696
NERTS	141	2	10800	0.5	0.75	0.57143	3.7696
BONA	29	2.931	10800	0.4	0.33333	0.4	3.7696
HOKE	20	2.95	10800	0.76923	0.75	0.74359	3.7696
PISTE	49	2.2245	10800	0.85714	0.625	0.82857	3.7696
BASSE	20	2.55	10800	0.85	0.6875	0.8	3.7696
ADORE	69	2.4783	10800	0.85	0.75	0.86667	3.7696
FEAL	42	2.2381	10800	0.82857	0.75	0.84211	3.7696
PELS	28	2.1786	10800	0.5	0.5	0.61111	3.7696
URINE	71	2.9437	10800	0.6875	0.88889	0.7931	3.7696
GRAY	23	2.4783	10800	0.91667	0.66667	0.8125	3.7696
ALLEE	29	3.2414	10800	0.27273		0.27273	3.7696
BEIN	42	2.5714	10800	0.85714	0.5	0.75	3.7696
CAMI	33	3.0606	10800	0.7	0.66667	0.68	3.7696
RESALE	26	2.0769	10800	0.75	0.5	0.7	3.7696
VEER	26	2.4231	10800	0.63158	0.66667	0.68	3.7696
TORC	83	2.5301	10800	0.75	0.5	0.80952	3.7696
ETAT	147	2.2857	10800		0.73333	0.66667	3.7696
NEATH	59	2.4237	10600	0.5	0.5	0.5	3.6998
CREM	44	3.0227	10600	1	0.5	0.5625	3.6998
WORM	20	3.3	10600	0.66667	0.83333	0.70588	3.6998
GEAL	43	2.1628	10600	0.93548	0.85714	0.9	3.6998
STENO	59	2.1017	10600	0.78261	1	0.82759	3.6998
SIPE	64	2.1875	10600	0.85714	0.63636	0.73333	3.6998
NARK	21	2.9524	10600	0.53846	1	0.56667	3.6998
RETCH	23	2.6957	10600	0.81818	0.75	0.79167	3.6998
OWIE	41	3.7805	10600	0.375	0.5	0.40909	3.6998
TANNER	20	2.1	10600	0.78571	0.81818	0.85	3.6998
PILES	20	2	10600	0.71429	0.875	0.77778	3.6998
LENTI	60	2.4	10600	0.70588	1	0.75	3.6998
OUTA	47	2.8936	10600	0.33333		0.33333	3.6998
WATT	25	2.92	10600	0.67797	0.83333	0.78125	3.6998
RANGI	37	2.5135	10600	0.86957	1	0.84848	3.6998
TANGO	30	2.3	10600	0.77778	0.75	0.8	3.6998
RENTAL	30	2.3	10600	0.83333		0.83871	3.6998
BOSH	20	2.55	10600	0.53333	0.8	0.68182	3.6998
MOAN	49	2.7755	10400	0.88571	1	0.875	3.63
LENG	44	2.3636	10400	0.5	0.25	0.57143	3.63
MENSE	22	2.2727	10400	0.75	1	0.75	3.63
RAKI	24	2.5833	10400	0.7	0.2	0.73333	3.63
HANCE	22	2.6364	10400	1	0.66667	0.70833	3.63
TIMER	39	2.0769	10400	0.90164	0.94444	0.92754	3.63
SLAY	20	2.95	10400	0.76471	0.76923	0.8	3.63
TANGI	43	2.907	10400	0.79545	0.95455	0.89231	3.63
STENS	28	2.2857	10400	0.5	0.625	0.58621	3.63
IDLES	47	2.6383	10400	0.36364	0.6	0.5	3.63
LEASER	21	2	10400	0.70833	0.92857	0.84211	3.63
BARM	27	2.5926	10400	0.61905	0.5	0.6087	3.63
BESTI	37	3.1081	10400	0.52941		0.63158	3.63
ROTON	33	2.5152	10400	0.66667	0.5	0.66667	3.63
TOLAN	65	2.7846	10400	0.72727	1	0.825	3.63
ESTRO	112	2.4375	10200	0.83333	0.71429	0.81481	3.5602
SCREE	29	3.7241	10200	1	0.69231	0.81481	3.5602
NAPS	35	2.2	10200	0.45	0.75	0.53333	3.5602
SHEAR	52	2.1731	10200	0.90698	1	0.93333	3.5602
GOSS	23	2.5217	10200	0.69231		0.66667	3.5602
WHIN	26	4.8462	10200	0.63636	0.77778	0.82353	3.5602
REWIN	21	3.0952	10200	0.73684	1	0.82143	3.5602
BRAE	57	2.193	10200	0.66667	1	0.625	3.5602
REGAL	30	3.2	10200	0.89474	0.83333	0.83333	3.5602
TANNA	21	2.8095	10200	0.4	0.66667	0.54545	3.5602
ROSTER	20	2.2	10200	0.74074	0.85714	0.83871	3.5602
FRESH	22	3.3182	10200	0.6		0.54545	3.5602
FORD	24	2.4167	10200	0.64286	0.55556	0.69231	3.5602
PEERS	21	2.0476	10200	0.78788	0.875	0.79487	3.5602
DRAPE	25	3.44	10200	0.7	0.91667	0.78788	3.5602
YARD	36	3.0278	10200	0.5		0.53846	3.5602
DECOR	22	2.2273	10200	0.83333		0.66667	3.5602
NURD	28	2.5714	10200	0.4	0.25	0.41667	3.5602
TOMS	42	2.1429	10200	0.47368		0.48	3.5602
BLEE	33	2.6364	10200	0.72727	0.66667	0.82609	3.5602
MEDS	20	2	10200	0.5	0.5	0.5	3.5602
GADE	31	2.0645	10200	0.875	1	0.8	3.5602
SKIT	26	3.1923	10200	0.91667	0.84211	0.82692	3.5602
FAND	22	2.1364	10000	0.83333	0.63636	0.77419	3.4904
INTRO	72	2.4861	10000	0.7619	1	0.81818	3.4904
AWLS	22	2.6818	10000	0.83333	0.63636	0.55556	3.4904
ANGAS	24	2.7917	10000	0.57895	0.5	0.57143	3.4904
ENSILE	31	2.7419	10000	0.6		0.53846	3.4904
OPAL	41	3.0488	10000	0.5	1	0.55556	3.4904
NEDS	63	2.0159	10000	0.5	0.5	0.55882	3.4904
NICHE	26	3.1154	10000	0.83333	0.85714	0.84211	3.4904
RIBS	24	2.125	10000	0.875		0.58824	3.4904
ROOD	37	2.4595	10000	0.69565	0.76471	0.82759	3.4904
UNCO	31	3.7097	10000	0.5	0.5	0.5	3.4904
SOUTH	20	2.55	10000	0.76471	0.85714	0.83871	3.4904
TRESS	37	2.3243	10000	0.66667	0.33333	0.61538	3.4904
TRADS	21	2.0952	10000	0.5	0.75	0.5625	3.4904
TARGE	51	2.9608	10000	0.78788	1	0.86957	3.4904
RIOTS	36	2.1389	10000	0.45455	0.5	0.45455	3.4904
VAST	27	2.5185	9800	0.80769	1	0.78788	3.4206
HELM	26	3.1923	9800	0.53846		0.5625	3.4206
DENSE	57	2.1754	9800	0.9375	0.8	0.91379	3.4206
NOUL	45	2.9778	9800	0.73684	0.66667	0.70588	3.4206
DENTIN	24	2.8333	9800	0.72727	0.66667	0.78261	3.4206
CLATS	21	2	9800	0.5	0.5	0.55556	3.4206
SILO	60	2.2167	9800	0.72727	1	0.74074	3.4206
YENS	51	2.3529	9800	0.42857	0.5	0.47826	3.4206
OURIE	45	4.4667	9800		0.4	0.4	3.4206
TAES	25	2	9800	0.5		0.5	3.4206
WAIS	38	2.7368	9800	0.825	0.76471	0.89474	3.4206
HUTS	31	2.4194	9800	0.44118	0.71429	0.61905	3.4206
STOPE	32	2.6562	9800	0.92857	0.92308	0.88525	3.4206
NAYS	29	2.2414	9800	0.5	0.5	0.5	3.4206
ROOST	30	2.4	9800	0.88462	0.88889	0.8913	3.4206
BROS	42	2.5714	9800	0.66667	0.25	0.72973	3.4206
CERATE	31	2.2581	9800	0.6	0.625	0.70588	3.4206
GASH	27	2.5185	9800	0.875	0.83333	0.86957	3.4206
CHASTE	24	2.4583	9800	0.80952	0.92308	0.82353	3.4206
WALD	22	2.5909	9800	0.66667	0.33333	0.6	3.4206
GLIM	21	3.1905	9800	0.46667	1	0.6	3.4206
TIRO	153	2.3072	9800	0.9	0.8	0.74419	3.4206
OILY	37	2.7297	9800	0.625	0.45455	0.55556	3.4206
ONST	69	2.7101	9600	0.33333	0.5	0.36364	3.3508
HULE	27	2.5926	9600	0.75	0.6	0.63636	3.3508
VOLA	24	2.9167	9600	0.4		0.375	3.3508
KAIN	25	2.76	9600	0.71429	0.16667	0.58824	3.3508
SHUT	32	3.0938	9600	0.625	0.89474	0.82927	3.3508
TITHE	33	2.8788	9600	0.80952	0.75	0.87037	3.3508
RAMIN	28	2.1786	9600	0.78571	1	0.85185	3.3508
DENAR	77	2.5065	9600	0.86957	0.71429	0.81818	3.3508
STRAIT	31	2.7742	9600	0.78947		0.83333	3.3508
LOANS	26	2.2308	9600	0.72	0.6	0.75	3.3508
CEDI	58	2.2414	9600	0.66667		0.5	3.3508
SIGNA	29	2.6207	9600	0.57143		0.6	3.3508
HAUSE	29	2.6552	9600			0.53846	3.3508
VANE	36	2.3611	9600	0.7931	0.72727	0.81633	3.3508
EAGLE	25	3.76	9600	0.6	1	0.71429	3.3508
CENSE	30	3.0667	9600	0.66667	1	0.78571	3.3508
NATCH	27	2.9259	9400	0.86207		0.82353	3.281
SIKE	29	2.3793	9400	0.76744	0.75	0.84	3.281
GELS	25	2.28	9400	0.58333	0.5	0.54545	3.281
MINAR	39	2.7949	9400	0.81818	1	0.73913	3.281
NITRE	138	2.0072	9400	0.99145	0.97059	0.96532	3.281
HAPS	30	2.1667	9400	0.53333	0.5	0.65854	3.281
MEANE	49	3.0612	9400	0.91803	0.85714	0.92857	3.281
ROWEL	20	2.65	9400	0.58333	0.83333	0.7	3.281
CLEAR	33	2.3939	9400	0.76	0.8	0.87179	3.281
OYES	39	2.4615	9400	0.45455		0.47368	3.281
WAIR	34	2.4118	9400	0.91304	0.81818	0.82979	3.281
ROUE	67	2.5522	9400	0.6	0.5	0.61538	3.281
ROIST	46	2.413	9400	0.78947	1	0.86111	3.281
PELE	39	2.5385	9400	0.83333	0.7	0.83333	3.281
ONOS	26	2.2308	9400	0.42857	0.4	0.42105	3.281
MERIT	55	2.8	9400	0.75	0.66667	0.72222	3.281
GINGE	22	2.6818	9400	0.78571	0.88889	0.88636	3.281
SHIEST	20	2.75	9200	0.64286	1	0.71429	3.2112
INNS	55	2.1455	9200	0.45	0.46154	0.5	3.2112
VEIN	42	2.9048	9200	0.5	1	0.61905	3.2112
OILERS	34	2.3824	9200	0.8	0.875	0.90909	3.2112
CENTO	32	2.4062	9200	0.61538	1	0.82609	3.2112
IRIS	61	3.0656	9200	0.5		0.47368	3.2112
UNDO	54	3.1296	9200	0.77778	0.6	0.76	3.2112
HISS	26	2.6154	9200	0.6		0.65217	3.2112
DISC	57	3.8246	9200	0.5	0.5	0.3	3.2112
STRUM	22	3.8636	9200	0.5		0.5	3.2112
SIRI	35	2.4857	9200	0.75758		0.81395	3.2112
TOTAL	27	3.037	9200	0.88889	0.5	0.89189	3.2112
NOISE	85	2.2706	9200	0.84615	1	0.88636	3.2112
LIMO	42	2.4524	9200	0.66667	0.66667	0.71429	3.2112
GOLE	48	2.1667	9200	0.90909	0.83333	0.84286	3.2112
SCAM	26	2.9231	9200	0.68421	1	0.71429	3.2112
GLAD	31	3.1935	9000	0.8		0.78378	3.1414
BURN	21	3.381	9000	0.5	0.33333	0.53333	3.1414
STEARE	59	2.1525	9000	0.94872	1	0.95455	3.1414
CHIC	25	4.76	9000	0.66667	1	0.64706	3.1414
KART	30	2.9333	9000	0.53846	0.71429	0.64	3.1414
SAMP	20	2.8	9000	0.61905	1	0.68	3.1414
SPATE	28	2.0714	9000	0.875	1	0.87805	3.1414
FLANE	27	2.5556	9000	0.81818	0.66667	0.79167	3.1414
FAIL	25	2.4	9000	0.77778	0.88889	0.84091	3.1414
TERNED	22	2.0909	9000	0.69231	0.66667	0.73684	3.1414
WRIES	20	2.85	9000	0.375		0.375	3.1414
PATINE	26	2.1538	9000	0.84	0.75	0.85714	3.1414
INTEL	54	2.3889	9000	0.69231	0.75	0.73913	3.1414
STAIR	68	2.2059	9000	0.89831	0.84211	0.93182	3.1414
MESS	23	2.4348	9000	0.83333	0.66667	0.61111	3.1414
SPEAR	38	2.3158	8800	0.89744	0.84615	0.90909	3.0716
TOAD	60	2.35	8800	0.92593	0.83333	0.86047	3.0716
IDLER	46	2.6739	8800	0.5	0.6	0.6	3.0716
DOWL	20	3.75	8800	0.77778	0.6	0.69231	3.0716
SEPT	86	2.8372	8800	0.5	0.33333	0.4375	3.0716
SEATER	37	2.0541	8800	0.92857	0.83333	0.93939	3.0716
EMOS	54	2.2593	8800	0.47059	0.5	0.51852	3.0716
RIMED	21	2.2381	8800	0.70588	0.7	0.72	3.0716
AIRNS	23	2.087	8800	0.5	1	0.625	3.0716
SLANG	21	2.4286	8800	0.75	1	0.81481	3.0716
SPADE	25	2.72	8800	0.91667	0.7	0.78788	3.0716
COLIN	27	2.3333	8800	0.77778		0.81818	3.0716
ONNED	20	2.4	8800	0.375	0.57143	0.5	3.0716
TRAMP	23	3.1304	8800	0.53846		0.72	3.0716
REMAIN	21	2.381	8800	0.87879	1	0.88571	3.0716
LIAS	122	2.8115	8800	0.5		0.41667	3.0716
TEADE	49	2.0816	8800	0.89744	0.66667	0.88235	3.0716
KANT	21	2.619	8800	0.875		0.64706	3.0716
NACHE	29	2.2069	8800	0.81818	1	0.86667	3.0716
PISS	25	2.48	8800	0.88235	0.66667	0.8	3.0716
ALTOS	32	2.125	8600	0.45455	1	0.53846	3.0017
NEVE	25	2.88	8600	0.72727		0.74074	3.0017
DIEL	79	2	8600	0.84783	1	0.82692	3.0017
NESH	44	2.1591	8600	0.5	0.33333	0.44444	3.0017
THAR	105	2.2857	8600	0.79167	0.66667	0.74359	3.0017
DEMAN	38	2.4737	8600	0.625	0.8	0.77273	3.0017
VINER	23	2.0435	8600	0.83333	1	0.82857	3.0017
CRANE	62	2.2419	8600	0.91071	0.94737	0.91667	3.0017
CESS	39	3.0513	8600	1	0.75	0.70833	3.0017
REEK	21	3.2381	8600	0.74286		0.83784	3.0017
FILA	34	2.4706	8600	0.33333	0.5	0.5	3.0017
SAUTE	47	2.2553	8600	0.92	1	0.90385	3.0017
CHOSE	34	2.4118	8600	0.64286	0.85714	0.81481	3.0017
RIADS	30	2	8600	0.5	0.5	0.54545	3.0017
CHON	35	2.6286	8600	0.7619	0.5	0.77778	3.0017
TORAN	68	2.3088	8600	0.73684		0.77778	3.0017
RUNS	23	2.2174	8400	0.5		0.45455	2.9319
PEARE	34	2.2647	8400	0.84615	0.81818	0.92754	2.9319
RUTH	41	2.5122	8400	0.61538	1	0.70833	2.9319
ANTAR	54	2.2963	8400	0.75	0.5	0.75	2.9319
REMATE	27	2.4074	8400	0.8125	0.8	0.82609	2.9319
PALM	24	3.1667	8400	1	1	0.75	2.9319
ELDER	40	2.675	8400	0.78571	1	0.85	2.9319
WANE	60	2.3333	8400	0.88889	0.72222	0.89216	2.9319
NOUN	28	2.6786	8400	0.73913		0.74074	2.9319
EARLY	23	2.6087	8400	0.375		0.45455	2.9319
STREW	41	2.5854	8400	0.78571	0.5	0.81818	2.9319
CETE	54	2.2222	8400	0.76923	0.75	0.78788	2.9319
DORSA	31	2.4194	8400	0.83333	0.66667	0.8	2.9319
SAFT	26	2	8400	0.75	0.5	0.76923	2.9319
SCORN	24	2.2083	8400	1	1	0.83333	2.9319
FETE	60	2.2833	8400	0.72222	0.81818	0.75556	2.9319
SHOG	23	2.5217	8200	0.42857		0.53333	2.8621
SMEE	38	2.2105	8200	0.66667		0.5	2.8621
GRAIL	25	2.92	8200	0.8	0.75	0.85294	2.8621
KIST	30	2.2667	8200	0.6		0.625	2.8621
EARNT	34	2.0588	8200		0.71429	0.5625	2.8621
RICER	29	2.4138	8200	0.57143	1	0.77778	2.8621
SEYS	26	2.5385	8200	0.5	0.33333	0.4	2.8621
BENI	40	2.15	8200	0.5	0.5	0.64286	2.8621
MINOS	21	2.0952	8200	0.5	0.75	0.6	2.8621
MESA	96	2.4167	8200		0.5	0.55556	2.8621
TOUSE	33	2.697	8200	0.86047	0.94118	0.91429	2.8621
NEAP	79	2.4684	8200		0.85714	0.7	2.8621
REGES	25	2.68	8200	1	0.28571	0.44444	2.8621
RIVA	26	3.6923	8200	0.55556		0.61538	2.8621
SKEE	22	4.4091	8200	0.82609	0.83333	0.85417	2.8621
STIME	59	2.2542	8200	0.90909	0.81818	0.90385	2.8621
WAID	30	2	8000	0.65	1	0.6875	2.7923
ROCS	37	2.1622	8000	0.4	0.2	0.4	2.7923
PICA	37	4.027	8000	0.5	0.4	0.46154	2.7923
EMIC	51	3.8627	8000			0.28571	2.7923
TABOR	22	3	8000	1	0.625	0.71429	2.7923
CURN	24	2.3333	8000	0.86667	1	0.80769	2.7923
SARIN	79	2.2152	8000	0.92982	0.8	0.91045	2.7923
INERT	171	2.4269	8000	0.8	0.9	0.87097	2.7923
DOSA	32	2.2812	8000	0.33333		0.5	2.7923
SAIM	43	2.0698	8000	0.66667	0.5	0.69565	2.7923
HOARSE	21	2.4286	8000	0.83333	0.83333	0.73333	2.7923
DEALT	21	2.0476	8000	0.6	0.5	0.6	2.7923
NILS	100	2	8000	0.55556	0.5	0.6	2.7923
PRAD	26	2.3846	8000	0.6		0.63158	2.7923
SLIDE	56	2.4286	8000	0.925	1	0.91667	2.7923
TENON	31	2.6129	8000		0.5	0.66667	2.7923
SAUNT	32	2.6875	8000	0.88235	0.8	0.89474	2.7923
GROT	43	2.0698	8000	0.72727	1	0.77273	2.7923
RACHET	23	2.5217	8000	0.80952	1	0.84	2.7923
COTH	26	2.0769	8000	0.72727		0.73077	2.7923
BONIE	23	2.4348	8000	0.77778	0.71429	0.78261	2.7923
ENTAIL	37	2.5135	8000	1	0.9	0.87097	2.7923
STANG	22	2	8000	0.75	0.625	0.83333	2.7923
AGENE	27	2.9259	8000	0.5		0.6	2.7923
ENOL	109	2.2569	8000	0.87097		0.87097	2.7923
AYRE	58	2.5	7800		0.41667	0.42857	2.7225
BLEST	32	2.375	7800	0.5		0.4	2.7225
ORBS	29	2.5517	7800	0.5		0.47368	2.7225
GAPE	21	3.0476	7800	0.85	0.66667	0.86	2.7225
STAW	34	2.1765	7800	0.89655	0.88889	0.84783	2.7225
SKAT	23	3.5652	7800	0.57143	1	0.79412	2.7225
TOOM	25	2.2	7800	0.7	0.5	0.84848	2.7225
GIRN	48	2.9167	7800	0.33333	1	0.58824	2.7225
MOOD	21	2.3333	7800	0.82759	1	0.83333	2.7225
TOED	24	2.0833	7800	0.5		0.5	2.7225
NIMS	23	2.1304	7800	0.66667		0.53846	2.7225
SOUP	26	2.8846	7800	0.77778	0.5	0.70833	2.7225
ALUM	25	2.8	7800			0.16667	2.7225
SOUSE	27	2.2222	7800	0.82609	0.8	0.82857	2.7225
KIND	22	3.4091	7800	0.76471		0.72	2.7225
PROIN	30	2.8333	7800		0.54545	0.66667	2.7225
DESIS	39	2.0513	7800	0.42857	1	0.54545	2.7225
BELT	32	2.5938	7800	0.83871	1	0.83019	2.7225
STILT	29	2.6207	7800	0.75	0.88889	0.88636	2.7225
HAFT	32	3.875	7800	0.75	0.78571	0.83673	2.7225
ERKS	38	2.7368	7800	0.44444		0.5	2.7225
DAINT	38	2.1579	7800	0.5	0.83333	0.71429	2.7225
POLT	27	2.1481	7600	0.78571	0.75	0.77419	2.6527
EASERS	32	2.1875	7600	0.85714	0.9375	0.93443	2.6527
LOFT	26	3.2308	7600	0.68421		0.75	2.6527
DUNT	33	2.1818	7600	0.75	0.55556	0.74194	2.6527
WADE	43	2.7674	7600	0.93333	0.81818	0.88764	2.6527
DACE	56	2.0357	7600	0.75	1	0.81579	2.6527
DEARES	26	2.1154	7600	0.80645	1	0.89744	2.6527
STOIT	45	2.6	7600	0.5	0.5	0.5	2.6527
LURS	22	2.0909	7600	0.4	0.5	0.45455	2.6527
GRID	38	3.0789	7600	0.86111	0.83333	0.91228	2.6527
RINK	22	2.8636	7600	0.81579	0.66667	0.82979	2.6527
HALSE	52	2.7885	7400	0.75	1	0.78261	2.5829
STREAM	22	3.0909	7400	0.71429		0.8125	2.5829
NUDES	29	2.1034	7400	0.83333	0.75	0.73684	2.5829
NOMAD	22	3	7400	0.25		0.5	2.5829
LOATH	26	3.4231	7400	0.4	1	0.83333	2.5829
HARO	75	2.56	7400	0.6	0.5	0.57143	2.5829
FLIR	29	3.069	7400	0.66667		0.58333	2.5829
FIEST	43	2.4651	7400	0.28571		0.3	2.5829
SUNS	20	2.1	7400	0.5		0.58333	2.5829
TOGA	42	2.881	7400	0.9	1	0.75862	2.5829
LOCI	60	2.7833	7400	0.5		0.61111	2.5829
DENTAL	28	2.4643	7400	0.75		0.78571	2.5829
NEMA	101	2.5743	7400	0.83333		0.6	2.5829
MILS	23	2.2174	7400	0.57143	0.33333	0.5	2.5829
RUSSE	22	2.8182	7400	0.6	0.66667	0.63636	2.5829
TRUST	23	3.4348	7400	0.25	0.875	0.73333	2.5829
ORPIN	20	3	7200		0.16667	0.16667	2.5131
ENSATE	25	2.28	7200	0.5		0.5	2.5131
ARNA	94	2.4149	7200	0.63636		0.63636	2.5131
REALES	22	2	7200	0.85	1	0.85714	2.5131
LEAK	20	3.2	7200	0.83333		0.77143	2.5131
ORRA	85	2.5765	7200	0.66667		0.52632	2.5131
STUM	39	2.8974	7200	0.83333	0.83333	0.77778	2.5131
SIMA	86	2.407	7200	0.55556		0.625	2.5131
CHINO	30	2.4667	7200			0.63636	2.5131
SOAP	47	3.0426	7200	0.90476	1	0.81481	2.5131
NERD	137	2.1314	7200	0.76923	1	0.77778	2.5131
ARETT	69	2.1449	7200	0.85714		0.84	2.5131
TATU	49	2.898	7200	1		0.5	2.5131
DRAIN	52	2.4231	7200	0.94444	1	0.92308	2.5131
EASLE	29	2.4828	7200	0.55	0.6875	0.66667	2.5131
TOGE	52	2.3846	7200	0.78947	1	0.79412	2.5131
GREAT	44	2.2273	7200	0.88	1	0.87097	2.5131
MODI	33	2.7576	7200	0.25		0.28571	2.5131
RAIDER	26	2.0769	7200	0.85294	1	0.86842	2.5131
RAISER	25	2.04	7200	0.90909	1	0.86667	2.5131
PEANS	21	2	7000	0.625	0.875	0.75	2.4433
SENATE	42	2.2857	7000	0.875	1	0.78571	2.4433
SCATT	23	2.7391	7000	0.83333	0.77778	0.90244	2.4433
ANISES	22	2.0909	7000		0.5	0.5	2.4433
SERAI	155	2.3226	7000		0.75	0.73684	2.4433
TRIOS	54	2.1852	7000	0.5	0.75	0.64286	2.4433
HARL	62	2.3226	7000	0.94444	0.9	0.86842	2.4433
DETAIN	28	2.2143	7000	0.88235	1	0.9	2.4433
TOSA	45	2.1111	7000	0.33333		0.54545	2.4433
OORIE	46	3.5217	7000	0.5	0.625	0.57143	2.4433
SILER	50	2	7000	0.92857	0.92308	0.92424	2.4433
DOIT	77	2.1429	7000	0.53846	1	0.70968	2.4433
SPRIT	27	3.1111	7000			0.64286	2.4433
SLUR	24	2.6667	7000			0.53846	2.4433
PREST	58	2.6207	7000	0.66667	1	0.81481	2.4433
RETRAIN	20	2.25	7000	0.9	0.5	0.875	2.4433
RUER	49	2.2857	7000	0.6	0.5	0.65217	2.4433
SADIS	29	2.1379	7000	0.66667	0.5	0.58333	2.4433
DREAR	53	2.8868	7000		0.55556	0.66667	2.4433
SOREL	70	2.2429	7000	0.83333	0.83333	0.72222	2.4433
OSIERS	29	2.1034	7000	0.54545	0.5	0.54545	2.4433
RANAS	22	2.1818	6800			0.5	2.3735
DAUT	28	2.5357	6800	1	0.66667	0.73684	2.3735
SABER	23	2.087	6800	0.83333	1	0.875	2.3735
ANTRA	37	2.7297	6800	0.5	0.33333	0.44444	2.3735
MEDIA	43	3.6977	6800	0.2		0.2	2.3735
CREAM	25	2.8	6800	0.66667	1	0.71429	2.3735
VARE	47	2.3617	6800	0.89655	0.78571	0.87273	2.3735
MUTI	29	3.069	6800	0.72222	0.75	0.77273	2.3735
CIRE	100	2	6800	0.9186	0.91667	0.93382	2.3735
RUTS	27	2	6800	0.5	0.5	0.54545	2.3735
MANAT	24	3.4167	6800		0.75	0.5	2.3735
TRASH	43	2.3953	6800	0.96	0.7	0.91489	2.3735
NORMA	26	3.1154	6800	0.33333		0.33333	2.3735
HOLS	27	2.5926	6800	0.5		0.58333	2.3735
LAHS	53	2.434	6800	0.5	0.5	0.53333	2.3735
DUNE	55	2.0727	6800	0.97826	0.9375	0.94318	2.3735
FARSE	29	2.1724	6800	0.9	1	0.91837	2.3735
PIAN	66	3.6212	6800	0.66667	0.33333	0.68182	2.3735
ASHY	37	2.5405	6800	0.53846	0.66667	0.57895	2.3735
DOLT	32	2.0625	6800	0.92		0.85714	2.3735
RESITE	57	2.1754	6800	0.90909	1	0.93846	2.3735
DITA	149	2.5638	6800	0.81818	0.8	0.8125	2.3735
STRIA	82	2.439	6800		0.7	0.66667	2.3735
ALOES	22	2.2273	6800	0.66667	0.5	0.53846	2.3735
PULA	20	3.2	6800	0.42857		0.55556	2.3735
STINGE	32	2.4062	6800	0.91667	1	0.93651	2.3735
HONER	44	2.1364	6800	0.82609	0.94444	0.90909	2.3735
SUER	49	2.0408	6600	0.63158	0.8	0.75862	2.3037
ACNE	111	2.2973	6600	0.8125	0.75	0.825	2.3037
ARRIS	25	2.24	6600	0.5		0.5	2.3037
ROSED	22	2	6600	0.69231	0.5	0.75	2.3037
THRO	101	4.2475	6600	1	0.54545	0.6875	2.3037
OPERA	47	3.1702	6600	1		0.72727	2.3037
TIANS	20	2	6600	0.5	0.5	0.5	2.3037
EGOS	62	2.4839	6600	0.4	0.42857	0.42105	2.3037
CALM	31	2.9677	6600	1		0.71429	2.3037
DROP	30	3.0667	6600	0.625	1	0.625	2.3037
DEER	98	2	6600	0.94	0.88889	0.94521	2.3037
TUNG	23	2.3913	6600	0.71429	0.5	0.69565	2.3037
DRAB	22	2.0455	6600	0.4		0.42857	2.3037
REPLA	25	3.52	6600	0.77778	1	0.82609	2.3037
EDITS	33	2.1818	6600		0.85714	0.75	2.3037
ISLED	62	2.4032	6600	0.5	0.33333	0.375	2.3037
CURET	26	2.0769	6600	0.84615	1	0.90625	2.3037
IRONS	25	2.28	6600		0.5	0.5	2.3037
CLOU	27	3.3704	6600	0.8	0.71429	0.77143	2.3037
RETIME	26	2.3462	6600	0.86364	1	0.875	2.3037
GRUE	35	2.5429	6400	0.64286		0.69565	2.2339
CAMIS	20	2.4	6400	0.66667	1	0.6	2.2339
SWEIR	26	2.5	6400		0.66667	0.6	2.2339
THANE	46	2.587	6400	1	0.5	0.75	2.2339
STONN	34	3	6400	0.92593	1	0.92	2.2339
ENTRY	21	2.4286	6400			0.33333	2.2339
FLEE	32	3.4375	6400	0.84848	1	0.88889	2.2339
ACRED	42	2.5952	6400	0.33333	0.33333	0.375	2.2339
LAMA	27	2.5185	6400	0.66667	0.5	0.76471	2.2339
YALE	51	2.4118	6400	0.71429	0.33333	0.71429	2.2339
EGER	63	3.381	6400		0.5	0.4	2.2339
BOLA	38	2.2368	6400	0.79167	0.6	0.78947	2.2339
TAMER	45	2.1333	6400	0.94	1	0.93548	2.2339
DRANT	44	2.0682	6400	0.8	0.66667	0.80952	2.2339
BLEAR	33	2.2727	6400	0.91667	0.5	0.89189	2.2339
DETER	61	2	6400	0.96875	1	0.94828	2.2339
BEET	23	2.1304	6400	0.87879	1	0.89744	2.2339
NONI	58	2.3966	6400	0.5		0.63636	2.2339
PIRN	32	2.5625	6400	0.375		0.5	2.2339
IRONE	111	2.6036	6400	1	0.96154	0.93443	2.2339
DEEM	33	2.4545	6400	0.76923	1	0.875	2.2339
CAPO	27	4.1111	6200	0.61111	0.5	0.65	2.164
DUEL	45	2.6444	6200	0.8	0.66667	0.825	2.164
GUAN	20	3.95	6200			0.16667	2.164
ALPS	41	2.3415	6200	0.3	0.57143	0.47368	2.164
OFTER	23	2.3913	6200	0.68182	1	0.82759	2.164
HAROS	27	2.5556	6200	0.5		0.33333	2.164
RELET	42	2.0714	6200	0.925	0.75	0.92857	2.164
GIRT	75	2.64	6200	0.76471	0.7	0.81481	2.164
REIGN	47	2.3191	6200		1	0.66667	2.164
STRAP	28	2.1071	6200	0.88235	1	0.86957	2.164
TORIC	31	2.1935	6200		0.625	0.7	2.164
CHERT	43	2.1395	6200	0.86364	1	0.89286	2.164
RATTEN	22	2.3636	6200	1	1	0.89286	2.164
NODI	32	2.5312	6200	0.4		0.4	2.164
SALTIE	36	2.5556	6200	0.86364		0.91429	2.164
SHIEL	30	2.3	6200	0.66667		0.75	2.164
DOAT	92	2.7065	6200	0.95349	0.9	0.94776	2.164
BLAE	80	2.6625	6200	0.70588	0.66667	0.76667	2.164
PYRE	23	2.5217	6200	0.6	1	0.54545	2.164
IDEA	187	3.2674	6200		0.77778	0.6	2.164
TABS	23	2	6200	0.55556	1	0.7	2.164
SECRET	24	2.9583	6200		1	0.5	2.164
PAREN	62	2.7419	6200	0.86667	1	0.88889	2.164
EROSE	82	2.2805	6200	0.5	0.625	0.58333	2.164
LONGE	21	3.5238	6200	0.93548	1	0.90244	2.164
HURL	31	3.1613	6200	0.7		0.70588	2.164
OUTRO	20	2.75	6200		0.4	0.57143	2.164
BREI	68	2.8529	6200	0.8125	1	0.8	2.164
BOND	23	2.4783	6200	0.92308	1	0.90244	2.164
PEEL	31	2.6452	6000	0.73529	0.64286	0.84091	2.0942
WHIR	23	3.8261	6000	1	0.5	0.64286	2.0942
FREET	24	2.75	6000		1	0.55556	2.0942
VAIR	34	2.5294	6000	0.6		0.5	2.0942
CLIP	21	3.2381	6000	0.66667	0.8	0.63158	2.0942
ANNS	29	2.1034	6000	0.42857	0.5	0.45833	2.0942
DOBE	20	2.8	6000	0.66667	0.5	0.63636	2.0942
YARN	33	2.4848	6000	0.9375	0.5	0.81818	2.0942
SMIR	42	2.4524	6000	0.89474		0.77778	2.0942
VERD	21	3.1429	6000	0.4		0.54545	2.0942
SLICE	23	2.7826	6000	0.9375	1	0.88235	2.0942
OINTED	20	2.45	6000	0.5		0.42857	2.0942
STOMA	26	2.6154	6000	0.6	0.66667	0.6	2.0942
CARAT	32	2.9688	6000	0.78947	1	0.88889	2.0942
ALOO	56	2.7857	6000	0.41667	0.66667	0.47368	2.0942
MABE	23	2.2174	6000	0.7		0.77778	2.0942
CORNET	24	2.3333	5800	0.92308	0.57143	0.81818	2.0244
ANION	32	2.3438	5800	1	0.25	0.7	2.0244
HALTER	20	2.7	5800	0.69231	0.75	0.84	2.0244
CLONE	31	2.8065	5800	0.88889	1	0.9	2.0244
DAIS	50	2.14	5800	0.5		0.55556	2.0244
NATTER	29	2.2069	5800	0.87179	0.91667	0.9375	2.0244
MISSA	20	2.4	5800	0.6	0.75	0.66667	2.0244
NOGS	25	2.08	5800	0.625	0.83333	0.65	2.0244
TOLU	42	2.7381	5800			0.375	2.0244
GADS	26	2.2692	5800	0.5		0.53333	2.0244
RESES	31	2.1935	5800	0.44444		0.44444	2.0244
ANNAT	23	2.7391	5800	0.44444	0.66667	0.66667	2.0244
DUAL	35	2.8286	5800	0.78571	0.75	0.8	2.0244
HOIST	47	2.4894	5800	0.92857	1	0.91892	2.0244
ASAR	90	2.2333	5800	0.5	0.33333	0.375	2.0244
LOGO	21	2.5714	5800	0.66667		0.70588	2.0244
GLEAN	22	2.0909	5800	0.77778	1	0.76923	2.0244
HILT	41	2.2439	5800	0.85	0.75	0.84848	2.0244
DORR	36	2.0833	5800	0.81818	1	0.86486	2.0244
TRUES	27	2.1111	5800	0.85714		0.8125	2.0244
DONATE	21	2.5714	5800	1	0.625	0.8	2.0244
CLAN	44	2.6136	5800	0.96	0.53846	0.84444	2.0244
FLARE	26	2.3846	5800	1	0.6	0.9	2.0244
FREES	21	2.0952	5600	0.66667	1	0.75	1.9546
SERRE	21	2.2857	5600	0.88	0.91667	0.87879	1.9546
HAEM	50	2.66	5600			0.33333	1.9546
SPILE	26	2.2308	5600	0.85714	0.81818	0.90244	1.9546
DENET	41	2	5600	0.5	0.5	0.66667	1.9546
TOLT	43	2.4884	5600	1	0.66667	0.83871	1.9546
TONIER	33	2.0303	5600	0.92857	0.66667	0.88889	1.9546
TOPER	39	2.3846	5600	0.79688	1	0.92593	1.9546
PROLE	23	2.9565	5600		0.75	0.75	1.9546
NINER	54	2	5600	0.9	0.83333	0.93939	1.9546
SNIG	45	2.1778	5600	1		0.66667	1.9546
ODAS	43	2.1628	5600	0.59091	0.5	0.57143	1.9546
TURM	28	2.7143	5600	0.8	0.8	0.72222	1.9546
TROY	47	2.5319	5600	0.73333		0.77273	1.9546
HOISE	51	2.3137	5600	0.90909	1	0.85714	1.9546
HIGH	22	4.0909	5600	0.83333		0.70588	1.9546
TRET	179	2.0894	5600	0.92	0.8	0.87755	1.9546
STEME	21	2.1905	5600	0.90909	0.85714	0.8	1.9546
SHEET	24	2.125	5600	0.84615	1	0.87097	1.9546
ETEN	133	2.3534	5600	0.52941		0.52941	1.9546
AURA	56	3.8571	5600		0.16667	0.33333	1.9546
BRIM	22	2.2727	5600	0.73333	0.66667	0.69565	1.9546
MENSA	29	2.3103	5600		0.57143	0.55556	1.9546
IRADES	25	2	5600	0.5	0.75	0.6	1.9546
RETINT	36	2.0556	5400	0.90909	1	0.92308	1.8848
CLART	32	2.2188	5400	0.71429	0.66667	0.82353	1.8848
SHOAL	27	2.5926	5400	0.9	1	0.83333	1.8848
EARST	60	2.0833	5400			0.5	1.8848
GOAL	29	2.4828	5400	1	0.66667	0.83333	1.8848
RENTER	24	2.0833	5400	0.86667	0.78571	0.93182	1.8848
GENA	99	2.3535	5400	0.75	0.6	0.71429	1.8848
IMAGE	22	3.1364	5400		1	0.76471	1.8848
LARK	26	2.5385	5400	0.90323	1	0.89744	1.8848
TERAS	20	2	5400	0.5	0.5	0.5	1.8848
POME	24	2.0417	5400	0.57143	0.5	0.76923	1.8848
SAIC	74	2.6081	5400	0.5	0.25	0.57143	1.8848
THIS	30	2.3667	5400	0.5		0.5	1.8848
SORTIE	43	2.1163	5400	0.86667	1	0.86364	1.8848
DEARN	34	2.1471	5400	0.9375	0.66667	0.93182	1.8848
DEEN	80	2	5400	0.92105	0.91667	0.89744	1.8848
TRIAD	31	2.0968	5400	0.78571	1	0.875	1.8848
CURAT	27	3.3704	5400	1	0.78947	0.92308	1.8848
TRIGO	22	3	5400		0.4	0.4	1.8848
FRET	83	2.2771	5400	0.85714	1	0.88571	1.8848
BOLT	29	2.5517	5400	0.9	1	0.89189	1.8848
TAMINS	24	2.0417	5400	0.5	0.75	0.78571	1.8848
ANNAS	24	2.5833	5400	0.5	0.66667	0.63636	1.8848
RHINE	48	2.0833	5400		0.7	0.78571	1.8848
RIPEN	20	2.55	5200	0.86667	1	0.90476	1.815
MOAT	59	2.1695	5200	0.9	0.90909	0.92683	1.815
SNOD	42	2.0238	5200	0.78571	0.75	0.77778	1.815
TONY	36	2.6667	5200	0.5	0.45455	0.53333	1.815
EMMA	24	3.1667	5200	0.33333		0.4	1.815
ROAM	56	2.6786	5200	0.94595	0.75	0.93103	1.815
PHIS	30	2.5667	5200	0.57143		0.5	1.815
NOLL	20	2.25	5200	0.86364	1	0.81481	1.815
PREP	26	3.2308	5200	1		0.7	1.815
RECTA	25	2.12	5200	0.8	0.66667	0.75	1.815
POSIT	42	2.9762	5200	0.8	1	0.82353	1.815
TEASER	23	2	5000	0.82143	0.83333	0.92857	1.7452
TAMIS	39	2.3333	5000			0.4	1.7452
PULS	21	4	5000	0.73333	0.83333	0.86207	1.7452
SOOLE	31	2.5484	5000	0.89286	1	0.92683	1.7452
UNIS	61	2.3607	5000	0.46154		0.44444	1.7452
ECOS	54	2.0741	5000	0.42857		0.46667	1.7452
ESNE	147	2.2721	5000	0.5	0.6	0.54545	1.7452
STOOL	20	2.35	5000	0.88889		0.88889	1.7452
CORER	26	2.4231	5000	0.69565	0.90909	0.84211	1.7452
SUITE	36	2.8611	5000	1	0.84615	0.88889	1.7452
STEANE	36	2.0556	5000	0.94286	0.94444	0.94545	1.7452
PLEAT	40	2.45	5000	0.89474	1	0.90323	1.7452
TEALS	45	2	5000	0.85185	0.71429	0.89706	1.7452
TOTER	45	2	5000	0.9375	1	0.95238	1.7452
SPIDE	26	2.4615	5000	0.81818	1	0.875	1.7452
RENIN	43	2.0233	5000	0.75	0.9	0.88462	1.7452
GILD	28	3.2143	5000	0.375	0.66667	0.5	1.7452
TENET	39	2	5000	0.85714	0.8	0.89474	1.7452
MAIM	20	2.4	5000	0.90476	1	0.87879	1.7452
RAIK	27	3.2222	5000	0.71429		0.71429	1.7452
ABED	45	2.1778	5000	0.58824	0.5	0.62963	1.7452
NODAL	39	2.641	5000	0.33333		0.4	1.7452
CONNE	21	2.8571	5000	0.91892	0.6	0.93878	1.7452
AIMER	39	2.2051	5000	0.86111	1	0.92	1.7452
SILD	20	2	5000	0.75	0.5	0.75	1.7452
TINY	23	2.1304	4800	0.4	0.5	0.42857	1.6754
BOLO	20	2.05	4800	0.72727		0.72727	1.6754
UREA	134	2.3209	4800		0.57143	0.71429	1.6754
EECH	30	3.4	4800	0.55556		0.54545	1.6754
NAMER	27	2.0741	4800	1	1	0.90909	1.6754
PLED	24	2.6667	4800	0.5	0.5	0.5	1.6754
PARENT	22	2.2273	4800	0.66667	1	0.83333	1.6754
ALERT	105	2.3238	4800	0.625		0.625	1.6754
ENGS	46	2.1739	4800		0.33333	0.4375	1.6754
CURL	25	3.24	4800	0.875	0.75	0.86667	1.6754
DURA	54	2.9074	4800	0.875	0.5	0.73333	1.6754
NOTATE	28	2.4643	4800	1	1	0.90476	1.6754
CITAL	35	2.2857	4800		0.5	0.5	1.6754
NORITE	34	2.2353	4800	0.5		0.5	1.6754
CAPI	20	2.7	4800	0.55556	0.44444	0.55556	1.6754
ORCS	51	2	4800	0.5625		0.63636	1.6754
SOFA	26	2.3462	4800			0.55556	1.6754
WAES	29	2.0345	4800	0.5	0.5	0.5	1.6754
REGS	30	2	4800	0.5	0.5	0.5	1.6754
DEET	102	2	4800	0.85714	0.95	0.925	1.6754
DURN	27	2.2222	4800	0.63636	0.85714	0.75	1.6754
SOTH	40	2.125	4600	0.6875		0.8	1.6056
YARE	27	2	4600	0.5	0.5	0.5	1.6056
THIG	29	2.4138	4600	0.55556		0.70588	1.6056
WENT	35	2	4600	0.88636	1	0.93103	1.6056
TABER	27	2.4074	4600	0.8125	1	0.875	1.6056
THALE	26	2.4615	4600	0.4		0.4	1.6056
TONIC	43	2.9767	4600	0.83333	1	0.78571	1.6056
VITA	46	3.5652	4600	1	0.5	0.77273	1.6056
TWINE	29	3.069	4600	0.66667	1	0.88889	1.6056
SHADE	40	2.525	4600	1	0.94118	0.9625	1.6056
THREE	23	2.1304	4600		0.5	0.7	1.6056
VARS	21	2.1429	4600	0.5	0.5	0.5	1.6056
AALS	48	2.4792	4600	0.5		0.41667	1.6056
RELIE	68	2.6029	4600	0.94545	1	0.96	1.6056
CANG	27	2.3333	4600	0.94118	0.66667	0.91667	1.6056
LIENOR	27	2.4444	4600	0.5	0.5	0.5	1.6056
RIFLE	23	3.3913	4600	1		0.625	1.6056
FAINE	31	3.129	4600	0.78571	1	0.88	1.6056
MUNI	26	2.6538	4600	0.71429	0.8	0.77273	1.6056
DREAD	24	2.75	4600		0.625	0.7	1.6056
RELY	45	2.3556	4600	0.5	1	0.55556	1.6056
FASTI	27	2.3704	4600	0.94737	1	0.88889	1.6056
HASP	22	2.2273	4600	0.83333	1	0.75	1.6056
LINGA	24	2.125	4600	0.83333	1	0.85	1.6056
BREIS	25	2.12	4600	0.75	1	0.66667	1.6056
LIMN	42	2.6667	4600	0.25		0.25	1.6056
CURIE	24	3.25	4600	1		0.66667	1.6056
CRUSE	21	2.4286	4600		0.5	0.625	1.6056
CHEM	28	4.0357	4600	0.66667		0.66667	1.6056
OUTRE	31	2.871	4600	1	0.8125	0.875	1.6056
PACER	20	2.3	4600	0.90625	1	0.925	1.6056
ONION	27	2.7407	4600	0.4		0.4	1.6056
PETAR	55	2.5818	4600		0.5	0.57143	1.6056
CONIN	28	2.8929	4600	0.76923		0.85	1.6056
SPEAN	24	2.125	4400	0.83333	0.88889	0.83333	1.5358
GAIR	49	2	4400	0.96154	0.91667	0.86957	1.5358
SALINE	27	2	4400	0.95833	1	0.93333	1.5358
HOAST	22	2.0455	4400	0.66667	1	0.89474	1.5358
SAILER	24	2	4400	0.92308	0.875	0.94118	1.5358
STELE	33	2.2121	4400	1	1	0.94872	1.5358
MENG	24	2.7917	4400	0.25	1	0.8	1.5358
AMNIO	23	2.6522	4400		0.33333	0.33333	1.5358
NURSE	51	2.5294	4400	0.75	1	0.86207	1.5358
DUCT	25	4.04	4400	0.4		0.7	1.5358
DATA	33	2.3939	4400		0.33333	0.33333	1.5358
RIBA	36	3	4400			0.33333	1.5358
GAITER	20	2.1	4400	1	0.5	0.81818	1.5358
RESORT	25	2.28	4400	0.71429	1	0.81818	1.5358
CEIL	45	2.5778	4400	0.8	0.66667	0.8	1.5358
CADI	63	2.6667	4400	0.93333	1	0.8	1.5358
TICAL	39	2.8718	4400	0.625		0.625	1.5358
REGO	60	2.3	4400	0.8125	0.83333	0.8	1.5358
SIGNET	20	2.25	4400	1	0.66667	0.75	1.5358
INSERT	44	2.5455	4400	0.33333	1	0.6	1.5358
GILT	35	2.3714	4400	0.66667		0.54545	1.5358
BEAL	31	2.0645	4400	0.85294	0.66667	0.93478	1.5358
TSAR	126	2.1508	4400	1		0.76923	1.5358
HERY	29	3.069	4400		0.33333	0.33333	1.5358
HEARSE	21	2.2857	4400	0.9	1	0.92593	1.5358
ERST	160	2.5312	4400	0.55556	0.42857	0.5	1.5358
AGONE	21	2.1429	4400	0.6	1	0.77778	1.5358
HERMA	30	2.6	4400			0.6	1.5358
SPINA	39	3.1282	4200		1	0.78571	1.466
SHITE	51	2.1373	4200	0.92	0.88889	0.94118	1.466
STEDE	37	2.0811	4200	0.5	0.71429	0.72727	1.466
VALET	21	2.8095	4200		1	0.7	1.466
HURT	47	2.3617	4200	0.90476	1	0.91176	1.466
SLANE	38	2	4200	0.88462	1	0.9	1.466
SILEN	100	2.81	4200	1	0.92308	0.86364	1.466
VINT	23	2.3478	4200	0.69231	1	0.76471	1.466
DOUSE	24	2.625	4200	0.92308	1	0.91667	1.466
SIDLE	50	2.56	4200	0.8125	1	0.89655	1.466
SHOER	31	2	4200	0.7	1	0.90625	1.466
MAISE	27	2	4200	0.91667	1	0.875	1.466
LAIK	20	2.65	4200	0.8	0.5	0.7619	1.466
RESOW	31	2.2903	4200	0.71429	0.66667	0.7	1.466
ABRI	71	3.2394	4200	0.66667		0.61538	1.466
SMORE	39	2.1795	4200	0.875	0.8	0.88	1.466
HIRER	24	2	4200	0.8125	1	0.89286	1.466
YINS	29	2.4138	4200	0.5		0.44444	1.466
DARRE	30	2.1333	4200	0.90323	1	0.90909	1.466
PRIER	22	2.1818	4200	0.75		0.7	1.466
WHEN	22	2.4545	4200	0.6	0.5	0.57143	1.466
TABI	47	2.5319	4200	0.25	0.5	0.5	1.466
SNATH	51	2.5686	4200	0.72727	1	0.76923	1.466
GRONE	27	2.2222	4200	0.85714	0.75	0.86364	1.466
PIAL	27	2.7778	4200	0.4		0.44444	1.466
SOBA	28	2.6071	4000	0.5	0.33333	0.4	1.3962
INANE	54	2.8889	4000		1	0.8	1.3962
DRAY	22	2.2727	4000	0.66667	0.33333	0.5	1.3962
LACET	47	2.2553	4000	1	0.8125	0.875	1.3962
ELOIN	38	2.3158	4000			0.66667	1.3962
NABE	36	2.0556	4000	0.25		0.8	1.3962
WADI	30	2.3667	4000	1	0.5	0.7619	1.3962
MOREL	26	2.2308	4000	0.8	1	0.85714	1.3962
ARIL	120	2.3	4000	0.33333	1	0.7	1.3962
TUBE	20	3.2	4000	1	1	0.93333	1.3962
SICE	56	2	4000	0.92857	0.78571	0.90323	1.3962
ERRS	48	2	4000	0.73077	0.5	0.6875	1.3962
DILATE	32	2.6875	4000	0.90909	1	0.93333	1.3962
RECTO	28	2.8571	4000		0.4	0.57143	1.3962
PUNA	20	2.2	4000	0.25		0.5	1.3962
SOOP	22	2.1364	4000	0.95833		0.89655	1.3962
MAUT	23	2.4348	4000	1	0.66667	0.88889	1.3962
RATOO	34	2.8235	4000			0.5	1.3962
DEFI	34	4.0588	4000	0.85714	1	0.84211	1.3962
TITAN	31	2.3871	4000	1		0.75	1.3962
LIPES	22	2.2727	4000	0.75	0.66667	0.76923	1.3962
TREST	42	2.1429	4000			0.33333	1.3962
LUGE	21	2.8571	4000	0.83333	0.625	0.85185	1.3962
INTONE	21	3.0476	4000	0.77778	1	0.875	1.3962
NITHER	21	2.1905	4000	0.75		0.71429	1.3962
SEEP	35	2.1429	4000	0.76471	1	0.79167	1.3962
EARTHS	32	2.2812	4000	0.5	1	0.75	1.3962
MAIST	40	2.3	4000	0.91667	0.875	0.9375	1.3962
SERRAN	22	2.5455	4000		0.66667	0.66667	1.3962
MIRI	26	2.8077	4000	0.66667		0.69231	1.3962
ARETE	118	2	4000	0.96154	1	0.96154	1.3962
ECHO	36	3.9722	4000		0.71429	0.71429	1.3962
GRATIN	25	2.88	4000	0.81818		0.86667	1.3962
AMIR	46	2.2391	4000	1	0.85714	0.82353	1.3962
WASE	27	2	4000	0.7	0.75	0.79167	1.3962
TASTER	24	2	4000	0.875	0.91667	0.95	1.3962
SHEEN	24	2.5833	4000	0.7		0.78571	1.3962
AMEND	23	2.913	4000	0.73333	1	0.92593	1.3962
ETNA	173	2.0173	4000		0.75	0.64286	1.3962
DRIP	26	2.3462	4000	0.58333	0.5	0.64286	1.3962
LINEN	24	2.0833	4000	1		0.84615	1.3962
TATH	48	2.1667	3800	0.8125	0.75	0.80769	1.3264
TEAK	30	2.4333	3800	0.88235	0.75	0.88636	1.3264
GLUE	29	3.2414	3800	0.83333	0.75	0.80952	1.3264
MEGA	30	3.0333	3800	0.5		0.5	1.3264
PORES	20	2.05	3800	0.87879	1	0.92308	1.3264
MOER	76	2.0921	3800	0.5	0.5	0.66667	1.3264
OWRE	48	2.7083	3800	0.5		0.6	1.3264
HOSER	41	2	3600	0.95455	1	0.95161	1.2565
YARR	21	2.2857	3600	1		0.71429	1.2565
GRIM	21	3.4286	3600	0.85714	0.88889	0.86364	1.2565
PRIEST	20	2.1	3600	0.5		0.5	1.2565
LEIR	146	2.1096	3600	0.96774	0.9	0.92063	1.2565
BARON	27	3	3600	0.85714	1	0.83333	1.2565
SLATER	26	2	3600	0.97059	0.875	0.95455	1.2565
COSET	31	2	3600	0.94444	0.5	0.875	1.2565
SLAP	26	2	3600	0.83333	1	0.77273	1.2565
DELATE	34	2.1176	3600	0.93333	1	0.95833	1.2565
CUIT	29	2.6552	3600	0.83333		0.72727	1.2565
TIRL	66	2.1212	3600	0.75		0.75	1.2565
MERC	47	3.0426	3600	0.86667		0.86667	1.2565
CURSE	23	2.6522	3600	0.88235	1	0.92308	1.2565
SPEC	32	4.7188	3600	0.6		0.57143	1.2565
SLAE	103	2	3600	0.66667	0.75	0.79167	1.2565
TIARA	38	2.1579	3600	0.5	1	0.75	1.2565
INGEST	31	2.2903	3600	0.66667		0.66667	1.2565
ATTONE	24	2.25	3600	0.66667	0.88889	0.89474	1.2565
TENOR	79	2.2405	3600	0.93333	0.75	0.91304	1.2565
ALATES	21	2.2857	3600	0.75	0.8	0.84615	1.2565
SNEER	45	2.0444	3600	0.8	0.92308	0.93548	1.2565
SNOOT	26	2.3846	3600	0.86957		0.92	1.2565
ARMET	36	2	3600	0.875	1	0.89286	1.2565
DREST	26	2.1154	3600	0.5		0.5	1.2565
SATIRE	34	2	3600	0.83333	0.875	0.88889	1.2565
SERIF	24	2.1667	3600		0.33333	0.33333	1.2565
PARDI	20	2.3	3600	0.85714		0.8	1.2565
PASTIE	20	2.3	3600	1	0.66667	0.9	1.2565
ARPEN	43	2.814	3600			0.4	1.2565
RESEAT	26	2.0769	3600	0.89474	1	0.92857	1.2565
AGIST	31	2.4516	3600	0.5	1	0.75	1.2565
STONNE	20	2.2	3600	0.9	1	0.9	1.2565
TENNER	22	2	3600	0.875	1	0.94444	1.2565
KERN	20	2.75	3600		0.5	0.5	1.2565
HETES	20	2.05	3600		0.5	0.5	1.2565
ISMS	34	3.8529	3600		0.33333	0.33333	1.2565
SERF	36	2	3600			0.5	1.2565
GLID	21	3.4286	3600	1	0.88889	0.94872	1.2565
MOIT	57	2.0877	3600	0.875		0.83333	1.2565
TIFT	20	2.1	3600	0.57143		0.57143	1.2565
RETILE	36	2.3056	3600	0.94444	0.88889	0.96078	1.2565
LOBS	22	2.5	3400	0.5	0.5	0.625	1.1867
IOTA	169	2.5621	3400		0.66667	0.6	1.1867
UNAI	60	2.15	3400	0.66667	1	0.75	1.1867
LATHI	31	2.3548	3400	0.83333		0.8	1.1867
EMPT	32	3.8125	3400		0.625	0.625	1.1867
MELD	29	2.4828	3400	1	1	0.94595	1.1867
ONUS	69	2.7246	3400	0.7		0.7	1.1867
MEED	42	2	3200	0.90625	1	0.92308	1.1169
HOMIE	26	2.7308	3200	0.95455	1	0.92857	1.1169
CITO	27	2.9259	3200			0.33333	1.1169
AINEE	21	2.2857	3200	0.5		0.5	1.1169
TETRA	57	2.4386	3200		0.5	0.66667	1.1169
ALBE	44	2.8636	3200	0.5		0.66667	1.1169
GALA	25	3.16	3200	0.5	1	0.71429	1.1169
PALET	36	2.1111	3200	0.97222	0.5	0.95238	1.1169
LIRA	97	2	3200	0.95455	1	0.94444	1.1169
YEAN	44	2.25	3200	0.6	1	0.8125	1.1169
TROG	38	2.3421	3200	1	1	0.77778	1.1169
PERC	47	3.383	3200	0.58333	0.8	0.78571	1.1169
SEIR	159	2	3200	0.9375	0.9	0.93939	1.1169
LISTEN	27	2.4444	3200	0.875	1	0.93103	1.1169
HOARD	32	2.5938	3200	0.9	0.85714	0.90476	1.1169
THEW	23	2.3043	3200	0.75	0.33333	0.73333	1.1169
SNARL	36	2.4444	3200	0.6	1	0.86667	1.1169
COATI	31	2.0645	3200	0.91304	1	0.93548	1.1169
KENT	20	3	3200	0.77778		0.90909	1.1169
FRACT	20	2.9	3200	0.66667		0.66667	1.1169
THAW	20	2.95	3200	0.5	0.66667	0.81818	1.1169
PATEN	38	2.2632	3200	0.91667	0.625	0.93333	1.1169
ITEM	88	2.25	3200		0.5	0.5	1.1169
PHASE	37	2.7838	3200	0.5	1	0.66667	1.1169
OGRE	63	2.3175	3200	0.8	1	0.85714	1.1169
FRISE	26	2.3462	3200	0.5		0.66667	1.1169
BOTA	47	2.383	3200	0.8	0.5	0.87097	1.1169
BRIO	35	2.3714	3200		0.5	0.6	1.1169
LENTO	57	2.7018	3200		0.5	0.71429	1.1169
DEIST	30	2	3200	0.5		0.66667	1.1169
ASIDE	44	2.0909	3200		1	0.71429	1.1169
DORP	22	2.6818	3200	0.75	0.5	0.75	1.1169
RELIC	32	2.9688	3200		0.66667	0.66667	1.1169
INGOT	32	2.4062	3200	0.5		0.5	1.1169
RAYLE	21	3.0476	3200	1		0.75	1.1169
BLADE	21	2.9524	3200	0.93939	1	0.95122	1.1169
FESTA	35	2.2571	3200			0.8	1.1169
EVITE	22	2.8182	3200	0.81818		0.81818	1.1169
HASTA	20	2.1	3200	0.5	0.5	0.5	1.1169
NAGS	21	2.2857	3200			0.54545	1.1169
STEY	30	2.2	3200		0.66667	0.8	1.1169
URDE	27	2.7037	3200			0.25	1.1169
TOLD	30	2.2667	3200	0.5		0.5	1.1169
RODENT	29	2.6552	3200	1		0.8	1.1169
REFIT	23	2.1304	3200	0.66667	1	0.8	1.1169
WALIE	33	3	3200		1	0.81818	1.1169
TOWSE	22	2.5909	3200	1	1	0.89474	1.1169
LETHE	20	2.2	3200	1		0.75	1.1169
WRITE	25	2.2	3200	0.94118		0.91304	1.1169
LADEN	37	2	3200	0.92857	1	0.93333	1.1169
DEBT	22	2.2727	3200			0.75	1.1169
DORB	27	2.8889	3000			0.5	1.0471
RIPT	36	2.3056	3000	0.5		0.57143	1.0471
ARCO	108	2.9722	3000	0.5	0.5	0.7	1.0471
CHUT	22	3.2273	3000	1	1	0.9	1.0471
VERA	20	3.05	3000	0.5		0.42857	1.0471
SOLDE	30	2.5333	3000	0.92308	1	0.93333	1.0471
DRESS	30	2.3667	3000	0.5	1	0.66667	1.0471
FANO	35	2.2	3000	0.66667	0.5	0.7	1.0471
ARGLE	21	2.9524	3000	0.83333	0.66667	0.72727	1.0471
ATOM	71	3.169	3000	1		0.66667	1.0471
HAET	146	2.089	3000	1	0.5	0.88462	1.0471
MONAD	21	2.2381	3000			0.83333	1.0471
LILT	30	2.2	3000	0.5	1	0.7	1.0471
BRER	32	2.625	3000			0.57143	1.0471
DELO	84	2.1429	3000	0.90909	1	0.89286	1.0471
SNAG	25	2.08	3000	0.66667	0.5	0.75	1.0471
CAID	35	2.0286	3000	0.9	0.83333	0.89286	1.0471
CRAG	25	2.24	3000	0.8	1	0.84211	1.0471
SLAM	20	2.15	3000	1	1	0.82353	1.0471
TILDE	38	2	2800	0.93333	1	0.95238	0.97731
NOSER	50	2	2800	0.925	1	0.96774	0.97731
MORNE	34	2.1471	2800	0.96429	1	0.94872	0.97731
TITER	51	2	2800	0.96154	0.95833	0.97727	0.97731
TONAL	26	2.5385	2800	0.5		0.5	0.97731
EDILE	60	2.6833	2800			0.33333	0.97731
SPRAT	23	2	2800	1	1	0.8	0.97731
SPANE	25	2.12	2800	0.92308	0.77778	0.92308	0.97731
DARER	27	2	2800	0.85	0.91667	0.93333	0.97731
TREEN	47	2.0638	2800	0.95455	0.9375	0.96721	0.97731
FLITE	21	2.1905	2800	1	1	0.86667	0.97731
LUIT	26	2.1154	2800			0.5	0.97731
DEATH	42	2.2143	2800	0.77778	1	0.91304	0.97731
EAGER	29	2.3103	2800	0.81818	1	0.86667	0.97731
LEDE	67	2.1194	2800	0.8	0.75	0.84615	0.97731
DRIER	25	2	2800	0.875		0.8	0.97731
ELFS	30	2.4	2800			0.33333	0.97731
TAINT	53	2.1887	2800	0.90476	0.90909	0.95455	0.97731
PEISE	31	2.2581	2800	0.33333		0.33333	0.97731
CAROL	29	2.6207	2800	0.71429	1	0.77778	0.97731
VEALE	20	2.45	2800	1	1	0.86667	0.97731
ALUS	62	2.5323	2800	0.63636		0.61538	0.97731
CADET	32	2	2800	0.9375		0.92308	0.97731
THEIN	58	2.1724	2800			0.5	0.97731
SHARN	25	2.24	2800	0.81818	0.75	0.84615	0.97731
RIELS	53	2	2800	0.5		0.5	0.97731
WALIS	20	2.3	2800	0.5		0.5	0.97731
WALER	22	2	2800	0.9375	0.91667	0.92857	0.97731
SHOTE	35	2	2800	0.8125	1	0.95652	0.97731
GEAN	48	2.0833	2800	0.92308	0.75	0.90476	0.97731
SNAW	26	2.1923	2800	0.92308	1	0.90909	0.97731
PUER	39	2.5897	2800	0.5		0.42857	0.97731
LUSTRE	20	2.1	2600		1	0.9	0.9075
AMINO	21	2.0952	2600	0.875	1	0.91667	0.9075
RACON	32	2.375	2600	0.83333		0.83333	0.9075
LYTE	37	2.8108	2600		0.75	0.625	0.9075
THOU	28	2.4286	2600		1	0.8	0.9075
SCATH	34	2.8824	2600	1	1	0.97436	0.9075
RAGA	24	2.0417	2600	0.8	0.5	0.83333	0.9075
SALUT	24	3.7917	2600	0.91667	1	0.94118	0.9075
SENSI	22	2.1364	2600	0.75	0.5	0.66667	0.9075
TURR	20	2.25	2600	0.85714		0.77778	0.9075
ARENE	65	2.0615	2600		1	0.88889	0.9075
MATH	39	2.0256	2600	0.94737	1	0.94872	0.9075
ANGEL	26	2.5769	2600	1	1	0.83333	0.9075
ARFS	23	2.1739	2600	0.625	0.5	0.58333	0.9075
SELF	56	2.4107	2600	1	0.33333	0.84615	0.9075
BETA	50	2.06	2600	1	1	0.88889	0.9075
CONIA	25	2.04	2600		0.5	0.5	0.9075
ORANG	34	3.1471	2600		0.85714	0.81818	0.9075
SEEM	36	2.1389	2600	0.85714		0.93548	0.9075
FENI	66	2.2576	2600	0.77778	1	0.81818	0.9075
RATAL	24	2.125	2600	0.75	0.5	0.66667	0.9075
PEEN	29	2.2069	2600	0.9	0.85714	0.93548	0.9075
AMIDE	23	2.087	2600			0.9	0.9075
TAILOR	23	2.3043	2600	1	1	0.875	0.9075
ROHE	84	2	2400	0.5	0.5	0.625	0.8377
DERO	189	2.127	2400	0.95238	0.875	0.92857	0.8377
RACY	24	2.1667	2400	0.5		0.5	0.8377
HILA	50	2.08	2400	0.5		0.5	0.8377
SAMA	24	2.375	2400	0.75		0.625	0.8377
EERY	34	2.6176	2400	0.25		0.42857	0.8377
STYE	39	2.1026	2400	0.95	0.85714	0.89286	0.8377
FRAU	20	2.6	2400	0.33333	0.5	0.4	0.8377
SIDA	60	2.0167	2400	0.8	0.75	0.8125	0.8377
ILEA	141	2.3617	2400	0.5	0.5	0.5	0.8377
FARO	37	2.027	2400	0.75	1	0.78571	0.8377
SNED	71	2.0282	2400	0.83333	1	0.83333	0.8377
TYES	21	2	2400	0.875	0.66667	0.83333	0.8377
HAOS	30	2.1	2400			0.5	0.8377
CION	66	2.4242	2400	0.5		0.66667	0.8377
STYRE	25	2.24	2200	1	0.66667	0.75	0.76789
DUPE	20	2.9	2200	0.8	1	0.89474	0.76789
SIAL	105	2.1429	2200	1	1	0.84615	0.76789
GIRD	42	3.3571	2200	0.8		0.8	0.76789
ANNO	27	2.6296	2200	0.6		0.6	0.76789
STEARIN	30	2.7	2200	0.86364	0.8	0.9697	0.76789
REMINT	21	2.0952	2200	0.84615	0.88889	0.93333	0.76789
ETAGE	27	2.3333	2200	0.66667		0.66667	0.76789
RELOAN	20	2	2200	0.92857	1	0.95	0.76789
GILA	36	2.1667	2200			0.6	0.76789
BERM	22	2.8636	2200			0.5	0.76789
AREDE	66	2.0152	2200	0.91667	1	0.95	0.76789
DOTER	51	2	2200	0.97059	1	0.975	0.76789
HORSIE	20	2.4	2200	0.9		0.91667	0.76789
REUSE	25	2.16	2200	1	0.5	0.91667	0.76789
TEMED	21	2.381	2200	0.66667	0.5	0.66667	0.76789
DELTA	37	2.0541	2200	0.9	1	0.85714	0.76789
DEMIT	35	2.0286	2200	1	0.83333	0.92308	0.76789
NARY	48	2.8333	2200			0.33333	0.76789
RESIGN	22	2.1818	2200		0.8	0.85714	0.76789
FENT	57	2	2200	0.98276	1	0.98684	0.76789
TROAT	55	2.1455	2200	0.9	1	0.95	0.76789
MAIRE	38	2	2200	1	0.875	0.93333	0.76789
IOTAS	36	2.0556	2200		0.5	0.5	0.76789
ELIDE	50	2.32	2200			0.6	0.76789
PETAL	28	2.3214	2200	0.8		0.88889	0.76789
ONSET	71	2.0704	2200		0.5	0.5	0.76789
FOAL	21	2.1905	2200	0.91304		0.96	0.76789
CEDAR	39	2.359	2200	0.5	0.75	0.66667	0.76789
HERON	36	2.1111	2200	0.66667	1	0.92308	0.76789
RUDI	25	3.92	2200	1	0.6	0.75	0.76789
LOURE	25	2.16	2200	0.9	1	0.94737	0.76789
YEAS	59	2.3898	2200	0.5	1	0.92	0.76789
FORTE	39	2.2564	2200	0.92857	1	0.96721	0.76789
ORCA	71	2.0704	2200	0.85714	1	0.88889	0.76789
HEDER	44	3.1364	2200			0.5	0.76789
CLEM	21	2	2200	0.5		0.75	0.76789
FRAP	23	2.6522	2200	0.86667	0.85714	0.91667	0.76789
AGEE	34	2.9706	2200	0.33333		0.33333	0.76789
OGLE	47	2.9362	2200			0.33333	0.76789
LINTIE	29	2.6552	2200	1	1	0.92308	0.76789
TALC	54	2.3889	2200		0.5	0.5	0.76789
GYRE	24	2.75	2200			0.33333	0.76789
ALIGN	29	3.2759	2200		0.66667	0.8	0.76789
ALEC	70	2.2571	2200	0.75		0.75	0.76789
TREF	43	2.4419	2200	0.33333		0.33333	0.76789
GEIST	37	2.1622	2200	0.75	0.5	0.625	0.76789
BLARE	47	2.1915	2200	0.95455	1	0.96923	0.76789
ALANT	36	2.8333	2200	0.66667	0.5	0.6	0.76789
INTERN	22	2.6818	2200	0.92857	1	0.95	0.76789
STERNA	43	2.3256	2200	1	0.75	0.875	0.76789
NOSIES	21	2	2200	0.9		0.92857	0.76789
FIAT	54	2.2037	2200	1		0.77778	0.76789
THRONE	28	3.1429	2200		0.66667	0.66667	0.76789
TEEND	22	2.1364	2200		0.85714	0.92308	0.76789
SLEW	22	2.1818	2200	0.875	1	0.86667	0.76789
CANOE	45	2.9111	2200	1	1	0.97222	0.76789
TOPH	21	2.9048	2000		0.8	0.625	0.69808
KEET	22	2.8182	2000	0.57143	0.5	0.77273	0.69808
DIOL	44	2.0227	2000	0.7	1	0.75	0.69808
CRIA	66	2	2000	1		0.8125	0.69808
UTIS	72	2.5972	2000	0.5	0.5	0.54545	0.69808
NONET	36	2.2222	1800		1	0.94118	0.62827
SALP	30	2.2	1800		1	0.85714	0.62827
SMELT	25	2.48	1800	0.66667		0.66667	0.62827
SENSA	25	2.32	1800	0.875		0.875	0.62827
CRIER	22	2.1818	1800	0.90909		0.93333	0.62827
SYEN	36	2.1389	1800			0.66667	0.62827
CAPLE	20	3.05	1800	0.92308		0.92308	0.62827
OCTA	92	3.9674	1800	1	0.90909	0.88889	0.62827
MARON	30	2.1	1800	0.88889	1	0.94118	0.62827
OBAS	28	2.25	1800	0.5		0.5	0.62827
RADIO	29	2.7586	1800		1	0.8	0.62827
NORTH	41	2.5366	1800		0.66667	0.85714	0.62827
BORATE	22	2.1818	1800	1	0.9	0.94737	0.62827
LAGER	20	2.1	1800	1	1	0.95833	0.62827
MATIES	22	2	1800	0.66667	1	0.83333	0.62827
OLID	66	3.4848	1800	0.5		0.5	0.62827
HETH	43	2.6047	1800	0.66667		0.66667	0.62827
TRIOL	39	2.6154	1800	0.5		0.5	0.62827
SDAINE	24	2.125	1800	0.92857	1	0.94444	0.62827
PELTA	25	2.44	1800		1	0.875	0.62827
YEARN	21	2.1905	1800	1	1	0.95238	0.62827
YEAD	28	2.0357	1800	1		0.88889	0.62827
SECO	23	3.2609	1800	0.5		0.5	0.62827
ENDITE	27	2.2222	1800	1	0.66667	0.90909	0.62827
PEON	46	2.4348	1800			0.66667	0.62827
LOTO	32	2.125	1800	0.66667	1	0.85714	0.62827
ACTON	26	2.3077	1800	0.75	1	0.875	0.62827
STOB	26	2.1154	1800	0.875	0.5	0.86667	0.62827
ERECT	38	2.3158	1800		1	0.875	0.62827
SCRAT	24	2.125	1800	0.83333	1	0.875	0.62827
CORTIN	23	2.4348	1800	0.75		0.83333	0.62827
SONIC	30	2.3333	1800	1	1	0.83333	0.62827
IRID	59	2.7627	1800	0.5		0.6	0.62827
RESAW	23	2.1304	1800	0.75	1	0.88889	0.62827
TINIES	24	2.0833	1800	0.83333	1	0.91667	0.62827
SITTER	20	2	1800	0.9375	1	0.97368	0.62827
AROSE	31	2.3226	1800			0.5	0.62827
REGNA	27	2.1111	1800		0.66667	0.66667	0.62827
ASPIRE	21	2.4762	1800	0.86667	1	0.96154	0.62827
RETINE	47	2	1800	0.94118	1	0.98148	0.62827
REGINA	22	2.3636	1800	0.85714		0.85714	0.62827
STEALE	46	2.587	1800	0.96053	0.95833	0.99083	0.62827
DINERO	35	2	1800	1	1	0.92857	0.62827
VIAL	28	2.1429	1800	0.90909	1	0.93333	0.62827
MURA	35	2.6	1800	0.83333	1	0.92857	0.62827
LEMAN	33	2.1818	1800	1	0.5	0.83333	0.62827
INSIDE	21	2.381	1800	1	0.66667	0.90909	0.62827
RECITE	20	2.45	1800	0.8	0.92857	0.95455	0.62827
RECANT	28	2.25	1800	0.9697	0.95455	0.98039	0.62827
DENIM	23	2	1800	0.75		0.83333	0.62827
RESILE	27	2.1481	1800	1	0.9	0.97872	0.62827
REASON	43	2.6512	1800	0.5		0.5	0.62827
RATTER	22	2.1364	1800	0.95238	0.92308	0.9697	0.62827
MONTE	28	2.3571	1800	0.93333	1	0.96	0.62827
REOS	50	2.06	1800	0.5		0.5	0.62827
TERNAL	42	2.6667	1800	1	0.5	0.875	0.62827
SPEIR	26	2.1154	1800	0.85714		0.85714	0.62827
SIREN	67	2.1791	1800	1	0.83333	0.96667	0.62827
RATEL	70	2.0714	1800	1	0.90909	0.93333	0.62827
BIRL	33	3.8485	1800			0.6	0.62827
HONOR	22	2.8182	1800			0.75	0.62827
SAETER	28	2	1800	0.91667	0.5	0.9375	0.62827
INGATE	22	2	1800	0.9	1	0.92857	0.62827
VINA	41	2.6585	1800	1	0.66667	0.8	0.62827
TACO	60	2	1600	1		0.875	0.55846
GOTH	23	2.2174	1600	0.9	1	0.88889	0.55846
FONE	37	2	1600	0.93333		0.95	0.55846
FOIN	30	2.1667	1600	0.75	0.5	0.75	0.55846
LIEF	35	2.2286	1600	0.5	0.5	0.5	0.55846
HUER	34	2	1600	0.83333	1	0.9	0.55846
SUNI	36	2.1389	1600	0.9		0.85714	0.55846
KORA	28	3.3214	1600	0.5		0.6	0.55846
FARL	28	2.9286	1600	0.93103	0.57143	0.92727	0.55846
OARY	32	2.1562	1600	0.71429		0.71429	0.55846
EPIC	31	2.6452	1600	0.5		0.4	0.55846
ROWT	33	2.5758	1600		0.75	0.8	0.55846
CODA	27	2	1600	0.95	0.5	0.90909	0.55846
SNOG	22	2	1600	1	0.875	0.85714	0.55846
CELT	31	2	1600	0.8	1	0.9	0.55846
ONTO	42	2.5952	1600	0.5		0.58333	0.55846
CRAW	20	3.4	1600	0.83333	1	0.85714	0.55846
TYED	22	2	1600	1	1	0.75	0.55846
TYER	44	2.0909	1600	0.9	0.875	0.90909	0.55846
BURA	27	2.4444	1600	1	0.5	0.66667	0.55846
NOWT	24	2.2083	1600	0.6	1	0.71429	0.55846
NOEL	84	2	1600	0.66667	1	0.83333	0.55846
BAEL	32	2	1600	0.83333		0.8	0.55846
SPOD	28	2.3929	1600	0.81818		0.88235	0.55846
VENA	42	2.5238	1600		0.33333	0.33333	0.55846
ORDO	59	2.6949	1600	0.71429		0.71429	0.55846
ENEW	31	2.6452	1600		0.5	0.5	0.55846
YAGE	21	2.6667	1600	0.66667	0.5	0.6	0.55846
ADIOS	27	2.2593	1600		0.5	0.5	0.55846
SERON	68	2	1400		0.75	0.75	0.48866
PLAIT	26	2.4231	1400	1	1	0.94737	0.48866
RANID	53	2.1321	1400	0.75		0.9	0.48866
SAREE	52	2	1400	1	0.5	0.875	0.48866
INSET	75	2.0933	1400	0.94118		0.95652	0.48866
RAMIE	25	2.04	1400	0.83333		0.9	0.48866
BLAES	24	2	1400			0.75	0.48866
GEARE	39	2.1538	1400	0.96078	0.88889	0.98571	0.48866
BLITE	24	2.125	1400	0.5	1	0.75	0.48866
UNTIL	23	2.7826	1400	1	0.83333	0.9	0.48866
AGLET	30	2.6667	1400	0.625		0.9	0.48866
AERIE	119	2.8571	1400	1	0.5	0.8	0.48866
AEON	118	2.339	1400	0.66667		0.66667	0.48866
PINAS	21	2.3333	1400	0.875		0.875	0.48866
BIRLE	25	2.8	1400			0.66667	0.48866
SMITE	52	2.4808	1400	1	0.8	0.97872	0.48866
SNEAD	21	2	1400	0.5		0.5	0.48866
SNIPE	33	2.7273	1400	1	0.92857	0.96774	0.48866
SCONE	21	2	1400	0.91667	1	0.95455	0.48866
SCRAE	23	2	1400	0.5		0.5	0.48866
SCRAN	21	2.0952	1400	1		0.75	0.48866
CESSE	23	2.1739	1400	1	0.66667	0.90909	0.48866
CHELA	20	2.8	1400	0.75		0.875	0.48866
RATAN	40	2.2	1400	0.93333	1	0.94737	0.48866
SIREE	41	2	1400		1	0.94444	0.48866
SALET	65	2	1400	1	1	0.98	0.48866
AREAR	27	2	1400	1	0.5	0.75	0.48866
SAITH	37	2.4865	1400	1	1	0.875	0.48866
SAGO	25	2.2	1400			0.75	0.48866
SABRE	30	2.1333	1400	0.92308	1	0.94737	0.48866
SERINE	37	2.1081	1400		1	0.83333	0.48866
ROUST	30	2.4333	1400	0.93548	1	0.98214	0.48866
HOSTA	26	2.1923	1400	0.83333		0.83333	0.48866
GRIDE	20	2.2	1400	1		0.95	0.48866
ROTATE	38	2.1316	1400	0.90909	1	0.96	0.48866
SHEER	23	2	1400	0.93333	1	0.975	0.48866
TAROT	49	2	1400	1	1	0.92857	0.48866
ANOLE	40	2	1400	0.95833	1	0.96667	0.48866
ICON	78	3.0897	1400			0.83333	0.48866
BALER	25	2	1400	0.9375	1	0.95455	0.48866
RESOD	23	2	1400	0.5		0.5	0.48866
TENGE	23	2	1400	1		0.75	0.48866
TENIA	121	2.281	1400		0.8	0.8	0.48866
GLAM	24	2.9167	1400	0.90909		0.90909	0.48866
OREAD	46	2.1739	1400		1	0.75	0.48866
GLAIR	26	3.0769	1400			0.5	0.48866
SALUE	26	2.3077	1400			0.8	0.48866
INANES	22	2	1400			0.75	0.48866
HAINT	27	2	1400	1	1	0.9375	0.48866
VEIL	31	2.5161	1400	1	0.66667	0.92857	0.48866
HALIER	20	2.25	1400	0.5		0.5	0.48866
AROID	34	2.3824	1400	0.88889		0.88889	0.48866
PHARE	35	2	1400	0.9375	1	0.94444	0.48866
HEMIN	25	2.56	1400			0.5	0.48866
NOTER	83	2	1400	0.95918	1	0.99254	0.48866
SPAER	29	2	1400	1	0.875	0.95833	0.48866
STEDD	22	2.8182	1400		1	0.875	0.48866
MINGE	33	2.697	1400	0.89394	0.88889	0.9625	0.48866
DEARIE	23	2	1400	1	1	0.9375	0.48866
EYRE	32	2.1875	1400		0.83333	0.83333	0.48866
LIBER	24	2.625	1400		0.5	0.5	0.48866
LIARD	27	2.0741	1400	0.5		0.5	0.48866
SPEER	22	2.0909	1400	0.88462	1	0.9697	0.48866
DEICE	25	2.6	1400			0.8	0.48866
FEAST	20	2.3	1400	0.88235		0.95652	0.48866
MONAL	22	2.1818	1400	0.9		0.91667	0.48866
MORAT	39	2.0513	1400	0.97059		0.97222	0.48866
MOSH	22	2.5455	1400	0.85714	0.93333	0.96552	0.48866
LEEAR	22	2	1400	1	0.83333	0.92857	0.48866
DOSER	31	2	1400	0.95238	0.91667	0.98214	0.48866
DORIS	49	2.4286	1400			0.75	0.48866
DIENE	31	2	1400	1		0.83333	0.48866
DOING	22	2.5909	1400	1		0.9	0.48866
FEASE	20	2	1400	0.91667	1	0.95455	0.48866
DIPT	23	3	1400		0.5	0.5	0.48866
SWALE	21	2.1429	1400	0.92308	0.875	0.95455	0.48866
MEREL	24	2.1667	1400	1		0.875	0.48866
MARLE	20	2.2	1400	1	0.8	0.95455	0.48866
COCA	22	2.8182	1400		0.8	0.8	0.48866
LISP	32	2.5625	1400	0.66667		0.92857	0.48866
THESE	22	2.0909	1400	0.75		0.83333	0.48866
ERODE	59	2.322	1400	1	1	0.9375	0.48866
OPINE	29	2.7586	1400	1		0.83333	0.48866
LUNET	34	2.2647	1400		1	0.83333	0.48866
TROAD	38	2.6316	1400	0.66667	1	0.85714	0.48866
THOLE	33	3	1400		0.5	0.5	0.48866
CRENA	34	2.4412	1400	0.5		0.5	0.48866
STADE	34	2	1400	0.95455	1	0.975	0.48866
TINEA	120	2.2583	1400	1	1	0.92308	0.48866
SOREE	40	2	1400	0.83333		0.91667	0.48866
STRAE	66	2.0152	1400		0.5	0.5	0.48866
OCTAN	44	3.0227	1400		0.85714	0.88889	0.48866
MEASE	33	2.1212	1400	0.96667	1	0.97674	0.48866
MEATH	32	2.4688	1400		1	0.8	0.48866
MENU	29	2.2069	1400	0.66667		0.66667	0.48866
MISO	28	2.1429	1200	0.66667		0.75	0.41885
MIRO	43	2	1200	0.5		0.66667	0.41885
AIAS	69	2	1200		1	0.66667	0.41885
MAUL	22	2.5455	1200	0.93333	1	0.91667	0.41885
CLUE	20	2.15	1200		0.5	0.66667	0.41885
NENE	64	2.1719	1200	1	1	0.875	0.41885
GELT	33	2.1212	1200	1	0.75	0.93333	0.41885
ARPA	32	2.7188	1200	0.5		0.5	0.41885
GIRO	63	2.6667	1200		0.5	0.5	0.41885
GAID	20	2	1200	0.875	1	0.83333	0.41885
DEAW	31	2.0645	1200		0.75	0.66667	0.41885
ISOS	31	2.1935	1200	0.5	0.5	0.5	0.41885
AIVER	32	2.9375	800	0.5		0.5	0.27923
UDOS	30	2.2	800	0.5		0.5	0.27923
TYNE	44	2.3409	800	1		0.85714	0.27923
CROG	20	2.7	800	0.5		0.5	0.27923
ENTIA	40	2.5	800	0.5		0.5	0.27923
EGEST	30	2.8333	800	0.5		0.5	0.27923
COIR	37	2	800	0.83333		0.91667	0.27923
HELP	33	2.6061	800		1	0.83333	0.27923
TOEA	95	2	800	1	1	0.92857	0.27923
ERGO	78	2.9872	800	0.66667	1	0.85714	0.27923
TITRE	51	2	800	0.98	0.92857	0.98611	0.27923
ACAI	28	2	800	0.5	1	0.75	0.27923
TUNER	31	2	800	0.84615	1	0.97727	0.27923
YATE	67	2	800	0.75	1	0.95455	0.27923
ABRIN	20	2.15	800	0.75		0.75	0.27923
YERD	28	2.0357	800			0.5	0.27923
YITE	47	2	800	0.5	1	0.83333	0.27923
HEID	55	2.1091	800		0.75	0.875	0.27923
ULNA	61	3.3115	800		0.5	0.5	0.27923
CIEL	47	2.0426	800	0.5		0.5	0.27923
WEND	21	2.0952	800	0.95652	0.75	0.96296	0.27923
BIRO	25	2	800	0.5		0.5	0.27923
ARSON	48	2.25	800		0.5	0.5	0.27923
GISM	27	2.8889	800	0.75		0.75	0.27923
GIRL	24	2.2917	800		0.75	0.75	0.27923
TERAI	117	2	800	1		0.91667	0.27923
DEIL	78	2	800	1	0.83333	0.96154	0.27923
ANSA	102	2.5686	800	0.5		0.5	0.27923
GNAW	20	2.8	800	1		0.83333	0.27923
DEID	51	2.1569	800	1		0.75	0.27923
GETA	70	2.1	800			0.75	0.27923
DURO	48	2.5417	800	0.8	1	0.85714	0.27923
ANELE	40	2.1	800		0.5	0.5	0.27923
GEIT	80	2.0875	800			0.75	0.27923
EWTS	30	2	800	0.5	0.5	0.5	0.27923
DAUR	32	2.125	800	0.83333		0.83333	0.27923
DUAR	31	2	800		0.5	0.5	0.27923
ALLIS	22	2.5909	800			0.5	0.27923
DAUNT	20	2.7	800	0.8125	1	0.96774	0.27923
TREY	51	2.1765	800	0.5		0.75	0.27923
CADIE	20	2	800	1		0.875	0.27923
YORE	51	2	800	1	0.75	0.91667	0.27923
NAGA	30	2.4	800			0.875	0.27923
RAIA	69	2	800	0.5	1	0.83333	0.27923
LYSE	37	2.5405	800		1	0.75	0.27923
SONCE	21	2	800		0.5	0.75	0.27923
ICHS	29	2.2759	800	0.75		0.66667	0.27923
STREP	26	2.0385	800	1	0.75	0.875	0.27923
ORNIS	22	2.3636	800		0.5	0.5	0.27923
LEPT	46	2.8478	800	0.5		0.75	0.27923
LENO	98	2.0816	800	1		0.9	0.27923
SOCA	42	2.2143	800	0.83333	0.5	0.83333	0.27923
LAUD	28	3	800	0.8	1	0.88889	0.27923
SPUE	38	2.9211	800			0.85714	0.27923
ONTIC	20	2.4	800		0.5	0.5	0.27923
NEEP	31	2	800	0.75		0.83333	0.27923
PATU	21	2.1905	800	0.5		0.5	0.27923
PROA	43	2.1163	800	0.5		0.5	0.27923
SYNE	49	2.5306	800			0.85714	0.27923
PREEN	20	2.1	800	1	1	0.9	0.27923
KNOT	24	2.875	800			0.8	0.27923
SADO	27	2.037	800			0.5	0.27923
POISE	36	2.9167	800	1	0.85714	0.975	0.27923
SLUT	24	2.0833	800	1		0.9	0.27923
OPAS	21	2.0952	800	0.5		0.5	0.27923
TAEL	144	2	800	0.875	1	0.94444	0.27923
OCAS	47	2.2766	800	0.4	0.4	0.42857	0.27923
SINH	24	2	800			0.75	0.27923
REIF	64	2.4688	800			0.5	0.27923
LINO	92	2.087	800	1	1	0.9	0.27923
SPET	48	2.0208	800	0.9	1	0.96667	0.27923
HOLT	34	2.0294	800	1	1	0.95833	0.27923
LOMA	39	2.1538	800	0.91667	0.83333	0.95455	0.27923
TETH	56	2.2679	400	0.93333	1	0.90476	0.13962
URSA	75	2.44	400	0.5		0.75	0.13962
TANH	59	2.0169	400	0.5		0.5	0.13962
ARAR	34	2.0588	400	1		0.75	0.13962
NONG	21	2	400	0.5	1	0.83333	0.13962
RATU	69	2.2754	400	0.85714	1	0.90909	0.13962
AULD	22	3	400			0.5	0.13962
LEAF	31	2.2258	400		1	0.92857	0.13962
SCAD	24	2	400	0.875	0.75	0.9	0.13962
GORM	22	2.3182	400			0.66667	0.13962
MICA	35	3.2286	400		0.75	0.9	0.13962
NIDI	23	2.2609	400			0.75	0.13962
KALE	20	2.15	400	1	0.5	0.83333	0.13962
BIAS	47	2.7447	0		1	1	0
UNITER	22	2.1364	0	1	1	1	0
SLEET	32	2.0938	0	1	1	1	0
REATA	57	2	0				0
PYRO	20	2.95	0				0
SLART	41	2.0732	0			1	0
RADON	32	2	0	1		1	0
UNSET	30	2.1	0	1		1	0
AVID	20	2.5	0			1	0
PRAO	30	2	0			1	0
URALI	36	3.4167	0			1	0
POTIN	21	2.1905	0	1		1	0
CADRE	34	2	0		1	1	0
POTAE	25	2	0				0
RECOAT	22	2.0909	0		1	1	0
CANEH	22	2	0				0
AUTO	69	2.8261	0		1	1	0
SLOE	59	2	0	1		1	0
PISO	21	2.2857	0	1	1	1	0
CARNET	21	2	0	1	1	1	0
REARM	30	2.4	0	1	1	1	0
RAYA	20	2.4	0				0
URASE	21	2	0	1		1	0
BREDE	21	2.1429	0	1	1	1	0
BETH	20	2.25	0	0.75		1	0
RATITE	23	2	0				0
UTILE	39	2.7949	0				0
RATEEN	20	2	0			1	0
SITAR	50	2.02	0	1	1	1	0
RASTER	28	2.0357	0	0.96667	1	1	0
RATLIN	30	3.0333	0		1	1	0
BIRSE	22	2.1818	0			1	0
BITO	37	2.3243	0	1	1	1	0
RANEE	37	2	0			1	0
RAMET	39	2	0	1	1	1	0
RAMEE	25	2	0				0
URITE	54	2.3519	0	1		1	0
URIAL	21	2.7143	0				0
BLOAT	22	2.8636	0	1		1	0
BOART	20	2	0			1	0
BOET	32	2	0	1	1	1	0
BEMA	24	2.2083	0	1		1	0
RAIRD	21	2.1905	0				0
BETON	21	2.2381	0				0
REALO	46	2	0	1		1	0
BARDE	23	2.1304	0	0.92308	0.8	1	0
RAGEE	25	2.24	0				0
RAITA	37	2	0				0
HELOT	31	2.2258	0		1	1	0
SLOTH	21	2.0952	0	0.66667		1	0
SLUE	47	2.2128	0				0
TRIST	65	2.2923	0		1	1	0
ONCER	24	2.4583	0			1	0
SONERI	20	2	0				0
CORNEA	21	2.5714	0	1	1	1	0
ORAD	30	2.7667	0				0
SONAR	27	2	0	1	1	1	0
TRONA	54	2.037	0	1	1	1	0
ORANT	67	2.2687	0		1	1	0
COHO	27	3.7778	0				0
SOLID	34	2.6765	0	1		1	0
ORCIN	30	2.9	0				0
ORDEAL	23	2	0	1	1	1	0
COATER	22	2	0	0.9375	1	1	0
SOLEI	33	2	0				0
ORFE	29	2.0345	0				0
COTAN	23	2	0	1	1	1	0
OMENTA	23	2.4783	0	1		1	0
CRARE	22	2	0	1	1	1	0
CRORE	21	2	0	1		1	0
DAHL	20	2.25	0			1	0
OCHRE	31	2.8065	0				0
TRIENE	21	2	0				0
ODEA	21	2.3333	0				0
ODIC	43	2.9767	0				0
ODOR	39	2.5385	0	1		1	0
OGEE	30	2.7333	0				0
OLPE	21	2.1429	0				0
OLEA	79	2.8354	0				0
OLEATE	22	2.0909	0				0
CRETIN	25	2.56	0	1		1	0
OLEIN	48	2.5417	0		1	1	0
CREDO	29	2	0	1		1	0
OLIO	49	2.6327	0				0
ORIENT	36	2.9167	0				0
ORLE	93	2.2473	0			1	0
ORNATE	24	2.1667	0			1	0
CARTA	24	2.0417	0	1		1	0
PERAI	30	2	0				0
TWIRE	20	2.25	0	1	1	1	0
PETRE	31	2.4516	0		1	1	0
PIETA	24	2	0			1	0
PILEA	23	2.2609	0		1	1	0
PILER	20	2	0	0.94444	1	1	0
CARON	32	2.0938	0	1		1	0
TWIER	21	2	0	1	1	1	0
AUNE	75	2.4267	0				0
TYRO	20	2.3	0				0
UDON	30	2	0				0
CAROM	20	2.4	0				0
PINTA	23	2.3913	0	1	1	1	0
ULNAR	22	2.0909	0				0
CEDER	21	2	0	1	1	1	0
SNIRT	69	2.4058	0		1	1	0
TSADE	24	2	0				0
PACO	22	2	0	1		1	0
OSSA	23	2.3478	0				0
TUAN	37	2	0	1		1	0
OTTAR	30	2.3333	0				0
OUMA	22	2.6818	0				0
TUNA	52	2	0	0.85714	1	1	0
CHARET	26	2.1538	0	1	1	1	0
CHAO	31	2.0968	0			1	0
TWAL	25	2.24	0	1	1	1	0
PAREO	21	2	0				0
TURD	21	2.381	0	1		1	0
CERO	100	2.59	0	1	1	1	0
CERNE	32	2.5312	0	1		1	0
PEDI	42	2.0952	0			1	0
TWAE	29	2.069	0				0
RECON	30	2.4333	0	1		1	0
ATOK	21	2.381	0			1	0
VELA	27	2.6296	0				0
REDAN	51	2	0	1	1	1	0
WIEL	33	2.4545	0			1	0
SERAIL	23	2	0				0
AISLE	62	2.1774	0	1		1	0
AIRTH	31	2.1613	0		1	1	0
SERAC	46	2.0217	0		1	1	0
AIDA	49	2.4082	0			1	0
SARAN	28	2.0714	0	1		1	0
AHED	70	2.1714	0				0
AGUE	27	3.1481	0				0
AGRO	26	2.0385	0			1	0
AGREE	26	2.4231	0			1	0
SARGE	27	2	0	1	1	1	0
SARNIE	25	2	0	1		1	0
SAROD	46	2.3696	0				0
SASIN	35	2	0				0
SALTO	25	2.12	0	1	1	1	0
ALAP	24	2.2083	0				0
SEREIN	21	2	0			1	0
ALIF	33	2.4545	0	1		1	0
ALMA	31	3.5161	0				0
SETON	54	2	0		1	1	0
SERK	22	2.0909	0			1	0
ALINER	33	2	0	1	0.9	1	0
SALON	22	2	0	1		1	0
WERO	43	2	0	1		1	0
WETA	49	2	0				0
ALBA	23	2.1304	0			1	0
ALEF	34	2.0882	0				0
SERIATE	21	2.0952	0				0
SERIAL	27	2.1852	0				0
WHET	28	2.2857	0			1	0
ALCO	32	2.2812	0			1	0
SERGE	27	2.4074	0	1	1	1	0
AGAR	28	2.3929	0			1	0
AFRO	34	2.8824	0	1		1	0
WOAD	20	2.05	0	0.83333		1	0
YELT	27	2	0			1	0
SECANT	20	2	0	1	1	1	0
SELAH	23	2	0		1	1	0
SEITAN	24	2	0				0
SEISE	65	2.1538	0	1		1	0
SEDAN	28	2	0	1		1	0
SEINER	22	2	0				0
SEDATE	37	2.5676	0			1	0
SEMIE	21	2	0			1	0
YENTA	20	2	0				0
SEDER	37	2.027	0		1	1	0
ABET	55	2.2909	0	0.83333		1	0
YETI	41	2.0732	0				0
SEGO	33	2.1515	0				0
SEGAR	29	2	0			1	0
SDEIN	45	2.1333	0				0
ACETA	27	2.5926	0				0
AEROS	28	2.4286	0	1		1	0
ACUTE	24	2.625	0	1		1	0
AERO	232	2.3448	0	1		1	0
AERIES	44	2.0227	0	1		1	0
SENORA	26	2	0				0
AERATE	39	2.2051	0	1	1	1	0
ADIT	95	2.1474	0			1	0
SENNA	25	2	0			1	0
WREN	39	2.1282	0	1	1	1	0
ACME	31	2	0	1		1	0
WREST	21	2.5714	0	1	1	1	0
SENIOR	20	2	0		1	1	0
ACROS	24	2.2083	0				0
SENHOR	24	2.6667	0				0
SCENA	24	2.125	0				0
ACORN	27	2.1481	0			1	0
ALOD	51	2.098	0		1	1	0
ALOIN	27	2	0				0
WEIL	29	2	0	1	1	1	0
AROINT	26	2.0769	0				0
SIEGE	26	2.6923	0				0
ARSINE	21	2	0	1		1	0
ARSIER	20	2.2	0				0
SIDH	48	2.0625	0				0
RENAME	25	2.76	0	1		1	0
RENAY	26	2.0385	0				0
RENGA	27	2	0				0
SIENT	50	2.02	0				0
RENIG	37	2	0				0
REOIL	37	2.1081	0		1	1	0
ARISH	65	2.9538	0				0
RESHOE	21	2.0952	0	1		1	0
ARIEL	52	2	0				0
ARGOT	21	2.2857	0				0
ARTIC	33	2.3939	0	1		1	0
ARTSIE	47	2.383	0				0
RETEAR	22	2	0		1	1	0
SILENT	27	2.037	0		1	1	0
REDIP	29	2.2069	0				0
REEF	29	2.0345	0	1	1	1	0
ATTIRE	26	2.3462	0	1		1	0
ATTAR	21	2	0	1		1	0
ATONER	25	2	0	0.95833	1	1	0
VERST	23	3.1304	0				0
ASTONE	41	2.1951	0	1	1	1	0
ARUM	32	3	0	1		1	0
ASTERT	21	2.0476	0	1	0.66667	1	0
REGAR	20	2.5	0	0.66667		1	0
SILANE	28	2	0	1	1	1	0
ASCON	20	2.25	0	1		1	0
ASCI	25	2.88	0				0
REIK	26	2.3462	0	1		1	0
RETAG	38	2	0	1	1	1	0
RETEM	22	2	0				0
WEID	21	2	0				0
ROSIES	21	2.2857	0	1		1	0
ANGST	20	2.15	0	1		1	0
ROMAL	20	2.3	0	1		1	0
RONEO	31	2.0323	0				0
ANEAR	52	2.1731	0		1	1	0
ANDRO	27	2.4074	0				0
AMORET	21	2.0952	0				0
ROTAN	51	2	0	1	1	1	0
ROESTI	23	2	0				0
ROTL	73	2.0822	0			1	0
RUSA	25	2.12	0				0
AMIA	35	2.6286	0				0
RYOT	33	2.0303	0				0
ALURE	29	2	0	1	1	1	0
ALTAR	28	2	0	1		1	0
ANIME	26	2	0	1	1	1	0
RISP	36	2.5833	0				0
RETRO	71	2.2817	0			1	0
AREAD	37	2.0541	0		1	1	0
ARENA	59	2	0				0
RHEA	81	2.1852	0				0
RHINO	26	2.1154	0		1	1	0
RHONE	37	2	0		1	1	0
RIATA	28	2.1429	0				0
RIEM	66	2.0909	0		1	1	0
SHERO	24	2.1667	0				0
ANODE	30	2	0	1	1	1	0
ARBA	38	2.6053	0	1		1	0
APOD	23	2.3478	0				0
ANUS	30	2.1667	0	1		1	0
ANTHER	20	2.35	0			1	0
SHERIA	22	2.1364	0		1	1	0
SHERD	25	2	0			1	0
DARB	24	2.1667	0			1	0
TREK	26	2	0	1	1	1	0
OBIT	38	2.8421	0				0
FIRN	21	2	0	1	1	1	0
KINA	25	2.84	0				0
KINO	21	2.1905	0			1	0
THIO	46	2.6957	0				0
KNIT	27	2.4444	0				0
FLOE	25	2	0	1		1	0
TAAL	26	2	0	1		1	0
FINO	24	2	0	1		1	0
KETO	20	2.8	0				0
THRID	25	2.04	0	1		1	0
FIERE	20	2	0			1	0
THROE	42	2	0				0
KORE	37	2.2162	0	0.9	1	1	0
KRAI	21	2.3333	0			1	0
FIAR	41	2	0		1	1	0
TABU	26	3	0				0
THETA	28	2	0				0
LADLE	30	2.5333	0			1	0
FROE	42	2	0	1		1	0
TETRI	36	2	0		1	1	0
IODIN	25	2.8	0				0
IONISE	44	3.3864	0	1		1	0
TALAR	26	2.0385	0				0
THANA	21	2.7143	0				0
ISLES	54	2.4074	0				0
TAIRA	38	2.0789	0				0
KETA	32	2.0938	0		1	1	0
THECA	24	2.3333	0				0
ISLET	49	2.102	0			1	0
ISSUE	20	3	0	1		1	0
THEIR	40	2	0	1	1	1	0
FREIT	26	2.1923	0			1	0
TAHA	33	2	0				0
FETOR	23	2	0				0
LAREE	43	2.093	0			1	0
TINSEL	20	2.3	0			1	0
LILO	20	2.05	0				0
TIMON	26	2.0769	0				0
ETAMIN	26	2.5769	0		1	1	0
LIEU	43	2	0				0
ESTRIN	50	2.34	0				0
ESTOP	21	2.0476	0				0
ESCAR	37	2.2973	0	1		1	0
LIONET	21	2	0		1	1	0
ETICS	27	2.4815	0				0
EROTIC	31	3.0323	0				0
LIPA	31	2.7097	0				0
STORM	27	2.5185	0	0.86667		1	0
LIPO	28	2.3214	0				0
STOOR	21	2	0	1	1	1	0
LOCIE	24	2	0			1	0
ETHAL	29	2.3448	0				0
STRENE	21	2	0				0
SURAT	21	2	0			1	0
LERP	40	2	0	1		1	0
FERIA	40	2.5	0			1	0
LATU	38	2.1842	0				0
FEIS	47	2.3191	0	1	1	1	0
FEINT	27	2.2593	0				0
LENITE	29	2.1379	0				0
SUBA	23	2.7826	0				0
LEUD	27	2.1481	0			1	0
ETOILE	22	2.0455	0	1	1	1	0
LIANA	21	2	0				0
FALSE	35	2.6	0	1	1	1	0
LIANE	75	2	0		1	1	0
LIBRA	22	2.7727	0				0
LIDO	55	2.0727	0	1	1	1	0
EURO	72	2.75	0			1	0
IODATE	21	2.1905	0				0
GAOL	31	2.871	0				0
GATOR	24	3.4167	0	1		1	0
GREIN	27	2.0741	0				0
GULA	30	3.9	0				0
HOMA	27	2.0741	0	1		1	0
TEIND	63	2.0317	0		1	1	0
HORME	25	2.08	0				0
TARSI	34	2.0882	0				0
TELAE	62	2	0		1	1	0
HOTEL	22	2.0909	0	1		1	0
TEGU	20	2.9	0				0
HYEN	27	2.7407	0		1	1	0
HYLA	21	2.3333	0				0
HYLE	20	2.5	0				0
GNAT	85	2.5294	0				0
GNAR	89	2.618	0			1	0
TEMSE	26	2.1538	0	1		1	0
TEHR	82	2	0				0
HAAR	26	2	0	1		1	0
INURE	48	2.25	0				0
TATIE	57	2	0	1		1	0
HERB	39	2.5385	0	1	1	1	0
HEDERA	22	2.1364	0				0
HERL	52	2.0769	0	1		1	0
HERNIA	29	2.8276	0		1	1	0
HEROIN	23	2.4783	0				0
HESP	25	2.12	0				0
HALON	22	2.1364	0		1	1	0
TATAR	24	2.0833	0	1		1	0
HALM	27	2.6296	0			1	0
HALITE	22	2	0				0
HINTER	25	2	0	1	1	1	0
HIOI	25	2	0				0
HALID	30	2.7	0			1	0
HIREE	30	2	0	1	1	1	0
TENAIL	26	2.0385	0	1	1	1	0
IDANT	33	2.2424	0			1	0
GLIA	43	2.0698	0				0
GENIE	27	2.037	0	1	1	1	0
TERF	39	2.1282	0				0
INERTIA	22	2.3182	0				0
GHAT	30	2	0				0
INFO	25	2.4	0			1	0
INHALE	20	3.05	0				0
GERNE	22	2.1364	0	1		1	0
INIA	29	2.9655	0				0
GLENT	25	2	0	1		1	0
INLET	44	2.0455	0	1		1	0
TERTIA	48	3.0625	0				0
TESLA	42	2	0		1	1	0
INSTAR	24	2	0				0
TESTA	42	2.0714	0			1	0
INSURE	26	2.3462	0				0
GILET	22	2	0			1	0
INDOL	26	2.6923	0		1	1	0
TEPA	84	2.4405	0	1		1	0
TENURE	20	2.25	0				0
INDITE	20	3.25	0	1		1	0
TENTER	23	2	0	0.95455	1	1	0
INDIE	33	2.5758	0				0
INCASE	23	2.2174	0				0
TANTO	31	2	0	1		1	0
TAPA	26	2.1154	0	1		1	0
IGNITE	21	2.7619	0			1	0
IDOL	80	2.5625	0	1		1	0
IDEE	78	2.0256	0		1	1	0
IDEATE	36	2.1111	0				0
IDEAL	55	2.4727	0		1	1	0
GLEI	46	2	0	1	1	1	0
GLEN	45	3	0	1		1	0
EOSIN	68	2.4706	0			1	0
EORL	53	2.0943	0				0
TRIAC	34	2.6471	0		1	1	0
DIDO	20	2.2	0				0
DIOTA	29	2	0				0
DINAR	42	2.2381	0	1	1	1	0
NEMN	20	2	0	1		1	0
DIETER	21	2	0	1	1	1	0
NEON	76	2.1053	0		1	1	0
DIEB	22	2	0				0
DICER	21	2	0	1	1	1	0
DIRL	43	2.0698	0				0
DIALER	20	2	0	1	1	1	0
DHAL	25	2	0				0
DETAIL	20	2.35	0	1		1	0
DESIRE	30	2.4333	0	1	1	1	0
DESINE	21	2.1429	0	1	1	1	0
DESERT	29	2.1724	0				0
NEEM	41	2.122	0	1		1	0
TORTIE	24	2	0	1		1	0
DERRO	22	2	0		1	1	0
NARCO	21	2.619	0				0
DRAM	43	2.3023	0	1		1	0
DRAIL	30	2.3333	0		1	1	0
NAIF	30	2.4	0				0
NALA	53	2	0	1		1	0
NANA	35	2	0			1	0
NANO	53	2.1509	0	1		1	0
DOREE	28	2	0	1	1	1	0
DITAL	32	2	0	1		1	0
NASAL	21	2.0476	0				0
DONEE	21	2	0	1		1	0
NECTAR	21	2.3333	0				0
DOATER	24	2	0	1	1	1	0
DITONE	29	2	0			1	0
TORTA	40	2	0	0.96154	1	1	0
DERTH	39	2	0	1		1	0
NEPER	21	2	0				0
ENURE	50	3.26	0		1	1	0
NOLO	38	2.1579	0	1	1	1	0
DEBAR	23	2.2609	0	1		1	0
NIRL	67	2.3731	0				0
NITON	29	2	0				0
NOINT	43	3.0465	0			1	0
NOIR	77	2.026	0	1	1	1	0
HELIO	21	2.1429	0				0
TREMA	30	2.0667	0				0
DEEP	27	2.037	0	1	1	1	0
DEAIR	61	2.0328	0		1	1	0
NONA	60	2.2833	0			1	0
NORIA	50	2.02	0				0
DATO	80	2.1	0	1	1	1	0
NOTICE	24	2.5	0		1	1	0
NURL	28	2.25	0	1		1	0
NIPA	44	2.0455	0				0
NIFE	38	2.2632	0	1	1	1	0
NERAL	70	2.3	0			1	0
DENIER	25	2	0	1	1	1	0
DERMA	39	2.4359	0			1	0
DERIG	26	2	0	1		1	0
DERAIL	20	2.3	0	1	1	1	0
TRADIE	24	2	0	1		1	0
DENOTE	26	2.1923	0			1	0
NERITE	43	2	0				0
NESTLE	32	2.625	0	1		1	0
NIEF	26	2	0				0
NESTOR	31	2	0	1		1	0
NEWT	33	2.2121	0	1	1	1	0
DELF	23	2.7391	0				0
NIDATE	29	2.069	0	1		1	0
SPIEL	24	2.5	0	1	1	1	0
DEIF	23	3.0435	0				0
TORAH	30	2	0				0
NADA	37	2.0811	0				0
DREG	31	2	0				0
TOHO	31	2	0			1	0
ELSIN	29	2	0				0
LUNATE	24	2.25	0		1	1	0
LYNE	20	2	0				0
ELITE	73	2.3288	0				0
ELINT	43	2	0		1	1	0
LYRE	22	2	0		1	1	0
ELANET	31	2	0				0
LOWT	22	2.0909	0		1	1	0
TOILER	24	2	0	1	1	1	0
EISH	109	2.4037	0				0
TOING	22	2.0909	0				0
EINA	20	2	0				0
EILD	50	2.12	0				0
EIDER	52	2.0769	0				0
ELUTE	24	2.0833	0		1	1	0
EMIR	64	2.2344	0			1	0
NACRE	52	2.4615	0				0
ENOW	32	2.5	0				0
ENTIRE	29	2	0	1	1	1	0
LOCO	22	2.4091	0	1	1	1	0
ENTERA	26	2.0385	0	1		1	0
TIRADE	25	2	0	1	1	1	0
ENTAME	21	2.1429	0				0
ENROL	37	2.6757	0				0
LODEN	22	2	0				0
LOREL	20	2	0			1	0
ENLIST	23	2.4783	0	1		1	0
LOITER	22	2.2273	0	1		1	0
TISANE	23	2	0				0
LOOIE	22	2.2273	0				0
LORAN	25	2	0	1		1	0
ENARM	26	2.1538	0			1	0
EIDE	128	2.7656	0				0
EGRET	31	2.3226	0	1		1	0
TOLANE	28	2	0	1	1	1	0
DUAN	23	2	0		1	1	0
DYER	23	2	0	0.875	1	1	0
MERDE	20	2	0				0
TONITE	27	2	0	1		1	0
MERIL	20	2	0			1	0
METIC	22	3.4545	0				0
METRO	33	2	0		1	1	0
DROLE	41	2.6341	0	1		1	0
TOLAR	27	2	0	1		1	0
DROIT	41	2.4634	0		1	1	0
MIEN	64	2	0	1		1	0
DRICE	20	2	0	1		1	0
DREY	26	2	0			1	0
MINOR	24	2.125	0	1		1	0
MOIRE	32	2.1562	0				0
STEIL	36	2	0	0.83333	1	1	0
EAGRE	23	2.5652	0			1	0
MEDAL	26	2.4615	0	1	1	1	0
EASY	22	2.1818	0				0
EAUS	24	2.0833	0				0
ECAD	26	3.1154	0				0
STEREO	25	2.08	0			1	0
MASER	23	2	0	0.75	1	1	0
ECHT	27	2.5556	0				0
ECLAT	21	2	0			1	0
STEROID	20	2.6	0				0
EDITOR	23	2.2609	0		1	1	0
STICH	26	2.6923	0	1		1	0
EGERS	23	2.3913	0				0
MANIA	25	2.56	0		1	1	0
EGIS	22	2.5	0				0
MAAR	27	2.4074	0				0
HERSE	46	2.1957	0	1	0.85714	1	0
