word	len	trials	finds	vowelInitial	removedByFlux	commonEnglish	comparable	compP10	compMedian	pZeroAtP10	pZeroAtMedian	compP10SameInitial	compMedianSameInitial	pZeroAtP10SameInitial	pZeroAtMedianSameInitial	qAtMedian	qAtMedianSameInitial	qAtP10SameInitial
AARTI	5	324	0	True	False	False	1230	0.008918	0.1333	0.05489	7.285e-21	0.003671	0.02667	0.3037	0.0001573	7.444e-20	0.0002561	0.4083
AARTIS	6	146	0	True	False	False	1319	0.009615	0.1154	0.244	1.683e-08	0.007042	0.02753	0.3564	0.01699	3.632e-08	0.02313	0.4083
ABEAR	5	162	0	True	False	True	1543	0.01	0.1084	0.1963	8.412e-09	0.005988	0.02084	0.3779	0.033	1.978e-08	0.0381	0.4083
ABO	3	818	0	True	True	False	283	0.01917	0.2301	1.329e-07	1.312e-93	0.004403	0.01985	0.02706	7.532e-08	1.944e-91	1.85e-07	0.3744
ABOS	4	320	0	True	True	False	985	0.01429	0.1739	0.01001	2.807e-27	0.003067	0.01553	0.3741	0.006686	4.456e-26	0.009618	0.4083
ABSIT	5	140	0	True	False	True	1629	0.009804	0.1037	0.2517	2.22e-07	0.006757	0.01923	0.3871	0.06597	3.737e-07	0.06949	0.4083
ACARI	5	178	0	True	False	True	1525	0.00956	0.1089	0.1809	1.219e-09	0.005423	0.02	0.3799	0.02743	3.215e-09	0.03295	0.4083
ACERB	5	110	0	True	False	True	1618	0.0119	0.09658	0.2678	1.405e-05	0.008197	0.02113	0.4044	0.09548	1.494e-05	0.09679	0.409
ACINAR	6	126	0	True	False	True	1491	0.01087	0.1111	0.2523	3.587e-07	0.008533	0.02941	0.3397	0.02325	5.726e-07	0.02932	0.4083
ACINI	5	170	0	True	False	False	1541	0.009615	0.1066	0.1935	4.801e-09	0.005802	0.0202	0.3719	0.03113	1.176e-08	0.03651	0.4083
ADEEM	5	152	0	True	False	True	1540	0.009259	0.1091	0.2432	2.37e-08	0.00615	0.01936	0.3915	0.05126	5.016e-08	0.05783	0.4083
ADIEU	5	156	0	True	False	True	1564	0.01053	0.1091	0.1919	1.493e-08	0.006105	0.02143	0.3847	0.03405	3.253e-08	0.03916	0.4083
ADMEN	5	178	0	True	False	False	1525	0.00956	0.1089	0.1809	1.219e-09	0.005423	0.02	0.3799	0.02743	3.215e-09	0.03295	0.4083
ADMIT	5	120	0	True	False	True	1630	0.01109	0.1023	0.2624	2.384e-06	0.008197	0.0229	0.3724	0.06203	3.135e-06	0.06572	0.4083
ADNATE	6	122	0	True	False	True	1541	0.01111	0.1111	0.2559	5.746e-07	0.008533	0.02941	0.3515	0.0262	8.615e-07	0.03169	0.4083
ADUST	5	118	0	True	False	True	1560	0.01111	0.103	0.2675	2.704e-06	0.008197	0.02273	0.3786	0.06635	3.352e-06	0.06981	0.4083
AECIA	5	170	0	True	False	False	1541	0.009615	0.1066	0.1935	4.801e-09	0.005802	0.0202	0.3719	0.03113	1.176e-08	0.03651	0.4083
AEDINE	6	238	0	True	False	False	888	0.007576	0.1236	0.1637	2.331e-14	0.004621	0.03125	0.3321	0.0005229	1.347e-13	0.000836	0.4083
AEGIS	5	234	0	True	False	True	1464	0.01	0.1132	0.0952	6.263e-13	0.004545	0.01811	0.3444	0.01389	2.784e-12	0.01927	0.4083
AERY	4	658	0	True	False	True	808	0.01531	0.1736	3.897e-05	3.339e-55	0.002553	0.02364	0.186	1.46e-07	2.12e-53	3.346e-07	0.4083
AESIR	5	1230	0	True	False	False	267	0.01792	0.275	2.202e-10	1.643e-172	0.005967	0.08421	0.0006353	1.02e-47	4.87e-170	7.557e-46	0.03765
AETATIS	7	100	0	True	False	False	653	0.01256	0.1098	0.2824	8.931e-06	0.009804	0.02817	0.3734	0.05739	9.718e-06	0.06367	0.4083
AFAR	4	120	0	True	False	True	747	0.01754	0.1279	0.1196	7.371e-08	0.007564	0.02326	0.402	0.05939	1.377e-07	0.06466	0.4089
AFIRE	5	192	0	True	False	True	1484	0.009461	0.1094	0.1612	2.197e-10	0.005208	0.02	0.3669	0.02067	7.001e-10	0.02707	0.4083
AFRIT	5	130	0	True	False	False	1587	0.01	0.1034	0.2708	6.836e-07	0.007236	0.02143	0.389	0.05981	1.011e-06	0.06466	0.4083
AGILA	5	100	0	True	False	False	1656	0.0125	0.1	0.2843	2.656e-05	0.008929	0.01942	0.4078	0.1407	2.705e-05	0.1409	0.4092
AGIOS	5	120	0	True	False	False	1630	0.01109	0.1023	0.2624	2.384e-06	0.008197	0.0229	0.3724	0.06203	3.135e-06	0.06572	0.4083
AGLU	4	118	0	True	False	False	714	0.01754	0.1272	0.1239	1.064e-07	0.008106	0.02372	0.3827	0.05882	1.884e-07	0.06456	0.4083
AGRIA	5	142	0	True	False	True	1602	0.009615	0.1058	0.2536	1.276e-07	0.006329	0.01923	0.4059	0.06346	2.211e-07	0.06692	0.4092
AHEAD	5	144	0	True	False	True	1567	0.009615	0.1058	0.2487	1.02e-07	0.006329	0.01936	0.4008	0.05993	1.814e-07	0.06466	0.4083
AHENT	5	352	0	True	False	False	1164	0.009479	0.1402	0.035	8.091e-24	0.003531	0.02697	0.2879	6.614e-05	1.013e-22	0.0001087	0.4083
AHIND	5	182	0	True	False	True	1539	0.009506	0.1085	0.1758	8.374e-10	0.005394	0.0201	0.3737	0.02483	2.298e-09	0.0307	0.4083
AHINT	5	338	0	True	False	True	1196	0.009317	0.1351	0.04226	4.959e-22	0.00365	0.02667	0.2906	0.0001078	5.248e-21	0.0001761	0.4083
AHOY	4	112	0	True	False	True	670	0.01718	0.1272	0.1435	2.407e-07	0.007803	0.02326	0.4159	0.07169	3.963e-07	0.07498	0.4163
AIDOI	5	120	0	True	False	False	1630	0.01109	0.1023	0.2624	2.384e-06	0.008197	0.0229	0.3724	0.06203	3.135e-06	0.06572	0.4083
AIERY	5	244	0	True	False	False	1423	0.01	0.1136	0.0861	1.649e-13	0.004433	0.02	0.3382	0.00723	8.284e-13	0.0103	0.4083
AIGA	4	248	0	True	False	False	939	0.01571	0.1596	0.01971	1.887e-19	0.00431	0.02632	0.3426	0.001342	1.73e-18	0.002093	0.4083
AIGRET	6	118	0	True	False	False	1540	0.01136	0.1083	0.2596	1.33e-06	0.008696	0.02971	0.3568	0.02848	1.901e-06	0.03385	0.4083
AINGA	5	264	0	True	False	False	1364	0.009461	0.1141	0.0813	1.297e-14	0.004098	0.02397	0.3382	0.001652	7.898e-14	0.002545	0.4083
AIOLI	5	180	0	True	False	False	1568	0.009434	0.1076	0.1816	1.25e-09	0.005406	0.02	0.377	0.02634	3.269e-09	0.03178	0.4083
AIRMEN	6	102	0	True	False	False	1673	0.0125	0.1081	0.2772	8.548e-06	0.01042	0.03333	0.3437	0.03149	9.347e-06	0.03669	0.4083
AITU	4	620	0	True	False	False	821	0.01532	0.176	6.964e-05	7.497e-53	0.00256	0.02356	0.2041	3.796e-07	4.165e-51	7.759e-07	0.4083
AITUS	5	244	0	True	False	False	1423	0.01	0.1136	0.0861	1.649e-13	0.004433	0.02	0.3382	0.00723	8.284e-13	0.0103	0.4083
ALCID	5	104	0	True	False	False	1586	0.0122	0.09574	0.2791	2.846e-05	0.008929	0.02083	0.3935	0.112	2.869e-05	0.113	0.4083
ALDEA	5	264	0	True	False	False	1364	0.009461	0.1141	0.0813	1.297e-14	0.004098	0.02397	0.3382	0.001652	7.898e-14	0.002545	0.4083
ALDEAS	6	126	0	True	False	False	1491	0.01087	0.1111	0.2523	3.587e-07	0.008533	0.02941	0.3397	0.02325	5.726e-07	0.02932	0.4083
ALDOSE	6	100	0	True	False	True	1721	0.0125	0.1047	0.2843	1.582e-05	0.0104	0.03178	0.3517	0.03958	1.662e-05	0.045	0.4083
ALEFT	5	148	0	True	False	True	1584	0.009488	0.1056	0.2439	6.716e-08	0.006235	0.01923	0.3963	0.05648	1.294e-07	0.06308	0.4083
ALEPH	5	122	0	True	False	True	1598	0.0108	0.1023	0.2659	1.921e-06	0.008065	0.02308	0.3724	0.05794	2.6e-06	0.06367	0.4083
ALEWS	5	170	0	True	False	False	1541	0.009615	0.1066	0.1935	4.801e-09	0.005802	0.0202	0.3719	0.03113	1.176e-08	0.03651	0.4083
ALGOR	5	102	0	True	False	True	1622	0.01223	0.09595	0.2852	3.401e-05	0.008929	0.01961	0.4006	0.1327	3.401e-05	0.1336	0.4083
ALISON	6	198	0	True	False	True	1061	0.009009	0.1216	0.1666	7.063e-12	0.005376	0.02685	0.3439	0.00457	2.791e-11	0.006771	0.4083
ALMAS	5	138	0	True	False	False	1571	0.009804	0.1038	0.2568	2.714e-07	0.007042	0.01923	0.3771	0.06858	4.419e-07	0.0719	0.4083
ALMEH	5	114	0	True	False	False	1638	0.01163	0.1	0.2636	6.076e-06	0.008197	0.02174	0.3913	0.08163	6.838e-06	0.08389	0.4083
ALOHA	5	110	0	True	False	False	1618	0.0119	0.09658	0.2678	1.405e-05	0.008197	0.02113	0.4044	0.09548	1.494e-05	0.09679	0.409
AMIDO	5	116	0	True	False	True	1590	0.01136	0.1023	0.2656	3.671e-06	0.008197	0.02174	0.3849	0.07812	4.392e-06	0.08103	0.4083
AMLAS	5	122	0	True	False	False	1598	0.0108	0.1023	0.2659	1.921e-06	0.008065	0.02308	0.3724	0.05794	2.6e-06	0.06367	0.4083
AMNIC	5	126	0	True	False	True	1537	0.0102	0.1	0.2746	1.716e-06	0.007937	0.02308	0.3664	0.05277	2.399e-06	0.05931	0.4083
AMRIT	5	298	0	True	False	False	1318	0.008905	0.119	0.06956	3.943e-17	0.003688	0.02584	0.3326	0.0004086	2.971e-16	0.0006557	0.4083
AMRITS	6	162	0	True	False	False	1281	0.0101	0.1207	0.1931	8.934e-10	0.006849	0.03086	0.3284	0.006227	2.421e-09	0.009031	0.4083
AMYL	4	116	0	True	False	True	708	0.01745	0.1272	0.1297	1.397e-07	0.008106	0.02372	0.389	0.06171	2.397e-07	0.06572	0.4083
ANELED	6	128	0	True	False	False	1544	0.01087	0.1124	0.2469	2.363e-07	0.008252	0.02941	0.3462	0.0219	3.927e-07	0.02799	0.4083
ANEMIA	6	104	0	True	False	True	1642	0.0122	0.108	0.2791	6.905e-06	0.0102	0.03279	0.3442	0.03121	7.673e-06	0.03651	0.4083
ANENST	6	208	0	True	False	True	1042	0.009346	0.125	0.1418	8.663e-13	0.005376	0.02766	0.3259	0.002923	3.739e-12	0.004389	0.4083
ANESTRA	7	228	0	True	False	False	153	0.01111	0.1325	0.07828	8.47e-15	0.005434	0.02642	0.2887	0.002235	5.496e-14	0.003407	0.4083
ANETIC	6	212	0	True	False	False	992	0.008621	0.125	0.1595	5.078e-13	0.005079	0.02748	0.3397	0.002717	2.292e-12	0.004094	0.4083
ANLAS	5	270	0	True	False	False	1364	0.009434	0.116	0.07736	3.491e-15	0.004023	0.025	0.3368	0.001074	2.316e-14	0.00169	0.4083
ANOAS	5	278	0	True	False	False	1344	0.009174	0.1196	0.07713	4.153e-16	0.003788	0.02479	0.3482	0.0009308	2.89e-15	0.001478	0.4083
ANSAE	5	448	0	True	False	False	952	0.008453	0.1472	0.0223	1.065e-31	0.002909	0.02874	0.2712	2.123e-06	2.152e-30	3.876e-06	0.4083
ANTLIA	6	126	0	True	False	True	1491	0.01087	0.1111	0.2523	3.587e-07	0.008533	0.02941	0.3397	0.02325	5.726e-07	0.02932	0.4083
ANTRAL	6	164	0	True	False	True	1261	0.009804	0.1209	0.1987	6.668e-10	0.006849	0.02778	0.324	0.009853	1.847e-09	0.01386	0.4083
ANURA	5	168	0	True	False	False	1563	0.009634	0.1075	0.1966	5.012e-09	0.005882	0.0202	0.3711	0.03243	1.217e-08	0.03764	0.4083
AORIST	6	320	0	True	False	True	610	0.007681	0.1254	0.08481	2.361e-19	0.00416	0.04237	0.2634	9.613e-07	2.12e-18	1.822e-06	0.4083
AORTAE	6	258	0	True	False	False	810	0.007576	0.1176	0.1406	9.45e-15	0.004245	0.03017	0.3337	0.0003691	5.958e-14	0.0005977	0.4083
AORTAL	6	166	0	True	False	True	1234	0.009434	0.12	0.2073	6.099e-10	0.006849	0.02804	0.3195	0.008905	1.721e-09	0.01259	0.4083
AORTAS	6	212	0	True	False	False	992	0.008621	0.125	0.1595	5.078e-13	0.005079	0.02748	0.3397	0.002717	2.292e-12	0.004094	0.4083
AORTIC	6	124	0	True	False	True	1508	0.01087	0.1111	0.2579	4.54e-07	0.008533	0.02941	0.3455	0.02468	6.983e-07	0.0306	0.4083
APIOL	5	108	0	True	False	False	1640	0.0119	0.09658	0.2743	1.721e-05	0.008504	0.02174	0.3976	0.09313	1.792e-05	0.09495	0.4083
APISH	5	132	0	True	False	True	1559	0.009804	0.1032	0.2724	5.721e-07	0.007143	0.02083	0.3882	0.0621	8.615e-07	0.06572	0.4083
APLITE	6	100	0	True	False	True	1721	0.0125	0.1047	0.2843	1.582e-05	0.0104	0.03178	0.3517	0.03958	1.662e-05	0.045	0.4083
APODE	5	134	0	True	False	False	1618	0.01	0.1042	0.2601	3.967e-07	0.007143	0.02083	0.3827	0.05954	6.231e-07	0.06466	0.4083
APSIS	5	128	0	True	False	True	1615	0.0102	0.1017	0.2691	1.092e-06	0.007704	0.02143	0.3716	0.06246	1.576e-06	0.06595	0.4083
ARAMES	6	134	0	True	False	False	1487	0.01042	0.1154	0.2458	7.33e-08	0.00774	0.02778	0.353	0.02294	1.372e-07	0.02905	0.4083
ARCUS	5	110	0	True	False	False	1618	0.0119	0.09658	0.2678	1.405e-05	0.008197	0.02113	0.4044	0.09548	1.494e-05	0.09679	0.409
ARDRI	5	150	0	True	False	True	1550	0.009434	0.1061	0.2413	4.939e-08	0.006235	0.01923	0.3914	0.05433	9.78e-08	0.06075	0.4083
AREACH	6	114	0	True	False	True	1652	0.01163	0.1068	0.2636	2.572e-06	0.009042	0.03178	0.355	0.02518	3.313e-06	0.03088	0.4083
ARECA	5	418	0	True	False	False	1038	0.007921	0.1456	0.036	2.717e-29	0.002899	0.02874	0.2972	5.092e-06	4.929e-28	9.053e-06	0.4083
ARECAS	6	158	0	True	False	False	1272	0.01011	0.1205	0.2007	1.554e-09	0.006849	0.02703	0.3376	0.01318	4.005e-09	0.01831	0.4083
ARENA	5	974	0	True	False	True	391	0.0121	0.2326	7.057e-06	1.043e-112	0.004855	0.02545	0.008737	1.247e-11	2.318e-110	6.52e-11	0.1992
AREOLA	6	190	0	True	False	True	1121	0.008696	0.1147	0.1903	8.895e-11	0.005556	0.02632	0.347	0.006302	3.018e-10	0.009109	0.4083
AREOLE	6	158	0	True	False	True	1272	0.01011	0.1205	0.2007	1.554e-09	0.006849	0.02703	0.3376	0.01318	4.005e-09	0.01831	0.4083
ARGIL	5	144	0	True	False	True	1567	0.009615	0.1058	0.2487	1.02e-07	0.006329	0.01936	0.4008	0.05993	1.814e-07	0.06466	0.4083
ARGOL	5	122	0	True	False	True	1598	0.0108	0.1023	0.2659	1.921e-06	0.008065	0.02308	0.3724	0.05794	2.6e-06	0.06367	0.4083
ARHAT	5	218	0	True	False	True	1446	0.009479	0.1086	0.1254	1.308e-11	0.004682	0.0177	0.3595	0.02038	4.99e-11	0.02693	0.4083
ARHATS	6	118	0	True	False	False	1540	0.01136	0.1083	0.2596	1.33e-06	0.008696	0.02971	0.3568	0.02848	1.901e-06	0.03385	0.4083
ARIOSI	6	110	0	True	False	False	1633	0.0119	0.1077	0.2678	3.603e-06	0.009364	0.03279	0.3553	0.02555	4.351e-06	0.03099	0.4083
ARIOT	5	584	0	True	False	True	754	0.008622	0.1545	0.006365	2.635e-43	0.003233	0.0273	0.1509	9.532e-08	9.01e-42	2.29e-07	0.4083
ARISTA	6	412	0	True	False	True	391	0.009302	0.1701	0.02127	4.345e-34	0.005523	0.05087	0.1021	4.543e-10	1.016e-32	1.756e-09	0.4083
ARISTAE	7	192	0	True	False	False	224	0.009824	0.1159	0.1503	5.3e-11	0.006251	0.02553	0.3	0.006969	1.877e-10	0.009967	0.4083
ARISTO	6	342	0	True	False	False	545	0.007989	0.1359	0.06437	2.02e-22	0.004085	0.0437	0.2466	2.308e-07	2.273e-21	4.896e-07	0.4083
AROBA	5	120	0	True	False	False	1630	0.01109	0.1023	0.2624	2.384e-06	0.008197	0.0229	0.3724	0.06203	3.135e-06	0.06572	0.4083
AROHA	5	198	0	True	False	False	1462	0.009355	0.1104	0.1555	8.741e-11	0.005113	0.01899	0.3624	0.02245	2.989e-10	0.02864	0.4083
ARRAH	5	100	0	True	False	True	1656	0.0125	0.1	0.2843	2.656e-05	0.008929	0.01942	0.4078	0.1407	2.705e-05	0.1409	0.4092
ARSENAL	7	100	0	True	False	True	653	0.01256	0.1098	0.2824	8.931e-06	0.009804	0.02817	0.3734	0.05739	9.718e-06	0.06367	0.4083
ARSENIC	7	104	0	True	False	True	595	0.0122	0.11	0.2791	5.452e-06	0.009691	0.02778	0.3632	0.05341	6.286e-06	0.05995	0.4083
ARTISAN	7	132	0	True	False	True	428	0.0102	0.1034	0.2582	5.495e-07	0.007367	0.02963	0.3768	0.01887	8.393e-07	0.02533	0.4083
ARUHE	5	144	0	True	False	False	1567	0.009615	0.1058	0.2487	1.02e-07	0.006329	0.01936	0.4008	0.05993	1.814e-07	0.06466	0.4083
ARVO	4	150	0	True	False	False	808	0.01608	0.1366	0.08793	2.701e-10	0.006394	0.02308	0.3821	0.03013	8.339e-10	0.03562	0.4083
ARYL	4	224	0	True	False	True	921	0.015	0.1556	0.03386	3.564e-17	0.0046	0.02632	0.356	0.002545	2.755e-16	0.003861	0.4083
ASDIC	5	116	0	True	False	True	1590	0.01136	0.1023	0.2656	3.671e-06	0.008197	0.02174	0.3849	0.07812	4.392e-06	0.08103	0.4083
ASEITY	6	102	0	True	False	True	1673	0.0125	0.1081	0.2772	8.548e-06	0.01042	0.03333	0.3437	0.03149	9.347e-06	0.03669	0.4083
ASLANT	6	164	0	True	False	True	1261	0.009804	0.1209	0.1987	6.668e-10	0.006849	0.02778	0.324	0.009853	1.847e-09	0.01386	0.4083
ASPIE	5	310	0	True	True	False	1276	0.008696	0.1245	0.06669	1.273e-18	0.003676	0.02517	0.3192	0.00037	1.098e-17	0.0005981	0.4083
ASPIES	6	128	0	True	True	False	1544	0.01087	0.1124	0.2469	2.363e-07	0.008252	0.02941	0.3462	0.0219	3.927e-07	0.02799	0.4083
ASPRO	5	220	0	True	False	False	1475	0.009615	0.1095	0.1194	8.33e-12	0.0047	0.01761	0.3548	0.02009	3.262e-11	0.02669	0.4083
ASTELY	6	114	0	True	False	True	1652	0.01163	0.1068	0.2636	2.572e-06	0.009042	0.03178	0.355	0.02518	3.313e-06	0.03088	0.4083
ASURA	5	154	0	True	False	False	1583	0.009407	0.1075	0.2333	2.464e-08	0.00612	0.02	0.3885	0.04455	5.166e-08	0.05032	0.4083
ATAPS	5	138	0	True	False	False	1571	0.009804	0.1038	0.2568	2.714e-07	0.007042	0.01923	0.3771	0.06858	4.419e-07	0.0719	0.4083
ATELIC	6	110	0	True	False	False	1633	0.0119	0.1077	0.2678	3.603e-06	0.009364	0.03279	0.3553	0.02555	4.351e-06	0.03099	0.4083
ATMA	4	364	0	True	False	True	939	0.01486	0.1786	0.004298	8.006e-32	0.00304	0.01661	0.3302	0.002249	1.655e-30	0.003423	0.4083
ATMAN	5	126	0	True	False	True	1537	0.0102	0.1	0.2746	1.716e-06	0.007937	0.02308	0.3664	0.05277	2.399e-06	0.05931	0.4083
ATMAS	5	144	0	True	False	False	1567	0.009615	0.1058	0.2487	1.02e-07	0.006329	0.01936	0.4008	0.05993	1.814e-07	0.06466	0.4083
ATMOS	5	212	0	True	False	True	1434	0.009461	0.109	0.1333	2.366e-11	0.004708	0.01863	0.3677	0.01854	8.763e-11	0.02501	0.4083
ATOCS	5	306	0	True	False	False	1290	0.00885	0.1218	0.06587	5.424e-18	0.003688	0.02584	0.3229	0.0003314	4.424e-17	0.0005376	0.4083
ATRESIA	7	256	0	True	False	True	110	0.01024	0.1318	0.07172	1.911e-16	0.004398	0.02553	0.3235	0.001331	1.381e-15	0.00208	0.4083
ATRESIC	7	114	0	True	False	True	542	0.01163	0.1087	0.2636	2.005e-06	0.009193	0.02985	0.3489	0.03159	2.704e-06	0.03676	0.4083
ATRIA	5	720	0	True	False	True	563	0.009947	0.1772	0.0007483	1.072e-61	0.003545	0.02727	0.07752	2.257e-09	7.938e-60	7.659e-09	0.4083
ATRIAL	6	220	0	True	False	True	985	0.007622	0.125	0.1858	1.745e-13	0.005131	0.0309	0.3225	0.001003	8.666e-13	0.001582	0.4083
ATUA	4	336	0	True	False	False	966	0.01455	0.1748	0.007276	9.095e-29	0.003067	0.01493	0.3562	0.006392	1.617e-27	0.009225	0.4083
ATUAS	5	170	0	True	False	False	1541	0.009615	0.1066	0.1935	4.801e-09	0.005802	0.0202	0.3719	0.03113	1.176e-08	0.03651	0.4083
AUA	3	300	0	True	False	False	149	0.02704	0.1888	0.0002679	5.452e-28	0.007857	0.04924	0.09381	2.636e-07	9.146e-27	5.566e-07	0.4083
AUAS	4	196	0	True	False	False	904	0.01596	0.1424	0.04273	8.36e-14	0.00578	0.03604	0.321	0.0007515	4.424e-13	0.001197	0.4083
AULA	4	244	0	True	False	True	934	0.01596	0.1558	0.01974	1.142e-18	0.004383	0.02632	0.3424	0.001493	1.005e-17	0.00232	0.4083
AULAS	5	114	0	True	False	False	1638	0.01163	0.1	0.2636	6.076e-06	0.008197	0.02174	0.3913	0.08163	6.838e-06	0.08389	0.4083
AULOS	5	114	0	True	False	True	1638	0.01163	0.1	0.2636	6.076e-06	0.008197	0.02174	0.3913	0.08163	6.838e-06	0.08389	0.4083
AUREI	5	320	0	True	False	False	1255	0.008834	0.1304	0.05846	3.773e-20	0.003671	0.02557	0.3082	0.0002515	3.769e-19	0.0004087	0.4083
AURIS	5	250	0	True	False	False	1409	0.00969	0.1116	0.08766	1.417e-13	0.004405	0.0201	0.3316	0.006242	7.197e-13	0.009038	0.4083
AURIST	6	118	0	True	False	True	1540	0.01136	0.1083	0.2596	1.33e-06	0.008696	0.02971	0.3568	0.02848	1.901e-06	0.03385	0.4083
AWETO	5	122	0	True	False	True	1598	0.0108	0.1023	0.2659	1.921e-06	0.008065	0.02308	0.3724	0.05794	2.6e-06	0.06367	0.4083
AYRIE	5	160	0	True	False	False	1576	0.01015	0.1088	0.1954	9.903e-09	0.00601	0.02	0.3812	0.03946	2.281e-08	0.045	0.4083
BASNET	6	106	0	False	False	False	1597	0.0119	0.1087	0.281	5.044e-06	0.01269	0.1354	0.2582	2.002e-07	5.838e-06	4.348e-07	0.4083
BEDU	4	112	0	False	False	False	670	0.01718	0.1272	0.1435	2.407e-07	0.02062	0.1364	0.09694	7.397e-08	3.963e-07	1.822e-07	0.4083
BELAH	5	102	0	False	False	True	1622	0.01223	0.09595	0.2852	3.401e-05	0.01389	0.1058	0.2401	1.117e-05	3.401e-05	1.855e-05	0.4083
BETID	5	118	0	False	False	False	1560	0.01111	0.103	0.2675	2.704e-06	0.01366	0.1161	0.1973	4.756e-07	3.352e-06	9.354e-07	0.4083
BINAL	5	118	0	False	False	True	1560	0.01111	0.103	0.2675	2.704e-06	0.01366	0.1161	0.1973	4.756e-07	3.352e-06	9.354e-07	0.4083
BINT	4	328	0	False	True	True	963	0.01493	0.1739	0.007209	6.088e-28	0.02513	0.204	0.0002372	3.185e-33	1.002e-26	1.416e-31	0.01622
BINTS	5	156	0	False	True	False	1564	0.01053	0.1091	0.1919	1.493e-08	0.01451	0.1272	0.1022	6.068e-10	3.253e-08	2.238e-09	0.4083
BIONT	5	104	0	False	False	False	1586	0.0122	0.09574	0.2791	2.846e-05	0.01351	0.1053	0.2429	9.469e-06	2.869e-05	1.61e-05	0.4083
BLERT	5	212	0	False	False	False	1434	0.009461	0.109	0.1333	2.366e-11	0.0125	0.1331	0.06948	7.146e-14	8.763e-11	5.339e-13	0.4083
BLERTS	6	114	0	False	False	False	1652	0.01163	0.1068	0.2636	2.572e-06	0.0125	0.1359	0.2384	5.873e-08	3.313e-06	1.536e-07	0.4083
CAAED	5	104	0	False	False	False	1586	0.0122	0.09574	0.2791	2.846e-05	0.01351	0.1053	0.2429	9.469e-06	2.869e-05	1.61e-05	0.4083
CAESAR	6	162	0	False	False	False	1281	0.0101	0.1207	0.1931	8.934e-10	0.01333	0.1527	0.1137	2.202e-12	2.421e-09	1.255e-11	0.4083
CALESA	6	146	0	False	False	False	1319	0.009615	0.1154	0.244	1.683e-08	0.01351	0.1494	0.1372	5.47e-11	3.632e-08	2.52e-10	0.4083
CASITA	6	130	0	False	False	False	1486	0.01064	0.1131	0.249	1.685e-07	0.01344	0.14	0.1722	3.054e-09	2.864e-07	1.013e-08	0.4083
CATENA	6	136	0	False	False	True	1448	0.01042	0.1143	0.2407	6.767e-08	0.01333	0.1455	0.1611	5.2e-10	1.294e-07	1.959e-09	0.4083
CECA	4	156	0	False	False	False	813	0.01596	0.1319	0.08131	2.591e-10	0.01971	0.1469	0.0448	1.72e-11	8.053e-10	8.84e-11	0.4083
CEORL	5	122	0	False	False	True	1598	0.0108	0.1023	0.2659	1.921e-06	0.01366	0.1154	0.1867	3.192e-07	2.6e-06	6.553e-07	0.4083
CERASIN	7	126	0	False	False	True	445	0.01029	0.1034	0.2717	1.058e-06	0.01497	0.13	0.1495	2.396e-08	1.537e-06	6.676e-08	0.4083
CERCI	5	118	0	False	False	True	1560	0.01111	0.103	0.2675	2.704e-06	0.01366	0.1161	0.1973	4.756e-07	3.352e-06	9.354e-07	0.4083
CERIAS	6	234	0	False	False	False	923	0.007485	0.1236	0.1724	3.916e-14	0.01136	0.1517	0.06895	1.895e-17	2.136e-13	2.34e-16	0.4083
CERITE	6	206	0	False	False	True	1023	0.009363	0.1235	0.144	1.599e-12	0.01282	0.1524	0.07008	1.597e-15	6.868e-12	1.479e-14	0.4083
CERITES	7	116	0	False	False	False	516	0.01136	0.1087	0.2656	1.593e-06	0.01322	0.1333	0.2136	6.22e-08	2.258e-06	1.612e-07	0.4083
CEROC	5	162	0	False	False	False	1543	0.01	0.1084	0.1963	8.412e-09	0.01351	0.1293	0.1103	1.811e-10	1.978e-08	7.558e-10	0.4083
CHAETA	6	100	0	False	False	True	1721	0.0125	0.1047	0.2843	1.582e-05	0.01351	0.1228	0.2565	2.039e-06	1.662e-05	3.731e-06	0.4083
CHIAO	5	100	0	False	False	False	1656	0.0125	0.1	0.2843	2.656e-05	0.01429	0.1084	0.2372	1.04e-05	2.705e-05	1.744e-05	0.4083
CIAO	4	518	0	False	False	False	891	0.01529	0.1707	0.0003417	7.835e-43	0.03342	0.2089	2.255e-08	1.949e-53	2.58e-41	1.733e-51	2.506e-06
CNIDA	5	144	0	False	False	True	1567	0.009615	0.1058	0.2487	1.02e-07	0.01316	0.1231	0.1485	6.116e-09	1.814e-07	1.877e-08	0.4083
COHEN	5	140	0	False	False	False	1629	0.009804	0.1037	0.2517	2.22e-07	0.01316	0.1187	0.1566	2.065e-08	3.737e-07	5.81e-08	0.4083
CRAIC	5	100	0	False	False	False	1656	0.0125	0.1	0.2843	2.656e-05	0.01429	0.1084	0.2372	1.04e-05	2.705e-05	1.744e-05	0.4083
CRESOL	6	120	0	False	False	True	1590	0.01134	0.1093	0.2545	9.225e-07	0.01295	0.1373	0.2092	2.023e-08	1.342e-06	5.726e-08	0.4083
CRIANT	6	116	0	False	False	False	1606	0.01136	0.1078	0.2656	1.801e-06	0.0122	0.1359	0.2409	4.385e-08	2.478e-06	1.189e-07	0.4083
CRIP	4	212	0	False	True	False	903	0.01582	0.1538	0.034	4.162e-16	0.02318	0.1731	0.006936	3.181e-18	2.89e-15	4.714e-17	0.1799
CROTAL	6	134	0	False	False	True	1487	0.01042	0.1154	0.2458	7.33e-08	0.01353	0.1456	0.1611	6.912e-10	1.372e-07	2.498e-09	0.4083
CYST	4	128	0	False	False	True	751	0.01667	0.1333	0.1163	1.109e-08	0.02016	0.1437	0.07373	2.36e-09	2.542e-08	7.946e-09	0.4083
DACITE	6	102	0	False	False	True	1673	0.0125	0.1081	0.2772	8.548e-06	0.01316	0.1298	0.259	6.925e-07	9.347e-06	1.324e-06	0.4083
DAGO	4	192	0	False	True	False	895	0.01613	0.1429	0.04407	1.4e-13	0.02107	0.1559	0.01675	7.366e-15	7.196e-13	6.064e-14	0.2853
DANIO	5	348	0	False	False	True	1188	0.009479	0.138	0.03636	3.532e-23	0.01282	0.1798	0.01122	1.108e-30	4.078e-22	3.519e-29	0.2266
DANIOS	6	150	0	False	False	False	1319	0.009434	0.1118	0.2413	1.877e-08	0.01299	0.1466	0.1407	4.749e-11	3.983e-08	2.234e-10	0.4083
DEELY	5	104	0	False	False	False	1586	0.0122	0.09574	0.2791	2.846e-05	0.01351	0.1053	0.2429	9.469e-06	2.869e-05	1.61e-05	0.4083
DEGRAS	6	114	0	False	False	False	1652	0.01163	0.1068	0.2636	2.572e-06	0.0125	0.1359	0.2384	5.873e-08	3.313e-06	1.536e-07	0.4083
DEMY	4	108	0	False	False	True	669	0.01639	0.1279	0.1678	3.809e-07	0.01799	0.1375	0.1408	1.153e-07	6.046e-07	2.727e-07	0.4083
DERNY	5	106	0	False	False	False	1573	0.0119	0.09821	0.281	1.742e-05	0.01316	0.1071	0.2456	6.066e-06	1.797e-05	1.045e-05	0.4083
DHOL	4	228	0	False	False	False	943	0.01547	0.1538	0.02862	2.874e-17	0.02179	0.1747	0.006589	9.831e-20	2.241e-16	1.649e-18	0.1799
DHOTI	5	138	0	False	False	True	1571	0.009804	0.1038	0.2568	2.714e-07	0.013	0.1195	0.1643	2.35e-08	4.419e-07	6.569e-08	0.4083
DIESES	6	102	0	False	False	False	1673	0.0125	0.1081	0.2772	8.548e-06	0.01316	0.1298	0.259	6.925e-07	9.347e-06	1.324e-06	0.4083
DINIC	5	110	0	False	False	True	1618	0.0119	0.09658	0.2678	1.405e-05	0.01282	0.1071	0.2419	3.855e-06	1.494e-05	6.882e-06	0.4083
DIPSO	5	126	0	False	False	False	1537	0.0102	0.1	0.2746	1.716e-06	0.01332	0.1154	0.1847	1.955e-07	2.399e-06	4.348e-07	0.4083
DISEUR	6	106	0	False	False	False	1597	0.0119	0.1087	0.281	5.044e-06	0.01269	0.1354	0.2582	2.002e-07	5.838e-06	4.348e-07	0.4083
DISRATE	7	146	0	False	False	True	355	0.009329	0.1032	0.2545	1.246e-07	0.01399	0.1268	0.1278	2.533e-09	2.175e-07	8.498e-09	0.4083
DIYA	4	146	0	False	False	False	790	0.01596	0.1384	0.09551	3.58e-10	0.01902	0.1513	0.06061	3.953e-11	1.075e-09	1.942e-10	0.4083
DOLENT	6	126	0	False	False	True	1491	0.01087	0.1111	0.2523	3.587e-07	0.01361	0.1393	0.178	6.145e-09	5.726e-07	1.877e-08	0.4083
DOLIA	5	198	0	False	False	True	1462	0.009355	0.1104	0.1555	8.741e-11	0.01239	0.1376	0.08477	1.852e-13	2.989e-10	1.307e-12	0.4083
DONAH	5	186	0	False	False	False	1489	0.009942	0.1091	0.1559	4.667e-10	0.01304	0.1322	0.08698	3.528e-12	1.36e-09	1.973e-11	0.4083
DONAIR	6	132	0	False	False	False	1445	0.01042	0.1136	0.251	1.216e-07	0.01346	0.1424	0.1672	1.558e-09	2.127e-07	5.389e-09	0.4083
DONSIER	7	116	0	False	False	False	516	0.01136	0.1087	0.2656	1.593e-06	0.01322	0.1333	0.2136	6.22e-08	2.258e-06	1.612e-07	0.4083
DOSAI	5	262	0	False	False	False	1386	0.00957	0.1147	0.08052	1.373e-14	0.0125	0.15	0.03704	3.219e-19	8.25e-14	5.021e-18	0.4083
DREK	4	186	0	False	False	False	885	0.01586	0.1449	0.05115	2.285e-13	0.02092	0.1591	0.01959	1.008e-14	1.11e-12	8.144e-14	0.2968
DRERES	6	170	0	False	False	False	1220	0.009434	0.1191	0.1996	4.37e-10	0.0129	0.1527	0.1099	5.85e-13	1.282e-09	3.769e-12	0.4083
DROPT	5	100	0	False	False	True	1656	0.0125	0.1	0.2843	2.656e-05	0.01429	0.1084	0.2372	1.04e-05	2.705e-05	1.744e-05	0.4083
DRUSEN	6	100	0	False	False	False	1721	0.0125	0.1047	0.2843	1.582e-05	0.01351	0.1228	0.2565	2.039e-06	1.662e-05	3.731e-06	0.4083
EADISH	6	108	0	True	False	False	1661	0.0119	0.1071	0.2743	4.836e-06	0.009804	0.03077	0.3451	0.03421	5.701e-06	0.03919	0.4083
EARCON	6	122	0	True	False	False	1541	0.01111	0.1111	0.2559	5.746e-07	0.008533	0.02941	0.3515	0.0262	8.615e-07	0.03169	0.4083
EASSIL	6	102	0	True	False	False	1673	0.0125	0.1081	0.2772	8.548e-06	0.01042	0.03333	0.3437	0.03149	9.347e-06	0.03669	0.4083
ECADS	5	192	0	True	False	False	1484	0.009461	0.1094	0.1612	2.197e-10	0.005208	0.02	0.3669	0.02067	7.001e-10	0.02707	0.4083
ECCO	4	132	0	True	False	False	753	0.01678	0.1321	0.1071	7.579e-09	0.007364	0.02364	0.377	0.04254	1.826e-08	0.04811	0.4083
ECRUS	5	104	0	True	False	False	1586	0.0122	0.09574	0.2791	2.846e-05	0.008929	0.02083	0.3935	0.112	2.869e-05	0.113	0.4083
EDDO	4	294	0	True	False	True	967	0.01447	0.1739	0.01376	4.033e-25	0.003472	0.01818	0.3597	0.004541	5.515e-24	0.006739	0.4083
EDEMA	5	160	0	True	False	True	1576	0.01015	0.1088	0.1954	9.903e-09	0.00601	0.02	0.3812	0.03946	2.281e-08	0.045	0.4083
EDHS	4	588	0	True	False	False	846	0.01589	0.176	8.119e-05	3.601e-50	0.002366	0.02364	0.2483	7.791e-07	1.685e-48	1.486e-06	0.4083
EELY	4	234	0	True	False	True	955	0.01596	0.1534	0.02319	1.19e-17	0.004455	0.02632	0.3517	0.001949	9.532e-17	0.002977	0.4083
EENSY	5	112	0	True	False	False	1583	0.01163	0.09848	0.2698	9.057e-06	0.008197	0.02174	0.3978	0.0853	9.759e-06	0.08706	0.4083
EEW	3	496	0	True	False	False	221	0.01359	0.2079	0.00113	6.155e-51	0.003536	0.02684	0.1725	1.377e-06	3.219e-49	2.6e-06	0.4083
EGMA	4	216	0	True	False	True	925	0.01555	0.1527	0.0339	2.878e-16	0.005236	0.02555	0.3218	0.003735	2.064e-15	0.005581	0.4083
EHED	4	376	0	True	False	False	947	0.01502	0.1739	0.003384	6.334e-32	0.003053	0.01832	0.3168	0.0009548	1.341e-30	0.00151	0.4083
EIDENT	6	156	0	True	False	True	1301	0.0102	0.121	0.2019	1.84e-09	0.006935	0.02753	0.3377	0.01285	4.7e-09	0.01794	0.4083
EIDOLA	6	140	0	True	False	False	1440	0.0102	0.1154	0.2379	3.513e-08	0.007463	0.02859	0.3504	0.01722	7.097e-08	0.02337	0.4083
EIDOS	5	394	0	True	False	False	1122	0.008641	0.1431	0.03273	3.78e-27	0.003105	0.02874	0.2937	1.025e-05	5.795e-26	1.739e-05	0.4083
EIGNE	5	238	0	True	False	True	1415	0.01	0.112	0.09145	5.276e-13	0.004505	0.01984	0.3415	0.008483	2.369e-12	0.01201	0.4083
EIKS	4	212	0	True	False	False	903	0.01582	0.1538	0.034	4.162e-16	0.005424	0.02555	0.3157	0.004143	2.89e-15	0.006179	0.4083
EISEL	5	560	0	True	False	False	780	0.008698	0.1562	0.007505	4.936e-42	0.003171	0.02778	0.1689	1.408e-07	1.513e-40	3.235e-07	0.4083
EISELS	6	114	0	True	False	False	1652	0.01163	0.1068	0.2636	2.572e-06	0.009042	0.03178	0.355	0.02518	3.313e-06	0.03088	0.4083
ELCHI	5	100	0	True	False	False	1656	0.0125	0.1	0.2843	2.656e-05	0.008929	0.01942	0.4078	0.1407	2.705e-05	0.1409	0.4092
ELEMI	5	144	0	True	False	True	1567	0.009615	0.1058	0.2487	1.02e-07	0.006329	0.01936	0.4008	0.05993	1.814e-07	0.06466	0.4083
ELHI	4	434	0	True	False	False	904	0.01591	0.1757	0.0009467	3.818e-37	0.00285	0.02135	0.2898	8.538e-05	9.983e-36	0.0001398	0.4083
ELIADS	6	134	0	True	False	False	1487	0.01042	0.1154	0.2458	7.33e-08	0.00774	0.02778	0.353	0.02294	1.372e-07	0.02905	0.4083
ELMEN	5	102	0	True	False	False	1622	0.01223	0.09595	0.2852	3.401e-05	0.008929	0.01961	0.4006	0.1327	3.401e-05	0.1336	0.4083
ELMY	4	110	0	True	False	True	666	0.01639	0.1269	0.1623	3.303e-07	0.007955	0.02372	0.4154	0.07128	5.339e-07	0.07464	0.4163
ELUATE	6	108	0	True	False	True	1661	0.0119	0.1071	0.2743	4.836e-06	0.009804	0.03077	0.3451	0.03421	5.701e-06	0.03919	0.4083
EMACS	5	172	0	True	False	False	1527	0.009615	0.1066	0.1898	3.832e-09	0.00565	0.0201	0.3774	0.03042	9.543e-09	0.03592	0.4083
EMEU	4	138	0	True	False	False	772	0.01642	0.133	0.1018	2.8e-09	0.006976	0.02308	0.3806	0.03988	7.111e-09	0.04528	0.4083
EMICS	5	120	0	True	False	False	1630	0.01109	0.1023	0.2624	2.384e-06	0.008197	0.0229	0.3724	0.06203	3.135e-06	0.06572	0.4083
EMYS	4	122	0	True	False	False	743	0.01754	0.1304	0.1154	3.934e-08	0.007463	0.02308	0.401	0.05794	7.895e-08	0.06367	0.4083
ENARCH	6	124	0	True	False	True	1508	0.01087	0.1111	0.2579	4.54e-07	0.008533	0.02941	0.3455	0.02468	6.983e-07	0.0306	0.4083
ENGIRT	6	120	0	True	False	True	1590	0.01134	0.1093	0.2545	9.225e-07	0.008621	0.02941	0.3538	0.02781	1.342e-06	0.03327	0.4083
ENIACS	6	142	0	True	False	False	1393	0.009804	0.114	0.2468	3.413e-08	0.007342	0.02753	0.3512	0.019	6.943e-08	0.02536	0.4083
ENISLE	6	246	0	True	False	True	846	0.007576	0.1188	0.154	3.051e-14	0.0046	0.03109	0.3217	0.0004225	1.713e-13	0.0006768	0.4083
ENLARD	6	106	0	True	False	True	1597	0.0119	0.1087	0.281	5.044e-06	0.009804	0.03178	0.3519	0.03261	5.838e-06	0.0377	0.4083
ENNOG	5	106	0	True	False	False	1573	0.0119	0.09821	0.281	1.742e-05	0.008929	0.02129	0.3865	0.1022	1.797e-05	0.1035	0.4083
ENOSIS	6	148	0	True	False	False	1354	0.009434	0.1147	0.2459	1.475e-08	0.007023	0.02778	0.3524	0.01546	3.253e-08	0.02125	0.4083
ENSEW	5	176	0	True	False	False	1547	0.009399	0.1053	0.1898	3.15e-09	0.005465	0.02	0.3812	0.02856	7.89e-09	0.0339	0.4083
ENTRIST	7	124	0	True	False	False	464	0.01064	0.1064	0.2655	8.766e-07	0.007894	0.02985	0.3743	0.02333	1.288e-06	0.02934	0.4083
ENUF	4	158	0	True	False	False	798	0.01596	0.1369	0.07874	7.939e-11	0.00641	0.02419	0.362	0.02087	2.736e-10	0.02716	0.4083
ENURN	5	110	0	True	False	False	1618	0.0119	0.09658	0.2678	1.405e-05	0.008197	0.02113	0.4044	0.09548	1.494e-05	0.09679	0.409
EOLIAN	6	174	0	True	False	False	1226	0.009434	0.1195	0.1922	2.406e-10	0.006461	0.0274	0.3237	0.00795	7.559e-10	0.01131	0.4083
EONIAN	6	138	0	True	False	False	1403	0.0102	0.114	0.2428	5.54e-08	0.007646	0.02941	0.3467	0.01625	1.085e-07	0.02219	0.4083
EONISM	6	116	0	True	False	True	1606	0.01136	0.1078	0.2656	1.801e-06	0.008913	0.03178	0.354	0.02361	2.478e-06	0.02952	0.4083
EPHA	4	310	0	True	False	True	975	0.01441	0.1727	0.01111	3.011e-26	0.003307	0.01637	0.3582	0.005991	4.537e-25	0.008728	0.4083
EPHAS	5	146	0	True	False	False	1530	0.009434	0.1062	0.2506	7.651e-08	0.006242	0.01899	0.4008	0.06086	1.402e-07	0.06542	0.4083
EPRIS	5	304	0	True	False	False	1308	0.008905	0.1254	0.06593	2.024e-18	0.003676	0.02557	0.3264	0.0003806	1.698e-17	0.0006129	0.4083
EPRISE	6	142	0	True	False	False	1393	0.009804	0.114	0.2468	3.413e-08	0.007342	0.02753	0.3512	0.019	6.943e-08	0.02536	0.4083
ERBIA	5	192	0	True	False	True	1484	0.009461	0.1094	0.1612	2.197e-10	0.005208	0.02	0.3669	0.02067	7.001e-10	0.02707	0.4083
EREV	4	326	0	True	False	False	953	0.01493	0.1739	0.007429	8.921e-28	0.003067	0.01613	0.3673	0.004987	1.442e-26	0.007292	0.4083
EREVS	5	112	0	True	False	False	1583	0.01163	0.09848	0.2698	9.057e-06	0.008197	0.02174	0.3978	0.0853	9.759e-06	0.08706	0.4083
ERHU	4	344	0	True	False	False	957	0.01493	0.1783	0.005667	4.596e-30	0.003066	0.01553	0.3478	0.004593	8.693e-29	0.006782	0.4083
ERHUS	5	112	0	True	False	False	1583	0.01163	0.09848	0.2698	9.057e-06	0.008197	0.02174	0.3978	0.0853	9.759e-06	0.08706	0.4083
ERIACH	6	118	0	True	False	False	1540	0.01136	0.1083	0.2596	1.33e-06	0.008696	0.02971	0.3568	0.02848	1.901e-06	0.03385	0.4083
ERICA	5	470	0	True	False	False	909	0.007661	0.1536	0.02692	9.059e-35	0.002861	0.02827	0.2602	1.402e-06	2.177e-33	2.641e-06	0.4083
ERICAS	6	196	0	True	False	False	1093	0.009076	0.1207	0.1674	1.127e-11	0.005394	0.02685	0.3464	0.004825	4.356e-11	0.007102	0.4083
ERINUS	6	164	0	True	False	False	1261	0.009804	0.1209	0.1987	6.668e-10	0.006849	0.02778	0.324	0.009853	1.847e-09	0.01386	0.4083
EROTISE	7	206	0	True	False	False	197	0.01003	0.1104	0.1253	3.429e-11	0.006251	0.02553	0.2748	0.004852	1.249e-10	0.00713	0.4083
ERUV	4	116	0	True	False	False	708	0.01745	0.1272	0.1297	1.397e-07	0.008106	0.02372	0.389	0.06171	2.397e-07	0.06572	0.4083
ESLOIN	6	180	0	True	False	False	1197	0.009009	0.1147	0.1961	3.007e-10	0.006191	0.0274	0.327	0.006729	9.218e-10	0.00966	0.4083
ESPIES	6	110	0	True	False	False	1633	0.0119	0.1077	0.2678	3.603e-06	0.009364	0.03279	0.3553	0.02555	4.351e-06	0.03099	0.4083
ESPY	4	172	0	True	False	True	835	0.01639	0.141	0.05825	4.412e-12	0.006505	0.03613	0.3255	0.001782	1.767e-11	0.002736	0.4083
ESTOC	5	512	0	True	False	True	851	0.007812	0.158	0.01803	5.644e-39	0.003281	0.02857	0.1859	3.584e-07	1.619e-37	7.341e-07	0.4083
ESTOCS	6	120	0	True	False	False	1590	0.01134	0.1093	0.2545	9.225e-07	0.008621	0.02941	0.3538	0.02781	1.342e-06	0.03327	0.4083
ETAERIO	7	154	0	True	False	False	349	0.009226	0.1027	0.2399	5.616e-08	0.006831	0.02809	0.348	0.01242	1.097e-07	0.01739	0.4083
ETESIAN	7	128	0	True	False	True	454	0.01042	0.1054	0.2618	6.477e-07	0.007486	0.02963	0.3822	0.02128	9.645e-07	0.02757	0.4083
ETHNE	5	260	0	True	False	False	1405	0.009615	0.1139	0.0811	2.241e-14	0.004307	0.02373	0.3255	0.001941	1.311e-13	0.00297	0.4083
ETHNOS	6	116	0	True	False	True	1606	0.01136	0.1078	0.2656	1.801e-06	0.008913	0.03178	0.354	0.02361	2.478e-06	0.02952	0.4083
ETUI	4	542	0	True	False	True	881	0.01571	0.1731	0.0001877	1.777e-45	0.002376	0.02194	0.2754	5.987e-06	6.32e-44	1.044e-05	0.4083
ETUIS	5	232	0	True	False	False	1431	0.0101	0.1132	0.09486	7.847e-13	0.004554	0.01811	0.3468	0.01441	3.42e-12	0.01991	0.4083
EUOI	4	288	0	True	False	False	959	0.01422	0.1677	0.01616	1.105e-23	0.003444	0.01709	0.3702	0.006973	1.364e-22	0.009967	0.4083
EUSOL	5	126	0	True	False	True	1537	0.0102	0.1	0.2746	1.716e-06	0.007937	0.02308	0.3664	0.05277	2.399e-06	0.05931	0.4083
EVOE	4	140	0	True	False	True	803	0.01639	0.1333	0.09885	1.992e-09	0.006394	0.02027	0.4074	0.05687	5.074e-09	0.06343	0.4092
EWK	3	102	0	True	False	False	72	0.02238	0.1178	0.09938	2.795e-06	0.02222	0.05208	0.101	0.004271	3.461e-06	0.00635	0.4083
EYOTS	5	146	0	True	False	False	1530	0.009434	0.1062	0.2506	7.651e-08	0.006242	0.01899	0.4008	0.06086	1.402e-07	0.06542	0.4083
EYRA	4	436	0	True	False	True	902	0.01614	0.1748	0.0008305	4.182e-37	0.002833	0.02135	0.2902	8.178e-05	1.062e-35	0.0001341	0.4083
EYRAS	5	208	0	True	False	False	1454	0.009643	0.1097	0.1332	3.152e-11	0.004854	0.01875	0.3634	0.01951	1.153e-10	0.02596	0.4083
EYRIE	5	128	0	True	False	True	1615	0.0102	0.1017	0.2691	1.092e-06	0.007704	0.02143	0.3716	0.06246	1.576e-06	0.06595	0.4083
FIENTS	6	116	0	False	False	False	1606	0.01136	0.1078	0.2656	1.801e-06	0.0122	0.1359	0.2409	4.385e-08	2.478e-06	1.189e-07	0.4083
FRENA	5	202	0	False	False	False	1467	0.009671	0.1104	0.1404	5.475e-11	0.01267	0.1381	0.07611	9.224e-14	1.924e-10	6.777e-13	0.4083
FREON	5	184	0	False	False	False	1522	0.009625	0.109	0.1687	5.99e-10	0.01316	0.1306	0.08741	6.55e-12	1.712e-09	3.529e-11	0.4083
GAITA	5	144	0	False	False	False	1567	0.009615	0.1058	0.2487	1.02e-07	0.01316	0.1231	0.1485	6.116e-09	1.814e-07	1.877e-08	0.4083
GALEA	5	124	0	False	False	True	1560	0.01062	0.1	0.2662	2.119e-06	0.01351	0.1146	0.1851	2.795e-07	2.82e-06	5.832e-07	0.4083
GENIP	5	146	0	False	False	True	1530	0.009434	0.1062	0.2506	7.651e-08	0.01316	0.1241	0.1446	3.937e-09	1.402e-07	1.277e-08	0.4083
GENOAS	6	110	0	False	False	False	1633	0.0119	0.1077	0.2678	3.603e-06	0.0125	0.1344	0.2507	1.276e-07	4.351e-06	2.947e-07	0.4083
GENOM	5	122	0	False	False	True	1598	0.0108	0.1023	0.2659	1.921e-06	0.01366	0.1154	0.1867	3.192e-07	2.6e-06	6.553e-07	0.4083
GENRO	5	234	0	False	False	True	1464	0.01	0.1132	0.0952	6.263e-13	0.0125	0.1418	0.05268	2.904e-16	2.784e-12	2.9e-15	0.4083
GENU	4	250	0	False	False	True	937	0.01563	0.1604	0.01949	1.05e-19	0.0216	0.1813	0.004257	1.908e-22	1.003e-18	4.038e-21	0.1462
GENUS	5	108	0	False	False	True	1640	0.0119	0.09658	0.2743	1.721e-05	0.01316	0.1066	0.2392	5.19e-06	1.792e-05	9.101e-06	0.4083
GERAH	5	250	0	False	False	True	1409	0.00969	0.1116	0.08766	1.417e-13	0.01274	0.1422	0.04055	2.194e-17	7.197e-13	2.636e-16	0.4083
GERENT	6	112	0	False	False	True	1584	0.01163	0.1083	0.2698	2.647e-06	0.0122	0.1364	0.253	7.397e-08	3.328e-06	1.822e-07	0.4083
GESSO	5	108	0	False	False	True	1640	0.0119	0.09658	0.2743	1.721e-05	0.01316	0.1066	0.2392	5.19e-06	1.792e-05	9.101e-06	0.4083
GHEST	5	176	0	False	False	False	1547	0.009399	0.1053	0.1898	3.15e-09	0.01316	0.1268	0.09718	4.36e-11	7.89e-09	2.095e-10	0.4083
GIRSH	5	116	0	False	False	True	1590	0.01136	0.1023	0.2656	3.671e-06	0.01362	0.1154	0.2037	6.661e-07	4.392e-06	1.301e-06	0.4083
GOETH	5	108	0	False	False	False	1640	0.0119	0.09658	0.2743	1.721e-05	0.01316	0.1066	0.2392	5.19e-06	1.792e-05	9.101e-06	0.4083
GOIER	5	240	0	False	False	False	1452	0.01	0.1118	0.08963	4.387e-13	0.01298	0.1406	0.04351	1.604e-16	2.042e-12	1.658e-15	0.4083
GOIEST	6	128	0	False	False	False	1544	0.01087	0.1124	0.2469	2.363e-07	0.01351	0.14	0.1753	4.129e-09	3.927e-07	1.335e-08	0.4083
GOY	3	228	0	False	True	True	132	0.01953	0.172	0.01114	2.067e-19	0.0405	0.1886	8.051e-05	2.023e-21	1.875e-18	3.91e-20	0.007157
GUEST	5	124	0	False	False	True	1560	0.01062	0.1	0.2662	2.119e-06	0.01351	0.1146	0.1851	2.795e-07	2.82e-06	5.832e-07	0.4083
HAOLE	5	222	0	False	True	True	1451	0.009434	0.1085	0.1219	8.471e-12	0.01231	0.1376	0.06401	5.351e-15	3.289e-11	4.487e-14	0.4083
HAOLES	6	110	0	False	True	False	1633	0.0119	0.1077	0.2678	3.603e-06	0.0125	0.1344	0.2507	1.276e-07	4.351e-06	2.947e-07	0.4083
HARELD	6	136	0	False	False	False	1448	0.01042	0.1143	0.2407	6.767e-08	0.01333	0.1455	0.1611	5.2e-10	1.294e-07	1.959e-09	0.4083
HERIOT	6	166	0	False	False	True	1234	0.009434	0.12	0.2073	6.099e-10	0.01299	0.152	0.1142	1.305e-12	1.721e-09	7.947e-12	0.4083
HINAU	5	134	0	False	False	True	1618	0.01	0.1042	0.2601	3.967e-07	0.01306	0.1176	0.1719	5.201e-08	6.231e-07	1.397e-07	0.4083
HIRSEL	6	164	0	False	False	True	1261	0.009804	0.1209	0.1987	6.668e-10	0.01333	0.1532	0.1107	1.433e-12	1.847e-09	8.551e-12	0.4083
HIRSLE	6	112	0	False	False	True	1584	0.01163	0.1083	0.2698	2.647e-06	0.0122	0.1364	0.253	7.397e-08	3.328e-06	1.822e-07	0.4083
HOIDEN	6	112	0	False	False	False	1584	0.01163	0.1083	0.2698	2.647e-06	0.0122	0.1364	0.253	7.397e-08	3.328e-06	1.822e-07	0.4083
HORI	4	770	0	False	True	False	743	0.0153	0.1847	7.002e-06	5.335e-69	0.0326	0.2274	8.238e-12	5.26e-87	4.312e-67	1.169e-84	1.831e-09
HORIS	5	394	0	False	True	False	1122	0.008641	0.1431	0.03273	3.78e-27	0.01274	0.1814	0.006401	5.563e-35	5.795e-26	2.748e-33	0.1799
HUIA	4	156	0	False	False	True	813	0.01596	0.1319	0.08131	2.591e-10	0.01971	0.1469	0.0448	1.72e-11	8.053e-10	8.84e-11	0.4083
IAMB	4	116	0	True	False	True	708	0.01745	0.1272	0.1297	1.397e-07	0.008106	0.02372	0.389	0.06171	2.397e-07	0.06572	0.4083
IBIS	4	156	0	True	False	True	813	0.01596	0.1319	0.08131	2.591e-10	0.006599	0.02419	0.356	0.02191	8.053e-10	0.02799	0.4083
ICTAL	5	224	0	True	False	False	1443	0.009634	0.1089	0.1144	6.058e-12	0.004673	0.01714	0.3502	0.02079	2.415e-11	0.02716	0.4083
IDEATA	6	134	0	True	False	False	1487	0.01042	0.1154	0.2458	7.33e-08	0.00774	0.02778	0.353	0.02294	1.372e-07	0.02905	0.4083
IDYL	4	126	0	True	False	True	722	0.01672	0.1324	0.1194	1.7e-08	0.007441	0.02027	0.3902	0.07575	3.651e-08	0.07895	0.4083
IFTAR	5	146	0	True	False	False	1530	0.009434	0.1062	0.2506	7.651e-08	0.006242	0.01899	0.4008	0.06086	1.402e-07	0.06542	0.4083
IGAD	4	284	0	True	False	False	953	0.01429	0.1667	0.0168	3.255e-23	0.003532	0.02318	0.3661	0.001281	3.858e-22	0.002008	0.4083
IGLU	4	146	0	True	False	False	790	0.01596	0.1384	0.09551	3.58e-10	0.006337	0.02167	0.3953	0.0408	1.075e-09	0.04626	0.4083
IGNARO	6	128	0	True	False	False	1544	0.01087	0.1124	0.2469	2.363e-07	0.008252	0.02941	0.3462	0.0219	3.927e-07	0.02799	0.4083
IKAT	4	150	0	True	False	True	808	0.01608	0.1366	0.08793	2.701e-10	0.006394	0.02308	0.3821	0.03013	8.339e-10	0.03562	0.4083
IKON	4	116	0	True	False	False	708	0.01745	0.1272	0.1297	1.397e-07	0.008106	0.02372	0.389	0.06171	2.397e-07	0.06572	0.4083
ILEUM	5	114	0	True	False	True	1638	0.01163	0.1	0.2636	6.076e-06	0.008197	0.02174	0.3913	0.08163	6.838e-06	0.08389	0.4083
ILEUS	5	214	0	True	False	True	1467	0.009579	0.1091	0.1275	1.838e-11	0.004647	0.01852	0.3691	0.01831	6.983e-11	0.02478	0.4083
ILIA	4	568	0	True	False	True	850	0.01488	0.1729	0.0001999	1.476e-47	0.002346	0.02303	0.2634	1.793e-06	5.706e-46	3.32e-06	0.4083
ILIAC	5	100	0	True	False	True	1656	0.0125	0.1	0.2843	2.656e-05	0.008929	0.01942	0.4078	0.1407	2.705e-05	0.1409	0.4092
ILIAD	5	116	0	True	False	False	1590	0.01136	0.1023	0.2656	3.671e-06	0.008197	0.02174	0.3849	0.07812	4.392e-06	0.08103	0.4083
ILIAL	5	130	0	True	False	True	1587	0.01	0.1034	0.2708	6.836e-07	0.007236	0.02143	0.389	0.05981	1.011e-06	0.06466	0.4083
IMARI	5	228	0	True	False	False	1452	0.009738	0.1111	0.1074	2.174e-12	0.004579	0.01761	0.3512	0.01743	9.247e-12	0.02361	0.4083
INAPT	5	218	0	True	False	True	1446	0.009479	0.1086	0.1254	1.308e-11	0.004682	0.0177	0.3595	0.02038	4.99e-11	0.02693	0.4083
INARM	5	332	0	True	False	True	1207	0.009259	0.1375	0.04558	4.699e-22	0.003644	0.02676	0.2976	0.0001229	5.222e-21	0.0002005	0.4083
INARMS	6	100	0	True	False	False	1721	0.0125	0.1047	0.2843	1.582e-05	0.0104	0.03178	0.3517	0.03958	1.662e-05	0.045	0.4083
INCLE	5	150	0	True	False	False	1550	0.009434	0.1061	0.2413	4.939e-08	0.006235	0.01923	0.3914	0.05433	9.78e-08	0.06075	0.4083
INDEW	5	114	0	True	False	False	1638	0.01163	0.1	0.2636	6.076e-06	0.008197	0.02174	0.3913	0.08163	6.838e-06	0.08389	0.4083
INDRI	5	182	0	True	False	True	1539	0.009506	0.1085	0.1758	8.374e-10	0.005394	0.0201	0.3737	0.02483	2.298e-09	0.0307	0.4083
INEARTH	7	132	0	True	False	True	428	0.0102	0.1034	0.2582	5.495e-07	0.007367	0.02963	0.3768	0.01887	8.393e-07	0.02533	0.4083
INERM	5	414	0	True	False	True	1063	0.008468	0.1424	0.02958	2.35e-28	0.002909	0.02874	0.2994	5.722e-06	4.097e-27	9.993e-06	0.4083
INGOES	6	142	0	True	False	False	1393	0.009804	0.114	0.2468	3.413e-08	0.007342	0.02753	0.3512	0.019	6.943e-08	0.02536	0.4083
INHERE	6	112	0	True	False	True	1584	0.01163	0.1083	0.2698	2.647e-06	0.009091	0.03279	0.3596	0.0239	3.328e-06	0.02981	0.4083
INISLE	6	142	0	True	False	False	1393	0.009804	0.114	0.2468	3.413e-08	0.007342	0.02753	0.3512	0.019	6.943e-08	0.02536	0.4083
INLIER	6	128	0	True	False	True	1544	0.01087	0.1124	0.2469	2.363e-07	0.008252	0.02941	0.3462	0.0219	3.927e-07	0.02799	0.4083
INLY	4	198	0	True	False	True	896	0.01596	0.1454	0.04138	3.082e-14	0.005519	0.02874	0.3343	0.00311	1.713e-13	0.004663	0.4083
INORB	5	122	0	True	False	True	1598	0.0108	0.1023	0.2659	1.921e-06	0.008065	0.02308	0.3724	0.05794	2.6e-06	0.06367	0.4083
INROAD	6	116	0	True	False	True	1606	0.01136	0.1078	0.2656	1.801e-06	0.008913	0.03178	0.354	0.02361	2.478e-06	0.02952	0.4083
INRUN	5	112	0	True	False	True	1583	0.01163	0.09848	0.2698	9.057e-06	0.008197	0.02174	0.3978	0.0853	9.759e-06	0.08706	0.4083
INSEEM	6	114	0	True	False	False	1652	0.01163	0.1068	0.2636	2.572e-06	0.009042	0.03178	0.355	0.02518	3.313e-06	0.03088	0.4083
INSPO	5	204	0	True	False	False	1445	0.009615	0.1104	0.1393	4.333e-11	0.004854	0.01875	0.3706	0.02104	1.55e-10	0.02731	0.4083
INSTEP	6	138	0	True	False	True	1403	0.0102	0.114	0.2428	5.54e-08	0.007646	0.02941	0.3467	0.01625	1.085e-07	0.02219	0.4083
INSTIL	6	150	0	True	False	False	1319	0.009434	0.1118	0.2413	1.877e-08	0.007032	0.02715	0.3469	0.0161	3.983e-08	0.02209	0.4083
INTOED	6	168	0	True	False	True	1259	0.009434	0.1188	0.2034	5.909e-10	0.006511	0.0283	0.3337	0.00804	1.706e-09	0.01141	0.4083
INULA	5	188	0	True	False	True	1527	0.009615	0.1084	0.1626	4.255e-10	0.005348	0.02037	0.3649	0.02086	1.274e-09	0.02716	0.4083
INUST	5	260	0	True	False	False	1405	0.009615	0.1139	0.0811	2.241e-14	0.004307	0.02373	0.3255	0.001941	1.311e-13	0.00297	0.4083
IOLITE	6	120	0	True	False	True	1590	0.01134	0.1093	0.2545	9.225e-07	0.008621	0.02941	0.3538	0.02781	1.342e-06	0.03327	0.4083
IRENIC	6	134	0	True	False	True	1487	0.01042	0.1154	0.2458	7.33e-08	0.00774	0.02778	0.353	0.02294	1.372e-07	0.02905	0.4083
IRISATE	7	106	0	True	False	False	569	0.0119	0.1091	0.281	4.812e-06	0.009634	0.02963	0.3584	0.04124	5.701e-06	0.0467	0.4083
IRREAL	6	114	0	True	False	False	1652	0.01163	0.1068	0.2636	2.572e-06	0.009042	0.03178	0.355	0.02518	3.313e-06	0.03088	0.4083
ISATIN	6	290	0	True	False	True	703	0.008162	0.1156	0.09287	3.346e-16	0.004181	0.04221	0.2967	3.704e-06	2.38e-15	6.693e-06	0.4083
ISATINE	7	142	0	True	False	False	387	0.009434	0.1034	0.2603	1.844e-07	0.007025	0.02941	0.3675	0.01442	3.122e-07	0.01991	0.4083
ISBA	4	298	0	True	False	True	956	0.01429	0.1693	0.01373	1.002e-24	0.003417	0.01701	0.3606	0.006026	1.33e-23	0.008754	0.4083
ISNA	4	1892	0	True	False	False	281	0.0276	0.2283	1.015e-23	1.118e-213	0.003386	0.04408	0.001633	9.099e-38	4.971e-211	4.758e-36	0.08541
ISNAE	5	896	0	True	False	False	458	0.01214	0.2092	1.763e-05	4.508e-92	0.004373	0.02495	0.0197	1.478e-10	5.725e-90	6.29e-10	0.2968
ISOMER	6	148	0	True	False	True	1354	0.009434	0.1147	0.2459	1.475e-08	0.007023	0.02778	0.3524	0.01546	3.253e-08	0.02125	0.4083
ISSEI	5	298	0	True	False	True	1318	0.008905	0.119	0.06956	3.943e-17	0.003688	0.02584	0.3326	0.0004086	2.971e-16	0.0006557	0.4083
ISTANA	6	220	0	True	False	False	985	0.007622	0.125	0.1858	1.745e-13	0.005131	0.0309	0.3225	0.001003	8.666e-13	0.001582	0.4083
ISTLE	5	646	0	True	False	True	675	0.007857	0.1566	0.006125	1.672e-48	0.003185	0.01859	0.1274	5.447e-06	7.077e-47	9.532e-06	0.4083
ISTLES	6	216	0	True	False	False	985	0.007576	0.125	0.1935	2.977e-13	0.005079	0.02924	0.3329	0.001646	1.408e-12	0.002545	0.4083
ITERANT	7	196	0	True	False	True	220	0.009563	0.1141	0.1521	4.876e-11	0.00622	0.02251	0.2944	0.01153	1.734e-10	0.01617	0.4083
ITERATES	8	128	0	True	False	False	17	0.01516	0.1328	0.1414	1.198e-08					2.717e-08	1	1
IWI	3	106	0	True	False	False	75	0.02286	0.1132	0.08621	2.945e-06	0.02244	0.05434	0.09021	0.002678	3.637e-06	0.004055	0.4083
KARST	5	130	0	False	False	True	1587	0.01	0.1034	0.2708	6.836e-07	0.01299	0.1154	0.1828	1.197e-07	1.011e-06	2.823e-07	0.4083
KEIRS	5	110	0	False	False	False	1618	0.0119	0.09658	0.2678	1.405e-05	0.01282	0.1071	0.2419	3.855e-06	1.494e-05	6.882e-06	0.4083
KERO	4	274	0	False	False	False	941	0.01429	0.1604	0.0194	1.581e-21	0.02273	0.1862	0.001838	3.026e-25	1.654e-20	7.27e-24	0.08599
KEROS	5	114	0	False	False	False	1638	0.01163	0.1	0.2636	6.076e-06	0.01351	0.1111	0.212	1.474e-06	6.838e-06	2.736e-06	0.4083
KESAR	5	156	0	False	False	False	1564	0.01053	0.1091	0.1919	1.493e-08	0.01451	0.1272	0.1022	6.068e-10	3.253e-08	2.238e-09	0.4083
KSAR	4	246	0	False	False	False	924	0.01551	0.1587	0.0214	3.416e-19	0.02116	0.1798	0.005193	6.623e-22	3.037e-18	1.308e-20	0.1649
LAARI	5	192	0	False	False	False	1484	0.009461	0.1094	0.1612	2.197e-10	0.01252	0.1322	0.08899	1.507e-12	7.001e-10	8.872e-12	0.4083
LAARIS	6	104	0	False	False	False	1642	0.0122	0.108	0.2791	6.905e-06	0.01309	0.1316	0.254	4.246e-07	7.673e-06	8.52e-07	0.4083
LABRET	6	106	0	False	False	True	1597	0.0119	0.1087	0.281	5.044e-06	0.01269	0.1354	0.2582	2.002e-07	5.838e-06	4.348e-07	0.4083
LADINO	6	122	0	False	False	False	1541	0.01111	0.1111	0.2559	5.746e-07	0.01316	0.1373	0.1987	1.505e-08	8.615e-07	4.359e-08	0.4083
LAESIE	6	218	0	False	False	False	967	0.007576	0.125	0.1906	2.279e-13	0.01137	0.1549	0.08263	1.174e-16	1.11e-12	1.257e-15	0.4083
LAITY	5	108	0	False	False	True	1640	0.0119	0.09658	0.2743	1.721e-05	0.01316	0.1066	0.2392	5.19e-06	1.792e-05	9.101e-06	0.4083
LAMIA	5	146	0	False	False	True	1530	0.009434	0.1062	0.2506	7.651e-08	0.01316	0.1241	0.1446	3.937e-09	1.402e-07	1.277e-08	0.4083
LANAI	5	248	0	False	False	False	1435	0.00996	0.1136	0.08353	1.018e-13	0.0128	0.1422	0.04093	2.982e-17	5.293e-13	3.443e-16	0.4083
LANAIS	6	112	0	False	False	False	1584	0.01163	0.1083	0.2698	2.647e-06	0.0122	0.1364	0.253	7.397e-08	3.328e-06	1.822e-07	0.4083
LARIAT	6	138	0	False	False	True	1403	0.0102	0.114	0.2428	5.54e-08	0.01333	0.1448	0.1569	4.191e-10	1.085e-07	1.627e-09	0.4083
LATAH	5	178	0	False	False	True	1525	0.00956	0.1089	0.1809	1.219e-09	0.01316	0.1292	0.09464	2.017e-11	3.215e-09	1.013e-10	0.4083
LATERAD	7	102	0	False	False	True	634	0.0125	0.1111	0.2772	6.06e-06	0.01341	0.1392	0.2524	2.288e-07	6.838e-06	4.866e-07	0.4083
LATRIA	6	198	0	False	False	True	1061	0.009009	0.1216	0.1666	7.063e-12	0.01294	0.1507	0.07583	9.029e-15	2.791e-11	7.364e-14	0.4083
LEHRS	5	246	0	False	False	False	1410	0.009798	0.1115	0.08874	2.319e-13	0.01274	0.1402	0.04269	7.301e-17	1.115e-12	8.013e-16	0.4083
LEPID	5	106	0	False	False	False	1573	0.0119	0.09821	0.281	1.742e-05	0.01316	0.1071	0.2456	6.066e-06	1.797e-05	1.045e-05	0.4083
LES	3	4892	0	False	True	False	96	0.03973	0.2399	7.401e-87	0	0.1098	0.3889	7.936e-248	0	0	0	7.055e-245
LESBO	5	118	0	False	True	False	1560	0.01111	0.103	0.2675	2.704e-06	0.01366	0.1161	0.1973	4.756e-07	3.352e-06	9.354e-07	0.4083
LESES	5	358	0	False	True	False	1159	0.009479	0.1401	0.03306	3.368e-24	0.01302	0.1815	0.009165	7.165e-32	4.278e-23	2.45e-30	0.2037
LEZ	3	126	0	False	True	False	81	0.02222	0.1346	0.05892	1.226e-08	0.02373	0.1576	0.04848	4.144e-10	2.765e-08	1.623e-09	0.4083
LIAISE	6	112	0	False	False	False	1584	0.01163	0.1083	0.2698	2.647e-06	0.0122	0.1364	0.253	7.397e-08	3.328e-06	1.822e-07	0.4083
LIERNE	6	154	0	False	False	True	1328	0.009848	0.114	0.2178	7.983e-09	0.01333	0.1506	0.1265	1.202e-11	1.903e-08	6.322e-11	0.4083
LILAC	5	108	0	False	False	True	1640	0.0119	0.09658	0.2743	1.721e-05	0.01316	0.1066	0.2392	5.19e-06	1.792e-05	9.101e-06	0.4083
LISENTE	7	124	0	False	False	False	464	0.01064	0.1064	0.2655	8.766e-07	0.01511	0.1354	0.1515	1.459e-08	1.288e-06	4.267e-08	0.4083
LITAI	5	310	0	False	False	False	1276	0.008696	0.1245	0.06669	1.273e-18	0.0123	0.1629	0.0216	1.161e-24	1.098e-17	2.715e-23	0.32
LLANO	5	150	0	False	False	True	1550	0.009434	0.1061	0.2413	4.939e-08	0.0137	0.125	0.1263	2.001e-09	9.78e-08	6.841e-09	0.4083
LOERIE	6	142	0	False	False	False	1393	0.009804	0.114	0.2468	3.413e-08	0.01333	0.1441	0.1487	2.549e-10	6.943e-08	1.016e-09	0.4083
LOHAN	5	174	0	False	False	True	1574	0.009461	0.1069	0.1913	2.859e-09	0.01351	0.1284	0.09373	4.09e-11	7.2e-09	1.976e-10	0.4083
LOIPE	5	126	0	False	False	False	1537	0.0102	0.1	0.2746	1.716e-06	0.01332	0.1154	0.1847	1.955e-07	2.399e-06	4.348e-07	0.4083
LOTAH	5	226	0	False	False	False	1428	0.009913	0.1096	0.1052	4.071e-12	0.0125	0.1384	0.05826	2.398e-15	1.652e-11	2.176e-14	0.4083
LOTSA	5	470	0	False	False	False	909	0.007661	0.1536	0.02692	9.059e-35	0.0127	0.1936	0.002457	1.232e-44	2.177e-33	7.824e-43	0.104
LOUED	5	110	0	False	False	False	1618	0.0119	0.09658	0.2678	1.405e-05	0.01282	0.1071	0.2419	3.855e-06	1.494e-05	6.882e-06	0.4083
LWEI	4	172	0	False	False	False	835	0.01639	0.141	0.05825	4.412e-12	0.02107	0.1538	0.02567	3.321e-13	1.767e-11	2.237e-12	0.3681
LYAM	4	116	0	False	False	True	708	0.01745	0.1272	0.1297	1.397e-07	0.02039	0.1364	0.09161	4.115e-08	2.397e-07	1.136e-07	0.4083
LYART	5	118	0	False	False	False	1560	0.01111	0.103	0.2675	2.704e-06	0.01366	0.1161	0.1973	4.756e-07	3.352e-06	9.354e-07	0.4083
LYASE	5	148	0	False	False	False	1584	0.009488	0.1056	0.2439	6.716e-08	0.01341	0.1207	0.1357	5.408e-09	1.294e-07	1.729e-08	0.4083
LYSIN	5	102	0	False	False	True	1622	0.01223	0.09595	0.2852	3.401e-05	0.01389	0.1058	0.2401	1.117e-05	3.401e-05	1.855e-05	0.4083
MAERL	5	274	0	False	False	False	1362	0.009259	0.117	0.07817	1.583e-15	0.01232	0.1558	0.03353	7.022e-21	1.058e-14	1.328e-19	0.4083
MAERLS	6	108	0	False	False	False	1661	0.0119	0.1071	0.2743	4.836e-06	0.01282	0.133	0.2482	2.025e-07	5.701e-06	4.348e-07	0.4083
MANITO	6	132	0	False	False	True	1445	0.01042	0.1136	0.251	1.216e-07	0.01346	0.1424	0.1672	1.558e-09	2.127e-07	5.389e-09	0.4083
MANRED	6	108	0	False	False	True	1661	0.0119	0.1071	0.2743	4.836e-06	0.01282	0.133	0.2482	2.025e-07	5.701e-06	4.348e-07	0.4083
MARAH	5	124	0	False	False	False	1560	0.01062	0.1	0.2662	2.119e-06	0.01351	0.1146	0.1851	2.795e-07	2.82e-06	5.832e-07	0.4083
MARERO	6	102	0	False	False	False	1673	0.0125	0.1081	0.2772	8.548e-06	0.01316	0.1298	0.259	6.925e-07	9.347e-06	1.324e-06	0.4083
MASLIN	6	104	0	False	False	True	1642	0.0122	0.108	0.2791	6.905e-06	0.01309	0.1316	0.254	4.246e-07	7.673e-06	8.52e-07	0.4083
MATAI	5	160	0	False	False	True	1576	0.01015	0.1088	0.1954	9.903e-09	0.01437	0.1296	0.09871	2.252e-10	2.281e-08	9.144e-10	0.4083
MATLO	5	144	0	False	False	False	1567	0.009615	0.1058	0.2487	1.02e-07	0.01316	0.1231	0.1485	6.116e-09	1.814e-07	1.877e-08	0.4083
MEITH	5	166	0	False	False	True	1505	0.009615	0.1084	0.2011	5.315e-09	0.01344	0.1319	0.1058	6.386e-11	1.284e-08	2.896e-10	0.4083
MENSH	5	158	0	False	False	False	1537	0.01031	0.1089	0.1945	1.223e-08	0.01437	0.1293	0.1016	3.151e-10	2.765e-08	1.245e-09	0.4083
MEOU	4	222	0	False	False	False	924	0.015	0.1554	0.0349	5.142e-17	0.02205	0.1773	0.007082	1.525e-19	3.809e-16	2.465e-18	0.1799
MERINO	6	134	0	False	False	False	1487	0.01042	0.1154	0.2458	7.33e-08	0.01353	0.1456	0.1611	6.912e-10	1.372e-07	2.498e-09	0.4083
MESETA	6	204	0	False	False	False	1038	0.009245	0.1213	0.1504	3.536e-12	0.01266	0.1506	0.07433	3.423e-15	1.449e-11	2.926e-14	0.4083
MESIAN	6	174	0	False	False	True	1226	0.009434	0.1195	0.1922	2.406e-10	0.01302	0.153	0.1022	2.829e-13	7.559e-10	1.934e-12	0.4083
MESIC	5	190	0	False	False	True	1506	0.009479	0.1086	0.1637	3.269e-10	0.01251	0.1319	0.09145	2.126e-12	9.919e-10	1.236e-11	0.4083
METIF	5	100	0	False	False	False	1656	0.0125	0.1	0.2843	2.656e-05	0.01429	0.1084	0.2372	1.04e-05	2.705e-05	1.744e-05	0.4083
MIHA	4	250	0	False	False	False	937	0.01563	0.1604	0.01949	1.05e-19	0.0216	0.1813	0.004257	1.908e-22	1.003e-18	4.038e-21	0.1462
MIHAS	5	124	0	False	False	False	1560	0.01062	0.1	0.2662	2.119e-06	0.01351	0.1146	0.1851	2.795e-07	2.82e-06	5.832e-07	0.4083
MPRET	5	146	0	False	False	True	1530	0.009434	0.1062	0.2506	7.651e-08	0.01316	0.1241	0.1446	3.937e-09	1.402e-07	1.277e-08	0.4083
MUNT	4	210	0	False	True	True	907	0.01596	0.1528	0.03411	7.576e-16	0.02331	0.1708	0.007061	8.218e-18	5.141e-15	1.074e-16	0.1799
MURENA	6	104	0	False	False	False	1642	0.0122	0.108	0.2791	6.905e-06	0.01309	0.1316	0.254	4.246e-07	7.673e-06	8.52e-07	0.4083
MYAL	4	110	0	False	False	True	666	0.01639	0.1269	0.1623	3.303e-07	0.01916	0.1364	0.1191	9.917e-08	5.339e-07	2.376e-07	0.4083
MYC	3	106	0	False	False	False	75	0.02286	0.1132	0.08621	2.945e-06	0.02397	0.141	0.07644	1.004e-07	3.637e-06	2.4e-07	0.4083
NADIR	5	374	0	False	False	True	1157	0.007764	0.1399	0.05419	3.379e-25	0.01268	0.1799	0.008445	6.094e-33	4.769e-24	2.462e-31	0.1982
NADIRS	6	152	0	False	False	False	1294	0.009259	0.1133	0.2432	1.16e-08	0.01333	0.1493	0.13	2.136e-11	2.637e-08	1.061e-10	0.4083
NADORS	6	106	0	False	False	False	1597	0.0119	0.1087	0.281	5.044e-06	0.01269	0.1354	0.2582	2.002e-07	5.838e-06	4.348e-07	0.4083
NAEVI	5	112	0	False	False	False	1583	0.01163	0.09848	0.2698	9.057e-06	0.0125	0.1099	0.2444	2.179e-06	9.759e-06	3.954e-06	0.4083
NAGOR	5	170	0	False	False	True	1541	0.009615	0.1066	0.1935	4.801e-09	0.01351	0.1285	0.09897	6.998e-11	1.176e-08	3.08e-10	0.4083
NAIAD	5	144	0	False	False	True	1567	0.009615	0.1058	0.2487	1.02e-07	0.01316	0.1231	0.1485	6.116e-09	1.814e-07	1.877e-08	0.4083
NAIRA	5	506	0	False	False	False	854	0.007791	0.1573	0.01911	2.447e-38	0.01301	0.195	0.001324	2.124e-48	6.592e-37	1.716e-46	0.07359
NAIRAS	6	182	0	False	False	False	1169	0.008993	0.1154	0.1932	2.039e-10	0.01266	0.1506	0.09838	1.243e-13	6.638e-10	9.055e-13	0.4083
NAIRU	5	240	0	False	False	False	1452	0.01	0.1118	0.08963	4.387e-13	0.01298	0.1406	0.04351	1.604e-16	2.042e-12	1.658e-15	0.4083
NALEDS	6	216	0	False	False	False	985	0.007576	0.125	0.1935	2.977e-13	0.01143	0.1549	0.08343	1.644e-16	1.408e-12	1.66e-15	0.4083
NANCE	5	142	0	False	True	False	1602	0.009615	0.1058	0.2536	1.276e-07	0.01316	0.125	0.1525	5.823e-09	2.211e-07	1.836e-08	0.4083
NANITES	7	102	0	False	False	False	634	0.0125	0.1111	0.2772	6.06e-06	0.01341	0.1392	0.2524	2.288e-07	6.838e-06	4.866e-07	0.4083
NAOI	4	954	0	False	False	False	624	0.01777	0.2061	3.735e-08	2.457e-96	0.0337	0.2432	6.246e-15	3.443e-116	4.369e-94	1.53e-113	2.776e-12
NAOSES	6	164	0	False	False	False	1261	0.009804	0.1209	0.1987	6.668e-10	0.01333	0.1532	0.1107	1.433e-12	1.847e-09	8.551e-12	0.4083
NARIAL	6	124	0	False	False	True	1508	0.01087	0.1111	0.2579	4.54e-07	0.01306	0.1383	0.196	9.645e-09	6.983e-07	2.868e-08	0.4083
NARIC	5	342	0	False	False	True	1198	0.00916	0.1376	0.04297	1.033e-22	0.01255	0.1784	0.01332	6.564e-30	1.177e-21	2.012e-28	0.2547
NASIAL	6	144	0	False	False	True	1360	0.009804	0.114	0.242	2.679e-08	0.01299	0.1455	0.1522	1.479e-10	5.552e-08	6.29e-10	0.4083
NASION	6	156	0	False	False	True	1301	0.0102	0.121	0.2019	1.84e-09	0.01351	0.1533	0.1197	5.286e-12	4.7e-09	2.901e-11	0.4083
NASTIC	6	148	0	False	False	True	1354	0.009434	0.1147	0.2459	1.475e-08	0.01313	0.1462	0.1415	6.985e-11	3.253e-08	3.08e-10	0.4083
NASUTE	6	124	0	False	False	True	1508	0.01087	0.1111	0.2579	4.54e-07	0.01306	0.1383	0.196	9.645e-09	6.983e-07	2.868e-08	0.4083
NEELD	5	206	0	False	False	True	1424	0.009615	0.1094	0.1366	4.342e-11	0.0125	0.1331	0.07493	1.683e-13	1.55e-10	1.207e-12	0.4083
NEGRO	5	266	0	False	True	True	1352	0.009381	0.1156	0.0815	6.46e-15	0.01243	0.1507	0.03592	1.332e-19	4.223e-14	2.193e-18	0.4083
NEIFS	5	116	0	False	False	False	1590	0.01136	0.1023	0.2656	3.671e-06	0.01362	0.1154	0.2037	6.661e-07	4.392e-06	1.301e-06	0.4083
NELIS	5	788	0	False	False	False	529	0.01092	0.196	0.0001749	2.216e-75	0.0159	0.2455	3.281e-06	3.896e-97	2.462e-73	1.154e-94	0.0003241
NEPIT	5	242	0	False	False	False	1440	0.009993	0.1113	0.08799	3.983e-13	0.01276	0.1402	0.04475	1.336e-16	1.873e-12	1.414e-15	0.4083
NEPITS	6	122	0	False	False	False	1541	0.01111	0.1111	0.2559	5.746e-07	0.01316	0.1373	0.1987	1.505e-08	8.615e-07	4.359e-08	0.4083
NERDIC	6	104	0	False	False	False	1642	0.0122	0.108	0.2791	6.905e-06	0.01309	0.1316	0.254	4.246e-07	7.673e-06	8.52e-07	0.4083
NEREID	6	218	0	False	False	False	967	0.007576	0.125	0.1906	2.279e-13	0.01137	0.1549	0.08263	1.174e-16	1.11e-12	1.257e-15	0.4083
NEREIS	6	346	0	False	False	False	524	0.008315	0.1396	0.05563	2.538e-23	0.01138	0.1722	0.01906	4.052e-29	3.049e-22	1.059e-27	0.2968
NERINE	6	204	0	False	False	True	1038	0.009245	0.1213	0.1504	3.536e-12	0.01266	0.1506	0.07433	3.423e-15	1.449e-11	2.926e-14	0.4083
NERINES	7	116	0	False	False	False	516	0.01136	0.1087	0.2656	1.593e-06	0.01322	0.1333	0.2136	6.22e-08	2.258e-06	1.612e-07	0.4083
NERKA	5	102	0	False	False	False	1622	0.01223	0.09595	0.2852	3.401e-05	0.01389	0.1058	0.2401	1.117e-05	3.401e-05	1.855e-05	0.4083
NEROL	5	550	0	False	False	False	790	0.00795	0.1573	0.0124	1.312e-41	0.01473	0.1985	0.0002859	1.436e-53	3.889e-40	1.418e-51	0.01816
NEROLI	6	212	0	False	False	False	992	0.008621	0.125	0.1595	5.078e-13	0.01191	0.1534	0.07892	4.654e-16	2.292e-12	4.449e-15	0.4083
NEROLIS	7	104	0	False	False	False	595	0.0122	0.11	0.2791	5.452e-06	0.01316	0.14	0.2522	1.541e-07	6.286e-06	3.504e-07	0.4083
NEROLS	6	228	0	False	False	False	946	0.007576	0.125	0.1766	5.996e-14	0.01137	0.1527	0.0737	3.923e-17	3.23e-13	4.471e-16	0.4083
NETOP	5	306	0	False	False	True	1290	0.00885	0.1218	0.06587	5.424e-18	0.0123	0.161	0.02269	4.686e-24	4.424e-17	1.068e-22	0.3308
NETOPS	6	134	0	False	False	False	1487	0.01042	0.1154	0.2458	7.33e-08	0.01353	0.1456	0.1611	6.912e-10	1.372e-07	2.498e-09	0.4083
NEUM	4	256	0	False	False	False	939	0.01454	0.156	0.02355	1.408e-19	0.02108	0.1809	0.004276	6.621e-23	1.304e-18	1.471e-21	0.1462
NGAI	4	680	0	False	False	True	813	0.01704	0.1738	8.389e-06	4.251e-57	0.03226	0.2137	2.073e-10	9.917e-72	2.907e-55	1.763e-69	3.685e-08
NGAIO	5	160	0	False	False	True	1576	0.01015	0.1088	0.1954	9.903e-09	0.01437	0.1296	0.09871	2.252e-10	2.281e-08	9.144e-10	0.4083
NGATI	5	328	0	False	False	False	1242	0.009259	0.1346	0.0473	2.563e-21	0.01249	0.1747	0.01621	4.489e-28	2.65e-20	1.14e-26	0.2853
NGATIS	6	146	0	False	False	False	1319	0.009615	0.1154	0.244	1.683e-08	0.01351	0.1494	0.1372	5.47e-11	3.632e-08	2.52e-10	0.4083
NGOMA	5	102	0	False	False	False	1622	0.01223	0.09595	0.2852	3.401e-05	0.01389	0.1058	0.2401	1.117e-05	3.401e-05	1.855e-05	0.4083
NICAD	5	178	0	False	False	False	1525	0.00956	0.1089	0.1809	1.219e-09	0.01316	0.1292	0.09464	2.017e-11	3.215e-09	1.013e-10	0.4083
NICHT	5	160	0	False	False	False	1576	0.01015	0.1088	0.1954	9.903e-09	0.01437	0.1296	0.09871	2.252e-10	2.281e-08	9.144e-10	0.4083
NICOL	5	200	0	False	False	False	1491	0.009434	0.1104	0.1502	6.918e-11	0.01244	0.1378	0.08182	1.337e-13	2.402e-10	9.663e-13	0.4083
NIDAL	5	348	0	False	False	True	1188	0.009479	0.138	0.03636	3.532e-23	0.01282	0.1798	0.01122	1.108e-30	4.078e-22	3.519e-29	0.2266
NIDOR	5	338	0	False	False	True	1196	0.009317	0.1351	0.04226	4.959e-22	0.01254	0.1765	0.01404	3.159e-29	5.248e-21	8.776e-28	0.2547
NIDORS	6	124	0	False	False	False	1508	0.01087	0.1111	0.2579	4.54e-07	0.01306	0.1383	0.196	9.645e-09	6.983e-07	2.868e-08	0.4083
NIDUS	5	146	0	False	False	True	1530	0.009434	0.1062	0.2506	7.651e-08	0.01316	0.1241	0.1446	3.937e-09	1.402e-07	1.277e-08	0.4083
NIGER	5	454	0	False	True	False	935	0.008114	0.1467	0.02475	5.267e-32	0.01315	0.1891	0.002455	4.611e-42	1.142e-30	2.733e-40	0.104
NIGERS	6	212	0	False	True	False	992	0.008621	0.125	0.1595	5.078e-13	0.01191	0.1534	0.07892	4.654e-16	2.292e-12	4.449e-15	0.4083
NIRLED	6	142	0	False	False	False	1393	0.009804	0.114	0.2468	3.413e-08	0.01333	0.1441	0.1487	2.549e-10	6.943e-08	1.016e-09	0.4083
NISEIS	6	170	0	False	False	False	1220	0.009434	0.1191	0.1996	4.37e-10	0.0129	0.1527	0.1099	5.85e-13	1.282e-09	3.769e-12	0.4083
NISUS	5	104	0	False	False	True	1586	0.0122	0.09574	0.2791	2.846e-05	0.01351	0.1053	0.2429	9.469e-06	2.869e-05	1.61e-05	0.4083
NITERIE	7	112	0	False	False	False	525	0.01163	0.1098	0.2698	2.213e-06	0.0125	0.1354	0.2444	8.363e-08	2.937e-06	2.043e-07	0.4083
NITERY	6	150	0	False	False	False	1319	0.009434	0.1118	0.2413	1.877e-08	0.01299	0.1466	0.1407	4.749e-11	3.983e-08	2.234e-10	0.4083
NITID	5	228	0	False	False	True	1452	0.009738	0.1111	0.1074	2.174e-12	0.0125	0.1402	0.05681	1.107e-15	9.247e-12	1.036e-14	0.4083
NOAH	4	568	0	False	False	False	850	0.01488	0.1729	0.0001999	1.476e-47	0.03378	0.2096	3.33e-09	9.272e-59	5.706e-46	1.177e-56	4.229e-07
NOAHS	5	208	0	False	False	False	1454	0.009643	0.1097	0.1332	3.152e-11	0.01255	0.1359	0.07226	6.419e-14	1.153e-10	4.919e-13	0.4083
NOESES	6	138	0	False	False	False	1403	0.0102	0.114	0.2428	5.54e-08	0.01333	0.1448	0.1569	4.191e-10	1.085e-07	1.627e-09	0.4083
NOESIS	6	148	0	False	False	False	1354	0.009434	0.1147	0.2459	1.475e-08	0.01313	0.1462	0.1415	6.985e-11	3.253e-08	3.08e-10	0.4083
NOETIC	6	150	0	False	False	True	1319	0.009434	0.1118	0.2413	1.877e-08	0.01299	0.1466	0.1407	4.749e-11	3.983e-08	2.234e-10	0.4083
NOMEN	5	144	0	False	False	False	1567	0.009615	0.1058	0.2487	1.02e-07	0.01316	0.1231	0.1485	6.116e-09	1.814e-07	1.877e-08	0.4083
NOMIC	5	106	0	False	False	True	1573	0.0119	0.09821	0.281	1.742e-05	0.01316	0.1071	0.2456	6.066e-06	1.797e-05	1.045e-05	0.4083
NONART	6	100	0	False	False	False	1721	0.0125	0.1047	0.2843	1.582e-05	0.01351	0.1228	0.2565	2.039e-06	1.662e-05	3.731e-06	0.4083
NOOIT	5	194	0	False	False	False	1517	0.009579	0.1103	0.1546	1.425e-10	0.01263	0.1331	0.085	9.338e-13	4.727e-10	5.835e-12	0.4083
NOSEAN	6	204	0	False	False	True	1038	0.009245	0.1213	0.1504	3.536e-12	0.01266	0.1506	0.07433	3.423e-15	1.449e-11	2.926e-14	0.4083
NOSTRO	6	190	0	False	False	False	1121	0.008696	0.1147	0.1903	8.895e-11	0.01285	0.1493	0.0856	4.505e-14	3.018e-10	3.513e-13	0.4083
NOTAIRE	7	134	0	False	False	False	438	0.0102	0.1034	0.253	4.417e-07	0.01515	0.1286	0.1293	9.796e-09	6.901e-07	2.884e-08	0.4083
NUTSO	5	258	0	False	False	False	1380	0.009615	0.1131	0.08268	3.608e-14	0.01259	0.1435	0.03801	4.384e-18	1.98e-13	6.286e-17	0.4083
NYAH	4	146	0	False	False	False	790	0.01596	0.1384	0.09551	3.58e-10	0.01902	0.1513	0.06061	3.953e-11	1.075e-09	1.942e-10	0.4083
NYM	3	196	0	False	False	False	112	0.02269	0.1871	0.01113	2.316e-18	0.04593	0.2051	9.947e-05	2.872e-20	1.925e-17	5.211e-19	0.008039
OBESE	5	124	0	True	False	True	1560	0.01062	0.1	0.2662	2.119e-06	0.008039	0.02273	0.3676	0.0578	2.82e-06	0.06367	0.4083
OBIA	4	258	0	True	False	False	931	0.01429	0.1553	0.02442	1.213e-19	0.004007	0.02318	0.3549	0.002357	1.147e-18	0.003581	0.4083
OBIAS	5	130	0	True	False	False	1587	0.01	0.1034	0.2708	6.836e-07	0.007236	0.02143	0.389	0.05981	1.011e-06	0.06466	0.4083
OCEANS	6	106	0	True	False	False	1597	0.0119	0.1087	0.281	5.044e-06	0.009804	0.03178	0.3519	0.03261	5.838e-06	0.0377	0.4083
OCREAS	6	184	0	True	False	False	1149	0.009416	0.1147	0.1754	1.847e-10	0.006098	0.02924	0.3245	0.004254	6.06e-10	0.006335	0.4083
ODAHS	5	150	0	True	False	False	1550	0.009434	0.1061	0.2413	4.939e-08	0.006235	0.01923	0.3914	0.05433	9.78e-08	0.06075	0.4083
ODEON	5	208	0	True	False	True	1454	0.009643	0.1097	0.1332	3.152e-11	0.004854	0.01875	0.3634	0.01951	1.153e-10	0.02596	0.4083
ODEONS	6	110	0	True	False	False	1633	0.0119	0.1077	0.2678	3.603e-06	0.009364	0.03279	0.3553	0.02555	4.351e-06	0.03099	0.4083
ODISM	5	134	0	True	False	False	1618	0.01	0.1042	0.2601	3.967e-07	0.007143	0.02083	0.3827	0.05954	6.231e-07	0.06466	0.4083
ODIST	5	422	0	True	False	True	1032	0.008005	0.1456	0.03366	1.448e-29	0.002904	0.0289	0.2931	4.218e-06	2.682e-28	7.514e-06	0.4083
ODSO	4	344	0	True	False	True	957	0.01493	0.1783	0.005667	4.596e-30	0.003066	0.01553	0.3478	0.004593	8.693e-29	0.006782	0.4083
OECIST	6	140	0	True	False	True	1440	0.0102	0.1154	0.2379	3.513e-08	0.007463	0.02859	0.3504	0.01722	7.097e-08	0.02337	0.4083
OERSTED	7	132	0	True	False	True	428	0.0102	0.1034	0.2582	5.495e-07	0.007367	0.02963	0.3768	0.01887	8.393e-07	0.02533	0.4083
OESTRAL	7	144	0	True	False	False	371	0.009434	0.1034	0.2554	1.482e-07	0.006967	0.02885	0.3654	0.01477	2.539e-07	0.02036	0.4083
OGAM	4	190	0	True	False	True	899	0.01609	0.1429	0.04583	1.906e-13	0.006329	0.03623	0.2993	0.0009011	9.413e-13	0.001433	0.4083
OHED	4	584	0	True	False	False	845	0.01578	0.1752	9.262e-05	1.391e-49	0.002356	0.02356	0.2522	8.958e-07	6.184e-48	1.705e-06	0.4083
OHIAS	5	204	0	True	False	False	1445	0.009615	0.1104	0.1393	4.333e-11	0.004854	0.01875	0.3706	0.02104	1.55e-10	0.02731	0.4083
OHONE	5	144	0	True	False	False	1567	0.009615	0.1058	0.2487	1.02e-07	0.006329	0.01936	0.4008	0.05993	1.814e-07	0.06466	0.4083
OIDIA	5	120	0	True	False	False	1630	0.01109	0.1023	0.2624	2.384e-06	0.008197	0.0229	0.3724	0.06203	3.135e-06	0.06572	0.4083
OLEIC	5	180	0	True	False	True	1568	0.009434	0.1076	0.1816	1.25e-09	0.005406	0.02	0.377	0.02634	3.269e-09	0.03178	0.4083
OLEINE	6	154	0	True	False	False	1328	0.009848	0.114	0.2178	7.983e-09	0.007042	0.02715	0.3368	0.01442	1.903e-08	0.01991	0.4083
OLEO	4	556	0	True	False	True	861	0.01508	0.1728	0.0002148	1.513e-46	0.002397	0.02266	0.2634	2.923e-06	5.605e-45	5.292e-06	0.4083
OLEOS	5	248	0	True	False	False	1435	0.00996	0.1136	0.08353	1.018e-13	0.004405	0.0201	0.3346	0.006501	5.293e-13	0.009367	0.4083
OLESTRA	7	124	0	True	False	False	464	0.01064	0.1064	0.2655	8.766e-07	0.007894	0.02985	0.3743	0.02333	1.288e-06	0.02934	0.4083
OLPAE	5	116	0	True	False	False	1590	0.01136	0.1023	0.2656	3.671e-06	0.008197	0.02174	0.3849	0.07812	4.392e-06	0.08103	0.4083
OMASA	5	114	0	True	False	False	1638	0.01163	0.1	0.2636	6.076e-06	0.008197	0.02174	0.3913	0.08163	6.838e-06	0.08389	0.4083
OMERTA	6	188	0	True	False	False	1154	0.009346	0.1129	0.1711	1.672e-10	0.005814	0.02685	0.3341	0.005999	5.505e-10	0.008728	0.4083
OMRAH	5	124	0	True	False	False	1560	0.01062	0.1	0.2662	2.119e-06	0.008039	0.02273	0.3676	0.0578	2.82e-06	0.06367	0.4083
ONAGER	6	136	0	True	False	True	1448	0.01042	0.1143	0.2407	6.767e-08	0.007704	0.02971	0.3493	0.01655	1.294e-07	0.02257	0.4083
ONDINE	6	106	0	True	False	True	1597	0.0119	0.1087	0.281	5.044e-06	0.009804	0.03178	0.3519	0.03261	5.838e-06	0.0377	0.4083
ONELY	5	114	0	True	False	False	1638	0.01163	0.1	0.2636	6.076e-06	0.008197	0.02174	0.3913	0.08163	6.838e-06	0.08389	0.4083
OONTS	5	304	0	True	False	False	1308	0.008905	0.1254	0.06593	2.024e-18	0.003676	0.02557	0.3264	0.0003806	1.698e-17	0.0006129	0.4083
OOSIER	6	156	0	True	False	False	1301	0.0102	0.121	0.2019	1.84e-09	0.006935	0.02753	0.3377	0.01285	4.7e-09	0.01794	0.4083
OOSY	4	128	0	True	False	False	751	0.01667	0.1333	0.1163	1.109e-08	0.007364	0.02	0.3883	0.07529	2.542e-08	0.07865	0.4083
OOTID	5	136	0	True	False	True	1599	0.009961	0.1042	0.2563	3.183e-07	0.007143	0.02055	0.3772	0.05939	5.164e-07	0.06466	0.4083
OPAH	4	254	0	True	False	True	953	0.01435	0.1571	0.02545	1.385e-19	0.004007	0.02062	0.3607	0.005032	1.296e-18	0.007346	0.4083
OPAHS	5	104	0	True	False	False	1586	0.0122	0.09574	0.2791	2.846e-05	0.008929	0.02083	0.3935	0.112	2.869e-05	0.113	0.4083
OPIATE	6	128	0	True	False	True	1544	0.01087	0.1124	0.2469	2.363e-07	0.008252	0.02941	0.3462	0.0219	3.927e-07	0.02799	0.4083
ORACH	5	264	0	True	False	True	1364	0.009461	0.1141	0.0813	1.297e-14	0.004098	0.02397	0.3382	0.001652	7.898e-14	0.002545	0.4083
ORACHE	6	138	0	True	False	False	1403	0.0102	0.114	0.2428	5.54e-08	0.007646	0.02941	0.3467	0.01625	1.085e-07	0.02219	0.4083
ORCEIN	6	104	0	True	False	True	1642	0.0122	0.108	0.2791	6.905e-06	0.0102	0.03279	0.3442	0.03121	7.673e-06	0.03651	0.4083
OREIDE	6	212	0	True	False	False	992	0.008621	0.125	0.1595	5.078e-13	0.005079	0.02748	0.3397	0.002717	2.292e-12	0.004094	0.4083
ORGEAT	6	108	0	True	False	True	1661	0.0119	0.1071	0.2743	4.836e-06	0.009804	0.03077	0.3451	0.03421	5.701e-06	0.03919	0.4083
ORGIA	5	156	0	True	False	True	1564	0.01053	0.1091	0.1919	1.493e-08	0.006105	0.02143	0.3847	0.03405	3.253e-08	0.03916	0.4083
ORIELS	6	222	0	True	False	False	973	0.007576	0.125	0.1848	1.336e-13	0.005079	0.0309	0.3229	0.0009424	6.905e-13	0.001493	0.4083
ORISHA	6	110	0	True	False	False	1633	0.0119	0.1077	0.2678	3.603e-06	0.009364	0.03279	0.3553	0.02555	4.351e-06	0.03099	0.4083
ORISON	6	118	0	True	False	True	1540	0.01136	0.1083	0.2596	1.33e-06	0.008696	0.02971	0.3568	0.02848	1.901e-06	0.03385	0.4083
ORLON	5	132	0	True	False	False	1559	0.009804	0.1032	0.2724	5.721e-07	0.007143	0.02083	0.3882	0.0621	8.615e-07	0.06572	0.4083
OSCAR	5	274	0	True	False	False	1362	0.009259	0.117	0.07817	1.583e-15	0.003788	0.02397	0.3535	0.001296	1.058e-14	0.002028	0.4083
OSCINE	6	110	0	True	False	True	1633	0.0119	0.1077	0.2678	3.603e-06	0.009364	0.03279	0.3553	0.02555	4.351e-06	0.03099	0.4083
OSETRAS	7	178	0	True	False	False	272	0.01079	0.1017	0.145	5.11e-09	0.00659	0.02963	0.3082	0.004729	1.238e-08	0.006972	0.4083
OSHAC	5	168	0	True	False	True	1563	0.009634	0.1075	0.1966	5.012e-09	0.005882	0.0202	0.3711	0.03243	1.217e-08	0.03764	0.4083
OSMATE	6	130	0	True	False	True	1486	0.01064	0.1131	0.249	1.685e-07	0.00817	0.02941	0.3442	0.02063	2.864e-07	0.02707	0.4083
OSSETRA	7	120	0	True	False	False	517	0.01126	0.1058	0.2569	1.493e-06	0.008225	0.02913	0.3712	0.0288	2.127e-06	0.03414	0.4083
OSSIA	5	200	0	True	False	False	1491	0.009434	0.1104	0.1502	6.918e-11	0.005051	0.01899	0.3632	0.02161	2.402e-10	0.02792	0.4083
OSTIA	5	780	0	True	False	False	532	0.011	0.1961	0.0001797	1.088e-74	0.004224	0.02733	0.03682	4.099e-10	1.075e-72	1.612e-09	0.4083
OSTIAL	6	242	0	True	False	True	883	0.007716	0.1216	0.1534	2.349e-14	0.004621	0.03017	0.326	0.0006027	1.347e-13	0.0009619	0.4083
OSTIATE	7	112	0	True	False	True	525	0.01163	0.1098	0.2698	2.213e-06	0.009312	0.03055	0.3507	0.03096	2.937e-06	0.03651	0.4083
OTARID	6	176	0	True	False	False	1195	0.009434	0.1193	0.1886	1.942e-10	0.006379	0.02703	0.3242	0.008049	6.346e-10	0.01141	0.4083
OTARIES	7	258	0	True	False	False	108	0.0101	0.1348	0.07285	5.93e-17	0.004333	0.02553	0.3262	0.001264	4.357e-16	0.001986	0.4083
OTARY	5	206	0	True	False	True	1424	0.009615	0.1094	0.1366	4.342e-11	0.00485	0.01875	0.3673	0.02026	1.55e-10	0.02684	0.4083
OTIC	4	774	0	True	False	True	746	0.01531	0.1846	6.537e-06	2.418e-69	0.002596	0.02349	0.1337	1.023e-08	2.15e-67	3.001e-08	0.4083
OTIOSE	6	204	0	True	False	True	1038	0.009245	0.1213	0.1504	3.536e-12	0.005382	0.0274	0.3326	0.003454	1.449e-11	0.00517	0.4083
OUENS	5	236	0	True	False	False	1439	0.01	0.1111	0.09331	8.472e-13	0.004517	0.01906	0.3436	0.01065	3.674e-12	0.01495	0.4083
OWRIE	5	114	0	True	False	False	1638	0.01163	0.1	0.2636	6.076e-06	0.008197	0.02174	0.3913	0.08163	6.838e-06	0.08389	0.4083
OWSEN	5	178	0	True	False	True	1525	0.00956	0.1089	0.1809	1.219e-09	0.005423	0.02	0.3799	0.02743	3.215e-09	0.03295	0.4083
PAEDO	5	162	0	False	False	False	1543	0.01	0.1084	0.1963	8.412e-09	0.01351	0.1293	0.1103	1.811e-10	1.978e-08	7.558e-10	0.4083
PANIM	5	114	0	False	False	False	1638	0.01163	0.1	0.2636	6.076e-06	0.01351	0.1111	0.212	1.474e-06	6.838e-06	2.736e-06	0.4083
PAOLI	5	118	0	False	False	False	1560	0.01111	0.103	0.2675	2.704e-06	0.01366	0.1161	0.1973	4.756e-07	3.352e-06	9.354e-07	0.4083
PASEAR	6	104	0	False	False	False	1642	0.0122	0.108	0.2791	6.905e-06	0.01309	0.1316	0.254	4.246e-07	7.673e-06	8.52e-07	0.4083
PATOIS	6	100	0	False	False	True	1721	0.0125	0.1047	0.2843	1.582e-05	0.01351	0.1228	0.2565	2.039e-06	1.662e-05	3.731e-06	0.4083
PEBA	4	102	0	False	False	True	622	0.01642	0.1282	0.1847	8.361e-07	0.01783	0.1382	0.1597	2.581e-07	1.235e-06	5.463e-07	0.4083
PEDRO	5	184	0	False	False	True	1522	0.009625	0.109	0.1687	5.99e-10	0.01316	0.1306	0.08741	6.55e-12	1.712e-09	3.529e-11	0.4083
PELITE	6	102	0	False	False	True	1673	0.0125	0.1081	0.2772	8.548e-06	0.01316	0.1298	0.259	6.925e-07	9.347e-06	1.324e-06	0.4083
PEREIA	6	116	0	False	False	False	1606	0.01136	0.1078	0.2656	1.801e-06	0.0122	0.1359	0.2409	4.385e-08	2.478e-06	1.189e-07	0.4083
PERONE	6	124	0	False	False	False	1508	0.01087	0.1111	0.2579	4.54e-07	0.01306	0.1383	0.196	9.645e-09	6.983e-07	2.868e-08	0.4083
PESANT	6	166	0	False	False	False	1234	0.009434	0.12	0.2073	6.099e-10	0.01299	0.152	0.1142	1.305e-12	1.721e-09	7.947e-12	0.4083
PETARA	6	124	0	False	False	False	1508	0.01087	0.1111	0.2579	4.54e-07	0.01306	0.1383	0.196	9.645e-09	6.983e-07	2.868e-08	0.4083
PETSAI	6	178	0	False	False	False	1170	0.009009	0.1157	0.1997	3.107e-10	0.01256	0.1507	0.1053	2.367e-13	9.491e-10	1.657e-12	0.4083
PHESE	5	116	0	False	False	False	1590	0.01136	0.1023	0.2656	3.671e-06	0.01362	0.1154	0.2037	6.661e-07	4.392e-06	1.301e-06	0.4083
PIERTS	6	244	0	False	False	False	870	0.007576	0.1213	0.1564	2.01e-14	0.01136	0.149	0.06151	8.064e-18	1.199e-13	1.074e-16	0.4083
PILAO	5	148	0	False	False	False	1584	0.009488	0.1056	0.2439	6.716e-08	0.01341	0.1207	0.1357	5.408e-09	1.294e-07	1.729e-08	0.4083
PIRAI	5	154	0	False	False	False	1583	0.009407	0.1075	0.2333	2.464e-08	0.01366	0.127	0.1202	8.268e-10	5.166e-08	2.952e-09	0.4083
PLENA	5	192	0	False	False	False	1484	0.009461	0.1094	0.1612	2.197e-10	0.01252	0.1322	0.08899	1.507e-12	7.001e-10	8.872e-12	0.4083
PLESH	5	156	0	False	False	False	1564	0.01053	0.1091	0.1919	1.493e-08	0.01451	0.1272	0.1022	6.068e-10	3.253e-08	2.238e-09	0.4083
POSNET	6	144	0	False	False	True	1360	0.009804	0.114	0.242	2.679e-08	0.01299	0.1455	0.1522	1.479e-10	5.552e-08	6.29e-10	0.4083
PSION	5	178	0	False	False	False	1525	0.00956	0.1089	0.1809	1.219e-09	0.01316	0.1292	0.09464	2.017e-11	3.215e-09	1.013e-10	0.4083
PSOAE	5	146	0	False	False	False	1530	0.009434	0.1062	0.2506	7.651e-08	0.01316	0.1241	0.1446	3.937e-09	1.402e-07	1.277e-08	0.4083
PSOAI	5	146	0	False	False	False	1530	0.009434	0.1062	0.2506	7.651e-08	0.01316	0.1241	0.1446	3.937e-09	1.402e-07	1.277e-08	0.4083
PTERIA	6	180	0	False	False	False	1197	0.009009	0.1147	0.1961	3.007e-10	0.01282	0.1506	0.09802	1.738e-13	9.218e-10	1.236e-12	0.4083
PTUI	4	106	0	False	False	False	632	0.01639	0.131	0.1734	3.433e-07	0.01909	0.1415	0.1296	9.462e-08	5.54e-07	2.28e-07	0.4083
PYOT	4	108	0	False	False	False	669	0.01639	0.1279	0.1678	3.809e-07	0.01799	0.1375	0.1408	1.153e-07	6.046e-07	2.727e-07	0.4083
RACINO	6	144	0	False	False	False	1360	0.009804	0.114	0.242	2.679e-08	0.01299	0.1455	0.1522	1.479e-10	5.552e-08	6.29e-10	0.4083
RAGINI	6	100	0	False	False	False	1721	0.0125	0.1047	0.2843	1.582e-05	0.01351	0.1228	0.2565	2.039e-06	1.662e-05	3.731e-06	0.4083
RAMOSE	6	140	0	False	False	True	1440	0.0102	0.1154	0.2379	3.513e-08	0.01316	0.1455	0.1565	2.773e-10	7.097e-08	1.1e-09	0.4083
RANDEM	6	108	0	False	False	True	1661	0.0119	0.1071	0.2743	4.836e-06	0.01282	0.133	0.2482	2.025e-07	5.701e-06	4.348e-07	0.4083
RANSEL	6	286	0	False	False	True	711	0.00813	0.1161	0.09684	4.735e-16	0.01163	0.1453	0.03524	3.13e-20	3.263e-15	5.456e-19	0.4083
RASURE	6	112	0	False	False	True	1584	0.01163	0.1083	0.2698	2.647e-06	0.0122	0.1364	0.253	7.397e-08	3.328e-06	1.822e-07	0.4083
RATHEST	7	102	0	False	False	True	634	0.0125	0.1111	0.2772	6.06e-06	0.01341	0.1392	0.2524	2.288e-07	6.838e-06	4.866e-07	0.4083
REALIA	6	250	0	False	False	False	840	0.007457	0.1166	0.1539	3.468e-14	0.01087	0.1422	0.06507	2.194e-17	1.915e-13	2.636e-16	0.4083
REIRD	5	374	0	False	False	False	1157	0.007764	0.1399	0.05419	3.379e-25	0.01268	0.1799	0.008445	6.094e-33	4.769e-24	2.462e-31	0.1982
REIRDS	6	132	0	False	False	False	1445	0.01042	0.1136	0.251	1.216e-07	0.01346	0.1424	0.1672	1.558e-09	2.127e-07	5.389e-09	0.4083
REISHI	6	112	0	False	False	False	1584	0.01163	0.1083	0.2698	2.647e-06	0.0122	0.1364	0.253	7.397e-08	3.328e-06	1.822e-07	0.4083
REITERS	7	142	0	False	False	False	387	0.009434	0.1034	0.2603	1.844e-07	0.01515	0.1306	0.1144	2.35e-09	3.122e-07	7.943e-09	0.4083
REORG	5	150	0	False	False	False	1550	0.009434	0.1061	0.2413	4.939e-08	0.0137	0.125	0.1263	2.001e-09	9.78e-08	6.841e-09	0.4083
RETAMA	6	144	0	False	False	True	1360	0.009804	0.114	0.242	2.679e-08	0.01299	0.1455	0.1522	1.479e-10	5.552e-08	6.29e-10	0.4083
RETUND	6	106	0	False	False	False	1597	0.0119	0.1087	0.281	5.044e-06	0.01269	0.1354	0.2582	2.002e-07	5.838e-06	4.348e-07	0.4083
RETUSE	6	170	0	False	False	True	1220	0.009434	0.1191	0.1996	4.37e-10	0.0129	0.1527	0.1099	5.85e-13	1.282e-09	3.769e-12	0.4083
REWTH	5	110	0	False	False	False	1618	0.0119	0.09658	0.2678	1.405e-05	0.01282	0.1071	0.2419	3.855e-06	1.494e-05	6.882e-06	0.4083
RHETOR	6	136	0	False	False	True	1448	0.01042	0.1143	0.2407	6.767e-08	0.01333	0.1455	0.1611	5.2e-10	1.294e-07	1.959e-09	0.4083
RHUS	4	182	0	False	False	False	895	0.0162	0.1429	0.05118	6.542e-13	0.02198	0.1558	0.01752	4.064e-14	2.879e-12	3.197e-13	0.2853
RIALTO	6	164	0	False	False	False	1261	0.009804	0.1209	0.1987	6.668e-10	0.01333	0.1532	0.1107	1.433e-12	1.847e-09	8.551e-12	0.4083
RIGOL	5	104	0	False	False	True	1586	0.0122	0.09574	0.2791	2.846e-05	0.01351	0.1053	0.2429	9.469e-06	2.869e-05	1.61e-05	0.4083
RISTRA	6	262	0	False	False	False	803	0.007599	0.1154	0.1355	1.121e-14	0.01187	0.1425	0.04379	3.168e-18	6.97e-14	4.714e-17	0.4083
RISUS	5	108	0	False	False	False	1640	0.0119	0.09658	0.2743	1.721e-05	0.01316	0.1066	0.2392	5.19e-06	1.792e-05	9.101e-06	0.4083
RITARD	6	116	0	False	False	False	1606	0.01136	0.1078	0.2656	1.801e-06	0.0122	0.1359	0.2409	4.385e-08	2.478e-06	1.189e-07	0.4083
ROLAG	5	114	0	False	False	False	1638	0.01163	0.1	0.2636	6.076e-06	0.01351	0.1111	0.212	1.474e-06	6.838e-06	2.736e-06	0.4083
RORAL	5	222	0	False	False	True	1451	0.009434	0.1085	0.1219	8.471e-12	0.01231	0.1376	0.06401	5.351e-15	3.289e-11	4.487e-14	0.4083
RORID	5	132	0	False	False	False	1559	0.009804	0.1032	0.2724	5.721e-07	0.01299	0.1157	0.1781	8.985e-08	8.615e-07	2.171e-07	0.4083
ROSACE	6	114	0	False	False	False	1652	0.01163	0.1068	0.2636	2.572e-06	0.0125	0.1359	0.2384	5.873e-08	3.313e-06	1.536e-07	0.4083
ROSTRA	6	256	0	False	False	True	823	0.007485	0.1188	0.1461	8.661e-15	0.01124	0.1431	0.05541	6.749e-18	5.539e-14	9.23e-17	0.4083
ROYST	5	114	0	False	False	False	1638	0.01163	0.1	0.2636	6.076e-06	0.01351	0.1111	0.212	1.474e-06	6.838e-06	2.736e-06	0.4083
RUEDA	5	196	0	False	False	False	1478	0.009434	0.1094	0.156	1.383e-10	0.0125	0.1322	0.08497	8.547e-13	4.638e-10	5.428e-12	0.4083
RYND	4	142	0	False	False	True	798	0.01617	0.1348	0.0987	1.167e-09	0.01941	0.1476	0.06187	1.416e-10	3.134e-09	6.202e-10	0.4083
SACRA	5	262	0	False	False	True	1386	0.00957	0.1147	0.08052	1.373e-14	0.0125	0.15	0.03704	3.219e-19	8.25e-14	5.021e-18	0.4083
SADHE	5	194	0	False	False	True	1517	0.009579	0.1103	0.1546	1.425e-10	0.01263	0.1331	0.085	9.338e-13	4.727e-10	5.835e-12	0.4083
SAIGA	5	128	0	False	False	True	1615	0.0102	0.1017	0.2691	1.092e-06	0.01302	0.1154	0.1868	1.53e-07	1.576e-06	3.496e-07	0.4083
SALAL	5	118	0	False	False	True	1560	0.01111	0.103	0.2675	2.704e-06	0.01366	0.1161	0.1973	4.756e-07	3.352e-06	9.354e-07	0.4083
SALMI	5	202	0	False	False	False	1467	0.009671	0.1104	0.1404	5.475e-11	0.01267	0.1381	0.07611	9.224e-14	1.924e-10	6.777e-13	0.4083
SALPA	5	118	0	False	False	True	1560	0.01111	0.103	0.2675	2.704e-06	0.01366	0.1161	0.1973	4.756e-07	3.352e-06	9.354e-07	0.4083
SAMIEL	6	130	0	False	False	True	1486	0.01064	0.1131	0.249	1.685e-07	0.01344	0.14	0.1722	3.054e-09	2.864e-07	1.013e-08	0.4083
SAMLET	6	120	0	False	False	True	1590	0.01134	0.1093	0.2545	9.225e-07	0.01295	0.1373	0.2092	2.023e-08	1.342e-06	5.726e-08	0.4083
SANGH	5	138	0	False	False	False	1571	0.009804	0.1038	0.2568	2.714e-07	0.013	0.1195	0.1643	2.35e-08	4.419e-07	6.569e-08	0.4083
SANSAR	6	106	0	False	False	False	1597	0.0119	0.1087	0.281	5.044e-06	0.01269	0.1354	0.2582	2.002e-07	5.838e-06	4.348e-07	0.4083
SANSEI	6	254	0	False	False	True	833	0.007418	0.1209	0.1509	6.142e-15	0.01103	0.1462	0.05984	3.642e-18	4.045e-14	5.308e-17	0.4083
SAOLA	5	226	0	False	False	False	1428	0.009913	0.1096	0.1052	4.071e-12	0.0125	0.1384	0.05826	2.398e-15	1.652e-11	2.176e-14	0.4083
SAPOTE	6	112	0	False	False	True	1584	0.01163	0.1083	0.2698	2.647e-06	0.0122	0.1364	0.253	7.397e-08	3.328e-06	1.822e-07	0.4083
SARMIE	6	160	0	False	False	False	1314	0.01027	0.1209	0.1918	1.107e-09	0.01351	0.1529	0.1134	2.925e-12	2.983e-09	1.646e-11	0.4083
SARONG	6	110	0	False	False	True	1633	0.0119	0.1077	0.2678	3.603e-06	0.0125	0.1344	0.2507	1.276e-07	4.351e-06	2.947e-07	0.4083
SASTRA	6	158	0	False	False	False	1272	0.01011	0.1205	0.2007	1.554e-09	0.01333	0.1531	0.1199	3.987e-12	4.005e-09	2.201e-11	0.4083
SATAIS	6	116	0	False	False	False	1606	0.01136	0.1078	0.2656	1.801e-06	0.0122	0.1359	0.2409	4.385e-08	2.478e-06	1.189e-07	0.4083
SATAY	5	112	0	False	False	False	1583	0.01163	0.09848	0.2698	9.057e-06	0.0125	0.1099	0.2444	2.179e-06	9.759e-06	3.954e-06	0.4083
SATORIS	7	100	0	False	False	False	653	0.01256	0.1098	0.2824	8.931e-06	0.01366	0.14	0.2526	2.817e-07	9.718e-06	5.852e-07	0.4083
SCORIA	6	112	0	False	False	True	1584	0.01163	0.1083	0.2698	2.647e-06	0.0122	0.1364	0.253	7.397e-08	3.328e-06	1.822e-07	0.4083
SCOTIA	6	112	0	False	False	True	1584	0.01163	0.1083	0.2698	2.647e-06	0.0122	0.1364	0.253	7.397e-08	3.328e-06	1.822e-07	0.4083
SCROD	5	132	0	False	False	True	1559	0.009804	0.1032	0.2724	5.721e-07	0.01299	0.1157	0.1781	8.985e-08	8.615e-07	2.171e-07	0.4083
SCUTA	5	102	0	False	False	True	1622	0.01223	0.09595	0.2852	3.401e-05	0.01389	0.1058	0.2401	1.117e-05	3.401e-05	1.855e-05	0.4083
SDEIGN	6	110	0	False	False	False	1633	0.0119	0.1077	0.2678	3.603e-06	0.0125	0.1344	0.2507	1.276e-07	4.351e-06	2.947e-07	0.4083
SEARAT	6	408	0	False	False	False	409	0.009294	0.1701	0.02216	9.159e-34	0.01105	0.2198	0.01076	1.041e-44	2.036e-32	7.117e-43	0.2266
SEARATS	7	134	0	False	False	False	438	0.0102	0.1034	0.253	4.417e-07	0.01515	0.1286	0.1293	9.796e-09	6.901e-07	2.884e-08	0.4083
SEBATE	6	100	0	False	False	True	1721	0.0125	0.1047	0.2843	1.582e-05	0.01351	0.1228	0.2565	2.039e-06	1.662e-05	3.731e-06	0.4083
SEFER	5	126	0	False	False	False	1537	0.0102	0.1	0.2746	1.716e-06	0.01332	0.1154	0.1847	1.955e-07	2.399e-06	4.348e-07	0.4083
SEGOL	5	154	0	False	False	True	1583	0.009407	0.1075	0.2333	2.464e-08	0.01366	0.127	0.1202	8.268e-10	5.166e-08	2.952e-09	0.4083
SEHRI	5	446	0	False	False	False	941	0.008439	0.1467	0.02283	1.874e-31	0.01293	0.1891	0.003014	2.467e-41	3.702e-30	1.371e-39	0.1165
SEHRIS	6	124	0	False	False	False	1508	0.01087	0.1111	0.2579	4.54e-07	0.01306	0.1383	0.196	9.645e-09	6.983e-07	2.868e-08	0.4083
SEIDEL	6	162	0	False	False	True	1281	0.0101	0.1207	0.1931	8.934e-10	0.01333	0.1527	0.1137	2.202e-12	2.421e-09	1.255e-11	0.4083
SEIFS	5	118	0	False	False	False	1560	0.01111	0.103	0.2675	2.704e-06	0.01366	0.1161	0.1973	4.756e-07	3.352e-06	9.354e-07	0.4083
SEISIN	6	146	0	False	False	False	1319	0.009615	0.1154	0.244	1.683e-08	0.01351	0.1494	0.1372	5.47e-11	3.632e-08	2.52e-10	0.4083
SEITENS	7	120	0	False	False	False	517	0.01126	0.1058	0.2569	1.493e-06	0.01341	0.13	0.198	5.525e-08	2.127e-06	1.479e-07	0.4083
SELVA	5	114	0	False	False	True	1638	0.01163	0.1	0.2636	6.076e-06	0.01351	0.1111	0.212	1.474e-06	6.838e-06	2.736e-06	0.4083
SEMEIA	6	114	0	False	False	True	1652	0.01163	0.1068	0.2636	2.572e-06	0.0125	0.1359	0.2384	5.873e-08	3.313e-06	1.536e-07	0.4083
SEMITAR	7	114	0	False	False	False	542	0.01163	0.1087	0.2636	2.005e-06	0.0125	0.1311	0.2384	1.096e-07	2.704e-06	2.612e-07	0.4083
SENARY	6	110	0	False	False	True	1633	0.0119	0.1077	0.2678	3.603e-06	0.0125	0.1344	0.2507	1.276e-07	4.351e-06	2.947e-07	0.4083
SENECA	6	150	0	False	False	False	1319	0.009434	0.1118	0.2413	1.877e-08	0.01299	0.1466	0.1407	4.749e-11	3.983e-08	2.234e-10	0.4083
SENGIS	6	148	0	False	False	False	1354	0.009434	0.1147	0.2459	1.475e-08	0.01313	0.1462	0.1415	6.985e-11	3.253e-08	3.08e-10	0.4083
SENITI	6	356	0	False	False	False	501	0.00838	0.1479	0.05	1.807e-25	0.01138	0.187	0.01699	1.001e-32	2.633e-24	3.708e-31	0.2853
SEPIA	5	338	0	False	False	True	1196	0.009317	0.1351	0.04226	4.959e-22	0.01254	0.1765	0.01404	3.159e-29	5.248e-21	8.776e-28	0.2547
SERIPH	6	114	0	False	False	False	1652	0.01163	0.1068	0.2636	2.572e-06	0.0125	0.1359	0.2384	5.873e-08	3.313e-06	1.536e-07	0.4083
SEROMA	6	226	0	False	False	False	932	0.007844	0.125	0.1687	7.831e-14	0.01149	0.1523	0.07341	6.053e-17	4.169e-13	6.812e-16	0.4083
SEROSAL	7	100	0	False	False	False	653	0.01256	0.1098	0.2824	8.931e-06	0.01366	0.14	0.2526	2.817e-07	9.718e-06	5.852e-07	0.4083
SEROTINE	8	104	0	False	False	True	39	0.01297	0.1	0.2574	1.743e-05	0.01517	0.125	0.204	9.308e-07	1.797e-05	1.768e-06	0.4083
SESAME	6	108	0	False	False	True	1661	0.0119	0.1071	0.2743	4.836e-06	0.01282	0.133	0.2482	2.025e-07	5.701e-06	4.348e-07	0.4083
SESELI	6	170	0	False	False	False	1220	0.009434	0.1191	0.1996	4.37e-10	0.0129	0.1527	0.1099	5.85e-13	1.282e-09	3.769e-12	0.4083
SESTET	6	136	0	False	False	True	1448	0.01042	0.1143	0.2407	6.767e-08	0.01333	0.1455	0.1611	5.2e-10	1.294e-07	1.959e-09	0.4083
SETOSE	6	242	0	False	False	True	883	0.007716	0.1216	0.1534	2.349e-14	0.01146	0.149	0.06141	1.113e-17	1.347e-13	1.435e-16	0.4083
SETUP	5	144	0	False	False	True	1567	0.009615	0.1058	0.2487	1.02e-07	0.01316	0.1231	0.1485	6.116e-09	1.814e-07	1.877e-08	0.4083
SHARON	6	112	0	False	False	False	1584	0.01163	0.1083	0.2698	2.647e-06	0.0122	0.1364	0.253	7.397e-08	3.328e-06	1.822e-07	0.4083
SHEILA	6	174	0	False	False	False	1226	0.009434	0.1195	0.1922	2.406e-10	0.01302	0.153	0.1022	2.829e-13	7.559e-10	1.934e-12	0.4083
SHELTA	6	112	0	False	False	True	1584	0.01163	0.1083	0.2698	2.647e-06	0.0122	0.1364	0.253	7.397e-08	3.328e-06	1.822e-07	0.4083
SHENAI	6	174	0	False	False	False	1226	0.009434	0.1195	0.1922	2.406e-10	0.01302	0.153	0.1022	2.829e-13	7.559e-10	1.934e-12	0.4083
SHERIAT	7	148	0	False	False	True	361	0.009434	0.1032	0.2459	1.002e-07	0.01451	0.1286	0.1149	1.427e-09	1.814e-07	5.033e-09	0.4083
SHIAI	5	140	0	False	False	False	1629	0.009804	0.1037	0.2517	2.22e-07	0.01316	0.1187	0.1566	2.065e-08	3.737e-07	5.81e-08	0.4083
SIALON	6	136	0	False	False	False	1448	0.01042	0.1143	0.2407	6.767e-08	0.01333	0.1455	0.1611	5.2e-10	1.294e-07	1.959e-09	0.4083
SIDERAL	7	138	0	False	False	True	400	0.009597	0.1033	0.2643	2.914e-07	0.01515	0.1286	0.1216	5.649e-09	4.737e-07	1.8e-08	0.4083
SIDHA	5	174	0	False	False	False	1574	0.009461	0.1069	0.1913	2.859e-09	0.01351	0.1284	0.09373	4.09e-11	7.2e-09	1.976e-10	0.4083
SIENITE	7	110	0	False	False	False	555	0.0119	0.1132	0.2678	1.821e-06	0.01282	0.1383	0.2419	7.75e-08	2.503e-06	1.898e-07	0.4083
SIENNA	6	158	0	False	False	True	1272	0.01011	0.1205	0.2007	1.554e-09	0.01333	0.1531	0.1199	3.987e-12	4.005e-09	2.201e-11	0.4083
SIERRA	6	248	0	False	False	True	856	0.007576	0.118	0.1517	3.024e-14	0.011	0.1431	0.06435	2.322e-17	1.712e-13	2.716e-16	0.4083
SIETHS	6	170	0	False	False	False	1220	0.009434	0.1191	0.1996	4.37e-10	0.0129	0.1527	0.1099	5.85e-13	1.282e-09	3.769e-12	0.4083
SIEUR	5	338	0	False	False	False	1196	0.009317	0.1351	0.04226	4.959e-22	0.01254	0.1765	0.01404	3.159e-29	5.248e-21	8.776e-28	0.2547
SIGLA	5	160	0	False	False	True	1576	0.01015	0.1088	0.1954	9.903e-09	0.01437	0.1296	0.09871	2.252e-10	2.281e-08	9.144e-10	0.4083
SILENI	6	212	0	False	False	True	992	0.008621	0.125	0.1595	5.078e-13	0.01191	0.1534	0.07892	4.654e-16	2.292e-12	4.449e-15	0.4083
SIMARS	6	110	0	False	False	False	1633	0.0119	0.1077	0.2678	3.603e-06	0.0125	0.1344	0.2507	1.276e-07	4.351e-06	2.947e-07	0.4083
SIRDAR	6	104	0	False	False	True	1642	0.0122	0.108	0.2791	6.905e-06	0.01309	0.1316	0.254	4.246e-07	7.673e-06	8.52e-07	0.4083
SIRIH	5	134	0	False	False	True	1618	0.01	0.1042	0.2601	3.967e-07	0.01306	0.1176	0.1719	5.201e-08	6.231e-07	1.397e-07	0.4083
SIROC	5	360	0	False	False	True	1172	0.009385	0.1402	0.03355	2.416e-24	0.01282	0.1817	0.009607	4.504e-32	3.113e-23	1.602e-30	0.2083
SIROSET	7	150	0	False	False	False	354	0.009312	0.1033	0.2458	7.875e-08	0.01399	0.1299	0.1208	8.678e-10	1.44e-07	3.086e-09	0.4083
SITUS	5	220	0	False	False	True	1475	0.009615	0.1095	0.1194	8.33e-12	0.0125	0.1379	0.06283	6.635e-15	3.262e-11	5.513e-14	0.4083
SKEO	4	144	0	False	False	True	792	0.01631	0.1375	0.09362	5.653e-10	0.01949	0.1507	0.05873	6.136e-11	1.642e-09	2.797e-10	0.4083
SLAINTE	7	140	0	False	False	True	405	0.009691	0.1032	0.2558	2.394e-07	0.01515	0.1286	0.118	4.29e-09	3.963e-07	1.382e-08	0.4083
SLOID	5	212	0	False	False	False	1434	0.009461	0.109	0.1333	2.366e-11	0.0125	0.1331	0.06948	7.146e-14	8.763e-11	5.339e-13	0.4083
SLORM	5	110	0	False	False	False	1618	0.0119	0.09658	0.2678	1.405e-05	0.01282	0.1071	0.2419	3.855e-06	1.494e-05	6.882e-06	0.4083
SLUIT	5	122	0	False	False	True	1598	0.0108	0.1023	0.2659	1.921e-06	0.01366	0.1154	0.1867	3.192e-07	2.6e-06	6.553e-07	0.4083
SLUSE	5	106	0	False	False	False	1573	0.0119	0.09821	0.281	1.742e-05	0.01316	0.1071	0.2456	6.066e-06	1.797e-05	1.045e-05	0.4083
SNARIER	7	128	0	False	False	False	454	0.01042	0.1054	0.2618	6.477e-07	0.01495	0.1308	0.1455	1.614e-08	9.645e-07	4.658e-08	0.4083
SNASTE	6	346	0	False	False	True	524	0.008315	0.1396	0.05563	2.538e-23	0.01138	0.1722	0.01906	4.052e-29	3.049e-22	1.059e-27	0.2968
SNEAPS	6	102	0	False	False	False	1673	0.0125	0.1081	0.2772	8.548e-06	0.01316	0.1298	0.259	6.925e-07	9.347e-06	1.324e-06	0.4083
SNEATH	6	262	0	False	False	True	803	0.007599	0.1154	0.1355	1.121e-14	0.01187	0.1425	0.04379	3.168e-18	6.97e-14	4.714e-17	0.4083
SNEESH	6	102	0	False	False	True	1673	0.0125	0.1081	0.2772	8.548e-06	0.01316	0.1298	0.259	6.925e-07	9.347e-06	1.324e-06	0.4083
SNOEP	5	218	0	False	False	False	1446	0.009479	0.1086	0.1254	1.308e-11	0.0125	0.1343	0.06443	2.242e-14	4.99e-11	1.795e-13	0.4083
SODAIN	6	112	0	False	False	False	1584	0.01163	0.1083	0.2698	2.647e-06	0.0122	0.1364	0.253	7.397e-08	3.328e-06	1.822e-07	0.4083
SODIC	5	114	0	False	False	True	1638	0.01163	0.1	0.2636	6.076e-06	0.01351	0.1111	0.212	1.474e-06	6.838e-06	2.736e-06	0.4083
SOIGNE	6	106	0	False	False	False	1597	0.0119	0.1087	0.281	5.044e-06	0.01269	0.1354	0.2582	2.002e-07	5.838e-06	4.348e-07	0.4083
SOLDO	5	110	0	False	False	True	1618	0.0119	0.09658	0.2678	1.405e-05	0.01282	0.1071	0.2419	3.855e-06	1.494e-05	6.882e-06	0.4083
SOLITO	6	108	0	False	False	False	1661	0.0119	0.1071	0.2743	4.836e-06	0.01282	0.133	0.2482	2.025e-07	5.701e-06	4.348e-07	0.4083
SORGO	5	104	0	False	False	True	1586	0.0122	0.09574	0.2791	2.846e-05	0.01351	0.1053	0.2429	9.469e-06	2.869e-05	1.61e-05	0.4083
SPEOS	5	156	0	False	False	True	1564	0.01053	0.1091	0.1919	1.493e-08	0.01451	0.1272	0.1022	6.068e-10	3.253e-08	2.238e-09	0.4083
SPERST	6	166	0	False	False	False	1234	0.009434	0.12	0.2073	6.099e-10	0.01299	0.152	0.1142	1.305e-12	1.721e-09	7.947e-12	0.4083
SPIC	4	228	0	False	True	False	943	0.01547	0.1538	0.02862	2.874e-17	0.02179	0.1747	0.006589	9.831e-20	2.241e-16	1.649e-18	0.1799
STADIA	6	116	0	False	False	True	1606	0.01136	0.1078	0.2656	1.801e-06	0.0122	0.1359	0.2409	4.385e-08	2.478e-06	1.189e-07	0.4083
STANIEL	7	148	0	False	False	False	361	0.009434	0.1032	0.2459	1.002e-07	0.01451	0.1286	0.1149	1.427e-09	1.814e-07	5.033e-09	0.4083
STATAL	6	104	0	False	False	True	1642	0.0122	0.108	0.2791	6.905e-06	0.01309	0.1316	0.254	4.246e-07	7.673e-06	8.52e-07	0.4083
STATIM	6	106	0	False	False	False	1597	0.0119	0.1087	0.281	5.044e-06	0.01269	0.1354	0.2582	2.002e-07	5.838e-06	4.348e-07	0.4083
STEELD	6	154	0	False	False	False	1328	0.009848	0.114	0.2178	7.983e-09	0.01333	0.1506	0.1265	1.202e-11	1.903e-08	6.322e-11	0.4083
STRIGA	6	120	0	False	False	True	1590	0.01134	0.1093	0.2545	9.225e-07	0.01295	0.1373	0.2092	2.023e-08	1.342e-06	5.726e-08	0.4083
STROAM	6	132	0	False	False	True	1445	0.01042	0.1136	0.251	1.216e-07	0.01346	0.1424	0.1672	1.558e-09	2.127e-07	5.389e-09	0.4083
STROMA	6	134	0	False	False	True	1487	0.01042	0.1154	0.2458	7.33e-08	0.01353	0.1456	0.1611	6.912e-10	1.372e-07	2.498e-09	0.4083
SUCRE	5	126	0	False	False	True	1537	0.0102	0.1	0.2746	1.716e-06	0.01332	0.1154	0.1847	1.955e-07	2.399e-06	4.348e-07	0.4083
SUDOR	5	100	0	False	False	False	1656	0.0125	0.1	0.2843	2.656e-05	0.01429	0.1084	0.2372	1.04e-05	2.705e-05	1.744e-05	0.4083
SURAH	5	168	0	False	False	True	1563	0.009634	0.1075	0.1966	5.012e-09	0.01361	0.1319	0.1001	4.777e-11	1.217e-08	2.235e-10	0.4083
SUTILE	6	126	0	False	False	True	1491	0.01087	0.1111	0.2523	3.587e-07	0.01361	0.1393	0.178	6.145e-09	5.726e-07	1.877e-08	0.4083
SYREN	5	170	0	False	False	False	1541	0.009615	0.1066	0.1935	4.801e-09	0.01351	0.1285	0.09897	6.998e-11	1.176e-08	3.08e-10	0.4083
SYTHE	5	100	0	False	False	False	1656	0.0125	0.1	0.2843	2.656e-05	0.01429	0.1084	0.2372	1.04e-05	2.705e-05	1.744e-05	0.4083
TABRET	6	110	0	False	False	True	1633	0.0119	0.1077	0.2678	3.603e-06	0.0125	0.1344	0.2507	1.276e-07	4.351e-06	2.947e-07	0.4083
TACAN	5	164	0	False	False	False	1530	0.009615	0.1066	0.205	9.345e-09	0.01351	0.1277	0.1074	1.872e-10	2.186e-08	7.741e-10	0.4083
TAENIA	6	276	0	False	False	True	747	0.008582	0.1189	0.09267	6.814e-16	0.0129	0.1538	0.02779	9.605e-21	4.66e-15	1.779e-19	0.3744
TAENIAS	7	104	0	False	False	False	595	0.0122	0.11	0.2791	5.452e-06	0.01316	0.14	0.2522	1.541e-07	6.286e-06	3.504e-07	0.4083
TAENITE	7	132	0	False	False	True	428	0.0102	0.1034	0.2582	5.495e-07	0.01513	0.1268	0.1337	1.69e-08	8.393e-07	4.856e-08	0.4083
TAHRS	5	370	0	False	False	False	1147	0.008526	0.1401	0.04209	5.503e-25	0.01281	0.1813	0.00847	7.284e-33	7.413e-24	2.816e-31	0.1982
TAIG	4	640	0	False	True	False	811	0.01532	0.1739	5.114e-05	8.245e-54	0.03334	0.2163	3.754e-10	1.824e-68	4.887e-52	2.702e-66	5.563e-08
TAIGA	5	114	0	False	False	True	1638	0.01163	0.1	0.2636	6.076e-06	0.01351	0.1111	0.212	1.474e-06	6.838e-06	2.736e-06	0.4083
TAIGS	5	246	0	False	True	False	1410	0.009798	0.1115	0.08874	2.319e-13	0.01274	0.1402	0.04269	7.301e-17	1.115e-12	8.013e-16	0.4083
TALPA	5	142	0	False	False	False	1602	0.009615	0.1058	0.2536	1.276e-07	0.01316	0.125	0.1525	5.823e-09	2.211e-07	1.836e-08	0.4083
TANSIES	7	134	0	False	False	False	438	0.0102	0.1034	0.253	4.417e-07	0.01515	0.1286	0.1293	9.796e-09	6.901e-07	2.884e-08	0.4083
TANSY	5	172	0	False	False	True	1527	0.009615	0.1066	0.1898	3.832e-09	0.01351	0.1282	0.09631	5.64e-11	9.543e-09	2.584e-10	0.4083
TANTRA	6	162	0	False	False	True	1281	0.0101	0.1207	0.1931	8.934e-10	0.01333	0.1527	0.1137	2.202e-12	2.421e-09	1.255e-11	0.4083
TARAND	6	118	0	False	False	True	1540	0.01136	0.1083	0.2596	1.33e-06	0.01333	0.1367	0.2052	2.919e-08	1.901e-06	8.11e-08	0.4083
TARNAL	6	106	0	False	False	True	1597	0.0119	0.1087	0.281	5.044e-06	0.01269	0.1354	0.2582	2.002e-07	5.838e-06	4.348e-07	0.4083
TAROCS	6	186	0	False	False	False	1124	0.009346	0.115	0.1744	1.344e-10	0.01299	0.1511	0.08791	5.852e-14	4.545e-10	4.524e-13	0.4083
TARSEAL	7	130	0	False	False	False	434	0.0102	0.1042	0.2636	6.136e-07	0.01515	0.1286	0.1374	1.699e-08	9.167e-07	4.856e-08	0.4083
TARSIA	6	248	0	False	False	True	856	0.007576	0.118	0.1517	3.024e-14	0.011	0.1431	0.06435	2.322e-17	1.712e-13	2.716e-16	0.4083
TASARS	6	142	0	False	False	False	1393	0.009804	0.114	0.2468	3.413e-08	0.01333	0.1441	0.1487	2.549e-10	6.943e-08	1.016e-09	0.4083
TATOU	5	132	0	False	False	True	1559	0.009804	0.1032	0.2724	5.721e-07	0.01299	0.1157	0.1781	8.985e-08	8.615e-07	2.171e-07	0.4083
TATSOI	6	142	0	False	False	False	1393	0.009804	0.114	0.2468	3.413e-08	0.01333	0.1441	0.1487	2.549e-10	6.943e-08	1.016e-09	0.4083
TAUON	5	180	0	False	False	False	1568	0.009434	0.1076	0.1816	1.25e-09	0.01316	0.1283	0.09217	1.837e-11	3.269e-09	9.384e-11	0.4083
TEDIER	6	258	0	False	False	False	810	0.007576	0.1176	0.1406	9.45e-15	0.0114	0.1429	0.05194	5.342e-18	5.958e-14	7.539e-17	0.4083
TEDY	4	330	0	False	False	False	972	0.01463	0.1741	0.00772	3.928e-28	0.02527	0.2044	0.0002144	1.729e-33	6.715e-27	8.091e-32	0.01588
TEHSIL	6	110	0	False	False	True	1633	0.0119	0.1077	0.2678	3.603e-06	0.0125	0.1344	0.2507	1.276e-07	4.351e-06	2.947e-07	0.4083
TEIID	5	154	0	False	False	False	1583	0.009407	0.1075	0.2333	2.464e-08	0.01366	0.127	0.1202	8.268e-10	5.166e-08	2.952e-09	0.4083
TELCO	5	196	0	False	False	False	1478	0.009434	0.1094	0.156	1.383e-10	0.0125	0.1322	0.08497	8.547e-13	4.638e-10	5.428e-12	0.4083
TELIAL	6	148	0	False	False	True	1354	0.009434	0.1147	0.2459	1.475e-08	0.01313	0.1462	0.1415	6.985e-11	3.253e-08	3.08e-10	0.4083
TELIC	5	290	0	False	False	True	1334	0.008929	0.119	0.07421	1.087e-16	0.01229	0.1577	0.02774	2.414e-22	7.92e-16	4.99e-21	0.3744
TELSON	6	160	0	False	False	True	1314	0.01027	0.1209	0.1918	1.107e-09	0.01351	0.1529	0.1134	2.925e-12	2.983e-09	1.646e-11	0.4083
TENACE	6	154	0	False	False	True	1328	0.009848	0.114	0.2178	7.983e-09	0.01333	0.1506	0.1265	1.202e-11	1.903e-08	6.322e-11	0.4083
TENREC	6	136	0	False	False	True	1448	0.01042	0.1143	0.2407	6.767e-08	0.01333	0.1455	0.1611	5.2e-10	1.294e-07	1.959e-09	0.4083
TEPID	5	182	0	False	False	True	1539	0.009506	0.1085	0.1758	8.374e-10	0.01309	0.1301	0.0909	9.551e-12	2.298e-09	5.115e-11	0.4083
TERAPH	6	168	0	False	False	False	1259	0.009434	0.1188	0.2034	5.909e-10	0.01302	0.152	0.1106	9.386e-13	1.706e-09	5.835e-12	0.4083
TERATA	6	296	0	False	False	False	681	0.00838	0.1226	0.08284	1.515e-17	0.01193	0.1542	0.02866	2.994e-22	1.203e-16	6.05e-21	0.3803
TERCES	6	204	0	False	False	False	1038	0.009245	0.1213	0.1504	3.536e-12	0.01266	0.1506	0.07433	3.423e-15	1.449e-11	2.926e-14	0.4083
TERCET	6	108	0	False	False	True	1661	0.0119	0.1071	0.2743	4.836e-06	0.01282	0.133	0.2482	2.025e-07	5.701e-06	4.348e-07	0.4083
TERCIO	6	114	0	False	False	True	1652	0.01163	0.1068	0.2636	2.572e-06	0.0125	0.1359	0.2384	5.873e-08	3.313e-06	1.536e-07	0.4083
TEREDO	6	256	0	False	False	True	823	0.007485	0.1188	0.1461	8.661e-15	0.01124	0.1431	0.05541	6.749e-18	5.539e-14	9.23e-17	0.4083
TEREK	5	142	0	False	False	True	1602	0.009615	0.1058	0.2536	1.276e-07	0.01316	0.125	0.1525	5.823e-09	2.211e-07	1.836e-08	0.4083
TERFE	5	164	0	False	False	False	1530	0.009615	0.1066	0.205	9.345e-09	0.01351	0.1277	0.1074	1.872e-10	2.186e-08	7.741e-10	0.4083
THAGI	5	106	0	False	False	False	1573	0.0119	0.09821	0.281	1.742e-05	0.01316	0.1071	0.2456	6.066e-06	1.797e-05	1.045e-05	0.4083
THEGN	5	108	0	False	False	True	1640	0.0119	0.09658	0.2743	1.721e-05	0.01316	0.1066	0.2392	5.19e-06	1.792e-05	9.101e-06	0.4083
THEIC	5	162	0	False	False	False	1543	0.01	0.1084	0.1963	8.412e-09	0.01351	0.1293	0.1103	1.811e-10	1.978e-08	7.558e-10	0.4083
THENAL	6	126	0	False	False	True	1491	0.01087	0.1111	0.2523	3.587e-07	0.01361	0.1393	0.178	6.145e-09	5.726e-07	1.877e-08	0.4083
THESP	5	174	0	False	False	False	1574	0.009461	0.1069	0.1913	2.859e-09	0.01351	0.1284	0.09373	4.09e-11	7.2e-09	1.976e-10	0.4083
THETRI	6	112	0	False	False	False	1584	0.01163	0.1083	0.2698	2.647e-06	0.0122	0.1364	0.253	7.397e-08	3.328e-06	1.822e-07	0.4083
THORIA	6	114	0	False	False	True	1652	0.01163	0.1068	0.2636	2.572e-06	0.0125	0.1359	0.2384	5.873e-08	3.313e-06	1.536e-07	0.4083
THRIST	6	106	0	False	False	False	1597	0.0119	0.1087	0.281	5.044e-06	0.01269	0.1354	0.2582	2.002e-07	5.838e-06	4.348e-07	0.4083
THROED	6	106	0	False	False	False	1597	0.0119	0.1087	0.281	5.044e-06	0.01269	0.1354	0.2582	2.002e-07	5.838e-06	4.348e-07	0.4083
TIERCE	6	144	0	False	False	True	1360	0.009804	0.114	0.242	2.679e-08	0.01299	0.1455	0.1522	1.479e-10	5.552e-08	6.29e-10	0.4083
TIETAC	6	132	0	False	False	False	1445	0.01042	0.1136	0.251	1.216e-07	0.01346	0.1424	0.1672	1.558e-09	2.127e-07	5.389e-09	0.4083
TIFO	4	234	0	False	False	False	955	0.01596	0.1534	0.02319	1.19e-17	0.02198	0.1748	0.005515	2.96e-20	9.532e-17	5.263e-19	0.1691
TIGON	5	190	0	False	False	False	1506	0.009479	0.1086	0.1637	3.269e-10	0.01251	0.1319	0.09145	2.126e-12	9.919e-10	1.236e-11	0.4083
TILTH	5	122	0	False	False	True	1598	0.0108	0.1023	0.2659	1.921e-06	0.01366	0.1154	0.1867	3.192e-07	2.6e-06	6.553e-07	0.4083
TINCT	5	122	0	False	False	True	1598	0.0108	0.1023	0.2659	1.921e-06	0.01366	0.1154	0.1867	3.192e-07	2.6e-06	6.553e-07	0.4083
TINEID	6	170	0	False	False	True	1220	0.009434	0.1191	0.1996	4.37e-10	0.0129	0.1527	0.1099	5.85e-13	1.282e-09	3.769e-12	0.4083
TINSEY	6	112	0	False	False	False	1584	0.01163	0.1083	0.2698	2.647e-06	0.0122	0.1364	0.253	7.397e-08	3.328e-06	1.822e-07	0.4083
TIRASSE	7	102	0	False	False	False	634	0.0125	0.1111	0.2772	6.06e-06	0.01341	0.1392	0.2524	2.288e-07	6.838e-06	4.866e-07	0.4083
TOERAG	6	130	0	False	False	False	1486	0.01064	0.1131	0.249	1.685e-07	0.01344	0.14	0.1722	3.054e-09	2.864e-07	1.013e-08	0.4083
TOISON	6	102	0	False	False	False	1673	0.0125	0.1081	0.2772	8.548e-06	0.01316	0.1298	0.259	6.925e-07	9.347e-06	1.324e-06	0.4083
TOMIA	5	212	0	False	False	False	1434	0.009461	0.109	0.1333	2.366e-11	0.0125	0.1331	0.06948	7.146e-14	8.763e-11	5.339e-13	0.4083
TONDO	5	156	0	False	False	False	1564	0.01053	0.1091	0.1919	1.493e-08	0.01451	0.1272	0.1022	6.068e-10	3.253e-08	2.238e-09	0.4083
TONSOR	6	134	0	False	False	True	1487	0.01042	0.1154	0.2458	7.33e-08	0.01353	0.1456	0.1611	6.912e-10	1.372e-07	2.498e-09	0.4083
TORERO	6	114	0	False	False	True	1652	0.01163	0.1068	0.2636	2.572e-06	0.0125	0.1359	0.2384	5.873e-08	3.313e-06	1.536e-07	0.4083
TREIF	5	322	0	False	False	False	1245	0.008834	0.1304	0.05743	2.853e-20	0.01246	0.1679	0.01765	2.012e-26	2.882e-19	4.97e-25	0.2853
TREIFA	6	104	0	False	False	False	1642	0.0122	0.108	0.2791	6.905e-06	0.01309	0.1316	0.254	4.246e-07	7.673e-06	8.52e-07	0.4083
TREMIE	6	102	0	False	False	True	1673	0.0125	0.1081	0.2772	8.548e-06	0.01316	0.1298	0.259	6.925e-07	9.347e-06	1.324e-06	0.4083
TRENTAL	7	108	0	False	False	True	588	0.0119	0.1092	0.2743	3.754e-06	0.01282	0.1364	0.2482	1.33e-07	4.486e-06	3.062e-07	0.4083
TREPAN	6	152	0	False	False	True	1294	0.009259	0.1133	0.2432	1.16e-08	0.01333	0.1493	0.13	2.136e-11	2.637e-08	1.061e-10	0.4083
TREPID	6	102	0	False	False	True	1673	0.0125	0.1081	0.2772	8.548e-06	0.01316	0.1298	0.259	6.925e-07	9.347e-06	1.324e-06	0.4083
TRILD	5	232	0	False	False	False	1431	0.0101	0.1132	0.09486	7.847e-13	0.01296	0.1413	0.04854	4.474e-16	3.42e-12	4.419e-15	0.4083
TRYP	4	122	0	False	False	True	743	0.01754	0.1304	0.1154	3.934e-08	0.02045	0.1408	0.08039	9.077e-09	7.895e-08	2.754e-08	0.4083
TSADIS	6	122	0	False	False	False	1541	0.01111	0.1111	0.2559	5.746e-07	0.01316	0.1373	0.1987	1.505e-08	8.615e-07	4.359e-08	0.4083
TSARINA	7	130	0	False	False	True	434	0.0102	0.1042	0.2636	6.136e-07	0.01515	0.1286	0.1374	1.699e-08	9.167e-07	4.856e-08	0.4083
TSETSE	6	236	0	False	False	True	905	0.007508	0.125	0.1689	2.06e-14	0.01136	0.1522	0.0674	1.203e-17	1.221e-13	1.528e-16	0.4083
TSORIS	6	216	0	False	False	False	985	0.007576	0.125	0.1935	2.977e-13	0.01143	0.1549	0.08343	1.644e-16	1.408e-12	1.66e-15	0.4083
TUFA	4	118	0	False	False	True	714	0.01754	0.1272	0.1239	1.064e-07	0.02034	0.1364	0.0885	3.069e-08	1.884e-07	8.501e-08	0.4083
TULSI	5	124	0	False	False	True	1560	0.01062	0.1	0.2662	2.119e-06	0.01351	0.1146	0.1851	2.795e-07	2.82e-06	5.832e-07	0.4083
TWP	3	162	0	False	False	False	105	0.03231	0.1714	0.00489	5.881e-14	0.03566	0.1865	0.00279	2.999e-15	3.188e-13	2.693e-14	0.1128
TYND	4	130	0	False	False	True	754	0.01648	0.1312	0.1154	1.149e-08	0.01972	0.1424	0.07504	2.118e-09	2.625e-08	7.215e-09	0.4083
TYRAN	5	132	0	False	False	False	1559	0.009804	0.1032	0.2724	5.721e-07	0.01299	0.1157	0.1781	8.985e-08	8.615e-07	2.171e-07	0.4083
TYROS	5	126	0	False	False	False	1537	0.0102	0.1	0.2746	1.716e-06	0.01332	0.1154	0.1847	1.955e-07	2.399e-06	4.348e-07	0.4083
UDAL	4	250	0	True	False	True	937	0.01563	0.1604	0.01949	1.05e-19	0.004289	0.02318	0.3415	0.002843	1.003e-18	0.004276	0.4083
UEYS	4	114	0	True	False	False	705	0.01736	0.125	0.1358	2.449e-07	0.008182	0.02419	0.392	0.0613	4.024e-07	0.06572	0.4083
UGH	3	222	0	True	False	True	130	0.01929	0.1818	0.01325	4.537e-20	0.005508	0.04462	0.2934	3.972e-05	4.482e-19	6.551e-05	0.4083
ULAN	4	460	0	True	False	False	910	0.01504	0.1734	0.0009398	8.966e-39	0.002833	0.02135	0.2711	4.871e-05	2.491e-37	8.019e-05	0.4083
ULANS	5	186	0	True	False	False	1489	0.009942	0.1091	0.1559	4.667e-10	0.005359	0.02037	0.3681	0.02173	1.36e-09	0.02799	0.4083
ULEMA	5	112	0	True	False	True	1583	0.01163	0.09848	0.2698	9.057e-06	0.008197	0.02174	0.3978	0.0853	9.759e-06	0.08706	0.4083
ULTRA	5	156	0	True	False	True	1564	0.01053	0.1091	0.1919	1.493e-08	0.006105	0.02143	0.3847	0.03405	3.253e-08	0.03916	0.4083
UMRA	4	242	0	True	False	False	942	0.01597	0.1556	0.0203	1.699e-18	0.004383	0.02632	0.3454	0.001575	1.452e-17	0.002443	0.4083
UMRAS	5	100	0	True	False	False	1656	0.0125	0.1	0.2843	2.656e-05	0.008929	0.01942	0.4078	0.1407	2.705e-05	0.1409	0.4092
UNAU	4	126	0	True	False	True	722	0.01672	0.1324	0.1194	1.7e-08	0.007441	0.02027	0.3902	0.07575	3.651e-08	0.07895	0.4083
UNEASE	6	134	0	True	False	True	1487	0.01042	0.1154	0.2458	7.33e-08	0.00774	0.02778	0.353	0.02294	1.372e-07	0.02905	0.4083
UNETH	5	206	0	True	False	False	1424	0.009615	0.1094	0.1366	4.342e-11	0.00485	0.01875	0.3673	0.02026	1.55e-10	0.02684	0.4083
UNLED	5	110	0	True	False	True	1618	0.0119	0.09658	0.2678	1.405e-05	0.008197	0.02113	0.4044	0.09548	1.494e-05	0.09679	0.409
UPAS	4	226	0	True	False	True	917	0.01589	0.1542	0.02678	3.684e-17	0.004492	0.02855	0.3615	0.001435	2.824e-16	0.002234	0.4083
UPON	4	158	0	True	False	True	798	0.01596	0.1369	0.07874	7.939e-11	0.00641	0.02419	0.362	0.02087	2.736e-10	0.02716	0.4083
UPSET	5	138	0	True	False	True	1571	0.009804	0.1038	0.2568	2.714e-07	0.007042	0.01923	0.3771	0.06858	4.419e-07	0.0719	0.4083
UPTA	4	172	0	True	False	False	835	0.01639	0.141	0.05825	4.412e-12	0.006505	0.03613	0.3255	0.001782	1.767e-11	0.002736	0.4083
UPTER	5	124	0	True	False	False	1560	0.01062	0.1	0.2662	2.119e-06	0.008039	0.02273	0.3676	0.0578	2.82e-06	0.06367	0.4083
URAEI	5	372	0	True	False	False	1135	0.008598	0.1402	0.04026	3.999e-25	0.00321	0.02697	0.3024	3.828e-05	5.515e-24	6.326e-05	0.4083
URAO	4	512	0	True	False	True	892	0.01533	0.1697	0.0003667	4.471e-42	0.002461	0.02266	0.2832	8.012e-06	1.42e-40	1.378e-05	0.4083
URAOS	5	194	0	True	False	False	1517	0.009579	0.1103	0.1546	1.425e-10	0.005145	0.01984	0.3677	0.02049	4.727e-10	0.02702	0.4083
URARE	5	212	0	True	False	True	1434	0.009461	0.109	0.1333	2.366e-11	0.004708	0.01863	0.3677	0.01854	8.763e-11	0.02501	0.4083
URARES	6	128	0	True	False	False	1544	0.01087	0.1124	0.2469	2.363e-07	0.008252	0.02941	0.3462	0.0219	3.927e-07	0.02799	0.4083
URARI	5	124	0	True	False	True	1560	0.01062	0.1	0.2662	2.119e-06	0.008039	0.02273	0.3676	0.0578	2.82e-06	0.06367	0.4083
URDEE	5	134	0	True	False	True	1618	0.01	0.1042	0.2601	3.967e-07	0.007143	0.02083	0.3827	0.05954	6.231e-07	0.06466	0.4083
UREASE	6	158	0	True	False	True	1272	0.01011	0.1205	0.2007	1.554e-09	0.006849	0.02703	0.3376	0.01318	4.005e-09	0.01831	0.4083
UREDIA	6	124	0	True	False	False	1508	0.01087	0.1111	0.2579	4.54e-07	0.008533	0.02941	0.3455	0.02468	6.983e-07	0.0306	0.4083
UREDO	5	252	0	True	False	True	1394	0.009643	0.1121	0.08699	9.75e-14	0.004386	0.02083	0.3303	0.004964	5.129e-13	0.007271	0.4083
UREDOS	6	100	0	True	False	False	1721	0.0125	0.1047	0.2843	1.582e-05	0.0104	0.03178	0.3517	0.03958	1.662e-05	0.045	0.4083
UREIC	5	192	0	True	False	True	1484	0.009461	0.1094	0.1612	2.197e-10	0.005208	0.02	0.3669	0.02067	7.001e-10	0.02707	0.4083
UREIDE	6	116	0	True	False	True	1606	0.01136	0.1078	0.2656	1.801e-06	0.008913	0.03178	0.354	0.02361	2.478e-06	0.02952	0.4083
URENAS	6	194	0	True	False	False	1113	0.009009	0.1193	0.1728	1.972e-11	0.005435	0.02703	0.3474	0.004915	7.46e-11	0.007211	0.4083
URESES	6	112	0	True	False	False	1584	0.01163	0.1083	0.2698	2.647e-06	0.009091	0.03279	0.3596	0.0239	3.328e-06	0.02981	0.4083
URIC	4	290	0	True	False	True	954	0.01429	0.1717	0.01541	1.881e-24	0.003444	0.01709	0.3677	0.006737	2.459e-23	0.00966	0.4083
URSON	5	200	0	True	False	True	1491	0.009434	0.1104	0.1502	6.918e-11	0.005051	0.01899	0.3632	0.02161	2.402e-10	0.02792	0.4083
USNEA	5	388	0	True	False	True	1132	0.008005	0.1402	0.04423	3.487e-26	0.003153	0.02857	0.2937	1.304e-05	5.166e-25	2.163e-05	0.4083
USNEAS	6	110	0	True	False	False	1633	0.0119	0.1077	0.2678	3.603e-06	0.009364	0.03279	0.3553	0.02555	4.351e-06	0.03099	0.4083
USTION	6	132	0	True	False	True	1445	0.01042	0.1136	0.251	1.216e-07	0.007964	0.02778	0.348	0.02427	2.127e-07	0.03022	0.4083
UTASES	6	114	0	True	False	False	1652	0.01163	0.1068	0.2636	2.572e-06	0.009042	0.03178	0.355	0.02518	3.313e-06	0.03088	0.4083
UTERI	5	464	0	True	False	True	911	0.007692	0.1524	0.02779	4.75e-34	0.002904	0.0289	0.2594	1.231e-06	1.083e-32	2.328e-06	0.4083
UTISES	6	110	0	True	False	False	1633	0.0119	0.1077	0.2678	3.603e-06	0.009364	0.03279	0.3553	0.02555	4.351e-06	0.03099	0.4083
UVA	3	156	0	True	False	True	95	0.03231	0.1566	0.005955	2.911e-12	0.0339	0.06667	0.004609	2.117e-05	1.232e-11	3.505e-05	0.1517
UVEA	4	100	0	True	False	True	636	0.01739	0.1284	0.173	1.077e-06	0.01009	0.0246	0.3628	0.08287	1.562e-06	0.08508	0.4083
VERSET	6	102	0	False	False	True	1673	0.0125	0.1081	0.2772	8.548e-06	0.01316	0.1298	0.259	6.925e-07	9.347e-06	1.324e-06	0.4083
VIREO	5	112	0	False	False	True	1583	0.01163	0.09848	0.2698	9.057e-06	0.0125	0.1099	0.2444	2.179e-06	9.759e-06	3.954e-06	0.4083
VLEI	4	198	0	False	False	True	896	0.01596	0.1454	0.04138	3.082e-14	0.02198	0.1615	0.01228	7.209e-16	1.713e-13	6.818e-15	0.2425
VLIES	5	106	0	False	False	False	1573	0.0119	0.09821	0.281	1.742e-05	0.01316	0.1071	0.2456	6.066e-06	1.797e-05	1.045e-05	0.4083
VROT	4	154	0	False	False	False	818	0.01596	0.1364	0.08397	1.567e-10	0.01958	0.1489	0.04756	1.637e-11	5.177e-10	8.513e-11	0.4083
WEISE	5	162	0	False	False	False	1543	0.01	0.1084	0.1963	8.412e-09	0.01351	0.1293	0.1103	1.811e-10	1.978e-08	7.558e-10	0.4083
WERSH	5	150	0	False	False	False	1550	0.009434	0.1061	0.2413	4.939e-08	0.0137	0.125	0.1263	2.001e-09	9.78e-08	6.841e-09	0.4083
WHIO	4	122	0	False	False	False	743	0.01754	0.1304	0.1154	3.934e-08	0.02045	0.1408	0.08039	9.077e-09	7.895e-08	2.754e-08	0.4083
WOG	3	182	0	False	True	True	112	0.02269	0.1865	0.01534	4.831e-17	0.03419	0.1944	0.001781	8.117e-18	3.609e-16	1.074e-16	0.08599
YAREST	6	204	0	False	False	False	1038	0.009245	0.1213	0.1504	3.536e-12	0.01266	0.1506	0.07433	3.423e-15	1.449e-11	2.926e-14	0.4083
YARTA	5	126	0	False	False	False	1537	0.0102	0.1	0.2746	1.716e-06	0.01332	0.1154	0.1847	1.955e-07	2.399e-06	4.348e-07	0.4083
YARTO	5	184	0	False	False	False	1522	0.009625	0.109	0.1687	5.99e-10	0.01316	0.1306	0.08741	6.55e-12	1.712e-09	3.529e-11	0.4083
YBET	4	112	0	False	False	False	670	0.01718	0.1272	0.1435	2.407e-07	0.02062	0.1364	0.09694	7.397e-08	3.963e-07	1.822e-07	0.4083
YELM	4	108	0	False	False	True	669	0.01639	0.1279	0.1678	3.809e-07	0.01799	0.1375	0.1408	1.153e-07	6.046e-07	2.727e-07	0.4083
YID	3	476	0	False	True	False	220	0.01922	0.2132	9.71e-05	2.684e-50	0.05686	0.2364	7.9e-13	1.74e-56	1.325e-48	1.934e-54	2.341e-10
YIDS	4	174	0	False	True	False	870	0.01596	0.1408	0.06087	3.43e-12	0.0205	0.1528	0.02723	2.962e-13	1.445e-11	2.01e-12	0.3744
YLEM	4	182	0	False	False	False	895	0.0162	0.1429	0.05118	6.542e-13	0.02198	0.1558	0.01752	4.064e-14	2.879e-12	3.197e-13	0.2853
YONIS	5	134	0	False	False	False	1618	0.01	0.1042	0.2601	3.967e-07	0.01306	0.1176	0.1719	5.201e-08	6.231e-07	1.397e-07	0.4083
YRENT	5	254	0	False	False	False	1414	0.009615	0.1121	0.08594	7.687e-14	0.01261	0.1413	0.03987	1.567e-17	4.117e-13	1.963e-16	0.4083
YURT	4	112	0	False	False	True	670	0.01718	0.1272	0.1435	2.407e-07	0.02062	0.1364	0.09694	7.397e-08	3.963e-07	1.822e-07	0.4083
