gid	createdAt	cumDistinct	block	month	mean	lo	hi	n
0	2025-11-21 05:02:05.043000+00:00	93	cumulative					
1	2025-11-21 05:06:53.590000+00:00	186	cumulative					
2	2025-11-21 05:09:49.651000+00:00	254	cumulative					
3	2025-11-21 05:11:53.673000+00:00	329	cumulative					
4	2025-11-21 05:13:25.641000+00:00	396	cumulative					
5	2025-11-21 05:15:55.285000+00:00	466	cumulative					
6	2025-11-21 05:16:53.520000+00:00	541	cumulative					
7	2025-11-21 05:19:58.866000+00:00	620	cumulative					
8	2025-11-21 05:22:40.027000+00:00	664	cumulative					
9	2025-11-21 05:25:30.363000+00:00	732	cumulative					
10	2025-11-21 05:27:49.121000+00:00	790	cumulative					
11	2025-11-21 05:30:22.060000+00:00	838	cumulative					
12	2025-11-21 05:32:04.272000+00:00	905	cumulative					
13	2025-11-21 05:34:12.948000+00:00	960	cumulative					
14	2025-11-21 05:36:12.660000+00:00	1003	cumulative					
15	2025-11-21 05:37:54.121000+00:00	1068	cumulative					
16	2025-11-21 05:39:28.016000+00:00	1129	cumulative					
17	2025-11-21 05:41:07.460000+00:00	1179	cumulative					
18	2025-11-21 05:43:05.799000+00:00	1232	cumulative					
19	2025-11-21 05:45:16.413000+00:00	1305	cumulative					
20	2025-11-21 05:46:49.366000+00:00	1353	cumulative					
21	2025-11-21 05:48:28.577000+00:00	1401	cumulative					
22	2025-11-21 05:49:58.701000+00:00	1433	cumulative					
23	2025-11-21 05:51:44.331000+00:00	1487	cumulative					
24	2025-11-21 05:54:02.604000+00:00	1540	cumulative					
25	2025-11-21 05:55:34.713000+00:00	1587	cumulative					
26	2025-11-21 05:57:24.420000+00:00	1629	cumulative					
27	2025-11-21 05:58:57.357000+00:00	1684	cumulative					
28	2025-11-21 06:00:32.504000+00:00	1742	cumulative					
29	2025-11-21 06:01:58.260000+00:00	1775	cumulative					
30	2025-11-21 06:03:50.739000+00:00	1827	cumulative					
31	2025-11-21 06:05:23.821000+00:00	1880	cumulative					
32	2025-11-21 06:06:41.945000+00:00	1914	cumulative					
33	2025-11-21 06:08:39.121000+00:00	1960	cumulative					
34	2025-11-21 06:10:39.130000+00:00	2003	cumulative					
35	2025-11-21 06:11:57.794000+00:00	2046	cumulative					
36	2025-11-21 06:13:46.668000+00:00	2081	cumulative					
37	2025-11-21 06:14:27.586000+00:00	2123	cumulative					
38	2025-11-21 06:16:45.418000+00:00	2150	cumulative					
39	2025-11-21 06:18:50.522000+00:00	2176	cumulative					
40	2025-11-21 06:19:39.515000+00:00	2215	cumulative					
41	2025-11-21 06:21:56.733000+00:00	2252	cumulative					
42	2025-11-21 06:23:46.596000+00:00	2306	cumulative					
43	2025-11-21 06:25:23.486000+00:00	2346	cumulative					
44	2025-11-21 06:27:07.604000+00:00	2393	cumulative					
45	2025-11-21 06:30:21.650000+00:00	2427	cumulative					
46	2025-11-21 06:32:58.332000+00:00	2458	cumulative					
47	2025-11-21 06:35:58.563000+00:00	2497	cumulative					
48	2025-11-21 06:37:49.965000+00:00	2528	cumulative					
49	2025-11-21 06:38:36.090000+00:00	2571	cumulative					
50	2025-11-21 06:40:03.525000+00:00	2604	cumulative					
51	2025-11-21 06:42:08.167000+00:00	2640	cumulative					
52	2025-11-21 06:58:43.158000+00:00	2666	cumulative					
53	2025-11-21 07:00:16.892000+00:00	2692	cumulative					
54	2025-11-21 07:01:59.677000+00:00	2740	cumulative					
55	2025-11-21 07:03:46.068000+00:00	2762	cumulative					
56	2025-11-21 07:07:41.670000+00:00	2779	cumulative					
57	2025-11-21 07:13:59.084000+00:00	2803	cumulative					
58	2025-11-21 07:16:45.830000+00:00	2834	cumulative					
59	2025-11-21 07:18:24.142000+00:00	2877	cumulative					
60	2025-11-21 07:20:16.375000+00:00	2930	cumulative					
61	2025-11-21 07:21:58.206000+00:00	2956	cumulative					
62	2025-11-21 07:23:36.692000+00:00	2968	cumulative					
63	2025-11-21 07:25:35.792000+00:00	3006	cumulative					
64	2025-11-21 07:27:05.094000+00:00	3035	cumulative					
65	2025-11-21 07:28:41.949000+00:00	3054	cumulative					
66	2025-11-21 07:30:22.999000+00:00	3082	cumulative					
67	2025-11-21 07:31:54.364000+00:00	3105	cumulative					
68	2025-11-21 07:33:37.136000+00:00	3124	cumulative					
69	2025-11-21 07:35:29.719000+00:00	3159	cumulative					
70	2025-11-21 07:37:04.076000+00:00	3178	cumulative					
71	2025-11-21 07:52:30.654000+00:00	3193	cumulative					
72	2025-11-21 07:54:46.102000+00:00	3231	cumulative					
73	2025-11-21 07:55:31.167000+00:00	3264	cumulative					
74	2025-11-21 07:57:02.564000+00:00	3285	cumulative					
75	2025-11-21 07:59:49.495000+00:00	3307	cumulative					
76	2025-11-21 13:20:57.085000+00:00	3322	cumulative					
77	2025-11-21 13:49:21.689000+00:00	3353	cumulative					
78	2025-11-21 14:18:59.800000+00:00	3377	cumulative					
79	2025-11-21 15:02:06.727000+00:00	3404	cumulative					
80	2025-11-21 15:03:17.219000+00:00	3430	cumulative					
81	2025-11-21 15:32:42.249000+00:00	3463	cumulative					
82	2025-11-21 15:34:54.748000+00:00	3508	cumulative					
83	2025-11-21 15:35:37.506000+00:00	3547	cumulative					
84	2025-11-21 15:38:00.580000+00:00	3575	cumulative					
85	2025-11-21 15:39:26.800000+00:00	3592	cumulative					
86	2025-11-21 15:40:06.864000+00:00	3626	cumulative					
87	2025-11-21 16:02:14.593000+00:00	3640	cumulative					
88	2025-11-21 16:09:17.507000+00:00	3660	cumulative					
89	2025-11-21 16:11:06.542000+00:00	3681	cumulative					
90	2025-11-21 16:12:44.609000+00:00	3715	cumulative					
91	2025-11-21 16:14:13.547000+00:00	3745	cumulative					
92	2025-11-21 16:15:47.683000+00:00	3773	cumulative					
93	2025-11-21 16:17:23.153000+00:00	3787	cumulative					
94	2025-11-21 16:19:07.311000+00:00	3809	cumulative					
95	2025-11-21 17:15:37.281000+00:00	3835	cumulative					
96	2025-11-21 17:19:26.434000+00:00	3857	cumulative					
97	2025-11-21 18:00:00.565000+00:00	3886	cumulative					
98	2025-11-21 18:01:42.211000+00:00	3926	cumulative					
99	2025-11-21 18:03:30.584000+00:00	3952	cumulative					
100	2025-11-21 18:04:46.637000+00:00	3975	cumulative					
101	2025-11-21 18:07:12.236000+00:00	3986	cumulative					
102	2025-11-21 18:10:30.011000+00:00	3996	cumulative					
103	2025-11-21 18:15:00.434000+00:00	4028	cumulative					
104	2025-11-21 18:17:29.872000+00:00	4042	cumulative					
105	2025-11-21 18:20:29.120000+00:00	4074	cumulative					
106	2025-11-21 18:21:58.138000+00:00	4107	cumulative					
107	2025-11-21 18:23:12.718000+00:00	4140	cumulative					
108	2025-11-21 18:25:04.428000+00:00	4176	cumulative					
109	2025-11-21 18:27:27.260000+00:00	4184	cumulative					
110	2025-11-21 18:28:39.693000+00:00	4209	cumulative					
111	2025-11-21 18:30:05.562000+00:00	4237	cumulative					
112	2025-11-21 18:31:41.601000+00:00	4253	cumulative					
113	2025-11-21 18:31:56.312000+00:00	4298	cumulative					
114	2025-11-21 18:40:21.108000+00:00	4308	cumulative					
115	2025-11-21 18:42:14.703000+00:00	4331	cumulative					
116	2025-11-21 18:48:48.717000+00:00	4349	cumulative					
117	2025-11-21 19:05:00.453000+00:00	4375	cumulative					
118	2025-11-21 19:07:04.865000+00:00	4390	cumulative					
119	2025-11-21 21:04:07.018000+00:00	4407	cumulative					
120	2025-11-21 21:55:30.886000+00:00	4441	cumulative					
121	2025-11-21 21:59:37.258000+00:00	4458	cumulative					
122	2025-11-21 22:04:11.113000+00:00	4467	cumulative					
123	2025-11-21 22:04:50.954000+00:00	4483	cumulative					
124	2025-11-21 22:10:46.998000+00:00	4505	cumulative					
125	2025-11-21 22:14:40.385000+00:00	4518	cumulative					
126	2025-11-21 22:17:15.752000+00:00	4525	cumulative					
127	2025-11-21 22:18:42.675000+00:00	4542	cumulative					
128	2025-11-21 22:20:31.944000+00:00	4559	cumulative					
129	2025-11-21 22:21:57.058000+00:00	4580	cumulative					
130	2025-11-21 22:23:44.287000+00:00	4590	cumulative					
131	2025-11-21 22:25:44.232000+00:00	4614	cumulative					
132	2025-11-21 22:28:39.558000+00:00	4633	cumulative					
133	2025-11-21 22:30:05.691000+00:00	4650	cumulative					
134	2025-11-21 22:30:25.921000+00:00	4671	cumulative					
135	2025-11-21 22:33:08.319000+00:00	4705	cumulative					
136	2025-11-21 22:34:59.989000+00:00	4719	cumulative					
137	2025-11-21 22:36:21.561000+00:00	4743	cumulative					
138	2025-11-21 22:37:58.206000+00:00	4771	cumulative					
139	2025-11-21 22:39:38.364000+00:00	4778	cumulative					
140	2025-11-21 22:42:11.271000+00:00	4810	cumulative					
141	2025-11-21 23:53:46.397000+00:00	4825	cumulative					
142	2025-11-21 23:55:38.430000+00:00	4857	cumulative					
143	2025-11-21 23:58:13.575000+00:00	4879	cumulative					
144	2025-11-21 23:59:53.811000+00:00	4899	cumulative					
145	2025-11-22 00:01:41.189000+00:00	4921	cumulative					
146	2025-11-22 00:03:28.956000+00:00	4939	cumulative					
147	2025-11-22 00:06:06.894000+00:00	4951	cumulative					
148	2025-11-22 00:08:27.076000+00:00	4968	cumulative					
149	2025-11-22 00:09:56.788000+00:00	4983	cumulative					
150	2025-11-22 00:11:16.312000+00:00	5009	cumulative					
151	2025-11-22 00:13:15.188000+00:00	5028	cumulative					
152	2025-11-22 00:14:41.375000+00:00	5039	cumulative					
153	2025-11-22 02:13:05.607000+00:00	5043	cumulative					
154	2025-11-22 02:56:18.447000+00:00	5065	cumulative					
155	2025-11-22 02:59:46.621000+00:00	5084	cumulative					
156	2025-11-22 03:06:43.420000+00:00	5098	cumulative					
157	2025-11-22 04:12:20.620000+00:00	5113	cumulative					
158	2025-11-22 04:54:34.078000+00:00	5132	cumulative					
159	2025-11-22 04:56:29.250000+00:00	5139	cumulative					
160	2025-11-22 04:58:49.863000+00:00	5160	cumulative					
161	2025-11-22 05:02:30.673000+00:00	5182	cumulative					
162	2025-11-22 05:05:05.789000+00:00	5197	cumulative					
163	2025-11-22 05:07:04.017000+00:00	5223	cumulative					
164	2025-11-22 05:07:33.617000+00:00	5247	cumulative					
165	2025-11-22 05:10:40.971000+00:00	5263	cumulative					
166	2025-11-22 05:12:03.287000+00:00	5271	cumulative					
167	2025-11-22 05:15:08.434000+00:00	5282	cumulative					
168	2025-11-22 05:16:39.646000+00:00	5292	cumulative					
169	2025-11-22 05:18:18.825000+00:00	5301	cumulative					
170	2025-11-22 05:19:25.224000+00:00	5306	cumulative					
171	2025-11-22 05:21:30.634000+00:00	5317	cumulative					
172	2025-11-22 05:22:46.914000+00:00	5334	cumulative					
173	2025-11-22 05:24:42.444000+00:00	5353	cumulative					
174	2025-11-22 05:26:49.819000+00:00	5386	cumulative					
175	2025-11-22 05:29:38.875000+00:00	5393	cumulative					
176	2025-11-22 05:34:59.083000+00:00	5413	cumulative					
177	2025-11-22 05:36:43.313000+00:00	5437	cumulative					
178	2025-11-22 05:38:26.529000+00:00	5445	cumulative					
179	2025-11-22 05:42:09.309000+00:00	5457	cumulative					
180	2025-11-22 05:44:04.916000+00:00	5469	cumulative					
181	2025-11-22 05:50:04.509000+00:00	5475	cumulative					
182	2025-11-22 05:52:42.308000+00:00	5511	cumulative					
183	2025-11-22 05:54:00.950000+00:00	5522	cumulative					
184	2025-11-22 05:56:01.356000+00:00	5546	cumulative					
185	2025-11-22 05:58:03.319000+00:00	5565	cumulative					
186	2025-11-22 05:59:31.705000+00:00	5578	cumulative					
187	2025-11-22 06:01:10.524000+00:00	5588	cumulative					
188	2025-11-22 06:02:09.379000+00:00	5603	cumulative					
189	2025-11-22 06:04:20.713000+00:00	5614	cumulative					
190	2025-11-22 06:05:48.959000+00:00	5630	cumulative					
191	2025-11-22 06:08:59.065000+00:00	5643	cumulative					
192	2025-11-22 06:11:14.108000+00:00	5650	cumulative					
193	2025-11-22 06:13:37.368000+00:00	5669	cumulative					
194	2025-11-22 06:14:37.694000+00:00	5679	cumulative					
195	2025-11-22 06:17:04.773000+00:00	5686	cumulative					
196	2025-11-22 06:19:08.446000+00:00	5693	cumulative					
197	2025-11-22 06:21:25.573000+00:00	5701	cumulative					
198	2025-11-22 06:22:55.553000+00:00	5712	cumulative					
199	2025-11-22 06:24:26.235000+00:00	5724	cumulative					
200	2025-11-22 06:25:57.381000+00:00	5732	cumulative					
201	2025-11-22 06:27:18.207000+00:00	5742	cumulative					
202	2025-11-22 06:28:58.990000+00:00	5764	cumulative					
203	2025-11-22 06:34:36.198000+00:00	5782	cumulative					
204	2025-11-22 06:36:10.503000+00:00	5792	cumulative					
205	2025-11-22 06:38:59.390000+00:00	5799	cumulative					
206	2025-11-22 09:01:58.893000+00:00	5812	cumulative					
207	2025-11-22 09:04:47.606000+00:00	5842	cumulative					
208	2025-11-22 09:05:06.234000+00:00	5856	cumulative					
209	2025-11-22 09:07:53.949000+00:00	5872	cumulative					
210	2025-11-22 16:25:33.082000+00:00	5877	cumulative					
211	2025-11-22 16:39:06.711000+00:00	5899	cumulative					
212	2025-11-22 17:39:47.215000+00:00	5911	cumulative					
213	2025-11-22 17:47:21.525000+00:00	5919	cumulative					
214	2025-11-22 17:50:34.817000+00:00	5940	cumulative					
215	2025-11-22 17:53:15.382000+00:00	5952	cumulative					
216	2025-11-22 18:27:15.416000+00:00	5966	cumulative					
217	2025-11-22 18:46:28.980000+00:00	5983	cumulative					
218	2025-11-22 22:17:57.145000+00:00	5996	cumulative					
219	2025-11-22 22:21:26.442000+00:00	6015	cumulative					
220	2025-11-23 03:01:39.504000+00:00	6022	cumulative					
221	2025-11-23 03:04:23.775000+00:00	6039	cumulative					
222	2025-11-23 03:36:30.239000+00:00	6048	cumulative					
223	2025-11-23 03:38:12.712000+00:00	6058	cumulative					
224	2025-11-23 03:49:21.430000+00:00	6084	cumulative					
225	2025-11-23 03:50:48.693000+00:00	6094	cumulative					
226	2025-11-23 03:53:42.364000+00:00	6101	cumulative					
227	2025-11-23 03:59:40.711000+00:00	6114	cumulative					
228	2025-11-23 04:00:58.481000+00:00	6138	cumulative					
229	2025-11-23 04:05:05.825000+00:00	6154	cumulative					
230	2025-11-23 04:05:52.658000+00:00	6168	cumulative					
231	2025-11-23 04:08:59.200000+00:00	6182	cumulative					
232	2025-11-23 04:13:59.326000+00:00	6193	cumulative					
233	2025-11-23 04:16:19.855000+00:00	6195	cumulative					
234	2025-11-23 04:17:46.796000+00:00	6211	cumulative					
235	2025-11-23 04:28:00.880000+00:00	6222	cumulative					
236	2025-11-23 04:29:34.613000+00:00	6231	cumulative					
237	2025-11-23 04:31:09.588000+00:00	6254	cumulative					
238	2025-11-23 04:33:11.189000+00:00	6262	cumulative					
239	2025-11-23 04:38:21.467000+00:00	6268	cumulative					
240	2025-11-23 04:59:30.912000+00:00	6276	cumulative					
241	2025-11-23 05:08:19.083000+00:00	6285	cumulative					
242	2025-11-23 05:09:56.478000+00:00	6319	cumulative					
243	2025-11-23 05:11:23.032000+00:00	6330	cumulative					
244	2025-11-23 05:12:52.548000+00:00	6349	cumulative					
245	2025-11-23 05:14:21.245000+00:00	6362	cumulative					
246	2025-11-23 05:15:47.855000+00:00	6371	cumulative					
247	2025-11-23 05:18:09.910000+00:00	6378	cumulative					
248	2025-11-23 05:19:41.542000+00:00	6391	cumulative					
249	2025-11-23 05:20:24.464000+00:00	6421	cumulative					
250	2025-11-23 05:21:51.546000+00:00	6444	cumulative					
251	2025-11-23 05:23:27.675000+00:00	6456	cumulative					
252	2025-11-23 05:24:59.254000+00:00	6478	cumulative					
253	2025-11-23 05:27:11.724000+00:00	6492	cumulative					
254	2025-11-23 05:28:04.900000+00:00	6510	cumulative					
255	2025-11-23 05:30:51.339000+00:00	6528	cumulative					
256	2025-11-23 05:32:42.782000+00:00	6533	cumulative					
257	2025-11-23 05:34:13.625000+00:00	6548	cumulative					
258	2025-11-23 05:35:44.038000+00:00	6562	cumulative					
259	2025-11-23 05:42:01.499000+00:00	6567	cumulative					
260	2025-11-23 05:43:14.595000+00:00	6576	cumulative					
261	2025-11-23 05:45:09.426000+00:00	6602	cumulative					
262	2025-11-23 05:48:37.970000+00:00	6628	cumulative					
263	2025-11-23 06:37:23.356000+00:00	6631	cumulative					
264	2025-11-23 17:10:59.719000+00:00	6663	cumulative					
265	2025-11-23 17:22:12.110000+00:00	6676	cumulative					
266	2025-11-23 17:58:07.687000+00:00	6683	cumulative					
267	2025-11-23 17:58:15.239000+00:00	6687	cumulative					
268	2025-11-23 18:01:07.245000+00:00	6693	cumulative					
269	2025-11-23 18:02:38.250000+00:00	6708	cumulative					
270	2025-11-23 18:04:10.002000+00:00	6721	cumulative					
271	2025-11-23 18:05:39.496000+00:00	6727	cumulative					
272	2025-11-23 18:07:09.058000+00:00	6732	cumulative					
273	2025-11-23 18:08:36.124000+00:00	6741	cumulative					
274	2025-11-23 18:10:03.154000+00:00	6761	cumulative					
275	2025-11-23 18:14:03.599000+00:00	6780	cumulative					
276	2025-11-23 18:15:35.527000+00:00	6783	cumulative					
277	2025-11-23 18:17:04.770000+00:00	6798	cumulative					
278	2025-11-23 18:18:30.750000+00:00	6801	cumulative					
279	2025-11-23 18:20:11.993000+00:00	6814	cumulative					
280	2025-11-23 18:27:43.298000+00:00	6835	cumulative					
281	2025-11-23 18:34:41.081000+00:00	6839	cumulative					
282	2025-11-23 18:36:41.698000+00:00	6841	cumulative					
283	2025-11-23 18:38:14.560000+00:00	6847	cumulative					
284	2025-11-23 18:39:49.895000+00:00	6857	cumulative					
285	2025-11-23 18:41:20.902000+00:00	6879	cumulative					
286	2025-11-23 18:42:47.715000+00:00	6892	cumulative					
287	2025-11-23 18:45:42.131000+00:00	6902	cumulative					
288	2025-11-23 18:47:56.644000+00:00	6917	cumulative					
289	2025-11-23 18:49:23.474000+00:00	6921	cumulative					
290	2025-11-23 18:50:18.744000+00:00	6925	cumulative					
291	2025-11-23 18:52:15.852000+00:00	6936	cumulative					
292	2025-11-23 18:53:41.871000+00:00	6950	cumulative					
293	2025-11-23 18:55:12.260000+00:00	6956	cumulative					
294	2025-11-23 18:56:58.530000+00:00	6966	cumulative					
295	2025-11-23 18:57:12.690000+00:00	6981	cumulative					
296	2025-11-23 18:59:49.383000+00:00	6992	cumulative					
297	2025-11-23 19:03:46.441000+00:00	7021	cumulative					
298	2025-11-23 19:05:15.592000+00:00	7029	cumulative					
299	2025-11-23 19:05:37.960000+00:00	7036	cumulative					
300	2025-11-23 19:07:22.895000+00:00	7052	cumulative					
301	2025-11-23 19:11:09.130000+00:00	7062	cumulative					
302	2025-11-23 19:13:09.898000+00:00	7066	cumulative					
303	2025-11-23 19:14:45.229000+00:00	7079	cumulative					
304	2025-11-23 19:19:25.800000+00:00	7090	cumulative					
305	2025-11-23 19:26:46.419000+00:00	7102	cumulative					
306	2025-11-23 19:37:44.524000+00:00	7106	cumulative					
307	2025-11-23 21:28:24.507000+00:00	7112	cumulative					
308	2025-11-23 21:30:03.803000+00:00	7119	cumulative					
309	2025-11-23 21:55:57.634000+00:00	7130	cumulative					
310	2025-11-23 23:28:07.766000+00:00	7133	cumulative					
311	2025-11-23 23:38:57.115000+00:00	7142	cumulative					
312	2025-11-23 23:41:12.984000+00:00	7150	cumulative					
313	2025-11-23 23:42:40.050000+00:00	7159	cumulative					
314	2025-11-24 01:48:53.988000+00:00	7164	cumulative					
315	2025-11-24 01:53:22.160000+00:00	7179	cumulative					
316	2025-11-24 01:56:58.048000+00:00	7191	cumulative					
317	2025-11-24 03:33:59.384000+00:00	7206	cumulative					
318	2025-11-24 03:34:44.277000+00:00	7216	cumulative					
319	2025-11-24 03:36:11.260000+00:00	7228	cumulative					
320	2025-11-24 03:39:12.171000+00:00	7232	cumulative					
321	2025-11-24 03:39:56.164000+00:00	7244	cumulative					
322	2025-11-24 03:42:06.361000+00:00	7253	cumulative					
323	2025-11-24 03:43:34.330000+00:00	7276	cumulative					
324	2025-11-24 03:44:22.544000+00:00	7284	cumulative					
325	2025-11-24 03:46:34.868000+00:00	7298	cumulative					
326	2025-11-24 03:48:02.114000+00:00	7315	cumulative					
327	2025-11-24 03:49:26.199000+00:00	7328	cumulative					
328	2025-11-24 03:51:02.941000+00:00	7334	cumulative					
329	2025-11-24 03:52:49.664000+00:00	7345	cumulative					
330	2025-11-24 03:54:56.428000+00:00	7357	cumulative					
331	2025-11-24 03:57:59.432000+00:00	7358	cumulative					
332	2025-11-24 04:01:33.003000+00:00	7358	cumulative					
333	2025-11-24 04:03:27.024000+00:00	7371	cumulative					
334	2025-11-24 04:04:55.276000+00:00	7387	cumulative					
335	2025-11-24 04:06:23.297000+00:00	7401	cumulative					
336	2025-11-24 04:07:52.373000+00:00	7414	cumulative					
337	2025-11-24 04:10:44.813000+00:00	7421	cumulative					
338	2025-11-24 04:12:15.189000+00:00	7422	cumulative					
339	2025-11-24 04:32:02.565000+00:00	7439	cumulative					
340	2025-11-24 04:33:40.983000+00:00	7445	cumulative					
341	2025-11-24 04:34:33.625000+00:00	7452	cumulative					
342	2025-11-24 04:35:27.252000+00:00	7468	cumulative					
343	2025-11-24 04:37:23.270000+00:00	7476	cumulative					
344	2025-11-24 04:38:55.633000+00:00	7494	cumulative					
345	2025-11-24 04:40:21.516000+00:00	7501	cumulative					
346	2025-11-24 04:41:50.765000+00:00	7515	cumulative					
347	2025-11-24 04:43:20.691000+00:00	7532	cumulative					
348	2025-11-24 04:45:07.737000+00:00	7551	cumulative					
349	2025-11-24 05:21:33.097000+00:00	7551	cumulative					
350	2025-11-24 05:23:35.148000+00:00	7557	cumulative					
351	2025-11-24 05:25:08.214000+00:00	7565	cumulative					
352	2025-11-24 05:26:27.519000+00:00	7576	cumulative					
353	2025-11-24 05:39:44.516000+00:00	7597	cumulative					
354	2025-11-24 05:41:39.640000+00:00	7600	cumulative					
355	2025-11-24 05:43:49.100000+00:00	7613	cumulative					
356	2025-11-24 05:44:55.746000+00:00	7617	cumulative					
357	2025-11-24 05:46:34.733000+00:00	7626	cumulative					
358	2025-11-24 05:48:19.544000+00:00	7630	cumulative					
359	2025-11-24 05:49:46.870000+00:00	7641	cumulative					
360	2025-11-24 05:52:08.247000+00:00	7655	cumulative					
361	2025-11-24 05:53:33.093000+00:00	7661	cumulative					
362	2025-11-24 05:55:00.758000+00:00	7663	cumulative					
363	2025-11-24 05:56:34.987000+00:00	7671	cumulative					
364	2025-11-24 05:57:57.076000+00:00	7674	cumulative					
365	2025-11-24 05:59:22.594000+00:00	7677	cumulative					
366	2025-11-24 05:59:33.927000+00:00	7683	cumulative					
367	2025-11-24 06:02:26.367000+00:00	7699	cumulative					
368	2025-11-24 06:04:01.889000+00:00	7705	cumulative					
369	2025-11-24 06:04:13.971000+00:00	7726	cumulative					
370	2025-11-24 06:04:46.025000+00:00	7727	cumulative					
371	2025-11-24 06:07:16.321000+00:00	7738	cumulative					
372	2025-11-24 06:10:23.315000+00:00	7746	cumulative					
373	2025-11-24 06:11:49.643000+00:00	7760	cumulative					
374	2025-11-24 06:13:02.879000+00:00	7774	cumulative					
375	2025-11-24 06:14:30.635000+00:00	7776	cumulative					
376	2025-11-24 06:16:13.685000+00:00	7793	cumulative					
377	2025-11-24 06:18:17.203000+00:00	7805	cumulative					
378	2025-11-24 06:19:43.589000+00:00	7808	cumulative					
379	2025-11-24 06:25:28.486000+00:00	7827	cumulative					
380	2025-11-24 16:18:50.788000+00:00	7830	cumulative					
381	2025-11-24 16:20:34.615000+00:00	7831	cumulative					
382	2025-11-24 16:22:21.708000+00:00	7850	cumulative					
383	2025-11-24 16:23:28.264000+00:00	7867	cumulative					
384	2025-11-24 16:25:18.678000+00:00	7874	cumulative					
385	2025-11-24 16:26:59.075000+00:00	7881	cumulative					
386	2025-11-24 16:33:25.210000+00:00	7885	cumulative					
387	2025-11-25 02:28:13.051000+00:00	7905	cumulative					
388	2025-11-25 02:30:04.237000+00:00	7911	cumulative					
389	2025-11-25 02:38:06.536000+00:00	7926	cumulative					
390	2025-11-25 02:40:47.312000+00:00	7946	cumulative					
391	2025-11-25 02:48:52.152000+00:00	7960	cumulative					
392	2025-11-25 02:49:12.198000+00:00	7970	cumulative					
393	2025-11-25 03:35:07.186000+00:00	7986	cumulative					
394	2025-11-25 03:35:44.574000+00:00	7989	cumulative					
395	2025-11-25 03:42:25.261000+00:00	7997	cumulative					
396	2025-11-25 03:44:10.179000+00:00	8013	cumulative					
397	2025-11-25 03:45:34.696000+00:00	8021	cumulative					
398	2025-11-25 03:47:07.011000+00:00	8028	cumulative					
399	2025-11-25 03:53:50.787000+00:00	8035	cumulative					
400	2025-11-25 03:56:07.470000+00:00	8044	cumulative					
401	2025-11-25 03:57:31.734000+00:00	8061	cumulative					
402	2025-11-25 04:03:08.498000+00:00	8094	cumulative					
403	2025-11-25 04:04:26.371000+00:00	8105	cumulative					
404	2025-11-25 04:05:47.283000+00:00	8117	cumulative					
405	2025-11-25 04:07:23.274000+00:00	8118	cumulative					
406	2025-11-25 04:08:56.210000+00:00	8135	cumulative					
407	2025-11-25 04:09:20.336000+00:00	8150	cumulative					
408	2025-11-25 04:11:06.858000+00:00	8158	cumulative					
409	2025-11-25 04:12:21.886000+00:00	8166	cumulative					
410	2025-11-25 04:14:47.114000+00:00	8185	cumulative					
411	2025-11-25 04:15:27.550000+00:00	8191	cumulative					
412	2025-11-25 04:16:56.997000+00:00	8197	cumulative					
413	2025-11-25 04:19:29.541000+00:00	8206	cumulative					
414	2025-11-25 04:21:49.321000+00:00	8214	cumulative					
415	2025-11-25 04:23:18.572000+00:00	8218	cumulative					
416	2025-11-25 04:24:53.108000+00:00	8222	cumulative					
417	2025-11-25 04:26:19.609000+00:00	8232	cumulative					
418	2025-11-25 04:27:33.639000+00:00	8250	cumulative					
419	2025-11-25 04:29:00.817000+00:00	8255	cumulative					
420	2025-11-25 04:30:48.092000+00:00	8267	cumulative					
421	2025-11-25 04:32:08.856000+00:00	8294	cumulative					
422	2025-11-25 04:35:22.298000+00:00	8306	cumulative					
423	2025-11-25 04:36:43.002000+00:00	8310	cumulative					
424	2025-11-25 04:38:18.227000+00:00	8325	cumulative					
425	2025-11-25 04:39:55.316000+00:00	8336	cumulative					
426	2025-11-25 04:41:12.610000+00:00	8347	cumulative					
427	2025-11-25 04:42:54.588000+00:00	8357	cumulative					
428	2025-11-25 04:44:39.278000+00:00	8360	cumulative					
429	2025-11-25 15:00:33.036000+00:00	8369	cumulative					
430	2025-11-25 15:01:15.979000+00:00	8374	cumulative					
431	2025-11-25 15:03:24.750000+00:00	8382	cumulative					
432	2025-11-25 15:04:27.222000+00:00	8390	cumulative					
433	2025-11-25 15:06:19.750000+00:00	8401	cumulative					
434	2025-11-25 15:07:27.207000+00:00	8411	cumulative					
435	2025-11-25 15:08:59.834000+00:00	8413	cumulative					
436	2025-11-25 15:10:31.115000+00:00	8428	cumulative					
437	2025-11-25 15:12:19.028000+00:00	8436	cumulative					
438	2025-11-25 22:07:38.087000+00:00	8445	cumulative					
439	2025-11-26 05:47:46.804000+00:00	8458	cumulative					
440	2025-11-26 05:49:21.142000+00:00	8464	cumulative					
441	2025-11-26 17:32:12.162000+00:00	8481	cumulative					
442	2025-11-26 21:39:18.942000+00:00	8483	cumulative					
443	2025-11-26 21:40:45.936000+00:00	8496	cumulative					
444	2025-11-26 21:42:18.017000+00:00	8503	cumulative					
445	2025-11-26 21:43:03.571000+00:00	8520	cumulative					
446	2025-11-26 21:45:20.906000+00:00	8523	cumulative					
447	2025-11-26 21:46:34.362000+00:00	8531	cumulative					
448	2025-11-26 21:48:34.432000+00:00	8534	cumulative					
449	2025-11-26 21:54:02.334000+00:00	8536	cumulative					
450	2025-11-26 22:02:32.661000+00:00	8546	cumulative					
451	2025-11-26 22:04:27.570000+00:00	8547	cumulative					
452	2025-11-26 22:05:59.184000+00:00	8551	cumulative					
453	2025-11-26 22:07:33.100000+00:00	8559	cumulative					
454	2025-11-26 22:09:04.221000+00:00	8561	cumulative					
455	2025-11-26 22:13:04.192000+00:00	8575	cumulative					
456	2025-11-26 22:14:16.623000+00:00	8575	cumulative					
457	2025-11-26 22:16:02.059000+00:00	8583	cumulative					
458	2025-11-27 00:22:18.348000+00:00	8596	cumulative					
459	2025-11-27 00:39:39.535000+00:00	8599	cumulative					
460	2025-11-27 00:40:41.963000+00:00	8610	cumulative					
461	2025-11-27 00:42:44.878000+00:00	8622	cumulative					
462	2025-11-27 00:44:11.869000+00:00	8626	cumulative					
463	2025-11-27 00:45:43.882000+00:00	8636	cumulative					
464	2025-11-27 00:47:18.597000+00:00	8641	cumulative					
465	2025-11-27 00:49:50.701000+00:00	8644	cumulative					
466	2025-11-27 00:51:04.284000+00:00	8652	cumulative					
467	2025-11-27 00:52:55.155000+00:00	8657	cumulative					
468	2025-11-27 00:55:51.101000+00:00	8665	cumulative					
469	2025-11-27 00:57:21.310000+00:00	8668	cumulative					
470	2025-11-27 02:08:11.550000+00:00	8674	cumulative					
471	2025-11-27 02:14:33.613000+00:00	8681	cumulative					
472	2025-11-27 02:17:40.186000+00:00	8693	cumulative					
473	2025-11-27 02:19:15.107000+00:00	8700	cumulative					
474	2025-11-27 02:23:42.145000+00:00	8707	cumulative					
475	2025-11-27 02:26:21.314000+00:00	8713	cumulative					
476	2025-11-27 02:28:13.311000+00:00	8717	cumulative					
477	2025-11-27 02:30:43.513000+00:00	8721	cumulative					
478	2025-11-27 02:32:14.183000+00:00	8733	cumulative					
479	2025-11-27 02:35:24.304000+00:00	8738	cumulative					
480	2025-11-27 02:37:07.224000+00:00	8740	cumulative					
481	2025-11-27 02:38:25.046000+00:00	8748	cumulative					
482	2025-11-27 02:47:15.759000+00:00	8748	cumulative					
483	2025-11-27 02:48:47.864000+00:00	8753	cumulative					
484	2025-11-27 02:50:57.437000+00:00	8759	cumulative					
485	2025-11-27 02:52:19.513000+00:00	8774	cumulative					
486	2025-11-27 02:53:14.296000+00:00	8780	cumulative					
487	2025-11-27 02:56:16.043000+00:00	8784	cumulative					
488	2025-11-27 02:56:20.676000+00:00	8791	cumulative					
489	2025-11-27 02:59:10.146000+00:00	8802	cumulative					
490	2025-11-27 03:00:34.203000+00:00	8810	cumulative					
491	2025-11-27 03:03:02.139000+00:00	8816	cumulative					
492	2025-11-27 03:05:29.155000+00:00	8827	cumulative					
493	2025-11-27 03:12:41.420000+00:00	8833	cumulative					
494	2025-11-27 03:14:21.848000+00:00	8843	cumulative					
495	2025-11-27 03:15:04.355000+00:00	8851	cumulative					
496	2025-11-27 03:28:56.898000+00:00	8864	cumulative					
497	2025-11-27 05:40:49.344000+00:00	8880	cumulative					
498	2025-11-27 05:41:12.033000+00:00	8889	cumulative					
499	2025-11-27 05:43:46.918000+00:00	8897	cumulative					
500	2025-11-27 05:44:13.223000+00:00	8898	cumulative					
501	2025-11-27 05:47:40.150000+00:00	8912	cumulative					
502	2025-11-27 05:50:00.978000+00:00	8917	cumulative					
503	2025-11-27 05:51:46.125000+00:00	8920	cumulative					
504	2025-11-27 05:52:07.772000+00:00	8921	cumulative					
505	2025-11-27 05:54:29.899000+00:00	8934	cumulative					
506	2025-11-27 05:57:02.611000+00:00	8941	cumulative					
507	2025-11-27 05:58:57.253000+00:00	8946	cumulative					
508	2025-11-27 06:00:33.114000+00:00	8958	cumulative					
509	2025-11-27 06:02:12.138000+00:00	8974	cumulative					
510	2025-11-27 06:03:41.138000+00:00	8978	cumulative					
511	2025-11-27 06:05:03.813000+00:00	8985	cumulative					
512	2025-11-27 06:06:33.154000+00:00	8995	cumulative					
513	2025-11-27 06:08:01.874000+00:00	9006	cumulative					
514	2025-11-27 06:09:28.566000+00:00	9013	cumulative					
515	2025-11-27 06:11:10.305000+00:00	9019	cumulative					
516	2025-11-27 06:12:49.845000+00:00	9020	cumulative					
517	2025-11-27 06:14:30.198000+00:00	9030	cumulative					
518	2025-11-27 06:15:57.643000+00:00	9052	cumulative					
519	2025-11-27 06:17:24.818000+00:00	9058	cumulative					
520	2025-11-27 06:20:15.223000+00:00	9073	cumulative					
521	2025-11-27 06:21:43.632000+00:00	9075	cumulative					
522	2025-11-27 06:23:18.574000+00:00	9088	cumulative					
523	2025-11-27 06:24:50.794000+00:00	9092	cumulative					
524	2025-11-27 06:26:39.604000+00:00	9095	cumulative					
525	2025-11-27 06:27:58.635000+00:00	9101	cumulative					
526	2025-11-27 06:30:42.599000+00:00	9104	cumulative					
527	2025-11-27 06:32:01.291000+00:00	9109	cumulative					
528	2025-11-27 06:34:45.571000+00:00	9115	cumulative					
529	2025-11-27 06:36:00.744000+00:00	9126	cumulative					
530	2025-11-27 06:39:56.421000+00:00	9140	cumulative					
531	2025-11-27 06:42:32.122000+00:00	9142	cumulative					
532	2025-11-27 18:08:17.198000+00:00	9147	cumulative					
533	2025-11-27 18:10:15.163000+00:00	9151	cumulative					
534	2025-11-27 18:11:47.131000+00:00	9153	cumulative					
535	2025-11-27 18:13:24.025000+00:00	9177	cumulative					
536	2025-11-27 18:15:04.126000+00:00	9179	cumulative					
537	2025-11-27 18:16:37.314000+00:00	9185	cumulative					
538	2025-11-27 18:18:47.267000+00:00	9193	cumulative					
539	2025-11-27 18:20:24.064000+00:00	9194	cumulative					
540	2025-11-27 18:21:58.397000+00:00	9205	cumulative					
541	2025-11-27 18:23:24.880000+00:00	9214	cumulative					
542	2025-11-27 18:24:54.053000+00:00	9230	cumulative					
543	2025-11-27 18:26:41.391000+00:00	9245	cumulative					
544	2025-11-27 18:28:10.555000+00:00	9246	cumulative					
545	2025-11-27 18:29:36.623000+00:00	9252	cumulative					
546	2025-11-27 18:31:06.088000+00:00	9262	cumulative					
547	2025-11-27 18:32:13.303000+00:00	9273	cumulative					
548	2025-11-27 18:34:05.086000+00:00	9275	cumulative					
549	2025-11-27 18:35:12.326000+00:00	9278	cumulative					
550	2025-11-27 18:37:06.151000+00:00	9283	cumulative					
551	2025-11-27 18:38:41.604000+00:00	9294	cumulative					
552	2025-11-27 18:40:14.337000+00:00	9299	cumulative					
553	2025-11-27 18:43:55.417000+00:00	9300	cumulative					
554	2025-11-27 18:45:19.260000+00:00	9323	cumulative					
555	2025-11-27 18:46:42.399000+00:00	9325	cumulative					
556	2025-11-27 18:48:18.178000+00:00	9335	cumulative					
557	2025-11-27 18:50:10.916000+00:00	9342	cumulative					
558	2025-11-27 18:54:38.398000+00:00	9342	cumulative					
559	2025-11-27 18:56:37.735000+00:00	9354	cumulative					
560	2025-11-27 19:04:36.082000+00:00	9365	cumulative					
561	2025-11-27 19:09:40.642000+00:00	9367	cumulative					
562	2025-11-27 19:31:25.828000+00:00	9369	cumulative					
563	2025-11-27 19:38:59.210000+00:00	9375	cumulative					
564	2025-11-27 21:25:30.279000+00:00	9387	cumulative					
565	2025-11-27 21:27:09.833000+00:00	9392	cumulative					
566	2025-11-27 21:34:30.397000+00:00	9398	cumulative					
567	2025-11-27 21:36:03.284000+00:00	9400	cumulative					
568	2025-11-27 21:40:08.940000+00:00	9407	cumulative					
569	2025-11-27 21:42:36.696000+00:00	9415	cumulative					
570	2025-11-27 21:46:06.100000+00:00	9422	cumulative					
571	2025-11-27 21:48:45.965000+00:00	9434	cumulative					
572	2025-11-27 21:50:12.468000+00:00	9440	cumulative					
573	2025-11-27 21:52:40.457000+00:00	9469	cumulative					
574	2025-11-27 21:54:29.139000+00:00	9474	cumulative					
575	2025-11-27 21:56:25.605000+00:00	9486	cumulative					
576	2025-11-27 21:57:16.514000+00:00	9497	cumulative					
577	2025-11-27 21:58:45.458000+00:00	9505	cumulative					
578	2025-11-27 22:00:47.193000+00:00	9518	cumulative					
579	2025-11-27 22:02:44.729000+00:00	9519	cumulative					
580	2025-11-27 22:04:54.202000+00:00	9527	cumulative					
581	2025-11-27 22:05:21.032000+00:00	9531	cumulative					
582	2025-11-27 22:06:26.946000+00:00	9534	cumulative					
583	2025-11-27 22:10:38.073000+00:00	9539	cumulative					
584	2025-11-27 22:12:41.492000+00:00	9543	cumulative					
585	2025-11-27 22:14:10.067000+00:00	9547	cumulative					
586	2025-11-27 22:19:51.578000+00:00	9552	cumulative					
587	2025-11-27 22:23:32.408000+00:00	9555	cumulative					
588	2025-11-27 22:25:14.734000+00:00	9562	cumulative					
589	2025-11-27 22:26:43.480000+00:00	9569	cumulative					
590	2025-11-27 22:28:11.520000+00:00	9572	cumulative					
591	2025-11-27 22:29:42.668000+00:00	9574	cumulative					
592	2025-11-27 23:05:54.057000+00:00	9577	cumulative					
593	2025-11-27 23:08:58.155000+00:00	9586	cumulative					
594	2025-11-27 23:12:16.647000+00:00	9595	cumulative					
595	2025-11-27 23:13:50.868000+00:00	9600	cumulative					
596	2025-11-28 01:27:16.033000+00:00	9600	cumulative					
597	2025-11-28 01:30:05.490000+00:00	9607	cumulative					
598	2025-11-28 01:31:32.338000+00:00	9609	cumulative					
599	2025-11-28 01:34:16.061000+00:00	9626	cumulative					
600	2025-11-28 01:34:30.741000+00:00	9633	cumulative					
601	2025-11-28 01:37:32.641000+00:00	9641	cumulative					
602	2025-11-28 01:41:14.984000+00:00	9648	cumulative					
603	2025-11-28 01:43:57.963000+00:00	9652	cumulative					
604	2025-11-28 01:46:59.976000+00:00	9659	cumulative					
605	2025-11-28 02:33:16.360000+00:00	9673	cumulative					
606	2025-11-28 02:36:18.071000+00:00	9681	cumulative					
607	2025-11-28 02:38:07.819000+00:00	9693	cumulative					
608	2025-11-28 02:39:42.811000+00:00	9700	cumulative					
609	2025-11-28 02:41:27.350000+00:00	9703	cumulative					
610	2025-11-28 02:43:37.539000+00:00	9719	cumulative					
611	2025-11-28 02:46:43.219000+00:00	9726	cumulative					
612	2025-11-28 02:48:22.658000+00:00	9731	cumulative					
613	2025-11-28 02:55:15.657000+00:00	9733	cumulative					
614	2025-11-28 02:57:46.615000+00:00	9741	cumulative					
615	2025-11-28 02:59:28.817000+00:00	9747	cumulative					
616	2025-11-28 03:01:04.792000+00:00	9748	cumulative					
617	2025-11-28 03:03:27.454000+00:00	9756	cumulative					
618	2025-11-28 03:05:56.188000+00:00	9758	cumulative					
619	2025-11-28 03:09:12.279000+00:00	9767	cumulative					
620	2025-11-28 03:10:47.587000+00:00	9776	cumulative					
621	2025-11-28 03:15:56.973000+00:00	9779	cumulative					
622	2025-11-28 03:17:51.296000+00:00	9782	cumulative					
623	2025-11-28 03:22:17.539000+00:00	9784	cumulative					
624	2025-11-28 03:23:49.169000+00:00	9785	cumulative					
625	2025-11-28 03:25:16.806000+00:00	9788	cumulative					
626	2025-11-28 03:27:30.007000+00:00	9791	cumulative					
627	2025-11-28 03:30:50.036000+00:00	9804	cumulative					
628	2025-11-28 03:35:01.904000+00:00	9806	cumulative					
629	2025-11-28 03:36:26.682000+00:00	9814	cumulative					
630	2025-11-28 03:40:24.876000+00:00	9829	cumulative					
631	2025-11-28 03:45:17.609000+00:00	9839	cumulative					
632	2025-11-28 03:49:51.949000+00:00	9840	cumulative					
633	2025-11-28 03:51:52.701000+00:00	9842	cumulative					
634	2025-11-28 03:54:44.648000+00:00	9844	cumulative					
635	2025-11-28 03:56:32.230000+00:00	9852	cumulative					
636	2025-11-28 03:58:53.706000+00:00	9860	cumulative					
637	2025-11-28 04:00:44.675000+00:00	9871	cumulative					
638	2025-11-28 04:03:00.915000+00:00	9872	cumulative					
639	2025-11-28 04:04:58.557000+00:00	9878	cumulative					
640	2025-11-28 04:08:38.193000+00:00	9883	cumulative					
641	2025-11-28 04:12:18.945000+00:00	9885	cumulative					
642	2025-11-28 04:14:09.184000+00:00	9889	cumulative					
643	2025-11-28 04:15:03.460000+00:00	9897	cumulative					
644	2025-11-28 04:17:18.545000+00:00	9897	cumulative					
645	2025-11-28 04:25:16.311000+00:00	9903	cumulative					
646	2025-11-28 04:28:25.621000+00:00	9910	cumulative					
647	2025-11-28 05:45:46.215000+00:00	9915	cumulative					
648	2025-11-28 05:48:18.764000+00:00	9935	cumulative					
649	2025-11-28 05:50:33.922000+00:00	9943	cumulative					
650	2025-11-28 06:05:41.645000+00:00	9944	cumulative					
651	2025-11-28 16:59:49.706000+00:00	9955	cumulative					
652	2025-11-28 17:29:07.716000+00:00	9959	cumulative					
653	2025-11-29 00:44:51.849000+00:00	9971	cumulative					
654	2025-11-29 02:11:15.184000+00:00	9972	cumulative					
655	2025-11-29 05:13:20.731000+00:00	9980	cumulative					
656	2025-11-29 05:45:06.730000+00:00	9987	cumulative					
657	2025-11-29 05:55:08.431000+00:00	9991	cumulative					
658	2025-11-29 05:57:04.700000+00:00	10004	cumulative					
659	2025-11-29 06:54:51.893000+00:00	10006	cumulative					
660	2025-11-29 19:21:10.958000+00:00	10011	cumulative					
661	2025-11-29 19:33:31.434000+00:00	10015	cumulative					
662	2025-11-29 20:17:56.511000+00:00	10017	cumulative					
663	2025-11-29 20:27:28.008000+00:00	10032	cumulative					
664	2025-11-29 22:54:58.630000+00:00	10046	cumulative					
665	2025-11-29 22:57:23.580000+00:00	10049	cumulative					
666	2025-11-29 22:59:00.511000+00:00	10054	cumulative					
667	2025-11-29 23:00:28.542000+00:00	10059	cumulative					
668	2025-11-29 23:02:17.176000+00:00	10072	cumulative					
669	2025-11-29 23:04:02.652000+00:00	10074	cumulative					
670	2025-11-29 23:05:41.095000+00:00	10075	cumulative					
671	2025-11-29 23:52:46.969000+00:00	10079	cumulative					
672	2025-11-30 00:01:02.859000+00:00	10087	cumulative					
673	2025-11-30 01:53:28.246000+00:00	10090	cumulative					
674	2025-11-30 01:57:52.681000+00:00	10094	cumulative					
675	2025-11-30 02:46:23.045000+00:00	10103	cumulative					
676	2025-11-30 02:47:25.732000+00:00	10117	cumulative					
677	2025-11-30 02:48:43.695000+00:00	10120	cumulative					
678	2025-11-30 02:50:05.879000+00:00	10125	cumulative					
679	2025-11-30 02:53:14.148000+00:00	10131	cumulative					
680	2025-11-30 02:54:44.547000+00:00	10140	cumulative					
681	2025-11-30 02:56:57.337000+00:00	10149	cumulative					
682	2025-11-30 03:00:38.119000+00:00	10149	cumulative					
683	2025-11-30 03:39:51.573000+00:00	10155	cumulative					
684	2025-11-30 03:39:59.531000+00:00	10161	cumulative					
685	2025-11-30 03:43:22.070000+00:00	10180	cumulative					
686	2025-11-30 03:44:55.245000+00:00	10180	cumulative					
687	2025-11-30 03:45:01.946000+00:00	10187	cumulative					
688	2025-11-30 03:47:42.269000+00:00	10187	cumulative					
689	2025-11-30 03:49:04.424000+00:00	10196	cumulative					
690	2025-11-30 03:50:45.171000+00:00	10196	cumulative					
691	2025-11-30 03:52:06.314000+00:00	10204	cumulative					
692	2025-11-30 03:53:21.604000+00:00	10206	cumulative					
693	2025-11-30 03:54:52.751000+00:00	10208	cumulative					
694	2025-11-30 03:56:29.096000+00:00	10219	cumulative					
695	2025-11-30 03:57:49.207000+00:00	10232	cumulative					
696	2025-11-30 03:58:52.019000+00:00	10233	cumulative					
697	2025-11-30 04:00:49.096000+00:00	10236	cumulative					
698	2025-11-30 04:02:03.370000+00:00	10236	cumulative					
699	2025-11-30 04:03:39.742000+00:00	10252	cumulative					
700	2025-11-30 04:04:03.064000+00:00	10257	cumulative					
701	2025-11-30 04:06:56.631000+00:00	10266	cumulative					
702	2025-11-30 04:08:32.190000+00:00	10266	cumulative					
703	2025-11-30 04:09:57.398000+00:00	10282	cumulative					
704	2025-11-30 04:11:16.145000+00:00	10289	cumulative					
705	2025-11-30 04:13:04.612000+00:00	10290	cumulative					
706	2025-11-30 04:14:31.523000+00:00	10295	cumulative					
707	2025-11-30 04:15:57.271000+00:00	10305	cumulative					
708	2025-11-30 04:17:51.343000+00:00	10307	cumulative					
709	2025-11-30 04:19:09.621000+00:00	10313	cumulative					
710	2025-11-30 04:20:44.535000+00:00	10317	cumulative					
711	2025-11-30 04:21:35.145000+00:00	10324	cumulative					
712	2025-11-30 04:23:39.890000+00:00	10327	cumulative					
713	2025-11-30 04:25:08.858000+00:00	10327	cumulative					
714	2025-11-30 04:26:42.818000+00:00	10329	cumulative					
715	2025-11-30 04:28:15.916000+00:00	10343	cumulative					
716	2025-11-30 04:30:00.562000+00:00	10364	cumulative					
717	2025-11-30 04:32:06.722000+00:00	10371	cumulative					
718	2025-11-30 04:34:03.417000+00:00	10388	cumulative					
719	2025-11-30 04:41:34.476000+00:00	10391	cumulative					
720	2025-11-30 04:51:31.423000+00:00	10395	cumulative					
721	2025-11-30 04:52:57.525000+00:00	10397	cumulative					
722	2025-11-30 04:54:22.926000+00:00	10404	cumulative					
723	2025-11-30 04:55:48.162000+00:00	10415	cumulative					
724	2025-11-30 06:15:33.841000+00:00	10420	cumulative					
725	2025-11-30 06:23:55.568000+00:00	10424	cumulative					
726	2025-11-30 06:25:44.962000+00:00	10426	cumulative					
727	2025-11-30 06:30:40.892000+00:00	10429	cumulative					
728	2025-11-30 06:32:59.260000+00:00	10445	cumulative					
729	2025-11-30 06:37:51.417000+00:00	10446	cumulative					
730	2025-11-30 06:39:52.563000+00:00	10449	cumulative					
731	2025-11-30 06:51:37.247000+00:00	10458	cumulative					
732	2025-11-30 06:53:05.800000+00:00	10461	cumulative					
733	2025-11-30 06:54:55.709000+00:00	10464	cumulative					
734	2025-11-30 06:57:45.634000+00:00	10477	cumulative					
735	2025-11-30 07:01:49.815000+00:00	10478	cumulative					
736	2025-11-30 07:05:27.443000+00:00	10481	cumulative					
737	2025-11-30 07:08:41.181000+00:00	10491	cumulative					
738	2025-11-30 16:59:51.907000+00:00	10501	cumulative					
739	2025-11-30 17:05:53.128000+00:00	10506	cumulative					
740	2025-11-30 17:14:41.638000+00:00	10511	cumulative					
741	2025-12-01 03:59:50.859000+00:00	10517	cumulative					
742	2025-12-01 04:02:17.918000+00:00	10531	cumulative					
743	2025-12-01 04:05:49.404000+00:00	10538	cumulative					
744	2025-12-01 04:07:53.863000+00:00	10541	cumulative					
745	2025-12-01 04:09:53.922000+00:00	10555	cumulative					
746	2025-12-01 04:11:34.463000+00:00	10577	cumulative					
747	2025-12-01 04:13:35.342000+00:00	10581	cumulative					
748	2025-12-01 04:15:41.773000+00:00	10586	cumulative					
749	2025-12-01 04:22:03.321000+00:00	10595	cumulative					
750	2025-12-01 04:23:56.185000+00:00	10596	cumulative					
751	2025-12-01 04:25:36.522000+00:00	10606	cumulative					
752	2025-12-01 04:27:41.064000+00:00	10610	cumulative					
753	2025-12-01 04:29:13.319000+00:00	10616	cumulative					
754	2025-12-01 04:30:45.303000+00:00	10618	cumulative					
755	2025-12-01 04:35:00.694000+00:00	10622	cumulative					
756	2025-12-01 04:38:10.905000+00:00	10637	cumulative					
757	2025-12-01 04:39:57.270000+00:00	10639	cumulative					
758	2025-12-01 04:43:58.221000+00:00	10649	cumulative					
759	2025-12-01 04:47:00.748000+00:00	10655	cumulative					
760	2025-12-01 04:48:51.922000+00:00	10659	cumulative					
761	2025-12-01 04:51:06.129000+00:00	10664	cumulative					
762	2025-12-01 04:59:22.147000+00:00	10670	cumulative					
763	2025-12-01 05:10:33.406000+00:00	10675	cumulative					
764	2025-12-01 05:15:20.651000+00:00	10679	cumulative					
765	2025-12-01 05:27:41.610000+00:00	10685	cumulative					
766	2025-12-01 05:29:12.955000+00:00	10686	cumulative					
767	2025-12-01 05:30:44.335000+00:00	10690	cumulative					
768	2025-12-01 05:31:55.363000+00:00	10693	cumulative					
769	2025-12-01 05:33:37.405000+00:00	10701	cumulative					
770	2025-12-01 06:03:11.194000+00:00	10709	cumulative					
771	2025-12-01 06:09:05.358000+00:00	10711	cumulative					
772	2025-12-01 18:33:31.438000+00:00	10718	cumulative					
773	2025-12-01 18:35:09.454000+00:00	10726	cumulative					
774	2025-12-01 18:36:28.566000+00:00	10729	cumulative					
775	2025-12-01 18:38:00.808000+00:00	10734	cumulative					
776	2025-12-01 19:41:11.897000+00:00	10739	cumulative					
777	2025-12-01 19:43:24.421000+00:00	10743	cumulative					
778	2025-12-01 19:46:21.246000+00:00	10750	cumulative					
779	2025-12-01 19:47:48.334000+00:00	10751	cumulative					
780	2025-12-01 19:48:33.703000+00:00	10762	cumulative					
781	2025-12-01 19:51:03.199000+00:00	10763	cumulative					
782	2025-12-01 19:52:40.108000+00:00	10774	cumulative					
783	2025-12-01 19:52:51.967000+00:00	10791	cumulative					
784	2025-12-01 19:55:30.012000+00:00	10796	cumulative					
785	2025-12-01 19:57:12.119000+00:00	10799	cumulative					
786	2025-12-01 20:31:35.699000+00:00	10801	cumulative					
787	2025-12-01 20:33:51.156000+00:00	10804	cumulative					
788	2025-12-01 20:40:22.284000+00:00	10807	cumulative					
789	2025-12-01 20:42:45.140000+00:00	10811	cumulative					
790	2025-12-02 01:04:01.994000+00:00	10818	cumulative					
791	2025-12-02 01:10:19.190000+00:00	10821	cumulative					
792	2025-12-02 01:15:06.701000+00:00	10827	cumulative					
793	2025-12-02 01:19:32.254000+00:00	10831	cumulative					
794	2025-12-02 01:21:24.002000+00:00	10837	cumulative					
795	2025-12-02 01:23:38.070000+00:00	10841	cumulative					
796	2025-12-02 01:25:26.133000+00:00	10847	cumulative					
797	2025-12-02 01:27:23.068000+00:00	10855	cumulative					
798	2025-12-02 01:32:20.814000+00:00	10874	cumulative					
799	2025-12-02 01:34:37.045000+00:00	10876	cumulative					
800	2025-12-02 01:36:01.425000+00:00	10884	cumulative					
801	2025-12-02 01:48:40.131000+00:00	10890	cumulative					
802	2025-12-02 02:01:19.126000+00:00	10904	cumulative					
803	2025-12-02 02:03:11.793000+00:00	10920	cumulative					
804	2025-12-02 02:08:54.765000+00:00	10926	cumulative					
805	2025-12-02 02:13:55.340000+00:00	10936	cumulative					
806	2025-12-02 02:19:05.315000+00:00	10954	cumulative					
807	2025-12-02 02:22:25.444000+00:00	10956	cumulative					
808	2025-12-02 02:23:40.156000+00:00	10966	cumulative					
809	2025-12-02 02:25:14.981000+00:00	10967	cumulative					
810	2025-12-02 02:43:58.452000+00:00	10973	cumulative					
811	2025-12-02 02:47:33.907000+00:00	10984	cumulative					
812	2025-12-02 04:11:54.277000+00:00	10988	cumulative					
813	2025-12-02 04:13:42.248000+00:00	10989	cumulative					
814	2025-12-02 04:14:38.415000+00:00	10990	cumulative					
815	2025-12-02 04:16:33.676000+00:00	10993	cumulative					
816	2025-12-02 04:17:58.907000+00:00	11008	cumulative					
817	2025-12-02 04:19:30.726000+00:00	11010	cumulative					
818	2025-12-02 04:20:03.587000+00:00	11014	cumulative					
819	2025-12-02 15:57:59.125000+00:00	11022	cumulative					
820	2025-12-02 16:02:34.602000+00:00	11029	cumulative					
821	2025-12-02 16:11:51.157000+00:00	11029	cumulative					
822	2025-12-02 16:14:01.652000+00:00	11032	cumulative					
823	2025-12-02 16:15:51.345000+00:00	11039	cumulative					
824	2025-12-02 20:24:33.446000+00:00	11044	cumulative					
825	2025-12-02 20:30:26.177000+00:00	11059	cumulative					
826	2025-12-02 20:31:19.694000+00:00	11065	cumulative					
827	2025-12-02 20:34:02.493000+00:00	11072	cumulative					
828	2025-12-02 20:35:49.711000+00:00	11087	cumulative					
829	2025-12-02 21:07:29.461000+00:00	11093	cumulative					
830	2025-12-02 21:10:09.868000+00:00	11101	cumulative					
831	2025-12-03 02:41:01.419000+00:00	11102	cumulative					
832	2025-12-03 03:29:00.967000+00:00	11102	cumulative					
833	2025-12-03 05:03:25.802000+00:00	11104	cumulative					
834	2025-12-03 06:24:13.393000+00:00	11111	cumulative					
835	2025-12-03 07:48:35.282000+00:00	11116	cumulative					
836	2025-12-03 07:51:38.486000+00:00	11126	cumulative					
837	2025-12-03 07:53:05.583000+00:00	11131	cumulative					
838	2025-12-03 07:54:31.104000+00:00	11137	cumulative					
839	2025-12-03 07:57:59.960000+00:00	11139	cumulative					
840	2025-12-03 07:59:10.075000+00:00	11145	cumulative					
841	2025-12-03 08:01:12.609000+00:00	11149	cumulative					
842	2025-12-03 08:03:28.777000+00:00	11152	cumulative					
843	2025-12-03 16:50:39.830000+00:00	11156	cumulative					
844	2025-12-03 16:53:16.331000+00:00	11156	cumulative					
845	2025-12-03 16:55:02.753000+00:00	11159	cumulative					
846	2025-12-03 16:55:49.990000+00:00	11163	cumulative					
847	2025-12-03 16:57:27.002000+00:00	11168	cumulative					
848	2025-12-03 16:59:28.466000+00:00	11172	cumulative					
849	2025-12-03 17:00:56.879000+00:00	11184	cumulative					
850	2025-12-03 17:02:20.593000+00:00	11184	cumulative					
851	2025-12-03 17:03:47.654000+00:00	11190	cumulative					
852	2025-12-03 17:05:12.732000+00:00	11190	cumulative					
853	2025-12-03 17:06:48.878000+00:00	11195	cumulative					
854	2025-12-03 17:08:20.396000+00:00	11199	cumulative					
855	2025-12-03 17:09:50.634000+00:00	11200	cumulative					
856	2025-12-03 17:11:31.469000+00:00	11208	cumulative					
857	2025-12-03 20:33:43.281000+00:00	11214	cumulative					
858	2025-12-03 21:19:37.339000+00:00	11224	cumulative					
859	2025-12-03 22:58:51.859000+00:00	11225	cumulative					
860	2025-12-03 23:06:37.698000+00:00	11229	cumulative					
861	2025-12-03 23:27:46.815000+00:00	11238	cumulative					
862	2025-12-04 00:29:15.016000+00:00	11240	cumulative					
863	2025-12-04 00:35:08.849000+00:00	11247	cumulative					
864	2025-12-04 01:13:40.607000+00:00	11255	cumulative					
865	2025-12-04 01:38:46.916000+00:00	11258	cumulative					
866	2025-12-04 04:00:30.574000+00:00	11259	cumulative					
867	2025-12-04 04:01:00.864000+00:00	11265	cumulative					
868	2025-12-04 04:03:25.378000+00:00	11285	cumulative					
869	2025-12-04 04:04:53.710000+00:00	11287	cumulative					
870	2025-12-04 04:06:16.031000+00:00	11295	cumulative					
871	2025-12-04 04:09:07.214000+00:00	11299	cumulative					
872	2025-12-04 04:10:52.636000+00:00	11299	cumulative					
873	2025-12-04 04:20:13.314000+00:00	11302	cumulative					
874	2025-12-04 04:42:38.677000+00:00	11304	cumulative					
875	2025-12-04 04:48:21.457000+00:00	11322	cumulative					
876	2025-12-04 04:49:28.928000+00:00	11324	cumulative					
877	2025-12-04 04:52:08.557000+00:00	11333	cumulative					
878	2025-12-04 04:54:23.608000+00:00	11349	cumulative					
879	2025-12-04 04:56:13.185000+00:00	11353	cumulative					
880	2025-12-04 04:57:47.479000+00:00	11359	cumulative					
881	2025-12-04 04:59:26.074000+00:00	11370	cumulative					
882	2025-12-04 05:00:49.800000+00:00	11381	cumulative					
883	2025-12-04 05:02:14.215000+00:00	11386	cumulative					
884	2025-12-04 05:03:45.899000+00:00	11397	cumulative					
885	2025-12-04 05:09:08.177000+00:00	11399	cumulative					
886	2025-12-04 05:12:55.287000+00:00	11399	cumulative					
887	2025-12-04 05:20:39.198000+00:00	11404	cumulative					
888	2025-12-04 05:32:57.544000+00:00	11408	cumulative					
889	2025-12-04 05:53:17.917000+00:00	11415	cumulative					
890	2025-12-04 06:09:56.707000+00:00	11427	cumulative					
891	2025-12-04 06:13:03.734000+00:00	11429	cumulative					
892	2025-12-04 06:13:41.487000+00:00	11434	cumulative					
893	2025-12-04 06:16:59.540000+00:00	11440	cumulative					
894	2025-12-04 06:18:28.780000+00:00	11448	cumulative					
895	2025-12-04 06:19:24.584000+00:00	11450	cumulative					
896	2025-12-04 06:21:25.281000+00:00	11450	cumulative					
897	2025-12-04 06:25:56.295000+00:00	11451	cumulative					
898	2025-12-04 06:27:23.873000+00:00	11459	cumulative					
899	2025-12-04 06:29:28.138000+00:00	11469	cumulative					
900	2025-12-04 06:30:54.577000+00:00	11476	cumulative					
901	2025-12-04 06:32:31.993000+00:00	11486	cumulative					
902	2025-12-04 06:33:59.687000+00:00	11488	cumulative					
903	2025-12-04 06:35:35.923000+00:00	11492	cumulative					
904	2025-12-04 06:36:26.234000+00:00	11496	cumulative					
905	2025-12-04 06:38:33.018000+00:00	11501	cumulative					
906	2025-12-04 06:40:03.788000+00:00	11503	cumulative					
907	2025-12-04 15:28:45.535000+00:00	11510	cumulative					
908	2025-12-04 15:48:54.362000+00:00	11514	cumulative					
909	2025-12-04 15:51:01.488000+00:00	11515	cumulative					
910	2025-12-04 15:53:28.684000+00:00	11515	cumulative					
911	2025-12-04 16:43:14.552000+00:00	11519	cumulative					
912	2025-12-04 18:26:30.165000+00:00	11520	cumulative					
913	2025-12-04 18:35:03.365000+00:00	11527	cumulative					
914	2025-12-04 21:33:38.810000+00:00	11535	cumulative					
915	2025-12-04 21:34:49.645000+00:00	11536	cumulative					
916	2025-12-04 21:36:27.688000+00:00	11544	cumulative					
917	2025-12-04 21:37:51.825000+00:00	11549	cumulative					
918	2025-12-04 21:39:18.729000+00:00	11560	cumulative					
919	2025-12-04 21:40:55.450000+00:00	11565	cumulative					
920	2025-12-04 21:42:21.063000+00:00	11572	cumulative					
921	2025-12-04 21:51:38.016000+00:00	11588	cumulative					
922	2025-12-04 22:07:06.364000+00:00	11607	cumulative					
923	2025-12-04 22:08:32.334000+00:00	11613	cumulative					
924	2025-12-04 22:10:03.291000+00:00	11617	cumulative					
925	2025-12-04 22:11:09.090000+00:00	11617	cumulative					
926	2025-12-04 22:23:42.994000+00:00	11626	cumulative					
927	2025-12-04 22:31:51.741000+00:00	11629	cumulative					
928	2025-12-04 22:33:04.599000+00:00	11631	cumulative					
929	2025-12-04 22:34:42.899000+00:00	11634	cumulative					
930	2025-12-04 22:36:05.973000+00:00	11639	cumulative					
931	2025-12-04 22:37:39.251000+00:00	11648	cumulative					
932	2025-12-04 22:38:15.674000+00:00	11653	cumulative					
933	2025-12-04 22:40:42.635000+00:00	11656	cumulative					
934	2025-12-04 22:42:07.868000+00:00	11656	cumulative					
935	2025-12-04 22:43:46.100000+00:00	11659	cumulative					
936	2025-12-04 22:45:16.076000+00:00	11661	cumulative					
937	2025-12-04 22:46:53.118000+00:00	11666	cumulative					
938	2025-12-04 22:48:47.202000+00:00	11668	cumulative					
939	2025-12-04 22:50:13.991000+00:00	11672	cumulative					
940	2025-12-05 00:17:59.040000+00:00	11674	cumulative					
941	2025-12-05 00:18:24.279000+00:00	11676	cumulative					
942	2025-12-05 00:21:08.251000+00:00	11685	cumulative					
943	2025-12-05 00:21:45.798000+00:00	11686	cumulative					
944	2025-12-05 00:24:13.982000+00:00	11692	cumulative					
945	2025-12-05 00:46:18.730000+00:00	11694	cumulative					
946	2025-12-05 01:03:05.091000+00:00	11699	cumulative					
947	2025-12-05 01:12:38.573000+00:00	11701	cumulative					
948	2025-12-05 01:18:38.487000+00:00	11716	cumulative					
949	2025-12-05 01:22:46.965000+00:00	11721	cumulative					
950	2025-12-05 01:30:31.281000+00:00	11723	cumulative					
951	2025-12-05 01:33:24.756000+00:00	11733	cumulative					
952	2025-12-05 02:13:08.507000+00:00	11735	cumulative					
953	2025-12-05 02:16:16.376000+00:00	11736	cumulative					
954	2025-12-05 02:17:57.039000+00:00	11741	cumulative					
955	2025-12-05 02:19:34.141000+00:00	11749	cumulative					
956	2025-12-05 02:31:47.324000+00:00	11753	cumulative					
957	2025-12-05 02:33:18.684000+00:00	11754	cumulative					
958	2025-12-05 02:34:46.943000+00:00	11756	cumulative					
959	2025-12-05 02:36:10.245000+00:00	11762	cumulative					
960	2025-12-05 02:37:35.539000+00:00	11773	cumulative					
961	2025-12-05 02:39:30.798000+00:00	11781	cumulative					
962	2025-12-05 02:42:40.221000+00:00	11782	cumulative					
963	2025-12-05 03:09:06.964000+00:00	11782	cumulative					
964	2025-12-05 03:14:30.253000+00:00	11784	cumulative					
965	2025-12-05 03:18:34.436000+00:00	11784	cumulative					
966	2025-12-05 03:20:05.793000+00:00	11798	cumulative					
967	2025-12-05 03:23:29.772000+00:00	11802	cumulative					
968	2025-12-05 03:33:04.539000+00:00	11804	cumulative					
969	2025-12-05 03:47:55.661000+00:00	11807	cumulative					
970	2025-12-05 03:51:20.539000+00:00	11827	cumulative					
971	2025-12-05 03:53:17.486000+00:00	11838	cumulative					
972	2025-12-05 04:02:25.839000+00:00	11845	cumulative					
973	2025-12-05 04:14:05.061000+00:00	11849	cumulative					
974	2025-12-05 04:17:06.478000+00:00	11856	cumulative					
975	2025-12-05 04:28:18.903000+00:00	11868	cumulative					
976	2025-12-05 04:34:24.814000+00:00	11872	cumulative					
977	2025-12-05 04:36:53.842000+00:00	11872	cumulative					
978	2025-12-05 04:37:50.874000+00:00	11877	cumulative					
979	2025-12-05 04:39:56.152000+00:00	11881	cumulative					
980	2025-12-05 04:41:21.104000+00:00	11886	cumulative					
981	2025-12-05 04:42:48.975000+00:00	11894	cumulative					
982	2025-12-05 04:44:03.305000+00:00	11912	cumulative					
983	2025-12-05 04:44:46.113000+00:00	11915	cumulative					
984	2025-12-05 04:47:25.720000+00:00	11918	cumulative					
985	2025-12-05 04:48:41.420000+00:00	11919	cumulative					
986	2025-12-05 04:50:15.755000+00:00	11931	cumulative					
987	2025-12-05 04:52:03.565000+00:00	11931	cumulative					
988	2025-12-05 04:53:18.221000+00:00	11932	cumulative					
989	2025-12-05 04:54:52.190000+00:00	11937	cumulative					
990	2025-12-05 04:56:53.388000+00:00	11946	cumulative					
991	2025-12-05 04:59:22.564000+00:00	11947	cumulative					
992	2025-12-05 05:00:40.991000+00:00	11949	cumulative					
993	2025-12-05 05:02:28.716000+00:00	11953	cumulative					
994	2025-12-05 05:04:00.253000+00:00	11966	cumulative					
995	2025-12-05 05:05:32.265000+00:00	11975	cumulative					
996	2025-12-05 05:06:26.713000+00:00	11992	cumulative					
997	2025-12-05 05:07:45.199000+00:00	11997	cumulative					
998	2025-12-05 05:10:00.623000+00:00	12003	cumulative					
999	2025-12-05 05:14:35.997000+00:00	12020	cumulative					
1000	2025-12-05 05:16:11.485000+00:00	12022	cumulative					
1001	2025-12-05 05:17:43+00:00	12027	cumulative					
1002	2025-12-05 05:26:20.807000+00:00	12032	cumulative					
1003	2025-12-05 05:41:18.813000+00:00	12039	cumulative					
1004	2025-12-05 05:50:13.525000+00:00	12058	cumulative					
1005	2025-12-05 05:52:23.459000+00:00	12061	cumulative					
1006	2025-12-05 05:54:36.870000+00:00	12067	cumulative					
1007	2025-12-05 19:27:18.191000+00:00	12067	cumulative					
1008	2025-12-05 19:38:09.576000+00:00	12082	cumulative					
1009	2025-12-05 20:28:27.048000+00:00	12087	cumulative					
1010	2025-12-05 20:31:51.524000+00:00	12093	cumulative					
1011	2025-12-05 20:36:12.143000+00:00	12099	cumulative					
1012	2025-12-05 21:02:02.085000+00:00	12105	cumulative					
1013	2025-12-05 21:04:59.105000+00:00	12109	cumulative					
1014	2025-12-05 21:08:39.497000+00:00	12110	cumulative					
1015	2025-12-05 21:15:01.659000+00:00	12114	cumulative					
1016	2025-12-05 21:17:52.708000+00:00	12120	cumulative					
1017	2025-12-05 21:19:17.853000+00:00	12121	cumulative					
1018	2025-12-05 21:20:20.714000+00:00	12131	cumulative					
1019	2025-12-05 21:21:20.604000+00:00	12134	cumulative					
1020	2025-12-05 21:24:10.626000+00:00	12135	cumulative					
1021	2025-12-05 21:26:06.681000+00:00	12140	cumulative					
1022	2025-12-05 21:27:44.144000+00:00	12141	cumulative					
1023	2025-12-05 21:29:55.488000+00:00	12152	cumulative					
1024	2025-12-05 21:31:21.761000+00:00	12152	cumulative					
1025	2025-12-05 21:32:47.160000+00:00	12152	cumulative					
1026	2025-12-05 21:34:12.699000+00:00	12162	cumulative					
1027	2025-12-05 21:35:40.467000+00:00	12164	cumulative					
1028	2025-12-05 21:38:34.587000+00:00	12170	cumulative					
1029	2025-12-05 21:41:39.350000+00:00	12171	cumulative					
1030	2025-12-05 21:49:19.826000+00:00	12177	cumulative					
1031	2025-12-05 21:54:11.937000+00:00	12184	cumulative					
1032	2025-12-06 00:08:22.634000+00:00	12185	cumulative					
1033	2025-12-06 00:12:30.465000+00:00	12193	cumulative					
1034	2025-12-06 00:14:00.650000+00:00	12193	cumulative					
1035	2025-12-06 00:15:40.030000+00:00	12193	cumulative					
1036	2025-12-06 00:17:09.083000+00:00	12200	cumulative					
1037	2025-12-06 00:18:52.651000+00:00	12214	cumulative					
1038	2025-12-06 00:20:20.493000+00:00	12217	cumulative					
1039	2025-12-06 00:21:51.697000+00:00	12226	cumulative					
1040	2025-12-06 00:39:56.510000+00:00	12226	cumulative					
1041	2025-12-06 00:41:38.574000+00:00	12236	cumulative					
1042	2025-12-06 00:43:11.845000+00:00	12248	cumulative					
1043	2025-12-06 01:14:34.145000+00:00	12249	cumulative					
1044	2025-12-06 01:24:04.247000+00:00	12249	cumulative					
1045	2025-12-06 01:25:45.980000+00:00	12254	cumulative					
1046	2025-12-06 01:27:23.159000+00:00	12256	cumulative					
1047	2025-12-06 01:32:00.648000+00:00	12257	cumulative					
1048	2025-12-06 01:33:53.420000+00:00	12262	cumulative					
1049	2025-12-06 01:36:08.110000+00:00	12270	cumulative					
1050	2025-12-06 01:37:36.087000+00:00	12281	cumulative					
1051	2025-12-06 01:39:06.657000+00:00	12284	cumulative					
1052	2025-12-06 01:54:39.646000+00:00	12288	cumulative					
1053	2025-12-06 01:59:41.809000+00:00	12292	cumulative					
1054	2025-12-06 02:01:12.097000+00:00	12296	cumulative					
1055	2025-12-06 02:07:57.484000+00:00	12303	cumulative					
1056	2025-12-06 02:25:41.460000+00:00	12304	cumulative					
1057	2025-12-06 02:28:10.790000+00:00	12305	cumulative					
1058	2025-12-06 02:40:44.172000+00:00	12315	cumulative					
1059	2025-12-06 02:48:13.848000+00:00	12316	cumulative					
1060	2025-12-06 02:52:07.641000+00:00	12318	cumulative					
1061	2025-12-06 02:55:13.829000+00:00	12322	cumulative					
1062	2025-12-06 03:12:53.184000+00:00	12324	cumulative					
1063	2025-12-06 03:24:02.596000+00:00	12329	cumulative					
1064	2025-12-06 03:25:38.071000+00:00	12333	cumulative					
1065	2025-12-06 03:27:10.202000+00:00	12340	cumulative					
1066	2025-12-06 03:28:28.928000+00:00	12340	cumulative					
1067	2025-12-06 03:30:03.102000+00:00	12352	cumulative					
1068	2025-12-06 03:31:24.768000+00:00	12361	cumulative					
1069	2025-12-06 03:32:57.836000+00:00	12365	cumulative					
1070	2025-12-06 03:33:53.622000+00:00	12369	cumulative					
1071	2025-12-06 03:35:44.404000+00:00	12374	cumulative					
1072	2025-12-06 03:38:08.583000+00:00	12377	cumulative					
1073	2025-12-06 04:21:17.304000+00:00	12380	cumulative					
1074	2025-12-06 04:22:43.213000+00:00	12383	cumulative					
1075	2025-12-06 04:23:51.800000+00:00	12386	cumulative					
1076	2025-12-06 04:25:40.033000+00:00	12394	cumulative					
1077	2025-12-06 04:27:05.390000+00:00	12399	cumulative					
1078	2025-12-06 04:28:29.501000+00:00	12402	cumulative					
1079	2025-12-06 05:13:46.934000+00:00	12402	cumulative					
1080	2025-12-06 05:16:59.637000+00:00	12406	cumulative					
1081	2025-12-06 05:18:34.430000+00:00	12410	cumulative					
1082	2025-12-06 05:20:17.479000+00:00	12410	cumulative					
1083	2025-12-06 05:26:54.201000+00:00	12414	cumulative					
1084	2025-12-06 05:30:45.881000+00:00	12414	cumulative					
1085	2025-12-06 05:37:28.586000+00:00	12417	cumulative					
1086	2025-12-06 05:39:44.256000+00:00	12417	cumulative					
1087	2025-12-06 05:41:53.414000+00:00	12421	cumulative					
1088	2025-12-06 05:43:51.224000+00:00	12426	cumulative					
1089	2025-12-06 05:45:39.211000+00:00	12434	cumulative					
1090	2025-12-06 05:47:19.598000+00:00	12441	cumulative					
1091	2025-12-06 05:57:38.641000+00:00	12446	cumulative					
1092	2025-12-06 06:46:40.300000+00:00	12451	cumulative					
1093	2025-12-06 06:48:15.606000+00:00	12457	cumulative					
1094	2025-12-06 06:49:49.848000+00:00	12463	cumulative					
1095	2025-12-06 06:51:26.941000+00:00	12473	cumulative					
1096	2025-12-06 06:52:33.471000+00:00	12476	cumulative					
1097	2025-12-06 06:53:13.402000+00:00	12484	cumulative					
1098	2025-12-06 06:54:48.816000+00:00	12486	cumulative					
1099	2025-12-06 06:56:25.860000+00:00	12488	cumulative					
1100	2025-12-06 06:58:02.965000+00:00	12488	cumulative					
1101	2025-12-06 07:02:22.283000+00:00	12495	cumulative					
1102	2025-12-06 07:03:37.709000+00:00	12512	cumulative					
1103	2025-12-06 07:05:10.021000+00:00	12519	cumulative					
1104	2025-12-06 07:06:42.005000+00:00	12520	cumulative					
1105	2025-12-06 07:08:17.380000+00:00	12534	cumulative					
1106	2025-12-06 16:36:07.897000+00:00	12534	cumulative					
1107	2025-12-06 16:37:35.933000+00:00	12534	cumulative					
1108	2025-12-06 18:34:39.472000+00:00	12534	cumulative					
1109	2025-12-06 18:36:51.691000+00:00	12542	cumulative					
1110	2025-12-06 18:43:09.284000+00:00	12547	cumulative					
1111	2025-12-06 18:44:34.487000+00:00	12557	cumulative					
1112	2025-12-06 18:46:36.859000+00:00	12560	cumulative					
1113	2025-12-06 18:46:55.472000+00:00	12560	cumulative					
1114	2025-12-06 18:48:42.075000+00:00	12570	cumulative					
1115	2025-12-06 18:51:18.983000+00:00	12575	cumulative					
1116	2025-12-06 18:52:50.653000+00:00	12575	cumulative					
1117	2025-12-06 18:54:28.655000+00:00	12578	cumulative					
1118	2025-12-06 18:56:07.781000+00:00	12580	cumulative					
1119	2025-12-06 18:57:13.662000+00:00	12581	cumulative					
1120	2025-12-06 18:59:04.442000+00:00	12584	cumulative					
1121	2025-12-06 19:01:33.941000+00:00	12587	cumulative					
1122	2025-12-06 19:52:00.769000+00:00	12589	cumulative					
1123	2025-12-06 20:29:05.165000+00:00	12599	cumulative					
1124	2025-12-06 20:33:58.865000+00:00	12606	cumulative					
1125	2025-12-06 20:36:52.895000+00:00	12606	cumulative					
1126	2025-12-06 20:45:59.680000+00:00	12608	cumulative					
1127	2025-12-06 20:54:59.944000+00:00	12610	cumulative					
1128	2025-12-06 21:09:42.302000+00:00	12614	cumulative					
1129	2025-12-06 21:12:44.848000+00:00	12620	cumulative					
1130	2025-12-06 22:07:05.459000+00:00	12622	cumulative					
1131	2025-12-06 22:09:44.379000+00:00	12622	cumulative					
1132	2025-12-06 22:48:43.672000+00:00	12625	cumulative					
1133	2025-12-06 22:49:47.373000+00:00	12629	cumulative					
1134	2025-12-06 22:51:13.412000+00:00	12629	cumulative					
1135	2025-12-06 22:54:03.352000+00:00	12632	cumulative					
1136	2025-12-06 23:23:40.414000+00:00	12636	cumulative					
1137	2025-12-06 23:34:59.421000+00:00	12637	cumulative					
1138	2025-12-07 00:22:36.397000+00:00	12640	cumulative					
1139	2025-12-07 00:26:50.002000+00:00	12647	cumulative					
1140	2025-12-07 00:29:30.139000+00:00	12650	cumulative					
1141	2025-12-07 01:46:09.997000+00:00	12653	cumulative					
1142	2025-12-07 01:48:19.104000+00:00	12654	cumulative					
1143	2025-12-07 01:49:21.678000+00:00	12654	cumulative					
1144	2025-12-07 01:50:48.061000+00:00	12656	cumulative					
1145	2025-12-07 01:52:22.367000+00:00	12659	cumulative					
1146	2025-12-07 01:54:13.739000+00:00	12665	cumulative					
1147	2025-12-07 02:23:16.087000+00:00	12670	cumulative					
1148	2025-12-07 02:25:14.070000+00:00	12670	cumulative					
1149	2025-12-07 02:26:38.047000+00:00	12675	cumulative					
1150	2025-12-07 02:28:01.948000+00:00	12687	cumulative					
1151	2025-12-07 03:08:40.324000+00:00	12693	cumulative					
1152	2025-12-07 03:13:29.867000+00:00	12693	cumulative					
1153	2025-12-07 03:17:07.507000+00:00	12695	cumulative					
1154	2025-12-07 03:18:35.443000+00:00	12698	cumulative					
1155	2025-12-07 03:20:22.120000+00:00	12704	cumulative					
1156	2025-12-07 03:24:09.255000+00:00	12720	cumulative					
1157	2025-12-07 03:25:34.064000+00:00	12726	cumulative					
1158	2025-12-07 03:27:51.242000+00:00	12730	cumulative					
1159	2025-12-07 03:27:58.340000+00:00	12734	cumulative					
1160	2025-12-07 03:29:30.892000+00:00	12738	cumulative					
1161	2025-12-07 03:31:05.951000+00:00	12740	cumulative					
1162	2025-12-07 03:31:34.484000+00:00	12743	cumulative					
1163	2025-12-07 03:34:10.670000+00:00	12743	cumulative					
1164	2025-12-07 03:37:49.306000+00:00	12748	cumulative					
1165	2025-12-07 03:39:13.481000+00:00	12753	cumulative					
1166	2025-12-07 03:40:38.318000+00:00	12756	cumulative					
1167	2025-12-07 03:42:09.840000+00:00	12762	cumulative					
1168	2025-12-07 03:44:26.827000+00:00	12765	cumulative					
1169	2025-12-07 03:46:35.931000+00:00	12766	cumulative					
1170	2025-12-07 03:48:02.404000+00:00	12770	cumulative					
1171	2025-12-07 03:50:23.928000+00:00	12773	cumulative					
1172	2025-12-07 03:55:35.573000+00:00	12773	cumulative					
1173	2025-12-07 03:57:05.474000+00:00	12775	cumulative					
1174	2025-12-07 03:59:24.311000+00:00	12779	cumulative					
1175	2025-12-07 04:00:27.156000+00:00	12780	cumulative					
1176	2025-12-07 04:02:14.393000+00:00	12783	cumulative					
1177	2025-12-07 04:03:41.294000+00:00	12786	cumulative					
1178	2025-12-07 04:05:05.118000+00:00	12786	cumulative					
1179	2025-12-07 04:06:15.987000+00:00	12788	cumulative					
1180	2025-12-07 04:07:39.625000+00:00	12790	cumulative					
1181	2025-12-07 04:09:26.502000+00:00	12792	cumulative					
1182	2025-12-07 04:10:15.922000+00:00	12793	cumulative					
1183	2025-12-07 04:14:39.478000+00:00	12795	cumulative					
1184	2025-12-07 04:16:06.098000+00:00	12797	cumulative					
1185	2025-12-07 04:17:35.823000+00:00	12802	cumulative					
1186	2025-12-07 04:19:01.837000+00:00	12803	cumulative					
1187	2025-12-07 04:24:28.962000+00:00	12805	cumulative					
1188	2025-12-07 04:27:35.002000+00:00	12808	cumulative					
1189	2025-12-07 04:31:33.229000+00:00	12817	cumulative					
1190	2025-12-07 04:36:23.398000+00:00	12817	cumulative					
1191	2025-12-07 05:42:28.721000+00:00	12819	cumulative					
1192	2025-12-07 05:44:27.113000+00:00	12822	cumulative					
1193	2025-12-07 05:45:51.564000+00:00	12826	cumulative					
1194	2025-12-07 05:47:15.128000+00:00	12828	cumulative					
1195	2025-12-07 05:48:31.632000+00:00	12828	cumulative					
1196	2025-12-07 05:50:11.890000+00:00	12828	cumulative					
1197	2025-12-07 05:51:43.765000+00:00	12828	cumulative					
1198	2025-12-07 05:53:09.467000+00:00	12831	cumulative					
1199	2025-12-07 05:54:33.265000+00:00	12834	cumulative					
1200	2025-12-07 05:55:07.328000+00:00	12840	cumulative					
1202	2025-12-07 06:44:41.644000+00:00	12849	cumulative					
1203	2025-12-07 06:45:59.986000+00:00	12850	cumulative					
1204	2025-12-07 06:47:52.074000+00:00	12854	cumulative					
1205	2025-12-07 06:49:00.082000+00:00	12859	cumulative					
1206	2025-12-07 06:50:51.939000+00:00	12859	cumulative					
1207	2025-12-07 06:52:16.165000+00:00	12860	cumulative					
1208	2025-12-07 06:53:31.253000+00:00	12863	cumulative					
1209	2025-12-07 06:55:10.466000+00:00	12868	cumulative					
1210	2025-12-07 06:56:20.080000+00:00	12868	cumulative					
1211	2025-12-07 06:58:06.968000+00:00	12870	cumulative					
1212	2025-12-07 06:59:38.593000+00:00	12873	cumulative					
1213	2025-12-07 07:00:50.480000+00:00	12875	cumulative					
1214	2025-12-07 07:02:44.486000+00:00	12886	cumulative					
1215	2025-12-07 07:04:23.200000+00:00	12893	cumulative					
1216	2025-12-07 07:07:30.652000+00:00	12898	cumulative					
1217	2025-12-07 07:08:45.562000+00:00	12899	cumulative					
1218	2025-12-07 07:11:19.834000+00:00	12906	cumulative					
1219	2025-12-07 07:12:45.156000+00:00	12909	cumulative					
1220	2025-12-07 07:14:19.805000+00:00	12913	cumulative					
1221	2025-12-07 07:16:36.015000+00:00	12922	cumulative					
1222	2025-12-07 07:18:01.499000+00:00	12923	cumulative					
1223	2025-12-07 07:19:37.899000+00:00	12926	cumulative					
1224	2025-12-07 07:25:00.971000+00:00	12932	cumulative					
1225	2025-12-07 07:31:49.308000+00:00	12934	cumulative					
1226	2025-12-07 07:34:48.964000+00:00	12948	cumulative					
1227	2025-12-07 07:53:13.663000+00:00	12951	cumulative					
1228	2025-12-07 17:40:53.501000+00:00	12951	cumulative					
1229	2025-12-07 17:49:12.263000+00:00	12952	cumulative					
1230	2025-12-07 17:50:02.671000+00:00	12954	cumulative					
1231	2025-12-07 17:54:12.483000+00:00	12957	cumulative					
1232	2025-12-07 17:56:10.808000+00:00	12957	cumulative					
1233	2025-12-07 18:02:28.982000+00:00	12957	cumulative					
1234	2025-12-07 18:05:13.820000+00:00	12958	cumulative					
1235	2025-12-07 18:08:28.827000+00:00	12961	cumulative					
1236	2025-12-07 18:09:07.153000+00:00	12964	cumulative					
1237	2025-12-07 18:10:39.557000+00:00	12970	cumulative					
1238	2025-12-07 18:12:23.220000+00:00	12974	cumulative					
1239	2025-12-07 18:14:04.705000+00:00	12979	cumulative					
1240	2025-12-07 18:39:47.048000+00:00	12982	cumulative					
1241	2025-12-07 18:43:59.868000+00:00	12983	cumulative					
1242	2025-12-07 18:46:07.765000+00:00	12985	cumulative					
1243	2025-12-07 18:47:44.138000+00:00	12996	cumulative					
1244	2025-12-07 18:52:11.951000+00:00	12998	cumulative					
1245	2025-12-07 19:02:45.371000+00:00	13003	cumulative					
1246	2025-12-07 19:04:08.278000+00:00	13007	cumulative					
1247	2025-12-07 19:05:33.138000+00:00	13008	cumulative					
1248	2025-12-07 19:06:57.020000+00:00	13013	cumulative					
1249	2025-12-07 19:08:26.870000+00:00	13016	cumulative					
1250	2025-12-07 19:10:00.245000+00:00	13019	cumulative					
1251	2025-12-07 19:11:32.359000+00:00	13022	cumulative					
1252	2025-12-07 19:13:03.010000+00:00	13026	cumulative					
1253	2025-12-07 19:16:04.127000+00:00	13036	cumulative					
1254	2025-12-07 19:20:41.152000+00:00	13036	cumulative					
1255	2025-12-07 19:22:15.271000+00:00	13050	cumulative					
1256	2025-12-07 19:25:04.064000+00:00	13052	cumulative					
1257	2025-12-07 19:26:34.657000+00:00	13060	cumulative					
1258	2025-12-07 19:27:58.654000+00:00	13074	cumulative					
1259	2025-12-07 19:29:22.063000+00:00	13077	cumulative					
1260	2025-12-07 19:30:45.793000+00:00	13079	cumulative					
1261	2025-12-07 19:32:09.782000+00:00	13091	cumulative					
1262	2025-12-07 19:33:33.168000+00:00	13102	cumulative					
1263	2025-12-07 19:35:01.670000+00:00	13107	cumulative					
1264	2025-12-07 19:36:28.510000+00:00	13111	cumulative					
1265	2025-12-07 19:37:52.708000+00:00	13121	cumulative					
1266	2025-12-07 19:39:16.074000+00:00	13131	cumulative					
1267	2025-12-07 19:40:48.293000+00:00	13147	cumulative					
1268	2025-12-07 19:42:25.080000+00:00	13147	cumulative					
1269	2025-12-07 19:43:48.896000+00:00	13147	cumulative					
1270	2025-12-07 19:45:13.018000+00:00	13148	cumulative					
1271	2025-12-07 19:46:34.540000+00:00	13148	cumulative					
1272	2025-12-07 19:48:02.893000+00:00	13153	cumulative					
1273	2025-12-07 19:49:31.349000+00:00	13154	cumulative					
1274	2025-12-07 19:51:36.102000+00:00	13159	cumulative					
1275	2025-12-07 19:58:59.697000+00:00	13161	cumulative					
1276	2025-12-07 19:59:35.670000+00:00	13166	cumulative					
1277	2025-12-07 20:02:58.937000+00:00	13173	cumulative					
1278	2025-12-07 20:04:53.844000+00:00	13181	cumulative					
1279	2025-12-07 20:05:57.323000+00:00	13183	cumulative					
1280	2025-12-07 20:08:52.358000+00:00	13183	cumulative					
1281	2025-12-07 20:43:41.839000+00:00	13185	cumulative					
1282	2025-12-07 20:45:21.054000+00:00	13186	cumulative					
1283	2025-12-07 20:48:54.224000+00:00	13192	cumulative					
1284	2025-12-07 20:52:14.814000+00:00	13197	cumulative					
1285	2025-12-07 20:57:44.717000+00:00	13204	cumulative					
1286	2025-12-07 21:00:22.321000+00:00	13207	cumulative					
1287	2025-12-07 21:11:15.625000+00:00	13212	cumulative					
1288	2025-12-07 21:12:48.857000+00:00	13229	cumulative					
1289	2025-12-07 21:15:08.760000+00:00	13234	cumulative					
1290	2025-12-07 21:16:59.304000+00:00	13234	cumulative					
1291	2025-12-07 22:06:35.838000+00:00	13251	cumulative					
1292	2025-12-07 22:27:59.181000+00:00	13253	cumulative					
1293	2025-12-07 22:32:50.388000+00:00	13256	cumulative					
1294	2025-12-07 22:34:12.825000+00:00	13261	cumulative					
1295	2025-12-07 22:35:42.688000+00:00	13279	cumulative					
1296	2025-12-07 22:37:19.802000+00:00	13286	cumulative					
1297	2025-12-07 22:38:47.464000+00:00	13287	cumulative					
1298	2025-12-07 22:42:45.179000+00:00	13288	cumulative					
1299	2025-12-07 22:44:39.698000+00:00	13289	cumulative					
1300	2025-12-08 00:20:16.016000+00:00	13289	cumulative					
1301	2025-12-08 00:21:40.328000+00:00	13289	cumulative					
1302	2025-12-08 00:22:47.804000+00:00	13289	cumulative					
1303	2025-12-08 00:24:41.407000+00:00	13289	cumulative					
1304	2025-12-08 00:26:06.412000+00:00	13304	cumulative					
1305	2025-12-08 00:27:31.474000+00:00	13305	cumulative					
1306	2025-12-08 00:28:53.609000+00:00	13324	cumulative					
1307	2025-12-08 00:30:26.095000+00:00	13327	cumulative					
1308	2025-12-08 00:31:56.015000+00:00	13330	cumulative					
1309	2025-12-08 00:33:28.357000+00:00	13346	cumulative					
1310	2025-12-08 00:34:50.393000+00:00	13352	cumulative					
1311	2025-12-08 00:35:30.782000+00:00	13359	cumulative					
1312	2025-12-08 00:37:59.130000+00:00	13362	cumulative					
1313	2025-12-08 00:38:10.587000+00:00	13365	cumulative					
1314	2025-12-08 00:40:02.867000+00:00	13367	cumulative					
1315	2025-12-08 00:40:08.857000+00:00	13367	cumulative					
1316	2025-12-08 00:43:19.280000+00:00	13367	cumulative					
1317	2025-12-08 00:43:29.969000+00:00	13369	cumulative					
1318	2025-12-08 00:45:29.672000+00:00	13374	cumulative					
1319	2025-12-08 00:48:10.647000+00:00	13376	cumulative					
1320	2025-12-08 01:14:51.056000+00:00	13380	cumulative					
1321	2025-12-08 01:40:57.260000+00:00	13383	cumulative					
1322	2025-12-08 01:41:06.720000+00:00	13385	cumulative					
1323	2025-12-08 01:45:27.103000+00:00	13385	cumulative					
1324	2025-12-08 02:40:27.372000+00:00	13395	cumulative					
1325	2025-12-08 03:38:25.365000+00:00	13402	cumulative					
1326	2025-12-08 04:54:22.837000+00:00	13408	cumulative					
1327	2025-12-08 05:17:15.318000+00:00	13415	cumulative					
1328	2025-12-08 05:18:47.895000+00:00	13417	cumulative					
1329	2025-12-08 06:58:05.170000+00:00	13420	cumulative					
1330	2025-12-08 07:05:34.807000+00:00	13421	cumulative					
1331	2025-12-08 07:07:00.255000+00:00	13430	cumulative					
1332	2025-12-08 07:07:37.370000+00:00	13431	cumulative					
1333	2025-12-08 07:08:43.847000+00:00	13444	cumulative					
1334	2025-12-08 07:10:07.304000+00:00	13446	cumulative					
1335	2025-12-08 07:11:33.350000+00:00	13447	cumulative					
1336	2025-12-08 07:13:02.346000+00:00	13451	cumulative					
1337	2025-12-08 07:14:28.673000+00:00	13456	cumulative					
1338	2025-12-08 07:15:53.552000+00:00	13464	cumulative					
1339	2025-12-08 07:18:43.259000+00:00	13469	cumulative					
1340	2025-12-08 15:53:26.836000+00:00	13470	cumulative					
1341	2025-12-08 16:11:24.996000+00:00	13475	cumulative					
1342	2025-12-08 16:15:37.485000+00:00	13481	cumulative					
1343	2025-12-08 16:26:44.382000+00:00	13483	cumulative					
1344	2025-12-08 16:36:04.448000+00:00	13490	cumulative					
1345	2025-12-08 16:39:07.438000+00:00	13491	cumulative					
1346	2025-12-08 16:40:37.092000+00:00	13505	cumulative					
1347	2025-12-08 16:40:38.943000+00:00	13512	cumulative					
1348	2025-12-08 16:42:04.635000+00:00	13514	cumulative					
1349	2025-12-08 16:43:33.261000+00:00	13518	cumulative					
1350	2025-12-08 16:47:35.745000+00:00	13524	cumulative					
1351	2025-12-08 16:49:52.463000+00:00	13528	cumulative					
1352	2025-12-08 16:51:51.992000+00:00	13535	cumulative					
1353	2025-12-08 16:53:39.498000+00:00	13539	cumulative					
1354	2025-12-08 16:55:08.302000+00:00	13546	cumulative					
1355	2025-12-08 16:56:54.160000+00:00	13547	cumulative					
1356	2025-12-08 17:04:17.437000+00:00	13549	cumulative					
1357	2025-12-08 18:58:43.644000+00:00	13550	cumulative					
1358	2025-12-08 19:14:22.109000+00:00	13550	cumulative					
1359	2025-12-08 19:40:50.079000+00:00	13550	cumulative					
1360	2025-12-08 19:54:05.306000+00:00	13556	cumulative					
1361	2025-12-08 19:55:31.092000+00:00	13562	cumulative					
1362	2025-12-08 19:58:00.512000+00:00	13568	cumulative					
1363	2025-12-09 01:49:38.520000+00:00	13580	cumulative					
1364	2025-12-09 01:50:03.311000+00:00	13597	cumulative					
1365	2025-12-09 02:12:55.695000+00:00	13604	cumulative					
1366	2025-12-09 02:14:38.845000+00:00	13607	cumulative					
1367	2025-12-09 02:16:15.038000+00:00	13607	cumulative					
1368	2025-12-09 02:17:13.654000+00:00	13614	cumulative					
1369	2025-12-09 02:20:05.567000+00:00	13614	cumulative					
1370	2025-12-09 02:21:40.609000+00:00	13616	cumulative					
1371	2025-12-09 02:23:08.041000+00:00	13620	cumulative					
1372	2025-12-09 02:24:39.120000+00:00	13620	cumulative					
1373	2025-12-09 02:26:07.760000+00:00	13629	cumulative					
1374	2025-12-09 02:27:35.263000+00:00	13634	cumulative					
1375	2025-12-09 02:27:53.298000+00:00	13635	cumulative					
1376	2025-12-09 02:29:25.829000+00:00	13639	cumulative					
1377	2025-12-09 02:31:06.159000+00:00	13640	cumulative					
1378	2025-12-09 02:36:21.982000+00:00	13650	cumulative					
1379	2025-12-09 04:02:04.442000+00:00	13652	cumulative					
1380	2025-12-09 04:05:21.049000+00:00	13653	cumulative					
1381	2025-12-09 04:06:47.794000+00:00	13655	cumulative					
1382	2025-12-09 04:08:14.441000+00:00	13661	cumulative					
1383	2025-12-09 04:09:23.549000+00:00	13665	cumulative					
1384	2025-12-09 04:11:13.061000+00:00	13670	cumulative					
1385	2025-12-09 04:11:32.455000+00:00	13676	cumulative					
1386	2025-12-09 04:14:07.213000+00:00	13678	cumulative					
1387	2025-12-09 04:15:22.917000+00:00	13680	cumulative					
1388	2025-12-09 04:16:47.914000+00:00	13681	cumulative					
1389	2025-12-09 04:18:13.275000+00:00	13684	cumulative					
1390	2025-12-09 04:19:38.263000+00:00	13691	cumulative					
1391	2025-12-09 04:22:28.626000+00:00	13695	cumulative					
1392	2025-12-09 04:23:57.311000+00:00	13698	cumulative					
1393	2025-12-09 04:25:26.384000+00:00	13701	cumulative					
1394	2025-12-09 04:27:06.285000+00:00	13703	cumulative					
1395	2025-12-09 04:28:28.941000+00:00	13705	cumulative					
1396	2025-12-09 04:59:36.086000+00:00	13713	cumulative					
1397	2025-12-09 05:01:00.033000+00:00	13714	cumulative					
1398	2025-12-09 16:17:03.091000+00:00	13715	cumulative					
1399	2025-12-09 16:20:23.962000+00:00	13716	cumulative					
1400	2025-12-09 16:21:57.409000+00:00	13724	cumulative					
1401	2025-12-09 16:23:28.221000+00:00	13726	cumulative					
1402	2025-12-09 16:24:43.707000+00:00	13731	cumulative					
1403	2025-12-09 16:26:59.482000+00:00	13736	cumulative					
1404	2025-12-09 16:27:37.289000+00:00	13738	cumulative					
1405	2025-12-09 16:29:53.896000+00:00	13740	cumulative					
1406	2025-12-09 16:31:24.559000+00:00	13745	cumulative					
1407	2025-12-09 16:32:15.670000+00:00	13752	cumulative					
1408	2025-12-09 16:34:21.016000+00:00	13758	cumulative					
1409	2025-12-09 16:35:47.863000+00:00	13758	cumulative					
1410	2025-12-09 16:37:13.539000+00:00	13760	cumulative					
1411	2025-12-09 16:58:18.599000+00:00	13761	cumulative					
1412	2025-12-09 20:24:37.517000+00:00	13763	cumulative					
1413	2025-12-09 20:36:22.139000+00:00	13769	cumulative					
1414	2025-12-09 21:03:45.980000+00:00	13770	cumulative					
1415	2025-12-09 21:05:17.650000+00:00	13772	cumulative					
1416	2025-12-09 21:06:46.793000+00:00	13773	cumulative					
1417	2025-12-09 21:08:21.521000+00:00	13776	cumulative					
1418	2025-12-09 21:09:51.066000+00:00	13776	cumulative					
1419	2025-12-09 21:11:19.075000+00:00	13776	cumulative					
1420	2025-12-09 21:12:46.299000+00:00	13779	cumulative					
1421	2025-12-09 21:14:19.573000+00:00	13779	cumulative					
1422	2025-12-09 21:15:41.810000+00:00	13779	cumulative					
1423	2025-12-09 21:15:44.197000+00:00	13782	cumulative					
1424	2025-12-09 21:17:25.053000+00:00	13788	cumulative					
1425	2025-12-09 21:19:21.355000+00:00	13797	cumulative					
1426	2025-12-09 21:22:20.313000+00:00	13800	cumulative					
1427	2025-12-09 21:24:27.279000+00:00	13806	cumulative					
1428	2025-12-09 21:26:20.307000+00:00	13808	cumulative					
1429	2025-12-09 21:40:46.156000+00:00	13832	cumulative					
1430	2025-12-09 21:42:36.780000+00:00	13839	cumulative					
1431	2025-12-09 22:25:56.564000+00:00	13844	cumulative					
1432	2025-12-09 22:52:40.940000+00:00	13854	cumulative					
1433	2025-12-09 22:54:12.998000+00:00	13863	cumulative					
1434	2025-12-09 22:55:40.484000+00:00	13863	cumulative					
1435	2025-12-09 22:58:41.478000+00:00	13863	cumulative					
1436	2025-12-09 23:01:45.300000+00:00	13867	cumulative					
1437	2025-12-09 23:03:11.054000+00:00	13880	cumulative					
1438	2025-12-09 23:08:36.542000+00:00	13883	cumulative					
1439	2025-12-09 23:10:01.611000+00:00	13886	cumulative					
1440	2025-12-09 23:11:25.598000+00:00	13894	cumulative					
1441	2025-12-09 23:12:49.533000+00:00	13899	cumulative					
1442	2025-12-09 23:14:13.959000+00:00	13903	cumulative					
1443	2025-12-09 23:42:06.635000+00:00	13904	cumulative					
1444	2025-12-09 23:47:25.030000+00:00	13904	cumulative					
1445	2025-12-09 23:57:03.406000+00:00	13917	cumulative					
1446	2025-12-10 01:33:24.228000+00:00	13917	cumulative					
1447	2025-12-10 01:36:20.707000+00:00	13923	cumulative					
1448	2025-12-10 01:37:31.456000+00:00	13930	cumulative					
1449	2025-12-10 01:39:15.955000+00:00	13934	cumulative					
1450	2025-12-10 01:40:57.572000+00:00	13935	cumulative					
1451	2025-12-10 01:42:24.130000+00:00	13940	cumulative					
1452	2025-12-10 01:43:59.205000+00:00	13946	cumulative					
1453	2025-12-10 01:44:46.385000+00:00	13952	cumulative					
1454	2025-12-10 01:45:31.474000+00:00	13952	cumulative					
1455	2025-12-10 01:47:25.979000+00:00	13958	cumulative					
1456	2025-12-10 01:48:55.353000+00:00	13966	cumulative					
1457	2025-12-10 01:50:23.965000+00:00	13969	cumulative					
1458	2025-12-10 01:51:51.229000+00:00	13972	cumulative					
1459	2025-12-10 01:54:29.166000+00:00	13974	cumulative					
1460	2025-12-10 01:55:57.053000+00:00	13980	cumulative					
1461	2025-12-10 01:57:25.811000+00:00	13987	cumulative					
1462	2025-12-10 01:58:49.299000+00:00	13989	cumulative					
1463	2025-12-10 02:00:40.630000+00:00	13997	cumulative					
1464	2025-12-10 02:02:08.369000+00:00	14005	cumulative					
1465	2025-12-10 02:03:37.323000+00:00	14005	cumulative					
1466	2025-12-10 02:05:43.804000+00:00	14010	cumulative					
1467	2025-12-10 02:07:32.840000+00:00	14012	cumulative					
1468	2025-12-10 02:18:55.992000+00:00	14016	cumulative					
1469	2025-12-10 02:20:30.073000+00:00	14022	cumulative					
1470	2025-12-10 02:26:40.541000+00:00	14029	cumulative					
1471	2025-12-10 02:27:22.020000+00:00	14030	cumulative					
1472	2025-12-10 03:51:34.881000+00:00	14030	cumulative					
1473	2025-12-10 03:53:11.920000+00:00	14030	cumulative					
1474	2025-12-10 03:55:11.178000+00:00	14032	cumulative					
1475	2025-12-10 03:56:39.926000+00:00	14034	cumulative					
1476	2025-12-10 03:57:30.372000+00:00	14043	cumulative					
1477	2025-12-10 03:57:56.283000+00:00	14044	cumulative					
1478	2025-12-10 03:59:46.370000+00:00	14047	cumulative					
1479	2025-12-10 04:01:14.194000+00:00	14047	cumulative					
1480	2025-12-10 04:03:58.964000+00:00	14048	cumulative					
1481	2025-12-10 04:05:23.861000+00:00	14050	cumulative					
1482	2025-12-10 04:06:25.252000+00:00	14052	cumulative					
1483	2025-12-10 04:07:48.405000+00:00	14055	cumulative					
1484	2025-12-10 04:08:56.370000+00:00	14062	cumulative					
1485	2025-12-10 04:10:53.608000+00:00	14068	cumulative					
1486	2025-12-10 04:10:56.228000+00:00	14068	cumulative					
1487	2025-12-10 04:14:54.430000+00:00	14072	cumulative					
1488	2025-12-10 04:16:11.608000+00:00	14079	cumulative					
1489	2025-12-10 04:16:18.134000+00:00	14079	cumulative					
1490	2025-12-10 04:18:50.050000+00:00	14095	cumulative					
1491	2025-12-10 04:22:56.242000+00:00	14095	cumulative					
1492	2025-12-10 04:24:27.941000+00:00	14095	cumulative					
1493	2025-12-10 04:25:51.408000+00:00	14102	cumulative					
1494	2025-12-10 04:27:15.428000+00:00	14103	cumulative					
1495	2025-12-10 04:28:39.707000+00:00	14105	cumulative					
1496	2025-12-10 04:30:06.303000+00:00	14106	cumulative					
1497	2025-12-10 04:31:31.510000+00:00	14109	cumulative					
1498	2025-12-10 04:33:02.126000+00:00	14111	cumulative					
1499	2025-12-10 04:34:28.275000+00:00	14116	cumulative					
1500	2025-12-10 04:35:52.996000+00:00	14117	cumulative					
1501	2025-12-10 04:37:16.698000+00:00	14119	cumulative					
1502	2025-12-10 04:38:51.546000+00:00	14125	cumulative					
1503	2025-12-10 04:48:40.724000+00:00	14126	cumulative					
1504	2025-12-10 04:52:43.588000+00:00	14126	cumulative					
1505	2025-12-10 04:58:03.537000+00:00	14130	cumulative					
1506	2025-12-10 04:59:38.584000+00:00	14130	cumulative					
1507	2025-12-10 05:01:40.834000+00:00	14131	cumulative					
1508	2025-12-10 05:03:08.748000+00:00	14132	cumulative					
1509	2025-12-10 05:05:56.647000+00:00	14134	cumulative					
1510	2025-12-10 05:08:47.972000+00:00	14134	cumulative					
1511	2025-12-10 05:10:11.481000+00:00	14134	cumulative					
1512	2025-12-10 05:11:09.120000+00:00	14134	cumulative					
1513	2025-12-10 05:13:24.122000+00:00	14139	cumulative					
1514	2025-12-10 05:14:52.870000+00:00	14139	cumulative					
1515	2025-12-10 05:16:08.704000+00:00	14141	cumulative					
1516	2025-12-10 05:18:39.370000+00:00	14142	cumulative					
1517	2025-12-10 06:23:30.808000+00:00	14144	cumulative					
1518	2025-12-10 15:13:27.881000+00:00	14147	cumulative					
1519	2025-12-10 16:20:08.738000+00:00	14151	cumulative					
1520	2025-12-10 23:18:27.522000+00:00	14154	cumulative					
1521	2025-12-11 00:42:09.862000+00:00	14155	cumulative					
1522	2025-12-11 00:44:33.514000+00:00	14157	cumulative					
1523	2025-12-11 00:46:02.781000+00:00	14160	cumulative					
1524	2025-12-11 00:47:27.902000+00:00	14161	cumulative					
1525	2025-12-11 00:49:16.035000+00:00	14164	cumulative					
1526	2025-12-11 00:52:44.731000+00:00	14164	cumulative					
1527	2025-12-11 01:01:54.497000+00:00	14169	cumulative					
1528	2025-12-11 01:04:39.115000+00:00	14169	cumulative					
1529	2025-12-11 02:28:36.349000+00:00	14173	cumulative					
1530	2025-12-11 02:31:17.825000+00:00	14173	cumulative					
1531	2025-12-11 02:32:44.565000+00:00	14175	cumulative					
1532	2025-12-11 02:34:22.993000+00:00	14176	cumulative					
1533	2025-12-11 02:35:54.555000+00:00	14178	cumulative					
1534	2025-12-11 02:37:37.369000+00:00	14178	cumulative					
1535	2025-12-11 02:38:34.697000+00:00	14189	cumulative					
1536	2025-12-11 02:40:32.757000+00:00	14191	cumulative					
1537	2025-12-11 02:42:02.176000+00:00	14197	cumulative					
1538	2025-12-11 02:42:49.985000+00:00	14203	cumulative					
1539	2025-12-11 02:45:16.157000+00:00	14203	cumulative					
1540	2025-12-11 02:47:50.976000+00:00	14203	cumulative					
1541	2025-12-11 02:49:13.635000+00:00	14203	cumulative					
1542	2025-12-11 02:52:55.679000+00:00	14209	cumulative					
1543	2025-12-11 02:55:06.146000+00:00	14212	cumulative					
1544	2025-12-11 02:56:38.303000+00:00	14215	cumulative					
1545	2025-12-11 02:58:08.010000+00:00	14219	cumulative					
1546	2025-12-11 02:59:36.738000+00:00	14222	cumulative					
1547	2025-12-11 03:01:25.194000+00:00	14229	cumulative					
1548	2025-12-11 03:02:52.226000+00:00	14229	cumulative					
1549	2025-12-11 03:04:30.238000+00:00	14230	cumulative					
1550	2025-12-11 03:05:53.945000+00:00	14232	cumulative					
1551	2025-12-11 03:07:22.905000+00:00	14233	cumulative					
1552	2025-12-11 03:07:35.206000+00:00	14237	cumulative					
1553	2025-12-11 03:10:43.407000+00:00	14237	cumulative					
1554	2025-12-11 03:12:12.930000+00:00	14240	cumulative					
1555	2025-12-11 03:13:37.674000+00:00	14246	cumulative					
1556	2025-12-11 03:23:54.512000+00:00	14258	cumulative					
1557	2025-12-11 03:29:06.974000+00:00	14260	cumulative					
1558	2025-12-11 03:30:53.128000+00:00	14261	cumulative					
1559	2025-12-11 03:35:50.326000+00:00	14262	cumulative					
1560	2025-12-11 03:39:03.460000+00:00	14262	cumulative					
1561	2025-12-11 04:00:09.519000+00:00	14267	cumulative					
1562	2025-12-11 04:09:22.380000+00:00	14268	cumulative					
1563	2025-12-11 04:10:24.491000+00:00	14268	cumulative					
1564	2025-12-11 04:13:56.400000+00:00	14271	cumulative					
1565	2025-12-11 04:15:22.133000+00:00	14271	cumulative					
1566	2025-12-11 04:16:46.391000+00:00	14277	cumulative					
1567	2025-12-11 04:18:09.906000+00:00	14282	cumulative					
1568	2025-12-11 04:21:30.246000+00:00	14286	cumulative					
1569	2025-12-11 04:22:55.364000+00:00	14286	cumulative					
1570	2025-12-11 04:24:19.120000+00:00	14286	cumulative					
1571	2025-12-11 04:26:22.129000+00:00	14286	cumulative					
1572	2025-12-11 05:18:25.210000+00:00	14288	cumulative					
1573	2025-12-11 05:20:35.658000+00:00	14292	cumulative					
1574	2025-12-11 05:22:11.624000+00:00	14292	cumulative					
1575	2025-12-11 05:23:58.632000+00:00	14296	cumulative					
1576	2025-12-11 05:25:51.514000+00:00	14303	cumulative					
1577	2025-12-11 05:27:16.196000+00:00	14308	cumulative					
1578	2025-12-11 05:29:43.932000+00:00	14313	cumulative					
1579	2025-12-11 05:31:24.871000+00:00	14315	cumulative					
1580	2025-12-11 05:32:32.894000+00:00	14315	cumulative					
1581	2025-12-11 05:33:23.008000+00:00	14322	cumulative					
1582	2025-12-11 05:35:52.950000+00:00	14324	cumulative					
1583	2025-12-11 05:37:27.707000+00:00	14331	cumulative					
1584	2025-12-11 05:39:02.684000+00:00	14332	cumulative					
1585	2025-12-11 05:41:29.242000+00:00	14343	cumulative					
1586	2025-12-11 05:43:05.179000+00:00	14350	cumulative					
1587	2025-12-11 05:44:35.215000+00:00	14355	cumulative					
1588	2025-12-11 05:48:26.383000+00:00	14358	cumulative					
1589	2025-12-11 05:50:24.327000+00:00	14358	cumulative					
1590	2025-12-11 05:52:10.809000+00:00	14364	cumulative					
1591	2025-12-11 05:53:35.409000+00:00	14372	cumulative					
1592	2025-12-11 05:55:03.443000+00:00	14379	cumulative					
1593	2025-12-11 05:56:39.700000+00:00	14385	cumulative					
1594	2025-12-11 05:58:06.221000+00:00	14393	cumulative					
1595	2025-12-11 06:00:36.423000+00:00	14394	cumulative					
1596	2025-12-11 06:02:03.911000+00:00	14398	cumulative					
1597	2025-12-11 06:04:12.812000+00:00	14398	cumulative					
1598	2025-12-11 06:05:26.358000+00:00	14405	cumulative					
1599	2025-12-11 06:06:50.377000+00:00	14409	cumulative					
1600	2025-12-11 06:08:33.524000+00:00	14410	cumulative					
1601	2025-12-11 06:09:41.365000+00:00	14410	cumulative					
1602	2025-12-11 06:11:30.548000+00:00	14414	cumulative					
1603	2025-12-11 06:12:34.870000+00:00	14420	cumulative					
1604	2025-12-11 06:14:54.453000+00:00	14426	cumulative					
1605	2025-12-11 06:16:32.660000+00:00	14426	cumulative					
1606	2025-12-11 06:18:02.286000+00:00	14429	cumulative					
1607	2025-12-11 06:22:09.921000+00:00	14434	cumulative					
1608	2025-12-11 06:24:03.775000+00:00	14436	cumulative					
1609	2025-12-11 06:25:34.316000+00:00	14443	cumulative					
1610	2025-12-11 06:27:01.741000+00:00	14444	cumulative					
1611	2025-12-11 06:28:35.343000+00:00	14445	cumulative					
1612	2025-12-11 06:30:11.443000+00:00	14451	cumulative					
1613	2025-12-11 06:32:13.709000+00:00	14452	cumulative					
1614	2025-12-11 06:33:56.703000+00:00	14460	cumulative					
1615	2025-12-11 06:35:10.095000+00:00	14464	cumulative					
1616	2025-12-11 06:36:54.634000+00:00	14472	cumulative					
1617	2025-12-11 06:39:10.271000+00:00	14473	cumulative					
1618	2025-12-11 06:40:54.944000+00:00	14477	cumulative					
1619	2025-12-11 06:44:21.238000+00:00	14477	cumulative					
1620	2025-12-11 06:46:22.670000+00:00	14484	cumulative					
1621	2025-12-11 17:27:10.549000+00:00	14484	cumulative					
1622	2025-12-11 17:56:40.797000+00:00	14486	cumulative					
1623	2025-12-11 18:04:24.567000+00:00	14494	cumulative					
1624	2025-12-11 18:39:57.348000+00:00	14496	cumulative					
1625	2025-12-11 18:41:39.764000+00:00	14498	cumulative					
1626	2025-12-11 18:43:10.010000+00:00	14503	cumulative					
1627	2025-12-11 18:46:32.940000+00:00	14504	cumulative					
1628	2025-12-11 18:48:01.812000+00:00	14504	cumulative					
1629	2025-12-11 18:55:07.810000+00:00	14506	cumulative					
1630	2025-12-11 19:02:09.820000+00:00	14507	cumulative					
1631	2025-12-11 19:11:17.190000+00:00	14525	cumulative					
1632	2025-12-11 19:36:13.067000+00:00	14527	cumulative					
1633	2025-12-11 19:52:47.171000+00:00	14529	cumulative					
1634	2025-12-11 21:29:59.445000+00:00	14532	cumulative					
1635	2025-12-11 22:28:42.073000+00:00	14534	cumulative					
1636	2025-12-11 22:30:09.588000+00:00	14534	cumulative					
1637	2025-12-11 22:31:44.260000+00:00	14534	cumulative					
1638	2025-12-11 22:45:21.320000+00:00	14537	cumulative					
1639	2025-12-11 22:51:00.180000+00:00	14541	cumulative					
1640	2025-12-11 23:27:47.518000+00:00	14542	cumulative					
1641	2025-12-11 23:56:55.643000+00:00	14554	cumulative					
1642	2025-12-12 00:17:42.228000+00:00	14558	cumulative					
1643	2025-12-12 00:20:22.895000+00:00	14560	cumulative					
1644	2025-12-12 00:40:59.657000+00:00	14569	cumulative					
1645	2025-12-12 00:48:59.458000+00:00	14578	cumulative					
1646	2025-12-12 00:51:03.487000+00:00	14582	cumulative					
1647	2025-12-12 00:52:38.873000+00:00	14582	cumulative					
1648	2025-12-12 00:54:19.564000+00:00	14588	cumulative					
1649	2025-12-12 00:56:11.071000+00:00	14589	cumulative					
1650	2025-12-12 01:10:31.630000+00:00	14594	cumulative					
1651	2025-12-12 01:15:21.991000+00:00	14599	cumulative					
1652	2025-12-12 01:16:49.453000+00:00	14600	cumulative					
1653	2025-12-12 01:30:48.717000+00:00	14600	cumulative					
1654	2025-12-12 01:34:34.991000+00:00	14600	cumulative					
1655	2025-12-12 01:56:37.119000+00:00	14602	cumulative					
1656	2025-12-12 02:14:55.757000+00:00	14606	cumulative					
1657	2025-12-12 02:16:28.082000+00:00	14606	cumulative					
1658	2025-12-12 02:18:14.641000+00:00	14607	cumulative					
1659	2025-12-12 02:19:43.662000+00:00	14609	cumulative					
1660	2025-12-12 02:21:22.885000+00:00	14610	cumulative					
1661	2025-12-12 02:23:00.892000+00:00	14610	cumulative					
1662	2025-12-12 02:24:47.522000+00:00	14616	cumulative					
1663	2025-12-12 02:26:16.951000+00:00	14616	cumulative					
1664	2025-12-12 02:30:13.236000+00:00	14621	cumulative					
1665	2025-12-12 02:31:39.263000+00:00	14624	cumulative					
1666	2025-12-12 02:33:08.656000+00:00	14627	cumulative					
1667	2025-12-12 02:34:52.503000+00:00	14630	cumulative					
1668	2025-12-12 02:36:40.849000+00:00	14630	cumulative					
1669	2025-12-12 02:38:17.903000+00:00	14635	cumulative					
1670	2025-12-12 02:39:46.551000+00:00	14641	cumulative					
1671	2025-12-12 02:41:50.635000+00:00	14646	cumulative					
1672	2025-12-12 02:44:49.667000+00:00	14646	cumulative					
1673	2025-12-12 03:05:12.423000+00:00	14646	cumulative					
1674	2025-12-12 03:06:58.718000+00:00	14647	cumulative					
1675	2025-12-12 03:08:12.420000+00:00	14650	cumulative					
1676	2025-12-12 03:09:47.043000+00:00	14652	cumulative					
1677	2025-12-12 03:11:15.206000+00:00	14658	cumulative					
1678	2025-12-12 03:12:59.686000+00:00	14659	cumulative					
1679	2025-12-12 03:44:43.039000+00:00	14661	cumulative					
1680	2025-12-12 03:46:11.095000+00:00	14663	cumulative					
1681	2025-12-12 03:48:18.094000+00:00	14664	cumulative					
1682	2025-12-12 03:49:45.815000+00:00	14673	cumulative					
1683	2025-12-12 03:52:37.589000+00:00	14673	cumulative					
1684	2025-12-12 03:57:13.201000+00:00	14673	cumulative					
1685	2025-12-12 03:59:54.520000+00:00	14674	cumulative					
1686	2025-12-12 04:01:24.187000+00:00	14679	cumulative					
1687	2025-12-12 04:02:58.580000+00:00	14680	cumulative					
1688	2025-12-12 04:04:27.587000+00:00	14681	cumulative					
1689	2025-12-12 04:05:06.693000+00:00	14688	cumulative					
1690	2025-12-12 04:07:29.489000+00:00	14692	cumulative					
1691	2025-12-12 04:08:45.355000+00:00	14696	cumulative					
1692	2025-12-12 04:13:46.148000+00:00	14698	cumulative					
1693	2025-12-12 04:17:47.884000+00:00	14698	cumulative					
1694	2025-12-12 05:05:53.322000+00:00	14704	cumulative					
1695	2025-12-12 05:07:21.364000+00:00	14708	cumulative					
1696	2025-12-12 05:08:49.664000+00:00	14709	cumulative					
1697	2025-12-12 05:10:17.603000+00:00	14715	cumulative					
1698	2025-12-12 05:38:21.090000+00:00	14724	cumulative					
1699	2025-12-12 05:49:29.358000+00:00	14732	cumulative					
1700	2025-12-12 05:50:55.314000+00:00	14734	cumulative					
1701	2025-12-12 05:51:15.229000+00:00	14742	cumulative					
1702	2025-12-12 05:53:01.884000+00:00	14742	cumulative					
1703	2025-12-12 05:55:03.827000+00:00	14744	cumulative					
1704	2025-12-12 05:56:29.299000+00:00	14746	cumulative					
1705	2025-12-12 05:58:04.504000+00:00	14750	cumulative					
1706	2025-12-12 05:59:32.124000+00:00	14753	cumulative					
1707	2025-12-12 06:01:09.933000+00:00	14755	cumulative					
1708	2025-12-12 06:03:29.369000+00:00	14757	cumulative					
1709	2025-12-12 06:04:07.276000+00:00	14761	cumulative					
1710	2025-12-12 06:05:52.092000+00:00	14763	cumulative					
1711	2025-12-12 06:08:07.175000+00:00	14763	cumulative					
1712	2025-12-12 06:08:38.046000+00:00	14770	cumulative					
1713	2025-12-12 06:11:09.350000+00:00	14776	cumulative					
1714	2025-12-12 06:14:53.967000+00:00	14778	cumulative					
1715	2025-12-12 06:15:51.882000+00:00	14778	cumulative					
1716	2025-12-12 06:16:22.247000+00:00	14778	cumulative					
1717	2025-12-12 06:17:30.796000+00:00	14782	cumulative					
1718	2025-12-12 06:20:41.255000+00:00	14786	cumulative					
1719	2025-12-12 06:22:30.091000+00:00	14793	cumulative					
1720	2025-12-12 06:44:05.193000+00:00	14798	cumulative					
1721	2025-12-12 07:14:30.146000+00:00	14799	cumulative					
1722	2025-12-12 16:50:09.449000+00:00	14799	cumulative					
1723	2025-12-12 16:50:30.369000+00:00	14801	cumulative					
1724	2025-12-12 17:26:17.880000+00:00	14804	cumulative					
1725	2025-12-12 18:04:42.994000+00:00	14807	cumulative					
1726	2025-12-12 18:26:40.085000+00:00	14808	cumulative					
1727	2025-12-12 18:28:07.302000+00:00	14808	cumulative					
1728	2025-12-12 18:59:18.601000+00:00	14816	cumulative					
1729	2025-12-12 19:01:53.640000+00:00	14820	cumulative					
1730	2025-12-12 21:42:10.575000+00:00	14823	cumulative					
1731	2025-12-13 02:02:51.479000+00:00	14824	cumulative					
1732	2025-12-13 02:22:00.034000+00:00	14830	cumulative					
1733	2025-12-13 02:23:00.592000+00:00	14830	cumulative					
1734	2025-12-13 02:25:49.387000+00:00	14832	cumulative					
1735	2025-12-13 02:28:22.857000+00:00	14832	cumulative					
1736	2025-12-13 02:29:41.768000+00:00	14836	cumulative					
1737	2025-12-13 02:31:13.501000+00:00	14836	cumulative					
1738	2025-12-13 02:31:41.557000+00:00	14837	cumulative					
1739	2025-12-13 02:34:35.113000+00:00	14837	cumulative					
1740	2025-12-13 02:35:36.535000+00:00	14848	cumulative					
1741	2025-12-13 02:36:35.717000+00:00	14851	cumulative					
1742	2025-12-13 02:38:01.115000+00:00	14852	cumulative					
1743	2025-12-13 02:39:36.846000+00:00	14854	cumulative					
1744	2025-12-13 02:44:28.443000+00:00	14856	cumulative					
1745	2025-12-13 02:45:53.547000+00:00	14856	cumulative					
1746	2025-12-13 02:47:21.200000+00:00	14859	cumulative					
1747	2025-12-13 02:49:37.080000+00:00	14864	cumulative					
1748	2025-12-13 02:51:51.281000+00:00	14867	cumulative					
1749	2025-12-13 02:53:23.950000+00:00	14869	cumulative					
1750	2025-12-13 02:58:30.648000+00:00	14874	cumulative					
1751	2025-12-13 03:20:36.757000+00:00	14874	cumulative					
1752	2025-12-13 03:29:15.966000+00:00	14879	cumulative					
1753	2025-12-13 03:34:07.442000+00:00	14879	cumulative					
1754	2025-12-13 03:35:40.829000+00:00	14882	cumulative					
1755	2025-12-13 03:37:16.050000+00:00	14888	cumulative					
1756	2025-12-13 03:38:46.312000+00:00	14892	cumulative					
1757	2025-12-13 03:40:48.901000+00:00	14893	cumulative					
1758	2025-12-13 03:40:49.223000+00:00	14898	cumulative					
1759	2025-12-13 03:44:05.578000+00:00	14898	cumulative					
1760	2025-12-13 05:49:58.250000+00:00	14900	cumulative					
1761	2025-12-13 05:50:58.150000+00:00	14911	cumulative					
1762	2025-12-13 05:56:32.337000+00:00	14915	cumulative					
1763	2025-12-13 05:58:47.565000+00:00	14916	cumulative					
1764	2025-12-13 18:21:04.577000+00:00	14916	cumulative					
1765	2025-12-13 18:23:21.944000+00:00	14918	cumulative					
1766	2025-12-13 18:26:52.012000+00:00	14920	cumulative					
1767	2025-12-13 18:53:06.621000+00:00	14921	cumulative					
1768	2025-12-13 18:59:45.362000+00:00	14934	cumulative					
1769	2025-12-13 19:04:57.889000+00:00	14935	cumulative					
1770	2025-12-13 19:06:20.804000+00:00	14938	cumulative					
1771	2025-12-13 19:08:45.102000+00:00	14941	cumulative					
1772	2025-12-13 19:10:53.901000+00:00	14948	cumulative					
1773	2025-12-13 19:12:32.395000+00:00	14948	cumulative					
1774	2025-12-13 19:14:00.065000+00:00	14959	cumulative					
1775	2025-12-13 19:17:59.790000+00:00	14962	cumulative					
1776	2025-12-13 19:25:13.406000+00:00	14974	cumulative					
1777	2025-12-13 19:27:58.917000+00:00	14975	cumulative					
1778	2025-12-13 19:29:29.798000+00:00	14976	cumulative					
1779	2025-12-13 19:31:26.808000+00:00	14976	cumulative					
1780	2025-12-13 19:33:26.904000+00:00	14978	cumulative					
1781	2025-12-13 19:34:58.727000+00:00	14978	cumulative					
1782	2025-12-13 20:30:00.303000+00:00	14980	cumulative					
1783	2025-12-13 20:32:16.611000+00:00	14986	cumulative					
1784	2025-12-13 20:33:49.277000+00:00	15005	cumulative					
1785	2025-12-13 20:35:21.414000+00:00	15009	cumulative					
1786	2025-12-13 20:36:48.838000+00:00	15010	cumulative					
1787	2025-12-13 20:38:15.390000+00:00	15016	cumulative					
1788	2025-12-13 20:39:54.917000+00:00	15029	cumulative					
1789	2025-12-13 20:41:51.800000+00:00	15029	cumulative					
1790	2025-12-13 20:59:48.083000+00:00	15030	cumulative					
1791	2025-12-14 02:41:55.329000+00:00	15033	cumulative					
1792	2025-12-14 02:53:42.756000+00:00	15037	cumulative					
1793	2025-12-14 02:59:40.435000+00:00	15040	cumulative					
1794	2025-12-14 03:00:49.844000+00:00	15040	cumulative					
1795	2025-12-14 03:06:19.331000+00:00	15040	cumulative					
1796	2025-12-14 03:07:59.343000+00:00	15043	cumulative					
1797	2025-12-14 03:09:22.779000+00:00	15043	cumulative					
1798	2025-12-14 03:10:48.584000+00:00	15043	cumulative					
1799	2025-12-14 03:20:44.533000+00:00	15043	cumulative					
1800	2025-12-14 04:15:50.957000+00:00	15050	cumulative					
1801	2025-12-14 04:17:58.780000+00:00	15057	cumulative					
1802	2025-12-14 04:18:49.592000+00:00	15060	cumulative					
1803	2025-12-14 04:20:31.865000+00:00	15060	cumulative					
1804	2025-12-14 04:23:36.346000+00:00	15066	cumulative					
1805	2025-12-14 04:26:18.917000+00:00	15066	cumulative					
1806	2025-12-14 04:27:48.434000+00:00	15072	cumulative					
1807	2025-12-14 04:29:14.177000+00:00	15079	cumulative					
1808	2025-12-14 04:31:05.135000+00:00	15080	cumulative					
1809	2025-12-14 04:32:18.872000+00:00	15081	cumulative					
1810	2025-12-14 04:33:52.416000+00:00	15082	cumulative					
1811	2025-12-14 04:35:05.251000+00:00	15087	cumulative					
1812	2025-12-14 04:36:45.470000+00:00	15090	cumulative					
1813	2025-12-14 04:38:19.560000+00:00	15094	cumulative					
1814	2025-12-14 04:39:55.247000+00:00	15095	cumulative					
1815	2025-12-14 04:41:24.756000+00:00	15095	cumulative					
1816	2025-12-14 04:42:49.035000+00:00	15111	cumulative					
1817	2025-12-14 04:44:31.799000+00:00	15114	cumulative					
1818	2025-12-14 04:45:55.556000+00:00	15119	cumulative					
1819	2025-12-14 04:47:20.773000+00:00	15125	cumulative					
1820	2025-12-14 04:48:32.151000+00:00	15129	cumulative					
1821	2025-12-14 04:49:58.034000+00:00	15129	cumulative					
1822	2025-12-14 04:52:00.963000+00:00	15130	cumulative					
1823	2025-12-14 04:54:48.069000+00:00	15136	cumulative					
1824	2025-12-14 04:57:01.829000+00:00	15138	cumulative					
1825	2025-12-14 04:58:27.755000+00:00	15141	cumulative					
1826	2025-12-14 05:00:13.240000+00:00	15142	cumulative					
1827	2025-12-14 05:02:59.163000+00:00	15142	cumulative					
1828	2025-12-14 05:04:01.831000+00:00	15146	cumulative					
1829	2025-12-14 05:06:39.336000+00:00	15146	cumulative					
1830	2025-12-14 07:01:55.571000+00:00	15148	cumulative					
1831	2025-12-14 07:14:36.961000+00:00	15148	cumulative					
1832	2025-12-14 07:21:53.853000+00:00	15151	cumulative					
1833	2025-12-14 13:42:32.540000+00:00	15152	cumulative					
1834	2025-12-14 13:48:58.367000+00:00	15152	cumulative					
1835	2025-12-14 13:50:26.019000+00:00	15156	cumulative					
1836	2025-12-14 13:54:57.467000+00:00	15156	cumulative					
1837	2025-12-14 18:02:26.686000+00:00	15156	cumulative					
1838	2025-12-14 18:06:11.671000+00:00	15158	cumulative					
1839	2025-12-14 18:07:56.088000+00:00	15158	cumulative					
1840	2025-12-14 18:10:29.225000+00:00	15158	cumulative					
1841	2025-12-14 18:13:27.433000+00:00	15164	cumulative					
1842	2025-12-14 18:33:05.449000+00:00	15172	cumulative					
1843	2025-12-14 18:34:43.727000+00:00	15176	cumulative					
1844	2025-12-14 18:40:09.860000+00:00	15179	cumulative					
1845	2025-12-14 20:04:39.593000+00:00	15182	cumulative					
1846	2025-12-14 20:51:01.200000+00:00	15187	cumulative					
1847	2025-12-14 22:15:40.670000+00:00	15188	cumulative					
1848	2025-12-14 22:21:53.063000+00:00	15189	cumulative					
1849	2025-12-14 22:36:19.290000+00:00	15196	cumulative					
1850	2025-12-14 22:42:16.027000+00:00	15196	cumulative					
1851	2025-12-14 22:43:54.088000+00:00	15211	cumulative					
1852	2025-12-14 23:14:39.445000+00:00	15213	cumulative					
1853	2025-12-14 23:33:56.813000+00:00	15217	cumulative					
1854	2025-12-15 00:05:51.169000+00:00	15219	cumulative					
1855	2025-12-15 00:32:28.466000+00:00	15220	cumulative					
1856	2025-12-15 00:34:20.377000+00:00	15224	cumulative					
1857	2025-12-15 00:36:15.139000+00:00	15224	cumulative					
1858	2025-12-15 00:37:40.354000+00:00	15225	cumulative					
1859	2025-12-15 00:39:05.783000+00:00	15232	cumulative					
1860	2025-12-15 00:40:35.408000+00:00	15235	cumulative					
1861	2025-12-15 00:42:00.230000+00:00	15236	cumulative					
1862	2025-12-15 00:43:29.592000+00:00	15236	cumulative					
1863	2025-12-15 00:45:16.529000+00:00	15237	cumulative					
1864	2025-12-15 00:46:50.717000+00:00	15239	cumulative					
1865	2025-12-15 00:48:05.142000+00:00	15240	cumulative					
1866	2025-12-15 00:49:44.447000+00:00	15248	cumulative					
1867	2025-12-15 00:50:52.227000+00:00	15255	cumulative					
1868	2025-12-15 00:56:48.666000+00:00	15257	cumulative					
1869	2025-12-15 02:54:01.787000+00:00	15265	cumulative					
1870	2025-12-15 02:54:01.793000+00:00	15270	cumulative					
1871	2025-12-15 03:00:53.219000+00:00	15270	cumulative					
1872	2025-12-15 03:01:29.402000+00:00	15274	cumulative					
1873	2025-12-15 03:05:16.698000+00:00	15275	cumulative					
1874	2025-12-15 03:06:57.757000+00:00	15275	cumulative					
1875	2025-12-15 03:08:26.213000+00:00	15277	cumulative					
1876	2025-12-15 03:09:58.233000+00:00	15280	cumulative					
1877	2025-12-15 03:11:23.900000+00:00	15282	cumulative					
1878	2025-12-15 03:12:51.473000+00:00	15290	cumulative					
1879	2025-12-15 03:14:17.947000+00:00	15297	cumulative					
1880	2025-12-15 03:15:53.150000+00:00	15298	cumulative					
1881	2025-12-15 03:17:07.366000+00:00	15302	cumulative					
1882	2025-12-15 03:18:47.894000+00:00	15305	cumulative					
1883	2025-12-15 03:20:00.725000+00:00	15305	cumulative					
1884	2025-12-15 03:21:39.138000+00:00	15305	cumulative					
1885	2025-12-15 03:23:03.771000+00:00	15314	cumulative					
1886	2025-12-15 03:24:27.578000+00:00	15318	cumulative					
1887	2025-12-15 03:47:41.491000+00:00	15320	cumulative					
1888	2025-12-15 03:58:09.921000+00:00	15321	cumulative					
1889	2025-12-15 03:58:39.810000+00:00	15331	cumulative					
1890	2025-12-15 03:59:44.052000+00:00	15338	cumulative					
1891	2025-12-15 04:23:16.417000+00:00	15340	cumulative					
1892	2025-12-15 04:41:29.334000+00:00	15343	cumulative					
1893	2025-12-15 16:12:52.476000+00:00	15343	cumulative					
1894	2025-12-15 16:14:31.124000+00:00	15344	cumulative					
1895	2025-12-15 16:16:04+00:00	15348	cumulative					
1896	2025-12-15 16:17:27.751000+00:00	15348	cumulative					
1897	2025-12-15 16:18:51.623000+00:00	15355	cumulative					
1898	2025-12-15 16:20:20.813000+00:00	15355	cumulative					
1899	2025-12-15 16:22:02.300000+00:00	15356	cumulative					
1900	2025-12-15 16:23:32.664000+00:00	15358	cumulative					
1901	2025-12-15 16:24:36.332000+00:00	15360	cumulative					
1902	2025-12-15 16:26:02.030000+00:00	15366	cumulative					
1903	2025-12-15 16:27:35.045000+00:00	15367	cumulative					
1904	2025-12-15 17:29:09.769000+00:00	15376	cumulative					
1905	2025-12-15 17:36:02.193000+00:00	15378	cumulative					
1906	2025-12-15 17:38:20.372000+00:00	15382	cumulative					
1907	2025-12-15 17:40:27.196000+00:00	15382	cumulative					
1908	2025-12-15 17:40:59.369000+00:00	15384	cumulative					
1909	2025-12-15 17:45:09.373000+00:00	15385	cumulative					
1910	2025-12-15 17:47:50.417000+00:00	15390	cumulative					
1911	2025-12-15 17:50:42.134000+00:00	15392	cumulative					
1912	2025-12-15 18:42:56.301000+00:00	15403	cumulative					
1913	2025-12-15 18:50:47.856000+00:00	15404	cumulative					
1914	2025-12-15 19:40:03.434000+00:00	15407	cumulative					
1915	2025-12-15 19:57:18.746000+00:00	15409	cumulative					
1916	2025-12-15 20:15:05.639000+00:00	15410	cumulative					
1917	2025-12-15 20:23:55.282000+00:00	15410	cumulative					
1918	2025-12-15 20:29:38.427000+00:00	15411	cumulative					
1919	2025-12-15 21:23:03.924000+00:00	15415	cumulative					
1920	2025-12-15 21:28:29.734000+00:00	15423	cumulative					
1921	2025-12-16 00:02:46.699000+00:00	15428	cumulative					
1922	2025-12-16 00:06:46.422000+00:00	15429	cumulative					
1923	2025-12-16 00:08:12.422000+00:00	15430	cumulative					
1924	2025-12-16 00:10:57.624000+00:00	15430	cumulative					
1925	2025-12-16 00:12:41.113000+00:00	15430	cumulative					
1926	2025-12-16 02:49:31.928000+00:00	15431	cumulative					
1927	2025-12-16 02:50:48.878000+00:00	15441	cumulative					
1928	2025-12-16 02:52:29.130000+00:00	15449	cumulative					
1929	2025-12-16 02:53:44.425000+00:00	15451	cumulative					
1930	2025-12-16 02:55:21.338000+00:00	15458	cumulative					
1931	2025-12-16 02:56:45.739000+00:00	15463	cumulative					
1932	2025-12-16 02:58:11.358000+00:00	15463	cumulative					
1933	2025-12-16 02:59:46.951000+00:00	15463	cumulative					
1934	2025-12-16 03:01:13.540000+00:00	15468	cumulative					
1935	2025-12-16 03:02:20.329000+00:00	15469	cumulative					
1936	2025-12-16 03:04:06.343000+00:00	15482	cumulative					
1937	2025-12-16 03:05:28.452000+00:00	15488	cumulative					
1938	2025-12-16 03:07:01.902000+00:00	15496	cumulative					
1939	2025-12-16 03:08:01.035000+00:00	15497	cumulative					
1940	2025-12-16 03:09:56.729000+00:00	15497	cumulative					
1941	2025-12-16 03:11:28.471000+00:00	15497	cumulative					
1942	2025-12-16 03:12:56.838000+00:00	15504	cumulative					
1943	2025-12-16 03:14:42.776000+00:00	15505	cumulative					
1944	2025-12-16 03:16:20.887000+00:00	15506	cumulative					
1945	2025-12-16 03:17:52.624000+00:00	15506	cumulative					
1946	2025-12-16 03:20:18.039000+00:00	15520	cumulative					
1947	2025-12-16 03:22:05.494000+00:00	15520	cumulative					
1948	2025-12-16 03:23:41.576000+00:00	15523	cumulative					
1949	2025-12-16 03:26:17.873000+00:00	15523	cumulative					
1950	2025-12-16 03:27:49.620000+00:00	15523	cumulative					
1951	2025-12-16 03:29:14.363000+00:00	15526	cumulative					
1952	2025-12-16 03:31:46.747000+00:00	15531	cumulative					
1953	2025-12-16 03:33:57.964000+00:00	15532	cumulative					
1954	2025-12-16 03:35:35.726000+00:00	15534	cumulative					
1955	2025-12-16 03:37:03.621000+00:00	15534	cumulative					
1956	2025-12-16 03:38:37.502000+00:00	15535	cumulative					
1957	2025-12-16 03:40:20.384000+00:00	15537	cumulative					
1958	2025-12-16 03:41:47.341000+00:00	15538	cumulative					
1959	2025-12-16 03:47:10.674000+00:00	15542	cumulative					
1960	2025-12-16 03:52:16.722000+00:00	15543	cumulative					
1961	2025-12-16 03:54:18.549000+00:00	15543	cumulative					
1962	2025-12-16 03:55:53.418000+00:00	15544	cumulative					
1963	2025-12-16 03:59:46.581000+00:00	15547	cumulative					
1964	2025-12-16 04:01:17.381000+00:00	15550	cumulative					
1965	2025-12-16 04:02:38.837000+00:00	15552	cumulative					
1966	2025-12-16 04:04:12.603000+00:00	15552	cumulative					
1967	2025-12-16 04:05:46.265000+00:00	15554	cumulative					
1968	2025-12-16 04:07:08.488000+00:00	15556	cumulative					
1969	2025-12-16 04:11:47.648000+00:00	15561	cumulative					
1970	2025-12-16 04:57:32.854000+00:00	15561	cumulative					
1971	2025-12-16 04:58:57.687000+00:00	15562	cumulative					
1972	2025-12-16 16:25:47.053000+00:00	15568	cumulative					
1973	2025-12-16 17:04:21.695000+00:00	15569	cumulative					
1974	2025-12-16 17:13:18.775000+00:00	15569	cumulative					
1975	2025-12-17 00:35:07.962000+00:00	15570	cumulative					
1976	2025-12-17 03:40:41.812000+00:00	15570	cumulative					
1977	2025-12-17 03:46:16.148000+00:00	15571	cumulative					
1978	2025-12-17 03:47:40.481000+00:00	15574	cumulative					
1979	2025-12-17 03:49:02.529000+00:00	15583	cumulative					
1980	2025-12-17 03:50:31.959000+00:00	15586	cumulative					
1981	2025-12-17 03:51:44.530000+00:00	15590	cumulative					
1982	2025-12-17 03:51:58.690000+00:00	15590	cumulative					
1983	2025-12-17 03:54:52.118000+00:00	15591	cumulative					
1984	2025-12-17 03:56:15.913000+00:00	15591	cumulative					
1985	2025-12-17 03:56:24.534000+00:00	15591	cumulative					
1986	2025-12-17 03:59:15.745000+00:00	15595	cumulative					
1987	2025-12-17 04:00:41.271000+00:00	15600	cumulative					
1988	2025-12-17 04:02:07.637000+00:00	15605	cumulative					
1989	2025-12-17 04:03:33.796000+00:00	15611	cumulative					
1990	2025-12-17 04:04:58.146000+00:00	15614	cumulative					
1991	2025-12-17 04:05:58.073000+00:00	15615	cumulative					
1992	2025-12-17 04:07:55.245000+00:00	15618	cumulative					
1993	2025-12-17 04:09:36.315000+00:00	15620	cumulative					
1994	2025-12-17 04:11:04.379000+00:00	15621	cumulative					
1995	2025-12-17 04:13:35.766000+00:00	15628	cumulative					
1996	2025-12-17 04:17:49.595000+00:00	15630	cumulative					
1997	2025-12-17 04:19:20.477000+00:00	15630	cumulative					
1998	2025-12-17 04:20:49.726000+00:00	15636	cumulative					
1999	2025-12-17 04:22:30.303000+00:00	15641	cumulative					
2000	2025-12-17 04:38:23.916000+00:00	15643	cumulative					
2001	2025-12-17 04:39:41.678000+00:00	15643	cumulative					
2002	2025-12-17 04:41:38.606000+00:00	15643	cumulative					
2003	2025-12-17 04:43:39.536000+00:00	15643	cumulative					
2004	2025-12-17 05:08:05.743000+00:00	15648	cumulative					
2005	2025-12-17 05:08:20.108000+00:00	15655	cumulative					
2006	2025-12-17 05:09:34.051000+00:00	15656	cumulative					
2007	2025-12-17 05:16:04.163000+00:00	15656	cumulative					
2008	2025-12-17 05:17:33.196000+00:00	15658	cumulative					
2009	2025-12-17 05:20:38.741000+00:00	15659	cumulative					
2010	2025-12-17 05:22:04.908000+00:00	15660	cumulative					
2011	2025-12-17 05:23:35.929000+00:00	15671	cumulative					
2012	2025-12-17 05:25:16.505000+00:00	15672	cumulative					
2013	2025-12-17 05:25:23.123000+00:00	15672	cumulative					
2014	2025-12-17 05:28:59.399000+00:00	15673	cumulative					
2015	2025-12-17 05:32:01.326000+00:00	15673	cumulative					
2016	2025-12-17 05:35:17.849000+00:00	15673	cumulative					
2017	2025-12-17 05:53:09.859000+00:00	15688	cumulative					
2018	2025-12-17 16:01:12.613000+00:00	15688	cumulative					
2019	2025-12-17 16:10:35.552000+00:00	15692	cumulative					
2020	2025-12-17 16:39:06.474000+00:00	15695	cumulative					
2021	2025-12-17 16:43:25.050000+00:00	15697	cumulative					
2022	2025-12-17 16:49:44.978000+00:00	15700	cumulative					
2023	2025-12-17 16:51:10.804000+00:00	15701	cumulative					
2024	2025-12-17 16:51:54.507000+00:00	15701	cumulative					
2025	2025-12-17 16:54:13.918000+00:00	15705	cumulative					
2026	2025-12-17 16:55:46.992000+00:00	15711	cumulative					
2027	2025-12-17 16:56:04.937000+00:00	15712	cumulative					
2028	2025-12-17 16:59:01.177000+00:00	15714	cumulative					
2029	2025-12-17 17:05:21.290000+00:00	15718	cumulative					
2030	2025-12-17 17:06:47.425000+00:00	15722	cumulative					
2031	2025-12-17 17:09:24.307000+00:00	15731	cumulative					
2032	2025-12-17 17:11:18.133000+00:00	15732	cumulative					
2033	2025-12-17 17:13:08.840000+00:00	15737	cumulative					
2034	2025-12-17 17:15:04.660000+00:00	15738	cumulative					
2035	2025-12-17 17:16:58.837000+00:00	15740	cumulative					
2036	2025-12-17 17:18:39.780000+00:00	15746	cumulative					
2037	2025-12-17 17:20:32.299000+00:00	15749	cumulative					
2038	2025-12-17 17:21:47.399000+00:00	15754	cumulative					
2039	2025-12-17 17:23:59.036000+00:00	15762	cumulative					
2040	2025-12-17 17:25:24.055000+00:00	15768	cumulative					
2041	2025-12-17 17:26:51.551000+00:00	15773	cumulative					
2042	2025-12-17 17:29:56.908000+00:00	15776	cumulative					
2043	2025-12-17 17:53:38.778000+00:00	15777	cumulative					
2044	2025-12-17 18:02:33.270000+00:00	15778	cumulative					
2045	2025-12-17 18:13:08.573000+00:00	15779	cumulative					
2046	2025-12-17 18:21:03.535000+00:00	15779	cumulative					
2047	2025-12-17 18:47:12.594000+00:00	15788	cumulative					
2048	2025-12-17 18:50:03.449000+00:00	15799	cumulative					
2049	2025-12-17 18:52:51.118000+00:00	15799	cumulative					
2050	2025-12-17 18:55:02.922000+00:00	15801	cumulative					
2051	2025-12-17 18:57:19.327000+00:00	15803	cumulative					
2052	2025-12-17 19:00:13.232000+00:00	15809	cumulative					
2053	2025-12-17 20:25:21.005000+00:00	15813	cumulative					
2054	2025-12-17 20:27:26.246000+00:00	15813	cumulative					
2055	2025-12-18 00:12:15.675000+00:00	15813	cumulative					
2056	2025-12-18 00:24:15.522000+00:00	15813	cumulative					
2057	2025-12-18 00:38:59.238000+00:00	15814	cumulative					
2058	2025-12-18 00:40:31.863000+00:00	15816	cumulative					
2059	2025-12-18 02:25:23.546000+00:00	15823	cumulative					
2060	2025-12-18 02:27:57.297000+00:00	15823	cumulative					
2061	2025-12-18 02:29:22.514000+00:00	15826	cumulative					
2062	2025-12-18 02:30:56.175000+00:00	15828	cumulative					
2063	2025-12-18 02:32:23.082000+00:00	15829	cumulative					
2064	2025-12-18 02:33:48.771000+00:00	15829	cumulative					
2065	2025-12-18 02:35:15.442000+00:00	15831	cumulative					
2066	2025-12-18 02:37:04.630000+00:00	15836	cumulative					
2067	2025-12-18 02:38:43.850000+00:00	15836	cumulative					
2068	2025-12-18 02:44:09.888000+00:00	15850	cumulative					
2069	2025-12-18 02:45:45.240000+00:00	15853	cumulative					
2070	2025-12-18 02:49:33.853000+00:00	15854	cumulative					
2071	2025-12-18 02:51:27.683000+00:00	15854	cumulative					
2072	2025-12-18 02:53:05.637000+00:00	15861	cumulative					
2073	2025-12-18 02:54:28.862000+00:00	15864	cumulative					
2074	2025-12-18 02:56:22.921000+00:00	15864	cumulative					
2075	2025-12-18 02:57:47.478000+00:00	15869	cumulative					
2076	2025-12-18 02:59:47.711000+00:00	15869	cumulative					
2077	2025-12-18 03:01:52.251000+00:00	15871	cumulative					
2078	2025-12-18 03:03:24.503000+00:00	15871	cumulative					
2079	2025-12-18 03:04:49.617000+00:00	15871	cumulative					
2080	2025-12-18 03:07:20.481000+00:00	15874	cumulative					
2081	2025-12-18 03:09:13.161000+00:00	15874	cumulative					
2082	2025-12-18 03:10:39.118000+00:00	15877	cumulative					
2083	2025-12-18 03:12:02.321000+00:00	15879	cumulative					
2084	2025-12-18 03:13:37.005000+00:00	15879	cumulative					
2085	2025-12-18 03:15:35.591000+00:00	15880	cumulative					
2086	2025-12-18 03:17:46.205000+00:00	15880	cumulative					
2087	2025-12-18 03:18:37.458000+00:00	15882	cumulative					
2088	2025-12-18 03:20:49.046000+00:00	15887	cumulative					
2089	2025-12-18 03:22:06.899000+00:00	15888	cumulative					
2090	2025-12-18 03:23:40.513000+00:00	15897	cumulative					
2091	2025-12-18 03:25:22.946000+00:00	15897	cumulative					
2092	2025-12-18 03:26:26.540000+00:00	15897	cumulative					
2093	2025-12-18 03:27:52.886000+00:00	15912	cumulative					
2094	2025-12-18 03:29:25.705000+00:00	15922	cumulative					
2095	2025-12-18 03:31:16.348000+00:00	15925	cumulative					
2096	2025-12-18 03:32:40.201000+00:00	15929	cumulative					
2097	2025-12-18 03:36:31.589000+00:00	15929	cumulative					
2098	2025-12-18 03:38:15.690000+00:00	15933	cumulative					
2099	2025-12-18 03:40:05.541000+00:00	15934	cumulative					
2100	2025-12-18 03:41:43.292000+00:00	15934	cumulative					
2101	2025-12-18 03:43:27.889000+00:00	15937	cumulative					
2102	2025-12-18 03:49:33.701000+00:00	15937	cumulative					
2103	2025-12-18 03:51:03.705000+00:00	15944	cumulative					
2104	2025-12-18 03:52:29.883000+00:00	15949	cumulative					
2105	2025-12-18 03:53:10.929000+00:00	15951	cumulative					
2106	2025-12-18 03:56:23.140000+00:00	15954	cumulative					
2107	2025-12-18 03:57:53.443000+00:00	15961	cumulative					
2108	2025-12-18 03:59:17.202000+00:00	15963	cumulative					
2109	2025-12-18 04:00:57.887000+00:00	15963	cumulative					
2110	2025-12-18 04:02:44.643000+00:00	15977	cumulative					
2111	2025-12-18 04:04:19.271000+00:00	15977	cumulative					
2112	2025-12-18 04:05:55.195000+00:00	15980	cumulative					
2113	2025-12-18 04:07:46.392000+00:00	15981	cumulative					
2114	2025-12-18 04:09:13.218000+00:00	15983	cumulative					
2115	2025-12-18 04:09:43.079000+00:00	15985	cumulative					
2116	2025-12-18 04:12:46.951000+00:00	15991	cumulative					
2117	2025-12-18 04:20:35.102000+00:00	15991	cumulative					
2118	2025-12-18 04:52:09.440000+00:00	15995	cumulative					
2119	2025-12-18 04:56:52.370000+00:00	15996	cumulative					
2120	2025-12-18 04:58:27.834000+00:00	16006	cumulative					
2121	2025-12-18 05:20:25.403000+00:00	16011	cumulative					
2122	2025-12-18 05:31:15.592000+00:00	16018	cumulative					
2123	2025-12-18 05:32:46.258000+00:00	16030	cumulative					
2124	2025-12-18 05:35:47.410000+00:00	16037	cumulative					
2125	2025-12-18 05:59:22.185000+00:00	16041	cumulative					
2126	2025-12-18 06:11:21.267000+00:00	16044	cumulative					
2127	2025-12-18 20:33:01.288000+00:00	16048	cumulative					
2128	2025-12-18 21:31:55.426000+00:00	16052	cumulative					
2129	2025-12-18 22:19:39.942000+00:00	16053	cumulative					
2130	2025-12-18 22:28:57.779000+00:00	16056	cumulative					
2131	2025-12-18 22:37:48.615000+00:00	16056	cumulative					
2132	2025-12-18 22:39:54.299000+00:00	16058	cumulative					
2133	2025-12-19 01:07:48.068000+00:00	16062	cumulative					
2134	2025-12-19 01:12:38.083000+00:00	16065	cumulative					
2135	2025-12-19 02:07:03.122000+00:00	16065	cumulative					
2136	2025-12-19 02:08:30.722000+00:00	16065	cumulative					
2137	2025-12-19 02:09:54.668000+00:00	16069	cumulative					
2138	2025-12-19 02:12:01.154000+00:00	16073	cumulative					
2139	2025-12-19 02:13:25.725000+00:00	16081	cumulative					
2140	2025-12-19 02:15:51.306000+00:00	16090	cumulative					
2141	2025-12-19 02:17:14.925000+00:00	16095	cumulative					
2142	2025-12-19 02:19:35.295000+00:00	16099	cumulative					
2143	2025-12-19 02:20:20.529000+00:00	16100	cumulative					
2144	2025-12-19 02:22:04.100000+00:00	16102	cumulative					
2145	2025-12-19 02:24:33.116000+00:00	16103	cumulative					
2146	2025-12-19 02:26:15.478000+00:00	16110	cumulative					
2147	2025-12-19 02:27:43.151000+00:00	16112	cumulative					
2148	2025-12-19 02:28:23.732000+00:00	16114	cumulative					
2149	2025-12-19 02:28:55.787000+00:00	16117	cumulative					
2150	2025-12-19 02:34:53.488000+00:00	16117	cumulative					
2151	2025-12-19 03:15:34.784000+00:00	16117	cumulative					
2152	2025-12-19 03:19:10.773000+00:00	16118	cumulative					
2153	2025-12-19 03:20:29.916000+00:00	16123	cumulative					
2154	2025-12-19 03:22:12.775000+00:00	16123	cumulative					
2155	2025-12-19 03:23:39.080000+00:00	16128	cumulative					
2156	2025-12-19 03:24:11.361000+00:00	16130	cumulative					
2157	2025-12-19 03:29:23.075000+00:00	16131	cumulative					
2158	2025-12-19 03:48:04.838000+00:00	16136	cumulative					
2159	2025-12-19 04:08:00.187000+00:00	16154	cumulative					
2160	2025-12-19 05:06:11.842000+00:00	16160	cumulative					
2161	2025-12-19 06:15:08.023000+00:00	16166	cumulative					
2162	2025-12-19 17:24:13.269000+00:00	16168	cumulative					
2163	2025-12-19 17:34:48.699000+00:00	16173	cumulative					
2164	2025-12-19 17:35:04.137000+00:00	16174	cumulative					
2165	2025-12-19 17:37:52.507000+00:00	16176	cumulative					
2166	2025-12-19 19:13:41.125000+00:00	16178	cumulative					
2167	2025-12-19 19:20:54.609000+00:00	16178	cumulative					
2168	2025-12-19 19:21:50.810000+00:00	16178	cumulative					
2169	2025-12-19 19:25:12.209000+00:00	16179	cumulative					
2170	2025-12-19 19:26:38.999000+00:00	16179	cumulative					
2171	2025-12-19 19:28:13.189000+00:00	16181	cumulative					
2172	2025-12-19 19:29:40.859000+00:00	16184	cumulative					
2173	2025-12-19 19:31:13.836000+00:00	16186	cumulative					
2174	2025-12-19 19:32:41.749000+00:00	16186	cumulative					
2175	2025-12-19 19:38:46.279000+00:00	16195	cumulative					
2176	2025-12-19 19:39:49.486000+00:00	16197	cumulative					
2177	2025-12-19 19:44:57.815000+00:00	16197	cumulative					
2178	2025-12-19 20:40:38.385000+00:00	16197	cumulative					
2179	2025-12-19 20:44:08.069000+00:00	16197	cumulative					
2180	2025-12-19 20:45:47.026000+00:00	16201	cumulative					
2181	2025-12-20 03:16:28.789000+00:00	16204	cumulative					
2182	2025-12-20 03:29:32.407000+00:00	16204	cumulative					
2183	2025-12-20 03:44:46.127000+00:00	16205	cumulative					
2184	2025-12-20 03:51:33.082000+00:00	16207	cumulative					
2185	2025-12-20 03:53:30.505000+00:00	16207	cumulative					
2186	2025-12-20 03:54:59.278000+00:00	16210	cumulative					
2187	2025-12-20 03:56:16.605000+00:00	16213	cumulative					
2188	2025-12-20 03:57:46.041000+00:00	16215	cumulative					
2189	2025-12-20 03:59:39.699000+00:00	16216	cumulative					
2190	2025-12-20 04:00:49.862000+00:00	16224	cumulative					
2191	2025-12-20 04:02:32.511000+00:00	16227	cumulative					
2192	2025-12-20 04:04:03.713000+00:00	16229	cumulative					
2193	2025-12-20 04:05:32.827000+00:00	16232	cumulative					
2194	2025-12-20 04:06:57.694000+00:00	16233	cumulative					
2195	2025-12-20 04:08:20.859000+00:00	16233	cumulative					
2196	2025-12-20 04:09:50.241000+00:00	16235	cumulative					
2197	2025-12-20 04:11:14.619000+00:00	16239	cumulative					
2198	2025-12-20 04:12:45.197000+00:00	16239	cumulative					
2199	2025-12-20 04:14:13.626000+00:00	16241	cumulative					
2200	2025-12-20 04:15:49.118000+00:00	16245	cumulative					
2201	2025-12-20 04:17:09.357000+00:00	16249	cumulative					
2202	2025-12-20 04:18:46.487000+00:00	16249	cumulative					
2203	2025-12-20 04:20:14.107000+00:00	16251	cumulative					
2204	2025-12-20 04:21:34.377000+00:00	16251	cumulative					
2205	2025-12-20 04:23:12.033000+00:00	16251	cumulative					
2206	2025-12-20 04:26:50.360000+00:00	16251	cumulative					
2207	2025-12-20 04:29:53.612000+00:00	16254	cumulative					
2208	2025-12-20 04:31:18.641000+00:00	16257	cumulative					
2209	2025-12-20 04:32:49.742000+00:00	16260	cumulative					
2210	2025-12-20 04:34:18.885000+00:00	16260	cumulative					
2211	2025-12-20 04:36:32.654000+00:00	16263	cumulative					
2212	2025-12-20 04:42:10.173000+00:00	16270	cumulative					
2213	2025-12-20 04:46:15.733000+00:00	16270	cumulative					
2214	2025-12-20 04:48:17.691000+00:00	16270	cumulative					
2215	2025-12-20 04:49:56.714000+00:00	16271	cumulative					
2216	2025-12-20 04:51:22.880000+00:00	16277	cumulative					
2217	2025-12-20 04:52:47.934000+00:00	16278	cumulative					
2218	2025-12-20 04:54:14.224000+00:00	16282	cumulative					
2219	2025-12-20 04:56:34.440000+00:00	16284	cumulative					
2220	2025-12-20 04:57:56.633000+00:00	16285	cumulative					
2221	2025-12-20 04:59:28.742000+00:00	16290	cumulative					
2222	2025-12-20 05:00:46.079000+00:00	16292	cumulative					
2223	2025-12-20 05:02:18.151000+00:00	16292	cumulative					
2224	2025-12-20 05:03:42.634000+00:00	16302	cumulative					
2225	2025-12-20 05:05:07.259000+00:00	16304	cumulative					
2226	2025-12-20 05:06:32.126000+00:00	16317	cumulative					
2227	2025-12-20 05:07:58.526000+00:00	16321	cumulative					
2228	2025-12-20 05:09:23.054000+00:00	16324	cumulative					
2229	2025-12-20 05:38:50.615000+00:00	16325	cumulative					
2230	2025-12-20 05:41:16.152000+00:00	16331	cumulative					
2231	2025-12-20 05:46:47.912000+00:00	16331	cumulative					
2232	2025-12-20 05:48:45.545000+00:00	16334	cumulative					
2233	2025-12-20 05:50:16.468000+00:00	16337	cumulative					
2234	2025-12-20 05:56:34.156000+00:00	16344	cumulative					
2235	2025-12-20 06:31:47.809000+00:00	16348	cumulative					
2236	2025-12-20 06:33:18.960000+00:00	16350	cumulative					
2237	2025-12-20 06:34:32.881000+00:00	16350	cumulative					
2238	2025-12-20 06:35:27.107000+00:00	16354	cumulative					
2239	2025-12-20 06:37:20.952000+00:00	16354	cumulative					
2240	2025-12-20 06:38:08.469000+00:00	16356	cumulative					
2241	2025-12-20 06:40:12.829000+00:00	16357	cumulative					
2242	2025-12-20 06:41:50.981000+00:00	16359	cumulative					
2243	2025-12-20 06:43:54.113000+00:00	16369	cumulative					
2244	2025-12-20 06:48:42.190000+00:00	16374	cumulative					
2245	2025-12-20 06:54:46.631000+00:00	16376	cumulative					
2246	2025-12-20 06:57:18.464000+00:00	16378	cumulative					
2247	2025-12-20 07:22:36.736000+00:00	16378	cumulative					
2248	2025-12-20 07:26:22.810000+00:00	16379	cumulative					
2249	2025-12-20 07:27:49.400000+00:00	16379	cumulative					
2250	2025-12-20 07:29:14.610000+00:00	16380	cumulative					
2251	2025-12-20 07:30:39.339000+00:00	16380	cumulative					
2252	2025-12-20 07:32:09.394000+00:00	16380	cumulative					
2253	2025-12-20 07:33:40.214000+00:00	16381	cumulative					
2254	2025-12-20 07:35:10.953000+00:00	16381	cumulative					
2255	2025-12-20 07:36:37.616000+00:00	16381	cumulative					
2256	2025-12-20 07:38:21.638000+00:00	16381	cumulative					
2257	2025-12-20 07:39:50.417000+00:00	16385	cumulative					
2258	2025-12-20 07:40:35.481000+00:00	16385	cumulative					
2259	2025-12-20 07:43:06.735000+00:00	16385	cumulative					
2260	2025-12-20 07:44:20.857000+00:00	16387	cumulative					
2261	2025-12-20 07:45:06.956000+00:00	16387	cumulative					
2262	2025-12-20 07:47:29.213000+00:00	16392	cumulative					
2263	2025-12-20 07:52:30.824000+00:00	16392	cumulative					
2264	2025-12-20 08:02:13.296000+00:00	16392	cumulative					
2265	2025-12-20 18:38:04.118000+00:00	16395	cumulative					
2266	2025-12-20 19:37:52.144000+00:00	16402	cumulative					
2267	2025-12-20 19:51:52.012000+00:00	16402	cumulative					
2268	2025-12-20 19:53:41.101000+00:00	16407	cumulative					
2269	2025-12-20 19:55:17.783000+00:00	16409	cumulative					
2270	2025-12-20 19:56:57.256000+00:00	16411	cumulative					
2271	2025-12-20 19:58:48.921000+00:00	16423	cumulative					
2272	2025-12-20 20:00:47.074000+00:00	16423	cumulative					
2273	2025-12-20 20:02:20.270000+00:00	16426	cumulative					
2274	2025-12-20 20:03:45.389000+00:00	16432	cumulative					
2275	2025-12-20 20:05:11.597000+00:00	16433	cumulative					
2276	2025-12-20 20:08:44.368000+00:00	16434	cumulative					
2277	2025-12-20 20:25:15.362000+00:00	16437	cumulative					
2278	2025-12-20 21:57:30.858000+00:00	16437	cumulative					
2279	2025-12-20 21:58:57.936000+00:00	16440	cumulative					
2280	2025-12-20 22:39:19.200000+00:00	16440	cumulative					
2281	2025-12-20 22:48:57.463000+00:00	16440	cumulative					
2282	2025-12-20 23:12:43.729000+00:00	16444	cumulative					
2283	2025-12-21 01:33:18.372000+00:00	16451	cumulative					
2284	2025-12-21 01:41:19.385000+00:00	16451	cumulative					
2285	2025-12-21 01:49:09.984000+00:00	16455	cumulative					
2286	2025-12-21 01:51:11.437000+00:00	16457	cumulative					
2287	2025-12-21 01:52:48.708000+00:00	16459	cumulative					
2288	2025-12-21 01:54:38.640000+00:00	16475	cumulative					
2289	2025-12-21 01:57:25.535000+00:00	16479	cumulative					
2290	2025-12-21 01:58:28.800000+00:00	16479	cumulative					
2291	2025-12-21 02:00:18.193000+00:00	16479	cumulative					
2292	2025-12-21 02:01:57.095000+00:00	16480	cumulative					
2293	2025-12-21 02:02:35.099000+00:00	16480	cumulative					
2294	2025-12-21 02:09:50.099000+00:00	16482	cumulative					
2295	2025-12-21 02:11:16.266000+00:00	16484	cumulative					
2296	2025-12-21 02:30:32.269000+00:00	16487	cumulative					
2297	2025-12-21 02:36:43.482000+00:00	16491	cumulative					
2298	2025-12-21 02:39:36.724000+00:00	16502	cumulative					
2299	2025-12-21 18:18:37.911000+00:00	16507	cumulative					
2300	2025-12-21 18:27:37.701000+00:00	16511	cumulative					
2301	2025-12-21 18:29:18.532000+00:00	16511	cumulative					
2302	2025-12-21 18:30:49.322000+00:00	16512	cumulative					
2303	2025-12-21 18:32:53.218000+00:00	16514	cumulative					
2304	2025-12-21 18:34:34.403000+00:00	16523	cumulative					
2305	2025-12-21 18:36:01.380000+00:00	16524	cumulative					
2306	2025-12-21 18:37:28.771000+00:00	16526	cumulative					
2307	2025-12-21 18:46:04.799000+00:00	16527	cumulative					
2308	2025-12-21 18:52:44.017000+00:00	16534	cumulative					
2309	2025-12-21 18:55:44.300000+00:00	16540	cumulative					
2310	2025-12-21 18:59:00.880000+00:00	16546	cumulative					
2311	2025-12-21 19:06:03.162000+00:00	16549	cumulative					
2312	2025-12-21 19:58:22.893000+00:00	16551	cumulative					
2313	2025-12-21 19:59:59.229000+00:00	16557	cumulative					
2314	2025-12-21 20:02:48.021000+00:00	16557	cumulative					
2315	2025-12-21 20:04:25.330000+00:00	16561	cumulative					
2316	2025-12-21 20:06:06.460000+00:00	16565	cumulative					
2317	2025-12-21 20:08:09.023000+00:00	16566	cumulative					
2318	2025-12-21 20:09:38.130000+00:00	16566	cumulative					
2319	2025-12-21 20:11:34.914000+00:00	16566	cumulative					
2320	2025-12-21 20:14:52.999000+00:00	16566	cumulative					
2321	2025-12-21 20:17:19.934000+00:00	16569	cumulative					
2322	2025-12-21 20:21:28.469000+00:00	16571	cumulative					
2323	2025-12-21 20:22:55.022000+00:00	16574	cumulative					
2324	2025-12-21 20:24:22.624000+00:00	16576	cumulative					
2325	2025-12-21 20:27:41.787000+00:00	16576	cumulative					
2326	2025-12-21 20:28:26.828000+00:00	16577	cumulative					
2327	2025-12-21 20:31:43.972000+00:00	16579	cumulative					
2328	2025-12-21 20:33:06.599000+00:00	16584	cumulative					
2329	2025-12-21 20:34:31.472000+00:00	16586	cumulative					
2330	2025-12-21 20:36:07.202000+00:00	16588	cumulative					
2331	2025-12-21 20:37:32.503000+00:00	16591	cumulative					
2332	2025-12-21 20:39:11.061000+00:00	16591	cumulative					
2333	2025-12-21 20:40:49.752000+00:00	16593	cumulative					
2334	2025-12-21 20:42:11.653000+00:00	16596	cumulative					
2335	2025-12-21 20:43:51.358000+00:00	16602	cumulative					
2336	2025-12-21 20:45:23.983000+00:00	16604	cumulative					
2337	2025-12-21 20:46:59.102000+00:00	16605	cumulative					
2338	2025-12-21 20:48:27.546000+00:00	16605	cumulative					
2339	2025-12-21 20:50:00.787000+00:00	16608	cumulative					
2340	2025-12-21 20:51:04.449000+00:00	16609	cumulative					
2341	2025-12-21 20:52:35.446000+00:00	16611	cumulative					
2342	2025-12-21 20:58:04.877000+00:00	16616	cumulative					
2343	2025-12-21 22:54:49.399000+00:00	16621	cumulative					
2344	2025-12-22 01:04:37.214000+00:00	16621	cumulative					
2345	2025-12-22 01:07:34.890000+00:00	16625	cumulative					
2346	2025-12-22 01:08:59.931000+00:00	16625	cumulative					
2347	2025-12-22 01:13:41.939000+00:00	16635	cumulative					
2348	2025-12-22 01:15:35.507000+00:00	16644	cumulative					
2349	2025-12-22 01:18:14.367000+00:00	16647	cumulative					
2350	2025-12-22 02:36:13.292000+00:00	16647	cumulative					
2351	2025-12-22 02:48:24.043000+00:00	16648	cumulative					
2352	2025-12-22 02:50:02.175000+00:00	16651	cumulative					
2353	2025-12-22 02:52:09.998000+00:00	16652	cumulative					
2354	2025-12-22 02:57:01.949000+00:00	16663	cumulative					
2355	2025-12-22 03:00:31.305000+00:00	16670	cumulative					
2356	2025-12-22 03:04:53.093000+00:00	16671	cumulative					
2357	2025-12-22 03:07:01.992000+00:00	16673	cumulative					
2358	2025-12-22 03:09:21.008000+00:00	16674	cumulative					
2359	2025-12-22 03:12:28.918000+00:00	16674	cumulative					
2360	2025-12-22 03:14:09.204000+00:00	16675	cumulative					
2361	2025-12-22 03:15:32.914000+00:00	16675	cumulative					
2362	2025-12-22 03:16:58.641000+00:00	16676	cumulative					
2363	2025-12-22 03:18:31.885000+00:00	16679	cumulative					
2364	2025-12-22 05:54:29.109000+00:00	16679	cumulative					
2365	2025-12-22 05:56:30.588000+00:00	16679	cumulative					
2366	2025-12-22 05:58:21.403000+00:00	16683	cumulative					
2367	2025-12-22 05:59:55.811000+00:00	16689	cumulative					
2368	2025-12-22 06:01:24.598000+00:00	16693	cumulative					
2369	2025-12-22 06:02:53.820000+00:00	16693	cumulative					
2370	2025-12-22 20:17:02.760000+00:00	16699	cumulative					
2371	2025-12-22 20:18:30.188000+00:00	16701	cumulative					
2372	2025-12-22 20:20:13.219000+00:00	16704	cumulative					
2373	2025-12-22 20:21:37.373000+00:00	16711	cumulative					
2374	2025-12-22 20:25:34.018000+00:00	16715	cumulative					
2375	2025-12-22 20:27:04.115000+00:00	16720	cumulative					
2376	2025-12-22 20:28:25.223000+00:00	16721	cumulative					
2377	2025-12-22 20:29:59.847000+00:00	16722	cumulative					
2378	2025-12-22 20:31:39.849000+00:00	16722	cumulative					
2379	2025-12-22 20:35:50.056000+00:00	16724	cumulative					
2380	2025-12-22 20:38:51.723000+00:00	16728	cumulative					
2381	2025-12-22 20:42:09.408000+00:00	16728	cumulative					
2382	2025-12-22 20:43:36.011000+00:00	16728	cumulative					
2383	2025-12-22 20:45:07.338000+00:00	16730	cumulative					
2384	2025-12-22 20:46:41.468000+00:00	16732	cumulative					
2385	2025-12-22 20:48:17.522000+00:00	16736	cumulative					
2386	2025-12-22 20:51:37.915000+00:00	16736	cumulative					
2387	2025-12-22 20:52:11.038000+00:00	16738	cumulative					
2388	2025-12-22 20:53:30.615000+00:00	16747	cumulative					
2389	2025-12-22 20:54:56.054000+00:00	16750	cumulative					
2390	2025-12-22 20:56:21.833000+00:00	16753	cumulative					
2391	2025-12-22 21:01:49.586000+00:00	16755	cumulative					
2392	2025-12-22 21:03:07.761000+00:00	16758	cumulative					
2393	2025-12-22 21:05:35.260000+00:00	16760	cumulative					
2394	2025-12-22 21:06:05.277000+00:00	16760	cumulative					
2395	2025-12-22 21:13:18.883000+00:00	16760	cumulative					
2396	2025-12-22 21:18:16.483000+00:00	16761	cumulative					
2397	2025-12-22 22:12:18.039000+00:00	16764	cumulative					
2398	2025-12-22 22:31:14.038000+00:00	16765	cumulative					
2399	2025-12-22 23:07:48.477000+00:00	16765	cumulative					
2400	2025-12-22 23:27:07.640000+00:00	16766	cumulative					
2401	2025-12-22 23:52:12.928000+00:00	16770	cumulative					
2402	2025-12-23 00:46:17.306000+00:00	16774	cumulative					
2403	2025-12-23 00:47:58.713000+00:00	16782	cumulative					
2404	2025-12-23 00:49:32.733000+00:00	16785	cumulative					
2405	2025-12-23 01:19:31.126000+00:00	16786	cumulative					
2406	2025-12-23 01:34:24.799000+00:00	16792	cumulative					
2407	2025-12-23 01:35:51.545000+00:00	16793	cumulative					
2408	2025-12-23 01:48:05.422000+00:00	16794	cumulative					
2409	2025-12-23 02:10:37.910000+00:00	16798	cumulative					
2410	2025-12-23 02:12:20.748000+00:00	16798	cumulative					
2411	2025-12-23 02:20:10.373000+00:00	16803	cumulative					
2412	2025-12-23 02:22:40.398000+00:00	16804	cumulative					
2413	2025-12-23 02:31:04.879000+00:00	16812	cumulative					
2414	2025-12-23 02:41:17.879000+00:00	16814	cumulative					
2415	2025-12-23 03:01:31.891000+00:00	16814	cumulative					
2416	2025-12-23 03:03:42.219000+00:00	16814	cumulative					
2417	2025-12-23 03:14:39.978000+00:00	16815	cumulative					
2418	2025-12-23 03:32:35.255000+00:00	16816	cumulative					
2419	2025-12-23 04:07:52.932000+00:00	16826	cumulative					
2420	2025-12-23 04:09:22.077000+00:00	16831	cumulative					
2421	2025-12-23 19:30:33.652000+00:00	16832	cumulative					
2422	2025-12-23 19:37:00.843000+00:00	16834	cumulative					
2423	2025-12-23 19:46:51.740000+00:00	16834	cumulative					
2424	2025-12-23 20:19:17.742000+00:00	16838	cumulative					
2425	2025-12-23 21:33:09.218000+00:00	16840	cumulative					
2426	2025-12-24 00:09:02.076000+00:00	16847	cumulative					
2427	2025-12-24 00:15:15.906000+00:00	16847	cumulative					
2428	2025-12-24 00:16:44.171000+00:00	16847	cumulative					
2429	2025-12-24 00:17:09.922000+00:00	16865	cumulative					
2430	2025-12-24 00:21:21.044000+00:00	16872	cumulative					
2431	2025-12-24 00:21:44.857000+00:00	16873	cumulative					
2432	2025-12-24 00:22:55.153000+00:00	16877	cumulative					
2433	2025-12-24 00:24:57.888000+00:00	16878	cumulative					
2434	2025-12-24 00:28:49.276000+00:00	16880	cumulative					
2435	2025-12-24 00:31:17.773000+00:00	16886	cumulative					
2436	2025-12-24 00:32:42.545000+00:00	16891	cumulative					
2437	2025-12-24 00:37:50.484000+00:00	16891	cumulative					
2438	2025-12-24 00:39:53.009000+00:00	16891	cumulative					
2439	2025-12-24 00:43:48.051000+00:00	16895	cumulative					
2440	2025-12-24 00:44:32.144000+00:00	16897	cumulative					
2441	2025-12-24 00:46:04.317000+00:00	16898	cumulative					
2442	2025-12-24 00:48:04.887000+00:00	16902	cumulative					
2443	2025-12-24 02:00:01.923000+00:00	16903	cumulative					
2444	2025-12-24 02:04:29.835000+00:00	16910	cumulative					
2445	2025-12-24 02:06:23.442000+00:00	16913	cumulative					
2446	2025-12-24 02:07:30.156000+00:00	16918	cumulative					
2447	2025-12-24 02:09:24.544000+00:00	16918	cumulative					
2448	2025-12-24 02:12:34.390000+00:00	16921	cumulative					
2449	2025-12-24 02:14:42.663000+00:00	16921	cumulative					
2450	2025-12-24 02:16:26.374000+00:00	16922	cumulative					
2451	2025-12-24 02:17:43.916000+00:00	16924	cumulative					
2452	2025-12-24 02:18:53.446000+00:00	16924	cumulative					
2453	2025-12-24 02:19:09.928000+00:00	16927	cumulative					
2454	2025-12-24 02:21:48.894000+00:00	16930	cumulative					
2455	2025-12-24 02:22:23.925000+00:00	16930	cumulative					
2456	2025-12-24 02:23:49.663000+00:00	16930	cumulative					
2457	2025-12-24 02:24:03.993000+00:00	16931	cumulative					
2458	2025-12-24 02:27:21.062000+00:00	16945	cumulative					
2459	2025-12-24 02:30:06.636000+00:00	16948	cumulative					
2460	2025-12-24 02:31:04.585000+00:00	16949	cumulative					
2461	2025-12-24 02:33:18.976000+00:00	16954	cumulative					
2462	2025-12-24 02:34:51.396000+00:00	16954	cumulative					
2463	2025-12-24 02:36:27.029000+00:00	16957	cumulative					
2464	2025-12-24 02:37:56.474000+00:00	16958	cumulative					
2465	2025-12-24 02:47:11.338000+00:00	16961	cumulative					
2466	2025-12-24 03:07:44.857000+00:00	16967	cumulative					
2467	2025-12-24 03:09:15.877000+00:00	16972	cumulative					
2468	2025-12-24 03:11:16.687000+00:00	16973	cumulative					
2469	2025-12-24 03:14:38.839000+00:00	16982	cumulative					
2470	2025-12-24 03:25:31.783000+00:00	16988	cumulative					
2471	2025-12-24 03:29:27.312000+00:00	16993	cumulative					
2472	2025-12-24 03:31:15.940000+00:00	16996	cumulative					
2473	2025-12-24 03:32:55.361000+00:00	16997	cumulative					
2474	2025-12-24 03:36:28.840000+00:00	16999	cumulative					
2475	2025-12-24 03:38:50.189000+00:00	17006	cumulative					
2476	2025-12-24 03:40:24.852000+00:00	17006	cumulative					
2477	2025-12-24 03:42:16.192000+00:00	17009	cumulative					
2478	2025-12-24 03:45:57.581000+00:00	17010	cumulative					
2479	2025-12-24 03:51:02.903000+00:00	17016	cumulative					
2480	2025-12-24 03:52:51.627000+00:00	17018	cumulative					
2481	2025-12-24 03:54:31.704000+00:00	17018	cumulative					
2482	2025-12-24 03:56:58.225000+00:00	17019	cumulative					
2483	2025-12-24 03:58:36.475000+00:00	17020	cumulative					
2484	2025-12-24 03:59:49.586000+00:00	17021	cumulative					
2485	2025-12-24 04:01:36.216000+00:00	17021	cumulative					
2486	2025-12-24 04:03:04.004000+00:00	17021	cumulative					
2487	2025-12-24 04:04:32.859000+00:00	17030	cumulative					
2488	2025-12-24 04:05:34.766000+00:00	17033	cumulative					
2489	2025-12-24 04:07:41.399000+00:00	17039	cumulative					
2490	2025-12-24 04:09:05.401000+00:00	17041	cumulative					
2491	2025-12-24 04:10:33.937000+00:00	17045	cumulative					
2492	2025-12-24 04:12:19.546000+00:00	17045	cumulative					
2493	2025-12-24 04:12:55.341000+00:00	17048	cumulative					
2494	2025-12-24 04:15:44.843000+00:00	17048	cumulative					
2495	2025-12-24 04:16:56.829000+00:00	17049	cumulative					
2496	2025-12-24 04:19:06.930000+00:00	17053	cumulative					
2497	2025-12-24 04:19:48.473000+00:00	17054	cumulative					
2498	2025-12-24 04:22:11.945000+00:00	17056	cumulative					
2499	2025-12-24 04:22:47.601000+00:00	17056	cumulative					
2500	2025-12-24 04:24:11.629000+00:00	17060	cumulative					
2501	2025-12-24 17:44:59.007000+00:00	17061	cumulative					
2502	2025-12-24 17:50:29.991000+00:00	17066	cumulative					
2503	2025-12-25 01:28:43.089000+00:00	17067	cumulative					
2504	2025-12-25 02:46:26.590000+00:00	17071	cumulative					
2505	2025-12-25 02:49:18.202000+00:00	17071	cumulative					
2506	2025-12-25 02:57:31.218000+00:00	17073	cumulative					
2507	2025-12-25 02:59:58.656000+00:00	17073	cumulative					
2508	2025-12-25 03:03:36.155000+00:00	17075	cumulative					
2509	2025-12-25 03:05:17.232000+00:00	17077	cumulative					
2510	2025-12-25 03:07:26.188000+00:00	17086	cumulative					
2511	2025-12-25 03:11:22.785000+00:00	17092	cumulative					
2512	2025-12-25 03:13:29.352000+00:00	17093	cumulative					
2513	2025-12-25 03:14:37.660000+00:00	17094	cumulative					
2514	2025-12-25 03:16:17.332000+00:00	17097	cumulative					
2515	2025-12-25 03:17:54.560000+00:00	17099	cumulative					
2516	2025-12-25 03:19:20.427000+00:00	17103	cumulative					
2517	2025-12-25 03:20:44.238000+00:00	17107	cumulative					
2518	2025-12-25 03:21:50.474000+00:00	17109	cumulative					
2519	2025-12-25 03:23:52.534000+00:00	17111	cumulative					
2520	2025-12-25 03:25:15.104000+00:00	17112	cumulative					
2521	2025-12-25 03:25:50.561000+00:00	17114	cumulative					
2522	2025-12-25 03:28:13.527000+00:00	17114	cumulative					
2523	2025-12-25 03:33:34.022000+00:00	17123	cumulative					
2524	2025-12-25 03:36:21.275000+00:00	17123	cumulative					
2525	2025-12-25 03:38:01.769000+00:00	17130	cumulative					
2526	2025-12-25 03:41:18.272000+00:00	17132	cumulative					
2527	2025-12-25 03:42:49.945000+00:00	17138	cumulative					
2528	2025-12-25 03:44:52.136000+00:00	17139	cumulative					
2529	2025-12-25 03:46:12.206000+00:00	17140	cumulative					
2530	2025-12-25 03:47:42.190000+00:00	17142	cumulative					
2531	2025-12-25 03:50:03.127000+00:00	17143	cumulative					
2532	2025-12-25 03:51:23.755000+00:00	17144	cumulative					
2533	2025-12-25 03:53:04.903000+00:00	17146	cumulative					
2534	2025-12-25 03:55:16.144000+00:00	17146	cumulative					
2535	2025-12-25 03:55:52.189000+00:00	17151	cumulative					
2536	2025-12-25 03:58:15.969000+00:00	17161	cumulative					
2537	2025-12-25 04:00:13.489000+00:00	17161	cumulative					
2538	2025-12-25 04:02:05.501000+00:00	17162	cumulative					
2539	2025-12-25 04:05:36.071000+00:00	17166	cumulative					
2540	2025-12-25 04:07:02.029000+00:00	17174	cumulative					
2541	2025-12-25 04:08:59.238000+00:00	17174	cumulative					
2542	2025-12-25 04:10:03.269000+00:00	17176	cumulative					
2543	2025-12-25 04:12:26.426000+00:00	17178	cumulative					
2544	2025-12-25 04:13:24.155000+00:00	17178	cumulative					
2545	2025-12-25 04:15:58.323000+00:00	17178	cumulative					
2546	2025-12-25 04:16:46.840000+00:00	17178	cumulative					
2547	2025-12-25 04:18:12.295000+00:00	17180	cumulative					
2548	2025-12-25 04:20:18.670000+00:00	17180	cumulative					
2549	2025-12-25 04:22:17.339000+00:00	17185	cumulative					
2550	2025-12-25 04:23:56.358000+00:00	17187	cumulative					
2551	2025-12-25 04:25:30.122000+00:00	17188	cumulative					
2552	2025-12-25 04:26:46.014000+00:00	17188	cumulative					
2553	2025-12-25 04:28:20.295000+00:00	17192	cumulative					
2554	2025-12-25 04:29:53.116000+00:00	17195	cumulative					
2555	2025-12-25 04:31:04.882000+00:00	17195	cumulative					
2556	2025-12-25 04:32:50.342000+00:00	17197	cumulative					
2557	2025-12-25 04:33:57.653000+00:00	17197	cumulative					
2558	2025-12-25 04:34:59.720000+00:00	17197	cumulative					
2559	2025-12-25 04:43:17.932000+00:00	17201	cumulative					
2560	2025-12-25 05:22:25.139000+00:00	17204	cumulative					
2561	2025-12-25 05:24:15.142000+00:00	17205	cumulative					
2562	2025-12-25 05:26:05.166000+00:00	17206	cumulative					
2563	2025-12-25 05:28:51.097000+00:00	17206	cumulative					
2564	2025-12-25 05:30:18.039000+00:00	17207	cumulative					
2565	2025-12-25 05:31:43.436000+00:00	17208	cumulative					
2566	2025-12-25 05:44:38.057000+00:00	17211	cumulative					
2567	2025-12-25 06:51:54.851000+00:00	17213	cumulative					
2568	2025-12-25 07:24:49.298000+00:00	17218	cumulative					
2569	2025-12-25 07:30:45.135000+00:00	17219	cumulative					
2570	2025-12-25 18:23:29.340000+00:00	17219	cumulative					
2571	2025-12-25 18:43:43.790000+00:00	17224	cumulative					
2572	2025-12-25 18:48:25.199000+00:00	17224	cumulative					
2573	2025-12-25 18:49:51.481000+00:00	17224	cumulative					
2574	2025-12-25 18:52:38.126000+00:00	17226	cumulative					
2575	2025-12-25 18:54:06.726000+00:00	17227	cumulative					
2576	2025-12-25 18:55:33.667000+00:00	17227	cumulative					
2577	2025-12-25 18:57:00.071000+00:00	17232	cumulative					
2578	2025-12-25 18:58:24.489000+00:00	17232	cumulative					
2579	2025-12-25 18:59:56.391000+00:00	17234	cumulative					
2580	2025-12-25 19:01:29.166000+00:00	17236	cumulative					
2581	2025-12-25 19:02:52.866000+00:00	17237	cumulative					
2582	2025-12-25 19:04:19.359000+00:00	17238	cumulative					
2583	2025-12-25 19:05:48.490000+00:00	17240	cumulative					
2584	2025-12-25 19:07:13.869000+00:00	17241	cumulative					
2585	2025-12-25 19:08:53.199000+00:00	17244	cumulative					
2586	2025-12-25 19:10:54.331000+00:00	17245	cumulative					
2587	2025-12-25 19:12:57.497000+00:00	17253	cumulative					
2588	2025-12-25 19:14:10.543000+00:00	17253	cumulative					
2589	2025-12-25 19:15:44.375000+00:00	17256	cumulative					
2590	2025-12-25 20:59:40.757000+00:00	17260	cumulative					
2591	2025-12-25 21:01:08.851000+00:00	17261	cumulative					
2592	2025-12-25 21:36:20.980000+00:00	17262	cumulative					
2593	2025-12-25 21:38:13.231000+00:00	17263	cumulative					
2594	2025-12-25 21:39:49.153000+00:00	17263	cumulative					
2595	2025-12-26 01:01:25.100000+00:00	17263	cumulative					
2596	2025-12-26 01:16:17.801000+00:00	17268	cumulative					
2597	2025-12-26 01:18:14.592000+00:00	17270	cumulative					
2598	2025-12-26 01:19:39.049000+00:00	17271	cumulative					
2599	2025-12-26 01:22:34.562000+00:00	17272	cumulative					
2600	2025-12-26 01:24:45.397000+00:00	17281	cumulative					
2601	2025-12-26 01:26:31.578000+00:00	17281	cumulative					
2602	2025-12-26 01:29:38.878000+00:00	17283	cumulative					
2603	2025-12-26 01:30:55.549000+00:00	17285	cumulative					
2604	2025-12-26 01:32:20.328000+00:00	17288	cumulative					
2605	2025-12-26 01:33:45.117000+00:00	17291	cumulative					
2606	2025-12-26 01:35:12.761000+00:00	17294	cumulative					
2607	2025-12-26 01:37:07.515000+00:00	17294	cumulative					
2608	2025-12-26 01:38:44.994000+00:00	17300	cumulative					
2609	2025-12-26 01:40:10.999000+00:00	17303	cumulative					
2610	2025-12-26 01:41:37.180000+00:00	17306	cumulative					
2611	2025-12-26 01:43:57.072000+00:00	17310	cumulative					
2612	2025-12-26 01:45:34.104000+00:00	17321	cumulative					
2613	2025-12-26 01:47:02.707000+00:00	17321	cumulative					
2614	2025-12-26 01:48:11.588000+00:00	17323	cumulative					
2615	2025-12-26 01:49:59.105000+00:00	17327	cumulative					
2616	2025-12-26 01:51:33.534000+00:00	17329	cumulative					
2617	2025-12-26 01:53:00.299000+00:00	17341	cumulative					
2618	2025-12-26 01:53:58.408000+00:00	17342	cumulative					
2619	2025-12-26 01:55:58.779000+00:00	17344	cumulative					
2620	2025-12-26 01:57:25.643000+00:00	17344	cumulative					
2621	2025-12-26 01:58:42.404000+00:00	17346	cumulative					
2622	2025-12-26 02:08:19.696000+00:00	17347	cumulative					
2623	2025-12-26 02:13:17.370000+00:00	17348	cumulative					
2624	2025-12-26 02:47:11.872000+00:00	17351	cumulative					
2625	2025-12-26 04:21:36.989000+00:00	17354	cumulative					
2626	2025-12-26 04:23:10.120000+00:00	17359	cumulative					
2627	2025-12-26 04:24:02.936000+00:00	17369	cumulative					
2628	2025-12-26 04:26:08.928000+00:00	17369	cumulative					
2629	2025-12-26 04:27:24.417000+00:00	17370	cumulative					
2630	2025-12-26 04:29:13.954000+00:00	17375	cumulative					
2631	2025-12-26 04:30:34.218000+00:00	17385	cumulative					
2632	2025-12-26 04:32:04.247000+00:00	17386	cumulative					
2633	2025-12-26 04:34:07.382000+00:00	17390	cumulative					
2634	2025-12-26 04:35:39.237000+00:00	17402	cumulative					
2635	2025-12-26 04:37:49.118000+00:00	17402	cumulative					
2636	2025-12-26 04:44:11.860000+00:00	17402	cumulative					
2637	2025-12-26 19:06:10.627000+00:00	17408	cumulative					
2638	2025-12-26 19:16:20.675000+00:00	17412	cumulative					
2639	2025-12-26 19:20:08.433000+00:00	17415	cumulative					
2640	2025-12-26 19:21:31.979000+00:00	17415	cumulative					
2641	2025-12-26 19:22:57.269000+00:00	17415	cumulative					
2642	2025-12-26 19:25:01.276000+00:00	17421	cumulative					
2643	2025-12-26 19:26:26.673000+00:00	17422	cumulative					
2644	2025-12-26 19:29:10.975000+00:00	17423	cumulative					
2645	2025-12-26 19:41:53.507000+00:00	17425	cumulative					
2646	2025-12-26 19:43:19.235000+00:00	17426	cumulative					
2647	2025-12-26 19:44:45.064000+00:00	17429	cumulative					
2648	2025-12-26 19:46:11.937000+00:00	17432	cumulative					
2649	2025-12-26 19:47:38.915000+00:00	17433	cumulative					
2650	2025-12-26 19:49:03.017000+00:00	17438	cumulative					
2651	2025-12-26 19:49:45.236000+00:00	17442	cumulative					
2652	2025-12-26 19:51:13.304000+00:00	17442	cumulative					
2653	2025-12-26 19:52:48.791000+00:00	17443	cumulative					
2654	2025-12-26 19:54:46.097000+00:00	17449	cumulative					
2655	2025-12-26 19:56:10.862000+00:00	17449	cumulative					
2656	2025-12-26 19:57:40.682000+00:00	17452	cumulative					
2657	2025-12-26 19:59:06.489000+00:00	17454	cumulative					
2658	2025-12-26 20:00:33.823000+00:00	17454	cumulative					
2659	2025-12-26 20:01:38.206000+00:00	17462	cumulative					
2660	2025-12-26 20:02:21.817000+00:00	17462	cumulative					
2661	2025-12-26 20:03:05.487000+00:00	17464	cumulative					
2662	2025-12-26 20:06:00.106000+00:00	17464	cumulative					
2663	2025-12-26 20:07:28.948000+00:00	17465	cumulative					
2664	2025-12-26 20:09:50.330000+00:00	17466	cumulative					
2665	2025-12-26 20:11:14.855000+00:00	17466	cumulative					
2666	2025-12-26 20:12:05.123000+00:00	17472	cumulative					
2667	2025-12-26 20:14:03.672000+00:00	17473	cumulative					
2668	2025-12-26 20:14:46.188000+00:00	17473	cumulative					
2669	2025-12-26 20:17:41.557000+00:00	17475	cumulative					
2670	2025-12-26 20:20:56.956000+00:00	17478	cumulative					
2671	2025-12-26 23:18:25.806000+00:00	17478	cumulative					
2672	2025-12-26 23:43:11.048000+00:00	17483	cumulative					
2673	2025-12-27 02:37:07.323000+00:00	17486	cumulative					
2674	2025-12-27 04:37:55.085000+00:00	17487	cumulative					
2675	2025-12-27 06:09:29.286000+00:00	17492	cumulative					
2676	2025-12-27 06:10:37.574000+00:00	17493	cumulative					
2677	2025-12-27 06:12:42.678000+00:00	17493	cumulative					
2678	2025-12-27 06:14:40.203000+00:00	17501	cumulative					
2679	2025-12-27 06:16:11.283000+00:00	17511	cumulative					
2680	2025-12-27 06:17:40.461000+00:00	17512	cumulative					
2681	2025-12-27 06:20:46.485000+00:00	17518	cumulative					
2682	2025-12-27 06:22:24.313000+00:00	17519	cumulative					
2683	2025-12-27 06:23:48.547000+00:00	17519	cumulative					
2684	2025-12-27 06:25:12.259000+00:00	17520	cumulative					
2685	2025-12-27 06:26:36.754000+00:00	17521	cumulative					
2686	2025-12-27 06:27:11.820000+00:00	17522	cumulative					
2687	2025-12-27 06:28:41.343000+00:00	17523	cumulative					
2688	2025-12-27 06:30:10.163000+00:00	17525	cumulative					
2689	2025-12-27 06:32:23.205000+00:00	17526	cumulative					
2690	2025-12-27 06:33:09.178000+00:00	17527	cumulative					
2691	2025-12-27 06:35:17.795000+00:00	17544	cumulative					
2692	2025-12-27 06:37:11.422000+00:00	17544	cumulative					
2693	2025-12-27 06:39:11.471000+00:00	17547	cumulative					
2694	2025-12-27 06:40:48.691000+00:00	17547	cumulative					
2695	2025-12-27 07:05:50.672000+00:00	17548	cumulative					
2696	2025-12-27 07:11:42.316000+00:00	17549	cumulative					
2697	2025-12-27 23:24:06.871000+00:00	17553	cumulative					
2698	2025-12-28 00:13:38.803000+00:00	17557	cumulative					
2699	2025-12-28 03:09:17.694000+00:00	17558	cumulative					
2700	2025-12-28 03:10:47.294000+00:00	17563	cumulative					
2701	2025-12-28 03:17:25.756000+00:00	17573	cumulative					
2702	2025-12-28 03:18:24.303000+00:00	17574	cumulative					
2703	2025-12-28 03:20:16.059000+00:00	17574	cumulative					
2704	2025-12-28 03:26:36.943000+00:00	17578	cumulative					
2705	2025-12-28 03:29:09.933000+00:00	17580	cumulative					
2706	2025-12-28 03:30:33.281000+00:00	17581	cumulative					
2707	2025-12-28 03:31:00.041000+00:00	17594	cumulative					
2708	2025-12-28 03:32:32.161000+00:00	17596	cumulative					
2709	2025-12-28 03:34:07.620000+00:00	17598	cumulative					
2710	2025-12-28 03:35:39.815000+00:00	17599	cumulative					
2711	2025-12-28 03:37:20.445000+00:00	17600	cumulative					
2712	2025-12-28 03:38:57.574000+00:00	17608	cumulative					
2713	2025-12-28 03:40:25.312000+00:00	17617	cumulative					
2714	2025-12-28 03:41:50.330000+00:00	17618	cumulative					
2715	2025-12-28 03:43:24.264000+00:00	17618	cumulative					
2716	2025-12-28 03:44:47.986000+00:00	17619	cumulative					
2717	2025-12-28 03:46:15.600000+00:00	17627	cumulative					
2718	2025-12-28 03:48:07.596000+00:00	17629	cumulative					
2719	2025-12-28 03:49:52.871000+00:00	17630	cumulative					
2720	2025-12-28 03:51:21.754000+00:00	17630	cumulative					
2721	2025-12-28 03:53:16.453000+00:00	17631	cumulative					
2722	2025-12-28 04:19:58.059000+00:00	17636	cumulative					
2723	2025-12-28 05:07:18.607000+00:00	17643	cumulative					
2724	2025-12-28 05:10:15.300000+00:00	17645	cumulative					
2725	2025-12-28 05:13:03.989000+00:00	17645	cumulative					
2726	2025-12-28 05:17:04.178000+00:00	17649	cumulative					
2727	2025-12-28 05:18:20.215000+00:00	17652	cumulative					
2728	2025-12-28 05:19:50.531000+00:00	17652	cumulative					
2729	2025-12-28 05:21:52.354000+00:00	17653	cumulative					
2730	2025-12-28 05:23:15.900000+00:00	17656	cumulative					
2731	2025-12-28 21:30:05.746000+00:00	17657	cumulative					
2732	2025-12-28 21:46:02.627000+00:00	17662	cumulative					
2733	2025-12-28 21:57:23.033000+00:00	17663	cumulative					
2734	2025-12-28 22:46:57.358000+00:00	17665	cumulative					
2735	2025-12-29 00:58:11.713000+00:00	17665	cumulative					
2736	2025-12-29 03:09:59.169000+00:00	17666	cumulative					
2737	2025-12-29 17:20:25.135000+00:00	17668	cumulative					
2738	2025-12-29 19:31:29.913000+00:00	17671	cumulative					
2739	2025-12-29 20:49:43.651000+00:00	17676	cumulative					
2740	2025-12-29 22:05:47.467000+00:00	17676	cumulative					
2741	2025-12-29 22:10:07.254000+00:00	17678	cumulative					
2742	2025-12-29 22:12:13.211000+00:00	17682	cumulative					
2743	2025-12-29 22:13:39.664000+00:00	17689	cumulative					
2744	2025-12-29 22:15:45.960000+00:00	17690	cumulative					
2745	2025-12-29 22:22:58.452000+00:00	17691	cumulative					
2746	2025-12-29 22:27:27.166000+00:00	17696	cumulative					
2747	2025-12-29 22:29:03.333000+00:00	17700	cumulative					
2748	2025-12-29 22:31:06.755000+00:00	17701	cumulative					
2749	2025-12-29 22:34:04.837000+00:00	17704	cumulative					
2750	2025-12-29 22:37:42.777000+00:00	17704	cumulative					
2751	2025-12-29 23:21:31.776000+00:00	17707	cumulative					
2752	2025-12-30 03:35:22.477000+00:00	17714	cumulative					
2753	2025-12-30 03:37:16.420000+00:00	17717	cumulative					
2754	2025-12-30 03:38:33.911000+00:00	17717	cumulative					
2755	2025-12-30 03:40:06.219000+00:00	17718	cumulative					
2756	2025-12-30 03:41:30.982000+00:00	17720	cumulative					
2757	2025-12-30 03:42:55.409000+00:00	17720	cumulative					
2758	2025-12-30 03:44:02.664000+00:00	17722	cumulative					
2759	2025-12-30 03:45:43.157000+00:00	17726	cumulative					
2760	2025-12-30 03:47:14.582000+00:00	17726	cumulative					
2761	2025-12-30 03:48:10.911000+00:00	17728	cumulative					
2762	2025-12-30 03:49:38.945000+00:00	17728	cumulative					
2763	2025-12-30 03:52:14.482000+00:00	17728	cumulative					
2764	2025-12-30 03:53:46.457000+00:00	17730	cumulative					
2765	2025-12-30 04:05:50.811000+00:00	17732	cumulative					
2766	2025-12-30 04:07:16.358000+00:00	17734	cumulative					
2767	2025-12-30 04:08:40.323000+00:00	17745	cumulative					
2768	2025-12-30 04:08:58.889000+00:00	17747	cumulative					
2769	2025-12-30 04:11:43.077000+00:00	17752	cumulative					
2770	2025-12-30 04:12:29.011000+00:00	17755	cumulative					
2771	2025-12-30 04:14:34.272000+00:00	17755	cumulative					
2772	2025-12-30 04:16:13.664000+00:00	17762	cumulative					
2773	2025-12-30 04:17:33.420000+00:00	17763	cumulative					
2774	2025-12-30 04:18:58.266000+00:00	17763	cumulative					
2775	2025-12-30 04:20:24.477000+00:00	17764	cumulative					
2776	2025-12-30 04:21:48.751000+00:00	17764	cumulative					
2777	2025-12-30 04:23:34.562000+00:00	17764	cumulative					
2778	2025-12-30 04:25:03.370000+00:00	17768	cumulative					
2779	2025-12-30 04:26:28.534000+00:00	17768	cumulative					
2780	2025-12-30 04:29:33.197000+00:00	17768	cumulative					
2781	2025-12-30 04:31:04.515000+00:00	17768	cumulative					
2782	2025-12-30 04:32:45.812000+00:00	17769	cumulative					
2783	2025-12-30 04:34:08.813000+00:00	17775	cumulative					
2784	2025-12-30 04:35:35.367000+00:00	17776	cumulative					
2785	2025-12-30 04:37:03.170000+00:00	17776	cumulative					
2786	2025-12-30 04:38:27.924000+00:00	17776	cumulative					
2787	2025-12-30 04:39:55.714000+00:00	17776	cumulative					
2788	2025-12-30 04:41:40.212000+00:00	17778	cumulative					
2789	2025-12-30 04:53:18.198000+00:00	17779	cumulative					
2790	2025-12-30 04:58:17.405000+00:00	17781	cumulative					
2791	2025-12-30 05:00:36.370000+00:00	17781	cumulative					
2792	2025-12-30 05:02:04.332000+00:00	17786	cumulative					
2793	2025-12-30 05:03:32.658000+00:00	17786	cumulative					
2794	2025-12-30 05:58:30.919000+00:00	17786	cumulative					
2795	2025-12-30 06:10:23.637000+00:00	17796	cumulative					
2796	2025-12-30 18:48:20.868000+00:00	17798	cumulative					
2797	2025-12-30 18:50:47.560000+00:00	17798	cumulative					
2798	2025-12-30 19:06:18.129000+00:00	17801	cumulative					
2799	2025-12-30 19:24:17.053000+00:00	17802	cumulative					
2800	2025-12-30 19:25:49.400000+00:00	17805	cumulative					
2801	2025-12-30 19:45:28.626000+00:00	17805	cumulative					
2802	2025-12-30 21:33:41.133000+00:00	17807	cumulative					
2803	2025-12-30 21:36:08.275000+00:00	17810	cumulative					
2804	2025-12-30 21:37:36.801000+00:00	17812	cumulative					
2805	2025-12-30 21:39:56.226000+00:00	17815	cumulative					
2806	2025-12-30 21:42:11.402000+00:00	17819	cumulative					
2807	2025-12-30 21:44:15.251000+00:00	17819	cumulative					
2808	2025-12-30 21:45:47.383000+00:00	17821	cumulative					
2809	2025-12-30 21:47:53.051000+00:00	17825	cumulative					
2810	2025-12-30 21:50:48.842000+00:00	17830	cumulative					
2811	2025-12-30 21:53:38.888000+00:00	17835	cumulative					
2812	2025-12-30 21:55:59.265000+00:00	17837	cumulative					
2813	2025-12-30 21:59:00.694000+00:00	17838	cumulative					
2814	2025-12-30 22:01:27.715000+00:00	17840	cumulative					
2815	2025-12-30 22:03:49.175000+00:00	17846	cumulative					
2816	2025-12-30 23:30:32.837000+00:00	17849	cumulative					
2817	2025-12-30 23:46:32.569000+00:00	17851	cumulative					
2818	2025-12-31 00:43:43.892000+00:00	17855	cumulative					
2819	2025-12-31 00:45:34.399000+00:00	17856	cumulative					
2820	2025-12-31 00:48:01.736000+00:00	17856	cumulative					
2821	2025-12-31 00:51:19.577000+00:00	17858	cumulative					
2822	2025-12-31 00:52:48.598000+00:00	17858	cumulative					
2823	2025-12-31 00:54:12.285000+00:00	17858	cumulative					
2824	2025-12-31 00:57:06.773000+00:00	17865	cumulative					
2825	2025-12-31 01:00:28.472000+00:00	17865	cumulative					
2826	2025-12-31 01:01:56.141000+00:00	17866	cumulative					
2827	2025-12-31 01:03:01.930000+00:00	17872	cumulative					
2828	2025-12-31 01:04:26.652000+00:00	17873	cumulative					
2829	2025-12-31 01:06:19.232000+00:00	17873	cumulative					
2830	2025-12-31 01:08:19.504000+00:00	17873	cumulative					
2831	2025-12-31 01:09:46.542000+00:00	17873	cumulative					
2832	2025-12-31 01:11:10.870000+00:00	17873	cumulative					
2833	2025-12-31 01:12:38.456000+00:00	17874	cumulative					
2834	2025-12-31 01:14:04.915000+00:00	17874	cumulative					
2835	2025-12-31 01:17:30.112000+00:00	17874	cumulative					
2836	2025-12-31 01:25:54.020000+00:00	17874	cumulative					
2837	2025-12-31 01:27:17.883000+00:00	17874	cumulative					
2838	2025-12-31 01:28:51.941000+00:00	17878	cumulative					
2839	2025-12-31 01:30:16.153000+00:00	17881	cumulative					
2840	2025-12-31 01:31:40.913000+00:00	17889	cumulative					
2841	2025-12-31 01:33:23.102000+00:00	17891	cumulative					
2842	2025-12-31 01:35:31.286000+00:00	17892	cumulative					
2843	2025-12-31 01:37:09.100000+00:00	17892	cumulative					
2844	2025-12-31 01:38:27.193000+00:00	17894	cumulative					
2845	2025-12-31 01:39:30.361000+00:00	17895	cumulative					
2846	2025-12-31 01:43:06.186000+00:00	17896	cumulative					
2847	2025-12-31 01:49:25.912000+00:00	17903	cumulative					
2848	2025-12-31 01:51:36.461000+00:00	17909	cumulative					
2849	2025-12-31 01:54:15.798000+00:00	17911	cumulative					
2850	2025-12-31 01:56:04.205000+00:00	17911	cumulative					
2851	2025-12-31 01:57:21.170000+00:00	17914	cumulative					
2852	2025-12-31 01:59:13.213000+00:00	17914	cumulative					
2853	2025-12-31 02:00:38.135000+00:00	17915	cumulative					
2854	2025-12-31 02:02:02.119000+00:00	17915	cumulative					
2855	2025-12-31 02:05:03.061000+00:00	17921	cumulative					
2856	2025-12-31 02:06:39.542000+00:00	17925	cumulative					
2857	2025-12-31 02:08:03.623000+00:00	17925	cumulative					
2858	2025-12-31 02:10:46.135000+00:00	17925	cumulative					
2859	2025-12-31 02:12:02.099000+00:00	17930	cumulative					
2860	2025-12-31 02:14:34.532000+00:00	17932	cumulative					
2861	2025-12-31 02:15:14.742000+00:00	17934	cumulative					
2862	2025-12-31 02:20:08.900000+00:00	17936	cumulative					
2863	2025-12-31 02:22:54.270000+00:00	17936	cumulative					
2864	2025-12-31 05:35:41.366000+00:00	17941	cumulative					
2865	2025-12-31 05:38:18.941000+00:00	17941	cumulative					
2866	2025-12-31 05:40:02.545000+00:00	17945	cumulative					
2867	2025-12-31 05:41:40.135000+00:00	17952	cumulative					
2868	2025-12-31 05:42:58.680000+00:00	17953	cumulative					
2869	2025-12-31 05:44:38.905000+00:00	17955	cumulative					
2870	2025-12-31 05:46:07.622000+00:00	17955	cumulative					
2871	2025-12-31 05:47:37.777000+00:00	17955	cumulative					
2872	2025-12-31 05:49:10.654000+00:00	17963	cumulative					
2873	2025-12-31 05:50:50.724000+00:00	17966	cumulative					
2874	2025-12-31 05:52:27.953000+00:00	17966	cumulative					
2875	2025-12-31 05:53:54.261000+00:00	17966	cumulative					
2876	2025-12-31 05:55:18.228000+00:00	17968	cumulative					
2877	2025-12-31 05:56:42.921000+00:00	17970	cumulative					
2878	2025-12-31 05:57:55.706000+00:00	17970	cumulative					
2879	2025-12-31 05:59:30.658000+00:00	17974	cumulative					
2880	2025-12-31 06:01:13.214000+00:00	17976	cumulative					
2881	2025-12-31 06:02:29.530000+00:00	17979	cumulative					
2882	2025-12-31 06:03:32.675000+00:00	17979	cumulative					
2883	2025-12-31 06:05:33.338000+00:00	17984	cumulative					
2884	2025-12-31 06:07:03.358000+00:00	17986	cumulative					
2885	2025-12-31 06:08:47.220000+00:00	17987	cumulative					
2886	2025-12-31 06:10:11.043000+00:00	17989	cumulative					
2887	2025-12-31 06:11:19.847000+00:00	17991	cumulative					
2888	2025-12-31 06:13:00.806000+00:00	17997	cumulative					
2889	2025-12-31 06:13:42.351000+00:00	18000	cumulative					
2890	2025-12-31 06:15:59.058000+00:00	18004	cumulative					
2891	2025-12-31 06:17:32.771000+00:00	18007	cumulative					
2892	2025-12-31 06:19:10.904000+00:00	18009	cumulative					
2893	2025-12-31 06:20:46.346000+00:00	18012	cumulative					
2894	2025-12-31 06:22:12.670000+00:00	18012	cumulative					
2895	2025-12-31 06:23:49.680000+00:00	18012	cumulative					
2896	2025-12-31 06:25:17.771000+00:00	18012	cumulative					
2897	2025-12-31 06:27:01.088000+00:00	18012	cumulative					
2898	2025-12-31 06:28:33.778000+00:00	18013	cumulative					
2899	2025-12-31 06:30:06.779000+00:00	18016	cumulative					
2900	2025-12-31 06:31:47.067000+00:00	18017	cumulative					
2901	2025-12-31 06:33:08.415000+00:00	18022	cumulative					
2902	2025-12-31 06:34:54.366000+00:00	18023	cumulative					
2903	2025-12-31 06:36:22.473000+00:00	18023	cumulative					
2904	2025-12-31 06:37:53.794000+00:00	18024	cumulative					
2905	2025-12-31 06:39:37.138000+00:00	18028	cumulative					
2906	2025-12-31 06:41:04.686000+00:00	18028	cumulative					
2907	2025-12-31 06:42:33.130000+00:00	18028	cumulative					
2908	2025-12-31 06:49:18.225000+00:00	18030	cumulative					
2909	2025-12-31 18:18:36.872000+00:00	18032	cumulative					
2910	2025-12-31 18:19:57.866000+00:00	18032	cumulative					
2911	2025-12-31 18:22:01.934000+00:00	18032	cumulative					
2912	2025-12-31 18:23:28.108000+00:00	18032	cumulative					
2913	2025-12-31 18:25:09.991000+00:00	18032	cumulative					
2914	2025-12-31 18:26:33.477000+00:00	18032	cumulative					
2915	2025-12-31 18:27:54.383000+00:00	18033	cumulative					
2916	2025-12-31 18:29:38.138000+00:00	18035	cumulative					
2917	2025-12-31 18:31:07.253000+00:00	18040	cumulative					
2918	2025-12-31 19:13:53.538000+00:00	18044	cumulative					
2919	2025-12-31 19:34:09.447000+00:00	18044	cumulative					
2920	2025-12-31 19:36:21.415000+00:00	18044	cumulative					
2921	2025-12-31 19:40:19.468000+00:00	18049	cumulative					
2922	2026-01-01 00:02:33.726000+00:00	18051	cumulative					
2923	2026-01-01 00:04:58.653000+00:00	18057	cumulative					
2924	2026-01-01 00:06:50.284000+00:00	18057	cumulative					
2925	2026-01-01 00:11:36.063000+00:00	18057	cumulative					
2926	2026-01-01 00:13:38.441000+00:00	18060	cumulative					
2927	2026-01-01 00:15:30.049000+00:00	18063	cumulative					
2928	2026-01-01 00:16:56.083000+00:00	18065	cumulative					
2929	2026-01-01 00:18:24.659000+00:00	18070	cumulative					
2930	2026-01-01 00:19:47.765000+00:00	18072	cumulative					
2931	2026-01-01 00:21:02.901000+00:00	18073	cumulative					
2932	2026-01-01 00:23:07.511000+00:00	18073	cumulative					
2933	2026-01-01 01:09:41.315000+00:00	18074	cumulative					
2934	2026-01-01 03:17:37.689000+00:00	18074	cumulative					
2935	2026-01-01 05:28:38.251000+00:00	18083	cumulative					
2936	2026-01-01 05:32:59.882000+00:00	18084	cumulative					
2937	2026-01-01 05:34:35.561000+00:00	18084	cumulative					
2938	2026-01-01 16:59:03.646000+00:00	18084	cumulative					
2939	2026-01-01 17:00:55.674000+00:00	18088	cumulative					
2940	2026-01-01 17:20:08.279000+00:00	18092	cumulative					
2941	2026-01-01 17:23:55.753000+00:00	18094	cumulative					
2942	2026-01-01 17:27:12.517000+00:00	18094	cumulative					
2943	2026-01-01 17:28:59.942000+00:00	18094	cumulative					
2944	2026-01-01 17:31:23.491000+00:00	18096	cumulative					
2945	2026-01-01 17:32:47.027000+00:00	18100	cumulative					
2946	2026-01-01 17:34:43.029000+00:00	18101	cumulative					
2947	2026-01-01 17:36:12.317000+00:00	18102	cumulative					
2948	2026-01-01 17:38:08.083000+00:00	18107	cumulative					
2949	2026-01-01 17:39:35.414000+00:00	18109	cumulative					
2950	2026-01-01 17:43:01.356000+00:00	18122	cumulative					
2951	2026-01-01 17:44:37.434000+00:00	18124	cumulative					
2952	2026-01-01 17:46:43.848000+00:00	18127	cumulative					
2953	2026-01-01 17:49:16.722000+00:00	18127	cumulative					
2954	2026-01-01 17:50:59.181000+00:00	18127	cumulative					
2955	2026-01-01 17:52:57.055000+00:00	18127	cumulative					
2956	2026-01-01 17:55:14.273000+00:00	18131	cumulative					
2957	2026-01-01 18:50:36.318000+00:00	18131	cumulative					
2958	2026-01-01 19:13:43.153000+00:00	18136	cumulative					
2959	2026-01-01 19:44:37.210000+00:00	18145	cumulative					
2960	2026-01-01 19:46:22.653000+00:00	18148	cumulative					
2962	2026-01-01 19:48:03.612000+00:00	18150	cumulative					
2963	2026-01-01 19:49:33.568000+00:00	18153	cumulative					
2964	2026-01-01 19:51:28.256000+00:00	18162	cumulative					
2965	2026-01-01 19:52:15.060000+00:00	18163	cumulative					
2966	2026-01-01 19:54:48.832000+00:00	18166	cumulative					
2967	2026-01-01 19:56:21.610000+00:00	18166	cumulative					
2968	2026-01-01 19:56:40.586000+00:00	18169	cumulative					
2969	2026-01-01 20:10:31.979000+00:00	18172	cumulative					
2970	2026-01-01 20:12:24.372000+00:00	18174	cumulative					
2971	2026-01-01 20:13:56.335000+00:00	18177	cumulative					
2972	2026-01-01 20:15:52.209000+00:00	18177	cumulative					
2973	2026-01-01 20:17:09.528000+00:00	18178	cumulative					
2974	2026-01-01 20:18:40.070000+00:00	18180	cumulative					
2975	2026-01-01 20:20:39.177000+00:00	18183	cumulative					
2976	2026-01-01 20:22:03.218000+00:00	18189	cumulative					
2977	2026-01-01 20:23:22.299000+00:00	18190	cumulative					
2978	2026-01-01 20:25:04.471000+00:00	18190	cumulative					
2979	2026-01-01 20:29:36.471000+00:00	18193	cumulative					
2980	2026-01-01 20:33:09.162000+00:00	18198	cumulative					
2981	2026-01-01 20:34:50.271000+00:00	18201	cumulative					
2982	2026-01-01 20:36:18.504000+00:00	18201	cumulative					
2983	2026-01-01 20:37:35.052000+00:00	18201	cumulative					
2984	2026-01-01 20:39:35.640000+00:00	18208	cumulative					
2985	2026-01-01 20:41:16.471000+00:00	18208	cumulative					
2986	2026-01-01 20:42:40.608000+00:00	18211	cumulative					
2987	2026-01-01 20:44:10.046000+00:00	18214	cumulative					
2988	2026-01-01 20:44:56.755000+00:00	18214	cumulative					
2989	2026-01-01 20:46:09.837000+00:00	18214	cumulative					
2990	2026-01-01 20:47:56.848000+00:00	18214	cumulative					
2991	2026-01-01 20:49:37.464000+00:00	18214	cumulative					
2992	2026-01-01 20:51:33.334000+00:00	18216	cumulative					
2993	2026-01-01 20:52:22.858000+00:00	18218	cumulative					
2994	2026-01-01 20:54:52.026000+00:00	18219	cumulative					
2995	2026-01-01 20:56:10.824000+00:00	18220	cumulative					
2996	2026-01-01 20:57:47.749000+00:00	18223	cumulative					
2997	2026-01-01 20:59:11.362000+00:00	18225	cumulative					
2998	2026-01-01 21:00:19.607000+00:00	18226	cumulative					
2999	2026-01-01 21:54:40.896000+00:00	18226	cumulative					
3000	2026-01-01 21:59:21.448000+00:00	18227	cumulative					
3001	2026-01-01 22:51:59.713000+00:00	18228	cumulative					
3002	2026-01-01 22:54:29.180000+00:00	18228	cumulative					
3003	2026-01-01 22:55:53.665000+00:00	18229	cumulative					
3004	2026-01-01 22:57:21.662000+00:00	18229	cumulative					
3005	2026-01-01 22:58:45.806000+00:00	18234	cumulative					
3006	2026-01-01 23:00:12.833000+00:00	18239	cumulative					
3007	2026-01-01 23:05:44.861000+00:00	18239	cumulative					
3008	2026-01-01 23:07:32.707000+00:00	18239	cumulative					
3009	2026-01-01 23:23:46.156000+00:00	18239	cumulative					
3010	2026-01-01 23:31:38.580000+00:00	18239	cumulative					
3011	2026-01-02 00:16:19.713000+00:00	18249	cumulative					
3012	2026-01-02 00:18:22.254000+00:00	18251	cumulative					
3013	2026-01-02 00:19:42.939000+00:00	18257	cumulative					
3014	2026-01-02 00:21:54.500000+00:00	18257	cumulative					
3015	2026-01-02 00:23:26.175000+00:00	18257	cumulative					
3016	2026-01-02 00:24:49.578000+00:00	18259	cumulative					
3017	2026-01-02 00:26:14.704000+00:00	18261	cumulative					
3018	2026-01-02 00:27:37.883000+00:00	18263	cumulative					
3019	2026-01-02 00:29:03.960000+00:00	18263	cumulative					
3020	2026-01-02 00:30:24.884000+00:00	18267	cumulative					
3021	2026-01-02 00:31:54.300000+00:00	18268	cumulative					
3022	2026-01-02 00:32:35.781000+00:00	18269	cumulative					
3023	2026-01-02 00:33:22.462000+00:00	18275	cumulative					
3024	2026-01-02 00:34:51.943000+00:00	18281	cumulative					
3025	2026-01-02 00:35:36.960000+00:00	18286	cumulative					
3026	2026-01-02 00:37:25.166000+00:00	18287	cumulative					
3027	2026-01-02 00:40:22.827000+00:00	18287	cumulative					
3028	2026-01-02 01:22:21.872000+00:00	18287	cumulative					
3029	2026-01-02 01:24:43.184000+00:00	18287	cumulative					
3030	2026-01-02 01:26:16.799000+00:00	18289	cumulative					
3031	2026-01-02 01:27:43.590000+00:00	18289	cumulative					
3032	2026-01-02 01:29:09.204000+00:00	18296	cumulative					
3033	2026-01-02 01:30:54.558000+00:00	18300	cumulative					
3034	2026-01-02 01:32:20.376000+00:00	18308	cumulative					
3035	2026-01-02 01:33:45.145000+00:00	18310	cumulative					
3036	2026-01-02 01:35:09.661000+00:00	18313	cumulative					
3037	2026-01-02 01:35:43.970000+00:00	18316	cumulative					
3038	2026-01-02 01:37:09.916000+00:00	18316	cumulative					
3039	2026-01-02 01:38:40.898000+00:00	18317	cumulative					
3040	2026-01-02 01:41:05.366000+00:00	18317	cumulative					
3041	2026-01-02 01:42:31.910000+00:00	18318	cumulative					
3042	2026-01-02 01:44:26.839000+00:00	18319	cumulative					
3043	2026-01-02 01:45:55.902000+00:00	18328	cumulative					
3044	2026-01-02 01:47:22.229000+00:00	18332	cumulative					
3045	2026-01-02 01:48:46.733000+00:00	18335	cumulative					
3046	2026-01-02 01:50:16.356000+00:00	18338	cumulative					
3047	2026-01-02 01:58:56.596000+00:00	18340	cumulative					
3048	2026-01-02 02:41:14.171000+00:00	18342	cumulative					
3049	2026-01-02 04:40:50.212000+00:00	18347	cumulative					
3050	2026-01-02 04:58:37.279000+00:00	18352	cumulative					
3051	2026-01-02 05:07:51.500000+00:00	18355	cumulative					
3052	2026-01-02 05:09:31.067000+00:00	18355	cumulative					
3053	2026-01-02 05:11:01.372000+00:00	18359	cumulative					
3054	2026-01-02 05:13:31.985000+00:00	18361	cumulative					
3055	2026-01-02 05:15:15.542000+00:00	18363	cumulative					
3056	2026-01-02 06:17:54.965000+00:00	18363	cumulative					
3057	2026-01-02 06:20:07.184000+00:00	18365	cumulative					
3058	2026-01-02 06:22:35.286000+00:00	18368	cumulative					
3059	2026-01-02 06:24:00.165000+00:00	18372	cumulative					
3060	2026-01-02 06:29:20.059000+00:00	18373	cumulative					
3061	2026-01-02 19:25:53.847000+00:00	18377	cumulative					
3062	2026-01-02 20:36:10.342000+00:00	18377	cumulative					
3063	2026-01-02 20:37:33.422000+00:00	18378	cumulative					
3064	2026-01-02 20:38:57.019000+00:00	18381	cumulative					
3065	2026-01-02 20:39:17.681000+00:00	18382	cumulative					
3066	2026-01-02 21:13:43.834000+00:00	18384	cumulative					
3067	2026-01-02 21:15:54.182000+00:00	18385	cumulative					
3068	2026-01-02 21:16:39.902000+00:00	18386	cumulative					
3069	2026-01-02 21:18:02.085000+00:00	18388	cumulative					
3070	2026-01-02 21:19:20.212000+00:00	18388	cumulative					
3071	2026-01-02 21:20:11.798000+00:00	18388	cumulative					
3072	2026-01-02 21:22:03.022000+00:00	18389	cumulative					
3073	2026-01-02 21:24:25.714000+00:00	18390	cumulative					
3074	2026-01-02 21:26:03.078000+00:00	18397	cumulative					
3075	2026-01-02 21:27:53.338000+00:00	18403	cumulative					
3076	2026-01-02 21:30:31.245000+00:00	18403	cumulative					
3077	2026-01-02 21:31:54.750000+00:00	18406	cumulative					
3078	2026-01-02 21:33:19.677000+00:00	18412	cumulative					
3079	2026-01-02 21:34:44.358000+00:00	18412	cumulative					
3080	2026-01-02 21:36:08.538000+00:00	18412	cumulative					
3081	2026-01-02 21:36:46.345000+00:00	18412	cumulative					
3082	2026-01-02 21:37:58.001000+00:00	18413	cumulative					
3083	2026-01-02 21:40:15.952000+00:00	18416	cumulative					
3084	2026-01-02 21:42:12.075000+00:00	18416	cumulative					
3085	2026-01-02 21:43:22.333000+00:00	18419	cumulative					
3086	2026-01-02 21:45:07.568000+00:00	18427	cumulative					
3087	2026-01-02 21:46:33.441000+00:00	18427	cumulative					
3088	2026-01-02 21:48:11.056000+00:00	18428	cumulative					
3089	2026-01-02 21:49:40.336000+00:00	18433	cumulative					
3090	2026-01-02 21:51:38.379000+00:00	18442	cumulative					
3091	2026-01-02 21:52:56.070000+00:00	18444	cumulative					
3092	2026-01-02 21:54:20.335000+00:00	18446	cumulative					
3093	2026-01-02 23:42:51.692000+00:00	18448	cumulative					
3094	2026-01-03 00:48:21.016000+00:00	18450	cumulative					
3095	2026-01-03 00:48:45.581000+00:00	18462	cumulative					
3096	2026-01-03 00:50:15.333000+00:00	18462	cumulative					
3097	2026-01-03 00:51:50.095000+00:00	18463	cumulative					
3098	2026-01-03 00:53:22.071000+00:00	18467	cumulative					
3099	2026-01-03 00:55:02.694000+00:00	18468	cumulative					
3100	2026-01-03 00:56:30.927000+00:00	18472	cumulative					
3101	2026-01-03 00:59:13.919000+00:00	18476	cumulative					
3102	2026-01-03 01:01:39.268000+00:00	18476	cumulative					
3103	2026-01-03 01:03:20.192000+00:00	18479	cumulative					
3104	2026-01-03 01:04:52.589000+00:00	18481	cumulative					
3105	2026-01-03 01:05:03.189000+00:00	18481	cumulative					
3106	2026-01-03 01:06:43.090000+00:00	18484	cumulative					
3107	2026-01-03 01:09:22.037000+00:00	18484	cumulative					
3108	2026-01-03 01:10:55.721000+00:00	18484	cumulative					
3109	2026-01-03 01:12:33.918000+00:00	18484	cumulative					
3110	2026-01-03 01:14:06.680000+00:00	18484	cumulative					
3111	2026-01-03 01:16:05.686000+00:00	18485	cumulative					
3112	2026-01-03 01:17:40.595000+00:00	18487	cumulative					
3113	2026-01-03 01:19:16.711000+00:00	18488	cumulative					
3114	2026-01-03 01:20:55.167000+00:00	18488	cumulative					
3115	2026-01-03 01:22:58.740000+00:00	18490	cumulative					
3116	2026-01-03 01:24:49.672000+00:00	18491	cumulative					
3117	2026-01-03 01:27:09.223000+00:00	18496	cumulative					
3118	2026-01-03 01:28:35.129000+00:00	18496	cumulative					
3119	2026-01-03 01:30:06.733000+00:00	18496	cumulative					
3120	2026-01-03 01:31:18.625000+00:00	18498	cumulative					
3121	2026-01-03 01:33:15.115000+00:00	18499	cumulative					
3122	2026-01-03 01:34:52.114000+00:00	18499	cumulative					
3123	2026-01-03 01:36:29.507000+00:00	18500	cumulative					
3124	2026-01-03 01:38:19.663000+00:00	18502	cumulative					
3125	2026-01-03 01:39:52.422000+00:00	18514	cumulative					
3126	2026-01-03 01:41:40.651000+00:00	18514	cumulative					
3127	2026-01-03 01:42:13.650000+00:00	18519	cumulative					
3128	2026-01-03 01:43:45.871000+00:00	18520	cumulative					
3129	2026-01-03 01:45:21.765000+00:00	18526	cumulative					
3130	2026-01-03 01:45:36.140000+00:00	18526	cumulative					
3131	2026-01-03 01:47:08.666000+00:00	18526	cumulative					
3132	2026-01-03 01:51:20.292000+00:00	18530	cumulative					
3133	2026-01-03 01:51:47.641000+00:00	18530	cumulative					
3134	2026-01-03 01:53:21.467000+00:00	18532	cumulative					
3135	2026-01-03 01:56:37.373000+00:00	18535	cumulative					
3136	2026-01-03 01:58:42.475000+00:00	18536	cumulative					
3137	2026-01-03 01:59:42.816000+00:00	18537	cumulative					
3138	2026-01-03 02:01:16.032000+00:00	18538	cumulative					
3139	2026-01-03 02:04:41.870000+00:00	18542	cumulative					
3140	2026-01-03 02:11:03.831000+00:00	18545	cumulative					
3141	2026-01-03 02:15:21.565000+00:00	18549	cumulative					
3142	2026-01-03 02:17:01.490000+00:00	18557	cumulative					
3143	2026-01-03 02:17:41.579000+00:00	18557	cumulative					
3144	2026-01-03 02:19:57.125000+00:00	18560	cumulative					
3145	2026-01-03 02:22:14.858000+00:00	18567	cumulative					
3146	2026-01-03 02:23:58.924000+00:00	18569	cumulative					
3147	2026-01-03 02:25:31.389000+00:00	18570	cumulative					
3148	2026-01-03 02:27:11.293000+00:00	18574	cumulative					
3149	2026-01-03 02:29:23.374000+00:00	18574	cumulative					
3150	2026-01-03 02:31:40.705000+00:00	18574	cumulative					
3151	2026-01-03 02:33:10.628000+00:00	18576	cumulative					
3152	2026-01-03 02:34:43.109000+00:00	18577	cumulative					
3153	2026-01-03 02:36:22.045000+00:00	18577	cumulative					
3154	2026-01-03 02:37:51.349000+00:00	18578	cumulative					
3155	2026-01-03 02:39:31.029000+00:00	18579	cumulative					
3156	2026-01-03 02:41:32.032000+00:00	18579	cumulative					
3157	2026-01-03 02:43:06.110000+00:00	18584	cumulative					
3158	2026-01-03 02:45:36.023000+00:00	18586	cumulative					
3159	2026-01-03 02:47:21.913000+00:00	18589	cumulative					
3160	2026-01-03 02:48:50.751000+00:00	18590	cumulative					
3161	2026-01-03 02:52:39.829000+00:00	18592	cumulative					
3162	2026-01-03 02:54:21.861000+00:00	18592	cumulative					
3163	2026-01-03 02:56:00.770000+00:00	18592	cumulative					
3164	2026-01-03 02:57:51.139000+00:00	18592	cumulative					
3165	2026-01-03 03:10:53.077000+00:00	18594	cumulative					
3166	2026-01-03 03:15:21.510000+00:00	18594	cumulative					
3167	2026-01-03 03:17:24.668000+00:00	18594	cumulative					
3168	2026-01-03 03:18:05.405000+00:00	18596	cumulative					
3169	2026-01-03 03:20:36.512000+00:00	18599	cumulative					
3170	2026-01-03 03:32:18.605000+00:00	18607	cumulative					
3171	2026-01-03 03:32:50.672000+00:00	18609	cumulative					
3172	2026-01-03 03:35:11.503000+00:00	18609	cumulative					
3173	2026-01-03 03:37:14.284000+00:00	18610	cumulative					
3174	2026-01-03 03:44:35.548000+00:00	18614	cumulative					
3175	2026-01-03 03:46:49.779000+00:00	18615	cumulative					
3176	2026-01-03 04:08:23.474000+00:00	18615	cumulative					
3177	2026-01-03 04:34:31.629000+00:00	18617	cumulative					
3178	2026-01-03 04:37:15.734000+00:00	18618	cumulative					
3179	2026-01-03 04:38:44.432000+00:00	18620	cumulative					
3180	2026-01-03 04:40:15.106000+00:00	18620	cumulative					
3181	2026-01-03 04:42:01.905000+00:00	18621	cumulative					
3182	2026-01-03 04:44:49.523000+00:00	18624	cumulative					
3183	2026-01-03 04:46:20.127000+00:00	18637	cumulative					
3184	2026-01-03 04:47:49.216000+00:00	18637	cumulative					
3185	2026-01-03 04:49:13.186000+00:00	18645	cumulative					
3186	2026-01-03 16:41:00.865000+00:00	18648	cumulative					
3187	2026-01-03 16:47:14.808000+00:00	18652	cumulative					
3188	2026-01-03 17:21:53.818000+00:00	18660	cumulative					
3189	2026-01-03 17:23:42.137000+00:00	18662	cumulative					
3190	2026-01-03 17:25:39.477000+00:00	18663	cumulative					
3191	2026-01-03 17:27:55.195000+00:00	18672	cumulative					
3192	2026-01-03 17:31:29.348000+00:00	18673	cumulative					
3193	2026-01-03 17:35:44.331000+00:00	18674	cumulative					
3194	2026-01-03 19:54:14.580000+00:00	18674	cumulative					
3195	2026-01-04 01:03:28.076000+00:00	18674	cumulative					
3196	2026-01-04 01:38:27.521000+00:00	18674	cumulative					
3197	2026-01-04 01:39:56.977000+00:00	18676	cumulative					
3198	2026-01-04 01:41:25.222000+00:00	18676	cumulative					
3199	2026-01-04 01:42:49.221000+00:00	18682	cumulative					
3200	2026-01-04 01:43:05.930000+00:00	18689	cumulative					
3201	2026-01-04 01:49:09.042000+00:00	18703	cumulative					
3202	2026-01-04 01:50:48.939000+00:00	18703	cumulative					
3203	2026-01-04 01:50:58.501000+00:00	18704	cumulative					
3204	2026-01-04 01:53:52.471000+00:00	18704	cumulative					
3205	2026-01-04 01:55:22.468000+00:00	18704	cumulative					
3206	2026-01-04 01:56:47.442000+00:00	18704	cumulative					
3207	2026-01-04 02:00:34.770000+00:00	18704	cumulative					
3208	2026-01-04 02:02:09.065000+00:00	18704	cumulative					
3209	2026-01-04 02:04:07.873000+00:00	18704	cumulative					
3210	2026-01-04 02:05:00.301000+00:00	18707	cumulative					
3211	2026-01-04 02:06:32.490000+00:00	18707	cumulative					
3212	2026-01-04 02:08:26.898000+00:00	18707	cumulative					
3213	2026-01-04 02:09:36.402000+00:00	18714	cumulative					
3214	2026-01-04 02:11:16.920000+00:00	18720	cumulative					
3215	2026-01-04 02:12:31.701000+00:00	18720	cumulative					
3216	2026-01-04 02:14:11.226000+00:00	18722	cumulative					
3217	2026-01-04 02:15:29.503000+00:00	18725	cumulative					
3218	2026-01-04 02:21:20.321000+00:00	18726	cumulative					
3219	2026-01-04 02:28:12.574000+00:00	18728	cumulative					
3220	2026-01-04 02:29:39.361000+00:00	18730	cumulative					
3221	2026-01-04 02:31:13.479000+00:00	18738	cumulative					
3222	2026-01-04 02:32:55.288000+00:00	18739	cumulative					
3223	2026-01-04 02:35:08.069000+00:00	18739	cumulative					
3224	2026-01-04 02:36:32.990000+00:00	18740	cumulative					
3225	2026-01-04 02:37:57.333000+00:00	18740	cumulative					
3226	2026-01-04 02:39:29.729000+00:00	18740	cumulative					
3227	2026-01-04 03:11:56.996000+00:00	18742	cumulative					
3228	2026-01-04 03:13:49.381000+00:00	18745	cumulative					
3229	2026-01-04 03:14:48.295000+00:00	18746	cumulative					
3230	2026-01-04 03:16:35.433000+00:00	18746	cumulative					
3231	2026-01-04 03:18:04.696000+00:00	18747	cumulative					
3232	2026-01-04 03:19:34.793000+00:00	18749	cumulative					
3233	2026-01-04 03:20:59.214000+00:00	18750	cumulative					
3234	2026-01-04 03:21:59.843000+00:00	18753	cumulative					
3235	2026-01-04 03:23:14.186000+00:00	18755	cumulative					
3236	2026-01-04 03:24:05.693000+00:00	18756	cumulative					
3237	2026-01-04 03:26:34.074000+00:00	18757	cumulative					
3238	2026-01-04 03:34:03.071000+00:00	18760	cumulative					
3239	2026-01-04 04:19:00.669000+00:00	18760	cumulative					
3240	2026-01-04 04:38:10.579000+00:00	18761	cumulative					
3241	2026-01-04 05:01:25.175000+00:00	18764	cumulative					
3242	2026-01-04 05:03:17.036000+00:00	18765	cumulative					
3243	2026-01-04 17:27:28.722000+00:00	18767	cumulative					
3244	2026-01-04 17:59:22.302000+00:00	18770	cumulative					
3245	2026-01-04 18:09:34.103000+00:00	18778	cumulative					
3246	2026-01-04 18:11:35.222000+00:00	18786	cumulative					
3247	2026-01-04 21:21:14.988000+00:00	18786	cumulative					
3248	2026-01-04 21:44:41.332000+00:00	18786	cumulative					
3249	2026-01-04 21:45:46.909000+00:00	18787	cumulative					
3250	2026-01-04 23:08:51.118000+00:00	18789	cumulative					
3251	2026-01-04 23:10:22.599000+00:00	18798	cumulative					
3252	2026-01-04 23:11:50.849000+00:00	18798	cumulative					
3253	2026-01-04 23:13:03.695000+00:00	18799	cumulative					
3254	2026-01-04 23:14:51.067000+00:00	18799	cumulative					
3255	2026-01-04 23:16:11.278000+00:00	18799	cumulative					
3256	2026-01-04 23:17:08.709000+00:00	18807	cumulative					
3257	2026-01-04 23:17:56.568000+00:00	18807	cumulative					
3258	2026-01-04 23:20:12.420000+00:00	18807	cumulative					
3259	2026-01-04 23:22:23.756000+00:00	18808	cumulative					
3260	2026-01-04 23:23:49.568000+00:00	18808	cumulative					
3261	2026-01-04 23:25:21.172000+00:00	18810	cumulative					
3262	2026-01-04 23:25:43.014000+00:00	18815	cumulative					
3263	2026-01-04 23:28:18.773000+00:00	18819	cumulative					
3264	2026-01-04 23:29:48.906000+00:00	18819	cumulative					
3265	2026-01-04 23:31:22.036000+00:00	18820	cumulative					
3266	2026-01-04 23:33:09.861000+00:00	18823	cumulative					
3267	2026-01-04 23:34:42.877000+00:00	18826	cumulative					
3268	2026-01-04 23:51:59.849000+00:00	18828	cumulative					
3269	2026-01-05 00:46:19.117000+00:00	18832	cumulative					
3270	2026-01-05 00:54:32.586000+00:00	18832	cumulative					
3271	2026-01-05 01:20:12.410000+00:00	18840	cumulative					
3272	2026-01-05 02:19:05.038000+00:00	18844	cumulative					
3273	2026-01-05 02:22:29.014000+00:00	18845	cumulative					
3274	2026-01-05 02:27:48.658000+00:00	18851	cumulative					
3275	2026-01-05 02:38:15.932000+00:00	18852	cumulative					
3276	2026-01-05 02:59:46.834000+00:00	18852	cumulative					
3277	2026-01-05 04:08:47.043000+00:00	18852	cumulative					
3278	2026-01-05 04:22:38.518000+00:00	18852	cumulative					
3279	2026-01-05 04:24:04.066000+00:00	18855	cumulative					
3280	2026-01-05 04:26:52.091000+00:00	18855	cumulative					
3281	2026-01-05 04:41:21.856000+00:00	18856	cumulative					
3282	2026-01-05 04:43:22.246000+00:00	18857	cumulative					
3283	2026-01-05 04:44:50.959000+00:00	18857	cumulative					
3284	2026-01-05 04:46:18.576000+00:00	18860	cumulative					
3285	2026-01-05 04:47:47.589000+00:00	18861	cumulative					
3286	2026-01-05 04:49:19.374000+00:00	18861	cumulative					
3287	2026-01-05 04:50:47.501000+00:00	18862	cumulative					
3288	2026-01-05 04:52:38.838000+00:00	18864	cumulative					
3289	2026-01-05 04:54:06.227000+00:00	18865	cumulative					
3290	2026-01-05 04:54:49.231000+00:00	18867	cumulative					
3291	2026-01-05 04:57:06.013000+00:00	18867	cumulative					
3292	2026-01-05 04:59:17.332000+00:00	18870	cumulative					
3293	2026-01-05 05:01:30.619000+00:00	18872	cumulative					
3294	2026-01-05 05:05:30.279000+00:00	18872	cumulative					
3295	2026-01-05 05:10:03.130000+00:00	18872	cumulative					
3296	2026-01-05 05:12:08.662000+00:00	18872	cumulative					
3297	2026-01-05 05:13:26.560000+00:00	18872	cumulative					
3298	2026-01-05 05:15:16.334000+00:00	18875	cumulative					
3299	2026-01-05 05:17:05.361000+00:00	18878	cumulative					
3300	2026-01-05 05:18:30.947000+00:00	18880	cumulative					
3301	2026-01-05 05:20:44.247000+00:00	18880	cumulative					
3302	2026-01-05 06:03:27.132000+00:00	18882	cumulative					
3303	2026-01-05 06:04:53.332000+00:00	18884	cumulative					
3304	2026-01-05 06:07:38.725000+00:00	18887	cumulative					
3305	2026-01-05 06:23:36.246000+00:00	18888	cumulative					
3306	2026-01-05 06:25:11.649000+00:00	18888	cumulative					
3307	2026-01-05 06:29:54.935000+00:00	18889	cumulative					
3308	2026-01-05 14:46:09.163000+00:00	18893	cumulative					
3309	2026-01-05 14:47:38.175000+00:00	18894	cumulative					
3310	2026-01-05 14:52:10.322000+00:00	18896	cumulative					
3311	2026-01-05 14:53:40.347000+00:00	18896	cumulative					
3312	2026-01-05 14:54:37.693000+00:00	18898	cumulative					
3313	2026-01-05 14:57:09.784000+00:00	18903	cumulative					
3314	2026-01-05 14:58:36.826000+00:00	18904	cumulative					
3315	2026-01-05 15:00:08.425000+00:00	18904	cumulative					
3316	2026-01-05 15:01:42.128000+00:00	18904	cumulative					
3317	2026-01-05 15:03:15.846000+00:00	18906	cumulative					
3318	2026-01-05 15:04:50.104000+00:00	18906	cumulative					
3319	2026-01-05 15:13:43.863000+00:00	18909	cumulative					
3320	2026-01-05 15:48:40.338000+00:00	18910	cumulative					
3321	2026-01-05 15:54:54.336000+00:00	18910	cumulative					
3322	2026-01-05 19:16:06.562000+00:00	18917	cumulative					
3323	2026-01-05 19:27:04.606000+00:00	18921	cumulative					
3324	2026-01-05 19:27:35.246000+00:00	18924	cumulative					
3325	2026-01-05 19:32:47.041000+00:00	18929	cumulative					
3326	2026-01-05 19:39:51.401000+00:00	18931	cumulative					
3327	2026-01-05 19:43:11.330000+00:00	18932	cumulative					
3328	2026-01-05 19:45:08.086000+00:00	18934	cumulative					
3329	2026-01-05 19:47:09.299000+00:00	18941	cumulative					
3330	2026-01-05 19:48:42.957000+00:00	18942	cumulative					
3331	2026-01-05 19:51:42.265000+00:00	18944	cumulative					
3332	2026-01-05 22:49:03.800000+00:00	18953	cumulative					
3333	2026-01-05 22:50:42.163000+00:00	18960	cumulative					
3334	2026-01-05 22:52:54.497000+00:00	18964	cumulative					
3335	2026-01-05 22:55:44.608000+00:00	18968	cumulative					
3336	2026-01-05 22:56:33.793000+00:00	18975	cumulative					
3337	2026-01-06 00:18:53.973000+00:00	18975	cumulative					
3338	2026-01-06 00:20:39.976000+00:00	18977	cumulative					
3339	2026-01-06 00:23:32.260000+00:00	18977	cumulative					
3340	2026-01-06 00:27:38.355000+00:00	18977	cumulative					
3341	2026-01-06 01:15:29.432000+00:00	18977	cumulative					
3342	2026-01-06 22:59:24.095000+00:00	18979	cumulative					
3343	2026-01-06 23:01:45.829000+00:00	18982	cumulative					
3344	2026-01-06 23:30:17.141000+00:00	18985	cumulative					
3345	2026-01-06 23:33:17.660000+00:00	18988	cumulative					
3346	2026-01-06 23:34:45.732000+00:00	18989	cumulative					
3347	2026-01-06 23:36:27.867000+00:00	18990	cumulative					
3348	2026-01-06 23:39:18.605000+00:00	18994	cumulative					
3349	2026-01-06 23:41:33.839000+00:00	18994	cumulative					
3350	2026-01-06 23:43:43.715000+00:00	18997	cumulative					
3351	2026-01-06 23:46:18.206000+00:00	18998	cumulative					
3352	2026-01-07 00:40:16.359000+00:00	18998	cumulative					
3353	2026-01-07 00:49:48.390000+00:00	19001	cumulative					
3354	2026-01-07 01:06:04.591000+00:00	19004	cumulative					
3355	2026-01-07 01:07:44.730000+00:00	19004	cumulative					
3356	2026-01-07 01:09:06.486000+00:00	19009	cumulative					
3357	2026-01-07 01:11:22.487000+00:00	19011	cumulative					
3358	2026-01-07 01:13:06.221000+00:00	19013	cumulative					
3359	2026-01-07 18:17:04.132000+00:00	19013	cumulative					
3360	2026-01-07 18:19:22.097000+00:00	19013	cumulative					
3361	2026-01-07 18:21:03.279000+00:00	19017	cumulative					
3362	2026-01-07 18:22:36.914000+00:00	19018	cumulative					
3363	2026-01-07 18:24:43.779000+00:00	19018	cumulative					
3364	2026-01-07 18:34:27.335000+00:00	19022	cumulative					
3365	2026-01-07 18:53:37.688000+00:00	19022	cumulative					
3366	2026-01-07 19:00:12.576000+00:00	19030	cumulative					
3367	2026-01-07 19:04:20.302000+00:00	19032	cumulative					
3368	2026-01-07 21:54:01.498000+00:00	19032	cumulative					
3369	2026-01-07 21:58:46.199000+00:00	19049	cumulative					
3370	2026-01-07 22:03:08.728000+00:00	19056	cumulative					
3371	2026-01-08 01:37:34.471000+00:00	19059	cumulative					
3372	2026-01-08 01:42:12.589000+00:00	19059	cumulative					
3373	2026-01-08 01:43:13.060000+00:00	19060	cumulative					
3374	2026-01-08 01:44:50.147000+00:00	19065	cumulative					
3375	2026-01-08 01:47:07.689000+00:00	19068	cumulative					
3376	2026-01-08 01:48:38.948000+00:00	19070	cumulative					
3377	2026-01-08 01:50:26.904000+00:00	19072	cumulative					
3378	2026-01-08 01:52:02.578000+00:00	19075	cumulative					
3379	2026-01-08 01:53:38.519000+00:00	19077	cumulative					
3380	2026-01-08 01:55:37.797000+00:00	19079	cumulative					
3381	2026-01-08 01:57:30.916000+00:00	19079	cumulative					
3382	2026-01-08 01:59:04.641000+00:00	19083	cumulative					
3383	2026-01-08 02:00:39.896000+00:00	19085	cumulative					
3384	2026-01-08 02:02:36.627000+00:00	19086	cumulative					
3385	2026-01-08 02:04:06.830000+00:00	19086	cumulative					
3386	2026-01-08 02:05:16.674000+00:00	19089	cumulative					
3387	2026-01-08 02:05:52.631000+00:00	19089	cumulative					
3388	2026-01-08 02:08:43.735000+00:00	19097	cumulative					
3389	2026-01-08 02:10:13.599000+00:00	19097	cumulative					
3390	2026-01-08 02:11:41.941000+00:00	19102	cumulative					
3391	2026-01-08 02:14:45.414000+00:00	19103	cumulative					
3392	2026-01-08 02:16:49.670000+00:00	19103	cumulative					
3393	2026-01-08 02:17:42.934000+00:00	19103	cumulative					
3394	2026-01-08 22:56:04.672000+00:00	19111	cumulative					
3395	2026-01-09 01:30:23.716000+00:00	19111	cumulative					
3396	2026-01-09 03:38:48.599000+00:00	19111	cumulative					
3397	2026-01-09 15:22:10.482000+00:00	19114	cumulative					
3398	2026-01-09 15:34:36.226000+00:00	19125	cumulative					
3399	2026-01-09 16:09:31.475000+00:00	19125	cumulative					
3400	2026-01-10 04:02:38.828000+00:00	19125	cumulative					
3401	2026-01-11 01:44:30.733000+00:00	19125	cumulative					
3402	2026-01-11 01:44:45.189000+00:00	19129	cumulative					
3403	2026-01-11 05:57:02.305000+00:00	19129	cumulative					
3404	2026-01-11 17:54:40.302000+00:00	19129	cumulative					
3405	2026-01-11 17:56:40.693000+00:00	19131	cumulative					
3406	2026-01-11 17:58:07.027000+00:00	19132	cumulative					
3407	2026-01-11 17:59:31.073000+00:00	19134	cumulative					
3408	2026-01-12 14:31:09.331000+00:00	19141	cumulative					
3409	2026-01-12 18:30:04.689000+00:00	19142	cumulative					
3410	2026-01-12 18:53:24.539000+00:00	19146	cumulative					
3411	2026-01-13 03:37:48.780000+00:00	19146	cumulative					
3412	2026-01-13 03:42:13.289000+00:00	19156	cumulative					
3413	2026-01-13 03:46:38.739000+00:00	19163	cumulative					
3414	2026-01-13 03:50:36.188000+00:00	19163	cumulative					
3415	2026-01-13 03:53:21.552000+00:00	19165	cumulative					
3416	2026-01-13 03:55:34.716000+00:00	19167	cumulative					
3417	2026-01-13 03:57:34.124000+00:00	19168	cumulative					
3418	2026-01-13 03:59:00.817000+00:00	19171	cumulative					
3419	2026-01-13 04:00:55.462000+00:00	19171	cumulative					
3420	2026-01-13 04:02:26.941000+00:00	19172	cumulative					
3421	2026-01-13 04:04:03.571000+00:00	19175	cumulative					
3422	2026-01-13 04:05:47.553000+00:00	19175	cumulative					
3423	2026-01-13 04:07:29.592000+00:00	19179	cumulative					
3424	2026-01-13 04:08:04.691000+00:00	19184	cumulative					
3425	2026-01-13 04:10:20.656000+00:00	19184	cumulative					
3426	2026-01-13 04:11:39.191000+00:00	19185	cumulative					
3427	2026-01-13 04:13:14.566000+00:00	19185	cumulative					
3428	2026-01-13 04:14:55.207000+00:00	19186	cumulative					
3429	2026-01-13 04:17:17.391000+00:00	19186	cumulative					
3430	2026-01-13 04:18:48.326000+00:00	19190	cumulative					
3431	2026-01-13 04:20:27.104000+00:00	19192	cumulative					
3432	2026-01-13 04:21:55.221000+00:00	19192	cumulative					
3433	2026-01-13 04:22:16.627000+00:00	19194	cumulative					
3434	2026-01-14 04:08:18.545000+00:00	19195	cumulative					
3435	2026-01-14 04:13:10.876000+00:00	19198	cumulative					
3436	2026-01-14 04:16:18.216000+00:00	19199	cumulative					
3437	2026-01-14 04:18:09.384000+00:00	19201	cumulative					
3438	2026-01-14 04:20:47.542000+00:00	19203	cumulative					
3439	2026-01-14 04:22:20.532000+00:00	19205	cumulative					
3440	2026-01-14 04:24:02.637000+00:00	19208	cumulative					
3441	2026-01-14 04:25:29.018000+00:00	19208	cumulative					
3442	2026-01-14 04:26:11.562000+00:00	19208	cumulative					
3443	2026-01-14 04:28:00.229000+00:00	19214	cumulative					
3444	2026-01-14 04:29:45.527000+00:00	19214	cumulative					
3445	2026-01-14 04:31:10.169000+00:00	19217	cumulative					
3446	2026-01-14 04:32:12.399000+00:00	19220	cumulative					
3447	2026-01-14 04:34:07.652000+00:00	19220	cumulative					
3448	2026-01-14 04:35:05.353000+00:00	19221	cumulative					
3449	2026-01-14 04:37:08.518000+00:00	19224	cumulative					
3450	2026-01-14 04:40:05.184000+00:00	19228	cumulative					
3451	2026-01-14 04:48:31.552000+00:00	19228	cumulative					
3452	2026-01-14 18:56:50.772000+00:00	19228	cumulative					
3453	2026-01-14 19:01:50.562000+00:00	19240	cumulative					
3454	2026-01-14 20:52:21.436000+00:00	19240	cumulative					
3455	2026-01-14 20:57:20.493000+00:00	19241	cumulative					
3456	2026-01-15 00:01:53.576000+00:00	19243	cumulative					
3457	2026-01-15 00:17:36.106000+00:00	19245	cumulative					
3458	2026-01-15 00:29:01.931000+00:00	19248	cumulative					
3459	2026-01-15 00:30:43.483000+00:00	19250	cumulative					
3460	2026-01-15 00:32:31.141000+00:00	19252	cumulative					
3461	2026-01-15 00:34:30.311000+00:00	19254	cumulative					
3462	2026-01-15 00:43:31.564000+00:00	19256	cumulative					
3463	2026-01-15 00:49:33.785000+00:00	19258	cumulative					
3464	2026-01-15 00:56:04.062000+00:00	19276	cumulative					
3465	2026-01-15 01:02:36.299000+00:00	19276	cumulative					
3466	2026-01-15 01:04:45.431000+00:00	19277	cumulative					
3467	2026-01-15 01:06:16.489000+00:00	19280	cumulative					
3468	2026-01-15 01:07:49.086000+00:00	19280	cumulative					
3469	2026-01-15 01:09:43.663000+00:00	19280	cumulative					
3470	2026-01-15 01:10:57.957000+00:00	19283	cumulative					
3471	2026-01-15 01:14:01.666000+00:00	19285	cumulative					
3472	2026-01-15 01:15:11.458000+00:00	19293	cumulative					
3473	2026-01-15 01:18:41.613000+00:00	19295	cumulative					
3474	2026-01-15 01:55:53.998000+00:00	19295	cumulative					
3475	2026-01-15 02:01:29.969000+00:00	19297	cumulative					
3476	2026-01-15 04:02:44.456000+00:00	19302	cumulative					
3477	2026-01-15 18:24:07.087000+00:00	19304	cumulative					
3478	2026-01-15 18:31:33.927000+00:00	19308	cumulative					
3479	2026-01-15 18:36:55.278000+00:00	19309	cumulative					
3480	2026-01-15 20:26:51.153000+00:00	19314	cumulative					
3481	2026-01-15 21:01:30.897000+00:00	19319	cumulative					
3482	2026-01-16 17:56:45.197000+00:00	19319	cumulative					
3483	2026-01-16 18:02:27.457000+00:00	19323	cumulative					
3484	2026-01-16 18:11:54.156000+00:00	19323	cumulative					
3485	2026-01-16 18:31:22.035000+00:00	19323	cumulative					
3486	2026-01-16 19:28:38.720000+00:00	19324	cumulative					
3487	2026-01-17 18:51:40.612000+00:00	19325	cumulative					
3488	2026-01-17 19:05:16.943000+00:00	19327	cumulative					
3489	2026-01-17 21:50:39.644000+00:00	19327	cumulative					
3490	2026-01-17 23:05:15.330000+00:00	19332	cumulative					
3491	2026-01-17 23:06:58.856000+00:00	19336	cumulative					
3492	2026-01-17 23:09:22.806000+00:00	19341	cumulative					
3493	2026-01-18 03:57:08.028000+00:00	19342	cumulative					
3494	2026-01-18 03:59:04.376000+00:00	19343	cumulative					
3495	2026-01-18 04:00:59.141000+00:00	19344	cumulative					
3496	2026-01-18 04:02:38.699000+00:00	19344	cumulative					
3497	2026-01-18 04:04:08.806000+00:00	19344	cumulative					
3498	2026-01-18 04:05:33.152000+00:00	19348	cumulative					
3499	2026-01-18 04:06:56.814000+00:00	19353	cumulative					
3500	2026-01-18 04:08:43.528000+00:00	19357	cumulative					
3501	2026-01-18 04:09:13.668000+00:00	19357	cumulative					
3502	2026-01-18 04:11:43.317000+00:00	19359	cumulative					
3503	2026-01-18 04:39:10.612000+00:00	19361	cumulative					
3504	2026-01-18 04:54:06.352000+00:00	19361	cumulative					
3505	2026-01-18 04:55:33.293000+00:00	19370	cumulative					
3506	2026-01-18 04:58:16.071000+00:00	19373	cumulative					
3507	2026-01-18 05:00:26.733000+00:00	19373	cumulative					
3508	2026-01-18 05:02:19.943000+00:00	19376	cumulative					
3509	2026-01-18 05:03:55.950000+00:00	19377	cumulative					
3510	2026-01-18 05:40:23.020000+00:00	19377	cumulative					
3511	2026-01-18 05:53:34.057000+00:00	19377	cumulative					
3512	2026-01-19 01:08:43.373000+00:00	19381	cumulative					
3513	2026-01-20 00:12:58.208000+00:00	19382	cumulative					
3514	2026-01-20 02:50:01.276000+00:00	19382	cumulative					
3515	2026-01-20 02:52:48.497000+00:00	19383	cumulative					
3516	2026-01-20 03:31:43.334000+00:00	19388	cumulative					
3517	2026-01-21 02:56:07.848000+00:00	19389	cumulative					
3518	2026-01-21 17:55:46.619000+00:00	19390	cumulative					
3519	2026-01-21 18:01:00.159000+00:00	19394	cumulative					
3520	2026-01-21 18:03:09.208000+00:00	19394	cumulative					
3521	2026-01-21 18:14:45.216000+00:00	19395	cumulative					
3522	2026-01-21 18:20:52.183000+00:00	19395	cumulative					
3523	2026-01-21 18:24:00.155000+00:00	19395	cumulative					
3524	2026-01-21 18:30:48.989000+00:00	19396	cumulative					
3525	2026-01-21 18:33:11.127000+00:00	19396	cumulative					
3526	2026-01-21 18:35:06.457000+00:00	19396	cumulative					
3527	2026-01-21 18:42:36.667000+00:00	19396	cumulative					
3528	2026-01-21 18:44:13.722000+00:00	19399	cumulative					
3529	2026-01-21 18:45:54.554000+00:00	19400	cumulative					
3530	2026-01-21 18:47:25.870000+00:00	19400	cumulative					
3531	2026-01-21 18:50:33.993000+00:00	19403	cumulative					
3532	2026-01-21 18:53:51.940000+00:00	19405	cumulative					
3533	2026-01-21 18:56:15.079000+00:00	19406	cumulative					
3534	2026-01-21 18:59:09.357000+00:00	19408	cumulative					
3535	2026-01-21 19:00:21.986000+00:00	19410	cumulative					
3536	2026-01-21 19:56:51.147000+00:00	19411	cumulative					
3537	2026-01-21 20:04:56.543000+00:00	19411	cumulative					
3538	2026-01-21 20:41:42.028000+00:00	19411	cumulative					
3539	2026-01-24 23:47:42.821000+00:00	19417	cumulative					
3540	2026-01-24 23:49:15.713000+00:00	19417	cumulative					
3541	2026-01-24 23:50:46.813000+00:00	19423	cumulative					
3542	2026-01-24 23:52:18.276000+00:00	19425	cumulative					
3543	2026-01-24 23:54:28.337000+00:00	19430	cumulative					
3544	2026-01-25 01:22:46.320000+00:00	19431	cumulative					
3545	2026-01-25 01:24:51.395000+00:00	19431	cumulative					
3546	2026-01-25 01:26:19.751000+00:00	19435	cumulative					
3547	2026-01-25 01:28:11.773000+00:00	19441	cumulative					
3548	2026-01-25 01:29:25.527000+00:00	19441	cumulative					
3549	2026-01-25 01:31:53.920000+00:00	19442	cumulative					
3550	2026-01-25 01:33:31.542000+00:00	19443	cumulative					
3551	2026-01-25 01:37:05.805000+00:00	19447	cumulative					
3552	2026-01-25 01:38:58.482000+00:00	19452	cumulative					
3553	2026-01-25 01:40:52.201000+00:00	19454	cumulative					
3554	2026-01-25 02:50:18.192000+00:00	19454	cumulative					
3555	2026-01-25 03:01:24.823000+00:00	19455	cumulative					
3556	2026-01-25 03:04:49.720000+00:00	19458	cumulative					
3557	2026-01-25 03:05:46.118000+00:00	19459	cumulative					
3558	2026-01-25 03:11:11.520000+00:00	19459	cumulative					
3559	2026-01-25 03:13:19.737000+00:00	19459	cumulative					
3560	2026-01-25 03:17:51.264000+00:00	19461	cumulative					
3561	2026-01-25 03:20:07.721000+00:00	19461	cumulative					
3562	2026-01-25 03:21:51.961000+00:00	19462	cumulative					
3563	2026-01-25 06:49:24.841000+00:00	19464	cumulative					
3564	2026-01-25 06:59:33.897000+00:00	19466	cumulative					
3565	2026-01-26 03:49:21.364000+00:00	19467	cumulative					
3566	2026-01-26 18:50:27.205000+00:00	19471	cumulative					
3567	2026-01-26 18:51:50.036000+00:00	19476	cumulative					
3568	2026-01-26 18:54:07.388000+00:00	19476	cumulative					
3569	2026-01-26 18:56:04.920000+00:00	19476	cumulative					
3570	2026-01-26 18:57:55.199000+00:00	19478	cumulative					
3571	2026-01-26 19:02:46.802000+00:00	19480	cumulative					
3572	2026-01-26 19:04:22.257000+00:00	19480	cumulative					
3573	2026-01-26 19:06:27.709000+00:00	19486	cumulative					
3574	2026-01-26 19:07:59.898000+00:00	19486	cumulative					
3575	2026-01-26 19:09:25.637000+00:00	19487	cumulative					
3576	2026-01-26 19:11:02.530000+00:00	19487	cumulative					
3577	2026-01-26 21:03:50.020000+00:00	19487	cumulative					
3578	2026-01-26 21:05:27.415000+00:00	19493	cumulative					
3579	2026-01-26 21:49:05.473000+00:00	19494	cumulative					
3580	2026-01-26 21:57:05.823000+00:00	19499	cumulative					
3581	2026-01-26 21:58:45.117000+00:00	19507	cumulative					
3582	2026-01-26 22:00:22.365000+00:00	19511	cumulative					
3583	2026-01-26 22:02:42.380000+00:00	19511	cumulative					
3584	2026-01-26 22:07:25.504000+00:00	19517	cumulative					
3585	2026-01-26 22:09:42+00:00	19517	cumulative					
3586	2026-01-26 22:10:39.489000+00:00	19517	cumulative					
3587	2026-01-26 22:16:28.808000+00:00	19519	cumulative					
3588	2026-01-26 22:19:39.665000+00:00	19521	cumulative					
3589	2026-01-27 03:48:11.847000+00:00	19522	cumulative					
3590	2026-01-27 03:50:13.881000+00:00	19522	cumulative					
3591	2026-01-27 04:05:12.656000+00:00	19522	cumulative					
3592	2026-01-27 07:26:19.951000+00:00	19524	cumulative					
3593	2026-01-27 07:38:18.478000+00:00	19524	cumulative					
3594	2026-01-27 15:42:12.034000+00:00	19527	cumulative					
3595	2026-01-27 15:59:48.221000+00:00	19530	cumulative					
3596	2026-01-27 16:08:15.180000+00:00	19530	cumulative					
3597	2026-01-27 16:44:23.452000+00:00	19531	cumulative					
3598	2026-01-28 04:28:50.084000+00:00	19546	cumulative					
3599	2026-01-28 04:31:01.780000+00:00	19547	cumulative					
3600	2026-01-28 04:32:29.446000+00:00	19548	cumulative					
3601	2026-01-28 04:33:54.291000+00:00	19549	cumulative					
3602	2026-01-28 18:34:02.035000+00:00	19551	cumulative					
3603	2026-01-29 14:02:32.793000+00:00	19551	cumulative					
3604	2026-01-29 14:04:43.707000+00:00	19553	cumulative					
3605	2026-01-29 20:23:35.404000+00:00	19554	cumulative					
3606	2026-01-29 20:40:17.322000+00:00	19554	cumulative					
3607	2026-01-29 20:42:13.247000+00:00	19555	cumulative					
3608	2026-01-29 20:43:59.905000+00:00	19555	cumulative					
3609	2026-01-29 20:47:11.817000+00:00	19557	cumulative					
3610	2026-01-29 20:49:44.386000+00:00	19557	cumulative					
3611	2026-01-29 20:51:34.596000+00:00	19557	cumulative					
3612	2026-01-31 21:12:40.308000+00:00	19561	cumulative					
3613	2026-01-31 23:27:25.358000+00:00	19563	cumulative					
3614	2026-02-01 01:03:07.399000+00:00	19569	cumulative					
3615	2026-02-01 01:05:46.951000+00:00	19578	cumulative					
3616	2026-02-01 04:45:55.458000+00:00	19581	cumulative					
3617	2026-02-01 05:03:59.787000+00:00	19585	cumulative					
3618	2026-02-01 05:05:26.622000+00:00	19586	cumulative					
3619	2026-02-01 05:07:22.747000+00:00	19589	cumulative					
3620	2026-02-01 05:09:41.868000+00:00	19594	cumulative					
3621	2026-02-01 05:11:18.547000+00:00	19597	cumulative					
3622	2026-02-01 05:16:15.208000+00:00	19597	cumulative					
3623	2026-02-01 05:22:48.959000+00:00	19597	cumulative					
3624	2026-02-01 05:30:09.179000+00:00	19597	cumulative					
3625	2026-02-01 05:32:59.863000+00:00	19599	cumulative					
3626	2026-02-01 05:35:54.434000+00:00	19599	cumulative					
3627	2026-02-01 05:38:11.280000+00:00	19602	cumulative					
3628	2026-02-01 05:40:27.017000+00:00	19602	cumulative					
3629	2026-02-01 05:42:58.349000+00:00	19602	cumulative					
3630	2026-02-01 05:43:04.676000+00:00	19605	cumulative					
3631	2026-02-01 05:47:25.007000+00:00	19613	cumulative					
3632	2026-02-01 05:50:52.545000+00:00	19613	cumulative					
3633	2026-02-01 17:28:57.317000+00:00	19615	cumulative					
3634	2026-02-01 18:40:45.118000+00:00	19617	cumulative					
3635	2026-02-01 18:49:08.202000+00:00	19620	cumulative					
3636	2026-02-01 18:50:26.870000+00:00	19626	cumulative					
3637	2026-02-01 20:01:59.430000+00:00	19630	cumulative					
3638	2026-02-01 20:06:05.119000+00:00	19632	cumulative					
3639	2026-02-01 20:08:18.858000+00:00	19634	cumulative					
3640	2026-02-01 20:10:01.404000+00:00	19635	cumulative					
3641	2026-02-01 20:12:28.098000+00:00	19635	cumulative					
3642	2026-02-01 20:14:29.675000+00:00	19635	cumulative					
3643	2026-02-01 20:15:51.485000+00:00	19638	cumulative					
3644	2026-02-01 20:17:22.668000+00:00	19640	cumulative					
3645	2026-02-01 20:21:00.236000+00:00	19646	cumulative					
3646	2026-02-01 20:21:55.152000+00:00	19652	cumulative					
3647	2026-02-01 20:23:59.834000+00:00	19652	cumulative					
3648	2026-02-01 20:25:18.776000+00:00	19653	cumulative					
3649	2026-02-01 20:26:57.576000+00:00	19654	cumulative					
3650	2026-02-01 20:27:52.049000+00:00	19656	cumulative					
3651	2026-02-01 20:29:36.094000+00:00	19661	cumulative					
3652	2026-02-01 20:30:58.494000+00:00	19663	cumulative					
3653	2026-02-01 20:55:51.451000+00:00	19664	cumulative					
3654	2026-02-01 20:57:39.209000+00:00	19664	cumulative					
3655	2026-02-01 21:03:07.459000+00:00	19665	cumulative					
3656	2026-02-01 22:28:21.027000+00:00	19667	cumulative					
3657	2026-02-01 22:36:15.308000+00:00	19668	cumulative					
3658	2026-02-01 22:37:53.978000+00:00	19670	cumulative					
3659	2026-02-01 22:39:30.798000+00:00	19670	cumulative					
3660	2026-02-01 22:41:00.613000+00:00	19672	cumulative					
3661	2026-02-01 22:41:52.973000+00:00	19673	cumulative					
3662	2026-02-01 22:44:06.741000+00:00	19675	cumulative					
3663	2026-02-01 22:45:33.824000+00:00	19675	cumulative					
3664	2026-02-01 22:47:31.485000+00:00	19677	cumulative					
3665	2026-02-01 22:48:57.813000+00:00	19681	cumulative					
3666	2026-02-01 22:50:25.737000+00:00	19683	cumulative					
3667	2026-02-01 22:52:00.152000+00:00	19684	cumulative					
3668	2026-02-01 22:53:20.112000+00:00	19685	cumulative					
3669	2026-02-01 22:57:28.750000+00:00	19689	cumulative					
3670	2026-02-01 23:23:27.226000+00:00	19693	cumulative					
3671	2026-02-01 23:24:52.759000+00:00	19697	cumulative					
3672	2026-02-01 23:36:36.232000+00:00	19702	cumulative					
3673	2026-02-01 23:38:03.091000+00:00	19703	cumulative					
3674	2026-02-01 23:39:33.664000+00:00	19718	cumulative					
3675	2026-02-01 23:41:10.051000+00:00	19719	cumulative					
3676	2026-02-01 23:42:37.509000+00:00	19722	cumulative					
3677	2026-02-01 23:44:02.858000+00:00	19732	cumulative					
3678	2026-02-01 23:45:45.878000+00:00	19737	cumulative					
3679	2026-02-01 23:47:03.486000+00:00	19738	cumulative					
3680	2026-02-01 23:49:03.180000+00:00	19738	cumulative					
3681	2026-02-01 23:50:31.896000+00:00	19739	cumulative					
3682	2026-02-01 23:52:46.878000+00:00	19740	cumulative					
3683	2026-02-01 23:54:32.454000+00:00	19742	cumulative					
3684	2026-02-01 23:56:00.133000+00:00	19743	cumulative					
3685	2026-02-01 23:57:05.124000+00:00	19746	cumulative					
3686	2026-02-01 23:59:06.944000+00:00	19750	cumulative					
3687	2026-02-02 00:00:34.794000+00:00	19750	cumulative					
3688	2026-02-02 00:02:05.473000+00:00	19751	cumulative					
3689	2026-02-02 00:11:12.985000+00:00	19753	cumulative					
3690	2026-02-02 00:15:06.294000+00:00	19756	cumulative					
3691	2026-02-02 00:21:43.197000+00:00	19756	cumulative					
3692	2026-02-02 00:23:23.662000+00:00	19758	cumulative					
3693	2026-02-02 00:28:05.822000+00:00	19762	cumulative					
3694	2026-02-02 01:08:36.389000+00:00	19764	cumulative					
3695	2026-02-02 01:10:05.872000+00:00	19764	cumulative					
3696	2026-02-02 04:14:42.880000+00:00	19765	cumulative					
3697	2026-02-02 04:16:45.518000+00:00	19765	cumulative					
3698	2026-02-02 04:17:42.254000+00:00	19770	cumulative					
3699	2026-02-02 04:20:02.255000+00:00	19772	cumulative					
3700	2026-02-02 04:21:28.457000+00:00	19772	cumulative					
3701	2026-02-02 04:23:41.169000+00:00	19775	cumulative					
3702	2026-02-02 04:26:04.677000+00:00	19775	cumulative					
3703	2026-02-02 04:27:35.974000+00:00	19778	cumulative					
3704	2026-02-02 04:27:50.047000+00:00	19778	cumulative					
3705	2026-02-02 04:31:58.141000+00:00	19778	cumulative					
3706	2026-02-02 07:01:21.736000+00:00	19784	cumulative					
3707	2026-02-02 07:26:19.810000+00:00	19790	cumulative					
3708	2026-02-02 18:11:46.104000+00:00	19793	cumulative					
3709	2026-02-02 18:13:03.044000+00:00	19793	cumulative					
3710	2026-02-02 18:15:07.730000+00:00	19793	cumulative					
3711	2026-02-02 18:16:28.728000+00:00	19795	cumulative					
3712	2026-02-02 18:22:46.064000+00:00	19795	cumulative					
3713	2026-02-02 18:24:44.814000+00:00	19796	cumulative					
3714	2026-02-02 18:26:35.918000+00:00	19798	cumulative					
3715	2026-02-02 18:30:39.882000+00:00	19802	cumulative					
3716	2026-02-02 18:33:29.512000+00:00	19802	cumulative					
3717	2026-02-02 20:38:00.700000+00:00	19803	cumulative					
3718	2026-02-02 20:39:28.631000+00:00	19803	cumulative					
3719	2026-02-02 20:40:19.207000+00:00	19815	cumulative					
3720	2026-02-02 20:41:47.343000+00:00	19816	cumulative					
3721	2026-02-02 20:43:14.413000+00:00	19818	cumulative					
3722	2026-02-02 20:45:51.111000+00:00	19820	cumulative					
3723	2026-02-02 20:47:16.522000+00:00	19820	cumulative					
3724	2026-02-02 20:49:03.218000+00:00	19824	cumulative					
3725	2026-02-02 20:50:29.766000+00:00	19832	cumulative					
3726	2026-02-02 20:52:11.465000+00:00	19832	cumulative					
3727	2026-02-02 21:29:02.965000+00:00	19834	cumulative					
3728	2026-02-02 21:39:31.028000+00:00	19834	cumulative					
3729	2026-02-02 21:45:44.896000+00:00	19837	cumulative					
3730	2026-02-02 21:54:37.217000+00:00	19841	cumulative					
3731	2026-02-02 22:00:17.320000+00:00	19843	cumulative					
3732	2026-02-02 22:00:42.483000+00:00	19845	cumulative					
3733	2026-02-02 22:04:05.866000+00:00	19849	cumulative					
3734	2026-02-03 00:05:45.525000+00:00	19849	cumulative					
3735	2026-02-03 00:21:33.871000+00:00	19849	cumulative					
3736	2026-02-03 00:23:07.566000+00:00	19849	cumulative					
3737	2026-02-03 00:24:26.600000+00:00	19851	cumulative					
3738	2026-02-03 00:29:07.648000+00:00	19854	cumulative					
3739	2026-02-03 01:55:30.889000+00:00	19860	cumulative					
3740	2026-02-03 02:02:40.538000+00:00	19862	cumulative					
3741	2026-02-03 02:08:28.467000+00:00	19864	cumulative					
3742	2026-02-03 06:18:15.271000+00:00	19872	cumulative					
3743	2026-02-03 06:28:50.452000+00:00	19872	cumulative					
3744	2026-02-03 06:32:53.285000+00:00	19872	cumulative					
3745	2026-02-03 06:36:04.994000+00:00	19872	cumulative					
3746	2026-02-03 06:38:56.993000+00:00	19877	cumulative					
3747	2026-02-03 06:42:45.289000+00:00	19877	cumulative					
3748	2026-02-03 06:44:23.312000+00:00	19877	cumulative					
3749	2026-02-03 06:45:54.492000+00:00	19877	cumulative					
3750	2026-02-03 06:47:25.669000+00:00	19877	cumulative					
3751	2026-02-03 06:48:22.051000+00:00	19880	cumulative					
3752	2026-02-03 06:50:34.770000+00:00	19885	cumulative					
3753	2026-02-03 06:51:50.092000+00:00	19885	cumulative					
3754	2026-02-03 06:53:37.345000+00:00	19887	cumulative					
3755	2026-02-03 06:55:21.361000+00:00	19906	cumulative					
3756	2026-02-03 06:56:38.731000+00:00	19907	cumulative					
3757	2026-02-03 14:19:05.529000+00:00	19909	cumulative					
3758	2026-02-03 14:55:06.430000+00:00	19912	cumulative					
3759	2026-02-03 16:31:53.915000+00:00	19912	cumulative					
3760	2026-02-03 16:34:07.011000+00:00	19913	cumulative					
3761	2026-02-03 16:43:38.436000+00:00	19918	cumulative					
3762	2026-02-03 16:46:52.226000+00:00	19918	cumulative					
3763	2026-02-03 16:48:27.130000+00:00	19918	cumulative					
3764	2026-02-03 17:03:39.865000+00:00	19920	cumulative					
3765	2026-02-03 17:05:37.095000+00:00	19921	cumulative					
3766	2026-02-03 17:08:36.172000+00:00	19922	cumulative					
3767	2026-02-03 17:10:13.441000+00:00	19923	cumulative					
3768	2026-02-03 17:11:38.227000+00:00	19926	cumulative					
3769	2026-02-03 17:13:22.867000+00:00	19927	cumulative					
3770	2026-02-03 19:22:09.995000+00:00	19927	cumulative					
3771	2026-02-03 19:22:32.591000+00:00	19927	cumulative					
3772	2026-02-03 19:31:34.293000+00:00	19927	cumulative					
3773	2026-02-03 19:33:57.568000+00:00	19929	cumulative					
3774	2026-02-03 19:35:54.702000+00:00	19932	cumulative					
3775	2026-02-03 19:49:48.746000+00:00	19932	cumulative					
3776	2026-02-03 19:52:29.728000+00:00	19933	cumulative					
3777	2026-02-03 20:08:50.568000+00:00	19934	cumulative					
3778	2026-02-03 20:36:37.260000+00:00	19937	cumulative					
3779	2026-02-03 21:05:55.905000+00:00	19940	cumulative					
3780	2026-02-03 21:08:04.164000+00:00	19942	cumulative					
3781	2026-02-03 21:09:37.338000+00:00	19943	cumulative					
3782	2026-02-03 21:12:06.123000+00:00	19943	cumulative					
3783	2026-02-03 21:13:11.403000+00:00	19943	cumulative					
3784	2026-02-03 21:25:11.499000+00:00	19944	cumulative					
3785	2026-02-03 21:32:13.214000+00:00	19945	cumulative					
3786	2026-02-03 21:34:18.542000+00:00	19945	cumulative					
3787	2026-02-04 00:45:28.328000+00:00	19945	cumulative					
3788	2026-02-04 00:47:23.243000+00:00	19951	cumulative					
3789	2026-02-04 01:00:57.164000+00:00	19952	cumulative					
3790	2026-02-04 01:29:25.565000+00:00	19955	cumulative					
3791	2026-02-04 01:49:48.711000+00:00	19960	cumulative					
3792	2026-02-04 01:51:17.587000+00:00	19966	cumulative					
3793	2026-02-04 01:53:13.060000+00:00	19973	cumulative					
3794	2026-02-04 01:56:23.282000+00:00	19973	cumulative					
3795	2026-02-04 02:20:14.394000+00:00	19974	cumulative					
3796	2026-02-04 02:27:33.165000+00:00	19977	cumulative					
3797	2026-02-04 03:07:02.527000+00:00	19978	cumulative					
3798	2026-02-04 03:12:42.887000+00:00	19978	cumulative					
3799	2026-02-04 03:14:37.916000+00:00	19978	cumulative					
3800	2026-02-04 03:18:01.923000+00:00	19978	cumulative					
3801	2026-02-04 03:19:37.403000+00:00	19988	cumulative					
3802	2026-02-04 03:21:12.118000+00:00	19989	cumulative					
3803	2026-02-04 03:22:44.294000+00:00	19990	cumulative					
3804	2026-02-04 03:24:34.273000+00:00	19994	cumulative					
3805	2026-02-04 03:31:51.089000+00:00	19997	cumulative					
3806	2026-02-04 03:44:34.683000+00:00	20002	cumulative					
3807	2026-02-04 03:47:58.591000+00:00	20005	cumulative					
3808	2026-02-04 04:11:21.642000+00:00	20006	cumulative					
3809	2026-02-04 04:14:58.440000+00:00	20012	cumulative					
3810	2026-02-04 04:22:38.520000+00:00	20012	cumulative					
3811	2026-02-04 04:24:14.028000+00:00	20012	cumulative					
3812	2026-02-04 04:28:07.892000+00:00	20014	cumulative					
3813	2026-02-04 04:29:47.614000+00:00	20016	cumulative					
3814	2026-02-04 04:33:17.252000+00:00	20018	cumulative					
3815	2026-02-04 04:33:54.091000+00:00	20018	cumulative					
3816	2026-02-04 04:35:39.161000+00:00	20025	cumulative					
3817	2026-02-04 04:39:31.615000+00:00	20025	cumulative					
3818	2026-02-04 04:39:51.240000+00:00	20029	cumulative					
3819	2026-02-04 04:41:18.314000+00:00	20031	cumulative					
3820	2026-02-04 04:41:21.567000+00:00	20038	cumulative					
3821	2026-02-04 04:44:11.002000+00:00	20040	cumulative					
3822	2026-02-04 04:45:40.127000+00:00	20047	cumulative					
3823	2026-02-04 04:49:10.127000+00:00	20048	cumulative					
3824	2026-02-04 04:51:46.280000+00:00	20049	cumulative					
3825	2026-02-04 04:53:22.649000+00:00	20050	cumulative					
3826	2026-02-04 04:55:52.718000+00:00	20054	cumulative					
3827	2026-02-04 04:58:27.456000+00:00	20055	cumulative					
3828	2026-02-04 05:00:13.928000+00:00	20055	cumulative					
3829	2026-02-04 05:01:21.772000+00:00	20055	cumulative					
3830	2026-02-04 05:02:57.374000+00:00	20059	cumulative					
3831	2026-02-04 05:05:42.874000+00:00	20067	cumulative					
3832	2026-02-04 05:07:47.947000+00:00	20068	cumulative					
3833	2026-02-04 05:44:34.339000+00:00	20069	cumulative					
3834	2026-02-04 17:03:45.778000+00:00	20072	cumulative					
3835	2026-02-04 17:40:10.306000+00:00	20077	cumulative					
3836	2026-02-04 20:39:37.512000+00:00	20077	cumulative					
3837	2026-02-04 22:32:04.500000+00:00	20078	cumulative					
3838	2026-02-04 23:14:15.968000+00:00	20083	cumulative					
3839	2026-02-05 02:25:36.087000+00:00	20083	cumulative					
3840	2026-02-05 03:48:33.888000+00:00	20089	cumulative					
3841	2026-02-05 03:59:29.198000+00:00	20089	cumulative					
3842	2026-02-05 04:57:58.880000+00:00	20093	cumulative					
3843	2026-02-05 04:59:29.896000+00:00	20096	cumulative					
3844	2026-02-05 05:02:40.126000+00:00	20098	cumulative					
3845	2026-02-05 05:03:18.789000+00:00	20101	cumulative					
3846	2026-02-05 05:04:57.544000+00:00	20102	cumulative					
3847	2026-02-05 05:07:39.867000+00:00	20103	cumulative					
3848	2026-02-05 14:56:33.607000+00:00	20109	cumulative					
3849	2026-02-05 14:59:34.873000+00:00	20115	cumulative					
3850	2026-02-05 18:32:37.857000+00:00	20116	cumulative					
3851	2026-02-05 18:33:58.253000+00:00	20116	cumulative					
3852	2026-02-05 18:44:33.341000+00:00	20116	cumulative					
3853	2026-02-05 19:56:19.441000+00:00	20120	cumulative					
3854	2026-02-06 04:13:14.268000+00:00	20123	cumulative					
3855	2026-02-06 04:19:59.154000+00:00	20123	cumulative					
3856	2026-02-06 04:39:14.268000+00:00	20124	cumulative					
3857	2026-02-06 04:40:44.024000+00:00	20124	cumulative					
3858	2026-02-06 04:42:25.879000+00:00	20127	cumulative					
3859	2026-02-06 04:43:37.171000+00:00	20127	cumulative					
3860	2026-02-06 04:45:15.292000+00:00	20127	cumulative					
3861	2026-02-06 04:45:58.169000+00:00	20127	cumulative					
3862	2026-02-06 05:22:13.231000+00:00	20129	cumulative					
3863	2026-02-06 05:42:36.610000+00:00	20133	cumulative					
3864	2026-02-06 06:24:56.360000+00:00	20133	cumulative					
3865	2026-02-06 06:26:55.458000+00:00	20134	cumulative					
3866	2026-02-06 06:30:08.669000+00:00	20140	cumulative					
3867	2026-02-06 06:31:40.388000+00:00	20140	cumulative					
3868	2026-02-06 06:33:11.148000+00:00	20140	cumulative					
3869	2026-02-06 06:58:05.685000+00:00	20142	cumulative					
3870	2026-02-06 07:06:32.471000+00:00	20145	cumulative					
3871	2026-02-06 07:08:02.666000+00:00	20150	cumulative					
3872	2026-02-06 07:09:29.641000+00:00	20155	cumulative					
3873	2026-02-06 07:10:58.237000+00:00	20157	cumulative					
3874	2026-02-06 07:12:25.402000+00:00	20157	cumulative					
3875	2026-02-06 07:13:55.379000+00:00	20164	cumulative					
3876	2026-02-06 07:15:20.502000+00:00	20166	cumulative					
3877	2026-02-06 07:25:26.993000+00:00	20168	cumulative					
3878	2026-02-06 07:31:03.146000+00:00	20172	cumulative					
3879	2026-02-06 07:39:04.647000+00:00	20173	cumulative					
3880	2026-02-06 14:51:36.528000+00:00	20173	cumulative					
3881	2026-02-06 15:25:08.909000+00:00	20174	cumulative					
3882	2026-02-06 15:28:23.384000+00:00	20176	cumulative					
3883	2026-02-06 15:30:45.242000+00:00	20178	cumulative					
3884	2026-02-06 17:11:01.828000+00:00	20179	cumulative					
3885	2026-02-06 17:11:44.059000+00:00	20181	cumulative					
3886	2026-02-06 17:13:35.990000+00:00	20181	cumulative					
3887	2026-02-06 17:16:02.977000+00:00	20184	cumulative					
3888	2026-02-06 17:17:40.485000+00:00	20184	cumulative					
3889	2026-02-06 17:19:05.846000+00:00	20184	cumulative					
3890	2026-02-06 17:20:01.694000+00:00	20185	cumulative					
3891	2026-02-06 17:21:26.033000+00:00	20186	cumulative					
3892	2026-02-06 17:23:08.536000+00:00	20189	cumulative					
3893	2026-02-06 17:24:33.034000+00:00	20190	cumulative					
3894	2026-02-06 17:26:00.920000+00:00	20194	cumulative					
3895	2026-02-06 17:28:59.064000+00:00	20196	cumulative					
3896	2026-02-06 17:30:24.130000+00:00	20198	cumulative					
3897	2026-02-06 17:32:09.008000+00:00	20203	cumulative					
3898	2026-02-06 17:34:09.035000+00:00	20211	cumulative					
3899	2026-02-06 17:35:35.929000+00:00	20211	cumulative					
3900	2026-02-06 17:37:07.904000+00:00	20213	cumulative					
3901	2026-02-06 17:38:48.097000+00:00	20213	cumulative					
3902	2026-02-06 17:40:30.076000+00:00	20213	cumulative					
3903	2026-02-06 17:42:15.139000+00:00	20215	cumulative					
3904	2026-02-06 17:43:46.202000+00:00	20217	cumulative					
3905	2026-02-06 17:45:40.422000+00:00	20217	cumulative					
3906	2026-02-06 17:47:15.391000+00:00	20219	cumulative					
3907	2026-02-06 17:50:11.300000+00:00	20224	cumulative					
3908	2026-02-06 17:51:44.909000+00:00	20228	cumulative					
3909	2026-02-06 17:54:00.544000+00:00	20228	cumulative					
3910	2026-02-06 17:55:43.622000+00:00	20230	cumulative					
3911	2026-02-06 19:21:55.304000+00:00	20235	cumulative					
3912	2026-02-06 19:32:25.584000+00:00	20238	cumulative					
3913	2026-02-07 03:51:17.091000+00:00	20238	cumulative					
3914	2026-02-07 03:53:58.623000+00:00	20239	cumulative					
3915	2026-02-07 04:36:58.909000+00:00	20245	cumulative					
3916	2026-02-07 05:02:45.740000+00:00	20246	cumulative					
3917	2026-02-07 05:19:52.828000+00:00	20246	cumulative					
3918	2026-02-07 05:46:05.632000+00:00	20262	cumulative					
3919	2026-02-07 16:43:02.406000+00:00	20262	cumulative					
3920	2026-02-07 16:47:43.398000+00:00	20265	cumulative					
3921	2026-02-07 17:39:10.087000+00:00	20268	cumulative					
3922	2026-02-07 17:42:45.542000+00:00	20268	cumulative					
3923	2026-02-07 17:48:34.720000+00:00	20269	cumulative					
3924	2026-02-07 17:50:31.699000+00:00	20272	cumulative					
3925	2026-02-07 17:52:00.218000+00:00	20275	cumulative					
3926	2026-02-07 17:56:16.599000+00:00	20275	cumulative					
3927	2026-02-07 17:58:21.741000+00:00	20277	cumulative					
3928	2026-02-07 17:59:46.985000+00:00	20279	cumulative					
3929	2026-02-07 18:01:11.757000+00:00	20286	cumulative					
3930	2026-02-07 18:02:54.243000+00:00	20293	cumulative					
3931	2026-02-07 20:49:11.129000+00:00	20294	cumulative					
3932	2026-02-07 20:50:36.614000+00:00	20295	cumulative					
3933	2026-02-07 20:52:47.495000+00:00	20302	cumulative					
3934	2026-02-07 20:54:32.444000+00:00	20303	cumulative					
3935	2026-02-07 20:55:24.539000+00:00	20309	cumulative					
3936	2026-02-07 20:57:25.196000+00:00	20311	cumulative					
3937	2026-02-07 20:58:30.091000+00:00	20311	cumulative					
3938	2026-02-07 21:00:38.025000+00:00	20315	cumulative					
3939	2026-02-07 21:02:19.202000+00:00	20315	cumulative					
3940	2026-02-07 21:05:08.196000+00:00	20316	cumulative					
3941	2026-02-07 21:06:32.671000+00:00	20316	cumulative					
3942	2026-02-07 21:08:11.864000+00:00	20316	cumulative					
3943	2026-02-07 21:09:30.485000+00:00	20320	cumulative					
3944	2026-02-07 21:11:08.041000+00:00	20321	cumulative					
3945	2026-02-07 21:12:49.403000+00:00	20323	cumulative					
3946	2026-02-07 21:14:24.979000+00:00	20324	cumulative					
3947	2026-02-07 21:15:44.595000+00:00	20328	cumulative					
3948	2026-02-07 21:17:11.316000+00:00	20330	cumulative					
3949	2026-02-07 21:18:38.386000+00:00	20332	cumulative					
3950	2026-02-07 21:21:18.716000+00:00	20341	cumulative					
3951	2026-02-07 21:22:45.672000+00:00	20343	cumulative					
3952	2026-02-07 21:23:50.622000+00:00	20343	cumulative					
3953	2026-02-07 21:25:46.477000+00:00	20348	cumulative					
3954	2026-02-07 21:25:59.829000+00:00	20354	cumulative					
3955	2026-02-07 21:29:01.276000+00:00	20357	cumulative					
3956	2026-02-07 21:30:34.488000+00:00	20358	cumulative					
3957	2026-02-07 21:32:26.139000+00:00	20362	cumulative					
3958	2026-02-07 21:33:56.202000+00:00	20362	cumulative					
3959	2026-02-07 21:35:28.741000+00:00	20363	cumulative					
3960	2026-02-07 21:37:31.136000+00:00	20363	cumulative					
3961	2026-02-07 21:39:16.529000+00:00	20366	cumulative					
3962	2026-02-07 21:41:22.672000+00:00	20368	cumulative					
3963	2026-02-08 00:12:58.963000+00:00	20370	cumulative					
3964	2026-02-08 00:15:11.834000+00:00	20370	cumulative					
3965	2026-02-08 00:19:29.469000+00:00	20372	cumulative					
3966	2026-02-08 00:48:03.405000+00:00	20375	cumulative					
3967	2026-02-08 03:36:04.563000+00:00	20376	cumulative					
3968	2026-02-08 03:38:18.606000+00:00	20379	cumulative					
3969	2026-02-08 03:40:38.399000+00:00	20379	cumulative					
3970	2026-02-08 03:42:51.824000+00:00	20383	cumulative					
3971	2026-02-08 03:45:06.457000+00:00	20384	cumulative					
3972	2026-02-08 03:47:00.856000+00:00	20387	cumulative					
3973	2026-02-08 03:48:32.803000+00:00	20387	cumulative					
3974	2026-02-08 03:50:49.682000+00:00	20388	cumulative					
3975	2026-02-08 05:31:31.141000+00:00	20388	cumulative					
3976	2026-02-08 05:34:04.442000+00:00	20388	cumulative					
3977	2026-02-08 05:36:07.256000+00:00	20389	cumulative					
3978	2026-02-08 05:37:33.794000+00:00	20389	cumulative					
3979	2026-02-08 05:38:59.795000+00:00	20389	cumulative					
3980	2026-02-08 05:40:23.566000+00:00	20390	cumulative					
3981	2026-02-08 05:41:35.675000+00:00	20392	cumulative					
3982	2026-02-08 05:43:40.231000+00:00	20392	cumulative					
3983	2026-02-08 05:44:14.286000+00:00	20395	cumulative					
3984	2026-02-08 06:21:17.158000+00:00	20397	cumulative					
3985	2026-02-08 06:23:08.979000+00:00	20398	cumulative					
3986	2026-02-08 06:24:37.507000+00:00	20399	cumulative					
3987	2026-02-08 06:26:17.107000+00:00	20400	cumulative					
3988	2026-02-08 06:28:40.626000+00:00	20403	cumulative					
3989	2026-02-08 09:00:04.653000+00:00	20406	cumulative					
3990	2026-02-08 09:01:14.242000+00:00	20408	cumulative					
3991	2026-02-08 09:07:15.522000+00:00	20408	cumulative					
3992	2026-02-08 09:08:42.878000+00:00	20410	cumulative					
3993	2026-02-08 09:10:20.251000+00:00	20410	cumulative					
3994	2026-02-08 09:11:41.706000+00:00	20410	cumulative					
3995	2026-02-08 09:13:08.141000+00:00	20412	cumulative					
3996	2026-02-08 09:14:36.483000+00:00	20416	cumulative					
3997	2026-02-08 09:16:04.408000+00:00	20417	cumulative					
3998	2026-02-08 09:17:36.344000+00:00	20420	cumulative					
3999	2026-02-08 09:19:05.185000+00:00	20420	cumulative					
4000	2026-02-08 09:20:34.843000+00:00	20420	cumulative					
4001	2026-02-08 09:22:03.405000+00:00	20420	cumulative					
4002	2026-02-08 09:23:27.851000+00:00	20422	cumulative					
4003	2026-02-08 09:24:43.249000+00:00	20422	cumulative					
4004	2026-02-08 09:26:20.320000+00:00	20427	cumulative					
4005	2026-02-08 09:26:40.325000+00:00	20428	cumulative					
4006	2026-02-08 09:28:49.592000+00:00	20428	cumulative					
4007	2026-02-08 09:30:49.456000+00:00	20428	cumulative					
4008	2026-02-08 09:32:15.484000+00:00	20429	cumulative					
4009	2026-02-08 09:33:42.038000+00:00	20429	cumulative					
4010	2026-02-08 09:35:02.842000+00:00	20439	cumulative					
4011	2026-02-08 09:36:40.466000+00:00	20439	cumulative					
4012	2026-02-08 09:38:11.647000+00:00	20441	cumulative					
4013	2026-02-08 09:39:38.839000+00:00	20441	cumulative					
4014	2026-02-08 09:41:03.457000+00:00	20443	cumulative					
4015	2026-02-08 09:41:11.792000+00:00	20447	cumulative					
4016	2026-02-08 09:43:59.876000+00:00	20448	cumulative					
4017	2026-02-08 09:44:16.340000+00:00	20451	cumulative					
4018	2026-02-08 09:47:01.777000+00:00	20451	cumulative					
4019	2026-02-08 09:47:39.528000+00:00	20451	cumulative					
4020	2026-02-08 09:48:53.424000+00:00	20452	cumulative					
4021	2026-02-08 09:49:07.389000+00:00	20453	cumulative					
4022	2026-02-08 09:50:20.390000+00:00	20454	cumulative					
4023	2026-02-08 09:51:53.222000+00:00	20456	cumulative					
4024	2026-02-08 09:53:27.588000+00:00	20456	cumulative					
4025	2026-02-08 09:55:35.979000+00:00	20456	cumulative					
4026	2026-02-08 16:37:14.907000+00:00	20457	cumulative					
4027	2026-02-08 18:49:50.588000+00:00	20457	cumulative					
4028	2026-02-08 19:09:30.013000+00:00	20463	cumulative					
4029	2026-02-08 19:10:35.089000+00:00	20463	cumulative					
4030	2026-02-08 19:12:06.544000+00:00	20463	cumulative					
4031	2026-02-08 19:18:31.350000+00:00	20464	cumulative					
4032	2026-02-08 19:21:25.473000+00:00	20465	cumulative					
4033	2026-02-08 20:19:02.588000+00:00	20467	cumulative					
4034	2026-02-08 20:33:44.166000+00:00	20468	cumulative					
4035	2026-02-08 20:40:36.810000+00:00	20469	cumulative					
4036	2026-02-08 20:42:26.910000+00:00	20471	cumulative					
4037	2026-02-08 20:44:10.682000+00:00	20471	cumulative					
4038	2026-02-08 20:45:53.144000+00:00	20473	cumulative					
4039	2026-02-08 20:47:38.535000+00:00	20474	cumulative					
4040	2026-02-08 20:49:05.815000+00:00	20477	cumulative					
4041	2026-02-08 20:50:32.864000+00:00	20477	cumulative					
4042	2026-02-08 20:52:03.979000+00:00	20481	cumulative					
4043	2026-02-08 20:53:44.873000+00:00	20485	cumulative					
4044	2026-02-08 20:55:23.735000+00:00	20489	cumulative					
4045	2026-02-08 20:57:30.110000+00:00	20489	cumulative					
4046	2026-02-08 20:59:44.651000+00:00	20490	cumulative					
4047	2026-02-08 21:01:20.118000+00:00	20491	cumulative					
4048	2026-02-08 21:38:32.875000+00:00	20494	cumulative					
4049	2026-02-09 00:55:04.822000+00:00	20494	cumulative					
4050	2026-02-09 00:57:45.466000+00:00	20495	cumulative					
4051	2026-02-09 01:01:19.915000+00:00	20503	cumulative					
4052	2026-02-09 01:02:49.992000+00:00	20508	cumulative					
4053	2026-02-09 01:04:23.542000+00:00	20514	cumulative					
4054	2026-02-09 01:09:21.306000+00:00	20514	cumulative					
4055	2026-02-09 01:11:32.274000+00:00	20514	cumulative					
4056	2026-02-09 01:15:25.480000+00:00	20514	cumulative					
4057	2026-02-09 01:39:23.082000+00:00	20514	cumulative					
4058	2026-02-09 01:41:43.910000+00:00	20514	cumulative					
4059	2026-02-09 01:42:37.289000+00:00	20515	cumulative					
4060	2026-02-09 01:44:05.417000+00:00	20519	cumulative					
4061	2026-02-09 02:02:57.584000+00:00	20519	cumulative					
4062	2026-02-09 02:08:12.369000+00:00	20526	cumulative					
4063	2026-02-09 02:10:13.317000+00:00	20527	cumulative					
4064	2026-02-09 02:10:51.286000+00:00	20528	cumulative					
4065	2026-02-09 02:12:02.720000+00:00	20528	cumulative					
4066	2026-02-09 02:13:46.538000+00:00	20528	cumulative					
4067	2026-02-09 02:15:48.935000+00:00	20531	cumulative					
4068	2026-02-09 02:17:41.968000+00:00	20531	cumulative					
4069	2026-02-09 02:19:07.434000+00:00	20531	cumulative					
4070	2026-02-09 02:21:39.558000+00:00	20535	cumulative					
4071	2026-02-09 02:26:43.821000+00:00	20535	cumulative					
4072	2026-02-09 02:29:48.185000+00:00	20536	cumulative					
4073	2026-02-09 02:34:08.049000+00:00	20536	cumulative					
4074	2026-02-09 02:37:01.381000+00:00	20536	cumulative					
4075	2026-02-09 02:39:15.076000+00:00	20536	cumulative					
4076	2026-02-09 02:42:06.400000+00:00	20538	cumulative					
4077	2026-02-09 02:44:09.683000+00:00	20538	cumulative					
4078	2026-02-09 02:46:18.118000+00:00	20538	cumulative					
4079	2026-02-09 02:50:28.614000+00:00	20539	cumulative					
4080	2026-02-09 02:52:22.839000+00:00	20540	cumulative					
4081	2026-02-09 02:53:46.920000+00:00	20540	cumulative					
4082	2026-02-09 02:56:47.323000+00:00	20540	cumulative					
4083	2026-02-09 03:00:09.614000+00:00	20541	cumulative					
4084	2026-02-09 03:19:12.249000+00:00	20542	cumulative					
4085	2026-02-09 03:22:02.860000+00:00	20542	cumulative					
4086	2026-02-09 03:27:15.513000+00:00	20547	cumulative					
4087	2026-02-09 03:28:48.880000+00:00	20551	cumulative					
4088	2026-02-09 03:31:49.202000+00:00	20551	cumulative					
4089	2026-02-09 03:39:32.375000+00:00	20554	cumulative					
4090	2026-02-09 17:34:39.566000+00:00	20556	cumulative					
4091	2026-02-09 17:36:15.425000+00:00	20556	cumulative					
4092	2026-02-09 17:38:41.603000+00:00	20559	cumulative					
4093	2026-02-09 20:06:30.846000+00:00	20562	cumulative					
4094	2026-02-09 20:08:48.923000+00:00	20566	cumulative					
4095	2026-02-09 20:10:36.284000+00:00	20567	cumulative					
4096	2026-02-09 20:12:04.760000+00:00	20571	cumulative					
4097	2026-02-09 20:24:15.679000+00:00	20573	cumulative					
4098	2026-02-09 20:41:57.265000+00:00	20574	cumulative					
4099	2026-02-09 21:20:08.548000+00:00	20574	cumulative					
4100	2026-02-09 21:21:36.963000+00:00	20577	cumulative					
4101	2026-02-09 21:24:02.845000+00:00	20577	cumulative					
4102	2026-02-09 21:25:50.689000+00:00	20578	cumulative					
4103	2026-02-09 21:27:15.145000+00:00	20580	cumulative					
4104	2026-02-09 21:28:48.155000+00:00	20586	cumulative					
4105	2026-02-10 00:21:22.180000+00:00	20587	cumulative					
4106	2026-02-10 00:23:17.030000+00:00	20588	cumulative					
4107	2026-02-10 00:24:45.949000+00:00	20589	cumulative					
4108	2026-02-10 00:26:14.199000+00:00	20589	cumulative					
4109	2026-02-10 00:27:03.165000+00:00	20598	cumulative					
4110	2026-02-10 00:29:06.900000+00:00	20599	cumulative					
4111	2026-02-10 00:39:10.289000+00:00	20603	cumulative					
4112	2026-02-10 00:42:00.964000+00:00	20606	cumulative					
4113	2026-02-10 01:46:42.335000+00:00	20607	cumulative					
4114	2026-02-10 01:51:57.896000+00:00	20608	cumulative					
4115	2026-02-10 03:01:22.165000+00:00	20611	cumulative					
4116	2026-02-10 03:26:14.201000+00:00	20612	cumulative					
4117	2026-02-10 03:30:42.573000+00:00	20614	cumulative					
4118	2026-02-10 03:41:50.294000+00:00	20614	cumulative					
4119	2026-02-10 03:43:46.787000+00:00	20615	cumulative					
4120	2026-02-10 03:47:39.165000+00:00	20618	cumulative					
4121	2026-02-10 03:49:13.119000+00:00	20618	cumulative					
4122	2026-02-10 03:51:52.153000+00:00	20625	cumulative					
4123	2026-02-10 04:08:29.178000+00:00	20626	cumulative					
4124	2026-02-10 04:10:00.830000+00:00	20630	cumulative					
4125	2026-02-10 04:10:16.725000+00:00	20635	cumulative					
4126	2026-02-10 04:11:47.245000+00:00	20635	cumulative					
4127	2026-02-10 04:12:09.224000+00:00	20638	cumulative					
4128	2026-02-10 04:14:21.789000+00:00	20644	cumulative					
4129	2026-02-10 04:15:47.507000+00:00	20645	cumulative					
4130	2026-02-10 04:18:26.682000+00:00	20646	cumulative					
4131	2026-02-10 04:19:23.038000+00:00	20646	cumulative					
4132	2026-02-10 04:21:25.540000+00:00	20646	cumulative					
4133	2026-02-10 04:22:54.574000+00:00	20647	cumulative					
4134	2026-02-10 04:24:51.079000+00:00	20648	cumulative					
4135	2026-02-10 04:28:11.582000+00:00	20649	cumulative					
4136	2026-02-10 04:30:42.527000+00:00	20652	cumulative					
4137	2026-02-10 04:34:41.441000+00:00	20654	cumulative					
4138	2026-02-10 05:42:48.190000+00:00	20654	cumulative					
4139	2026-02-10 05:44:53.036000+00:00	20654	cumulative					
4140	2026-02-10 05:45:50.137000+00:00	20655	cumulative					
4141	2026-02-10 05:47:07.099000+00:00	20656	cumulative					
4142	2026-02-10 05:49:10.497000+00:00	20657	cumulative					
4143	2026-02-10 05:50:46.085000+00:00	20657	cumulative					
4144	2026-02-10 05:53:05.134000+00:00	20664	cumulative					
4145	2026-02-10 06:17:31.757000+00:00	20670	cumulative					
4146	2026-02-10 06:23:37.200000+00:00	20671	cumulative					
4147	2026-02-10 06:28:56.529000+00:00	20671	cumulative					
4148	2026-02-10 06:30:43.790000+00:00	20680	cumulative					
4149	2026-02-10 06:37:09.563000+00:00	20680	cumulative					
4150	2026-02-10 06:55:04.615000+00:00	20681	cumulative					
4151	2026-02-10 11:36:15.236000+00:00	20681	cumulative					
4152	2026-02-10 12:57:35.453000+00:00	20681	cumulative					
4153	2026-02-10 13:59:18.689000+00:00	20688	cumulative					
4154	2026-02-10 14:25:23.104000+00:00	20690	cumulative					
4155	2026-02-10 14:45:13.291000+00:00	20691	cumulative					
4156	2026-02-10 14:47:38.312000+00:00	20691	cumulative					
4157	2026-02-10 14:51:47.061000+00:00	20693	cumulative					
4158	2026-02-10 16:49:53.974000+00:00	20695	cumulative					
4159	2026-02-10 16:51:57.821000+00:00	20695	cumulative					
4160	2026-02-10 16:53:29.268000+00:00	20696	cumulative					
4161	2026-02-10 17:19:03.766000+00:00	20697	cumulative					
4162	2026-02-10 20:39:00.126000+00:00	20698	cumulative					
4163	2026-02-10 20:39:51.386000+00:00	20706	cumulative					
4164	2026-02-10 20:42:29.966000+00:00	20708	cumulative					
4165	2026-02-10 20:42:56.216000+00:00	20708	cumulative					
4166	2026-02-10 20:44:29.655000+00:00	20709	cumulative					
4167	2026-02-10 20:46:03.314000+00:00	20714	cumulative					
4168	2026-02-10 20:48:52.975000+00:00	20714	cumulative					
4169	2026-02-10 20:52:36.515000+00:00	20715	cumulative					
4170	2026-02-10 20:54:33.268000+00:00	20716	cumulative					
4171	2026-02-10 20:56:06.446000+00:00	20717	cumulative					
4172	2026-02-10 21:03:13.057000+00:00	20719	cumulative					
4173	2026-02-10 21:06:51.830000+00:00	20719	cumulative					
4174	2026-02-10 21:08:17.333000+00:00	20719	cumulative					
4175	2026-02-10 21:12:06.273000+00:00	20721	cumulative					
4176	2026-02-10 21:13:33.533000+00:00	20721	cumulative					
4177	2026-02-10 21:15:23.570000+00:00	20722	cumulative					
4178	2026-02-10 21:16:55.764000+00:00	20722	cumulative					
4179	2026-02-10 21:18:21.016000+00:00	20722	cumulative					
4180	2026-02-10 21:19:51.284000+00:00	20724	cumulative					
4181	2026-02-10 21:21:17.606000+00:00	20727	cumulative					
4182	2026-02-10 21:22:37.327000+00:00	20729	cumulative					
4183	2026-02-10 21:23:18.918000+00:00	20729	cumulative					
4184	2026-02-10 21:26:04.302000+00:00	20740	cumulative					
4185	2026-02-10 21:29:15.988000+00:00	20747	cumulative					
4186	2026-02-10 21:30:37.789000+00:00	20750	cumulative					
4187	2026-02-10 21:32:18.012000+00:00	20751	cumulative					
4188	2026-02-10 21:34:40.697000+00:00	20755	cumulative					
4189	2026-02-10 22:01:20.831000+00:00	20755	cumulative					
4190	2026-02-11 00:51:40.984000+00:00	20756	cumulative					
4191	2026-02-11 00:53:08.980000+00:00	20757	cumulative					
4192	2026-02-11 02:26:02.378000+00:00	20761	cumulative					
4193	2026-02-11 02:41:34.230000+00:00	20770	cumulative					
4194	2026-02-11 02:44:08.949000+00:00	20770	cumulative					
4195	2026-02-11 03:02:11.196000+00:00	20774	cumulative					
4196	2026-02-11 03:14:25.197000+00:00	20777	cumulative					
4197	2026-02-11 03:20:30.902000+00:00	20778	cumulative					
4198	2026-02-11 03:22:46.866000+00:00	20778	cumulative					
4199	2026-02-11 03:23:13.028000+00:00	20779	cumulative					
4200	2026-02-11 03:28:43.761000+00:00	20780	cumulative					
4201	2026-02-11 03:50:01.528000+00:00	20782	cumulative					
4202	2026-02-11 04:11:53.821000+00:00	20782	cumulative					
4203	2026-02-11 04:13:32.186000+00:00	20784	cumulative					
4204	2026-02-11 04:14:58.386000+00:00	20785	cumulative					
4205	2026-02-11 06:00:14.199000+00:00	20785	cumulative					
4206	2026-02-11 06:03:01.402000+00:00	20785	cumulative					
4207	2026-02-11 06:04:38.995000+00:00	20786	cumulative					
4208	2026-02-11 06:46:57.998000+00:00	20787	cumulative					
4209	2026-02-11 06:48:34.279000+00:00	20788	cumulative					
4210	2026-02-11 06:50:49.408000+00:00	20790	cumulative					
4211	2026-02-11 06:52:49.798000+00:00	20790	cumulative					
4212	2026-02-11 06:54:18.408000+00:00	20794	cumulative					
4213	2026-02-11 06:55:54.102000+00:00	20799	cumulative					
4214	2026-02-11 06:57:33.106000+00:00	20801	cumulative					
4215	2026-02-11 06:59:53.428000+00:00	20802	cumulative					
4216	2026-02-11 07:01:54.930000+00:00	20807	cumulative					
4217	2026-02-11 07:03:45.515000+00:00	20807	cumulative					
4218	2026-02-11 07:05:18.375000+00:00	20807	cumulative					
4219	2026-02-11 07:06:44.814000+00:00	20807	cumulative					
4220	2026-02-11 07:08:49.159000+00:00	20809	cumulative					
4221	2026-02-11 07:11:12.209000+00:00	20810	cumulative					
4222	2026-02-11 13:52:10.856000+00:00	20812	cumulative					
4223	2026-02-11 17:12:36.681000+00:00	20814	cumulative					
4224	2026-02-11 18:26:24.842000+00:00	20815	cumulative					
4225	2026-02-11 19:54:16.366000+00:00	20815	cumulative					
4226	2026-02-11 19:58:48.620000+00:00	20815	cumulative					
4227	2026-02-11 20:05:50.540000+00:00	20816	cumulative					
4228	2026-02-11 20:17:51.937000+00:00	20816	cumulative					
4229	2026-02-11 21:56:12.529000+00:00	20816	cumulative					
4230	2026-02-11 22:12:01.129000+00:00	20816	cumulative					
4231	2026-02-12 01:27:36.509000+00:00	20816	cumulative					
4232	2026-02-12 01:28:41.072000+00:00	20816	cumulative					
4233	2026-02-12 01:31:59.820000+00:00	20819	cumulative					
4234	2026-02-12 02:57:15.653000+00:00	20820	cumulative					
4235	2026-02-12 03:20:59.970000+00:00	20822	cumulative					
4236	2026-02-12 03:25:16.743000+00:00	20822	cumulative					
4237	2026-02-12 03:35:19.755000+00:00	20822	cumulative					
4238	2026-02-12 14:14:27.221000+00:00	20823	cumulative					
4239	2026-02-12 20:13:15.996000+00:00	20825	cumulative					
4240	2026-02-13 02:50:14.504000+00:00	20825	cumulative					
4241	2026-02-13 02:57:37.311000+00:00	20826	cumulative					
4242	2026-02-13 04:50:08.882000+00:00	20827	cumulative					
4243	2026-02-13 04:53:34.551000+00:00	20847	cumulative					
4244	2026-02-13 04:56:08.940000+00:00	20849	cumulative					
4245	2026-02-13 04:56:24.843000+00:00	20852	cumulative					
4246	2026-02-13 04:58:57.176000+00:00	20856	cumulative					
4247	2026-02-13 05:03:44.209000+00:00	20858	cumulative					
4248	2026-02-13 05:06:08.019000+00:00	20858	cumulative					
4249	2026-02-13 05:06:52.570000+00:00	20858	cumulative					
4250	2026-02-13 05:09:52.536000+00:00	20859	cumulative					
4251	2026-02-13 05:10:30.174000+00:00	20859	cumulative					
4252	2026-02-13 05:12:00.334000+00:00	20859	cumulative					
4253	2026-02-13 05:13:42.782000+00:00	20861	cumulative					
4254	2026-02-13 05:15:14.331000+00:00	20862	cumulative					
4255	2026-02-13 05:16:48.203000+00:00	20863	cumulative					
4256	2026-02-13 05:18:47.823000+00:00	20864	cumulative					
4257	2026-02-13 05:21:21.010000+00:00	20866	cumulative					
4258	2026-02-13 05:23:10.700000+00:00	20872	cumulative					
4259	2026-02-13 05:25:21.935000+00:00	20872	cumulative					
4260	2026-02-13 05:27:17.533000+00:00	20873	cumulative					
4261	2026-02-13 08:01:42.908000+00:00	20873	cumulative					
4262	2026-02-13 08:02:24.813000+00:00	20878	cumulative					
4263	2026-02-13 08:05:20.616000+00:00	20882	cumulative					
4264	2026-02-13 08:06:45.382000+00:00	20882	cumulative					
4265	2026-02-13 08:08:10.987000+00:00	20884	cumulative					
4266	2026-02-13 08:09:43.650000+00:00	20888	cumulative					
4267	2026-02-13 08:11:09.677000+00:00	20889	cumulative					
4268	2026-02-13 08:12:37.301000+00:00	20893	cumulative					
4269	2026-02-13 08:14:02.943000+00:00	20897	cumulative					
4270	2026-02-13 08:15:19.477000+00:00	20900	cumulative					
4271	2026-02-13 08:25:37.015000+00:00	20910	cumulative					
4272	2026-02-13 08:28:29.200000+00:00	20911	cumulative					
4273	2026-02-13 08:30:13.354000+00:00	20917	cumulative					
4274	2026-02-13 08:31:41.083000+00:00	20919	cumulative					
4275	2026-02-13 08:33:29.337000+00:00	20920	cumulative					
4276	2026-02-13 08:34:57.981000+00:00	20920	cumulative					
4277	2026-02-13 15:51:49.439000+00:00	20920	cumulative					
4278	2026-02-13 15:53:24.759000+00:00	20920	cumulative					
4279	2026-02-13 15:54:58.889000+00:00	20922	cumulative					
4280	2026-02-13 15:56:22.379000+00:00	20922	cumulative					
4281	2026-02-13 15:57:05.223000+00:00	20923	cumulative					
4282	2026-02-13 15:59:14.269000+00:00	20923	cumulative					
4283	2026-02-13 16:00:39.235000+00:00	20923	cumulative					
4284	2026-02-13 16:08:49.882000+00:00	20925	cumulative					
4285	2026-02-13 16:10:24.936000+00:00	20928	cumulative					
4286	2026-02-13 16:18:20.197000+00:00	20931	cumulative					
4287	2026-02-13 16:53:48.460000+00:00	20932	cumulative					
4288	2026-02-13 17:00:02.346000+00:00	20933	cumulative					
4289	2026-02-13 17:04:08.604000+00:00	20940	cumulative					
4290	2026-02-13 17:28:47.870000+00:00	20940	cumulative					
4291	2026-02-13 17:30:11.063000+00:00	20940	cumulative					
4292	2026-02-13 17:31:49.629000+00:00	20941	cumulative					
4293	2026-02-13 19:01:42.841000+00:00	20943	cumulative					
4294	2026-02-13 19:03:27.273000+00:00	20948	cumulative					
4295	2026-02-13 19:10:34.348000+00:00	20948	cumulative					
4296	2026-02-13 19:12:19.788000+00:00	20948	cumulative					
4297	2026-02-13 23:33:56.582000+00:00	20948	cumulative					
4298	2026-02-13 23:38:45.355000+00:00	20948	cumulative					
4299	2026-02-14 05:46:49.538000+00:00	20948	cumulative					
4300	2026-02-14 12:00:36.223000+00:00	20948	cumulative					
4301	2026-02-14 14:30:33.977000+00:00	20948	cumulative					
4302	2026-02-14 17:53:03.654000+00:00	20948	cumulative					
4303	2026-02-14 17:55:02.036000+00:00	20950	cumulative					
4304	2026-02-14 17:56:54.790000+00:00	20951	cumulative					
4305	2026-02-14 17:58:24.495000+00:00	20956	cumulative					
4306	2026-02-14 18:02:56.764000+00:00	20958	cumulative					
4307	2026-02-14 18:04:26.946000+00:00	20958	cumulative					
4308	2026-02-14 18:06:41.497000+00:00	20960	cumulative					
4309	2026-02-14 18:08:10.479000+00:00	20960	cumulative					
4310	2026-02-14 18:09:35.485000+00:00	20960	cumulative					
4311	2026-02-14 19:17:55.564000+00:00	20961	cumulative					
4312	2026-02-14 19:19:24.827000+00:00	20961	cumulative					
4313	2026-02-14 19:23:33.497000+00:00	20961	cumulative					
4314	2026-02-14 19:25:15.667000+00:00	20962	cumulative					
4315	2026-02-15 20:41:05.157000+00:00	20962	cumulative					
4316	2026-02-15 20:43:24.581000+00:00	20963	cumulative					
4317	2026-02-15 20:49:52.033000+00:00	20964	cumulative					
4318	2026-02-15 21:11:12.102000+00:00	20965	cumulative					
4319	2026-02-15 21:27:59.162000+00:00	20965	cumulative					
4320	2026-02-15 21:33:31.663000+00:00	20970	cumulative					
4321	2026-02-15 21:35:33.082000+00:00	20982	cumulative					
4322	2026-02-16 02:05:34.044000+00:00	20983	cumulative					
4323	2026-02-16 02:07:41.636000+00:00	20984	cumulative					
4324	2026-02-16 02:09:39.990000+00:00	20984	cumulative					
4325	2026-02-16 02:11:26.258000+00:00	20984	cumulative					
4326	2026-02-16 02:12:29.766000+00:00	20985	cumulative					
4327	2026-02-16 03:32:58.014000+00:00	20987	cumulative					
4328	2026-02-16 03:34:57.255000+00:00	20988	cumulative					
4329	2026-02-16 03:38:18.025000+00:00	20989	cumulative					
4330	2026-02-16 03:44:25.494000+00:00	20991	cumulative					
4331	2026-02-16 03:45:56.575000+00:00	20997	cumulative					
4332	2026-02-16 03:48:12.646000+00:00	20997	cumulative					
4333	2026-02-16 03:49:53.982000+00:00	20998	cumulative					
4334	2026-02-16 03:52:45.677000+00:00	21001	cumulative					
4335	2026-02-16 03:55:06.035000+00:00	21001	cumulative					
4336	2026-02-16 03:58:07.891000+00:00	21002	cumulative					
4337	2026-02-16 04:00:50.364000+00:00	21007	cumulative					
4338	2026-02-16 04:02:29.361000+00:00	21007	cumulative					
4339	2026-02-16 04:04:09.911000+00:00	21007	cumulative					
4340	2026-02-16 04:05:09.335000+00:00	21007	cumulative					
4341	2026-02-16 04:07:26.646000+00:00	21007	cumulative					
4342	2026-02-16 04:08:51.295000+00:00	21008	cumulative					
4343	2026-02-16 04:10:15.431000+00:00	21010	cumulative					
4344	2026-02-16 04:11:41.088000+00:00	21011	cumulative					
4345	2026-02-16 04:12:47.555000+00:00	21015	cumulative					
4346	2026-02-16 04:14:52.010000+00:00	21017	cumulative					
4347	2026-02-16 04:16:16.575000+00:00	21017	cumulative					
4348	2026-02-16 04:18:01.819000+00:00	21018	cumulative					
4349	2026-02-16 04:19:38.039000+00:00	21020	cumulative					
4350	2026-02-16 04:31:58.279000+00:00	21022	cumulative					
4351	2026-02-16 04:50:00.283000+00:00	21024	cumulative					
4352	2026-02-16 05:04:54.627000+00:00	21027	cumulative					
4353	2026-02-16 05:09:56.040000+00:00	21027	cumulative					
4354	2026-02-16 05:12:18.111000+00:00	21031	cumulative					
4355	2026-02-16 05:19:09.668000+00:00	21034	cumulative					
4356	2026-02-16 05:38:54.558000+00:00	21035	cumulative					
4357	2026-02-16 05:40:35.252000+00:00	21037	cumulative					
4358	2026-02-16 05:42:25.542000+00:00	21039	cumulative					
4359	2026-02-16 05:50:14.430000+00:00	21042	cumulative					
4360	2026-02-16 05:52:02.252000+00:00	21042	cumulative					
4361	2026-02-16 05:54:57.797000+00:00	21045	cumulative					
4362	2026-02-16 05:57:04.066000+00:00	21045	cumulative					
4363	2026-02-16 05:58:50.778000+00:00	21047	cumulative					
4364	2026-02-16 06:04:00.842000+00:00	21047	cumulative					
4365	2026-02-16 06:05:30.111000+00:00	21048	cumulative					
4366	2026-02-16 06:05:45.543000+00:00	21048	cumulative					
4367	2026-02-16 06:09:43.972000+00:00	21050	cumulative					
4368	2026-02-16 06:11:26.866000+00:00	21053	cumulative					
4369	2026-02-16 06:13:16.769000+00:00	21055	cumulative					
4370	2026-02-16 06:15:18.957000+00:00	21057	cumulative					
4371	2026-02-16 06:17:03.697000+00:00	21057	cumulative					
4372	2026-02-16 06:25:06.795000+00:00	21059	cumulative					
4373	2026-02-16 16:35:27.118000+00:00	21060	cumulative					
4374	2026-02-16 17:09:18.123000+00:00	21065	cumulative					
4375	2026-02-16 17:17:21.197000+00:00	21067	cumulative					
4376	2026-02-16 17:32:31.462000+00:00	21072	cumulative					
4377	2026-02-16 17:34:46.484000+00:00	21072	cumulative					
4378	2026-02-16 17:35:59.616000+00:00	21072	cumulative					
4379	2026-02-16 17:37:34.179000+00:00	21072	cumulative					
4380	2026-02-16 17:38:59.081000+00:00	21079	cumulative					
4381	2026-02-16 17:41:24.042000+00:00	21079	cumulative					
4382	2026-02-16 18:03:20.438000+00:00	21081	cumulative					
4383	2026-02-16 18:29:51.160000+00:00	21081	cumulative					
4384	2026-02-16 19:59:09.589000+00:00	21081	cumulative					
4385	2026-02-16 20:23:58.493000+00:00	21082	cumulative					
4386	2026-02-16 20:24:56.634000+00:00	21082	cumulative					
4387	2026-02-16 20:33:13.638000+00:00	21084	cumulative					
4388	2026-02-16 20:38:13.971000+00:00	21086	cumulative					
4389	2026-02-16 20:50:45.471000+00:00	21087	cumulative					
4390	2026-02-16 20:52:10.915000+00:00	21092	cumulative					
4391	2026-02-16 20:54:12.579000+00:00	21093	cumulative					
4392	2026-02-16 20:55:09.016000+00:00	21095	cumulative					
4393	2026-02-16 21:05:28.256000+00:00	21097	cumulative					
4394	2026-02-16 21:18:33.401000+00:00	21099	cumulative					
4395	2026-02-16 21:24:16.999000+00:00	21102	cumulative					
4396	2026-02-16 21:26:46.881000+00:00	21103	cumulative					
4397	2026-02-16 21:28:29.169000+00:00	21106	cumulative					
4398	2026-02-16 21:30:21.638000+00:00	21106	cumulative					
4399	2026-02-16 21:37:12.744000+00:00	21106	cumulative					
4400	2026-02-16 21:52:17.014000+00:00	21111	cumulative					
4401	2026-02-16 21:54:27.996000+00:00	21112	cumulative					
4402	2026-02-16 21:55:59.299000+00:00	21113	cumulative					
4403	2026-02-16 21:58:04.461000+00:00	21113	cumulative					
4404	2026-02-16 21:59:03.082000+00:00	21115	cumulative					
4405	2026-02-16 22:00:53.914000+00:00	21119	cumulative					
4406	2026-02-16 22:02:17.494000+00:00	21120	cumulative					
4407	2026-02-16 22:03:44.530000+00:00	21124	cumulative					
4408	2026-02-16 22:07:28.504000+00:00	21128	cumulative					
4409	2026-02-16 22:09:30.342000+00:00	21130	cumulative					
4410	2026-02-16 22:52:27.246000+00:00	21130	cumulative					
4411	2026-02-16 22:54:21.182000+00:00	21134	cumulative					
4412	2026-02-16 22:54:47.816000+00:00	21135	cumulative					
4413	2026-02-17 02:54:12.456000+00:00	21136	cumulative					
4414	2026-02-17 03:01:58.921000+00:00	21141	cumulative					
4415	2026-02-17 03:03:42.546000+00:00	21141	cumulative					
4416	2026-02-17 03:06:35.649000+00:00	21141	cumulative					
4417	2026-02-17 03:09:00.947000+00:00	21143	cumulative					
4418	2026-02-17 03:12:18.769000+00:00	21144	cumulative					
4419	2026-02-17 03:13:54.936000+00:00	21144	cumulative					
4420	2026-02-17 03:15:23.099000+00:00	21147	cumulative					
4421	2026-02-17 03:17:13.203000+00:00	21147	cumulative					
4422	2026-02-17 03:18:30.790000+00:00	21147	cumulative					
4423	2026-02-17 03:20:45.174000+00:00	21147	cumulative					
4424	2026-02-17 03:22:31.399000+00:00	21147	cumulative					
4425	2026-02-17 03:23:36.904000+00:00	21151	cumulative					
4426	2026-02-17 03:25:30.388000+00:00	21151	cumulative					
4427	2026-02-17 03:27:10.702000+00:00	21152	cumulative					
4428	2026-02-17 03:28:39.537000+00:00	21152	cumulative					
4429	2026-02-17 03:30:40.304000+00:00	21155	cumulative					
4430	2026-02-17 03:32:15.468000+00:00	21157	cumulative					
4431	2026-02-17 03:34:29.735000+00:00	21160	cumulative					
4432	2026-02-17 03:36:08.120000+00:00	21162	cumulative					
4433	2026-02-17 03:37:03.360000+00:00	21164	cumulative					
4434	2026-02-17 03:39:09.945000+00:00	21168	cumulative					
4435	2026-02-17 03:40:14.178000+00:00	21170	cumulative					
4436	2026-02-17 03:42:19.498000+00:00	21171	cumulative					
4437	2026-02-17 04:28:58.461000+00:00	21171	cumulative					
4438	2026-02-17 05:19:54.337000+00:00	21172	cumulative					
4439	2026-02-17 05:25:34.907000+00:00	21172	cumulative					
4440	2026-02-17 05:26:47.241000+00:00	21172	cumulative					
4441	2026-02-17 05:28:50.713000+00:00	21174	cumulative					
4442	2026-02-17 05:31:11.786000+00:00	21175	cumulative					
4443	2026-02-17 05:52:40.408000+00:00	21180	cumulative					
4444	2026-02-17 05:54:06.359000+00:00	21182	cumulative					
4445	2026-02-17 05:55:42.212000+00:00	21183	cumulative					
4446	2026-02-17 05:57:29.753000+00:00	21183	cumulative					
4447	2026-02-17 05:58:53.643000+00:00	21183	cumulative					
4448	2026-02-17 06:00:17.272000+00:00	21187	cumulative					
4449	2026-02-17 06:03:41.154000+00:00	21190	cumulative					
4450	2026-02-17 06:05:27.914000+00:00	21192	cumulative					
4451	2026-02-17 06:07:59.035000+00:00	21192	cumulative					
4452	2026-02-17 06:09:36.907000+00:00	21193	cumulative					
4453	2026-02-17 06:10:52.502000+00:00	21201	cumulative					
4454	2026-02-17 06:12:18.947000+00:00	21202	cumulative					
4455	2026-02-17 06:13:51.892000+00:00	21203	cumulative					
4456	2026-02-17 06:14:02.942000+00:00	21203	cumulative					
4457	2026-02-17 06:15:49.381000+00:00	21203	cumulative					
4458	2026-02-17 06:17:36.400000+00:00	21203	cumulative					
4459	2026-02-17 06:19:49.563000+00:00	21204	cumulative					
4460	2026-02-17 06:22:05.111000+00:00	21204	cumulative					
4461	2026-02-17 06:23:25.355000+00:00	21206	cumulative					
4462	2026-02-17 06:25:04.917000+00:00	21207	cumulative					
4463	2026-02-17 15:14:26.750000+00:00	21208	cumulative					
4464	2026-02-17 15:22:40.280000+00:00	21209	cumulative					
4465	2026-02-17 15:42:33.892000+00:00	21211	cumulative					
4466	2026-02-17 15:58:07.048000+00:00	21215	cumulative					
4467	2026-02-17 18:43:33.282000+00:00	21216	cumulative					
4468	2026-02-17 19:00:47.935000+00:00	21218	cumulative					
4469	2026-02-17 19:08:26.357000+00:00	21219	cumulative					
4470	2026-02-17 19:17:12.498000+00:00	21221	cumulative					
4471	2026-02-17 19:22:02.050000+00:00	21221	cumulative					
4472	2026-02-17 19:34:00.439000+00:00	21222	cumulative					
4473	2026-02-17 20:10:56.777000+00:00	21222	cumulative					
4474	2026-02-17 20:13:23.447000+00:00	21222	cumulative					
4475	2026-02-17 20:16:22.870000+00:00	21222	cumulative					
4476	2026-02-17 20:33:20.145000+00:00	21227	cumulative					
4477	2026-02-17 21:52:58.820000+00:00	21227	cumulative					
4478	2026-02-17 22:00:00.255000+00:00	21228	cumulative					
4479	2026-02-17 22:40:33.039000+00:00	21228	cumulative					
4480	2026-02-17 22:41:38.121000+00:00	21228	cumulative					
4481	2026-02-17 23:56:37.678000+00:00	21228	cumulative					
4482	2026-02-17 23:59:27.919000+00:00	21230	cumulative					
4483	2026-02-18 00:00:42.270000+00:00	21232	cumulative					
4484	2026-02-18 00:03:12.327000+00:00	21232	cumulative					
4485	2026-02-18 00:06:22.477000+00:00	21232	cumulative					
4486	2026-02-18 00:11:26.648000+00:00	21234	cumulative					
4487	2026-02-18 00:29:30.378000+00:00	21236	cumulative					
4488	2026-02-18 00:31:23.475000+00:00	21236	cumulative					
4489	2026-02-18 00:33:11.490000+00:00	21236	cumulative					
4491	2026-02-18 02:42:27.817000+00:00	21242	cumulative					
4492	2026-02-18 02:43:33.017000+00:00	21244	cumulative					
4493	2026-02-18 02:45:44.629000+00:00	21246	cumulative					
4494	2026-02-18 02:47:47.111000+00:00	21248	cumulative					
4495	2026-02-18 02:49:56.726000+00:00	21250	cumulative					
4496	2026-02-18 02:51:24.637000+00:00	21254	cumulative					
4497	2026-02-18 02:52:56.751000+00:00	21254	cumulative					
4498	2026-02-18 02:54:33.946000+00:00	21254	cumulative					
4499	2026-02-18 02:55:59.653000+00:00	21254	cumulative					
4500	2026-02-18 02:57:40.082000+00:00	21257	cumulative					
4501	2026-02-18 02:59:10.101000+00:00	21261	cumulative					
4502	2026-02-18 03:01:29.988000+00:00	21262	cumulative					
4503	2026-02-18 03:03:06.852000+00:00	21263	cumulative					
4504	2026-02-18 03:04:20.600000+00:00	21267	cumulative					
4505	2026-02-18 03:06:02.467000+00:00	21267	cumulative					
4506	2026-02-18 03:07:31.992000+00:00	21272	cumulative					
4507	2026-02-18 03:09:10.512000+00:00	21273	cumulative					
4508	2026-02-18 03:10:34.941000+00:00	21273	cumulative					
4509	2026-02-18 03:12:01.406000+00:00	21275	cumulative					
4510	2026-02-18 03:13:34.179000+00:00	21275	cumulative					
4511	2026-02-18 03:15:47.945000+00:00	21277	cumulative					
4512	2026-02-18 04:00:17.012000+00:00	21282	cumulative					
4513	2026-02-18 04:01:46.681000+00:00	21284	cumulative					
4514	2026-02-18 04:03:13.827000+00:00	21287	cumulative					
4515	2026-02-18 04:35:40.317000+00:00	21288	cumulative					
4516	2026-02-18 04:37:31.138000+00:00	21291	cumulative					
4517	2026-02-18 04:39:11.837000+00:00	21291	cumulative					
4518	2026-02-18 04:39:40.681000+00:00	21294	cumulative					
4519	2026-02-18 04:42:01.266000+00:00	21295	cumulative					
4520	2026-02-18 04:43:37.685000+00:00	21295	cumulative					
4521	2026-02-18 04:44:47.564000+00:00	21298	cumulative					
4522	2026-02-18 04:46:45.576000+00:00	21307	cumulative					
4523	2026-02-18 04:48:31.074000+00:00	21307	cumulative					
4524	2026-02-18 04:49:59.183000+00:00	21309	cumulative					
4525	2026-02-18 04:51:37.968000+00:00	21313	cumulative					
4526	2026-02-18 04:53:17.871000+00:00	21313	cumulative					
4527	2026-02-18 04:53:35.550000+00:00	21315	cumulative					
4528	2026-02-18 04:55:56.984000+00:00	21317	cumulative					
4529	2026-02-18 04:57:36.853000+00:00	21319	cumulative					
4530	2026-02-18 04:57:43.825000+00:00	21320	cumulative					
4531	2026-02-18 04:59:46.403000+00:00	21320	cumulative					
4532	2026-02-18 05:00:40.557000+00:00	21323	cumulative					
4533	2026-02-18 05:05:10.765000+00:00	21323	cumulative					
4534	2026-02-18 05:05:42.870000+00:00	21324	cumulative					
4535	2026-02-18 05:08:29.441000+00:00	21327	cumulative					
4536	2026-02-18 05:45:58.711000+00:00	21329	cumulative					
4537	2026-02-18 05:46:42.719000+00:00	21334	cumulative					
4538	2026-02-18 05:48:53.941000+00:00	21334	cumulative					
4539	2026-02-18 05:50:28.398000+00:00	21341	cumulative					
4540	2026-02-18 05:51:52.694000+00:00	21345	cumulative					
4541	2026-02-18 05:53:36.110000+00:00	21345	cumulative					
4542	2026-02-18 05:54:44.546000+00:00	21346	cumulative					
4543	2026-02-18 05:58:21.172000+00:00	21347	cumulative					
4544	2026-02-18 06:00:33.660000+00:00	21347	cumulative					
4545	2026-02-18 06:03:13.543000+00:00	21350	cumulative					
4546	2026-02-18 06:05:05.764000+00:00	21352	cumulative					
4547	2026-02-18 06:06:41.749000+00:00	21352	cumulative					
4548	2026-02-18 06:08:31.023000+00:00	21355	cumulative					
4549	2026-02-18 06:11:18.739000+00:00	21355	cumulative					
4550	2026-02-18 06:12:11.287000+00:00	21355	cumulative					
4551	2026-02-18 06:14:09.849000+00:00	21355	cumulative					
4552	2026-02-18 13:38:18.189000+00:00	21355	cumulative					
4553	2026-02-18 14:10:35.251000+00:00	21357	cumulative					
4554	2026-02-18 14:17:34.887000+00:00	21357	cumulative					
4555	2026-02-18 14:44:15.368000+00:00	21357	cumulative					
4556	2026-02-18 17:09:40.648000+00:00	21359	cumulative					
4557	2026-02-18 17:11:14.300000+00:00	21359	cumulative					
4558	2026-02-18 17:13:37.454000+00:00	21360	cumulative					
4559	2026-02-18 17:15:50.028000+00:00	21362	cumulative					
4560	2026-02-18 17:20:38.948000+00:00	21365	cumulative					
4561	2026-02-18 17:28:42.934000+00:00	21367	cumulative					
4562	2026-02-18 17:30:12.882000+00:00	21367	cumulative					
4563	2026-02-18 17:33:21.851000+00:00	21369	cumulative					
4564	2026-02-18 19:54:42.227000+00:00	21370	cumulative					
4565	2026-02-18 19:58:21.337000+00:00	21371	cumulative					
4566	2026-02-18 22:11:18.688000+00:00	21371	cumulative					
4567	2026-02-18 23:26:34.639000+00:00	21375	cumulative					
4568	2026-02-18 23:32:47.264000+00:00	21379	cumulative					
4569	2026-02-18 23:34:01.965000+00:00	21381	cumulative					
4570	2026-02-18 23:35:38.155000+00:00	21381	cumulative					
4571	2026-02-18 23:39:57.890000+00:00	21382	cumulative					
4572	2026-02-18 23:42:09.081000+00:00	21382	cumulative					
4573	2026-02-19 00:17:27.768000+00:00	21384	cumulative					
4574	2026-02-19 00:31:21.359000+00:00	21386	cumulative					
4575	2026-02-19 02:17:05.648000+00:00	21390	cumulative					
4576	2026-02-19 02:17:45.541000+00:00	21393	cumulative					
4577	2026-02-19 02:22:37.969000+00:00	21394	cumulative					
4578	2026-02-19 02:28:44.693000+00:00	21394	cumulative					
4579	2026-02-19 02:30:35.821000+00:00	21394	cumulative					
4580	2026-02-19 02:33:26.637000+00:00	21394	cumulative					
4581	2026-02-19 02:50:20.874000+00:00	21396	cumulative					
4582	2026-02-19 02:52:31.933000+00:00	21396	cumulative					
4583	2026-02-19 02:53:48.388000+00:00	21397	cumulative					
4584	2026-02-19 03:03:48.495000+00:00	21398	cumulative					
4585	2026-02-19 03:06:39.283000+00:00	21400	cumulative					
4586	2026-02-19 03:08:05.503000+00:00	21403	cumulative					
4587	2026-02-19 03:18:12.115000+00:00	21404	cumulative					
4588	2026-02-19 03:20:00.529000+00:00	21405	cumulative					
4589	2026-02-19 03:30:25.686000+00:00	21405	cumulative					
4590	2026-02-19 04:12:11.066000+00:00	21405	cumulative					
4591	2026-02-19 14:09:40.532000+00:00	21405	cumulative					
4592	2026-02-19 14:11:05.751000+00:00	21407	cumulative					
4593	2026-02-19 14:12:34.055000+00:00	21414	cumulative					
4594	2026-02-19 16:57:59.333000+00:00	21417	cumulative					
4595	2026-02-19 17:50:02.883000+00:00	21418	cumulative					
4596	2026-02-19 18:32:39.017000+00:00	21419	cumulative					
4597	2026-02-19 18:36:35.311000+00:00	21422	cumulative					
4598	2026-02-19 18:38:30.602000+00:00	21422	cumulative					
4599	2026-02-19 23:34:03.702000+00:00	21427	cumulative					
4600	2026-02-19 23:35:54.037000+00:00	21429	cumulative					
4601	2026-02-19 23:37:26.749000+00:00	21430	cumulative					
4602	2026-02-20 01:15:02.570000+00:00	21431	cumulative					
4603	2026-02-20 01:16:46.487000+00:00	21435	cumulative					
4604	2026-02-20 01:32:10.307000+00:00	21436	cumulative					
4605	2026-02-20 01:48:00.040000+00:00	21436	cumulative					
4606	2026-02-20 01:54:52.705000+00:00	21440	cumulative					
4607	2026-02-20 05:16:05.577000+00:00	21440	cumulative					
4608	2026-02-20 05:16:59.912000+00:00	21447	cumulative					
4609	2026-02-20 05:19:00.566000+00:00	21447	cumulative					
4610	2026-02-20 05:23:15.495000+00:00	21450	cumulative					
4611	2026-02-20 05:25:31.627000+00:00	21452	cumulative					
4612	2026-02-20 05:26:37.075000+00:00	21456	cumulative					
4613	2026-02-20 05:28:54.621000+00:00	21457	cumulative					
4614	2026-02-20 05:29:48.289000+00:00	21462	cumulative					
4615	2026-02-20 05:31:59.379000+00:00	21462	cumulative					
4616	2026-02-20 05:33:45.727000+00:00	21462	cumulative					
4617	2026-02-20 05:35:09.186000+00:00	21466	cumulative					
4618	2026-02-20 05:37:51.690000+00:00	21468	cumulative					
4619	2026-02-20 05:42:13.514000+00:00	21468	cumulative					
4620	2026-02-20 05:56:33.383000+00:00	21468	cumulative					
4621	2026-02-20 05:59:10.532000+00:00	21469	cumulative					
4622	2026-02-20 13:28:55.685000+00:00	21471	cumulative					
4623	2026-02-20 13:46:22.422000+00:00	21471	cumulative					
4624	2026-02-20 18:59:09.602000+00:00	21471	cumulative					
4625	2026-02-20 23:33:53.680000+00:00	21472	cumulative					
4626	2026-02-21 01:07:32.691000+00:00	21473	cumulative					
4627	2026-02-21 01:17:41.280000+00:00	21473	cumulative					
4628	2026-02-21 01:22:34.192000+00:00	21478	cumulative					
4629	2026-02-21 03:07:00.837000+00:00	21478	cumulative					
4630	2026-02-21 15:44:48.126000+00:00	21481	cumulative					
4631	2026-02-21 16:10:30.895000+00:00	21482	cumulative					
4632	2026-02-21 23:24:04.812000+00:00	21482	cumulative					
4633	2026-02-21 23:26:50.018000+00:00	21485	cumulative					
4634	2026-02-21 23:29:23.016000+00:00	21489	cumulative					
4635	2026-02-21 23:33:54.381000+00:00	21494	cumulative					
4636	2026-02-21 23:35:24.358000+00:00	21497	cumulative					
4637	2026-02-21 23:36:52.958000+00:00	21502	cumulative					
4638	2026-02-21 23:39:03.290000+00:00	21504	cumulative					
4639	2026-02-21 23:42:03.240000+00:00	21505	cumulative					
4640	2026-02-21 23:42:53.317000+00:00	21509	cumulative					
4641	2026-02-21 23:44:57.926000+00:00	21510	cumulative					
4642	2026-02-21 23:46:28.028000+00:00	21520	cumulative					
4643	2026-02-21 23:47:53.667000+00:00	21528	cumulative					
4644	2026-02-21 23:49:37.902000+00:00	21529	cumulative					
4645	2026-02-22 00:41:08.245000+00:00	21533	cumulative					
4646	2026-02-22 01:15:58.834000+00:00	21533	cumulative					
4647	2026-02-22 01:17:33.377000+00:00	21538	cumulative					
4648	2026-02-22 01:18:04.185000+00:00	21539	cumulative					
4649	2026-02-22 01:21:46.116000+00:00	21541	cumulative					
4650	2026-02-22 01:23:23.664000+00:00	21541	cumulative					
4651	2026-02-22 01:25:26.943000+00:00	21543	cumulative					
4652	2026-02-22 01:27:17.423000+00:00	21543	cumulative					
4653	2026-02-22 01:28:33.713000+00:00	21545	cumulative					
4654	2026-02-22 01:29:34.278000+00:00	21548	cumulative					
4655	2026-02-22 01:31:42.099000+00:00	21550	cumulative					
4656	2026-02-22 01:33:19.501000+00:00	21550	cumulative					
4657	2026-02-22 01:34:56.772000+00:00	21566	cumulative					
4658	2026-02-22 01:39:02.601000+00:00	21568	cumulative					
4659	2026-02-22 05:08:35.621000+00:00	21574	cumulative					
4660	2026-02-22 05:10:06.761000+00:00	21575	cumulative					
4661	2026-02-22 05:11:48.778000+00:00	21575	cumulative					
4662	2026-02-22 05:13:17.623000+00:00	21577	cumulative					
4663	2026-02-22 05:34:35.449000+00:00	21577	cumulative					
4664	2026-02-22 05:36:15.517000+00:00	21579	cumulative					
4665	2026-02-22 05:37:45.140000+00:00	21579	cumulative					
4666	2026-02-22 05:39:10.635000+00:00	21580	cumulative					
4667	2026-02-22 05:41:14.992000+00:00	21586	cumulative					
4668	2026-02-22 05:42:56.392000+00:00	21590	cumulative					
4669	2026-02-22 05:50:02.288000+00:00	21590	cumulative					
4670	2026-02-22 05:57:29.629000+00:00	21591	cumulative					
4671	2026-02-22 06:07:59.035000+00:00	21592	cumulative					
4672	2026-02-22 06:10:01.127000+00:00	21594	cumulative					
4673	2026-02-22 06:21:54.438000+00:00	21599	cumulative					
4674	2026-02-22 06:23:05.509000+00:00	21599	cumulative					
4675	2026-02-22 06:24:57.483000+00:00	21601	cumulative					
4676	2026-02-22 17:12:28.305000+00:00	21601	cumulative					
4677	2026-02-22 17:23:58.039000+00:00	21602	cumulative					
4678	2026-02-22 17:26:37.649000+00:00	21603	cumulative					
4679	2026-02-22 17:28:07.640000+00:00	21605	cumulative					
4680	2026-02-22 17:30:11.489000+00:00	21605	cumulative					
4681	2026-02-22 17:32:18.068000+00:00	21608	cumulative					
4682	2026-02-22 19:06:08.454000+00:00	21608	cumulative					
4683	2026-02-22 19:22:56.574000+00:00	21609	cumulative					
4684	2026-02-22 19:24:26.429000+00:00	21609	cumulative					
4685	2026-02-22 19:25:50.293000+00:00	21609	cumulative					
4686	2026-02-22 19:27:01.463000+00:00	21611	cumulative					
4687	2026-02-22 19:28:59.948000+00:00	21611	cumulative					
4688	2026-02-22 19:30:25.034000+00:00	21611	cumulative					
4689	2026-02-22 19:31:43.260000+00:00	21619	cumulative					
4690	2026-02-22 19:33:09.672000+00:00	21622	cumulative					
4691	2026-02-22 19:34:55.096000+00:00	21625	cumulative					
4692	2026-02-22 19:36:28.680000+00:00	21625	cumulative					
4693	2026-02-22 19:37:44.288000+00:00	21627	cumulative					
4694	2026-02-22 19:39:27.128000+00:00	21638	cumulative					
4695	2026-02-22 19:41:12.589000+00:00	21638	cumulative					
4696	2026-02-22 20:13:23.034000+00:00	21641	cumulative					
4697	2026-02-22 21:11:49.257000+00:00	21641	cumulative					
4698	2026-02-22 21:17:26.599000+00:00	21641	cumulative					
4699	2026-02-22 21:19:51.694000+00:00	21641	cumulative					
4700	2026-02-22 21:21:16.636000+00:00	21641	cumulative					
4701	2026-02-22 21:22:53.571000+00:00	21651	cumulative					
4702	2026-02-22 21:24:31.754000+00:00	21663	cumulative					
4703	2026-02-22 21:25:56.941000+00:00	21664	cumulative					
4704	2026-02-22 21:27:44.049000+00:00	21665	cumulative					
4705	2026-02-22 21:29:08.881000+00:00	21665	cumulative					
4706	2026-02-22 21:30:47.044000+00:00	21665	cumulative					
4707	2026-02-22 21:32:20.924000+00:00	21667	cumulative					
4708	2026-02-22 21:33:44.622000+00:00	21667	cumulative					
4709	2026-02-22 21:34:58.909000+00:00	21668	cumulative					
4710	2026-02-22 21:36:38.233000+00:00	21669	cumulative					
4711	2026-02-22 23:49:13.069000+00:00	21670	cumulative					
4712	2026-02-22 23:51:31.988000+00:00	21672	cumulative					
4713	2026-02-22 23:53:37.023000+00:00	21673	cumulative					
4714	2026-02-22 23:55:20.464000+00:00	21676	cumulative					
4715	2026-02-22 23:58:11.918000+00:00	21679	cumulative					
4716	2026-02-22 23:59:49.085000+00:00	21686	cumulative					
4717	2026-02-23 00:18:29.919000+00:00	21686	cumulative					
4718	2026-02-23 00:20:05.132000+00:00	21686	cumulative					
4719	2026-02-23 00:22:47.446000+00:00	21686	cumulative					
4720	2026-02-23 00:24:26.615000+00:00	21688	cumulative					
4721	2026-02-23 00:26:57.683000+00:00	21689	cumulative					
4722	2026-02-23 00:28:53.494000+00:00	21690	cumulative					
4723	2026-02-23 00:34:38.786000+00:00	21691	cumulative					
4724	2026-02-23 00:42:07.043000+00:00	21696	cumulative					
4725	2026-02-23 00:43:37.745000+00:00	21696	cumulative					
4726	2026-02-23 00:45:24.324000+00:00	21696	cumulative					
4727	2026-02-23 01:14:35.235000+00:00	21698	cumulative					
4728	2026-02-23 02:18:55.197000+00:00	21702	cumulative					
4729	2026-02-23 02:40:49.377000+00:00	21714	cumulative					
4730	2026-02-23 02:47:45.484000+00:00	21714	cumulative					
4731	2026-02-23 02:52:17.096000+00:00	21714	cumulative					
4732	2026-02-23 02:55:17.648000+00:00	21725	cumulative					
4733	2026-02-23 02:57:03.693000+00:00	21725	cumulative					
4734	2026-02-23 03:24:37.137000+00:00	21725	cumulative					
4735	2026-02-23 03:51:39.331000+00:00	21725	cumulative					
4736	2026-02-23 04:32:03.965000+00:00	21726	cumulative					
4737	2026-02-23 16:59:14.800000+00:00	21726	cumulative					
4738	2026-02-23 17:05:03.751000+00:00	21726	cumulative					
4739	2026-02-23 17:06:45.449000+00:00	21729	cumulative					
4740	2026-02-23 17:15:06.537000+00:00	21732	cumulative					
4741	2026-02-23 18:19:19.442000+00:00	21735	cumulative					
4742	2026-02-23 18:33:18.617000+00:00	21735	cumulative					
4743	2026-02-23 18:35:49.042000+00:00	21736	cumulative					
4744	2026-02-23 18:37:21.177000+00:00	21740	cumulative					
4745	2026-02-23 18:48:54.982000+00:00	21742	cumulative					
4746	2026-02-23 19:30:57.548000+00:00	21745	cumulative					
4747	2026-02-23 20:15:05.741000+00:00	21745	cumulative					
4748	2026-02-23 20:17:40.043000+00:00	21746	cumulative					
4749	2026-02-23 20:19:12.078000+00:00	21750	cumulative					
4750	2026-02-23 20:20:46.361000+00:00	21761	cumulative					
4751	2026-02-23 20:22:12.143000+00:00	21761	cumulative					
4752	2026-02-23 20:23:58.044000+00:00	21762	cumulative					
4753	2026-02-23 20:25:59.947000+00:00	21765	cumulative					
4754	2026-02-23 20:27:31.913000+00:00	21769	cumulative					
4755	2026-02-23 20:28:58.573000+00:00	21770	cumulative					
4756	2026-02-23 20:30:36.006000+00:00	21774	cumulative					
4757	2026-02-23 20:32:01.443000+00:00	21780	cumulative					
4758	2026-02-23 20:33:27.270000+00:00	21783	cumulative					
4759	2026-02-23 21:18:59.417000+00:00	21786	cumulative					
4760	2026-02-23 21:50:02.671000+00:00	21786	cumulative					
4761	2026-02-23 21:51:33.645000+00:00	21789	cumulative					
4762	2026-02-23 21:52:55.505000+00:00	21790	cumulative					
4763	2026-02-23 21:54:19.298000+00:00	21791	cumulative					
4764	2026-02-23 21:55:50.332000+00:00	21796	cumulative					
4765	2026-02-23 21:57:16.808000+00:00	21796	cumulative					
4766	2026-02-23 21:59:49.464000+00:00	21796	cumulative					
4767	2026-02-23 22:01:13.528000+00:00	21796	cumulative					
4768	2026-02-23 22:21:09.897000+00:00	21796	cumulative					
4769	2026-02-23 22:22:44.634000+00:00	21798	cumulative					
4770	2026-02-23 22:24:11.091000+00:00	21798	cumulative					
4771	2026-02-23 22:33:43.927000+00:00	21799	cumulative					
4772	2026-02-23 23:12:42.035000+00:00	21800	cumulative					
4773	2026-02-23 23:16:42.824000+00:00	21803	cumulative					
4774	2026-02-23 23:32:28.530000+00:00	21803	cumulative					
4775	2026-02-24 00:30:19.883000+00:00	21803	cumulative					
4776	2026-02-24 00:38:59.832000+00:00	21809	cumulative					
4777	2026-02-24 00:42:03.651000+00:00	21811	cumulative					
4778	2026-02-24 00:45:39.845000+00:00	21813	cumulative					
4779	2026-02-24 00:47:13.424000+00:00	21815	cumulative					
4780	2026-02-24 00:49:54.622000+00:00	21818	cumulative					
4781	2026-02-24 00:51:19.394000+00:00	21819	cumulative					
4782	2026-02-24 00:52:41.901000+00:00	21819	cumulative					
4783	2026-02-24 00:54:27.422000+00:00	21820	cumulative					
4784	2026-02-24 00:56:01.284000+00:00	21821	cumulative					
4785	2026-02-24 00:57:29.602000+00:00	21821	cumulative					
4786	2026-02-24 00:59:00.813000+00:00	21826	cumulative					
4787	2026-02-24 01:00:34.658000+00:00	21826	cumulative					
4788	2026-02-24 01:02:08.759000+00:00	21826	cumulative					
4789	2026-02-24 01:04:37.367000+00:00	21828	cumulative					
4790	2026-02-24 01:06:15.414000+00:00	21828	cumulative					
4791	2026-02-24 01:08:03.729000+00:00	21830	cumulative					
4792	2026-02-24 01:09:30.055000+00:00	21833	cumulative					
4793	2026-02-24 01:11:50.682000+00:00	21835	cumulative					
4794	2026-02-24 01:23:58.627000+00:00	21836	cumulative					
4795	2026-02-24 01:44:19.359000+00:00	21840	cumulative					
4796	2026-02-24 01:57:34.619000+00:00	21841	cumulative					
4797	2026-02-24 02:43:39.469000+00:00	21843	cumulative					
4798	2026-02-24 02:47:36.746000+00:00	21847	cumulative					
4799	2026-02-24 02:57:02.460000+00:00	21855	cumulative					
4800	2026-02-24 03:06:11.533000+00:00	21856	cumulative					
4801	2026-02-24 03:12:20.633000+00:00	21858	cumulative					
4802	2026-02-24 03:14:53.304000+00:00	21859	cumulative					
4803	2026-02-24 03:16:20.319000+00:00	21861	cumulative					
4804	2026-02-24 03:18:01.121000+00:00	21863	cumulative					
4805	2026-02-24 03:20:59.834000+00:00	21864	cumulative					
4806	2026-02-24 03:22:43.123000+00:00	21864	cumulative					
4807	2026-02-24 03:24:24.307000+00:00	21865	cumulative					
4808	2026-02-24 03:26:02.330000+00:00	21866	cumulative					
4809	2026-02-24 03:28:50.299000+00:00	21866	cumulative					
4810	2026-02-24 03:30:23.852000+00:00	21866	cumulative					
4811	2026-02-24 03:42:05.681000+00:00	21867	cumulative					
4812	2026-02-24 03:43:21.651000+00:00	21868	cumulative					
4813	2026-02-24 03:45:04.664000+00:00	21869	cumulative					
4814	2026-02-24 03:45:51.769000+00:00	21871	cumulative					
4815	2026-02-24 03:48:01.407000+00:00	21876	cumulative					
4816	2026-02-24 03:49:39.125000+00:00	21881	cumulative					
4817	2026-02-24 03:50:15.338000+00:00	21886	cumulative					
4818	2026-02-24 03:52:28.451000+00:00	21888	cumulative					
4819	2026-02-24 03:53:12.109000+00:00	21889	cumulative					
4820	2026-02-24 03:55:35.328000+00:00	21889	cumulative					
4821	2026-02-24 03:56:14.782000+00:00	21890	cumulative					
4822	2026-02-24 03:57:46.807000+00:00	21891	cumulative					
4823	2026-02-24 04:20:21.256000+00:00	21891	cumulative					
4824	2026-02-24 04:36:51.574000+00:00	21892	cumulative					
4825	2026-02-24 04:38:55.048000+00:00	21892	cumulative					
4826	2026-02-24 04:40:34.367000+00:00	21892	cumulative					
4827	2026-02-24 04:42:18.259000+00:00	21892	cumulative					
4828	2026-02-24 04:43:54.989000+00:00	21892	cumulative					
4829	2026-02-24 04:45:24.001000+00:00	21897	cumulative					
4830	2026-02-24 04:47:10.738000+00:00	21898	cumulative					
4831	2026-02-24 04:47:57.361000+00:00	21901	cumulative					
4832	2026-02-24 04:49:59.341000+00:00	21901	cumulative					
4833	2026-02-24 04:51:01.498000+00:00	21901	cumulative					
4834	2026-02-24 04:58:34.245000+00:00	21901	cumulative					
4835	2026-02-24 05:05:14.186000+00:00	21903	cumulative					
4836	2026-02-24 05:06:59.016000+00:00	21904	cumulative					
4837	2026-02-24 05:08:44.871000+00:00	21904	cumulative					
4838	2026-02-24 05:23:18.610000+00:00	21905	cumulative					
4839	2026-02-24 13:55:38.949000+00:00	21907	cumulative					
4840	2026-02-24 14:23:49.046000+00:00	21908	cumulative					
4841	2026-02-24 14:55:47.036000+00:00	21910	cumulative					
4842	2026-02-24 15:01:01.346000+00:00	21911	cumulative					
4843	2026-02-24 16:38:00.668000+00:00	21912	cumulative					
4844	2026-02-24 17:12:57.750000+00:00	21913	cumulative					
4845	2026-02-24 17:15:59.502000+00:00	21917	cumulative					
4846	2026-02-24 17:20:13.360000+00:00	21918	cumulative					
4847	2026-02-24 17:22:08.562000+00:00	21920	cumulative					
4848	2026-02-24 17:23:33.933000+00:00	21921	cumulative					
4849	2026-02-24 17:26:17.661000+00:00	21922	cumulative					
4850	2026-02-24 17:27:50.404000+00:00	21925	cumulative					
4851	2026-02-24 17:29:24.143000+00:00	21925	cumulative					
4852	2026-02-24 17:30:50.310000+00:00	21925	cumulative					
4853	2026-02-24 17:32:16.351000+00:00	21925	cumulative					
4854	2026-02-24 17:33:49.174000+00:00	21926	cumulative					
4855	2026-02-24 17:35:48.908000+00:00	21926	cumulative					
4856	2026-02-24 18:16:13.991000+00:00	21934	cumulative					
4857	2026-02-24 18:17:23.374000+00:00	21934	cumulative					
4858	2026-02-24 18:19:28.058000+00:00	21935	cumulative					
4859	2026-02-24 18:22:00.780000+00:00	21935	cumulative					
4860	2026-02-24 18:29:05.714000+00:00	21937	cumulative					
4861	2026-02-24 18:30:36.073000+00:00	21938	cumulative					
4862	2026-02-24 18:32:26.010000+00:00	21941	cumulative					
4863	2026-02-24 18:32:33.276000+00:00	21943	cumulative					
4864	2026-02-24 19:55:16.287000+00:00	21943	cumulative					
4865	2026-02-24 20:20:47.212000+00:00	21944	cumulative					
4866	2026-02-24 20:33:42.736000+00:00	21944	cumulative					
4867	2026-02-24 23:15:41.296000+00:00	21944	cumulative					
4868	2026-02-24 23:17:12.383000+00:00	21944	cumulative					
4869	2026-02-24 23:17:49.033000+00:00	21945	cumulative					
4870	2026-02-24 23:20:01.223000+00:00	21947	cumulative					
4871	2026-02-24 23:21:04.455000+00:00	21947	cumulative					
4872	2026-02-24 23:22:23.988000+00:00	21947	cumulative					
4873	2026-02-24 23:24:17.561000+00:00	21951	cumulative					
4874	2026-02-24 23:26:02.987000+00:00	21951	cumulative					
4875	2026-02-24 23:27:55.796000+00:00	21951	cumulative					
4876	2026-02-24 23:29:19.117000+00:00	21953	cumulative					
4877	2026-02-24 23:55:43.655000+00:00	21955	cumulative					
4878	2026-02-25 00:05:33.445000+00:00	21955	cumulative					
4879	2026-02-25 00:08:37.457000+00:00	21956	cumulative					
4880	2026-02-25 00:17:51.122000+00:00	21957	cumulative					
4881	2026-02-25 00:25:27.612000+00:00	21958	cumulative					
4882	2026-02-25 01:20:56.692000+00:00	21960	cumulative					
4883	2026-02-25 01:29:38.412000+00:00	21960	cumulative					
4884	2026-02-25 02:42:58.373000+00:00	21961	cumulative					
4885	2026-02-25 02:46:24.160000+00:00	21961	cumulative					
4886	2026-02-25 02:49:32.562000+00:00	21961	cumulative					
4887	2026-02-25 04:05:52.230000+00:00	21963	cumulative					
4888	2026-02-25 05:21:40.046000+00:00	21965	cumulative					
4889	2026-02-25 05:30:37.291000+00:00	21972	cumulative					
4890	2026-02-25 05:32:42.932000+00:00	21972	cumulative					
4891	2026-02-25 13:47:52.565000+00:00	21980	cumulative					
4892	2026-02-25 14:14:34.417000+00:00	21981	cumulative					
4893	2026-02-25 14:20:04.531000+00:00	21981	cumulative					
4894	2026-02-25 14:21:28.694000+00:00	21981	cumulative					
4895	2026-02-25 14:22:57.878000+00:00	21981	cumulative					
4896	2026-02-25 16:42:11.885000+00:00	21986	cumulative					
4897	2026-02-25 16:45:21.319000+00:00	21989	cumulative					
4898	2026-02-26 01:58:56.633000+00:00	21990	cumulative					
4899	2026-02-26 02:00:13.607000+00:00	21992	cumulative					
4900	2026-02-26 02:02:10.285000+00:00	21994	cumulative					
4901	2026-02-26 02:03:43.078000+00:00	21994	cumulative					
4902	2026-02-26 02:05:43.226000+00:00	21996	cumulative					
4903	2026-02-26 02:16:48.533000+00:00	21998	cumulative					
4904	2026-02-26 02:21:26.681000+00:00	22000	cumulative					
4905	2026-02-26 02:22:41.552000+00:00	22001	cumulative					
4906	2026-02-26 02:24:21.223000+00:00	22003	cumulative					
4907	2026-02-26 02:25:45.755000+00:00	22003	cumulative					
4908	2026-02-26 02:27:10.074000+00:00	22005	cumulative					
4909	2026-02-26 02:28:23.732000+00:00	22005	cumulative					
4910	2026-02-26 02:29:59.858000+00:00	22008	cumulative					
4911	2026-02-26 02:31:27.897000+00:00	22008	cumulative					
4912	2026-02-26 02:32:53.138000+00:00	22010	cumulative					
4913	2026-02-26 02:36:19.810000+00:00	22012	cumulative					
4914	2026-02-26 02:45:50.796000+00:00	22014	cumulative					
4915	2026-02-26 02:49:04.048000+00:00	22017	cumulative					
4916	2026-02-26 02:51:17.348000+00:00	22017	cumulative					
4917	2026-02-26 03:00:26.774000+00:00	22025	cumulative					
4918	2026-02-26 03:01:13.870000+00:00	22031	cumulative					
4919	2026-02-26 03:03:31.173000+00:00	22031	cumulative					
4920	2026-02-26 03:17:24.148000+00:00	22032	cumulative					
4921	2026-02-26 04:21:29.899000+00:00	22032	cumulative					
4922	2026-02-26 04:21:59.532000+00:00	22032	cumulative					
4923	2026-02-26 04:24:41.768000+00:00	22032	cumulative					
4924	2026-02-26 04:37:54.312000+00:00	22034	cumulative					
4925	2026-02-26 04:40:51.734000+00:00	22035	cumulative					
4926	2026-02-26 04:42:17.910000+00:00	22035	cumulative					
4927	2026-02-26 04:43:48.025000+00:00	22040	cumulative					
4928	2026-02-26 04:49:55.689000+00:00	22041	cumulative					
4929	2026-02-26 05:43:39.282000+00:00	22042	cumulative					
4930	2026-02-26 13:40:11.096000+00:00	22042	cumulative					
4931	2026-02-26 14:08:07.409000+00:00	22042	cumulative					
4932	2026-02-26 14:50:20.153000+00:00	22042	cumulative					
4933	2026-02-26 14:59:33.959000+00:00	22049	cumulative					
4934	2026-02-26 16:41:38.438000+00:00	22049	cumulative					
4935	2026-02-26 17:11:11.794000+00:00	22050	cumulative					
4936	2026-02-26 17:16:16.099000+00:00	22056	cumulative					
4937	2026-02-26 17:17:40.957000+00:00	22058	cumulative					
4938	2026-02-26 18:45:31.025000+00:00	22058	cumulative					
4939	2026-02-26 22:58:25.037000+00:00	22060	cumulative					
4940	2026-02-26 23:46:04.937000+00:00	22060	cumulative					
4941	2026-02-26 23:54:43.294000+00:00	22060	cumulative					
4942	2026-02-26 23:57:13.302000+00:00	22060	cumulative					
4943	2026-02-26 23:58:43.691000+00:00	22060	cumulative					
4944	2026-02-27 04:04:46.408000+00:00	22060	cumulative					
4945	2026-02-27 04:06:16.478000+00:00	22061	cumulative					
4946	2026-02-27 04:07:41.732000+00:00	22066	cumulative					
4947	2026-02-27 04:09:06.195000+00:00	22067	cumulative					
4948	2026-02-27 04:10:31.922000+00:00	22067	cumulative					
4949	2026-02-27 04:11:43.244000+00:00	22067	cumulative					
4950	2026-02-27 04:13:23.088000+00:00	22068	cumulative					
4951	2026-02-27 04:14:02.934000+00:00	22069	cumulative					
4952	2026-02-27 04:16:11.194000+00:00	22069	cumulative					
4953	2026-02-27 04:17:18.151000+00:00	22075	cumulative					
4954	2026-02-27 04:19:01.744000+00:00	22075	cumulative					
4955	2026-02-27 04:20:25.576000+00:00	22076	cumulative					
4956	2026-02-27 04:21:50.793000+00:00	22077	cumulative					
4957	2026-02-27 04:22:19.901000+00:00	22077	cumulative					
4958	2026-02-27 04:24:47.720000+00:00	22078	cumulative					
4959	2026-02-27 05:36:53.401000+00:00	22081	cumulative					
4960	2026-02-27 05:39:14.033000+00:00	22085	cumulative					
4961	2026-02-27 15:52:24.025000+00:00	22086	cumulative					
4962	2026-02-27 15:56:42.036000+00:00	22086	cumulative					
4963	2026-02-27 16:20:44.820000+00:00	22093	cumulative					
4964	2026-02-27 16:35:14.078000+00:00	22093	cumulative					
4965	2026-02-27 16:45:04.924000+00:00	22094	cumulative					
4966	2026-02-27 17:14:03.602000+00:00	22094	cumulative					
4967	2026-02-27 17:43:00.073000+00:00	22094	cumulative					
4968	2026-02-27 17:44:51.627000+00:00	22095	cumulative					
4969	2026-02-27 18:04:19.875000+00:00	22098	cumulative					
4970	2026-02-27 18:07:09.282000+00:00	22099	cumulative					
4971	2026-02-27 18:08:37.690000+00:00	22102	cumulative					
4972	2026-02-27 18:20:05.339000+00:00	22104	cumulative					
4973	2026-02-27 21:21:38.199000+00:00	22106	cumulative					
4974	2026-02-27 21:57:47.070000+00:00	22106	cumulative					
4975	2026-02-27 23:15:04.892000+00:00	22106	cumulative					
4976	2026-02-27 23:27:20.794000+00:00	22107	cumulative					
4977	2026-02-27 23:50:22.143000+00:00	22107	cumulative					
4978	2026-02-27 23:53:43.494000+00:00	22107	cumulative					
4979	2026-02-27 23:55:12.535000+00:00	22107	cumulative					
4980	2026-02-28 00:29:51.809000+00:00	22109	cumulative					
4981	2026-02-28 03:19:46.028000+00:00	22109	cumulative					
4982	2026-02-28 03:48:13.434000+00:00	22116	cumulative					
4983	2026-02-28 04:37:19.170000+00:00	22118	cumulative					
4984	2026-02-28 04:47:23.935000+00:00	22118	cumulative					
4985	2026-02-28 04:49:22.095000+00:00	22119	cumulative					
4986	2026-02-28 18:00:29.434000+00:00	22119	cumulative					
4987	2026-02-28 20:41:14.086000+00:00	22125	cumulative					
4988	2026-02-28 23:02:38.864000+00:00	22125	cumulative					
4989	2026-02-28 23:24:40.472000+00:00	22126	cumulative					
4990	2026-03-01 00:08:04.574000+00:00	22127	cumulative					
4991	2026-03-01 00:14:38.801000+00:00	22132	cumulative					
4992	2026-03-01 00:16:15.339000+00:00	22135	cumulative					
4993	2026-03-01 03:14:12.071000+00:00	22136	cumulative					
4994	2026-03-01 17:00:23.065000+00:00	22139	cumulative					
4995	2026-03-01 17:52:43.481000+00:00	22139	cumulative					
4996	2026-03-01 17:54:10.184000+00:00	22140	cumulative					
4997	2026-03-01 17:55:48.641000+00:00	22146	cumulative					
4998	2026-03-01 17:57:29.850000+00:00	22152	cumulative					
4999	2026-03-01 18:06:14.408000+00:00	22153	cumulative					
5000	2026-03-01 18:12:33.811000+00:00	22153	cumulative					
5001	2026-03-01 18:18:56.744000+00:00	22153	cumulative					
5002	2026-03-01 18:29:35.907000+00:00	22164	cumulative					
5003	2026-03-01 18:37:39.678000+00:00	22164	cumulative					
5004	2026-03-01 18:43:32.500000+00:00	22165	cumulative					
5005	2026-03-01 19:33:43.739000+00:00	22166	cumulative					
5006	2026-03-01 20:03:10.833000+00:00	22166	cumulative					
5007	2026-03-01 20:06:30.896000+00:00	22168	cumulative					
5008	2026-03-01 20:09:24.578000+00:00	22168	cumulative					
5009	2026-03-01 20:14:49.012000+00:00	22169	cumulative					
5010	2026-03-01 20:35:16.430000+00:00	22169	cumulative					
5011	2026-03-01 20:45:14.730000+00:00	22169	cumulative					
5012	2026-03-01 20:46:19.681000+00:00	22169	cumulative					
5013	2026-03-01 20:51:36.635000+00:00	22171	cumulative					
5014	2026-03-01 20:54:27.743000+00:00	22171	cumulative					
5015	2026-03-01 20:56:06.542000+00:00	22172	cumulative					
5016	2026-03-01 20:57:43.704000+00:00	22172	cumulative					
5017	2026-03-01 21:02:01.215000+00:00	22173	cumulative					
5018	2026-03-01 21:04:56.576000+00:00	22175	cumulative					
5019	2026-03-01 21:20:00.061000+00:00	22175	cumulative					
5020	2026-03-01 22:08:45.309000+00:00	22175	cumulative					
5021	2026-03-01 22:12:58.840000+00:00	22175	cumulative					
5022	2026-03-01 22:40:06.303000+00:00	22177	cumulative					
5023	2026-03-02 00:54:17.324000+00:00	22185	cumulative					
5024	2026-03-02 01:24:20.901000+00:00	22186	cumulative					
5025	2026-03-02 01:27:32.056000+00:00	22187	cumulative					
5026	2026-03-02 02:35:48.423000+00:00	22187	cumulative					
5027	2026-03-02 03:00:57.021000+00:00	22188	cumulative					
5028	2026-03-02 03:04:47.513000+00:00	22188	cumulative					
5029	2026-03-02 12:44:32.521000+00:00	22190	cumulative					
5030	2026-03-02 13:43:22.901000+00:00	22190	cumulative					
5031	2026-03-02 15:01:53.596000+00:00	22193	cumulative					
5032	2026-03-02 15:03:39.997000+00:00	22193	cumulative					
5033	2026-03-02 15:49:20.676000+00:00	22194	cumulative					
5034	2026-03-02 16:25:01.979000+00:00	22194	cumulative					
5035	2026-03-02 16:45:10.607000+00:00	22194	cumulative					
5036	2026-03-02 16:57:17.892000+00:00	22194	cumulative					
5037	2026-03-02 16:58:44.406000+00:00	22194	cumulative					
5038	2026-03-02 17:00:53.331000+00:00	22194	cumulative					
5039	2026-03-02 17:08:46.855000+00:00	22194	cumulative					
5040	2026-03-02 17:10:16.649000+00:00	22196	cumulative					
5041	2026-03-02 17:13:56.648000+00:00	22204	cumulative					
5042	2026-03-02 17:15:38.346000+00:00	22207	cumulative					
5043	2026-03-02 18:18:57.990000+00:00	22207	cumulative					
5044	2026-03-02 18:20:24.341000+00:00	22207	cumulative					
5045	2026-03-02 18:23:55.447000+00:00	22207	cumulative					
5046	2026-03-02 18:27:26.942000+00:00	22207	cumulative					
5047	2026-03-02 19:13:00.234000+00:00	22207	cumulative					
5048	2026-03-02 19:47:17.203000+00:00	22207	cumulative					
5049	2026-03-02 21:04:20.852000+00:00	22209	cumulative					
5050	2026-03-02 21:09:49.660000+00:00	22210	cumulative					
5051	2026-03-02 21:11:16.936000+00:00	22211	cumulative					
5052	2026-03-02 21:18:07.910000+00:00	22214	cumulative					
5053	2026-03-02 21:36:16.254000+00:00	22214	cumulative					
5054	2026-03-02 21:51:16.178000+00:00	22215	cumulative					
5055	2026-03-02 21:53:19.534000+00:00	22217	cumulative					
5056	2026-03-03 03:28:53.112000+00:00	22217	cumulative					
5057	2026-03-03 03:33:40.522000+00:00	22220	cumulative					
5058	2026-03-03 03:40:57.152000+00:00	22220	cumulative					
5059	2026-03-03 06:01:34.031000+00:00	22221	cumulative					
5060	2026-03-03 06:03:01.361000+00:00	22222	cumulative					
5061	2026-03-03 06:06:49.045000+00:00	22222	cumulative					
5062	2026-03-03 06:08:06.153000+00:00	22224	cumulative					
5063	2026-03-03 06:08:14.692000+00:00	22224	cumulative					
5064	2026-03-03 06:09:40.976000+00:00	22225	cumulative					
5065	2026-03-03 06:13:43.287000+00:00	22225	cumulative					
5066	2026-03-03 06:16:02.442000+00:00	22227	cumulative					
5067	2026-03-03 06:17:26.656000+00:00	22231	cumulative					
5068	2026-03-03 06:19:17.720000+00:00	22231	cumulative					
5069	2026-03-03 06:23:54.565000+00:00	22234	cumulative					
5070	2026-03-03 06:26:03.303000+00:00	22234	cumulative					
5071	2026-03-03 06:31:48.037000+00:00	22234	cumulative					
5072	2026-03-03 06:40:47.079000+00:00	22235	cumulative					
5073	2026-03-03 06:41:36.343000+00:00	22238	cumulative					
5074	2026-03-03 13:51:58.278000+00:00	22240	cumulative					
5075	2026-03-03 14:46:03.026000+00:00	22241	cumulative					
5076	2026-03-03 15:08:34.120000+00:00	22241	cumulative					
5077	2026-03-03 17:23:45.739000+00:00	22245	cumulative					
5078	2026-03-03 18:11:32.172000+00:00	22245	cumulative					
5079	2026-03-03 18:18:31.889000+00:00	22246	cumulative					
5080	2026-03-03 18:29:08.793000+00:00	22247	cumulative					
5081	2026-03-03 18:51:03.615000+00:00	22256	cumulative					
5082	2026-03-03 18:52:36.676000+00:00	22261	cumulative					
5083	2026-03-03 20:27:49.789000+00:00	22264	cumulative					
5084	2026-03-03 20:35:26.556000+00:00	22266	cumulative					
5085	2026-03-03 20:37:16.512000+00:00	22273	cumulative					
5086	2026-03-03 21:03:58.417000+00:00	22276	cumulative					
5087	2026-03-03 21:06:51.316000+00:00	22279	cumulative					
5088	2026-03-03 21:08:22.368000+00:00	22280	cumulative					
5089	2026-03-03 21:10:02.340000+00:00	22280	cumulative					
5090	2026-03-03 21:13:10.364000+00:00	22282	cumulative					
5091	2026-03-03 21:19:01.375000+00:00	22283	cumulative					
5092	2026-03-03 21:20:45.489000+00:00	22284	cumulative					
5093	2026-03-03 21:22:18.266000+00:00	22286	cumulative					
5094	2026-03-03 21:23:46.231000+00:00	22291	cumulative					
5095	2026-03-03 21:25:19.009000+00:00	22291	cumulative					
5096	2026-03-03 21:27:03.402000+00:00	22291	cumulative					
5097	2026-03-03 21:28:28.652000+00:00	22291	cumulative					
5098	2026-03-03 21:30:34.701000+00:00	22293	cumulative					
5099	2026-03-03 21:33:34.688000+00:00	22294	cumulative					
5100	2026-03-03 21:35:06.680000+00:00	22295	cumulative					
5101	2026-03-03 23:37:11.340000+00:00	22295	cumulative					
5102	2026-03-04 03:22:48.279000+00:00	22300	cumulative					
5103	2026-03-04 04:25:43.997000+00:00	22302	cumulative					
5104	2026-03-04 04:53:43.905000+00:00	22302	cumulative					
5105	2026-03-04 04:54:27.121000+00:00	22302	cumulative					
5106	2026-03-04 04:57:02.189000+00:00	22308	cumulative					
5107	2026-03-04 04:58:27.937000+00:00	22310	cumulative					
5108	2026-03-04 04:59:33.418000+00:00	22310	cumulative					
5109	2026-03-04 05:00:23.292000+00:00	22320	cumulative					
5110	2026-03-04 05:02:40.724000+00:00	22320	cumulative					
5111	2026-03-04 05:03:56.476000+00:00	22321	cumulative					
5112	2026-03-04 05:05:30.418000+00:00	22322	cumulative					
5113	2026-03-04 05:07:07.132000+00:00	22323	cumulative					
5114	2026-03-04 05:07:54.742000+00:00	22323	cumulative					
5115	2026-03-04 05:10:00.682000+00:00	22326	cumulative					
5116	2026-03-04 05:11:16.300000+00:00	22332	cumulative					
5117	2026-03-04 05:12:53.454000+00:00	22332	cumulative					
5118	2026-03-04 05:13:16.542000+00:00	22336	cumulative					
5119	2026-03-04 05:15:44.089000+00:00	22337	cumulative					
5120	2026-03-04 05:17:00.294000+00:00	22344	cumulative					
5121	2026-03-04 05:18:33.903000+00:00	22351	cumulative					
5122	2026-03-04 05:40:18.079000+00:00	22351	cumulative					
5123	2026-03-04 05:44:48.658000+00:00	22352	cumulative					
5124	2026-03-04 05:46:25.969000+00:00	22353	cumulative					
5125	2026-03-04 05:54:53.813000+00:00	22358	cumulative					
5126	2026-03-04 13:25:03.146000+00:00	22358	cumulative					
5127	2026-03-04 13:49:52.052000+00:00	22359	cumulative					
5128	2026-03-04 17:27:54.351000+00:00	22359	cumulative					
5129	2026-03-04 18:17:55.036000+00:00	22361	cumulative					
5130	2026-03-04 20:24:06.850000+00:00	22361	cumulative					
5131	2026-03-04 20:47:36.280000+00:00	22362	cumulative					
5132	2026-03-05 06:50:28.461000+00:00	22363	cumulative					
5133	2026-03-05 06:55:35.015000+00:00	22365	cumulative					
5134	2026-03-05 11:36:48.041000+00:00	22366	cumulative					
5135	2026-03-05 13:29:45.976000+00:00	22368	cumulative					
5136	2026-03-05 16:40:47.489000+00:00	22368	cumulative					
5137	2026-03-05 16:42:39.444000+00:00	22370	cumulative					
5138	2026-03-05 21:30:36.417000+00:00	22370	cumulative					
5139	2026-03-06 02:58:11.466000+00:00	22371	cumulative					
5140	2026-03-06 03:11:43.001000+00:00	22372	cumulative					
5141	2026-03-06 03:14:36.156000+00:00	22373	cumulative					
5142	2026-03-06 04:13:45.226000+00:00	22375	cumulative					
5143	2026-03-06 04:20:16.245000+00:00	22378	cumulative					
5144	2026-03-06 05:36:17.509000+00:00	22378	cumulative					
5145	2026-03-06 05:40:00.348000+00:00	22379	cumulative					
5146	2026-03-06 05:41:48.584000+00:00	22379	cumulative					
5147	2026-03-06 05:42:41.469000+00:00	22381	cumulative					
5148	2026-03-06 05:44:59.706000+00:00	22382	cumulative					
5149	2026-03-06 07:27:59.193000+00:00	22388	cumulative					
5150	2026-03-07 04:46:57.288000+00:00	22388	cumulative					
5151	2026-03-07 05:28:47.934000+00:00	22389	cumulative					
5152	2026-03-07 05:52:43.348000+00:00	22395	cumulative					
5153	2026-03-07 05:54:18.936000+00:00	22399	cumulative					
5154	2026-03-07 05:55:09.484000+00:00	22399	cumulative					
5155	2026-03-07 05:57:12.920000+00:00	22399	cumulative					
5156	2026-03-07 17:01:07.870000+00:00	22402	cumulative					
5157	2026-03-07 17:14:50.479000+00:00	22402	cumulative					
5158	2026-03-07 18:27:07.660000+00:00	22403	cumulative					
5159	2026-03-07 22:36:59.052000+00:00	22405	cumulative					
5160	2026-03-08 02:52:09.839000+00:00	22405	cumulative					
5161	2026-03-08 14:40:30.633000+00:00	22405	cumulative					
5162	2026-03-08 15:37:01.978000+00:00	22405	cumulative					
5163	2026-03-08 16:12:00.951000+00:00	22406	cumulative					
5164	2026-03-08 16:13:24.847000+00:00	22406	cumulative					
5165	2026-03-08 16:14:47.975000+00:00	22406	cumulative					
5166	2026-03-08 16:16:10.996000+00:00	22406	cumulative					
5167	2026-03-08 16:17:34.080000+00:00	22406	cumulative					
5168	2026-03-08 16:21:51.090000+00:00	22406	cumulative					
5169	2026-03-08 16:23:24.935000+00:00	22406	cumulative					
5170	2026-03-08 17:19:28.251000+00:00	22406	cumulative					
5171	2026-03-08 17:21:48.497000+00:00	22406	cumulative					
5172	2026-03-09 02:27:20.768000+00:00	22406	cumulative					
5173	2026-03-09 03:59:42.264000+00:00	22408	cumulative					
5174	2026-03-10 05:07:09.633000+00:00	22410	cumulative					
5175	2026-03-10 23:13:02.268000+00:00	22411	cumulative					
5176	2026-03-11 00:16:28.446000+00:00	22412	cumulative					
5177	2026-03-20 00:27:42.256000+00:00	22414	cumulative					
5178	2026-03-23 03:01:51.034000+00:00	22417	cumulative					
5179	2026-03-23 03:03:27.824000+00:00	22426	cumulative					
5180	2026-03-23 03:05:08.672000+00:00	22431	cumulative					
5181	2026-03-23 03:06:34.495000+00:00	22432	cumulative					
5182	2026-03-24 20:55:44.909000+00:00	22432	cumulative					
5183	2026-03-25 03:22:41.521000+00:00	22433	cumulative					
5184	2026-03-26 15:53:09.997000+00:00	22438	cumulative					
5185	2026-03-27 06:42:16.159000+00:00	22439	cumulative					
5186	2026-03-30 18:27:31.479000+00:00	22439	cumulative					
5187	2026-03-31 18:12:36.145000+00:00	22439	cumulative					
5188	2026-03-31 18:17:45.365000+00:00	22440	cumulative					
5189	2026-04-01 19:16:00.320000+00:00	22442	cumulative					
5190	2026-04-01 19:30:42.465000+00:00	22442	cumulative					
5191	2026-04-02 02:54:08.844000+00:00	22443	cumulative					
5192	2026-04-02 03:04:38.781000+00:00	22445	cumulative					
5193	2026-04-02 20:19:23.114000+00:00	22445	cumulative					
5194	2026-04-03 21:55:27.777000+00:00	22445	cumulative					
5195	2026-04-03 23:15:29.147000+00:00	22446	cumulative					
5196	2026-04-05 16:09:11.576000+00:00	22448	cumulative					
5197	2026-04-06 21:11:18.027000+00:00	22448	cumulative					
5198	2026-04-06 21:12:00.926000+00:00	22450	cumulative					
5199	2026-04-13 16:06:49.457000+00:00	22451	cumulative					
5200	2026-04-13 16:43:16.005000+00:00	22451	cumulative					
5201	2026-04-13 16:45:53.102000+00:00	22452	cumulative					
5202	2026-04-16 23:34:18.573000+00:00	22456	cumulative					
5203	2026-04-18 15:08:41.969000+00:00	22458	cumulative					
5204	2026-04-18 15:58:09.818000+00:00	22461	cumulative					
5205	2026-04-19 03:01:31.710000+00:00	22461	cumulative					
5206	2026-04-19 03:01:40.897000+00:00	22461	cumulative					
5207	2026-04-19 03:04:33.902000+00:00	22461	cumulative					
5208	2026-05-16 23:36:22.724000+00:00	22461	cumulative					
5209	2026-05-16 23:37:12.819000+00:00	22464	cumulative					
5210	2026-05-16 23:40:00.433000+00:00	22466	cumulative					
5211	2026-05-16 23:42:28.515000+00:00	22466	cumulative					
5212	2026-05-16 23:43:56.241000+00:00	22469	cumulative					
5213	2026-05-16 23:46:48.426000+00:00	22470	cumulative					
5214	2026-05-16 23:49:17.348000+00:00	22470	cumulative					
5215	2026-05-17 00:01:56.979000+00:00	22471	cumulative					
5216	2026-05-18 03:36:33.472000+00:00	22471	cumulative					
5217	2026-05-18 03:38:03.210000+00:00	22475	cumulative					
5218	2026-05-18 03:39:48.287000+00:00	22477	cumulative					
5219	2026-05-18 03:41:18.415000+00:00	22477	cumulative					
5220	2026-05-19 02:25:37.928000+00:00	22478	cumulative					
5221	2026-05-21 16:13:58.557000+00:00	22479	cumulative					
5222	2026-05-22 01:09:09.912000+00:00	22481	cumulative					
5223	2026-05-22 01:54:00.230000+00:00	22483	cumulative					
5224	2026-05-22 01:57:15.669000+00:00	22486	cumulative					
5225	2026-05-22 01:59:12.588000+00:00	22486	cumulative					
5226	2026-05-22 02:00:41.262000+00:00	22488	cumulative					
5227	2026-05-22 02:02:36.752000+00:00	22493	cumulative					
5228	2026-05-22 02:18:33.647000+00:00	22493	cumulative					
5229	2026-05-22 02:19:58.401000+00:00	22493	cumulative					
5230	2026-05-22 02:21:26.543000+00:00	22496	cumulative					
5231	2026-05-22 02:22:54.136000+00:00	22498	cumulative					
5232	2026-05-22 02:28:54.731000+00:00	22499	cumulative					
5233	2026-05-22 23:41:41.951000+00:00	22501	cumulative					
5234	2026-05-22 23:43:26.269000+00:00	22501	cumulative					
5235	2026-05-22 23:44:21.869000+00:00	22501	cumulative					
5236	2026-05-22 23:47:08.829000+00:00	22501	cumulative					
5237	2026-05-22 23:47:29.820000+00:00	22502	cumulative					
5238	2026-05-23 05:09:14.232000+00:00	22503	cumulative					
5239	2026-05-24 01:19:18.481000+00:00	22505	cumulative					
5240	2026-05-24 01:23:47.963000+00:00	22507	cumulative					
5241	2026-05-24 01:25:30.851000+00:00	22507	cumulative					
5242	2026-05-24 01:26:43.911000+00:00	22509	cumulative					
5243	2026-05-24 01:28:54.898000+00:00	22510	cumulative					
5244	2026-05-24 01:30:30.514000+00:00	22510	cumulative					
5245	2026-05-24 01:31:58.864000+00:00	22511	cumulative					
5246	2026-05-24 01:33:27.295000+00:00	22511	cumulative					
5247	2026-05-24 01:34:54.641000+00:00	22513	cumulative					
5248	2026-05-24 01:36:23.368000+00:00	22520	cumulative					
5249	2026-05-24 01:37:55.042000+00:00	22520	cumulative					
5250	2026-05-24 01:39:31.552000+00:00	22520	cumulative					
5251	2026-05-24 01:41:16.069000+00:00	22523	cumulative					
5252	2026-05-24 01:42:42.765000+00:00	22525	cumulative					
5253	2026-05-24 01:44:21.737000+00:00	22526	cumulative					
5254	2026-05-24 01:47:30.242000+00:00	22528	cumulative					
5255	2026-05-24 01:49:03.670000+00:00	22529	cumulative					
5256	2026-05-24 01:50:29.932000+00:00	22529	cumulative					
5257	2026-05-24 01:51:54.654000+00:00	22530	cumulative					
5258	2026-05-24 01:53:20.431000+00:00	22530	cumulative					
5259	2026-05-24 01:54:33.227000+00:00	22530	cumulative					
5260	2026-05-24 01:56:26.938000+00:00	22532	cumulative					
5261	2026-05-24 01:58:33.649000+00:00	22534	cumulative					
5262	2026-05-24 02:02:06.642000+00:00	22537	cumulative					
5263	2026-05-24 02:03:35.307000+00:00	22537	cumulative					
5264	2026-05-24 02:05:01.526000+00:00	22539	cumulative					
5265	2026-05-24 02:06:26.810000+00:00	22540	cumulative					
5266	2026-05-24 02:08:09.193000+00:00	22542	cumulative					
5267	2026-05-24 02:08:59.155000+00:00	22542	cumulative					
5268	2026-05-24 02:11:06.284000+00:00	22542	cumulative					
5269	2026-05-24 02:13:01.068000+00:00	22547	cumulative					
5270	2026-05-24 02:14:30.542000+00:00	22551	cumulative					
5271	2026-05-24 02:16:01.049000+00:00	22559	cumulative					
5272	2026-05-24 02:16:59.958000+00:00	22559	cumulative					
5273	2026-05-24 02:17:36.791000+00:00	22559	cumulative					
5274	2026-05-24 02:20:21.250000+00:00	22559	cumulative					
5275	2026-05-24 02:21:52.450000+00:00	22559	cumulative					
5276	2026-05-24 02:25:38.544000+00:00	22559	cumulative					
5277	2026-05-24 02:26:27.146000+00:00	22559	cumulative					
5278	2026-05-24 02:31:05.310000+00:00	22560	cumulative					
5279	2026-05-24 02:34:00.714000+00:00	22565	cumulative					
5280	2026-05-24 02:39:15.204000+00:00	22566	cumulative					
5281	2026-05-24 02:40:21.641000+00:00	22566	cumulative					
5282	2026-05-24 02:41:52.646000+00:00	22566	cumulative					
5283	2026-05-24 02:43:36.052000+00:00	22567	cumulative					
5284	2026-05-24 02:45:24.108000+00:00	22568	cumulative					
5285	2026-05-24 02:47:05.606000+00:00	22572	cumulative					
5286	2026-05-24 02:48:50.778000+00:00	22575	cumulative					
5287	2026-05-24 02:52:02.326000+00:00	22576	cumulative					
5288	2026-05-24 02:53:33.987000+00:00	22576	cumulative					
5289	2026-05-25 18:15:28.646000+00:00	22583	cumulative					
5290	2026-05-26 00:16:44.432000+00:00	22586	cumulative					
5291	2026-05-26 00:20:50.302000+00:00	22586	cumulative					
5292	2026-05-26 00:24:07.334000+00:00	22586	cumulative					
5293	2026-05-26 00:26:07.472000+00:00	22586	cumulative					
5294	2026-05-26 00:27:34.239000+00:00	22588	cumulative					
5295	2026-05-26 00:42:19.380000+00:00	22591	cumulative					
5296	2026-05-26 00:43:47.320000+00:00	22593	cumulative					
5297	2026-05-26 00:44:11.088000+00:00	22599	cumulative					
5298	2026-05-26 00:45:46.318000+00:00	22600	cumulative					
5299	2026-05-26 00:48:32.763000+00:00	22604	cumulative					
5300	2026-05-26 00:49:20.042000+00:00	22605	cumulative					
5301	2026-05-26 00:51:29.863000+00:00	22605	cumulative					
5302	2026-05-26 00:52:56.423000+00:00	22607	cumulative					
5303	2026-05-26 00:53:05.679000+00:00	22607	cumulative					
5304	2026-05-26 00:55:46.903000+00:00	22607	cumulative					
5305	2026-05-26 00:57:10.798000+00:00	22607	cumulative					
5306	2026-05-26 00:58:38.748000+00:00	22607	cumulative					
5307	2026-05-26 00:58:56.251000+00:00	22608	cumulative					
5308	2026-05-26 01:01:31.046000+00:00	22609	cumulative					
5309	2026-05-26 01:06:05.046000+00:00	22609	cumulative					
5310	2026-05-26 01:08:15.549000+00:00	22609	cumulative					
5311	2026-05-26 01:09:24.405000+00:00	22609	cumulative					
5312	2026-05-26 01:12:09.505000+00:00	22609	cumulative					
5313	2026-05-26 01:14:28.332000+00:00	22613	cumulative					
5314	2026-05-26 01:20:43.268000+00:00	22614	cumulative					
5315	2026-05-26 01:22:07.084000+00:00	22616	cumulative					
5316	2026-05-26 17:04:18.590000+00:00	22624	cumulative					
5317	2026-05-26 17:06:04.746000+00:00	22625	cumulative					
5318	2026-05-26 17:07:40.342000+00:00	22625	cumulative					
5319	2026-05-26 17:10:05.425000+00:00	22625	cumulative					
5320	2026-05-26 17:11:51.184000+00:00	22626	cumulative					
5321	2026-05-26 17:11:56.237000+00:00	22626	cumulative					
5322	2026-05-26 17:14:50.632000+00:00	22626	cumulative					
5323	2026-05-26 17:16:42.662000+00:00	22626	cumulative					
5324	2026-05-26 17:26:08.620000+00:00	22626	cumulative					
5325	2026-05-26 17:28:40.654000+00:00	22626	cumulative					
5326	2026-05-26 17:30:36.104000+00:00	22629	cumulative					
5327	2026-05-26 17:33:01.624000+00:00	22631	cumulative					
5328	2026-05-26 17:34:48.810000+00:00	22632	cumulative					
5329	2026-05-26 17:38:47.600000+00:00	22632	cumulative					
5330	2026-05-26 18:04:51.159000+00:00	22636	cumulative					
5331	2026-05-26 18:19:15.348000+00:00	22636	cumulative					
5332	2026-05-26 18:21:07.105000+00:00	22636	cumulative					
5333	2026-05-26 18:57:18.775000+00:00	22638	cumulative					
5334	2026-05-27 01:34:26.539000+00:00	22638	cumulative					
5335	2026-05-27 01:35:52.141000+00:00	22638	cumulative					
5336	2026-05-27 02:03:13.795000+00:00	22638	cumulative					
5337	2026-05-27 02:07:28.786000+00:00	22638	cumulative					
5338	2026-05-27 02:12:52.939000+00:00	22640	cumulative					
5339	2026-05-27 03:40:00.289000+00:00	22640	cumulative					
5340	2026-05-27 03:53:22.220000+00:00	22644	cumulative					
5341	2026-05-27 05:49:41.656000+00:00	22644	cumulative					
5342	2026-05-27 05:51:31.179000+00:00	22648	cumulative					
5343	2026-05-27 05:53:57.616000+00:00	22648	cumulative					
5344	2026-05-27 05:55:23.210000+00:00	22649	cumulative					
5345	2026-05-28 01:40:39.849000+00:00	22650	cumulative					
5346	2026-05-28 01:42:18.129000+00:00	22650	cumulative					
5347	2026-05-28 01:43:43.223000+00:00	22656	cumulative					
5348	2026-05-28 16:45:55.990000+00:00	22656	cumulative					
5349	2026-05-28 16:51:02.207000+00:00	22657	cumulative					
5350	2026-05-28 16:59:17.901000+00:00	22658	cumulative					
5351	2026-05-28 18:42:26.694000+00:00	22658	cumulative					
5352	2026-05-28 18:51:05.985000+00:00	22658	cumulative					
5353	2026-05-28 21:07:53.956000+00:00	22658	cumulative					
5354	2026-05-28 21:33:31.424000+00:00	22659	cumulative					
5355	2026-05-28 21:35:19.833000+00:00	22661	cumulative					
5356	2026-05-28 21:36:45.117000+00:00	22663	cumulative					
5357	2026-05-28 21:38:20.033000+00:00	22665	cumulative					
5358	2026-05-28 21:39:37.064000+00:00	22666	cumulative					
5359	2026-05-28 21:41:03.233000+00:00	22668	cumulative					
5360	2026-05-28 21:43:17.261000+00:00	22668	cumulative					
5361	2026-05-28 21:44:39.950000+00:00	22669	cumulative					
5362	2026-05-28 21:46:14.331000+00:00	22669	cumulative					
5363	2026-05-28 21:49:14.475000+00:00	22669	cumulative					
5364	2026-05-28 22:25:27.025000+00:00	22670	cumulative					
5365	2026-05-28 22:27:11.615000+00:00	22670	cumulative					
5366	2026-05-28 23:21:18.958000+00:00	22677	cumulative					
5367	2026-05-28 23:22:54.993000+00:00	22677	cumulative					
5368	2026-05-28 23:26:20.682000+00:00	22678	cumulative					
5369	2026-05-28 23:27:34.393000+00:00	22678	cumulative					
5370	2026-05-28 23:29:28.093000+00:00	22681	cumulative					
5371	2026-05-28 23:30:54.586000+00:00	22683	cumulative					
5372	2026-05-28 23:33:22.230000+00:00	22684	cumulative					
5373	2026-05-28 23:36:10.790000+00:00	22687	cumulative					
5374	2026-05-28 23:37:43.285000+00:00	22688	cumulative					
5375	2026-05-28 23:40:59.320000+00:00	22688	cumulative					
5376	2026-05-28 23:43:23.839000+00:00	22693	cumulative					
5377	2026-05-28 23:45:17.666000+00:00	22693	cumulative					
5378	2026-05-29 02:06:31.263000+00:00	22696	cumulative					
5379	2026-05-29 02:07:32.184000+00:00	22696	cumulative					
5380	2026-05-29 02:10:01.206000+00:00	22697	cumulative					
5381	2026-05-29 02:11:35.960000+00:00	22697	cumulative					
5382	2026-05-29 02:13:15.099000+00:00	22698	cumulative					
5383	2026-05-29 02:15:21.653000+00:00	22699	cumulative					
5384	2026-05-29 02:16:11.553000+00:00	22701	cumulative					
5385	2026-05-29 02:18:25.875000+00:00	22701	cumulative					
5386	2026-05-29 02:19:06.812000+00:00	22703	cumulative					
5387	2026-05-29 02:20:35.370000+00:00	22703	cumulative					
5388	2026-05-29 02:22:06.147000+00:00	22703	cumulative					
5389	2026-05-29 02:24:22.627000+00:00	22704	cumulative					
5390	2026-05-29 02:25:52.567000+00:00	22706	cumulative					
5391	2026-05-29 02:28:50.449000+00:00	22706	cumulative					
5392	2026-05-29 02:30:58.564000+00:00	22710	cumulative					
5393	2026-05-29 02:34:26.985000+00:00	22710	cumulative					
5394	2026-05-29 02:39:25.709000+00:00	22713	cumulative					
5395	2026-05-29 02:41:35.410000+00:00	22714	cumulative					
5396	2026-05-29 02:44:36.543000+00:00	22719	cumulative					
5397	2026-05-29 02:44:58.924000+00:00	22724	cumulative					
5398	2026-05-29 02:47:33.032000+00:00	22726	cumulative					
5399	2026-05-29 02:49:27.125000+00:00	22726	cumulative					
5400	2026-05-29 03:13:14.523000+00:00	22730	cumulative					
5401	2026-05-29 03:16:04.990000+00:00	22731	cumulative					
5402	2026-05-29 03:16:27.886000+00:00	22734	cumulative					
5403	2026-05-29 17:38:36.375000+00:00	22734	cumulative					
5404	2026-05-29 18:01:18.632000+00:00	22736	cumulative					
5405	2026-05-29 18:02:46.661000+00:00	22738	cumulative					
5406	2026-05-30 03:53:10.337000+00:00	22738	cumulative					
5407	2026-05-30 04:02:29.289000+00:00	22738	cumulative					
5408	2026-05-30 04:13:37.246000+00:00	22739	cumulative					
5409	2026-05-30 19:55:49.733000+00:00	22741	cumulative					
5410	2026-05-30 19:58:39.427000+00:00	22744	cumulative					
5411	2026-05-30 20:00:50.778000+00:00	22751	cumulative					
5412	2026-06-02 17:22:08.761000+00:00	22751	cumulative					
5413	2026-06-02 17:25:39.607000+00:00	22751	cumulative					
5414	2026-06-02 18:25:53.880000+00:00	22751	cumulative					
5415	2026-06-02 18:27:22.296000+00:00	22751	cumulative					
5416	2026-06-04 00:04:23.194000+00:00	22751	cumulative					
5418	2026-06-05 06:11:23.241000+00:00	22755	cumulative					
5419	2026-06-05 13:52:53.287000+00:00	22756	cumulative					
5420	2026-06-05 14:06:09.642000+00:00	22757	cumulative					
5421	2026-06-06 03:30:39.708000+00:00	22757	cumulative					
5422	2026-06-09 02:59:44.059000+00:00	22757	cumulative					
5423	2026-06-09 19:10:15.606000+00:00	22757	cumulative					
5424	2026-06-11 03:18:59.089000+00:00	22757	cumulative					
5425	2026-06-11 03:32:54.256000+00:00	22757	cumulative					
5426	2026-06-11 03:34:27.444000+00:00	22758	cumulative					
5427	2026-06-11 03:36:02.221000+00:00	22760	cumulative					
5428	2026-06-11 03:36:19.160000+00:00	22763	cumulative					
5429	2026-06-11 03:38:13.332000+00:00	22765	cumulative					
5430	2026-06-11 03:39:52.424000+00:00	22766	cumulative					
5431	2026-06-11 03:41:28.450000+00:00	22767	cumulative					
5432	2026-06-11 03:43:36.814000+00:00	22767	cumulative					
5433	2026-06-11 04:18:31.405000+00:00	22769	cumulative					
5434	2026-06-11 04:19:55.258000+00:00	22769	cumulative					
5435	2026-06-11 04:21:58.289000+00:00	22769	cumulative					
5436	2026-06-11 04:23:31.634000+00:00	22773	cumulative					
5437	2026-06-12 04:10:31.988000+00:00	22773	cumulative					
5438	2026-06-12 04:12:53.305000+00:00	22779	cumulative					
5439	2026-06-12 04:13:05.410000+00:00	22779	cumulative					
5440	2026-06-12 04:15:47.879000+00:00	22782	cumulative					
5441	2026-06-12 14:30:22.310000+00:00	22782	cumulative					
5442	2026-06-12 15:14:08.942000+00:00	22782	cumulative					
5443	2026-06-12 15:16:10.456000+00:00	22783	cumulative					
5444	2026-06-12 15:19:30.414000+00:00	22783	cumulative					
5445	2026-06-12 15:21:10.138000+00:00	22785	cumulative					
5446	2026-06-12 15:25:29.799000+00:00	22785	cumulative					
5447	2026-06-12 15:27:20.457000+00:00	22788	cumulative					
5448	2026-06-12 15:45:38.640000+00:00	22789	cumulative					
5449	2026-06-12 15:48:59.906000+00:00	22791	cumulative					
5450	2026-06-12 15:51:16.470000+00:00	22791	cumulative					
5451	2026-06-12 15:52:41.673000+00:00	22793	cumulative					
5452	2026-06-12 15:53:03.215000+00:00	22793	cumulative					
5453	2026-06-12 15:56:07.399000+00:00	22800	cumulative					
5454	2026-06-12 15:59:31.788000+00:00	22800	cumulative					
5455	2026-06-12 16:00:57.251000+00:00	22801	cumulative					
5456	2026-06-12 16:07:26.936000+00:00	22801	cumulative					
5457	2026-06-14 17:58:47.634000+00:00	22801	cumulative					
5458	2026-06-15 02:50:26.111000+00:00	22801	cumulative					
5459	2026-06-15 02:57:49.898000+00:00	22802	cumulative					
5460	2026-06-15 02:59:15.508000+00:00	22802	cumulative					
5461	2026-06-15 03:00:41.687000+00:00	22803	cumulative					
5462	2026-06-15 03:02:07.576000+00:00	22804	cumulative					
5463	2026-06-15 03:03:38.315000+00:00	22811	cumulative					
5464	2026-06-15 03:05:11.151000+00:00	22812	cumulative					
5465	2026-06-15 03:05:39.018000+00:00	22813	cumulative					
5466	2026-06-15 03:07:13.035000+00:00	22813	cumulative					
5467	2026-06-15 03:08:52.268000+00:00	22814	cumulative					
5468	2026-06-15 03:10:35.872000+00:00	22814	cumulative					
5469	2026-06-15 03:12:39.405000+00:00	22814	cumulative					
5470	2026-06-15 03:14:15.694000+00:00	22814	cumulative					
5471	2026-06-15 03:15:05.194000+00:00	22815	cumulative					
5472	2026-06-15 03:18:30.497000+00:00	22816	cumulative					
5473	2026-06-15 03:20:27.243000+00:00	22818	cumulative					
5474	2026-06-15 03:24:32.754000+00:00	22818	cumulative					
5475	2026-06-15 03:26:45.233000+00:00	22820	cumulative					
5476	2026-06-15 03:28:30.459000+00:00	22822	cumulative					
5477	2026-06-15 03:29:55.796000+00:00	22825	cumulative					
5478	2026-06-15 03:31:46.453000+00:00	22825	cumulative					
5479	2026-06-15 03:33:28.861000+00:00	22825	cumulative					
5480	2026-06-15 03:36:14.588000+00:00	22826	cumulative					
5481	2026-06-15 03:37:27.197000+00:00	22828	cumulative					
5482	2026-06-15 03:39:30.705000+00:00	22828	cumulative					
5483	2026-06-15 03:41:58.804000+00:00	22828	cumulative					
5484	2026-06-15 03:42:33.735000+00:00	22828	cumulative					
5485	2026-06-15 03:44:49.752000+00:00	22830	cumulative					
5486	2026-06-15 03:45:37.592000+00:00	22830	cumulative					
5487	2026-06-15 03:46:50.606000+00:00	22830	cumulative					
5488	2026-06-15 22:26:12.005000+00:00	22830	cumulative					
5489	2026-06-15 22:27:42.430000+00:00	22830	cumulative					
5490	2026-06-15 22:29:07.851000+00:00	22830	cumulative					
5491	2026-06-15 22:29:46.187000+00:00	22832	cumulative					
5492	2026-06-15 22:31:13.817000+00:00	22833	cumulative					
5493	2026-06-15 22:31:33.750000+00:00	22834	cumulative					
5494	2026-06-15 22:33:24.993000+00:00	22835	cumulative					
5495	2026-06-15 22:36:56.775000+00:00	22837	cumulative					
5496	2026-06-15 22:46:33.855000+00:00	22837	cumulative					
5497	2026-06-15 22:49:49.950000+00:00	22837	cumulative					
5498	2026-06-15 22:51:30.630000+00:00	22837	cumulative					
5499	2026-06-15 22:52:36.988000+00:00	22842	cumulative					
5500	2026-06-15 22:54:11.241000+00:00	22843	cumulative					
5501	2026-06-15 22:55:59.923000+00:00	22843	cumulative					
5502	2026-06-16 02:27:52.831000+00:00	22843	cumulative					
5503	2026-06-16 02:30:11.576000+00:00	22845	cumulative					
5504	2026-06-16 02:31:46.609000+00:00	22848	cumulative					
5505	2026-06-16 02:35:00.971000+00:00	22853	cumulative					
5506	2026-06-16 02:36:33.139000+00:00	22853	cumulative					
5507	2026-06-16 02:42:50.221000+00:00	22855	cumulative					
5508	2026-06-16 10:14:07.654000+00:00	22855	cumulative					
5509	2026-06-16 11:18:27.323000+00:00	22855	cumulative					
5510	2026-06-16 13:25:38.292000+00:00	22857	cumulative					
5511	2026-06-16 18:24:54.094000+00:00	22857	cumulative					
5512	2026-06-18 04:13:09.152000+00:00	22857	cumulative					
5513	2026-06-18 04:30:05.607000+00:00	22857	cumulative					
5514	2026-06-18 13:27:11.979000+00:00	22857	cumulative					
5515	2026-06-18 13:28:51.597000+00:00	22858	cumulative					
5516	2026-06-18 13:31:10.988000+00:00	22858	cumulative					
5517	2026-06-18 13:33:08.568000+00:00	22858	cumulative					
5518	2026-06-18 14:30:41.760000+00:00	22861	cumulative					
5519	2026-06-18 14:47:08.708000+00:00	22861	cumulative					
5520	2026-06-18 14:57:27.923000+00:00	22861	cumulative					
5521	2026-06-18 15:01:00.447000+00:00	22863	cumulative					
5522	2026-06-18 15:02:28.018000+00:00	22867	cumulative					
5523	2026-06-18 15:02:49.113000+00:00	22867	cumulative					
5524	2026-06-18 15:04:06.464000+00:00	22867	cumulative					
5525	2026-06-18 15:06:45.548000+00:00	22869	cumulative					
5526	2026-06-18 18:13:31.527000+00:00	22869	cumulative					
5527	2026-06-20 00:33:33.084000+00:00	22872	cumulative					
5528	2026-06-20 00:34:32.627000+00:00	22872	cumulative					
5529	2026-06-20 00:36:31.604000+00:00	22872	cumulative					
5530	2026-06-20 00:37:13.306000+00:00	22872	cumulative					
5531	2026-06-20 00:38:55.598000+00:00	22872	cumulative					
5532	2026-06-20 00:40:53.650000+00:00	22872	cumulative					
5533	2026-06-20 00:41:36.180000+00:00	22873	cumulative					
5534	2026-06-20 00:43:42.270000+00:00	22873	cumulative					
5535	2026-06-20 00:45:06.668000+00:00	22873	cumulative					
5536	2026-06-20 00:46:31.412000+00:00	22873	cumulative					
5537	2026-06-20 00:47:58.843000+00:00	22875	cumulative					
5538	2026-06-20 00:49:24.166000+00:00	22876	cumulative					
5539	2026-06-20 00:50:53.700000+00:00	22877	cumulative					
5540	2026-06-20 03:25:36.906000+00:00	22881	cumulative					
5541	2026-06-20 03:27:27.445000+00:00	22883	cumulative					
5542	2026-06-20 03:28:31.765000+00:00	22883	cumulative					
5543	2026-06-20 03:29:56.915000+00:00	22883	cumulative					
5544	2026-06-20 03:31:36.852000+00:00	22883	cumulative					
5545	2026-06-20 03:33:33.722000+00:00	22883	cumulative					
5546	2026-06-20 03:34:59.656000+00:00	22884	cumulative					
5547	2026-06-20 03:36:25.958000+00:00	22886	cumulative					
5548	2026-06-20 03:37:37.413000+00:00	22886	cumulative					
5549	2026-06-20 03:39:22.773000+00:00	22886	cumulative					
5550	2026-06-20 03:40:55.912000+00:00	22887	cumulative					
5551	2026-06-20 03:49:42.682000+00:00	22888	cumulative					
5552	2026-06-20 03:52:02.069000+00:00	22888	cumulative					
5553	2026-06-20 04:08:17.433000+00:00	22888	cumulative					
5554	2026-06-20 04:09:49.532000+00:00	22891	cumulative					
5555	2026-06-20 04:11:46.466000+00:00	22893	cumulative					
5556	2026-06-20 04:13:36.207000+00:00	22893	cumulative					
5557	2026-06-20 04:15:02.914000+00:00	22895	cumulative					
5558	2026-06-20 04:16:29.194000+00:00	22897	cumulative					
5559	2026-06-20 04:18:07.620000+00:00	22897	cumulative					
5560	2026-06-20 04:19:32.905000+00:00	22897	cumulative					
5561	2026-06-20 04:20:57.374000+00:00	22899	cumulative					
5562	2026-06-20 04:21:37.404000+00:00	22901	cumulative					
5563	2026-06-20 04:23:45.685000+00:00	22901	cumulative					
5564	2026-06-20 04:25:12.893000+00:00	22901	cumulative					
5565	2026-06-20 04:25:14.084000+00:00	22905	cumulative					
5566	2026-06-20 04:30:41.607000+00:00	22905	cumulative					
5567	2026-06-20 04:31:06.250000+00:00	22905	cumulative					
5568	2026-06-20 04:32:32.288000+00:00	22911	cumulative					
5569	2026-06-20 04:34:02.349000+00:00	22911	cumulative					
5570	2026-06-20 04:36:37.151000+00:00	22913	cumulative					
5571	2026-06-20 04:48:48.670000+00:00	22913	cumulative					
5572	2026-06-20 04:52:29.364000+00:00	22913	cumulative					
5573	2026-06-20 04:54:17.847000+00:00	22916	cumulative					
5574	2026-06-20 04:57:13.448000+00:00	22919	cumulative					
5575	2026-06-20 04:59:03.697000+00:00	22919	cumulative					
5576	2026-06-20 05:00:40.427000+00:00	22923	cumulative					
5577	2026-06-20 05:08:53.097000+00:00	22929	cumulative					
5578	2026-06-20 05:10:22.557000+00:00	22929	cumulative					
5579	2026-06-20 18:05:07.098000+00:00	22929	cumulative					
5580	2026-06-20 18:07:07.514000+00:00	22929	cumulative					
5581	2026-06-20 18:23:35.864000+00:00	22929	cumulative					
5582	2026-06-20 18:27:45.625000+00:00	22929	cumulative					
5583	2026-06-20 18:52:40.832000+00:00	22929	cumulative					
5584	2026-06-20 20:21:21.595000+00:00	22929	cumulative					
5585	2026-06-21 14:13:52.656000+00:00	22929	cumulative					
5586	2026-06-21 14:45:53.569000+00:00	22933	cumulative					
5587	2026-06-21 16:48:08.091000+00:00	22934	cumulative					
5588	2026-06-21 18:07:55.925000+00:00	22935	cumulative					
5589	2026-06-21 18:53:08.614000+00:00	22935	cumulative					
5590	2026-06-21 18:56:26.705000+00:00	22939	cumulative					
5591	2026-06-21 18:57:52.010000+00:00	22945	cumulative					
5592	2026-06-21 18:59:17.012000+00:00	22945	cumulative					
5593	2026-06-21 19:00:44.007000+00:00	22946	cumulative					
5594	2026-06-21 19:03:31.961000+00:00	22946	cumulative					
5595	2026-06-21 19:05:14.342000+00:00	22948	cumulative					
5596	2026-06-21 19:06:20.463000+00:00	22948	cumulative					
5597	2026-06-21 19:06:41.291000+00:00	22949	cumulative					
5598	2026-06-21 19:09:33.040000+00:00	22949	cumulative					
5599	2026-06-21 19:10:55.439000+00:00	22949	cumulative					
5600	2026-06-21 19:12:43.893000+00:00	22951	cumulative					
5601	2026-06-21 19:13:58.830000+00:00	22959	cumulative					
5602	2026-06-21 19:23:49.082000+00:00	22959	cumulative					
5603	2026-06-21 19:27:03.669000+00:00	22959	cumulative					
5604	2026-06-21 20:00:33.306000+00:00	22960	cumulative					
5605	2026-06-22 03:13:28.152000+00:00	22960	cumulative					
5606	2026-06-22 17:27:03.195000+00:00	22960	cumulative					
5607	2026-06-22 17:36:04.669000+00:00	22960	cumulative					
5608	2026-06-22 22:41:26.941000+00:00	22961	cumulative					
5609	2026-06-22 23:32:48.046000+00:00	22963	cumulative					
5610	2026-06-23 01:30:16.200000+00:00	22963	cumulative					
5611	2026-06-23 11:18:09.544000+00:00	22965	cumulative					
5612	2026-06-23 14:07:20.570000+00:00	22966	cumulative					
5613	2026-06-23 14:25:45.159000+00:00	22967	cumulative					
5614	2026-06-23 15:12:40.538000+00:00	22969	cumulative					
5615	2026-06-23 22:49:31.964000+00:00	22971	cumulative					
5616	2026-06-23 22:57:07.093000+00:00	22971	cumulative					
5617	2026-06-23 22:59:26.221000+00:00	22972	cumulative					
5618	2026-06-23 23:48:23.820000+00:00	22972	cumulative					
5619	2026-06-23 23:49:09.555000+00:00	22973	cumulative					
5620	2026-06-23 23:53:03.078000+00:00	22974	cumulative					
5621	2026-06-23 23:56:24.800000+00:00	22974	cumulative					
5622	2026-06-24 00:44:41.984000+00:00	22976	cumulative					
5623	2026-06-24 01:04:34.776000+00:00	22980	cumulative					
5624	2026-06-24 01:14:46.384000+00:00	22980	cumulative					
5625	2026-06-24 01:16:14.320000+00:00	22981	cumulative					
5626	2026-06-24 01:18:16.817000+00:00	22982	cumulative					
5627	2026-06-24 01:19:56.704000+00:00	22982	cumulative					
5628	2026-06-24 01:21:30.110000+00:00	22983	cumulative					
5629	2026-06-24 01:23:05.107000+00:00	22983	cumulative					
5630	2026-06-24 19:52:01.975000+00:00	22985	cumulative					
5631	2026-06-24 20:04:45.762000+00:00	22989	cumulative					
5632	2026-06-24 20:20:32.358000+00:00	22989	cumulative					
5633	2026-06-24 20:26:46.122000+00:00	22992	cumulative					
5634	2026-06-24 20:41:35.196000+00:00	22993	cumulative					
5635	2026-06-24 20:59:03.830000+00:00	22995	cumulative					
5636	2026-06-24 21:00:12.157000+00:00	22998	cumulative					
5637	2026-06-24 21:01:50.945000+00:00	22999	cumulative					
5638	2026-06-24 21:03:33.747000+00:00	22999	cumulative					
5639	2026-06-24 21:04:45.966000+00:00	23001	cumulative					
5640	2026-06-24 21:05:23.065000+00:00	23002	cumulative					
5641	2026-06-24 21:08:18.208000+00:00	23003	cumulative					
5642	2026-06-24 21:20:48.716000+00:00	23004	cumulative					
5643	2026-06-24 21:22:29.556000+00:00	23004	cumulative					
5644	2026-06-24 21:24:51.027000+00:00	23004	cumulative					
5645	2026-06-24 21:51:27.696000+00:00	23004	cumulative					
5646	2026-06-24 21:56:11.588000+00:00	23005	cumulative					
5647	2026-06-25 02:05:56.842000+00:00	23008	cumulative					
5648	2026-06-25 02:08:23.215000+00:00	23010	cumulative					
5649	2026-06-25 02:19:19.767000+00:00	23013	cumulative					
5650	2026-06-25 02:30:33.537000+00:00	23013	cumulative					
5651	2026-06-25 12:00:01.111000+00:00	23019	cumulative					
5652	2026-06-25 13:40:50.528000+00:00	23019	cumulative					
5653	2026-06-25 13:44:41.248000+00:00	23019	cumulative					
5654	2026-06-25 15:20:09.964000+00:00	23020	cumulative					
5655	2026-06-25 15:21:50.826000+00:00	23020	cumulative					
5656	2026-06-25 15:29:14.494000+00:00	23027	cumulative					
5657	2026-06-25 15:37:04.905000+00:00	23028	cumulative					
5658	2026-06-25 15:53:30.479000+00:00	23028	cumulative					
5659	2026-06-25 15:54:56.641000+00:00	23033	cumulative					
5660	2026-06-25 23:15:25.045000+00:00	23033	cumulative					
5661	2026-06-26 01:36:04.986000+00:00	23034	cumulative					
5662	2026-06-26 02:12:50.717000+00:00	23034	cumulative					
5663	2026-06-26 02:17:31.430000+00:00	23036	cumulative					
5664	2026-06-26 02:29:48.998000+00:00	23036	cumulative					
5665	2026-06-26 15:27:41.711000+00:00	23036	cumulative					
5666	2026-06-26 15:45:27.383000+00:00	23036	cumulative					
5667	2026-06-26 16:33:29.737000+00:00	23037	cumulative					
5668	2026-06-26 19:08:43.209000+00:00	23037	cumulative					
5669	2026-06-26 19:18:36.510000+00:00	23039	cumulative					
5670	2026-06-26 20:03:14.827000+00:00	23040	cumulative					
5671	2026-06-26 20:04:13.239000+00:00	23040	cumulative					
5672	2026-06-26 20:06:09.799000+00:00	23040	cumulative					
5673	2026-06-26 20:07:01.418000+00:00	23042	cumulative					
5674	2026-06-26 20:08:56.859000+00:00	23043	cumulative					
5675	2026-06-26 20:10:42.209000+00:00	23045	cumulative					
5676	2026-06-26 20:12:12.623000+00:00	23047	cumulative					
5677	2026-06-26 20:15:58.577000+00:00	23048	cumulative					
5678	2026-06-26 20:17:57.197000+00:00	23048	cumulative					
5679	2026-06-26 20:21:16.153000+00:00	23048	cumulative					
5680	2026-06-26 20:28:10.895000+00:00	23048	cumulative					
5681	2026-06-26 20:31:34.644000+00:00	23048	cumulative					
5682	2026-06-26 20:33:00.415000+00:00	23048	cumulative					
5683	2026-06-26 20:35:02.202000+00:00	23048	cumulative					
5684	2026-06-27 21:53:09.822000+00:00	23050	cumulative					
5685	2026-06-28 02:26:27.821000+00:00	23050	cumulative					
5686	2026-06-28 02:27:53.232000+00:00	23055	cumulative					
5687	2026-06-28 02:29:17.008000+00:00	23055	cumulative					
5688	2026-06-28 02:30:40.704000+00:00	23056	cumulative					
5689	2026-06-28 03:24:28.745000+00:00	23056	cumulative					
5690	2026-06-28 06:59:12.270000+00:00	23057	cumulative					
5691	2026-06-29 17:36:10.221000+00:00	23057	cumulative					
5692	2026-07-01 13:51:29.045000+00:00	23060	cumulative					
5693	2026-07-02 01:43:23.818000+00:00	23060	cumulative					
5694	2026-07-02 13:19:58.962000+00:00	23060	cumulative					
5695	2026-07-02 15:15:50.009000+00:00	23061	cumulative					
5697	2026-07-03 00:13:59.356000+00:00	23062	cumulative					
5698	2026-07-03 00:18:25.940000+00:00	23062	cumulative					
5699	2026-07-06 18:26:49.543000+00:00	23062	cumulative					
5700	2026-07-08 17:21:55.975000+00:00	23062	cumulative					
5701	2026-07-08 17:24:12.279000+00:00	23067	cumulative					
5702	2026-07-08 17:26:05.490000+00:00	23067	cumulative					
5703	2026-07-08 18:25:37.574000+00:00	23067	cumulative					
5704	2026-07-09 13:56:14.834000+00:00	23069	cumulative					
5705	2026-07-09 17:33:19.801000+00:00	23072	cumulative					
5706	2026-07-09 17:36:21.985000+00:00	23075	cumulative					
5707	2026-07-09 17:38:03.543000+00:00	23077	cumulative					
5708	2026-07-09 17:45:01.248000+00:00	23081	cumulative					
5709	2026-07-09 17:59:13.311000+00:00	23081	cumulative					
5710	2026-07-09 20:10:17.057000+00:00	23083	cumulative					
5711	2026-07-09 20:11:42.245000+00:00	23085	cumulative					
5712	2026-07-09 20:16:01.016000+00:00	23085	cumulative					
5713	2026-07-09 20:18:08.732000+00:00	23085	cumulative					
5714	2026-07-10 00:18:33.722000+00:00	23086	cumulative					
5715	2026-07-10 00:19:17.773000+00:00	23086	cumulative					
5716	2026-07-10 02:21:46.966000+00:00	23089	cumulative					
5717	2026-07-10 02:28:28.577000+00:00	23089	cumulative					
5718	2026-07-10 03:14:02.535000+00:00	23091	cumulative					
5719	2026-07-10 03:15:46.275000+00:00	23092	cumulative					
5720	2026-07-10 03:16:57.480000+00:00	23095	cumulative					
5721	2026-07-10 03:17:59.997000+00:00	23095	cumulative					
5722	2026-07-10 03:19:23.568000+00:00	23095	cumulative					
5723	2026-07-10 03:21:12.813000+00:00	23097	cumulative					
5724	2026-07-10 03:24:18.163000+00:00	23097	cumulative					
5725	2026-07-10 13:33:07.740000+00:00	23099	cumulative					
5726	2026-07-10 13:39:03.343000+00:00	23099	cumulative					
5727	2026-07-10 13:40:43.562000+00:00	23100	cumulative					
5728	2026-07-10 13:42:51.030000+00:00	23100	cumulative					
5729	2026-07-10 13:44:49.662000+00:00	23100	cumulative					
5730	2026-07-10 13:46:24.274000+00:00	23101	cumulative					
5731	2026-07-10 13:47:50.829000+00:00	23105	cumulative					
5732	2026-07-10 13:49:33.788000+00:00	23106	cumulative					
5733	2026-07-10 13:53:26.829000+00:00	23106	cumulative					
5734	2026-07-10 13:54:50.245000+00:00	23106	cumulative					
5735	2026-07-10 13:56:24.762000+00:00	23107	cumulative					
5736	2026-07-10 14:03:02.146000+00:00	23108	cumulative					
5737	2026-07-10 14:05:02.433000+00:00	23110	cumulative					
5738	2026-07-10 14:07:41.604000+00:00	23111	cumulative					
5739	2026-07-10 14:18:47.245000+00:00	23112	cumulative					
5740	2026-07-10 14:49:28.442000+00:00	23112	cumulative					
5741	2026-07-10 14:50:59.559000+00:00	23112	cumulative					
5742	2026-07-10 14:58:57.238000+00:00	23112	cumulative					
5743	2026-07-10 15:00:55.403000+00:00	23112	cumulative					
5744	2026-07-10 15:02:19.333000+00:00	23114	cumulative					
5745	2026-07-10 15:06:15.731000+00:00	23114	cumulative					
5746	2026-07-10 15:06:37.392000+00:00	23118	cumulative					
5747	2026-07-10 15:35:19.639000+00:00	23120	cumulative					
5748	2026-07-10 15:58:53.564000+00:00	23120	cumulative					
5749	2026-07-10 18:45:42.923000+00:00	23128	cumulative					
5750	2026-07-10 18:48:57.266000+00:00	23128	cumulative					
5751	2026-07-10 18:50:05.548000+00:00	23128	cumulative					
5752	2026-07-10 18:50:42.058000+00:00	23137	cumulative					
5753	2026-07-10 18:53:53.203000+00:00	23140	cumulative					
5754	2026-07-10 20:58:58.863000+00:00	23140	cumulative					
5755	2026-07-10 20:59:35.443000+00:00	23142	cumulative					
5756	2026-07-10 21:02:13.912000+00:00	23145	cumulative					
5757	2026-07-10 21:03:44.055000+00:00	23145	cumulative					
5758	2026-07-10 21:05:20.167000+00:00	23145	cumulative					
5759	2026-07-10 21:07:00.436000+00:00	23145	cumulative					
5760	2026-07-10 21:08:44.817000+00:00	23145	cumulative					
5761	2026-07-10 21:10:20.748000+00:00	23146	cumulative					
5762	2026-07-10 21:11:50.030000+00:00	23146	cumulative					
5763	2026-07-10 21:13:06.215000+00:00	23146	cumulative					
5764	2026-07-10 21:14:40.039000+00:00	23147	cumulative					
5765	2026-07-10 21:16:13.098000+00:00	23147	cumulative					
5766	2026-07-10 21:17:20.208000+00:00	23147	cumulative					
5767	2026-07-10 21:19:07.582000+00:00	23147	cumulative					
5768	2026-07-10 21:20:31.554000+00:00	23149	cumulative					
5769	2026-07-10 21:21:55.631000+00:00	23150	cumulative					
5770	2026-07-10 21:23:19.631000+00:00	23150	cumulative					
5771	2026-07-10 21:23:57.083000+00:00	23156	cumulative					
5772	2026-07-10 21:26:10.047000+00:00	23158	cumulative					
5773	2026-07-10 21:27:34.055000+00:00	23158	cumulative					
5774	2026-07-10 22:54:55.464000+00:00	23160	cumulative					
5775	2026-07-10 23:41:12.587000+00:00	23160	cumulative					
5776	2026-07-10 23:42:46.687000+00:00	23161	cumulative					
5777	2026-07-10 23:44:40.909000+00:00	23161	cumulative					
5778	2026-07-10 23:46:47.972000+00:00	23162	cumulative					
5779	2026-07-10 23:49:43.304000+00:00	23162	cumulative					
5780	2026-07-10 23:51:39.800000+00:00	23166	cumulative					
5781	2026-07-10 23:53:18.103000+00:00	23168	cumulative					
5782	2026-07-11 01:19:33.935000+00:00	23168	cumulative					
5783	2026-07-11 01:32:49.772000+00:00	23174	cumulative					
5784	2026-07-11 01:36:11.835000+00:00	23174	cumulative					
5785	2026-07-11 02:03:03.314000+00:00	23174	cumulative					
5786	2026-07-11 02:42:58.818000+00:00	23174	cumulative					
5787	2026-07-11 02:43:29.105000+00:00	23174	cumulative					
5788	2026-07-11 04:05:57.434000+00:00	23175	cumulative					
5789	2026-07-11 04:09:18.459000+00:00	23177	cumulative					
5790	2026-07-11 04:11:10.653000+00:00	23177	cumulative					
5791	2026-07-11 17:08:43.175000+00:00	23179	cumulative					
5792	2026-07-12 00:41:18.116000+00:00	23179	cumulative					
5793	2026-07-12 00:44:30.926000+00:00	23179	cumulative					
5794	2026-07-12 00:45:19.455000+00:00	23179	cumulative					
5795	2026-07-12 00:46:45.184000+00:00	23181	cumulative					
5796	2026-07-12 00:48:11.369000+00:00	23182	cumulative					
5797	2026-07-12 00:49:50.392000+00:00	23183	cumulative					
5798	2026-07-12 00:51:47.831000+00:00	23188	cumulative					
5799	2026-07-12 02:25:15.151000+00:00	23192	cumulative					
5800	2026-07-12 03:25:31.143000+00:00	23195	cumulative					
5801	2026-07-12 03:30:28.963000+00:00	23199	cumulative					
5802	2026-07-12 03:33:57.524000+00:00	23200	cumulative					
5803	2026-07-12 03:38:37.500000+00:00	23201	cumulative					
5804	2026-07-12 03:39:04.090000+00:00	23201	cumulative					
5805	2026-07-12 03:42:41.189000+00:00	23203	cumulative					
5806	2026-07-12 03:45:55.809000+00:00	23204	cumulative					
5807	2026-07-12 03:48:57.436000+00:00	23206	cumulative					
5808	2026-07-12 03:50:58.591000+00:00	23208	cumulative					
5809	2026-07-12 03:52:13.588000+00:00	23209	cumulative					
5810	2026-07-12 03:53:15.481000+00:00	23209	cumulative					
5811	2026-07-12 03:54:50.506000+00:00	23211	cumulative					
5812	2026-07-12 03:55:04.507000+00:00	23211	cumulative					
5813	2026-07-12 03:57:05.695000+00:00	23212	cumulative					
5814	2026-07-12 04:04:07.420000+00:00	23214	cumulative					
5815	2026-07-12 04:04:42.851000+00:00	23214	cumulative					
5816	2026-07-12 04:04:53.330000+00:00	23214	cumulative					
5817	2026-07-12 04:09:04.615000+00:00	23216	cumulative					
5818	2026-07-12 04:12:37.532000+00:00	23216	cumulative					
5819	2026-07-12 04:14:39.920000+00:00	23216	cumulative					
5820	2026-07-12 04:16:10.137000+00:00	23217	cumulative					
5821	2026-07-12 04:17:56.791000+00:00	23219	cumulative					
5822	2026-07-12 04:20:12.466000+00:00	23222	cumulative					
5823	2026-07-12 04:22:20.855000+00:00	23223	cumulative					
5824	2026-07-12 04:23:19.435000+00:00	23224	cumulative					
5825	2026-07-12 04:24:20.370000+00:00	23224	cumulative					
5826	2026-07-12 04:26:49.974000+00:00	23224	cumulative					
5827	2026-07-12 04:34:02.598000+00:00	23224	cumulative					
5828	2026-07-12 04:38:10.465000+00:00	23229	cumulative					
5829	2026-07-12 04:39:52.039000+00:00	23231	cumulative					
5830	2026-07-12 04:41:26.843000+00:00	23232	cumulative					
5831	2026-07-12 04:42:15.485000+00:00	23234	cumulative					
5832	2026-07-12 04:42:53.016000+00:00	23236	cumulative					
5833	2026-07-12 04:44:17.863000+00:00	23241	cumulative					
5834	2026-07-12 04:45:49.217000+00:00	23247	cumulative					
5835	2026-07-12 04:47:20.220000+00:00	23248	cumulative					
5836	2026-07-12 04:48:49.737000+00:00	23248	cumulative					
5837	2026-07-12 04:51:27.803000+00:00	23248	cumulative					
5838	2026-07-12 04:53:05.405000+00:00	23249	cumulative					
5839	2026-07-12 04:54:44.628000+00:00	23251	cumulative					
5840	2026-07-12 04:56:34.317000+00:00	23251	cumulative					
5841	2026-07-12 14:04:36.521000+00:00	23251	cumulative					
5842	2026-07-12 14:14:10.281000+00:00	23251	cumulative					
5843	2026-07-12 14:15:36.585000+00:00	23251	cumulative					
5844	2026-07-12 14:17:00.404000+00:00	23251	cumulative					
5845	2026-07-12 14:18:10.989000+00:00	23255	cumulative					
5846	2026-07-12 14:19:33.972000+00:00	23255	cumulative					
5847	2026-07-12 14:21:02.347000+00:00	23255	cumulative					
5848	2026-07-12 14:22:46.268000+00:00	23255	cumulative					
5849	2026-07-12 14:37:05.573000+00:00	23255	cumulative					
5850	2026-07-12 14:38:48.369000+00:00	23255	cumulative					
5851	2026-07-12 15:28:45.445000+00:00	23257	cumulative					
5852	2026-07-12 15:31:21.007000+00:00	23257	cumulative					
5853	2026-07-12 15:45:22.443000+00:00	23257	cumulative					
5854	2026-07-13 00:14:11.966000+00:00	23258	cumulative					
5855	2026-07-13 01:05:09.988000+00:00	23258	cumulative					
5856	2026-07-13 01:06:56.442000+00:00	23261	cumulative					
5857	2026-07-13 01:10:05.092000+00:00	23261	cumulative					
5858	2026-07-13 01:12:05.327000+00:00	23261	cumulative					
5859	2026-07-13 01:14:12.877000+00:00	23261	cumulative					
5860	2026-07-13 01:15:27.004000+00:00	23261	cumulative					
5861	2026-07-13 01:16:59.968000+00:00	23261	cumulative					
5862	2026-07-13 01:17:46.714000+00:00	23262	cumulative					
5863	2026-07-13 01:20:39.502000+00:00	23262	cumulative					
5864	2026-07-13 01:43:38.883000+00:00	23263	cumulative					
5865	2026-07-13 01:45:57.053000+00:00	23263	cumulative					
5866	2026-07-13 02:03:44.219000+00:00	23265	cumulative					
5867	2026-07-13 02:04:16.457000+00:00	23267	cumulative					
5868	2026-07-13 02:07:08.270000+00:00	23267	cumulative					
5869	2026-07-13 02:07:49.768000+00:00	23270	cumulative					
5870	2026-07-13 02:10:33.932000+00:00	23273	cumulative					
5871	2026-07-13 02:12:06.915000+00:00	23274	cumulative					
5872	2026-07-13 02:13:33.806000+00:00	23276	cumulative					
5873	2026-07-13 02:15:21.070000+00:00	23276	cumulative					
5874	2026-07-13 02:16:47.075000+00:00	23283	cumulative					
5875	2026-07-13 02:18:32.834000+00:00	23283	cumulative					
5876	2026-07-13 02:19:34.754000+00:00	23283	cumulative					
5877	2026-07-13 02:21:37.402000+00:00	23285	cumulative					
5878	2026-07-13 02:25:29.749000+00:00	23286	cumulative					
5879	2026-07-13 02:27:09.039000+00:00	23288	cumulative					
5880	2026-07-13 02:28:46.495000+00:00	23288	cumulative					
5881	2026-07-13 02:31:04.197000+00:00	23289	cumulative					
5882	2026-07-13 02:36:08.248000+00:00	23290	cumulative					
5883	2026-07-13 02:44:10.966000+00:00	23290	cumulative					
5884	2026-07-13 02:46:10.758000+00:00	23290	cumulative					
5885	2026-07-13 02:47:36.134000+00:00	23291	cumulative					
5886	2026-07-13 02:49:17.076000+00:00	23292	cumulative					
5887	2026-07-13 02:49:53.754000+00:00	23292	cumulative					
5888	2026-07-13 02:52:21.552000+00:00	23293	cumulative					
5889	2026-07-13 02:53:49.831000+00:00	23295	cumulative					
5890	2026-07-13 02:55:33.114000+00:00	23295	cumulative					
5891	2026-07-13 02:56:12.513000+00:00	23296	cumulative					
5892	2026-07-13 02:57:02.586000+00:00	23296	cumulative					
5893	2026-07-13 03:00:31.616000+00:00	23296	cumulative					
5894	2026-07-13 03:02:26.507000+00:00	23296	cumulative					
5895	2026-07-13 03:03:59.554000+00:00	23301	cumulative					
5896	2026-07-13 03:06:17.504000+00:00	23301	cumulative					
5897	2026-07-13 03:20:55.112000+00:00	23303	cumulative					
5898	2026-07-13 03:24:22.319000+00:00	23303	cumulative					
5899	2026-07-13 03:27:45.851000+00:00	23303	cumulative					
5900	2026-07-13 03:29:32.676000+00:00	23305	cumulative					
5901	2026-07-13 03:53:00.087000+00:00	23306	cumulative					
5902	2026-07-13 03:55:22.327000+00:00	23306	cumulative					
5903	2026-07-13 03:57:15.612000+00:00	23306	cumulative					
5904	2026-07-13 03:59:09.097000+00:00	23309	cumulative					
5905	2026-07-13 03:59:56.215000+00:00	23311	cumulative					
5906	2026-07-13 04:02:11.910000+00:00	23312	cumulative					
5907	2026-07-13 04:03:51.815000+00:00	23313	cumulative					
5908	2026-07-13 04:06:33.178000+00:00	23313	cumulative					
5909	2026-07-13 04:08:49.035000+00:00	23315	cumulative					
5910	2026-07-13 09:49:46.266000+00:00	23315	cumulative					
5911	2026-07-13 11:15:56.998000+00:00	23315	cumulative					
5912	2026-07-13 14:49:08.325000+00:00	23317	cumulative					
5913	2026-07-13 15:06:16.729000+00:00	23317	cumulative					
5914	2026-07-13 18:46:21.996000+00:00	23317	cumulative					
5915	2026-07-13 18:47:28.041000+00:00	23318	cumulative					
5916	2026-07-13 19:01:59.541000+00:00	23320	cumulative					
5917	2026-07-13 19:06:59.390000+00:00	23321	cumulative					
5918	2026-07-13 19:10:16.716000+00:00	23327	cumulative					
5919	2026-07-13 19:15:33.518000+00:00	23327	cumulative					
5920	2026-07-13 19:22:57.849000+00:00	23327	cumulative					
5921	2026-07-13 19:25:28.701000+00:00	23327	cumulative					
5922	2026-07-13 19:27:40.179000+00:00	23327	cumulative					
5923	2026-07-14 01:18:42.165000+00:00	23327	cumulative					
5924	2026-07-14 01:21:34.759000+00:00	23327	cumulative					
5925	2026-07-14 01:23:22.963000+00:00	23327	cumulative					
5926	2026-07-14 01:38:09.162000+00:00	23328	cumulative					
5927	2026-07-14 01:39:21.316000+00:00	23331	cumulative					
5928	2026-07-14 01:42:46.738000+00:00	23332	cumulative					
5929	2026-07-14 01:46:24.109000+00:00	23333	cumulative					
5930	2026-07-14 01:50:28.708000+00:00	23335	cumulative					
5931	2026-07-14 01:53:03.261000+00:00	23335	cumulative					
5932	2026-07-14 01:55:02.251000+00:00	23335	cumulative					
5933	2026-07-14 02:26:57.418000+00:00	23335	cumulative					
5934	2026-07-14 02:27:59.242000+00:00	23336	cumulative					
5935	2026-07-14 02:30:04.620000+00:00	23337	cumulative					
5936	2026-07-14 02:32:14.689000+00:00	23338	cumulative					
5937	2026-07-14 02:33:39.441000+00:00	23338	cumulative					
5938	2026-07-14 02:35:18.865000+00:00	23339	cumulative					
5939	2026-07-14 02:36:07.569000+00:00	23340	cumulative					
5940	2026-07-14 02:38:15.459000+00:00	23342	cumulative					
5941	2026-07-14 03:02:08.567000+00:00	23342	cumulative					
5942	2026-07-14 05:28:23.536000+00:00	23342	cumulative					
5943	2026-07-14 05:30:08.563000+00:00	23343	cumulative					
5944	2026-07-14 05:31:41.430000+00:00	23343	cumulative					
5945	2026-07-14 05:33:09.557000+00:00	23346	cumulative					
5946	2026-07-14 05:35:17.135000+00:00	23348	cumulative					
5947	2026-07-14 05:37:03.100000+00:00	23351	cumulative					
5948	2026-07-14 05:39:44.614000+00:00	23351	cumulative					
5949	2026-07-14 05:41:17.407000+00:00	23351	cumulative					
5950	2026-07-14 05:43:02.464000+00:00	23353	cumulative					
5951	2026-07-14 11:17:05.984000+00:00	23358	cumulative					
5952	2026-07-14 13:50:13.656000+00:00	23359	cumulative					
5953	2026-07-14 15:08:31.039000+00:00	23359	cumulative					
5954	2026-07-14 15:14:57.263000+00:00	23359	cumulative					
5955	2026-07-14 16:18:17.846000+00:00	23361	cumulative					
5956	2026-07-14 16:24:53.894000+00:00	23362	cumulative					
5957	2026-07-14 16:26:29.323000+00:00	23362	cumulative					
5958	2026-07-14 18:29:48.075000+00:00	23363	cumulative					
5959	2026-07-14 20:25:42.735000+00:00	23363	cumulative					
5960	2026-07-14 20:28:17.652000+00:00	23363	cumulative					
5961	2026-07-14 20:30:10.839000+00:00	23363	cumulative					
5962	2026-07-14 20:32:10.059000+00:00	23363	cumulative					
5963	2026-07-14 20:33:42.321000+00:00	23364	cumulative					
5964	2026-07-14 20:35:12.306000+00:00	23364	cumulative					
5965	2026-07-14 20:36:41.211000+00:00	23365	cumulative					
5966	2026-07-14 20:38:18.852000+00:00	23365	cumulative					
5967	2026-07-14 20:39:51.547000+00:00	23365	cumulative					
5968	2026-07-14 20:42:07.774000+00:00	23366	cumulative					
5969	2026-07-14 20:43:26.580000+00:00	23367	cumulative					
5970	2026-07-14 23:43:17.694000+00:00	23370	cumulative					
5971	2026-07-14 23:49:21.585000+00:00	23370	cumulative					
5972	2026-07-15 00:26:46.659000+00:00	23370	cumulative					
5973	2026-07-15 01:06:07.197000+00:00	23372	cumulative					
5974	2026-07-15 01:07:38.779000+00:00	23373	cumulative					
5975	2026-07-15 01:11:04.787000+00:00	23373	cumulative					
5976	2026-07-15 01:12:36.504000+00:00	23374	cumulative					
5977	2026-07-15 02:18:03.297000+00:00	23376	cumulative					
5978	2026-07-15 02:19:35.086000+00:00	23379	cumulative					
5979	2026-07-15 02:21:10.299000+00:00	23379	cumulative					
5980	2026-07-15 02:22:37.729000+00:00	23379	cumulative					
5981	2026-07-15 02:24:04.930000+00:00	23379	cumulative					
5982	2026-07-15 02:25:31.504000+00:00	23380	cumulative					
5983	2026-07-15 02:27:06.293000+00:00	23382	cumulative					
5984	2026-07-15 02:28:45.513000+00:00	23382	cumulative					
5985	2026-07-15 10:58:34.122000+00:00	23382	cumulative					
5986	2026-07-15 11:31:11.757000+00:00	23382	cumulative					
5987	2026-07-15 11:32:38.945000+00:00	23387	cumulative					
5988	2026-07-15 12:51:20.149000+00:00	23387	cumulative					
5989	2026-07-15 12:57:29.771000+00:00	23388	cumulative					
5990	2026-07-15 13:10:38.701000+00:00	23388	cumulative					
5991	2026-07-15 13:48:20.566000+00:00	23388	cumulative					
5992	2026-07-15 13:54:40.114000+00:00	23388	cumulative					
5993	2026-07-15 13:55:42.267000+00:00	23391	cumulative					
5994	2026-07-15 13:57:40.604000+00:00	23393	cumulative					
5995	2026-07-15 14:59:33.259000+00:00	23394	cumulative					
5996	2026-07-15 15:08:30.780000+00:00	23395	cumulative					
5997	2026-07-15 15:16:39.336000+00:00	23396	cumulative					
5998	2026-07-15 15:17:41.346000+00:00	23396	cumulative					
5999	2026-07-15 15:19:24.891000+00:00	23397	cumulative					
6000	2026-07-15 15:23:10.008000+00:00	23397	cumulative					
6001	2026-07-15 15:23:50.534000+00:00	23400	cumulative					
6002	2026-07-15 15:25:06.953000+00:00	23403	cumulative					
6003	2026-07-15 15:28:51.615000+00:00	23403	cumulative					
6004	2026-07-15 15:33:24.749000+00:00	23404	cumulative					
6005	2026-07-15 16:06:31.360000+00:00	23407	cumulative					
6006	2026-07-15 16:09:49.742000+00:00	23407	cumulative					
6007	2026-07-15 16:12:05.909000+00:00	23407	cumulative					
6008	2026-07-15 16:14:45.758000+00:00	23407	cumulative					
6009	2026-07-15 16:16:00.657000+00:00	23407	cumulative					
6010	2026-07-15 16:22:32.611000+00:00	23408	cumulative					
6011	2026-07-15 16:27:16.300000+00:00	23409	cumulative					
6012	2026-07-15 16:30:06.973000+00:00	23411	cumulative					
6013	2026-07-15 16:31:49.625000+00:00	23411	cumulative					
6014	2026-07-15 16:33:44.501000+00:00	23412	cumulative					
6015	2026-07-15 16:35:02.650000+00:00	23412	cumulative					
6016	2026-07-15 16:36:47.049000+00:00	23413	cumulative					
6017	2026-07-15 16:41:39.621000+00:00	23413	cumulative					
6018	2026-07-15 16:43:43.492000+00:00	23414	cumulative					
6019	2026-07-15 16:47:29.913000+00:00	23416	cumulative					
6020	2026-07-15 16:49:03.761000+00:00	23416	cumulative					
6021	2026-07-15 16:50:39.293000+00:00	23418	cumulative					
6022	2026-07-15 16:53:00.347000+00:00	23418	cumulative					
6023	2026-07-15 16:54:27.126000+00:00	23420	cumulative					
6024	2026-07-15 16:56:22.800000+00:00	23420	cumulative					
6025	2026-07-15 17:01:08.950000+00:00	23422	cumulative					
6026	2026-07-16 02:39:21.703000+00:00	23422	cumulative					
6027	2026-07-16 14:10:06.283000+00:00	23425	cumulative					
6028	2026-07-16 14:55:58.420000+00:00	23425	cumulative					
6029	2026-07-16 19:42:57.560000+00:00	23425	cumulative					
6030	2026-07-16 20:38:53.705000+00:00	23426	cumulative					
6031	2026-07-16 20:40:48.536000+00:00	23427	cumulative					
6032	2026-07-16 20:42:23.977000+00:00	23429	cumulative					
6033	2026-07-16 20:43:53.197000+00:00	23430	cumulative					
6034	2026-07-16 20:43:55.539000+00:00	23431	cumulative					
6035	2026-07-16 20:46:54.188000+00:00	23433	cumulative					
6036	2026-07-16 20:48:13.112000+00:00	23433	cumulative					
6037	2026-07-16 20:49:52.458000+00:00	23433	cumulative					
6038	2026-07-16 20:51:18.264000+00:00	23433	cumulative					
6039	2026-07-16 20:52:54.824000+00:00	23434	cumulative					
6040	2026-07-16 20:54:18.077000+00:00	23434	cumulative					
6041	2026-07-16 20:55:43.217000+00:00	23434	cumulative					
6042	2026-07-16 20:57:25.981000+00:00	23434	cumulative					
6043	2026-07-16 20:58:52.856000+00:00	23435	cumulative					
6044	2026-07-16 21:00:01.638000+00:00	23435	cumulative					
6045	2026-07-16 21:02:06.846000+00:00	23439	cumulative					
6046	2026-07-16 21:03:35.394000+00:00	23439	cumulative					
6047	2026-07-16 21:04:15.478000+00:00	23439	cumulative					
6048	2026-07-16 21:06:33.694000+00:00	23439	cumulative					
6049	2026-07-16 21:08:16.755000+00:00	23441	cumulative					
6050	2026-07-16 21:09:15.737000+00:00	23441	cumulative					
6051	2026-07-16 21:10:56.093000+00:00	23441	cumulative					
6052	2026-07-16 21:12:27.821000+00:00	23443	cumulative					
6053	2026-07-16 21:14:15.790000+00:00	23452	cumulative					
6054	2026-07-16 21:16:24.228000+00:00	23452	cumulative					
6055	2026-07-16 21:17:43.650000+00:00	23452	cumulative					
6056	2026-07-16 21:20:00.423000+00:00	23452	cumulative					
6057	2026-07-16 21:21:52.673000+00:00	23455	cumulative					
6058	2026-07-16 23:13:03.364000+00:00	23456	cumulative					
6059	2026-07-16 23:14:27.543000+00:00	23462	cumulative					
6060	2026-07-16 23:18:54.786000+00:00	23462	cumulative					
6061	2026-07-16 23:22:05.167000+00:00	23466	cumulative					
6062	2026-07-16 23:25:26.201000+00:00	23466	cumulative					
6063	2026-07-16 23:27:00.492000+00:00	23466	cumulative					
6064	2026-07-16 23:28:35.540000+00:00	23470	cumulative					
6065	2026-07-16 23:31:03.755000+00:00	23472	cumulative					
6066	2026-07-17 00:14:44.850000+00:00	23474	cumulative					
6067	2026-07-17 00:17:22.719000+00:00	23474	cumulative					
6068	2026-07-17 00:19:19.582000+00:00	23474	cumulative					
6069	2026-07-17 04:42:46.756000+00:00	23474	cumulative					
6070	2026-07-17 05:42:22.164000+00:00	23474	cumulative					
6071	2026-07-17 05:46:16.710000+00:00	23474	cumulative					
6072	2026-07-17 05:49:36.723000+00:00	23474	cumulative					
6073	2026-07-17 05:51:28.240000+00:00	23474	cumulative					
6074	2026-07-17 05:53:00.166000+00:00	23474	cumulative					
6075	2026-07-17 05:54:45.886000+00:00	23476	cumulative					
6076	2026-07-17 05:56:17.770000+00:00	23480	cumulative					
6077	2026-07-17 05:57:59.383000+00:00	23484	cumulative					
6078	2026-07-17 05:59:24.695000+00:00	23487	cumulative					
6079	2026-07-17 05:59:27.272000+00:00	23488	cumulative					
6080	2026-07-17 06:02:48.672000+00:00	23489	cumulative					
6081	2026-07-17 06:04:32.076000+00:00	23489	cumulative					
6082	2026-07-17 06:05:56.416000+00:00	23489	cumulative					
6083	2026-07-17 06:06:33.261000+00:00	23490	cumulative					
6084	2026-07-17 06:08:55.888000+00:00	23490	cumulative					
6085	2026-07-17 06:10:29.905000+00:00	23490	cumulative					
6086	2026-07-17 06:11:52.388000+00:00	23490	cumulative					
6087	2026-07-17 06:13:36.869000+00:00	23491	cumulative					
6088	2026-07-17 06:15:45.891000+00:00	23493	cumulative					
6089	2026-07-17 06:17:15.693000+00:00	23493	cumulative					
6090	2026-07-17 06:18:40.622000+00:00	23498	cumulative					
6091	2026-07-17 06:19:29.230000+00:00	23500	cumulative					
6092	2026-07-17 06:20:42.163000+00:00	23501	cumulative					
6093	2026-07-17 06:21:57.961000+00:00	23505	cumulative					
6094	2026-07-17 06:24:34.811000+00:00	23505	cumulative					
6095	2026-07-17 06:25:07.425000+00:00	23507	cumulative					
6096	2026-07-17 06:27:44.054000+00:00	23508	cumulative					
6097	2026-07-17 06:31:59.954000+00:00	23511	cumulative					
6098	2026-07-17 06:34:17.705000+00:00	23516	cumulative					
6099	2026-07-17 06:34:31.765000+00:00	23516	cumulative					
6100	2026-07-17 06:39:27.688000+00:00	23516	cumulative					
6101	2026-07-17 13:20:56.457000+00:00	23517	cumulative					
6102	2026-07-17 13:26:30.242000+00:00	23517	cumulative					
6103	2026-07-17 13:28:02.186000+00:00	23517	cumulative					
6104	2026-07-17 13:30:26.302000+00:00	23517	cumulative					
6105	2026-07-17 13:38:58.117000+00:00	23517	cumulative					
6106	2026-07-17 14:00:29.438000+00:00	23517	cumulative					
6107	2026-07-17 14:02:08.068000+00:00	23518	cumulative					
6108	2026-07-17 14:03:45.553000+00:00	23518	cumulative					
6109	2026-07-17 14:06:19.380000+00:00	23518	cumulative					
6110	2026-07-17 14:08:00.778000+00:00	23518	cumulative					
6111	2026-07-17 14:09:44.847000+00:00	23521	cumulative					
6112	2026-07-17 14:12:24.389000+00:00	23526	cumulative					
6113	2026-07-17 14:20:05.942000+00:00	23526	cumulative					
6114	2026-07-17 14:52:26.478000+00:00	23526	cumulative					
6115	2026-07-17 14:55:29.529000+00:00	23527	cumulative					
6116	2026-07-17 15:03:57.535000+00:00	23528	cumulative					
6117	2026-07-17 15:24:34.076000+00:00	23528	cumulative					
6118	2026-07-17 15:26:09.517000+00:00	23530	cumulative					
6119	2026-07-17 15:29:21.501000+00:00	23530	cumulative					
6120	2026-07-17 15:31:32.489000+00:00	23531	cumulative					
6121	2026-07-17 15:33:34.047000+00:00	23532	cumulative					
6122	2026-07-17 15:47:13.861000+00:00	23532	cumulative					
6123	2026-07-17 17:29:44.347000+00:00	23533	cumulative					
6124	2026-07-17 17:31:15.991000+00:00	23533	cumulative					
6125	2026-07-17 17:33:08.514000+00:00	23535	cumulative					
6126	2026-07-17 17:36:46.959000+00:00	23535	cumulative					
6127	2026-07-17 17:38:28.767000+00:00	23536	cumulative					
6128	2026-07-17 20:10:00.957000+00:00	23540	cumulative					
6129	2026-07-17 20:12:12.220000+00:00	23542	cumulative					
6130	2026-07-17 20:13:03.399000+00:00	23542	cumulative					
6131	2026-07-17 20:15:42.833000+00:00	23542	cumulative					
6132	2026-07-17 20:19:55.376000+00:00	23543	cumulative					
6133	2026-07-17 20:21:59.680000+00:00	23543	cumulative					
6134	2026-07-17 20:25:04.935000+00:00	23544	cumulative					
6135	2026-07-17 20:27:23.393000+00:00	23546	cumulative					
6136	2026-07-18 00:20:28.371000+00:00	23546	cumulative					
6137	2026-07-18 00:23:21.295000+00:00	23546	cumulative					
6138	2026-07-18 00:24:59.060000+00:00	23549	cumulative					
6139	2026-07-18 00:28:18.616000+00:00	23551	cumulative					
6140	2026-07-18 01:42:25.794000+00:00	23551	cumulative					
6141	2026-07-18 16:34:46.574000+00:00	23551	cumulative					
6142	2026-07-19 01:03:37.499000+00:00	23551	cumulative					
6143	2026-07-20 04:14:11.543000+00:00	23552	cumulative					
6144	2026-07-20 09:51:02.458000+00:00	23553	cumulative					
6145	2026-07-20 13:17:47.538000+00:00	23553	cumulative					
6146	2026-07-20 13:36:50.824000+00:00	23553	cumulative					
6147	2026-07-20 14:00:59.354000+00:00	23554	cumulative					
6148	2026-07-20 14:05:57.827000+00:00	23554	cumulative					
6149	2026-07-20 14:40:53.365000+00:00	23558	cumulative					
6150	2026-07-20 15:54:46.611000+00:00	23559	cumulative					
6151	2026-07-20 15:57:22.495000+00:00	23559	cumulative					
6152	2026-07-20 15:58:35.388000+00:00	23559	cumulative					
6153	2026-07-20 16:00:37.858000+00:00	23559	cumulative					
6154	2026-07-20 16:02:10.693000+00:00	23559	cumulative					
6155	2026-07-20 16:04:51.172000+00:00	23559	cumulative					
6156	2026-07-20 16:12:31.290000+00:00	23559	cumulative					
6157	2026-07-20 16:17:47.401000+00:00	23563	cumulative					
6158	2026-07-20 18:19:52.860000+00:00	23563	cumulative					
6159	2026-07-20 18:25:50.766000+00:00	23563	cumulative					
6160	2026-07-20 18:26:53.474000+00:00	23563	cumulative					
6161	2026-07-21 02:16:10.384000+00:00	23563	cumulative					
6162	2026-07-21 02:17:39.642000+00:00	23563	cumulative					
6163	2026-07-21 02:19:10.337000+00:00	23564	cumulative					
6164	2026-07-21 02:20:29.256000+00:00	23564	cumulative					
6165	2026-07-21 02:22:07.434000+00:00	23564	cumulative					
6166	2026-07-21 02:23:34.704000+00:00	23564	cumulative					
6167	2026-07-21 02:24:51.840000+00:00	23564	cumulative					
6168	2026-07-21 02:26:39.962000+00:00	23564	cumulative					
6169	2026-07-21 02:27:59.261000+00:00	23566	cumulative					
6170	2026-07-21 02:29:43.528000+00:00	23567	cumulative					
6171	2026-07-21 02:31:02.971000+00:00	23567	cumulative					
6172	2026-07-21 02:32:33.532000+00:00	23567	cumulative					
6173	2026-07-21 02:33:39.682000+00:00	23567	cumulative					
6174	2026-07-21 02:40:02.513000+00:00	23570	cumulative					
6175	2026-07-21 04:03:41.246000+00:00	23573	cumulative					
6176	2026-07-21 14:16:57.836000+00:00	23573	cumulative					
6177	2026-07-21 14:20:49.673000+00:00	23574	cumulative					
6178	2026-07-21 15:01:22.682000+00:00	23575	cumulative					
6179	2026-07-21 15:04:16.742000+00:00	23576	cumulative					
6180	2026-07-21 15:06:34.183000+00:00	23576	cumulative					
6181	2026-07-21 15:07:26.167000+00:00	23576	cumulative					
6182	2026-07-21 15:10:18.859000+00:00	23578	cumulative					
6183	2026-07-21 15:10:27.776000+00:00	23578	cumulative					
6184	2026-07-21 15:25:54.456000+00:00	23578	cumulative					
6185	2026-07-21 15:27:33.905000+00:00	23578	cumulative					
6186	2026-07-21 15:29:24.561000+00:00	23579	cumulative					
6187	2026-07-21 15:30:47.856000+00:00	23581	cumulative					
6188	2026-07-21 15:32:23.942000+00:00	23581	cumulative					
6189	2026-07-21 15:33:52.704000+00:00	23582	cumulative					
6190	2026-07-21 15:35:45.225000+00:00	23583	cumulative					
6191	2026-07-21 15:37:16.902000+00:00	23583	cumulative					
6192	2026-07-21 15:38:25.502000+00:00	23583	cumulative					
6193	2026-07-21 15:40:40.878000+00:00	23583	cumulative					
6194	2026-07-21 15:42:07.863000+00:00	23586	cumulative					
6195	2026-07-21 15:42:45.610000+00:00	23586	cumulative					
6196	2026-07-21 15:44:17.975000+00:00	23586	cumulative					
6197	2026-07-21 15:46:22.490000+00:00	23586	cumulative					
6198	2026-07-21 15:48:34.916000+00:00	23586	cumulative					
6199	2026-07-21 15:49:16.826000+00:00	23586	cumulative					
6200	2026-07-21 15:51:32.969000+00:00	23587	cumulative					
6201	2026-07-21 15:53:06.773000+00:00	23587	cumulative					
6202	2026-07-21 15:54:58.728000+00:00	23587	cumulative					
6203	2026-07-21 15:57:10.457000+00:00	23587	cumulative					
6204	2026-07-21 17:49:57.138000+00:00	23589	cumulative					
6205	2026-07-21 18:03:28.249000+00:00	23590	cumulative					
6206	2026-07-21 18:05:49.508000+00:00	23592	cumulative					
6207	2026-07-22 14:12:12.455000+00:00	23592	cumulative					
6208	2026-07-22 16:27:57.747000+00:00	23593	cumulative					
6209	2026-07-22 21:34:56.434000+00:00	23593	cumulative					
6210	2026-07-22 21:59:29.636000+00:00	23593	cumulative					
6211	2026-07-23 22:30:28.191000+00:00	23593	cumulative					
6212	2026-07-23 22:59:30.720000+00:00	23596	cumulative					
6213	2026-07-23 23:34:43.586000+00:00	23596	cumulative					
6214	2026-07-24 05:32:04.060000+00:00	23596	cumulative					
6215	2026-07-24 05:49:04.874000+00:00	23596	cumulative					
6216	2026-07-24 05:59:55.477000+00:00	23605	cumulative					
6217	2026-07-24 06:09:43.523000+00:00	23605	cumulative					
6218	2026-07-24 06:10:37.478000+00:00	23605	cumulative					
6219	2026-07-24 06:16:15.636000+00:00	23606	cumulative					
6220	2026-07-24 06:19:06.516000+00:00	23607	cumulative					
6221	2026-07-27 19:55:02.707000+00:00	23607	cumulative					
6222	2026-07-27 20:01:49.672000+00:00	23607	cumulative					
6223	2026-07-27 20:04:58.176000+00:00	23608	cumulative					
6224	2026-07-27 20:06:48.631000+00:00	23609	cumulative					
6225	2026-07-28 10:03:15.314000+00:00	23610	cumulative					
6226	2026-07-28 10:09:51.244000+00:00	23614	cumulative					
6227	2026-07-28 23:47:16.370000+00:00	23614	cumulative					
6228	2026-07-29 15:03:59.584000+00:00	23614	cumulative					
6229	2026-07-29 18:13:15.547000+00:00	23615	cumulative					
6230	2026-07-29 18:14:51.670000+00:00	23615	cumulative					
6231	2026-07-29 18:15:20.980000+00:00	23615	cumulative					
6232	2026-07-29 18:16:46.281000+00:00	23615	cumulative					
6233	2026-07-29 18:19:19.170000+00:00	23616	cumulative					
6234	2026-07-29 18:21:15.693000+00:00	23618	cumulative					
6235	2026-07-29 18:22:53.936000+00:00	23621	cumulative					
6236	2026-07-29 18:24:33.166000+00:00	23621	cumulative					
6237	2026-07-29 18:26:40.508000+00:00	23621	cumulative					
6238	2026-07-29 18:27:47.820000+00:00	23622	cumulative					
6239	2026-07-29 18:30:01.041000+00:00	23622	cumulative					
6240	2026-07-29 18:31:29.272000+00:00	23623	cumulative					
6241	2026-07-29 18:33:32.801000+00:00	23624	cumulative					
6242	2026-07-29 18:35:08.358000+00:00	23629	cumulative					
6243	2026-07-29 18:36:08.127000+00:00	23630	cumulative					
6244	2026-07-29 18:36:35.166000+00:00	23630	cumulative					
6245	2026-07-29 18:40:44.361000+00:00	23631	cumulative					
6246	2026-07-29 18:44:34.200000+00:00	23632	cumulative					
6247	2026-07-29 18:45:54.023000+00:00	23633	cumulative					
6248	2026-07-29 18:47:11.738000+00:00	23633	cumulative					
6249	2026-07-29 18:50:57.728000+00:00	23635	cumulative					
6250	2026-07-29 18:52:36.193000+00:00	23635	cumulative					
6251	2026-07-29 19:44:09.513000+00:00	23636	cumulative					
6252	2026-07-29 19:53:51.727000+00:00	23636	cumulative					
6253	2026-07-29 19:55:13.740000+00:00	23638	cumulative					
6254	2026-07-30 13:21:07.280000+00:00	23638	cumulative					
6255	2026-07-30 13:30:17.235000+00:00	23642	cumulative					
6256	2026-07-30 13:32:44.543000+00:00	23642	cumulative					
6257	2026-07-30 13:37:48.815000+00:00	23642	cumulative					
6258	2026-07-30 13:39:19.734000+00:00	23645	cumulative					
6259	2026-07-30 13:44:06.968000+00:00	23646	cumulative					
6260	2026-07-30 13:46:15.885000+00:00	23648	cumulative					
6261	2026-07-30 13:50:34.384000+00:00	23649	cumulative					
6262	2026-07-30 13:54:09.791000+00:00	23651	cumulative					
6263	2026-07-30 13:59:57.002000+00:00	23651	cumulative					
6264	2026-07-30 14:02:01.531000+00:00	23651	cumulative					
6265	2026-07-30 14:03:42.131000+00:00	23651	cumulative					
6266	2026-07-30 14:06:18.236000+00:00	23656	cumulative					
6267	2026-07-30 14:08:43.941000+00:00	23656	cumulative					
6268	2026-07-30 14:10:07.677000+00:00	23657	cumulative					
6269	2026-07-30 14:10:52.287000+00:00	23657	cumulative					
6270	2026-07-30 14:11:43.624000+00:00	23657	cumulative					
6271	2026-07-30 14:13:09.261000+00:00	23657	cumulative					
6272	2026-07-30 14:17:31.151000+00:00	23657	cumulative					
6273	2026-07-30 14:22:37.728000+00:00	23662	cumulative					
6274	2026-07-30 14:24:51.984000+00:00	23664	cumulative					
6275	2026-07-30 14:27:08.951000+00:00	23667	cumulative					
6276	2026-07-30 14:33:01.915000+00:00	23671	cumulative					
6277	2026-07-30 14:38:26.932000+00:00	23671	cumulative					
6278	2026-07-30 14:42:18.827000+00:00	23671	cumulative					
6279	2026-07-30 15:03:42.503000+00:00	23672	cumulative					
6280	2026-07-30 15:22:39.069000+00:00	23673	cumulative					
6281	2026-07-30 15:37:27.747000+00:00	23673	cumulative					
6282	2026-07-30 15:39:10.616000+00:00	23673	cumulative					
6283	2026-07-30 15:40:42.002000+00:00	23673	cumulative					
6284	2026-07-30 15:42:06.103000+00:00	23673	cumulative					
6285	2026-07-30 15:43:32.315000+00:00	23673	cumulative					
6286	2026-07-30 15:44:55.736000+00:00	23673	cumulative					
6287	2026-07-30 15:46:26.860000+00:00	23674	cumulative					
6288	2026-07-30 15:47:56.745000+00:00	23678	cumulative					
6289	2026-07-31 12:49:08.515000+00:00	23678	cumulative					
6290	2026-07-31 13:45:14.677000+00:00	23680	cumulative					
6291	2026-07-31 14:05:05.445000+00:00	23680	cumulative					
6292	2026-07-31 14:10:16.831000+00:00	23681	cumulative					
6293	2026-07-31 14:13:16.176000+00:00	23683	cumulative					
6294	2026-07-31 14:14:55.375000+00:00	23684	cumulative					
6295	2026-07-31 15:08:06.368000+00:00	23687	cumulative					
6296	2026-07-31 16:46:52.141000+00:00	23688	cumulative					
6297	2026-07-31 17:14:31.303000+00:00	23688	cumulative					
6298	2026-07-31 17:28:44.417000+00:00	23688	cumulative					
6299	2026-07-31 17:42:37.101000+00:00	23688	cumulative					
6300	2026-07-31 18:44:18.056000+00:00	23689	cumulative					
6301	2026-07-31 18:57:13.533000+00:00	23689	cumulative					
6302	2026-07-31 19:02:15.089000+00:00	23689	cumulative					
6303	2026-07-31 19:04:35.641000+00:00	23690	cumulative					
6304	2026-07-31 19:06:22.949000+00:00	23694	cumulative					
6305	2026-07-31 19:07:59.514000+00:00	23694	cumulative					
6306	2026-07-31 19:08:48.016000+00:00	23694	cumulative					
6307	2026-07-31 19:10:56.841000+00:00	23694	cumulative					
6308	2026-07-31 19:12:23.465000+00:00	23694	cumulative					
6309	2026-07-31 19:13:54.539000+00:00	23694	cumulative					
6310	2026-07-31 19:14:59.319000+00:00	23694	cumulative					
6311	2026-07-31 19:16:29.020000+00:00	23697	cumulative					
6312	2026-07-31 19:18:18.385000+00:00	23699	cumulative					
6313	2026-07-31 19:19:38.225000+00:00	23702	cumulative					
6314	2026-07-31 19:21:36.458000+00:00	23703	cumulative					
6315	2026-07-31 19:27:26.843000+00:00	23703	cumulative					
6316	2026-07-31 19:28:56.302000+00:00	23705	cumulative					
6317	2026-07-31 19:30:43.471000+00:00	23709	cumulative					
6318	2026-07-31 19:32:28.202000+00:00	23710	cumulative					
6319	2026-07-31 19:34:05.497000+00:00	23711	cumulative					
6320	2026-07-31 19:34:10.207000+00:00	23711	cumulative					
6321	2026-07-31 19:35:53.016000+00:00	23711	cumulative					
6322	2026-07-31 19:37:29.893000+00:00	23711	cumulative					
6323	2026-07-31 19:40:12.853000+00:00	23713	cumulative					
6324	2026-07-31 19:57:18.108000+00:00	23721	cumulative					
6325	2026-07-31 19:58:09.332000+00:00	23723	cumulative					
6326	2026-07-31 20:01:11.096000+00:00	23724	cumulative					
6327	2026-07-31 20:08:34.801000+00:00	23725	cumulative					
6328	2026-08-01 00:12:07.207000+00:00	23725	cumulative					
6329	2026-08-01 00:14:12.533000+00:00	23728	cumulative					
6330	2026-08-01 00:26:22.295000+00:00	23728	cumulative					
6331	2026-08-01 04:52:57.023000+00:00	23728	cumulative					
6332	2026-08-01 04:59:41.835000+00:00	23728	cumulative					
6333	2026-08-01 05:02:01.836000+00:00	23729	cumulative					
6334	2026-08-01 18:56:24.068000+00:00	23731	cumulative					
6335	2026-08-01 19:01:52.876000+00:00	23738	cumulative					
6336	2026-08-01 20:41:11.817000+00:00	23738	cumulative					
6337	2026-08-01 20:44:20.150000+00:00	23738	cumulative					
6338	2026-08-01 20:45:36.498000+00:00	23743	cumulative					
6339	2026-08-01 20:47:01.752000+00:00	23743	cumulative					
6340	2026-08-01 20:48:57.162000+00:00	23743	cumulative					
6341	2026-08-01 20:50:20.236000+00:00	23743	cumulative					
6342	2026-08-01 20:51:54.764000+00:00	23743	cumulative					
6343	2026-08-01 20:53:08.463000+00:00	23745	cumulative					
6344	2026-08-01 20:54:45.762000+00:00	23745	cumulative					
6345	2026-08-01 20:55:42.752000+00:00	23747	cumulative					
6346	2026-08-01 20:57:08.908000+00:00	23747	cumulative					
6347	2026-08-01 20:58:03.342000+00:00	23747	cumulative					
6348	2026-08-01 20:59:51.976000+00:00	23747	cumulative					
6349	2026-08-01 21:02:10.961000+00:00	23747	cumulative					
6350	2026-08-01 21:03:41.615000+00:00	23749	cumulative					
6351	2026-08-01 21:05:34.932000+00:00	23750	cumulative					
6352	2026-08-01 21:07:40.805000+00:00	23750	cumulative					
6353	2026-08-01 22:26:41.054000+00:00	23750	cumulative					
6354	2026-08-01 22:31:46.105000+00:00	23752	cumulative					
6355	2026-08-01 22:34:01.856000+00:00	23752	cumulative					
6356	2026-08-01 22:36:27.215000+00:00	23753	cumulative					
6357	2026-08-01 22:38:03.675000+00:00	23754	cumulative					
6358	2026-08-01 22:39:29.491000+00:00	23757	cumulative					
6359	2026-08-01 22:39:52.903000+00:00	23758	cumulative					
6360	2026-08-01 22:41:37.729000+00:00	23759	cumulative					
6361	2026-08-01 22:44:22.116000+00:00	23759	cumulative					
6362	2026-08-01 22:45:46.613000+00:00	23759	cumulative					
6363	2026-08-01 22:46:06.665000+00:00	23759	cumulative					
6364	2026-08-01 22:47:22.225000+00:00	23759	cumulative					
6365	2026-08-01 22:49:14.966000+00:00	23760	cumulative					
6366	2026-08-01 22:51:53.301000+00:00	23760	cumulative					
6367	2026-08-01 22:53:37.934000+00:00	23760	cumulative					
6368	2026-08-01 22:55:07.136000+00:00	23760	cumulative					
6369	2026-08-01 22:56:21.012000+00:00	23760	cumulative					
6370	2026-08-01 22:58:15.363000+00:00	23760	cumulative					
6371	2026-08-01 22:59:53.936000+00:00	23760	cumulative					
6372	2026-08-01 23:01:31.156000+00:00	23760	cumulative					
6373	2026-08-01 23:03:06.183000+00:00	23762	cumulative					
6374	2026-08-01 23:03:59.234000+00:00	23763	cumulative					
6375	2026-08-01 23:05:32.511000+00:00	23763	cumulative					
6376	2026-08-01 23:07:35.486000+00:00	23763	cumulative					
6377	2026-08-01 23:09:35.772000+00:00	23763	cumulative					
6378	2026-08-02 01:04:01.696000+00:00	23766	cumulative					
6379	2026-08-02 01:14:31.838000+00:00	23766	cumulative					
6380	2026-08-02 01:15:56.011000+00:00	23768	cumulative					
6381	2026-08-02 01:17:26.216000+00:00	23771	cumulative					
6382	2026-08-02 01:19:24.880000+00:00	23771	cumulative					
6383	2026-08-02 01:20:55.798000+00:00	23771	cumulative					
6384	2026-08-02 01:22:46.895000+00:00	23771	cumulative					
6385	2026-08-02 01:24:27.626000+00:00	23774	cumulative					
6386	2026-08-02 01:25:52.454000+00:00	23776	cumulative					
6387	2026-08-02 01:27:19.972000+00:00	23777	cumulative					
6388	2026-08-02 01:32:10.842000+00:00	23781	cumulative					
6389	2026-08-02 01:33:41.550000+00:00	23781	cumulative					
6390	2026-08-02 01:38:30.071000+00:00	23781	cumulative					
6391	2026-08-02 01:42:40.270000+00:00	23781	cumulative					
6392	2026-08-02 01:44:09.248000+00:00	23782	cumulative					
6393	2026-08-02 02:34:37.616000+00:00	23782	cumulative					
6394	2026-08-02 02:39:28.031000+00:00	23783	cumulative					
6395	2026-08-02 02:40:54.954000+00:00	23783	cumulative					
6396	2026-08-02 02:42:21.024000+00:00	23784	cumulative					
6397	2026-08-02 02:46:35.175000+00:00	23785	cumulative					
6398	2026-08-02 02:54:49.378000+00:00	23786	cumulative					
6399	2026-08-02 02:56:15.015000+00:00	23787	cumulative					
6400	2026-08-02 02:58:12.503000+00:00	23789	cumulative					
6401	2026-08-02 03:02:25.391000+00:00	23789	cumulative					
6402	2026-08-02 03:05:50.531000+00:00	23789	cumulative					
6403	2026-08-02 03:07:31.958000+00:00	23790	cumulative					
6404	2026-08-02 03:08:59.977000+00:00	23792	cumulative					
6405	2026-08-02 03:10:27.679000+00:00	23793	cumulative					
6406	2026-08-02 03:39:53.749000+00:00	23793	cumulative					
6407	2026-08-02 03:41:20.403000+00:00	23793	cumulative					
6408	2026-08-02 03:42:23.501000+00:00	23794	cumulative					
6409	2026-08-02 03:44:12.398000+00:00	23795	cumulative					
6410	2026-08-02 03:45:40.354000+00:00	23795	cumulative					
6411	2026-08-02 03:47:53.336000+00:00	23795	cumulative					
6412	2026-08-02 04:46:43.927000+00:00	23797	cumulative					
6413	2026-08-02 04:49:17.696000+00:00	23799	cumulative					
6414	2026-08-02 04:50:57.743000+00:00	23800	cumulative					
6415	2026-08-02 04:51:38.541000+00:00	23800	cumulative					
6416	2026-08-02 04:52:31.090000+00:00	23806	cumulative					
6417	2026-08-02 04:53:55.722000+00:00	23806	cumulative					
6418	2026-08-02 04:56:59.299000+00:00	23806	cumulative					
6419	2026-08-02 04:58:25.575000+00:00	23806	cumulative					
6420	2026-08-02 05:00:06.374000+00:00	23808	cumulative					
6421	2026-08-02 05:00:37.729000+00:00	23808	cumulative					
6422	2026-08-02 05:01:49.811000+00:00	23808	cumulative					
6423	2026-08-02 05:05:02.933000+00:00	23810	cumulative					
6424	2026-08-02 05:08:19.752000+00:00	23810	cumulative					
6425	2026-08-02 05:09:00.601000+00:00	23810	cumulative					
6426	2026-08-02 05:10:02.133000+00:00	23810	cumulative					
6427	2026-08-02 05:10:30.766000+00:00	23810	cumulative					
6428	2026-08-02 05:14:24.817000+00:00	23813	cumulative					
6429	2026-08-02 05:15:59.386000+00:00	23813	cumulative					
6430	2026-08-02 05:18:42.733000+00:00	23813	cumulative					
6431	2026-08-02 06:21:26.689000+00:00	23815	cumulative					
6432	2026-08-02 15:45:27.087000+00:00	23818	cumulative					
6433	2026-08-02 16:43:04.774000+00:00	23821	cumulative					
6434	2026-08-02 16:45:51.220000+00:00	23823	cumulative					
6435	2026-08-02 16:49:28.629000+00:00	23824	cumulative					
6436	2026-08-02 16:51:39.464000+00:00	23824	cumulative					
6437	2026-08-02 16:53:34.451000+00:00	23825	cumulative					
6438	2026-08-02 17:29:46.534000+00:00	23825	cumulative					
6439	2026-08-02 17:46:32.832000+00:00	23825	cumulative					
6440	2026-08-02 17:47:59.587000+00:00	23825	cumulative					
6441	2026-08-02 17:49:28.934000+00:00	23826	cumulative					
6442	2026-08-02 17:50:56.748000+00:00	23827	cumulative					
6443	2026-08-02 17:52:24.874000+00:00	23830	cumulative					
6444	2026-08-02 17:55:03.311000+00:00	23830	cumulative					
6445	2026-08-02 17:56:39.057000+00:00	23830	cumulative					
6446	2026-08-02 18:33:17.943000+00:00	23831	cumulative					
6447	2026-08-02 18:49:37.346000+00:00	23837	cumulative					
6448	2026-08-02 18:51:11.319000+00:00	23837	cumulative					
6449	2026-08-02 18:52:41.650000+00:00	23838	cumulative					
6450	2026-08-02 18:54:38.672000+00:00	23841	cumulative					
6451	2026-08-02 18:56:35.757000+00:00	23845	cumulative					
6452	2026-08-02 18:58:01.973000+00:00	23846	cumulative					
6453	2026-08-02 18:59:47.224000+00:00	23847	cumulative					
6454	2026-08-02 19:02:12.368000+00:00	23849	cumulative					
6455	2026-08-02 19:04:30.309000+00:00	23851	cumulative					
6456	2026-08-02 19:07:04.358000+00:00	23851	cumulative					
6457	2026-08-02 19:08:51.825000+00:00	23852	cumulative					
6458	2026-08-02 19:10:28.169000+00:00	23852	cumulative					
6459	2026-08-02 19:12:31.620000+00:00	23853	cumulative					
6460	2026-08-02 19:14:10.358000+00:00	23853	cumulative					
6461	2026-08-02 19:15:44.848000+00:00	23856	cumulative					
6462	2026-08-02 19:22:05.364000+00:00	23856	cumulative					
6463	2026-08-02 21:15:17.440000+00:00	23856	cumulative					
6464	2026-08-02 21:21:03.155000+00:00	23856	cumulative					
6465	2026-08-02 21:23:41.706000+00:00	23856	cumulative					
6466	2026-08-02 22:41:51.530000+00:00	23856	cumulative					
6467	2026-08-03 00:12:24.075000+00:00	23856	cumulative					
6468	2026-08-03 01:07:02.166000+00:00	23859	cumulative					
6469	2026-08-03 01:21:37.444000+00:00	23860	cumulative					
6470	2026-08-03 03:05:43.603000+00:00	23862	cumulative					
6471	2026-08-03 03:07:09.483000+00:00	23864	cumulative					
6472	2026-08-03 03:08:24.901000+00:00	23865	cumulative					
6473	2026-08-03 03:10:08.533000+00:00	23865	cumulative					
6474	2026-08-03 03:11:22.379000+00:00	23868	cumulative					
6475	2026-08-03 03:13:02.204000+00:00	23873	cumulative					
6476	2026-08-03 03:20:57.765000+00:00	23874	cumulative					
6477	2026-08-03 03:24:43.985000+00:00	23874	cumulative					
6478	2026-08-03 03:55:47.758000+00:00	23875	cumulative					
6479	2026-08-03 03:57:22.396000+00:00	23875	cumulative					
6480	2026-08-03 04:52:46.845000+00:00	23876	cumulative					
6481	2026-08-03 05:01:30.201000+00:00	23876	cumulative					
6482	2026-08-03 05:06:48.731000+00:00	23876	cumulative					
6483	2026-08-03 05:08:15.864000+00:00	23878	cumulative					
6484	2026-08-03 05:10:17.341000+00:00	23880	cumulative					
6485	2026-08-03 05:11:44.560000+00:00	23881	cumulative					
6486	2026-08-03 05:13:45.487000+00:00	23884	cumulative					
6487	2026-08-03 05:15:20.706000+00:00	23884	cumulative					
6488	2026-08-03 05:16:51.031000+00:00	23888	cumulative					
6489	2026-08-03 05:18:16.578000+00:00	23889	cumulative					
6490	2026-08-03 05:20:00.633000+00:00	23891	cumulative					
6491	2026-08-03 05:21:24.756000+00:00	23892	cumulative					
6492	2026-08-03 05:22:54.363000+00:00	23892	cumulative					
6493	2026-08-03 05:24:44.412000+00:00	23893	cumulative					
6494	2026-08-03 05:27:00.559000+00:00	23894	cumulative					
6495	2026-08-03 05:52:19.765000+00:00	23894	cumulative					
6496	2026-08-03 06:02:47.775000+00:00	23896	cumulative					
6497	2026-08-03 06:25:45.139000+00:00	23897	cumulative					
6498	2026-08-03 06:28:40.582000+00:00	23898	cumulative					
6499	2026-08-03 06:30:13.942000+00:00	23899	cumulative					
6500	2026-08-03 06:31:59.421000+00:00	23899	cumulative					
6501	2026-08-03 06:33:27.918000+00:00	23899	cumulative					
6502	2026-08-03 06:35:29.082000+00:00	23900	cumulative					
6503	2026-08-03 06:37:04.743000+00:00	23900	cumulative					
6504	2026-08-03 06:38:34.105000+00:00	23900	cumulative					
6505	2026-08-03 06:40:07.009000+00:00	23900	cumulative					
6506	2026-08-03 06:41:35.778000+00:00	23901	cumulative					
6507	2026-08-03 06:43:08.686000+00:00	23901	cumulative					
6508	2026-08-03 06:44:47.357000+00:00	23901	cumulative					
6509	2026-08-03 06:46:20.290000+00:00	23902	cumulative					
6510	2026-08-03 06:47:51.832000+00:00	23903	cumulative					
6511	2026-08-03 06:50:06.405000+00:00	23903	cumulative					
6512	2026-08-03 06:51:40.475000+00:00	23903	cumulative					
6513	2026-08-03 06:53:31.684000+00:00	23903	cumulative					
6514	2026-08-03 06:55:02.238000+00:00	23903	cumulative					
6515	2026-08-03 06:56:35.990000+00:00	23903	cumulative					
6516	2026-08-03 06:58:08.812000+00:00	23903	cumulative					
6517	2026-08-03 06:59:40.438000+00:00	23903	cumulative					
6518	2026-08-03 07:01:14.020000+00:00	23903	cumulative					
6519	2026-08-03 07:02:45.480000+00:00	23904	cumulative					
6520	2026-08-03 07:04:10.922000+00:00	23906	cumulative					
6521	2026-08-03 07:05:36.106000+00:00	23906	cumulative					
6522	2026-08-03 07:07:04.572000+00:00	23906	cumulative					
6523	2026-08-03 07:08:49.578000+00:00	23907	cumulative					
6524	2026-08-03 07:10:04.757000+00:00	23910	cumulative					
6525	2026-08-03 07:11:50.554000+00:00	23912	cumulative					
6526	2026-08-03 07:13:21.962000+00:00	23912	cumulative					
6527	2026-08-03 07:15:27.010000+00:00	23912	cumulative					
6528	2026-08-03 07:17:07.079000+00:00	23912	cumulative					
6529	2026-08-03 07:18:37.012000+00:00	23915	cumulative					
6530	2026-08-03 07:20:12.345000+00:00	23915	cumulative					
6531	2026-08-03 07:21:28.553000+00:00	23918	cumulative					
6532	2026-08-03 07:22:05.164000+00:00	23919	cumulative					
6533	2026-08-03 07:24:13.525000+00:00	23919	cumulative					
6534	2026-08-03 07:25:58.899000+00:00	23919	cumulative					
6535	2026-08-03 07:26:20.785000+00:00	23919	cumulative					
6536	2026-08-03 07:29:07.340000+00:00	23920	cumulative					
6537	2026-08-03 07:31:41.249000+00:00	23920	cumulative					
6538	2026-08-03 07:33:15.390000+00:00	23920	cumulative					
6539	2026-08-03 07:42:28.481000+00:00	23920	cumulative					
6540	2026-08-03 07:45:15.655000+00:00	23921	cumulative					
6541	2026-08-03 15:52:03.333000+00:00	23921	cumulative					
6542	2026-08-03 15:52:46.893000+00:00	23921	cumulative					
6543	2026-08-03 15:54:26.345000+00:00	23921	cumulative					
6544	2026-08-03 15:57:01.188000+00:00	23922	cumulative					
6545	2026-08-04 03:50:18.961000+00:00	23923	cumulative					
6546	2026-08-04 04:20:15.300000+00:00	23923	cumulative					
6547	2026-08-04 04:22:11.410000+00:00	23924	cumulative					
6548	2026-08-04 04:23:50.865000+00:00	23925	cumulative					
6549	2026-08-04 04:25:19.838000+00:00	23927	cumulative					
6550	2026-08-04 04:26:48.127000+00:00	23927	cumulative					
6551	2026-08-04 04:33:04.797000+00:00	23928	cumulative					
6552	2026-08-04 04:34:52.246000+00:00	23928	cumulative					
6553	2026-08-04 04:36:19.445000+00:00	23928	cumulative					
6554	2026-08-04 04:45:46.279000+00:00	23929	cumulative					
6555	2026-08-04 04:47:12.479000+00:00	23929	cumulative					
6556	2026-08-04 13:50:03.343000+00:00	23929	cumulative					
6557	2026-08-04 13:56:15.051000+00:00	23929	cumulative					
6558	2026-08-04 14:12:02.932000+00:00	23931	cumulative					
6559	2026-08-04 14:15:47.900000+00:00	23931	cumulative					
6560	2026-08-04 14:18:15.447000+00:00	23933	cumulative					
6561	2026-08-04 17:37:33.440000+00:00	23936	cumulative					
6562	2026-08-04 18:02:00.242000+00:00	23937	cumulative					
6563	2026-08-04 18:10:40.112000+00:00	23938	cumulative					
6564	2026-08-04 18:15:20.392000+00:00	23941	cumulative					
6565	2026-08-04 18:16:52.440000+00:00	23942	cumulative					
6566	2026-08-04 18:18:22.218000+00:00	23942	cumulative					
6567	2026-08-04 18:19:38.958000+00:00	23942	cumulative					
6568	2026-08-04 18:24:05.101000+00:00	23942	cumulative					
6569	2026-08-04 18:27:29.030000+00:00	23943	cumulative					
6570	2026-08-04 20:42:09.158000+00:00	23943	cumulative					
6571	2026-08-04 20:46:33.591000+00:00	23943	cumulative					
6572	2026-08-04 20:48:08.214000+00:00	23943	cumulative					
6573	2026-08-04 20:49:40.562000+00:00	23944	cumulative					
6574	2026-08-04 20:51:08.322000+00:00	23945	cumulative					
6575	2026-08-04 20:52:42.288000+00:00	23945	cumulative					
6576	2026-08-04 22:24:07.098000+00:00	23946	cumulative					
6577	2026-08-04 22:27:01.293000+00:00	23946	cumulative					
6578	2026-08-04 22:36:50.498000+00:00	23947	cumulative					
6579	2026-08-05 03:13:49.655000+00:00	23947	cumulative					
6580	2026-08-05 03:15:18.122000+00:00	23947	cumulative					
6581	2026-08-05 03:16:43.343000+00:00	23947	cumulative					
6582	2026-08-05 13:25:36.942000+00:00	23949	cumulative					
6583	2026-08-05 13:30:00.982000+00:00	23951	cumulative					
6584	2026-08-05 13:31:36.124000+00:00	23952	cumulative					
6585	2026-08-05 13:33:10.489000+00:00	23952	cumulative					
6586	2026-08-05 13:36:13.731000+00:00	23954	cumulative					
6587	2026-08-05 14:14:24.864000+00:00	23954	cumulative					
6588	2026-08-05 15:37:58.869000+00:00	23955	cumulative					
6589	2026-08-06 15:03:15.179000+00:00	23957	cumulative					
6590	2026-08-06 15:04:50.357000+00:00	23959	cumulative					
6591	2026-08-06 15:07:23.274000+00:00	23959	cumulative					
6592	2026-08-06 15:10:07.328000+00:00	23959	cumulative					
6593	2026-08-06 15:11:49.660000+00:00	23964	cumulative					
6594	2026-08-06 15:32:23.155000+00:00	23964	cumulative					
6595	2026-08-06 15:49:52.586000+00:00	23966	cumulative					
6596	2026-08-06 15:54:16.378000+00:00	23966	cumulative					
6597	2026-08-06 15:58:26.066000+00:00	23966	cumulative					
6598	2026-08-07 23:55:46.503000+00:00	23966	cumulative					
6599	2026-08-08 04:05:06.835000+00:00	23966	cumulative					
6600	2026-08-08 04:21:31.199000+00:00	23969	cumulative					
6601	2026-08-10 01:59:30.245000+00:00	23971	cumulative					
6602	2026-08-10 02:00:34.006000+00:00	23972	cumulative					
6603	2026-08-10 02:02:06.421000+00:00	23972	cumulative					
6604	2026-08-10 02:03:54.527000+00:00	23972	cumulative					
6605	2026-08-10 02:05:24.279000+00:00	23973	cumulative					
6606	2026-08-10 02:06:49.864000+00:00	23975	cumulative					
6607	2026-08-10 02:08:27.176000+00:00	23976	cumulative					
6608	2026-08-10 02:09:51.479000+00:00	23980	cumulative					
6609	2026-08-10 02:11:25.197000+00:00	23986	cumulative					
6610	2026-08-10 02:12:26.624000+00:00	23987	cumulative					
6611	2026-08-10 02:14:15.102000+00:00	23987	cumulative					
6612	2026-08-10 02:15:46.824000+00:00	23994	cumulative					
6613	2026-08-10 02:17:12.542000+00:00	24000	cumulative					
6614	2026-08-10 02:18:36.420000+00:00	24000	cumulative					
6615	2026-08-10 02:20:00.328000+00:00	24001	cumulative					
6616	2026-08-10 02:21:10.757000+00:00	24003	cumulative					
6617	2026-08-10 02:22:50.060000+00:00	24004	cumulative					
6618	2026-08-10 02:24:27.758000+00:00	24005	cumulative					
6619	2026-08-10 02:24:43.336000+00:00	24005	cumulative					
6620	2026-08-10 02:27:06.469000+00:00	24006	cumulative					
6621	2026-08-10 02:28:53.590000+00:00	24006	cumulative					
6622	2026-08-10 02:30:18.401000+00:00	24006	cumulative					
6623	2026-08-10 02:31:09.230000+00:00	24007	cumulative					
6624	2026-08-10 02:33:03.294000+00:00	24007	cumulative					
6625	2026-08-10 02:34:28.743000+00:00	24009	cumulative					
6626	2026-08-10 02:36:01.349000+00:00	24010	cumulative					
6627	2026-08-10 02:37:26.132000+00:00	24010	cumulative					
6628	2026-08-10 02:39:10.362000+00:00	24010	cumulative					
6629	2026-08-10 02:39:46.682000+00:00	24010	cumulative					
6630	2026-08-10 02:44:04.285000+00:00	24010	cumulative					
6631	2026-08-10 02:54:06.082000+00:00	24014	cumulative					
6632	2026-08-10 02:57:28.537000+00:00	24019	cumulative					
6633	2026-08-10 02:59:06.546000+00:00	24019	cumulative					
6634	2026-08-10 03:00:33.832000+00:00	24019	cumulative					
6635	2026-08-10 03:01:57.718000+00:00	24019	cumulative					
6636	2026-08-10 03:03:43.505000+00:00	24021	cumulative					
6637	2026-08-10 03:04:06.808000+00:00	24024	cumulative					
6638	2026-08-10 03:06:15.743000+00:00	24024	cumulative					
6639	2026-08-10 03:07:04.982000+00:00	24025	cumulative					
6640	2026-08-10 03:09:49.831000+00:00	24025	cumulative					
6641	2026-08-10 03:10:37.673000+00:00	24025	cumulative					
6642	2026-08-10 03:12:02.121000+00:00	24026	cumulative					
6643	2026-08-10 03:13:30.760000+00:00	24026	cumulative					
6644	2026-08-10 03:15:27.675000+00:00	24026	cumulative					
6645	2026-08-10 03:17:19.126000+00:00	24027	cumulative					
6646	2026-08-10 03:17:57.360000+00:00	24029	cumulative					
6647	2026-08-10 03:20:10.774000+00:00	24029	cumulative					
6648	2026-08-10 03:21:34.453000+00:00	24029	cumulative					
6649	2026-08-10 03:24:20.490000+00:00	24032	cumulative					
6650	2026-08-10 03:26:51.448000+00:00	24032	cumulative					
6651	2026-08-10 03:30:26.047000+00:00	24034	cumulative					
6652	2026-08-10 03:32:15.405000+00:00	24034	cumulative					
6653	2026-08-10 03:34:09.331000+00:00	24036	cumulative					
6654	2026-08-10 03:35:57.293000+00:00	24036	cumulative					
6655	2026-08-10 03:39:07.965000+00:00	24036	cumulative					
6656	2026-08-10 03:42:24.460000+00:00	24036	cumulative					
6657	2026-08-10 03:42:33.664000+00:00	24036	cumulative					
6658	2026-08-10 03:45:47.270000+00:00	24036	cumulative					
6659	2026-08-10 03:47:27.724000+00:00	24036	cumulative					
6660	2026-08-10 03:52:21.995000+00:00	24036	cumulative					
6661	2026-08-10 03:53:26.994000+00:00	24042	cumulative					
6662	2026-08-10 03:57:14.370000+00:00	24042	cumulative					
6663	2026-08-10 03:58:46.842000+00:00	24042	cumulative					
6664	2026-08-10 03:59:23.759000+00:00	24043	cumulative					
6665	2026-08-10 04:01:53.734000+00:00	24043	cumulative					
6666	2026-08-10 04:02:25.589000+00:00	24043	cumulative					
6667	2026-08-10 04:05:13.532000+00:00	24043	cumulative					
6668	2026-08-10 04:07:26.164000+00:00	24043	cumulative					
6669	2026-08-10 04:08:56.787000+00:00	24052	cumulative					
6670	2026-08-10 04:10:41.943000+00:00	24054	cumulative					
6671	2026-08-10 04:12:12.345000+00:00	24054	cumulative					
6672	2026-08-10 04:13:45.498000+00:00	24057	cumulative					
6673	2026-08-10 04:15:13.683000+00:00	24058	cumulative					
6674	2026-08-10 04:16:41.574000+00:00	24059	cumulative					
6675	2026-08-13 02:47:38.255000+00:00	24059	cumulative					
6676	2026-08-13 02:51:16.720000+00:00	24062	cumulative					
6677	2026-08-13 02:52:44.231000+00:00	24062	cumulative					
6678	2026-08-13 02:53:17.937000+00:00	24062	cumulative					
6679	2026-08-13 02:54:58.206000+00:00	24068	cumulative					
6680	2026-08-13 02:57:44.678000+00:00	24068	cumulative					
6681	2026-08-13 02:59:24.529000+00:00	24068	cumulative					
6682	2026-08-13 03:01:48.652000+00:00	24070	cumulative					
6683	2026-08-13 18:24:09.861000+00:00	24071	cumulative					
6684	2026-08-13 18:25:50.246000+00:00	24072	cumulative					
6685	2026-08-13 18:34:33.826000+00:00	24072	cumulative					
6686	2026-08-17 18:22:00.455000+00:00	24074	cumulative					
6687	2026-08-17 18:27:24.727000+00:00	24076	cumulative					
6688	2026-08-17 18:29:30.270000+00:00	24077	cumulative					
6689	2026-08-17 18:31:00.307000+00:00	24079	cumulative					
6690	2026-08-17 18:33:20.989000+00:00	24079	cumulative					
6691	2026-08-17 18:35:12.903000+00:00	24080	cumulative					
6692	2026-08-17 18:36:45.333000+00:00	24080	cumulative					
6693	2026-08-17 18:38:32.065000+00:00	24082	cumulative					
6694	2026-08-19 15:33:01.739000+00:00	24084	cumulative					
6695	2026-08-19 15:36:26.857000+00:00	24085	cumulative					
6696	2026-08-19 15:39:05.100000+00:00	24085	cumulative					
6697	2026-08-19 15:41:02.619000+00:00	24085	cumulative					
6698	2026-08-23 01:41:17.978000+00:00	24087	cumulative					
6699	2026-08-23 01:42:56.320000+00:00	24087	cumulative					
6700	2026-09-03 22:47:19.030000+00:00	24087	cumulative					
6703	2026-09-04 14:33:45.471000+00:00	24087	cumulative					
6704	2026-09-04 14:39:28.310000+00:00	24088	cumulative					
6705	2026-09-04 14:41:09.244000+00:00	24088	cumulative					
6706	2026-09-04 14:48:40.833000+00:00	24091	cumulative					
6707	2026-09-04 14:50:04.926000+00:00	24091	cumulative					
6708	2026-09-04 14:50:56.511000+00:00	24092	cumulative					
6709	2026-09-04 14:52:02.095000+00:00	24092	cumulative					
6710	2026-09-04 14:54:15.079000+00:00	24092	cumulative					
6711	2026-09-04 14:55:44.670000+00:00	24092	cumulative					
6712	2026-09-04 14:57:18.769000+00:00	24092	cumulative					
6713	2026-09-04 14:58:48.613000+00:00	24093	cumulative					
6714	2026-09-04 15:02:01.422000+00:00	24094	cumulative					
6715	2026-09-04 15:02:22.767000+00:00	24094	cumulative					
6716	2026-09-04 15:04:00.645000+00:00	24094	cumulative					
6717	2026-09-04 15:06:31.228000+00:00	24095	cumulative					
6718	2026-09-04 15:08:04.162000+00:00	24095	cumulative					
6719	2026-09-04 15:09:12.962000+00:00	24095	cumulative					
6720	2026-09-04 15:11:43.730000+00:00	24095	cumulative					
6721	2026-09-04 15:12:24.653000+00:00	24098	cumulative					
6722	2026-09-04 15:18:44.113000+00:00	24099	cumulative					
6723	2026-09-04 16:12:46.633000+00:00	24101	cumulative					
6724	2026-09-04 16:24:46.090000+00:00	24102	cumulative					
6725	2026-09-04 16:43:10.248000+00:00	24109	cumulative					
6726	2026-09-04 16:59:57.230000+00:00	24109	cumulative					
6727	2026-09-06 01:05:59.805000+00:00	24109	cumulative					
6728	2026-09-06 01:13:21.843000+00:00	24109	cumulative					
6729	2026-09-06 03:26:53.284000+00:00	24111	cumulative					
6730	2026-09-06 03:30:01.591000+00:00	24111	cumulative					
6731	2026-09-06 03:32:36.427000+00:00	24119	cumulative					
6732	2026-09-06 03:34:00.591000+00:00	24119	cumulative					
6733	2026-09-06 03:34:42.758000+00:00	24119	cumulative					
6734	2026-09-06 03:36:06.613000+00:00	24124	cumulative					
6735	2026-09-06 03:36:42.665000+00:00	24126	cumulative					
6736	2026-09-06 03:38:35.334000+00:00	24126	cumulative					
6737	2026-09-06 03:41:51.582000+00:00	24126	cumulative					
6738	2026-09-06 22:39:18.781000+00:00	24126	cumulative					
6739	2026-09-06 22:40:49.321000+00:00	24127	cumulative					
6740	2026-09-06 22:42:15.319000+00:00	24128	cumulative					
6741	2026-09-06 22:43:42.573000+00:00	24128	cumulative					
6742	2026-09-06 22:45:07.107000+00:00	24128	cumulative					
6743	2026-09-06 22:46:15.535000+00:00	24128	cumulative					
6744	2026-09-08 17:02:15.370000+00:00	24128	cumulative					
6745	2026-09-08 17:13:27.358000+00:00	24132	cumulative					
6746	2026-09-08 17:19:29.668000+00:00	24135	cumulative					
6747	2026-09-08 17:21:38.702000+00:00	24135	cumulative					
6748	2026-09-08 17:30:39.472000+00:00	24135	cumulative					
6749	2026-09-08 17:33:54.755000+00:00	24137	cumulative					
6750	2026-09-08 17:37:44.056000+00:00	24137	cumulative					
6751	2026-09-08 18:06:15.252000+00:00	24141	cumulative					
6752	2026-09-08 18:15:10.942000+00:00	24144	cumulative					
6753	2026-09-08 18:17:15.562000+00:00	24144	cumulative					
6754	2026-09-08 18:24:11.025000+00:00	24144	cumulative					
6755	2026-09-08 18:26:50.640000+00:00	24145	cumulative					
6756	2026-09-08 18:34:46.966000+00:00	24145	cumulative					
6757	2026-09-08 18:41:05.007000+00:00	24145	cumulative					
6758	2026-09-08 18:52:11.130000+00:00	24145	cumulative					
6759	2026-09-08 18:56:16.378000+00:00	24145	cumulative					
6760	2026-09-08 19:30:10.301000+00:00	24145	cumulative					
6761	2026-09-09 14:44:24.646000+00:00	24145	cumulative					
6762	2026-09-09 15:44:06.330000+00:00	24146	cumulative					
6763	2026-09-09 15:45:21.146000+00:00	24151	cumulative					
6764	2026-09-09 15:49:00.433000+00:00	24152	cumulative					
6765	2026-09-09 15:51:27.935000+00:00	24158	cumulative					
6766	2026-09-09 15:52:46.443000+00:00	24159	cumulative					
6767	2026-09-09 15:55:00.610000+00:00	24159	cumulative					
6768	2026-09-09 15:58:21.238000+00:00	24159	cumulative					
6769	2026-09-09 17:23:08.128000+00:00	24159	cumulative					
6770	2026-09-09 17:30:31.514000+00:00	24159	cumulative					
6771	2026-09-09 17:52:53.073000+00:00	24159	cumulative					
6772	2026-09-09 17:55:29.539000+00:00	24159	cumulative					
6773	2026-09-09 18:18:48.390000+00:00	24159	cumulative					
6774	2026-09-09 18:32:00.374000+00:00	24159	cumulative					
6775	2026-09-09 18:36:49.735000+00:00	24159	cumulative					
6776	2026-09-09 18:39:31.015000+00:00	24161	cumulative					
6777	2026-09-09 18:41:40.764000+00:00	24162	cumulative					
6778	2026-09-09 18:42:12.540000+00:00	24164	cumulative					
6779	2026-09-09 18:54:45.649000+00:00	24165	cumulative					
6780	2026-09-09 18:55:56.417000+00:00	24165	cumulative					
6781	2026-09-09 19:01:35.989000+00:00	24165	cumulative					
6782	2026-09-10 00:38:50.862000+00:00	24165	cumulative					
6783	2026-09-10 00:40:04.054000+00:00	24170	cumulative					
6784	2026-09-10 00:41:49.393000+00:00	24170	cumulative					
6785	2026-09-10 00:43:19.655000+00:00	24170	cumulative					
6786	2026-09-10 00:44:22.233000+00:00	24170	cumulative					
6787	2026-09-10 00:45:49.681000+00:00	24170	cumulative					
6788	2026-09-10 00:47:42.095000+00:00	24171	cumulative					
6789	2026-09-10 00:48:54.590000+00:00	24172	cumulative					
6790	2026-09-10 00:50:57.914000+00:00	24172	cumulative					
6791	2026-09-10 00:52:24.474000+00:00	24172	cumulative					
6792	2026-09-10 00:53:51.297000+00:00	24172	cumulative					
6793	2026-09-10 00:55:18.051000+00:00	24172	cumulative					
6794	2026-09-10 00:56:44.422000+00:00	24172	cumulative					
6795	2026-09-10 00:58:05.535000+00:00	24172	cumulative					
6796	2026-09-10 00:59:14.704000+00:00	24173	cumulative					
6797	2026-09-10 01:01:03.586000+00:00	24173	cumulative					
6798	2026-09-10 01:02:30.559000+00:00	24173	cumulative					
6799	2026-09-10 01:03:55.514000+00:00	24174	cumulative					
6800	2026-09-10 01:04:03.246000+00:00	24175	cumulative					
6801	2026-09-10 01:04:32.411000+00:00	24175	cumulative					
6802	2026-09-10 02:15:07.778000+00:00	24177	cumulative					
6803	2026-09-10 02:25:23.477000+00:00	24180	cumulative					
6804	2026-09-10 02:35:06.740000+00:00	24180	cumulative					
6805	2026-09-10 02:36:50.223000+00:00	24180	cumulative					
6806	2026-09-10 02:38:13.967000+00:00	24180	cumulative					
6807	2026-09-10 02:53:33.835000+00:00	24182	cumulative					
6808	2026-09-10 02:57:11.238000+00:00	24182	cumulative					
6809	2026-09-10 02:58:35.888000+00:00	24183	cumulative					
6810	2026-09-10 02:59:59.094000+00:00	24183	cumulative					
6811	2026-09-10 03:03:15.838000+00:00	24184	cumulative					
6812	2026-09-10 03:06:15.141000+00:00	24184	cumulative					
6813	2026-09-10 03:09:16.299000+00:00	24184	cumulative					
6814	2026-09-10 03:14:06.864000+00:00	24184	cumulative					
6815	2026-09-10 03:17:37.303000+00:00	24184	cumulative					
6816	2026-09-10 03:22:52.369000+00:00	24186	cumulative					
6817	2026-09-10 03:34:51.936000+00:00	24186	cumulative					
6818	2026-09-10 15:05:17.370000+00:00	24186	cumulative					
6819	2026-09-10 15:13:24.497000+00:00	24186	cumulative					
6820	2026-09-10 18:00:22.263000+00:00	24186	cumulative					
6821	2026-09-10 21:30:55.527000+00:00	24188	cumulative					
6822	2026-09-10 21:32:09.041000+00:00	24188	cumulative					
6823	2026-09-11 01:59:41.232000+00:00	24189	cumulative					
6824	2026-09-11 02:00:55.767000+00:00	24191	cumulative					
6825	2026-09-11 02:02:29.993000+00:00	24194	cumulative					
6827	2026-09-11 02:33:47.330000+00:00	24194	cumulative					
6828	2026-09-11 03:15:04.231000+00:00	24194	cumulative					
6829	2026-09-11 03:17:05.123000+00:00	24195	cumulative					
6830	2026-09-11 03:51:03.593000+00:00	24195	cumulative					
6831	2026-09-11 13:50:28.142000+00:00	24195	cumulative					
6832	2026-09-11 13:52:11.118000+00:00	24195	cumulative					
6833	2026-09-11 13:55:12.679000+00:00	24195	cumulative					
6834	2026-09-11 13:56:54.557000+00:00	24195	cumulative					
6835	2026-09-11 13:58:22.433000+00:00	24195	cumulative					
6836	2026-09-11 13:59:50.744000+00:00	24196	cumulative					
6837	2026-09-11 14:03:09.566000+00:00	24196	cumulative					
6838	2026-09-11 14:37:49.821000+00:00	24198	cumulative					
6839	2026-09-11 14:41:33.114000+00:00	24198	cumulative					
6840	2026-09-11 15:24:05.272000+00:00	24198	cumulative					
6841	2026-09-11 15:42:05.584000+00:00	24198	cumulative					
6842	2026-09-11 15:48:54.016000+00:00	24198	cumulative					
6843	2026-09-11 17:35:47.742000+00:00	24201	cumulative					
6844	2026-09-11 17:41:27.470000+00:00	24203	cumulative					
6845	2026-09-11 21:19:56.045000+00:00	24204	cumulative					
6846	2026-09-12 03:15:47.180000+00:00	24204	cumulative					
6847	2026-09-12 03:17:14.308000+00:00	24206	cumulative					
6848	2026-09-12 03:47:26.903000+00:00	24206	cumulative					
6849	2026-09-13 17:19:17.053000+00:00	24209	cumulative					
6850	2026-09-13 18:51:34.811000+00:00	24209	cumulative					
6851	2026-09-13 19:11:13.526000+00:00	24210	cumulative					
6852	2026-09-13 19:13:12.567000+00:00	24210	cumulative					
6853	2026-09-13 19:20:26.496000+00:00	24210	cumulative					
6854	2026-09-13 21:43:47.367000+00:00	24210	cumulative					
6855	2026-09-13 22:36:19.929000+00:00	24211	cumulative					
6856	2026-09-13 22:42:07.323000+00:00	24211	cumulative					
6857	2026-09-13 22:46:16.604000+00:00	24215	cumulative					
6858	2026-09-13 22:47:05.171000+00:00	24215	cumulative					
6859	2026-09-13 22:52:14.912000+00:00	24215	cumulative					
6860	2026-09-13 22:55:08.248000+00:00	24217	cumulative					
6861	2026-09-13 22:57:19.201000+00:00	24217	cumulative					
6862	2026-09-13 22:58:10.964000+00:00	24217	cumulative					
6863	2026-09-13 23:01:29.309000+00:00	24218	cumulative					
6864	2026-09-14 00:24:37.701000+00:00	24219	cumulative					
6865	2026-09-14 00:41:59.841000+00:00	24219	cumulative					
6866	2026-09-14 00:44:24.973000+00:00	24219	cumulative					
6867	2026-09-14 00:49:11.987000+00:00	24219	cumulative					
6868	2026-09-14 00:58:18.349000+00:00	24220	cumulative					
6869	2026-09-14 00:59:48.676000+00:00	24220	cumulative					
6870	2026-09-14 01:01:37.193000+00:00	24228	cumulative					
6871	2026-09-14 01:03:41.971000+00:00	24231	cumulative					
6872	2026-09-14 01:05:31.735000+00:00	24233	cumulative					
6873	2026-09-14 01:05:40.870000+00:00	24233	cumulative					
6874	2026-09-14 01:08:06.155000+00:00	24235	cumulative					
6875	2026-09-14 01:11:44.441000+00:00	24238	cumulative					
6876	2026-09-14 01:16:38.215000+00:00	24238	cumulative					
6877	2026-09-14 01:18:32.799000+00:00	24239	cumulative					
6878	2026-09-14 01:24:00.414000+00:00	24240	cumulative					
6879	2026-09-14 01:27:39.220000+00:00	24241	cumulative					
6880	2026-09-14 01:32:56.170000+00:00	24241	cumulative					
6881	2026-09-14 01:40:45.482000+00:00	24241	cumulative					
6882	2026-09-14 01:42:25.254000+00:00	24242	cumulative					
6883	2026-09-14 01:44:59.029000+00:00	24242	cumulative					
6884	2026-09-14 01:46:34.434000+00:00	24242	cumulative					
6885	2026-09-14 01:48:15.581000+00:00	24243	cumulative					
6886	2026-09-14 01:49:42.593000+00:00	24243	cumulative					
6887	2026-09-14 01:55:00.961000+00:00	24245	cumulative					
6888	2026-09-14 02:15:13.714000+00:00	24245	cumulative					
6889	2026-09-14 02:18:24.555000+00:00	24246	cumulative					
6890	2026-09-14 02:21:00.141000+00:00	24249	cumulative					
6891	2026-09-14 02:26:20.188000+00:00	24251	cumulative					
6892	2026-09-14 02:27:50.656000+00:00	24251	cumulative					
6893	2026-09-14 04:58:19.023000+00:00	24253	cumulative					
6894	2026-09-14 05:01:08.108000+00:00	24254	cumulative					
6895	2026-09-14 15:30:28.622000+00:00	24254	cumulative					
6896	2026-09-14 15:33:47.405000+00:00	24254	cumulative					
6897	2026-09-14 17:00:52.462000+00:00	24254	cumulative					
6898	2026-09-14 17:28:47.149000+00:00	24256	cumulative					
6899	2026-09-14 17:40:17.984000+00:00	24256	cumulative					
6900	2026-09-14 17:52:29.458000+00:00	24256	cumulative					
6901	2026-09-14 17:57:48.883000+00:00	24256	cumulative					
6902	2026-09-14 18:00:27.723000+00:00	24260	cumulative					
6903	2026-09-14 20:13:45.194000+00:00	24260	cumulative					
6904	2026-09-14 20:14:23.668000+00:00	24262	cumulative					
6905	2026-09-14 20:16:19.090000+00:00	24265	cumulative					
6906	2026-09-14 20:17:25.349000+00:00	24265	cumulative					
6907	2026-09-15 00:08:53.401000+00:00	24265	cumulative					
6908	2026-09-15 01:27:08.734000+00:00	24265	cumulative					
6909	2026-09-15 01:28:29.898000+00:00	24265	cumulative					
6910	2026-09-15 01:45:41.633000+00:00	24265	cumulative					
6911	2026-09-15 01:48:16.284000+00:00	24266	cumulative					
6912	2026-09-15 03:40:03.643000+00:00	24267	cumulative					
6913	2026-09-15 03:41:00.827000+00:00	24267	cumulative					
6914	2026-09-15 03:44:11.861000+00:00	24270	cumulative					
6915	2026-09-15 03:45:55.587000+00:00	24271	cumulative					
6916	2026-09-15 03:48:51.310000+00:00	24271	cumulative					
6917	2026-09-15 03:50:33.219000+00:00	24273	cumulative					
6918	2026-09-15 03:52:55.820000+00:00	24273	cumulative					
6919	2026-09-15 03:54:37.084000+00:00	24273	cumulative					
6920	2026-09-15 03:55:54.549000+00:00	24273	cumulative					
6921	2026-09-15 03:57:18.220000+00:00	24273	cumulative					
6922	2026-09-15 17:30:47.198000+00:00	24274	cumulative					
6923	2026-09-15 17:47:41.314000+00:00	24276	cumulative					
6924	2026-09-15 18:04:12.155000+00:00	24276	cumulative					
6925	2026-09-15 18:04:19.550000+00:00	24278	cumulative					
6926	2026-09-15 18:07:54.482000+00:00	24278	cumulative					
6927	2026-09-15 18:09:22.777000+00:00	24280	cumulative					
6928	2026-09-15 18:10:26.134000+00:00	24280	cumulative					
6929	2026-09-15 18:11:38.427000+00:00	24280	cumulative					
6930	2026-09-15 18:22:11.020000+00:00	24280	cumulative					
6931	2026-09-15 22:06:16.491000+00:00	24280	cumulative					
6932	2026-09-15 22:09:42.483000+00:00	24281	cumulative					
6933	2026-09-15 22:11:56.512000+00:00	24283	cumulative					
6934	2026-09-15 22:13:20.560000+00:00	24283	cumulative					
6935	2026-09-15 22:13:41.037000+00:00	24284	cumulative					
6936	2026-09-15 22:16:31.867000+00:00	24284	cumulative					
6937	2026-09-15 22:17:55.593000+00:00	24287	cumulative					
6938	2026-09-15 22:19:21.174000+00:00	24291	cumulative					
6939	2026-09-15 22:20:44.899000+00:00	24294	cumulative					
6940	2026-09-15 22:22:12.074000+00:00	24294	cumulative					
6941	2026-09-15 22:23:32.022000+00:00	24296	cumulative					
6942	2026-09-15 22:23:41.131000+00:00	24296	cumulative					
6943	2026-09-15 22:26:35.301000+00:00	24296	cumulative					
6944	2026-09-15 22:29:19.657000+00:00	24296	cumulative					
6945	2026-09-16 02:26:14.679000+00:00	24297	cumulative					
6946	2026-09-16 02:28:51.892000+00:00	24297	cumulative					
6947	2026-09-16 02:39:52.350000+00:00	24298	cumulative					
6948	2026-09-16 02:43:14.549000+00:00	24298	cumulative					
6949	2026-09-16 02:44:05.813000+00:00	24298	cumulative					
6950	2026-09-16 02:48:18.116000+00:00	24299	cumulative					
6951	2026-09-16 02:50:31.093000+00:00	24299	cumulative					
6952	2026-09-16 02:51:56.813000+00:00	24300	cumulative					
6953	2026-09-16 02:53:30.477000+00:00	24303	cumulative					
6954	2026-09-16 02:54:38.592000+00:00	24304	cumulative					
6955	2026-09-16 03:06:01.871000+00:00	24308	cumulative					
6956	2026-09-16 03:10:49.468000+00:00	24311	cumulative					
6957	2026-09-16 03:13:43.913000+00:00	24312	cumulative					
6958	2026-09-16 03:15:56.103000+00:00	24312	cumulative					
6959	2026-09-16 03:17:43.147000+00:00	24312	cumulative					
6960	2026-09-16 03:19:38.942000+00:00	24313	cumulative					
6961	2026-09-16 03:26:06.366000+00:00	24313	cumulative					
6962	2026-09-16 03:36:18.825000+00:00	24313	cumulative					
6963	2026-09-16 03:48:00.820000+00:00	24313	cumulative					
6964	2026-09-16 04:32:38.676000+00:00	24313	cumulative					
6965	2026-09-16 04:35:41.256000+00:00	24318	cumulative					
6966	2026-09-16 04:37:06.271000+00:00	24318	cumulative					
6967	2026-09-16 04:38:30.680000+00:00	24318	cumulative					
6968	2026-09-16 14:49:47.904000+00:00	24318	cumulative					
6969	2026-09-16 15:00:47.838000+00:00	24318	cumulative					
6970	2026-09-16 15:10:47.309000+00:00	24318	cumulative					
6971	2026-09-16 15:14:44.065000+00:00	24318	cumulative					
6972	2026-09-16 15:17:36.359000+00:00	24318	cumulative					
6973	2026-09-16 15:20:34.909000+00:00	24319	cumulative					
6974	2026-09-16 15:23:02.884000+00:00	24319	cumulative					
6975	2026-09-16 15:42:06.918000+00:00	24324	cumulative					
6976	2026-09-16 15:55:46.748000+00:00	24324	cumulative					
6977	2026-09-16 16:24:35.672000+00:00	24324	cumulative					
6978	2026-09-16 17:46:21.628000+00:00	24324	cumulative					
6979	2026-09-16 18:05:59.836000+00:00	24325	cumulative					
6980	2026-09-16 18:33:14.719000+00:00	24325	cumulative					
6981	2026-09-16 18:46:15.932000+00:00	24327	cumulative					
6982	2026-09-16 18:49:04.580000+00:00	24327	cumulative					
6983	2026-09-16 18:50:50.435000+00:00	24327	cumulative					
6984	2026-09-16 21:06:57.073000+00:00	24327	cumulative					
6985	2026-09-16 21:09:50.722000+00:00	24327	cumulative					
6986	2026-09-16 21:11:18.356000+00:00	24327	cumulative					
6987	2026-09-16 21:13:19.520000+00:00	24331	cumulative					
6988	2026-09-16 21:15:00.831000+00:00	24331	cumulative					
6989	2026-09-16 21:17:06.265000+00:00	24334	cumulative					
6990	2026-09-16 21:19:08.400000+00:00	24336	cumulative					
6991	2026-09-16 21:20:52.296000+00:00	24336	cumulative					
6992	2026-09-16 21:22:37.550000+00:00	24336	cumulative					
6993	2026-09-16 21:23:56.604000+00:00	24336	cumulative					
6994	2026-09-16 21:24:54.650000+00:00	24336	cumulative					
6995	2026-09-16 21:27:18.232000+00:00	24336	cumulative					
6996	2026-09-16 21:29:26.552000+00:00	24337	cumulative					
6997	2026-09-17 00:57:00.364000+00:00	24337	cumulative					
6998	2026-09-17 02:47:38.275000+00:00	24337	cumulative					
6999	2026-09-17 02:49:02.573000+00:00	24337	cumulative					
7000	2026-09-17 02:50:14.159000+00:00	24337	cumulative					
7001	2026-09-17 02:51:50.668000+00:00	24337	cumulative					
7002	2026-09-17 02:53:06.427000+00:00	24337	cumulative					
7003	2026-09-17 02:55:14.256000+00:00	24337	cumulative					
7004	2026-09-17 02:56:39.079000+00:00	24339	cumulative					
7005	2026-09-17 02:57:45.492000+00:00	24339	cumulative					
7006	2026-09-17 03:00:15.783000+00:00	24339	cumulative					
7007	2026-09-17 03:01:32.549000+00:00	24339	cumulative					
7008	2026-09-17 03:03:23.395000+00:00	24339	cumulative					
7009	2026-09-17 03:04:59.044000+00:00	24340	cumulative					
7010	2026-09-17 03:06:23.408000+00:00	24341	cumulative					
7011	2026-09-17 03:07:36.416000+00:00	24343	cumulative					
7012	2026-09-17 03:09:15.418000+00:00	24343	cumulative					
7013	2026-09-17 03:10:04.313000+00:00	24344	cumulative					
7014	2026-09-17 03:12:11.177000+00:00	24348	cumulative					
7015	2026-09-17 03:13:23.270000+00:00	24348	cumulative					
7016	2026-09-17 03:15:59.041000+00:00	24348	cumulative					
7017	2026-09-17 03:17:34.279000+00:00	24349	cumulative					
7018	2026-09-17 03:20:30.834000+00:00	24349	cumulative					
7019	2026-09-17 03:22:30.540000+00:00	24350	cumulative					
7020	2026-09-17 04:28:06.760000+00:00	24350	cumulative					
7021	2026-09-17 04:29:31.149000+00:00	24350	cumulative					
7022	2026-09-17 04:30:56.883000+00:00	24351	cumulative					
7023	2026-09-17 04:32:20.887000+00:00	24351	cumulative					
7024	2026-09-17 04:33:34.561000+00:00	24352	cumulative					
7025	2026-09-17 14:43:52.470000+00:00	24352	cumulative					
7026	2026-09-17 15:09:05.803000+00:00	24352	cumulative					
7027	2026-09-17 15:10:54.945000+00:00	24353	cumulative					
7028	2026-09-17 15:12:39.696000+00:00	24355	cumulative					
7029	2026-09-17 16:34:31.233000+00:00	24357	cumulative					
7030	2026-09-17 16:36:26.791000+00:00	24357	cumulative					
7031	2026-09-17 16:39:20.619000+00:00	24359	cumulative					
7032	2026-09-17 16:40:49.145000+00:00	24359	cumulative					
7033	2026-09-17 16:46:05.840000+00:00	24363	cumulative					
7034	2026-09-17 16:48:21.897000+00:00	24364	cumulative					
7035	2026-09-17 16:52:42.434000+00:00	24364	cumulative					
7036	2026-09-17 16:55:26.117000+00:00	24364	cumulative					
7037	2026-09-17 18:01:54.646000+00:00	24364	cumulative					
7038	2026-09-17 18:04:05.747000+00:00	24364	cumulative					
7039	2026-09-17 18:06:32.752000+00:00	24364	cumulative					
7040	2026-09-17 18:14:25.400000+00:00	24364	cumulative					
7041	2026-09-17 18:16:08.163000+00:00	24364	cumulative					
7042	2026-09-17 18:19:18.819000+00:00	24364	cumulative					
7043	2026-09-17 18:21:13.122000+00:00	24364	cumulative					
7044	2026-09-17 18:22:42.101000+00:00	24366	cumulative					
7045	2026-09-17 18:27:11.899000+00:00	24366	cumulative					
7046	2026-09-17 20:30:06.921000+00:00	24366	cumulative					
7047	2026-09-17 20:31:29.549000+00:00	24367	cumulative					
7048	2026-09-18 00:27:32.862000+00:00	24369	cumulative					
7049	2026-09-18 01:27:49.427000+00:00	24369	cumulative					
7050	2026-09-18 12:10:01.151000+00:00	24369	cumulative					
7051	2026-09-18 12:11:43.180000+00:00	24369	cumulative					
7052	2026-09-18 12:13:29.704000+00:00	24369	cumulative					
7053	2026-09-18 12:14:50.941000+00:00	24369	cumulative					
7054	2026-09-18 12:35:32.268000+00:00	24374	cumulative					
7055	2026-09-18 13:05:45.494000+00:00	24374	cumulative					
7056	2026-09-18 13:41:51.956000+00:00	24375	cumulative					
7057	2026-09-18 13:43:44.279000+00:00	24377	cumulative					
7058	2026-09-18 13:45:49.236000+00:00	24377	cumulative					
7059	2026-09-18 13:48:37.879000+00:00	24379	cumulative					
7060	2026-09-18 13:50:15.391000+00:00	24379	cumulative					
7061	2026-09-18 13:52:00.383000+00:00	24379	cumulative					
7062	2026-09-18 13:53:54.738000+00:00	24381	cumulative					
7063	2026-09-18 13:59:58.180000+00:00	24383	cumulative					
7064	2026-09-18 14:45:30.302000+00:00	24384	cumulative					
7065	2026-09-18 14:54:49.388000+00:00	24387	cumulative					
7066	2026-09-18 15:01:52.609000+00:00	24387	cumulative					
7067	2026-09-18 15:03:37.234000+00:00	24387	cumulative					
7068	2026-09-18 15:04:54.487000+00:00	24387	cumulative					
7069	2026-09-18 15:06:29.948000+00:00	24387	cumulative					
7070	2026-09-18 15:09:21.756000+00:00	24387	cumulative					
7071	2026-09-18 15:11:09.768000+00:00	24388	cumulative					
7072	2026-09-18 15:12:03.734000+00:00	24388	cumulative					
7073	2026-09-18 15:12:59.478000+00:00	24388	cumulative					
7074	2026-09-18 15:15:37.341000+00:00	24390	cumulative					
7075	2026-09-18 15:17:08.124000+00:00	24390	cumulative					
7076	2026-09-18 15:18:45.396000+00:00	24391	cumulative					
7077	2026-09-18 15:19:30.259000+00:00	24392	cumulative					
7078	2026-09-18 15:21:45.164000+00:00	24392	cumulative					
7079	2026-09-18 15:25:33.654000+00:00	24393	cumulative					
7080	2026-09-18 15:26:59.443000+00:00	24393	cumulative					
7081	2026-09-18 15:28:28.839000+00:00	24393	cumulative					
7082	2026-09-18 15:57:47.033000+00:00	24394	cumulative					
7083	2026-09-18 16:00:19.724000+00:00	24394	cumulative					
7084	2026-09-18 16:03:14.960000+00:00	24395	cumulative					
7085	2026-09-18 16:10:02.472000+00:00	24395	cumulative					
7086	2026-09-18 16:12:55.263000+00:00	24395	cumulative					
7087	2026-09-18 16:14:35.146000+00:00	24398	cumulative					
7088	2026-09-18 16:14:51.795000+00:00	24400	cumulative					
7089	2026-09-18 16:18:23.892000+00:00	24400	cumulative					
7090	2026-09-18 16:20:20.860000+00:00	24402	cumulative					
7091	2026-09-18 16:23:07.951000+00:00	24403	cumulative					
7092	2026-09-18 16:32:07.592000+00:00	24406	cumulative					
7093	2026-09-18 17:04:45.607000+00:00	24406	cumulative					
7094	2026-09-18 17:37:10.875000+00:00	24406	cumulative					
7095	2026-09-18 17:38:42.259000+00:00	24406	cumulative					
7096	2026-09-18 17:40:13.154000+00:00	24406	cumulative					
7097	2026-09-18 17:41:38.106000+00:00	24407	cumulative					
7098	2026-09-18 17:43:06.442000+00:00	24407	cumulative					
7099	2026-09-18 17:44:33.267000+00:00	24409	cumulative					
7100	2026-09-18 17:46:05.371000+00:00	24411	cumulative					
7101	2026-09-18 17:47:34.079000+00:00	24414	cumulative					
7102	2026-09-18 17:49:09.971000+00:00	24414	cumulative					
7103	2026-09-18 17:50:57.649000+00:00	24414	cumulative					
7104	2026-09-18 17:53:38.308000+00:00	24415	cumulative					
7105	2026-09-18 17:55:23.211000+00:00	24417	cumulative					
7106	2026-09-18 17:56:54.424000+00:00	24418	cumulative					
7107	2026-09-18 17:59:43.397000+00:00	24419	cumulative					
7108	2026-09-18 18:01:45.982000+00:00	24419	cumulative					
7109	2026-09-18 18:03:23.695000+00:00	24419	cumulative					
7110	2026-09-18 18:04:50.045000+00:00	24419	cumulative					
7111	2026-09-18 18:06:17.891000+00:00	24424	cumulative					
7112	2026-09-18 18:12:46.050000+00:00	24425	cumulative					
7113	2026-09-18 18:14:16.612000+00:00	24425	cumulative					
7114	2026-09-18 18:15:47.063000+00:00	24425	cumulative					
7115	2026-09-18 18:16:07.927000+00:00	24425	cumulative					
7116	2026-09-18 18:18:49.580000+00:00	24425	cumulative					
7117	2026-09-18 18:20:26.456000+00:00	24426	cumulative					
7118	2026-09-18 18:21:00.929000+00:00	24426	cumulative					
7119	2026-09-18 18:22:46.668000+00:00	24426	cumulative					
7120	2026-09-18 18:24:11.115000+00:00	24427	cumulative					
7121	2026-09-18 18:25:39.581000+00:00	24427	cumulative					
7122	2026-09-18 18:27:07.569000+00:00	24427	cumulative					
7123	2026-09-18 18:29:28.253000+00:00	24427	cumulative					
7124	2026-09-18 18:31:21.788000+00:00	24429	cumulative					
7125	2026-09-18 18:39:49.281000+00:00	24429	cumulative					
7126	2026-09-18 18:57:01.759000+00:00	24432	cumulative					
7127	2026-09-18 18:59:27.007000+00:00	24432	cumulative					
7128	2026-09-18 23:10:45.705000+00:00	24433	cumulative					
7129	2026-09-18 23:12:23.141000+00:00	24434	cumulative					
7130	2026-09-18 23:13:44.777000+00:00	24438	cumulative					
7131	2026-09-19 00:36:07.675000+00:00	24438	cumulative					
7132	2026-09-19 16:08:45.009000+00:00	24440	cumulative					
			newRate	2025-11	0.166876	0.155756	0.179878	741
			newRate	2025-12	0.0401563	0.0383774	0.0421506	2180
			newRate	2026-01	0.0254906	0.0231142	0.0279766	691
			newRate	2026-02	0.0196758	0.0182781	0.0210384	1375
			newRate	2026-03	0.0164833	0.0135667	0.0200625	199
			newRate	2026-04	0.013368	0.00712627	0.0205702	19
			newRate	2026-05	0.0160813	0.0131814	0.0190144	204
			newRate	2026-06	0.011649	0.00960681	0.0135485	279
			newRate	2026-07	0.0108505	0.00972429	0.0122019	635
			newRate	2026-08	0.0101887	0.00858756	0.0118569	372
			newRate	2026-09	0.00843221	0.00725565	0.00973848	430
