word	len	present	found	opp	beliefRaw	beliefWeighted
AAH	3	65	0	49.9242	0.0174255	0.0169412
AAHS	4	23	0	17.7718	0.0378815	0.0377082
AAL	3	90	1	70.3026	0.0234441	0.02598
AALS	4	46	0	35.0873	0.0204229	0.0201804
AAS	3	114	3	87.7673	0.0356487	0.043179
ABA	3	34	2	27.0984	0.0846793	0.0985784
ABAS	4	20	2	16.0392	0.126299	0.151166
ABASE	5	15	0	12.0742	0.0360337	0.0348114
ABASER	6	10	0	7.38493	0.0360236	0.0399157
ABATE	5	16	0	11.8458	0.0341137	0.0354075
ABATER	6	10	0	7.88605	0.0360236	0.0376887
ABB	3	10	2	8.27415	0.232266	0.276818
ABED	4	42	1	31.6442	0.0439865	0.0518141
ABELE	5	14	0	9.96807	0.0381827	0.0412101
ABELES	6	10	0	4.94747	0.0360236	0.0560153
ABER	4	66	6	48.1599	0.10041	0.134165
ABERS	5	27	0	19.9036	0.0215077	0.0220714
ABET	4	59	0	44.4212	0.0162023	0.016137
ABETS	5	38	0	30.0451	0.0157045	0.0149733
ABHOR	5	10	0	7.45458	0.050145	0.0527905
ABID	4	27	12	20.1635	0.421262	0.571118
ABIDE	5	18	11	13.1296	0.560498	0.78472
ABIES	5	21	0	15.6493	0.0269372	0.02755
ABLE	4	50	19	38.6894	0.371378	0.483476
ABLED	5	13	1	9.73233	0.104025	0.131184
ABLER	5	26	6	19.0537	0.230823	0.315045
ABLES	5	26	8	19.6463	0.300345	0.400837
ABLET	5	24	4	18.2277	0.173352	0.226812
ABLETS	6	17	3	10.1915	0.17904	0.295778
ABODE	5	12	2	7.76703	0.178785	0.267063
ABORD	5	16	5	11.1757	0.300529	0.432051
ABORE	5	26	3	17.1966	0.126539	0.185812
ABORT	5	21	7	15.1415	0.321455	0.449282
ABORTS	6	13	4	9.38378	0.291845	0.414
ABRI	4	40	0	30.2661	0.0232139	0.0231805
ABRIN	5	11	0	7.16004	0.0465028	0.054588
ABRIS	5	17	0	11.6244	0.032388	0.0360054
ABS	3	92	4	70.858	0.0542795	0.066881
ABUSE	5	21	4	14.058	0.195233	0.287638
ABUSER	6	14	3	10.5109	0.212168	0.287637
ABUT	4	21	1	14.7113	0.0810757	0.103804
ABUTS	5	11	0	7.52072	0.0465028	0.052403
ABY	3	25	0	19.3104	0.0416527	0.0411228
ACAI	4	28	0	20.0803	0.0319449	0.0337949
ACAIS	5	13	0	10.1486	0.0406043	0.0405709
ACATER	6	11	0	8.50544	0.0332973	0.0352573
ACATES	6	18	0	13.1583	0.0217663	0.0237484
ACCA	4	10	0	7.97025	0.0732968	0.0741776
ACE	3	232	116	180.378	0.497087	0.640396
ACED	4	72	16	55.3232	0.224216	0.291399
ACER	4	134	65	98.1254	0.478729	0.655619
ACERS	5	66	31	48.8243	0.460103	0.625513
ACES	4	125	56	95.1385	0.442334	0.583249
ACETA	5	29	0	21.3948	0.0201537	0.0206332
ACETIN	6	20	0	12.4051	0.0198066	0.0250734
ACH	3	143	45	108.795	0.314767	0.413605
ACHE	4	65	30	49.6918	0.450172	0.593021
ACHED	5	17	4	13.3571	0.234738	0.301217
ACHES	5	41	26	32.4424	0.608674	0.780146
ACHIER	6	14	0	9.25681	0.0271362	0.0326984
ACHY	4	14	0	10.6249	0.0569224	0.0587803
ACID	4	49	1	36.9822	0.0381666	0.0447487
ACIDER	6	13	0	7.77008	0.0289199	0.0381817
ACIDS	5	15	1	10.5428	0.0923156	0.122349
ACING	5	18	2	11.3271	0.127132	0.192882
ACME	4	39	0	30.5691	0.0237549	0.0229659
ACMES	5	17	0	13.1866	0.032388	0.0321727
ACNE	4	94	16	72.9008	0.173833	0.223163
ACNED	5	33	0	23.5773	0.0178998	0.0188368
ACNES	5	51	12	38.4288	0.23509	0.312439
ACORN	5	27	0	19.7297	0.0215077	0.0222523
ACORNS	6	12	0	6.87334	0.0309546	0.0424781
ACRE	4	118	31	87.2298	0.262656	0.355189
ACRED	5	34	4	24.9572	0.126204	0.169099
ACRES	5	73	18	56.3582	0.246018	0.319322
ACRID	5	19	0	13.3221	0.0294122	0.0318784
ACRO	4	88	0	65.2843	0.0110898	0.0111455
ACROS	5	36	0	26.2689	0.0165147	0.0170102
ACT	3	184	45	143.805	0.246037	0.314385
ACTA	4	33	0	23.8808	0.027617	0.0288635
ACTED	5	24	4	18.9685	0.173352	0.218598
ACTIN	5	39	3	26.5989	0.0871543	0.123615
ACTING	6	10	3	4.94215	0.281654	0.552928
ACTINS	6	15	0	8.48327	0.0255598	0.0353389
ACTION	6	11	0	6.81096	0.0332973	0.0428133
ACTON	5	27	1	19.2366	0.0551012	0.0710291
ACTOR	5	39	7	27.8511	0.182922	0.254667
ACTORS	6	15	2	9.72719	0.141748	0.21607
ACTS	4	82	27	63.6342	0.326164	0.421769
ACUTE	5	20	0	15.9252	0.0281204	0.0271135
ACUTER	6	13	0	9.35719	0.0289199	0.0323844
ACUTES	6	13	0	9.06067	0.0289199	0.0333298
ADAW	4	10	0	7.36664	0.0732968	0.0788754
ADD	3	57	6	44.3177	0.118452	0.148144
ADDER	5	26	2	17.7577	0.0917778	0.128441
ADDERS	6	12	1	8.55657	0.101311	0.138673
ADDLE	5	13	0	9.19926	0.0406043	0.0441741
ADDLES	6	10	0	5.7273	0.0360236	0.049613
ADDS	4	21	1	16.8598	0.0810757	0.0920811
ADEPT	5	16	0	12.0313	0.0341137	0.0349218
ADHERE	6	12	0	8.27368	0.0309546	0.0361294
ADIOS	5	32	0	22.031	0.0184147	0.0200751
ADIT	4	100	1	71.9823	0.0194332	0.0236255
ADITS	5	44	0	29.7011	0.0136897	0.0151385
ADMIN	5	15	0	9.76755	0.0360337	0.0419441
ADO	3	200	2	150.303	0.0156959	0.0189057
ADONIS	6	17	0	9.27372	0.0228992	0.032645
ADONISE	7	11	0	2.62494	0.024286	0.094623
ADOPT	5	11	0	8.68451	0.0465028	0.0464089
ADORE	5	54	0	39.9778	0.0112782	0.0113868
ADORER	6	10	0	6.76499	0.0360236	0.0430636
ADORES	6	38	0	24.7588	0.0109409	0.0130929
ADORN	5	30	0	22.2454	0.0195386	0.0198937
ADOS	4	77	1	58.0779	0.0249577	0.0290785
ADRATE	6	19	0	13.8463	0.0207402	0.0226549
ADRED	5	31	0	20.8884	0.01896	0.0211001
ADROIT	6	12	0	8.18817	0.0309546	0.0364622
ADRY	4	16	0	13.1897	0.0512031	0.0489615
ADS	3	208	6	156.35	0.0339914	0.0434229
ADULT	5	11	0	8.66987	0.0465028	0.0464758
ADUST	5	11	0	7.68254	0.0465028	0.0514785
AEDES	5	51	0	36.4056	0.0119074	0.0124602
AEDILE	6	14	0	7.95563	0.0271362	0.0373989
AEON	4	121	0	96.2099	0.00815988	0.00764176
AEONS	5	53	0	40.6522	0.0114804	0.0112046
AERATE	6	35	0	25.1342	0.0118229	0.0129055
AERATES	7	19	0	7.31075	0.0149163	0.0406372
AERIAL	6	23	0	12.4848	0.0174499	0.0249261
AERIE	5	67	0	49.73	0.00917667	0.00921877
AERIED	6	16	0	10.2682	0.0241564	0.0297881
AERIER	6	15	0	8.56338	0.0255598	0.0350458
AERIES	6	30	0	17.2851	0.013658	0.0184165
AERIEST	7	14	0	3.47912	0.0196559	0.0761755
AERO	4	269	0	196.374	0.00373468	0.00378643
AEROS	5	123	0	89.0013	0.00509062	0.00521801
AEROSAT	7	13	0	5.39197	0.0209898	0.0530254
AESC	4	88	0	64.6978	0.0110898	0.0112433
AETATIS	7	12	0	4.64524	0.0225179	0.060163
AETHER	6	23	0	15.1726	0.0174499	0.020808
AETHERS	7	12	0	5.04723	0.0225179	0.0560979
AFAR	4	15	0	11.8331	0.0539115	0.0537069
AFF	3	16	4	12.4089	0.262939	0.335628
AFORE	5	21	0	16.2291	0.0269372	0.0266484
AFREET	6	11	0	6.70386	0.0332973	0.0434011
AFRESH	6	10	0	7.43729	0.0360236	0.0396707
AFRITS	6	15	0	7.88108	0.0255598	0.0377095
AFRO	4	38	0	28.0449	0.0243218	0.0248849
AFROS	5	14	0	9.81944	0.0381827	0.0417516
AFT	3	86	31	69.0576	0.358675	0.447815
AFTER	5	33	18	24.3824	0.521147	0.713974
AFTERS	6	21	11	16.1138	0.492817	0.658849
AGA	3	52	2	44.0313	0.0573488	0.0624233
AGAIN	5	16	0	10.2444	0.0341137	0.0402395
AGAR	4	33	1	25.475	0.0547134	0.0633792
AGARS	5	13	0	9.40391	0.0406043	0.0433442
AGAS	4	33	1	26.3563	0.0547134	0.0614208
AGAST	5	13	0	10.0905	0.0406043	0.0407745
AGATE	5	19	0	13.6671	0.0294122	0.0311528
AGATES	6	11	0	7.49553	0.0332973	0.0394018
AGE	3	182	107	136.744	0.582431	0.776793
AGED	4	62	16	44.9902	0.258237	0.355253
AGEE	4	33	3	24.8152	0.108906	0.13906
AGEIST	6	12	0	7.76815	0.0309546	0.03819
AGEN	4	72	14	53.0416	0.197868	0.267214
AGENE	5	21	0	14.0483	0.0269372	0.0303886
AGENES	6	12	0	6.33806	0.0309546	0.0455368
AGENT	5	28	10	19.1642	0.345825	0.507027
AGENTS	6	17	7	10.2496	0.387227	0.646832
AGER	4	109	47	75.9262	0.425305	0.611493
AGERS	5	64	27	43.4757	0.413976	0.61096
AGES	4	95	44	68.3376	0.455175	0.63476
AGHA	4	14	0	11.7508	0.0569224	0.0540244
AGILA	5	15	0	10.5619	0.0360337	0.0391796
AGILE	5	22	0	14.7538	0.0258496	0.0290687
AGILER	6	13	0	7.62702	0.0289199	0.0388079
AGIN	4	75	2	53.2816	0.0382638	0.0496295
AGING	5	12	1	6.70822	0.111069	0.179576
AGIO	4	48	0	36.5209	0.019636	0.0194325
AGISM	5	13	0	9.01397	0.0406043	0.0449533
AGIST	5	30	0	21.7733	0.0195386	0.0202975
AGISTER	7	10	0	6.21161	0.0263554	0.046916
AGITA	5	21	0	14.683	0.0269372	0.0291961
AGLEE	5	11	0	8.07646	0.0465028	0.0493587
AGLET	5	28	0	20.6259	0.0208087	0.0213505
AGLETS	6	17	0	9.19249	0.0228992	0.0329028
AGLEY	5	10	0	7.20848	0.050145	0.0542841
AGLY	4	15	0	12.087	0.0539115	0.0527498
AGMA	4	12	0	9.29326	0.0640801	0.0656122
AGNAIL	6	10	0	6.31524	0.0360236	0.0456771
AGNATE	6	12	0	7.52011	0.0309546	0.0392894
AGNISE	6	29	0	16.7651	0.0140956	0.0189527
AGO	3	129	4	98.6457	0.039153	0.0484406
AGOG	4	10	0	7.28933	0.0732968	0.0795205
AGON	4	61	0	43.9335	0.0157031	0.0163078
AGONE	5	32	0	20.584	0.0184147	0.0213911
AGONES	6	14	0	8.12721	0.0271362	0.0367032
AGONIES	7	12	0	5.58543	0.0225179	0.0514442
AGONS	5	22	0	14.6022	0.0258496	0.0293426
AGORA	5	20	0	13.0174	0.0281204	0.032548
AGREE	5	15	0	9.67837	0.0360337	0.042279
AGRIAS	6	14	0	7.75164	0.0271362	0.0382612
AGRIN	5	30	0	17.9513	0.0195386	0.0242878
AGRISE	6	15	0	9.23676	0.0255598	0.0327618
AGRO	4	53	0	39.8016	0.0179107	0.0179134
AGROS	5	20	0	13.4402	0.0281204	0.0316263
AGS	3	140	9	108.43	0.0709351	0.0893757
AGUE	4	22	0	15.6946	0.0393438	0.0420941
AGUED	5	13	0	8.18883	0.0406043	0.0487857
AGUTI	5	12	0	7.4327	0.0433538	0.0529199
AHA	3	50	1	39.6035	0.0408843	0.0450876
AHEAD	5	17	0	13.0145	0.032388	0.0325546
AHED	4	68	0	51.3904	0.0141744	0.0140371
AHEM	4	39	0	31.5483	0.0237549	0.0222989
AHI	3	180	1	140.028	0.0119625	0.013238
AHING	5	29	0	19.147	0.0201537	0.0228805
AHIS	4	78	0	60.4488	0.0124438	0.0120063
AHOLD	5	13	0	8.96111	0.0406043	0.0451807
AHORSE	6	29	0	18.1526	0.0140956	0.0175865
AHOY	4	21	0	16.9386	0.0409235	0.0393528
AHS	3	212	3	162.565	0.0194575	0.0235697
AIA	3	101	12	80.0312	0.125974	0.156776
AIAS	4	59	8	43.0544	0.143378	0.193543
AID	3	262	135	202.728	0.512467	0.663277
AIDA	4	52	1	39.7664	0.0361185	0.0417774
AIDAS	5	18	1	13.3717	0.0789802	0.0990594
AIDE	4	165	90	124.158	0.538877	0.718412
AIDED	5	20	4	13.301	0.203808	0.30236
AIDER	5	81	42	54.9158	0.50903	0.752977
AIDERS	6	43	22	29.1574	0.496312	0.738386
AIDES	5	82	40	59.6984	0.479431	0.661436
AIDOI	5	15	0	10.9203	0.0360337	0.0380481
AIDOS	5	31	0	21.0646	0.01896	0.0209353
AIDS	4	92	48	68.829	0.511121	0.68671
AIGAS	5	13	0	8.93881	0.0406043	0.0452773
AIGHT	5	13	0	9.71875	0.0406043	0.0421267
AIGRET	6	14	0	9.54196	0.0271362	0.0318218
AIGRETS	7	11	0	5.52148	0.024286	0.0519563
AIL	3	313	97	238.154	0.309999	0.407347
AILED	5	57	8	38.8383	0.144564	0.210081
AILERON	7	10	0	4.39067	0.0263554	0.0630566
AILING	6	12	0	7.44542	0.0309546	0.0396329
AILS	4	112	39	79.1952	0.345275	0.488595
AIM	3	181	71	139.847	0.390747	0.50627
AIMED	5	33	13	23.4605	0.381356	0.539959
AIMER	5	50	24	34.3923	0.466957	0.682014
AIMERS	6	21	8	13.145	0.363581	0.585539
AIMS	4	80	29	58.8927	0.357775	0.487279
AIN	3	449	173	341.647	0.384739	0.505788
AINE	4	258	53	192.758	0.206255	0.27576
AINEE	5	60	0	43.0115	0.0102001	0.0106105
AINGAS	6	11	0	4.17114	0.0332973	0.0642718
AINS	4	198	84	150.479	0.421085	0.555228
AIR	3	434	205	333.785	0.47102	0.612886
AIRED	5	98	34	67.6529	0.343763	0.498565
AIRER	5	62	16	42.4421	0.256922	0.374947
AIRERS	6	28	9	18.3646	0.312443	0.479874
AIREST	6	89	1	53.5784	0.0157868	0.0244816
AIRIER	6	19	1	11.1873	0.0678801	0.108972
AIRMEN	6	17	0	10.5902	0.0228992	0.0289675
AIRN	4	143	31	108.944	0.217958	0.285773
AIRNED	6	27	2	16.5534	0.0835222	0.1325
AIRNS	5	52	15	39.5698	0.285574	0.376821
AIRS	4	198	82	144.609	0.411179	0.563805
AIRT	4	224	43	163.636	0.193147	0.263882
AIRTED	6	52	1	34.7997	0.0265612	0.0372892
AIRTH	5	68	0	46.6557	0.009047	0.00980741
AIRTHS	6	29	0	15.8332	0.0140956	0.019996
AIRTS	5	126	30	86.6028	0.23795	0.34591
AIRY	4	38	0	30.1861	0.0243218	0.0232378
AIS	3	425	36	323.802	0.0867559	0.113156
AISLE	5	65	0	47.0617	0.0094475	0.00972541
AISLED	6	21	0	11.9744	0.0189533	0.0258996
AISLES	6	20	0	11.4711	0.0198066	0.0269368
AIT	3	464	98	357.32	0.212066	0.275087
AITCH	5	27	0	18.5306	0.0215077	0.023585
AITS	4	237	59	177.258	0.24914	0.333023
AIVER	5	19	0	14.1384	0.0294122	0.0302133
AKA	3	14	0	9.63508	0.0674363	0.0749215
AKE	3	58	24	42.1836	0.407937	0.56141
AKED	4	17	2	11.8017	0.144423	0.197033
AKEE	4	14	0	9.73457	0.0569224	0.0631787
AKEES	5	10	0	8.3067	0.050145	0.0481987
AKES	4	37	15	25.3822	0.391617	0.571826
AKIN	4	26	2	17.5151	0.100959	0.139829
ALA	3	119	13	92.5165	0.11565	0.146661
ALAE	4	87	0	63.5679	0.0112118	0.0114366
ALAN	4	58	0	42.3884	0.0164641	0.0168733
ALAND	5	14	0	9.45223	0.0381827	0.0431528
ALANE	5	35	0	22.8458	0.0169519	0.0194029
ALANG	5	11	0	6.94048	0.0465028	0.0560097
ALANS	5	23	0	16.3882	0.0248464	0.0264113
ALANT	5	24	0	16.9077	0.0239182	0.0256654
ALANTS	6	13	0	7.06177	0.0289199	0.0414969
ALAP	4	35	0	26.4599	0.0261973	0.0262628
ALAR	4	69	1	50.4528	0.0276964	0.0332925
ALARM	5	15	0	9.51351	0.0360337	0.0429125
ALAS	4	80	9	60.0459	0.119411	0.156755
ALATE	5	52	0	36.226	0.01169	0.0125195
ALATED	6	18	0	12.9651	0.0217663	0.0240748
ALATES	6	30	0	18.89	0.013658	0.0169377
ALAY	4	21	0	15.9705	0.0409235	0.0414537
ALAYS	5	11	0	7.37699	0.0465028	0.0532524
ALB	3	86	3	65.1828	0.0467678	0.0576648
ALBA	4	23	0	17.6125	0.0378815	0.0380119
ALBAS	5	12	0	9.58221	0.0433538	0.0426462
ALBE	4	36	0	25.8825	0.0255408	0.0268035
ALBS	4	31	2	22.1912	0.0864973	0.112983
ALCID	5	15	0	10.096	0.0360337	0.040755
ALCO	4	42	0	33.1204	0.0222025	0.0213054
ALCOS	5	10	0	7.12591	0.050145	0.0548043
ALDER	5	57	2	38.2484	0.044175	0.0622116
ALDERN	6	17	0	11.2639	0.0228992	0.0273884
ALDERS	6	24	0	17.1949	0.0167842	0.0185073
ALDRIN	6	13	0	6.2908	0.0289199	0.0458282
ALE	3	399	130	295.411	0.32574	0.439869
ALEC	4	54	0	41.0614	0.0176014	0.0173913
ALECS	5	24	0	19.44	0.0239182	0.0225602
ALEE	4	83	11	59.5896	0.138302	0.1903
ALEF	4	40	0	30.6733	0.0232139	0.0228931
ALEFS	5	14	0	11.8672	0.0381827	0.0353508
ALEFT	5	11	0	8.83932	0.0465028	0.0457134
ALERION	7	12	0	3.84028	0.0225179	0.0703746
ALERT	5	92	0	64.3341	0.00675584	0.00717343
ALERTS	6	59	0	41.1124	0.0071875	0.00802003
ALES	4	229	80	166.565	0.347863	0.478587
ALEW	4	31	0	23.527	0.0291994	0.029261
ALEYE	5	10	0	7.11572	0.050145	0.0548692
ALF	3	67	1	50.7778	0.0310633	0.0355662
ALFS	4	23	0	18.1855	0.0378815	0.0369415
ALGA	4	23	0	19.3358	0.0378815	0.0349651
ALGAE	5	11	0	7.47624	0.0465028	0.052663
ALGAS	5	13	0	9.87937	0.0406043	0.0415316
ALGID	5	10	0	6.32946	0.050145	0.0603865
ALGIN	5	21	0	14.5791	0.0269372	0.0293848
ALGOR	5	15	0	9.80291	0.0360337	0.0418128
ALIAS	5	31	0	22.2016	0.01896	0.0199305
ALIEN	5	55	2	38.946	0.0457044	0.0611383
ALIENS	6	22	1	10.9781	0.0594699	0.11086
ALIF	4	32	0	24.575	0.0283861	0.0281142
ALIFS	5	14	0	10.0061	0.0381827	0.0410737
ALIGN	5	28	4	17.7074	0.150815	0.232958
ALIGNS	6	14	1	7.15758	0.0888134	0.162179
ALINE	5	79	36	54.6998	0.448102	0.64909
ALINED	6	30	11	18.8212	0.35513	0.569289
ALINER	6	34	11	20.1742	0.315904	0.533078
ALINERS	7	20	4	10.7725	0.198259	0.371206
ALINES	6	48	19	25.5025	0.387147	0.727061
ALIST	5	72	0	49.3834	0.00856299	0.00928157
ALIT	4	143	0	102.828	0.00693789	0.00716006
ALIVE	5	13	2	9.1156	0.167446	0.233104
ALKO	4	10	0	7.86181	0.0732968	0.0749799
ALL	3	107	19	78.9819	0.182345	0.245097
ALLEE	5	14	0	9.50569	0.0381827	0.042943
ALLEES	6	10	0	5.51891	0.0360236	0.051176
ALLEY	5	10	0	5.91465	0.050145	0.0637693
ALLIES	6	21	0	10.7849	0.0189533	0.0284928
ALLIS	5	27	0	18.6369	0.0215077	0.0234604
ALLOD	5	13	0	8.36222	0.0406043	0.0479271
ALLONS	6	12	0	6.34555	0.0309546	0.045491
ALLOT	5	24	0	15.3223	0.0239182	0.0280859
ALLOTS	6	12	0	6.92046	0.0309546	0.0422284
ALLS	4	54	8	39.9844	0.155758	0.20764
ALLY	4	15	1	11.2991	0.106807	0.130113
ALMA	4	25	0	18.4291	0.0352604	0.0365046
ALMAS	5	13	0	9.69514	0.0406043	0.0422157
ALME	4	46	2	35.5344	0.0604989	0.0729933
ALMES	5	30	1	22.5243	0.0500565	0.0613046
ALMS	4	43	3	31.6254	0.0856878	0.111032
ALOD	4	74	0	53.5261	0.0130827	0.0134988
ALODS	5	26	0	16.8387	0.0222554	0.0257621
ALOE	4	128	0	98.266	0.00772685	0.00748531
ALOED	5	42	0	28.3519	0.0143013	0.0158229
ALOES	5	61	0	47.9885	0.0100401	0.00954323
ALOHA	5	14	0	9.98613	0.0381827	0.0411452
ALOIN	5	51	0	32.5375	0.0119074	0.0138766
ALOINS	6	27	0	13.5871	0.0150606	0.0230548
ALONE	5	57	10	40.4845	0.178027	0.24949
ALONG	5	16	0	10.2789	0.0341137	0.0401218
ALOO	4	57	1	41.167	0.0331533	0.040427
ALOOS	5	22	0	15.9993	0.0258496	0.0269986
ALOUD	5	17	0	11.5293	0.032388	0.0362682
ALOW	4	22	1	16.628	0.077946	0.0932167
ALP	3	107	7	81.424	0.0740123	0.0943261
ALPS	4	41	4	29.2535	0.111773	0.151244
ALS	3	338	13	254.492	0.0415436	0.0540935
ALSO	4	113	1	85.3264	0.0172722	0.0200222
ALT	3	305	96	231.443	0.314792	0.41477
ALTAR	5	29	0	20.5356	0.0201537	0.021438
ALTARS	6	11	0	6.40711	0.0332973	0.0451177
ALTER	5	98	55	69.7473	0.552163	0.778697
ALTERN	6	28	1	19.178	0.04766	0.066022
ALTERS	6	52	28	40.1729	0.524593	0.686683
ALTHEA	6	15	0	10.3698	0.0255598	0.0295243
ALTHO	5	20	0	14.3408	0.0281204	0.0298272
ALTO	4	111	1	83.0958	0.0175728	0.020546
ALTOS	5	50	0	37.8397	0.0121331	0.0120058
ALTS	4	152	29	113.005	0.192548	0.258332
ALU	3	141	0	108.449	0.00827764	0.00797544
ALUM	4	32	0	23.6734	0.0283861	0.0290952
ALUMS	5	12	0	8.1028	0.0433538	0.0492232
ALURE	5	26	0	16.4691	0.0222554	0.0262923
ALURES	6	13	0	7.88666	0.0289199	0.0376861
ALUS	4	53	0	39.6789	0.0179107	0.017966
AMA	3	67	11	53.4154	0.172366	0.213888
AMAH	4	30	0	24.3884	0.0300606	0.0283118
AMAIN	5	22	0	15.3042	0.0258496	0.028116
AMAS	4	48	7	37.7336	0.154497	0.19429
AMASS	5	10	0	7.84269	0.050145	0.0505951
AMATE	5	28	0	20.7853	0.0208087	0.0211977
AMATED	6	10	0	7.21037	0.0360236	0.0407545
AMATES	6	19	0	11.6197	0.0207402	0.0266221
AMBIT	5	11	0	7.59804	0.0465028	0.0519572
AMBO	4	15	0	10.3808	0.0539115	0.0599244
AME	3	233	69	179.732	0.296483	0.384244
AMEER	5	29	0	18.8554	0.0201537	0.0232085
AMEERS	6	16	0	10.1098	0.0241564	0.0302092
AMEN	4	110	37	85.2089	0.333779	0.432075
AMEND	5	33	14	22.9651	0.409315	0.591788
AMENDE	6	14	5	9.44369	0.335522	0.506529
AMENE	5	22	4	15.0397	0.18735	0.270556
AMENED	6	11	4	7.59062	0.336019	0.499463
AMENS	5	47	11	34.2336	0.233891	0.321138
AMENT	5	43	6	30.2202	0.145086	0.204105
AMENTA	6	11	0	6.66832	0.0332973	0.0435998
AMENTS	6	20	4	10.7324	0.199878	0.366798
AMES	4	130	21	97.001	0.164439	0.219349
AMI	3	190	45	150.379	0.238418	0.300833
AMIA	4	52	3	40.277	0.0718933	0.0883988
AMIAS	5	15	1	10.4733	0.0923156	0.123059
AMICE	5	21	1	14.8495	0.0690112	0.0901001
AMICES	6	11	1	4.92221	0.108978	0.222421
AMID	4	46	0	37.085	0.0204229	0.0191533
AMIDE	5	27	0	18.7415	0.0215077	0.0233392
AMIDES	6	16	0	8.07147	0.0241564	0.0369263
AMIDO	5	17	0	12.5941	0.032388	0.0335261
AMIDS	5	21	0	15.5019	0.0269372	0.0277889
AMIE	4	97	5	74.8523	0.0596521	0.074682
AMIES	5	62	4	43.7714	0.0716443	0.098808
AMIGA	5	12	0	7.7289	0.0433538	0.0512196
AMIN	4	96	30	72.389	0.310486	0.41248
AMINE	5	59	18	39.7362	0.30178	0.44807
AMINES	6	31	7	16.0144	0.224005	0.428898
AMINO	5	38	0	24.794	0.0157045	0.0179648
AMINOS	6	13	0	4.41263	0.0289199	0.0614541
AMINS	5	36	11	25.8777	0.300256	0.419188
AMIR	4	78	1	57.4803	0.024653	0.0293698
AMIRS	5	35	0	24.6076	0.0169519	0.0180931
AMIS	4	103	8	78.8561	0.0843664	0.108019
AMISES	6	17	3	9.01661	0.17904	0.330143
AMISS	5	21	1	14.7089	0.0690112	0.0908823
AMLA	4	25	0	18.4291	0.0352604	0.0365046
AMLAS	5	15	0	10.493	0.0360337	0.0394048
AMMO	4	15	0	11.6025	0.0539115	0.0546065
AMNIA	5	18	0	10.01	0.0308284	0.0410597
AMNIC	5	16	0	11.2729	0.0341137	0.0369968
AMNIO	5	28	0	18.6677	0.0208087	0.0234246
AMNION	6	10	0	4.91556	0.0360236	0.0563126
AMNIOS	6	12	0	5.53926	0.0309546	0.0510191
AMOLE	5	16	0	11.1724	0.0341137	0.0372905
AMOLES	6	10	0	4.4457	0.0360236	0.0610874
AMORET	6	30	0	17.4911	0.013658	0.0182124
AMORETS	7	15	0	4.18267	0.0184814	0.0656359
AMORIST	7	10	0	1.45831	0.0263554	0.141387
AMORT	5	34	0	24.0848	0.017413	0.0184629
AMP	3	71	28	54.7281	0.390508	0.507904
AMPED	5	15	1	11.6536	0.0923156	0.112008
AMPLE	5	10	5	6.79165	0.441759	0.660767
AMPS	4	33	8	24.7723	0.244388	0.324903
AMU	3	89	5	68.98	0.0668141	0.0827085
AMUS	4	36	5	28.6192	0.150837	0.186846
AMUSE	5	16	4	11.7446	0.247246	0.337918
AMYL	4	11	0	8.80785	0.0683793	0.0685149
ANA	3	140	25	109.218	0.182224	0.232428
ANAL	4	72	9	52.9798	0.131996	0.176841
ANAN	4	36	0	26.7389	0.0255408	0.0260093
ANAS	4	88	18	66.218	0.206944	0.27422
ANCE	4	80	16	63.6956	0.202838	0.254355
ANCHO	5	14	0	9.62474	0.0381827	0.042483
ANCON	5	14	0	10.8369	0.0381827	0.0383054
AND	3	224	44	171.775	0.198438	0.258073
ANDRO	5	38	0	25.5389	0.0157045	0.0174697
ANDROS	6	14	0	6.5691	0.0271362	0.0441642
ANDS	4	85	17	63.3927	0.202679	0.270784
ANE	3	504	127	390.402	0.252473	0.325781
ANEAR	5	61	0	43.211	0.0100401	0.0105632
ANEARS	6	35	0	21.0857	0.0118229	0.015261
ANEATH	6	18	0	7.65206	0.0217663	0.0386967
ANELE	5	28	0	19.5288	0.0208087	0.0224649
ANELES	6	19	0	9.99132	0.0207402	0.0305321
ANELLI	6	18	0	11.0027	0.0217663	0.0279797
ANEMIA	6	10	0	5.56847	0.0360236	0.0507955
ANENT	5	40	0	28.4469	0.0149701	0.0157727
ANES	4	300	76	225.355	0.253432	0.337342
ANESTRI	7	14	0	4.39998	0.0196559	0.0629459
ANEW	4	46	0	35.2099	0.0204229	0.0201142
ANGA	4	47	2	36.0966	0.0593104	0.0719208
ANGAS	5	20	0	12.9911	0.0281204	0.0326072
ANGEL	5	22	4	15.6784	0.18735	0.26049
ANGER	5	48	26	30.5809	0.524748	0.82543
ANGERS	6	25	15	17.9265	0.567366	0.806348
ANGLE	5	25	13	16.1646	0.491227	0.763102
ANGLER	6	13	8	7.71839	0.554771	0.946041
ANGLO	5	17	0	11.2113	0.032388	0.0371762
ANGST	5	28	0	20.1688	0.0208087	0.0218012
ANI	3	432	38	331.12	0.0899519	0.116673
ANIGH	5	11	0	5.95703	0.0465028	0.0634065
ANIL	4	154	1	114.772	0.0127875	0.0149804
ANILE	5	80	0	52.8216	0.00773533	0.008694
ANILS	5	55	0	35.7064	0.0110829	0.0126944
ANIMA	5	29	1	18.4988	0.0516322	0.0736506
ANIMAS	6	13	0	5.11634	0.0289199	0.0544925
ANIME	5	44	8	29.1099	0.184748	0.27687
ANIMES	6	27	6	13.3465	0.220445	0.438887
ANIMI	5	14	0	9.29635	0.0381827	0.0437765
ANIMIS	6	10	0	4.7385	0.0360236	0.0580216
ANION	5	35	0	22.1181	0.0169519	0.020001
ANIONS	6	15	0	5.78516	0.0255598	0.0491959
ANIS	4	197	16	143.863	0.0847126	0.114717
ANISE	5	123	5	86.2572	0.0448465	0.0623632
ANISES	6	28	0	17.9999	0.0145621	0.0177272
ANISOLE	7	11	0	5.56437	0.024286	0.0516117
ANKER	5	10	4	6.58714	0.363436	0.55369
ANN	3	134	9	104.288	0.0740244	0.0928537
ANNA	4	24	0	17.5325	0.036524	0.0381663
ANNAL	5	14	0	8.95905	0.0381827	0.0451896
ANNAS	5	15	0	10.364	0.0360337	0.0398336
ANNAT	5	14	0	8.62869	0.0381827	0.046665
ANNEAL	6	11	0	5.49082	0.0332973	0.0513943
ANNO	4	53	1	40.8029	0.0354837	0.0407695
ANNS	4	50	1	36.8781	0.0374585	0.044868
ANOA	4	70	0	53.849	0.0137908	0.013421
ANODE	5	52	0	36.7956	0.01169	0.0123332
ANODES	6	23	0	14.9948	0.0174499	0.0210379
ANOLE	5	54	0	38.6123	0.0112782	0.0117745
ANOLES	6	35	0	21.013	0.0118229	0.0153112
ANOMIE	6	16	0	5.86815	0.0241564	0.0486096
ANON	4	60	1	47.2962	0.031597	0.0354173
ANOW	4	29	0	23.0839	0.0309741	0.0297745
ANS	3	397	26	311.177	0.0678652	0.0857989
ANSA	4	87	0	66.5015	0.0112118	0.010948
ANSATE	6	27	0	16.0528	0.0150606	0.0197399
ANT	3	394	176	305.333	0.445479	0.575282
ANTA	4	122	9	89.2612	0.0795774	0.106663
ANTAE	5	66	0	48.9974	0.00931012	0.00935253
ANTAR	5	57	2	37.9625	0.044175	0.0626624
ANTARS	6	25	1	14.5901	0.052914	0.0853325
ANTAS	5	51	5	38.5519	0.1049	0.136662
ANTE	4	259	123	192.93	0.471726	0.634319
ANTED	5	83	11	59.5203	0.135718	0.188037
ANTEED	6	22	0	15.389	0.0181706	0.0205348
ANTES	5	154	77	117.167	0.495257	0.652908
ANTHER	6	26	7	18.1381	0.263703	0.381541
ANTHERS	7	11	2	6.47195	0.181325	0.316475
ANTHRO	6	14	0	7.91328	0.0271362	0.0375747
ANTI	4	173	13	127.32	0.079247	0.106204
ANTIAR	6	23	0	11.1914	0.0174499	0.0275499
ANTIARS	7	12	0	3.8898	0.0225179	0.0696473
ANTIC	5	46	0	29.4973	0.0131283	0.015238
ANTICS	6	13	0	7.00213	0.0289199	0.0418025
ANTIENT	7	12	0	2.61129	0.0225179	0.0949906
ANTING	6	15	0	7.84597	0.0255598	0.0378576
ANTIRED	7	16	0	4.76546	0.0174394	0.0588868
ANTIS	5	76	4	54.3061	0.0589104	0.0801525
ANTLER	6	23	4	15.7367	0.176095	0.257747
ANTLERS	7	12	2	6.43474	0.168124	0.31808
ANTLIA	6	13	0	7.15292	0.0289199	0.0410384
ANTRA	5	47	1	32.6311	0.0329578	0.043146
ANTRE	5	99	25	68.349	0.251949	0.364728
ANTRES	6	47	12	31.6466	0.252776	0.376837
ANTS	4	209	51	155.392	0.24433	0.328466
ANTSIER	7	18	0	7.61397	0.0156721	0.0391903
ANTSY	5	18	0	13.0914	0.0308284	0.0323828
ANUS	4	57	0	42.1203	0.0167344	0.0169755
ANY	3	86	3	66.1113	0.0467678	0.0568802
AORISTS	7	10	0	1.878	0.0263554	0.120044
AORTA	5	52	0	34.1169	0.01169	0.0132611
APE	3	171	65	129.065	0.378774	0.502142
APED	4	45	3	32.5146	0.0821836	0.108186
APER	4	109	32	78.8702	0.292451	0.404171
APERIES	7	10	0	4.30055	0.0263554	0.0641489
APERS	5	50	14	37.0152	0.277447	0.375851
APERT	5	48	12	35.5131	0.248982	0.337058
APERY	5	10	0	7.24757	0.050145	0.0540412
APES	4	101	30	73.1193	0.295688	0.408479
APHIS	5	18	0	12.1714	0.0308284	0.0345637
APING	5	14	0	8.95233	0.0381827	0.0452187
APIOL	5	13	0	8.33398	0.0406043	0.0480649
APISM	5	11	0	7.20706	0.0465028	0.054293
APNEA	5	10	0	7.56187	0.050145	0.0521648
APO	3	134	2	99.3664	0.0232152	0.0283929
APOD	4	26	0	20.6075	0.0340814	0.0330125
APODE	5	13	0	8.67253	0.0406043	0.0464637
APODS	5	10	0	8.19968	0.050145	0.0487311
APORT	5	29	0	20.2196	0.0201537	0.0217501
APOS	4	51	1	39.138	0.0367763	0.042413
APP	3	26	12	20.7927	0.443341	0.561804
APPS	4	11	1	8.27982	0.13547	0.167727
APRES	5	52	0	37.4053	0.01169	0.0121399
APRON	5	16	0	10.5355	0.0341137	0.0392655
APSE	4	100	2	76.1661	0.0290574	0.0351301
APSES	5	22	0	17.2603	0.0258496	0.0251829
APSIS	5	10	0	8.53321	0.050145	0.0471095
APSO	4	47	0	35.7699	0.0200217	0.0198173
APSOS	5	10	0	7.8088	0.050145	0.0507795
APT	3	110	19	83.1344	0.177536	0.233161
APTED	5	17	0	11.719	0.032388	0.0357473
APTER	5	38	0	28.3349	0.0157045	0.0158319
APTS	4	50	12	37.1606	0.24152	0.324267
ARAISE	6	25	1	16.3622	0.052914	0.0766706
ARAK	4	18	0	12.7445	0.0465282	0.0504237
ARAME	5	21	0	13.8215	0.0269372	0.0308386
ARAMES	6	10	0	5.59059	0.0360236	0.0506274
ARAR	4	57	0	40.9694	0.0167344	0.0174284
ARARS	5	30	0	21.4887	0.0195386	0.0205488
ARB	3	138	8	103.925	0.0648822	0.0837434
ARBA	4	34	0	26.3218	0.0268884	0.0263902
ARBAS	5	16	0	11.712	0.0341137	0.0357664
ARBS	4	43	4	30.7727	0.107007	0.144268
ARC	3	213	50	163.777	0.236187	0.306677
ARCANE	6	11	0	6.70666	0.0332973	0.0433856
ARCED	5	27	7	18.8015	0.256662	0.368244
ARCH	4	68	17	51.8164	0.250597	0.328854
ARCHEI	6	10	0	5.84357	0.0360236	0.0487818
ARCHER	6	10	0	6.09747	0.0360236	0.0470599
ARCHES	6	14	5	8.12991	0.335522	0.578661
ARCHI	5	27	1	19.92	0.0551012	0.0687619
ARCO	4	82	0	63.0194	0.0118644	0.0115328
ARCOS	5	27	0	19.2156	0.0215077	0.0228047
ARCS	4	77	10	57.8987	0.136199	0.179008
ARD	3	266	40	200.307	0.152716	0.201943
ARDEB	5	17	0	12.0396	0.032388	0.0349002
ARDENT	6	22	0	14.0584	0.0181706	0.0223379
ARDOR	5	24	0	16.8928	0.0239182	0.0256863
ARDORS	6	11	0	6.60995	0.0332973	0.0439301
ARDS	4	96	21	70.7081	0.220401	0.298491
ARE	3	714	386	530.866	0.539446	0.725853
AREA	4	182	5	130.792	0.0323778	0.0432605
AREAD	5	46	0	33.8724	0.0131283	0.0133527
AREADS	6	20	0	14.1949	0.0198066	0.0221385
AREAE	5	39	0	28.9761	0.0153285	0.0154987
AREAL	5	62	0	43.9849	0.0098851	0.0103834
AREAR	5	43	0	30.0608	0.0139888	0.0149659
AREARS	6	18	0	11.2658	0.0217663	0.0273842
AREAS	5	90	3	66.2914	0.0392403	0.0512263
ARED	4	268	19	191.956	0.0736257	0.10175
AREDD	5	27	0	19.4432	0.0215077	0.0225568
AREDE	5	63	0	43.8317	0.0097348	0.0104185
AREDES	6	42	0	27.2112	0.00995109	0.0119586
AREFY	5	11	0	8.09321	0.0465028	0.0492725
AREG	4	129	4	93.0701	0.0377653	0.0498954
AREIC	5	55	0	38.6581	0.0110829	0.0117611
ARENA	5	75	0	50.8831	0.00823266	0.00901579
ARENAS	6	33	0	17.8324	0.0124944	0.017884
ARENE	5	75	0	54.1475	0.00823266	0.00848681
ARENES	6	34	0	22.2621	0.0121494	0.0144924
ARENITE	7	16	0	5.58583	0.0174394	0.0514411
AREOLAS	7	10	0	3.61234	0.0263554	0.0739277
AREOLES	7	10	0	4.26267	0.0263554	0.0646193
AREPA	5	36	0	26.4654	0.0165147	0.0168907
AREPAS	6	14	0	8.46465	0.0271362	0.0354077
ARERE	5	59	0	41.1059	0.0103652	0.0110852
ARES	4	437	210	311.494	0.478604	0.671916
ARET	4	413	159	294.766	0.383826	0.538011
ARETE	5	97	31	68.4886	0.317139	0.44974
ARETES	6	62	21	41.8528	0.333886	0.496839
ARETS	5	238	97	174.016	0.405537	0.55538
ARETT	5	56	26	39.0355	0.453314	0.653225
ARETTS	6	33	15	25.1788	0.438468	0.583779
AREW	4	72	0	52.9751	0.0134274	0.0136337
ARF	3	129	7	101.699	0.0617485	0.0759078
ARFS	4	42	2	32.7866	0.0657705	0.0787321
ARGAN	5	17	0	10.7691	0.032388	0.0385173
ARGENT	6	18	0	10.5737	0.0217663	0.0290083
ARGENTS	7	10	0	3.52675	0.0263554	0.0753564
ARGH	4	35	0	26.761	0.0261973	0.0259895
ARGLE	5	14	0	9.29669	0.0381827	0.043775
ARGOL	5	18	0	11.6576	0.0308284	0.0359144
ARGON	5	31	0	19.6252	0.01896	0.0223624
ARGOT	5	20	0	13.7352	0.0281204	0.0310135
ARGUE	5	16	0	10.8532	0.0341137	0.038255
ARGUED	6	10	0	6.79525	0.0360236	0.0428985
ARHATS	6	11	0	5.55166	0.0332973	0.050924
ARIA	4	137	7	101.951	0.0569121	0.0744537
ARIAS	5	56	3	38.99	0.0619428	0.0857755
ARID	4	117	5	87.0202	0.0497845	0.0644927
ARIDER	6	26	0	16.8231	0.0155944	0.0188914
ARIDEST	7	16	0	6.28782	0.0174394	0.0464187
ARIEL	5	61	0	42.5936	0.0100401	0.0107111
ARIELS	6	25	0	13.7029	0.0161674	0.0228744
ARIL	4	136	1	98.0301	0.0144327	0.0174835
ARILED	6	26	0	16.2833	0.0155944	0.0194781
ARILS	5	48	0	30.1521	0.0126111	0.0149227
ARIOSE	6	35	0	17.5933	0.0118229	0.0181128
ARIOSO	6	13	0	5.27526	0.0289199	0.0531332
ARIS	4	226	38	165.042	0.169719	0.23176
ARISE	5	149	36	107.584	0.241423	0.33438
ARISEN	6	61	8	37.0219	0.133515	0.218758
ARISES	6	29	12	17.9961	0.398545	0.646274
ARISH	5	63	0	44.2333	0.0097348	0.010327
ARISTOS	7	11	0	3.38013	0.024286	0.0779365
ARK	3	67	18	49.1006	0.271277	0.368518
ARKED	5	14	3	10.1843	0.217098	0.297423
ARKS	4	25	7	17.9482	0.277431	0.385421
ARLE	4	152	66	110.438	0.429871	0.59281
ARLED	5	45	5	32.9801	0.118076	0.158752
ARLES	5	93	46	69.7646	0.487014	0.6522
ARLING	6	18	0	10.1185	0.0217663	0.0301859
ARM	3	175	39	134.558	0.22486	0.291759
ARMED	5	33	6	23.2586	0.185649	0.261518
ARMER	5	31	5	22.2937	0.167031	0.230082
ARMERS	6	13	1	8.87611	0.0946513	0.134229
ARMET	5	49	0	35.4188	0.0123675	0.0127933
ARMETS	6	25	0	15.9803	0.0161674	0.0198237
ARMIES	6	20	1	11.1941	0.0648243	0.108912
ARMING	6	11	2	6.06727	0.184658	0.326472
ARMLET	6	10	0	4.99549	0.0360236	0.0555736
ARMOR	5	14	0	10.4736	0.0381827	0.0394687
ARMS	4	71	20	52.3003	0.280611	0.381014
ARMY	4	15	0	11.8007	0.0539115	0.0538314
ARNA	4	90	1	67.6551	0.0215027	0.0250898
ARNAS	5	41	0	28.0544	0.014628	0.0159822
ARNUT	5	25	0	17.7664	0.0230568	0.0245211
ARNUTS	6	10	0	5.39352	0.0360236	0.0521649
AROBA	5	16	0	11.0729	0.0341137	0.0375858
AROHAS	6	11	0	5.52347	0.0332973	0.0511408
AROID	5	34	3	23.0593	0.0990064	0.141438
AROIDS	6	14	1	7.85015	0.0888134	0.149623
AROINT	6	24	0	13.0104	0.0167842	0.0239975
AROINTS	7	11	0	3.41594	0.024286	0.0772901
AROLLA	6	10	0	5.15369	0.0360236	0.0541668
AROMA	5	22	0	14.0658	0.0258496	0.0303544
AROSE	5	112	3	80.4772	0.0317183	0.0423607
AROUSE	6	18	9	10.8077	0.467014	0.784526
AROW	4	30	1	22.2659	0.0595545	0.0717047
ARPA	4	40	0	29.2291	0.0232139	0.0239462
ARPAS	5	20	0	13.8146	0.0281204	0.0308526
ARPEN	5	34	2	24.5811	0.0718086	0.094825
ARPENS	6	16	0	10.3871	0.0241564	0.0294798
ARPENT	6	15	2	9.65957	0.141748	0.217429
ARRAH	5	13	0	8.73354	0.0406043	0.0461864
ARRAS	5	23	0	15.6032	0.0248464	0.0276242
ARRECT	6	10	0	7.08054	0.0360236	0.0414017
ARREST	6	37	9	25.2197	0.240733	0.354868
ARRET	5	76	20	53.0877	0.262039	0.375102
ARRETS	6	47	14	32.0488	0.293415	0.432605
ARRIS	5	37	0	25.1767	0.0160994	0.0177069
ARRISH	6	19	0	9.24675	0.0207402	0.0327302
ARS	3	511	152	376.015	0.297605	0.404288
ARSE	4	324	117	231.444	0.359919	0.504058
ARSED	5	101	14	72.4089	0.141087	0.195838
ARSENIC	7	11	0	3.41534	0.024286	0.0773009
ARSENO	6	35	0	22.361	0.0118229	0.0144313
ARSES	5	71	34	53.2556	0.469586	0.629681
ARSEY	5	38	0	28.9423	0.0157045	0.0155159
ARSHIN	6	22	0	13.7322	0.0181706	0.0228293
ARSHINE	7	10	0	4.90543	0.0263554	0.0574676
ARSIER	6	29	0	16.7827	0.0140956	0.0189341
ARSIEST	7	19	0	4.68752	0.0149163	0.059708
ARSINE	6	53	0	29.8058	0.00796856	0.0109545
ARSINES	7	13	0	4.26873	0.0209898	0.0645436
ARSING	6	30	1	16.471	0.044701	0.076196
ARSINO	6	32	0	17.6363	0.0128596	0.0180712
ARSIS	5	38	0	27.1177	0.0157045	0.0165055
ARSON	5	59	0	44.8473	0.0103652	0.0101902
ARSONS	6	14	0	8.46905	0.0271362	0.0353914
ARSY	4	46	0	33.144	0.0204229	0.0212911
ART	3	540	143	401.644	0.265183	0.356337
ARTAL	5	53	0	37.626	0.0114804	0.0120714
ARTEL	5	87	8	61.2766	0.0962511	0.134979
ARTELS	6	36	3	25.401	0.0900199	0.125997
ARTERY	6	18	0	12.9049	0.0217663	0.0241783
ARTI	4	242	7	177.61	0.032611	0.0431193
ARTIC	5	34	1	26.1773	0.0446108	0.0532104
ARTICS	6	12	1	6.78215	0.101311	0.169908
ARTIER	6	33	0	20.738	0.0124944	0.015504
ARTIES	6	70	3	41.6902	0.0476362	0.0780282
ARTIEST	7	19	0	4.76081	0.0149163	0.0589352
ARTINESS	8	12	0	3.58857	0.0225179	0.0743191
ARTIS	5	124	0	88.0527	0.00505046	0.00527329
ARTISAN	7	10	0	2.08265	0.0263554	0.111814
ARTIST	6	38	0	22.2062	0.0109409	0.0145271
ARTISTE	7	18	0	6.98141	0.0156721	0.0423349
ARTS	4	299	75	217.278	0.250967	0.345201
ARTSIE	6	68	0	39.2609	0.0062662	0.00838799
ARTSIER	7	22	0	9.34677	0.013031	0.0325644
ARTSIES	7	22	0	7.88415	0.013031	0.0379852
ARTSMEN	7	11	0	3.10464	0.024286	0.0832949
ARTSY	5	30	0	23.1206	0.0195386	0.0191863
ARTY	4	55	0	42.7943	0.0173026	0.016721
ARUHE	5	11	0	7.79476	0.0465028	0.0508563
ARUM	4	31	0	24.0017	0.0291994	0.0287301
ARUMS	5	13	0	8.61172	0.0406043	0.0467433
ARY	3	107	3	83.2994	0.0379015	0.0454371
ARYLS	5	11	0	7.22238	0.0465028	0.0541975
ASAR	4	88	0	66.2256	0.0110898	0.0109921
ASCENT	6	16	0	8.94732	0.0241564	0.033706
ASCI	4	54	0	43.1515	0.0176014	0.0165892
ASCON	5	13	0	10.7855	0.0406043	0.038466
ASCOT	5	22	0	15.7608	0.0258496	0.0273718
ASEA	4	138	0	103.083	0.00718234	0.00714269
ASEITY	6	10	0	5.69528	0.0360236	0.0498469
ASH	3	252	55	194.234	0.219722	0.284573
ASHED	5	37	10	27.289	0.26756	0.363884
ASHEN	5	46	0	34.2922	0.0131283	0.0131961
ASHES	5	44	19	33.3241	0.419953	0.55932
ASHET	5	75	15	55.8564	0.201115	0.269802
ASHETS	6	22	5	14.7807	0.224667	0.336254
ASHIER	6	22	3	13.4548	0.142069	0.229442
ASHINE	6	22	0	13.0231	0.0181706	0.0239759
ASHING	6	17	6	9.47391	0.33518	0.599691
ASHLER	6	11	0	7.2812	0.0332973	0.0404099
ASHORE	6	32	0	20.0006	0.0128596	0.0160459
ASHY	4	33	1	26.2162	0.0547134	0.061724
ASIDE	5	72	23	51.5788	0.316183	0.442298
ASIDES	6	24	6	14.3421	0.245674	0.410583
ASK	3	65	21	50.1026	0.32279	0.418878
ASKER	5	13	8	9.79777	0.547971	0.750569
ASKS	4	12	8	9.05103	0.567058	0.780344
ASP	3	140	17	106.41	0.126579	0.16474
ASPEN	5	30	2	23.7823	0.0805744	0.0978223
ASPER	5	49	2	36.9271	0.0510016	0.0643514
ASPERS	6	17	0	13.107	0.0228992	0.0238342
ASPINE	6	17	0	9.09129	0.0228992	0.0332296
ASPIRE	6	13	0	8.71154	0.0289199	0.0345163
ASPIS	5	11	0	8.86053	0.0465028	0.0456197
ASPS	4	21	5	16.6733	0.241684	0.305335
ASS	3	148	7	116.216	0.0540182	0.0665971
ASSAI	5	12	0	7.87173	0.0433538	0.0504381
ASSENT	6	17	0	9.93932	0.0228992	0.030676
ASSERT	6	30	0	21.7889	0.013658	0.0147921
ASSET	5	48	0	35.012	0.0126111	0.0129359
ASSORT	6	19	0	12.2233	0.0207402	0.0254157
ASSOT	5	27	0	20.0526	0.0215077	0.0219187
ASTARE	6	47	0	29.7157	0.00894007	0.0109865
ASTART	6	18	0	10.9962	0.0217663	0.0279949
ASTER	5	221	71	159.07	0.320155	0.445142
ASTERIA	7	24	0	9.74986	0.0120183	0.0313322
ASTERID	7	12	0	7.18999	0.0225179	0.0412437
ASTERN	6	71	0	49.6778	0.00600944	0.00666707
ASTERS	6	76	27	55.7239	0.350834	0.481145
ASTERT	6	54	0	39.8429	0.00782681	0.00826874
ASTHORE	7	17	0	8.59022	0.0165085	0.0351598
ASTIR	5	89	0	63.1265	0.0069767	0.0073075
ASTONE	6	42	0	24.0495	0.00995109	0.0134622
ASTONED	7	14	0	5.81556	0.0196559	0.0496819
ASTONES	7	12	0	5.64499	0.0225179	0.0509762
ASTRAL	6	23	0	13.7384	0.0174499	0.0228197
ASTRAY	6	12	0	7.77162	0.0309546	0.038175
ASTRIDE	7	13	0	7.95401	0.0209898	0.0376856
ASTUN	5	29	0	22.1652	0.0201537	0.0199612
ASTUTE	6	10	0	6.53243	0.0360236	0.0443765
ASYLA	5	12	0	8.88778	0.0433538	0.0454999
ATAP	4	36	0	27.0126	0.0255408	0.0257654
ATE	3	679	173	507.203	0.255135	0.341387
ATES	4	426	107	306.154	0.251263	0.349482
ATIGI	5	10	0	7.2639	0.050145	0.0539404
ATILT	5	27	0	18.6734	0.0215077	0.023418
ATLAS	5	49	2	35.4603	0.0510016	0.0669057
ATOC	4	63	0	47.0297	0.0152337	0.0152814
ATOK	4	20	0	15.7104	0.0426355	0.0420569
ATOLL	5	18	0	12.0861	0.0308284	0.0347808
ATOM	4	73	2	57.1399	0.0392588	0.0464007
ATOMS	5	27	1	19.0395	0.0551012	0.071711
ATONAL	6	13	0	7.64154	0.0289199	0.0387433
ATONE	5	92	43	68.1307	0.460497	0.624415
ATONED	6	24	5	16.3035	0.207526	0.306825
ATONER	6	44	18	30.3331	0.399017	0.583493
ATONERS	7	15	5	9.57012	0.317245	0.509317
ATONES	6	47	20	27.5679	0.415333	0.709558
ATONIA	6	17	0	9.81232	0.0228992	0.0310331
ATONIC	6	12	0	6.62095	0.0309546	0.0438675
ATONIES	7	16	0	3.35576	0.0174394	0.0783826
ATONY	5	18	0	13.5423	0.0308284	0.0314114
ATOP	4	69	0	51.4341	0.01398	0.0140257
ATRIP	5	30	0	18.8983	0.0195386	0.0231596
ATRIUM	6	11	0	6.37307	0.0332973	0.0453234
ATS	3	586	30	441.134	0.0528992	0.0696683
ATT	3	160	10	122.347	0.0683785	0.0874166
ATTAR	5	19	0	11.709	0.0294122	0.0357745
ATTARS	6	10	0	6.93357	0.0360236	0.0421595
ATTEND	6	16	0	11.353	0.0241564	0.0271924
ATTIC	5	16	0	11.2504	0.0341137	0.0370623
ATTIRE	6	21	0	15.488	0.0189533	0.0204122
ATTIRES	7	13	0	7.78148	0.0209898	0.0384344
ATTONE	6	19	0	12.0894	0.0207402	0.0256737
ATTORN	6	15	0	10.6277	0.0255598	0.0288748
AUDIT	5	13	0	8.77747	0.0406043	0.0459888
AUE	3	137	0	106.297	0.00851285	0.00813374
AUF	3	33	0	25.8806	0.0325904	0.0314794
AUFS	4	11	0	9.1796	0.0683793	0.0662696
AUGER	5	10	0	6.32681	0.050145	0.060407
AUGH	4	10	0	7.81174	0.0732968	0.0753562
AUK	3	12	0	9.2369	0.0759886	0.0775443
AULAS	5	15	0	10.5391	0.0360337	0.0392537
AULD	4	18	0	13.3763	0.0465282	0.0483736
AULOI	5	14	0	9.56286	0.0381827	0.0427209
AULOS	5	16	0	11.791	0.0341137	0.0355535
AUNE	4	78	0	60.6542	0.0124438	0.011967
AUNES	5	41	0	30.4162	0.014628	0.0147992
AUNT	4	61	35	45.4599	0.55495	0.750706
AUNTER	6	21	12	14.1528	0.535895	0.809161
AUNTERS	7	12	7	7.08312	0.53214	0.918398
AUNTIE	6	13	3	6.53012	0.226114	0.43779
AUNTS	5	27	16	20.1595	0.559003	0.760859
AURA	4	42	1	32.08	0.0439865	0.0511546
AURAE	5	17	0	12.7505	0.032388	0.0331581
AURAR	5	11	0	7.81802	0.0465028	0.0507292
AURAS	5	18	1	13.2837	0.0789802	0.0996498
AURATE	6	10	0	7.40909	0.0360236	0.0398022
AURES	5	47	0	34.6497	0.0128645	0.0130656
AUTIST	6	11	0	6.11292	0.0332973	0.046959
AUTO	4	55	0	42.4568	0.0173026	0.0168474
AUTOS	5	20	0	15.985	0.0281204	0.0270208
AVA	3	14	2	10.7519	0.179984	0.223603
AVAS	4	11	0	8.46749	0.0683793	0.0707083
AVE	3	55	26	43.3933	0.462792	0.590421
AVEL	4	22	3	17.6826	0.15515	0.189035
AVELS	5	12	3	9.15354	0.2465	0.326227
AVENS	5	10	2	8.2686	0.20679	0.253336
AVER	4	32	15	25.425	0.446152	0.570939
AVERS	5	11	3	8.53159	0.264404	0.346473
AVERT	5	12	1	9.67297	0.111069	0.131882
AVES	4	25	8	20.0421	0.312026	0.394111
AVID	4	11	0	7.95865	0.0683793	0.0742626
AVINE	5	16	3	10.2307	0.193963	0.296245
AVISE	5	11	2	8.27484	0.19177	0.253174
AVO	3	39	1	30.2804	0.0513992	0.0580545
AVOS	4	11	0	8.80975	0.0683793	0.068503
AWA	3	28	0	22.1261	0.0377195	0.0363506
AWDL	4	11	0	8.41489	0.0683793	0.0710599
AWE	3	91	18	69.4538	0.202578	0.263749
AWED	4	28	1	20.1432	0.0632877	0.0785276
AWEE	4	16	0	11.8132	0.0512031	0.0537834
AWES	4	50	11	36.1561	0.222969	0.306672
AWETO	5	14	0	10.2762	0.0381827	0.0401308
AWK	3	12	0	8.58919	0.0759886	0.0822269
AWL	3	59	2	44.9589	0.0509534	0.0611939
AWLS	4	24	1	18.5966	0.0723595	0.0843778
AWN	3	66	28	52.4483	0.418493	0.529117
AWNED	5	10	3	7.34061	0.285113	0.393203
AWNER	5	17	8	13.193	0.437089	0.577008
AWNS	4	21	8	16.5762	0.362141	0.466999
AWOL	4	18	0	13.7058	0.0465282	0.0473693
AXE	3	11	9	9.87357	0.690468	0.822779
AYAH	4	10	0	7.70075	0.0732968	0.076204
AYE	3	90	18	67.1457	0.204738	0.272535
AYES	4	42	7	32.2239	0.17469	0.22542
AYIN	4	27	0	21.7597	0.0329786	0.0314226
AYINS	5	12	0	7.97067	0.0433538	0.0499107
AYONT	5	10	0	7.20104	0.050145	0.0543305
AYRE	4	47	4	36.0249	0.098599	0.124427
AYRES	5	30	2	21.8173	0.0805744	0.106069
AYS	3	87	11	68.2768	0.134387	0.168745
AYU	3	16	0	12.6234	0.0606143	0.059753
BAA	3	34	7	26.938	0.217059	0.271092
BAAL	4	17	3	12.7785	0.192258	0.251075
BAAS	4	18	2	13.4464	0.13783	0.176275
BAC	3	56	21	41.7975	0.371395	0.49806
BACH	4	12	2	9.22643	0.189825	0.24158
BACK	4	12	11	9.67519	0.755674	0.992595
BACON	5	12	0	9.25982	0.0433538	0.0439252
BACS	4	17	0	13.2516	0.0487538	0.0487648
BAD	3	80	39	61.3349	0.479865	0.628341
BADE	4	55	21	40.916	0.373807	0.504912
BADS	4	28	12	20.7906	0.408058	0.555514
BAE	3	143	21	109.295	0.151246	0.19637
BAEL	4	54	2	40.6802	0.0521405	0.0642266
BAELS	5	25	1	19.0932	0.0590699	0.071524
BAES	4	80	6	59.0997	0.0836564	0.110208
BAFT	4	12	0	8.51153	0.0640801	0.0704166
BAG	3	35	8	26.0442	0.237253	0.315175
BAGEL	5	10	1	8.14653	0.128468	0.152773
BAGH	4	10	0	7.92761	0.0732968	0.074491
BAGS	4	10	2	7.29538	0.217127	0.290895
BAH	3	56	3	41.8508	0.0702416	0.0882513
BAHT	4	21	0	16.1764	0.0409235	0.0409883
BAHTS	5	12	0	8.58009	0.0433538	0.0468902
BAIL	4	35	24	25.5524	0.64308	0.893029
BAILER	6	10	8	7.70925	0.691039	0.947024
BAILS	5	13	8	9.30407	0.547971	0.784898
BAIRN	5	18	0	13.6084	0.0308284	0.031274
BAIT	4	63	26	45.595	0.403843	0.560138
BAITED	6	15	6	9.11366	0.374124	0.620852
BAITER	6	19	14	14.639	0.680699	0.911268
BAITERS	7	11	8	9.01017	0.652443	0.840738
BAITH	5	14	0	10.2459	0.0381827	0.0402344
BAITS	5	33	11	23.2938	0.32544	0.462893
BAKE	4	11	8	8.11004	0.605102	0.851812
BAL	3	105	66	80.4294	0.617801	0.81004
BALAS	5	11	3	7.63044	0.264404	0.380707
BALD	4	25	8	18.4406	0.312026	0.424742
BALDER	6	12	5	8.53519	0.382734	0.55431
BALDS	5	10	3	7.96133	0.285113	0.367379
BALE	4	64	41	48.8534	0.618792	0.81838
BALED	5	23	3	15.8308	0.141271	0.200464
BALER	5	31	15	22.1675	0.463172	0.65401
BALERS	6	13	6	8.2246	0.423308	0.680074
BALES	5	33	22	25.5326	0.63298	0.831611
BALISE	6	18	0	10.8398	0.0217663	0.0283616
BALL	4	17	11	12.8667	0.574937	0.78184
BALM	4	12	3	8.76504	0.252697	0.343276
BALOO	5	10	0	7.1441	0.050145	0.0546888
BALS	4	40	12	30.4633	0.29653	0.390828
BALSA	5	11	0	8.31034	0.0465028	0.0481808
BALTI	5	12	0	9.21174	0.0433538	0.0441226
BALU	4	14	2	9.41079	0.168621	0.237732
BAM	3	59	16	46.9953	0.273989	0.343603
BAMS	4	20	6	16.2461	0.293626	0.366738
BAN	3	86	74	67.1213	0.837676	1
BANAL	5	11	0	7.18519	0.0465028	0.0544298
BANC	4	12	0	9.50146	0.0640801	0.0644412
BAND	4	30	20	21.9398	0.619939	0.860925
BANDER	6	13	11	10.2573	0.751965	0.998723
BANDS	5	13	11	9.30844	0.738234	1
BANE	4	48	22	37.7482	0.443485	0.570042
BANED	5	21	1	13.4427	0.0690112	0.0985882
BANES	5	26	14	20.0456	0.508913	0.672015
BANG	4	13	11	8.73683	0.710974	1
BANI	4	44	4	31.7287	0.104774	0.140199
BANS	4	38	20	30.1735	0.501589	0.641719
BANT	4	36	27	27.1071	0.702143	0.948086
BANTER	6	15	13	11.1749	0.780783	1
BANTS	5	17	11	12.6608	0.588852	0.810716
BAO	3	80	5	60.1339	0.0739924	0.0944579
BAOS	4	35	2	26.1431	0.0776042	0.0972099
BAP	3	42	13	33.2574	0.31021	0.392209
BAPS	4	18	5	14.0081	0.274784	0.355654
BAR	3	149	108	110.59	0.714788	0.965891
BARD	4	50	23	35.8412	0.445582	0.624957
BARDE	5	34	14	22.6644	0.398182	0.599156
BARDES	6	12	7	9.08503	0.523446	0.720822
BARDIE	6	11	1	4.92811	0.108978	0.222202
BARDO	5	16	0	9.77538	0.0341137	0.0419149
BARDS	5	14	7	10.01	0.455652	0.649758
BARE	4	95	61	67.57	0.627057	0.88553
BARED	5	48	10	30.9885	0.209587	0.322435
BARER	5	27	9	17.3516	0.323849	0.502729
BARES	5	52	33	38.2838	0.614235	0.841566
BAREST	6	23	3	15.7007	0.136434	0.198764
BARF	4	15	1	11.2746	0.106807	0.13035
BARGE	5	11	3	8.24842	0.264404	0.356548
BARIC	5	12	0	8.69212	0.0433538	0.0463742
BARING	6	12	5	7.78123	0.382734	0.601391
BARISH	6	10	0	5.23646	0.0360236	0.0534588
BARITE	6	17	0	9.89326	0.0228992	0.0308045
BARK	4	16	13	11.5862	0.704296	1
BARM	4	17	1	13.1621	0.0965886	0.114297
BARN	4	47	22	34.8315	0.452197	0.614982
BARNED	6	14	7	9.63818	0.458877	0.683676
BARNET	6	12	0	8.08752	0.0309546	0.0368618
BARNS	5	21	8	15.9284	0.363529	0.486394
BARON	5	20	0	13.9254	0.0281204	0.0306308
BARP	4	21	0	15.1386	0.0409235	0.0434468
BARRE	5	14	5	8.51221	0.336375	0.547102
BARS	4	66	17	46.0422	0.257766	0.368244
BARTER	6	13	4	10.7219	0.291845	0.367121
BAS	3	125	90	95.418	0.708226	0.931598
BASE	4	77	30	58.05	0.383402	0.510706
BASED	5	23	4	16.8434	0.18008	0.243938
BASEN	5	24	0	19.0615	0.0239182	0.0229757
BASER	5	47	13	35.4786	0.274078	0.364423
BASES	5	18	10	13.6666	0.512346	0.690938
BASEST	6	12	0	8.31829	0.0309546	0.0359582
BASH	4	26	12	19.8395	0.435348	0.579527
BASHO	5	12	0	8.32758	0.0433538	0.0480962
BASIL	5	16	0	12.0916	0.0341137	0.0347668
BASIN	5	22	3	15.4102	0.146975	0.205454
BASK	4	11	5	8.18069	0.403831	0.555998
BASNET	6	14	0	8.9442	0.0271362	0.0337165
BASS	4	25	11	18.6651	0.415814	0.564194
BASSE	5	16	7	11.3675	0.407095	0.581158
BASSER	6	11	5	8.73779	0.4117	0.54289
BAST	4	67	50	51.5846	0.71954	0.944239
BASTA	5	19	1	13.576	0.0753519	0.0977161
BASTE	5	52	39	38.6089	0.723789	0.984373
BASTED	6	17	8	12.0899	0.439274	0.632396
BASTER	6	32	24	23.7956	0.714338	0.977793
BASTERS	7	10	6	7.37985	0.537618	0.764752
BASTES	6	14	8	9.9734	0.520554	0.753313
BASTI	5	25	4	18.3231	0.167109	0.225719
BASTLE	6	10	2	6.42443	0.199777	0.310966
BASTO	5	21	0	15.8831	0.0269372	0.0271791
BASTS	5	12	6	8.23521	0.449646	0.665512
BAT	3	135	89	101.073	0.649984	0.870866
BATE	4	84	50	62.1685	0.580388	0.788895
BATED	5	34	5	23.2695	0.153402	0.221014
BATES	5	53	23	38.875	0.423906	0.581499
BATH	4	33	16	24.7745	0.461159	0.621846
BATHE	5	12	5	9.37706	0.381931	0.503561
BATHS	5	12	6	9.37019	0.449646	0.59596
BATON	5	14	1	11.3528	0.0978212	0.114632
BATS	4	71	24	53.41	0.334011	0.445382
BATT	4	18	11	12.7163	0.54869	0.78974
BAUR	4	10	1	7.55987	0.145212	0.180145
BAY	3	30	15	23.6448	0.479664	0.616017
BAYE	4	11	1	8.44069	0.13547	0.165183
BAYT	4	12	1	9.04453	0.126952	0.156284
BEAD	4	42	13	31.9164	0.305394	0.403507
BEADS	5	13	2	9.33152	0.167446	0.228453
BEAL	4	48	24	35.2581	0.482017	0.661417
BEALS	5	22	13	17.1701	0.550727	0.721982
BEAM	4	28	8	21.6991	0.282687	0.366744
BEAMS	5	13	5	8.55854	0.357709	0.54458
BEAN	4	47	15	36.441	0.314687	0.408022
BEANIE	6	10	0	4.82738	0.0360236	0.057151
BEANO	5	17	0	11.8095	0.032388	0.035504
BEANS	5	20	10	14.8733	0.467339	0.639982
BEAR	4	80	57	59.0092	0.691485	0.944066
BEARD	5	24	16	17.1274	0.621654	0.884776
BEARE	5	31	21	23.421	0.640856	0.861957
BEARED	6	12	6	9.72345	0.45309	0.585859
BEARER	6	10	5	7.97765	0.445408	0.588371
BEARES	6	18	11	13.6732	0.565958	0.767726
BEARING	7	10	5	7.03732	0.452407	0.671794
BEARS	5	36	20	26.295	0.532408	0.736809
BEAST	5	33	13	23.8872	0.381356	0.530879
BEAT	4	59	43	45.0407	0.69977	0.926847
BEATER	6	16	11	13.5701	0.628106	0.773127
BEATERS	7	10	7	7.87264	0.622828	0.835766
BEATH	5	17	2	12.3504	0.133563	0.178622
BEATS	5	35	21	25.9963	0.572983	0.7812
BEAU	4	18	1	13.6863	0.0921792	0.110517
BED	3	88	22	68.2916	0.252787	0.324896
BEDE	4	31	9	22.7742	0.28704	0.391034
BEDES	5	18	5	12.1415	0.271587	0.401441
BEDS	4	29	9	20.3352	0.304486	0.433423
BEDU	4	14	0	11.0606	0.0569224	0.0568439
BEE	3	54	38	42.0573	0.678522	0.879798
BEEN	4	21	8	15.3675	0.362141	0.499195
BEER	4	28	12	19.9481	0.408058	0.576681
BEERS	5	19	9	14.6827	0.442869	0.585693
BEES	4	41	8	30.3571	0.20085	0.269108
BEET	4	31	11	22.4328	0.344338	0.47777
BEETS	5	23	11	17.309	0.451738	0.610257
BEG	3	37	6	28.8322	0.176559	0.222221
BEGO	4	13	0	9.57362	0.0602896	0.064045
BEGS	4	13	4	9.60265	0.296902	0.403824
BEIN	4	41	3	29.4985	0.0895042	0.118491
BEING	5	13	1	8.04063	0.104025	0.15447
BEINS	5	19	1	14.0584	0.0753519	0.0946843
BEL	3	81	31	65.7893	0.379831	0.469362
BELAH	5	11	0	8.43075	0.0465028	0.047596
BELAR	5	24	0	17.0065	0.0239182	0.0255284
BELIE	5	10	0	7.58316	0.050145	0.0520424
BELL	4	15	10	12.2072	0.582864	0.748133
BELON	5	10	0	7.08533	0.050145	0.0550636
BELS	4	34	3	26.2966	0.106033	0.131822
BELT	4	31	11	24.5484	0.344338	0.439932
BELTS	5	14	6	10.7957	0.396014	0.526812
BEMA	4	26	0	19.7759	0.0340814	0.0342637
BEMAS	5	15	0	10.2699	0.0360337	0.0401525
BEN	3	91	49	73.9356	0.529685	0.655716
BEND	4	21	12	17.2124	0.522749	0.6581
BENE	4	27	10	21.4022	0.356548	0.456231
BENES	5	14	5	10.7233	0.336375	0.448055
BENET	5	12	2	8.55144	0.178785	0.2462
BENI	4	48	2	37.6038	0.0581677	0.0691951
BENIS	5	27	2	19.3213	0.0886947	0.118791
BENNI	5	11	2	7.86881	0.19177	0.264158
BENS	4	43	12	33.3508	0.277564	0.359052
BENT	4	36	20	29.1097	0.526728	0.663548
BENTO	5	11	1	8.01428	0.119137	0.154898
BENTS	5	22	14	17.4935	0.591102	0.76236
BERATE	6	23	0	15.8574	0.0174499	0.0199675
BERATES	7	15	0	6.82527	0.0184814	0.0431902
BERAY	5	11	0	8.14395	0.0465028	0.049013
BERE	4	49	20	35.1263	0.397299	0.556489
BERES	5	33	13	24.5776	0.381356	0.51682
BERET	5	32	1	23.5136	0.047177	0.0588791
BERETS	6	22	0	15.4979	0.0181706	0.0204
BERG	4	18	0	12.6255	0.0465282	0.0508291
BERM	4	20	0	15.4656	0.0426355	0.042641
BERTH	5	12	0	9.26746	0.0433538	0.043894
BES	3	136	46	105.976	0.337685	0.433639
BESAT	5	24	1	17.4677	0.0612767	0.0776566
BESES	5	14	1	11.1611	0.0978212	0.116369
BESET	5	25	4	19.2004	0.167109	0.216149
BESING	6	11	0	6.58787	0.0332973	0.0440563
BESIT	5	27	0	19.7649	0.0215077	0.0222154
BESITS	6	10	0	5.89568	0.0360236	0.0484182
BESOM	5	14	0	10.5925	0.0381827	0.0390802
BESOT	5	22	0	17.1994	0.0258496	0.025265
BEST	4	71	30	53.3796	0.414112	0.553648
BESTI	5	29	0	22.39	0.0201537	0.0197732
BESTIR	6	10	0	7.11463	0.0360236	0.0412297
BESTS	5	17	8	13.2804	0.437089	0.573595
BET	3	115	44	90.072	0.380553	0.486742
BETA	4	53	5	39.5009	0.105776	0.138047
BETAS	5	25	3	18.6669	0.131096	0.172258
BETE	4	40	12	29.6839	0.29653	0.400393
BETED	5	15	1	11.3269	0.0923156	0.114864
BETEL	5	12	0	9.28469	0.0433538	0.0438238
BETES	5	27	6	20.5704	0.223069	0.293385
BETH	4	23	2	16.9142	0.112216	0.144234
BETHS	5	11	0	8.82765	0.0465028	0.0457651
BETISE	6	12	0	7.33405	0.0309546	0.0401566
BETON	5	17	0	13.5826	0.032388	0.0313275
BETONS	6	11	0	6.74358	0.0332973	0.0431812
BETS	4	73	16	54.063	0.221301	0.297929
BETTA	5	11	0	8.68666	0.0465028	0.0463991
BEY	3	31	2	25.2793	0.0919855	0.105119
BHAI	4	13	0	10.1377	0.0602896	0.0611084
BHAT	4	21	0	16.1594	0.0409235	0.0410263
BHEL	4	12	0	10.1166	0.0640801	0.0612134
BIALI	5	12	0	8.74865	0.0433538	0.0461182
BIAS	4	44	0	32.7752	0.0212756	0.0215158
BICE	4	20	2	16.0696	0.126299	0.150915
BID	3	54	32	41.6899	0.574662	0.750271
BIDE	4	36	21	26.5008	0.551787	0.758825
BIDER	5	19	10	14.6983	0.488809	0.646904
BIDERS	6	10	7	6.71484	0.609162	0.939563
BIDES	5	16	7	11.8631	0.407095	0.55959
BIDET	5	13	1	9.60484	0.104025	0.132692
BIDETS	6	10	1	6.59637	0.117901	0.174011
BIDS	4	16	6	11.3416	0.352631	0.499914
BIELD	5	10	0	7.01237	0.050145	0.0555362
BIEN	4	34	1	25.7899	0.05327	0.0626651
BIER	4	58	2	44.6633	0.0487715	0.0587635
BIERS	5	36	0	26.9613	0.0165147	0.0165963
BIG	3	27	13	20.1987	0.461432	0.621516
BIGA	4	11	0	7.88411	0.0683793	0.0748135
BIGS	4	14	9	10.595	0.559567	0.764292
BILE	4	36	13	26.641	0.351312	0.477405
BILED	5	15	1	10.5067	0.0923156	0.122716
BILES	5	24	8	17.1453	0.322786	0.454634
BILL	4	11	8	8.5559	0.605102	0.816385
BIMA	4	23	1	18.3545	0.0750489	0.0853732
BIMAS	5	10	0	6.87013	0.050145	0.056481
BIN	3	79	56	61.2896	0.69105	0.896817
BIND	4	15	6	10.2232	0.371283	0.54505
BINE	4	40	19	31.619	0.455964	0.584661
BINER	5	16	0	10.6822	0.0341137	0.0387922
BINERS	6	11	0	7.7816	0.0332973	0.0381321
BINES	5	26	11	20.2289	0.404629	0.528214
BING	4	22	19	15.3809	0.772785	1
BINGS	5	12	7	8.53656	0.517362	0.745246
BINIT	5	13	0	10.793	0.0406043	0.0384424
BINS	4	36	11	28.6028	0.301194	0.38196
BIO	3	53	2	40.6965	0.0563386	0.0672834
BIOG	4	10	0	8.32879	0.0732968	0.071643
BIOS	4	29	0	22.2011	0.0309741	0.0308533
BIRD	4	28	8	20.8198	0.282687	0.380776
BIRDER	6	10	3	6.95071	0.281654	0.414906
BIRDS	5	11	5	8.67545	0.409672	0.538316
BIRL	4	20	0	15.3594	0.0426355	0.0428993
BIRLE	5	14	0	10.9585	0.0381827	0.0379312
BIRO	4	38	0	28.7349	0.0243218	0.0243292
BIROS	5	15	0	10.611	0.0360337	0.0390205
BIRR	4	19	2	13.7199	0.131813	0.173239
BIRSE	5	32	1	24.1617	0.047177	0.0573914
BIRSED	6	13	0	8.73272	0.0289199	0.034442
BIRTH	5	11	0	8.55846	0.0465028	0.0469911
BIS	3	90	28	70.6611	0.311382	0.396741
BISE	4	65	7	49.5427	0.11638	0.149917
BISES	5	15	1	10.415	0.0923156	0.123662
BISH	4	26	2	20.4937	0.100959	0.121447
BISON	5	13	0	9.76835	0.0406043	0.0419411
BIST	4	47	13	36.2052	0.275398	0.358404
BISTER	6	18	3	12.0663	0.170182	0.253646
BISTRE	6	15	0	10.1285	0.0255598	0.030159
BIT	3	83	51	66.0574	0.60157	0.760796
BITE	4	52	35	39.3809	0.64429	0.860552
BITER	5	24	16	17.7931	0.621654	0.854232
BITERS	6	14	10	12.1162	0.643908	0.782516
BITES	5	35	19	26.1599	0.520028	0.704243
BITO	4	31	1	24.4641	0.0578483	0.0657852
BITOS	5	17	1	13.1214	0.0829756	0.100757
BITS	4	44	16	33.0472	0.355268	0.475748
BITSER	6	14	0	10.6594	0.0271362	0.0287969
BITT	4	10	6	7.60946	0.504787	0.690809
BLAB	4	10	1	7.55265	0.145212	0.180279
BLAD	4	21	12	15.1724	0.522749	0.735539
BLADE	5	13	10	8.54946	0.674813	1
BLAE	4	52	9	37.6424	0.179218	0.244978
BLAER	5	29	6	20.653	0.209025	0.292291
BLAES	5	29	6	20.7825	0.209025	0.290592
BLAEST	6	15	0	8.79837	0.0255598	0.0342134
BLAG	4	10	1	8.72638	0.145212	0.16085
BLAH	4	16	0	12.5348	0.0512031	0.0511428
BLAIN	5	16	0	9.94093	0.0341137	0.0413079
BLAISE	6	11	0	5.96295	0.0332973	0.0479567
BLAM	4	16	3	11.7522	0.201917	0.269591
BLARE	5	23	13	15.9192	0.529354	0.773856
BLARES	6	11	6	6.8885	0.48738	0.79388
BLART	5	19	1	12.6189	0.0753519	0.104345
BLARTS	6	10	1	5.57814	0.117901	0.20056
BLASE	5	24	3	17.1967	0.135994	0.185812
BLAST	5	26	14	18.8247	0.508913	0.712402
BLASTER	7	12	7	6.3381	0.53214	1
BLAT	4	42	24	29.633	0.545018	0.778424
BLATE	5	31	10	22.2381	0.315101	0.441342
BLATER	6	17	1	12.3739	0.074946	0.0993723
BLATES	6	17	5	11.7314	0.283134	0.41619
BLATS	5	25	9	17.8824	0.347175	0.488956
BLEAR	5	27	16	19.901	0.559003	0.770056
BLEARS	6	10	6	6.34953	0.527285	0.85135
BLEAT	5	26	10	18.5066	0.369868	0.523702
BLEATS	6	15	5	8.59776	0.31603	0.550732
BLED	4	24	2	18.5221	0.108195	0.133023
BLEE	4	19	6	14.7893	0.306445	0.39825
BLEES	5	13	3	9.67832	0.230867	0.310898
BLENT	5	12	0	9.8519	0.0433538	0.0416322
BLEST	5	17	0	12.8402	0.032388	0.0329506
BLET	4	41	5	30.8245	0.134042	0.174355
BLETS	5	27	3	20.5743	0.122288	0.157367
BLIN	4	18	6	13.2397	0.320435	0.438315
BLIST	5	14	0	9.53987	0.0381827	0.0428099
BLIT	4	23	5	16.7868	0.223719	0.303506
BLITE	5	13	3	9.97739	0.230867	0.30279
BLITES	6	11	2	6.6484	0.184658	0.301973
BLITS	5	13	3	9.64419	0.230867	0.311851
BLOAT	5	11	5	8.2249	0.409672	0.563283
BLORE	5	13	1	9.98815	0.104025	0.128261
BLORES	6	10	1	7.43626	0.117901	0.156882
BLOT	4	26	5	18.7203	0.201276	0.275408
BLOTS	5	15	3	10.5605	0.20488	0.288138
BOA	3	70	39	52.8174	0.544913	0.725729
BOAR	4	29	11	21.3741	0.365267	0.499261
BOARS	5	12	7	9.04502	0.517362	0.709277
BOART	5	14	1	10.4816	0.0978212	0.122974
BOAS	4	29	9	21.8548	0.304486	0.406001
BOAST	5	13	8	10.4684	0.547971	0.708475
BOAT	4	38	27	28.7304	0.668632	0.898271
BOATER	6	12	9	9.71988	0.664158	0.86343
BOATS	5	16	10	12.5453	0.566945	0.746137
BOD	3	48	21	36.8672	0.428786	0.561017
BODE	4	22	9	16.4941	0.386763	0.522648
BODS	4	17	8	12.9162	0.431432	0.580338
BOEP	4	17	0	13.1947	0.0487538	0.0489455
BOET	4	36	2	27.2737	0.0756595	0.0934764
BOETS	5	22	1	18.0829	0.0662248	0.0752159
BOG	3	23	5	18.3368	0.231539	0.287293
BOH	3	47	3	35.1935	0.0826933	0.103989
BOHEA	5	11	0	8.41769	0.0465028	0.0476588
BOHS	4	19	2	13.085	0.131813	0.180452
BOI	3	53	12	40.0152	0.232487	0.305607
BOIL	4	18	8	14.1555	0.411737	0.536267
BOIS	4	22	0	15.9818	0.0393438	0.041428
BOITE	5	11	0	8.44298	0.0465028	0.0475374
BOLA	4	32	1	23.9867	0.0562372	0.0669861
BOLAR	5	14	0	10.2391	0.0381827	0.0402576
BOLAS	5	14	1	9.87345	0.0978212	0.129555
BOLD	4	15	5	11.5279	0.318388	0.420078
BOLE	4	35	18	26.4165	0.488859	0.656097
BOLES	5	21	10	16.1542	0.447677	0.593524
BOLL	4	11	8	8.78014	0.605102	0.799658
BOLO	4	16	1	11.3169	0.101441	0.129941
BOLT	4	25	14	18.9178	0.519601	0.699732
BOLTS	5	13	8	8.79724	0.547971	0.823569
BOMA	4	18	0	13.7916	0.0465282	0.0471144
BON	3	85	51	65.0665	0.588017	0.772014
BONA	4	27	2	19.5148	0.0976924	0.126932
BOND	4	20	8	15.414	0.377289	0.497874
BONE	4	50	31	39.7084	0.59399	0.758293
BONED	5	11	4	8.603	0.337038	0.443102
BONER	5	28	14	21.8336	0.475832	0.620499
BONERS	6	13	7	9.85433	0.489039	0.670181
BONES	5	29	15	24.2043	0.492332	0.602166
BONG	4	20	8	14.5851	0.377289	0.522514
BONIE	5	19	1	14.3119	0.0753519	0.0931655
BONIER	6	14	2	9.1846	0.150491	0.227475
BOO	3	42	33	31.7477	0.747175	0.999922
BOOED	5	10	1	5.9841	0.128468	0.196974
BOOH	4	10	0	8.07864	0.0732968	0.0733926
BOOL	4	18	9	13.3513	0.457388	0.628515
BOON	4	23	12	17.1538	0.483891	0.660095
BOONS	5	13	8	9.81335	0.547971	0.749534
BOOR	4	19	7	14.5933	0.350103	0.462583
BOORS	5	10	5	7.00773	0.441759	0.643965
BOOS	4	16	7	12.0756	0.402869	0.544371
BOOSE	5	10	3	8.36688	0.285113	0.352263
BOOT	4	18	14	13.9587	0.685643	0.914955
BOOTS	5	11	7	8.54354	0.55494	0.744727
BOP	3	34	11	25.1769	0.322962	0.435017
BOPS	4	12	4	8.87472	0.315569	0.430453
BOR	3	101	77	74.1573	0.74638	1
BORA	4	56	12	39.381	0.21733	0.306937
BORAL	5	21	1	14.7117	0.0690112	0.0908663
BORAS	5	24	5	16.6767	0.210711	0.301222
BORATE	6	15	5	8.53304	0.31603	0.554434
BORD	4	26	17	18.3728	0.602543	0.864376
BORDE	5	21	11	14.6784	0.489751	0.709545
BORDES	6	12	6	8.31412	0.45309	0.673604
BORDS	5	11	7	8.26946	0.55494	0.765642
BORE	4	57	42	40.1885	0.70633	1
BOREAS	6	16	0	9.85799	0.0241564	0.0309037
BORED	5	26	15	17.6875	0.543674	0.806792
BOREE	5	11	0	7.86569	0.0465028	0.0504707
BOREL	5	19	0	14.1167	0.0294122	0.0302554
BORER	5	19	6	11.5572	0.30505	0.496063
BORES	5	36	22	26.7816	0.583998	0.794871
BORIDE	6	12	0	6.5257	0.0309546	0.0444157
BORM	4	12	1	8.25014	0.126952	0.168205
BORN	4	30	12	21.7284	0.383988	0.533712
BORNA	5	10	0	5.88756	0.050145	0.0640035
BORNE	5	18	6	13.6936	0.319739	0.426263
BORON	5	14	1	9.91478	0.0978212	0.129086
BORS	4	46	14	32.8277	0.300954	0.421576
BORT	4	42	15	29.9076	0.348962	0.491139
BORTS	5	26	10	18.8925	0.369868	0.513785
BOS	3	81	26	60.7816	0.320848	0.427251
BOSH	4	18	4	13.5072	0.229133	0.303211
BOSIE	5	11	0	8.35253	0.0465028	0.0479743
BOSON	5	10	0	7.18957	0.050145	0.0544024
BOSS	4	15	1	11.3891	0.106807	0.129249
BOT	3	83	40	64.2908	0.474798	0.615435
BOTA	4	44	5	32.6376	0.125648	0.165272
BOTAS	5	20	1	16.2802	0.0720423	0.0828459
BOTE	4	39	19	30.4613	0.466591	0.605408
BOTEL	5	10	0	7.77917	0.050145	0.0509419
BOTES	5	23	8	19.2264	0.335313	0.408962
BOTH	4	12	2	9.57145	0.189825	0.234477
BOTS	4	42	14	30.7687	0.327178	0.447933
BOTT	4	16	9	13.2789	0.503344	0.63146
BOTTE	5	11	5	9.35344	0.409672	0.504658
BOUN	4	15	4	12.4689	0.265493	0.324725
BOUT	4	15	4	10.7737	0.265493	0.367272
BOW	3	11	6	8.80489	0.487357	0.628961
BOY	3	14	5	11.1324	0.348806	0.443276
BRA	3	138	94	103.925	0.671498	0.894592
BRACE	5	21	14	15.6347	0.615972	0.845111
BRACT	5	16	1	10.268	0.0873968	0.125208
BRAD	4	40	15	29.7928	0.364858	0.492904
BRADS	5	14	7	11.1254	0.455652	0.592309
BRAE	4	75	9	56.0575	0.126978	0.167493
BRAES	5	37	2	29.1632	0.0663915	0.0806502
BRAG	4	15	5	11.2709	0.318388	0.428113
BRAID	5	11	7	7.58599	0.55494	0.823299
BRAIL	5	14	7	8.88846	0.455652	0.719977
BRAIN	5	23	13	14.8917	0.529354	0.822396
BRAINS	6	11	7	6.72916	0.563061	0.937844
BRAISE	6	20	2	10.8145	0.109842	0.196345
BRAK	4	17	9	12.005	0.479267	0.688236
BRAME	5	11	4	8.28664	0.337038	0.45744
BRAN	4	44	26	32.0761	0.564013	0.781293
BRAND	5	13	9	8.32983	0.611392	0.964606
BRANE	5	20	0	13.1702	0.0281204	0.0322088
BRANES	6	10	0	5.70305	0.0360236	0.04979
BRANS	5	17	7	12.7432	0.386501	0.524984
BRANT	5	22	8	14.1232	0.348851	0.542631
BRANTS	6	10	5	6.08082	0.445408	0.743883
BRAP	4	13	0	9.66427	0.0602896	0.0635542
BRAS	4	60	18	43.8664	0.297616	0.407375
BRASH	5	15	5	12.028	0.317443	0.404809
BRASS	5	13	3	9.29415	0.230867	0.321974
BRAST	5	34	10	25.4889	0.289391	0.388163
BRASTS	6	10	4	7.47035	0.363531	0.506476
BRAT	4	76	26	55.3403	0.33814	0.465211
BRATS	5	40	11	30.0842	0.272174	0.363341
BRAW	4	10	4	7.35286	0.360957	0.499286
BRAY	4	16	7	11.9501	0.402869	0.54921
BREAD	5	21	8	15.2441	0.363529	0.506284
BREADS	6	10	5	7.64214	0.445408	0.610963
BREAM	5	12	4	9.26817	0.314216	0.415704
BREAST	6	18	7	12.9889	0.36807	0.521029
BREATH	6	16	2	10.8425	0.133965	0.195885
BRED	4	56	4	38.8218	0.0837858	0.115936
BREDE	5	16	0	10.419	0.0341137	0.0396495
BREDS	5	20	3	14.4305	0.159886	0.218097
BREE	4	29	15	19.759	0.486828	0.718497
BREED	5	13	7	8.78322	0.48455	0.727352
BREEM	5	10	1	6.99762	0.128468	0.173453
BREES	5	16	7	12.1869	0.407095	0.546341
BREI	4	56	2	40.9106	0.0503998	0.063883
BREID	5	19	2	14.3978	0.121292	0.155603
BREIS	5	26	0	18.5561	0.0222554	0.023555
BREIST	6	10	0	5.0321	0.0360236	0.0552417
BREN	4	53	5	37.9122	0.105776	0.143519
BRENS	5	28	1	19.5952	0.0533103	0.069821
BRENT	5	24	3	16.1124	0.135994	0.197257
BRENTS	6	18	3	10.4909	0.170182	0.288136
BRER	4	41	0	27.7556	0.0226969	0.0251255
BRERS	5	20	0	13.4092	0.0281204	0.0316921
BRETON	6	13	0	9.04122	0.0289199	0.0333938
BRETONS	7	10	0	3.63342	0.0263554	0.0735841
BREY	4	14	0	10.194	0.0569224	0.06083
BRIAR	5	11	0	7.20973	0.0465028	0.0542763
BRIDE	5	20	11	15.117	0.511261	0.690806
BRIE	4	54	7	40.1637	0.138488	0.183136
BRIER	5	16	1	11.8804	0.0873968	0.110108
BRIERS	6	10	1	6.07052	0.117901	0.18678
BRIES	5	31	6	22.5461	0.196645	0.26927
BRIG	4	18	6	13.3925	0.320435	0.434008
BRIK	4	10	2	7.52964	0.217127	0.283865
BRIM	4	13	3	10.1041	0.237749	0.305808
BRIN	4	41	15	29.2717	0.356733	0.501074
BRINE	5	27	4	18.3835	0.155882	0.225034
BRINES	6	15	3	9.08962	0.199842	0.327776
BRING	5	14	6	8.85029	0.396014	0.625924
BRINS	5	18	6	12.7955	0.319739	0.453061
BRIO	4	29	0	21.0259	0.0309741	0.0324169
BRIOS	5	13	0	8.47247	0.0406043	0.0473967
BRIS	4	45	7	32.4837	0.163974	0.223729
BRISE	5	33	4	23.0457	0.129733	0.182273
BRIT	4	42	13	30.6146	0.305394	0.419532
BRITS	5	27	9	19.1493	0.323849	0.458941
BRO	3	112	36	85.1101	0.321312	0.42273
BROAD	5	13	1	8.99683	0.104025	0.140385
BROD	4	32	6	24.1522	0.195492	0.25656
BRODS	5	11	0	7.45377	0.0465028	0.0527952
BROG	4	20	1	14.413	0.0844672	0.105672
BROIL	5	12	5	7.89104	0.381931	0.583329
BROME	5	10	2	6.83846	0.20679	0.296839
BROND	5	17	0	11.8996	0.032388	0.0352651
BRONDE	6	11	0	5.87543	0.0332973	0.0485588
BROO	4	15	4	11.0702	0.265493	0.359046
BROS	4	46	7	33.5516	0.160689	0.21704
BROSE	5	27	6	20.1865	0.223069	0.298582
BRR	3	32	0	23.7935	0.0335015	0.0340131
BRU	3	47	19	36.5737	0.397839	0.513606
BRUS	4	18	8	13.3142	0.411737	0.565414
BRUT	4	17	9	13.2602	0.479267	0.632228
BRUTS	5	10	2	7.50812	0.20679	0.274747
BUAT	4	16	0	11.4053	0.0512031	0.0553999
BUD	3	24	6	17.7942	0.259212	0.345288
BUG	3	13	3	9.54309	0.250346	0.332361
BUIST	5	13	0	9.57873	0.0406043	0.0426596
BULSE	5	10	0	7.39781	0.050145	0.0531277
BUM	3	19	7	14.7541	0.360048	0.466637
BUN	3	40	28	31.1993	0.667083	0.866384
BUNA	4	17	0	11.8079	0.0487538	0.0538037
BUND	4	11	6	7.71564	0.470921	0.683385
BUNIA	5	10	0	5.3741	0.050145	0.0687912
BUNS	4	16	7	12.5571	0.402869	0.526565
BUNT	4	12	6	9.61099	0.441313	0.573387
BUR	3	55	34	42.0382	0.598915	0.789629
BURA	4	26	2	20.3924	0.100959	0.121993
BURAN	5	13	0	7.48742	0.0406043	0.0525974
BURAS	5	12	1	8.45817	0.111069	0.147987
BURD	4	13	4	9.84963	0.296902	0.395523
BURET	5	13	0	8.8592	0.0406043	0.0456256
BURETS	6	10	0	7.10176	0.0360236	0.0412945
BURIN	5	10	1	5.81209	0.128468	0.201614
BURN	4	17	7	13.2468	0.383597	0.503001
BURS	4	32	12	24.6884	0.362599	0.474878
BURSA	5	13	0	10.1064	0.0406043	0.0407186
BURSE	5	22	1	16.4547	0.0662248	0.0820406
BURST	5	18	5	13.0535	0.271587	0.376265
BUS	3	57	32	42.7567	0.546293	0.732442
BUSED	5	14	1	10.078	0.0978212	0.127265
BUSERA	6	14	0	8.08585	0.0271362	0.0368685
BUSH	4	13	7	10.2766	0.474361	0.623091
BUSS	4	11	7	8.13574	0.538011	0.7526
BUST	4	30	20	23.0419	0.619939	0.823283
BUSTER	6	10	4	7.90903	0.363531	0.481803
BUSTI	5	12	3	8.46581	0.2465	0.348763
BUSTS	5	10	8	7.31767	0.676727	0.961919
BUT	3	51	28	38.2904	0.533107	0.714418
BUTE	4	24	16	17.0216	0.609892	0.873133
BUTES	5	18	10	12.4655	0.512346	0.750401
BUTS	4	28	9	20.4646	0.31403	0.430943
BYE	3	22	9	16.9248	0.395742	0.518421
BYES	4	10	4	7.62379	0.360957	0.485466
BYRE	4	13	0	9.95916	0.0602896	0.0620083
BYS	3	13	1	10.4254	0.131087	0.149811
CAA	3	63	4	48.6387	0.0778544	0.0961479
CAAS	4	24	2	18.8376	0.108195	0.131024
CAB	3	56	18	41.7975	0.321203	0.429776
CABER	5	16	8	12.8828	0.460378	0.589463
CABRE	5	20	0	15.4755	0.0281204	0.0278322
CABS	4	11	3	7.8947	0.26965	0.372977
CACA	4	16	0	11.8586	0.0512031	0.0536092
CACTI	5	13	0	10.1477	0.0406043	0.040574
CAD	3	130	70	97.288	0.532244	0.71292
CADE	4	74	46	53.5118	0.603543	0.83971
CADEE	5	19	2	14.6241	0.121292	0.153418
CADEES	6	11	1	9.05084	0.108978	0.131918
CADENT	6	12	0	6.99024	0.0309546	0.041864
CADES	5	41	24	31.0575	0.562978	0.751894
CADET	5	36	11	26.0891	0.300256	0.415975
CADETS	6	23	6	15.0103	0.255418	0.39355
CADI	4	54	6	40.6219	0.121219	0.157802
CADIE	5	25	4	17.8828	0.167109	0.230849
CADIES	6	13	2	7.62077	0.160383	0.268286
CADIS	5	21	3	14.1187	0.153159	0.222453
CADRE	5	35	2	24.5903	0.0699073	0.0947917
CADRES	6	14	0	9.27371	0.0271362	0.0326451
CADS	4	40	16	29.4899	0.387635	0.529212
CAESE	5	41	0	34.3675	0.014628	0.0131684
CAF	3	57	10	44.0222	0.184274	0.235749
CAFE	4	20	4	15.3978	0.209962	0.27057
CAFS	4	12	0	9.07674	0.0640801	0.066876
CAG	3	75	39	58.7911	0.510324	0.654575
CAGE	4	28	19	20.4473	0.627458	0.873526
CAGER	5	16	10	11.6531	0.566945	0.796788
CAGES	5	17	14	13.1461	0.740615	0.98881
CAGOT	5	12	0	8.54882	0.0433538	0.0470363
CAGS	4	25	14	19.2938	0.519601	0.687469
CAID	4	72	17	53.935	0.237391	0.316435
CAIDS	5	23	9	16.2557	0.374121	0.533777
CAIN	4	95	32	72.2123	0.333847	0.440351
CAINS	5	44	13	32.9675	0.291659	0.390981
CAIRD	5	36	0	23.5867	0.0165147	0.0188297
CAIRDS	6	10	0	4.32611	0.0360236	0.0624348
CAIRN	5	31	1	21.9649	0.0485741	0.0627668
CAIRNS	6	16	0	8.67891	0.0241564	0.0346316
CAKE	4	17	11	11.9978	0.574937	0.829806
CAKES	5	10	8	7.98925	0.676727	0.893769
CAL	3	170	73	131.456	0.426991	0.553036
CALF	4	22	1	16.3079	0.077946	0.0948321
CALID	5	18	0	11.1818	0.0308284	0.0372628
CALK	4	12	1	8.92034	0.126952	0.158035
CALL	4	24	16	18.5272	0.609892	0.8096
CALM	4	18	2	13.3618	0.13783	0.177234
CALO	4	65	1	48.6053	0.0293042	0.034504
CALOS	5	19	0	12.6312	0.0294122	0.0334382
CALP	4	19	2	14.2169	0.131813	0.167983
CALS	4	71	10	54.7956	0.147109	0.18876
CAM	3	101	61	79.0318	0.593665	0.762387
CAMA	4	25	5	20.8252	0.208239	0.250191
CAMAS	5	10	2	8.03149	0.20679	0.259645
CAME	4	48	30	36.4109	0.597612	0.797192
CAMEO	5	17	0	11.6631	0.032388	0.0358994
CAMES	5	23	14	17.265	0.568163	0.771648
CAMI	4	36	8	27.946	0.226015	0.290657
CAMIS	5	14	2	10.6183	0.15746	0.204174
CAMO	4	36	4	28.7954	0.125778	0.153482
CAMOS	5	10	2	7.72821	0.20679	0.268187
CAMP	4	17	13	13.3487	0.670606	0.886472
CAMS	4	38	19	30.1981	0.477725	0.610332
CAN	3	194	144	150.667	0.734177	0.948154
CANAL	5	20	1	14.9212	0.0720423	0.0897065
CANDIE	6	10	1	5.36727	0.117901	0.207104
CANE	4	107	65	80.1486	0.595276	0.798803
CANED	5	29	6	20.874	0.209025	0.289403
CANEH	5	30	0	22.003	0.0195386	0.020099
CANEHS	6	12	0	5.88551	0.0309546	0.0484887
CANER	5	54	29	39.255	0.522132	0.723334
CANERS	6	24	13	16.3917	0.512713	0.762747
CANES	5	58	32	43.6975	0.537131	0.718611
CANG	4	43	24	31.94	0.533399	0.725769
CANGS	5	11	6	7.55751	0.482306	0.715362
CANID	5	20	0	14.0211	0.0281204	0.030442
CANIER	6	22	9	13.9361	0.389865	0.62125
CANINE	6	11	0	5.61627	0.0332973	0.0504338
CANN	4	35	17	27.3518	0.463156	0.601428
CANNER	6	13	12	9.1725	0.817696	1
CANNIE	6	12	4	7.42951	0.312378	0.508903
CANOE	5	26	1	18.1059	0.0570166	0.0751276
CANOER	6	13	1	7.46192	0.0946513	0.156411
CANOES	6	10	1	6.61587	0.117901	0.173571
CANON	5	10	0	7.37871	0.050145	0.0532421
CANS	4	84	26	65.2332	0.307367	0.396925
CANSO	5	26	0	19.0862	0.0222554	0.0229482
CANST	5	40	0	30.5774	0.0149701	0.0147248
CANT	4	83	63	59.6269	0.736655	1
CANTAL	6	10	0	5.1113	0.0360236	0.0545368
CANTED	6	18	10	12.3944	0.516486	0.766376
CANTER	6	27	18	18.4318	0.631215	0.939112
CANTERS	7	17	12	9.93467	0.656998	1
CANTIER	7	13	1	5.50144	0.0888524	0.208279
CANTLE	6	12	2	5.40975	0.171666	0.359468
CANTO	5	31	4	21.6821	0.137416	0.192999
CANTOR	6	12	0	6.66039	0.0309546	0.0436444
CANTOS	6	13	3	8.08344	0.226114	0.363706
CANTS	5	41	27	29.5261	0.631522	0.885743
CANY	4	17	2	13.3737	0.144423	0.177099
CAP	3	65	41	50.6374	0.613614	0.793605
CAPE	4	34	28	25.3971	0.765572	1
CAPER	5	24	18	18.2875	0.696371	0.934006
CAPERS	6	11	6	8.99809	0.48738	0.62796
CAPES	5	17	10	13.9283	0.538264	0.67921
CAPH	4	16	1	11.9799	0.101441	0.12385
CAPI	4	15	3	11.8572	0.212597	0.267573
CAPLE	5	10	0	7.03983	0.050145	0.0553574
CAPO	4	20	1	14.6208	0.0844672	0.104364
CAPS	4	22	8	15.8152	0.348161	0.486764
CAR	3	275	232	209.816	0.836525	1
CARAT	5	33	12	23.4835	0.353398	0.499419
CARATE	6	23	10	15.5618	0.414064	0.620651
CARATES	7	15	6	6.50549	0.376997	0.855018
CARATS	6	22	7	13.6837	0.307266	0.496536
CARB	4	43	11	31.1807	0.256244	0.35243
CARBO	5	19	0	13.8999	0.0294122	0.0306816
CARBS	5	13	5	9.30569	0.357709	0.50689
CARD	4	68	34	51.8038	0.487019	0.643932
CARDI	5	33	4	22.2283	0.129733	0.188555
CARDIE	6	15	2	9.23503	0.141748	0.226364
CARDIS	6	14	2	8.28314	0.150491	0.249338
CARDS	5	17	7	11.4991	0.386501	0.575269
CARE	4	179	139	131.889	0.765529	1
CARED	5	60	26	44.4799	0.424426	0.57586
CAREEN	6	19	0	13.1386	0.0207402	0.0237814
CAREENS	7	12	0	5.43206	0.0225179	0.0526898
CARER	5	37	18	26.8124	0.468728	0.652673
CARERS	6	23	9	15.9921	0.374402	0.546502
CARES	5	102	71	77.8755	0.683801	0.900546
CARESS	6	13	2	9.45712	0.160383	0.2216
CARET	5	100	47	75.0339	0.463572	0.620358
CARETS	6	53	30	37.2311	0.551314	0.791575
CARGO	5	13	0	9.84556	0.0406043	0.0416555
CARIED	6	19	0	11.2914	0.0207402	0.0273275
CARIES	6	29	3	16.0705	0.110208	0.194482
CARINA	6	11	0	6.03151	0.0332973	0.0474954
CARING	6	14	8	8.1745	0.520554	0.899494
CARK	4	17	10	12.9936	0.527102	0.709319
CARL	4	63	29	46.6371	0.448682	0.609651
CARLE	5	31	16	24.0086	0.492786	0.646004
CARLES	6	16	9	10.7448	0.518297	0.78869
CARLIN	6	11	2	7.67054	0.184658	0.266763
CARLOT	6	11	0	8.02022	0.0332973	0.0371339
CARLS	5	25	5	19.0054	0.203122	0.266997
CARN	4	84	26	64.5872	0.307367	0.400767
CARNET	6	31	1	18.6903	0.0433551	0.0676493
CARNETS	7	16	1	5.91139	0.0738229	0.195748
CARNIE	6	12	0	5.79444	0.0309546	0.0491296
CARNS	5	41	13	31.3912	0.311651	0.409724
CAROB	5	16	0	11.2379	0.0341137	0.0370986
CAROL	5	36	0	24.3261	0.0165147	0.0182903
CAROLI	6	14	0	8.22272	0.0271362	0.036327
CAROLS	6	14	0	8.19016	0.0271362	0.0364544
CAROM	5	18	0	12.6253	0.0308284	0.0334521
CARON	5	42	0	30.1097	0.0143013	0.0149427
CARONS	6	22	0	12.7335	0.0181706	0.024478
CARP	4	27	13	18.753	0.453619	0.657436
CARPET	6	10	1	5.66392	0.117901	0.198015
CARPS	5	14	9	9.80654	0.574929	0.83851
CARR	4	44	13	30.9997	0.292644	0.41466
CARRON	6	11	0	5.37511	0.0332973	0.0523133
CARROT	6	12	0	6.86075	0.0309546	0.0425453
CARRS	5	19	1	12.7223	0.0753519	0.103586
CARS	4	121	43	86.3967	0.352421	0.49403
CARSE	5	73	23	55.2701	0.312009	0.413534
CARSES	6	15	4	10.5078	0.257936	0.373897
CART	4	141	99	104.41	0.690239	0.935985
CARTA	5	41	8	29.4121	0.197411	0.274163
CARTAS	6	15	3	9.89349	0.199842	0.303799
CARTE	5	81	58	60.1742	0.700034	0.948237
CARTED	6	20	9	14.5654	0.424967	0.596287
CARTEL	6	14	5	9.77331	0.335522	0.491167
CARTER	6	28	13	19.054	0.444834	0.66197
CARTERS	7	13	6	7.74793	0.428165	0.73221
CARTES	6	47	29	33.3312	0.59821	0.852197
CARTON	6	22	0	12.5351	0.0181706	0.0248343
CARTS	5	75	48	57.6923	0.625456	0.819033
CASA	4	32	1	23.8008	0.0562372	0.0674657
CASE	4	113	43	84.3489	0.376537	0.505724
CASED	5	32	10	24.3179	0.306038	0.405775
CASERN	6	20	0	13.0954	0.0198066	0.0238538
CASES	5	29	12	22.9671	0.397896	0.509963
CASH	4	47	13	34.5999	0.275398	0.374054
CASITA	6	10	0	4.58926	0.0360236	0.0595448
CAST	4	88	58	65.0699	0.642174	0.873839
CASTE	5	56	37	44.5488	0.640492	0.813928
CASTED	6	15	4	11.2705	0.257936	0.350835
CASTER	6	31	19	23.0103	0.585304	0.802228
CASTES	6	15	7	11.4536	0.432219	0.584773
CASTOR	6	13	0	8.3825	0.0289199	0.0357146
CASTS	5	18	8	13.8545	0.416042	0.552133
CAT	3	230	135	173.5	0.582616	0.773652
CATE	4	138	89	99.7991	0.634361	0.880236
CATER	5	82	54	60.7273	0.644588	0.875516
CATERS	6	43	26	33.6982	0.584781	0.756986
CATES	5	82	35	63.9676	0.420446	0.541912
CATION	6	13	3	7.77345	0.226114	0.376418
CATLIN	6	10	0	5.89187	0.0360236	0.0484445
CATS	4	115	26	84.1435	0.227233	0.309958
CAUL	4	30	5	24.4322	0.17753	0.21626
CAULS	5	14	4	11.2202	0.276737	0.35186
CAUM	4	14	0	10.5697	0.0569224	0.0590355
CAUSE	5	19	7	13.8107	0.35099	0.488357
CAUSER	6	13	6	8.13439	0.423308	0.686721
CAVE	4	13	10	10.2835	0.651821	0.863756
CAVER	5	10	8	7.96286	0.676727	0.896264
CAW	3	43	16	34.0233	0.36772	0.466866
CAWED	5	10	2	6.81615	0.20679	0.297636
CAWS	4	17	7	12.7556	0.383597	0.519559
CAY	3	41	15	31.0329	0.361811	0.478808
CAYS	4	20	9	15.6209	0.419121	0.54831
CEAS	4	96	12	72.4513	0.130316	0.170899
CEASE	5	31	9	25.0913	0.285487	0.356349
CEDAR	5	31	1	21.7913	0.0485741	0.0632348
CEDARN	6	11	0	6.90794	0.0332973	0.0422945
CEDARS	6	17	1	10.7271	0.074946	0.113214
CEDE	4	35	2	26.3706	0.0776042	0.0964348
CEDER	5	19	1	14.0616	0.0753519	0.0946649
CEDERS	6	12	1	7.39104	0.101311	0.157717
CEDES	5	23	1	17.6928	0.0636547	0.0767456
CEDI	4	60	1	45.3901	0.031597	0.0368368
CEDIS	5	20	0	15.0659	0.0281204	0.0285207
CEE	3	85	17	66.849	0.205005	0.259212
CEES	4	62	7	48.1995	0.121678	0.153915
CEIL	4	60	12	48.3638	0.203727	0.25237
CEILS	5	21	6	17.0628	0.279381	0.348853
CEL	3	123	19	97.3568	0.15933	0.199831
CELL	4	17	7	13.7828	0.383597	0.486095
CELOM	5	12	0	9.73077	0.0433538	0.0420816
CELS	4	58	1	46.1672	0.0326178	0.0362446
CELT	4	48	8	38.0013	0.173763	0.217892
CELTS	5	25	5	19.7944	0.203122	0.257099
CENS	4	77	7	60.2598	0.0991185	0.124179
CENSE	5	25	1	20.4464	0.0590699	0.0671118
CENSER	6	14	0	9.40687	0.0271362	0.0322312
CENT	4	90	36	71.1977	0.394219	0.500965
CENTAI	6	14	0	6.43396	0.0271362	0.0449569
CENTAL	6	16	0	8.52391	0.0241564	0.0351896
CENTARE	7	12	0	3.36663	0.0225179	0.0781829
CENTAS	6	20	0	11.338	0.0198066	0.0272253
CENTER	6	19	8	12.735	0.39786	0.602897
CENTERS	7	10	4	4.94821	0.367197	0.740755
CENTO	5	30	2	22.9286	0.0805744	0.101242
CENTOS	6	12	1	7.46308	0.101311	0.15639
CENTRA	6	25	0	15.8148	0.0161674	0.0200177
CENTRE	6	21	4	12.931	0.191267	0.309303
CENTS	5	53	22	42.3416	0.405974	0.512695
CENTU	5	12	0	9.74946	0.0433538	0.0420116
CEORL	5	10	0	7.60286	0.050145	0.0519296
CEP	3	54	5	39.8638	0.107293	0.140044
CEPE	4	10	0	6.77902	0.0732968	0.0840579
CEPS	4	26	3	18.829	0.134398	0.178713
CERATE	6	27	0	18.3945	0.0150606	0.0173683
CERATES	7	17	0	7.93133	0.0165085	0.0377824
CERCI	5	11	0	8.29904	0.0465028	0.0482364
CERE	4	88	26	63.1626	0.29399	0.409506
CEREAL	6	15	0	10.3058	0.0255598	0.0296901
CERED	5	29	1	20.4924	0.0516322	0.0669713
CERES	5	59	18	44.7969	0.30178	0.399081
CERIA	5	39	0	26.8595	0.0153285	0.0166559
CERIC	5	12	0	8.98933	0.0433538	0.045059
CERING	6	10	0	5.79406	0.0360236	0.0491323
CERISE	6	14	0	9.144	0.0271362	0.0330586
CERNE	5	32	0	23.6303	0.0184147	0.018797
CERNES	6	19	0	11.8334	0.0207402	0.0261821
CERO	4	89	0	63.2423	0.0109704	0.0114935
CEROON	6	12	0	7.5581	0.0309546	0.0391169
CEROS	5	35	0	23.7521	0.0169519	0.0187063
CERRIS	6	13	0	7.05418	0.0289199	0.0415356
CERT	4	101	5	72.1268	0.0573776	0.0774218
CERTES	6	22	0	15.0807	0.0181706	0.0209262
CERTS	5	55	3	39.8066	0.0630151	0.0840794
CERTY	5	11	0	8.53359	0.0465028	0.0471077
CESS	4	39	1	30.5058	0.0470621	0.0536195
CESSE	5	15	0	11.5326	0.0360337	0.0362592
CESTA	5	62	0	46.8313	0.0098851	0.00977177
CESTAS	6	17	0	10.2567	0.0228992	0.0298184
CESTI	5	53	0	42.4657	0.0114804	0.0107423
CESTOI	6	16	0	9.06507	0.0241564	0.0333154
CESURA	6	13	0	7.32904	0.0289199	0.0401805
CETANE	6	18	0	10.0104	0.0217663	0.0304795
CETE	4	58	12	44.9265	0.210309	0.270791
CETES	5	40	7	32.4691	0.178645	0.220035
CHA	3	131	98	102.802	0.736056	0.94228
CHACE	5	10	0	7.64798	0.050145	0.0516732
CHAD	4	37	6	28.5261	0.171597	0.219996
CHADO	5	14	0	10.3795	0.0381827	0.0397816
CHADS	5	10	4	7.9224	0.363436	0.475142
CHAETA	6	12	0	6.03768	0.0309546	0.0474543
CHAI	4	51	22	39.5739	0.419253	0.545107
CHAIN	5	30	16	21.7142	0.507825	0.709883
CHAINE	6	18	8	10.8531	0.417542	0.697851
CHAINS	6	11	4	6.65009	0.336019	0.560111
CHAIR	5	27	10	19.0302	0.357442	0.510338
CHAIRS	6	10	4	4.93886	0.363531	0.718942
CHAIS	5	18	2	12.6413	0.127132	0.174944
CHAISE	6	11	0	7.25073	0.0332973	0.0405575
CHAL	4	39	4	30.931	0.116984	0.143578
CHALS	5	16	1	12.3021	0.0873968	0.106742
CHAM	4	30	14	24.1048	0.442976	0.561565
CHAMS	5	18	7	13.8669	0.367891	0.486572
CHANA	5	11	0	7.71821	0.0465028	0.0512791
CHANT	5	20	12	15.2142	0.555183	0.746653
CHANTS	6	11	6	6.78281	0.48738	0.804529
CHAO	4	47	1	36.0864	0.0396661	0.0457967
CHAOS	5	16	1	12.2293	0.0873968	0.107308
CHAP	4	16	6	12.6195	0.352631	0.456701
CHAR	4	67	50	50.1245	0.71954	0.970606
CHARA	5	13	1	10.461	0.104025	0.123186
CHARD	5	17	7	12.7125	0.386501	0.526122
CHARE	5	45	35	34.5447	0.746116	0.984392
CHARED	6	12	5	8.57662	0.382734	0.551936
CHARES	6	26	15	17.9701	0.547256	0.804502
CHARET	6	26	15	17.3374	0.547256	0.832116
CHARETS	7	15	7	6.19424	0.43675	1
CHARR	5	13	3	10.0313	0.230867	0.301373
CHARS	5	32	10	23.2939	0.306038	0.422542
CHART	5	33	20	23.8265	0.577064	0.808654
CHARTS	6	20	13	12.857	0.605038	0.955979
CHAS	4	46	20	36.0317	0.421182	0.543298
CHASE	5	24	9	18.5636	0.360145	0.472345
CHASER	6	15	5	9.87115	0.31603	0.486785
CHASM	5	11	0	8.37377	0.0465028	0.047871
CHASTE	6	11	6	7.01673	0.48738	0.781331
CHAT	4	65	27	47.9357	0.406634	0.553928
CHATS	5	28	11	20.8609	0.378327	0.513278
CHAV	4	10	1	7.93436	0.145212	0.173465
CHAW	4	12	3	9.80954	0.252697	0.313331
CHE	3	127	62	99.7716	0.483278	0.617043
CHEAP	5	14	3	11.5447	0.217098	0.266381
CHEAT	5	36	16	27.7072	0.42923	0.564171
CHEATS	6	22	7	13.9893	0.307266	0.486475
CHEER	5	14	7	11.0896	0.455652	0.593996
CHEF	4	14	1	10.8251	0.112772	0.134861
CHELA	5	15	0	11.5059	0.0360337	0.0363335
CHEM	4	15	6	11.7483	0.371283	0.485301
CHENAR	6	13	0	6.54366	0.0289199	0.0443113
CHER	4	68	7	50.8049	0.111525	0.146345
CHERE	5	17	4	12.9251	0.234738	0.310245
CHERT	5	33	0	24.0791	0.0178998	0.018467
CHERTS	6	18	0	13.3742	0.0217663	0.0233941
CHESS	5	10	0	7.70939	0.050145	0.0513282
CHEST	5	39	10	30.7761	0.254748	0.324558
CHI	3	120	66	95.8826	0.542928	0.682333
CHIA	4	50	5	38.9449	0.111663	0.139914
CHIAO	5	17	0	12.1597	0.032388	0.0345933
CHIAS	5	15	1	10.9451	0.0923156	0.11839
CHIC	4	17	2	14.4126	0.144423	0.166
CHICA	5	10	1	6.69754	0.128468	0.17981
CHID	4	37	4	29.2473	0.122703	0.151274
CHIDE	5	14	3	10.3645	0.217098	0.292901
CHIEL	5	15	1	11.9985	0.0923156	0.109144
CHILE	5	13	0	10.2955	0.0406043	0.0400652
CHIME	5	10	4	6.84842	0.363436	0.53634
CHIN	4	63	30	50.7755	0.463629	0.580882
CHINA	5	27	1	19.5249	0.0551012	0.0700547
CHINAR	6	10	0	6.31429	0.0360236	0.0456829
CHINE	5	27	2	21.1419	0.0886947	0.109235
CHINED	6	11	0	6.63476	0.0332973	0.0437891
CHINES	6	13	0	8.03354	0.0289199	0.0370798
CHING	5	13	7	8.55219	0.48455	0.744086
CHINO	5	25	1	17.9859	0.0590699	0.0755902
CHINS	5	23	11	17.6735	0.451738	0.598651
CHINSE	6	11	0	6.86303	0.0332973	0.0425332
CHINTS	6	10	0	5.38393	0.0360236	0.0522421
CHIP	4	10	1	8.10676	0.145212	0.170553
CHIRAL	6	10	0	6.78175	0.0360236	0.042972
CHIRL	5	12	0	9.32352	0.0433538	0.0436664
CHIRO	5	26	0	19.8922	0.0222554	0.0220831
CHIROS	6	11	0	6.43491	0.0332973	0.0449512
CHIRT	5	21	0	14.6942	0.0269372	0.0291757
CHIRTS	6	12	0	7.06099	0.0309546	0.0415009
CHIRU	5	12	0	8.8637	0.0433538	0.0456057
CHIS	4	56	5	43.0918	0.100479	0.127094
CHIT	4	62	26	47.5127	0.40997	0.538514
CHITAL	6	11	0	6.6451	0.0332973	0.0437306
CHITS	5	35	13	27.2343	0.361162	0.469018
CHOC	4	15	0	11.9827	0.0539115	0.0531387
CHODE	5	20	7	15.6113	0.335574	0.43694
CHOG	4	14	1	10.6456	0.112772	0.136751
CHOIR	5	18	2	12.7447	0.127132	0.173674
CHOLA	5	14	1	9.23282	0.0978212	0.137296
CHOLI	5	10	0	7.13283	0.050145	0.0547603
CHON	4	36	7	28.1069	0.200956	0.256078
CHONS	5	12	1	8.53506	0.111069	0.146852
CHORAL	6	11	0	6.91675	0.0332973	0.042248
CHORD	5	15	3	11.1781	0.20488	0.27409
CHORE	5	39	23	27.6427	0.565993	0.8057
CHOREA	6	18	0	10.2507	0.0217663	0.029834
CHOREAS	7	12	0	4.29068	0.0225179	0.0642708
CHORED	6	12	3	7.13049	0.242022	0.405838
CHORES	6	23	14	13.9789	0.572709	0.951169
CHORIA	6	17	0	8.54888	0.0228992	0.0350985
CHOSE	5	34	8	26.4962	0.234995	0.302728
CHOSEN	6	16	0	9.74169	0.0241564	0.0312354
CHOTA	5	17	0	12.2134	0.032388	0.0344577
CHOU	4	20	5	15.1903	0.251794	0.331426
CHOUT	5	11	2	9.08935	0.19177	0.233682
CHUR	4	17	5	14.8482	0.287928	0.338092
CHUT	4	16	6	13.313	0.352631	0.436237
CID	3	105	39	84.2685	0.369571	0.461568
CIDE	4	64	31	48.9228	0.471528	0.621523
CIDED	5	13	0	9.19025	0.0406043	0.0442113
CIDER	5	37	17	27.0256	0.443582	0.612726
CIDERS	6	20	9	14.0163	0.424967	0.617952
CIDES	5	35	16	26.5899	0.440595	0.586619
CIDS	4	29	3	21.7834	0.122145	0.156665
CIEL	4	59	0	46.2817	0.0162023	0.0155173
CIELS	5	28	0	21.8929	0.0208087	0.0201937
CIG	3	46	4	36.8281	0.104447	0.125291
CIGS	4	14	4	11.3641	0.28032	0.351246
CILL	4	14	7	10.9796	0.447868	0.589764
CIMAR	5	18	0	12.5822	0.0308284	0.0335545
CINDER	6	11	3	6.69673	0.260339	0.428429
CINE	4	98	24	74.8151	0.245514	0.321538
CINES	5	54	8	41.8892	0.152203	0.195306
CION	4	52	1	42.2002	0.0361185	0.0394855
CIONS	5	29	1	20.7488	0.0516322	0.0661991
CIRE	4	121	42	92.5937	0.344415	0.451168
CIRES	5	67	26	49.548	0.381842	0.518677
CIRL	4	35	1	27.7539	0.0519007	0.0585514
CIRLS	5	13	0	9.67493	0.0406043	0.0422921
CIS	3	171	38	133.943	0.224285	0.285729
CIST	4	102	22	78.9213	0.217357	0.28059
CISTED	6	22	0	13.6436	0.0181706	0.0229665
CISTERN	7	10	0	3.90628	0.0263554	0.0694086
CISTS	5	19	5	15.8387	0.25911	0.315789
CIT	3	205	113	161.391	0.547005	0.696408
CITAL	5	30	0	19.4745	0.0195386	0.0225231
CITALS	6	11	0	5.67356	0.0332973	0.0500069
CITE	4	127	85	96.4984	0.65711	0.869141
CITED	5	36	8	26.1034	0.222872	0.307038
CITER	5	74	44	55.4311	0.581498	0.781296
CITERS	6	44	25	32.7768	0.550489	0.748054
CITES	5	84	46	64.0179	0.53753	0.709415
CITESS	6	13	0	7.01557	0.0289199	0.0417333
CITHER	6	14	0	8.21903	0.0271362	0.0363414
CITHERS	7	10	0	3.99198	0.0263554	0.0681932
CITIED	6	10	1	6.25248	0.117901	0.182155
CITIES	6	19	1	11.4649	0.0678801	0.106564
CITO	4	85	0	66.6415	0.011464	0.0109257
CITOLA	6	11	0	5.58882	0.0332973	0.0506409
CITRAL	6	12	0	6.32593	0.0309546	0.0456112
CITRON	6	10	0	5.2167	0.0360236	0.0536261
CITS	4	113	33	85.3248	0.290998	0.385783
CITY	4	18	4	15.301	0.229133	0.272069
CIVE	4	13	3	10.6321	0.237749	0.29319
CLAD	4	35	3	26.1353	0.103308	0.132573
CLADE	5	16	0	10.4273	0.0341137	0.039622
CLADS	5	10	2	6.65215	0.20679	0.303631
CLAES	5	29	0	22.6033	0.0201537	0.0195982
CLAG	4	21	8	18.0803	0.362141	0.432302
CLAIM	5	13	2	9.1542	0.167446	0.232258
CLAM	4	29	11	22.2606	0.365267	0.481139
CLAME	5	13	7	8.64235	0.48455	0.737464
CLAMS	5	14	3	10.2668	0.217098	0.295337
CLAN	4	41	12	30.4542	0.289926	0.390937
CLANS	5	18	5	13.4831	0.271587	0.36547
CLAP	4	20	6	15.167	0.293626	0.389572
CLARET	6	25	0	15.107	0.0161674	0.0208922
CLARETS	7	12	0	3.44506	0.0225179	0.0767725
CLARO	5	20	0	13.8812	0.0281204	0.0307189
CLART	5	26	2	19.0518	0.0917778	0.120349
CLARTS	6	13	1	7.15981	0.0946513	0.162135
CLASH	5	17	8	11.4788	0.437089	0.653276
CLASS	5	11	2	7.96571	0.19177	0.261451
CLAST	5	27	2	19.6326	0.0886947	0.11704
CLAT	4	57	14	44.0638	0.2466	0.319108
CLATS	5	32	9	23.1726	0.277276	0.384072
CLAW	4	13	5	10.906	0.356055	0.440066
CLAY	4	14	4	10.6779	0.28032	0.370012
CLEAN	5	14	5	11.0176	0.336375	0.437511
CLEAR	5	28	10	22.1319	0.345825	0.443326
CLEARS	6	13	7	7.68166	0.489039	0.83607
CLEAT	5	31	6	23.3622	0.196645	0.260428
CLEATS	6	23	5	13.9607	0.215757	0.354568
CLEG	4	10	0	8.53313	0.0732968	0.0702744
CLEM	4	11	0	9.46015	0.0683793	0.0646702
CLEW	4	11	2	7.84951	0.20256	0.274798
CLIED	5	10	0	7.12758	0.050145	0.0547937
CLIES	5	25	0	19.4562	0.0230568	0.0225428
CLINE	5	30	7	23.0043	0.233164	0.305059
CLINES	6	18	4	10.7409	0.219654	0.366533
CLING	5	15	12	9.59117	0.711417	1
CLINT	5	15	1	9.90979	0.0923156	0.129142
CLIP	4	15	6	11.1446	0.371283	0.507313
CLIT	4	50	10	39.9842	0.204418	0.255092
CLITS	5	22	4	15.9782	0.18735	0.25602
CLOD	4	24	1	18.0652	0.0723595	0.0865943
CLOG	4	14	3	10.6236	0.224471	0.293385
CLON	4	32	12	24.9264	0.362599	0.470707
CLONE	5	14	10	9.66139	0.634568	0.9391
CLONER	6	10	9	6.79132	0.772916	1
CLONS	5	11	1	7.5684	0.119137	0.162523
CLOP	4	14	2	10.9667	0.168621	0.209563
CLOSE	5	15	3	12.0482	0.20488	0.256475
CLOT	4	42	6	33.2665	0.152906	0.190562
CLOTE	5	28	2	21.4252	0.085812	0.107885
CLOTES	6	13	1	10.4042	0.0946513	0.116393
CLOTH	5	15	2	12.9677	0.148598	0.170995
CLOTS	5	18	1	14.8404	0.0789802	0.0901504
CLOU	4	17	9	12.7076	0.479267	0.655719
CLOW	4	13	2	10.3437	0.178596	0.220001
CLOY	4	12	0	9.57566	0.0640801	0.0640339
CLUE	4	22	0	17.8242	0.0393438	0.0376093
CLUES	5	12	0	8.18078	0.0433538	0.0488263
CLY	3	20	1	16.2807	0.0924837	0.102183
CNIDAE	6	10	0	6.26059	0.0360236	0.0460164
COAL	4	54	11	41.2131	0.207567	0.270919
COALER	6	12	1	8.09553	0.101311	0.145629
COALS	5	20	5	14.9294	0.24773	0.333278
COARB	5	13	0	8.87791	0.0406043	0.0455432
COARSE	6	17	4	11.3086	0.231087	0.349759
COAST	5	30	14	23.2249	0.446789	0.585567
COAT	4	65	35	50.5866	0.522735	0.677748
COATE	5	37	21	28.6257	0.544166	0.712993
COATED	6	10	4	7.36762	0.363531	0.512624
COATER	6	20	12	15.2312	0.56002	0.755717
COATES	6	22	11	14.8514	0.472464	0.711005
COATI	5	29	0	22.5045	0.0201537	0.0196789
COATIS	6	12	0	6.66372	0.0309546	0.0436257
COATS	5	36	14	27.8169	0.37764	0.493816
COB	3	41	11	31.7269	0.272466	0.350875
COBS	4	14	6	10.6714	0.392019	0.526017
COCA	4	15	1	11.4243	0.106807	0.128914
COCH	4	14	4	10.8361	0.28032	0.365511
COCO	4	11	0	8.39551	0.0683793	0.0711903
COD	3	97	51	76.3829	0.517994	0.66075
CODA	4	35	4	26.3224	0.129011	0.166806
CODAS	5	11	2	7.92882	0.19177	0.262475
CODE	4	54	35	42.2874	0.622037	0.804285
CODEIN	6	11	0	6.01587	0.0332973	0.0475999
CODEN	5	21	0	14.2582	0.0269372	0.0299836
CODER	5	31	19	22.7572	0.581628	0.803072
CODERS	6	11	7	8.75178	0.563061	0.745216
CODES	5	23	14	18.5092	0.568163	0.723641
CODS	4	27	14	20.4991	0.485976	0.650907
COED	4	49	3	39.4365	0.07597	0.0901847
COEDIT	6	10	0	6.29993	0.0360236	0.0457716
COEDS	5	17	0	12.7239	0.032388	0.0332201
COG	3	49	13	37.8696	0.26906	0.346993
COHO	4	19	1	14.2315	0.0881549	0.106842
COHOE	5	10	0	6.84622	0.050145	0.056643
COIF	4	10	0	8.90964	0.0732968	0.0678851
COIGN	5	10	0	5.9901	0.050145	0.0631261
COIL	4	35	17	27.2017	0.463156	0.604501
COILS	5	14	8	10.4748	0.515291	0.7081
COIN	4	59	16	48.7882	0.270553	0.328772
COINER	6	14	6	10.0444	0.397199	0.568979
COINS	5	26	8	19.1123	0.300345	0.411226
COIR	4	55	1	42.6477	0.034279	0.0390912
COIRS	5	23	1	17.4062	0.0636547	0.0779093
COIT	4	62	12	48.3612	0.197544	0.252383
COITAL	6	15	0	8.7008	0.0255598	0.0345542
COITS	5	34	5	24.8714	0.153402	0.207584
COL	3	122	73	95.6209	0.589952	0.755765
COLA	4	60	16	47.5935	0.266319	0.336667
COLAS	5	21	5	15.9385	0.237307	0.31398
COLD	4	16	7	12.5582	0.402869	0.526527
COLE	4	59	33	47.23	0.540801	0.683314
COLED	5	17	4	12.4324	0.234738	0.321223
COLES	5	34	20	27.7071	0.561369	0.701174
COLEY	5	10	0	6.64783	0.050145	0.058024
COLIES	6	12	1	6.62634	0.101311	0.173336
COLIN	5	15	1	10.839	0.0923156	0.119409
COLL	4	15	14	12.2108	0.794445	1
COLON	5	11	0	7.06175	0.0465028	0.0552155
COLOR	5	13	1	9.37377	0.104025	0.135514
COLS	4	52	7	40.734	0.143443	0.180701
COLT	4	42	24	33.537	0.545018	0.693303
COLTER	6	11	7	8.1933	0.563061	0.79002
COLTS	5	22	14	17.3412	0.591102	0.768524
COLY	4	10	1	8.44482	0.145212	0.165119
COMA	4	40	11	33.1228	0.273753	0.333033
COMAE	5	16	0	12.0695	0.0341137	0.0348234
COMAL	5	13	1	9.5069	0.104025	0.133874
COMAS	5	20	6	15.5705	0.291652	0.379369
COMATE	6	12	0	4.87864	0.0309546	0.0566605
COME	4	43	28	34.1669	0.618677	0.791381
COMER	5	22	12	16.2456	0.510352	0.70323
COMERS	6	11	5	7.72528	0.4117	0.605205
COMES	5	27	13	20.8914	0.458223	0.60194
COMET	5	24	7	17.72	0.285428	0.388975
COMETS	6	17	5	10.2583	0.283134	0.470187
COMP	4	14	6	11.1094	0.392019	0.508657
COMS	4	34	9	27.5673	0.264322	0.327993
COMSAT	6	11	0	5.0222	0.0332973	0.055331
COMTE	5	17	1	13.5445	0.0829756	0.0979212
COMTES	6	13	1	7.86273	0.0946513	0.149413
CON	3	155	111	124.614	0.706671	0.882693
COND	4	42	15	33.1238	0.348962	0.446377
CONDER	6	15	9	10.4286	0.548407	0.810329
CONE	4	75	50	58.9449	0.646588	0.83051
CONED	5	30	8	22.0493	0.263682	0.359918
CONES	5	38	29	28.821	0.727052	0.972331
CONF	4	19	0	14.8075	0.0444968	0.0442942
CONGA	5	12	1	6.79872	0.111069	0.177615
CONGE	5	12	7	7.65419	0.517362	0.817159
CONI	4	71	5	56.9593	0.0803576	0.0972836
CONIA	5	35	0	23.3259	0.0169519	0.0190275
CONIAS	6	11	0	5.96238	0.0332973	0.0479606
CONIES	6	15	3	9.35911	0.199842	0.319327
CONIMA	6	10	0	4.39871	0.0360236	0.0616098
CONIN	5	18	1	12.2082	0.0789802	0.107474
CONINE	6	13	0	6.41767	0.0289199	0.0450543
CONN	4	19	11	16.2807	0.524735	0.637127
CONNE	5	12	9	9.1657	0.652793	0.888939
CONS	4	64	23	51.951	0.353716	0.438911
CONTE	5	40	32	30.6878	0.763199	1
CONTES	6	28	21	17.9597	0.709617	1
CONTO	5	15	0	11.1891	0.0360337	0.0372414
CONTRA	6	16	0	9.80595	0.0241564	0.0310513
CONUS	5	12	0	8.05896	0.0433538	0.0494492
CONY	4	17	0	13.9904	0.0487538	0.0465346
COO	3	70	53	55.4764	0.734692	0.935235
COOER	5	18	0	12.8428	0.0308284	0.0329446
COOL	4	22	13	16.8162	0.541172	0.724522
COOM	4	15	4	12.4796	0.265493	0.324488
COON	4	35	16	28.038	0.437452	0.554652
COONS	5	15	9	11.265	0.542571	0.74263
COOP	4	14	6	11.9947	0.392019	0.476855
COOS	4	31	4	24.6186	0.143795	0.177418
COOSER	6	12	1	9.38694	0.101311	0.127688
COOST	5	19	0	15.4342	0.0294122	0.0279001
COOT	4	37	29	29.3	0.733871	0.945575
COOTER	6	11	10	9.0252	0.790102	1
COOTS	5	21	13	16.3052	0.573898	0.75707
COP	3	55	33	40.5686	0.5819	0.793387
COPE	4	24	19	16.7336	0.717399	1
COPER	5	19	13	13.906	0.626628	0.875048
COPERS	6	10	6	8.2442	0.527285	0.678647
COPES	5	12	10	9.00922	0.720508	0.997433
COPRA	5	14	0	10.4973	0.0381827	0.0393905
COPS	4	25	12	18.4761	0.450409	0.617807
COPSE	5	13	4	10.6466	0.294288	0.368489
COR	3	178	120	135.9	0.666767	0.875725
CORAL	5	28	2	19.8739	0.085812	0.115718
CORAM	5	11	0	7.79792	0.0465028	0.050839
CORD	4	41	18	31.801	0.423541	0.552086
CORDER	6	11	7	7.03809	0.563061	0.902223
CORDS	5	19	9	13.8259	0.442869	0.618459
CORE	4	111	74	82.8058	0.652879	0.879742
CORED	5	36	7	26.3874	0.197077	0.268038
CORER	5	31	6	21.9917	0.196645	0.275628
CORERS	6	16	2	11.9104	0.133965	0.179801
CORES	5	67	49	51.108	0.711508	0.940573
COREY	5	12	0	9.76465	0.0433538	0.0419549
CORF	4	22	1	17.6128	0.077946	0.088575
CORIA	5	35	0	24.0968	0.0169519	0.0184543
CORIES	6	18	3	11.0287	0.170182	0.275355
CORM	4	23	3	19.5868	0.149384	0.172486
CORN	4	61	30	47.3635	0.477915	0.6209
CORNEA	6	14	1	8.37766	0.0888134	0.141292
CORNED	6	13	4	7.25821	0.291845	0.519338
CORNER	6	12	0	7.34064	0.0309546	0.0401252
CORNET	6	14	2	9.13961	0.150491	0.228474
CORNI	5	22	0	14.951	0.0258496	0.0287201
CORNO	5	17	0	13.5386	0.032388	0.0314192
CORNS	5	22	13	16.6387	0.550727	0.743146
CORNU	5	13	0	8.82295	0.0406043	0.045786
CORONA	6	10	0	5.00073	0.0360236	0.0555259
CORS	4	76	45	56.4775	0.575922	0.78019
CORSE	5	49	34	38.5662	0.669148	0.860597
CORSES	6	10	7	7.8861	0.609162	0.81704
CORSET	6	31	11	23.1543	0.344438	0.467566
CORSO	5	15	0	10.3108	0.0360337	0.0400131
CORTIN	6	13	0	7.40412	0.0289199	0.0398255
CORY	4	13	1	10.4683	0.119443	0.13867
COS	3	156	94	122.589	0.595845	0.760723
COSE	4	82	27	63.361	0.326164	0.423528
COSED	5	22	2	17.0881	0.1066	0.13307
COSES	5	21	5	16.2963	0.237307	0.307665
COSET	5	44	11	34.4662	0.248895	0.319061
COSETS	6	12	2	8.60265	0.171666	0.241124
COSH	4	36	15	28.5842	0.401431	0.512279
COSIE	5	27	3	19.5789	0.122288	0.164802
COSIER	6	10	2	5.76014	0.199777	0.341097
COSIES	6	11	2	5.50224	0.184658	0.35443
COSINE	6	20	0	9.59345	0.0198066	0.0316686
COSINES	7	11	0	3.16556	0.024286	0.0820474
COSS	4	25	6	19.5321	0.242835	0.311194
COST	4	80	61	63.424	0.739157	0.941507
COSTA	5	39	10	28.6677	0.254748	0.347249
COSTAE	6	18	0	12.0032	0.0217663	0.0258427
COSTAL	6	17	3	10.0437	0.17904	0.299701
COSTAR	6	18	7	11.3276	0.36807	0.590706
COSTE	5	49	36	38.8823	0.707782	0.903397
COSTED	6	17	12	11.8509	0.647462	0.953028
COSTER	6	33	26	23.5296	0.750849	1
COSTERS	7	11	9	8.1846	0.730963	1
COSTES	6	13	4	9.88254	0.291845	0.395191
COSTS	5	13	7	9.94433	0.48455	0.653492
COSY	4	22	0	17.6705	0.0393438	0.0379007
COT	3	165	106	128.963	0.635173	0.815269
COTAN	5	27	0	19.103	0.0215077	0.0229295
COTANS	6	10	0	4.59296	0.0360236	0.059506
COTE	4	93	57	72.8196	0.598721	0.770189
COTED	5	21	3	16.8114	0.153159	0.189723
COTES	5	54	32	44.3235	0.574979	0.708792
COTH	4	45	15	33.6789	0.327556	0.439463
COTHS	5	21	3	16.3238	0.153159	0.194916
COTISE	6	23	0	12.5633	0.0174499	0.0247829
COTS	4	90	36	68.7335	0.394219	0.518377
COTT	4	26	20	20.8379	0.702859	0.902167
COTTA	5	13	2	8.43371	0.167446	0.249121
COTTER	6	11	6	8.95001	0.48738	0.630966
COTTS	5	14	7	10.3212	0.455652	0.632638
COUR	4	21	15	15.8545	0.643205	0.874187
COURE	5	15	9	10.7276	0.542571	0.775294
COURS	5	10	5	6.63979	0.441759	0.67311
COURT	5	11	4	8.08532	0.337038	0.467058
COUTA	5	12	0	9.75047	0.0433538	0.0420078
COVE	4	11	6	9.25703	0.470921	0.591157
COW	3	30	11	24.2532	0.361217	0.450243
COWS	4	11	4	8.57777	0.33674	0.442353
COY	3	33	8	26.7326	0.250158	0.30766
COYS	4	19	4	15.3729	0.219129	0.270954
CRAB	4	26	1	19.853	0.0675203	0.0795628
CRAG	4	25	3	19.9993	0.139048	0.169276
CRAGS	5	10	1	7.40458	0.128468	0.165516
CRAIC	5	12	0	8.60782	0.0433538	0.0467614
CRAM	4	44	20	32.6383	0.438766	0.596271
CRAME	5	22	15	15.6826	0.631478	0.900985
CRAMES	6	10	8	6.46591	0.691039	1
CRAMS	5	14	3	9.17587	0.217098	0.325544
CRAN	4	82	34	62.1894	0.407649	0.540012
CRANE	5	46	20	31.8929	0.423236	0.613255
CRANED	6	13	3	9.45925	0.226114	0.316298
CRANES	6	26	11	14.8773	0.405479	0.709853
CRANIA	6	10	0	6.39753	0.0360236	0.0451754
CRANS	5	39	6	28.1105	0.15898	0.218652
CRANTS	6	16	2	9.61662	0.133965	0.218301
CRAP	4	32	13	24.4579	0.39045	0.516554
CRAPE	5	17	10	12.7324	0.538264	0.736318
CRAPS	5	13	6	9.76931	0.421129	0.574834
CRARE	5	37	7	27.2649	0.192122	0.259858
CRARES	6	21	5	14.3113	0.234346	0.346498
CRASH	5	16	2	11.3027	0.14068	0.193251
CRASS	5	14	3	10.8108	0.217098	0.282276
CRATE	5	55	31	41.3496	0.547715	0.734654
CRATED	6	10	2	7.37361	0.199777	0.276115
CRATER	6	17	7	10.9413	0.387227	0.609661
CRATES	6	38	18	25.029	0.458552	0.70196
CRAW	4	20	6	14.1775	0.293626	0.413159
CRAWS	5	11	3	8.51268	0.264404	0.347128
CRAY	4	14	1	10.8545	0.112772	0.134556
CREACH	6	10	1	6.75286	0.117901	0.170542
CREAK	5	11	2	9.19468	0.19177	0.231378
CREAM	5	29	8	22.3917	0.271982	0.354758
CREANT	6	21	1	12.3157	0.0620318	0.0998038
CREASE	6	18	3	11.5026	0.170182	0.264996
CREATE	6	13	5	9.1139	0.357577	0.52289
CREATIN	7	12	0	2.91822	0.0225179	0.0873592
CRED	4	75	4	55.499	0.0636106	0.0824052
CREDIT	6	18	1	12.7639	0.0712383	0.0965764
CREDO	5	32	0	22.0933	0.0184147	0.020022
CREDOS	6	12	0	8.12609	0.0309546	0.0367076
CREDS	5	33	2	23.3229	0.0738162	0.0996334
CREE	4	58	22	43.8153	0.371846	0.494823
CREED	5	18	10	13.6735	0.512346	0.690622
CREEDS	6	10	6	6.34229	0.527285	0.852178
CREEL	5	22	0	15.497	0.0258496	0.027797
CREELS	6	11	0	7.14697	0.0332973	0.041068
CREEP	5	10	3	7.39191	0.285113	0.390931
CREES	5	34	8	27.0531	0.234995	0.296822
CREESH	6	11	0	7.03794	0.0332973	0.0416185
CREM	4	42	1	32.0607	0.0439865	0.0511835
CREMS	5	15	0	10.3029	0.0360337	0.0400398
CRENA	5	40	0	28.076	0.0149701	0.0159705
CRENAS	6	14	0	8.13798	0.0271362	0.0366603
CREPE	5	14	1	10.4284	0.0978212	0.123523
CREPS	5	17	1	12.0975	0.0829756	0.108349
CREPT	5	15	1	9.73635	0.0923156	0.131137
CRESS	5	25	1	19.2249	0.0590699	0.0710691
CREST	5	70	9	53.9195	0.13248	0.170949
CRESTA	6	33	0	21.7383	0.0124944	0.0148249
CRESTS	6	10	2	7.82812	0.199777	0.262052
CRETIN	6	22	0	12.5162	0.0181706	0.0248687
CRETINS	7	10	0	4.54315	0.0263554	0.0612909
CREW	4	21	3	14.7976	0.16138	0.221188
CRIA	4	72	1	54.7528	0.0266017	0.0307773
CRIANT	6	13	0	6.65741	0.0289199	0.0436611
CRIAS	5	26	0	18.5232	0.0222554	0.0235937
CRIB	4	13	1	9.91988	0.119443	0.144963
CRIED	5	26	5	19.0723	0.196062	0.266128
CRIER	5	20	3	13.4133	0.159886	0.232981
CRIERS	6	11	3	7.58742	0.260339	0.384482
CRIES	5	49	11	37.142	0.224855	0.296961
CRIM	4	27	6	19.6811	0.22712	0.309071
CRIME	5	13	7	9.32452	0.48455	0.690945
CRIMS	5	12	0	8.16878	0.0433538	0.048887
CRINE	5	33	15	23.0783	0.437273	0.629765
CRINES	6	18	7	10.9321	0.36807	0.610127
CRIOS	5	23	0	17.2734	0.0248464	0.0251653
CRIS	4	73	10	55.1325	0.143283	0.18765
CRISE	5	46	6	35.0728	0.136161	0.177016
CRISP	5	10	0	6.8105	0.050145	0.0568868
CRISTA	6	14	0	6.72533	0.0271362	0.043282
CRIT	4	71	7	54.5149	0.107058	0.136766
CRITH	5	19	0	13.0668	0.0294122	0.0324377
CRITS	5	38	4	27.6905	0.113821	0.15326
CROC	4	22	0	17.0753	0.0393438	0.0390732
CROG	4	20	1	14.1699	0.0844672	0.107245
CROME	5	13	5	9.81942	0.357709	0.483864
CRON	4	58	18	45.3896	0.307231	0.394327
CRONE	5	32	14	22.8869	0.421087	0.593686
CRONES	6	18	8	11.6589	0.417542	0.653762
CRONET	6	17	1	9.97646	0.074946	0.12089
CRONS	5	27	0	19.8616	0.0215077	0.0221148
CROON	5	12	1	8.24424	0.111069	0.151239
CROP	4	21	5	15.581	0.241684	0.324129
CRORE	5	19	1	13.7689	0.0753519	0.0964808
CRORES	6	10	0	5.98672	0.0360236	0.0477958
CROST	5	29	0	20.604	0.0201537	0.0213717
CROUT	5	11	7	8.8892	0.55494	0.719925
CROW	4	19	10	14.8394	0.481077	0.632321
CROWS	5	12	4	8.82564	0.314216	0.433538
CRU	3	69	21	55.1188	0.305047	0.382179
CRUD	4	17	2	13.2958	0.144423	0.177991
CRUE	4	32	2	24.4337	0.0840883	0.103457
CRUES	5	19	2	14.3912	0.121292	0.155668
CRUET	5	13	0	10.3191	0.0406043	0.0399849
CRUS	4	25	12	20.5054	0.450409	0.562504
CRUSE	5	12	2	9.31832	0.178785	0.228731
CRUST	5	12	7	9.74291	0.517362	0.66521
CRY	3	32	2	25.2236	0.089414	0.105333
CTENE	5	19	0	14.6423	0.0294122	0.0292696
CTENES	6	11	0	7.89998	0.0332973	0.0376303
CUB	3	11	5	8.96497	0.419653	0.529817
CUD	3	35	8	27.7645	0.237253	0.297042
CUE	3	77	6	59.7657	0.0891214	0.111174
CUED	4	25	0	19.2194	0.0352604	0.0351555
CUES	4	49	3	37.1991	0.07597	0.0953108
CUESTA	6	16	0	9.37173	0.0241564	0.0323394
CUIT	4	23	0	17.5212	0.0378815	0.0381883
CULET	5	13	0	10.7755	0.0406043	0.0384972
CULT	4	17	7	14.4835	0.383597	0.465634
CULTS	5	11	4	8.79624	0.337038	0.434777
CUM	3	22	6	16.9331	0.279329	0.36088
CUMS	4	10	2	7.75006	0.217127	0.277554
CUNEI	5	18	1	13.1892	0.0789802	0.100291
CUNIT	5	14	1	10.765	0.0978212	0.12013
CUNT	4	25	8	20.2229	0.312026	0.390927
CUP	3	13	2	10.1195	0.190717	0.235141
CUR	3	62	40	49.5268	0.626398	0.791309
CURAT	5	13	3	9.69	0.230867	0.310573
CURD	4	12	6	8.94358	0.441313	0.607838
CURE	4	35	25	26.79	0.668784	0.889395
CURED	5	13	4	9.28983	0.294288	0.414869
CURES	5	22	15	16.4858	0.631478	0.860725
CURET	5	16	10	12.6227	0.566945	0.742045
CURIA	5	14	0	10.1966	0.0381827	0.0404041
CURIE	5	12	1	7.70547	0.111069	0.1601
CURIO	5	10	0	7.35341	0.050145	0.0533944
CURN	4	23	4	18.0369	0.186551	0.235222
CURNS	5	10	0	7.38378	0.050145	0.0532117
CURS	4	25	14	19.5778	0.519601	0.67849
CURSE	5	11	7	8.72855	0.55494	0.731243
CURST	5	15	4	11.699	0.261162	0.339086
CURT	4	29	9	22.8149	0.304486	0.390397
CUSH	4	16	6	13.6231	0.352631	0.42767
CUSS	4	14	9	11.3593	0.559567	0.721096
CUT	3	84	38	65.7704	0.446602	0.572574
CUTE	4	46	21	36.8807	0.44122	0.557095
CUTER	5	27	10	22.0133	0.357442	0.445563
CUTES	5	29	13	23.8795	0.429375	0.531041
CUTIE	5	24	5	17.9612	0.210711	0.28133
CUTIES	6	13	3	6.11426	0.226114	0.46304
CUTIN	5	13	1	8.9186	0.104025	0.14144
CUTIS	5	19	1	13.7321	0.0753519	0.0967141
CUTS	4	42	9	33.21	0.218258	0.275674
CWM	3	10	0	8.02286	0.0870253	0.0868104
CYST	4	11	0	8.98515	0.0683793	0.0674254
CYTE	4	15	0	13.4698	0.0539115	0.0480844
CYTES	5	11	0	8.91077	0.0465028	0.0453993
DAAL	4	26	1	19.7693	0.0675203	0.0798662
DAALS	5	14	1	10.8521	0.0978212	0.119282
DAB	3	80	20	61.3349	0.253054	0.328996
DABS	4	27	9	20.5243	0.324191	0.429809
DACE	4	61	17	45.5227	0.277623	0.372256
DACES	5	30	7	24.1737	0.233164	0.291159
DAD	3	34	8	26.1874	0.243535	0.313582
DADO	4	11	0	7.7607	0.0683793	0.0757437
DADS	4	17	4	13.4248	0.240093	0.304814
DAE	3	310	25	231.385	0.0834954	0.110833
DAEING	6	12	0	5.44431	0.0309546	0.0517598
DAEMON	6	10	0	5.9889	0.0360236	0.0477811
DAES	4	164	4	119.658	0.0298931	0.0390055
DAFT	4	17	5	14.4283	0.287928	0.346647
DAG	3	89	27	65.9943	0.303959	0.40924
DAGS	4	32	13	22.6295	0.39045	0.554646
DAH	3	139	18	105.192	0.13447	0.175927
DAHL	4	32	1	24.5442	0.0562372	0.065588
DAHLS	5	12	0	8.85527	0.0433538	0.0456429
DAHS	4	67	12	52.0662	0.183614	0.23514
DAIMEN	6	10	0	5.91855	0.0360236	0.0482603
DAINE	5	54	4	38.1602	0.0817408	0.112791
DAINED	6	18	2	10.1292	0.12071	0.208332
DAINES	6	30	0	16.953	0.013658	0.0187554
DAINT	5	40	5	28.5547	0.131881	0.182135
DAINTS	6	22	4	12.2075	0.183368	0.326125
DAIS	4	94	6	69.5149	0.0716939	0.0941941
DAISES	6	19	0	11.9854	0.0207402	0.0258778
DAK	3	28	3	20.4714	0.132148	0.171706
DAKS	4	10	2	7.51969	0.217127	0.284157
DAL	3	194	76	143.138	0.390344	0.529216
DALE	4	108	49	76.4376	0.446978	0.632959
DALED	5	23	1	16.6113	0.0636547	0.0813307
DALEDS	6	13	0	8.50724	0.0289199	0.0352507
DALES	5	61	31	44.525	0.49618	0.683956
DALETH	6	15	0	9.58155	0.0255598	0.0317039
DALI	4	79	4	56.8276	0.0605415	0.0805493
DALIS	5	34	1	24.019	0.0446108	0.0577124
DALLE	5	18	8	12.3755	0.416042	0.611029
DALLES	6	11	5	6.10483	0.4117	0.741403
DALS	4	87	9	64.1793	0.110216	0.146989
DALT	4	69	9	51.8485	0.137428	0.180545
DALTS	5	35	6	25.8651	0.175818	0.236599
DAM	3	114	56	85.2991	0.485678	0.650555
DAME	4	66	35	48.8309	0.515257	0.701082
DAMES	5	31	16	22.6503	0.492786	0.682354
DAMN	4	35	7	27.158	0.206121	0.264364
DAMNER	6	11	5	6.71138	0.4117	0.683802
DAMNS	5	12	1	9.19993	0.111069	0.137718
DAMP	4	17	7	12.8071	0.383597	0.517774
DAMS	4	43	9	32.8908	0.213605	0.278184
DAMSEL	6	11	0	6.3895	0.0332973	0.0452239
DAN	3	219	125	166.43	0.566496	0.746775
DANCE	5	27	12	20.1146	0.424629	0.577294
DANCER	6	15	7	11.415	0.432219	0.586576
DANCES	6	11	3	7.09039	0.260339	0.407826
DANG	4	46	32	33.9424	0.661638	0.907085
DANGS	5	16	12	11.3801	0.673511	0.96909
DANIOS	6	13	0	7.53476	0.0289199	0.0392227
DANISH	6	12	0	7.64486	0.0309546	0.0387286
DANK	4	12	6	8.73873	0.441313	0.619259
DANS	4	99	17	74.3381	0.175105	0.232042
DANT	4	90	40	67.319	0.436815	0.586498
DANTED	6	14	2	9.71285	0.150491	0.216357
DANTS	5	46	21	35.1615	0.443741	0.585849
DAP	3	70	25	51.7686	0.355135	0.480136
DAPS	4	34	10	25.5332	0.290704	0.388186
DARB	4	40	6	29.7928	0.159872	0.211276
DARBS	5	10	2	7.17155	0.20679	0.285423
DARE	4	192	109	139.156	0.561594	0.776615
DARED	5	51	12	34.6184	0.23509	0.345411
DARER	5	44	23	30.0597	0.505482	0.743977
DARERS	6	21	8	15.2688	0.363581	0.509547
DARES	5	107	64	78.486	0.588882	0.806145
DARG	4	45	1	32.457	0.0412882	0.0505976
DARGA	5	16	0	10.1975	0.0341137	0.0404011
DARGS	5	14	0	9.26316	0.0381827	0.0439116
DARI	4	115	19	84.2332	0.168363	0.228615
DARIC	5	20	0	13.0769	0.0281204	0.0324151
DARING	6	18	12	10.3763	0.615431	1
DARIS	5	52	5	35.6343	0.102985	0.147402
DARK	4	21	10	15.2898	0.442445	0.616004
DARN	4	96	23	70.1624	0.24042	0.328396
DARNED	6	14	3	9.77448	0.212168	0.307125
DARNER	6	15	1	9.3353	0.0836539	0.12832
DARNS	5	34	12	24.6463	0.343787	0.477199
DARRE	5	34	0	23.0331	0.017413	0.0192547
DARRES	6	20	0	13.9125	0.0198066	0.0225549
DART	4	127	52	91.5498	0.40502	0.562902
DARTED	6	27	9	19.9099	0.323138	0.444571
DARTER	6	29	14	21.5278	0.46262	0.633787
DARTERS	7	18	7	12.3425	0.37036	0.553712
DARTLE	6	11	0	8.56033	0.0332973	0.0350569
DARTRE	6	14	0	9.32353	0.0271362	0.032489
DARTRES	7	12	0	7.22406	0.0225179	0.0410707
DARTS	5	61	21	43.3734	0.339361	0.478614
DAS	3	264	73	198.363	0.277097	0.368489
DASH	4	80	29	60.9909	0.357775	0.47109
DASHER	6	21	6	13.5182	0.277424	0.433732
DASHES	6	10	5	6.71036	0.445408	0.683891
DASHI	5	29	0	22.8061	0.0201537	0.0194346
DASHY	5	13	1	9.4272	0.104025	0.134851
DATA	4	54	1	38.9483	0.034871	0.0426087
DATAL	5	22	0	15.9825	0.0258496	0.0270246
DATALS	6	12	0	8.27266	0.0309546	0.0361333
DATE	4	162	102	117.723	0.620952	0.857071
DATED	5	37	5	26.0919	0.14183	0.198398
DATER	5	96	60	70.0034	0.613968	0.845844
DATERS	6	60	34	47.3318	0.553578	0.709071
DATES	5	98	48	74.5904	0.482697	0.637119
DATING	6	12	5	7.15361	0.382734	0.647145
DATO	4	86	1	62.8871	0.0224593	0.0269288
DATOS	5	35	1	25.5518	0.0434296	0.0544412
DATTO	5	16	0	12.341	0.0341137	0.0341397
DAUD	4	10	0	7.54894	0.0732968	0.0773951
DAULT	5	11	0	8.42496	0.0465028	0.0476238
DAUNT	5	16	7	11.5046	0.407095	0.575026
DAUR	4	35	0	26.1707	0.0261973	0.0265309
DAURS	5	17	0	12.4193	0.032388	0.0339475
DAUT	4	39	2	30.7495	0.0703692	0.0836049
DAUTS	5	22	0	16.729	0.0258496	0.0259173
DAW	3	66	20	48.7449	0.303831	0.410402
DAWD	4	10	0	6.89196	0.0732968	0.0830096
DAWN	4	17	5	11.8909	0.287928	0.409227
DAWS	4	28	12	19.2352	0.408058	0.595892
DAWT	4	21	0	15.4541	0.0409235	0.0426687
DAY	3	61	17	45.6415	0.280968	0.374269
DAYNT	5	11	0	8.053	0.0465028	0.0494801
DAYS	4	21	7	16.3315	0.321988	0.41911
DEAD	4	57	15	41.4565	0.263018	0.361107
DEADS	5	21	6	16.465	0.279381	0.36047
DEAF	4	42	0	32.5373	0.0222025	0.0216634
DEAIR	5	67	0	45.6651	0.00917667	0.0100134
DEAIRS	6	33	0	20.8304	0.0124944	0.0154387
DEAL	4	129	55	94.5132	0.421497	0.576678
DEALER	6	22	9	14.7845	0.389865	0.588061
DEALS	5	56	28	41.4585	0.487347	0.662939
DEALT	5	48	5	35.0934	0.111099	0.149581
DEAN	4	152	43	112.228	0.282346	0.382472
DEANED	6	11	2	7.77094	0.184658	0.263742
DEANER	6	20	2	13.3985	0.109842	0.16134
DEANS	5	65	28	48.3	0.422624	0.571846
DEAR	4	206	131	148.841	0.628947	0.872495
DEARE	5	80	52	56.153	0.636	0.910297
DEARED	6	19	7	13.005	0.35072	0.520437
DEARER	6	23	16	15.4242	0.652032	0.989017
DEARES	6	37	26	26.8364	0.674258	0.942947
DEAREST	7	10	0	4.21622	0.0263554	0.0652057
DEARIE	6	29	1	16.1997	0.0461331	0.0773909
DEARING	7	12	8	7.62165	0.604943	0.977693
DEARN	5	69	29	49.4713	0.413003	0.578325
DEARNS	6	24	13	15.8217	0.512713	0.788448
DEARS	5	94	47	67.3035	0.492316	0.690069
DEARTH	6	20	4	13.1521	0.199878	0.304504
DEARY	5	22	3	15.9343	0.146975	0.199273
DEASH	5	40	0	30.4479	0.0149701	0.0147845
DEASIL	6	12	0	8.15845	0.0309546	0.0365793
DEATH	5	43	14	32.3829	0.319881	0.42725
DEATHS	6	19	5	12.3737	0.25644	0.396344
DEAW	4	37	0	27.4052	0.0249164	0.0254233
DEAWS	5	16	0	10.983	0.0341137	0.0378569
DEB	3	88	7	68.2916	0.0893357	0.111915
DEBAR	5	19	0	12.7224	0.0294122	0.0332236
DEBARS	6	10	0	5.99241	0.0360236	0.0477574
DEBASE	6	14	0	9.08316	0.0271362	0.0332562
DEBE	4	13	2	9.55164	0.178596	0.234874
DEBIT	5	12	1	8.82375	0.111069	0.142741
DEBS	4	36	4	27.3452	0.125778	0.161025
DEBT	4	30	1	22.5583	0.0595545	0.0708565
DEBTS	5	18	1	11.9847	0.0789802	0.109256
DEBUS	5	10	0	6.65646	0.050145	0.0579625
DECAD	5	13	0	9.77242	0.0406043	0.041926
DECAL	5	22	3	15.9187	0.146975	0.199452
DECALS	6	10	2	6.12252	0.199777	0.323973
DECAN	5	31	1	22.4078	0.0485741	0.0616037
DECANI	6	10	0	5.91704	0.0360236	0.0482707
DECANS	6	17	1	10.0628	0.074946	0.119954
DECANT	6	14	1	8.65272	0.0888134	0.137305
DECARE	6	19	0	13.64	0.0207402	0.0229721
DECARES	7	10	0	3.8134	0.0263554	0.0707757
DECK	4	10	3	8.11057	0.289042	0.365141
DECO	4	48	4	38.2694	0.0966995	0.11752
DECOR	5	19	2	13.6279	0.121292	0.163528
DECOS	5	12	2	8.77757	0.178785	0.240778
DEDAL	5	17	0	12.5415	0.032388	0.0336519
DEDANS	6	17	0	10.3457	0.0228992	0.0295864
DEE	3	177	123	137.093	0.687051	0.889767
DEED	4	21	6	14.9273	0.281836	0.395036
DEEDS	5	13	3	8.97808	0.230867	0.331695
DEEK	4	17	3	12.3824	0.192258	0.257912
DEEM	4	38	7	28.0235	0.191365	0.256785
DEEMS	5	20	5	14.4086	0.24773	0.344194
DEEN	4	85	35	63.2977	0.405141	0.546146
DEENS	5	37	21	29.6496	0.544166	0.689549
DEEP	4	36	11	25.1017	0.301194	0.431005
DEEPS	5	20	7	14.383	0.335574	0.470751
DEER	4	104	58	73.734	0.546954	0.774086
DEERS	5	53	31	37.1	0.567358	0.815555
DEES	4	113	19	80.506	0.171243	0.238922
DEET	4	109	12	78.833	0.115311	0.157434
DEETS	5	71	5	51.9372	0.0764594	0.102423
DEF	3	72	11	56.7335	0.160991	0.201833
DEFAT	5	13	0	9.32369	0.0406043	0.0436657
DEFI	4	26	4	20.5278	0.167837	0.209402
DEFIS	5	13	0	10.484	0.0406043	0.0394343
DEFO	4	20	0	15.8757	0.0426355	0.0416716
DEFT	4	23	6	18.2871	0.260886	0.330138
DEFY	4	11	1	8.23559	0.13547	0.168441
DEG	3	117	17	89.6274	0.150686	0.194868
DEGAS	5	35	0	24.5825	0.0169519	0.0181105
DEGRAS	6	14	0	9.52838	0.0271362	0.0318625
DEGS	4	40	10	28.7928	0.250977	0.347312
DEGU	4	23	0	16.5032	0.0378815	0.0402707
DEHAIR	6	13	0	8.81949	0.0289199	0.0341406
DEHORS	6	13	0	8.46456	0.0289199	0.035408
DEHORT	6	12	0	7.56157	0.0309546	0.0391012
DEI	3	366	45	281.492	0.124938	0.161768
DEICE	5	16	0	11.9153	0.0341137	0.035224
DEID	4	69	1	51.6006	0.0276964	0.0325817
DEIDS	5	26	0	19.5315	0.0222554	0.0224621
DEIF	4	35	0	27.3592	0.0261973	0.0254629
DEIGN	5	25	3	16.0787	0.131096	0.197636
DEIL	4	108	8	76.8479	0.0805968	0.110765
DEILS	5	47	4	33.0472	0.0932379	0.129489
DEISM	5	27	0	19.085	0.0215077	0.0229495
DEIST	5	87	1	64.4911	0.018272	0.0223123
DEISTS	6	14	0	7.93052	0.0271362	0.037503
DEITY	5	15	0	11.2759	0.0360337	0.0369882
DEL	3	264	94	202.424	0.355523	0.463832
DELATE	6	22	7	14.929	0.307266	0.457948
DELATES	7	13	6	8.0499	0.428165	0.707512
DELAY	5	16	2	10.421	0.14068	0.207557
DELE	4	54	15	40.3847	0.276645	0.370203
DELES	5	32	8	23.1809	0.248513	0.343409
DELF	4	20	0	16.0787	0.0426355	0.0412078
DELI	4	121	7	87.063	0.0642023	0.0868765
DELIS	5	60	4	42.6467	0.0739271	0.101326
DELIST	6	29	2	18.9771	0.0781705	0.116502
DELL	4	44	25	34.0807	0.543139	0.710492
DELLS	5	21	13	16.3813	0.573898	0.753849
DELO	4	114	1	85.9479	0.0171257	0.0198809
DELOS	5	53	0	39.459	0.0114804	0.011531
DELS	4	123	14	91.5004	0.11835	0.157495
DELT	4	111	38	84.8271	0.339577	0.445467
DELTA	5	51	16	36.5806	0.309484	0.432676
DELTAS	6	19	7	12.7435	0.35072	0.530268
DELTS	5	54	22	40.6918	0.398823	0.532746
DEMAIN	6	20	2	11.7716	0.109842	0.18174
DEMAN	5	33	3	21.0324	0.101774	0.154167
DEMANS	6	10	1	4.70648	0.117901	0.23069
DEMAST	6	21	1	13.6152	0.0620318	0.0909874
DEME	4	36	9	27.8441	0.251075	0.324968
DEMEAN	6	10	1	6.08157	0.117901	0.186492
DEMES	5	19	5	14.0166	0.25911	0.352896
DEMIC	5	13	0	8.20791	0.0406043	0.0486897
DEMIST	6	16	0	8.49835	0.0241564	0.0352833
DEMIT	5	39	1	28.0608	0.0392704	0.0498189
DEMITS	6	18	1	9.71665	0.0712383	0.123794
DEMO	4	69	9	53.8962	0.137428	0.173951
DEMOI	5	15	0	10.5328	0.0360337	0.0392744
DEMON	5	20	2	12.3227	0.115964	0.17898
DEMOS	5	22	4	15.1955	0.18735	0.26803
DEMY	4	20	0	16.21	0.0426355	0.0409134
DEN	3	373	193	287.566	0.515429	0.669244
DENAR	5	78	1	50.8122	0.0203081	0.0281477
DENARI	6	29	0	17.4977	0.0140956	0.0182059
DENARS	6	32	0	20.3395	0.0128596	0.0157923
DENAY	5	16	0	10.3445	0.0341137	0.0398994
DENCH	5	16	1	11.9039	0.0873968	0.109916
DENE	4	93	27	70.8895	0.28914	0.379881
DENES	5	47	15	34.8347	0.314265	0.425942
DENET	5	50	1	36.096	0.0310841	0.0391686
DENETS	6	25	1	14.7918	0.052914	0.0842491
DENI	4	200	4	151.098	0.0246154	0.031004
DENIAL	6	29	0	17.9085	0.0140956	0.0178124
DENIALS	7	15	0	6.18587	0.0184814	0.0470863
DENIED	6	12	0	6.19885	0.0309546	0.0464059
DENIER	6	29	0	16.5633	0.0140956	0.0191692
DENIES	6	26	0	14.9376	0.0155944	0.0211129
DENIM	5	46	0	30.5649	0.0131283	0.0147305
DENIMS	6	20	0	10.5218	0.0198066	0.029138
DENIS	5	92	0	65.961	0.00675584	0.00700041
DENOTE	6	16	5	10.4987	0.298679	0.460439
DENOTES	7	13	5	4.61671	0.360303	0.966441
DENS	4	178	71	133.202	0.395916	0.530058
DENSE	5	51	19	38.9168	0.36528	0.481905
DENSER	6	20	6	13.8223	0.289913	0.424888
DENT	4	165	92	126.116	0.550718	0.723038
DENTAL	6	28	1	16.709	0.04766	0.0751774
DENTALS	7	12	0	5.67137	0.0225179	0.0507716
DENTED	6	14	8	9.21348	0.520554	0.808842
DENTIL	6	14	0	8.09077	0.0271362	0.0368488
DENTIN	6	18	0	10.1222	0.0217663	0.0301759
DENTS	5	88	61	65.9982	0.679099	0.91086
DENY	4	38	3	30.6387	0.0959118	0.114372
DEP	3	120	15	88.6823	0.130874	0.174875
DEPART	6	12	3	7.65581	0.242022	0.381477
DEPOT	5	16	2	12.1543	0.14068	0.18119
DEPS	4	55	4	36.8744	0.0852082	0.121719
DEPTH	5	11	0	9.26931	0.0465028	0.0438864
DERAIL	6	30	1	20.6732	0.044701	0.0614871
DERAT	5	118	15	81.9593	0.129507	0.185408
DERATE	6	39	7	29.2035	0.180523	0.242201
DERATES	7	21	3	11.6469	0.145555	0.265655
DERATS	6	55	7	40.6501	0.130039	0.17579
DERAY	5	27	0	18.0219	0.0215077	0.0241999
DERAYS	6	10	0	7.63394	0.0360236	0.0387771
DERE	4	147	57	106.031	0.384474	0.533774
DERED	5	21	0	14.2097	0.0269372	0.0300763
DERES	5	85	41	60.9514	0.474437	0.664179
DERIDE	6	13	0	7.47089	0.0289199	0.0395151
DERIG	5	36	0	24.0708	0.0165147	0.0184731
DERIGS	6	14	0	9.44175	0.0271362	0.0321245
DERING	6	35	0	21.086	0.0118229	0.0152608
DERM	4	69	11	51.6687	0.164861	0.2183
DERMA	5	31	3	21.7538	0.107802	0.149382
DERMAL	6	11	0	6.06704	0.0332973	0.0472598
DERMAS	6	14	1	6.7743	0.0888134	0.170077
DERMIS	6	16	0	8.8642	0.0241564	0.0339873
DERMS	5	24	4	16.7596	0.173352	0.245057
DERN	4	158	25	120.239	0.160706	0.210384
DERNS	5	71	12	52.9731	0.171352	0.229003
DERNY	5	20	0	13.4875	0.0281204	0.0315264
DERO	4	214	1	153.966	0.00926647	0.0112198
DEROS	5	89	0	61.2587	0.0069767	0.00752502
DERRIS	6	10	0	6.52303	0.0360236	0.0444313
DERRO	5	32	0	21.5998	0.0184147	0.02045
DERROS	6	11	0	7.28507	0.0332973	0.0403913
DERTH	5	57	0	41.1531	0.0107121	0.011073
DERTHS	6	23	0	14.3269	0.0174499	0.021949
DERV	4	28	0	21.6353	0.0319449	0.0315869
DERVS	5	10	0	7.43381	0.050145	0.0529134
DESALT	6	25	0	16.2536	0.0161674	0.0195115
DESAND	6	17	0	10.8192	0.0228992	0.0284106
DESERT	6	26	1	19.7685	0.0510385	0.0641533
DESHI	5	38	0	28.5521	0.0157045	0.0157175
DESI	4	215	7	161.074	0.0366333	0.0474875
DESINE	6	28	0	16.3661	0.0145621	0.0193858
DESIRE	6	30	2	18.2846	0.0757439	0.120664
DESIS	5	33	0	23.8569	0.0178998	0.0186289
DESIST	6	19	0	11.2044	0.0207402	0.0275208
DESK	4	19	0	13.1599	0.0444968	0.0490568
DESMAN	6	17	0	9.16159	0.0228992	0.0330019
DESORB	6	12	0	7.5533	0.0309546	0.0391386
DESSE	5	28	1	20.4078	0.0533103	0.06723
DESTAIN	7	24	0	10.5539	0.0120183	0.0291332
DESTINE	7	20	0	7.39845	0.01423	0.0402079
DETAIL	6	19	8	14.5317	0.39786	0.533584
DETAILS	7	10	5	6.16614	0.452407	0.754593
DETAIN	6	42	11	27.8979	0.258744	0.39107
DETAINS	7	15	8	8.24321	0.496503	0.911245
DETENT	6	14	0	7.96595	0.0271362	0.0373563
DETER	5	66	11	46.9092	0.169269	0.237033
DETERS	6	31	7	23.6195	0.224005	0.296923
DETEST	6	23	0	15.0891	0.0174499	0.0209154
DETORT	6	17	0	11.5635	0.0228992	0.0267402
DETORTS	7	10	0	6.25796	0.0263554	0.0466122
DETRAIN	7	24	7	11.6333	0.284014	0.585037
DETRAINS	8	10	4	5.07784	0.367197	0.724697
DEUS	4	58	0	43.1186	0.0164641	0.0166013
DEV	3	51	8	39.7621	0.167945	0.211985
DEVA	4	17	1	13.6916	0.0965886	0.11048
DEVI	4	17	3	12.9344	0.192258	0.248483
DEVO	4	22	0	17.5787	0.0393438	0.0380769
DEVOT	5	10	0	8.50054	0.050145	0.0472635
DEVS	4	18	0	14.0755	0.0465282	0.046291
DEW	3	84	26	66.2526	0.309881	0.393071
DEWAN	5	12	0	8.3522	0.0433538	0.0479759
DEWAR	5	14	1	9.98765	0.0978212	0.128266
DEWS	4	35	14	26.0114	0.386046	0.523565
DEY	3	95	8	73.9509	0.0931289	0.116733
DEYS	4	37	6	29.175	0.171597	0.215441
DHAL	4	30	0	23.2261	0.0300606	0.0296078
DHALS	5	13	0	10.2553	0.0406043	0.0402022
DHOLE	5	14	0	9.98743	0.0381827	0.0411406
DHOLES	6	12	0	6.6608	0.0309546	0.0436421
DHOLS	5	15	0	10.6675	0.0360337	0.0388392
DHOTIS	6	10	0	5.74415	0.0360236	0.0494908
DIACT	5	22	0	15.3513	0.0258496	0.0280375
DIAL	4	104	47	76.4287	0.445013	0.607584
DIALED	6	12	3	6.67483	0.242022	0.429636
DIALER	6	21	11	12.4551	0.492817	0.836742
DIALERS	7	13	9	6.86533	0.631753	1
DIALS	5	43	16	29.6437	0.36358	0.52908
DIANE	5	59	0	39.7769	0.0103652	0.0114422
DIARY	5	16	0	11.5778	0.0341137	0.0361335
DIASTER	7	12	0	4.68917	0.0225179	0.0596902
DIB	3	54	16	41.6899	0.297703	0.385198
DIBS	4	16	4	12.1091	0.252155	0.332911
DICE	4	57	27	44.0566	0.460046	0.600417
DICER	5	27	11	19.3146	0.391036	0.551427
DICERS	6	10	4	7.18564	0.363531	0.523889
DICES	5	27	10	21.3485	0.357442	0.458533
DICH	4	30	6	23.3275	0.207024	0.264861
DICHT	5	15	0	10.8154	0.0360337	0.0383724
DICOT	5	19	0	14.4213	0.0294122	0.0296762
DICT	4	37	2	29.4836	0.0738098	0.0869492
DICTA	5	17	0	12.8649	0.032388	0.0328938
DICTS	5	13	1	9.98477	0.104025	0.128298
DID	3	49	13	37.4512	0.26906	0.35066
DIDO	4	23	0	17.005	0.0378815	0.0392166
DIDOS	5	13	0	9.04565	0.0406043	0.0448181
DIDST	5	10	0	7.52143	0.050145	0.0523988
DIE	3	318	106	248.778	0.333152	0.425969
DIEB	4	29	0	20.9953	0.0309741	0.0324597
DIED	4	69	7	51.6006	0.109995	0.144179
DIEL	4	93	7	69.4427	0.0827531	0.108254
DIELS	5	39	1	26.839	0.0392704	0.0519675
DIENE	5	32	0	23.1931	0.0184147	0.01913
DIENES	6	15	0	10.2022	0.0255598	0.0299622
DIES	4	172	35	128.089	0.204765	0.27448
DIESTER	7	14	0	5.63331	0.0196559	0.0510673
DIET	4	162	63	121.775	0.385878	0.514378
DIETED	6	13	1	8.3608	0.0946513	0.141544
DIETER	6	18	4	12.1384	0.219654	0.327827
DIETS	5	82	35	57.887	0.420446	0.597407
DIF	3	47	5	37.4954	0.122086	0.148413
DIFS	4	17	1	13.1204	0.0965886	0.114609
DIG	3	86	24	67.7571	0.280698	0.355996
DIGS	4	32	14	23.4481	0.418301	0.575964
DIKA	4	11	0	8.02611	0.0683793	0.073771
DILATE	6	25	0	13.6406	0.0161674	0.0229711
DILATER	7	12	0	4.24473	0.0225179	0.0648445
DILATES	7	12	0	5.26835	0.0225179	0.0540877
DILDO	5	13	0	8.55104	0.0406043	0.0470258
DILL	4	28	17	20.971	0.564772	0.767302
DILLS	5	14	5	9.76889	0.336375	0.486036
DIM	3	100	53	80.7782	0.522292	0.649845
DIME	4	58	40	45.9416	0.662612	0.847127
DIMER	5	25	16	18.2394	0.599266	0.834908
DIMERS	6	12	7	8.04113	0.523446	0.803177
DIMES	5	37	21	28.7249	0.544166	0.710651
DIMP	4	10	3	8.13173	0.289042	0.364391
DIMS	4	42	14	33.2375	0.327178	0.416696
DIN	3	235	176	183.297	0.742129	0.953883
DINAR	5	55	0	35.4153	0.0110829	0.0127945
DINARS	6	24	0	13.6755	0.0167842	0.0229169
DINE	4	147	107	113.307	0.715808	0.933151
DINED	5	30	8	21.0835	0.263682	0.375317
DINER	5	74	52	53.6435	0.685708	0.95173
DINERO	6	30	13	20.1824	0.417216	0.626866
DINEROS	7	10	5	5.90259	0.452407	0.783818
DINERS	6	33	22	23.9886	0.637256	0.890539
DINES	5	75	48	57.0303	0.625456	0.828297
DING	4	57	48	42.9578	0.804843	1
DINGE	5	21	16	12.7207	0.70012	1
DINGER	6	10	6	6.12875	0.527285	0.877367
DINGO	5	17	0	9.48077	0.032388	0.0430406
DINGS	5	20	16	13.8575	0.730871	1
DINIC	5	10	0	7.01682	0.050145	0.0555071
DINK	4	12	7	8.79939	0.504185	0.707044
DINNA	5	21	0	12.8248	0.0269372	0.0329861
DINNAE	6	12	0	7.07615	0.0309546	0.0414239
DINNER	6	14	5	9.42432	0.335522	0.507461
DINO	4	94	7	73.7448	0.0819079	0.102119
DINOS	5	38	1	26.9729	0.0402337	0.051723
DINS	4	94	32	72.6999	0.337257	0.437482
DINT	4	93	23	71.1827	0.247863	0.323827
DINTED	6	13	0	7.98367	0.0289199	0.0372834
DINTS	5	51	13	37.7496	0.253688	0.343332
DIODE	5	17	0	11.8978	0.032388	0.03527
DIOL	4	74	3	55.6551	0.051591	0.0648875
DIOLS	5	28	1	19.1437	0.0533103	0.0713488
DIOTA	5	38	0	25.5894	0.0157045	0.0174371
DIOTAS	6	15	0	9.33607	0.0255598	0.0324499
DIP	3	61	20	45.6245	0.327286	0.437214
DIPS	4	21	5	15.906	0.241684	0.318301
DIPT	4	20	1	14.7434	0.0844672	0.103607
DIRAM	5	22	0	14.4569	0.0258496	0.02961
DIRE	4	148	38	108.347	0.256865	0.350658
DIRECT	6	10	0	5.1898	0.0360236	0.0538556
DIRER	5	39	0	26.2149	0.0153285	0.0170434
DIREST	6	34	0	21.5159	0.0121494	0.0149707
DIRGE	5	12	0	8.47884	0.0433538	0.0473664
DIRK	4	10	1	7.27322	0.145212	0.185617
DIRL	4	51	0	36.2073	0.0185631	0.0195914
DIRLS	5	24	0	15.6823	0.0239182	0.0274969
DIRT	4	87	7	65.2273	0.088215	0.115026
DIRTED	6	14	1	9.08895	0.0888134	0.131424
DIRTS	5	47	3	33.1499	0.0731446	0.100237
DIS	3	249	54	194.663	0.218374	0.278872
DISA	4	112	0	85.5885	0.0087935	0.0085667
DISARM	6	10	0	5.32483	0.0360236	0.0527231
DISAS	5	16	0	12.1638	0.0341137	0.0345828
DISC	4	30	0	24.1635	0.0300606	0.0285536
DISCO	5	11	0	7.55148	0.0465028	0.0522247
DISEUR	6	10	0	4.488	0.0360236	0.0606246
DISH	4	68	8	52.5759	0.125432	0.159878
DISK	4	12	1	9.04262	0.126952	0.156311
DISMAL	6	12	0	5.52718	0.0309546	0.0511122
DISMAN	6	11	0	5.09396	0.0332973	0.0546895
DISME	5	23	0	16.6561	0.0248464	0.0260213
DISNEST	7	12	0	5.294	0.0225179	0.0538638
DISS	4	29	7	21.9848	0.243706	0.320996
DISTAL	6	21	0	12.1715	0.0189533	0.0255148
DIT	3	242	111	187.294	0.456517	0.590623
DITA	4	126	3	91.635	0.0309396	0.0399977
DITAL	5	44	0	30.4155	0.0136897	0.0147995
DITALS	6	23	0	13.5181	0.0174499	0.0231638
DITAS	5	54	3	38.6085	0.0641251	0.0865915
DITCH	5	10	1	7.83472	0.128468	0.157881
DITE	4	137	80	101.585	0.574991	0.778336
DITED	5	33	2	23.6017	0.0738162	0.0985265
DITES	5	87	59	66.1772	0.664384	0.878893
DITHER	6	12	1	8.12472	0.101311	0.145168
DITONE	6	19	0	11.4125	0.0207402	0.0270631
DITONES	7	14	0	4.91851	0.0196559	0.0573385
DITS	4	131	26	98.12	0.200283	0.266759
DITSY	5	11	0	7.42798	0.0465028	0.052948
DITT	4	45	17	34.0511	0.368451	0.490172
DITTO	5	20	5	14.4106	0.24773	0.344152
DITTS	5	24	7	16.7983	0.285428	0.408579
DIV	3	29	8	22.4476	0.280693	0.361283
DIVA	4	11	0	7.95865	0.0683793	0.0742626
DIVE	4	14	7	10.6778	0.447868	0.603623
DIVS	4	12	1	8.62914	0.126952	0.162299
DIYA	4	18	0	14.7154	0.0465282	0.0445359
DOAB	4	23	0	16.555	0.0378815	0.0401594
DOAT	4	85	33	63.0594	0.382646	0.517477
DOATER	6	23	11	18.2974	0.453725	0.584667
DOATERS	7	10	7	8.02942	0.622828	0.821096
DOATS	5	41	15	30.2845	0.357347	0.486938
DOB	3	48	11	36.8672	0.235625	0.304634
DOBE	4	17	1	14.1521	0.0965886	0.107362
DOBES	5	10	0	7.28954	0.050145	0.0537829
DOBRA	5	13	0	8.34564	0.0406043	0.0480079
DOBS	4	16	6	11.7079	0.352631	0.486712
DOC	3	97	10	76.3829	0.111128	0.138589
DOCHT	5	14	0	9.79984	0.0381827	0.0418241
DOCO	4	19	2	15.4243	0.131813	0.156451
DOCS	4	30	1	22.8496	0.0595545	0.0700314
DOCU	4	17	0	13.1202	0.0487538	0.0491841
DOD	3	36	14	29.5178	0.382154	0.470134
DODS	4	22	3	17.1428	0.15515	0.194321
DOE	3	239	117	191.805	0.486873	0.60782
DOEN	4	106	3	83.5269	0.0365698	0.0437822
DOER	4	133	63	101.911	0.467617	0.612554
DOERS	5	68	35	51.8945	0.503623	0.664467
DOES	4	139	51	110.167	0.364012	0.460707
DOEST	5	72	0	57.52	0.00856299	0.00800178
DOETH	5	33	0	26.0195	0.0178998	0.0171645
DOF	3	52	3	39.6953	0.0752796	0.0927986
DOG	3	72	31	57.8766	0.424947	0.531247
DOGAN	5	12	0	6.98126	0.0433538	0.0557401
DOGE	4	33	13	25.7582	0.37987	0.492498
DOGES	5	18	7	13.0361	0.367891	0.5144
DOGIE	5	14	1	8.81269	0.0978212	0.142894
DOGS	4	23	11	17.5863	0.446723	0.595009
DOH	3	134	10	104.845	0.0812829	0.101718
DOHS	4	69	6	53.2384	0.0962785	0.121867
DOILT	5	19	0	13.6259	0.0294122	0.0312378
DOING	5	25	5	15.7472	0.203122	0.317466
DOIT	4	76	8	57.7155	0.112874	0.146156
DOITED	6	10	0	6.56412	0.0360236	0.0441929
DOITS	5	40	4	29.0382	0.108499	0.146494
DOL	3	161	86	125.231	0.529212	0.682132
DOLCE	5	12	0	9.01203	0.0433538	0.0449616
DOLE	4	91	57	67.3389	0.611338	0.830923
DOLED	5	16	3	10.8559	0.193963	0.281244
DOLENT	6	15	0	8.46228	0.0255598	0.0354165
DOLES	5	50	33	34.6706	0.637516	0.925656
DOLINA	6	19	0	9.91931	0.0207402	0.0307317
DOLINAS	7	10	0	2.84936	0.0263554	0.0889629
DOLINE	6	16	0	8.22596	0.0241564	0.0363144
DOLL	4	26	17	20.2421	0.602543	0.792266
DOLLS	5	12	8	9.04649	0.585077	0.804087
DOLOR	5	16	0	11.6741	0.0341137	0.0358693
DOLOS	5	17	1	12.6319	0.0829756	0.104249
DOLS	4	63	16	47.4989	0.254378	0.337308
DOLT	4	52	12	40.0724	0.23288	0.301912
DOLTS	5	28	6	20.2439	0.215818	0.297793
DOM	3	87	40	69.607	0.453875	0.569832
DOMAIN	6	13	0	7.15214	0.0289199	0.0410422
DOMAL	5	14	0	8.63398	0.0381827	0.0466406
DOME	4	46	32	37.1798	0.661638	0.832445
DOMES	5	22	17	16.9796	0.712228	0.946003
DOMINE	6	11	0	5.37653	0.0332973	0.0523019
DOMS	4	36	6	29.3514	0.175897	0.214235
DON	3	226	133	178.308	0.584055	0.741956
DONA	4	86	2	65.8462	0.0335821	0.0404607
DONAIR	6	17	0	9.52131	0.0228992	0.0318837
DONAS	5	31	0	22.1127	0.01896	0.0200056
DONATE	6	22	0	15.3606	0.0181706	0.0205702
DONATES	7	14	0	6.54124	0.0196559	0.0448383
DONDER	6	10	0	7.52828	0.0360236	0.0392522
DONE	4	123	75	95.9875	0.599023	0.771782
DONEE	5	21	7	13.5398	0.321455	0.497162
DONEES	6	14	5	7.06341	0.335522	0.654299
DONER	5	64	4	46.7554	0.0694982	0.0926968
DONERS	6	33	1	24.0056	0.0408927	0.0533243
DONG	4	44	21	34.0271	0.459641	0.601021
DONGA	5	22	1	12.8313	0.0662248	0.102798
DONGS	5	11	7	8.6312	0.55494	0.738276
DONNA	5	19	0	13.6841	0.0294122	0.031118
DONNAT	6	12	0	6.97453	0.0309546	0.0419455
DONNE	5	21	11	14.7111	0.489751	0.708116
DONNES	6	11	5	6.68611	0.4117	0.686023
DONOR	5	23	0	16.8373	0.0248464	0.0257641
DONS	4	94	25	73.0123	0.265759	0.34255
DONSIE	6	18	0	8.68418	0.0217663	0.0346129
DONUT	5	19	4	14.4554	0.213171	0.280471
DONUTS	6	10	2	6.25873	0.199777	0.317972
DOO	3	96	65	75.7284	0.663508	0.846102
DOOB	4	12	0	8.40549	0.0640801	0.0711231
DOOL	4	43	23	31.7993	0.512079	0.699331
DOOLAN	6	10	0	6.7375	0.0360236	0.0432147
DOOLE	5	27	11	19.9218	0.391036	0.535789
DOOLES	6	13	6	8.33596	0.423308	0.672045
DOOLS	5	22	12	16.4944	0.510352	0.693505
DOOM	4	20	6	17.082	0.293626	0.350808
DOON	4	45	12	35.6744	0.266213	0.337003
DOONA	5	15	0	11.4145	0.0360337	0.036591
DOOR	4	55	14	43.0912	0.254972	0.325966
DOORN	5	19	0	14.7119	0.0294122	0.029144
DOORS	5	21	8	15.6495	0.363529	0.49431
DOOS	4	51	10	39.6702	0.200695	0.257008
DOOSRA	6	11	0	6.10715	0.0332973	0.0469967
DOP	3	66	35	49.185	0.518823	0.699155
DOPA	4	26	1	20.6075	0.0675203	0.0769267
DOPAS	5	12	0	9.16739	0.0433538	0.0443061
DOPE	4	30	24	22.0392	0.737915	1
DOPER	5	19	14	14.3352	0.672567	0.914507
DOPERS	6	12	10	9.38117	0.734514	0.986792
DOPES	5	16	9	12.1753	0.513661	0.693163
DOPS	4	22	10	17.0837	0.425365	0.558593
DOR	3	243	169	187.589	0.689704	0.895405
DORAD	5	17	0	11.6307	0.032388	0.035988
DORB	4	32	1	24.1522	0.0562372	0.066565
DORBA	5	19	0	12.4567	0.0294122	0.0338565
DORBAS	6	10	0	5.82731	0.0360236	0.0488964
DORBS	5	10	0	6.55274	0.050145	0.05871
DORE	4	150	106	112.675	0.695358	0.929573
DOREE	5	26	21	18.7533	0.752241	1
DOREES	6	18	16	11.8573	0.813319	1
DORES	5	94	64	70.8662	0.667994	0.89104
DORIC	5	19	0	12.5116	0.0294122	0.0337239
DORIES	6	30	1	17.6989	0.044701	0.0712176
DORIS	5	53	1	35.3767	0.0294119	0.0399328
DORISE	6	39	0	21.0997	0.0106754	0.0152514
DORK	4	14	7	10.3298	0.447868	0.620438
DORM	4	35	7	28.7387	0.206121	0.250842
DORMIN	6	10	0	5.94618	0.0360236	0.048071
DORMS	5	12	2	8.38965	0.178785	0.250232
DORP	4	24	0	18.6395	0.036524	0.0361354
DORR	4	40	4	30.4142	0.114319	0.145856
DORRS	5	22	3	16.3789	0.146975	0.194316
DORS	4	108	54	80.3545	0.491659	0.663507
DORSA	5	39	0	26.2141	0.0153285	0.0170439
DORSE	5	80	43	59.6221	0.527262	0.711353
DORSEL	6	23	1	14.2388	0.0571113	0.0872874
DORSER	6	27	1	19.2148	0.0492914	0.0659025
DORSES	6	12	4	8.79375	0.312378	0.4387
DORT	4	108	45	81.7442	0.411234	0.545258
DORTED	6	17	1	12.1557	0.074946	0.101009
DORTER	6	27	0	19.3482	0.0150606	0.016558
DORTERS	7	14	0	9.1811	0.0196559	0.0330995
DORTIER	7	10	0	5.3134	0.0263554	0.0536957
DORTS	5	59	26	43.3866	0.431297	0.589889
DORY	4	22	3	19.1632	0.15515	0.175912
DOS	3	220	113	170.956	0.510338	0.657924
DOSA	4	86	0	66.369	0.0113365	0.0109691
DOSAS	5	12	0	8.65351	0.0433538	0.0465508
DOSE	4	126	79	96.4972	0.615981	0.808337
DOSED	5	29	8	21.8951	0.271982	0.362292
DOSEH	5	24	0	19.074	0.0239182	0.0229617
DOSER	5	71	45	52.9501	0.618702	0.835272
DOSERS	6	14	5	9.63114	0.335522	0.497677
DOSES	5	31	17	23.5913	0.5224	0.696625
DOSH	4	68	15	53.3394	0.222782	0.283797
DOSHA	5	25	0	18.6001	0.0230568	0.0235035
DOSING	6	14	3	7.29628	0.212168	0.397821
DOSS	4	37	8	29.3567	0.22049	0.277649
DOSSER	6	17	2	12.309	0.126993	0.174455
DOST	4	100	14	76.5047	0.144547	0.187517
DOT	3	196	120	151.444	0.606689	0.787089
DOTAL	5	23	0	16.5346	0.0248464	0.0261968
DOTANT	6	11	0	6.8712	0.0332973	0.0424895
DOTE	4	120	91	91.6086	0.742658	0.978447
DOTED	5	27	8	21.6852	0.290256	0.365573
DOTER	5	68	48	50.8887	0.687323	0.92542
DOTERS	6	36	28	28.2966	0.74424	0.964147
DOTES	5	70	42	56.5294	0.585978	0.732036
DOTH	4	54	7	40.9462	0.138488	0.179811
DOTIER	6	27	0	18.3631	0.0150606	0.0173963
DOTIEST	7	10	0	3.46699	0.0263554	0.0763871
DOTISH	6	16	0	11.1935	0.0241564	0.0275454
DOTS	4	97	28	72.58	0.287589	0.384668
DOTTEL	6	12	0	9.35881	0.0309546	0.0323793
DOTTER	6	13	9	11.0156	0.620502	0.771059
DOTTLE	6	12	4	8.91671	0.312378	0.433313
DOTY	4	15	2	12.6451	0.159702	0.185812
DOUAR	5	14	1	11.3665	0.0978212	0.11451
DOUC	4	18	0	13.357	0.0465282	0.0484337
DOULA	5	14	0	9.94838	0.0381827	0.041281
DOUM	4	11	0	8.98293	0.0683793	0.0674388
DOUN	4	39	8	31.0174	0.210212	0.263753
DOUP	4	16	2	12.0391	0.151679	0.19374
DOUR	4	33	11	25.5786	0.325677	0.423595
DOURA	5	13	0	10.2061	0.0406043	0.0403713
DOUSE	5	23	11	17.9775	0.451738	0.589301
DOUSER	6	15	4	10.4548	0.257936	0.375611
DOUSES	6	11	6	7.72813	0.48738	0.718338
DOUT	4	39	25	28.187	0.606434	0.848459
DOUTED	6	12	4	9.7198	0.312378	0.401138
DOUTER	6	16	11	13.6539	0.628106	0.768732
DOUTERS	7	10	7	7.42797	0.622828	0.88038
DOUTS	5	22	11	17.4887	0.469977	0.60448
DOVE	4	14	10	10.5606	0.615417	0.844946
DOVER	5	10	6	7.75185	0.520081	0.700319
DOW	3	59	35	44.508	0.576681	0.769258
DOWAR	5	12	0	8.49834	0.0433538	0.0472739
DOWEL	5	11	4	8.32554	0.337038	0.455627
DOWER	5	20	9	15.2393	0.423417	0.566206
DOWL	4	14	4	9.62846	0.28032	0.40294
DOWLE	5	11	3	8.15123	0.264404	0.360142
DOWN	4	16	9	12.5863	0.503344	0.661112
DOWS	4	23	11	15.7872	0.446723	0.654642
DOWSE	5	13	9	8.79929	0.611392	0.920594
DOWT	4	17	7	12.4295	0.383597	0.53117
DOWTS	5	10	5	7.28291	0.441759	0.623765
DOY	3	48	12	37.0276	0.254941	0.328919
DOYS	4	21	8	16.1968	0.362141	0.476649
DRAB	4	50	5	35.8412	0.111663	0.15134
DRABS	5	11	2	7.11726	0.19177	0.287224
DRAC	4	68	3	51.8038	0.0558959	0.069518
DRACO	5	20	0	13.2745	0.0281204	0.0319812
DRAD	4	41	0	29.7569	0.0226969	0.0235503
DRAG	4	60	11	42.9692	0.188079	0.260378
DRAGS	5	22	6	14.8348	0.268101	0.396466
DRAIL	5	36	8	23.3736	0.222872	0.340748
DRAIN	5	50	13	31.8251	0.258496	0.404388
DRAINS	6	15	3	8.29874	0.199842	0.35537
DRAKE	5	11	1	8.04485	0.119137	0.154402
DRAM	4	52	4	39.2665	0.0897806	0.114691
DRAMA	5	14	0	9.39193	0.0381827	0.0433919
DRAMS	5	24	4	16.3192	0.173352	0.251117
DRANK	5	12	2	8.84492	0.178785	0.239209
DRANT	5	47	3	32.7083	0.0731446	0.101531
DRANTS	6	21	2	14.6865	0.10511	0.148174
DRAP	4	40	18	30.2995	0.433187	0.577621
DRAPE	5	22	13	14.8925	0.550727	0.822358
DRAPET	6	13	0	7.59838	0.0289199	0.0389357
DRAPS	5	18	6	13.3506	0.319739	0.436115
DRAT	4	116	13	84.6587	0.116919	0.158388
DRATS	5	48	7	34.9172	0.150494	0.20524
DRAW	4	35	12	26.2618	0.334639	0.448594
DRAWS	5	15	7	11.087	0.430007	0.59412
DRAY	4	30	3	22.0275	0.118542	0.155084
DREAD	5	31	6	21.9045	0.196645	0.276655
DREADS	6	14	4	9.99015	0.273845	0.391355
DREAM	5	25	9	17.7504	0.347175	0.492309
DREAMS	6	12	3	5.68987	0.242022	0.492
DREAR	5	38	6	26.3955	0.16288	0.2321
DREARE	6	14	0	9.47379	0.0271362	0.0320271
DREARS	6	19	6	13.8013	0.30358	0.425488
DREE	4	81	35	60.0157	0.424228	0.574973
DREED	5	11	0	7.47817	0.0465028	0.0526516
DREER	5	23	1	16.3962	0.0636547	0.0823086
DREES	5	50	20	37.8508	0.391153	0.520382
DREEST	6	25	0	17.3503	0.0161674	0.0183514
DREG	4	48	0	35.4422	0.019636	0.01999
DREGS	5	15	0	10.6842	0.0360337	0.0387859
DRENT	5	63	2	45.5794	0.0401449	0.0525222
DRERE	5	24	0	17.6342	0.0239182	0.0246905
DRESS	5	33	0	23.6707	0.0178998	0.0187668
DREST	5	107	0	79.467	0.00583264	0.00583254
DREW	4	36	8	26.2747	0.226015	0.307739
DREY	4	31	1	23.9841	0.0578483	0.066993
DREYS	5	14	0	10.8309	0.0381827	0.0383241
DRIB	4	28	1	20.8198	0.0632877	0.0762162
DRICE	5	24	1	15.3563	0.0612767	0.0873897
DRIED	5	25	0	17.6829	0.0230568	0.0246278
DRIER	5	39	3	27.7559	0.0871543	0.118724
DRIERS	6	21	3	14.9077	0.148189	0.208612
DRIES	5	65	5	45.4905	0.083229	0.116478
DRIEST	6	34	0	22.3383	0.0121494	0.0144453
DRILL	5	11	3	6.78258	0.264404	0.419726
DRIP	4	26	6	18.8445	0.234715	0.321378
DRIPS	5	14	4	11.231	0.276737	0.351561
DROID	5	12	0	8.25283	0.0433538	0.0484652
DROIL	5	26	0	18.3065	0.0222554	0.023852
DROILS	6	10	0	5.28624	0.0360236	0.0530418
DROIT	5	30	0	22.0898	0.0195386	0.020025
DROITS	6	14	0	9.55214	0.0271362	0.0317914
DROLE	5	36	0	25.4167	0.0165147	0.017549
DROLER	6	11	0	6.83321	0.0332973	0.0426931
DROLES	6	21	0	11.8925	0.0189533	0.0260628
DROME	5	14	0	9.80483	0.0381827	0.0418057
DRONE	5	50	25	36.1719	0.485908	0.676339
DRONER	6	14	7	9.8585	0.458877	0.669925
DRONERS	7	11	5	4.4547	0.416884	0.995669
DRONES	6	27	16	18.2953	0.562754	0.842583
DROOL	5	16	10	12.5023	0.566945	0.748427
DROP	4	30	3	24.0485	0.118542	0.143127
DROSS	5	20	0	14.7007	0.0281204	0.0291641
DROW	4	18	9	13.6594	0.457388	0.61628
DROWS	5	10	4	6.949	0.363436	0.529948
DRUB	4	13	1	9.84963	0.119443	0.145811
DRUG	4	14	0	10.8443	0.0569224	0.0577891
DRUM	4	19	5	14.4005	0.262787	0.34723
DRUSE	5	23	0	15.8156	0.0248464	0.0272852
DRUSEN	6	10	0	6.25095	0.0360236	0.0460768
DRY	3	42	5	33.1003	0.135423	0.166925
DRYS	4	13	1	10.9207	0.119443	0.133875
DSO	3	189	16	146.55	0.0892169	0.11354
DSOS	4	38	3	30.3725	0.0959118	0.115308
DUAD	4	10	0	7.54894	0.0732968	0.0773951
DUAL	4	28	7	21.2997	0.251344	0.330369
DUAN	4	29	0	21.9909	0.0309741	0.0311218
DUAR	4	42	0	32.5816	0.0222025	0.0216357
DUARS	5	22	0	17.1322	0.0258496	0.0253561
DUB	3	24	4	17.7942	0.187192	0.244942
DUBS	4	11	3	8.06492	0.26965	0.366771
DUCE	4	16	1	13.2043	0.101441	0.113983
DUCI	4	14	1	11.3439	0.112772	0.129681
DUCT	4	16	2	12.855	0.151679	0.183215
DUCTS	5	10	2	7.66741	0.20679	0.269968
DUD	3	13	2	10.2301	0.190717	0.233037
DUDE	4	11	1	8.13555	0.13547	0.170077
DUE	3	104	25	80.0058	0.243095	0.315085
DUED	4	16	0	12.349	0.0512031	0.0517975
DUEL	4	26	8	20.4559	0.301593	0.386901
DUELS	5	14	4	10.7447	0.276737	0.365535
DUES	4	55	5	40.8237	0.102185	0.133799
DUET	4	53	8	41.0677	0.158495	0.202437
DUETS	5	26	5	19.6557	0.196062	0.258786
DUETT	5	10	0	6.97011	0.050145	0.0558136
DUG	3	30	5	23.3612	0.183545	0.230683
DUH	3	34	1	26.2289	0.0582035	0.0663467
DUI	3	65	11	50.7638	0.177379	0.224609
DUIT	4	24	3	18.1317	0.144031	0.184852
DUITS	5	13	1	9.71401	0.104025	0.131399
DULE	4	35	15	28.8581	0.411749	0.507756
DULES	5	22	11	18.1328	0.469977	0.584638
DULSE	5	14	1	11.6584	0.0978212	0.111968
DUM	3	33	16	25.7825	0.467725	0.604668
DUMA	4	18	0	13.9947	0.0465282	0.0465222
DUN	3	84	47	66.4636	0.549143	0.697982
DUNCE	5	10	1	6.80559	0.128468	0.177468
DUNE	4	42	21	34.0365	0.479666	0.600865
DUNES	5	23	15	17.9851	0.606971	0.794463
DUNG	4	11	6	9.35328	0.470921	0.586216
DUNITE	6	13	0	7.91554	0.0289199	0.0375653
DUNS	4	29	9	23.6331	0.304486	0.378014
DUNT	4	33	11	26.7717	0.325677	0.40613
DUNTS	5	15	6	12.2627	0.373725	0.470616
DUO	3	97	2	73.9317	0.0317391	0.0378865
DUOS	4	39	0	30.4559	0.0237549	0.0230456
DUP	3	28	10	20.8266	0.35248	0.473881
DUPE	4	13	7	9.5994	0.474361	0.658959
DUPES	5	10	4	7.43618	0.363436	0.501024
DUPS	4	14	4	9.94934	0.28032	0.392267
DURA	4	43	1	31.4713	0.0430487	0.0520804
DURAL	5	12	1	8.63994	0.111069	0.145331
DURAS	5	21	1	14.8284	0.0690112	0.0902169
DURE	4	55	19	40.5811	0.339854	0.46208
DURES	5	31	16	22.5116	0.492786	0.686298
DURN	4	31	3	25.0093	0.115146	0.138066
DURNS	5	14	2	11.1895	0.15746	0.194976
DURO	4	39	2	29.3245	0.0703692	0.0873884
DUROS	5	16	1	12.5381	0.0873968	0.104946
DURST	5	20	1	16.002	0.0720423	0.0841639
DUSH	4	13	3	10.0392	0.237749	0.307433
DUST	4	38	6	28.293	0.167502	0.22168
DUSTER	6	15	2	12.1952	0.141748	0.175948
DUSTS	5	13	2	9.82288	0.167446	0.21853
DWALE	5	11	0	7.57089	0.0465028	0.0521128
DWELT	5	11	0	8.23173	0.0465028	0.0485704
DWINE	5	12	0	9.26434	0.0433538	0.0439067
DWINES	6	10	0	6.34372	0.0360236	0.0455022
DYE	3	57	18	44.5212	0.315917	0.404687
DYER	4	28	7	20.7726	0.251344	0.337961
DYERS	5	18	4	12.8938	0.223435	0.310921
DYES	4	36	13	27.6655	0.351312	0.461009
DYNE	4	18	4	15.186	0.229133	0.273872
DYNES	5	10	2	8.77095	0.20679	0.240933
EACH	4	69	8	51.5077	0.123711	0.16306
EADISH	6	17	0	8.35728	0.0228992	0.0358099
EAGER	5	30	11	19.4293	0.355235	0.548404
EAGERS	6	19	6	12.6455	0.30358	0.461278
EAGLE	5	16	3	11.9443	0.193963	0.258459
EAGRE	5	33	0	23.9314	0.0178998	0.0185744
EAGRES	6	22	0	15.3778	0.0181706	0.0205487
EALE	4	123	4	90.832	0.0395509	0.0510962
EALED	5	43	0	31.714	0.0139888	0.0142207
EALES	5	67	0	52.1594	0.00917667	0.0088013
EALING	6	23	0	12.7246	0.0174499	0.0244938
EAN	3	450	124	344.296	0.275907	0.36048
EANED	5	52	2	35.5699	0.0482079	0.0667079
EANING	6	11	0	5.48046	0.0332973	0.0514753
EANS	4	223	80	170.837	0.357062	0.466769
EAR	3	616	358	462.249	0.579567	0.77281
EARD	4	147	35	109.479	0.238688	0.320231
EARDS	5	54	19	39.8289	0.345976	0.471267
EARED	5	81	29	58.2137	0.353839	0.493642
EARING	6	40	19	23.0633	0.460516	0.800468
EARINGS	7	18	6	12.769	0.31969	0.46329
EARL	4	145	43	108.409	0.295619	0.395682
EARLS	5	56	23	42.4431	0.402266	0.534272
EARLY	5	11	0	8.21266	0.0465028	0.0486659
EARN	4	198	108	149.692	0.539952	0.71615
EARNED	6	20	10	14.2443	0.469984	0.673956
EARNER	6	19	5	12.0637	0.25644	0.405681
EARNEST	7	18	0	6.47045	0.0156721	0.0452688
EARNS	5	84	52	64.5727	0.60668	0.79428
EARNT	5	81	0	60.8617	0.00764299	0.00757293
EARS	4	298	145	214.091	0.483659	0.673982
EARSHOT	7	13	0	5.14676	0.0209898	0.0551749
EARST	5	151	42	111.34	0.277303	0.376427
EARTH	5	81	10	60.0565	0.127021	0.170151
EARTHS	6	35	5	24.0794	0.146183	0.212055
EAS	3	538	291	409.074	0.53934	0.709811
EASE	4	191	138	141.704	0.713265	0.964437
EASED	5	54	29	41.0957	0.522132	0.69207
EASEL	5	51	19	40.9468	0.36528	0.458852
EASER	5	111	66	84.5478	0.585757	0.772593
EASERS	6	24	15	18.3939	0.58901	0.787011
EASES	5	50	28	39.8222	0.542761	0.689196
EASIED	6	25	0	15.2347	0.0161674	0.0207289
EASIER	6	30	5	19.6178	0.168873	0.257731
EASIES	6	17	0	10.5961	0.0228992	0.0289527
EASING	6	25	13	14.2345	0.493872	0.870078
EASLE	5	43	14	35.7465	0.319881	0.388657
EASLES	6	12	1	8.10379	0.101311	0.145498
EASSIL	6	11	0	6.69418	0.0332973	0.0434551
EAST	4	287	168	210.321	0.581011	0.794183
EASTED	6	29	11	21.3036	0.366508	0.506198
EASTER	6	61	36	46.8744	0.576459	0.757524
EASTERN	7	28	2	12.5657	0.0776609	0.173282
EASTERS	7	20	11	12.2687	0.520311	0.860514
EASTING	7	13	7	8.36561	0.496028	0.791311
EASTS	5	55	39	44.7879	0.686201	0.852939
EASY	4	53	3	41.6219	0.0706299	0.0856835
EAT	3	570	270	428.991	0.47266	0.62831
EATEN	5	83	1	61.7839	0.0191242	0.0232669
EATER	5	113	69	81.2893	0.601552	0.839246
EATERS	6	61	38	50.2542	0.608098	0.746613
EATERY	6	10	0	7.2869	0.0360236	0.0403824
EATH	4	158	52	118.308	0.327471	0.437874
EATHE	5	53	2	40.9627	0.0473435	0.058234
EATING	6	24	10	12.2028	0.398268	0.777418
EATINGS	7	10	1	5.95222	0.111566	0.194581
EATS	4	326	126	236.48	0.385017	0.531132
EAU	3	163	2	124.751	0.0191782	0.0227128
EAUS	4	66	0	51.6019	0.0145799	0.0139819
EAVE	4	18	8	14.794	0.411737	0.516077
EBB	3	11	1	8.96865	0.148837	0.169462
EBON	4	38	0	29.797	0.0243218	0.0235207
EBONS	5	16	0	12.0868	0.0341137	0.034779
ECAD	4	61	0	45.5227	0.0157031	0.0157643
ECARTE	6	26	0	16.4729	0.0155944	0.0192679
ECARTES	7	14	0	3.11521	0.0196559	0.0830758
ECCO	4	12	0	9.78545	0.0640801	0.0629097
ECH	3	121	27	93.0808	0.226002	0.292823
ECHE	4	34	14	26.8592	0.39623	0.508271
ECHED	5	10	1	7.84541	0.128468	0.1577
ECHES	5	22	12	18.1455	0.510352	0.635189
ECHO	4	47	2	36.9409	0.0593104	0.070368
ECHOS	5	18	0	14.0253	0.0308284	0.0304337
ECHT	4	48	1	36.4581	0.0389019	0.0453559
ECLAT	5	25	0	18.146	0.0230568	0.0240469
ECLATS	6	14	0	8.08813	0.0271362	0.0368594
ECO	3	156	4	125.473	0.0325365	0.038257
ECOD	4	36	0	28.6018	0.0255408	0.0244345
ECOS	4	53	1	42.0478	0.0354837	0.0396216
ECRU	4	28	0	22.7277	0.0319449	0.0302006
ECU	3	88	0	69.0541	0.0130582	0.0123889
ECUS	4	36	0	27.2745	0.0255408	0.0255361
EDDY	4	11	0	9.1594	0.0683793	0.0663879
EDGE	4	29	8	22.0159	0.274096	0.36194
EDGER	5	13	5	8.89342	0.357709	0.527016
EDGES	5	18	5	13.9677	0.271587	0.354011
EDGY	4	12	0	9.26148	0.0640801	0.0657947
EDH	3	168	0	131.719	0.00697651	0.006589
EDICT	5	21	0	15.8278	0.0269372	0.0272659
EDILE	5	39	0	25.188	0.0153285	0.0176995
EDILES	6	22	0	11.5535	0.0181706	0.0267613
EDIT	4	157	0	117.059	0.00633424	0.00630542
EDITED	6	13	0	7.26387	0.0289199	0.0404937
EDITOR	6	23	0	15.1662	0.0174499	0.0208162
EDITS	5	87	0	63.2494	0.00713214	0.00729362
EDS	3	349	1	263.068	0.00623169	0.00709629
EECH	4	22	0	16.8048	0.0393438	0.0396304
EEK	3	34	0	26.6832	0.0317276	0.0306028
EEL	3	151	2	115.854	0.0206652	0.0244253
EELS	4	75	0	54.5624	0.0129169	0.0132522
EEN	3	234	10	185.546	0.0470974	0.0579806
EERY	4	32	0	24.5918	0.0283861	0.0280965
EFF	3	17	7	13.5895	0.394717	0.501195
EFS	3	80	1	64.5803	0.0262427	0.0282082
EFT	3	97	26	77.4215	0.269905	0.33789
EFTS	4	49	15	39.9087	0.30279	0.374392
EGAD	4	42	0	28.9071	0.0222025	0.0241944
EGADS	5	14	0	10.1884	0.0381827	0.0404326
EGAL	4	58	1	41.8123	0.0326178	0.0398338
EGER	4	46	0	33.414	0.0204229	0.0211295
EGERS	5	32	0	22.7564	0.0184147	0.0194745
EGEST	5	23	0	17.6301	0.0248464	0.0246959
EGG	3	23	3	17.9179	0.156829	0.193568
EGGS	4	11	1	8.07469	0.13547	0.171088
EGIS	4	67	0	51.0923	0.0143743	0.0141157
EGMAS	5	13	0	9.23083	0.0406043	0.044044
EGO	3	140	1	107.159	0.0152908	0.0172191
EGOIST	6	11	0	6.11557	0.0332973	0.0469418
EGOS	4	47	0	34.9603	0.0200217	0.0202495
EGRET	5	30	0	20.8534	0.0195386	0.0211331
EGRETS	6	23	0	16.0193	0.0174499	0.0197786
EHING	5	25	0	16.5626	0.0230568	0.0261562
EHS	3	280	2	214.27	0.0112709	0.0133174
EIDE	4	107	0	80.5778	0.00918994	0.00908547
EIDER	5	54	0	37.5758	0.0112782	0.0120869
EIDERS	6	29	0	19.6821	0.0140956	0.0162919
EIK	3	56	0	44.2837	0.0200494	0.0189996
EILD	4	65	0	47.3174	0.0147915	0.0151925
EILDS	5	25	0	17.2737	0.0230568	0.0251649
EINA	4	224	0	166.738	0.00447209	0.0044508
EINE	4	171	0	131.631	0.00582723	0.00561868
EISELL	6	10	0	5.36694	0.0360236	0.0523795
EISH	4	141	0	109.192	0.00703365	0.00675087
EITHER	6	17	0	11.1099	0.0228992	0.027734
EKE	3	16	2	12.3206	0.161777	0.199341
EKES	4	13	0	9.36066	0.0602896	0.0652285
ELAIN	5	83	0	52.8478	0.00746476	0.00868981
ELAINS	6	33	0	17.1797	0.0124944	0.0185227
ELAN	4	157	0	111.725	0.00633424	0.00660075
ELAND	5	40	0	26.775	0.0149701	0.0167056
ELANDS	6	15	0	10.1089	0.0255598	0.0302117
ELANET	6	31	0	19.1965	0.0132468	0.0166818
ELANETS	7	16	0	7.62132	0.0174394	0.0391566
ELANS	5	62	0	44.7007	0.0098851	0.0102225
ELAPSE	6	17	0	11.0267	0.0228992	0.0279243
ELASTIN	7	10	0	4.66893	0.0263554	0.0599071
ELATE	5	78	31	57.5356	0.391744	0.533196
ELATED	6	20	7	14.3644	0.334931	0.474674
ELATER	6	36	8	25.9635	0.220864	0.308158
ELATERS	7	14	2	8.96093	0.146756	0.236613
ELATES	6	40	15	28.8446	0.36576	0.512303
ELATION	7	10	0	4.15844	0.0263554	0.0659502
ELD	3	181	23	137.893	0.130965	0.170549
ELDER	5	25	6	17.6909	0.239135	0.33743
ELDERS	6	10	4	6.37111	0.363531	0.581038
ELDEST	6	15	0	9.15439	0.0255598	0.0330251
ELDIN	5	39	0	25.4554	0.0153285	0.0175238
ELDINS	6	15	0	6.54243	0.0255598	0.0443184
ELDS	4	70	14	52.7825	0.203222	0.268474
ELF	3	65	3	51.8786	0.0610491	0.0718678
ELFS	4	20	2	16.4396	0.126299	0.147913
ELIAD	5	36	0	24.8933	0.0165147	0.0178972
ELIDE	5	39	0	25.188	0.0153285	0.0176995
ELIDES	6	19	0	9.61278	0.0207402	0.0316114
ELINT	5	65	0	47.5094	0.0094475	0.00963654
ELINTS	6	32	0	18.931	0.0128596	0.0169029
ELITE	5	65	0	50.9523	0.0094475	0.0090039
ELITES	6	37	0	23.16	0.0112199	0.0139559
ELK	3	36	2	27.3242	0.0804209	0.0978229
ELKS	4	16	2	12.19	0.151679	0.191704
ELL	3	119	30	89.5244	0.25412	0.336914
ELLS	4	60	20	46.1538	0.328912	0.429483
ELM	3	101	12	76.9946	0.125974	0.162792
ELMS	4	48	10	36.303	0.212295	0.279504
ELODEA	6	13	0	7.97416	0.0289199	0.0373225
ELOGE	5	14	0	9.79108	0.0381827	0.0418566
ELOIN	5	56	0	36.7007	0.0108943	0.0123639
ELOINS	6	29	0	16.2482	0.0140956	0.0195176
ELOPE	5	16	3	12.0293	0.193963	0.256833
ELOPS	5	20	0	15.4146	0.0281204	0.0279324
ELS	3	371	15	280.183	0.0432221	0.0562553
ELSE	4	127	8	94.359	0.0688988	0.0906699
ELSHIN	6	14	0	8.50805	0.0271362	0.0352477
ELSIN	5	63	0	45.5693	0.0097348	0.0100338
ELSINS	6	18	0	8.89341	0.0217663	0.0338879
ELT	3	315	31	241.569	0.101008	0.130822
ELTS	4	174	21	133.588	0.123769	0.160231
ELUATE	6	14	0	8.31535	0.0271362	0.0359694
ELUDE	5	10	0	7.56795	0.050145	0.0521298
ELUTE	5	15	0	11.2115	0.0360337	0.0371758
ELUTOR	6	11	0	8.10877	0.0332973	0.0367767
EMAIL	5	24	0	18.0926	0.0239182	0.0241126
EME	3	82	11	65.5401	0.142221	0.175569
EMEND	5	12	0	8.25653	0.0433538	0.0484468
EMERG	5	13	0	8.59937	0.0406043	0.0468006
EMES	4	67	8	51.5528	0.127201	0.162923
EMIC	4	39	0	30.0022	0.0237549	0.0233707
EMICS	5	11	0	8.00661	0.0465028	0.0497218
EMIR	4	81	0	61.1596	0.0120041	0.0118715
EMIRS	5	36	0	26.1565	0.0165147	0.0170794
EMIT	4	96	2	74.7324	0.0302207	0.0357851
EMITS	5	49	0	37.6319	0.0123675	0.0120696
EMMA	4	17	0	13.3273	0.0487538	0.0485265
EMO	3	187	4	150.262	0.0272493	0.0320342
EMOS	4	72	1	56.6244	0.0266017	0.0297975
EMOTE	5	25	0	18.451	0.0230568	0.0236792
EMOTER	6	15	0	9.84463	0.0255598	0.0309415
EMPART	6	10	0	5.91144	0.0360236	0.0483093
EMPT	4	19	0	15.1015	0.0444968	0.0435401
EMPTS	5	11	0	8.36192	0.0465028	0.0479286
EMS	3	217	2	168.935	0.0144873	0.0168465
EMU	3	80	1	61.4522	0.0262427	0.0295959
EMURE	5	11	0	7.73814	0.0465028	0.0511684
EMUS	4	29	0	22.0554	0.0309741	0.031039
EMYD	4	12	0	9.06734	0.0640801	0.066932
EMYS	4	14	0	11.2973	0.0569224	0.0558442
ENACT	5	39	0	26.9434	0.0153285	0.0166067
ENACTS	6	16	0	9.42364	0.0241564	0.0321798
ENAMOR	6	16	0	7.0531	0.0241564	0.041541
ENARCH	6	17	0	9.73514	0.0228992	0.0312543
ENARM	5	33	0	21.8463	0.0178998	0.020234
ENARMS	6	15	0	7.25076	0.0255598	0.0405573
ENATE	5	98	0	68.7777	0.00635358	0.0067198
ENATES	6	50	0	33.5169	0.00842641	0.00977997
ENATIC	6	27	0	12.3297	0.0150606	0.0252143
ENCASE	6	14	0	9.60876	0.0271362	0.0316233
END	3	302	86	235.311	0.285176	0.365899
ENDART	6	20	0	12.3712	0.0198066	0.0251365
ENDASH	6	17	0	8.31471	0.0228992	0.0359719
ENDEAR	6	19	0	13.4566	0.0207402	0.0232617
ENDED	5	14	3	9.62955	0.217098	0.312262
ENDER	5	59	34	41.0445	0.560815	0.810454
ENDERS	6	31	16	22.0902	0.494979	0.704675
ENDITE	6	13	0	7.18745	0.0289199	0.0408673
ENDOW	5	15	0	10.2055	0.0360337	0.0403736
ENDS	4	118	33	90.4028	0.279063	0.36462
ENDUE	5	14	0	10.292	0.0381827	0.0400771
ENDURO	6	10	0	5.46664	0.0360236	0.0515837
ENE	3	200	63	160.334	0.315053	0.39319
ENEMA	5	22	0	15.0397	0.0258496	0.028566
ENES	4	144	45	112.089	0.31114	0.400443
ENEW	4	24	0	19.3638	0.036524	0.0349197
ENEWS	5	11	0	8.43594	0.0465028	0.0475712
ENG	3	199	1	152.109	0.0108416	0.0122012
ENGIRD	6	10	0	5.68824	0.0360236	0.0498987
ENGORE	6	13	0	8.19459	0.0289199	0.036437
ENGRAM	6	10	0	6.26429	0.0360236	0.0459933
ENGS	4	72	0	52.8296	0.0134274	0.0136697
ENHALO	6	15	0	7.90845	0.0255598	0.0375949
ENIAC	5	59	0	42.5236	0.0103652	0.0107282
ENLIST	6	25	0	16.2372	0.0161674	0.0195299
ENLIT	5	47	0	34.3535	0.0128645	0.0131735
ENMEW	5	10	0	6.91026	0.050145	0.0562113
ENNAGE	6	10	0	4.33694	0.0360236	0.0623103
ENNOG	5	13	0	9.78322	0.0406043	0.0418858
ENODAL	6	14	0	9.15437	0.0271362	0.0330252
ENOL	4	129	0	98.4592	0.00766871	0.00747093
ENOLS	5	51	0	37.2026	0.0119074	0.0122035
ENORM	5	32	0	24.1164	0.0184147	0.0184401
ENOSES	6	15	0	9.72036	0.0255598	0.031297
ENOW	4	43	0	36.1662	0.0217292	0.0196124
ENOWS	5	11	0	8.8647	0.0465028	0.0456013
ENRACE	6	12	0	7.87081	0.0309546	0.0377527
ENRAGE	6	11	0	6.11706	0.0332973	0.0469321
ENRING	6	10	0	6.36874	0.0360236	0.0453497
ENROL	5	43	0	30.3149	0.0139888	0.0148463
ENROLS	6	23	0	13.9333	0.0174499	0.0225238
ENS	3	518	24	404.65	0.048294	0.0611671
ENSATE	6	41	0	25.7586	0.0101814	0.0126054
ENSEAL	6	24	0	13.0397	0.0167842	0.0239478
ENSEAM	6	15	0	7.85985	0.0255598	0.0377989
ENSEAR	6	31	0	17.9451	0.0132468	0.0177781
ENSERF	6	13	0	7.52152	0.0289199	0.039283
ENSIGN	6	12	0	6.88676	0.0309546	0.0424067
ENSILE	6	20	0	11.3267	0.0198066	0.0272499
ENSILES	7	10	0	2.21574	0.0263554	0.107041
ENSUE	5	24	0	18.2406	0.0239182	0.0239317
ENSURE	6	12	0	5.85188	0.0309546	0.0487234
ENTAIL	6	32	5	18.9465	0.159001	0.266364
ENTAILS	7	13	3	5.00559	0.224578	0.564293
ENTAME	6	12	0	7.65747	0.0309546	0.0386728
ENTER	5	100	45	71.8353	0.444111	0.620144
ENTERA	6	51	0	33.7545	0.00826806	0.00971329
ENTERAL	7	17	0	7.01655	0.0165085	0.042147
ENTERON	7	11	0	3.72545	0.024286	0.0721209
ENTERS	6	48	21	34.5213	0.426977	0.599109
ENTIA	5	90	0	63.5505	0.00690149	0.00725986
ENTICE	6	11	0	5.89561	0.0332973	0.0484186
ENTIRE	6	50	1	29.6988	0.0275786	0.0434658
ENTIRES	7	28	0	9.25849	0.0104016	0.0328474
ENTOIL	6	19	0	8.61021	0.0207402	0.0348767
ENTRAIL	7	11	2	5.46404	0.181325	0.36658
ENTRAIN	7	13	0	4.78597	0.0209898	0.0586745
ENTRAP	6	15	0	8.58153	0.0255598	0.0349801
ENTREAT	7	12	0	3.72192	0.0225179	0.0721759
ENTRIES	7	18	0	5.36809	0.0156721	0.0532274
ENTRY	5	22	0	16.1278	0.0258496	0.0268016
ENTS	4	278	20	209.215	0.0745613	0.0981732
ENURE	5	24	0	16.6843	0.0239182	0.025981
ENURES	6	13	0	6.34599	0.0289199	0.0454883
ENURN	5	14	0	9.30938	0.0381827	0.0437236
EOAN	4	109	1	84.9978	0.0178841	0.0200976
EON	3	343	20	274.697	0.0611308	0.0754313
EONISM	6	13	0	4.6663	0.0289199	0.0587487
EONS	4	158	13	124.038	0.086589	0.108966
EORL	4	90	0	68.5557	0.0108536	0.01063
EORLS	5	31	0	23.2802	0.01896	0.0190627
EOSIN	5	74	0	55.6299	0.00833991	0.00826656
EOSINE	6	26	0	12.6474	0.0155944	0.0246312
EOSINS	6	14	0	5.44033	0.0271362	0.0517913
EOTHEN	6	13	0	7.2469	0.0289199	0.0405761
EPACT	5	13	0	9.87464	0.0406043	0.0415489
EPATER	6	18	0	12.0474	0.0217663	0.0257557
EPEIRA	6	11	0	7.76946	0.0332973	0.0381843
EPIC	4	21	0	16.512	0.0409235	0.0402517
EPOS	4	58	0	42.4311	0.0164641	0.0168572
ERA	3	714	161	530.866	0.225975	0.303717
ERAS	4	348	111	250.65	0.318322	0.442032
ERASE	5	132	56	98.0885	0.420281	0.567113
ERASED	6	32	11	21.265	0.334371	0.507074
ERASER	6	37	11	25.9318	0.291736	0.419518
ERASERS	7	11	4	4.80226	0.338365	0.759707
ERASES	6	26	13	19.1589	0.476368	0.65854
ERASING	7	10	2	5.54614	0.196776	0.361913
ERASION	7	14	0	4.90809	0.0196559	0.0574413
ERBIAS	6	11	0	7.22243	0.0332973	0.0406954
ERE	3	318	135	236.805	0.423278	0.568682
ERECT	5	37	4	27.2869	0.116684	0.155409
ERECTS	6	14	2	10.2556	0.150491	0.206012
ERED	4	147	8	106.031	0.0597674	0.0808885
ERES	4	254	100	181.01	0.391691	0.550032
EREVS	5	12	0	9.18613	0.0433538	0.0442284
ERF	3	159	5	123.536	0.0380804	0.0468038
ERG	3	199	9	150.368	0.0502951	0.0647979
ERGATE	6	14	0	10.781	0.0271362	0.028502
ERGO	4	69	0	49.6181	0.01398	0.0145175
ERGON	5	32	0	21.8114	0.0184147	0.0202643
ERGONS	6	11	0	6.27645	0.0332973	0.0459174
ERGOS	5	21	0	15.2491	0.0269372	0.0282086
ERGOT	5	27	0	17.8715	0.0215077	0.0243879
ERGOTS	6	12	0	7.52882	0.0309546	0.0392497
ERGS	4	73	1	54.1961	0.0262558	0.0310813
ERHUS	5	13	0	9.87163	0.0406043	0.0415599
ERIC	4	121	1	92.5937	0.016166	0.0184866
ERICS	5	47	0	33.6104	0.0128645	0.0134524
ERING	5	101	1	65.4447	0.0158068	0.0219944
ERINGO	6	33	0	19.7962	0.0124944	0.0162029
ERINGOS	7	11	0	6.75974	0.024286	0.0435596
ERK	3	76	4	56.8025	0.0651666	0.0828304
ERKS	4	24	2	17.0121	0.108195	0.143497
ERM	3	208	15	160.479	0.0764903	0.0976657
ERMINE	6	14	0	7.49905	0.0271362	0.0393857
ERN	3	442	142	344.075	0.321238	0.4127
ERNE	4	174	87	132.026	0.494753	0.653935
ERNED	5	51	15	36.7129	0.290885	0.405001
ERNES	5	95	52	72.215	0.538422	0.711922
ERNING	6	14	0	8.55113	0.0271362	0.0350903
ERNS	4	204	56	155.221	0.274256	0.360591
ERODE	5	53	0	39.7639	0.0114804	0.0114458
ERODES	6	27	0	16.1737	0.0150606	0.0196018
EROS	4	274	2	193.655	0.0108642	0.0140525
EROSE	5	91	0	66.0761	0.00682789	0.00698849
EROSES	6	27	0	19.3553	0.0150606	0.0165522
EROSION	7	10	0	3.36046	0.0263554	0.0782961
EROTEMA	7	12	0	2.18523	0.0225179	0.108099
EROTIC	6	30	0	17.5947	0.013658	0.0181115
EROTICA	7	16	0	4.79888	0.0174394	0.0585417
EROTICS	7	15	0	3.98657	0.0184814	0.0682687
EROTISM	7	11	0	2.93168	0.024286	0.0870526
ERR	3	203	9	153.182	0.0493222	0.0636239
ERRAND	6	14	0	8.87841	0.0271362	0.0339389
ERRANT	6	24	0	14.9298	0.0167842	0.0211232
ERRANTS	7	15	0	5.63446	0.0184814	0.0510584
ERRATA	6	12	0	7.90653	0.0309546	0.0376029
ERRED	5	29	1	18.935	0.0516322	0.0720777
ERRING	6	12	1	6.35461	0.101311	0.179658
ERRS	4	105	5	76.1612	0.0552702	0.073434
ERS	3	727	43	530.567	0.0604819	0.082376
ERSES	5	64	4	50.2786	0.0694982	0.0863882
ERST	4	374	3	268.407	0.0106355	0.0138661
ERUCT	5	18	0	13.3335	0.0308284	0.0318539
ERUGO	5	14	0	9.33726	0.0381827	0.043611
ERUPT	5	10	0	7.33223	0.050145	0.0535226
ERUV	4	14	0	11.1357	0.0569224	0.056523
ESCAR	5	52	1	40.9264	0.029949	0.0347079
ESCARS	6	16	0	9.8852	0.0241564	0.0308272
ESCHAR	6	10	0	6.60145	0.0360236	0.0439786
ESCORT	6	16	4	10.2591	0.243774	0.382086
ESCOT	5	37	0	28.7939	0.0160994	0.015592
ESCOTS	6	10	0	7.3377	0.0360236	0.0401392
ESES	4	121	1	89.7956	0.016166	0.0190491
ESILE	5	64	0	49.5977	0.009589	0.00924264
ESILES	6	22	0	14.6171	0.0181706	0.0215436
ESKAR	5	14	0	9.5919	0.0381827	0.0426089
ESKER	5	10	0	7.1738	0.050145	0.0545013
ESNE	4	181	2	141.347	0.0163284	0.0191745
ESNES	5	58	0	45.4155	0.0105358	0.0100667
ESPARTO	7	12	0	4.06159	0.0225179	0.067237
ESPIAL	6	11	0	6.01261	0.0332973	0.0476217
ESPIER	6	16	0	10.2166	0.0241564	0.0299241
ESPOIR	6	11	0	5.44672	0.0332973	0.0517408
ESPRIT	6	12	0	6.6332	0.0309546	0.0437979
ESS	3	206	0	161.52	0.00571271	0.00538918
ESSE	4	62	0	47.4421	0.0154648	0.0151543
ESSOIN	6	16	0	10.1139	0.0241564	0.0301982
EST	3	782	63	599.612	0.0817012	0.106161
ESTATE	6	34	6	21.075	0.177834	0.285896
ESTATED	7	11	1	4.84128	0.102806	0.232219
ESTATES	7	10	1	4.05148	0.111566	0.269242
ESTER	5	170	4	125.529	0.0268582	0.0352088
ESTERS	6	50	1	36.3959	0.0275786	0.0357016
ESTOCS	6	10	0	6.48389	0.0360236	0.0446607
ESTOP	5	46	2	35.7665	0.054139	0.066356
ESTRADE	7	18	0	8.7415	0.0156721	0.0346083
ESTRAL	6	51	0	34.2041	0.00826806	0.0095896
ESTRAY	6	17	0	11.2517	0.0228992	0.0274154
ESTREAT	7	21	0	9.86257	0.0136041	0.0310041
ESTRIN	6	67	0	41.487	0.00635674	0.00794948
ESTRINS	7	19	0	6.77392	0.0149163	0.0434792
ESTRIOL	7	15	0	4.89982	0.0184814	0.0575232
ESTRO	5	150	8	110.249	0.056558	0.0758213
ESTRONE	7	18	0	5.22623	0.0156721	0.0544594
ESTROS	6	36	1	26.8515	0.0376823	0.0478942
ESTRUM	6	10	0	6.13829	0.0360236	0.0467943
ESTRUS	6	16	0	9.58862	0.0241564	0.0316829
ESTS	4	147	13	113.299	0.0929007	0.119101
ETA	3	679	95	507.203	0.140894	0.188247
ETAGE	5	35	0	25.4312	0.0169519	0.0175395
ETAGES	6	13	0	8.97758	0.0289199	0.0336048
ETALON	6	27	0	15.9487	0.0150606	0.0198605
ETALONS	7	14	0	4.26267	0.0196559	0.0646193
ETAMIN	6	27	0	13.4607	0.0150606	0.0232551
ETAPE	5	29	0	19.3731	0.0201537	0.0226326
ETAPES	6	17	0	11.0759	0.0228992	0.0278115
ETAS	4	348	45	253.352	0.130772	0.179056
ETAT	4	147	24	103.758	0.165794	0.233679
ETATS	5	80	20	57.5241	0.249376	0.346904
ETCH	4	57	16	44.1698	0.279437	0.361544
ETCHES	6	12	5	7.28044	0.382734	0.637346
ETEN	4	162	7	123.081	0.0483361	0.0618928
ETENS	5	71	2	54.2253	0.0357912	0.0443718
ETERNAL	7	11	0	3.30156	0.024286	0.079393
ETESIAN	7	13	0	5.56301	0.0209898	0.0516226
ETH	3	328	96	254.377	0.292969	0.377688
ETHAL	5	36	0	27.5152	0.0165147	0.0162794
ETHALS	6	14	0	8.87976	0.0271362	0.0339343
ETHANE	6	15	0	9.25689	0.0255598	0.0326981
ETHE	4	83	32	64.1309	0.379945	0.49403
ETHER	5	45	15	34.3801	0.327423	0.43134
ETHERS	6	25	7	17.8166	0.273393	0.388029
ETHIC	5	24	0	19.3175	0.0239182	0.0226931
ETHION	6	13	0	5.98478	0.0289199	0.0478089
ETHNOS	6	11	0	6.92063	0.0332973	0.0422275
ETHOS	5	37	0	28.3476	0.0160994	0.0158252
ETHS	4	150	42	115.458	0.279517	0.363466
ETIC	4	127	1	96.4984	0.015425	0.017755
ETICS	5	43	1	32.6678	0.0358383	0.0430996
ETNA	4	259	0	192.93	0.00387673	0.00385328
ETNAS	5	121	0	90.7101	0.00517288	0.00512131
ETOILE	6	17	0	9.09454	0.0228992	0.033219
ETRIER	6	17	0	10.2977	0.0228992	0.029711
ETTIN	5	52	0	36.1934	0.01169	0.0125303
ETTINS	6	23	0	15.1657	0.0174499	0.0208168
ETTLE	5	21	0	13.8722	0.0269372	0.0307369
ETTLES	6	11	0	8.30171	0.0332973	0.0360216
ETUDE	5	16	0	12.8763	0.0341137	0.0328677
EUGE	4	15	0	11.3941	0.0539115	0.0554456
EUGH	4	13	0	10.9997	0.0602896	0.0571069
EUK	3	16	0	13.0596	0.0606143	0.0580379
EURO	4	67	0	52.3127	0.0143743	0.0137994
EUROS	5	29	0	22.1748	0.0201537	0.0199531
EVE	3	29	22	23.2187	0.70791	0.902443
EVEN	4	13	7	10.1722	0.474361	0.628365
EVER	4	22	12	16.0134	0.50257	0.701507
EVERT	5	11	0	7.66411	0.0465028	0.0515822
EVES	4	21	7	16.2681	0.321988	0.420552
EVET	4	19	0	14.4498	0.0444968	0.0452479
EVETS	5	11	0	8.44003	0.0465028	0.0475515
EVIL	4	24	2	19.597	0.108195	0.126452
EVITE	5	10	0	7.38047	0.050145	0.0532316
EVO	3	54	1	41.7415	0.0380535	0.0428906
EVOE	4	14	0	11.3443	0.0569224	0.05565
EVOS	4	19	0	14.5747	0.0444968	0.0449103
EWE	3	32	7	27.4137	0.229195	0.266728
EWER	4	21	2	16.321	0.121228	0.148862
EWERS	5	11	1	7.89985	0.119137	0.156786
EWES	4	23	4	18.3064	0.186551	0.232126
EWEST	5	17	0	13.1011	0.032388	0.0323614
EWT	3	88	0	70.4263	0.0130582	0.0121546
EWTS	4	48	0	37.3133	0.019636	0.0190425
EYAS	4	34	0	24.3935	0.0268884	0.0283064
EYE	3	30	15	24.2148	0.479664	0.602693
EYED	4	14	2	11.1196	0.168621	0.207151
EYEN	4	20	0	16.1263	0.0426355	0.0411005
EYER	4	23	13	18.531	0.521058	0.66449
EYERS	5	18	8	13.6979	0.416042	0.557829
EYES	4	22	10	17.781	0.425365	0.539064
EYNE	4	29	0	23.4922	0.0309741	0.0293007
EYOT	4	34	0	27.227	0.0268884	0.0255774
EYRE	4	32	6	23.8456	0.195492	0.259584
EYRES	5	14	3	9.9863	0.217098	0.302555
FAA	3	30	3	23.1518	0.124321	0.153506
FAAN	4	12	1	9.89474	0.126952	0.145265
FAAS	4	15	1	12.1923	0.106807	0.122018
FAB	3	27	4	19.5352	0.168941	0.225265
FACE	4	21	11	16.3064	0.482597	0.636241
FACER	5	14	6	10.9834	0.396014	0.518884
FACET	5	13	2	9.68877	0.167446	0.221152
FACT	4	22	5	17.2679	0.232355	0.295992
FACTS	5	12	3	9.78836	0.2465	0.307865
FAD	3	51	21	39.0644	0.4053	0.531099
FADE	4	38	18	28.5288	0.453862	0.610944
FADED	5	12	4	8.93142	0.314216	0.429137
FADER	5	21	9	14.2907	0.405603	0.600242
FADERS	6	12	5	8.4625	0.382734	0.558525
FADES	5	20	7	14.8546	0.335574	0.457167
FADO	4	17	0	13.7284	0.0487538	0.0473018
FADS	4	14	3	10.8249	0.224471	0.288838
FAE	3	106	13	81.3406	0.129346	0.166296
FAG	3	33	10	25.7787	0.30455	0.389816
FAGS	4	13	4	9.62138	0.296902	0.403183
FAH	3	44	1	35.933	0.0460194	0.0494347
FAHS	4	17	0	14.386	0.0487538	0.0454225
FAIL	4	24	14	18.3598	0.538221	0.718755
FAILS	5	12	6	8.52226	0.449646	0.646431
FAIN	4	44	24	32.7303	0.522264	0.709331
FAINE	5	17	6	11.4913	0.335914	0.498581
FAINES	6	11	3	6.93114	0.260339	0.415917
FAINS	5	18	10	13.7776	0.512346	0.685915
FAINT	5	14	6	9.87552	0.396014	0.569462
FAIR	4	49	19	36.8205	0.378397	0.506654
FAIRED	6	13	3	8.76078	0.226114	0.338712
FAIRS	5	28	13	20.0468	0.44333	0.625544
FAITH	5	13	1	8.57673	0.104025	0.146244
FALL	4	13	9	9.32704	0.592668	0.848623
FALSE	5	18	3	14.4662	0.175284	0.217608
FALSER	6	12	2	9.68836	0.171666	0.216848
FALTER	6	10	7	7.9854	0.609162	0.808106
FAME	4	21	15	16.3165	0.643205	0.852334
FAMES	5	12	9	9.50014	0.652793	0.861887
FAN	3	95	58	74.9559	0.599354	0.76378
FAND	4	25	7	19.8752	0.277431	0.351722
FANE	4	49	12	36.8179	0.246085	0.327118
FANES	5	29	3	22.6654	0.114589	0.143744
FANG	4	19	10	13.8512	0.481077	0.671337
FANO	4	33	2	26.6855	0.0818098	0.0953822
FANOS	5	16	1	10.3265	0.0873968	0.124588
FANS	4	43	16	33.9581	0.362842	0.463751
FAP	3	29	5	21.4362	0.189146	0.24952
FAR	3	122	91	92.0351	0.73307	0.975682
FARD	4	26	6	19.5059	0.234715	0.31157
FARE	4	82	56	59.3425	0.663745	0.922692
FARED	5	36	9	25.8456	0.248667	0.346516
FARER	5	24	3	17.4007	0.135994	0.183805
FARERS	6	11	1	8.0225	0.108978	0.146795
FARES	5	57	39	42.8026	0.663239	0.891171
FARL	4	26	6	18.916	0.234715	0.320288
FARLE	5	15	6	11.6842	0.373725	0.491282
FARLES	6	10	4	7.76412	0.363531	0.489683
FARLS	5	17	3	12.7429	0.184151	0.243956
FARM	4	19	4	14.5311	0.219129	0.284616
FARO	4	46	0	33.0833	0.0204229	0.0213278
FAROS	5	20	0	14.8014	0.0281204	0.0289839
FARREN	6	10	0	6.43214	0.0360236	0.0449677
FARS	4	63	20	46.0512	0.314164	0.430396
FARSE	5	43	9	32.5097	0.210634	0.278597
FARSED	6	14	0	10.3549	0.0271362	0.0295627
FART	4	60	37	44.723	0.594931	0.805161
FARTED	6	16	6	12.1226	0.353583	0.479526
FARTS	5	36	19	27.0113	0.506614	0.683206
FAS	3	112	57	87.3282	0.502706	0.646978
FASH	4	27	9	22.3463	0.324191	0.39786
FAST	4	61	36	45.6396	0.570357	0.768804
FASTED	6	13	8	10.7433	0.554771	0.704322
FASTEN	6	17	7	11.6754	0.387227	0.574616
FASTER	6	30	21	24.5756	0.66556	0.831219
FASTERS	7	12	9	9.18029	0.677747	0.925734
FASTI	5	24	1	17.0744	0.0612767	0.0793019
FASTIE	6	11	0	6.69479	0.0332973	0.0434517
FASTS	5	10	4	8.17559	0.363436	0.462695
FAT	3	115	60	90.5063	0.515267	0.657166
FATE	4	72	32	53.194	0.435005	0.591633
FATED	5	25	2	18.6328	0.095083	0.122856
FATES	5	48	21	36.2359	0.42626	0.569165
FATHER	6	14	8	10.3794	0.520554	0.726659
FATS	4	74	25	56.0671	0.333985	0.442232
FATSO	5	29	1	23.1463	0.0516322	0.059757
FAUN	4	14	0	10.9415	0.0569224	0.0573606
FAUR	4	13	0	9.69861	0.0602896	0.0633703
FAUT	4	14	0	9.59919	0.0569224	0.0639058
FAUTS	5	10	0	7.5281	0.050145	0.0523601
FAW	3	26	9	21.5613	0.342569	0.416993
FAY	3	21	7	16.1833	0.330977	0.430233
FEAL	4	42	15	31.5574	0.348962	0.467112
FEALS	5	17	8	14.0892	0.437089	0.543815
FEAR	4	57	30	42.8497	0.509302	0.68316
FEARE	5	27	15	19.6463	0.52541	0.732024
FEARES	6	16	10	11.6809	0.573201	0.809172
FEARS	5	23	8	16.5898	0.335313	0.468601
FEART	5	23	1	16.2099	0.0636547	0.0831753
FEASE	5	16	6	12.6395	0.353812	0.458065
FEAST	5	22	8	16.1265	0.348851	0.480925
FEAT	4	50	21	36.0712	0.40848	0.568889
FEATER	6	10	1	7.44588	0.117901	0.156705
FEATS	5	31	14	21.8317	0.433558	0.620548
FED	3	72	15	56.7335	0.213783	0.269779
FEDS	4	19	5	14.9568	0.262787	0.335947
FEE	3	55	37	44.6077	0.649961	0.810403
FEED	4	18	6	13.8762	0.320435	0.420921
FEEL	4	13	7	9.68244	0.474361	0.65434
FEEN	4	28	3	21.9454	0.125973	0.155612
FEENS	5	13	2	9.95125	0.167446	0.216078
FEER	4	38	20	28.6614	0.501589	0.673199
FEERS	5	23	14	17.0591	0.568163	0.780212
FEES	4	34	10	26.2535	0.290704	0.378346
FEET	4	32	11	24.1491	0.334748	0.446609
FEG	3	36	4	26.4454	0.13071	0.170804
FEGS	4	12	3	9.16923	0.252697	0.331033
FEH	3	58	1	44.8859	0.0355893	0.0400226
FEHM	4	10	0	8.00344	0.0732968	0.0739355
FEHS	4	25	0	19.0246	0.0352604	0.0354786
FEINT	5	23	0	15.203	0.0248464	0.0282866
FEINTS	6	14	0	7.56946	0.0271362	0.0390656
FEIS	4	51	7	40.8484	0.146055	0.18022
FEIST	5	23	4	18.2735	0.18008	0.226286
FELON	5	12	0	9.84858	0.0433538	0.0416444
FELT	4	23	7	17.6416	0.298053	0.391387
FELTS	5	12	3	10.5139	0.2465	0.289257
FEM	3	37	8	28.2649	0.225615	0.292153
FEMS	4	20	4	15.0886	0.209962	0.275418
FEN	3	102	48	81.4225	0.465144	0.584997
FEND	4	27	14	20.5441	0.485976	0.649618
FENDS	5	10	7	7.95999	0.598404	0.790715
FENI	4	55	1	42.4756	0.034279	0.0392419
FENIS	5	21	0	15.7369	0.0269372	0.0274098
FENS	4	50	11	39.7362	0.222969	0.280468
FENT	4	41	22	32.8505	0.512617	0.649778
FENTS	5	30	12	23.3307	0.385753	0.502493
FEOD	4	25	0	20.1555	0.0352604	0.033681
FER	3	147	67	112.323	0.452333	0.593064
FERAL	5	20	0	14.112	0.0281204	0.0302645
FERE	4	58	34	42.7487	0.56569	0.773759
FERER	5	15	0	10.0534	0.0360337	0.0409054
FERES	5	39	28	29.4392	0.685703	0.920563
FEREST	6	20	2	13.7557	0.109842	0.15746
FERIA	5	39	0	26.6418	0.0153285	0.0167847
FERIAE	6	14	0	6.41868	0.0271362	0.0450482
FERIAS	6	13	0	7.96528	0.0289199	0.0373591
FERINE	6	14	0	7.33398	0.0271362	0.0401569
FERM	4	29	2	22.9086	0.0917546	0.10975
FERMI	5	14	0	10.2328	0.0381827	0.0402793
FERMS	5	12	2	8.25043	0.178785	0.253809
FERN	4	45	14	34.9714	0.307108	0.39724
FERNS	5	22	7	16.5734	0.308476	0.413666
FES	3	125	41	97.2517	0.327703	0.421396
FESS	4	15	1	12.3633	0.106807	0.120581
FEST	4	64	33	50.0717	0.50098	0.646141
FESTA	5	32	0	23.3597	0.0184147	0.0190016
FESTER	6	12	6	9.05148	0.45309	0.624656
FESTS	5	12	10	10.6068	0.720508	0.865702
FET	3	121	48	93.249	0.394312	0.512465
FETA	4	61	14	44.5869	0.231402	0.315538
FETAL	5	21	2	14.2725	0.111085	0.156841
FETAS	5	28	7	20.8796	0.24832	0.334034
FETE	4	31	6	23.563	0.201093	0.262436
FETES	5	20	5	15.3736	0.24773	0.324499
FETOR	5	20	0	15.2371	0.0281204	0.0282289
FETORS	6	10	0	7.05363	0.0360236	0.0415384
FETS	4	72	21	56.9437	0.290088	0.368
FETT	4	11	7	7.94411	0.538011	0.766867
FEU	3	24	0	20.2525	0.0431526	0.0393925
FEW	3	17	4	12.9656	0.25028	0.323256
FEY	3	25	1	18.5429	0.0764109	0.0910054
FIAR	4	44	2	32.9691	0.0630246	0.0783232
FIARS	5	23	2	15.5028	0.102463	0.145485
FIAT	4	42	0	32.3263	0.0222025	0.0217959
FIATED	6	11	0	8.75207	0.0332973	0.0343743
FIATS	5	24	0	17.5047	0.0239182	0.0248589
FIB	3	13	2	10.1092	0.190717	0.235338
FICE	4	23	4	18.1737	0.186551	0.233639
FICES	5	12	2	8.9078	0.178785	0.237762
FICO	4	13	0	10.2053	0.0602896	0.0607742
FID	3	47	13	37.4954	0.279659	0.350269
FIDES	5	20	0	15.2521	0.0281204	0.0282036
FIDO	4	13	0	9.96256	0.0602896	0.0619909
FIDS	4	16	3	12.5455	0.201917	0.255052
FIE	3	123	20	99.6487	0.167219	0.205156
FIEF	4	11	1	7.26773	0.13547	0.185725
FIENT	5	15	0	10.1964	0.0360337	0.0404049
FIER	4	78	3	59.6376	0.0490715	0.0607062
FIERE	5	26	0	19.009	0.0222554	0.0230346
FIERES	6	17	0	11.0825	0.0228992	0.0277964
FIERS	5	48	3	36.2027	0.0717038	0.0921185
FIEST	5	39	1	30.457	0.0392704	0.0460822
FIESTA	6	18	0	11.9505	0.0217663	0.0259471
FIG	3	25	10	20.8926	0.389235	0.472523
FIL	3	68	43	54.2219	0.615832	0.778618
FILA	4	32	2	24.575	0.0840883	0.102911
FILAR	5	11	0	7.29816	0.0465028	0.0537301
FILE	4	37	28	29.3114	0.709425	0.91346
FILED	5	10	4	6.99397	0.363436	0.527139
FILER	5	15	11	11.355	0.655135	0.893134
FILES	5	23	15	17.6845	0.606971	0.806917
FILET	5	14	1	9.75353	0.0978212	0.130937
FILM	4	13	4	10.4617	0.296902	0.376348
FILO	4	26	0	21.1632	0.0340814	0.0322261
FILOS	5	12	0	8.57957	0.0433538	0.0468926
FILS	4	29	5	22.1096	0.182925	0.236953
FIN	3	98	64	78.2202	0.640643	0.80742
FINCA	5	11	0	8.32406	0.0465028	0.0481134
FIND	4	24	10	17.3381	0.394879	0.551305
FINE	4	52	36	42.1728	0.662177	0.828918
FINED	5	20	9	14.6334	0.423417	0.587483
FINEER	6	10	6	6.39231	0.527285	0.846486
FINER	5	26	17	20.9755	0.613196	0.777738
FINERS	6	14	9	10.6505	0.582231	0.795024
FINES	5	26	19	20.3998	0.682719	0.889558
FINEST	6	10	0	7.19216	0.0360236	0.0408441
FINI	4	20	0	16.5561	0.0426355	0.040157
FINO	4	35	2	28.6207	0.0776042	0.0893864
FINOS	5	19	1	14.7335	0.0753519	0.0907444
FINS	4	49	15	39.2289	0.30279	0.38054
FIR	3	98	60	78.8731	0.601339	0.751536
FIRE	4	68	45	51.7499	0.639998	0.848604
FIRED	5	23	7	17.8198	0.296505	0.386965
FIRER	5	14	6	10.1497	0.396014	0.556047
FIRERS	6	11	6	8.12259	0.48738	0.6876
FIRES	5	49	35	38.3783	0.688465	0.889735
FIRK	4	14	0	11.0714	0.0569224	0.0567976
FIRM	4	11	1	8.87186	0.13547	0.158729
FIRN	4	38	3	29.2088	0.0959118	0.119585
FIRNS	5	16	1	12.6532	0.0873968	0.104092
FIRS	4	53	12	40.744	0.228787	0.297187
FIRST	5	25	4	18.7612	0.167109	0.220836
FIRTH	5	11	1	7.79348	0.119137	0.158583
FISC	4	19	0	15.9424	0.0444968	0.041518
FISH	4	35	8	28.0068	0.231825	0.290072
FIST	4	57	20	45.4554	0.345113	0.435782
FIT	3	85	42	68.8817	0.486631	0.603813
FITNA	5	13	0	8.33104	0.0406043	0.0480793
FITS	4	51	19	42.1338	0.364614	0.445884
FITT	4	15	11	12.7645	0.635759	0.787191
FITTS	5	10	6	7.21177	0.520081	0.743786
FLAG	4	12	6	8.75184	0.441313	0.618515
FLAM	4	14	5	10.609	0.33617	0.450297
FLAN	4	26	4	19.5751	0.167837	0.218579
FLANE	5	14	0	9.92449	0.0381827	0.0413674
FLANES	6	10	0	6.35164	0.0360236	0.0454538
FLANS	5	12	0	8.09951	0.0433538	0.0492401
FLAP	4	10	3	8.04702	0.289042	0.367414
FLARE	5	20	9	13.6434	0.423417	0.625916
FLARES	6	15	7	11.0781	0.432219	0.602811
FLASER	6	13	0	8.86081	0.0289199	0.0339989
FLAT	4	27	7	19.2867	0.259477	0.361372
FLATS	5	14	3	10.2089	0.217098	0.296799
FLEA	4	26	2	20.0644	0.100959	0.123793
FLEAS	5	13	2	10.8075	0.167446	0.201032
FLED	4	20	0	16.0787	0.0426355	0.0412078
FLEE	4	13	3	9.29874	0.237749	0.327293
FLIC	4	11	2	8.46865	0.20256	0.258796
FLIER	5	16	4	11.5061	0.247246	0.344121
FLIERS	6	11	3	7.43527	0.260339	0.391339
FLIES	5	17	2	13.0203	0.133563	0.170375
FLIM	4	15	2	10.4123	0.159702	0.2188
FLIR	4	23	2	16.8246	0.112216	0.144914
FLIRS	5	11	1	8.28301	0.119137	0.150639
FLIRT	5	10	1	7.245	0.128468	0.16854
FLIT	4	20	5	14.642	0.251794	0.34224
FLITS	5	10	2	7.70844	0.20679	0.268764
FLOAT	5	12	3	8.5591	0.2465	0.345525
FLOC	4	15	0	11.4193	0.0539115	0.0553427
FLOE	4	21	0	16.4976	0.0409235	0.0402828
FLOES	5	14	0	11.7191	0.0381827	0.0357472
FLOG	4	15	3	10.1582	0.212597	0.304466
FLOOR	5	10	0	7.05892	0.050145	0.0552338
FLOR	4	27	4	20.8587	0.162406	0.206392
FLORA	5	11	2	8.01488	0.19177	0.260099
FLORET	6	10	1	8.34794	0.117901	0.141736
FLOTA	5	12	0	8.93637	0.0433538	0.0452879
FLOTE	5	12	3	8.17635	0.2465	0.359207
FLU	3	26	10	20.4789	0.37616	0.481167
FLY	3	13	0	9.99582	0.0714575	0.0726938
FOAL	4	20	4	15.7692	0.209962	0.264966
FOALS	5	12	3	9.43043	0.2465	0.317956
FOB	3	17	1	12.9827	0.105842	0.124472
FOE	3	73	6	57.2046	0.093765	0.115972
FOEN	4	30	2	22.7725	0.0890484	0.110349
FOES	4	37	0	28.4626	0.0249164	0.0245455
FOG	3	31	3	22.7356	0.120746	0.156075
FOH	3	38	4	29.4044	0.124451	0.15478
FOID	4	19	0	14.4103	0.0444968	0.0453557
FOIL	4	25	11	19.0014	0.415814	0.555229
FOILS	5	10	3	6.95366	0.285113	0.411222
FOIN	4	25	4	19.9269	0.173643	0.215098
FOINS	5	13	2	9.26583	0.167446	0.229848
FOIST	5	16	0	11.3499	0.0341137	0.036775
FOLD	4	17	3	11.7283	0.192258	0.270056
FOLIA	5	15	0	9.46154	0.0360337	0.0431161
FOLIE	5	17	0	11.5318	0.032388	0.0362612
FON	3	85	39	66.7762	0.452836	0.578728
FOND	4	25	9	18.476	0.346622	0.472464
FONDS	5	12	3	9.25041	0.2465	0.323285
FONE	4	41	18	32.6686	0.423541	0.538336
FONES	5	19	8	14.6873	0.396929	0.523711
FONS	4	35	8	27.2516	0.231825	0.297518
FONT	4	34	7	27.2672	0.211559	0.263383
FONTS	5	20	3	15.3853	0.159886	0.205757
FOO	3	39	30	30.4814	0.729441	0.946767
FOOL	4	18	9	14.4394	0.457388	0.587327
FOOS	4	18	5	15.3974	0.274784	0.327519
FOOT	4	18	12	13.4134	0.594341	0.818594
FOOTS	5	13	8	9.60459	0.547971	0.763638
FOP	3	26	4	20.1661	0.174616	0.218893
FOPS	4	11	1	9.15392	0.13547	0.154774
FOR	3	104	76	78.1371	0.716324	0.957744
FORA	4	45	1	34.6991	0.0412882	0.0475202
FORAM	5	12	0	10.029	0.0433538	0.0409921
FORANE	6	12	0	7.23373	0.0309546	0.0406402
FORB	4	14	2	10.4765	0.168621	0.21769
FORCE	5	10	3	7.59122	0.285113	0.382351
FORD	4	23	7	18.3388	0.298053	0.378079
FORE	4	71	54	54.1648	0.734517	0.971999
FOREL	5	20	0	15.4434	0.0281204	0.0278849
FORES	5	47	35	36.7664	0.716132	0.927224
FOREST	6	32	8	21.757	0.246686	0.36488
FORK	4	11	3	8.99332	0.26965	0.336252
FORM	4	21	6	18.0319	0.281836	0.334309
FORT	4	39	21	30.1957	0.513205	0.672183
FORTE	5	26	15	20.3557	0.543674	0.708251
FORTED	6	12	4	10.3759	0.312378	0.378196
FORTES	6	15	10	11.2329	0.606501	0.83858
FORTS	5	24	8	17.8082	0.322786	0.439017
FOSS	4	13	0	10.0673	0.0602896	0.06146
FOSTER	6	22	5	16.9982	0.224667	0.295044
FOU	3	32	14	23.8902	0.424889	0.571788
FOUL	4	11	1	8.24883	0.13547	0.168226
FOUR	4	12	4	9.01559	0.315569	0.42503
FOUS	4	10	0	7.70023	0.0732968	0.0762081
FOY	3	21	5	16.652	0.250234	0.313056
FRA	3	129	41	101.699	0.31783	0.403347
FRAB	4	15	0	11.2746	0.0539115	0.0559386
FRACT	5	12	0	8.8582	0.0433538	0.04563
FRAE	4	69	7	54.5752	0.109995	0.13662
FRAG	4	25	2	20.0818	0.104452	0.123696
FRAIL	5	11	6	7.43815	0.482306	0.724926
FRAIM	5	11	0	6.68919	0.0465028	0.0577306
FRAISE	6	13	2	7.55362	0.160383	0.270369
FRANC	5	12	0	9.53932	0.0433538	0.0428121
FRAP	4	27	5	21.3752	0.194763	0.244345
FRAPE	5	17	2	12.8847	0.133563	0.171983
FRAPES	6	13	1	8.6412	0.0946513	0.137468
FRAPS	5	12	5	10.3603	0.381931	0.461781
FRAS	4	58	5	45.8518	0.0972326	0.119788
FRAT	4	66	18	50.7158	0.272071	0.354609
FRATE	5	48	5	34.6012	0.111099	0.151622
FRATER	6	18	0	14.1073	0.0217663	0.022266
FRATI	5	27	0	18.8653	0.0215077	0.0231972
FRATS	5	39	13	28.556	0.326574	0.448386
FRAU	4	23	0	18.5608	0.0378815	0.0362726
FREE	4	44	24	33.3764	0.522264	0.696436
FREED	5	17	6	12.2758	0.335914	0.470166
FREER	5	15	6	11.0638	0.373725	0.515558
FREES	5	33	16	26.0416	0.465231	0.598302
FREEST	6	16	3	9.70547	0.18887	0.309087
FREET	5	26	8	20.238	0.300345	0.389922
FREETS	6	19	6	11.9836	0.30358	0.48462
FREIT	5	34	0	24.5478	0.017413	0.0181346
FREITS	6	19	0	12.2974	0.0207402	0.025275
FRERE	5	15	0	11.5687	0.0360337	0.0361589
FRERES	6	11	0	8.04761	0.0332973	0.0370227
FRESH	5	20	0	16.0181	0.0281204	0.0269696
FRET	4	90	11	68.0853	0.127993	0.167286
FRETS	5	58	8	45.403	0.142185	0.180671
FRIAR	5	14	2	9.83362	0.15746	0.218323
FRIB	4	11	1	8.48245	0.13547	0.164535
FRIED	5	25	7	17.8745	0.275148	0.385872
FRIER	5	23	4	16.6774	0.18008	0.246166
FRIERS	6	14	4	10.5457	0.273845	0.372678
FRIES	5	38	9	28.9649	0.236468	0.311024
FRIG	4	10	1	7.28559	0.145212	0.185374
FRINGE	6	10	3	6.371	0.281654	0.447119
FRIS	4	54	7	41.9226	0.138488	0.175829
FRISE	5	34	1	25.732	0.0446108	0.0540808
FRIST	5	29	5	21.3077	0.177546	0.240033
FRIT	4	49	13	37.5811	0.264987	0.345997
FRITES	6	23	1	14.3288	0.0571113	0.0867781
FRITH	5	11	0	7.23871	0.0465028	0.054096
FRITS	5	36	10	25.9713	0.274461	0.381344
FRO	3	103	23	80.4036	0.22664	0.289336
FROE	4	50	2	38.5648	0.0560096	0.0675623
FROES	5	26	1	19.9908	0.0570166	0.0685353
FROG	4	18	2	12.9881	0.13783	0.181606
FROM	4	17	3	13.864	0.192258	0.234072
FROND	5	15	0	12.2178	0.0360337	0.0344467
FRONS	5	21	2	15.3638	0.111085	0.146685
FRONT	5	16	1	12.5329	0.0873968	0.104985
FROS	4	39	7	30.5732	0.186905	0.236786
FROST	5	20	5	14.8535	0.24773	0.334826
FROW	4	13	4	10.3202	0.296902	0.380613
FRY	3	20	0	15.4403	0.0504142	0.0501771
FUB	3	12	4	9.80196	0.329632	0.408914
FUD	3	24	6	19.1941	0.259212	0.322628
FUG	3	15	4	11.1325	0.276947	0.367912
FUM	3	18	3	13.4803	0.192849	0.24857
FUN	3	28	14	23.2141	0.478384	0.587036
FUND	4	12	5	9.87841	0.378441	0.477616
FUNS	4	10	0	8.01755	0.0732968	0.073833
FUR	3	45	16	34.7135	0.352641	0.458122
FURS	4	19	2	14.614	0.131813	0.164008
FUSE	4	24	5	18.451	0.215702	0.279005
FUST	4	24	3	19.1262	0.144031	0.176218
GAB	3	35	6	26.0442	0.185667	0.244205
GACH	4	26	10	19.9027	0.36847	0.487234
GAD	3	89	32	65.9943	0.357856	0.482627
GADE	4	50	13	35.4442	0.260071	0.365656
GADES	5	21	8	14.9577	0.363529	0.515101
GADI	4	35	1	25.1341	0.0519007	0.0641706
GADIS	5	11	0	6.60472	0.0465028	0.058333
GADS	4	24	7	18.0117	0.287373	0.384207
GAE	3	185	16	138.814	0.0911074	0.119772
GAED	4	56	1	41.3658	0.0337068	0.0402424
GAEN	4	77	0	57.7651	0.0125976	0.012544
GAES	4	107	2	78.7675	0.0272233	0.0340009
GAG	3	18	14	14.8651	0.698127	0.875308
GAGE	4	11	10	8.5412	0.739282	1
GAID	4	49	3	36.8747	0.07597	0.0961029
GAIDS	5	15	1	10.7391	0.0923156	0.120385
GAIN	4	85	36	61.8561	0.416389	0.574063
GAINED	6	13	4	8.29152	0.291845	0.462171
GAINER	6	23	12	13.1291	0.493386	0.867396
GAINERS	7	13	6	8.64296	0.428165	0.663553
GAINEST	7	11	0	4.84134	0.024286	0.0581089
GAINS	5	28	8	18.9622	0.280822	0.414244
GAINST	6	12	0	6.84965	0.0309546	0.0426048
GAIR	4	77	10	56.4025	0.136199	0.183581
GAIRS	5	39	4	25.8345	0.111096	0.16367
GAIT	4	80	18	60.0323	0.226675	0.301492
GAITAS	6	10	0	4.05035	0.0360236	0.0657804
GAITED	6	13	1	8.78304	0.0946513	0.135494
GAITER	6	23	5	15.0084	0.215757	0.3315
GAITERS	7	16	3	10.2675	0.18659	0.298463
GAITS	5	39	7	27.5327	0.182922	0.25746
GAITT	5	15	0	9.86332	0.0360337	0.0415903
GAK	3	19	6	14.2266	0.316131	0.420567
GAKS	4	11	3	7.84042	0.26965	0.375001
GAL	3	129	54	99.8058	0.415744	0.538361
GALA	4	27	3	21.1995	0.130049	0.16058
GALAS	5	16	2	11.554	0.14068	0.189528
GALE	4	66	32	48.5687	0.472342	0.645572
GALED	5	25	2	17.773	0.095083	0.128339
GALES	5	38	20	29.717	0.506289	0.656014
GALIOT	6	11	0	5.30891	0.0332973	0.0528541
GALL	4	16	10	13.1919	0.553582	0.700162
GALS	4	55	13	41.5729	0.237996	0.314418
GALUT	5	15	0	11.2592	0.0360337	0.0370366
GAM	3	68	34	52.321	0.490431	0.640531
GAMA	4	17	3	13.0853	0.192258	0.246024
GAMAS	5	10	2	7.74442	0.20679	0.267717
GAME	4	34	24	25.4708	0.660046	0.895666
GAMED	5	16	0	10.5222	0.0341137	0.039309
GAMER	5	24	16	16.8528	0.621654	0.898024
GAMERS	6	12	9	8.12567	0.664158	1
GAMES	5	21	12	15.8434	0.531824	0.719549
GAMEST	6	10	0	5.4584	0.0360236	0.0516486
GAMIN	5	16	2	10.3213	0.14068	0.209309
GAMINE	6	10	1	5.39227	0.117901	0.206306
GAMS	4	33	7	24.2271	0.217292	0.293724
GAN	3	186	111	142.925	0.591233	0.771272
GANDER	6	13	7	8.90893	0.489039	0.73351
GANE	4	95	22	69.361	0.23274	0.318094
GANG	4	19	12	14.3093	0.568393	0.774075
GANNET	6	14	0	7.50585	0.0271362	0.0393545
GANS	4	66	25	50.6873	0.372207	0.487247
GANT	4	73	42	53.9279	0.559379	0.762171
GANTS	5	43	20	31.7614	0.450978	0.61568
GAOL	4	28	0	19.888	0.0319449	0.0340895
GAOLS	5	12	0	8.40635	0.0433538	0.0477134
GAP	3	56	30	43.5551	0.521972	0.675872
GAPE	4	23	19	17.9477	0.744062	0.982092
GAPER	5	16	12	13.012	0.673511	0.860038
GAPES	5	14	8	11.5792	0.515291	0.648262
GAPO	4	20	1	15.3329	0.0844672	0.100116
GAPS	4	24	10	17.7172	0.394879	0.540793
GAR	3	198	110	151.399	0.551114	0.722189
GARB	4	15	3	11.2709	0.212597	0.27925
GARDA	5	16	0	11.4096	0.0341137	0.0366049
GARDEN	6	14	0	8.52496	0.0271362	0.0351857
GARE	4	132	65	94.2919	0.485774	0.681675
GARES	5	81	41	59.6874	0.497092	0.677902
GARI	4	84	1	61.8782	0.0229703	0.027353
GARIS	5	41	1	26.0983	0.0374759	0.0533627
GARMS	5	11	0	7.96009	0.0465028	0.0499666
GARNET	6	16	0	9.5625	0.0241564	0.0317605
GARNETS	7	12	0	5.20493	0.0225179	0.0546493
GARNI	5	32	0	22.1508	0.0184147	0.0199733
GAROTE	6	16	0	9.80543	0.0241564	0.0310528
GARRE	5	24	6	16.2635	0.248069	0.36456
GARRES	6	16	4	9.78924	0.243774	0.398578
GARRET	6	15	3	8.47768	0.199842	0.348728
GARS	4	96	14	68.9892	0.150335	0.207323
GART	4	89	16	64.3907	0.183189	0.251698
GARTER	6	15	2	9.66986	0.141748	0.217221
GARTH	5	22	1	16.1708	0.0662248	0.0833594
GAS	3	179	69	138.372	0.38408	0.497351
GASES	5	18	0	14.9085	0.0308284	0.0287944
GASH	4	39	13	29.1998	0.326748	0.438456
GASHER	6	11	1	6.52834	0.108978	0.175564
GASP	4	22	5	15.4293	0.232355	0.326924
GASSER	6	11	4	7.2674	0.336019	0.518767
GAST	4	88	44	65.3297	0.489844	0.663049
GASTED	6	18	7	13.7637	0.36807	0.493863
GASTER	6	26	13	18.1152	0.476368	0.694319
GASTS	5	16	6	12.1406	0.353812	0.47483
GAT	3	177	116	134.814	0.648328	0.853462
GATE	4	107	79	77.8497	0.721509	0.996724
GATED	5	30	9	21.7596	0.294199	0.407414
GATER	5	62	47	44.2652	0.735556	1
GATERS	6	37	28	27.1126	0.725261	1
GATES	5	63	32	45.689	0.496296	0.688277
GATH	4	39	11	28.1742	0.280134	0.387356
GATHER	6	16	4	10.1036	0.243774	0.387389
GATHS	5	12	2	8.81741	0.178785	0.239847
GATOR	5	27	2	19.5825	0.0886947	0.117319
GATORS	6	10	0	7.2843	0.0360236	0.040395
GATS	4	95	33	70.8177	0.343957	0.462467
GAU	3	64	7	49.6058	0.120973	0.15233
GAUD	4	15	1	10.807	0.106807	0.135049
GAUM	4	13	0	9.36916	0.0602896	0.0651804
GAUN	4	21	5	15.5829	0.241684	0.324095
GAUR	4	29	0	21.1434	0.0309741	0.0322534
GAURS	5	19	0	12.6067	0.0294122	0.0334962
GAUS	4	27	0	22.1043	0.0329786	0.0309764
GAW	3	40	11	31.8127	0.278691	0.349988
GAWS	4	17	3	11.349	0.192258	0.277636
GAY	3	36	16	28.874	0.432443	0.544388
GAYER	5	10	1	6.1911	0.128468	0.191665
GAYS	4	20	12	16.2169	0.544617	0.693743
GEAL	4	65	23	47.4546	0.348583	0.478684
GEALS	5	25	12	19.7565	0.455214	0.587026
GEAN	4	69	16	50.8589	0.233443	0.315933
GEANS	5	32	11	23.4493	0.3348	0.460005
GEAR	4	106	44	76.471	0.409618	0.569105
GEARE	5	49	24	36.2133	0.475977	0.649073
GEARED	6	12	5	8.07794	0.382734	0.581939
GEARES	6	33	17	22.6685	0.495265	0.729606
GEARS	5	55	22	40.2711	0.391919	0.538115
GEASON	6	11	0	6.03901	0.0332973	0.0474455
GEAT	4	87	20	62.1826	0.231221	0.322498
GEATS	5	42	13	30.414	0.304689	0.422274
GED	3	117	12	89.6274	0.109285	0.140381
GEDS	4	43	6	32.086	0.149647	0.19713
GEE	3	72	27	57.8362	0.372156	0.464908
GEED	4	24	6	18.7859	0.251537	0.322278
GEEP	4	11	0	7.75556	0.0683793	0.075783
GEES	4	44	4	33.2974	0.104774	0.133997
GEEST	5	21	0	16.604	0.0269372	0.0260963
GEIST	5	34	1	25.2452	0.0446108	0.0550655
GEIT	4	76	1	53.4216	0.0252701	0.0315144
GEITS	5	42	1	30.2465	0.0366388	0.0463878
GEL	3	103	20	76.6247	0.198542	0.265129
GELD	4	21	0	14.9161	0.0409235	0.0440127
GELID	5	13	0	8.82295	0.0406043	0.0457859
GELS	4	47	7	34.892	0.157532	0.209189
GELT	4	44	5	33.8776	0.125648	0.159585
GELTS	5	24	5	18.4183	0.210711	0.27487
GEM	3	73	14	54.8329	0.197972	0.261226
GEMS	4	30	7	21.5864	0.236518	0.326381
GEN	3	172	83	133.947	0.479025	0.616399
GENA	4	79	1	59.2449	0.0243557	0.0285259
GENAL	5	24	0	16.0796	0.0239182	0.0268753
GENAS	5	36	1	25.2438	0.0423093	0.0550684
GENE	4	45	12	34.7989	0.266213	0.344985
GENES	5	23	7	16.5741	0.296505	0.41365
GENET	5	19	0	14.9648	0.0294122	0.028696
GENETS	6	15	0	8.64776	0.0255598	0.0347423
GENIAL	6	18	0	9.46821	0.0217663	0.032044
GENIC	5	16	0	11.1211	0.0341137	0.0374422
GENIE	5	35	1	24.1309	0.0434296	0.0574606
GENIES	6	17	1	8.75423	0.074946	0.13589
GENII	5	15	0	10.1266	0.0360337	0.0406478
GENIP	5	15	0	10.9161	0.0360337	0.0380608
GENITAL	7	10	0	4.68041	0.0263554	0.059784
GENOA	5	25	1	18.2144	0.0590699	0.0747138
GENOM	5	10	0	7.67406	0.050145	0.0515262
GENRE	5	22	0	16.4946	0.0258496	0.026255
GENRES	6	12	0	8.25745	0.0309546	0.0361921
GENS	4	79	25	58.8611	0.313843	0.421985
GENT	4	69	34	51.9791	0.480338	0.641847
GENTES	6	11	4	7.43958	0.336019	0.508302
GENTIL	6	10	0	5.63734	0.0360236	0.0502759
GENTS	5	40	25	29.4928	0.599524	0.822142
GEO	3	116	2	91.2756	0.0267041	0.0308521
GEOS	4	38	0	29.6532	0.0243218	0.023627
GER	3	224	51	166.837	0.229171	0.307041
GERE	4	77	22	55.5029	0.284521	0.394536
GERENT	6	15	0	10.9834	0.0255598	0.0280244
GERES	5	53	14	39.3483	0.262522	0.354378
GERLE	5	19	0	13.9021	0.0294122	0.0306771
GERLES	6	13	0	9.0334	0.0289199	0.0334196
GERM	4	38	6	27.942	0.167502	0.224264
GERMS	5	20	2	13.4493	0.115964	0.165483
GERNE	5	31	0	23.0255	0.01896	0.0192607
GERNES	6	16	0	9.59983	0.0241564	0.0316497
GERS	4	119	10	81.9425	0.0896561	0.127835
GERT	4	104	5	73.7591	0.0557824	0.0757574
GESSO	5	11	0	8.29311	0.0465028	0.0482657
GEST	4	100	36	74.4738	0.356278	0.47955
GESTE	5	33	11	26.4396	0.32544	0.410755
GESTS	5	26	15	20.8619	0.543674	0.692212
GET	3	186	65	141.269	0.348834	0.45941
GETA	4	88	2	62.2047	0.0328513	0.0427497
GETAS	5	44	0	30.784	0.0136897	0.0146305
GETS	4	107	35	80.5028	0.324775	0.432479
GEUM	4	11	0	7.81075	0.0683793	0.0753637
GEY	3	41	2	32.0994	0.0714394	0.0841789
GHAST	5	15	0	11.6053	0.0360337	0.0360577
GHAT	4	30	1	23.2025	0.0595545	0.069057
GHATS	5	17	0	12.6404	0.032388	0.0334165
GHEE	4	13	0	9.4385	0.0602896	0.0647909
GHI	3	58	0	45.3797	0.0194002	0.0185614
GHIS	4	18	0	13.2614	0.0465282	0.0487339
GHOST	5	11	0	8.52006	0.0465028	0.0471714
GIANT	5	24	5	15.8289	0.210711	0.315967
GIANTS	6	11	1	6.86422	0.108978	0.168156
GIB	3	27	4	20.1987	0.168941	0.218573
GIBE	4	12	2	9.36075	0.189825	0.238764
GIBS	4	11	3	7.77497	0.26965	0.37747
GID	3	86	24	67.7571	0.280698	0.355996
GIDS	4	29	10	22.797	0.334877	0.430738
GIE	3	152	14	118.748	0.0975691	0.123109
GIED	4	50	2	37.7007	0.0560096	0.0690269
GIEN	4	63	0	46.8843	0.0152337	0.0153267
GIES	4	80	8	59.4659	0.107493	0.142004
GIF	3	25	1	20.8926	0.0764109	0.0817202
GIG	3	13	3	10.3528	0.250346	0.310815
GILA	4	56	1	42.9638	0.0337068	0.0388173
GILAS	5	24	0	16.3573	0.0239182	0.026457
GILD	4	20	2	15.2864	0.126299	0.157688
GILET	5	22	0	14.6894	0.0258496	0.0291845
GILETS	6	15	0	7.87536	0.0255598	0.0377336
GILL	4	18	9	13.8651	0.457388	0.60837
GILLS	5	10	6	6.2206	0.520081	0.839397
GILT	4	37	3	29.9735	0.0982566	0.11674
GILTS	5	14	0	9.5148	0.0381827	0.0429074
GIN	3	189	73	142.314	0.384906	0.511467
GING	4	20	10	14.6933	0.460953	0.6378
GINN	4	41	5	30.3206	0.134042	0.17706
GINNER	6	16	1	9.4565	0.0790609	0.126846
GINS	4	86	23	63.3747	0.267161	0.362407
GIO	3	112	2	87.9851	0.0276268	0.0319786
GIOS	4	48	0	35.918	0.019636	0.0197402
GIP	3	36	1	27.5871	0.0552765	0.063315
GIPS	4	17	1	13.044	0.0965886	0.115184
GIRD	4	40	1	29.6505	0.0459902	0.055061
GIRDS	5	12	0	7.50106	0.0433538	0.0525176
GIRL	4	34	1	25.5335	0.05327	0.0632453
GIRLS	5	13	1	8.32201	0.104025	0.15004
GIRN	4	53	5	39.123	0.105776	0.139311
GIRNED	6	10	0	4.55802	0.0360236	0.0598737
GIRNIE	6	10	0	5.39872	0.0360236	0.0521232
GIRNS	5	18	2	13.1398	0.127132	0.168983
GIRO	4	56	0	40.0992	0.0170137	0.0177873
GIRON	5	24	0	14.9557	0.0239182	0.0287118
GIROS	5	20	0	12.1915	0.0281204	0.0345128
GIRR	4	23	0	16.4384	0.0378815	0.0404111
GIRRS	5	11	0	6.93577	0.0465028	0.056041
GIRSH	5	10	0	6.62653	0.050145	0.0581762
GIRT	4	58	4	43.2472	0.0810789	0.104638
GIRTH	5	19	1	11.7083	0.0753519	0.111544
GIRTS	5	33	1	21.6378	0.045858	0.0636546
GIS	3	152	29	115.862	0.193865	0.253238
GISM	4	27	0	20.7664	0.0329786	0.0327838
GIST	4	76	17	57.9217	0.225507	0.29544
GISTS	5	14	4	9.92218	0.276737	0.391881
GIT	3	151	57	116.317	0.376031	0.488645
GITANA	6	11	0	5.7562	0.0332973	0.0494037
GITANO	6	12	0	6.69618	0.0309546	0.0434439
GITE	4	91	34	68.2091	0.368991	0.49382
GITES	5	56	19	41.4841	0.334201	0.453116
GITS	4	82	23	63.1357	0.279601	0.363733
GIVE	4	12	5	9.80691	0.378441	0.480468
GLAD	4	33	10	24.7709	0.298581	0.399172
GLADE	5	26	9	16.5693	0.335106	0.524506
GLADS	5	13	4	8.05396	0.294288	0.468592
GLAIR	5	32	0	19.7357	0.0184147	0.0222459
GLAIRE	6	22	0	9.66058	0.0181706	0.0314709
GLAIRES	7	13	0	4.79771	0.0209898	0.0585536
GLAIRS	6	16	0	7.19732	0.0241564	0.0408187
GLAM	4	17	3	12.5228	0.192258	0.255446
GLAND	5	12	1	7.74165	0.111069	0.159473
GLANS	5	23	0	14.9212	0.0248464	0.0287723
GLARE	5	46	8	29.1558	0.177171	0.276456
GLARED	6	15	2	8.18784	0.141748	0.251898
GLARES	6	26	4	15.0653	0.157371	0.268456
GLASS	5	12	3	9.48468	0.2465	0.316384
GLAUR	5	10	0	6.23751	0.050145	0.061105
GLEAN	5	21	4	14.3728	0.195233	0.281931
GLED	4	33	0	24.9779	0.027617	0.0276968
GLEDE	5	11	0	7.80832	0.0465028	0.0507821
GLEDS	5	15	0	9.77737	0.0360337	0.0419075
GLEE	4	23	4	17.4213	0.186551	0.242616
GLEES	5	15	3	12.3927	0.20488	0.250111
GLEET	5	12	0	9.81432	0.0433538	0.0417706
GLEI	4	38	0	28.5048	0.0243218	0.0245117
GLEIS	5	14	0	9.29843	0.0381827	0.043768
GLEN	4	39	0	29.6798	0.0237549	0.0236073
GLENS	5	14	0	10.1737	0.0381827	0.0404834
GLENT	5	13	0	10.2551	0.0406043	0.0402028
GLEY	4	15	0	11.6575	0.0539115	0.0543892
GLIA	4	50	0	38.5624	0.0189075	0.0184584
GLIAL	5	14	0	9.40153	0.0381827	0.0433537
GLIAS	5	23	0	16.4178	0.0248464	0.0263677
GLID	4	26	3	18.2625	0.134398	0.183668
GLIDE	5	18	2	11.3452	0.127132	0.192612
GLIM	4	14	0	10.4112	0.0569224	0.0597792
GLINT	5	18	0	12.2272	0.0308284	0.034423
GLIT	4	35	2	26.0565	0.0776042	0.0975083
GLITS	5	18	1	13.3341	0.0789802	0.0993107
GLOAT	5	12	0	7.98848	0.0433538	0.0498169
GLOM	4	12	0	9.05362	0.0640801	0.0670138
GLOP	4	11	0	7.97721	0.0683793	0.0741267
GLOST	5	12	0	8.7467	0.0433538	0.046127
GLUE	4	17	2	12.5479	0.144423	0.18704
GLUER	5	11	1	6.76097	0.119137	0.178428
GLUES	5	10	1	7.13576	0.128468	0.170675
GLUT	4	19	1	15.5395	0.0881549	0.0989482
GLUTE	5	13	1	8.94231	0.104025	0.141119
GNAR	4	99	2	69.7217	0.0293397	0.0382794
GNARL	5	24	2	15.0967	0.0986352	0.149047
GNARLS	6	10	0	7.02739	0.0360236	0.0416726
GNARR	5	18	0	10.8839	0.0308284	0.03816
GNARS	5	47	0	30.185	0.0128645	0.0149072
GNASH	5	15	0	10.1817	0.0360337	0.0404559
GNAT	4	93	0	65.1952	0.0105176	0.0111603
GNATS	5	46	0	30.6886	0.0131283	0.0146739
GNAW	4	21	1	15.6389	0.0810757	0.0983955
GNOW	4	12	0	9.84036	0.0640801	0.062622
GNU	3	63	2	49.9226	0.047901	0.0553592
GNUS	4	25	0	18.4344	0.0352604	0.0364952
GOA	3	108	36	80.7361	0.332811	0.445042
GOAD	4	26	2	19.6525	0.100959	0.12613
GOAF	4	15	0	11.1054	0.0539115	0.0566522
GOAL	4	37	9	27.8834	0.244937	0.324543
GOALS	5	18	6	13.3018	0.319739	0.437554
GOAS	4	43	3	31.7734	0.0856878	0.110548
GOAT	4	54	12	37.1396	0.224836	0.32444
GOATIER	7	10	0	6.07786	0.0263554	0.0478149
GOATS	5	28	8	20.0613	0.280822	0.393119
GOATSE	6	22	1	13.8313	0.0594699	0.0896702
GOB	3	23	5	18.3368	0.231539	0.287293
GOBS	4	10	2	7.2885	0.217127	0.291107
GOD	3	72	17	57.8766	0.240178	0.297966
GODET	5	17	0	11.7606	0.032388	0.0356353
GODS	4	19	5	14.9501	0.262787	0.336079
GOE	3	114	33	90.254	0.290382	0.366724
GOEL	4	27	4	21.0073	0.162406	0.205069
GOELS	5	15	0	12.1449	0.0360337	0.0346307
GOER	4	66	21	49.4272	0.314986	0.421616
GOERS	5	28	10	20.3443	0.345825	0.479622
GOES	4	71	15	56.2719	0.21386	0.269555
GOEST	5	37	0	28.3611	0.0160994	0.015818
GOETH	5	11	0	7.78271	0.0465028	0.0509224
GOEY	4	14	1	10.9032	0.112772	0.134055
GOITER	6	17	0	9.54173	0.0228992	0.0318225
GOLD	4	17	5	12.4171	0.287928	0.39446
GOLE	4	41	18	31.2558	0.423541	0.561093
GOLES	5	29	13	21.8366	0.429375	0.577547
GOLF	4	15	0	10.1582	0.0539115	0.0610069
GON	3	142	72	108.415	0.502149	0.659254
GONAD	5	14	0	8.94255	0.0381827	0.045261
GONE	4	77	43	57.6185	0.544083	0.731846
GONEF	5	11	0	7.49767	0.0465028	0.0525374
GONER	5	41	19	29.533	0.448738	0.627671
GONERS	6	21	8	15.8342	0.363581	0.492531
GONG	4	17	5	12.811	0.287928	0.384085
GONGS	5	10	1	7.7002	0.128468	0.160192
GONIA	5	37	0	23.1997	0.0160994	0.0191249
GONNA	5	11	0	7.87997	0.0465028	0.0503938
GONS	4	59	16	43.9501	0.270553	0.363266
GOO	3	43	22	33.0224	0.496007	0.650809
GOOD	4	12	7	9.27161	0.504185	0.677848
GOOL	4	17	6	12.3298	0.335763	0.465831
GOON	4	22	9	17.2746	0.386763	0.501664
GOONS	5	10	5	7.59126	0.441759	0.602585
GOOR	4	27	2	19.9203	0.0976924	0.124601
GOORS	5	10	1	6.71999	0.128468	0.179318
GOOS	4	22	4	16.4165	0.193752	0.255735
GOOSE	5	12	3	8.3131	0.2465	0.354196
GOR	3	139	59	105.329	0.421645	0.557216
GORA	4	73	1	52.3214	0.0262558	0.0321507
GORAL	5	20	0	12.2973	0.0281204	0.0342479
GORALS	6	10	0	4.88214	0.0360236	0.0566274
GORAS	5	27	0	18.298	0.0215077	0.0238623
GORE	4	83	43	58.265	0.506519	0.724016
GORED	5	27	4	17.5844	0.155882	0.234461
GORES	5	53	32	37.9269	0.585289	0.823816
GORI	4	53	2	37.6386	0.0530568	0.0691345
GORIER	6	12	0	6.3404	0.0309546	0.0455225
GORIEST	7	11	0	3.89993	0.024286	0.0695004
GORIS	5	27	0	17.1799	0.0215077	0.0252913
GORM	4	20	0	15.0238	0.0426355	0.0437368
GORP	4	19	0	13.6571	0.0444968	0.047515
GORS	4	54	4	37.8445	0.0866797	0.118768
GORSE	5	40	2	27.3423	0.0617344	0.0857439
GORY	4	19	0	14.0111	0.0444968	0.046475
GOS	3	114	31	88.6436	0.2734	0.351198
GOSH	4	25	2	20.2184	0.104452	0.122941
GOSLET	6	10	0	4.79912	0.0360236	0.0574249
GOSS	4	20	3	14.7174	0.168131	0.222239
GOSSE	5	14	1	9.8592	0.0978212	0.129718
GOSTER	6	16	0	10.3086	0.0241564	0.0296828
GOT	3	114	43	84.9949	0.375293	0.503628
GOTH	4	30	2	20.9989	0.0890484	0.118799
GOTTA	5	11	1	6.60324	0.119137	0.181905
GOUT	4	20	4	15.2752	0.209962	0.272472
GOUTS	5	13	3	9.74961	0.230867	0.308926
GOYS	4	13	0	10.0491	0.0602896	0.0615515
GRAB	4	23	0	16.6933	0.0378815	0.0398647
GRACE	5	18	7	13.9565	0.367891	0.483749
GRAD	4	45	17	32.457	0.368451	0.512742
GRADE	5	28	14	18.09	0.475832	0.739134
GRADER	6	10	5	5.8899	0.445408	0.764214
GRADES	6	12	7	7.07204	0.523446	0.898473
GRADS	5	17	3	11.1071	0.184151	0.275636
GRAIL	5	26	14	17.2394	0.508913	0.772702
GRAILE	6	14	6	9.13853	0.397199	0.619343
GRAILS	6	12	7	7.33261	0.523446	0.870696
GRAIN	5	47	30	29.7052	0.615665	0.976825
GRAINE	6	19	11	10.8946	0.539279	0.945636
GRAINES	7	11	7	5.15801	0.573924	1
GRAINS	6	16	13	9.21267	0.737915	1
GRAIP	5	13	0	8.84517	0.0406043	0.0456875
GRAITH	6	15	0	7.55165	0.0255598	0.0391461
GRAM	4	38	18	26.7457	0.453862	0.648627
GRAME	5	26	8	18.3635	0.300345	0.426737
GRAMES	6	14	6	7.46848	0.397199	0.740117
GRAMS	5	17	6	11.7457	0.335914	0.488996
GRAN	4	81	32	57.5944	0.388895	0.548068
GRANA	5	12	0	8.49829	0.0433538	0.0472742
GRAND	5	23	11	15.3015	0.451738	0.683216
GRANDE	6	13	6	7.87096	0.423308	0.706896
GRANITE	7	14	0	6.73525	0.0196559	0.0436993
GRANS	5	33	8	23.5497	0.241565	0.338351
GRANT	5	31	16	21.2638	0.492786	0.723935
GRANTS	6	21	10	11.8868	0.449738	0.796344
GRAPE	5	11	7	7.97865	0.55494	0.789157
GRAPH	5	10	0	7.40842	0.050145	0.0530643
GRASP	5	14	5	9.10711	0.336375	0.516389
GRASS	5	12	4	9.45784	0.314216	0.408503
GRASTE	6	26	6	17.0216	0.228259	0.34986
GRAT	4	87	41	61.2959	0.462231	0.657921
GRATE	5	52	34	36.1451	0.632494	0.91596
GRATED	6	15	7	10.5422	0.432219	0.630567
GRATER	6	15	12	10.0477	0.722689	1
GRATES	6	32	18	21.2398	0.538969	0.821047
GRATIN	6	19	1	10.7135	0.0678801	0.113344
GRATINE	7	11	1	5.54191	0.102806	0.206971
GRATIS	6	21	0	11.863	0.0189533	0.0261222
GRAV	4	16	5	12.469	0.302393	0.393062
GRAY	4	21	8	16.0556	0.362141	0.480342
GRAYS	5	11	5	7.41625	0.409672	0.614426
GREASE	6	14	3	8.80198	0.212168	0.337302
GREAT	5	53	12	37.4692	0.226659	0.320136
GREATS	6	32	10	21.1601	0.305142	0.46453
GREE	4	38	18	27.2306	0.453862	0.637928
GREED	5	12	8	8.99227	0.585077	0.808246
GREEN	5	23	3	17.405	0.141271	0.183763
GREENS	6	11	1	7.46	0.108978	0.156446
GREES	5	24	7	19.1537	0.285428	0.361961
GREET	5	21	7	14.9257	0.321455	0.455189
GREETS	6	15	6	10.1444	0.374124	0.563918
GREIN	5	40	0	25.868	0.0149701	0.0172595
GREINS	6	16	0	9.8603	0.0241564	0.0308972
GREN	4	79	2	60.1808	0.0364176	0.0441375
GRENS	5	40	0	30.4127	0.0149701	0.0148008
GRESE	5	27	0	19.8377	0.0215077	0.0221396
GREW	4	22	4	16.6865	0.193752	0.252073
GREY	4	19	0	14.7987	0.0444968	0.0443172
GRICE	5	10	3	6.25312	0.285113	0.448427
GRID	4	31	11	23.4742	0.344338	0.458365
GRIDE	5	22	8	14.8834	0.348851	0.517439
GRIG	4	10	0	6.31571	0.0732968	0.0886505
GRIM	4	26	7	18.3868	0.268154	0.377196
GRIME	5	14	6	9.34716	0.396014	0.597226
GRIN	4	73	21	50.7506	0.286316	0.411071
GRIND	5	14	6	8.33541	0.396014	0.658725
GRINS	5	31	9	20.6032	0.285487	0.42874
GRIOT	5	18	0	11.6583	0.0308284	0.0359125
GRIOTS	6	11	0	7.72971	0.0332973	0.0383563
GRIP	4	20	4	14.75	0.209962	0.280933
GRIS	4	69	4	49.8848	0.0688457	0.0912938
GRISE	5	42	2	30.0646	0.0589764	0.0783464
GRISED	6	16	0	10.0699	0.0241564	0.0303173
GRISES	6	10	0	5.94042	0.0360236	0.0481103
GRISON	6	11	0	7.17958	0.0332973	0.0409061
GRIST	5	34	0	21.8692	0.017413	0.0202141
GRIT	4	69	16	49.3049	0.233443	0.325472
GRITH	5	22	0	14.8114	0.0258496	0.0289661
GRITS	5	38	7	25.4175	0.187409	0.2777
GROAN	5	15	2	9.79986	0.148598	0.218975
GROAT	5	15	0	9.5298	0.0360337	0.042849
GROG	4	16	1	12.4012	0.101441	0.120268
GROIN	5	26	3	17.2079	0.126539	0.1857
GROINS	6	10	2	5.98523	0.199777	0.330254
GROMA	5	10	0	6.60412	0.050145	0.0583373
GRONE	5	28	10	20.2744	0.345825	0.481164
GRONED	6	11	0	6.48298	0.0332973	0.0446661
GRONES	6	15	8	9.82258	0.490313	0.763719
GROSER	6	10	0	6.9484	0.0360236	0.0420817
GROSET	6	14	0	9.58237	0.0271362	0.0317014
GROSS	5	10	1	6.97989	0.128468	0.173816
GROT	4	51	3	37.698	0.0732027	0.094118
GROTS	5	23	2	15.5665	0.102463	0.144942
GROW	4	10	3	7.2409	0.289042	0.398905
GRR	3	46	0	33.3535	0.0240778	0.0248511
GRUE	4	27	2	21.6799	0.0976924	0.115406
GRUED	5	12	1	8.09409	0.111069	0.153609
GRUES	5	15	1	10.5143	0.0923156	0.122639
GUAN	4	23	0	16.7891	0.0378815	0.0396632
GUANS	5	10	0	7.87788	0.050145	0.0504051
GUAR	4	30	0	22.5875	0.0300606	0.0303716
GUARS	5	20	0	14.0646	0.0281204	0.0303567
GUB	3	13	3	9.54309	0.250346	0.332361
GUDE	4	18	3	14.7345	0.183481	0.222014
GUE	3	55	5	41.0748	0.105468	0.13612
GUES	4	30	3	21.6595	0.118542	0.157479
GUEST	5	14	0	9.3028	0.0381827	0.0437503
GUILE	5	10	0	6.6385	0.050145	0.0580905
GUISE	5	13	0	8.96293	0.0406043	0.0451728
GUL	3	52	11	40.79	0.218725	0.276796
GULA	4	29	1	21.5224	0.0613644	0.0739552
GULAR	5	11	0	7.25876	0.0465028	0.0539721
GULARS	6	10	0	4.9445	0.0360236	0.0560428
GULAS	5	16	1	10.4115	0.0873968	0.123699
GULE	4	27	3	22.0736	0.130049	0.154789
GULES	5	15	1	11.0096	0.0923156	0.117779
GULET	5	15	0	10.1544	0.0360337	0.0405505
GULS	4	25	4	19.4366	0.173643	0.21998
GULY	4	10	0	7.95528	0.0732968	0.0742873
GUM	3	17	3	13.4376	0.202134	0.249252
GUN	3	54	24	43.0355	0.436183	0.550823
GUNITE	6	12	0	5.58697	0.0309546	0.0506549
GUNS	4	19	5	14.7219	0.262787	0.34062
GUP	3	19	6	13.22	0.316131	0.448136
GUR	3	53	17	40.8071	0.320562	0.416402
GURL	4	10	0	8.22457	0.0732968	0.0723617
GURN	4	20	4	16.0734	0.209962	0.260547
GURS	4	26	6	19.1648	0.234715	0.316552
GUS	3	49	15	38.8021	0.30696	0.387942
GUSH	4	11	5	8.26904	0.403831	0.551289
GUST	4	28	6	21.0306	0.220002	0.291088
GUT	3	55	19	41.7106	0.343684	0.453435
GUTS	4	28	9	21.9101	0.31403	0.405069
GUY	3	10	0	7.99689	0.0870253	0.087033
GYAL	4	10	0	8.03748	0.0732968	0.0736888
GYAN	4	10	0	6.90019	0.0732968	0.0829343
GYM	3	11	0	9.4982	0.0811334	0.0758028
GYNIE	5	12	0	7.7634	0.0433538	0.0510287
GYRE	4	14	0	9.68772	0.0569224	0.0634285
GYRES	5	12	0	9.08921	0.0433538	0.0446336
HAAR	4	28	1	22.3559	0.0632877	0.0714413
HAARS	5	16	0	11.348	0.0341137	0.0367806
HABU	4	11	0	8.10858	0.0683793	0.0731787
HAD	3	139	54	105.192	0.386624	0.511345
HADAL	5	11	0	8.66754	0.0465028	0.0464865
HADE	4	74	27	54.4556	0.359657	0.490142
HADED	5	11	0	8.09474	0.0465028	0.0492646
HADES	5	44	11	32.9181	0.248895	0.333416
HADS	4	50	17	38.0053	0.334275	0.44192
HADST	5	16	0	11.6411	0.0341137	0.0359595
HAE	3	258	51	197.888	0.199405	0.259377
HAED	4	87	6	63.5506	0.0772146	0.102743
HAEM	4	53	2	39.9672	0.0530568	0.0653135
HAEMS	5	22	0	15.1328	0.0258496	0.028406
HAEN	4	112	0	85.3978	0.0087935	0.00858536
HAERES	6	26	0	20.9631	0.0155944	0.0153458
HAES	4	147	11	111.449	0.0796474	0.103436
HAET	4	151	33	113.362	0.219613	0.292157
HAETS	5	79	17	59.3004	0.215736	0.287417
HAFT	4	15	5	12.1951	0.318388	0.400559
HAG	3	97	36	77.584	0.36914	0.462638
HAGS	4	36	18	28.4702	0.476609	0.612114
HAH	3	41	9	34.1777	0.227793	0.272121
HAHS	4	18	6	14.982	0.320435	0.393776
HAIK	4	11	3	8.31238	0.26965	0.358107
HAIL	4	69	38	54.0966	0.535204	0.688788
HAILER	6	12	7	7.18729	0.523446	0.885972
HAILS	5	20	13	15.2724	0.599105	0.80372
HAIN	4	91	22	70.1725	0.242549	0.314526
HAINED	6	14	1	8.74239	0.0888134	0.136054
HAINS	5	39	7	28.9885	0.182922	0.245163
HAINT	5	40	2	27.7992	0.0617344	0.0844062
HAINTS	6	16	0	8.49731	0.0241564	0.0352871
HAIR	4	93	38	71.273	0.402653	0.527685
HAIRED	6	23	7	14.9368	0.29508	0.457726
HAIRS	5	39	14	27.0336	0.350516	0.507378
HAIRST	6	16	0	7.33938	0.0241564	0.0401312
HAITH	5	15	0	10.7261	0.0360337	0.0386529
HAKE	4	12	9	8.21843	0.62993	0.939235
HALE	4	89	67	67.1315	0.732135	0.977719
HALED	5	30	15	22.1514	0.477307	0.654456
HALER	5	46	30	33.8755	0.62829	0.861637
HALERS	6	26	19	19.7909	0.689032	0.92588
HALES	5	53	35	40.6049	0.639084	0.842674
HALEST	6	25	4	15.7675	0.163154	0.257277
HALF	4	11	0	8.45133	0.0683793	0.070816
HALID	5	25	0	17.7428	0.0230568	0.0245511
HALIDE	6	14	0	8.04137	0.0271362	0.037048
HALIDS	6	11	0	5.62276	0.0332973	0.050385
HALIER	6	24	5	16.4617	0.207526	0.304061
HALITE	6	19	0	12.0053	0.0207402	0.0258385
HALITES	7	12	0	3.0719	0.0225179	0.083981
HALL	4	24	10	18.6416	0.394879	0.516766
HALLO	5	15	1	10.4177	0.0923156	0.123634
HALM	4	29	1	21.6152	0.0613644	0.0736666
HALO	4	76	6	59.4778	0.0878442	0.109532
HALOED	6	12	0	8.07048	0.0309546	0.0369303
HALOES	6	19	0	10.1027	0.0207402	0.0302284
HALON	5	32	0	21.355	0.0184147	0.0206691
HALONS	6	13	0	6.55632	0.0289199	0.044238
HALOS	5	30	4	20.8734	0.14161	0.199978
HALSE	5	47	23	35.6752	0.475012	0.631564
HALSED	6	17	4	9.93908	0.231087	0.393166
HALSER	6	24	9	15.4405	0.360119	0.56473
HALT	4	80	39	61.3299	0.476957	0.62607
HALTED	6	12	8	8.48823	0.593802	0.870049
HALTER	6	25	17	19.1891	0.640859	0.854753
HALTERS	7	11	6	7.78433	0.495404	0.729142
HALTS	5	36	13	28.3339	0.351846	0.451726
HAM	3	130	66	103.781	0.502342	0.631449
HAMAL	5	10	0	7.52138	0.050145	0.0523992
HAMATE	6	10	0	7.00325	0.0360236	0.0417968
HAME	4	57	33	44.828	0.558559	0.718241
HAMED	5	19	3	13.93	0.167231	0.225175
HAMES	5	33	19	24.4246	0.549106	0.751401
HAMOSE	6	11	0	4.90474	0.0332973	0.0564141
HAMPER	6	10	4	5.37326	0.363531	0.670664
HAMS	4	61	24	49.5143	0.385473	0.478956
HAN	3	198	130	156.233	0.650237	0.826433
HANCE	5	24	6	18.6	0.248069	0.32216
HANCES	6	12	3	8.09811	0.242022	0.363125
HANCH	5	11	3	7.0627	0.264404	0.405979
HAND	4	41	20	32.807	0.468079	0.593395
HANDER	6	17	11	11.3523	0.595415	0.910868
HANDS	5	16	10	11.4585	0.566945	0.808763
HANG	4	41	30	32.569	0.69077	0.88537
HANGI	5	11	2	7.12659	0.19177	0.286913
HANGS	5	11	7	8.15126	0.55494	0.775028
HANSA	5	20	0	14.9495	0.0281204	0.0287226
HANSE	5	53	3	41.6722	0.065275	0.0804452
HANSEL	6	13	0	6.81375	0.0289199	0.0427981
HANSES	6	17	1	10.6746	0.074946	0.113719
HANT	4	88	53	69.6102	0.58777	0.748898
HANTED	6	15	3	10.0215	0.199842	0.3003
HANTS	5	45	30	35.7634	0.641443	0.817973
HAO	3	184	5	138.256	0.0330103	0.0418964
HAOS	4	72	1	54.8904	0.0266017	0.0307031
HAP	3	101	31	76.097	0.307324	0.407521
HAPS	4	47	15	35.2781	0.314687	0.420694
HAPU	4	12	0	8.90328	0.0640801	0.0679241
HARD	4	59	21	45.4177	0.350038	0.457143
HARDEST	7	10	0	2.39914	0.0263554	0.101095
HARDS	5	22	8	15.5786	0.348851	0.496363
HARE	4	168	92	122.654	0.541107	0.743097
HARED	5	60	14	42.3544	0.233245	0.330081
HAREM	5	34	1	23.4181	0.0446108	0.0591048
HAREMS	6	13	1	7.57971	0.0946513	0.154288
HARES	5	102	51	77.1044	0.492902	0.65491
HARIM	5	16	0	11.5308	0.0341137	0.0362641
HARING	6	20	4	11.2751	0.199878	0.350704
HARISH	6	12	0	5.843	0.0309546	0.0487857
HARK	4	18	10	14.2311	0.503039	0.655783
HARL	4	62	9	46.4575	0.152024	0.200564
HARLS	5	26	3	19.6581	0.126539	0.164185
HARM	4	43	6	32.8826	0.149647	0.192649
HARMS	5	21	6	14.3999	0.279381	0.407318
HARN	4	82	21	64.4905	0.25632	0.326335
HARNS	5	40	12	29.5225	0.295556	0.402167
HARO	4	110	5	80.0355	0.052844	0.0699729
HAROS	5	41	2	29.7649	0.0603239	0.0790978
HAROSET	7	14	0	5.27647	0.0196559	0.0540166
HARP	4	36	9	24.9816	0.251075	0.359236
HARPS	5	17	5	11.8306	0.285326	0.410808
HARSH	5	24	0	18.7807	0.0239182	0.0232941
HART	4	139	39	102.056	0.28004	0.38142
HARTAL	6	14	0	8.7173	0.0271362	0.0344961
HARTEN	6	32	0	21.3099	0.0128596	0.0151083
HARTENS	7	14	0	6.0718	0.0196559	0.0478565
HARTS	5	76	20	56.393	0.262039	0.353682
HAS	3	249	126	190.696	0.503217	0.657988
HASH	4	43	15	34.3279	0.341523	0.431648
HASK	4	12	4	9.08217	0.315569	0.422513
HASLET	6	14	0	9.22931	0.0271362	0.0327854
HASP	4	47	14	35.0177	0.295042	0.396745
HASS	4	40	6	30.2255	0.159872	0.208453
HAST	4	121	65	91.4976	0.528554	0.702012
HASTA	5	35	0	26.5	0.0169519	0.0168698
HASTE	5	77	48	57.7815	0.609774	0.8178
HASTED	6	22	11	15.8645	0.472464	0.668537
HASTEN	6	32	2	17.1773	0.0713162	0.127976
HASTES	6	29	14	20.8137	0.46262	0.654444
HASTIER	7	17	3	8.08485	0.176631	0.370949
HASTY	5	16	0	11.6755	0.0341137	0.0358655
HAT	3	279	185	212.74	0.658479	0.865062
HATE	4	172	127	127.932	0.727774	0.98198
HATED	5	45	11	33.1648	0.243684	0.331043
HATER	5	103	69	74.8055	0.658426	0.910568
HATERS	6	51	37	38.882	0.703581	0.933982
HATES	5	104	60	80.8028	0.567964	0.734842
HATH	4	41	9	32.92	0.223119	0.277953
HATING	6	12	6	5.53534	0.45309	0.955882
HATRED	6	24	0	17.3834	0.0167842	0.0183185
HATREDS	7	11	0	4.79873	0.024286	0.0585432
HATS	4	148	51	110.916	0.342445	0.457654
HATTER	6	18	13	14.2228	0.664903	0.870745
HATTERS	7	10	6	8.15431	0.537618	0.699356
HAUD	4	17	0	11.6299	0.0487538	0.0544978
HAUL	4	31	9	23.7875	0.28704	0.375765
HAULS	5	15	2	11.4553	0.148598	0.190972
HAULT	5	12	2	8.94737	0.178785	0.236861
HAUN	4	28	5	21.3889	0.188659	0.244203
HAUNS	5	16	1	11.6689	0.0873968	0.111878
HAUNT	5	10	4	7.53079	0.363436	0.495769
HAUSE	5	21	5	15.6923	0.237307	0.318479
HAUT	4	36	7	27.4123	0.200956	0.262091
HAUTE	5	13	2	9.88573	0.167446	0.217323
HAVE	4	15	7	11.5908	0.424178	0.563558
HAVER	5	10	6	8.11668	0.520081	0.673723
HAW	3	59	19	45.197	0.321783	0.420037
HAWS	4	23	8	15.7416	0.335221	0.488764
HAWSE	5	10	0	6.47605	0.050145	0.0592752
HAY	3	60	29	46.5796	0.47355	0.613384
HAYER	5	10	1	7.26551	0.128468	0.168145
HAYS	4	26	15	20.9037	0.535665	0.682842
HEAD	4	79	30	60.2721	0.374152	0.49253
HEADER	6	11	3	7.52496	0.260339	0.387268
HEADS	5	34	15	26.7643	0.42538	0.547605
HEADY	5	10	0	6.98386	0.050145	0.055723
HEAL	4	94	51	71.8266	0.531322	0.699435
HEALD	5	18	0	12.4996	0.0308284	0.0337527
HEALER	6	14	9	10.47	0.582231	0.807427
HEALS	5	37	23	29.8627	0.594458	0.748652
HEAME	5	11	0	7.40512	0.0465028	0.053084
HEAP	4	48	16	35.2032	0.32789	0.448298
HEAPS	5	21	10	15.8504	0.447677	0.60392
HEAR	4	151	106	113.537	0.690869	0.922646
HEARD	5	32	17	23.7011	0.507374	0.693588
HEARDS	6	10	8	6.88129	0.691039	1
HEARE	5	63	43	47.7227	0.663551	0.883354
HEARER	6	17	7	11.6107	0.387227	0.577545
HEARES	6	33	25	24.285	0.72245	0.998337
HEARIE	6	24	0	10.3049	0.0167842	0.0296923
HEARS	5	70	46	52.808	0.640947	0.855874
HEARSE	6	27	17	19.6484	0.596984	0.83583
HEART	5	86	39	63.8706	0.446562	0.603915
HEARTH	6	13	0	8.27323	0.0289199	0.0361311
HEARTS	6	42	26	29.674	0.598007	0.855989
HEARTY	6	12	0	7.36004	0.0309546	0.0400331
HEAST	5	58	26	46.2009	0.438395	0.55508
HEASTE	6	18	0	12.353	0.0217663	0.0251705
HEASTS	6	16	9	11.6487	0.518297	0.732754
HEAT	4	142	80	106.239	0.555286	0.744918
HEATER	6	19	9	13.3017	0.444999	0.648623
HEATERS	7	10	6	5.016	0.537618	1
HEATH	5	28	11	22.3505	0.378327	0.481208
HEATHS	6	10	5	7.1439	0.445408	0.647908
HEATS	5	79	43	60.6186	0.53371	0.699939
HECH	4	19	2	15.2814	0.131813	0.157733
HECHT	5	14	0	11.4028	0.0381827	0.0366242
HEDER	5	36	0	26.6964	0.0165147	0.0167522
HEDERA	6	22	0	14.4326	0.0181706	0.0217996
HEDERS	6	12	0	8.9201	0.0309546	0.0337976
HEED	4	46	12	35.8729	0.260878	0.335245
HEEDS	5	17	4	14.1195	0.234738	0.286505
HEEL	4	33	13	23.6689	0.37987	0.532329
HEELS	5	17	7	12.555	0.386501	0.532019
HEFT	4	28	8	22.6556	0.282687	0.352611
HEFTS	5	11	4	8.11943	0.337038	0.465399
HEH	3	58	4	46.0792	0.0841564	0.101252
HEHS	4	38	1	29.701	0.0481852	0.0549738
HEID	4	65	1	50.3327	0.0293042	0.0333686
HEIDS	5	29	0	21.2206	0.0201537	0.0207914
HEIL	4	65	15	51.9711	0.232482	0.29097
HEILS	5	24	6	19.2917	0.248069	0.311437
HEIR	4	112	23	86.9517	0.207231	0.266527
HEIRED	6	14	1	8.95865	0.0888134	0.133127
HEIRS	5	52	14	38.179	0.267315	0.364825
HEIST	5	62	15	45.2293	0.241482	0.331174
HEISTER	7	13	3	6.61746	0.224578	0.443335
HEISTS	6	11	3	6.44057	0.260339	0.442992
HELD	4	35	6	28.4216	0.180418	0.220748
HELE	4	38	12	29.5537	0.310682	0.402036
HELED	5	12	0	9.90333	0.0433538	0.0414442
HELES	5	25	6	19.746	0.239135	0.304775
HELIO	5	12	0	9.27136	0.0433538	0.0438781
HELL	4	18	12	13.6896	0.594341	0.804331
HELM	4	25	5	19.5433	0.208239	0.264966
HELMS	5	11	3	8.33326	0.264404	0.353469
HELO	4	70	8	56.0168	0.122037	0.150423
HELOS	5	26	5	20.5376	0.196062	0.248425
HELOT	5	36	0	27.9936	0.0165147	0.0160152
HELOTS	6	17	0	11.4483	0.0228992	0.0269858
HELP	4	22	2	15.707	0.116548	0.153977
HELPS	5	10	2	7.39392	0.20679	0.278279
HEM	3	105	27	82.7994	0.259247	0.328269
HEMAL	5	18	0	13.4126	0.0308284	0.0316848
HEME	4	26	5	21.1137	0.201276	0.24709
HEMES	5	17	3	12.4841	0.184151	0.248475
HEMIN	5	14	0	10.2768	0.0381827	0.0401287
HEMS	4	48	16	39.5441	0.32789	0.40164
HEN	3	256	141	204.354	0.547401	0.687111
HENCE	5	10	0	7.53325	0.050145	0.0523302
HEND	4	67	41	54.4542	0.59261	0.737423
HENDS	5	28	18	22.6997	0.605838	0.76364
HENGE	5	10	2	7.42958	0.20679	0.277166
HENNA	5	18	0	13.587	0.0308284	0.0313184
HENRY	5	14	0	10.6792	0.0381827	0.0388019
HENS	4	125	41	99.3027	0.32597	0.411481
HENT	4	132	73	105.379	0.544638	0.685785
HENTED	6	16	1	9.76861	0.0790609	0.123202
HENTS	5	75	49	59.5693	0.638314	0.810233
HEP	3	98	13	72.8242	0.139514	0.185189
HEPAR	5	24	0	16.288	0.0239182	0.0265602
HEPS	4	46	7	32.3188	0.160689	0.224799
HEPT	4	27	1	20.6571	0.0653355	0.0767594
HER	3	347	156	259.475	0.448152	0.599675
HERB	4	32	0	24.4485	0.0283861	0.0282478
HERBS	5	10	0	7.63874	0.050145	0.0517255
HERD	4	81	23	62.4181	0.282894	0.367775
HERDEN	6	12	0	6.7466	0.0309546	0.0431646
HERDS	5	36	11	26.5867	0.300256	0.408602
HERE	4	110	68	81.4799	0.605935	0.821955
HEREAT	6	21	0	16.7404	0.0189533	0.018979
HEREIN	6	19	0	11.7829	0.0207402	0.0262846
HEREON	6	13	0	8.30946	0.0289199	0.0359919
HERES	5	70	50	53.6466	0.695917	0.915404
HERETO	6	18	0	13.4289	0.0217663	0.0233061
HERIED	6	13	0	7.17043	0.0289199	0.0409514
HERIES	6	26	0	16.2401	0.0155944	0.0195267
HERIOTS	7	12	0	4.33221	0.0225179	0.0637608
HERL	4	72	7	54.2323	0.105648	0.137451
HERLS	5	36	4	27.7669	0.119693	0.15286
HERM	4	45	7	35.5479	0.163974	0.205551
HERMA	5	20	0	14.9727	0.0281204	0.0286821
HERMAI	6	11	0	6.59271	0.0332973	0.0440286
HERMS	5	19	3	13.1467	0.167231	0.237226
HERN	4	109	43	84.0469	0.389877	0.507496
HERNIA	6	26	0	16.9118	0.0155944	0.0187983
HERNIAL	7	12	0	5.49274	0.0225179	0.0521899
HERNIAS	7	10	0	4.37024	0.0263554	0.0633009
HERNS	5	57	24	44.5871	0.412267	0.531115
HERO	4	159	15	118.493	0.0983345	0.130549
HEROES	6	13	3	8.74902	0.226114	0.339116
HEROIN	6	18	1	10.4049	0.0712383	0.116386
HERON	5	58	5	41.4403	0.0928164	0.127467
HERONS	6	24	2	14.9466	0.0930809	0.145771
HEROON	6	13	0	7.87317	0.0289199	0.0377428
HEROS	5	71	6	52.7239	0.0900155	0.119383
HERPES	6	12	3	9.4954	0.242022	0.315218
HERS	4	185	57	134.03	0.307134	0.424039
HERSE	5	65	30	49.9428	0.452136	0.592466
HERSED	6	15	3	10.9617	0.199842	0.276885
HERSES	6	16	6	12.5909	0.353583	0.463119
HERY	4	38	0	30.0851	0.0243218	0.0233106
HES	3	348	105	269.028	0.301897	0.390471
HESP	4	65	1	48.2	0.0293042	0.0347816
HEST	4	198	77	149.737	0.386415	0.511856
HESTS	5	39	20	32.1174	0.494168	0.609158
HET	3	345	134	264.901	0.387643	0.505104
HETE	4	92	14	70.1422	0.156605	0.204017
HETERO	6	20	1	13.088	0.0648243	0.0943693
HETES	5	62	8	48.1264	0.133403	0.170754
HETH	4	55	5	42.604	0.102185	0.128478
HETHS	5	31	4	24.6457	0.137416	0.171114
HETING	6	18	0	10.8428	0.0217663	0.0283544
HETMAN	6	12	0	6.70058	0.0309546	0.0434194
HETS	4	212	84	159.06	0.39378	0.525676
HEW	3	56	11	43.3673	0.204088	0.261118
HEWN	4	16	0	12.9885	0.0512031	0.0496117
HEWS	4	23	6	16.886	0.260886	0.354419
HEY	3	55	11	41.4677	0.20756	0.272493
HEYS	4	17	4	13.1804	0.240093	0.309669
HIANT	5	37	0	26.9134	0.0160994	0.0166242
HIC	3	99	12	78.2251	0.128426	0.160299
HID	3	136	50	107.533	0.366304	0.463954
HIDE	4	73	34	56.6723	0.455355	0.590649
HIDER	5	40	15	29.6186	0.365702	0.497362
HIDERS	6	20	7	14.8267	0.334931	0.460892
HIDES	5	39	19	29.7158	0.470226	0.623994
HIE	3	222	50	178.121	0.226772	0.282273
HIED	4	74	5	56.5062	0.0772632	0.0980349
HIEMS	5	16	0	11.9458	0.0341137	0.0351439
HIES	4	123	28	95.7618	0.228668	0.293607
HIGH	4	11	0	9.30233	0.0683793	0.0655603
HILA	4	81	0	61.5059	0.0120041	0.011807
HILAR	5	39	0	27.0823	0.0153285	0.016526
HILD	4	31	0	24.1092	0.0291994	0.0286126
HILI	4	22	0	16.8056	0.0393438	0.0396287
HILL	4	17	9	12.0591	0.479267	0.685618
HILT	4	61	2	45.7912	0.0465172	0.0573815
HILTED	6	14	0	10.3238	0.0271362	0.0296433
HILTS	5	33	0	24.3336	0.0178998	0.0182851
HIM	3	85	10	66.8524	0.12615	0.157734
HIMS	4	32	2	24.7374	0.0840883	0.102289
HIN	3	234	160	182.575	0.677959	0.87099
HINAU	5	13	0	8.35501	0.0406043	0.0479622
HIND	4	56	24	44.6714	0.417646	0.528481
HINDER	6	17	8	11.6154	0.439274	0.656003
HINDS	5	16	10	11.8223	0.566945	0.786659
HING	4	71	51	52.9372	0.694467	0.939209
HINGE	5	37	24	24.086	0.619604	0.956844
HINGER	6	15	13	10.4441	0.780783	1
HINGES	6	17	11	11.3461	0.595415	0.91132
HINGS	5	21	11	14.8858	0.489751	0.700562
HINS	4	104	29	80.2343	0.2782	0.361071
HINT	4	91	48	71.7827	0.516507	0.65928
HINTED	6	21	4	11.2618	0.191267	0.351083
HINTER	6	28	17	18.6064	0.577225	0.880031
HINTERS	7	13	9	8.67632	0.631753	0.974441
HINTS	5	43	19	32.8717	0.429129	0.566685
HIOI	4	17	0	13.3885	0.0487538	0.0483356
HIP	3	63	14	46.5932	0.227622	0.305396
HIPS	4	29	8	21.9537	0.274096	0.362873
HIPT	4	18	0	13.0271	0.0465282	0.0494857
HIRE	4	150	68	114.27	0.448453	0.590475
HIRED	5	52	14	38.49	0.267315	0.361986
HIREE	5	27	14	20.6071	0.491816	0.654939
HIREES	6	17	11	12.3627	0.595415	0.842482
HIRER	5	41	15	29.8659	0.357347	0.49344
HIRERS	6	23	6	16.1407	0.255418	0.367739
HIRES	5	93	45	68.8899	0.476572	0.646097
HIS	3	233	47	178.958	0.203566	0.264403
HISH	4	35	0	26.9231	0.0261973	0.0258446
HISN	4	89	0	70.3327	0.0109704	0.0103694
HISS	4	41	2	32.9051	0.0672351	0.0784661
HISSER	6	10	0	7.6324	0.0360236	0.0387839
HIST	4	124	17	94.2282	0.140879	0.184161
HISTED	6	24	0	15.9271	0.0167842	0.0198857
HISTIE	6	19	0	11.8172	0.0207402	0.026215
HISTS	5	28	4	21.9529	0.150815	0.19077
HIT	3	239	101	187.799	0.420967	0.536402
HITCH	5	10	3	7.8438	0.285113	0.372004
HITHE	5	17	4	12.7226	0.234738	0.314666
HITS	4	131	41	102.347	0.311472	0.399495
HITTER	6	20	12	14.9403	0.56002	0.769424
HITTERS	7	11	8	9.60933	0.652443	0.792817
HIVE	4	22	12	17.4497	0.50257	0.650138
HIVER	5	11	5	8.42064	0.409672	0.552157
HIVES	5	13	7	9.984	0.48455	0.651232
HIYA	4	11	0	9.07164	0.0683793	0.0669064
HOA	3	185	69	138.441	0.371872	0.497105
HOAED	5	33	0	25.4098	0.0178998	0.0175535
HOAR	4	93	33	69.2009	0.351056	0.472944
HOARD	5	24	7	16.9431	0.285428	0.40537
HOARDS	6	13	4	8.84104	0.291845	0.436612
HOARED	6	27	0	17.7538	0.0150606	0.0179586
HOARS	5	56	14	40.8428	0.249121	0.341867
HOARSE	6	34	8	21.2742	0.233062	0.372756
HOARSEN	7	11	0	4.44502	0.024286	0.0624157
HOARSER	7	11	0	5.74584	0.024286	0.0502029
HOAS	4	87	19	66.2527	0.220221	0.288697
HOAST	5	39	15	32.095	0.374458	0.460689
HOASTS	6	12	5	8.17027	0.382734	0.57614
HOB	3	47	4	35.1935	0.10239	0.130777
HOBS	4	19	3	14.5956	0.175471	0.223853
HOC	3	106	14	84.8561	0.138456	0.171071
HOD	3	134	43	104.845	0.320812	0.410181
HODS	4	51	13	37.5569	0.255334	0.346208
HOE	3	208	95	164.186	0.454258	0.576482
HOED	4	78	16	61.5165	0.207791	0.263059
HOER	4	118	50	91.7011	0.418515	0.540687
HOERS	5	65	32	50.4275	0.481649	0.625459
HOES	4	122	40	96.6024	0.325794	0.412607
HOG	3	75	20	58.2397	0.269116	0.345862
HOGAN	5	11	0	7.70539	0.0465028	0.0513506
HOGEN	5	17	0	12.5216	0.032388	0.0336997
HOGS	4	26	11	20.8315	0.401909	0.511042
HOH	3	36	5	29.0065	0.155854	0.188867
HOHA	4	20	0	16.0218	0.0426355	0.0413366
HOHS	4	23	3	18.3344	0.149384	0.183025
HOI	3	174	43	136.044	0.248626	0.317569
HOIED	5	26	1	18.9383	0.0570166	0.0720662
HOING	5	21	0	13.5886	0.0269372	0.031315
HOIS	4	82	26	62.2856	0.314523	0.415079
HOISE	5	50	2	37.4291	0.0500351	0.0635213
HOISED	6	11	0	7.18405	0.0332973	0.0408841
HOISES	6	12	1	7.83506	0.101311	0.149876
HOISIN	6	10	0	5.71185	0.0360236	0.0497256
HOIST	5	46	19	33.4455	0.402731	0.557377
HOISTER	7	23	9	12.2448	0.376351	0.70995
HOISTERS	8	11	3	6.24695	0.259845	0.466312
HOLD	4	35	9	26.2046	0.257528	0.343749
HOLDS	5	15	3	11.1547	0.20488	0.274597
HOLE	4	76	48	58.3473	0.613466	0.80566
HOLED	5	23	9	16.5808	0.374121	0.524173
HOLES	5	47	31	36.378	0.635759	0.831104
HOLEY	5	13	0	9.09575	0.0406043	0.044606
HOLIER	6	13	0	6.90134	0.0289199	0.0423294
HOLIES	6	19	1	8.45825	0.0678801	0.1401
HOLIST	6	11	0	6.05128	0.0332973	0.047364
HOLLA	5	13	0	8.77747	0.0406043	0.0459888
HOLM	4	21	1	15.2435	0.0810757	0.100631
HOLME	5	12	0	9.73043	0.0433538	0.0420829
HOLO	4	34	7	26.3924	0.211559	0.271452
HOLON	5	11	0	7.53118	0.0465028	0.0523422
HOLOS	5	17	4	13.5324	0.234738	0.297702
HOLP	4	19	0	15.1923	0.0444968	0.0433123
HOLS	4	68	16	53.4184	0.236689	0.301385
HOLT	4	59	19	46.5941	0.318244	0.405095
HOLTS	5	31	9	24.296	0.285487	0.367339
HOLY	4	24	2	19.2118	0.108195	0.128731
HOM	3	98	50	77.7015	0.503078	0.637312
HOMA	4	47	6	38.1672	0.137888	0.167407
HOMAS	5	24	2	18.5567	0.0986352	0.123322
HOME	4	45	33	36.5044	0.695614	0.872847
HOMED	5	19	7	13.9751	0.35099	0.483169
HOMER	5	24	14	17.8183	0.546937	0.749533
HOMERS	6	11	5	6.86289	0.4117	0.670785
HOMES	5	23	14	17.5098	0.568163	0.761707
HOMIE	5	16	2	12.1236	0.14068	0.181598
HOMO	4	18	3	14.9437	0.183481	0.219299
HOMOS	5	10	3	7.75918	0.285113	0.375408
HOMS	4	40	12	31.7418	0.29653	0.376091
HON	3	190	115	149.428	0.599671	0.764572
HONAN	5	12	0	8.5464	0.0433538	0.0470476
HOND	4	43	14	33.2545	0.320203	0.416496
HONDA	5	18	4	12.1271	0.223435	0.328426
HONDS	5	13	3	10.1656	0.230867	0.297901
HONE	4	106	69	84.6322	0.637087	0.803624
HONED	5	36	6	25.6275	0.171283	0.238673
HONER	5	49	23	37.5649	0.45666	0.601006
HONERS	6	23	14	17.1171	0.572709	0.787276
HONES	5	61	40	48.0214	0.637317	0.817433
HONEST	6	32	2	20.2795	0.0713162	0.109403
HONEY	5	11	2	8.28	0.19177	0.253041
HONG	4	38	15	29.9555	0.382272	0.490407
HONGI	5	15	0	10.1911	0.0360337	0.0404234
HONGS	5	14	3	10.4904	0.217098	0.289824
HONIED	6	14	0	7.18467	0.0271362	0.040881
HONK	4	11	3	8.9804	0.26965	0.336642
HONOR	5	19	0	13.7867	0.0294122	0.030909
HONS	4	77	22	59.7876	0.284521	0.367249
HOO	3	92	64	72.1194	0.680779	0.873756
HOOD	4	34	10	27.5682	0.290704	0.361617
HOODS	5	14	4	9.91204	0.276737	0.392229
HOOF	4	10	1	8.24963	0.145212	0.168213
HOOLIE	6	10	1	6.17522	0.117901	0.184091
HOON	4	37	10	29.5496	0.269384	0.339024
HOONED	6	10	1	5.81813	0.117901	0.193598
HOONS	5	20	7	15.287	0.335574	0.445385
HOOP	4	17	10	13.2976	0.527102	0.695376
HOOR	4	50	4	37.2523	0.0931117	0.120552
HOORD	5	13	0	9.42111	0.0406043	0.0432759
HOORS	5	26	0	17.8454	0.0222554	0.0244209
HOOT	4	46	27	35.5666	0.561448	0.735518
HOOTER	6	13	6	9.13139	0.423308	0.619775
HOOTS	5	29	18	22.5945	0.586767	0.766976
HOP	3	82	37	60.6777	0.445357	0.603076
HOPE	4	37	26	28.0703	0.660531	0.884808
HOPER	5	22	18	17.7325	0.752603	0.960969
HOPERS	6	14	11	11.9455	0.705585	0.869439
HOPES	5	23	10	18.7022	0.412929	0.518627
HOPS	4	35	8	26.726	0.231825	0.302931
HORA	4	114	4	84.0592	0.0425699	0.0551097
HORAH	5	19	0	14.8443	0.0294122	0.0289076
HORAL	5	39	0	26.4681	0.0153285	0.0168891
HORAS	5	53	2	39.0979	0.0473435	0.0609095
HORDE	5	33	10	23.4921	0.297482	0.41919
HORDES	6	19	7	12.3663	0.35072	0.545126
HORE	4	146	65	108.819	0.440406	0.592449
HORK	4	14	3	10.5046	0.224471	0.29614
HORME	5	20	1	14.9585	0.0720423	0.0895032
HORN	4	74	23	58.2704	0.308313	0.393016
HORNED	6	14	5	9.91971	0.335522	0.484639
HORNET	6	18	0	11.0664	0.0217663	0.0278332
HORNETS	7	13	0	2.80393	0.0209898	0.0900532
HORNS	5	28	10	20.7778	0.345825	0.470285
HORS	4	112	47	80.5842	0.414297	0.577072
HORSE	5	74	39	54.2063	0.516366	0.708705
HORSED	6	27	6	18.7857	0.220445	0.318815
HORSES	6	17	7	12.4957	0.387227	0.539938
HORSIE	6	24	3	14.6776	0.131229	0.211656
HORST	5	48	0	35.1492	0.0126111	0.0128875
HORSTE	6	24	0	18.3315	0.0167842	0.0174245
HORSTES	7	11	0	5.61941	0.024286	0.0511762
HOS	3	223	120	172.784	0.534455	0.691066
HOSE	4	132	72	99.9257	0.53728	0.712624
HOSED	5	46	8	35.9697	0.177171	0.226168
HOSEL	5	39	0	30.5614	0.0153285	0.0147321
HOSELS	6	10	0	5.76182	0.0360236	0.0493633
HOSEN	5	54	0	43.3743	0.0112782	0.0105247
HOSER	5	70	38	54.03	0.531008	0.692944
HOSERS	6	23	14	19.2413	0.572709	0.705045
HOSES	5	37	14	29.6783	0.368144	0.464325
HOSEY	5	21	0	17.2396	0.0269372	0.0252107
HOSIER	6	20	1	13.0407	0.0648243	0.0946853
HOSS	4	35	9	27.5934	0.257528	0.327706
HOST	4	108	56	83.8325	0.509531	0.65993
HOSTA	5	55	0	43.4708	0.0110829	0.0105022
HOSTAS	6	13	0	10.2373	0.0289199	0.0298694
HOSTED	6	21	8	15.0957	0.363581	0.514995
HOSTEL	6	20	1	12.845	0.0648243	0.0960148
HOSTIE	6	19	0	10.4087	0.0207402	0.0294245
HOSTS	5	24	16	20.067	0.621654	0.764126
HOT	3	229	107	174.937	0.464829	0.609249
HOTE	4	124	43	93.3065	0.344155	0.458274
HOTEL	5	37	2	28.9207	0.0663915	0.0812936
HOTELS	6	17	0	12.3671	0.0228992	0.0251442
HOTEN	5	49	1	39.0355	0.0316845	0.0363274
HOTLY	5	10	0	6.79961	0.050145	0.0569615
HOTROD	6	10	0	6.45585	0.0360236	0.0448266
HOTS	4	138	48	103.781	0.345436	0.460158
HOTTED	6	13	4	9.64298	0.291845	0.404007
HOTTER	6	18	9	13.5831	0.467014	0.63619
HOTTERS	7	10	6	8.39173	0.537618	0.68149
HOUND	5	15	3	11.7903	0.20488	0.261456
HOUR	4	41	15	31.7521	0.356733	0.46443
HOURI	5	13	0	9.60759	0.0406043	0.0425487
HOURS	5	17	7	13.1836	0.386501	0.50923
HOUSE	5	33	21	25.4485	0.605022	0.797085
HOUSEL	6	11	0	6.51632	0.0332973	0.0444704
HOUSER	6	17	9	12.31	0.491321	0.696605
HOUSES	6	11	7	8.44445	0.563061	0.769223
HOUT	4	43	22	34.1862	0.490759	0.625901
HOUTED	6	11	0	8.13153	0.0332973	0.036686
HOUTS	5	30	15	24.3431	0.477307	0.598932
HOW	3	41	15	31.2447	0.361811	0.47577
HOWE	4	20	2	14.6728	0.126299	0.163434
HOWES	5	12	1	8.99	0.111069	0.140477
HOWRE	5	12	0	8.77063	0.0433538	0.0460194
HOWS	4	18	5	12.8008	0.274784	0.384346
HOY	3	59	14	46.6249	0.242127	0.305197
HOYA	4	17	0	13.3181	0.0487538	0.0485555
HOYLE	5	12	0	9.23564	0.0433538	0.0440242
HOYS	4	20	6	15.7508	0.293626	0.376877
HUB	3	15	1	12.1644	0.117119	0.131595
HUE	3	71	14	56.9281	0.203268	0.251959
HUED	4	22	2	17.4373	0.116548	0.140384
HUER	4	40	1	31.9137	0.0459902	0.0514043
HUERS	5	19	1	14.0526	0.0753519	0.09472
HUES	4	48	10	38.4045	0.212295	0.265026
HUG	3	25	9	19.6463	0.354476	0.453651
HUGE	4	11	0	8.61689	0.0683793	0.0697285
HUGS	4	11	5	8.51792	0.403831	0.538445
HUI	3	61	3	45.6466	0.0648193	0.0812409
HUIAS	5	11	0	7.44871	0.0465028	0.0528251
HUIS	4	30	1	21.8297	0.0595545	0.0730081
HULA	4	31	0	24.6597	0.0291994	0.0280254
HULAS	5	20	0	14.5417	0.0281204	0.0294534
HULE	4	21	2	16.2453	0.121228	0.149474
HULES	5	12	2	9.35786	0.178785	0.227898
HUM	3	35	10	27.4925	0.288839	0.367269
HUMA	4	18	0	14.0227	0.0465282	0.0464418
HUMS	4	17	5	13.9576	0.287928	0.356769
HUN	3	72	33	57.793	0.451343	0.56536
HUNG	4	11	4	8.38641	0.33674	0.450376
HUNH	4	10	0	8.3824	0.0732968	0.0712788
HUNS	4	36	6	28.929	0.175897	0.217145
HUNT	4	31	20	24.3018	0.602179	0.784091
HUNTER	6	12	7	8.36931	0.523446	0.775329
HUNTS	5	12	6	9.58061	0.449646	0.584632
HUP	3	28	7	20.8781	0.258052	0.342471
HUPS	4	10	1	7.3113	0.145212	0.184871
HURL	4	14	3	11.4581	0.224471	0.275413
HURST	5	18	2	13.3751	0.127132	0.166309
HURT	4	37	4	29.5644	0.122703	0.149762
HURTS	5	21	4	16.1729	0.195233	0.253198
HUSH	4	12	4	10.2028	0.315569	0.384227
HUSO	4	33	0	25.2197	0.027617	0.0274523
HUSS	4	12	2	10.4791	0.189825	0.217644
HUT	3	82	25	63.7338	0.305448	0.392921
HUTIA	5	11	0	7.30972	0.0465028	0.0536595
HUTS	4	43	12	32.991	0.277564	0.362727
HWAN	4	21	0	15.2203	0.0409235	0.0432424
HYE	3	66	17	50.15	0.260833	0.341997
HYED	4	20	2	15.4295	0.126299	0.156406
HYEN	4	31	0	23.3261	0.0291994	0.0294917
HYENA	5	13	0	8.00098	0.0406043	0.0497513
HYENS	5	20	0	14.4659	0.0281204	0.0295933
HYES	4	33	6	24.7812	0.190195	0.250572
HYLA	4	26	0	20.913	0.0340814	0.0325755
HYLAS	5	12	0	8.44184	0.0433538	0.0475429
HYLE	4	23	0	18.7091	0.0378815	0.0360148
HYLES	5	13	0	9.54894	0.0406043	0.0427748
HYP	3	25	1	18.5912	0.0764109	0.0907934
HYPE	4	12	1	9.363	0.126952	0.151966
HYPS	4	14	1	10.623	0.112772	0.136992
HYTE	4	35	1	27.6261	0.0519007	0.0588027
IAMBS	5	10	0	7.50725	0.050145	0.0524815
IBIS	4	15	0	11.238	0.0539115	0.0560914
ICE	3	177	77	141.267	0.432584	0.543094
ICED	4	62	13	47.7501	0.212718	0.275507
ICER	4	95	38	69.7886	0.394511	0.538571
ICERS	5	42	14	30.2024	0.327027	0.456647
ICES	4	89	36	69.0355	0.398462	0.516178
ICH	3	113	28	89.3943	0.25005	0.315542
ICHED	5	11	0	8.33397	0.0465028	0.0480649
ICHES	5	25	12	19.4225	0.455214	0.596402
ICHOR	5	17	0	12.2959	0.032388	0.0342514
ICHS	4	45	3	35.6239	0.0821836	0.0992839
ICIER	5	25	3	18.2033	0.131096	0.176314
ICIEST	6	12	1	8.461	0.101311	0.14006
ICK	3	24	6	18.7763	0.259212	0.329073
ICON	4	54	0	42.8119	0.0176014	0.0167144
ICONES	6	10	0	6.05324	0.0360236	0.047351
ICONS	5	25	0	18.8604	0.0230568	0.0232028
ICY	3	34	1	28.0581	0.0582035	0.0623273
IDANT	5	25	0	19.0929	0.0230568	0.0229407
IDANTS	6	13	0	8.4906	0.0289199	0.0353118
IDE	3	350	16	269.677	0.0486145	0.0621085
IDEA	4	140	1	101.407	0.0140315	0.0169134
IDEAL	5	63	0	44.3978	0.0097348	0.01029
IDEALS	6	29	0	15.0977	0.0140956	0.0209042
IDEAS	5	71	0	51.5511	0.00867908	0.00890224
IDEATE	6	17	0	11.4731	0.0228992	0.0269325
IDEATES	7	12	0	4.94948	0.0225179	0.057035
IDEE	4	63	1	45.8111	0.0301802	0.0365136
IDEES	5	40	1	29.7476	0.0383522	0.0471287
IDEM	4	69	0	51.1508	0.01398	0.0141002
IDENT	5	67	0	49.0515	0.00917667	0.00934253
IDENTS	6	38	0	23.6722	0.0109409	0.0136673
IDES	4	196	9	143.832	0.0501198	0.0667947
IDIOT	5	16	0	12.0588	0.0341137	0.0348509
IDLE	4	78	1	56.6222	0.024653	0.0297986
IDLED	5	12	0	8.48406	0.0433538	0.0473416
IDLER	5	37	0	25.4935	0.0160994	0.017499
IDLERS	6	18	0	11.6928	0.0217663	0.0264699
IDLES	5	43	1	30.0304	0.0358383	0.0467059
IDLEST	6	14	0	7.83359	0.0271362	0.0379101
IDLY	4	14	0	10.3887	0.0569224	0.0598867
IDOL	4	69	1	51.2888	0.0276964	0.0327718
IDOLA	5	36	0	22.8813	0.0165147	0.0193747
IDOLS	5	26	1	17.6203	0.0570166	0.0770365
IDS	3	218	1	167.653	0.00991277	0.0110841
IDYL	4	16	0	12.4244	0.0512031	0.0515298
IFF	3	13	4	10.3634	0.309976	0.390548
IFS	3	69	0	56.4161	0.0164677	0.0150628
IGG	3	25	0	19.837	0.0416527	0.0401374
IGGS	4	10	0	7.53963	0.0732968	0.0774693
IGLU	4	16	0	12.742	0.0512031	0.0504321
IGNITE	6	13	0	7.18711	0.0289199	0.0408689
IGNORE	6	16	0	9.54407	0.0241564	0.0318155
IGNORES	7	10	0	4.85108	0.0263554	0.0580105
IHRAM	5	13	0	9.3564	0.0406043	0.0435341
IKAN	4	16	0	10.6923	0.0512031	0.0584723
IKATS	5	12	0	9.36569	0.0433538	0.0434968
IKON	4	12	0	9.47142	0.0640801	0.0646076
ILEA	4	149	0	108.285	0.00666565	0.0068063
ILEAC	5	29	0	21.631	0.0201537	0.0204224
ILEAL	5	33	0	24.1525	0.0178998	0.0184142
ILIAC	5	10	0	7.72676	0.050145	0.0512315
ILIAD	5	10	0	6.823	0.050145	0.0568013
ILK	3	33	2	26.0382	0.0869823	0.102288
ILKS	4	14	0	10.5541	0.0569224	0.0591078
ILL	3	98	13	72.2133	0.139514	0.186711
ILLER	5	32	0	22.2958	0.0184147	0.0198516
ILLEST	6	16	0	8.96249	0.0241564	0.0336552
ILLS	4	50	9	37.6178	0.185867	0.24513
ILLY	4	11	1	7.75271	0.13547	0.176642
IMAGE	5	14	0	9.77067	0.0381827	0.0419325
IMAGO	5	10	0	7.04121	0.050145	0.0553484
IMAM	4	20	0	15.4246	0.0426355	0.0427402
IMAMS	5	10	0	7.71705	0.050145	0.0512855
IMARET	6	24	0	13.8495	0.0167842	0.02265
IMARETS	7	11	0	2.18468	0.024286	0.108118
IMARIS	6	14	0	7.52677	0.0271362	0.039259
IMBAR	5	10	0	6.89415	0.050145	0.0563192
IMID	4	18	0	13.9578	0.0465282	0.0466287
IMIDE	5	13	0	8.72015	0.0406043	0.046247
IMIDS	5	12	0	8.47438	0.0433538	0.0473876
IMINE	5	22	0	14.6773	0.0258496	0.0292062
IMINES	6	13	0	6.52924	0.0289199	0.0443951
IMINO	5	17	0	12.359	0.032388	0.0340954
IMP	3	57	4	44.0715	0.0855412	0.105651
IMPEL	5	10	0	8.2697	0.050145	0.0483814
IMPS	4	23	2	17.53	0.112216	0.139724
INANE	5	44	0	30.6897	0.0136897	0.0146734
INANER	6	24	0	14.3268	0.0167842	0.0219492
INANES	6	30	0	16.0041	0.013658	0.0197961
INANEST	7	16	0	5.21012	0.0174394	0.054603
INARCH	6	14	0	9.36291	0.0271362	0.0323666
INCEL	5	15	0	10.9709	0.0360337	0.0378935
INCEST	6	13	0	7.81214	0.0289199	0.0380014
INCH	4	51	17	39.8432	0.328187	0.422586
INCITE	6	10	0	6.73188	0.0360236	0.0432458
INCLE	5	10	0	7.44487	0.050145	0.0528478
INDART	6	14	0	9.39905	0.0271362	0.0322552
INDENT	6	12	0	6.91637	0.0309546	0.04225
INDEW	5	11	0	7.95067	0.0465028	0.0500164
INDIA	5	25	0	15.9222	0.0230568	0.0271182
INDIAS	6	10	0	4.11951	0.0360236	0.0649081
INDIE	5	39	0	26.6056	0.0153285	0.0168064
INDIES	6	20	0	11.9604	0.0198066	0.0259274
INDITE	6	11	0	6.62007	0.0332973	0.0438725
INDOL	5	30	0	20.4344	0.0195386	0.021537
INDOLS	6	10	0	4.92817	0.0360236	0.0561947
INDORSE	7	12	2	5.49769	0.168124	0.364653
INDUE	5	11	0	7.72631	0.0465028	0.051234
INEPT	5	26	0	18.6732	0.0222554	0.0234182
INERT	5	139	5	99.0611	0.0397851	0.054422
INERTER	7	10	0	4.32496	0.0263554	0.0638493
INERTIA	7	19	0	7.10675	0.0149163	0.0416723
INERTIAS	8	10	0	3.61617	0.0263554	0.0738651
INERTS	6	73	4	48.1154	0.0590316	0.0881612
INFER	5	13	0	10.2204	0.0406043	0.0403222
INFO	4	24	0	17.7118	0.036524	0.037822
INFRA	5	10	0	6.78331	0.050145	0.0570738
ING	3	259	26	193.363	0.103506	0.137503
INGAN	5	30	0	18.2445	0.0195386	0.023927
INGATE	6	29	1	15.0111	0.0461331	0.083102
INGATES	7	16	1	7.01482	0.0738229	0.168466
INGEST	6	27	3	17.2484	0.117753	0.181994
INGESTA	7	13	0	5.93372	0.0209898	0.0488232
INGLE	5	27	7	17.8478	0.256662	0.386404
INGLES	6	15	4	8.12768	0.257936	0.470381
INGO	4	89	0	66.1665	0.0109704	0.0110017
INGOT	5	30	0	18.4795	0.0195386	0.0236454
INGOTS	6	14	0	8.30139	0.0271362	0.0360229
INGRAM	6	13	0	8.0073	0.0289199	0.0371866
INGRATE	7	11	0	5.28638	0.024286	0.0539301
INGS	4	106	1	73.8943	0.0183723	0.0230316
INIA	4	88	0	66.7682	0.0110898	0.0109056
INION	5	18	0	12.6361	0.0308284	0.0334265
INK	3	57	15	44.9937	0.266551	0.336978
INKER	5	14	4	9.42222	0.276737	0.409836
INKS	4	21	2	15.2871	0.121228	0.157681
INLAID	6	10	0	5.80609	0.0360236	0.0490467
INLAY	5	11	0	7.22201	0.0465028	0.0541997
INLET	5	58	0	41.5613	0.0105358	0.010968
INLETS	6	34	0	19.6409	0.0121494	0.0163243
INMATE	6	21	0	10.2034	0.0189533	0.029959
INMATES	7	13	0	4.3152	0.0209898	0.0639687
INMESH	6	10	0	5.55786	0.0360236	0.0508764
INN	3	156	36	121.429	0.232824	0.29848
INNATE	6	23	0	13.0306	0.0174499	0.0239631
INNED	5	34	0	22.0588	0.017413	0.0200514
INNER	5	59	29	41.4405	0.479866	0.68651
INNERS	6	31	14	23.8652	0.434763	0.574438
INNIT	5	23	0	15.9231	0.0248464	0.0271168
INNS	4	72	4	53.7261	0.0661247	0.0850192
INRO	4	136	0	103.066	0.00728502	0.00714385
INROAD	6	12	0	6.68563	0.0309546	0.0435028
INRUN	5	10	0	5.76142	0.050145	0.0651169
INS	3	432	11	336.111	0.0279926	0.035128
INSANE	6	17	0	9.32676	0.0228992	0.0324789
INSANER	7	11	0	5.88137	0.024286	0.0491999
INSEAM	6	24	0	12.6186	0.0167842	0.0246831
INSEEM	6	11	0	7.54749	0.0332973	0.0391649
INSERT	6	60	0	38.5931	0.00707197	0.00852911
INSERTS	7	10	0	5.30037	0.0263554	0.0538085
INSET	5	164	0	124.366	0.00383908	0.00375177
INSETS	6	40	0	25.3673	0.0104226	0.0127918
INSIDE	6	13	1	6.70071	0.0946513	0.171683
INSIST	6	12	0	6.10214	0.0309546	0.0470294
INSOLE	6	25	0	14.2006	0.0161674	0.0221302
INSTAL	6	34	0	17.7491	0.0121494	0.0179631
INSTAR	6	32	0	19.5015	0.0128596	0.0164348
INSTARS	7	10	0	4.85901	0.0263554	0.0579306
INSTEAD	7	10	0	4.48166	0.0263554	0.0619909
INSULA	6	10	0	4.65844	0.0360236	0.0588288
INSURE	6	15	0	8.53822	0.0255598	0.0351373
INTEL	5	68	0	49.9425	0.009047	0.00918067
INTELS	6	27	0	17.2696	0.0150606	0.0184321
INTEND	6	22	0	13.0744	0.0181706	0.023889
INTENSE	7	11	0	4.0831	0.024286	0.0669468
INTENT	6	18	0	9.49571	0.0217663	0.0319608
INTENTS	7	12	0	3.73286	0.0225179	0.0720056
INTER	5	142	76	99.9224	0.529402	0.754072
INTERN	6	28	5	20.2585	0.180051	0.249998
INTERNS	7	11	2	7.34913	0.181325	0.282832
INTERS	6	83	49	59.2896	0.58019	0.817062
INTI	4	99	1	74.6607	0.019622	0.0228018
INTIL	5	27	0	19.9222	0.0215077	0.0220522
INTIME	6	10	0	4.65873	0.0360236	0.0588259
INTINE	6	19	0	10.8215	0.0207402	0.0284052
INTINES	7	13	0	5.16689	0.0209898	0.0549919
INTIRE	6	29	0	16.0996	0.0140956	0.0196862
INTIS	5	48	0	36.1532	0.0126111	0.0125437
INTO	4	158	1	118.643	0.0124716	0.0145004
INTONE	6	15	0	8.4575	0.0255598	0.0354342
INTONES	7	10	0	2.47586	0.0263554	0.0987988
INTORT	6	19	0	10.8923	0.0207402	0.0282374
INTORTS	7	10	0	3.89708	0.0263554	0.0695417
INTRA	5	87	1	60.3942	0.018272	0.0237894
INTRO	5	78	2	55.1546	0.0326893	0.0436438
INTRON	6	13	0	7.00035	0.0289199	0.0418117
INTROS	6	36	1	21.278	0.0376823	0.0598252
INTUSE	6	15	0	8.28067	0.0255598	0.0361025
INULAS	6	12	0	5.56413	0.0309546	0.0508286
INURE	5	37	0	24.8311	0.0160994	0.0179395
INURED	6	11	0	6.77309	0.0332973	0.0430193
INURES	6	19	0	10.3914	0.0207402	0.0294686
INURN	5	10	0	5.96676	0.050145	0.0633237
IODATE	6	11	0	7.70694	0.0332973	0.0384555
IODIN	5	16	0	11.3461	0.0341137	0.0367858
IODINE	6	10	0	4.50229	0.0360236	0.0604698
IOLITE	6	10	0	5.88856	0.0360236	0.0484675
ION	3	283	14	223.258	0.0529984	0.0660263
IONISE	6	24	0	14.3925	0.0167842	0.021856
IONISED	7	11	0	3.70935	0.024286	0.0723726
IONISER	7	12	0	4.5094	0.0225179	0.0616731
IONS	4	135	8	104.11	0.0649307	0.0823508
IOS	3	313	1	241.256	0.00693991	0.00773225
IOTA	4	141	0	104.684	0.00703365	0.00703566
IOTAS	5	60	0	43.7112	0.0102001	0.0104463
IRADE	5	72	0	47.763	0.00856299	0.00958693
IRADES	6	37	0	22.6453	0.0112199	0.0142585
IRATE	5	135	1	94.1367	0.0119058	0.0153951
IRATER	6	41	0	26.7934	0.0101814	0.0121377
IRATEST	7	20	0	8.77723	0.01423	0.0344805
IRE	3	593	106	450.063	0.179631	0.23636
IRED	4	212	8	152.706	0.0417739	0.0565103
IRES	4	381	74	275.535	0.194903	0.269182
IRID	4	37	1	28.1004	0.0493631	0.0578812
IRIDES	6	16	0	8.12687	0.0241564	0.0367045
IRIDS	5	20	0	14.8661	0.0281204	0.0288692
IRING	5	22	0	14.366	0.0258496	0.0297798
IRIS	4	71	1	53.083	0.0269569	0.0317075
IRISED	6	22	0	10.9023	0.0181706	0.0282139
IRK	3	51	1	39.9558	0.0401378	0.0447102
IRKS	4	19	0	14.2212	0.0444968	0.0458791
IRON	4	161	64	119.202	0.394282	0.533522
IRONE	5	81	46	57.7374	0.556781	0.784641
IRONED	6	29	11	16.5338	0.366508	0.643154
IRONER	6	22	15	13.9273	0.637661	1
IRONERS	7	14	9	8.38264	0.591605	1
IRONES	6	44	26	28.0646	0.572127	0.90323
IRONS	5	65	26	46.454	0.393111	0.552149
IRONY	5	13	0	9.01846	0.0406043	0.0449341
ISH	3	245	3	189.534	0.0168764	0.0202533
ISHES	5	37	0	28.5076	0.0160994	0.0157408
ISIT	4	86	0	65.0477	0.0113365	0.0111848
ISLAND	6	12	0	7.71169	0.0309546	0.0384348
ISLE	4	155	0	116.508	0.00641396	0.00633468
ISLED	5	50	0	36.6164	0.0121331	0.0123912
ISLES	5	61	0	47.1528	0.0100401	0.00970719
ISLET	5	90	0	69.5818	0.00690149	0.00664377
ISLETED	7	13	0	6.44894	0.0209898	0.0454013
ISLETS	6	34	0	21.442	0.0121494	0.0150197
ISM	3	187	0	146.615	0.00628167	0.00592918
ISMS	4	24	0	18.4637	0.036524	0.0364433
ISO	3	351	0	270.032	0.00337784	0.00324054
ISOETES	7	10	0	4.55397	0.0263554	0.0611694
ISOLATE	7	13	0	6.64262	0.0209898	0.0442358
ISOLOG	6	10	0	4.69216	0.0360236	0.0584861
ISOS	4	55	0	43.4786	0.0173026	0.0164703
ISSUE	5	14	0	10.2717	0.0381827	0.0401464
ITA	3	474	3	360.928	0.0087874	0.0106922
ITALIC	6	10	0	5.35323	0.0360236	0.0524908
ITAS	4	215	0	157.046	0.00465595	0.00472174
ITCH	4	55	24	42.3149	0.424736	0.55648
ITCHES	6	13	8	8.85941	0.554771	0.837609
ITEM	4	107	1	80.5026	0.0182066	0.0211905
ITEMS	5	49	1	35.6389	0.0316845	0.0396507
ITERATE	7	11	0	4.65273	0.024286	0.0600819
ITHER	5	61	0	43.9487	0.0100401	0.0103917
ITS	3	518	7	403.392	0.0157126	0.0194363
ITSELF	6	10	0	7.31042	0.0360236	0.0402694
IURE	4	78	0	58.8118	0.0124438	0.0123286
IWI	3	13	0	10.2578	0.0714575	0.0711572
JET	3	10	0	8.16605	0.0870253	0.0856039
KAB	3	20	1	15.3309	0.0924837	0.10774
KADE	4	18	0	12.3601	0.0465282	0.0517582
KADES	5	11	0	8.08283	0.0465028	0.0493259
KAE	3	59	1	42.0454	0.0350223	0.0425957
KAED	4	22	0	15.2724	0.0393438	0.0431133
KAES	4	29	1	20.2118	0.0613644	0.0782869
KAF	3	17	0	12.7558	0.0576959	0.0592217
KAI	3	51	4	38.063	0.0949121	0.121442
KAID	4	13	0	9.07986	0.0602896	0.0668575
KAIE	4	22	0	15.7613	0.0393438	0.0419375
KAIES	5	13	0	9.96623	0.0406043	0.0412167
KAIL	4	15	1	11.6987	0.106807	0.126362
KAIM	4	13	0	9.05734	0.0602896	0.0669916
KAIN	4	24	2	15.682	0.108195	0.154192
KAINS	5	10	1	6.51394	0.128468	0.183935
KAIS	4	26	1	17.8533	0.0675203	0.087511
KAISER	6	14	0	8.43469	0.0271362	0.035519
KALE	4	20	3	14.7569	0.168131	0.221719
KALES	5	10	3	8.72567	0.285113	0.339891
KALI	4	13	2	9.45493	0.178596	0.236829
KAM	3	19	2	14.6103	0.140462	0.172087
KANA	4	12	0	7.82597	0.0640801	0.0752489
KANE	4	22	0	15.1488	0.0393438	0.0434212
KANES	5	13	0	9.32012	0.0406043	0.0436802
KANG	4	10	1	6.51197	0.145212	0.201903
KANS	4	13	0	9.17458	0.0602896	0.066299
KANT	4	24	1	16.0586	0.0723595	0.0961294
KANTS	5	11	0	7.82652	0.0465028	0.050683
KARA	4	18	0	12.7445	0.0465282	0.0504237
KARN	4	18	0	12.8656	0.0465282	0.0500174
KARO	4	32	0	22.3286	0.0283861	0.0306926
KAROO	5	10	0	7.40772	0.050145	0.0530685
KAROS	5	13	0	9.35907	0.0406043	0.0435234
KARST	5	16	0	12.0015	0.0341137	0.0349988
KART	4	29	5	19.7868	0.182925	0.262026
KARTS	5	17	2	12.1542	0.133563	0.181191
KAS	3	54	2	39.9331	0.0553634	0.0685043
KAT	3	57	14	42.3737	0.250096	0.334346
KATA	4	18	0	13.5231	0.0465282	0.047921
KATI	4	20	0	14.6232	0.0426355	0.0447805
KATIS	5	11	0	7.5746	0.0465028	0.0520915
KATS	4	35	5	24.9901	0.154715	0.211817
KAY	3	13	2	8.9601	0.190717	0.259707
KBAR	4	10	0	7.81133	0.0732968	0.0753593
KEA	3	55	5	38.867	0.105468	0.143449
KEAS	4	23	0	16.6972	0.0378815	0.0398564
KEB	3	15	0	12.4092	0.0638435	0.0606329
KED	3	42	0	30.9222	0.026182	0.0266787
KEDS	4	17	0	12.2933	0.0487538	0.0519971
KEEL	4	10	1	7.61828	0.145212	0.17907
KEEN	4	17	6	12.1962	0.335763	0.470164
KEET	4	22	3	15.9101	0.15515	0.207574
KEETS	5	15	2	12.3959	0.148598	0.178037
KEG	3	13	0	9.28428	0.0714575	0.0772227
KEIR	4	29	1	21.7459	0.0613644	0.073264
KEIRS	5	14	0	10.0426	0.0381827	0.0409438
KELL	4	11	5	8.50314	0.403831	0.539191
KELT	4	16	4	12.9705	0.252155	0.313964
KEN	3	54	17	40.8387	0.315013	0.416096
KENO	4	23	0	17.8566	0.0378815	0.0375485
KENOS	5	13	0	9.20499	0.0406043	0.0441504
KENS	4	25	6	19.0855	0.242835	0.317733
KENT	4	20	9	14.4285	0.419121	0.587712
KEP	3	14	0	10.3757	0.0674363	0.070487
KERN	4	22	2	16.1355	0.116548	0.150371
KEROS	5	14	0	9.13042	0.0381827	0.0444604
KESH	4	21	0	16.5562	0.0409235	0.0401566
KEST	4	47	8	35.8524	0.177176	0.230209
KET	3	72	18	56.3391	0.253376	0.322901
KETA	4	31	0	22.5803	0.0291994	0.0303806
KETAS	5	13	0	10.4977	0.0406043	0.0393894
KETE	4	21	1	15.3376	0.0810757	0.10009
KETES	5	17	1	14.1093	0.0829756	0.0943757
KETO	4	32	0	23.5507	0.0283861	0.029234
KETS	4	45	15	33.7354	0.327556	0.438773
KEY	3	12	0	8.78502	0.0759886	0.0807526
KHET	4	10	0	8.13218	0.0732968	0.073011
KHI	3	16	1	12.4466	0.111195	0.129048
KID	3	22	6	17.5869	0.279329	0.348917
KIER	4	28	1	20.9286	0.0632877	0.0758568
KIERS	5	14	0	11.5739	0.0381827	0.0361445
KIF	3	15	0	12.1156	0.0638435	0.0618822
KILN	4	12	0	9.37233	0.0640801	0.0651625
KILO	4	17	0	13.106	0.0487538	0.0492298
KILT	4	13	5	10.1157	0.356055	0.468387
KIN	3	61	37	46.5439	0.589752	0.778171
KINA	4	26	0	17.8775	0.0340814	0.0375094
KINAS	5	14	0	8.99277	0.0381827	0.0450442
KINE	4	33	16	24.3416	0.461159	0.632002
KINES	5	24	11	17.3342	0.434862	0.609441
KING	4	15	9	10.5504	0.529969	0.766973
KINO	4	22	0	17.3781	0.0393438	0.0384679
KINOS	5	10	0	7.13436	0.050145	0.0547506
KINS	4	26	11	18.9998	0.401909	0.555271
KIP	3	11	3	8.76039	0.284245	0.356232
KIR	3	49	10	38.3454	0.21221	0.268808
KIRN	4	16	0	13.2681	0.0512031	0.0487126
KIRS	4	21	1	15.9216	0.0810757	0.0968579
KIS	3	61	12	46.492	0.203772	0.264904
KISAN	5	13	0	9.3368	0.0406043	0.0436129
KISH	4	10	0	7.09581	0.0732968	0.0811823
KIST	4	32	5	23.7946	0.167641	0.221572
KIT	3	47	24	36.236	0.496322	0.648425
KITE	4	28	19	21.0895	0.627458	0.849402
KITER	5	15	10	11.0669	0.598853	0.833984
KITES	5	21	13	17.8307	0.573898	0.697295
KITH	4	10	0	7.15258	0.0732968	0.0806876
KITS	4	26	4	19.5869	0.167837	0.21846
KNAR	4	23	0	15.9641	0.0378815	0.0414683
KNEE	4	13	0	9.71675	0.0602896	0.0632735
KNEES	5	10	0	8.00307	0.050145	0.0497403
KNIT	4	25	0	17.7432	0.0352604	0.0377624
KNOT	4	23	0	17.5194	0.0378815	0.0381917
KNOTS	5	10	0	7.51458	0.050145	0.0524387
KOA	3	33	1	24.0551	0.0597863	0.071853
KOAN	4	10	0	7.27045	0.0732968	0.0796796
KOAS	4	15	0	11.8638	0.0539115	0.0535893
KOEL	4	12	0	9.66877	0.0640801	0.0635301
KOI	3	32	1	24.6884	0.0614577	0.0701566
KOIS	4	13	1	9.56211	0.119443	0.149386
KOLA	4	13	0	9.30096	0.0602896	0.0655681
KON	3	39	5	31.4085	0.144922	0.175344
KONS	4	14	1	10.1892	0.112772	0.141803
KOP	3	19	2	14.1626	0.140462	0.176814
KOR	3	53	2	40.9267	0.0563386	0.0669236
KORA	4	29	0	21.1074	0.0309741	0.0323033
KORAI	5	10	0	7.2151	0.050145	0.0542428
KORAS	5	13	0	9.75741	0.0406043	0.0419819
KORAT	5	13	0	9.49506	0.0406043	0.0429846
KORE	4	32	1	23.766	0.0562372	0.0675564
KORES	5	22	1	17.192	0.0662248	0.0788025
KORO	4	15	0	11.4448	0.0539115	0.0552392
KORS	4	29	0	20.9235	0.0309741	0.0325607
KOS	3	43	4	33.6585	0.111147	0.136385
KOW	3	11	0	8.13008	0.0811334	0.0859038
KRAB	4	16	0	11.5862	0.0512031	0.0546711
KRAI	4	22	0	15.9776	0.0393438	0.0414374
KRAIS	5	13	0	9.5339	0.0406043	0.0428331
KRAIT	5	10	0	6.5298	0.050145	0.0588779
KRANS	5	10	0	6.9993	0.050145	0.0556217
KRIS	4	24	0	17.7564	0.036524	0.0377374
KRONA	5	12	0	8.45064	0.0433538	0.0475008
KRONE	5	11	0	7.32713	0.0465028	0.0535536
KUE	3	16	0	13.0596	0.0606143	0.0580379
KUES	4	11	0	8.91252	0.0683793	0.0678675
KUNA	4	10	0	7.48557	0.0732968	0.0779033
LAB	3	105	32	80.4294	0.305216	0.398249
LABIS	5	11	0	8.09617	0.0465028	0.0492573
LABOR	5	15	0	10.9132	0.0360337	0.0380699
LABRA	5	17	0	12.92	0.032388	0.0327681
LABRET	6	10	0	6.42178	0.0360236	0.0450297
LABS	4	38	11	26.4902	0.286819	0.41012
LAC	3	170	94	131.456	0.547841	0.710229
LACE	4	70	58	52.3884	0.798579	1
LACED	5	22	7	15.9187	0.308476	0.429223
LACER	5	40	31	28.6689	0.739816	1
LACERS	6	20	16	13.5593	0.740091	1
LACES	5	34	21	25.099	0.588567	0.807563
LACET	5	30	5	21.7725	0.172128	0.235237
LACETS	6	17	2	10.5433	0.126993	0.20092
LACHES	6	11	5	7.10993	0.4117	0.65059
LACIER	6	12	4	7.76552	0.312378	0.489606
LACK	4	13	9	9.51435	0.592668	0.835012
LACS	4	60	4	45.5643	0.0785414	0.0995579
LACY	4	19	4	15.0249	0.219129	0.27644
LAD	3	194	88	143.138	0.45102	0.611818
LADDER	6	10	7	7.44426	0.609162	0.859312
LADE	4	116	62	84.0521	0.525575	0.727841
LADED	5	17	0	12.5415	0.032388	0.0336519
LADEN	5	44	1	30.0193	0.035072	0.0467223
LADENS	6	21	1	13.5735	0.0620318	0.0912461
LADER	5	65	7	43.3976	0.112742	0.166465
LADERS	6	30	1	20.3588	0.044701	0.0623883
LADES	5	64	35	45.6106	0.533795	0.753117
LADIES	6	21	0	11.9113	0.0189533	0.0260253
LADING	6	10	0	4.83754	0.0360236	0.0570531
LADINO	6	15	0	7.20619	0.0255598	0.040775
LADLE	5	15	0	10.8204	0.0360337	0.0383567
LADS	4	74	21	53.1517	0.282641	0.393227
LADY	4	15	0	11.2942	0.0539115	0.0558574
LAER	4	238	46	171.257	0.19437	0.269585
LAERED	6	20	0	14.8312	0.0198066	0.021254
LAERING	7	11	0	7.2771	0.024286	0.0408044
LAERS	5	124	24	87.8453	0.194373	0.273937
LAG	3	129	61	99.8058	0.468466	0.607027
LAGAN	5	10	0	6.94504	0.050145	0.0559794
LAGER	5	31	18	20.0929	0.552014	0.855873
LAGERS	6	19	10	12.3357	0.492139	0.769724
LAGS	4	44	18	34.7141	0.397017	0.508476
LAH	3	195	18	148.02	0.0965857	0.125748
LAHS	4	70	5	54.1435	0.081445	0.102149
LAIC	4	57	1	42.8906	0.0331533	0.0388804
LAICH	5	18	0	11.2217	0.0308284	0.037146
LAICS	5	16	0	10.4374	0.0341137	0.0395885
LAID	4	104	17	76.4287	0.166991	0.22587
LAIDS	5	36	1	25.5345	0.0423093	0.054476
LAIGH	5	12	0	7.48332	0.0433538	0.0526214
LAIK	4	16	8	11.2496	0.453106	0.652441
LAIN	4	166	67	118.811	0.400336	0.560045
LAIPSE	6	11	0	6.01261	0.0332973	0.0476217
LAIR	4	155	64	111.268	0.40917	0.570841
LAIRD	5	39	0	24.0435	0.0153285	0.0184928
LAIRDS	6	16	0	9.28128	0.0241564	0.0326213
LAIRED	6	31	2	20.0572	0.0734634	0.110553
LAIRS	5	76	28	50.8012	0.363604	0.544494
LAIRY	5	13	0	9.00088	0.0406043	0.0450094
LAISSE	6	22	0	11.4069	0.0181706	0.0270752
LAITH	5	42	3	27.8997	0.0813139	0.118143
LAITY	5	16	0	11.1497	0.0341137	0.0373574
LAKE	4	19	14	13.0195	0.65571	0.971552
LAKER	5	12	5	8.92595	0.381931	0.52537
LAM	3	157	81	120.387	0.511279	0.668296
LAMA	4	26	2	20.2475	0.100959	0.122782
LAMAS	5	16	2	12.1861	0.14068	0.180767
LAMB	4	13	4	8.74717	0.296902	0.435485
LAME	4	69	46	51.8792	0.644936	0.865078
LAMED	5	20	3	12.4568	0.159886	0.24896
LAMER	5	43	22	28.9734	0.494677	0.737681
LAMES	5	40	21	27.9735	0.505995	0.728776
LAMEST	6	20	0	11.9918	0.0198066	0.0258652
LAMING	6	11	1	5.67815	0.108978	0.197599
LAMP	4	23	13	16.3089	0.521058	0.744418
LAMS	4	66	18	50.9218	0.272071	0.353233
LAMSTER	7	12	0	5.31631	0.0225179	0.0536705
LANA	4	72	7	52.9798	0.105648	0.140573
LANAS	5	31	5	22.3076	0.167031	0.229947
LANATE	6	28	0	15.249	0.0145621	0.0207108
LANCE	5	24	13	18.0488	0.509578	0.689512
LANCER	6	13	9	8.02563	0.620502	1
LANCES	6	13	3	8.22742	0.226114	0.358089
LANCET	6	10	3	6.95311	0.281654	0.414782
LANCH	5	14	5	10.6215	0.336375	0.451822
LAND	4	76	41	54.4716	0.525863	0.737197
LANDE	5	53	32	36.3615	0.585289	0.857885
LANDER	6	24	18	17.12	0.703455	1
LANDERS	7	13	10	9.22806	0.699616	1
LANDES	6	29	17	18.597	0.558733	0.880452
LANDS	5	29	14	21.2517	0.460853	0.636373
LANE	4	183	83	133.792	0.449528	0.61602
LANES	5	104	54	76.6935	0.511768	0.696723
LANG	4	67	42	46.9219	0.606714	0.870953
LANGER	6	17	10	12.4743	0.543368	0.761863
LANK	4	18	13	12.5989	0.639992	0.931496
LANNER	6	13	7	9.7449	0.489039	0.676946
LANOSE	6	13	0	7.35133	0.0289199	0.0400744
LANT	4	144	53	105.948	0.365228	0.497184
LANTS	5	77	20	56.6835	0.258754	0.351917
LAP	3	136	65	103.418	0.473623	0.624147
LAPEL	5	10	0	7.13673	0.050145	0.0547356
LAPIN	5	12	1	7.596	0.111069	0.162029
LAPIS	5	20	0	13.811	0.0281204	0.0308598
LAPS	4	55	35	39.7788	0.611477	0.852388
LAPSE	5	35	15	25.928	0.414117	0.564309
LAPSER	6	17	5	11.1034	0.283134	0.437614
LAR	3	377	213	281.804	0.56254	0.753263
LARCH	5	18	1	12.5165	0.0789802	0.105108
LARD	4	75	11	54.613	0.152325	0.20698
LARDER	6	10	1	6.63817	0.117901	0.173071
LARDS	5	28	7	20.2121	0.24832	0.344309
LARE	4	251	151	181.537	0.596375	0.826078
LAREE	5	61	32	42.624	0.511862	0.736098
LAREES	6	36	16	22.9638	0.430214	0.679087
LARES	5	142	83	100.584	0.577755	0.817764
LARGE	5	28	6	18.8033	0.215818	0.318933
LARGEN	6	15	0	9.6585	0.0255598	0.031477
LARGER	6	10	2	5.76513	0.199777	0.340849
LARGES	6	13	3	7.91033	0.226114	0.370697
LARGO	5	20	0	13.2341	0.0281204	0.0320691
LARI	4	160	9	116.683	0.0611281	0.0820532
LARINE	6	43	0	25.1772	0.009731	0.0128844
LARIS	5	63	4	40.7674	0.0705549	0.105832
LARK	4	25	7	18.623	0.277431	0.372909
LARN	4	121	17	90.6479	0.144263	0.191265
LARNED	6	25	0	17.3856	0.0161674	0.0183163
LARNS	5	44	7	32.3653	0.163366	0.22071
LARNT	5	50	0	36.7219	0.0121331	0.012357
LAROID	6	14	0	8.03264	0.0271362	0.0370834
LARS	4	167	22	115.51	0.13469	0.193346
LAS	3	370	244	280.017	0.656014	0.867903
LASE	4	213	119	157.289	0.553325	0.751015
LASED	5	65	22	46.9833	0.334086	0.4636
LASER	5	124	63	88.6072	0.502023	0.704486
LASERS	6	30	17	22.3282	0.541388	0.740204
LASES	5	53	27	40.3606	0.495632	0.656435
LASH	4	88	57	67.4611	0.631294	0.829465
LASHED	6	13	7	8.79173	0.489039	0.742205
LASHER	6	24	15	18.4545	0.58901	0.784572
LASHERS	7	10	4	6.47248	0.367197	0.587649
LASHES	6	19	14	14.9744	0.680699	0.892246
LASING	6	16	3	8.48117	0.18887	0.348601
LASS	4	52	9	39.6011	0.179218	0.233489
LASSI	5	22	1	15.147	0.0662248	0.0884889
LASSIE	6	11	0	6.53584	0.0332973	0.0443567
LASSO	5	19	0	14.371	0.0294122	0.0297703
LASSU	5	12	0	9.50019	0.0433538	0.0429645
LAST	4	201	126	148.2	0.619892	0.842964
LASTED	6	41	20	31.2312	0.473	0.62915
LASTER	6	84	58	60.6039	0.677852	0.945525
LASTERS	7	27	19	16.5478	0.671963	1
LASTS	5	41	25	31.8463	0.585826	0.7641
LAT	3	387	239	288.96	0.614679	0.824063
LATCH	5	11	4	7.35656	0.337038	0.505533
LATE	4	249	155	179.806	0.616908	0.85592
LATED	5	73	9	53.0418	0.127234	0.1737
LATEEN	6	22	0	13.9068	0.0181706	0.0225636
LATEENS	7	13	0	4.27335	0.0209898	0.0644859
LATEN	5	111	0	79.8833	0.00562757	0.0058027
LATENS	6	56	0	32.9295	0.00755791	0.00994881
LATENT	6	19	0	12.4457	0.0207402	0.0249981
LATENTS	7	10	0	3.00735	0.0263554	0.0853677
LATER	5	140	62	97.5037	0.438756	0.631073
LATEST	6	32	0	21.6524	0.0128596	0.0148808
LATH	4	93	44	70.0737	0.464569	0.619505
LATHE	5	45	27	33.198	0.578639	0.791982
LATHEE	6	10	0	5.83713	0.0360236	0.0488271
LATHEN	6	19	2	10.4588	0.11502	0.202389
LATHER	6	25	15	17.8003	0.567366	0.811734
LATHERS	7	10	5	5.85777	0.452407	0.789014
LATHES	6	18	7	11.2123	0.36807	0.596238
LATHI	5	27	1	19.4659	0.0551012	0.0702517
LATHIS	6	14	0	7.81595	0.0271362	0.0379851
LATHS	5	34	10	25.0957	0.289391	0.393904
LATHY	5	12	0	8.66369	0.0433538	0.0465041
LATI	4	163	8	116.818	0.0540379	0.0735553
LATINA	6	19	0	10.9368	0.0207402	0.0281329
LATINO	6	28	0	14.9036	0.0145621	0.0211578
LATINOS	7	11	0	2.21735	0.024286	0.106986
LATISH	6	14	0	8.81787	0.0271362	0.0341461
LATKE	5	10	0	6.82393	0.050145	0.0567949
LATRINE	7	18	0	5.99725	0.0156721	0.0483736
LATRINES	8	11	0	4.79581	0.024286	0.0585732
LATRON	6	19	0	11.2215	0.0207402	0.0274827
LATS	4	210	52	151.206	0.247863	0.343949
LATTE	5	32	23	22.5006	0.679949	0.978393
LATTEN	6	21	6	15.4141	0.277424	0.383923
LATTENS	7	11	3	6.18959	0.259845	0.470083
LATTER	6	16	13	12.9087	0.737915	0.952452
LATTERS	7	10	5	7.60235	0.452407	0.627161
LATTES	6	17	11	14.4487	0.595415	0.729425
LATU	4	72	2	53.3427	0.0397761	0.049575
LATUS	5	29	0	21.5009	0.0201537	0.020538
LAUD	4	28	3	21.2997	0.125973	0.159895
LAUND	5	12	1	8.59925	0.111069	0.145917
LAV	3	41	25	32.7134	0.585174	0.742661
LAVE	4	24	21	19.9291	0.78907	0.984539
LAVED	5	10	3	7.9926	0.285113	0.366167
LAVER	5	15	14	11.618	0.823981	1
LAVS	4	14	3	11.1962	0.224471	0.28081
LAW	3	86	35	66.1683	0.403234	0.525318
LAWED	5	10	3	6.97438	0.285113	0.410216
LAWER	5	16	1	11.642	0.0873968	0.112108
LAWEST	6	11	0	7.51428	0.0332973	0.039316
LAWIN	5	12	1	8.57414	0.111069	0.146281
LAWN	4	24	10	17.1507	0.394879	0.556656
LAWS	4	35	11	26.2083	0.308935	0.414195
LAX	3	14	8	11.439	0.517628	0.654244
LAY	3	91	45	70.2627	0.487478	0.633732
LAYER	5	20	10	15.0427	0.467339	0.633425
LAYERS	6	12	6	8.96041	0.45309	0.630313
LAYS	4	37	18	29.0595	0.464957	0.600561
LEA	3	359	292	268.446	0.808221	1
LEACH	5	20	5	16.5009	0.24773	0.304166
LEAD	4	102	45	74.4744	0.434532	0.59698
LEADEN	6	12	0	8.08674	0.0309546	0.0368649
LEADER	6	15	7	10.7118	0.432219	0.621513
LEADS	5	39	17	28.9246	0.422342	0.574469
LEADY	5	11	1	7.54623	0.119137	0.162922
LEAF	4	36	13	28.2857	0.351312	0.451619
LEAFS	5	13	6	11.1964	0.421129	0.51017
LEAK	4	21	6	14.9923	0.281836	0.393538
LEAL	4	71	14	54.58	0.200509	0.259969
LEALER	6	14	0	9.40693	0.0271362	0.032231
LEAM	4	68	25	50.7202	0.361854	0.486944
LEAMS	5	31	17	24.4219	0.5224	0.674294
LEAN	4	147	72	106.627	0.483874	0.668728
LEANED	6	14	8	9.14486	0.520554	0.814261
LEANER	6	18	11	11.205	0.565958	0.921777
LEANEST	7	11	0	4.90849	0.024286	0.0574373
LEANS	5	65	36	49.4433	0.540674	0.716078
LEANT	5	70	6	51.2751	0.0912525	0.12266
LEANY	5	15	0	10.918	0.0360337	0.0380551
LEAP	4	65	27	47.1303	0.406634	0.562979
LEAPER	6	13	5	8.696	0.357577	0.545207
LEAPS	5	33	18	25.223	0.521147	0.691507
LEAPT	5	18	0	13.0209	0.0308284	0.0325401
LEAR	4	201	144	145.734	0.707738	0.978723
LEARE	5	79	59	58.9108	0.729386	0.984628
LEARED	6	22	12	17.105	0.513763	0.677913
LEARES	6	42	30	32.1963	0.688478	0.911285
LEARING	7	14	9	8.10165	0.591605	1
LEARN	5	57	21	42.2419	0.362073	0.490997
LEARNS	6	15	10	10.2459	0.606501	0.911554
LEARNT	6	27	0	18.8804	0.0150606	0.0169457
LEARS	5	102	65	73.5172	0.626531	0.87288
LEARY	5	22	2	16.9839	0.1066	0.133821
LEAS	4	173	91	129.871	0.520161	0.694904
LEASE	5	57	46	45.9772	0.780359	0.97904
LEASED	6	14	10	8.95045	0.643908	1
LEASER	6	28	19	20.2471	0.643421	0.906092
LEASES	6	13	8	10.6305	0.554771	0.711101
LEASH	5	44	9	34.1662	0.20613	0.265654
LEAST	5	89	24	67.1569	0.268507	0.356494
LEASTS	6	15	4	10.6765	0.257936	0.368537
LEAT	4	181	77	130.536	0.421941	0.58592
LEATS	5	99	41	72.5708	0.40917	0.559975
LECH	4	33	3	25.7793	0.108906	0.134262
LECTOR	6	11	0	5.29438	0.0332973	0.0529743
LED	3	264	58	202.424	0.221079	0.287845
LEDE	4	65	5	49.6249	0.0873549	0.111061
LEDES	5	31	2	22.4994	0.0781882	0.103053
LEE	3	151	114	115.854	0.744319	0.973648
LEEAR	5	32	14	23.8851	0.421087	0.570331
LEEARS	6	16	8	10.8782	0.463392	0.69639
LEED	4	49	17	36.4499	0.340594	0.459722
LEEK	4	10	3	7.61828	0.289042	0.383516
LEEP	4	34	12	24.3049	0.343467	0.481759
LEEPS	5	17	7	12.7165	0.386501	0.525971
LEER	4	88	52	62.6634	0.57689	0.813724
LEERS	5	47	30	35.3223	0.615665	0.827774
LEES	4	95	15	69.2744	0.161965	0.220493
LEET	4	88	33	63.1546	0.370155	0.516723
LEETS	5	54	22	41.2783	0.398823	0.525442
LEFT	4	22	4	17.0633	0.193752	0.247133
LEFTS	5	11	2	9.39966	0.19177	0.227023
LEG	3	103	16	76.6247	0.161078	0.214343
LEGAL	5	12	1	9.51906	0.111069	0.133726
LEGIST	6	11	0	6.35191	0.0332973	0.0454522
LEGIT	5	14	0	9.97669	0.0381827	0.0411791
LEGITS	6	10	0	4.82145	0.0360236	0.0572082
LEGS	4	39	8	29.1076	0.210212	0.27986
LEHR	4	51	0	39.5246	0.0185631	0.0180324
LEI	3	313	65	241.258	0.208979	0.270679
LEIR	4	138	20	100.005	0.148121	0.203111
LEIRS	5	74	14	52.4812	0.190708	0.268147
LEIS	4	168	19	126.362	0.116455	0.153679
LEISH	5	35	0	27.4343	0.0169519	0.0163249
LEK	3	41	7	31.139	0.183121	0.236867
LEKS	4	20	5	14.9748	0.251794	0.335594
LEMAN	5	21	0	14.9603	0.0269372	0.0287039
LEME	4	31	7	24.1385	0.229742	0.294712
LEMES	5	20	4	14.9742	0.203808	0.271633
LEMON	5	12	0	8.32075	0.0433538	0.0481297
LEND	4	68	36	52.5346	0.514833	0.671892
LENDS	5	23	17	17.5854	0.684588	0.915958
LENES	5	39	6	31.8866	0.15898	0.193915
LENG	4	56	6	40.2502	0.117172	0.159185
LENGS	5	20	2	14.0644	0.115964	0.158938
LENIS	5	72	0	52.0473	0.00856299	0.00881974
LENITE	6	26	0	14.7848	0.0155944	0.0213161
LENITES	7	14	0	3.12511	0.0196559	0.0828716
LENITY	6	12	0	5.7554	0.0309546	0.0494096
LENO	4	119	1	89.6776	0.016429	0.0190736
LENOS	5	53	1	38.2518	0.0294119	0.0370438
LENS	4	139	31	104.318	0.224059	0.298188
LENSE	5	44	13	36.1803	0.291659	0.357635
LENT	4	130	50	98.3776	0.38101	0.504783
LENTEN	6	11	1	6.6652	0.108978	0.172468
LENTI	5	56	1	40.6595	0.0279105	0.0349277
LENTIC	6	11	0	5.64343	0.0332973	0.0502305
LENTIL	6	10	0	4.96641	0.0360236	0.0558403
LENTO	5	50	1	35.4263	0.0310841	0.0398791
LENTOR	6	18	0	9.87257	0.0217663	0.0308627
LENTOS	6	23	0	12.9589	0.0174499	0.0240853
LEONE	5	25	1	17.3126	0.0590699	0.0782971
LEP	3	134	13	98.0684	0.103058	0.138535
LEPER	5	14	1	10.7142	0.0978212	0.12063
LEPRA	5	24	0	18.143	0.0239182	0.0240506
LEPRAS	6	10	0	5.45295	0.0360236	0.0516915
LEPS	4	60	4	41.686	0.0785414	0.108363
LEPT	4	36	2	28.8265	0.0756595	0.0887928
LEPTA	5	17	0	12.3514	0.032388	0.0341141
LERE	4	113	21	79.1192	0.188351	0.267604
LERED	5	36	0	25.308	0.0165147	0.0176202
LERES	5	68	13	51.7868	0.192747	0.252872
LERING	6	19	0	11.7695	0.0207402	0.0263122
LERP	4	58	0	41.2251	0.0164641	0.0173257
LERPS	5	21	0	15.5202	0.0269372	0.027759
LESBO	5	18	0	14.4895	0.0308284	0.0295494
LESION	6	29	0	15.2398	0.0140956	0.0207224
LESS	4	61	8	46.4477	0.13896	0.180033
LEST	4	238	93	179.242	0.388661	0.516804
LESTED	6	27	6	19.5635	0.220445	0.306812
LESTS	5	46	25	38.4121	0.525763	0.638369
LET	3	413	136	311.824	0.329194	0.435985
LETCH	5	20	2	15.0216	0.115964	0.149725
LETHE	5	23	1	17.5414	0.0636547	0.077356
LETHES	6	10	1	6.63939	0.117901	0.173043
LETS	4	249	76	185.043	0.304538	0.409984
LETTED	6	12	0	9.55453	0.0309546	0.0317843
LETTER	6	15	12	11.8488	0.722689	0.953182
LETTRE	6	15	0	11.2004	0.0255598	0.0275298
LEU	3	107	3	82.6462	0.0379015	0.0457871
LEUD	4	26	0	20.4559	0.0340814	0.0332338
LEUDS	5	13	0	9.34885	0.0406043	0.0435644
LEV	3	54	8	40.8137	0.159223	0.206795
LEVA	4	22	0	17.6826	0.0393438	0.0378776
LEVE	4	11	7	9.70305	0.538011	0.653204
LEVIS	5	10	0	7.77153	0.050145	0.0509839
LEVO	4	19	0	15.5758	0.0444968	0.0423759
LEVS	4	22	1	16.4082	0.077946	0.0943202
LEW	3	72	22	57.6523	0.306167	0.382711
LEWD	4	20	1	15.7378	0.0844672	0.097852
LEY	3	97	15	75.5115	0.160745	0.204537
LEYS	4	34	6	26.1478	0.185178	0.238477
LEZ	3	11	0	9.16695	0.0811334	0.0780242
LIAISE	6	14	0	8.15057	0.0271362	0.0366105
LIANA	5	32	0	20.9792	0.0184147	0.0210149
LIANAS	6	13	0	4.88789	0.0289199	0.056573
LIANE	5	74	18	49.793	0.242814	0.360202
LIANES	6	42	11	22.3401	0.258744	0.48381
LIANG	5	44	1	27.467	0.035072	0.0508405
LIANGS	6	16	0	8.80722	0.0241564	0.0341829
LIAR	4	151	20	109.829	0.135691	0.185295
LIARD	5	36	0	23.3736	0.0165147	0.0189911
LIARDS	6	12	0	7.20905	0.0309546	0.040761
LIARS	5	74	8	49.3087	0.11255	0.16678
LIART	5	65	0	42.8889	0.0094475	0.0106399
LIAS	4	137	2	101.243	0.0214272	0.0266108
LIASES	6	10	0	5.72344	0.0360236	0.0496411
LIB	3	55	13	41.1129	0.241591	0.320972
LIBRA	5	10	0	6.65823	0.050145	0.0579499
LIBS	4	18	4	12.8235	0.229133	0.317043
LICE	4	56	21	44.1024	0.367567	0.470139
LICH	4	39	9	30.4439	0.233519	0.299059
LICHT	5	10	0	7.37468	0.050145	0.0532663
LICIT	5	14	0	9.33998	0.0381827	0.0436001
LID	3	169	59	128.558	0.34843	0.458182
LIDAR	5	22	0	14.3563	0.0258496	0.0297979
LIDARS	6	12	0	8.45858	0.0309546	0.0354302
LIDO	4	59	1	43.1842	0.0320993	0.0386287
LIDOS	5	28	0	18.8885	0.0208087	0.0231708
LIDS	4	74	18	53.6966	0.244133	0.335687
LIE	3	329	118	256.114	0.3582	0.460335
LIED	4	108	12	76.8479	0.116341	0.16139
LIEDER	6	10	0	6.73564	0.0360236	0.043225
LIEF	4	31	0	22.6713	0.0291994	0.0302692
LIEN	4	133	8	103.07	0.0658792	0.0831642
LIENOR	6	15	0	9.74712	0.0255598	0.0312197
LIENS	5	55	4	40.7643	0.0803258	0.10584
LIER	4	181	62	132.159	0.340819	0.467171
LIERS	5	105	35	75.8756	0.330714	0.458501
LIES	4	204	51	150.125	0.250206	0.339824
LIEU	4	44	0	34.3224	0.0212756	0.0206035
LIEUS	5	19	0	13.7517	0.0294122	0.0309799
LIFE	4	23	11	17.7767	0.446723	0.589329
LIFER	5	12	5	8.58576	0.381931	0.543109
LIFES	5	11	5	7.86814	0.409672	0.584757
LIFT	4	20	11	15.7033	0.502785	0.657717
LIG	3	104	37	81.0037	0.354443	0.455638
LIGAN	5	23	0	14.4338	0.0248464	0.029653
LIGASE	6	13	0	7.3908	0.0289199	0.0398881
LIGATE	6	10	0	6.07394	0.0360236	0.0472144
LIGER	5	15	4	11.5199	0.261162	0.343755
LIGNE	5	20	0	12.6404	0.0281204	0.0334165
LIGNES	6	11	0	5.59288	0.0332973	0.0506101
LIGS	4	41	18	31.821	0.423541	0.551762
LIKE	4	14	8	10.8677	0.503718	0.671562
LILO	4	32	0	24.008	0.0283861	0.0287233
LILOS	5	13	0	9.01757	0.0406043	0.0449379
LILT	4	32	0	23.0266	0.0283861	0.0298423
LILTS	5	19	0	12.84	0.0294122	0.0329509
LIMA	4	46	1	33.7832	0.0404609	0.0487309
LIMAN	5	15	0	9.87891	0.0360337	0.0415332
LIMAS	5	20	1	13.9437	0.0720423	0.0953884
LIMB	4	13	0	10.0367	0.0602896	0.0616144
LIME	4	53	26	41.0384	0.47481	0.619215
LIMED	5	13	3	9.21348	0.230867	0.3244
LIMEN	5	21	0	15.4179	0.0269372	0.027927
LIMENS	6	11	0	5.8464	0.0332973	0.0487618
LIMES	5	33	17	25.842	0.493189	0.639258
LIMIER	6	10	0	5.67599	0.0360236	0.0499889
LIMIT	5	11	0	8.85812	0.0465028	0.0456303
LIMN	4	31	2	23.8829	0.0864973	0.105645
LIMNS	5	15	2	11.8411	0.148598	0.185446
LIMO	4	36	0	28.6696	0.0255408	0.0243807
LIMOS	5	10	0	7.1465	0.050145	0.0546737
LIMP	4	19	7	14.0619	0.350103	0.477734
LIN	3	296	231	226.563	0.774588	1
LINAC	5	34	0	23.1869	0.017413	0.0191347
LINAGE	6	10	0	5.12682	0.0360236	0.0544007
LINCH	5	20	5	15.3227	0.24773	0.325481
LIND	4	67	15	48.3104	0.225924	0.312073
LINDEN	6	11	0	7.47635	0.0332973	0.03949
LINDS	5	24	3	16.5127	0.135994	0.192871
LINE	4	169	122	128.874	0.711483	0.936761
LINEAL	6	11	0	4.51164	0.0332973	0.060369
LINEAR	6	29	1	16.7142	0.0461331	0.0751553
LINEATE	7	11	0	4.5111	0.024286	0.0616538
LINED	5	57	18	40.8059	0.311878	0.436738
LINEN	5	29	7	21.5312	0.240503	0.324579
LINENS	6	11	5	5.82578	0.4117	0.771294
LINER	5	76	48	53.7976	0.617515	0.87673
LINERS	6	44	25	28.9943	0.550489	0.842091
LINES	5	108	69	80.7992	0.628705	0.844246
LINEY	5	20	0	14.8723	0.0281204	0.0288582
LING	4	85	64	61.9477	0.731331	1
LINGA	5	35	1	21.7293	0.0434296	0.0634037
LINGAS	6	15	0	7.93764	0.0255598	0.0374734
LINGER	6	16	12	11.0105	0.68301	1
LINGO	5	28	0	17.0987	0.0208087	0.0254018
LINGOT	6	11	0	5.4753	0.0332973	0.0515157
LINGS	5	37	25	24.3685	0.644751	0.985064
LINIER	6	13	0	7.76247	0.0289199	0.0382144
LINIEST	7	10	0	2.6424	0.0263554	0.094157
LININ	5	17	0	11.511	0.032388	0.0363192
LINK	4	15	12	11.4972	0.688655	0.933416
LINN	4	53	17	40.7295	0.316653	0.413854
LINNED	6	10	2	6.79723	0.199777	0.296278
LINNET	6	16	0	8.55672	0.0241564	0.03507
LINNS	5	17	4	12.6242	0.234738	0.316859
LINO	4	107	5	80.2917	0.0542735	0.0697555
LINOS	5	44	1	31.0109	0.035072	0.0452969
LINS	4	131	33	99.3202	0.252171	0.332581
LINT	4	116	66	86.4338	0.558935	0.753422
LINTED	6	20	6	13.6535	0.289913	0.429753
LINTEL	6	12	0	5.16406	0.0309546	0.0540771
LINTER	6	32	22	24.4707	0.655882	0.873744
LINTERS	7	19	14	11.6379	0.690082	1
LINTIE	6	16	2	8.39854	0.133965	0.246308
LINTIES	7	11	0	3.74632	0.024286	0.0717971
LINTOL	6	10	0	5.22777	0.0360236	0.0535323
LINTS	5	59	33	44.6004	0.544625	0.72623
LINTY	5	10	2	6.95463	0.20679	0.292755
LINY	4	25	0	18.5661	0.0352604	0.0362634
LION	4	80	19	63.4976	0.238593	0.30081
LIONET	6	22	0	9.64926	0.0181706	0.0315041
LIONS	5	39	13	27.6789	0.326574	0.46187
LIP	3	82	32	59.9676	0.387062	0.529462
LIPA	4	37	0	27.0004	0.0249164	0.0257761
LIPAS	5	20	0	13.509	0.0281204	0.0314812
LIPASE	6	12	0	7.10244	0.0309546	0.0412911
LIPE	4	34	19	25.1059	0.528138	0.7243
LIPES	5	18	11	13.2729	0.560498	0.777102
LIPO	4	36	1	25.5142	0.0506001	0.0632895
LIPOS	5	11	0	8.79571	0.0465028	0.0459072
LIPS	4	34	9	25.559	0.264322	0.351754
LIRA	4	136	6	98.0301	0.0501712	0.0673866
LIRAS	5	52	1	34.0036	0.029949	0.0414775
LIRE	4	173	69	126.339	0.395801	0.542803
LIRI	4	41	1	32.1032	0.044966	0.05112
LIRK	4	13	1	9.93013	0.119443	0.14484
LIROT	5	47	0	32.7702	0.0128645	0.0137823
LIROTH	6	10	0	5.63756	0.0360236	0.0502743
LIS	3	320	137	245.321	0.426841	0.557193
LISENTE	7	11	0	3.36469	0.024286	0.0782185
LISK	4	16	2	12.0672	0.151679	0.193358
LISLE	5	27	0	20.502	0.0215077	0.0214709
LISLES	6	10	0	5.33441	0.0360236	0.0526444
LISP	4	41	2	29.9853	0.0672351	0.0855922
LISPER	6	15	0	9.88831	0.0255598	0.0308184
LIST	4	167	87	126.776	0.515018	0.680561
LISTED	6	35	15	24.5425	0.414903	0.598268
LISTEE	6	17	0	10.8741	0.0228992	0.0282803
LISTEL	6	19	0	11.4314	0.0207402	0.0270223
LISTEN	6	47	3	30.1128	0.069899	0.106974
LISTENS	7	13	0	3.57129	0.0209898	0.0746061
LISTER	6	67	39	46.9749	0.569831	0.818348
LISTERS	7	27	13	13.805	0.463163	0.906614
LISTS	5	40	12	31.8202	0.295556	0.374427
LIT	3	289	197	224.801	0.676976	0.871964
LITAS	5	51	0	36.934	0.0119074	0.0122888
LITE	4	178	130	132.963	0.720261	0.967618
LITED	5	47	17	35.277	0.354452	0.475215
LITER	5	103	67	75.6908	0.639517	0.87421
LITERAL	7	12	0	2.82017	0.0225179	0.0896605
LITERS	6	53	37	39.9578	0.678095	0.909508
LITES	5	118	64	90.4478	0.535244	0.70126
LITEST	6	26	0	17.4324	0.0155944	0.0182701
LITH	4	63	23	47.8769	0.359003	0.474645
LITHE	5	26	12	18.5588	0.43939	0.622093
LITHER	6	16	7	10.3183	0.408488	0.64294
LITHES	6	11	5	7.52493	0.4117	0.61927
LITHO	5	18	0	12.4576	0.0308284	0.0338543
LITHS	5	26	5	18.2271	0.196062	0.277536
LITRE	5	77	34	57.4792	0.434264	0.584581
LITRES	6	49	24	34.1697	0.477218	0.690152
LITS	4	149	52	111.71	0.346745	0.463247
LITTEN	6	14	3	9.61488	0.212168	0.311702
LITTER	6	15	13	10.9181	0.780783	1
LITU	4	41	0	29.3713	0.0226969	0.0238382
LIVE	4	24	19	19.597	0.717399	0.90766
LIVEN	5	11	0	7.60176	0.0465028	0.0519359
LIVER	5	15	12	11.3854	0.711417	0.968686
LIVES	5	11	7	8.18717	0.55494	0.772152
LOACH	5	10	1	7.69431	0.128468	0.160295
LOAD	4	56	15	41.7552	0.267409	0.358651
LOADEN	6	12	2	7.69517	0.171666	0.266015
LOADER	6	13	5	7.37641	0.357577	0.630126
LOADS	5	19	7	14.9164	0.35099	0.455445
LOAF	4	25	2	18.8307	0.104452	0.131067
LOAM	4	49	5	37.6434	0.113773	0.144489
LOAMS	5	13	2	10.1219	0.167446	0.212903
LOAN	4	92	31	69.8415	0.333863	0.440962
LOANED	6	20	5	12.8708	0.244895	0.382235
LOANER	6	26	7	17.5067	0.263703	0.394492
LOANERS	7	10	4	5.72915	0.367197	0.65352
LOANS	5	44	17	33.0942	0.377189	0.505209
LOAST	5	49	1	36.8457	0.0316845	0.0384025
LOATH	5	23	7	15.7394	0.296505	0.433691
LOATHE	6	11	5	7.11596	0.4117	0.650112
LOB	3	60	18	45.4956	0.301055	0.39641
LOBAR	5	14	0	10.3131	0.0381827	0.0400054
LOBE	4	27	10	21.2203	0.356548	0.459781
LOBES	5	13	6	10.619	0.421129	0.534497
LOBI	4	22	0	16.185	0.0393438	0.0409691
LOBS	4	24	7	17.1839	0.287373	0.400647
LOCA	4	49	1	36.844	0.0381666	0.0449072
LOCH	4	37	12	28.6311	0.318277	0.414081
LOCHE	5	14	7	10.708	0.455652	0.612578
LOCHS	5	10	0	7.36521	0.050145	0.0533233
LOCI	4	49	0	38.747	0.0192649	0.0183752
LOCIE	5	23	0	18.099	0.0248464	0.0241046
LOCIES	6	13	0	7.3595	0.0289199	0.0400357
LOCIS	5	22	0	16.4985	0.0258496	0.0262493
LOCO	4	28	2	22.2747	0.0946305	0.112597
LOD	3	161	73	125.231	0.450314	0.580066
LODE	4	96	51	71.9486	0.520685	0.698283
LODEN	5	47	1	32.0584	0.0329578	0.0438825
LODENS	6	21	0	11.0761	0.0189533	0.0278111
LODES	5	47	28	35.3632	0.575479	0.772585
LODS	4	56	17	42.8909	0.300795	0.394001
LOESS	5	24	0	20.9017	0.0239182	0.0210875
LOFT	4	14	2	9.23805	0.168621	0.241333
LOG	3	86	34	65.8304	0.392094	0.513217
LOGAN	5	20	0	13.6337	0.0281204	0.0312217
LOGE	4	36	18	26.6953	0.476609	0.649759
LOGES	5	17	9	12.2056	0.487677	0.691629
LOGIA	5	15	0	8.63685	0.0360337	0.0466274
LOGIE	5	12	0	7.15905	0.0433538	0.0545943
LOGIN	5	19	1	11.3246	0.0753519	0.114884
LOGO	4	11	5	8.98901	0.403831	0.515703
LOGS	4	29	10	21.7315	0.334877	0.449945
LOGY	4	13	1	10.5852	0.119443	0.137399
LOID	4	74	2	55.6551	0.0387549	0.0475922
LOIDS	5	31	2	21.1089	0.0781882	0.109394
LOIN	4	105	22	81.7624	0.211369	0.271091
LOINS	5	49	14	33.905	0.282806	0.408878
LOIR	4	82	1	59.7363	0.0235051	0.0282994
LOIRS	5	40	0	24.9843	0.0149701	0.0178356
LOITER	6	28	4	19.6989	0.146954	0.208636
LOITERS	7	15	2	7.22582	0.137987	0.287123
LOKE	4	11	4	7.39883	0.33674	0.496886
LOMA	4	42	3	31.5558	0.0875545	0.111262
LOMAS	5	19	3	13.1345	0.167231	0.237425
LOME	4	46	22	35.5763	0.461258	0.602846
LOMED	5	16	2	10.8982	0.14068	0.199562
LOMES	5	18	13	14.4204	0.656801	0.846759
LONE	4	129	87	98.4592	0.66227	0.87208
LONER	5	62	45	45.9295	0.704676	0.958936
LONERS	6	34	26	26.5635	0.730115	0.952252
LONG	4	44	21	33.2661	0.459641	0.61393
LONGA	5	19	0	11.3352	0.0294122	0.0368172
LONGE	5	24	13	14.4518	0.509578	0.845088
LONGED	6	10	3	5.87555	0.281654	0.478896
LONGER	6	14	8	10.1403	0.520554	0.742122
LONGS	5	10	1	6.44223	0.128468	0.185597
LOO	3	116	89	88.1076	0.753095	0.995982
LOOED	5	24	0	17.6502	0.0239182	0.0246699
LOOF	4	18	4	14.4394	0.229133	0.286188
LOOIE	5	17	0	12.5267	0.032388	0.0336874
LOOM	4	23	7	17.3698	0.298053	0.396833
LOON	4	48	14	35.2039	0.289358	0.394768
LOONIE	6	13	1	8.79567	0.0946513	0.135321
LOONS	5	23	6	16.9495	0.257696	0.350997
LOOP	4	23	11	16.859	0.446723	0.617757
LOOPS	5	10	6	7.4903	0.520081	0.720716
LOOR	4	61	14	45.1076	0.231402	0.312062
LOORD	5	16	1	12.5023	0.0873968	0.105214
LOOS	4	53	23	40.91	0.422091	0.551414
LOOSE	5	34	17	25.7624	0.479776	0.641126
LOOSED	6	12	3	7.11879	0.242022	0.406416
LOOSEN	6	15	1	9.39054	0.0836539	0.127644
LOOSER	6	14	9	10.298	0.582231	0.819616
LOOT	4	55	36	40.3018	0.628453	0.865439
LOOTED	6	11	2	8.86545	0.184658	0.234763
LOOTEN	6	15	0	11.1914	0.0255598	0.02755
LOOTER	6	21	14	15.6432	0.622052	0.856596
LOOTERS	7	16	12	10.8915	0.694042	1
LOOTS	5	29	18	21.1605	0.586767	0.815534
LOP	3	93	41	69.1574	0.436068	0.587452
LOPE	4	47	30	33.8709	0.609352	0.853382
LOPED	5	12	5	8.92397	0.381931	0.52547
LOPER	5	28	16	20.843	0.540835	0.737575
LOPERS	6	13	8	11.3375	0.554771	0.670666
LOPES	5	24	10	18.2182	0.397503	0.531365
LOPS	4	37	7	26.9504	0.196043	0.266249
LOR	3	258	130	194.453	0.501197	0.665762
LORAL	5	26	0	17.7533	0.0222554	0.0245377
LORAN	5	48	0	31.3109	0.0126111	0.0143955
LORANS	6	17	0	9.18797	0.0228992	0.0329173
LORATE	6	32	0	21.6339	0.0128596	0.0148929
LORD	4	63	8	47.9962	0.134806	0.174475
LORDS	5	31	6	21.3427	0.196645	0.283462
LORE	4	164	106	118.829	0.637378	0.882296
LOREAL	6	14	0	9.01043	0.0271362	0.0334955
LOREL	5	36	1	27.2531	0.0423093	0.0512188
LORELS	6	17	1	13.7536	0.074946	0.0901393
LORES	5	104	69	77.8782	0.652259	0.875316
LORIC	5	20	0	14.3267	0.0281204	0.0298537
LORICA	6	12	0	5.71332	0.0309546	0.0497149
LORIES	6	27	0	15.5147	0.0150606	0.0203794
LORINER	7	10	0	4.18433	0.0263554	0.0656145
LORING	6	16	2	9.21082	0.133965	0.226896
LORIOT	6	11	0	5.94993	0.0332973	0.0480453
LORIS	5	43	1	28.96	0.0358383	0.0483477
LORN	4	75	2	57.8174	0.0382638	0.0458766
LORNER	6	11	0	6.92199	0.0332973	0.0422204
LORNEST	7	10	0	1.90709	0.0263554	0.118801
LORY	4	26	1	20.7302	0.0675203	0.0765143
LOS	3	250	141	194.186	0.560343	0.722696
LOSE	4	150	96	113.205	0.630383	0.838627
LOSED	5	54	20	40.9988	0.363591	0.481826
LOSEL	5	30	0	24.472	0.0195386	0.0181876
LOSEN	5	60	1	44.4583	0.0261318	0.0320401
LOSER	5	83	49	61.978	0.578776	0.779483
LOSERS	6	28	20	23.3982	0.676519	0.83035
LOSES	5	31	14	24.6703	0.433558	0.553213
LOSH	4	55	10	43.6351	0.187067	0.234758
LOSING	6	11	7	5.63186	0.563061	1
LOSS	4	29	11	22.754	0.365267	0.471612
LOST	4	121	45	93.1242	0.368433	0.48014
LOT	3	275	144	210.088	0.520853	0.682683
LOTA	4	125	6	90.9586	0.0544525	0.0725037
LOTAHS	6	12	0	6.48917	0.0309546	0.0446296
LOTAS	5	66	5	48.1192	0.0820187	0.110306
LOTE	4	173	96	127.532	0.548425	0.745985
LOTES	5	104	62	80.2079	0.586697	0.764674
LOTH	4	69	15	53.5993	0.219726	0.282474
LOTHER	6	13	4	10.6606	0.291845	0.369038
LOTI	4	120	3	90.3762	0.0324378	0.0405417
LOTIC	5	30	0	21.4095	0.0195386	0.0206199
LOTO	4	51	6	39.0046	0.127842	0.164002
LOTOS	5	25	4	19.6557	0.167109	0.211494
LOTS	4	140	35	104.621	0.250298	0.334799
LOTTA	5	25	1	17.6386	0.0590699	0.0769627
LOTTE	5	37	27	27.1294	0.695043	0.959918
LOTTED	6	17	5	13.3701	0.283134	0.369043
LOTTER	6	19	17	16.9317	0.822119	0.961784
LOTTERS	7	12	9	10.8303	0.677747	0.795544
LOTTES	6	22	15	18.766	0.637661	0.772267
LOTTO	5	12	3	8.98946	0.2465	0.331335
LOTUS	5	10	0	8.1695	0.050145	0.0488833
LOU	3	99	53	75.2096	0.527374	0.696631
LOUD	4	31	9	23.7906	0.28704	0.37572
LOUIE	5	13	0	9.32861	0.0406043	0.0436459
LOUIS	5	11	0	6.83449	0.0465028	0.0567229
LOUN	4	37	10	28.9392	0.269384	0.345677
LOUND	5	13	8	8.63011	0.547971	0.83717
LOUNS	5	15	1	10.7175	0.0923156	0.120598
LOUP	4	14	4	9.91262	0.28032	0.39346
LOUR	4	32	9	23.9118	0.279046	0.373974
LOURE	5	20	5	13.9144	0.24773	0.355237
LOURES	6	12	4	6.6772	0.312378	0.558157
LOURIE	6	10	0	4.69071	0.0360236	0.0585008
LOURS	5	17	2	11.3303	0.133563	0.192835
LOUS	4	36	14	27.7935	0.376372	0.492418
LOUSE	5	21	14	16.4627	0.615972	0.806132
LOUT	4	44	16	33.3917	0.355268	0.471139
LOUTS	5	19	7	15.493	0.35099	0.439983
LOVE	4	18	16	14.6854	0.776946	0.99419
LOVED	5	10	2	8.50867	0.20679	0.247253
LOVER	5	12	11	10.0615	0.788223	0.993145
LOVES	5	10	9	8.73958	0.75505	0.925968
LOW	3	52	30	40.1183	0.559409	0.730844
LOWE	4	21	12	15.8648	0.522749	0.707288
LOWER	5	12	9	9.34053	0.652793	0.874588
LOWES	5	13	3	10.6956	0.230867	0.284944
LOWN	4	18	7	14.0448	0.366086	0.478235
LOWNE	5	12	1	9.3256	0.111069	0.136118
LOWS	4	15	7	11.1514	0.424178	0.582155
LOWSE	5	12	3	9.92159	0.2465	0.304271
LOWT	4	18	8	14.0302	0.411737	0.540417
LOY	3	76	22	59.6767	0.290815	0.370177
LOYS	4	25	10	19.6935	0.381218	0.491896
LUCE	4	23	3	18.4663	0.149384	0.181855
LUCES	5	15	2	11.6301	0.148598	0.188428
LUCRE	5	10	0	7.61602	0.050145	0.0518546
LUD	3	61	15	47.7117	0.25009	0.318604
LUDE	4	33	9	26.729	0.271485	0.33751
LUDES	5	20	5	16.1233	0.24773	0.310686
LUDO	4	24	0	18.6273	0.036524	0.0361565
LUDOS	5	10	0	8.00353	0.050145	0.0497379
LUDS	4	25	4	20.107	0.173643	0.213359
LUES	4	64	6	48.6297	0.103368	0.132924
LUG	3	52	15	40.79	0.290448	0.369977
LUGE	4	23	11	18.3143	0.446723	0.573858
LUGER	5	13	3	9.00653	0.230867	0.330796
LUGS	4	18	6	13.6287	0.320435	0.427518
LUIT	4	46	2	34.4921	0.0604989	0.0750689
LUITEN	6	10	0	4.45185	0.0360236	0.0610196
LUM	3	52	25	41.2512	0.469755	0.596523
LUMA	4	23	2	17.6717	0.112216	0.138725
LUMAS	5	10	1	6.86814	0.128468	0.17614
LUMS	4	22	6	17.0387	0.270957	0.3516
LUN	3	90	50	70.132	0.545998	0.704064
LUNA	4	41	4	30.7475	0.111773	0.144378
LUNAR	5	20	0	13.8338	0.0281204	0.030814
LUNARS	6	12	0	6.00541	0.0309546	0.0476699
LUNAS	5	18	2	12.7899	0.127132	0.173124
LUNATE	6	12	0	5.52996	0.0309546	0.0510907
LUNE	4	42	15	32.0835	0.348962	0.459935
LUNES	5	20	7	15.0629	0.335574	0.451416
LUNET	5	20	0	13.8472	0.0281204	0.0307871
LUNG	4	17	9	12.5589	0.479267	0.662344
LUNIER	6	11	0	5.27434	0.0332973	0.0531409
LUNIES	6	14	0	6.85548	0.0271362	0.0425735
LUNS	4	35	7	26.4042	0.206121	0.271339
LUNT	4	32	15	24.0871	0.446152	0.600037
LUNTS	5	17	8	12.6806	0.437089	0.597874
LUR	3	82	43	62.7813	0.515311	0.675957
LURE	4	59	33	44.3832	0.540801	0.725105
LURED	5	21	7	14.0407	0.321455	0.481125
LURER	5	14	3	9.90487	0.217098	0.304717
LURES	5	33	21	24.0862	0.605022	0.839541
LURING	6	10	2	5.3468	0.199777	0.362981
LURS	4	39	2	28.1203	0.0703692	0.0908632
LUSER	5	34	1	25.9198	0.0446108	0.0537103
LUSERS	6	10	0	6.80408	0.0360236	0.0428506
LUSH	4	11	4	8.59611	0.33674	0.441599
LUST	4	47	18	35.9017	0.37362	0.492613
LUSTED	6	12	1	7.94734	0.101311	0.148015
LUSTER	6	19	7	14.2478	0.35072	0.478281
LUSTRE	6	13	5	8.74303	0.357577	0.542601
LUTE	4	66	32	48.6126	0.472342	0.645014
LUTEA	5	31	0	25.1919	0.01896	0.0176968
LUTED	5	20	3	14.1691	0.159886	0.221737
LUTEIN	6	13	0	6.11325	0.0289199	0.0469569
LUTER	5	47	20	36.0833	0.414732	0.544862
LUTERS	6	28	10	20.9035	0.345541	0.469949
LUTES	5	43	20	34.2367	0.450978	0.573024
LUTIST	6	10	0	4.76508	0.0360236	0.0577584
LWEIS	5	12	0	9.01538	0.0433538	0.0449472
LYAM	4	18	0	15.1072	0.0465282	0.0435256
LYART	5	14	0	9.21035	0.0381827	0.0441283
LYE	3	76	24	60.5589	0.315887	0.396868
LYES	4	40	12	30.7988	0.29653	0.386851
LYM	3	20	0	16.5227	0.0504142	0.0472666
LYNE	4	28	0	22.1248	0.0319449	0.0309502
LYNES	5	16	0	12.499	0.0341137	0.0337541
LYRA	4	27	0	20.6366	0.0329786	0.0329703
LYRE	4	34	1	25.5302	0.05327	0.0632529
LYRES	5	23	0	15.7455	0.0248464	0.0273962
LYSATE	6	11	0	8.40673	0.0332973	0.0356235
LYSE	4	27	0	20.9142	0.0329786	0.0325738
LYTE	4	29	2	23.0904	0.0917546	0.10896
LYTED	5	12	0	8.91983	0.0433538	0.0453598
LYTES	5	19	1	13.9393	0.0753519	0.0954154
MAA	3	57	5	42.7077	0.101997	0.131164
MAAR	4	31	0	23.2622	0.0291994	0.0295658
MAARE	5	21	0	15.0583	0.0269372	0.0285338
MAARS	5	19	0	13.7244	0.0294122	0.0310356
MAAS	4	27	1	21.1579	0.0653355	0.075111
MABE	4	25	4	19.8343	0.173643	0.216004
MABES	5	11	0	8.90792	0.0465028	0.0454118
MAC	3	101	53	79.0318	0.517307	0.663827
MACA	4	13	1	9.69866	0.119443	0.147667
MACE	4	47	35	38.0959	0.707573	0.888018
MACER	5	25	20	19.3931	0.743319	0.980329
MACERS	6	12	9	8.38825	0.664158	0.984662
MACES	5	26	17	21.2206	0.613196	0.769344
MACH	4	31	21	24.5844	0.630827	0.813192
MACHE	5	13	10	11.1126	0.674813	0.830963
MACHI	5	10	0	8.05881	0.050145	0.04945
MACHO	5	12	0	9.55776	0.0433538	0.0427406
MACHS	5	11	3	8.75409	0.264404	0.338948
MACLE	5	13	0	10.7699	0.0406043	0.0385148
MACON	5	18	1	12.2523	0.0789802	0.107129
MACRO	5	13	1	10.2332	0.104025	0.12558
MACS	4	35	2	26.9484	0.0776042	0.0945207
MAD	3	114	43	85.2991	0.375293	0.501875
MADE	4	70	31	52.2455	0.433247	0.583568
MADRE	5	28	1	20.0291	0.0533103	0.0684133
MADRES	6	14	1	9.44712	0.0888134	0.126959
MADS	4	37	10	27.4671	0.269384	0.36285
MAE	3	232	38	177.181	0.166257	0.216832
MAELID	6	11	0	6.24075	0.0332973	0.0461408
MAERLS	6	11	0	8.64752	0.0332973	0.0347432
MAES	4	125	14	94.5046	0.116514	0.152601
MAESTRI	7	13	0	3.74562	0.0209898	0.0718079
MAG	3	68	32	52.321	0.462565	0.603805
MAGE	4	32	20	23.5514	0.585407	0.806971
MAGES	5	18	14	13.4701	0.704953	0.96739
MAGI	4	26	4	18.7964	0.167837	0.226699
MAGNES	6	10	0	5.17212	0.0360236	0.0540075
MAGS	4	23	9	16.8642	0.372388	0.512482
MAHA	4	15	1	12.3194	0.106807	0.120947
MAHOE	5	18	0	13.8187	0.0308284	0.0308443
MAHOES	6	13	0	5.96803	0.0289199	0.0479222
MAHSIR	6	10	0	5.75238	0.0360236	0.0494314
MAID	4	52	9	40.7722	0.179218	0.227121
MAIDEN	6	21	0	12.4113	0.0189533	0.0250618
MAIDS	5	20	6	14.4311	0.291652	0.406519
MAIK	4	12	1	8.54876	0.126952	0.163517
MAIL	4	55	42	40.5741	0.730312	1
MAILE	5	24	19	17.633	0.733729	1
MAILED	6	10	5	6.90725	0.445408	0.667067
MAILER	6	14	12	8.4635	0.767263	1
MAILES	6	14	8	8.72255	0.520554	0.849285
MAILS	5	24	15	15.6748	0.584295	0.901395
MAIM	4	17	1	12.204	0.0965886	0.121918
MAIN	4	105	67	80.8921	0.624572	0.815732
MAINED	6	22	15	12.6946	0.637661	1
MAINER	6	30	15	18.9419	0.479302	0.765485
MAINEST	7	14	0	4.03816	0.0196559	0.0675558
MAINOR	6	18	0	8.55454	0.0217663	0.0350779
MAINS	5	42	21	29.7617	0.48339	0.687074
MAIR	4	87	35	63.9993	0.396228	0.540355
MAIRE	5	51	19	35.5303	0.36528	0.525988
MAIRES	6	30	14	18.756	0.448259	0.722281
MAIRS	5	35	15	25.0545	0.414117	0.582879
MAISE	5	54	12	38.2676	0.222666	0.313706
MAISES	6	15	5	7.83029	0.31603	0.598085
MAIST	5	52	14	36.3639	0.267315	0.382318
MAISTER	7	24	7	9.24448	0.284014	0.72277
MAISTS	6	11	1	6.27276	0.108978	0.181654
MAK	3	19	8	14.6103	0.403965	0.530355
MAL	3	157	92	120.387	0.579699	0.758075
MALA	4	34	5	26.1538	0.158796	0.203113
MALAR	5	11	0	6.69654	0.0465028	0.0576787
MALAS	5	17	5	12.2247	0.285326	0.399003
MALATE	6	10	0	6.05795	0.0360236	0.0473199
MALE	4	73	44	54.8332	0.585385	0.785154
MALES	5	44	29	33.0655	0.633776	0.852897
MALI	4	62	10	46.0047	0.167198	0.223209
MALIC	5	10	0	6.92271	0.050145	0.0561281
MALINE	6	15	3	7.72453	0.199842	0.378505
MALIS	5	33	1	22.8749	0.045858	0.0604226
MALIST	6	11	0	6.7644	0.0332973	0.0430669
MALL	4	23	13	17.2216	0.521058	0.70937
MALLS	5	13	7	9.24007	0.48455	0.696383
MALM	4	15	1	10.8087	0.106807	0.135031
MALS	4	69	18	50.4492	0.260876	0.356406
MALT	4	58	28	43.5756	0.468768	0.628594
MALTED	6	13	6	8.61733	0.423308	0.652577
MALTS	5	32	12	23.0066	0.363563	0.509142
MALUS	5	11	0	6.94409	0.0465028	0.0559858
MAM	3	33	14	26.5959	0.413333	0.517943
MAMA	4	16	1	13.4437	0.101441	0.112235
MAMS	4	21	6	17.3845	0.281836	0.345381
MAN	3	192	135	151.461	0.695705	0.884662
MANA	4	37	12	27.6428	0.318277	0.427811
MANAS	5	17	6	11.7736	0.335914	0.48797
MANAT	5	19	1	13.3619	0.0753519	0.0991248
MANATI	6	10	0	4.34165	0.0360236	0.0622563
MANATS	6	10	0	4.27058	0.0360236	0.0630808
MAND	4	49	15	37.8677	0.30279	0.39348
MANDI	5	22	1	15.3338	0.0662248	0.0875066
MANDIS	6	12	1	6.19477	0.101311	0.183597
MANE	4	109	71	83.3452	0.637873	0.839109
MANED	5	41	16	27.1817	0.380195	0.574512
MANEH	5	24	1	17.6376	0.0612767	0.0769667
MANES	5	55	37	40.2782	0.651579	0.897149
MANET	5	58	1	39.3828	0.0269919	0.0360187
MANG	4	30	16	22.4735	0.501963	0.679922
MANGE	5	13	7	8.51382	0.48455	0.746939
MANI	4	92	20	70.6971	0.219166	0.284812
MANIA	5	26	1	16.0575	0.0570166	0.0838973
MANIC	5	18	1	12.6215	0.0789802	0.104326
MANIES	6	24	7	12.399	0.283823	0.543805
MANIS	5	40	5	26.6456	0.131881	0.194494
MANO	4	73	8	56.369	0.117277	0.149518
MANOR	5	24	1	16.4799	0.0612767	0.0819254
MANOS	5	27	5	18.8401	0.189475	0.269168
MANS	4	83	31	65.0836	0.368438	0.472161
MANSE	5	43	7	32.9768	0.166935	0.216794
MANTA	5	19	5	13.1148	0.25911	0.374685
MANTEL	6	11	0	6.27905	0.0332973	0.0459012
MANTES	6	26	0	14.253	0.0155944	0.0220546
MANTIES	7	12	0	2.56485	0.0225179	0.0962631
MANTIS	6	13	1	6.49343	0.0946513	0.176372
MANTO	5	26	0	19.4801	0.0222554	0.0225171
MANTY	5	10	0	6.75376	0.050145	0.0572784
MANUS	5	11	0	7.42671	0.0465028	0.0529555
MANY	4	11	1	8.74196	0.13547	0.16062
MAP	3	71	25	54.9974	0.350385	0.453002
MAPLE	5	12	0	8.12301	0.0433538	0.0491198
MAPS	4	31	10	23.6704	0.315689	0.416176
MAR	3	234	178	176.558	0.753662	1
MARA	4	51	5	36.1316	0.109629	0.150193
MARAE	5	25	0	17.106	0.0230568	0.0253919
MARAES	6	14	0	7.21799	0.0271362	0.0407172
MARAS	5	24	3	16.4813	0.135994	0.193208
MARC	4	44	8	32.6383	0.188272	0.251469
MARCH	5	11	5	8.44279	0.409672	0.550926
MARCS	5	18	3	12.8215	0.175284	0.242616
MARD	4	52	12	39.2665	0.23288	0.307785
MARE	4	149	87	108.807	0.575645	0.790759
MARERO	6	12	0	7.91427	0.0309546	0.0375706
MARES	5	93	59	67.7559	0.62276	0.858856
MARG	4	38	14	26.7457	0.358409	0.510266
MARGE	5	21	11	15.6828	0.489751	0.668049
MARGS	5	17	2	12.8139	0.133563	0.172834
MARIA	5	29	0	19.3021	0.0201537	0.0227099
MARID	5	22	0	14.4569	0.0258496	0.02961
MARIES	6	33	6	17.4319	0.182884	0.342112
MARINE	6	26	11	14.5339	0.405479	0.725452
MARINES	7	12	5	4.12895	0.386534	1
MARISH	6	14	0	8.30425	0.0271362	0.0360119
MARK	4	10	7	7.13816	0.576703	0.833308
MARL	4	68	32	51.4531	0.459204	0.610843
MARLE	5	36	24	27.6882	0.635587	0.838718
MARLED	6	10	1	6.67849	0.117901	0.172173
MARLES	6	26	19	17.3035	0.689032	1
MARLS	5	29	4	20.0266	0.146068	0.207849
MARM	4	22	0	18.4056	0.0393438	0.0365463
MARON	5	28	2	20.3505	0.085812	0.113193
MARONS	6	12	2	4.90432	0.171666	0.389749
MAROR	5	12	0	7.76236	0.0433538	0.0510344
MARORS	6	10	0	5.948	0.0360236	0.0480585
MARRA	5	10	0	6.17349	0.050145	0.0616154
MARRI	5	18	2	12.3239	0.127132	0.178964
MARS	4	112	47	80.9064	0.414297	0.574833
MARSE	5	66	29	48.1168	0.43102	0.594117
MARSES	6	10	6	6.1313	0.527285	0.877057
MARSH	5	23	0	16.6869	0.0248464	0.0259772
MART	4	113	48	82.9876	0.419307	0.572528
MARTED	6	22	3	14.2171	0.142069	0.21802
MARTEL	6	16	2	10.1389	0.133965	0.208152
MARTEN	6	35	0	19.5419	0.0118229	0.0164026
MARTENS	7	13	0	4.24867	0.0209898	0.0647949
MARTIN	6	22	4	11.1204	0.183368	0.355146
MARTS	5	56	27	39.8442	0.470331	0.664637
MARY	4	21	2	16.3953	0.121228	0.148266
MAS	3	227	138	175.35	0.60319	0.78249
MASA	4	25	0	19.794	0.0352604	0.0342354
MASE	4	129	55	96.3298	0.421497	0.566042
MASED	5	42	7	30.4029	0.170664	0.23429
MASER	5	74	12	52.9681	0.164656	0.229024
MASERS	6	18	2	12.2426	0.12071	0.175322
MASES	5	32	13	24.1422	0.392325	0.525597
MASH	4	41	22	33.6372	0.512617	0.635498
MASING	6	13	5	6.35267	0.357577	0.716733
MASK	4	15	6	11.1717	0.371283	0.506282
MASLIN	6	11	0	6.2277	0.0332973	0.046223
MASON	5	27	0	18.7506	0.0215077	0.0233287
MASS	4	32	12	24.9739	0.362599	0.469883
MASSE	5	23	8	17.9506	0.335313	0.4358
MAST	4	112	74	84.1519	0.647246	0.866023
MASTED	6	26	13	18.1415	0.476368	0.69337
MASTER	6	44	33	30.6682	0.723598	1
MASTERS	7	15	12	8.47947	0.735513	1
MASTIC	6	10	0	4.43699	0.0360236	0.0611835
MASTIER	7	12	5	4.31568	0.386534	1
MASTS	5	29	16	23.2852	0.52381	0.664868
MASTY	5	11	1	7.71731	0.119137	0.159895
MASU	4	39	0	28.9122	0.0237549	0.0241904
MAT	3	226	170	173.151	0.745085	0.974862
MATE	4	152	119	113.327	0.769821	1
MATED	5	55	15	40.4675	0.270744	0.368759
MATER	5	90	61	63.1622	0.664458	0.950814
MATERS	6	48	29	35.5503	0.586297	0.800591
MATES	5	93	54	67.8832	0.57055	0.785206
MATEY	5	11	0	7.95676	0.0465028	0.0499842
MATH	4	57	26	45.6217	0.443627	0.559824
MATHS	5	24	8	18.3536	0.322786	0.42695
MATIER	6	28	0	16.6593	0.0145621	0.0190656
MATIES	6	40	1	23.4412	0.0341117	0.0545509
MATIEST	7	15	0	4.97304	0.0184814	0.0568063
MATIN	5	48	11	34.9009	0.229284	0.315249
MATING	6	10	6	5.32234	0.527285	0.987605
MATINS	6	18	5	10.5726	0.269126	0.457521
MATRES	6	38	10	26.5295	0.259614	0.374242
MATRON	6	17	0	9.23066	0.0228992	0.0327812
MATS	4	114	44	86.0821	0.381825	0.507123
MATT	4	39	28	29.577	0.676355	0.905818
MATTE	5	23	21	16.3123	0.839821	1
MATTER	6	13	12	10.1244	0.817696	1
MATTES	6	16	10	11.5411	0.573201	0.818128
MATTIE	6	10	2	6.78995	0.199777	0.296552
MATTS	5	22	7	15.5784	0.308476	0.437781
MATY	4	16	0	14.0152	0.0512031	0.0464633
MAUD	4	22	1	16.2073	0.077946	0.0953517
MAUL	4	26	1	19.614	0.0675203	0.080436
MAULS	5	14	1	9.71524	0.0978212	0.131385
MAUN	4	28	5	21.1549	0.188659	0.246654
MAURI	5	13	0	7.69769	0.0406043	0.0513936
MAUT	4	34	2	25.7717	0.0796515	0.0985021
MAUTS	5	10	0	7.81726	0.050145	0.0507334
MAW	3	39	14	30.7005	0.355349	0.453202
MAWR	4	12	0	8.6486	0.0640801	0.069524
MAWS	4	15	8	11.368	0.477074	0.646734
MAY	3	41	18	33.0239	0.42882	0.537018
MAYO	4	11	1	9.33575	0.13547	0.152326
MAYS	4	20	12	16.1646	0.544617	0.69572
MBIRA	5	11	0	7.31737	0.0465028	0.0536129
MEAD	4	73	19	52.784	0.26031	0.359461
MEADS	5	30	8	21.9075	0.263682	0.362099
MEAL	4	76	42	56.237	0.538378	0.732036
MEALED	6	11	4	7.20275	0.336019	0.522809
MEALER	6	14	10	9.49261	0.643908	0.976406
MEALS	5	34	18	25.1762	0.506973	0.692721
MEAN	4	89	43	66.883	0.473807	0.633649
MEANE	5	25	12	17.3568	0.455214	0.661771
MEANED	6	13	7	8.17135	0.489039	0.791891
MEANER	6	10	1	6.11403	0.117901	0.185653
MEANIE	6	19	1	9.82417	0.0678801	0.122575
MEANS	5	37	23	26.9463	0.594458	0.825432
MEANT	5	35	11	24.9181	0.308206	0.434421
MEARE	5	46	21	34.3194	0.443741	0.599626
MEARES	6	21	12	15.375	0.535895	0.749118
MEASE	5	42	23	32.2363	0.528065	0.695962
MEASED	6	13	5	8.2116	0.357577	0.573582
MEASES	6	10	5	5.91583	0.445408	0.761388
MEAT	4	125	48	92.1151	0.380273	0.517099
MEATED	6	10	3	5.91303	0.281654	0.476334
MEATH	5	29	2	21.006	0.0831107	0.109895
MEATS	5	68	30	50.3452	0.432969	0.587868
MEATY	5	11	1	7.86462	0.119137	0.157377
MECH	4	20	5	15.0467	0.251794	0.334192
MECHS	5	10	0	7.48325	0.050145	0.0526218
MED	3	179	32	138.887	0.18164	0.233167
MEDAL	5	22	0	14.9982	0.0258496	0.0286379
MEDIA	5	27	0	17.8689	0.0215077	0.0243912
MEDIAN	6	10	0	5.04807	0.0360236	0.055098
MEDIC	5	10	0	7.38056	0.050145	0.053231
MEDINA	6	11	0	5.221	0.0332973	0.0535897
MEDS	4	76	18	56.141	0.238022	0.321613
MEE	3	110	60	87.9534	0.537912	0.675789
MEED	4	38	11	28.0235	0.286819	0.38929
MEEDS	5	15	7	12.0032	0.430007	0.553778
MEER	4	65	17	47.6454	0.261507	0.356392
MEERS	5	37	10	27.2989	0.26756	0.363759
MEES	4	64	13	47.4795	0.206452	0.277009
MEET	4	63	22	46.8933	0.344057	0.463777
MEETS	5	42	19	32.6606	0.438715	0.570187
MEG	3	73	11	54.8329	0.158894	0.208566
MEGA	4	30	0	21.2597	0.0300606	0.0320933
MEGS	4	26	7	19.7985	0.268154	0.35295
MEH	3	105	10	82.7994	0.102954	0.128119
MEIN	4	114	12	87.2378	0.110421	0.142634
MEINED	6	19	0	10.6633	0.0207402	0.0287873
MEINS	5	50	4	37.6828	0.0879371	0.114166
MEINT	5	55	1	39.5875	0.0283936	0.0358392
MEINY	5	14	0	9.97624	0.0381827	0.0411807
MEL	3	142	59	108.116	0.412967	0.543132
MELA	4	73	1	54.5122	0.0262558	0.0309079
MELAS	5	31	1	22.7417	0.0485741	0.0607548
MELD	4	40	7	31.1187	0.182648	0.232905
MELDS	5	16	3	11.1767	0.193963	0.274122
MELIC	5	11	0	7.64202	0.0465028	0.0517069
MELL	4	28	14	20.2833	0.470744	0.657167
MELLS	5	15	8	10.6768	0.486289	0.696344
MELON	5	15	0	11.3847	0.0360337	0.0366757
MELS	4	70	16	52.9096	0.230284	0.304169
MELT	4	64	22	48.5935	0.33899	0.448242
MELTS	5	36	10	26.7527	0.274461	0.370794
MEM	3	33	4	26.452	0.141374	0.170765
MEME	4	15	1	12.603	0.106807	0.118624
MEMO	4	20	0	17.0268	0.0426355	0.039172
MEMS	4	15	2	12.9724	0.159702	0.181794
MEN	3	215	116	169.917	0.535714	0.679333
MENAD	5	25	1	17.9203	0.0590699	0.075846
MENADS	6	10	0	5.70326	0.0360236	0.0497885
MEND	4	64	34	49.7007	0.515707	0.670043
MENDER	6	15	6	10.046	0.374124	0.568899
MENDS	5	21	12	15.378	0.531824	0.739403
MENE	4	48	17	37.3678	0.347156	0.449048
MENED	5	18	0	12.4499	0.0308284	0.033873
MENES	5	18	7	13.1264	0.367891	0.511221
MENG	4	35	7	24.9767	0.206121	0.285611
MENGS	5	13	2	9.17687	0.167446	0.231765
MENIAL	6	14	0	8.00285	0.0271362	0.0372048
MENO	4	82	8	64.0943	0.10499	0.132085
MENSA	5	38	1	28.3995	0.0402337	0.0492543
MENSAE	6	12	0	5.99887	0.0309546	0.0477139
MENSAL	6	11	0	5.36501	0.0332973	0.0523951
MENSE	5	36	6	27.4482	0.171283	0.223656
MENT	4	85	51	66.2445	0.585108	0.756508
MENTA	5	44	13	32.2233	0.291659	0.399612
MENTAL	6	14	4	7.39821	0.273845	0.510778
MENTO	5	32	13	22.8127	0.392325	0.55435
MENTOR	6	15	8	7.40041	0.490313	0.981448
MENTOS	6	10	3	5.73797	0.281654	0.488537
MENU	4	33	1	26.2252	0.0547134	0.0617044
MENUS	5	15	0	10.8578	0.0360337	0.0382406
MEOUS	5	10	0	8.20544	0.050145	0.0487021
MEOW	4	14	1	10.5285	0.112772	0.138012
MERC	4	42	1	32.0607	0.0439865	0.0511835
MERCAT	6	12	0	8.49593	0.0309546	0.0352922
MERCH	5	12	0	8.65106	0.0433538	0.046562
MERCS	5	12	1	8.51547	0.111069	0.147139
MERDE	5	25	0	18.0432	0.0230568	0.0241736
MERDES	6	14	0	9.59012	0.0271362	0.0316784
MERE	4	93	31	66.2242	0.330418	0.464285
MERED	5	28	0	20.4586	0.0208087	0.0215133
MEREL	5	26	0	18.7683	0.0222554	0.0233082
MERELS	6	10	0	7.74219	0.0360236	0.0383021
MERER	5	25	1	17.5401	0.0590699	0.0773613
MERES	5	42	16	30.1069	0.371702	0.521324
MEREST	6	22	0	15.5184	0.0181706	0.0203749
MERGE	5	13	5	9.43611	0.357709	0.500839
MERI	4	115	3	85.1171	0.0338018	0.0429846
MERIL	5	27	0	18.813	0.0215077	0.023257
MERILS	6	12	0	8.11405	0.0309546	0.0367556
MERING	6	23	1	14.5847	0.0571113	0.0853617
MERINGS	7	13	0	7.21398	0.0209898	0.0411217
MERINO	6	17	0	10.47	0.0228992	0.0292684
MERIS	5	64	0	45.9301	0.009589	0.00995748
MERIT	5	50	1	35.7321	0.0310841	0.0395514
MERITS	6	28	1	15.4103	0.04766	0.0810925
MERK	4	11	0	7.7429	0.0683793	0.0758798
MERL	4	63	6	46.8161	0.104913	0.137846
MERLE	5	17	2	12.4644	0.133563	0.177162
MERLES	6	10	2	6.86875	0.199777	0.293618
MERLIN	6	12	0	8.54736	0.0309546	0.035104
MERLOT	6	10	0	7.16925	0.0360236	0.0409573
MERLS	5	26	0	19.8148	0.0222554	0.0221634
MERSE	5	47	6	34.7298	0.133425	0.178692
MES	3	287	87	220.67	0.303327	0.394431
MESA	4	118	6	85.9738	0.0575792	0.0766043
MESAIL	6	12	0	7.47997	0.0309546	0.0394733
MESAL	5	39	0	28.7681	0.0153285	0.0156053
MESAS	5	16	1	11.436	0.0873968	0.113894
MESE	4	88	7	65.9472	0.0872552	0.11381
MESEL	5	29	0	21.9516	0.0201537	0.0201431
MESELS	6	10	0	6.05133	0.0360236	0.0473637
MESES	5	19	2	16.0567	0.121292	0.140892
MESH	4	59	10	45.2869	0.175171	0.226586
MESIAD	6	12	0	5.88955	0.0309546	0.0484607
MESIAL	6	21	0	11.4444	0.0189533	0.0269941
MESNE	5	30	0	23.5267	0.0195386	0.0188748
MESON	5	34	0	26.7228	0.017413	0.0167366
MESS	4	41	2	32.3976	0.0672351	0.0796182
MESTER	6	30	0	22.4431	0.013658	0.0143809
MESTO	5	55	0	43.2036	0.0110829	0.0105649
MET	3	266	129	204.426	0.482627	0.628777
META	4	146	27	108.304	0.186913	0.25122
METAL	5	41	5	27.5056	0.128868	0.188726
METALS	6	18	2	10.0097	0.12071	0.210574
METE	4	80	37	61.063	0.453121	0.597081
METED	5	27	0	20.7651	0.0215077	0.0212169
METEOR	6	18	3	11.8103	0.170182	0.25868
METER	5	56	25	41.3112	0.436298	0.59513
METERS	6	30	11	23.6753	0.35513	0.457732
METES	5	45	15	34.811	0.327423	0.42622
METH	4	68	21	53.7581	0.306225	0.388964
METHO	5	23	0	17.9791	0.0248464	0.0242532
METHOS	6	11	0	6.30331	0.0332973	0.0457507
METHS	5	30	13	25.1128	0.416271	0.506422
METIC	5	24	0	17.4054	0.0239182	0.0249895
METICA	6	13	0	6.49571	0.0289199	0.0445912
METING	6	15	0	7.34019	0.0255598	0.0401273
METIS	5	56	1	43.0721	0.0279105	0.0330368
METOL	5	23	0	16.6534	0.0248464	0.0260252
METRE	5	56	10	40.5515	0.181056	0.249092
METRED	6	20	0	13.0281	0.0198066	0.0239673
METRES	6	25	4	16.076	0.163154	0.252654
METRIST	7	17	0	6.34544	0.0165085	0.0460497
METRO	5	51	2	37.0764	0.0491045	0.0641021
METROS	6	19	1	11.5579	0.0678801	0.105781
METS	4	156	57	116.559	0.362835	0.486441
MEU	3	76	1	58.5325	0.0275586	0.0310202
MEUS	4	28	1	20.6263	0.0632877	0.0768632
MEUSE	5	12	0	8.65449	0.0433538	0.0465463
MEVE	4	11	4	8.84601	0.33674	0.431576
MEW	3	44	9	33.0525	0.213488	0.280822
MEWS	4	18	6	12.774	0.320435	0.451978
MEYNT	5	10	0	7.53054	0.050145	0.0523459
MHO	3	88	12	67.9925	0.14382	0.183689
MHOS	4	35	7	29.0097	0.206121	0.248661
MIB	3	37	4	28.7561	0.127504	0.158029
MIBS	4	18	2	14.5635	0.13783	0.164503
MIC	3	74	27	58.2759	0.362586	0.461524
MICA	4	41	1	31.3137	0.044966	0.0523256
MICE	4	38	17	30.0195	0.429999	0.551575
MICH	4	21	5	15.6073	0.241684	0.323649
MICO	4	27	0	21.2868	0.0329786	0.0320563
MICOS	5	10	0	7.28637	0.050145	0.0538023
MICRA	5	13	0	9.12789	0.0406043	0.044471
MICRO	5	13	0	8.98952	0.0406043	0.0450582
MICS	4	24	3	19.0598	0.144031	0.176769
MID	3	100	40	80.7782	0.397015	0.493058
MIDI	4	14	3	11.4512	0.224471	0.275552
MIDIS	5	10	2	8.14628	0.20679	0.256552
MIDS	4	46	15	36.3978	0.320992	0.408478
MIDST	5	16	1	12.6722	0.0873968	0.103952
MIEN	4	93	1	72.8686	0.020837	0.0233465
MIENS	5	43	0	32.2016	0.0139888	0.0140149
MIG	3	60	16	45.6809	0.269693	0.353048
MIGS	4	23	9	17.8346	0.372388	0.487616
MIHI	4	13	0	10.108	0.0602896	0.0612561
MIL	3	109	57	83.1574	0.516079	0.678615
MILD	4	17	4	12.1954	0.240093	0.33091
MILE	4	55	39	41.9016	0.679382	0.9021
MILER	5	27	13	19.9871	0.458223	0.627284
MILERS	6	15	7	11.3396	0.432219	0.590134
MILES	5	38	25	30.2091	0.628935	0.803563
MILF	4	15	0	10.4123	0.0539115	0.0597741
MILIA	5	10	0	6.80536	0.050145	0.0569221
MILL	4	23	16	18.1883	0.63256	0.82308
MILLE	5	17	10	12.8034	0.538264	0.732665
MILO	4	34	0	25.0453	0.0268884	0.0276282
MILOR	5	14	0	9.88229	0.0381827	0.0415209
MILOS	5	10	0	6.98747	0.050145	0.0556993
MILPA	5	12	0	9.69259	0.0433538	0.0422253
MILS	4	53	8	38.5545	0.158495	0.214932
MILT	4	35	9	28.46	0.257528	0.318432
MILTER	6	11	3	8.42714	0.260339	0.350579
MILTS	5	17	4	13.5047	0.234738	0.298253
MIM	3	28	13	23.1068	0.446908	0.549918
MIME	4	21	12	16.9434	0.522749	0.667364
MIMED	5	10	0	6.52584	0.050145	0.058907
MIMER	5	12	5	8.72209	0.381931	0.535858
MIMES	5	13	8	10.0667	0.547971	0.7331
MINA	4	85	4	64.0919	0.0564557	0.0717179
MINAE	5	33	0	21.5319	0.0178998	0.0205103
MINAR	5	39	0	22.7937	0.0153285	0.0194445
MINARET	7	14	0	5.33893	0.0196559	0.0534761
MINARS	6	20	0	10.2308	0.0198066	0.0298867
MINAS	5	34	1	23.0218	0.0446108	0.0600605
MINCE	5	13	0	9.10184	0.0406043	0.0445804
MIND	4	50	27	38.7237	0.519786	0.678727
MINDER	6	16	11	10.6369	0.628106	0.966408
MINDS	5	15	8	10.6723	0.486289	0.696599
MINE	4	118	82	91.3519	0.681014	0.884893
MINED	5	46	11	30.5649	0.238687	0.357892
MINER	5	50	33	35.8116	0.637516	0.897342
MINERS	6	24	15	17.2959	0.58901	0.833995
MINES	5	67	43	50.1992	0.625508	0.841031
MING	4	52	30	37.6934	0.554853	0.771541
MINGE	5	20	10	13.004	0.467339	0.722523
MINGER	6	10	6	6.8774	0.527285	0.794985
MINGS	5	20	11	13.8282	0.511261	0.748932
MINI	4	48	5	37.2112	0.115965	0.146074
MINIER	6	15	0	7.85885	0.0255598	0.0378031
MINIS	5	22	3	15.6103	0.146975	0.203049
MINO	4	77	9	59.5491	0.123839	0.158017
MINOR	5	30	4	19.6656	0.14161	0.211396
MINORS	6	10	1	4.59621	0.117901	0.235159
MINOS	5	34	5	23.6616	0.153402	0.217569
MINSTER	7	15	0	7.46284	0.0184814	0.0398984
MINT	4	84	51	64.6466	0.591764	0.774601
MINTED	6	15	6	7.55973	0.374124	0.732314
MINTER	6	24	13	15.3613	0.512713	0.810504
MINTERS	7	16	7	9.78993	0.412124	0.685899
MINTS	5	41	22	31.1597	0.517282	0.688284
MINTY	5	12	1	8.63203	0.111069	0.145445
MINUS	5	16	0	10.1714	0.0341137	0.0404915
MINY	4	16	0	12.3483	0.0512031	0.0518
MIOSES	6	11	0	6.58362	0.0332973	0.0440807
MIPS	4	21	2	16.733	0.121228	0.145617
MIR	3	166	71	128.115	0.425271	0.551869
MIRE	4	120	53	88.3953	0.435972	0.593551
MIRED	5	49	5	35.3882	0.108953	0.148386
MIRES	5	79	40	58.0087	0.497021	0.68022
MIRI	4	30	2	23.4099	0.0890484	0.107599
MIRIN	5	14	2	10.6574	0.15746	0.203517
MIRO	4	71	1	54.3575	0.0269569	0.0309925
MIROS	5	28	0	19.5098	0.0208087	0.0224853
MIRS	4	72	12	53.505	0.171519	0.229063
MIRTH	5	18	1	12.3592	0.0789802	0.106302
MIRV	4	10	0	7.64654	0.0732968	0.0766251
MIRY	4	14	0	9.98637	0.0569224	0.0618695
MIS	3	206	110	160.663	0.530096	0.681092
MISATE	6	29	0	18.1095	0.0140956	0.017626
MISDO	5	16	0	10.9612	0.0341137	0.037923
MISE	4	138	68	103.803	0.486375	0.648802
MISEAT	6	28	0	13.5049	0.0145621	0.0231846
MISER	5	82	35	58.5724	0.420446	0.59059
MISERE	6	19	0	11.9383	0.0207402	0.0259714
MISERS	6	20	8	12.1658	0.379949	0.628777
MISES	5	29	12	21.9663	0.397896	0.531721
MISMET	6	11	0	7.37212	0.0332973	0.039976
MISO	4	64	2	49.1485	0.0444621	0.0536271
MISOS	5	13	0	8.58294	0.0406043	0.0468769
MISRATE	7	12	0	4.14556	0.0225179	0.0661185
MISS	4	39	15	29.6463	0.373362	0.495175
MISSA	5	12	0	8.2593	0.0433538	0.048433
MISSET	6	11	0	6.13897	0.0332973	0.04679
MIST	4	106	58	81.155	0.537001	0.70514
MISTAL	6	14	0	8.31561	0.0271362	0.0359684
MISTED	6	21	7	12.1417	0.320503	0.554378
MISTER	6	46	25	32.68	0.527653	0.750199
MISTERS	7	13	6	6.25637	0.428165	0.884773
MISTIER	7	12	2	5.6945	0.168124	0.353773
MISTLE	6	10	1	6.26939	0.117901	0.181737
MISTS	5	24	13	17.6035	0.509578	0.705592
MISTY	5	15	0	10.6534	0.0360337	0.0388842
MITE	4	107	73	81.398	0.667409	0.882597
MITER	5	58	37	43.1056	0.619412	0.840267
MITERS	6	27	21	19.4396	0.733908	1
MITES	5	68	38	51.9809	0.546015	0.719499
MITIER	6	15	2	10.7924	0.141748	0.196709
MITIS	5	17	0	12.379	0.032388	0.0340463
MITRAL	6	12	0	5.60818	0.0309546	0.0504946
MITRE	5	51	18	37.8666	0.346681	0.469355
MITRED	6	19	0	10.8971	0.0207402	0.0282261
MITRES	6	26	12	15.6211	0.440924	0.738091
MITT	4	23	10	18.2486	0.409556	0.526715
MITTS	5	11	3	9.16161	0.264404	0.32598
MITY	4	20	0	16.6169	0.0426355	0.040027
MNA	3	151	3	118.652	0.0271264	0.0321384
MNAS	4	68	1	53.1077	0.0280816	0.0316933
MOA	3	147	60	114.05	0.405905	0.523998
MOAI	4	52	3	41.9814	0.0718933	0.0849858
MOAN	4	53	22	40.8086	0.404518	0.529445
MOANER	6	15	5	8.83886	0.31603	0.537367
MOANS	5	23	11	17.4614	0.451738	0.60535
MOAS	4	69	9	52.9985	0.137428	0.176782
MOAT	4	63	24	48.1881	0.37395	0.491572
MOATED	6	14	3	9.1439	0.212168	0.326039
MOATS	5	35	15	25.5898	0.414117	0.571356
MOB	3	41	10	32.1432	0.25013	0.317442
MOBE	4	19	3	14.0131	0.175471	0.231914
MOBES	5	15	3	11.7811	0.20488	0.261636
MOBS	4	17	4	13.1881	0.240093	0.309514
MOC	3	80	19	64.0516	0.241116	0.300384
MOCH	4	28	9	21.8075	0.31403	0.406802
MOCHA	5	12	1	8.65716	0.111069	0.145085
MOCHI	5	12	2	7.52796	0.178785	0.274143
MOCS	4	24	0	19.3166	0.036524	0.0349963
MOD	3	87	38	69.607	0.431842	0.541955
MODE	4	56	30	44.8946	0.517804	0.653475
MODEL	5	19	0	13.3939	0.0294122	0.0317247
MODELS	6	12	0	7.89334	0.0309546	0.0376581
MODENA	6	13	0	7.43688	0.0289199	0.0396726
MODER	5	27	9	17.9848	0.323849	0.486384
MODERS	6	13	9	9.337	0.620502	0.895117
MODES	5	26	17	19.5671	0.613196	0.829757
MODEST	6	14	2	8.14226	0.150491	0.253141
MODI	4	33	1	25.8488	0.0547134	0.0625333
MODS	4	27	10	22.0565	0.356548	0.443907
MOE	3	162	24	130.191	0.152008	0.188033
MOER	4	87	5	66.1407	0.0662141	0.084207
MOERS	5	33	1	24.4278	0.045858	0.0568023
MOES	4	80	7	63.3305	0.0955746	0.118357
MOG	3	38	19	31.4039	0.483559	0.592769
MOGS	4	14	9	12.1638	0.559567	0.680607
MOHEL	5	10	0	7.77236	0.050145	0.0509793
MOHO	4	20	0	16.4963	0.0426355	0.0402856
MOHOS	5	10	0	8.1661	0.050145	0.0489005
MOHR	4	36	0	30.9997	0.0255408	0.0226678
MOHRS	5	14	0	9.90532	0.0381827	0.041437
MOI	3	130	50	104.928	0.382734	0.475244
MOIL	4	38	20	30.841	0.501589	0.628742
MOILE	5	16	3	11.2527	0.193963	0.272486
MOILS	5	13	8	9.85964	0.547971	0.746477
MOIRA	5	26	0	18.6018	0.0222554	0.0235014
MOIRE	5	30	0	22.6154	0.0195386	0.0195884
MOIRES	6	22	0	11.9464	0.0181706	0.0259552
MOISER	6	21	0	12.0168	0.0189533	0.0258159
MOIST	5	27	13	20.044	0.458223	0.625627
MOISTEN	7	10	1	3.241	0.111566	0.32191
MOISTER	7	15	5	5.6087	0.317245	0.819198
MOIT	4	52	6	41.2675	0.125555	0.155457
MOITS	5	23	3	18.3457	0.141271	0.175048
MOL	3	105	61	80.7812	0.571833	0.746302
MOLA	4	59	12	43.3151	0.206965	0.280386
MOLAR	5	25	3	17.4508	0.131096	0.183318
MOLARS	6	10	2	7.22636	0.199777	0.281001
MOLAS	5	26	8	18.6857	0.300345	0.419921
MOLD	4	18	7	14.3125	0.366086	0.470468
MOLE	4	60	34	44.9199	0.547986	0.738078
MOLED	5	23	5	16.2038	0.218888	0.309273
MOLES	5	34	24	26.4487	0.67016	0.875927
MOLEST	6	18	4	10.5855	0.219654	0.371408
MOLIES	6	10	1	5.12956	0.117901	0.215012
MOLINE	6	12	0	6.21134	0.0309546	0.0463265
MOLL	4	14	10	10.2202	0.615417	0.868166
MOLS	4	45	10	34.7296	0.225317	0.291424
MOLT	4	32	18	23.9918	0.529705	0.716918
MOLTO	5	11	0	7.53513	0.0465028	0.0523194
MOLTS	5	18	10	12.8732	0.512346	0.729101
MOLY	4	17	1	13.3548	0.0965886	0.112878
MOM	3	26	7	20.4131	0.275388	0.349533
MOME	4	17	4	13.8676	0.240093	0.296395
MOMES	5	10	3	8.13857	0.285113	0.360616
MOMI	4	18	0	14.7031	0.0465282	0.0445684
MOMS	4	16	2	12.4725	0.151679	0.188003
MON	3	150	94	121.397	0.619095	0.768065
MONA	4	66	20	51.5162	0.300681	0.386579
MONAL	5	26	0	17.0498	0.0222554	0.0254688
MONALS	6	12	0	4.84292	0.0309546	0.0570013
MONAS	5	33	12	23.1524	0.353398	0.506128
MONDE	5	29	5	20.5212	0.177546	0.248611
MONDES	6	17	2	9.42104	0.126993	0.22236
MONER	5	43	3	31.3052	0.0795372	0.105875
MONERA	6	16	0	8.75885	0.0241564	0.0343506
MONETH	6	11	0	6.02787	0.0332973	0.0475197
MONG	4	24	11	19.3351	0.430715	0.546611
MONIAL	6	15	0	7.11785	0.0255598	0.0412136
MONIC	5	14	0	9.4734	0.0381827	0.0430695
MONIE	5	33	10	22.8921	0.297482	0.429504
MONIED	6	12	0	6.78975	0.0309546	0.0429284
MONIES	6	17	7	8.6258	0.387227	0.754873
MONK	4	11	1	9.18886	0.13547	0.154297
MONO	4	33	6	25.654	0.190195	0.242709
MONOS	5	11	4	7.30987	0.337038	0.508215
MONS	4	66	15	51.9905	0.229156	0.290866
MONTE	5	38	8	27.3727	0.211938	0.293535
MONTES	6	18	6	10.5682	0.318598	0.543429
MONTH	5	10	0	6.82133	0.050145	0.0568127
MONTRE	6	15	0	8.48725	0.0255598	0.0353242
MONY	4	10	0	8.39177	0.0732968	0.0712156
MOO	3	65	57	53.7561	0.846273	1
MOOD	4	20	9	17.082	0.419121	0.506683
MOOED	5	15	0	11.6702	0.0360337	0.0358799
MOOI	4	21	0	16.4514	0.0409235	0.0403829
MOOL	4	23	15	17.3698	0.595393	0.806374
MOOLA	5	12	2	7.19582	0.178785	0.284626
MOOLS	5	10	5	8.009	0.441759	0.576085
MOON	4	30	16	24.5356	0.501963	0.627412
MOONS	5	10	8	8.10205	0.676727	0.883258
MOOP	4	11	3	8.3956	0.26965	0.355285
MOOR	4	34	13	27.4125	0.369849	0.464952
MOORS	5	13	3	9.51272	0.230867	0.315578
MOOS	4	28	13	23.6283	0.439401	0.533168
MOOSE	5	13	8	10.7001	0.547971	0.69501
MOOT	4	30	24	23.7819	0.737915	0.953968
MOOTS	5	19	13	15.227	0.626628	0.805903
MOP	3	59	16	44.3684	0.273989	0.363011
MOPE	4	31	9	23.3375	0.28704	0.382396
MOPER	5	18	6	13.449	0.319739	0.433245
MOPES	5	16	5	11.7875	0.300529	0.412141
MOPS	4	18	3	13.8719	0.183481	0.233957
MOR	3	174	113	137.14	0.642393	0.817667
MORA	4	76	17	58.1364	0.225507	0.294388
MORAE	5	37	2	26.5321	0.0663915	0.088223
MORAL	5	24	8	16.2991	0.322786	0.47626
MORALE	6	13	5	8.01591	0.357577	0.585901
MORAS	5	24	5	16.8289	0.210711	0.298719
MORAT	5	41	6	28.9783	0.151715	0.212424
MORATS	6	21	2	10.6175	0.10511	0.199647
MORE	4	97	55	72.9175	0.555166	0.742547
MOREL	5	24	1	17.7555	0.0612767	0.0764952
MORES	5	52	33	39.3972	0.614235	0.818648
MORIA	5	36	0	24.8781	0.0165147	0.0179075
MORIAS	6	10	0	5.15508	0.0360236	0.0541548
MORN	4	53	18	43.2436	0.334226	0.412963
MORNE	5	33	11	25.1646	0.32544	0.430404
MORNED	6	10	1	5.56374	0.117901	0.200994
MORNES	6	16	7	9.59662	0.408488	0.686333
MORNS	5	20	6	15.4528	0.291652	0.382004
MORON	5	19	0	13.9802	0.0294122	0.0305224
MORRA	5	13	0	8.46724	0.0406043	0.0474216
MORS	4	60	28	44.2879	0.454097	0.618954
MORSE	5	39	24	28.3154	0.589935	0.821067
MORSEL	6	13	2	9.14679	0.160383	0.228314
MORT	4	65	22	50.7159	0.33407	0.430251
MORTISE	7	10	0	2.63926	0.0263554	0.0942405
MORTS	5	36	12	25.3201	0.326051	0.465206
MOS	3	160	97	126.047	0.599611	0.763604
MOSE	4	90	48	69.7462	0.522007	0.677951
MOSED	5	31	5	23.162	0.167031	0.221978
MOSES	5	24	16	19.3169	0.621654	0.791671
MOSH	4	31	16	25.2916	0.487583	0.610134
MOSS	4	22	8	17.9309	0.348161	0.435517
MOSSIE	6	11	0	5.03799	0.0332973	0.0551886
MOST	4	77	46	60.7844	0.581164	0.742697
MOSTE	5	45	24	34.0555	0.515835	0.688477
MOSTS	5	16	8	13.5109	0.460378	0.56478
MOT	3	149	98	120.456	0.649331	0.806588
MOTE	4	80	44	62.4786	0.536548	0.692292
MOTED	5	23	4	15.736	0.18008	0.259619
MOTEL	5	20	2	14.8064	0.115964	0.151702
MOTEN	5	41	0	29.8419	0.014628	0.0150705
MOTES	5	36	21	28.4643	0.558203	0.716834
MOTET	5	20	0	14.1852	0.0281204	0.0301231
MOTETS	6	13	0	7.77745	0.0289199	0.0381499
MOTH	4	31	16	24.5487	0.487583	0.627104
MOTHER	6	11	6	8.28408	0.48738	0.675762
MOTHS	5	11	3	8.52127	0.264404	0.34683
MOTI	4	60	8	49.5119	0.141134	0.169358
MOTIER	6	17	0	9.63467	0.0228992	0.0315469
MOTIS	5	31	3	23.8771	0.107802	0.136878
MOTOR	5	19	4	14.4557	0.213171	0.280465
MOTS	4	80	26	63.8097	0.32202	0.40549
MOTSER	6	16	0	10.6939	0.0241564	0.0287125
MOTT	4	19	13	14.9113	0.612051	0.805348
MOTTE	5	15	10	10.615	0.598853	0.865117
MOTTS	5	11	3	7.59537	0.264404	0.382177
MOTU	4	18	0	13.3042	0.0465282	0.0485992
MOU	3	59	29	46.6272	0.481094	0.612787
MOUE	4	19	0	14.3637	0.0444968	0.0454836
MOUS	4	21	11	16.1835	0.482597	0.640503
MOUST	5	10	4	7.42408	0.363436	0.501704
MOW	3	35	19	27.0561	0.520976	0.681052
MOWA	4	17	2	13.2504	0.144423	0.178515
MOWS	4	12	6	9.43791	0.441313	0.58194
MOY	3	38	12	29.9277	0.315975	0.40175
MOYA	4	13	2	10.2998	0.178596	0.220775
MOYL	4	12	0	9.46407	0.0640801	0.0646484
MOYS	4	16	6	12.6634	0.352631	0.455349
MUD	3	33	10	25.7825	0.30455	0.389764
MUDS	4	13	3	10.2229	0.237749	0.302875
MUG	3	17	7	13.4376	0.394717	0.506082
MUID	4	13	0	10.7588	0.0602896	0.0581716
MUIL	4	16	0	12.5854	0.0512031	0.0509675
MUIR	4	29	1	22.8582	0.0613644	0.0700072
MUIRS	5	13	0	8.69203	0.0406043	0.0463747
MUIST	5	14	0	8.97002	0.0381827	0.0451422
MULE	4	20	6	15.8405	0.293626	0.374998
MULES	5	10	5	7.94253	0.441759	0.580145
MULSE	5	10	0	7.5909	0.050145	0.051998
MUN	3	51	29	40.3432	0.551365	0.703435
MUNI	4	25	0	20.2292	0.0352604	0.0335702
MUNIS	5	14	0	9.23248	0.0381827	0.0440372
MUNITE	6	10	0	4.11707	0.0360236	0.0649385
MUNS	4	23	9	18.036	0.372388	0.482754
MUON	4	22	1	17.865	0.077946	0.0874597
MURA	4	31	2	24.0017	0.0864973	0.105165
MURAS	5	12	0	8.54816	0.0433538	0.0470393
MURE	4	32	14	24.9802	0.418301	0.543454
MURED	5	12	1	7.78099	0.111069	0.158796
MURES	5	20	7	14.3095	0.335574	0.472942
MURL	4	12	3	9.74768	0.252697	0.314958
MURTI	5	13	0	8.52313	0.0406043	0.0471569
MUS	3	62	31	49.5923	0.489558	0.616324
MUSAR	5	10	0	7.48617	0.050145	0.0526047
MUSE	4	34	15	26.9894	0.422612	0.540301
MUSED	5	13	2	9.7928	0.167446	0.219113
MUSER	5	17	8	12.9599	0.437089	0.586317
MUSES	5	10	4	8.13722	0.363436	0.46454
MUSET	5	11	0	8.40843	0.0465028	0.0477033
MUSH	4	14	7	11.3536	0.447868	0.573447
MUSIT	5	11	0	8.33704	0.0465028	0.0480499
MUSO	4	21	1	17.1071	0.0810757	0.0908994
MUST	4	29	8	23.448	0.274096	0.341703
MUSTH	5	10	0	7.28813	0.050145	0.0537915
MUT	3	66	31	51.7121	0.461492	0.592062
MUTE	4	26	12	19.6877	0.435348	0.583552
MUTER	5	17	7	11.8235	0.386501	0.561251
MUTES	5	13	5	9.6183	0.357709	0.492625
MUTI	4	26	0	20.7815	0.0340814	0.0327621
MUTIS	5	14	0	9.78441	0.0381827	0.0418814
MUTS	4	36	15	29.3556	0.401431	0.49974
MUTT	4	10	7	8.08913	0.576703	0.756021
MYAL	4	14	0	10.7228	0.0569224	0.058334
NAAM	4	20	0	14.4746	0.0426355	0.0451804
NAAN	4	18	0	13.763	0.0465282	0.0471992
NAANS	5	13	0	8.77343	0.0406043	0.0460068
NAB	3	86	16	67.1213	0.191582	0.243754
NABE	4	35	2	28.8979	0.0776042	0.0885885
NABES	5	13	1	11.2736	0.104025	0.115344
NABS	4	32	11	24.1785	0.334748	0.446111
NACH	4	55	5	40.5116	0.102185	0.134778
NACHE	5	22	1	15.5754	0.0662248	0.0862678
NACHES	6	13	1	7.22783	0.0946513	0.16081
NACHO	5	18	0	11.9392	0.0308284	0.0351613
NACRE	5	37	0	26.6935	0.0160994	0.016754
NACRED	6	11	0	8.54816	0.0332973	0.0351011
NACRES	6	20	0	12.3367	0.0198066	0.025201
NADA	4	29	0	21.4929	0.0309741	0.031777
NADORS	6	10	0	5.64552	0.0360236	0.0502149
NADS	4	73	8	54.4836	0.117277	0.154494
NAE	3	450	21	344.296	0.0489198	0.0631638
NAES	4	269	5	201.05	0.022056	0.0283039
NAG	3	186	34	142.925	0.185479	0.240463
NAGA	4	30	0	23.7857	0.0300606	0.0289693
NAGAS	5	18	0	12.8993	0.0308284	0.0328152
NAGORS	6	10	0	4.68831	0.0360236	0.0585251
NAGS	4	65	18	48.1911	0.27602	0.372389
NAH	3	198	5	156.233	0.0307199	0.0371408
NAHAL	5	10	0	7.33735	0.050145	0.0534916
NAIF	4	38	0	29.9812	0.0243218	0.0233859
NAIFER	6	14	0	7.62597	0.0271362	0.0388125
NAIK	4	25	0	16.7616	0.0352604	0.0397209
NAIKS	5	10	0	6.36734	0.050145	0.0600953
NAIL	4	145	76	106.504	0.517236	0.706295
NAILED	6	23	11	15.1347	0.453725	0.698597
NAILER	6	43	22	26.2263	0.496312	0.8176
NAILERS	7	25	14	13.5921	0.535214	0.988921
NAILS	5	51	25	33.5051	0.476871	0.727879
NAILSET	7	16	0	6.34276	0.0174394	0.0460667
NAIN	4	114	8	84.7866	0.0764954	0.100652
NAIRUS	6	16	0	6.53428	0.0241564	0.0443658
NAIVE	5	13	0	8.9523	0.0406043	0.0452188
NAKER	5	11	0	7.89482	0.0465028	0.0503141
NALA	4	58	1	42.3884	0.0326178	0.0393187
NALAS	5	31	0	21.3717	0.01896	0.020654
NALED	5	45	0	30.2981	0.0134031	0.0148542
NALLA	5	15	0	10.9039	0.0360337	0.0380983
NAM	3	192	69	151.461	0.358575	0.454968
NAME	4	97	56	73.9565	0.565077	0.745549
NAMED	5	33	11	21.0324	0.32544	0.50937
NAMER	5	55	18	36.835	0.322676	0.481989
NAMERS	6	25	7	16.0684	0.273393	0.42755
NAMES	5	54	31	37.7037	0.557364	0.802994
NAMS	4	87	14	67.4573	0.165218	0.211885
NAMU	4	34	0	25.8792	0.0268884	0.0268067
NAMUS	5	10	0	6.14483	0.050145	0.0618468
NAN	3	118	15	94.5043	0.133024	0.16434
NANA	4	36	0	26.7389	0.0255408	0.0260093
NANAS	5	13	0	9.90761	0.0406043	0.0414287
NANE	4	89	4	67.3107	0.054025	0.0683952
NANG	4	39	0	28.8002	0.0237549	0.0242779
NANITE	6	28	0	15.3873	0.0145621	0.020537
NANO	4	61	4	46.8953	0.0773313	0.0968569
NANOS	5	30	3	21.0663	0.111092	0.153935
NANS	4	69	5	52.939	0.0825621	0.104381
NAOS	4	107	2	80.0865	0.0272233	0.0334557
NAP	3	115	37	87.9093	0.321616	0.420695
NAPA	4	13	1	10.7504	0.119443	0.135641
NAPE	4	53	23	39.5738	0.422091	0.569068
NAPED	5	10	0	7.74471	0.050145	0.0511319
NAPES	5	33	14	25.6294	0.409315	0.533648
NAPS	4	42	12	32.3237	0.28361	0.369745
NARAS	5	56	0	39.2138	0.0108943	0.0116005
NARC	4	82	5	62.1894	0.070068	0.0893773
NARCO	5	28	0	20.7661	0.0208087	0.021216
NARCS	5	31	2	22.8305	0.0781882	0.101651
NARD	4	115	7	84.0733	0.067442	0.0898884
NARDS	5	35	4	24.6258	0.122863	0.171245
NARE	4	262	68	189.818	0.259563	0.358116
NARES	5	151	53	108.929	0.348839	0.484267
NARINE	6	21	0	10.5742	0.0189533	0.029007
NARIS	5	76	0	49.0606	0.00812815	0.00934084
NARK	4	30	4	21.1963	0.148036	0.203409
NARKS	5	10	4	6.84334	0.363436	0.536667
NARRAS	6	11	0	6.06536	0.0332973	0.0472709
NARRE	5	53	0	35.297	0.0114804	0.0128357
NARY	4	34	0	26.6671	0.0268884	0.0260741
NAS	3	387	57	299.077	0.148932	0.192163
NASAL	5	31	0	22.7504	0.01896	0.0194793
NASALS	6	10	0	4.41196	0.0360236	0.0614616
NASHI	5	26	0	18.7599	0.0222554	0.0233179
NASTIER	7	15	0	5.03963	0.0184814	0.0561697
NASTIES	7	17	1	4.43093	0.0698827	0.250086
NASTY	5	20	2	15.495	0.115964	0.145552
NASUTE	6	13	0	7.77157	0.0289199	0.0381752
NAT	3	443	124	340.093	0.28023	0.364907
NATAL	5	41	0	27.7452	0.014628	0.0161513
NATCH	5	21	1	14.4152	0.0690112	0.0925605
NATES	5	176	6	132.119	0.0371445	0.0484414
NATION	6	17	2	7.63814	0.126993	0.267752
NATIS	5	85	0	57.3564	0.00729466	0.00802403
NATRON	6	22	0	11.1476	0.0181706	0.0276485
NATS	4	240	45	175.879	0.188677	0.256969
NATTER	6	37	17	27.9982	0.444745	0.59595
NATTERS	7	19	12	13.1964	0.593629	0.87482
NATTIER	7	10	4	6.0266	0.367197	0.625465
NATURE	6	18	0	9.43865	0.0217663	0.0321339
NAUNT	5	15	0	10.3831	0.0360337	0.0397695
NAV	3	59	8	46.2711	0.14654	0.183481
NAVE	4	26	8	20.9125	0.301593	0.379246
NAVS	4	18	0	14.1325	0.0465282	0.046129
NAW	3	96	17	75.1863	0.182403	0.231263
NAY	3	81	9	60.7593	0.120306	0.157116
NAYS	4	31	6	23.4433	0.201093	0.263663
NEAL	4	169	41	127.404	0.243019	0.322237
NEALED	6	13	2	8.07936	0.160383	0.254876
NEALS	5	80	23	60.7902	0.285622	0.376881
NEAP	4	73	15	54.1891	0.208298	0.279517
NEAPS	5	26	8	19.6078	0.300345	0.401568
NEAR	4	241	78	178.57	0.322652	0.435732
NEARED	6	25	9	17.7557	0.346886	0.495374
NEARER	6	16	3	10.8023	0.18887	0.280594
NEAREST	7	19	0	5.83901	0.0149163	0.0495091
NEARING	7	12	1	6.50016	0.0953211	0.180178
NEARS	5	113	45	81.8882	0.39424	0.545373
NEAT	4	243	71	181.574	0.291688	0.390511
NEATEN	6	18	0	9.98671	0.0217663	0.0305448
NEATER	6	42	10	28.3253	0.236127	0.351399
NEATH	5	76	13	56.791	0.17317	0.23116
NEATS	5	135	36	100.937	0.265957	0.356081
NEB	3	91	5	73.9356	0.0654041	0.0773206
NEBS	4	27	2	21.7933	0.0976924	0.11486
NECTAR	6	13	0	8.2922	0.0289199	0.0360581
NED	3	373	80	287.566	0.215512	0.279189
NEDS	4	151	44	112.671	0.290624	0.389704
NEE	3	234	89	185.546	0.379351	0.478903
NEED	4	85	30	63.2977	0.348902	0.469765
NEEDS	5	35	16	26.1284	0.440595	0.596422
NEEM	4	59	1	44.323	0.0320993	0.0376824
NEEMS	5	27	0	18.7353	0.0215077	0.0233464
NEEP	4	46	6	34.1583	0.140651	0.185883
NEEPS	5	21	4	15.9466	0.195233	0.256484
NEF	3	102	9	81.4225	0.0964199	0.118263
NEFAST	6	10	0	5.91464	0.0360236	0.0482872
NEFS	4	38	2	32.2122	0.0720485	0.0800476
NEG	3	172	23	133.947	0.13767	0.175494
NEGATE	6	11	0	7.32362	0.0332973	0.0402063
NEGS	4	56	17	41.8496	0.300795	0.403322
NEIF	4	54	0	42.8394	0.0176014	0.0167042
NEIST	5	116	0	86.0699	0.00539065	0.00539271
NEK	3	54	2	40.8387	0.0553634	0.0670607
NEKS	4	23	0	16.6395	0.0378815	0.0399789
NELIES	6	15	0	7.787	0.0255598	0.0381089
NELSON	6	10	0	6.45174	0.0360236	0.044851
NEMA	4	110	1	85.2089	0.0177271	0.0200491
NEMAS	5	40	1	28.6082	0.0383522	0.0489129
NEMN	4	37	1	28.9971	0.0493631	0.0562156
NEMNS	5	11	0	8.25093	0.0465028	0.0484747
NENE	4	71	2	55.0109	0.0403071	0.0481285
NENES	5	36	1	26.7967	0.0423093	0.0520452
NEON	4	74	2	57.4951	0.0387549	0.0461244
NEONS	5	36	2	28.0916	0.068104	0.083572
NEP	3	167	32	129.903	0.194404	0.249031
NEPER	5	27	0	20.6976	0.0215077	0.0212815
NEPERS	6	20	0	13.7362	0.0198066	0.0228232
NEPITS	6	10	0	5.6397	0.0360236	0.0502583
NEPS	4	75	26	56.3022	0.342426	0.457557
NERAL	5	91	0	63.3224	0.00682789	0.00728541
NERALS	6	34	0	22.0024	0.0121494	0.0146553
NERD	4	141	23	105	0.165758	0.221639
NERDIC	6	10	0	4.91176	0.0360236	0.0563482
NERDS	5	52	12	36.6657	0.230797	0.326877
NERITE	6	46	0	24.7883	0.0091255	0.013078
NERITES	7	17	0	5.43874	0.0165085	0.0526343
NERK	4	27	1	19.8862	0.0653355	0.0794428
NERTS	5	149	1	110.323	0.0108075	0.0131665
NERVE	5	12	0	9.10394	0.0433538	0.0445715
NESH	4	143	0	111.393	0.00693789	0.00662003
NESHER	6	15	0	10.2019	0.0255598	0.0299629
NESS	4	100	5	78.5261	0.0579298	0.0712818
NEST	4	349	154	267.209	0.439266	0.574489
NESTED	6	41	18	27.7128	0.426718	0.636566
NESTER	6	67	37	46.6949	0.540935	0.781293
NESTERS	7	15	11	7.96531	0.67576	1
NESTLE	6	18	0	12.478	0.0217663	0.0249386
NESTLER	7	10	0	5.39812	0.0263554	0.0529736
NESTOR	6	54	1	34.5565	0.0256161	0.0375436
NESTORS	7	10	0	5.7778	0.0263554	0.0499627
NESTS	5	64	41	51.5385	0.623659	0.782075
NET	3	597	233	464.41	0.38983	0.501304
NETE	4	162	40	123.081	0.247245	0.325377
NETES	5	105	24	80.1011	0.228642	0.299937
NETHER	6	21	5	13.0194	0.234346	0.378213
NETOPS	6	14	0	9.02135	0.0271362	0.0334594
NETS	4	361	134	272.611	0.370012	0.490407
NETT	4	104	48	77.9085	0.45428	0.608844
NETTED	6	10	5	7.19041	0.445408	0.644271
NETTER	6	16	9	12.4492	0.518297	0.689448
NETTIE	6	20	4	13.8628	0.199878	0.290035
NETTIER	7	13	4	8.27971	0.29244	0.471986
NETTIES	7	12	2	6.84599	0.168124	0.301198
NETTS	5	52	24	40.022	0.449905	0.589522
NETTY	5	12	4	8.51846	0.314216	0.446844
NEUMS	5	10	0	7.68961	0.050145	0.0514389
NEUTER	6	11	0	6.80244	0.0332973	0.0428595
NEVE	4	13	5	10.1722	0.356055	0.466243
NEVI	4	23	0	18.6215	0.0378815	0.0361668
NEW	3	91	33	74.3426	0.360856	0.443021
NEWER	5	10	4	7.17054	0.363436	0.516392
NEWEST	6	11	0	7.72073	0.0332973	0.0383954
NEWS	4	42	16	32.0654	0.370746	0.489394
NEWT	4	36	2	28.8644	0.0756595	0.0886842
NEWTS	5	19	1	14.9699	0.0753519	0.0894409
NGANA	5	11	0	7.45619	0.0465028	0.052781
NIB	3	79	3	61.2896	0.050723	0.0612043
NIBS	4	30	2	23.0272	0.0890484	0.109234
NICE	4	80	20	62.1587	0.250511	0.322618
NICER	5	36	10	23.218	0.274461	0.423839
NICEST	6	20	0	11.7247	0.0198066	0.026404
NICHE	5	20	7	15.1845	0.335574	0.448123
NICHES	6	10	4	5.56541	0.363531	0.651317
NICHTS	6	10	0	5.57863	0.0360236	0.0507181
NICK	4	10	4	7.36963	0.360957	0.498408
NID	3	235	87	183.297	0.369386	0.473927
NIDATE	6	23	0	13.9396	0.0174499	0.0225144
NIDATES	7	13	0	6.16635	0.0209898	0.0472163
NIDE	4	151	66	113.617	0.432646	0.576535
NIDED	5	15	0	9.87183	0.0360337	0.0415591
NIDES	5	82	36	58.7212	0.432243	0.605739
NIDI	4	42	0	31.7335	0.0222025	0.022177
NIDS	4	89	18	67.5831	0.204716	0.268853
NIE	3	517	47	405.272	0.0925521	0.117528
NIED	4	174	1	128.442	0.0113499	0.0134124
NIEF	4	50	0	38.3688	0.0189075	0.0185466
NIEFS	5	11	0	8.19601	0.0465028	0.0487495
NIELLO	6	11	0	6.28864	0.0332973	0.0458416
NIENTE	6	19	0	10.5336	0.0207402	0.0291084
NIES	4	308	31	230.788	0.102657	0.136301
NIFE	4	39	1	30.4587	0.0470621	0.053697
NIFES	5	16	0	12.703	0.0341137	0.033269
NIGH	4	32	1	24.3195	0.0562372	0.0661444
NIGHS	5	14	0	9.86029	0.0381827	0.0416014
NIGHT	5	11	2	8.28983	0.19177	0.252786
NIL	3	296	35	226.563	0.120754	0.156896
NILL	4	43	13	31.899	0.298883	0.403712
NILLS	5	20	7	14.3293	0.335574	0.472349
NILS	4	120	3	87.6252	0.0324378	0.0417839
NIM	3	189	27	147.25	0.14628	0.186643
NIMB	4	17	1	13.6254	0.0965886	0.110943
NIMPS	5	11	0	8.17314	0.0465028	0.0488649
NIMROD	6	10	0	5.94618	0.0360236	0.048071
NIMS	4	84	6	63.6897	0.0798497	0.102526
NINE	4	110	47	82.9164	0.421571	0.561253
NINER	5	63	26	44.3709	0.405066	0.577229
NINERS	6	33	11	21.9104	0.324875	0.492849
NINES	5	67	25	48.9027	0.367509	0.505474
NINTH	5	23	0	16.319	0.0248464	0.0265139
NIP	3	128	32	97.3289	0.251941	0.330586
NIPA	4	55	1	42.1375	0.034279	0.0395414
NIPAS	5	27	0	19.3038	0.0215077	0.022708
NIPS	4	56	13	42.6218	0.234023	0.307054
NIPTER	6	11	0	7.31264	0.0332973	0.0402588
NIRL	4	85	0	62.9182	0.011464	0.0115508
NIRLS	5	39	0	28.5107	0.0153285	0.0157392
NIS	3	455	40	346.744	0.0898017	0.11718
NISEI	5	48	0	36.2779	0.0126111	0.0125023
NISH	4	112	2	85.9398	0.026049	0.031233
NISHES	6	20	0	13.3257	0.0198066	0.0234727
NISI	4	77	0	59.62	0.0125976	0.0121674
NISSE	5	59	0	43.92	0.0103652	0.0103983
NISUS	5	16	0	11.1293	0.0341137	0.037418
NIT	3	457	236	351.205	0.514787	0.670404
NITE	4	282	171	208.164	0.601665	0.816591
NITER	5	158	90	110.379	0.563796	0.808732
NITERS	6	84	47	60.7786	0.550262	0.765076
NITES	5	181	87	136.307	0.476908	0.634793
NITHER	6	24	0	14.3252	0.0167842	0.0219514
NITHERS	7	12	0	7.11841	0.0225179	0.0416117
NITON	5	40	0	29.3836	0.0149701	0.0152942
NITONS	6	15	0	7.40967	0.0255598	0.0397995
NITRATE	7	21	1	7.64185	0.0575879	0.156102
NITRATES	8	10	1	3.25392	0.111566	0.320909
NITRE	5	145	59	102.645	0.403608	0.571106
NITRES	6	84	34	55.4534	0.399473	0.607233
NITRO	5	92	9	64.2601	0.101725	0.144064
NITROS	6	40	3	22.4074	0.08149	0.142045
NITRY	5	19	0	13.8913	0.0294122	0.0306988
NITS	4	246	63	181.93	0.256174	0.346299
NITTY	5	13	0	8.66383	0.0406043	0.0465035
NOB	3	85	8	65.0665	0.10362	0.132166
NOBS	4	28	3	20.5844	0.125973	0.164922
NOCK	4	11	2	8.73758	0.20256	0.252412
NOD	3	226	92	178.308	0.405616	0.514739
NODAL	5	27	0	19.4223	0.0215077	0.0225793
NODE	4	134	69	102.535	0.507734	0.666209
NODES	5	68	38	49.6952	0.546015	0.751628
NODI	4	78	1	59.7874	0.024653	0.0282761
NODOSE	6	16	0	9.58078	0.0241564	0.0317062
NODS	4	71	26	54.5573	0.360712	0.471633
NODUS	5	10	0	7.89978	0.050145	0.0502875
NOEL	4	96	1	74.1003	0.0202113	0.0229694
NOELS	5	40	0	32.1409	0.0149701	0.0140402
NOES	4	187	17	147.927	0.0943882	0.118273
NOESIS	6	11	0	6.69557	0.0332973	0.0434473
NOETIC	6	12	0	6.73998	0.0309546	0.0432011
NOG	3	142	26	108.415	0.186584	0.243161
NOGS	4	43	14	32.6251	0.320203	0.424031
NOH	3	190	11	149.428	0.0629527	0.0783955
NOIL	4	80	21	63.4976	0.262429	0.33127
NOILS	5	31	9	23.3409	0.285487	0.381469
NOINT	5	29	1	19.8663	0.0516322	0.0689347
NOINTS	6	15	0	8.19524	0.0255598	0.0364344
NOIR	4	127	5	96.7338	0.0459814	0.0581584
NOIRS	5	47	2	32.3929	0.0530512	0.0729628
NOISE	5	87	14	63.9036	0.16309	0.221309
NOISED	6	26	2	16.239	0.0864826	0.134903
NOISES	6	24	6	13.7602	0.245674	0.426666
NOISY	5	13	0	9.09846	0.0406043	0.0445946
NOLE	4	130	43	99.3477	0.328734	0.431001
NOLES	5	86	34	64.9869	0.390235	0.51856
NOLL	4	34	8	27.4048	0.237941	0.295977
NOLLS	5	17	6	14.394	0.335914	0.407467
NOLO	4	51	0	36.1108	0.0185631	0.0196408
NOLOS	5	26	0	18.4598	0.0222554	0.0236687
NOM	3	150	35	121.397	0.235406	0.290463
NOMA	4	66	4	51.1936	0.0718002	0.0890545
NOMAD	5	13	0	8.95622	0.0406043	0.0452018
NOMAS	5	32	4	22.0259	0.133464	0.190178
NOME	4	66	20	51.5862	0.300681	0.386076
NOMEN	5	14	0	9.27793	0.0381827	0.0438513
NOMES	5	26	8	18.9234	0.300345	0.415032
NOMIC	5	11	0	7.04682	0.0465028	0.055312
NOMINA	6	13	0	5.15113	0.0289199	0.054189
NOMOI	5	12	0	8.7799	0.0433538	0.0459779
NOMOS	5	13	2	9.40948	0.167446	0.226819
NOMS	4	65	6	52.4862	0.101868	0.123544
NON	3	100	46	82.9867	0.454835	0.550752
NONA	4	60	0	47.2962	0.0159488	0.0151991
NONART	6	11	0	5.69214	0.0332973	0.04987
NONAS	5	22	0	15.4138	0.0258496	0.0279338
NONE	4	84	39	66.4888	0.455254	0.579024
NONES	5	54	24	41.2571	0.434054	0.572489
NONET	5	41	1	31.0589	0.0374759	0.04523
NONETS	6	27	1	16.3694	0.0492914	0.076639
NONG	4	30	2	22.9283	0.0890484	0.109664
NONI	4	64	0	48.9781	0.0150093	0.0146992
NONIS	5	38	0	26.6285	0.0157045	0.0167927
NOO	3	138	53	109.33	0.382297	0.483388
NOOB	4	23	0	17.1538	0.0378815	0.0389144
NOON	4	22	8	18.3228	0.348161	0.427186
NOONER	6	10	5	6.99985	0.445408	0.659436
NOONS	5	15	3	11.5879	0.20488	0.265501
NOOP	4	22	1	16.4505	0.077946	0.0941056
NOOSE	5	41	14	31.4263	0.334499	0.439667
NOOSED	6	12	1	5.97017	0.101311	0.189433
NOOSER	6	24	6	16.1004	0.245674	0.368601
NOPAL	5	19	0	14.0277	0.0294122	0.0304289
NOPALES	7	11	0	4.18239	0.024286	0.0656396
NOPE	4	43	10	33.7959	0.234925	0.298991
NOR	3	369	96	285.211	0.260746	0.337159
NORDIC	6	10	0	4.74439	0.0360236	0.0579631
NORI	4	161	4	119.202	0.0304369	0.0391521
NORIA	5	85	0	57.1992	0.00729466	0.00804551
NORIAS	6	34	0	17.5144	0.0121494	0.0181896
NORIS	5	78	1	54.0543	0.0203081	0.0265047
NORITE	6	48	0	25.3373	0.00876203	0.0128064
NORITES	7	28	0	7.75723	0.0104016	0.038542
NORK	4	29	4	21.7455	0.152535	0.198737
NORM	4	54	0	42.4529	0.0176014	0.0168489
NORMA	5	20	0	14.8673	0.0281204	0.028867
NORMS	5	17	0	12.2711	0.032388	0.0343132
NORSEL	6	39	0	27.3801	0.0106754	0.0118877
NORTH	5	46	0	31.8586	0.0131283	0.0141591
NORTHS	6	20	0	10.3108	0.0198066	0.029677
NOS	3	338	119	264.995	0.351693	0.448774
NOSE	4	202	95	154.644	0.466327	0.610629
NOSED	5	56	11	42.0035	0.198072	0.263768
NOSER	5	120	51	89.8733	0.420634	0.56338
NOSERS	6	31	21	22.4715	0.645521	0.905432
NOSES	5	51	24	40.4349	0.458272	0.583716
NOSEY	5	20	0	15.2198	0.0281204	0.028258
NOSH	4	75	17	60.8916	0.228365	0.281525
NOSHED	6	10	0	6.90246	0.0360236	0.0423235
NOSHER	6	11	3	5.80256	0.260339	0.483963
NOSIER	6	33	9	22.0434	0.268079	0.40358
NOSIES	6	31	0	18.5402	0.0132468	0.0172394
NOSIEST	7	16	0	5.42025	0.0174394	0.0527882
NOSING	6	12	2	6.95222	0.171666	0.290573
NOSTOI	6	14	0	9.27081	0.0271362	0.0326542
NOSY	4	39	0	31.2412	0.0237549	0.0225039
NOT	3	353	200	276.645	0.563944	0.720569
NOTA	4	164	1	120.748	0.0120259	0.0142521
NOTAL	5	53	0	37.2684	0.0114804	0.0121828
NOTATE	6	28	1	15.859	0.04766	0.078946
NOTATES	7	14	1	3.85351	0.0832058	0.28045
NOTCH	5	17	4	12.0726	0.234738	0.329746
NOTE	4	212	135	160.229	0.629995	0.835946
NOTED	5	59	12	43.0888	0.204642	0.279779
NOTER	5	121	79	89.0143	0.643466	0.878105
NOTERS	6	60	41	46.2712	0.666093	0.87273
NOTES	5	123	69	95.384	0.553721	0.71714
NOTHER	6	27	11	17.6546	0.3916	0.60471
NOTICE	6	12	0	5.47713	0.0309546	0.0515013
NOTING	6	11	0	4.94504	0.0332973	0.0560377
NOTT	4	59	17	44.2064	0.28645	0.382823
NOUL	4	40	1	31.1391	0.0459902	0.0526
NOULE	5	23	0	17.0982	0.0248464	0.0254024
NOULES	6	14	0	8.72297	0.0271362	0.0344762
NOULS	5	16	0	12.0555	0.0341137	0.0348594
NOUN	4	27	0	21.3254	0.0329786	0.0320035
NOUNS	5	13	0	9.30913	0.0406043	0.0437246
NOUP	4	15	0	11.3716	0.0539115	0.0555379
NOUS	4	56	1	43.0044	0.0337068	0.0387825
NOUT	4	60	10	44.9196	0.17243	0.228353
NOVA	4	16	0	12.1308	0.0512031	0.0525883
NOW	3	69	16	55.7706	0.236338	0.291533
NOWED	5	10	0	8.03858	0.050145	0.049555
NOWL	4	13	0	9.75262	0.0602896	0.063083
NOWN	4	13	0	11.2651	0.0602896	0.0559783
NOWS	4	21	4	16.0341	0.201532	0.26111
NOWT	4	24	2	18.6064	0.108195	0.132483
NOWTS	5	12	2	9.54599	0.178785	0.224013
NOY	3	74	7	57.2076	0.105418	0.132817
NOYES	5	12	0	9.78665	0.0433538	0.0418731
NOYS	4	28	6	21.8361	0.220002	0.281319
NTH	3	181	1	144.869	0.0118978	0.0128021
NUB	3	40	11	31.1993	0.278691	0.356428
NUBS	4	19	4	13.2201	0.219129	0.308871
NUDE	4	57	23	45.672	0.39437	0.496522
NUDER	5	25	7	17.6489	0.275148	0.390421
NUDES	5	27	13	21.0544	0.458223	0.597586
NUDEST	6	13	0	7.04083	0.0289199	0.0416037
NUDIE	5	12	1	8.79789	0.111069	0.1431
NUG	3	54	9	43.0355	0.176533	0.218761
NUGS	4	15	4	11.0635	0.265493	0.359226
NULL	4	18	6	14.1374	0.320435	0.414178
NULLA	5	10	0	6.91158	0.050145	0.0562024
NUN	3	36	6	28.5877	0.180999	0.223989
NUNS	4	23	2	18.1897	0.112216	0.135195
NUR	3	143	21	116.428	0.151246	0.184558
NURD	4	34	1	27.2077	0.05327	0.0596403
NURDS	5	14	1	10.1749	0.0978212	0.126208
NURL	4	28	0	22.2819	0.0319449	0.0307513
NURLS	5	17	0	11.2981	0.032388	0.0369239
NURR	4	19	0	15.1129	0.0444968	0.0435113
NURRS	5	12	0	8.15945	0.0433538	0.0489342
NURS	4	58	2	46.6871	0.0487715	0.056329
NURSE	5	35	1	26.7634	0.0434296	0.0521065
NURSED	6	14	0	7.96547	0.0271362	0.0373583
NUS	3	137	15	110.363	0.115069	0.141174
NUT	3	144	39	114.717	0.272033	0.341297
NUTRIA	6	16	0	7.94807	0.0241564	0.0374302
NUTS	4	69	21	53.5205	0.302025	0.390623
NYAH	4	18	0	14.115	0.0465282	0.0461786
NYAS	4	24	0	17.8693	0.036524	0.0375246
NYE	3	77	16	59.8329	0.212929	0.272423
NYED	4	21	1	17.6399	0.0810757	0.0884539
NYES	4	44	10	34.4452	0.230021	0.293688
NYS	3	67	0	51.0609	0.0169331	0.0165792
OAF	3	67	1	51.2614	0.0310633	0.0352441
OAFS	4	25	0	19.5854	0.0352604	0.0345639
OAK	3	36	1	25.8932	0.0552765	0.0671411
OAKS	4	10	0	6.88667	0.0732968	0.0830582
OAR	3	342	82	258.426	0.240617	0.318089
OARED	5	87	15	62.2317	0.17423	0.242809
OARIER	6	18	0	8.53515	0.0217663	0.0351485
OARIEST	7	21	0	3.30857	0.0136041	0.079261
OARING	6	13	2	7.64466	0.160383	0.267552
OARS	4	155	27	113.529	0.176327	0.239874
OARY	4	33	0	25.8235	0.027617	0.0268601
OASES	5	38	0	30.2604	0.0157045	0.0148718
OASIS	5	26	0	18.1015	0.0222554	0.0241016
OAST	4	154	24	116.032	0.158444	0.209413
OASTS	5	40	6	31.4585	0.155263	0.196434
OAT	3	346	134	261.606	0.386535	0.511415
OATEN	5	93	0	69.2589	0.0066853	0.0066741
OATER	5	119	52	85.4856	0.432301	0.603298
OATERS	6	57	24	44.5871	0.412744	0.532772
OATH	4	90	13	65.427	0.149291	0.203455
OATHS	5	33	5	23.2775	0.157691	0.220943
OATIER	6	43	2	27.7708	0.0539656	0.0810112
OATIEST	7	14	0	4.18269	0.0196559	0.0656357
OATS	4	191	50	141.705	0.261764	0.352762
OATY	4	32	0	26.0203	0.0283861	0.0266725
OBA	3	92	8	68.1083	0.0960461	0.126442
OBAS	4	45	5	31.8944	0.123079	0.168878
OBE	3	85	10	66.6725	0.12615	0.158147
OBEAH	5	10	0	7.05038	0.050145	0.055289
OBELI	5	11	0	8.23814	0.0465028	0.0485384
OBES	4	47	5	36.1533	0.118243	0.150108
OBESE	5	11	0	8.23023	0.0465028	0.0485779
OBI	3	62	0	46.9584	0.0182204	0.0179645
OBIAS	5	15	0	10.8727	0.0360337	0.0381945
OBIS	4	29	0	21.605	0.0309741	0.0316271
OBIT	4	24	0	18.0354	0.036524	0.0372162
OBLAST	6	11	0	7.53948	0.0332973	0.0392013
OBO	3	23	1	17.4166	0.0821195	0.0962473
OBOE	4	12	1	9.51248	0.126952	0.150021
OBOS	4	10	1	7.47618	0.145212	0.181709
OBS	3	82	2	61.883	0.0372898	0.0450169
OCA	3	164	2	126.944	0.0190639	0.0223268
OCAS	4	56	1	40.5002	0.0337068	0.0410588
OCEAN	5	23	0	17.5634	0.0248464	0.0247823
OCEANS	6	10	0	5.05829	0.0360236	0.0550065
OCH	3	116	24	91.5752	0.210389	0.265515
OCHE	4	51	21	41.4257	0.40104	0.499008
OCHER	5	25	2	19.8706	0.095083	0.115736
OCHERS	6	15	0	9.87532	0.0255598	0.0308549
OCHES	5	29	15	23.201	0.492332	0.626634
OCHRE	5	23	0	16.2568	0.0248464	0.0266069
OCHREA	6	12	0	7.52014	0.0309546	0.0392893
OCHRES	6	13	0	8.07271	0.0289199	0.0369214
OCREA	5	49	0	36.0605	0.0123675	0.0125747
OCTA	4	48	0	37.0303	0.019636	0.01918
OCTAL	5	12	0	8.50581	0.0433538	0.0472386
OCTAN	5	19	0	12.9914	0.0294122	0.0326065
OCTANE	6	10	0	4.4981	0.0360236	0.0605151
OCTAS	5	17	0	12.4669	0.032388	0.0338319
OCTET	5	18	0	13.3237	0.0308284	0.031875
ODA	3	200	5	150.303	0.0304184	0.0385856
ODAH	4	49	0	37.6654	0.0192649	0.0188742
ODAL	4	66	1	47.8176	0.028885	0.0350477
ODALS	5	28	0	20.8018	0.0208087	0.0211821
ODAS	4	81	0	59.7962	0.0120041	0.0121328
ODD	3	49	9	39.3943	0.19326	0.237941
ODDER	5	15	4	9.66155	0.261162	0.40104
ODDEST	6	12	0	7.32686	0.0309546	0.0401909
ODDS	4	19	4	15.9249	0.219129	0.262686
ODE	3	303	24	236.821	0.0821408	0.104127
ODEA	4	127	0	92.8762	0.00778588	0.0079098
ODEONS	6	12	0	8.14645	0.0309546	0.0366268
ODES	4	164	16	122.716	0.101362	0.134143
ODIC	4	40	0	32.1497	0.0232139	0.0219081
ODOR	4	49	2	37.7901	0.0570683	0.0688724
ODORS	5	23	2	17.6708	0.102463	0.129023
ODS	3	179	5	136.611	0.0339134	0.0423931
ODYL	4	12	0	10.0032	0.0640801	0.0617841
OECIST	6	15	0	8.01431	0.0255598	0.037158
OES	3	465	5	365.688	0.0132226	0.0159912
OESTRIN	7	18	0	6.30647	0.0156721	0.0462986
OFF	3	10	2	7.94756	0.232266	0.285783
OFT	3	56	4	43.6797	0.0869724	0.106555
OFTEN	5	10	1	8.63591	0.128468	0.145389
OFTER	5	21	3	16.9724	0.153159	0.188069
OGEE	4	26	0	20.4962	0.0340814	0.0331746
OGEES	5	18	0	14.7198	0.0308284	0.0291297
OGLE	4	38	0	28.7677	0.0243218	0.0243034
OGLED	5	15	0	10.1116	0.0360337	0.0407002
OGLER	5	20	0	13.0933	0.0281204	0.0323787
OGLES	5	17	0	12.9443	0.032388	0.0327128
OGRE	4	69	0	49.6181	0.01398	0.0145175
OGRES	5	40	0	27.8224	0.0149701	0.0161087
OHIA	4	66	0	51.688	0.0145799	0.0139595
OHING	5	17	0	11.2895	0.032388	0.0369488
OHM	3	88	0	67.9925	0.0130582	0.0125764
OHMS	4	29	0	23.9852	0.0309741	0.0287483
OHO	3	71	4	56.3545	0.0695244	0.0834648
OHS	3	214	2	163.968	0.0146868	0.0173503
OIK	3	27	1	20.5751	0.0714443	0.0828625
OIKS	4	11	1	7.88556	0.13547	0.174307
OIL	3	224	101	175.95	0.448691	0.572093
OILED	5	40	11	29.3637	0.272174	0.371826
OILER	5	47	22	33.2632	0.454918	0.646624
OILERS	6	32	15	21.9197	0.451284	0.666445
OILLET	6	13	0	6.34747	0.0289199	0.0454793
OILS	4	86	38	67.5751	0.434004	0.555666
OILY	4	21	1	17.3322	0.0810757	0.0898497
OINK	4	15	0	11.9877	0.0539115	0.05312
OINT	4	141	2	108.345	0.0208358	0.0249006
OINTED	6	25	0	15.9801	0.0161674	0.019824
OINTS	5	79	2	58.8086	0.0322895	0.0409991
OIS	3	312	3	241.792	0.0132956	0.0159144
OKA	3	34	0	24.3504	0.0317276	0.033298
OKAS	4	11	0	8.05788	0.0683793	0.0735417
OKE	3	38	9	29.1463	0.244154	0.315887
OKES	4	21	7	15.1336	0.321988	0.448136
OKRA	4	24	0	17.3494	0.036524	0.0385245
OKRAS	5	11	0	8.67911	0.0465028	0.0464336
OKTA	4	14	0	10.3614	0.0569224	0.060017
OLD	3	135	34	103.376	0.253645	0.330596
OLDE	4	84	28	62.5776	0.330119	0.444098
OLDEN	5	41	2	28.9359	0.0603239	0.0812528
OLDENS	6	16	0	10.8095	0.0241564	0.0284338
OLDER	5	43	17	29.1663	0.38543	0.56994
OLDEST	6	20	0	12.8164	0.0198066	0.024332
OLDIE	5	32	5	21.1099	0.162226	0.242134
OLDIES	6	12	2	6.62935	0.171666	0.302717
OLDS	4	47	6	36.4027	0.137888	0.175066
OLDY	4	13	0	9.16168	0.0602896	0.0663745
OLE	3	320	73	244.483	0.22917	0.299578
OLEA	4	133	1	99.2808	0.014749	0.017268
OLEATE	6	20	0	13.8064	0.0198066	0.0227156
OLEATES	7	14	0	6.59056	0.0196559	0.0445432
OLEIN	5	59	0	41.6719	0.0103652	0.0109399
OLEINS	6	22	0	13.0912	0.0181706	0.0238607
OLENT	5	47	0	34.4129	0.0128645	0.0131517
OLES	4	192	53	143.073	0.275741	0.370095
OLID	4	72	0	52.5647	0.0134274	0.0137359
OLIO	4	53	0	39.8974	0.0179107	0.0178726
OLIOS	5	23	0	16.3605	0.0248464	0.0264523
OLIVE	5	10	0	6.77249	0.050145	0.0571486
OLLA	4	51	0	37.5102	0.0185631	0.018948
OLLAS	5	23	0	15.6395	0.0248464	0.0275657
OLLER	5	26	0	18.6812	0.0222554	0.0234089
OLLERS	6	15	0	11.0553	0.0255598	0.0278587
OLLIE	5	27	0	19.639	0.0215077	0.0223478
OLLIES	6	16	0	9.32974	0.0241564	0.0324696
OLM	3	76	0	57.4756	0.0150226	0.0147951
OLMS	4	26	0	19.5423	0.0340814	0.0346326
OLPE	4	44	0	32.5968	0.0212756	0.0216262
OLPES	5	25	0	19.7317	0.0230568	0.0222501
OMA	3	174	5	136.921	0.0348672	0.0422986
OMAS	4	78	3	59.6777	0.0490715	0.0606668
OMEN	4	81	6	64.07	0.0826711	0.101937
OMENS	5	33	2	24.7376	0.0738162	0.0942593
OMENTA	6	19	0	10.5765	0.0207402	0.0290015
OMER	4	104	0	81.2472	0.00944544	0.00901257
OMERS	5	47	0	34.5947	0.0128645	0.0130855
OMIT	4	76	0	59.8217	0.0127553	0.0121278
OMITS	5	31	0	23.8653	0.01896	0.0186228
OMLAH	5	12	0	8.34061	0.0433538	0.0480325
OMS	3	156	4	124.227	0.0325365	0.0386344
ONCE	4	61	4	49.5495	0.0773313	0.0918857
ONCER	5	29	1	22.2542	0.0516322	0.062002
ONCERS	6	13	0	8.41057	0.0289199	0.0356091
ONCES	5	27	2	20.7608	0.0886947	0.111106
ONCET	5	24	0	18.1369	0.0239182	0.0240581
ONE	3	436	155	346.683	0.355182	0.446884
ONELY	5	14	0	9.18389	0.0381827	0.0442377
ONER	4	234	64	177.062	0.273299	0.361285
ONERS	5	110	29	81.4151	0.262843	0.355493
ONERY	5	26	0	18.5306	0.0222554	0.023585
ONES	4	267	82	203.628	0.306451	0.402113
ONESIE	6	30	0	17.9248	0.013658	0.0177972
ONESIES	7	13	0	3.09993	0.0209898	0.0833929
ONIE	4	202	2	153.572	0.0146631	0.0176693
ONION	5	19	0	12.6119	0.0294122	0.0334839
ONIUM	5	13	0	9.07415	0.0406043	0.0446972
ONLY	4	16	0	12.2355	0.0512031	0.0522059
ONNED	5	24	0	16.4009	0.0239182	0.0263926
ONO	3	107	6	85.6948	0.0649846	0.0783541
ONOS	4	65	4	51.0012	0.0728422	0.0893767
ONS	3	362	14	285.955	0.0415517	0.0516571
ONSET	5	127	0	97.1163	0.0049337	0.00478858
ONSETS	6	34	0	21.144	0.0121494	0.015221
ONSIDE	6	18	0	9.69963	0.0217663	0.0313571
ONST	4	184	0	141.227	0.00542408	0.00524265
ONSTEAD	7	10	0	3.55544	0.0263554	0.0748715
ONTIC	5	27	0	17.7771	0.0215077	0.0245074
ONTO	4	80	0	61.6051	0.0121472	0.0117886
ONUS	4	63	1	47.5574	0.0301802	0.0352312
ONY	3	70	1	54.3056	0.0298001	0.0333432
OOF	3	39	3	30.4814	0.0981608	0.119012
OOFS	4	11	3	8.76857	0.26965	0.343165
OOH	3	92	0	72.1194	0.0125128	0.0118774
OOHED	5	12	0	8.62736	0.0433538	0.0466711
OOHS	4	40	0	31.9916	0.0232139	0.0220094
OOM	3	65	0	53.7561	0.0174255	0.0157797
OOMS	4	23	0	18.3968	0.0378815	0.0365619
OON	3	138	9	109.33	0.0719358	0.0886535
OONS	4	66	5	51.7253	0.0861053	0.106732
OONT	4	59	0	47.0468	0.0162023	0.0152761
OOP	3	60	1	45.8205	0.0344731	0.0392426
OOPS	4	27	0	20.4302	0.0329786	0.0332716
OOR	3	161	7	123.91	0.0497563	0.0625322
OORALI	6	10	0	6.23093	0.0360236	0.0462027
OORIAL	6	14	0	7.06697	0.0271362	0.0414705
OORIE	5	30	0	21.5543	0.0195386	0.0204904
OORIEST	7	14	0	5.2722	0.0196559	0.0540539
OOS	3	150	8	116.105	0.0598188	0.0751171
OOSE	4	95	3	73.6996	0.040637	0.0494538
OOSES	5	24	1	18.8846	0.0612767	0.072256
OOSY	4	15	0	11.7503	0.0539115	0.0540265
OOT	3	154	9	120.754	0.0646406	0.0804124
OOTS	4	89	6	65.3082	0.0755524	0.100067
OPA	3	134	4	99.3664	0.0377321	0.0480967
OPAL	4	58	0	45.1628	0.0164641	0.0158842
OPALED	6	10	0	6.18782	0.0360236	0.0464761
OPALS	5	18	0	13.3162	0.0308284	0.0318912
OPAS	4	60	3	46.3896	0.0628933	0.0772699
OPE	3	147	44	110.215	0.299783	0.399477
OPED	4	36	2	25.3903	0.0756595	0.0998657
OPEN	4	54	11	42.291	0.207567	0.26435
OPENS	5	22	6	18.3543	0.268101	0.326149
OPERA	5	46	0	34.6017	0.0131283	0.0130829
OPERAS	6	15	0	10.6329	0.0255598	0.028862
OPES	4	79	17	57.5418	0.217347	0.297319
OPIATE	6	18	0	12.3591	0.0217663	0.0251591
OPINE	5	29	1	21.42	0.0516322	0.0642596
OPINES	6	16	1	8.90596	0.0790609	0.133829
OPING	5	14	0	8.26473	0.0381827	0.0484061
OPS	3	119	3	87.6592	0.0341969	0.043231
OPSIN	5	24	0	17.8783	0.0239182	0.0243794
OPT	3	113	19	85.6106	0.172975	0.226582
OPTED	5	14	0	9.69011	0.0381827	0.0422346
OPTER	5	27	6	19.0191	0.223069	0.315578
OPTERS	6	16	3	13.3344	0.18887	0.231357
OPTS	4	49	7	37.1754	0.151577	0.197047
OPUS	4	24	1	17.1491	0.0723595	0.0907015
ORA	3	434	75	319.299	0.17406	0.236072
ORACHES	7	11	0	4.44037	0.024286	0.06247
ORAD	4	108	1	77.3348	0.0180439	0.0220349
ORAL	4	146	20	106.236	0.140217	0.191436
ORALIST	7	11	0	3.332	0.024286	0.0788224
ORALS	5	59	10	41.1163	0.172262	0.24579
ORANG	5	37	0	23.8014	0.0160994	0.0186698
ORANGE	6	17	0	11.302	0.0228992	0.0273044
ORANT	5	72	0	47.6271	0.00856299	0.00961346
ORANTS	6	39	0	22.0817	0.0106754	0.0146052
ORARIA	6	12	0	6.44395	0.0309546	0.0448973
ORATE	5	138	38	96.0268	0.274496	0.394519
ORATED	6	41	6	26.3515	0.149027	0.230935
ORATES	6	82	22	53.1646	0.266465	0.411691
ORATING	7	11	0	5.859	0.024286	0.0493627
ORATOR	6	12	0	3.90818	0.0309546	0.0676493
ORB	3	112	6	85.1101	0.062178	0.0788792
ORBED	5	14	0	10.0364	0.0381827	0.0409658
ORBIT	5	12	0	8.9468	0.0433538	0.0452426
ORBS	4	37	4	26.2737	0.122703	0.167092
ORBY	4	10	0	7.37456	0.0732968	0.07881
ORC	3	165	1	123.979	0.0130257	0.0149226
ORCA	4	88	0	65.2843	0.0110898	0.0111455
ORCAS	5	30	0	22.4509	0.0195386	0.019723
ORCIN	5	20	0	12.9267	0.0281204	0.0327528
ORCINE	6	11	0	5.1708	0.0332973	0.054019
ORCINS	6	11	0	5.12311	0.0332973	0.0544332
ORCS	4	48	0	35.4898	0.019636	0.0199647
ORD	3	223	22	171.644	0.102299	0.131672
ORDAIN	6	11	0	7.36026	0.0332973	0.0400321
ORDEAL	6	19	0	9.90132	0.0207402	0.030782
ORDER	5	45	2	31.3982	0.0552724	0.0751694
ORDERS	6	29	2	20.5577	0.0781705	0.107997
ORDINAL	7	10	0	3.71272	0.0263554	0.0723198
ORDO	4	55	0	42.4941	0.0173026	0.0168334
ORDOS	5	25	0	18.6288	0.0230568	0.0234699
ORDS	4	96	15	74.1225	0.160344	0.206481
ORE	3	584	203	435.311	0.347412	0.466071
OREAD	5	77	0	57.0728	0.00802625	0.00806289
OREADES	7	11	0	3.57627	0.024286	0.0745231
OREADS	6	33	0	21.5576	0.0124944	0.0149431
OREIDES	7	10	0	2.84166	0.0263554	0.0891457
ORES	4	379	148	271.27	0.38918	0.544012
ORF	3	103	0	80.4036	0.0112237	0.0106854
ORFE	4	41	0	31.4408	0.0226969	0.0223702
ORFES	5	21	0	17.0797	0.0269372	0.0254278
ORFS	4	36	0	27.8648	0.0255408	0.0250341
ORG	3	122	3	95.279	0.0333812	0.0398495
ORGAN	5	24	0	16.116	0.0239182	0.0268197
ORGEAT	6	13	0	8.05071	0.0289199	0.0370101
ORGS	4	42	1	32.3845	0.0439865	0.0507037
ORIEL	5	49	0	36.0432	0.0123675	0.0125805
ORIENT	6	39	0	22.0099	0.0106754	0.0146506
ORIENTS	7	22	0	8.62726	0.013031	0.0350231
ORIGAN	6	13	0	7.15266	0.0289199	0.0410397
ORIOLE	6	13	0	6.25885	0.0289199	0.0460273
ORIOLES	7	10	0	3.47037	0.0263554	0.076328
ORISHA	6	11	0	4.70116	0.0332973	0.0583953
ORLE	4	129	31	96.406	0.240918	0.322123
ORLES	5	84	21	65.3194	0.249404	0.321395
ORLOP	5	11	0	8.771	0.0465028	0.0460177
ORMER	5	25	0	17.6863	0.0230568	0.0246234
ORMERS	6	17	0	11.2818	0.0228992	0.0273487
ORNATE	6	33	0	18.6602	0.0124944	0.0171346
ORNIS	5	66	0	45.3606	0.00931012	0.0100785
ORPIN	5	14	0	9.04616	0.0381827	0.044816
ORRA	4	74	0	54.162	0.0130827	0.0133464
ORRIS	5	33	0	22.5107	0.0178998	0.0196738
ORS	3	418	45	303.699	0.109534	0.150021
ORT	3	408	73	303.636	0.180194	0.241624
ORTHO	5	26	0	18.2902	0.0222554	0.0238716
ORTS	4	231	47	168.831	0.204419	0.279258
OSAR	4	172	0	128.017	0.0057941	0.00577464
OSE	3	509	32	390.571	0.0647431	0.0837315
OSES	4	127	10	96.3433	0.084177	0.109146
OSETRA	6	70	0	46.3872	0.00609266	0.0071291
OSIER	5	87	0	63.5688	0.00713214	0.00725782
OSIERS	6	36	0	23.5238	0.0115135	0.0137497
OSMIATE	7	11	0	3.04993	0.024286	0.0844479
OSSA	4	62	0	47.8129	0.0154648	0.0150419
OSSEIN	6	17	0	9.08909	0.0228992	0.0332368
OSTEAL	6	46	0	27.3033	0.0091255	0.0119198
OSTENT	6	30	0	17.544	0.013658	0.0181607
OSTIATE	7	10	0	4.15154	0.0263554	0.0660403
OSTIUM	6	10	0	3.94932	0.0360236	0.0670977
OSTLER	6	31	0	21.6147	0.0132468	0.0149055
OTARINE	7	10	0	4.91336	0.0263554	0.0573893
OTHER	5	61	26	46.048	0.41777	0.556865
OTHERS	6	31	15	24.5577	0.464871	0.597913
OTTAR	5	39	0	27.8088	0.0153285	0.0161162
OTTARS	6	18	0	10.7067	0.0217663	0.0286814
OTTER	5	58	22	40.9053	0.37257	0.530064
OTTERS	6	30	14	25.0006	0.448259	0.549445
OTTO	4	25	1	20.8153	0.0698562	0.0762308
OTTOS	5	12	1	9.74424	0.111069	0.131045
OUCH	4	12	2	9.21043	0.189825	0.241919
OUD	3	97	5	73.9317	0.0615098	0.0773246
OUDS	4	32	2	25.9026	0.0840883	0.098043
OUK	3	15	1	11.4808	0.117119	0.1382
OULD	4	25	0	18.3628	0.0352604	0.0366225
OULDER	6	12	0	7.23953	0.0309546	0.0406119
OUMA	4	27	0	21.8502	0.0329786	0.0313041
OUMAS	5	11	0	8.41572	0.0465028	0.0476682
OUNCE	5	11	0	8.63366	0.0465028	0.046642
OUP	3	53	6	38.5501	0.126798	0.169144
OUPA	4	20	0	15.6664	0.0426355	0.0421607
OUPH	4	10	0	7.2591	0.0732968	0.0797756
OUPS	4	24	4	17.5138	0.179866	0.241475
OUR	3	138	30	106.714	0.220063	0.28371
OURIE	5	28	0	20.0325	0.0208087	0.0219392
OURN	4	46	4	36.5871	0.100575	0.122622
OURS	4	69	8	51.3759	0.123711	0.163462
OUS	3	152	56	116.535	0.367197	0.479321
OUSEL	5	27	0	21.8607	0.0215077	0.0202215
OUST	4	81	43	60.6584	0.518451	0.696433
OUSTED	6	12	4	8.47242	0.312378	0.453433
OUSTER	6	27	13	20.3245	0.460061	0.622707
OUSTERS	7	12	5	8.17474	0.386534	0.587613
OUSTS	5	28	16	22.931	0.540835	0.674513
OUT	3	148	74	110.824	0.495475	0.662904
OUTA	4	67	0	49.7034	0.0143743	0.0144936
OUTATE	6	10	0	6.30322	0.0360236	0.0457513
OUTED	5	30	2	23.8579	0.0805744	0.0975305
OUTER	5	47	28	37.1809	0.575479	0.736271
OUTERS	6	27	18	21.1485	0.631215	0.824419
OUTHER	6	10	0	6.68388	0.0360236	0.0435126
OUTING	6	10	1	5.39309	0.117901	0.20628
OUTRAN	6	17	0	8.46539	0.0228992	0.035405
OUTRE	5	46	9	34.0692	0.197677	0.266379
OUTRED	6	14	0	9.43423	0.0271362	0.0321474
OUTRO	5	13	0	9.87514	0.0406043	0.041547
OUTS	4	89	34	68.5311	0.376935	0.491571
OUTSAT	6	10	0	7.44328	0.0360236	0.0396429
OUTSEE	6	10	0	7.62292	0.0360236	0.0388261
OUTSIN	6	16	0	10.6314	0.0241564	0.0288656
OUTSING	7	10	0	3.95644	0.0263554	0.068692
OVA	3	39	2	30.2804	0.07478	0.0889022
OVAL	4	14	1	11.4961	0.112772	0.128236
OVATE	5	12	0	9.57154	0.0433538	0.0426873
OVEL	4	19	0	15.5758	0.0444968	0.0423759
OVELS	5	13	0	10.6819	0.0406043	0.0387932
OVEN	4	24	4	19.0219	0.179866	0.224286
OVENS	5	12	1	9.56187	0.111069	0.133208
OVER	4	39	23	30.6287	0.559819	0.724294
OVERS	5	19	11	15.2107	0.534748	0.68693
OVERT	5	20	2	15.7734	0.115964	0.143205
OWE	3	79	42	61.8172	0.521907	0.670512
OWED	4	28	6	21.2965	0.220002	0.28779
OWER	4	50	27	36.9836	0.519786	0.708897
OWES	4	49	18	37.4113	0.359496	0.473822
OWIE	4	21	0	15.5847	0.0409235	0.0423547
OWIES	5	17	0	13.2751	0.032388	0.0319799
OWL	3	37	6	28.6346	0.176559	0.223647
OWLED	5	11	0	8.83158	0.0465028	0.0457477
OWLER	5	12	0	9.93422	0.0433538	0.0413322
OWLS	4	12	5	9.67029	0.378441	0.486015
OWN	3	55	26	44.9151	0.462792	0.571325
OWNED	5	10	3	7.59198	0.285113	0.38232
OWNER	5	19	16	15.9495	0.764447	0.944538
OWNERS	6	10	8	8.19087	0.691039	0.897909
OWNS	4	19	9	15.5362	0.437419	0.550933
OWRE	4	38	14	29.8009	0.358409	0.461495
OWRES	5	25	7	20.3154	0.275148	0.342676
OWRIE	5	18	0	14.0775	0.0308284	0.0303316
OWSE	4	53	5	40.5287	0.105776	0.134724
OWT	3	67	20	53.5388	0.299538	0.375065
OWTS	4	38	11	29.7782	0.286819	0.367904
OYE	3	79	3	62.5417	0.050723	0.0600194
OYER	4	38	0	29.0461	0.0243218	0.0240866
OYERS	5	21	0	15.1966	0.0269372	0.0282974
OYES	4	39	1	31.4183	0.0470621	0.0521626
OYS	3	77	5	61.7631	0.0767406	0.0920496
OYSTER	6	17	0	11.2655	0.0228992	0.0273849
PAAL	4	20	2	15.3943	0.126299	0.156719
PAAN	4	20	0	15.3106	0.0426355	0.0430191
PAC	3	65	36	50.6374	0.540908	0.698862
PACA	4	12	0	8.927	0.0640801	0.0677789
PACE	4	34	24	26.8695	0.660046	0.852516
PACER	5	19	13	14.2811	0.626628	0.854237
PACES	5	20	10	16.1014	0.467339	0.595304
PACO	4	21	0	15.239	0.0409235	0.0431961
PACS	4	23	7	17.0647	0.298053	0.40313
PACT	4	23	7	17.3464	0.298053	0.39731
PAD	3	70	19	51.7686	0.273801	0.36883
PADI	4	28	0	20.1305	0.0319449	0.0337188
PADIS	5	11	0	7.08577	0.0465028	0.0550608
PADRE	5	14	0	9.28459	0.0381827	0.0438242
PADS	4	31	9	22.1182	0.28704	0.401597
PAEAN	5	13	0	10.6108	0.0406043	0.039021
PAEON	5	16	0	11.9274	0.0341137	0.0351922
PAGE	4	27	19	20.1409	0.64776	0.885525
PAGER	5	14	9	10.3883	0.574929	0.79744
PAGERS	6	10	6	6.79195	0.527285	0.803598
PAGES	5	16	11	12.3966	0.620228	0.826137
PAGLE	5	14	0	10.8584	0.0381827	0.0382387
PAH	3	101	9	76.097	0.0973402	0.126313
PAHS	4	37	3	28.6128	0.0982566	0.121901
PAID	4	30	5	22.0592	0.17753	0.237446
PAIL	4	40	16	29.997	0.387635	0.520868
PAILS	5	10	4	7.20824	0.363436	0.514153
PAIN	4	45	26	33.6944	0.55248	0.746033
PAINED	6	11	3	5.95248	0.260339	0.473669
PAINS	5	21	7	15.7361	0.321455	0.433773
PAINT	5	20	10	14.4633	0.467339	0.656431
PAINTS	6	11	5	5.75846	0.4117	0.778869
PAIR	4	59	23	43.4448	0.381831	0.520769
PAIRE	5	36	16	25.8734	0.42923	0.60198
PAIRED	6	13	5	8.45566	0.357577	0.558925
PAIRER	6	11	6	6.04809	0.48738	0.887274
PAIRES	6	18	6	11.5942	0.318598	0.499493
PAIRS	5	24	6	16.99	0.248069	0.350228
PAIS	4	59	16	43.5731	0.270553	0.36626
PAISA	5	10	0	6.42394	0.050145	0.0596655
PAISE	5	39	7	27.4858	0.182922	0.257877
PAK	3	12	3	8.90344	0.266221	0.351617
PAL	3	136	82	103.418	0.595251	0.7852
PALAS	5	17	1	10.8614	0.0829756	0.119193
PALATE	6	10	0	6.23034	0.0360236	0.0462064
PALE	4	80	53	58.8999	0.643812	0.880251
PALEA	5	19	0	13.5925	0.0294122	0.031307
PALED	5	24	6	16.9096	0.248069	0.351759
PALER	5	41	22	28.0299	0.517282	0.761257
PALES	5	49	27	35.5164	0.533928	0.742365
PALEST	6	20	4	13.1475	0.199878	0.304602
PALET	5	35	17	25.3183	0.467072	0.651747
PALETS	6	23	13	15.3527	0.533048	0.810927
PALI	4	55	3	40.2801	0.0682318	0.0883923
PALIER	6	14	0	9.47048	0.0271362	0.0320371
PALIS	5	28	0	19.5571	0.0208087	0.0224347
PALL	4	24	17	17.3608	0.645728	0.909181
PALLS	5	12	5	8.79533	0.381931	0.532042
PALM	4	22	2	16.5458	0.116548	0.147073
PALP	4	11	1	8.61464	0.13547	0.162517
PALS	4	49	12	35.5067	0.246085	0.338504
PALSA	5	14	0	9.17671	0.0381827	0.0442675
PALTER	6	17	8	12.2352	0.439274	0.625502
PALY	4	19	1	14.5679	0.0881549	0.104694
PAM	3	71	21	54.9974	0.296888	0.382992
PAMS	4	25	7	19.6266	0.277431	0.355734
PAN	3	115	90	87.9093	0.767856	1
PANCE	5	11	4	7.75798	0.337038	0.483589
PAND	4	24	16	17.5253	0.609892	0.850793
PANE	4	71	44	53.287	0.601015	0.807048
PANED	5	24	4	15.2642	0.173352	0.26693
PANEER	6	11	0	7.19942	0.0332973	0.0408083
PANEL	5	25	0	18.5963	0.0230568	0.0235079
PANELS	6	19	0	11.7226	0.0207402	0.0264084
PANES	5	43	28	32.6803	0.625774	0.833245
PANG	4	24	16	18.4823	0.609892	0.81136
PANIER	6	18	0	9.75357	0.0217663	0.0312012
PANNI	5	10	2	5.83712	0.20679	0.337406
PANS	4	60	24	45.6891	0.391505	0.517242
PANT	4	48	29	36.5023	0.578346	0.769445
PANTED	6	14	7	9.1752	0.458877	0.714494
PANTER	6	23	15	16.4622	0.612371	0.873596
PANTERS	7	15	9	7.96209	0.556255	1
PANTIE	6	11	2	6.1849	0.184658	0.321197
PANTO	5	20	0	15.4242	0.0281204	0.0279165
PANTOS	6	10	0	6.47413	0.0360236	0.0447183
PANTS	5	25	9	19.7948	0.347175	0.445024
PAOLI	5	14	0	11.7284	0.0381827	0.0357219
PAP	3	22	14	18.1486	0.589765	0.733627
PAPE	4	15	12	11.5953	0.688655	0.926757
PAPER	5	12	9	9.5436	0.652793	0.858492
PAPES	5	11	2	8.98917	0.19177	0.235916
PAPS	4	14	4	11.2302	0.28032	0.354757
PAR	3	185	145	137.904	0.774478	1
PARA	4	47	6	33.7074	0.137888	0.18822
PARAE	5	21	0	13.7272	0.0269372	0.0310299
PARAS	5	23	3	17.2013	0.141271	0.185765
PARD	4	40	10	30.2995	0.250977	0.331192
PARDI	5	13	1	8.76439	0.104025	0.143567
PARDS	5	13	4	8.92669	0.294288	0.429332
PARE	4	126	89	91.8774	0.69296	0.954383
PARED	5	34	6	22.7214	0.1806	0.26732
PAREN	5	42	2	29.794	0.0589764	0.0790242
PARENS	6	25	1	15.7565	0.052914	0.0794262
PARENT	6	18	2	11.4872	0.12071	0.185848
PAREO	5	44	1	31.3175	0.035072	0.0448735
PAREOS	6	19	0	11.1073	0.0207402	0.0277399
PARER	5	27	7	17.7132	0.256662	0.389113
PARERS	6	11	1	7.45646	0.108978	0.156511
PARES	5	74	53	52.1106	0.698735	0.997605
PAREU	5	13	0	9.58004	0.0406043	0.0426546
PARGE	5	15	10	10.739	0.598853	0.856344
PARGES	6	11	7	6.9297	0.563061	0.914409
PARGO	5	12	0	8.60636	0.0433538	0.0467682
PARIES	6	19	1	10.5065	0.0678801	0.115366
PARING	6	10	3	5.16507	0.281654	0.533241
PARIS	5	39	5	26.5229	0.135038	0.195346
PARISH	6	12	0	5.5847	0.0309546	0.0506721
PARLE	5	26	12	19.7509	0.43939	0.587181
PARLES	6	17	10	11.1253	0.543368	0.845964
PAROL	5	30	3	21.3003	0.111092	0.152354
PAROLE	6	22	3	11.971	0.142069	0.255497
PAROLES	7	11	3	3.42866	0.259845	0.769758
PAROLS	6	11	1	6.23463	0.108978	0.182599
PARP	4	12	2	9.27258	0.189825	0.240605
PARR	4	25	6	18.0571	0.242835	0.333892
PARS	4	72	47	53.2779	0.63262	0.86129
PARSE	5	49	33	34.2448	0.649831	0.936686
PARSED	6	18	8	11.2959	0.417542	0.672918
PARSER	6	14	3	8.64136	0.212168	0.342866
PART	4	87	55	63.3121	0.616237	0.851479
PARTAN	6	10	0	5.08837	0.0360236	0.054739
PARTED	6	20	9	12.2008	0.424967	0.702329
PARTER	6	14	8	10.9481	0.520554	0.692348
PARTI	5	31	4	21.2179	0.137416	0.196945
PARTIS	6	14	2	8.02629	0.150491	0.256359
PARTON	6	10	0	5.95287	0.0360236	0.0480253
PARTS	5	40	26	28.5069	0.622906	0.882499
PARTY	5	10	0	7.0496	0.050145	0.055294
PAS	3	165	110	124.862	0.658874	0.873092
PASE	4	96	43	72.3393	0.440609	0.587244
PASEO	5	35	0	26.446	0.0169519	0.0169024
PASES	5	20	6	14.8937	0.291652	0.395041
PASH	4	36	23	26.8034	0.601906	0.81994
PASS	4	23	11	18.2532	0.446723	0.575576
PASSE	5	17	9	12.6219	0.487677	0.671223
PASSER	6	10	4	6.77748	0.363531	0.551048
PAST	4	74	47	53.9803	0.616379	0.850514
PASTA	5	23	2	16.3834	0.102463	0.138317
PASTE	5	48	32	34.4534	0.642933	0.903426
PASTED	6	16	10	11.2865	0.573201	0.83495
PASTEL	6	14	2	9.2486	0.150491	0.226067
PASTER	6	32	20	22.2262	0.597425	0.872078
PASTERS	7	11	5	6.60562	0.416884	0.710422
PASTES	6	13	7	9.70596	0.489039	0.679386
PASTIE	6	14	2	8.75654	0.150491	0.237358
PASTOR	6	11	2	6.82455	0.184658	0.295257
PASTY	5	11	0	7.59504	0.0465028	0.0519743
PAT	3	149	107	110.562	0.708243	0.957255
PATE	4	95	70	68.3757	0.718053	1
PATED	5	26	6	16.8286	0.230823	0.353314
PATEN	5	42	0	30.0725	0.0143013	0.0149603
PATENS	6	22	0	13.5765	0.0181706	0.0230715
PATER	5	59	40	41.6674	0.657953	0.937782
PATERA	6	18	0	12.4044	0.0217663	0.0250747
PATERS	6	32	24	25.1398	0.714338	0.927692
PATES	5	61	26	44.3982	0.41777	0.576886
PATH	4	47	10	34.7804	0.216465	0.291024
PATHS	5	20	6	16.5321	0.291652	0.359128
PATIN	5	22	4	14.792	0.18735	0.274672
PATINE	6	13	1	7.49505	0.0946513	0.155808
PATINS	6	10	2	5.37255	0.199777	0.361536
PATIO	5	23	0	16.6062	0.0248464	0.0260931
PATIOS	6	10	0	6.76852	0.0360236	0.0430443
PATS	4	75	29	53.8731	0.380446	0.530928
PATU	4	28	0	20.7271	0.0319449	0.0328399
PATUS	5	11	0	7.47304	0.0465028	0.0526818
PATY	4	15	1	12.1042	0.106807	0.122771
PAUA	4	11	0	8.4616	0.0683793	0.0707475
PAUL	4	22	2	17.3302	0.116548	0.141156
PAULS	5	11	0	7.41615	0.0465028	0.0530183
PAUSE	5	18	7	12.1152	0.367891	0.549219
PAUSER	6	11	4	6.95265	0.336019	0.539055
PAV	3	14	3	11.3326	0.236258	0.288204
PAW	3	36	19	26.2831	0.507877	0.699576
PAWL	4	13	2	9.89	0.178596	0.228281
PAWN	4	10	3	6.69028	0.289042	0.423711
PAWS	4	20	9	14.4166	0.419121	0.588135
PAY	3	41	18	32.7147	0.42882	0.541782
PAYER	5	10	6	7.59441	0.520081	0.712456
PAYS	4	18	6	14.416	0.320435	0.407216
PEA	3	174	135	128.843	0.766148	1
PEACE	5	15	3	12.7444	0.20488	0.24393
PEACH	5	10	6	8.38151	0.520081	0.655649
PEAG	4	22	1	15.8239	0.077946	0.0973836
PEAL	4	58	24	40.7229	0.404153	0.577137
PEALS	5	22	13	15.1022	0.550727	0.811962
PEAN	4	73	35	53.5866	0.468358	0.641278
PEANS	5	41	22	32.3119	0.517282	0.664822
PEAR	4	106	64	77.1742	0.591593	0.816146
PEARE	5	43	25	32.6366	0.560226	0.746405
PEARES	6	30	19	20.071	0.603474	0.913629
PEARL	5	20	6	14.3506	0.291652	0.408584
PEARS	5	44	26	31.1889	0.569629	0.810071
PEARST	6	19	2	11.8267	0.11502	0.180965
PEART	5	48	7	33.8808	0.150494	0.211254
PEAS	4	97	28	72.3226	0.287589	0.385998
PEASE	5	44	15	34.8527	0.334424	0.425731
PEASED	6	13	4	7.96014	0.291845	0.479083
PEASEN	6	16	0	9.74834	0.0241564	0.0312162
PEASES	6	10	5	7.84392	0.445408	0.597173
PEASON	6	13	0	6.95692	0.0289199	0.0420372
PEAT	4	83	34	60.5919	0.402958	0.553759
PEATS	5	47	21	35.6642	0.434825	0.577923
PEBA	4	18	0	12.7387	0.0465282	0.0504431
PEC	3	54	6	39.8638	0.124603	0.163854
PECS	4	23	2	15.7501	0.112216	0.153606
PED	3	120	16	88.6823	0.138954	0.185886
PEDAL	5	21	1	13.7214	0.0690112	0.0967821
PEDES	5	18	1	11.9478	0.0789802	0.109556
PEDI	4	39	0	27.4822	0.0237549	0.0253572
PEDIS	5	15	0	10.6947	0.0360337	0.0387526
PEDROS	6	10	0	6.41371	0.0360236	0.0450781
PEDS	4	50	5	32.8974	0.111663	0.164047
PEE	3	89	64	66.5775	0.702794	0.944227
PEED	4	36	7	25.1017	0.200956	0.284302
PEEL	4	34	15	24.3049	0.422612	0.595098
PEELS	5	16	11	12.5047	0.620228	0.819754
PEEN	4	46	25	34.1583	0.521372	0.708974
PEENS	5	25	17	20.7277	0.635279	0.78641
PEER	4	60	24	44.0559	0.391505	0.535518
PEERS	5	34	17	26.6232	0.479776	0.621495
PEES	4	57	14	40.3632	0.2466	0.346876
PEG	3	42	2	30.3693	0.0698786	0.0886591
PEGS	4	18	1	12.3664	0.0921792	0.120556
PEH	3	98	3	72.8242	0.0412533	0.0517865
PEHS	4	42	1	29.8115	0.0439865	0.0547838
PEIN	4	83	8	63.5663	0.103782	0.133146
PEINED	6	12	0	7.94081	0.0309546	0.0374602
PEINS	5	38	5	28.543	0.138351	0.182206
PEISE	5	26	0	19.7672	0.0222554	0.0222129
PEL	3	134	36	98.0684	0.270003	0.368064
PELA	4	75	6	53.1776	0.0889574	0.122001
PELAGE	6	10	0	5.46407	0.0360236	0.0516039
PELAS	5	39	1	26.876	0.0392704	0.0518997
PELAU	5	14	0	10.3761	0.0381827	0.039793
PELE	4	34	6	26.0677	0.185178	0.239153
PELES	5	20	1	15.6357	0.0720423	0.085964
PELL	4	27	11	20.3705	0.388905	0.521494
PELLS	5	10	4	8.16915	0.363436	0.463004
PELON	5	22	0	15.0972	0.0258496	0.0284669
PELONS	6	13	0	7.13294	0.0289199	0.041138
PELS	4	65	10	47.2547	0.159918	0.217564
PELT	4	49	16	37.0754	0.321692	0.426909
PELTA	5	31	1	22.4376	0.0485741	0.0615269
PELTAS	6	14	0	10.4273	0.0271362	0.0293768
PELTER	6	11	3	7.65192	0.260339	0.381647
PELTS	5	27	9	20.3401	0.323849	0.433907
PEN	3	167	105	129.903	0.621879	0.801894
PENAL	5	26	2	18.5578	0.0917778	0.123315
PEND	4	45	24	35.5677	0.511585	0.655989
PENDS	5	21	11	16.7209	0.489751	0.629965
PENE	4	44	12	34.8289	0.27177	0.344706
PENED	5	16	0	11.2145	0.0341137	0.0371668
PENES	5	28	9	23.796	0.313323	0.374604
PENGO	5	10	0	7.68157	0.050145	0.0514839
PENI	4	76	7	58.9593	0.100359	0.126821
PENIE	5	15	0	11.254	0.0360337	0.0370516
PENIS	5	29	4	20.7974	0.146068	0.20066
PENK	4	10	0	7.6233	0.0732968	0.0768071
PENNA	5	15	0	10.361	0.0360337	0.0398435
PENNE	5	11	3	8.39096	0.264404	0.351405
PENNI	5	14	0	10.0778	0.0381827	0.0408192
PENS	4	81	25	62.703	0.30645	0.396992
PENT	4	75	45	59.0595	0.583221	0.747287
PENTS	5	35	21	26.5804	0.572983	0.764943
PEON	4	50	7	39.4897	0.148765	0.186099
PEONS	5	24	4	17.6832	0.173352	0.233252
PEP	3	24	4	17.982	0.187192	0.242655
PEPO	4	11	0	7.77817	0.0683793	0.0756107
PEPS	4	13	2	8.9402	0.178596	0.247807
PER	3	252	101	183.713	0.399571	0.548195
PERAI	5	38	0	26.3317	0.0157045	0.0169718
PERAIS	6	18	0	9.79475	0.0217663	0.0310832
PERC	4	40	0	28.1343	0.0232139	0.0248114
PERCH	5	11	0	8.0982	0.0465028	0.0492468
PERCS	5	20	0	14.1931	0.0281204	0.0301081
PERDIE	6	11	0	8.21763	0.0332973	0.0363468
PERDU	5	11	0	6.97591	0.0465028	0.0557753
PERE	4	79	24	58.1698	0.301781	0.410246
PEREA	5	41	0	30.4416	0.014628	0.0147874
PEREIA	6	15	0	9.68251	0.0255598	0.0314069
PERES	5	47	18	36.7363	0.374545	0.483233
PERI	4	107	2	77.1909	0.0272233	0.0346764
PERIL	5	28	0	20.0854	0.0208087	0.0218854
PERILS	6	11	0	7.30333	0.0332973	0.0403035
PERIS	5	54	1	37.813	0.0288938	0.0374574
PERISH	6	15	0	9.61439	0.0255598	0.0316067
PERK	4	11	2	7.80681	0.20256	0.275974
PERM	4	37	5	28.8138	0.14715	0.185672
PERMS	5	14	2	9.62536	0.15746	0.222413
PERN	4	69	8	51.4464	0.123711	0.163247
PERNOD	6	10	0	7.17571	0.0360236	0.0409253
PERNS	5	29	2	23.9334	0.0831107	0.097241
PEROG	5	12	0	8.52935	0.0433538	0.0471276
PERP	4	24	0	16.7042	0.036524	0.0398418
PERSE	5	48	1	36.802	0.0323086	0.0384463
PERSES	6	12	0	9.60171	0.0309546	0.0316441
PERST	5	65	1	47.3395	0.0242038	0.0301496
PERT	4	114	35	83.0166	0.305493	0.419716
PERTS	5	57	21	41.8048	0.362073	0.495954
PERUSE	6	10	0	7.51931	0.0360236	0.039293
PERV	4	11	0	8.21401	0.0683793	0.0724353
PES	3	235	76	174.879	0.323317	0.434323
PESADE	6	13	0	8.45204	0.0289199	0.0354545
PESETA	6	26	0	17.9483	0.0155944	0.0177752
PESO	4	82	0	58.827	0.0118644	0.0123256
PESOS	5	15	0	10.7924	0.0360337	0.0384442
PEST	4	121	57	86.1298	0.464506	0.654084
PESTER	6	25	9	17.8293	0.346886	0.493448
PESTO	5	48	4	34.6538	0.0914014	0.123733
PESTOS	6	11	1	8.71672	0.108978	0.13641
PESTS	5	17	8	13.504	0.437089	0.56504
PET	3	198	67	149.249	0.338	0.448405
PETAL	5	36	5	26.3022	0.145488	0.196897
PETALS	6	12	2	8.92665	0.171666	0.233329
PETAR	5	55	1	38.8001	0.0283936	0.0365397
PETARA	6	12	0	7.22655	0.0309546	0.0406753
PETARD	6	14	0	9.7565	0.0271362	0.0311928
PETARS	6	23	1	14.9203	0.0571113	0.0835735
PETER	5	38	1	27.5271	0.0402337	0.0507351
PETERS	6	19	0	15.1064	0.0207402	0.020893
PETIT	5	16	1	12.4363	0.0873968	0.105713
PETRE	5	37	0	27.6885	0.0160994	0.0161827
PETRES	6	18	0	12.0138	0.0217663	0.0258218
PETRI	5	41	0	30.2628	0.014628	0.0148707
PETS	4	112	34	81.5806	0.302136	0.414972
PETTI	5	14	2	9.68736	0.15746	0.22118
PETTO	5	11	0	8.21907	0.0465028	0.0486338
PEW	3	28	7	20.8619	0.258052	0.342712
PEWS	4	16	6	11.4007	0.352631	0.497735
PHARE	5	23	8	16.9	0.335313	0.460696
PHARES	6	16	6	10.1783	0.353583	0.562223
PHASE	5	29	8	22.2023	0.271982	0.357594
PHASER	6	22	5	14.7097	0.224667	0.337765
PHASES	6	10	4	8.29287	0.363531	0.462105
PHAT	4	44	4	31.7429	0.104774	0.14014
PHEER	5	12	0	9.72404	0.0433538	0.0421068
PHEERS	6	10	0	7.62086	0.0360236	0.0388353
PHI	3	66	7	49.1394	0.117505	0.153716
PHIS	4	35	2	26.15	0.0776042	0.0971862
PHO	3	58	5	44.5836	0.100345	0.125897
PHON	4	17	2	13.2669	0.144423	0.178325
PHOS	4	24	0	18.9592	0.036524	0.0355885
PHOT	4	26	2	20.5892	0.100959	0.120938
PHOTS	5	14	1	11.3733	0.0978212	0.11445
PHT	3	60	0	46.4708	0.0187918	0.0181448
PIA	3	108	5	81.1877	0.0554562	0.070591
PIAL	4	39	1	28.9172	0.0470621	0.0563601
PIAN	4	41	2	31.0197	0.0672351	0.0829241
PIANI	5	11	0	7.40055	0.0465028	0.0531113
PIANO	5	12	0	9.11407	0.0433538	0.0445289
PIANS	5	20	0	13.9879	0.0281204	0.0305072
PIAS	4	51	2	37.1176	0.0549895	0.0700515
PIASTER	7	12	0	5.49787	0.0225179	0.052148
PIC	3	43	19	33.0954	0.431864	0.56431
PICA	4	13	0	10.2021	0.0602896	0.06079
PICE	4	28	11	21.8315	0.376715	0.489743
PICS	4	16	0	12.7009	0.0512031	0.0505713
PIE	3	134	51	101.875	0.37888	0.498808
PIED	4	39	2	27.4831	0.0703692	0.0928163
PIEND	5	17	0	12.4329	0.032388	0.0339144
PIER	4	87	26	62.779	0.297224	0.411925
PIERS	5	36	15	24.368	0.403435	0.598353
PIERST	6	20	0	13.8631	0.0198066	0.0226294
PIERT	5	36	0	24.2262	0.0165147	0.0183614
PIES	4	78	20	57.8902	0.256628	0.345549
PIET	4	58	12	42.537	0.210309	0.285266
PIETA	5	27	0	18.8021	0.0215077	0.0232694
PIETAS	6	12	0	8.37536	0.0309546	0.0357415
PIETS	5	32	7	23.5201	0.219751	0.298767
PIG	3	36	11	27.5871	0.306721	0.399744
PIGS	4	17	7	12.745	0.383597	0.519929
PILA	4	42	3	30.0518	0.0875545	0.116456
PILAE	5	18	0	11.8144	0.0308284	0.0354912
PILAO	5	10	0	6.11444	0.050145	0.0620939
PILAR	5	22	1	13.0522	0.0662248	0.101236
PILE	4	48	25	34.101	0.501283	0.710096
PILEA	5	20	0	13.9276	0.0281204	0.0306266
PILEAS	6	11	0	6.10167	0.0332973	0.0470325
PILED	5	14	1	8.8825	0.0978212	0.141933
PILER	5	25	15	17.6192	0.563253	0.809677
PILERS	6	12	7	8.65531	0.523446	0.752589
PILES	5	32	15	23.1687	0.44985	0.627455
PILI	4	11	2	7.34778	0.20256	0.289292
PILL	4	18	13	12.8951	0.639992	0.91317
PILY	4	10	0	7.40304	0.0732968	0.0785753
PIMA	4	24	0	18.9551	0.036524	0.0355953
PIN	3	128	97	97.3289	0.745224	0.984076
PINA	4	52	4	39.3504	0.0897806	0.11446
PINAS	5	24	2	17.4804	0.0986352	0.130319
PINE	4	78	49	59.6588	0.610696	0.804745
PINED	5	28	3	19.9337	0.118314	0.162072
PINES	5	41	30	31.2151	0.700065	0.931729
PINETA	6	18	0	9.66927	0.0217663	0.0314455
PING	4	38	29	27.9383	0.716359	0.988347
PINGO	5	13	0	8.4128	0.0406043	0.0476823
PINGS	5	17	10	10.5927	0.538264	0.866712
PINNA	5	12	0	7.67923	0.0433538	0.0514971
PINOLE	6	10	0	6.51771	0.0360236	0.0444623
PINOT	5	13	1	8.01562	0.104025	0.154877
PINS	4	64	21	50.238	0.324264	0.415092
PINT	4	49	21	36.5903	0.416201	0.561269
PINTA	5	26	1	19.1	0.0570166	0.0715001
PINTAS	6	15	0	8.95471	0.0255598	0.0336812
PINTO	5	14	2	8.31237	0.15746	0.252205
PINTS	5	24	9	17.8715	0.360145	0.48923
PIOLET	6	10	0	5.27982	0.0360236	0.0530952
PION	4	34	3	25.6247	0.106033	0.135009
PIONS	5	18	2	13.7097	0.127132	0.162648
PIOY	4	11	0	8.86892	0.0683793	0.0681357
PIP	3	17	13	12.2823	0.683593	0.962743
PIPA	4	10	0	7.71907	0.0732968	0.0760628
PIPE	4	17	13	12.2127	0.670606	0.956518
PIPER	5	14	10	9.27527	0.634568	0.972782
PIPES	5	13	8	9.32496	0.547971	0.783383
PIPET	5	10	0	7.16011	0.050145	0.0545876
PIPS	4	11	2	8.34036	0.20256	0.261957
PIR	3	124	46	92.7777	0.3694	0.493938
PIRATE	6	19	0	10.5247	0.0207402	0.0291306
PIRATES	7	10	0	3.72033	0.0263554	0.0722008
PIRL	4	30	0	22.2787	0.0300606	0.0307554
PIRLS	5	12	0	8.56203	0.0433538	0.0469744
PIRN	4	25	0	18.2102	0.0352604	0.0368968
PIRNS	5	10	0	7.5227	0.050145	0.0523915
PIRS	4	51	6	36.5317	0.127842	0.174482
PIS	3	129	46	96.4377	0.355489	0.475599
PISE	4	82	26	61.05	0.314523	0.423192
PISES	5	18	6	13.7207	0.319739	0.425505
PISH	4	42	2	31.5784	0.0657705	0.0815511
PISHED	6	10	0	6.29641	0.0360236	0.0457934
PISHER	6	11	0	6.98561	0.0332973	0.041888
PISO	4	42	0	31.8794	0.0222025	0.022082
PISS	4	17	2	13.0681	0.144423	0.180652
PISTE	5	44	0	30.7933	0.0136897	0.0146263
PISTED	6	11	0	7.18757	0.0332973	0.0408667
PISTES	6	14	0	9.76025	0.0271362	0.031182
PIT	3	120	51	90.9661	0.421736	0.557253
PITA	4	52	2	37.0669	0.0540059	0.0701421
PITAS	5	28	2	19.4371	0.085812	0.118134
PITH	4	26	2	18.9312	0.100959	0.130443
PITHS	5	12	1	9.07832	0.111069	0.139303
PITIER	6	10	0	6.09126	0.0360236	0.0471005
PITON	5	13	0	8.70214	0.0406043	0.0463287
PITONS	6	10	0	3.26548	0.0360236	0.0776187
PITS	4	57	16	41.7623	0.279437	0.381358
PITY	4	10	3	7.65623	0.289042	0.382034
PIU	3	35	1	27.841	0.0567022	0.0627787
PLAGE	5	11	0	8.52768	0.0465028	0.0471355
PLAIN	5	11	7	8.19113	0.55494	0.771837
PLAN	4	35	18	27.1298	0.488859	0.640121
PLANE	5	19	9	13.5041	0.442869	0.63173
PLANET	6	14	6	8.8278	0.397199	0.638736
PLANS	5	17	5	12.0742	0.285326	0.403432
PLANT	5	15	8	11.4799	0.486289	0.653225
PLAP	4	11	0	8.61464	0.0683793	0.069743
PLASH	5	18	10	12.1886	0.512346	0.765593
PLASM	5	12	0	8.91843	0.0433538	0.0453659
PLAST	5	30	12	21.5139	0.385753	0.542179
PLASTE	6	19	11	13.2839	0.539279	0.788511
PLASTER	7	13	9	7.42639	0.631753	1
PLAT	4	57	33	42.225	0.558559	0.76036
PLATE	5	33	24	23.6014	0.688897	0.975324
PLATEN	6	16	6	10.6582	0.353583	0.539269
PLATER	6	17	11	12.9188	0.595415	0.809052
PLATES	6	14	10	10.4389	0.643908	0.896303
PLATS	5	31	9	22.6915	0.285487	0.391714
PLAY	4	14	10	11.5702	0.615417	0.782833
PLEA	4	50	16	36.1577	0.315724	0.437132
PLEAD	5	13	3	9.07465	0.230867	0.328663
PLEAS	5	24	4	17.8694	0.173352	0.231009
PLEAT	5	22	10	15.3303	0.429602	0.622594
PLEATS	6	10	5	7.82695	0.445408	0.598308
PLED	4	31	0	22.0826	0.0291994	0.0310041
PLEON	5	10	0	8.08322	0.050145	0.0493239
PLESH	5	10	0	7.68574	0.050145	0.0514605
PLIE	4	41	3	31.7188	0.0895042	0.110727
PLIED	5	12	0	8.81811	0.0433538	0.0458075
PLIER	5	29	3	21.2815	0.114589	0.15248
PLIERS	6	13	0	9.27308	0.0289199	0.032647
PLIES	5	24	1	18.0363	0.0612767	0.0753953
PLIM	4	20	0	14.4684	0.0426355	0.0451973
PLING	5	10	3	6.63919	0.285113	0.42713
PLOAT	5	14	6	9.90683	0.396014	0.567898
PLOD	4	12	2	9.79374	0.189825	0.230119
PLOT	4	36	8	27.2504	0.226015	0.297531
PLOTS	5	18	4	13.8976	0.223435	0.290637
PLOY	4	14	1	11.1518	0.112772	0.131552
PLU	3	36	8	26.5285	0.231288	0.309849
PLUE	4	12	0	9.67226	0.0640801	0.0635114
PLUS	4	17	5	12.8902	0.287928	0.382063
PLY	3	26	3	21.6145	0.141025	0.163442
POA	3	120	24	90.105	0.20359	0.269747
POAS	4	54	3	41.5147	0.0694101	0.0858938
POCO	4	14	0	11.5727	0.0569224	0.0547248
POD	3	66	23	49.185	0.346829	0.465336
PODAL	5	12	1	8.85156	0.111069	0.142357
PODS	4	26	11	20.4723	0.401909	0.519151
POEM	4	19	1	13.6171	0.0881549	0.111001
POEP	4	11	0	8.69124	0.0683793	0.0692509
POET	4	71	13	54.148	0.187159	0.244205
POETS	5	47	9	36.1476	0.193705	0.251669
POH	3	82	6	60.6777	0.0839261	0.10956
POHS	4	30	5	23.1033	0.17753	0.227635
POI	3	119	29	87.7846	0.245975	0.332312
POIND	5	15	0	10.3091	0.0360337	0.0400189
POINT	5	22	5	15.4751	0.227726	0.322556
POINTE	6	13	4	6.98149	0.291845	0.53713
POINTS	6	14	4	8.00195	0.273845	0.476882
POIS	4	46	6	34.7625	0.140651	0.182842
POISE	5	25	3	18.2115	0.131096	0.17624
POISER	6	15	0	9.69801	0.0255598	0.0313618
POL	3	93	67	69.1574	0.704745	0.952137
POLAR	5	28	7	19.1325	0.24832	0.362333
POLE	4	56	44	41.5077	0.751507	1
POLED	5	16	3	12.3187	0.193963	0.251451
POLER	5	32	22	23.7539	0.651186	0.890204
POLERS	6	18	14	13.691	0.714375	0.96969
POLES	5	32	18	24.6849	0.536137	0.705725
POLEY	5	10	0	6.38137	0.050145	0.0599882
POLIES	6	15	0	8.56774	0.0255598	0.03503
POLIO	5	10	0	8.18357	0.050145	0.0488122
POLIS	5	16	0	10.606	0.0341137	0.0390367
POLITE	6	12	0	7.34985	0.0309546	0.0400814
POLL	4	18	12	12.4315	0.594341	0.873662
POLLS	5	10	4	7.68877	0.363436	0.487236
POLO	4	22	6	17.1856	0.270957	0.348931
POLOS	5	11	3	8.35224	0.264404	0.352787
POLS	4	31	8	22.9537	0.258391	0.348427
POLT	4	43	13	31.8934	0.298883	0.403779
POLTS	5	16	4	12.9333	0.247246	0.310069
POLY	4	14	0	10.9247	0.0569224	0.0574343
POM	3	59	17	44.3684	0.28992	0.384514
POME	4	30	10	23.6055	0.325	0.417224
POMES	5	16	5	12.0773	0.300529	0.40334
POMS	4	27	5	20.5466	0.194763	0.25326
POND	4	23	9	18.6674	0.372388	0.468122
PONE	4	55	34	43.328	0.5945	0.763906
PONES	5	37	21	29.1208	0.544166	0.70146
PONG	4	18	7	13.3924	0.366086	0.498292
PONIES	6	12	0	4.98663	0.0309546	0.0556546
PONS	4	59	17	46.9765	0.28645	0.361243
PONT	4	54	27	42.1038	0.48388	0.626903
PONTES	6	22	10	15.2245	0.431164	0.63348
PONTIE	6	10	0	4.79233	0.0360236	0.0574911
PONTS	5	32	9	25.2506	0.277276	0.354226
PONY	4	16	2	12.8944	0.151679	0.182736
POO	3	60	48	45.8205	0.771494	1
POOD	4	22	3	17.4293	0.15515	0.19148
POODS	5	10	1	8.44972	0.128468	0.148112
POOED	5	11	0	8.63823	0.0465028	0.046621
POOH	4	17	0	13.2976	0.0487538	0.04862
POOL	4	23	18	16.859	0.706895	0.985728
POOLER	6	10	7	5.46234	0.609162	1
POOLS	5	10	7	7.8616	0.598404	0.799035
POON	4	22	8	16.4505	0.348161	0.470152
POONS	5	10	5	8.28133	0.441759	0.56003
POOR	4	30	8	23.1888	0.266012	0.345195
POORT	5	15	0	9.95554	0.0360337	0.0412552
POOS	4	34	9	25.9546	0.264322	0.346805
POOT	4	36	28	28.3406	0.727202	0.942531
POOTER	6	15	7	10.8959	0.432219	0.611972
POOTS	5	17	13	13.8086	0.690027	0.880623
POP	3	13	11	9.90393	0.727383	0.986805
POPE	4	12	11	9.49168	0.755674	1
PORAE	5	35	0	25.8281	0.0169519	0.0172847
PORAES	6	17	0	9.82445	0.0228992	0.0309987
PORAL	5	27	1	19.2541	0.0551012	0.0709693
PORE	4	92	50	67.6718	0.531975	0.726727
PORED	5	31	8	21.6783	0.255873	0.365681
PORER	5	23	4	16.53	0.18008	0.248181
PORERS	6	11	2	8.40579	0.184658	0.24612
PORES	5	58	33	44.1987	0.553588	0.732616
PORIER	6	10	0	6.01616	0.0360236	0.0475979
PORIEST	7	10	0	1.68307	0.0263554	0.129096
PORIN	5	26	3	17.1803	0.126539	0.185974
PORING	6	10	3	5.2339	0.281654	0.527443
PORINS	6	12	0	5.92199	0.0309546	0.0482366
PORN	4	32	3	25.5867	0.111939	0.135194
PORNS	5	11	0	8.69055	0.0465028	0.0463814
POROSE	6	10	0	5.52193	0.0360236	0.0511527
PORT	4	68	36	49.5282	0.514833	0.71097
PORTA	5	37	4	24.8816	0.116684	0.169584
PORTAL	6	12	3	7.91419	0.242022	0.370537
PORTAS	6	16	0	8.06741	0.0241564	0.0369427
PORTED	6	14	7	10.0708	0.458877	0.65719
PORTER	6	13	6	9.65021	0.423308	0.589852
PORTS	5	34	20	24.0955	0.561369	0.800149
PORY	4	12	0	10.0869	0.0640801	0.0613617
POS	3	129	83	96.9955	0.634166	0.846161
POSE	4	68	45	52.2422	0.639998	0.840925
POSED	5	19	5	15.0746	0.25911	0.330356
POSER	5	42	27	32.5607	0.617415	0.806804
POSERS	6	14	11	11.5396	0.705585	0.897369
POSES	5	17	11	14.3131	0.588852	0.72595
POSH	4	28	10	21.6864	0.345373	0.450796
POSIER	6	12	0	7.75549	0.0309546	0.0382446
POSIT	5	25	4	17.7862	0.167109	0.232006
POSS	4	19	9	15.8896	0.437419	0.540149
POSSE	5	14	6	11.019	0.396014	0.517408
POST	4	67	39	51.1822	0.564404	0.745162
POSTAL	6	14	0	9.89999	0.0271362	0.0307857
POSTED	6	12	5	8.05777	0.382734	0.583221
POSTER	6	25	16	17.1533	0.604112	0.89531
POSTIE	6	11	1	7.05779	0.108978	0.164164
POSTIN	6	13	1	7.5203	0.0946513	0.155351
POSTS	5	13	6	10.5694	0.421129	0.536697
POSY	4	10	0	8.2638	0.0732968	0.0720895
POT	3	151	84	115.276	0.550483	0.722937
POTAE	5	31	1	24.5597	0.0485741	0.0565147
POTAES	6	21	1	12.76	0.0620318	0.0966036
POTALE	6	13	0	9.0269	0.0289199	0.033441
POTASH	6	11	0	6.73818	0.0332973	0.043211
POTE	4	78	35	58.9763	0.439767	0.584747
POTED	5	23	3	16.5183	0.141271	0.192811
POTES	5	44	15	34.848	0.334424	0.425787
POTHER	6	15	8	11.6465	0.490313	0.6544
POTIN	5	26	1	18.4619	0.0570166	0.0737871
POTINS	6	11	0	5.95386	0.0332973	0.0480185
POTS	4	76	19	56.8126	0.250537	0.334907
POTSIE	6	18	0	12.2456	0.0217663	0.0253732
POTT	4	18	15	13.4794	0.731294	1
POULE	5	10	4	7.40793	0.363436	0.502614
POUR	4	20	11	14.7754	0.502785	0.693745
POUT	4	22	10	16.0075	0.425365	0.591674
POUTS	5	12	4	8.97094	0.314216	0.427516
POW	3	27	17	21.6636	0.591428	0.751326
POWN	4	10	1	7.68846	0.145212	0.177794
POWS	4	13	8	10.5138	0.533514	0.690307
PRAD	4	34	5	25.2977	0.158796	0.209445
PRADS	5	17	2	11.6622	0.133563	0.187969
PRAISE	6	14	4	9.06755	0.273845	0.426881
PRAM	4	24	4	18.1734	0.179866	0.233643
PRANA	5	14	0	9.50924	0.0381827	0.0429291
PRANG	5	12	0	7.38423	0.0433538	0.053209
PRAO	4	50	1	37.3172	0.0374585	0.044369
PRAOS	5	23	1	16.6418	0.0636547	0.0811941
PRASE	5	42	5	31.6063	0.125989	0.165342
PRAT	4	68	35	47.4211	0.500926	0.721015
PRATE	5	44	25	29.9614	0.548247	0.809894
PRATED	6	12	5	6.93101	0.382734	0.665092
PRATER	6	13	9	8.64376	0.620502	0.95883
PRATES	6	27	14	17.9644	0.494292	0.752279
PRATIE	6	14	1	7.17312	0.0888134	0.161874
PRATS	5	36	11	25.2648	0.300256	0.428792
PRATT	5	11	0	6.16692	0.0465028	0.0616683
PRAU	4	25	1	17.2635	0.0698562	0.0901677
PRAY	4	15	8	11.898	0.477074	0.62236
PRE	3	206	56	151.749	0.272672	0.369637
PREACE	6	10	0	7.07543	0.0360236	0.0414276
PREASE	6	19	0	13.0329	0.0207402	0.0239593
PREE	4	49	27	36.3127	0.529611	0.721257
PREED	5	17	4	11.6584	0.234738	0.340133
PREEN	5	24	6	17.0147	0.248069	0.349761
PREES	5	34	16	27.3008	0.452578	0.572136
PREM	4	41	2	28.8018	0.0672351	0.0888637
PREMAN	6	10	0	6.66448	0.0360236	0.0436214
PRENT	5	39	8	29.427	0.206864	0.274031
PRENTS	6	21	5	14.1727	0.234346	0.349645
PREON	5	26	1	18.6991	0.0570166	0.0729202
PREONS	6	11	0	6.17449	0.0332973	0.0465613
PREOP	5	13	0	10.3779	0.0406043	0.0397869
PREP	4	24	2	16.7042	0.108195	0.145839
PREPS	5	12	2	8.12379	0.178785	0.257152
PRESA	5	58	0	43.4262	0.0105358	0.0105126
PRESE	5	38	3	29.2293	0.0892922	0.11303
PRESES	6	10	0	7.27918	0.0360236	0.0404197
PRESET	6	21	3	14.6992	0.148189	0.211366
PRESS	5	26	5	19.8351	0.196062	0.256608
PREST	5	59	13	41.3649	0.220831	0.314368
PRESTO	6	22	4	14.9839	0.183368	0.269814
PRETOR	6	10	0	6.86194	0.0360236	0.042539
PREY	4	24	1	18.5079	0.0723595	0.0847399
PREYS	5	14	1	10.4606	0.0978212	0.12319
PRIAL	5	16	0	10.7896	0.0341137	0.0384529
PRIDE	5	15	8	10.4236	0.486289	0.711141
PRIED	5	14	1	9.67817	0.0978212	0.131821
PRIER	5	21	5	14.2287	0.237307	0.348134
PRIES	5	41	3	28.8976	0.0831718	0.114263
PRIEST	6	16	1	10.4242	0.0790609	0.116191
PRIG	4	27	7	19.9731	0.259477	0.350167
PRIGS	5	14	7	9.26978	0.455652	0.694461
PRIM	4	20	4	15.637	0.209962	0.266934
PRIMA	5	10	0	7.57554	0.050145	0.0520861
PRIME	5	10	2	6.9316	0.20679	0.293556
PRIMS	5	10	2	7.53496	0.20679	0.27393
PRINT	5	23	1	14.9098	0.0636547	0.0897686
PRION	5	20	3	13.4074	0.159886	0.233074
PRIONS	6	11	3	6.08797	0.260339	0.464735
PRIOR	5	11	0	7.66198	0.0465028	0.0515942
PRISE	5	47	18	33.8296	0.374545	0.523002
PRISED	6	13	5	8.20764	0.357577	0.573826
PRISER	6	11	2	7.64604	0.184658	0.26751
PRISES	6	11	6	6.72679	0.48738	0.810291
PRISM	5	12	4	9.12314	0.314216	0.421385
PRISON	6	13	0	8.78994	0.0289199	0.0342426
PRISS	5	11	3	7.555	0.264404	0.383882
PRO	3	135	52	99.1769	0.383356	0.521962
PROA	4	56	2	41.7019	0.0503998	0.0627306
PROAS	5	28	0	19.2361	0.0208087	0.0227822
PROB	4	16	2	11.6411	0.151679	0.199325
PROD	4	24	3	18.6395	0.144031	0.18034
PROF	4	13	0	10.3164	0.0602896	0.0602333
PROG	4	19	0	13.6571	0.0444968	0.047515
PROIN	5	22	3	14.8341	0.146975	0.212704
PROINE	6	11	0	4.78834	0.0332973	0.0575301
PROLE	5	28	7	19.8123	0.24832	0.35077
PROLER	6	12	0	7.07332	0.0309546	0.0414383
PROLES	6	17	4	10.8417	0.231087	0.363438
PROLL	5	10	0	5.52483	0.050145	0.0673131
PROM	4	23	5	18.1078	0.223719	0.283728
PRONE	5	21	11	15.4677	0.489751	0.676521
PRONES	6	14	9	9.17175	0.582231	0.909524
PRONG	5	13	0	9.19672	0.0406043	0.0441846
PROO	4	28	2	20.1196	0.0946305	0.123486
PROP	4	15	3	11.2906	0.212597	0.278841
PRORE	5	17	1	12.2556	0.0829756	0.107103
PRORES	6	11	1	7.41161	0.108978	0.157336
PROS	4	55	16	40.0191	0.288925	0.397118
PROSE	5	34	14	25.3523	0.398182	0.539158
PROSED	6	12	4	8.23425	0.312378	0.465008
PROSER	6	13	4	8.18009	0.291845	0.467723
PROSO	5	12	0	8.23087	0.0433538	0.0485747
PROSS	5	10	1	6.66169	0.128468	0.1806
PROST	5	26	1	18.0067	0.0570166	0.0755098
PROTEA	6	19	1	10.9097	0.0678801	0.111492
PROTEAS	7	10	1	3.51816	0.111566	0.301726
PROTEI	6	12	0	8.66768	0.0309546	0.0346714
PROTO	5	16	0	10.7551	0.0341137	0.0385613
PROW	4	10	2	7.46967	0.217127	0.285632
PRY	3	34	0	26.9696	0.0317276	0.0303017
PRYS	4	14	0	10.9633	0.0569224	0.0572653
PRYSE	5	11	0	8.38528	0.0465028	0.0478152
PSI	3	140	1	107.127	0.0152908	0.0172241
PSIS	4	27	0	21.5152	0.0329786	0.031747
PSORA	5	22	0	16.6036	0.0258496	0.0260969
PSST	4	27	0	20.6245	0.0329786	0.0329878
PST	3	148	2	109.403	0.0210737	0.0258382
PTERIN	6	18	0	12.4131	0.0217663	0.0250584
PTERINS	7	10	0	6.0718	0.0263554	0.0478564
PTUI	4	13	0	9.29099	0.0602896	0.0656252
PUB	3	10	1	7.44249	0.159646	0.19646
PUD	3	28	7	20.8266	0.258052	0.343239
PUDS	4	14	4	10.7258	0.28032	0.368637
PUER	4	32	3	22.9163	0.111939	0.149588
PUERS	5	16	0	10.8563	0.0341137	0.0382452
PUG	3	19	6	13.22	0.316131	0.448136
PUH	3	28	0	20.8781	0.0377195	0.0383217
PUHA	4	12	0	9.5011	0.0640801	0.0644432
PUIR	4	16	0	11.924	0.0512031	0.0533601
PUL	3	45	16	32.8378	0.352641	0.482691
PULA	4	21	0	15.0651	0.0409235	0.043632
PULAS	5	13	0	7.95899	0.0406043	0.0499724
PULE	4	18	6	13.7814	0.320435	0.423423
PULER	5	10	1	7.29724	0.128468	0.167538
PULES	5	11	3	8.71183	0.264404	0.340352
PULI	4	19	2	14.1961	0.131813	0.168196
PULIS	5	10	1	7.11772	0.128468	0.171032
PULS	4	21	7	14.8799	0.321988	0.454806
PULSE	5	11	2	8.26106	0.19177	0.253532
PUMA	4	10	1	7.79873	0.145212	0.175826
PUN	3	32	14	24.7455	0.424889	0.553595
PUNS	4	18	5	14.0665	0.274784	0.354374
PUNT	4	13	5	10.0785	0.356055	0.469809
PUR	3	48	28	34.6342	0.563999	0.785453
PURE	4	37	18	25.978	0.464957	0.666322
PURED	5	17	4	11.1695	0.234738	0.35327
PURES	5	18	11	12.8696	0.560498	0.798926
PURI	4	14	3	9.67967	0.224471	0.316767
PURIS	5	11	0	6.80486	0.0465028	0.0569255
PURL	4	10	1	7.27442	0.145212	0.185593
PURS	4	25	14	17.0225	0.519601	0.76885
PURSE	5	13	8	8.86847	0.547971	0.817906
PUS	3	57	24	43.3808	0.41465	0.546643
PUSES	5	10	1	8.60983	0.128468	0.145765
PUSH	4	10	3	8.5359	0.289042	0.350627
PUT	3	49	16	36.1542	0.32591	0.440884
PUTS	4	23	5	16.888	0.223719	0.301894
PWN	3	12	0	9.28736	0.0759886	0.0772018
PYA	3	35	1	27.9111	0.0567022	0.0626323
PYAS	4	11	0	8.60528	0.0683793	0.0698037
PYAT	4	18	0	14.979	0.0465282	0.0438511
PYE	3	42	15	34.0271	0.353906	0.439166
PYES	4	23	8	19.1378	0.335221	0.410841
PYET	4	23	2	19.3704	0.112216	0.127783
PYETS	5	11	2	8.15181	0.19177	0.256405
PYIN	4	11	0	9.04271	0.0683793	0.0670791
PYNE	4	26	2	20.2432	0.100959	0.122805
PYNES	5	16	2	12.338	0.14068	0.178783
PYOT	4	16	0	13.7305	0.0512031	0.0472958
PYRE	4	20	2	16.3806	0.126299	0.148384
PYRES	5	14	0	10.3223	0.0381827	0.0399743
PYRO	4	11	0	8.85707	0.0683793	0.068209
RABAT	5	14	0	10.0209	0.0381827	0.041021
RABI	4	45	1	32.2817	0.0412882	0.0508551
RABID	5	15	0	9.89212	0.0360337	0.041485
RABIS	5	18	0	12.3909	0.0308284	0.0340171
RACA	4	38	0	27.9672	0.0243218	0.0249491
RACE	4	133	92	99.697	0.679442	0.910569
RACED	5	43	19	30.8677	0.429129	0.60178
RACER	5	45	27	33.2544	0.578639	0.790697
RACERS	6	21	16	15.5504	0.708209	0.981522
RACES	5	70	46	55.2464	0.640947	0.819091
RACH	4	81	36	60.3546	0.436006	0.587851
RACHE	5	38	20	29.381	0.506289	0.663154
RACHES	6	22	14	13.7555	0.596362	0.96548
RACHET	6	14	2	8.54468	0.150491	0.242574
RACHIS	6	12	0	7.78406	0.0309546	0.0381215
RACIER	6	11	0	6.46467	0.0332973	0.0447742
RACIST	6	18	3	10.0304	0.170182	0.300061
RACK	4	20	13	14.9157	0.586448	0.80514
RACON	5	35	0	24.9839	0.0169519	0.0178359
RACONS	6	18	0	10.004	0.0217663	0.0304973
RACY	4	20	0	15.4327	0.0426355	0.0427206
RAD	3	286	113	212.491	0.3941	0.530602
RADE	4	175	63	126.136	0.357839	0.496894
RADGE	5	19	1	14.1812	0.0753519	0.0939424
RADGES	6	11	0	7.71167	0.0332973	0.0384349
RADII	5	14	0	9.67842	0.0381827	0.0422788
RADIO	5	26	0	18.2343	0.0222554	0.0239393
RADIOS	6	15	0	8.67155	0.0255598	0.0346576
RADISH	6	17	0	8.79486	0.0228992	0.0342256
RADON	5	35	1	24.5639	0.0434296	0.0565056
RADONS	6	16	1	8.39533	0.0790609	0.141029
RADS	4	105	37	76.5153	0.349103	0.479817
RAFT	4	35	19	26.5237	0.514563	0.688505
RAFTER	6	12	5	8.4806	0.382734	0.55747
RAFTS	5	21	10	16.1534	0.447677	0.593548
RAG	3	198	105	151.399	0.526333	0.689623
RAGA	4	33	1	25.475	0.0547134	0.0633792
RAGAS	5	15	0	11.1876	0.0360337	0.0372459
RAGDE	5	20	1	13.4575	0.0720423	0.0984911
RAGE	4	97	62	70.1833	0.624538	0.867366
RAGED	5	35	9	24.6226	0.255251	0.362745
RAGEE	5	10	3	7.81476	0.285113	0.373166
RAGER	5	29	20	20.6815	0.649724	0.923358
RAGERS	6	18	14	12.9054	0.714375	1
RAGES	5	49	29	37.5365	0.572563	0.755185
RAGG	4	11	4	8.3785	0.33674	0.450714
RAGI	4	65	6	46.6604	0.101868	0.138286
RAGIS	5	32	4	21.9785	0.133464	0.190561
RAGS	4	64	34	47.3985	0.515707	0.701166
RAGU	4	32	0	23.6302	0.0283861	0.0291439
RAH	3	264	21	198.187	0.0829008	0.109233
RAHED	5	29	0	20.6808	0.0201537	0.0212976
RAHING	6	13	1	6.65827	0.0946513	0.172622
RAHS	4	103	9	75.4077	0.0937205	0.125712
RAI	3	455	349	345.241	0.763342	1
RAIA	4	73	2	53.8974	0.0392588	0.0490844
RAIAS	5	33	1	21.9694	0.045858	0.0627547
RAID	4	126	62	93.2607	0.485117	0.657603
RAIDED	6	12	3	6.51309	0.242022	0.438769
RAIDER	6	29	16	17.8199	0.526695	0.863759
RAIDERS	7	12	8	7.30586	0.604943	1
RAIDS	5	42	26	28.5049	0.595077	0.882557
RAIK	4	28	2	18.5808	0.0946305	0.132646
RAIKS	5	12	1	8.47034	0.111069	0.147806
RAIL	4	151	111	109.829	0.723146	0.997844
RAILE	5	77	54	51.7535	0.684992	1
RAILED	6	23	13	15.7683	0.533048	0.790944
RAILER	6	25	15	16.7409	0.567366	0.859947
RAILES	6	48	33	30.8831	0.665957	1
RAILS	5	54	32	35.7475	0.574979	0.872031
RAIN	4	224	154	160.428	0.680191	0.951778
RAINE	5	123	76	83.2906	0.609379	0.902002
RAINED	6	38	20	24.7733	0.508287	0.786211
RAINES	6	64	40	38.4297	0.610752	1
RAINS	5	86	58	59.2921	0.660603	0.961999
RAINY	5	19	0	13.1988	0.0294122	0.0321461
RAIRD	5	27	0	17.6979	0.0215077	0.0246086
RAIRDS	6	11	0	6.4628	0.0332973	0.0447853
RAIS	4	225	85	163.504	0.375785	0.517611
RAISE	5	133	65	94.082	0.483475	0.685057
RAISED	6	38	16	24.5241	0.408818	0.637728
RAISER	6	42	17	26.7693	0.394449	0.622232
RAISES	6	30	19	18.6013	0.603474	0.981797
RAISIN	6	15	1	8.21712	0.0836539	0.143727
RAIT	4	243	93	174.106	0.380791	0.531865
RAITA	5	67	0	46.6458	0.00917667	0.00980943
RAITAS	6	26	0	13.2717	0.0155944	0.0235611
RAITED	6	46	8	29.2265	0.175054	0.274997
RAITS	5	123	60	84.5006	0.482161	0.703242
RAKE	4	29	16	19.3915	0.517218	0.777138
RAKES	5	15	8	10.5993	0.486289	0.700807
RAKI	4	23	1	15.4418	0.0750489	0.0994971
RAKIS	5	12	1	8.58203	0.111069	0.146167
RALE	4	197	76	141.487	0.383361	0.534291
RALES	5	108	46	78.0103	0.421064	0.584554
RALLIES	7	14	6	5.9334	0.400955	0.926577
RALPH	5	10	0	6.61603	0.050145	0.0582516
RAM	3	234	100	176.558	0.425614	0.564549
RAMEE	5	27	0	18.3966	0.0215077	0.0237439
RAMEES	6	11	0	6.141	0.0332973	0.0467768
RAMEN	5	51	11	35.0673	0.216491	0.313814
RAMENS	6	26	4	15.7914	0.157371	0.256913
RAMET	5	56	0	39.1559	0.0108943	0.011617
RAMETS	6	24	0	15.1241	0.0167842	0.0208702
RAMI	4	99	4	72.5916	0.0487751	0.0635636
RAMIE	5	45	0	31.0609	0.0134031	0.014506
RAMIES	6	30	0	15.5916	0.013658	0.0202855
RAMIN	5	47	2	29.2453	0.0530512	0.0804348
RAMINS	6	14	0	6.04342	0.0271362	0.0474161
RAMIS	5	57	1	37.1261	0.0274435	0.0381237
RAMP	4	32	14	23.8488	0.418301	0.56709
RAMPS	5	15	8	12.0429	0.486289	0.626047
RAMS	4	97	33	73.0897	0.33714	0.448505
RAMUS	5	15	0	10.6326	0.0360337	0.0389511
RAN	3	430	302	326.49	0.698984	0.92166
RANA	4	93	9	68.2015	0.103392	0.138587
RANAS	5	45	7	31.1593	0.159946	0.228863
RANCE	5	41	20	29.6308	0.471586	0.657832
RANCED	6	18	4	10.2659	0.219654	0.381858
RANCES	6	17	6	9.75612	0.33518	0.584096
RANCH	5	29	14	20.0144	0.460853	0.67299
RANCHO	6	11	1	7.42699	0.108978	0.157052
RAND	4	116	51	84.6188	0.433836	0.596335
RANDEM	6	14	0	9.02634	0.0271362	0.0334429
RANDIE	6	30	2	15.8787	0.0757439	0.137767
RANDIES	7	10	0	3.69351	0.0263554	0.072622
RANDS	5	42	19	29.7092	0.438715	0.624126
RANEE	5	50	0	33.4015	0.0121331	0.013533
RANEES	6	26	0	15.5187	0.0155944	0.0203745
RANG	4	99	63	69.7217	0.622118	0.886846
RANGA	5	23	0	15.3841	0.0248464	0.0279829
RANGE	5	45	24	29.9392	0.515835	0.778647
RANGED	6	14	5	9.87046	0.335522	0.486816
RANGER	6	17	11	11.8455	0.595415	0.876152
RANGES	6	17	8	12.39	0.439274	0.618322
RANGI	5	30	1	17.2159	0.0500565	0.0787021
RANGIS	6	13	0	6.58907	0.0289199	0.0440494
RANGS	5	30	16	19.9329	0.507825	0.768907
RANGY	5	11	0	6.6093	0.0465028	0.0583
RANI	4	214	16	153.021	0.0781037	0.107947
RANID	5	55	1	35.4153	0.0283936	0.039891
RANIDS	6	16	1	8.03861	0.0790609	0.146536
RANINE	6	22	0	11.4524	0.0181706	0.0269769
RANIS	5	92	7	59.6388	0.0806207	0.122237
RANK	4	23	15	15.9641	0.595393	0.868902
RANSELS	7	10	0	1.15362	0.0263554	0.162342
RANT	4	182	107	129.875	0.581044	0.816061
RANTED	6	48	26	31.6311	0.526552	0.8048
RANTER	6	43	26	27.459	0.584781	0.922387
RANTERS	7	19	12	12.1792	0.593629	0.942846
RANTS	5	95	48	68.492	0.497508	0.692639
RAP	3	185	89	137.904	0.477821	0.641827
RAPE	4	93	57	68.5625	0.598721	0.816548
RAPED	5	24	8	17.0651	0.322786	0.456598
RAPER	5	26	16	18.7579	0.578435	0.813528
RAPERS	6	10	8	7.5523	0.691039	0.96421
RAPES	5	49	33	35.2395	0.649831	0.911319
RAPHE	5	15	1	9.85405	0.0923156	0.129777
RAPINE	6	14	0	7.19445	0.0271362	0.0408328
RAPIST	6	15	4	8.75771	0.257936	0.440305
RAPS	4	75	19	54.088	0.253712	0.351128
RAPT	4	53	9	37.8486	0.176068	0.243716
RARE	4	123	49	87.8886	0.394146	0.552473
RARED	5	41	5	28.3119	0.128868	0.183619
RAREE	5	18	0	12.1328	0.0308284	0.0346616
RARES	5	77	28	56.8777	0.359046	0.487808
RAREST	6	37	6	25.5076	0.164229	0.23826
RARING	6	18	7	11.4253	0.36807	0.586096
RARK	4	13	0	9.09764	0.0602896	0.0667519
RAS	3	516	275	388.047	0.531386	0.707056
RASE	4	315	113	232.012	0.357533	0.485753
RASED	5	97	16	71.86	0.16679	0.22457
RASER	5	109	34	79.6991	0.309931	0.424592
RASERS	6	24	7	18.0334	0.283823	0.38363
RASES	5	73	32	56.4346	0.430794	0.560595
RASH	4	131	62	96.6219	0.467137	0.635228
RASHED	6	19	8	12.3807	0.39786	0.61875
RASHER	6	17	4	11.8851	0.231087	0.334226
RASHES	6	15	12	10.7615	0.722689	1
RASHIE	6	15	0	8.62479	0.0255598	0.0348244
RASING	6	26	6	14.0541	0.228259	0.418389
RASP	4	68	14	47.5878	0.208875	0.296506
RASPED	6	11	4	8.22494	0.336019	0.465473
RASPER	6	11	3	6.85423	0.260339	0.419941
RASPS	5	10	4	7.76099	0.363436	0.483432
RASSE	5	49	10	38.0459	0.205538	0.264878
RASSLE	6	10	1	5.65608	0.117901	0.198245
RAST	4	264	122	188.137	0.459189	0.645039
RASTA	5	65	0	45.6368	0.0094475	0.0100195
RASTER	6	68	48	51.5666	0.689896	0.917896
RASTERS	7	24	17	16.4001	0.67258	1
RAT	3	571	383	424.418	0.668438	0.89996
RATA	4	110	3	78.6571	0.0352856	0.0464203
RATAL	5	40	0	26.4041	0.0149701	0.0169278
RATALS	6	20	0	12.0163	0.0198066	0.0258168
RATAN	5	49	0	34.2473	0.0123675	0.0132127
RATANS	6	18	0	10.3194	0.0217663	0.0296546
RATAS	5	55	2	38.7308	0.0457044	0.0614655
RATCH	5	26	9	18.7856	0.335106	0.467175
RATE	4	373	242	267.581	0.644775	0.899929
RATED	5	116	35	83.1731	0.300084	0.418981
RATEEN	6	31	0	17.6089	0.0132468	0.0180977
RATEENS	7	16	0	6.36072	0.0174394	0.0459528
RATEL	5	96	17	66.7643	0.178603	0.255987
RATELS	6	44	10	30.7447	0.225908	0.324697
RATER	5	124	75	85.0393	0.596684	0.872217
RATERS	6	66	42	49.7975	0.622164	0.831909
RATES	5	221	125	163.007	0.561476	0.762762
RATH	4	148	45	108.394	0.302947	0.413823
RATHA	5	24	1	17.4438	0.0612767	0.0777547
RATHE	5	71	21	54.9302	0.293357	0.380577
RATHER	6	20	9	13.3197	0.424967	0.647813
RATHEST	7	11	0	4.88939	0.024286	0.0576267
RATHS	5	60	13	43.4466	0.217313	0.299805
RATINE	6	67	7	39.3663	0.107493	0.181368
RATINES	7	38	5	14.6685	0.133615	0.342549
RATING	6	30	13	15.8634	0.417216	0.786509
RATINGS	7	14	4	8.29998	0.273856	0.470946
RATIO	5	78	8	57.0862	0.106976	0.144636
RATION	6	32	4	19.7761	0.129773	0.207865
RATIONS	7	12	2	5.65501	0.168124	0.355904
RATIOS	6	40	3	22.3712	0.08149	0.142265
RATITE	6	30	0	18.6898	0.013658	0.0171091
RATITES	7	20	0	7.58687	0.01423	0.0393155
RATLIN	6	22	1	13.6039	0.0594699	0.0910576
RATO	4	200	24	143.784	0.1227	0.169592
RATOO	5	40	2	29.6086	0.0617344	0.0794951
RATOON	6	19	2	11.7759	0.11502	0.181679
RATOONS	7	11	0	3.11075	0.024286	0.083168
RATOOS	6	22	0	13.4193	0.0181706	0.0233213
RATOS	5	100	12	69.9129	0.122998	0.174674
RATS	4	304	85	216.001	0.279369	0.393059
RATTAN	6	10	0	7.16405	0.0360236	0.0409831
RATTED	6	19	10	15.729	0.492139	0.614485
RATTEN	6	24	1	15.6278	0.0549326	0.0800377
RATTER	6	24	16	18.8672	0.627158	0.818443
RATTERS	7	12	9	8.84116	0.677747	0.957956
RATTLE	6	12	8	8.71985	0.593802	0.849519
RATTON	6	12	0	6.37699	0.0309546	0.0452996
RATU	4	106	3	77.8031	0.0365698	0.046916
RATUS	5	42	0	30.0457	0.0143013	0.014973
RAUN	4	76	11	58.8209	0.150418	0.192698
RAUNS	5	32	4	22.7854	0.133464	0.184228
RAUPO	5	11	0	7.84673	0.0465028	0.0505732
RAV	3	56	25	43.4986	0.438318	0.567145
RAVE	4	26	20	19.2614	0.702859	0.968547
RAVED	5	10	3	6.95349	0.285113	0.41123
RAVEL	5	11	5	7.45419	0.409672	0.61182
RAVEN	5	13	2	9.18887	0.167446	0.231504
RAVES	5	12	6	9.48487	0.449646	0.589732
RAVIN	5	11	6	6.73419	0.482306	0.786977
RAVS	4	18	2	13.5357	0.13783	0.175272
RAW	3	126	44	95.9991	0.348295	0.457345
RAWER	5	11	2	8.32956	0.19177	0.251763
RAWEST	6	13	0	8.55478	0.0289199	0.035077
RAWIN	5	12	0	8.18454	0.0433538	0.0488073
RAWN	4	38	8	29.0817	0.215229	0.280092
RAWNS	5	11	4	8.20223	0.337038	0.461424
RAWS	4	52	18	37.4646	0.340204	0.473184
RAX	3	10	3	9.09846	0.304887	0.345514
RAY	3	106	45	81.3341	0.420864	0.549675
RAYA	4	18	0	14.4021	0.0465282	0.0453782
RAYED	5	15	5	10.5866	0.317443	0.453126
RAYLE	5	20	0	13.9327	0.0281204	0.0306163
RAYLES	6	11	0	7.0389	0.0332973	0.0416136
RAYLET	6	14	0	8.81779	0.0271362	0.0341464
RAYNE	5	11	0	7.19872	0.0465028	0.0543451
RAYON	5	10	0	6.96004	0.050145	0.0558801
RAYS	4	35	17	26.8947	0.463156	0.610888
REACH	5	44	23	34.5227	0.505482	0.651777
REACT	5	54	4	39.9549	0.0817408	0.107907
REACTS	6	23	2	16.5767	0.0967726	0.132326
READ	4	196	98	142.826	0.495331	0.681094
READD	5	21	0	16.5819	0.0269372	0.0261282
READER	6	17	4	12.9754	0.231087	0.308328
READS	5	81	47	59.4655	0.568719	0.778802
READY	5	14	0	10.3881	0.0381827	0.0397529
REAGIN	6	21	2	13.2857	0.10511	0.162606
REAGINS	7	11	2	5.80341	0.181325	0.348027
REAIS	5	103	0	71.2708	0.00605322	0.00648955
REAK	4	35	14	24.4321	0.386046	0.554654
REAKS	5	13	9	9.78001	0.611392	0.840483
REAL	4	238	98	171.257	0.409331	0.569434
REALER	6	11	5	7.0687	0.4117	0.653875
REALES	6	29	12	20.4406	0.398545	0.572917
REALEST	7	10	1	3.8948	0.111566	0.278036
REALIGN	7	10	0	6.07344	0.0263554	0.0478452
REALISE	7	15	1	6.6044	0.078234	0.177676
REALIST	7	19	1	7.02286	0.0631424	0.168295
REALM	5	22	1	14.5683	0.0662248	0.0916778
REALO	5	75	0	51.879	0.00823266	0.00884755
REALOS	6	31	0	15.6091	0.0132468	0.0202643
REALS	5	92	45	67.1611	0.481601	0.662367
REALTY	6	12	0	7.69804	0.0309546	0.0384944
REAM	4	134	66	99.4496	0.48598	0.656916
REAME	5	28	18	18.8056	0.605838	0.91016
REAMED	6	11	4	7.14175	0.336019	0.52668
REAMES	6	15	11	9.19401	0.664595	1
REAMS	5	51	29	36.9756	0.551265	0.766198
REAN	4	259	98	189.454	0.376635	0.515357
REANS	5	123	59	89.7439	0.47421	0.651866
REAP	4	122	45	90.0378	0.365507	0.496212
REAPS	5	49	27	35.273	0.533928	0.747281
REAR	4	175	68	124.417	0.385786	0.543142
REARED	6	19	6	14.254	0.30358	0.412939
REARM	5	24	0	17.4197	0.0239182	0.0249706
REARS	5	80	37	58.3003	0.45477	0.626728
REASON	6	38	0	21.2175	0.0109409	0.0151709
REAST	5	179	92	132.253	0.509663	0.691417
REASTED	7	12	3	7.40578	0.240927	0.401269
REASTS	6	31	18	23.1357	0.555196	0.756807
REASTY	6	16	0	11.2895	0.0241564	0.0273318
REATA	5	84	1	60.1457	0.0189038	0.0238853
REATAS	6	39	0	26.9537	0.0106754	0.0120684
REATE	5	115	61	83.6212	0.523405	0.722258
REATES	6	60	29	46.6384	0.473209	0.614623
REAVE	5	11	7	8.92823	0.55494	0.717228
REB	3	149	20	112.751	0.13876	0.18176
REBAIT	6	12	2	7.61234	0.171666	0.268546
REBAR	5	20	0	13.6215	0.0281204	0.0312468
REBASE	6	11	0	8.67762	0.0332973	0.0346361
REBATE	6	11	1	8.37653	0.108978	0.141309
REBID	5	18	0	14.0691	0.0308284	0.030348
REBIT	5	18	1	13.0971	0.0789802	0.100924
REBOP	5	11	0	8.14014	0.0465028	0.0490323
REBS	4	54	7	40.9453	0.138488	0.179815
REBUS	5	20	0	13.9806	0.0281204	0.0305215
REBUT	5	17	0	12.9087	0.032388	0.0327937
REBUTS	6	10	0	5.92137	0.0360236	0.0482409
REC	3	249	81	187.856	0.32519	0.430973
RECAL	5	40	5	28.6689	0.131881	0.181445
RECALS	6	15	2	9.22226	0.141748	0.226644
RECANE	6	19	0	10.6506	0.0207402	0.0288185
RECANT	6	23	14	12.4927	0.572709	1
RECAP	5	19	1	14.2811	0.0753519	0.0933475
RECAST	6	21	4	14.5734	0.191267	0.276883
RECENT	6	12	3	7.10271	0.242022	0.407213
RECHATE	7	10	0	4.41576	0.0263554	0.0627591
RECIT	5	48	6	34.2186	0.130796	0.18125
RECITE	6	15	3	9.08479	0.199842	0.327932
RECITS	6	24	3	14.6847	0.131229	0.21156
RECK	4	16	8	12.1461	0.453106	0.61157
RECOAT	6	11	0	6.7552	0.0332973	0.0431173
RECON	5	31	2	23.4598	0.0781882	0.0990865
RECONS	6	17	2	8.57792	0.126993	0.241741
RECS	4	111	15	83.3871	0.139412	0.184121
RECTA	5	40	2	28.4435	0.0617344	0.0825896
RECTAL	6	16	1	10.2772	0.0790609	0.117693
RECTI	5	40	0	29.2315	0.0149701	0.0153699
RECTO	5	34	1	24.1999	0.0446108	0.0573062
RECTOS	6	11	1	8.68548	0.108978	0.136845
RECUT	5	22	0	18.4668	0.0258496	0.0236604
RECUTS	6	10	0	6.65011	0.0360236	0.0437023
RED	3	496	178	370.746	0.358562	0.479727
REDAN	5	77	1	52.3279	0.0205627	0.027355
REDANS	6	32	0	20.038	0.0128596	0.0160175
REDATE	6	23	2	15.8029	0.0967726	0.138385
REDATES	7	11	0	4.21474	0.024286	0.0652245
REDD	4	49	5	36.9207	0.113773	0.14716
REDDS	5	16	3	12.035	0.193963	0.256725
REDE	4	114	30	82.9597	0.263086	0.361259
REDEAL	6	19	1	13.0531	0.0678801	0.0946023
REDEALS	7	11	0	4.49012	0.024286	0.0618937
REDEAR	6	18	1	11.4987	0.0712383	0.106278
REDEARS	7	10	1	4.20063	0.111566	0.261373
REDED	5	19	0	12.2092	0.0294122	0.0344683
REDES	5	73	19	52.1936	0.259217	0.362722
REDIA	5	81	15	54.9158	0.18671	0.274302
REDIAE	6	19	0	10.3584	0.0207402	0.0295537
REDIAL	6	26	15	15.6159	0.547256	0.917833
REDIALS	7	10	4	3.54819	0.367197	0.973781
REDIAS	6	31	3	18.7243	0.103572	0.168441
REDID	5	27	1	18.1902	0.0551012	0.0748057
REDING	6	18	7	10.9596	0.36807	0.608738
REDIP	5	19	1	12.0885	0.0753519	0.108421
REDLY	5	19	0	13.4307	0.0294122	0.0316464
REDO	4	182	45	134.252	0.247541	0.335384
REDOES	6	21	5	13.3567	0.234346	0.369385
REDON	5	74	5	51.4322	0.0734715	0.103401
REDONE	6	20	2	12.6858	0.109842	0.169685
REDONS	6	26	2	17.0546	0.0864826	0.128841
REDOS	5	67	15	46.8151	0.224176	0.320302
REDOUT	6	10	1	7.16728	0.117901	0.161988
REDOWA	6	12	0	7.71349	0.0309546	0.0384269
REDRIES	7	12	0	3.18399	0.0225179	0.0816773
REDRY	5	14	0	10.6601	0.0381827	0.0388628
REDS	4	205	57	145.111	0.27773	0.392136
REDTOP	6	12	0	9.29724	0.0309546	0.0325712
REDYE	5	10	0	7.21933	0.050145	0.0542164
REE	3	292	228	223.19	0.77492	1
REEARN	6	14	0	8.13879	0.0271362	0.0366571
REEARNS	7	11	0	4.02234	0.024286	0.0677729
REECH	5	12	1	8.79917	0.111069	0.143082
REED	4	104	58	73.734	0.546954	0.774086
REEDIT	6	18	0	11.2762	0.0217663	0.0273613
REEDITS	7	11	0	4.15722	0.024286	0.0659661
REEDS	5	48	28	33.9607	0.564143	0.803151
REEF	4	38	14	28.6614	0.358409	0.478555
REEFS	5	17	9	13.4005	0.487677	0.636126
REEK	4	18	6	12.3431	0.320435	0.465404
REEL	4	88	38	62.6634	0.424559	0.597766
REELS	5	37	20	29.5816	0.51902	0.658872
REEMIT	6	10	0	5.53274	0.0360236	0.0510693
REEN	4	148	74	110.455	0.493855	0.663756
REENS	5	72	36	55.7268	0.490054	0.637439
REES	4	189	77	136.993	0.404443	0.558734
REEST	5	88	47	67.1607	0.524859	0.691504
REESTS	6	15	10	10.8527	0.606501	0.86526
REF	3	147	34	112.323	0.233457	0.304753
REFEL	5	10	0	7.03449	0.050145	0.0553921
REFI	4	52	5	39.9775	0.107668	0.136486
REFIS	5	20	0	15.1007	0.0281204	0.028461
REFIT	5	17	0	12.2767	0.032388	0.0342992
REFITS	6	10	0	5.65817	0.0360236	0.0501208
REFS	4	47	6	37.6646	0.137888	0.169519
REFT	4	53	16	40.9569	0.29908	0.388481
REG	3	224	58	166.837	0.259904	0.348468
REGAIN	6	22	5	12.4876	0.224667	0.393019
REGAL	5	31	6	20.0929	0.196645	0.299876
REGALE	6	10	1	5.80498	0.117901	0.193967
REGALS	6	14	2	8.45426	0.150491	0.244871
REGAR	5	29	0	20.6815	0.0201537	0.021297
REGARS	6	14	0	9.71167	0.0271362	0.0313221
REGENT	6	10	5	6.34416	0.445408	0.717553
REGES	5	28	1	21.941	0.0533103	0.0628308
REGEST	6	16	0	10.8357	0.0241564	0.0283713
REGIE	5	16	0	10.4066	0.0341137	0.0396909
REGINA	6	20	1	13.1035	0.0648243	0.0942663
REGMA	5	11	0	8.17093	0.0465028	0.0488761
REGNA	5	48	0	30.5809	0.0126111	0.0147232
REGNAL	6	17	0	12.4743	0.0228992	0.0249454
REGO	4	81	5	58.2419	0.0708933	0.0952181
REGOS	5	27	2	18.9573	0.0886947	0.120906
REGS	4	73	26	52.8865	0.351331	0.485947
REH	3	347	13	259.475	0.0404777	0.0530633
REHEAR	6	10	0	6.94476	0.0360236	0.0421008
REHEAT	6	12	0	7.3266	0.0309546	0.0401921
REHEM	5	13	0	10.8816	0.0406043	0.0381671
REHIRE	6	12	0	8.54357	0.0309546	0.0351178
REHS	4	158	4	114.095	0.0310009	0.0408722
REI	3	595	222	453.242	0.372761	0.489443
REIF	4	78	3	59.6376	0.0490715	0.0607062
REIFS	5	25	1	19.4879	0.0590699	0.0701781
REIGN	5	54	3	36.0672	0.0641251	0.0924507
REIGNS	6	21	1	12.3252	0.0620318	0.0997334
REIK	4	28	0	20.9286	0.0319449	0.0325534
REIKS	5	13	0	10.8607	0.0406043	0.0382315
REIN	4	283	85	208.812	0.299817	0.406453
REINED	6	29	3	16.5633	0.110208	0.189054
REINK	5	13	0	9.54782	0.0406043	0.0427791
REINS	5	115	40	81.0254	0.345088	0.490481
REIS	4	314	103	229.39	0.327202	0.448067
REISES	6	12	0	9.11792	0.0309546	0.033143
REIST	5	156	77	116.986	0.489018	0.653904
REISTED	7	13	5	7.17404	0.360303	0.660421
REISTS	6	36	17	24.4299	0.456383	0.679259
REITER	6	19	0	13.2775	0.0207402	0.0235515
RELAID	6	21	0	12.4551	0.0189533	0.0249809
RELAND	6	17	4	10.5664	0.231087	0.372019
RELATA	6	21	1	14.7345	0.0620318	0.0845542
RELATE	6	37	10	24.7646	0.266234	0.399783
RELATER	7	13	2	5.09536	0.156715	0.389114
RELATES	7	16	5	9.43645	0.299357	0.515902
RELAY	5	30	5	20.817	0.172128	0.245313
RELAYS	6	14	3	10.152	0.212168	0.296817
RELENT	6	11	0	5.92874	0.0332973	0.0481903
RELET	5	43	0	30.7808	0.0139888	0.014632
RELETS	6	28	0	17.8726	0.0145621	0.0178461
RELIANT	7	17	0	8.11506	0.0165085	0.0370125
RELIC	5	27	0	21.1391	0.0215077	0.0208663
RELICS	6	12	0	8.19104	0.0309546	0.0364509
RELICT	6	11	0	7.90662	0.0332973	0.0376025
RELIDE	6	18	0	9.55739	0.0217663	0.0317758
RELIE	5	41	1	30.2034	0.0374759	0.0464509
RELIED	6	11	0	6.90295	0.0332973	0.0423209
RELIES	6	21	1	13.9024	0.0620318	0.0892454
RELINE	6	21	7	12.3046	0.320503	0.547638
RELISH	6	19	0	12.4331	0.0207402	0.0250214
RELIST	6	38	12	24.355	0.309349	0.484801
RELIT	5	72	11	51.0322	0.155685	0.218426
RELLIE	6	10	0	5.75572	0.0360236	0.0494073
RELLO	5	26	2	18.6812	0.0917778	0.122561
RELLOS	6	10	0	5.96975	0.0360236	0.0479106
RELOAD	6	13	1	8.78845	0.0946513	0.13542
RELOAN	6	16	0	10.7503	0.0241564	0.028576
RELY	4	40	0	28.57	0.0232139	0.0244597
REM	3	280	87	212.65	0.310809	0.40916
REMADE	6	11	0	8.12192	0.0332973	0.0367242
REMAIL	6	15	5	9.67347	0.31603	0.495721
REMAIN	6	28	1	16.0727	0.04766	0.0779634
REMAINS	7	11	0	4.37657	0.024286	0.0632251
REMAN	5	55	3	36.835	0.0630151	0.0905986
REMAND	6	13	1	7.78383	0.0946513	0.150741
REMANIE	7	10	0	2.52668	0.0263554	0.0973346
REMANS	6	17	1	7.91801	0.074946	0.148497
REMAP	5	25	0	16.9346	0.0230568	0.025628
REMATE	6	19	1	11.6056	0.0678801	0.105383
REMEID	6	10	0	6.30688	0.0360236	0.0457286
REMEN	5	30	3	21.0863	0.111092	0.153798
REMENS	6	14	3	8.68638	0.212168	0.341288
REMET	5	35	0	24.526	0.0169519	0.0181498
REMIND	6	10	2	5.33133	0.199777	0.363854
REMINT	6	15	1	8.72013	0.0836539	0.136362
REMISE	6	16	0	9.58725	0.0241564	0.031687
REMIT	5	40	11	28.7452	0.272174	0.379433
REMITS	6	22	7	13.1376	0.307266	0.515587
REMOTE	6	11	0	7.26955	0.0332973	0.0404662
REMS	4	122	22	88.4278	0.18283	0.251145
REN	3	561	344	430.178	0.611219	0.797757
RENAIL	6	34	14	20.2264	0.398746	0.672471
RENAILS	7	16	7	7.6333	0.412124	0.859201
RENAL	5	83	0	56.2105	0.00746476	0.00818338
RENAME	6	15	7	9.21252	0.432219	0.711908
RENAY	5	30	0	20.945	0.0195386	0.0210468
RENAYS	6	12	0	8.08307	0.0309546	0.0368796
REND	4	163	98	123.331	0.593266	0.786899
RENDER	6	12	6	8.8029	0.45309	0.640343
RENDS	5	62	47	46.3005	0.735556	0.993342
RENEST	6	40	8	25.8093	0.199936	0.309924
RENEW	5	13	5	9.81314	0.357709	0.484133
RENEY	5	23	0	17.4702	0.0248464	0.024904
RENGA	5	42	0	27.3376	0.0143013	0.0163796
RENGAS	6	16	0	7.85287	0.0241564	0.0378284
RENIED	6	19	0	11.2211	0.0207402	0.0274835
RENIES	6	32	0	19.2186	0.0128596	0.0166636
RENIG	5	58	1	39.6362	0.0269919	0.0357968
RENIGS	6	20	0	11.5349	0.0198066	0.0268007
RENIN	5	63	0	44.3709	0.0097348	0.010296
RENINS	6	22	0	12.4227	0.0181706	0.0250406
RENK	4	30	1	20.6156	0.0595545	0.0768991
RENNE	5	32	0	23.6743	0.0184147	0.0187641
RENNED	6	13	0	9.42547	0.0289199	0.0321742
RENNES	6	19	0	13.3183	0.0207402	0.0234848
RENNET	6	20	0	14.008	0.0198066	0.0224124
RENNETS	7	13	0	6.94213	0.0209898	0.0425468
RENO	4	234	29	177.062	0.126181	0.166001
RENOS	5	96	16	71.3593	0.168479	0.226113
RENS	4	273	83	203.261	0.303422	0.407699
RENT	4	248	151	185.389	0.603478	0.809113
RENTAL	6	43	3	27.4885	0.0760829	0.116796
RENTALS	7	16	2	5.87907	0.130207	0.344144
RENTE	5	86	52	62.5848	0.593011	0.818922
RENTED	6	21	11	12.7579	0.492817	0.818451
RENTER	6	18	12	12.1591	0.615431	0.930873
RENTES	6	44	20	29.8003	0.442295	0.658288
RENTIER	7	11	0	3.78746	0.024286	0.0711672
RENTS	5	131	89	99.3452	0.670119	0.887312
RENY	4	63	1	49.7139	0.0301802	0.0337666
REO	3	484	32	372.618	0.0680615	0.0877426
REOIL	5	43	4	31.5903	0.101387	0.135192
REOILS	6	14	2	9.2089	0.150491	0.226938
REOS	4	226	8	167.961	0.0392301	0.0514431
REP	3	252	68	183.713	0.270549	0.370632
REPAIR	6	10	0	5.76141	0.0360236	0.0493662
REPAST	6	21	1	13.1507	0.0620318	0.0939541
REPAY	5	13	2	9.66311	0.167446	0.22166
REPEAT	6	10	3	6.05996	0.281654	0.466554
REPEG	5	10	0	8.35964	0.050145	0.0479397
REPEL	5	14	3	10.7142	0.217098	0.28451
REPENT	6	11	1	7.31952	0.108978	0.159058
REPIN	5	32	2	21.569	0.0759393	0.107212
REPINE	6	10	2	5.62143	0.199777	0.34814
REPINS	6	13	1	7.34833	0.0946513	0.158515
REPLA	5	27	1	19.5271	0.0551012	0.0700471
REPLOT	6	12	0	9.79428	0.0309546	0.0310845
REPO	4	89	13	63.2038	0.150898	0.210374
REPOS	5	36	7	26.2542	0.197077	0.269325
REPOSE	6	11	0	7.8261	0.0332973	0.0379419
REPOST	6	17	4	11.6655	0.231087	0.339976
REPOT	5	39	8	30.2132	0.206864	0.267235
REPOTS	6	20	3	14.395	0.15486	0.215517
REPP	4	25	6	18.5334	0.242835	0.32621
REPPS	5	11	2	8.08876	0.19177	0.258093
REPRO	5	21	0	16.0735	0.0269372	0.0268846
REPROS	6	11	0	6.44632	0.0332973	0.0448832
REPS	4	123	26	83.5518	0.212908	0.312097
RERAIL	6	19	4	11.6856	0.2093	0.339443
RERAN	5	66	0	43.9967	0.00931012	0.0103807
REREAD	6	12	1	8.94793	0.101311	0.133269
RERENT	6	15	1	10.3957	0.0836539	0.11648
RERIG	5	25	0	15.4121	0.0230568	0.0279366
RERIGS	6	12	0	7.81204	0.0309546	0.0380018
RERISE	6	21	0	12.663	0.0189533	0.0246034
REROSE	6	24	0	15.8556	0.0167842	0.0199696
RERUN	5	14	0	10.4015	0.0381827	0.039708
RES	3	861	418	638.301	0.484751	0.654056
RESAID	6	33	4	19.0776	0.126087	0.215061
RESAIL	6	42	7	25.4873	0.168274	0.27606
RESALE	6	24	2	16.7418	0.0930809	0.131101
RESAT	5	201	35	145.916	0.174906	0.240643
RESAW	5	38	0	28.1807	0.0157045	0.0159142
RESAY	5	36	1	26.5124	0.0423093	0.0525737
RESEAL	6	31	9	21.495	0.284221	0.413379
RESEAT	6	50	8	35.4306	0.161644	0.228288
RESEATS	7	11	4	7.94367	0.338365	0.489916
RESECT	6	21	1	14.7247	0.0620318	0.0846065
RESEDA	6	25	0	14.9209	0.0161674	0.021135
RESEND	6	13	3	8.98998	0.226114	0.331014
RESENT	6	37	6	24.2824	0.164229	0.249763
RESES	5	67	2	53.1964	0.0378432	0.0452066
RESET	5	114	37	86.689	0.322351	0.424956
RESETS	6	34	11	26.0176	0.315904	0.41819
RESEW	5	12	0	9.10438	0.0433538	0.0445697
RESH	4	196	6	141.234	0.0351127	0.0470841
RESHES	6	20	1	15.4971	0.0648243	0.0806683
RESHINE	7	11	0	3.75952	0.024286	0.0715937
RESHOD	6	22	0	13.8899	0.0181706	0.0225891
RESHOE	6	23	0	14.8407	0.0174499	0.0212413
RESHOED	7	12	0	3.10752	0.0225179	0.0832351
RESHOT	6	30	0	20.5358	0.013658	0.015649
RESIANT	7	17	0	2.42526	0.0165085	0.100301
RESID	5	79	9	59.9971	0.117898	0.154052
RESIDE	6	26	8	16.338	0.299147	0.478298
RESIDS	6	15	0	8.8879	0.0255598	0.0339066
RESIGN	6	31	10	19.6165	0.31433	0.49915
RESILE	6	26	1	18.483	0.0510385	0.0683655
RESIN	5	159	24	115.696	0.152319	0.208832
RESINATE	8	12	0	4.88137	0.0225179	0.0577067
RESINED	7	11	1	3.30117	0.102806	0.317302
RESINS	6	30	2	17.5866	0.0757439	0.125173
RESINY	6	13	0	6.88541	0.0289199	0.0424139
RESIST	6	26	0	16.7839	0.0155944	0.0189328
RESIT	5	200	77	147.49	0.382902	0.520017
RESITE	6	66	23	42.4807	0.343627	0.535577
RESITED	7	19	6	9.7043	0.304273	0.597155
RESITES	7	18	5	6.93026	0.269021	0.680976
RESITS	6	41	17	28.0933	0.403577	0.594008
RESKIN	6	12	0	9.4775	0.0309546	0.0320159
RESLATE	7	19	5	9.98429	0.256047	0.48994
RESOD	5	71	0	52.9501	0.00867908	0.00867349
RESODS	6	14	0	9.18013	0.0271362	0.0329423
RESOLD	6	19	0	13.3388	0.0207402	0.0234514
RESOLE	6	22	0	15.0762	0.0181706	0.020932
RESORT	6	40	10	29.0393	0.247314	0.343073
RESORTS	7	10	3	6.30321	0.281987	0.46267
RESOW	5	37	1	28.3523	0.0412454	0.0493322
RESOWN	6	12	0	7.38918	0.0309546	0.0398957
RESPOT	6	20	0	13.7924	0.0198066	0.022737
REST	4	474	266	341.59	0.558728	0.775996
RESTART	7	16	2	8.66239	0.130207	0.243998
RESTATE	7	17	1	6.17275	0.0698827	0.188517
RESTED	6	43	25	29.1675	0.562664	0.837272
RESTEM	6	30	0	21.0805	0.013658	0.0152646
RESTER	6	40	20	28.957	0.484205	0.676761
RESTERS	7	12	7	7.9615	0.53214	0.827387
RESTIER	7	10	0	4.87844	0.0263554	0.0577359
RESTING	7	23	15	14.9377	0.618916	0.968046
RESTO	5	174	19	130.436	0.111108	0.147599
RESTORE	7	19	2	11.4035	0.111368	0.189648
RESTOS	6	50	5	37.8265	0.104187	0.137158
RESTS	5	90	66	70.0272	0.718356	0.929459
RESTY	5	46	3	35.277	0.0746444	0.0944378
RESUS	5	27	1	20.2471	0.0551012	0.0677272
RET	3	795	371	588.288	0.465964	0.629855
RETAG	5	62	1	44.2652	0.0253249	0.0321753
RETAGS	6	25	0	18.8568	0.0161674	0.0169658
RETAIL	6	45	28	29.9996	0.60237	0.911342
RETAILS	7	15	11	9.8441	0.67576	1
RETAIN	6	70	29	45.2538	0.40768	0.632984
RETAINS	7	18	9	11.121	0.471699	0.776306
RETAPE	6	18	2	12.0474	0.12071	0.177926
RETARD	6	17	0	12.9866	0.0228992	0.0240379
RETASTE	7	17	1	7.76043	0.0698827	0.153966
RETCH	5	37	12	27.327	0.317852	0.432808
RETE	4	204	47	148.966	0.230967	0.315964
RETEAM	6	16	1	9.73079	0.0790609	0.123633
RETEAR	6	27	0	18.6106	0.0150606	0.0171778
RETEM	5	56	0	41.3112	0.0108943	0.0110321
RETEMS	6	23	0	14.3858	0.0174499	0.0218655
RETEST	6	36	4	25.088	0.116189	0.165695
RETIA	5	159	1	109.814	0.0101394	0.0132267
RETIAL	6	49	0	30.6464	0.00859094	0.0106644
RETIE	5	101	2	72.0395	0.0254437	0.0336217
RETIED	6	25	0	15.5722	0.0161674	0.0203091
RETIES	6	62	3	38.6111	0.0535709	0.084079
RETILE	6	35	8	25.6924	0.226799	0.311276
RETILES	7	14	3	5.59132	0.210306	0.513393
RETIME	6	19	6	11.959	0.30358	0.485534
RETINA	6	74	9	48.1214	0.123862	0.189741
RETINAE	7	18	1	7.54213	0.0663418	0.157946
RETINAL	7	22	2	8.7678	0.0972924	0.241338
RETINAS	7	26	3	10.7176	0.119316	0.286901
RETINE	6	48	1	30.2746	0.028677	0.0426681
RETINES	7	24	1	9.60608	0.0508749	0.126924
RETINOL	7	15	0	5.57433	0.0184814	0.0515323
RETINT	6	35	6	24.0543	0.173055	0.252028
RETINTS	7	15	4	6.98172	0.257492	0.549692
RETIRAL	7	15	0	7.38759	0.0184814	0.0402606
RETIRE	6	20	2	12.1954	0.109842	0.175946
RETOLD	6	24	0	19.577	0.0167842	0.0163748
RETOOL	6	21	12	15.6432	0.535895	0.737114
RETORE	6	24	0	17.3138	0.0167842	0.0183878
RETORN	6	23	0	14.8848	0.0174499	0.0211828
RETORT	6	16	0	10.6815	0.0241564	0.0287429
RETOUR	6	10	0	7.34059	0.0360236	0.0401254
RETRAIN	7	16	8	10.0529	0.468508	0.760717
RETRAL	6	36	1	24.7865	0.0376823	0.0517154
RETRATE	7	14	0	5.97707	0.0196559	0.0485155
RETRIES	7	13	0	3.73642	0.0209898	0.0719503
RETRIM	6	12	0	8.11691	0.0309546	0.0367442
RETRO	5	89	1	61.7295	0.0178738	0.0232869
RETROD	6	27	0	19.3482	0.0150606	0.016558
RETROS	6	41	0	30.8604	0.0101814	0.010593
RETRY	5	24	0	17.7502	0.0239182	0.0245416
RETS	4	495	156	354.576	0.314727	0.4394
RETSINA	7	39	0	15.4192	0.00759282	0.0204488
RETSINAS	8	13	0	4.7687	0.0209898	0.0588532
RETTED	6	16	0	12.8652	0.0241564	0.024247
RETUNE	6	13	3	8.02799	0.226114	0.365916
RETUNES	7	12	3	5.4039	0.240927	0.528651
REUSE	5	31	5	22.9558	0.167031	0.223851
REV	3	92	21	68.5365	0.231788	0.309621
REVET	5	12	0	9.27527	0.0433538	0.0438621
REVIE	5	10	2	7.97022	0.20679	0.261327
REVS	4	34	1	24.5661	0.05327	0.0655341
REW	3	137	51	103.754	0.370805	0.489958
REWAN	5	20	0	13.3473	0.0281204	0.0318243
REWIN	5	15	1	10.8102	0.0923156	0.119688
REWON	5	16	1	12.84	0.0873968	0.102735
REWS	4	69	29	48.7931	0.411756	0.583857
REWTH	5	12	0	8.62281	0.0433538	0.0466921
REX	3	16	3	13.8058	0.212358	0.243495
REZ	3	20	1	17.3268	0.0924837	0.0966914
RHEA	4	108	1	82.7888	0.0180439	0.0206202
RHEAS	5	53	0	43.9248	0.0114804	0.0103972
RHETOR	6	11	0	8.08141	0.0332973	0.0368864
RHIES	5	34	0	27.1508	0.017413	0.0164865
RHIME	5	11	0	8.45793	0.0465028	0.047466
RHINE	5	36	8	27.6399	0.222872	0.290842
RHINES	6	18	5	12.3752	0.269126	0.396298
RHINO	5	21	1	15.262	0.0690112	0.0878813
RHO	3	184	17	140.553	0.0969182	0.12532
RHONE	5	35	16	25.9951	0.440595	0.599314
RHONES	6	17	7	11.6709	0.387227	0.574819
RHOS	4	71	0	53.262	0.0136067	0.0135631
RHOTIC	6	12	0	7.35747	0.0309546	0.0400453
RHY	3	59	0	47.0159	0.0190912	0.0179435
RIA	3	434	87	333.785	0.201472	0.261614
RIAD	4	104	6	76.1591	0.0650498	0.0862036
RIADS	5	36	1	25.5138	0.0423093	0.0545179
RIAL	4	155	63	111.268	0.402877	0.562025
RIALS	5	64	26	43.2615	0.398999	0.591538
RIANT	5	64	0	43.0392	0.009589	0.0106039
RIAS	4	189	9	139.06	0.0519385	0.0690516
RIATA	5	40	0	27.1289	0.0149701	0.0164991
RIATAS	6	13	0	6.49882	0.0289199	0.0445729
RIB	3	99	29	76.9551	0.293843	0.377813
RIBA	4	41	1	30.2313	0.044966	0.0540739
RIBAS	5	11	0	8.04843	0.0465028	0.0495038
RIBES	5	17	7	14.4281	0.386501	0.469416
RIBS	4	37	7	28.8852	0.196043	0.249658
RICE	4	94	47	74.0048	0.490466	0.626918
RICED	5	31	7	21.1204	0.226259	0.330477
RICER	5	25	8	18.0728	0.311162	0.433078
RICERS	6	10	2	7.68843	0.199777	0.266219
RICES	5	43	24	33.1809	0.538376	0.705843
RICH	4	48	22	36.7458	0.443485	0.584728
RICHT	5	17	0	12.0958	0.032388	0.0347559
RICY	4	14	0	11.6796	0.0569224	0.0543021
RID	3	219	110	172.019	0.499162	0.636684
RIDE	4	138	84	101.342	0.599126	0.818811
RIDENT	6	22	0	14.2295	0.0181706	0.0220884
RIDER	5	45	23	30.5651	0.4949	0.732246
RIDERS	6	25	15	17.6534	0.567366	0.818091
RIDES	5	70	45	50.3147	0.627205	0.877764
RIDGE	5	11	3	7.94893	0.264404	0.367861
RIDS	4	73	23	53.8159	0.312322	0.424289
RIEL	4	138	5	100.005	0.0424171	0.0562962
RIELS	5	65	3	48.7959	0.0537164	0.069049
RIEM	4	91	16	68.2044	0.179328	0.238057
RIEMS	5	37	10	26.6666	0.26756	0.371928
RIF	3	98	41	78.8731	0.414644	0.516997
RIFE	4	49	22	37.7484	0.435102	0.570039
RIFER	5	20	4	14.0316	0.203808	0.288129
RIFS	4	33	3	26.1351	0.108906	0.132574
RIFT	4	30	16	24.3101	0.501963	0.632754
RIFTE	5	15	4	11.799	0.261162	0.336536
RIFTS	5	19	11	15.4104	0.534748	0.678816
RIG	3	152	55	117.352	0.360777	0.467675
RIGG	4	14	3	10.4489	0.224471	0.297448
RIGS	4	62	29	45.4395	0.45549	0.624988
RILE	4	135	51	97.0193	0.374494	0.521778
RILED	5	46	5	32.7278	0.115655	0.159923
RILES	5	78	37	57.4383	0.466031	0.635896
RILEY	5	10	0	6.87137	0.050145	0.0564727
RILING	6	14	3	7.62505	0.212168	0.382823
RILL	4	41	24	29.3886	0.557155	0.784454
RILLE	5	32	18	20.0791	0.536137	0.856422
RILLES	6	19	11	11.1826	0.539279	0.923461
RILLET	6	15	1	7.74579	0.0836539	0.151389
RILLETS	7	10	0	4.72555	0.0263554	0.0593044
RILLS	5	19	9	13.4306	0.442869	0.634845
RIM	3	166	66	128.115	0.395819	0.513482
RIMA	4	78	2	57.4803	0.0368622	0.0461358
RIMAE	5	30	0	20.6755	0.0195386	0.0213028
RIME	4	81	47	61.1596	0.565562	0.754089
RIMED	5	30	5	22.2108	0.172128	0.230887
RIMER	5	28	2	21.522	0.085812	0.107431
RIMERS	6	11	1	7.46519	0.108978	0.156351
RIMES	5	45	32	33.5503	0.683312	0.926712
RIMOSE	6	11	0	5.49655	0.0332973	0.0513496
RIMS	4	70	16	51.7905	0.230284	0.310478
RIMU	4	35	0	27.0523	0.0261973	0.0257303
RIMUS	5	13	0	9.55489	0.0406043	0.0427517
RIMY	4	11	0	7.0187	0.0683793	0.081864
RIN	3	430	303	329.517	0.701289	0.916262
RIND	4	98	25	72.2689	0.255327	0.345971
RINDS	5	31	11	22.9158	0.344715	0.470061
RINE	4	247	149	185.072	0.597912	0.799803
RINES	5	145	95	108.957	0.647234	0.864416
RING	4	149	94	104.678	0.621425	0.886841
RINGED	6	15	5	9.62923	0.31603	0.497766
RINGER	6	17	7	11.6618	0.387227	0.575229
RINGS	5	69	44	46.0261	0.62201	0.935942
RINK	4	21	12	15.263	0.522749	0.731716
RINS	4	194	101	146.122	0.515495	0.686185
RINSE	5	126	69	94.2291	0.540821	0.725793
RINSED	6	38	13	23.7308	0.334216	0.537268
RINSER	6	38	14	25.3347	0.359083	0.5425
RINSES	6	21	13	12.8147	0.578974	0.958884
RIOT	4	125	20	95.6043	0.163059	0.212254
RIOTED	6	24	2	13.6499	0.0930809	0.15859
RIOTER	6	20	1	12.3264	0.0648243	0.0997244
RIOTERS	7	11	1	5.18362	0.102806	0.219156
RIOTS	5	71	14	52.3081	0.198464	0.26901
RIP	3	124	49	92.7777	0.39288	0.525546
RIPE	4	66	35	48.4696	0.515257	0.706084
RIPED	5	17	5	11.1503	0.285326	0.432917
RIPEN	5	31	1	21.9122	0.0485741	0.0629082
RIPENS	6	15	0	7.78052	0.0255598	0.0381367
RIPER	5	21	9	14.9415	0.405603	0.576466
RIPES	5	37	20	26.7946	0.51902	0.723794
RIPEST	6	19	0	11.8844	0.0207402	0.0260791
RIPP	4	15	5	10.7852	0.318388	0.444171
RIPS	4	59	17	44.3151	0.28645	0.381928
RIPT	4	40	4	29.9487	0.114319	0.14797
RISE	4	307	157	228.954	0.508255	0.682559
RISEN	5	130	12	97.7655	0.0952057	0.125657
RISER	5	89	36	65.8921	0.399272	0.541275
RISERS	6	16	3	10.4813	0.18887	0.288374
RISES	5	65	36	50.6834	0.540674	0.699058
RISHI	5	23	0	16.6635	0.0248464	0.0260108
RISING	6	11	3	6.30572	0.260339	0.451063
RISK	4	22	2	17.13	0.116548	0.142621
RISP	4	65	10	48.8818	0.159918	0.210629
RISUS	5	14	0	11.1375	0.0381827	0.0373936
RIT	3	441	250	339.635	0.564782	0.734063
RITE	4	286	170	209.862	0.589914	0.805331
RITES	5	174	110	129.815	0.625908	0.841341
RITS	4	244	71	181.126	0.290511	0.391465
RITT	4	66	31	47.325	0.458037	0.641589
RITTED	6	18	8	13.2828	0.417542	0.579929
RITTER	6	20	8	14.8213	0.379949	0.523872
RITTS	5	34	11	24.1756	0.316589	0.446989
RIVA	4	26	0	19.6923	0.0340814	0.0343949
RIVAL	5	11	0	7.39788	0.0465028	0.0531273
RIVE	4	22	12	16.4693	0.50257	0.684344
RIVES	5	10	6	7.24227	0.520081	0.741187
RIVET	5	11	1	7.31158	0.119137	0.167265
RIVO	4	12	0	9.17183	0.0640801	0.066315
RIZ	3	12	3	10.5677	0.266221	0.305556
ROACH	5	25	5	18.4341	0.203122	0.274653
ROAD	4	94	25	70.3379	0.265759	0.355186
ROADIE	6	16	1	9.40979	0.0790609	0.12741
ROADS	5	32	10	23.5373	0.306038	0.418431
ROAM	4	62	6	46.6711	0.106505	0.138256
ROAMER	6	11	0	7.95919	0.0332973	0.0373842
ROAMS	5	20	2	15.6816	0.115964	0.14397
ROAN	4	118	25	88.2279	0.213438	0.284889
ROANS	5	49	12	36.6318	0.244172	0.327168
ROAR	4	75	16	55.3519	0.215692	0.291253
ROARED	6	19	4	11.8585	0.2093	0.334911
ROARIE	6	12	0	6.63902	0.0309546	0.043765
ROARS	5	32	7	22.2012	0.219751	0.3154
ROAST	5	73	43	51.6649	0.575974	0.81784
ROASTED	7	20	10	9.06999	0.474303	1
ROASTER	7	25	14	15.0314	0.535214	0.899588
ROASTERS	8	12	6	8.66495	0.459337	0.662028
ROASTIE	7	14	1	5.22479	0.0832058	0.217683
ROASTS	6	19	7	14.1156	0.35072	0.482436
ROATE	5	100	48	72.4148	0.473303	0.655874
ROATED	6	27	3	19.5549	0.117753	0.161667
ROATES	6	58	32	40.446	0.53875	0.778458
ROB	3	101	31	74.1573	0.307324	0.417882
ROBE	4	40	15	30.3671	0.364858	0.484203
ROBED	5	16	1	11.5959	0.0873968	0.112502
ROBES	5	22	10	16.806	0.429602	0.572379
ROBLE	5	12	1	9.21677	0.111069	0.137501
ROBS	4	35	6	24.5475	0.180418	0.252763
ROC	3	178	26	135.9	0.14963	0.194745
ROCH	4	56	16	42.3019	0.284102	0.37673
ROCHES	6	11	7	7.29332	0.563061	0.874774
ROCS	4	61	1	45.4604	0.0311101	0.0367825
ROD	3	243	126	187.589	0.515453	0.668763
RODE	4	150	95	114.533	0.623885	0.820512
RODED	5	18	3	12.6916	0.175284	0.244839
RODENT	6	32	0	20.2495	0.0128596	0.0158588
RODENTS	7	14	0	4.73803	0.0196559	0.0591733
RODEO	5	31	0	22.444	0.01896	0.0197287
RODEOS	6	16	0	9.72388	0.0241564	0.0312868
RODES	5	80	60	59.4116	0.732656	0.992951
RODING	6	13	3	7.14261	0.226114	0.405241
RODS	4	93	27	69.3104	0.28914	0.388274
ROE	3	431	54	330.841	0.12696	0.164822
ROED	4	144	11	108.843	0.0812629	0.105864
ROES	4	246	13	185.34	0.0560981	0.073341
ROESTI	6	53	0	34.993	0.00796856	0.00937996
ROGER	5	21	0	15.0132	0.0269372	0.0286118
ROGERS	6	12	0	8.50488	0.0309546	0.0352593
ROHE	4	92	1	70.6545	0.0210542	0.0240563
ROHES	5	49	0	38.1757	0.0123675	0.0119041
ROID	4	85	11	65.657	0.135191	0.173275
ROIDS	5	36	6	24.4157	0.171283	0.249837
ROIL	4	96	22	71.7135	0.23041	0.307965
ROILED	6	21	3	13.5938	0.148189	0.227271
ROILS	5	32	10	22.2165	0.306038	0.441744
ROIN	4	155	30	118.095	0.195206	0.255713
ROINED	6	25	1	15.5009	0.052914	0.0806497
ROINS	5	69	14	48.7958	0.203995	0.287799
ROIST	5	72	26	49.5844	0.356307	0.518307
ROISTED	7	14	6	7.57589	0.400955	0.747069
ROISTER	7	18	5	8.42335	0.269021	0.571948
ROISTS	6	16	3	9.5079	0.18887	0.314846
ROK	3	53	10	40.9267	0.197258	0.252695
ROKE	4	20	9	14.9815	0.419121	0.568757
ROKES	5	12	7	8.50912	0.517362	0.74729
ROKS	4	16	1	11.8051	0.101441	0.1254
ROLE	4	146	72	108.969	0.487102	0.654638
ROLES	5	87	48	65.5457	0.541846	0.723081
ROLF	4	27	1	20.8587	0.0653355	0.0760873
ROLL	4	42	26	30.069	0.588586	0.829944
ROLLIE	6	14	4	7.73729	0.273845	0.49117
ROLLIES	7	10	3	4.64611	0.281987	0.600854
ROLLS	5	18	13	13.6207	0.656801	0.891568
ROM	3	174	67	137.14	0.383632	0.487389
ROMA	4	85	3	65.6066	0.0452078	0.0553594
ROMAL	5	24	0	17.6194	0.0239182	0.0247096
ROMAN	5	30	1	19.2359	0.0500565	0.0710314
ROMANS	6	11	0	5.43573	0.0332973	0.0518278
ROMEO	5	18	0	13.429	0.0308284	0.03165
ROMP	4	23	9	17.7211	0.372388	0.490399
ROMS	4	62	18	49.16	0.288584	0.365359
RONDE	5	62	22	44.1561	0.349561	0.492314
RONDES	6	37	12	22.538	0.317237	0.522072
RONDO	5	18	0	13.3888	0.0308284	0.0317356
RONE	4	208	121	158.944	0.57582	0.755715
RONEO	5	33	0	25.3365	0.0178998	0.0176015
RONEOS	6	14	0	8.35392	0.0271362	0.0358226
RONES	5	121	77	90.168	0.627306	0.845232
RONG	4	75	31	56.6665	0.405793	0.539714
RONIN	5	36	1	25.1673	0.0423093	0.0552265
RONINS	6	11	0	6.50313	0.0332973	0.0445476
RONNE	5	28	10	19.7906	0.345825	0.492101
RONNIE	6	12	0	7.15432	0.0309546	0.0410314
RONT	4	156	58	115.953	0.369089	0.4974
RONTE	5	88	44	65.0966	0.491808	0.667886
RONTES	6	60	30	41.5427	0.489283	0.71153
RONTS	5	81	15	59.7342	0.18671	0.252714
ROO	3	161	129	123.91	0.790181	1
ROOD	4	55	17	43.0912	0.305901	0.392257
ROODS	5	15	3	11.3284	0.20488	0.270877
ROOF	4	19	4	14.7536	0.219129	0.280872
ROOK	4	14	8	10.6326	0.503718	0.683899
ROOM	4	34	15	27.4125	0.422612	0.532573
ROOMS	5	13	8	10.0734	0.547971	0.73268
ROON	4	76	30	59.1921	0.3882	0.501199
ROONS	5	36	19	25.6923	0.506614	0.716358
ROOP	4	30	12	23.1888	0.383988	0.502967
ROOPS	5	10	4	7.59646	0.363436	0.492186
ROOS	4	84	49	63.7138	0.569013	0.75521
ROOSA	5	36	0	25.4636	0.0165147	0.0175184
ROOSE	5	52	25	37.9387	0.468164	0.646033
ROOSED	6	18	8	9.71182	0.417542	0.771546
ROOSER	6	13	10	9.12136	0.686233	1
ROOSES	6	14	5	8.38936	0.335522	0.562832
ROOST	5	36	17	27.3028	0.455024	0.606826
ROOT	4	80	49	60.5732	0.596139	0.793016
ROOTED	6	13	8	8.56144	0.554771	0.863453
ROOTER	6	17	12	13.1726	0.647462	0.864751
ROOTERS	7	10	7	8.47142	0.622828	0.782378
ROOTS	5	39	23	28.189	0.565993	0.790871
ROOTY	5	10	2	7.21056	0.20679	0.284144
ROPE	4	66	44	49.2252	0.644003	0.870836
ROPED	5	15	8	10.916	0.486289	0.682917
ROPER	5	23	15	17.4582	0.606971	0.816556
ROPERS	6	11	9	8.89173	0.714422	0.935024
ROPES	5	32	21	25.3105	0.622424	0.801187
ROPIER	6	11	1	5.64123	0.108978	0.198682
ROPY	4	12	0	9.74871	0.0640801	0.0631038
RORE	4	90	23	65.9302	0.255781	0.348806
RORES	5	67	17	49.7172	0.252842	0.341206
RORIE	5	23	0	15.8823	0.0248464	0.0271805
RORT	4	59	3	42.6019	0.0638931	0.0838078
RORTED	6	10	0	5.97344	0.0360236	0.0478856
RORTS	5	35	1	25.0046	0.0434296	0.0555656
RORY	4	16	1	13.3902	0.101441	0.11262
ROSACE	6	14	0	8.69299	0.0271362	0.0345817
ROSE	4	258	130	185.279	0.500254	0.697553
ROSEAL	6	28	0	18.0346	0.0145621	0.017695
ROSEATE	7	21	0	8.34573	0.0136041	0.0360894
ROSED	5	83	28	60.6395	0.333928	0.458272
ROSES	5	71	30	53.5295	0.415361	0.553845
ROSET	5	149	43	107.19	0.287546	0.400003
ROSETED	7	12	3	6.78653	0.240927	0.433587
ROSETS	6	49	17	33.3837	0.340535	0.502866
ROSETY	6	18	0	11.071	0.0217663	0.0278227
ROSHI	5	31	0	23.2443	0.01896	0.0190903
ROSIED	6	29	0	16.3855	0.0140956	0.0193643
ROSIER	6	23	8	12.758	0.334741	0.601897
ROSIERE	7	10	0	5.03144	0.0263554	0.0562472
ROSIES	6	25	3	13.4827	0.126407	0.229004
ROSIEST	7	12	0	3.47984	0.0225179	0.0761631
ROSIN	5	84	13	59.695	0.157204	0.220188
ROSINATE	8	12	0	5.02912	0.0225179	0.0562692
ROSINED	7	15	1	7.3503	0.078234	0.161617
ROSING	6	23	10	14.2087	0.414064	0.675523
ROSINS	6	15	0	7.06145	0.0255598	0.0414985
ROSINY	6	11	0	6.37539	0.0332973	0.0453093
ROSIT	5	85	29	61.0101	0.337712	0.471555
ROSITED	7	15	4	4.74886	0.257492	0.766885
ROSITS	6	16	7	9.00301	0.408488	0.726676
ROSSER	6	14	0	9.54513	0.0271362	0.0318124
ROST	4	204	121	148.343	0.586898	0.808943
ROSTED	6	38	19	25.5628	0.48342	0.725417
ROSTER	6	41	28	28.3007	0.658128	0.964011
ROSTERS	7	14	10	8.93074	0.655155	1
ROSTI	5	94	16	68.8355	0.171961	0.234228
ROSTING	7	16	8	10.5442	0.468508	0.728065
ROSTIS	6	19	1	11.4798	0.0678801	0.106438
ROSTS	5	53	23	39.895	0.423906	0.567168
ROSY	4	36	0	26.963	0.0255408	0.0258092
ROT	3	429	254	324.451	0.589686	0.780439
ROTA	4	204	30	145.932	0.149199	0.207647
ROTAL	5	65	1	44.9418	0.0242038	0.0317064
ROTAN	5	76	1	51.8574	0.0208237	0.0275962
ROTANS	6	39	1	19.5184	0.0349394	0.0649317
ROTAS	5	96	13	68.4905	0.138104	0.192514
ROTATE	6	27	0	13.9802	0.0150606	0.0224538
ROTATES	7	14	0	4.8057	0.0196559	0.0584717
ROTCH	5	16	1	10.2469	0.0873968	0.125433
ROTE	4	247	142	178.989	0.570013	0.788018
ROTED	5	82	11	58.5226	0.137319	0.191163
ROTES	5	149	82	111.918	0.544518	0.727217
ROTHER	6	16	4	11.7749	0.243774	0.337085
ROTI	4	186	16	138.613	0.0896195	0.118995
ROTING	6	22	3	10.1713	0.142069	0.296308
ROTINI	6	13	0	8.44141	0.0289199	0.035494
ROTIS	5	87	10	61.9172	0.118531	0.165158
ROTL	4	105	15	79.7422	0.147093	0.192314
ROTLS	5	48	6	37.5146	0.130796	0.165934
ROTO	4	74	19	56.8735	0.256969	0.334562
ROTOLI	6	15	0	9.02615	0.0255598	0.0334435
ROTON	5	28	6	20.2685	0.215818	0.297456
ROTONS	6	16	2	8.06534	0.133965	0.255267
ROTOR	5	15	0	10.3859	0.0360337	0.0397601
ROTOS	5	41	10	31.2593	0.243107	0.319769
ROTS	4	226	65	163.208	0.287158	0.397598
ROTTAN	6	18	0	12.5076	0.0217663	0.0248844
ROTTE	5	48	38	34.5466	0.761119	1
ROTTED	6	22	9	16.5114	0.389865	0.530383
ROTTEN	6	23	7	16.3743	0.29508	0.420062
ROTTER	6	16	11	12.0006	0.628106	0.865781
ROTTES	6	33	20	25.7485	0.580459	0.75765
ROUE	4	59	1	45.3208	0.0320993	0.0368906
ROUEN	5	17	0	13.1119	0.032388	0.0323373
ROUES	5	37	0	29.255	0.0160994	0.0153581
ROUL	4	35	2	26.1177	0.0776042	0.0972972
ROULE	5	17	2	13.5957	0.133563	0.163877
ROULS	5	12	0	9.34487	0.0433538	0.0435804
ROUM	4	28	2	22.7354	0.0946305	0.110514
ROUMS	5	11	1	8.55349	0.119137	0.146582
ROUND	5	18	8	14.1325	0.416042	0.542311
ROUP	4	23	7	15.8803	0.298053	0.429589
ROUPS	5	11	3	8.10431	0.264404	0.361904
ROUSE	5	42	29	32.82	0.66209	0.858999
ROUSER	6	12	5	8.32739	0.382734	0.566534
ROUSES	6	15	9	11.2453	0.548407	0.756705
ROUST	5	35	21	26.6597	0.572983	0.762789
ROUSTS	6	10	5	7.54268	0.445408	0.617997
ROUT	4	69	49	52.1628	0.686085	0.915782
ROUTE	5	32	25	25.5467	0.737473	0.942137
ROUTED	6	12	5	7.44668	0.382734	0.624943
ROUTES	6	21	17	13.9017	0.751287	1
ROUTH	5	14	1	11.6552	0.0978212	0.111995
ROUTS	5	41	24	33.2434	0.562978	0.704573
ROVE	4	29	16	22.9555	0.517218	0.666876
ROVEN	5	13	0	9.93287	0.0406043	0.0413371
ROVER	5	12	8	9.91558	0.585077	0.742816
ROVES	5	15	9	12.0564	0.542571	0.699243
ROW	3	82	33	62.5321	0.398721	0.523929
ROWAN	5	12	0	9.49467	0.0433538	0.0429861
ROWED	5	10	4	7.70815	0.363436	0.486209
ROWEN	5	18	0	14.5635	0.0308284	0.0294133
ROWENS	6	11	0	6.75722	0.0332973	0.0431063
ROWS	4	41	19	30.7667	0.44581	0.599794
ROWT	4	24	3	18.4476	0.144031	0.182019
ROWTS	5	17	2	13.174	0.133563	0.168589
ROYST	5	17	0	11.786	0.032388	0.035567
RUANA	5	13	0	8.48936	0.0406043	0.0473165
RUB	3	55	21	42.0382	0.377714	0.495346
RUBE	4	24	12	18.2074	0.46655	0.625955
RUBES	5	16	11	12.1205	0.620228	0.842898
RUBS	4	22	6	16.6262	0.270957	0.359318
RUC	3	62	15	49.5268	0.246287	0.30741
RUCS	4	22	3	16.8302	0.15515	0.197519
RUD	3	90	41	69.2913	0.450019	0.586351
RUDAS	5	16	0	10.9133	0.0341137	0.0380696
RUDE	4	58	31	43.9391	0.517229	0.688708
RUDER	5	16	8	11.738	0.460378	0.640478
RUDES	5	33	19	25.5454	0.549106	0.720249
RUDEST	6	19	2	11.3465	0.11502	0.18795
RUDI	4	30	2	23.2974	0.0890484	0.108075
RUDIE	5	15	1	10.7579	0.0923156	0.120199
RUDIS	5	16	0	12.1772	0.0341137	0.0345488
RUDIST	6	10	0	6.52327	0.0360236	0.0444299
RUDS	4	33	8	24.9956	0.244388	0.322232
RUE	3	174	18	134.469	0.107995	0.138222
RUED	4	76	2	57.923	0.0377849	0.0457959
RUEDAS	6	15	0	8.28817	0.0255598	0.0360736
RUER	4	38	2	27.3484	0.0720485	0.0932399
RUERS	5	20	0	14.3838	0.0281204	0.0297463
RUES	4	105	9	80.808	0.0919993	0.11753
RUG	3	53	15	40.8071	0.285332	0.36983
RUGA	4	23	0	17.1214	0.0378815	0.0389798
RUGS	4	17	5	12.3791	0.287928	0.395491
RUIN	4	57	15	45.1144	0.263018	0.333168
RUINED	6	14	4	8.39216	0.273845	0.457269
RUING	5	11	0	5.96664	0.0465028	0.0633248
RUINS	5	27	7	19.5277	0.256662	0.35552
RULE	4	44	20	33.6736	0.438766	0.579047
RULED	5	15	3	11.4323	0.20488	0.268698
RULES	5	26	16	19.7156	0.578435	0.776789
RUM	3	59	22	46.2903	0.369576	0.472503
RUME	4	25	8	19.0487	0.312026	0.412567
RUMES	5	15	6	10.9876	0.373725	0.518707
RUMOR	5	11	0	7.02768	0.0465028	0.0554363
RUMS	4	27	6	21.3116	0.22712	0.287605
RUN	3	143	92	116.428	0.634995	0.783388
RUND	4	37	13	27.9416	0.342724	0.456781
RUNDS	5	13	5	10.1849	0.357709	0.468717
RUNE	4	81	40	65.4338	0.483117	0.602854
RUNED	5	31	5	21.9612	0.167031	0.233344
RUNES	5	50	28	38.5994	0.542761	0.710219
RUNG	4	22	11	17.5246	0.463968	0.596875
RUNS	4	68	21	54.7572	0.306225	0.382137
RUNT	4	60	34	46.3485	0.547986	0.716343
RUNTED	6	11	3	7.09772	0.260339	0.407462
RUNTS	5	28	21	21.3465	0.703343	0.940263
RUSA	4	59	0	43.3712	0.0162023	0.0165092
RUSE	4	103	47	77.6675	0.449175	0.598155
RUSES	5	25	11	18.6915	0.419201	0.568452
RUSH	4	38	12	30.0791	0.310682	0.395485
RUSINE	6	14	0	7.6358	0.0271362	0.0387688
RUSK	4	11	7	8.56916	0.538011	0.72221
RUSMA	5	12	0	7.13649	0.0433538	0.0547371
RUSSE	5	13	3	9.02099	0.230867	0.330341
RUST	4	81	36	62.3783	0.436006	0.569419
RUSTED	6	14	6	10.257	0.397199	0.558327
RUSTIC	6	10	0	5.09252	0.0360236	0.0547023
RUSTS	5	24	14	18.1298	0.546937	0.737636
RUSTY	5	10	1	8.02748	0.128468	0.154684
RUT	3	161	58	124.915	0.359278	0.463447
RUTH	4	39	5	29.9128	0.140291	0.179311
RUTHS	5	17	1	13.5748	0.0829756	0.0977242
RUTIN	5	30	1	19.8161	0.0500565	0.0690971
RUTINS	6	16	1	8.54963	0.0790609	0.138773
RUTS	4	87	24	68.616	0.275223	0.349699
RYA	3	75	3	58.783	0.0532988	0.0637226
RYAL	4	28	0	21.4542	0.0319449	0.031829
RYALS	5	12	0	8.6558	0.0433538	0.0465403
RYAS	4	27	1	21.6452	0.0653355	0.073574
RYE	3	92	21	69.8801	0.231788	0.303844
RYES	4	56	15	42.9789	0.267409	0.348929
RYND	4	11	0	8.43489	0.0683793	0.0709258
RYOT	4	33	0	24.7773	0.027617	0.0279031
RYOTS	5	18	0	12.3705	0.0308284	0.0340672
RYPE	4	14	0	11.6805	0.0569224	0.0542987
RYU	3	24	0	19.6556	0.0431526	0.0404714
RYUS	4	10	0	7.96336	0.0732968	0.074228
SAAG	4	25	0	20.7445	0.0352604	0.0328151
SAB	3	125	37	95.418	0.29664	0.388315
SABE	4	55	16	43.388	0.288925	0.367749
SABED	5	22	3	15.552	0.146975	0.203744
SABER	5	29	3	22.3466	0.114589	0.145667
SABES	5	16	3	13.0032	0.193963	0.239575
SABIN	5	15	0	10.8063	0.0360337	0.0384009
SABIR	5	11	0	8.04843	0.0465028	0.0495038
SABLE	5	22	8	16.5205	0.348851	0.470406
SABLER	6	10	0	7.2122	0.0360236	0.0407456
SABOT	5	22	0	16.9203	0.0258496	0.025648
SABRA	5	16	0	11.712	0.0341137	0.0357664
SABRE	5	29	0	20.2963	0.0201537	0.0216735
SABRED	6	16	0	12.0201	0.0241564	0.0258094
SABRES	6	11	0	8.07828	0.0332973	0.0368989
SABS	4	25	10	19.3468	0.381218	0.499826
SAC	3	194	50	149.194	0.258878	0.33623
SACK	4	17	12	12.6259	0.622771	0.862178
SACRED	6	10	0	7.4122	0.0360236	0.0397877
SACS	4	29	1	21.5475	0.0613644	0.0738768
SAD	3	264	68	198.363	0.258424	0.343552
SADDO	5	11	0	8.32881	0.0465028	0.0480902
SADE	4	163	28	120.015	0.173866	0.235325
SADES	5	48	4	35.4728	0.0914014	0.120992
SADHES	6	11	0	7.16747	0.0332973	0.0409661
SADI	4	104	7	76.589	0.0743171	0.0984309
SADIRON	7	10	0	2.26712	0.0263554	0.105306
SADIS	5	23	2	17.9751	0.102463	0.127007
SADIST	6	12	0	6.29601	0.0309546	0.0457958
SADO	4	81	0	59.7962	0.0120041	0.0121328
SADOS	5	17	0	12.2167	0.032388	0.0344493
SADS	4	45	12	33.8258	0.266213	0.354314
SAE	3	538	50	409.074	0.094502	0.123737
SAETER	6	38	0	27.9971	0.0109409	0.0116355
SAETERS	7	10	0	5.11556	0.0263554	0.055461
SAFE	4	44	16	33.9605	0.355268	0.463719
SAFED	5	18	4	14.1415	0.223435	0.286102
SAFER	5	23	9	17.8117	0.374121	0.490745
SAFES	5	18	9	14.7395	0.464194	0.583644
SAFT	4	43	6	33.2899	0.149647	0.190436
SAFTER	6	18	1	13.646	0.0712383	0.0907975
SAG	3	179	84	138.372	0.46615	0.604106
SAGA	4	33	1	26.3563	0.0547134	0.0614208
SAGE	4	89	55	65.1891	0.602971	0.827751
SAGER	5	51	24	35.1411	0.458272	0.668073
SAGES	5	18	11	13.3372	0.560498	0.773731
SAGIER	6	18	0	12.055	0.0217663	0.0257408
SAGO	4	54	0	41.3957	0.0176014	0.0172579
SAGS	4	21	9	15.8319	0.402293	0.541881
SAGY	4	17	1	13.0477	0.0965886	0.115157
SAI	3	396	239	303.601	0.600841	0.784599
SAIC	4	62	1	47.7855	0.0306381	0.0350702
SAICE	5	21	0	14.5024	0.0269372	0.0295257
SAICS	5	12	0	7.7359	0.0433538	0.0511808
SAID	4	112	27	83.3866	0.241742	0.324389
SAIDS	5	20	11	15.1521	0.511261	0.689352
SAIGA	5	16	0	10.559	0.0341137	0.0391888
SAIL	4	137	87	101.243	0.624669	0.848603
SAILED	6	19	10	13.7329	0.492139	0.697198
SAILER	6	37	22	24.2038	0.572252	0.882962
SAILERS	7	12	9	7.46793	0.677747	1
SAILOR	6	14	0	6.85778	0.0271362	0.0425612
SAILS	5	25	13	17.6229	0.491227	0.704879
SAIM	4	79	13	58.2632	0.169099	0.227574
SAIMS	5	21	6	13.398	0.279381	0.434726
SAIN	4	190	106	139.035	0.551915	0.756039
SAINE	5	101	49	71.4823	0.478379	0.677959
SAINED	6	38	15	22.6527	0.38395	0.645875
SAINS	5	51	32	35.9163	0.60706	0.868096
SAINT	5	76	29	54.672	0.376299	0.524772
SAINTED	7	15	2	6.49497	0.137987	0.315491
SAINTS	6	24	13	13.3877	0.512713	0.920948
SAIR	4	189	69	139.06	0.362972	0.493908
SAIRED	6	42	24	27.2871	0.552772	0.857508
SAIRER	6	17	0	11.8891	0.0228992	0.0260697
SAIREST	7	17	0	7.03403	0.0165085	0.0420542
SAIRS	5	47	14	30.8911	0.294172	0.446934
SAIS	4	89	7	67.6319	0.086316	0.111063
SAIST	5	46	1	32.2109	0.0336337	0.043684
SAITH	5	44	0	31.1964	0.0136897	0.014446
SAITHE	6	21	0	11.5086	0.0189533	0.0268568
SAITHS	6	12	0	6.00262	0.0309546	0.0476887
SAKE	4	26	19	18.2034	0.669421	0.96976
SAKER	5	11	9	8.44523	0.700207	0.953401
SAKI	4	20	2	13.6611	0.126299	0.173882
SAL	3	370	230	280.017	0.618557	0.818285
SALAD	5	19	1	15.1342	0.0753519	0.0885572
SALADE	6	13	0	7.6761	0.0289199	0.0385907
SALAT	5	46	1	33.1829	0.0336337	0.0424593
SALATS	6	15	0	7.76333	0.0255598	0.0382107
SALE	4	184	115	134.489	0.617435	0.84705
SALEP	5	39	0	26.876	0.0153285	0.0166462
SALES	5	68	41	51.6444	0.588407	0.780516
SALET	5	98	46	70.957	0.462849	0.641465
SALETS	6	39	22	25.4202	0.544482	0.842455
SALIC	5	20	0	13.4504	0.0281204	0.0316047
SALINA	6	17	0	7.87724	0.0228992	0.0377256
SALINE	6	30	6	15.7447	0.199916	0.376386
SALINES	7	12	3	3.50059	0.240927	0.757183
SALL	4	58	34	43.3914	0.56569	0.762842
SALLE	5	34	18	24.8562	0.506973	0.701135
SALLES	6	15	6	7.71788	0.374124	0.719174
SALLET	6	20	8	11.1488	0.379949	0.681
SALMIS	6	10	0	4.92581	0.0360236	0.0562167
SALMON	6	11	0	6.1903	0.0332973	0.0464603
SALOL	5	20	0	13.9749	0.0281204	0.0305329
SALON	5	45	1	30.7228	0.0343378	0.045702
SALOP	5	24	0	16.651	0.0239182	0.0260287
SALP	4	58	2	43.8356	0.0487715	0.0598209
SALPS	5	12	1	10.1928	0.111069	0.126013
SALS	4	87	27	68.4694	0.308224	0.392897
SALSA	5	19	2	14.4207	0.121292	0.155379
SALSE	5	54	6	42.8608	0.116972	0.145932
SALT	4	148	90	110.664	0.599184	0.804339
SALTED	6	29	13	20.889	0.430583	0.606718
SALTER	6	54	38	40.6275	0.683822	0.918877
SALTERN	7	14	0	7.06674	0.0196559	0.0418816
SALTERS	7	22	18	15.8962	0.771384	1
SALTEST	7	13	0	5.56512	0.0209898	0.0516058
SALTIE	6	26	6	17.4862	0.228259	0.341112
SALTIER	7	14	2	6.38877	0.146756	0.320086
SALTIES	7	12	4	5.93271	0.313731	0.634057
SALTINE	7	13	0	5.5066	0.0209898	0.052077
SALTIRE	7	14	4	6.21614	0.273856	0.608811
SALTO	5	50	1	37.0193	0.0310841	0.0382294
SALTOS	6	15	0	9.00887	0.0255598	0.0335007
SALTS	5	42	23	32.7739	0.528065	0.685042
SALTY	5	11	0	7.84745	0.0465028	0.0505693
SALUE	5	24	0	16.2423	0.0239182	0.0266286
SALUED	6	12	0	5.61307	0.0309546	0.0504578
SALUES	6	12	0	5.0057	0.0309546	0.0554806
SALUT	5	28	2	20.7544	0.085812	0.111138
SALUTE	6	16	0	8.77528	0.0241564	0.0342935
SALUTER	7	11	0	5.72357	0.024286	0.0503717
SALVE	5	10	4	8.09568	0.363436	0.466553
SAM	3	227	62	175.35	0.273858	0.35429
SAMA	4	48	2	37.7336	0.0581677	0.06897
SAMAN	5	19	0	12.8768	0.0294122	0.0328667
SAME	4	107	33	80.4998	0.306741	0.4083
SAMEL	5	25	0	18.159	0.0230568	0.0240311
SAMEN	5	40	3	28.6082	0.0851165	0.115362
SAMES	5	29	10	20.9167	0.334939	0.467371
SAMEY	5	13	0	9.30782	0.0406043	0.04373
SAMIER	6	14	0	6.7635	0.0271362	0.0430718
SAMITE	6	13	0	5.23127	0.0289199	0.0535026
SAMLET	6	10	0	5.6162	0.0360236	0.0504343
SAMP	4	26	7	19.3164	0.268154	0.360872
SAMS	4	46	7	34.6314	0.160689	0.21067
SAN	3	387	225	299.077	0.578853	0.749907
SAND	4	101	51	73.9985	0.495868	0.679489
SANDED	6	10	3	6.2677	0.281654	0.453392
SANDER	6	39	23	24.8961	0.568746	0.897919
SANDIER	7	13	5	7.37129	0.360303	0.644676
SANDS	5	17	11	13.2167	0.588852	0.780069
SANE	4	224	75	168.86	0.333556	0.442931
SANED	5	73	11	50.2831	0.153631	0.221586
SANER	5	118	4	82.4025	0.0384228	0.0533086
SANES	5	71	28	53.919	0.388249	0.513855
SANEST	6	36	0	21.3287	0.0115135	0.0150956
SANG	4	80	39	58.9543	0.476957	0.650404
SANGA	5	21	0	14.1577	0.0269372	0.0301761
SANGER	6	20	8	12.9974	0.379949	0.591673
SANGO	5	25	0	16.4673	0.0230568	0.026295
SANGS	5	16	11	10.5968	0.620228	0.949158
SANIES	6	32	0	16.679	0.0128596	0.0190445
SANING	6	10	0	5.47488	0.0360236	0.051519
SANK	4	19	8	13.998	0.393761	0.541494
SANNIE	6	20	0	9.43218	0.0198066	0.0321537
SANS	4	92	23	67.5586	0.250447	0.34066
SANSA	5	18	0	12.4171	0.0308284	0.033953
SANSAR	6	10	0	4.61543	0.0360236	0.0592719
SANT	4	178	68	133.72	0.379424	0.505958
SANTAL	6	18	0	9.23236	0.0217663	0.0327758
SANTERA	7	22	0	7.68171	0.013031	0.0388811
SANTERO	7	28	0	9.41671	0.0104016	0.0323437
SANTIR	6	26	0	11.2773	0.0155944	0.0273588
SANTO	5	66	1	50.9026	0.0238518	0.0280992
SANTOL	6	22	0	11.6786	0.0181706	0.0264994
SANTON	6	15	0	8.24663	0.0255598	0.036234
SANTOS	6	16	1	9.80685	0.0790609	0.12277
SANTS	5	53	19	39.804	0.35218	0.471551
SAP	3	165	42	124.862	0.25596	0.337655
SAPID	5	12	0	7.2527	0.0433538	0.0540095
SAPOR	5	30	0	22.0512	0.0195386	0.0200579
SAPS	4	24	10	18.088	0.394879	0.530892
SAR	3	516	178	388.047	0.344765	0.458456
SARAN	5	56	0	39.2138	0.0108943	0.0116005
SARANS	6	14	0	7.33957	0.0271362	0.0401303
SARAPE	6	11	0	5.77683	0.0332973	0.0492554
SARD	4	133	8	99.0904	0.0658792	0.0864331
SARDEL	6	17	0	10.2304	0.0228992	0.0298877
SARDS	5	23	3	15.9296	0.141271	0.199327
SARED	5	120	4	83.2133	0.0377969	0.0527983
SAREE	5	74	1	52.4436	0.0213662	0.0272963
SAREES	6	22	0	14.6914	0.0181706	0.0214422
SARGE	5	42	1	29.7626	0.0366388	0.0471062
SARGES	6	10	0	6.79398	0.0360236	0.0429054
SARGO	5	27	0	17.9328	0.0215077	0.0243109
SARI	4	205	16	150.01	0.0814686	0.110083
SARIN	5	92	8	61.1133	0.0911728	0.135331
SARING	6	32	9	16.0196	0.275914	0.545622
SARINS	6	17	0	9.90521	0.0228992	0.0307711
SARIS	5	46	2	29.6549	0.054139	0.079377
SARK	4	31	6	23.1554	0.201093	0.266661
SARNIE	6	33	0	18.0318	0.0124944	0.0176975
SAROD	5	50	0	35.5398	0.0121331	0.0127515
SARODE	6	25	0	14.8323	0.0161674	0.0212526
SARODS	6	13	0	5.9225	0.0289199	0.0482331
SAROS	5	50	0	35.4726	0.0121331	0.0127747
SARS	4	107	16	74.7752	0.153457	0.217727
SARSEN	6	25	0	15.9124	0.0161674	0.0199028
SARSNET	7	11	0	4.11938	0.024286	0.0664632
SARTOR	6	17	0	10.1165	0.0228992	0.0301912
SARUS	5	15	0	10.0656	0.0360337	0.0408623
SASER	5	58	0	42.1352	0.0105358	0.0108237
SASH	4	37	9	29.3528	0.244937	0.309412
SASIN	5	40	0	28.2617	0.0149701	0.0158709
SASINE	6	25	0	12.4738	0.0161674	0.0249464
SAT	3	527	247	397.027	0.467619	0.621004
SATAI	5	41	0	28.6389	0.014628	0.0156722
SATAY	5	13	0	9.49353	0.0406043	0.0429906
SATE	4	348	165	253.352	0.471772	0.648695
SATED	5	116	26	84.5405	0.224305	0.307707
SATEEN	6	35	0	21.221	0.0118229	0.0151685
SATEM	5	68	0	47.6859	0.009047	0.00960197
SATES	5	130	62	93.391	0.471803	0.658427
SATI	4	215	29	157.046	0.137133	0.186871
SATIATE	7	10	0	3.99093	0.0263554	0.068208
SATIN	5	88	12	61.6591	0.139259	0.197504
SATINED	7	15	1	7.63301	0.078234	0.156264
SATINET	7	14	0	5.64792	0.0196559	0.0509534
SATING	6	28	5	13.0241	0.180051	0.378086
SATINS	6	21	3	11.4297	0.148189	0.266539
SATIRE	6	52	0	32.3245	0.00811555	0.0101289
SATIRES	7	18	0	6.09544	0.0156721	0.0476948
SATIS	5	60	5	44.0326	0.0898589	0.120208
SATORI	6	26	0	15.4439	0.0155944	0.0204667
SATRAP	6	13	0	7.1702	0.0289199	0.0409526
SATYR	5	13	0	8.94919	0.0406043	0.0452323
SAU	3	171	52	134.241	0.30439	0.387759
SAUCE	5	17	2	12.6274	0.133563	0.175118
SAUL	4	55	7	43.6769	0.136137	0.1691
SAULS	5	14	2	10.1732	0.15746	0.211965
SAULT	5	18	0	13.954	0.0308284	0.0305742
SAUNA	5	11	0	7.73001	0.0465028	0.0512135
SAUNT	5	23	9	16.3178	0.374121	0.531914
SAUT	4	70	21	54.0736	0.297938	0.386781
SAUTE	5	38	13	29.5817	0.334585	0.433584
SAUTED	6	10	4	6.06435	0.363531	0.605931
SAUTES	6	18	6	13.3569	0.318598	0.438573
SAUTS	5	21	4	16.5698	0.195233	0.247633
SAV	3	47	13	36.1145	0.279659	0.362914
SAVE	4	20	10	16.4423	0.460953	0.577849
SAVER	5	11	6	9.12516	0.482306	0.609716
SAW	3	98	33	74.2831	0.336035	0.443365
SAWED	5	10	2	6.55482	0.20679	0.307305
SAWER	5	27	11	19.5016	0.391036	0.546514
SAWN	4	22	3	17.5297	0.15515	0.190503
SAWS	4	15	6	10.373	0.371283	0.538535
SAY	3	94	31	72.8859	0.329327	0.424964
SAYED	5	15	5	10.6638	0.317443	0.450249
SAYER	5	24	9	17.3176	0.360145	0.503637
SAYNE	5	12	0	8.68193	0.0433538	0.0464207
SAYS	4	17	10	12.5746	0.527102	0.729484
SCAB	4	17	3	13.2516	0.192258	0.24337
SCAD	4	49	5	36.7566	0.113773	0.147781
SCAG	4	24	1	18.0212	0.0723595	0.0867828
SCAIL	5	25	0	17.8229	0.0230568	0.0244493
SCAILS	6	10	0	6.14502	0.0360236	0.0467508
SCALA	5	16	1	11.8078	0.0873968	0.11071
SCALE	5	31	23	23.8265	0.700085	0.927154
SCALER	6	16	12	11.7784	0.68301	0.958393
SCALES	6	14	10	8.24251	0.643908	1
SCALP	5	10	4	6.61631	0.363436	0.551698
SCAM	4	35	5	26.9484	0.154715	0.197569
SCAN	4	61	24	45.3612	0.385473	0.52081
SCAND	5	14	0	9.67714	0.0381827	0.0422837
SCANT	5	31	15	22.1415	0.463172	0.65473
SCANTS	6	11	7	6.75311	0.563061	0.934982
SCAPE	5	13	6	9.83825	0.421129	0.571335
SCAR	4	92	58	68.5817	0.615391	0.830461
SCARE	5	68	41	52.4511	0.588407	0.768843
SCARED	6	20	12	15.4061	0.56002	0.747707
SCARER	6	13	6	10.6963	0.423308	0.537527
SCARES	6	24	15	18.5648	0.58901	0.78017
SCARP	5	12	5	9.48149	0.381931	0.498768
SCARRE	6	11	0	5.10226	0.0332973	0.0546163
SCARS	5	27	6	20.2921	0.223069	0.297135
SCART	5	49	22	37.1396	0.437343	0.581736
SCARTH	6	13	0	9.45175	0.0289199	0.032094
SCARTS	6	17	14	12.4318	0.751556	1
SCAT	4	83	27	60.3213	0.322411	0.444131
SCATH	5	17	7	13.8031	0.386501	0.488601
SCATHE	6	10	4	6.94465	0.363531	0.539591
SCATS	5	24	11	17.7212	0.434862	0.597163
SCATT	5	10	3	6.36612	0.285113	0.441977
SCAW	4	14	2	10.3412	0.168621	0.220045
SCEAT	5	35	3	27.5929	0.0963849	0.11939
SCEATS	6	12	2	8.07417	0.171666	0.255021
SCENA	5	32	0	24.663	0.0184147	0.0180547
SCENAS	6	10	0	5.98187	0.0360236	0.0478285
SCEND	5	14	0	10.8386	0.0381827	0.0383003
SCENE	5	21	0	17.1616	0.0269372	0.0253161
SCENT	5	36	12	28.8613	0.326051	0.410929
SCENTS	6	17	5	11.2546	0.283134	0.432257
SCERNE	6	15	1	9.06599	0.0836539	0.131721
SCIENT	6	13	0	7.89091	0.0289199	0.0376683
SCION	5	15	0	11.1503	0.0360337	0.0373556
SCLATE	6	14	0	8.33763	0.0271362	0.0358845
SCLERA	6	16	0	9.76119	0.0241564	0.0311793
SCLERE	6	12	0	8.75494	0.0309546	0.0343643
SCOG	4	17	0	12.851	0.0487538	0.050066
SCONE	5	24	7	17.3917	0.285428	0.395739
SCOOT	5	13	10	10.3125	0.674813	0.887295
SCOP	4	21	11	15.3842	0.482597	0.669677
SCOPE	5	10	7	7.17777	0.598404	0.862074
SCORE	5	41	22	30.144	0.517282	0.710383
SCORED	6	15	6	9.83686	0.374124	0.579782
SCORER	6	12	9	8.11988	0.664158	1
SCORES	6	15	6	11.1716	0.374124	0.516699
SCORIA	6	10	0	5.53855	0.0360236	0.0510245
SCORN	5	21	6	16.079	0.279381	0.368388
SCOT	4	62	10	46.8046	0.167198	0.219563
SCOTER	6	21	0	13.8358	0.0189533	0.0226709
SCOTS	5	18	3	14.0133	0.175284	0.223966
SCOUR	5	10	7	6.77609	0.598404	0.903965
SCOUT	5	14	10	11.1166	0.634568	0.830698
SCRAE	5	42	0	31.487	0.0143013	0.0143186
SCRAES	6	13	0	10.3415	0.0289199	0.0295972
SCRAM	5	18	4	12.8215	0.223435	0.312491
SCRAN	5	31	0	22.8305	0.01896	0.0194152
SCRANS	6	11	0	6.94224	0.0332973	0.042114
SCRAP	5	11	4	7.88401	0.337038	0.477088
SCRAT	5	38	0	28.2822	0.0157045	0.01586
SCRATS	6	13	0	9.74185	0.0289199	0.0312349
SCRAW	5	11	2	7.84668	0.19177	0.264784
SCREAM	6	13	3	8.93789	0.226114	0.332733
SCREE	5	26	8	21.1139	0.300345	0.374813
SCREEN	6	11	1	7.87935	0.108978	0.149137
SCREES	6	12	3	8.27126	0.242022	0.356413
SCREET	6	13	0	8.23273	0.0289199	0.036288
SCRIES	6	13	0	8.83231	0.0289199	0.0340965
SCRINE	6	10	0	5.59979	0.0360236	0.0505579
SCROD	5	17	0	12.6073	0.032388	0.0334949
SCRY	4	10	0	7.79116	0.0732968	0.075512
SCUD	4	15	1	12.489	0.106807	0.119547
SCUL	4	22	1	17.5962	0.077946	0.0886495
SCUR	4	22	3	16.8302	0.15515	0.197519
SCUSE	5	16	0	12.5399	0.0341137	0.0336558
SCUT	4	39	4	30.6525	0.116984	0.144797
SCUTE	5	18	0	14.6092	0.0308284	0.0293298
SCUTS	5	11	2	8.77582	0.19177	0.240819
SDAINE	6	13	0	7.33327	0.0289199	0.0401603
SDEIN	5	66	0	44.7509	0.00931012	0.0102114
SDEINS	6	17	0	10.6328	0.0228992	0.0288621
SEA	3	614	468	466.138	0.759503	1
SEABED	6	10	0	7.08314	0.0360236	0.0413885
SEAL	4	226	136	165.835	0.595981	0.814
SEALED	6	22	12	14.0205	0.513763	0.816244
SEALER	6	32	17	23.7837	0.50974	0.696901
SEALERS	7	10	8	6.83405	0.708038	1
SEALINE	7	15	0	5.35417	0.0184814	0.0533458
SEALING	7	13	10	8.06187	0.699616	1
SEALS	5	64	46	50.809	0.698545	0.888589
SEAM	4	125	43	94.5046	0.341485	0.452594
SEAME	5	31	18	24.038	0.552014	0.723609
SEAMEN	6	10	0	4.92903	0.0360236	0.0561867
SEAMER	6	16	8	10.9755	0.463392	0.690779
SEAMS	5	25	11	19.2339	0.419201	0.553574
SEAN	4	269	107	201.05	0.395812	0.530238
SEANCE	6	12	0	8.06367	0.0309546	0.0369578
SEANED	6	28	13	18.189	0.444834	0.691663
SEANS	5	66	34	50.5127	0.503728	0.662893
SEAR	4	337	210	244.827	0.618997	0.853275
SEARCE	6	19	0	12.1688	0.0207402	0.0255201
SEARCH	6	20	2	12.9312	0.109842	0.166716
SEARE	5	120	77	89.9711	0.632416	0.847051
SEARED	6	36	28	25.6388	0.74424	1
SEARER	6	21	0	14.5783	0.0189533	0.0215969
SEAREST	7	17	0	6.09545	0.0165085	0.0476947
SEARING	7	19	14	11.501	0.690082	1
SEARS	5	79	45	60.0702	0.55817	0.738663
SEAS	4	169	43	122.925	0.254586	0.349766
SEASE	5	54	18	42.0841	0.32836	0.423927
SEASED	6	13	6	8.20909	0.423308	0.681208
SEASON	6	18	0	9.96425	0.0217663	0.0306069
SEAT	4	332	153	241.098	0.45852	0.63204
SEATED	6	23	10	15.122	0.414064	0.637482
SEATER	6	49	26	37.0813	0.51627	0.689904
SEATERS	7	15	6	9.36163	0.376997	0.617091
SEATING	7	15	8	7.41141	0.496503	1
SEATS	5	100	49	74.5366	0.483034	0.650723
SEC	3	245	27	190.861	0.113351	0.144468
SECANT	6	21	0	13.5028	0.0189533	0.023188
SECERN	6	10	0	6.94292	0.0360236	0.0421104
SECH	4	61	2	45.6303	0.0465172	0.0575746
SECHS	5	13	0	9.71585	0.0406043	0.0421376
SECO	4	82	2	64.6944	0.0351458	0.0411578
SECRET	6	18	0	12.3134	0.0217663	0.0252448
SECRETS	7	10	0	4.52162	0.0263554	0.0615342
SECS	4	51	4	39.4275	0.0914158	0.114248
SECT	4	102	8	79.1861	0.085163	0.107581
SECTOR	6	14	0	8.53064	0.0271362	0.035165
SECTS	5	18	1	14.9878	0.0789802	0.0893438
SED	3	491	65	372.876	0.133796	0.175679
SEDAN	5	69	0	50.6258	0.00892094	0.0090603
SEDANS	6	21	0	13.36	0.0189533	0.023417
SEDATE	6	29	0	20.4205	0.0140956	0.0157328
SEDATER	7	10	0	3.51713	0.0263554	0.0755204
SEDENT	6	27	0	16.7902	0.0150606	0.0189261
SEDER	5	73	0	52.1936	0.00844998	0.00879571
SEDERS	6	16	0	11.0713	0.0241564	0.027822
SEDES	5	19	1	12.2762	0.0753519	0.106943
SEDGE	5	13	1	8.98854	0.104025	0.140496
SEDILE	6	19	0	9.61278	0.0207402	0.0316114
SEE	3	306	202	239.438	0.655965	0.839831
SEED	4	113	34	80.506	0.299552	0.420366
SEEDS	5	29	9	20.5256	0.30346	0.43025
SEEING	6	15	2	7.97139	0.141748	0.257911
SEEK	4	24	6	17.2202	0.251537	0.348308
SEEL	4	95	39	69.2744	0.404622	0.556446
SEELD	5	19	0	13.6953	0.0294122	0.031095
SEELS	5	27	18	20.4391	0.62619	0.842361
SEEM	4	64	17	47.4795	0.265358	0.357583
SEEMS	5	18	6	13.1109	0.319739	0.443275
SEEN	4	142	44	107.828	0.308551	0.406862
SEEP	4	57	16	40.3632	0.279437	0.393905
SEEPS	5	22	8	16.0986	0.348851	0.481688
SEEPY	5	11	0	8.81128	0.0465028	0.0458378
SEER	4	189	95	136.993	0.497753	0.688084
SEERS	5	63	32	47.0612	0.496296	0.668825
SEES	4	71	12	49.7519	0.173809	0.245622
SEFER	5	12	0	10.1823	0.0433538	0.0404536
SEG	3	202	32	152.154	0.161337	0.213116
SEGAR	5	49	1	37.5365	0.0316845	0.0377227
SEGNI	5	58	0	41.3973	0.0105358	0.0110099
SEGNO	5	43	0	31.5126	0.0139888	0.0143075
SEGO	4	74	0	55.2873	0.0130827	0.013085
SEGS	4	28	10	21.8039	0.345373	0.448585
SEI	3	637	232	494.11	0.363934	0.469287
SEIF	4	73	1	57.4755	0.0262558	0.0293722
SEIK	4	42	0	32.1701	0.0222025	0.021895
SEIL	4	204	81	150.125	0.394503	0.536817
SEILED	6	13	2	8.40331	0.160383	0.246184
SEILS	5	59	21	44.9873	0.350349	0.461993
SEINE	5	89	1	66.2162	0.0178738	0.0217437
SEINED	6	26	0	14.9376	0.0155944	0.0211129
SEINER	6	32	0	19.2186	0.0128596	0.0166636
SEINERS	7	10	0	4.88342	0.0263554	0.0576862
SEINES	6	32	1	18.085	0.0420879	0.0697841
SEIR	4	312	78	229.148	0.250136	0.340456
SEIRS	5	96	29	71.3523	0.300101	0.404603
SEIS	4	194	31	145.996	0.161791	0.214307
SEISE	5	61	0	47.8492	0.0100401	0.00957018
SEISED	6	17	0	9.00678	0.0228992	0.0335076
SEISER	6	25	0	16.6623	0.0161674	0.0190624
SEISM	5	41	0	30.0248	0.014628	0.014983
SEISOR	6	25	0	13.4827	0.0161674	0.02322
SEITAN	6	60	0	33.1595	0.00707197	0.00988201
SEITANS	7	14	0	2.68263	0.0196559	0.0931003
SEITEN	6	41	0	23.6415	0.0101814	0.0136843
SEITY	5	31	0	22.5657	0.01896	0.0196288
SEKT	4	25	1	19.1381	0.0698562	0.0822328
SEL	3	458	168	343.933	0.366412	0.487999
SELAH	5	53	0	40.6049	0.0114804	0.0112172
SELAHS	6	14	0	9.76392	0.0271362	0.0311714
SELD	4	108	11	81.0989	0.107405	0.14114
SELE	4	102	29	76.6589	0.283453	0.377449
SELES	5	20	10	14.8658	0.467339	0.640277
SELF	4	43	3	33.6488	0.0856878	0.104759
SELL	4	76	50	56.6979	0.638496	0.862214
SELLA	5	47	1	34.4824	0.0329578	0.0409255
SELLAE	6	20	0	10.3688	0.0198066	0.0295268
SELLAS	6	15	1	7.71788	0.0836539	0.151869
SELLE	5	30	17	23.9535	0.538342	0.686708
SELLER	6	12	7	7.11093	0.523446	0.894216
SELLS	5	22	15	16.5565	0.631478	0.857355
SELS	4	116	19	85.1318	0.166959	0.226262
SEMATIC	7	10	0	3.1102	0.0263554	0.0831794
SEME	4	67	20	51.5528	0.296441	0.386316
SEMEIA	6	13	0	6.59617	0.0289199	0.0440088
SEMEN	5	32	10	24.0437	0.306038	0.410133
SEMENS	6	10	2	6.53842	0.199777	0.306323
SEMES	5	11	1	8.47709	0.119137	0.147706
SEMI	4	121	0	91.9497	0.00815988	0.00798767
SEMIE	5	31	0	21.7595	0.01896	0.0203096
SEMIES	6	11	0	5.12506	0.0332973	0.0544161
SEMINA	6	27	0	13.3465	0.0150606	0.0234389
SEMINAR	7	12	0	3.89516	0.0225179	0.0695696
SEMIS	5	38	0	27.3082	0.0157045	0.0163963
SEN	3	633	314	491.031	0.494995	0.638489
SENA	4	300	23	225.355	0.0790352	0.104394
SENAS	5	71	7	53.919	0.103572	0.134855
SENATE	6	53	0	31.8849	0.00796856	0.0102639
SENATES	7	12	0	4.76436	0.0225179	0.0588983
SENATOR	7	22	0	6.48226	0.013031	0.0451964
SEND	4	163	76	123.332	0.461455	0.611586
SENDAL	6	16	0	10.6922	0.0241564	0.0287168
SENDER	6	23	11	16.265	0.453725	0.653113
SENDERS	7	10	6	7.7714	0.537618	0.730229
SENDS	5	30	19	23.6995	0.599378	0.77303
SENE	4	144	46	112.089	0.317901	0.409196
SENEGA	6	12	0	6.33806	0.0309546	0.0455368
SENES	5	32	11	25.2591	0.3348	0.428883
SENGI	5	53	0	38.3449	0.0114804	0.0118536
SENHOR	6	23	0	14.9782	0.0174499	0.0210596
SENILE	6	22	0	11.1254	0.0181706	0.0276989
SENIOR	6	39	0	23.2821	0.0106754	0.013886
SENIORS	7	11	0	4.27443	0.024286	0.0644725
SENNA	5	55	0	41.0936	0.0110829	0.0110884
SENNAS	6	13	0	6.71676	0.0289199	0.0433295
SENNET	6	20	0	12.9465	0.0198066	0.0241066
SENNIT	6	26	0	16.1299	0.0155944	0.0196516
SENOR	5	121	0	90.168	0.00517288	0.00515159
SENORA	6	43	0	24.544	0.009731	0.0132026
SENORES	7	17	0	6.25081	0.0165085	0.0466588
SENORITA	8	16	0	4.51529	0.0174394	0.0616061
SENORS	6	27	0	17.774	0.0150606	0.0179393
SENS	4	157	51	119.151	0.323291	0.426587
SENSA	5	71	0	53.1124	0.00867908	0.0086477
SENSATE	7	12	0	3.75341	0.0225179	0.0716878
SENSE	5	58	8	45.4155	0.142185	0.180623
SENSED	6	15	1	9.77458	0.0836539	0.123135
SENSEI	6	22	0	13.7355	0.0181706	0.0228242
SENSI	5	78	0	58.3176	0.00792687	0.00789507
SENSOR	6	25	1	15.5325	0.052914	0.0804961
SENT	4	305	149	229.674	0.485648	0.645933
SENTE	5	106	36	82.5421	0.336867	0.434027
SENTED	6	34	11	22.0662	0.315904	0.489532
SENTI	5	130	2	99.5364	0.0198861	0.0244707
SENTRY	6	11	0	6.21236	0.0332973	0.04632
SENTS	5	92	53	70.505	0.566018	0.742721
SEPAD	5	20	0	13.31	0.0281204	0.0319045
SEPAL	5	37	0	26.8984	0.0160994	0.016633
SEPIC	5	12	0	9.77029	0.0433538	0.0419339
SEPS	4	54	5	37.263	0.103949	0.145883
SEPT	4	83	5	63.0044	0.0692618	0.0882596
SEPTA	5	37	1	27.8871	0.0412454	0.0501134
SEPTAL	6	13	0	8.94952	0.0289199	0.0336986
SEPTS	5	26	1	20.572	0.0570166	0.0667296
SER	3	861	291	638.301	0.337891	0.455754
SERA	4	437	93	311.494	0.213241	0.298898
SERAC	5	102	0	77.8755	0.006111	0.0059495
SERACS	6	24	0	18.5648	0.0167842	0.0172178
SERAI	5	166	0	115.79	0.00379359	0.00402612
SERAIL	6	58	0	37.8608	0.00730687	0.00868946
SERAILS	7	12	0	6.14137	0.0225179	0.0473838
SERAIS	6	51	0	30.3481	0.00826806	0.0107656
SERAL	5	142	1	100.584	0.0113301	0.0144228
SERANG	6	28	0	18.1342	0.0145621	0.0176033
SERAPE	6	21	0	13.5769	0.0189533	0.0230709
SERAPH	6	19	3	10.7195	0.16216	0.28256
SERDAB	6	13	0	8.37541	0.0289199	0.0357413
SERE	4	254	94	181.01	0.368427	0.517276
SERED	5	85	8	60.9514	0.0984444	0.135682
SEREIN	6	49	0	33.2443	0.00859094	0.00985762
SEREINS	7	10	0	4.61471	0.0263554	0.0604959
SERER	5	56	0	39.4553	0.0108943	0.0115321
SERES	5	50	34	38.3079	0.656467	0.866183
SEREST	6	36	0	24.8988	0.0115135	0.0130224
SERF	4	107	9	81.5925	0.0903403	0.116429
SERFS	5	17	0	13.4047	0.032388	0.0317017
SERGE	5	41	5	29.1337	0.128868	0.178692
SERIAL	6	55	1	32.5962	0.0251684	0.039728
SERIALS	7	12	0	5.51103	0.0225179	0.052041
SERIATE	7	27	0	9.16874	0.0107636	0.0331401
SERIC	5	67	0	49.548	0.00917667	0.00925164
SERIES	6	33	0	21.1211	0.0124944	0.0152367
SERIF	5	49	0	38.3783	0.0123675	0.0118436
SERIFS	6	11	0	7.52195	0.0332973	0.039281
SERIN	5	169	27	122.534	0.160916	0.221507
SERINE	6	53	0	32.7232	0.00796856	0.0100095
SERINES	7	19	0	7.65773	0.0149163	0.03899
SERING	6	60	27	37.811	0.441062	0.702668
SERINGA	7	19	6	12.0204	0.304273	0.490129
SERINS	6	39	5	22.3889	0.131995	0.227319
SERK	4	43	3	30.5711	0.0856878	0.114609
SERMON	6	14	0	9.03542	0.0271362	0.0334129
SERON	5	145	0	108.368	0.00433272	0.00429812
SERONS	6	36	0	23.6382	0.0115135	0.0136861
SEROON	6	29	0	17.8519	0.0140956	0.0178656
SEROSA	6	47	0	33.887	0.00894007	0.00967651
SEROSAE	7	10	0	3.62214	0.0263554	0.0737676
SEROSAL	7	14	0	7.57907	0.0196559	0.0393516
SEROTINE	8	11	0	2.80794	0.024286	0.0899559
SEROUS	6	22	0	13.9857	0.0181706	0.0224455
SEROW	5	32	0	24.4404	0.0184147	0.0182098
SERPENT	7	10	0	3.97887	0.0263554	0.0683764
SERR	4	140	29	102.458	0.208604	0.284374
SERRA	5	74	15	52.2232	0.203735	0.288052
SERRAE	6	19	0	12.7985	0.0207402	0.0243634
SERRAN	6	30	0	18.9423	0.013658	0.0168934
SERRANO	7	10	0	4.24021	0.0263554	0.0649015
SERRAS	6	20	1	13.4658	0.0648243	0.0919211
SERRATE	7	13	1	5.12194	0.0888524	0.2214
SERRATI	7	18	1	8.21078	0.0663418	0.146357
SERRE	5	43	7	29.462	0.166935	0.241412
SERRED	6	17	2	11.6551	0.126993	0.183401
SERRS	5	32	3	23.198	0.104702	0.140643
SERRY	5	20	0	14.5046	0.0281204	0.0295217
SERS	4	217	25	153.265	0.117784	0.165681
SERUM	5	20	0	14.3095	0.0281204	0.0298863
SERVE	5	15	0	12.0616	0.0360337	0.0348437
SERVO	5	20	0	16.8794	0.0281204	0.0257051
SESAME	6	12	0	6.51149	0.0309546	0.0444987
SESE	4	121	4	89.7956	0.0401841	0.051672
SESH	4	85	0	63.878	0.011464	0.0113829
SESTINA	7	14	0	4.50433	0.0196559	0.061731
SESTON	6	19	0	12.2794	0.0207402	0.0253089
SET	3	842	333	636.821	0.395141	0.522542
SETA	4	426	122	306.154	0.286154	0.398134
SETAE	5	116	1	86.4315	0.0138105	0.0167443
SETAL	5	153	30	111.788	0.196705	0.269004
SETON	5	123	0	95.384	0.00509062	0.00487421
SETONS	6	36	0	22.554	0.0115135	0.0143135
SETOUS	6	10	0	7.72218	0.0360236	0.038389
SETS	4	257	83	183.28	0.32203	0.451627
SETT	4	133	59	97.7948	0.4384	0.597762
SETTER	6	30	20	24.4693	0.634517	0.79556
SETTERS	7	11	7	9.11311	0.573924	0.732251
SETTLE	6	13	7	10.4199	0.489039	0.637268
SETTS	5	51	22	39.3553	0.421075	0.550179
SEV	3	82	17	62.5893	0.212176	0.276271
SEVER	5	15	10	12.2511	0.598853	0.762113
SEVS	4	15	1	12.0264	0.106807	0.123444
SEW	3	134	45	105.053	0.335329	0.428043
SEWAN	5	22	0	15.5857	0.0258496	0.0276526
SEWAR	5	27	0	19.8689	0.0215077	0.0221072
SEWED	5	11	5	7.99308	0.409672	0.577052
SEWEL	5	12	0	9.34938	0.0433538	0.0435623
SEWEN	5	14	0	11.1055	0.0381827	0.0374885
SEWER	5	11	4	8.53259	0.337038	0.446214
SEWIN	5	19	0	15.0547	0.0294122	0.02854
SEWN	4	46	3	35.7707	0.0805368	0.0988998
SEWS	4	28	12	20.209	0.408058	0.569956
SEX	3	17	7	14.1785	0.394717	0.4831
SEY	3	154	16	119.818	0.109009	0.138428
SEYEN	5	15	0	11.601	0.0360337	0.0360695
SEYS	4	31	5	24.1874	0.172444	0.218269
SEZ	3	21	1	18.1934	0.08875	0.0925698
SHA	3	212	151	162.565	0.705372	0.922162
SHAD	4	67	27	52.0662	0.395164	0.511738
SHADE	5	36	18	26.7489	0.480819	0.654142
SHADER	6	25	13	14.26	0.493872	0.868635
SHADES	6	11	5	6.86083	0.4117	0.670958
SHADS	5	10	3	6.50652	0.285113	0.434217
SHAFT	5	10	5	7.59596	0.441759	0.602274
SHAG	4	30	8	23.5269	0.266012	0.340653
SHAH	4	18	0	14.982	0.0465282	0.0438436
SHAIRD	6	11	0	6.27953	0.0332973	0.0458982
SHALE	5	31	20	23.7749	0.611242	0.810303
SHALED	6	10	4	7.66445	0.363531	0.495254
SHALES	6	14	9	9.76392	0.582231	0.859928
SHALL	5	10	0	7.43361	0.050145	0.0529146
SHALOT	6	11	0	6.56797	0.0332973	0.0441707
SHALT	5	26	1	19.5368	0.0570166	0.0700148
SHALY	5	11	0	8.72995	0.0465028	0.0462026
SHAM	4	40	23	33.1174	0.547069	0.673205
SHAME	5	14	13	10.5643	0.813484	1
SHAN	4	69	19	52.046	0.274592	0.364355
SHAND	5	12	0	8.89412	0.0433538	0.0454721
SHANS	5	19	4	13.7497	0.213171	0.293457
SHAPE	5	15	7	11.4399	0.430007	0.577904
SHAPER	6	10	5	6.04579	0.445408	0.747533
SHAPS	5	10	4	8.22277	0.363436	0.460448
SHARD	5	22	7	16.3782	0.308476	0.418185
SHARE	5	69	42	50.1086	0.594143	0.823129
SHARED	6	30	12	18.5557	0.386173	0.62787
SHARER	6	11	5	5.78645	0.4117	0.775702
SHARES	6	24	14	15.7904	0.550861	0.849132
SHARIA	6	11	0	7.15209	0.0332973	0.0410425
SHARN	5	25	0	18.5277	0.0230568	0.0235885
SHARON	6	12	0	4.44875	0.0309546	0.0610537
SHAT	4	105	31	80.144	0.29401	0.385766
SHAUL	5	11	0	8.77907	0.0465028	0.0459816
SHAW	4	21	12	15.1334	0.522749	0.737198
SHAY	4	28	13	21.9378	0.439401	0.570565
SHAYS	5	10	7	7.48961	0.598404	0.832136
SHE	3	280	165	214.27	0.585679	0.766528
SHEA	4	117	59	88.3305	0.496415	0.660279
SHEAL	5	31	15	23.4213	0.463172	0.621093
SHEALS	6	10	7	6.97954	0.609162	0.908765
SHEAR	5	67	40	49.6857	0.582508	0.790849
SHEARS	6	19	12	13.1073	0.586419	0.868723
SHEAS	5	31	2	23.703	0.0781882	0.09813
SHEATH	6	17	0	10.7111	0.0228992	0.0286709
SHED	4	89	5	65.8757	0.0647887	0.0845349
SHEDS	5	25	2	18.1928	0.095083	0.125602
SHEEL	5	14	6	10.2571	0.396014	0.550963
SHEEN	5	29	3	22.6123	0.114589	0.144061
SHEENS	6	14	1	11.1964	0.0888134	0.108892
SHEEP	5	11	4	8.40047	0.337038	0.452175
SHEER	5	40	14	31.1841	0.34232	0.442926
SHEERS	6	19	4	13.4703	0.2093	0.297851
SHEET	5	46	21	35.9294	0.443741	0.573826
SHEETS	6	19	13	14.1076	0.633559	0.877344
SHEITAN	7	11	0	1.43618	0.024286	0.142725
SHELL	5	10	8	7.43061	0.676727	0.94974
SHELTA	6	12	0	9.00096	0.0309546	0.0335269
SHEN	4	113	41	88.0997	0.35943	0.462552
SHEND	5	29	11	22.9207	0.366417	0.469967
SHENT	5	62	21	48.0657	0.334121	0.433295
SHEOL	5	22	1	16.8087	0.0662248	0.0804535
SHERD	5	41	1	30.8088	0.0374759	0.0455802
SHERDS	6	11	0	7.79534	0.0332973	0.0380731
SHERE	5	54	20	40.7204	0.363591	0.485004
SHERIA	6	31	0	18.157	0.0132468	0.0175825
SHERO	5	73	1	53.3708	0.0216482	0.0268349
SHES	4	88	7	67.0075	0.0872552	0.112065
SHET	4	168	44	125.875	0.261884	0.349516
SHETS	5	61	23	46.67	0.370724	0.48738
SHEW	4	25	11	19.163	0.415814	0.551021
SHH	3	50	1	38.6959	0.0408843	0.0460898
SHIAI	5	13	0	9.57419	0.0406043	0.0426771
SHIED	5	34	2	25.0532	0.0718086	0.0931384
SHIEL	5	26	0	19.9706	0.0222554	0.0220024
SHIER	5	60	2	45.9211	0.0420636	0.0521437
SHIERS	6	18	0	14.5002	0.0217663	0.0217051
SHIES	5	33	2	26.5492	0.0738162	0.0881691
SHIEST	6	19	0	14.9517	0.0207402	0.0210945
SHIM	4	32	3	25.1544	0.111939	0.137333
SHIN	4	107	57	83.6744	0.523142	0.672794
SHINE	5	61	39	44.7914	0.621635	0.852876
SHINED	6	22	12	13.4803	0.513763	0.846494
SHINER	6	25	15	17.1043	0.567366	0.842776
SHINES	6	19	11	13.2067	0.539279	0.792766
SHINS	5	32	10	23.1263	0.306038	0.425418
SHINY	5	12	1	8.16803	0.111069	0.152433
SHIP	4	29	6	22.4067	0.213316	0.274787
SHIR	4	87	39	67.8764	0.44023	0.567553
SHIRE	5	64	32	48.0316	0.488863	0.655719
SHIRED	6	22	11	14.8472	0.472464	0.711194
SHIRES	6	18	9	12.8615	0.467014	0.669079
SHIRR	5	17	0	11.5656	0.032388	0.0361673
SHIRRA	6	14	0	6.50231	0.0271362	0.0445524
SHIRS	5	23	2	17.6631	0.102463	0.129076
SHIRT	5	35	8	26.5361	0.228773	0.302298
SHIRTS	6	10	3	6.57555	0.281654	0.435197
SHISO	5	15	0	11.2184	0.0360337	0.0371556
SHIST	5	24	3	18.5616	0.135994	0.173163
SHIT	4	93	47	72.6568	0.495527	0.638213
SHITE	5	58	34	46.872	0.570044	0.712797
SHITED	6	20	4	13.5478	0.199878	0.296275
SHITES	6	24	15	17.3821	0.58901	0.830106
SHITS	5	26	10	20.978	0.369868	0.466095
SHIUR	5	11	0	8.35288	0.0465028	0.0479726
SHLEP	5	12	0	9.34607	0.0433538	0.0435756
SHMO	4	28	0	22.4215	0.0319449	0.0305768
SHMOE	5	10	0	8.2378	0.050145	0.0485401
SHO	3	214	151	163.968	0.698894	0.914374
SHOAL	5	21	8	16.1571	0.363529	0.480093
SHOALS	6	10	4	6.30565	0.363531	0.586177
SHOAT	5	28	2	21.4338	0.085812	0.107844
SHOATS	6	10	2	7.51012	0.199777	0.271735
SHOD	4	69	10	53.2384	0.151144	0.194066
SHODER	6	23	0	14.4217	0.0174499	0.0218148
SHOE	4	91	40	69.6644	0.432212	0.567347
SHOED	5	39	9	29.5719	0.230806	0.304946
SHOER	5	55	24	42.2172	0.42654	0.559912
SHOERS	6	17	10	13.161	0.543368	0.72517
SHOES	5	34	10	28.133	0.289391	0.353516
SHOG	4	22	2	18.2262	0.116548	0.134953
SHOLA	5	28	0	19.2639	0.0208087	0.0227517
SHONE	5	34	11	24.778	0.316589	0.436737
SHOO	4	40	20	31.9916	0.47874	0.607561
SHOOL	5	14	7	11.2458	0.455652	0.586711
SHOON	5	11	1	8.51744	0.119137	0.14711
SHOORA	6	12	0	5.82093	0.0309546	0.0489414
SHOOS	5	16	3	13.2606	0.193963	0.235395
SHOOT	5	17	14	14.3235	0.740615	0.915184
SHOOTS	6	11	8	7.9477	0.638741	0.922053
SHOP	4	30	14	23.1033	0.442976	0.583824
SHOPE	5	11	7	8.17684	0.55494	0.772978
SHOPS	5	13	5	10.5524	0.357709	0.454414
SHORAN	6	11	0	5.4895	0.0332973	0.0514046
SHORE	5	60	38	43.5408	0.615607	0.854355
SHORED	6	24	11	15.9433	0.436416	0.665445
SHORER	6	11	2	6.45951	0.184658	0.309522
SHORES	6	21	11	14.7013	0.492817	0.717763
SHORL	5	21	1	15.6151	0.0690112	0.0860676
SHORN	5	25	0	18.4419	0.0230568	0.02369
SHORT	5	38	18	27.3267	0.457231	0.641026
SHORTED	7	10	7	4.64942	0.622828	1
SHOT	4	96	46	71.0264	0.470638	0.638767
SHOTE	5	56	25	43.4799	0.436298	0.566428
SHOTES	6	23	10	15.8821	0.414064	0.608943
SHOTS	5	31	10	26.0397	0.315101	0.380397
SHOUT	5	13	9	10.4256	0.611392	0.794947
SHOW	4	12	6	9.07738	0.441313	0.600604
SHRED	5	46	1	33.878	0.0336337	0.0416248
SHREDS	6	13	0	8.36151	0.0289199	0.0357939
SHREW	5	14	4	10.9569	0.276737	0.359303
SHRI	4	74	15	55.8368	0.205624	0.271577
SHRINE	6	20	9	12.8725	0.424967	0.668556
SHRIS	5	19	2	12.7123	0.121292	0.17407
SHTUM	5	12	0	8.61668	0.0433538	0.0467204
SHUL	4	14	2	11.2754	0.168621	0.204749
SHUN	4	19	4	15.575	0.219129	0.267866
SHURA	5	12	0	8.58157	0.0433538	0.0468833
SHUT	4	30	9	22.9814	0.295506	0.387811
SHUTE	5	14	3	10.3191	0.217098	0.294029
SHWA	4	17	2	12.8503	0.144423	0.183273
SHY	3	63	5	48.3813	0.0928312	0.116433
SHYER	5	14	2	10.7387	0.15746	0.202164
SIAL	4	161	20	114.781	0.127462	0.177448
SIALID	6	10	0	5.51595	0.0360236	0.051199
SIALS	5	30	2	20.5449	0.0805744	0.112194
SIB	3	90	12	70.6611	0.140752	0.176955
SIBS	4	26	6	20.9297	0.234715	0.29236
SIC	3	171	42	133.943	0.247172	0.315124
SICE	4	67	19	51.2395	0.282337	0.369857
SICES	5	18	7	14.3795	0.367891	0.470855
SICH	4	48	9	37.1214	0.193029	0.248227
SICHT	5	18	0	13.5232	0.0308284	0.0314515
SICK	4	12	6	9.43818	0.441313	0.581927
SICS	4	32	3	25.444	0.111939	0.135892
SIDA	4	94	1	69.8463	0.0206241	0.0243263
SIDAS	5	23	0	17.9751	0.0248464	0.0242581
SIDE	4	158	79	118.464	0.494235	0.661134
SIDED	5	17	0	11.9837	0.032388	0.0350451
SIDER	5	77	35	53.9596	0.4468	0.63972
SIDERAL	7	11	0	3.7186	0.024286	0.0722277
SIDERS	6	23	8	15.1115	0.334741	0.514493
SIDES	5	56	24	40.296	0.419282	0.585656
SIDH	4	46	0	35.5657	0.0204229	0.0199245
SIDHE	5	21	0	15.9014	0.0269372	0.0271505
SIDLE	5	29	1	19.8606	0.0516322	0.0689531
SIDLER	6	11	0	5.09682	0.0332973	0.0546643
SIDLES	6	11	1	5.52086	0.108978	0.202296
SIEGE	5	19	1	13.6293	0.0753519	0.0973718
SIEGER	6	10	0	6.02194	0.0360236	0.0475593
SIELD	5	42	0	30.8023	0.0143013	0.0146223
SIEN	4	244	9	183.682	0.0404155	0.0524722
SIENITE	7	10	0	4.55584	0.0263554	0.0611485
SIENS	5	83	1	60.2173	0.0191242	0.0238576
SIENT	5	105	0	76.7576	0.00594088	0.0060345
SIENTS	6	37	0	21.5163	0.0112199	0.0149704
SIERRAN	7	11	0	4.53507	0.024286	0.061382
SIES	4	194	15	145.996	0.0809438	0.106316
SIESTA	6	34	3	21.3716	0.0949916	0.148594
SIETH	5	79	0	59.106	0.00782993	0.00779234
SIEVE	5	11	0	8.71839	0.0465028	0.0462549
SIF	3	107	24	85.9543	0.227483	0.282457
SIFT	4	34	10	27.5778	0.290704	0.3615
SIFTED	6	10	5	7.80214	0.445408	0.599977
SIG	3	152	64	115.862	0.418555	0.54985
SIGH	4	25	8	19.0051	0.312026	0.413417
SIGN	4	83	40	60.4929	0.471999	0.650393
SIGNA	5	29	0	18.3268	0.0201537	0.0238276
SIGNAL	6	11	0	6.13153	0.0332973	0.0468381
SIGNED	6	16	6	8.57127	0.353583	0.655686
SIGNER	6	24	9	15.0017	0.360119	0.580125
SIGNET	6	19	3	11.2414	0.16216	0.270607
SIGNS	5	17	6	12.7462	0.335914	0.45463
SIGS	4	24	10	18.9656	0.394879	0.508843
SIK	3	61	24	46.492	0.389042	0.511671
SIKA	4	21	0	14.2003	0.0409235	0.045938
SIKE	4	25	16	18.4259	0.588792	0.813581
SIKER	5	12	3	8.59817	0.2465	0.344187
SILANE	6	37	0	20.0382	0.0112199	0.0160174
SILANES	7	14	0	4.85109	0.0196559	0.0580104
SILD	4	53	7	39.11	0.140922	0.187811
SILE	4	172	113	128.963	0.648185	0.867489
SILED	5	60	25	42.6467	0.408494	0.577121
SILEN	5	63	2	45.745	0.0401449	0.0523381
SILENE	6	17	0	10.5684	0.0228992	0.0290215
SILENS	6	24	0	12.9	0.0167842	0.0241867
SILENT	6	21	1	12.3762	0.0620318	0.0993559
SILER	5	82	44	58.7542	0.526619	0.7382
SILERS	6	27	11	18.3052	0.3916	0.584431
SILES	5	75	45	55.9394	0.586879	0.791793
SILING	6	13	5	8.656	0.357577	0.547443
SILK	4	18	4	13.8865	0.229133	0.296047
SILL	4	51	30	37.8408	0.564959	0.768697
SILLER	6	16	9	10.0257	0.518297	0.839684
SILLS	5	12	6	9.69376	0.449646	0.578717
SILO	4	120	4	90.0485	0.0405085	0.0515303
SILOED	6	17	0	8.67174	0.0228992	0.034657
SILOS	5	23	1	16.2948	0.0636547	0.0827779
SILT	4	129	33	98.7844	0.255966	0.334346
SILTED	6	23	5	15.5438	0.215757	0.320833
SILTS	5	30	9	23.21	0.294199	0.38349
SILTY	5	12	0	9.46101	0.0433538	0.0431182
SIM	3	206	63	160.663	0.306041	0.392395
SIMA	4	103	3	78.8561	0.037596	0.0463063
SIMAR	5	57	0	37.1261	0.0107121	0.0122277
SIMAS	5	26	0	17.849	0.0222554	0.0244163
SIMBA	5	10	0	6.93463	0.050145	0.0560486
SIMI	4	31	2	23.0397	0.0864973	0.109179
SIMNEL	6	11	0	5.46928	0.0332973	0.051563
SIMP	4	27	10	21.1748	0.356548	0.460677
SIMS	4	40	6	30.5372	0.159872	0.206467
SIMUL	5	11	0	7.39342	0.0465028	0.0531539
SIN	3	455	302	346.744	0.660894	0.868153
SINCE	5	27	4	20.9153	0.155882	0.199605
SIND	4	105	20	77.8016	0.193005	0.259508
SINDS	5	19	2	13.4478	0.121292	0.165499
SINE	4	267	150	199.535	0.557461	0.747409
SINED	5	92	26	65.961	0.281111	0.392466
SINES	5	108	64	82.1229	0.583566	0.77108
SINEW	5	21	0	14.928	0.0269372	0.0287603
SING	4	137	97	97.2935	0.695639	0.982848
SINGE	5	65	43	42.6781	0.643968	0.984246
SINGED	6	16	9	10.2833	0.518297	0.820677
SINGER	6	33	23	21.2621	0.665654	1
SINGERS	7	11	6	7.20276	0.495404	0.781461
SINGES	6	23	14	14.1208	0.572709	0.942298
SINGLE	6	17	6	10.3826	0.33518	0.552216
SINGS	5	40	22	27.8089	0.529377	0.767001
SINH	4	88	0	68.7282	0.0110898	0.0106041
SINHS	5	15	0	11.7266	0.0360337	0.035727
SINING	6	13	2	6.74464	0.160383	0.298266
SINK	4	19	10	14.4766	0.481077	0.646107
SINNED	6	15	4	9.82434	0.257936	0.397298
SINNER	6	25	16	17.2649	0.604112	0.889868
SINNET	6	24	0	14.5822	0.0167842	0.0215915
SINS	4	116	31	87.5312	0.267038	0.353995
SINTER	6	60	27	39.7985	0.441062	0.668517
SINTERS	7	26	11	15.7339	0.407753	0.681272
SINUATE	7	10	0	1.69465	0.0263554	0.12852
SINUS	5	25	0	17.4603	0.0230568	0.0249171
SIP	3	129	31	96.4377	0.242512	0.32343
SIPE	4	63	15	47.0144	0.239431	0.320297
SIPED	5	20	1	14.2059	0.0720423	0.0937946
SIPES	5	22	4	16.083	0.18735	0.254493
SIPS	4	28	8	22.5488	0.282687	0.354136
SIR	3	449	213	340.548	0.473084	0.624136
SIRCAR	6	12	0	6.29229	0.0309546	0.0458189
SIRE	4	309	175	222.598	0.562532	0.781946
SIRED	5	104	41	70.8328	0.390008	0.573433
SIREE	5	72	33	54.2833	0.44993	0.600148
SIREES	6	22	13	14.553	0.555062	0.85237
SIREN	5	112	21	82.1699	0.188557	0.256661
SIRENS	6	36	5	23.2443	0.142358	0.219331
SIRES	5	110	67	80.7355	0.599819	0.820575
SIRI	4	71	12	53.083	0.173809	0.230813
SIRING	6	13	8	6.96323	0.554771	1
SIRIS	5	16	5	12.6106	0.300529	0.388083
SIRRA	5	37	0	25.1767	0.0160994	0.0177069
SIRRAH	6	12	0	5.91115	0.0309546	0.0483113
SIRRAS	6	11	0	6.54562	0.0332973	0.0442999
SIRRED	6	10	2	6.52303	0.199777	0.306941
SIRS	4	115	13	83.7996	0.117902	0.159971
SIRUP	5	11	0	6.80486	0.0465028	0.0569255
SIS	3	129	35	104.702	0.272639	0.335853
SISAL	5	32	0	22.6439	0.0184147	0.0195653
SIST	4	90	24	72.2109	0.26643	0.332796
SISTA	5	42	0	30.8057	0.0143013	0.0146207
SISTED	6	19	3	11.0253	0.16216	0.275431
SISTER	6	40	6	24.8221	0.152557	0.244562
SISTRA	6	23	0	12.8623	0.0174499	0.0242521
SIT	3	494	258	381.364	0.520719	0.675048
SITAR	5	128	0	87.9368	0.00489597	0.00528012
SITARS	6	31	0	20.3788	0.0132468	0.0157634
SITE	4	312	174	231.292	0.554024	0.748541
SITED	5	101	30	74.3001	0.295277	0.40206
SITES	5	110	64	82.3475	0.573216	0.769015
SITH	4	109	41	83.8057	0.372163	0.485655
SITHE	5	50	24	36.9042	0.466957	0.637394
SITHED	6	10	2	6.61899	0.199777	0.303124
SITHEN	6	15	0	8.48062	0.0255598	0.0353486
SITHES	6	16	9	10.2176	0.518297	0.825443
SITING	6	12	6	7.15535	0.45309	0.768205
SITREP	6	16	0	10.3964	0.0241564	0.0294559
SITS	4	138	51	107.984	0.366577	0.469838
SITTAR	6	18	0	11.2949	0.0217663	0.0273198
SITTEN	6	25	0	16.2158	0.0161674	0.0195541
SITTER	6	30	17	22.8674	0.541388	0.723549
SITULA	6	10	0	5.37724	0.0360236	0.0522961
SIVER	5	16	1	11.9379	0.0873968	0.109637
SIZE	4	13	3	11.3384	0.237749	0.277854
SKA	3	48	17	36.8071	0.351522	0.459172
SKAG	4	11	1	7.84042	0.13547	0.175094
SKAS	4	10	1	7.25546	0.145212	0.185967
SKAT	4	24	11	17.3036	0.430715	0.603649
SKATE	5	17	8	12.6966	0.437089	0.5972
SKATER	6	12	5	9.07801	0.382734	0.524735
SKED	4	15	0	11.0289	0.0539115	0.0569806
SKEE	4	16	12	11.5746	0.654058	0.928154
SKEET	5	10	5	7.93984	0.441759	0.580311
SKEIN	5	10	0	7.4195	0.050145	0.0529984
SKEN	4	23	2	16.6395	0.112216	0.146341
SKER	4	29	3	20.3922	0.122145	0.166327
SKERS	5	11	2	8.08621	0.19177	0.258161
SKET	4	31	2	23.3175	0.0864973	0.107989
SKI	3	52	35	40.1578	0.649063	0.848379
SKID	4	11	2	8.27473	0.20256	0.263604
SKIER	5	13	4	10.8607	0.294288	0.362101
SKIES	5	10	5	8.21655	0.441759	0.563767
SKIM	4	11	0	7.55654	0.0683793	0.0773346
SKIN	4	28	18	19.9337	0.596115	0.848574
SKINT	5	15	2	10.7532	0.148598	0.201924
SKIO	4	11	0	7.88556	0.0683793	0.0748027
SKIS	4	10	2	7.11425	0.217127	0.296574
SKIT	4	22	14	14.8638	0.579774	0.866321
SKITE	5	14	11	10.8188	0.694207	0.932036
SKRAN	5	10	0	6.84334	0.050145	0.0566627
SKY	3	12	1	9.78189	0.139399	0.1579
SLAB	4	40	6	30.4633	0.159872	0.206934
SLADE	5	47	18	32.6778	0.374545	0.540633
SLAE	4	184	13	138.52	0.0746079	0.0977491
SLAES	5	64	8	50.809	0.129407	0.161996
SLAG	4	55	11	41.5729	0.204043	0.26869
SLAGS	5	13	7	10.1052	0.48455	0.644428
SLAID	5	43	1	29.6437	0.0358383	0.047286
SLAIDS	6	10	0	5.08792	0.0360236	0.054743
SLAIN	5	72	14	48.3235	0.19581	0.290528
SLAIRG	6	13	0	6.97924	0.0289199	0.041921
SLAM	4	69	11	50.4492	0.164861	0.22336
SLAMS	5	14	3	10.102	0.217098	0.299534
SLANDER	7	10	8	5.7377	0.708038	1
SLANE	5	82	3	59.159	0.0429437	0.0572506
SLANES	6	27	1	14.7972	0.0492914	0.0842203
SLANG	5	28	16	17.8694	0.540835	0.850866
SLANT	5	63	16	46.8501	0.253015	0.340756
SLANTED	7	16	7	6.17667	0.412124	1
SLANTER	7	18	6	8.17989	0.31969	0.697385
SLANTS	6	19	6	12.602	0.30358	0.462743
SLAP	4	49	7	35.5067	0.151577	0.205776
SLAPS	5	10	2	7.43899	0.20679	0.276874
SLART	5	73	0	52.5414	0.00844998	0.00873909
SLARTED	7	13	0	6.3484	0.0209898	0.0460308
SLARTS	6	25	0	15.9831	0.0161674	0.0198205
SLASH	5	22	4	17.0418	0.18735	0.241326
SLAT	4	178	101	129.332	0.560837	0.773798
SLATE	5	117	79	85.6133	0.664956	0.912391
SLATED	6	39	17	27.5945	0.423162	0.604334
SLATER	6	61	30	42.4876	0.481543	0.696104
SLATERS	7	22	11	13.6771	0.476469	0.777382
SLATES	6	38	20	24.6761	0.508287	0.789175
SLATHER	7	13	7	5.91227	0.496028	1
SLATIER	7	14	1	6.07429	0.0832058	0.191177
SLATS	5	63	14	45.42	0.222605	0.30851
SLATY	5	15	1	11.4215	0.0923156	0.114022
SLAW	4	38	10	28.9368	0.262955	0.345704
SLAY	4	31	18	23.7768	0.544881	0.72286
SLEB	4	34	1	26.2966	0.05327	0.0615496
SLED	4	123	6	91.5004	0.0553106	0.0720843
SLEDS	5	25	0	17.7088	0.0230568	0.0245946
SLEE	4	75	38	54.5624	0.494507	0.683131
SLEEP	5	16	9	12.5047	0.513661	0.676843
SLEER	5	37	12	29.5816	0.317852	0.401402
SLEEST	6	13	0	8.17735	0.0289199	0.0365047
SLEET	5	47	14	36.0557	0.294172	0.385456
SLEETS	6	21	10	13.3998	0.449738	0.71322
SLEPT	5	16	1	12.5538	0.0873968	0.104828
SLEW	4	36	13	28.2819	0.351312	0.451675
SLEWS	5	11	8	8.90638	0.627574	0.814924
SLEY	4	48	0	37.542	0.019636	0.0189328
SLICE	5	22	11	16.8676	0.469977	0.624931
SLICER	6	13	6	9.22638	0.423308	0.614072
SLID	4	66	14	48.0611	0.214851	0.293711
SLIDE	5	41	10	27.3532	0.243107	0.363074
SLIDER	6	24	4	14.0291	0.169378	0.286847
SLIDES	6	13	4	5.84595	0.291845	0.624995
SLIER	5	69	0	50.2096	0.00892094	0.00913324
SLIEST	6	31	0	17.7317	0.0132468	0.0179797
SLIM	4	53	19	38.5545	0.351799	0.485078
SLIME	5	22	14	16.9553	0.591102	0.784605
SLING	5	37	24	22.8836	0.619604	1
SLINGS	6	13	8	7.92705	0.554771	0.924163
SLINTER	7	11	2	6.81895	0.181325	0.302253
SLIP	4	36	18	25.2644	0.476609	0.683655
SLIPE	5	15	7	10.4818	0.430007	0.624153
SLIPS	5	10	4	7.30182	0.363436	0.50868
SLIPT	5	11	0	7.81063	0.0465028	0.0507695
SLISH	5	15	0	11.582	0.0360337	0.0361219
SLIT	4	128	23	95.9076	0.182094	0.242187
SLITS	5	39	6	30.4189	0.15898	0.202834
SLOAN	5	38	3	28.5529	0.0892922	0.115575
SLOB	4	23	1	16.7093	0.0750489	0.0928153
SLOE	4	113	0	87.1293	0.00871828	0.00841887
SLOES	5	36	0	30.4904	0.0165147	0.0147648
SLOG	4	38	3	29.4838	0.0959118	0.118546
SLOOM	5	10	0	8.009	0.050145	0.0497093
SLOOP	5	10	1	7.8616	0.128468	0.157427
SLOOT	5	24	1	17.5587	0.0612767	0.0772856
SLOP	4	31	7	22.9537	0.229742	0.308615
SLOPE	5	19	5	14.6601	0.25911	0.338835
SLORM	5	12	0	9.28038	0.0433538	0.0438413
SLOSH	5	14	0	11.5112	0.0381827	0.0363186
SLOT	4	129	17	98.1445	0.135579	0.176971
SLOTH	5	34	2	28.053	0.0718086	0.0836811
SLOTS	5	33	3	25.7746	0.101774	0.127352
SLOW	4	21	10	16.7182	0.442445	0.569405
SLUB	4	14	2	10.5696	0.168621	0.216097
SLUE	4	46	1	35.4492	0.0404609	0.0465725
SLUED	5	14	0	10.0536	0.0381827	0.0409048
SLUES	5	16	0	12.2093	0.0341137	0.034468
SLUG	4	25	5	19.4366	0.208239	0.266274
SLUM	4	27	3	21.1807	0.130049	0.16071
SLUR	4	40	2	30.5062	0.0687665	0.0842277
SLURS	5	10	1	7.18473	0.128468	0.169711
SLUT	4	46	8	34.5183	0.180727	0.238581
SLUTS	5	18	2	14.2491	0.127132	0.157074
SLY	3	68	9	54.9122	0.142097	0.173219
SLYER	5	12	2	8.51267	0.178785	0.247154
SMA	3	196	40	153.595	0.206229	0.262515
SMALT	5	27	0	19.5155	0.0215077	0.0224792
SMALTI	6	14	0	9.47677	0.0271362	0.0320181
SMARM	5	10	0	7.75482	0.050145	0.051076
SMART	5	46	21	32.2444	0.443741	0.636509
SMARTED	7	11	5	6.13809	0.416884	0.757599
SMARTEN	7	13	0	3.90519	0.0209898	0.0694244
SMARTER	7	11	5	5.14505	0.416884	0.882006
SMARTS	6	15	6	9.37607	0.374124	0.605294
SMEAR	5	51	23	35.7142	0.439674	0.630903
SMEARS	6	14	4	9.67323	0.273845	0.402872
SMEATH	6	11	0	4.72665	0.0332973	0.0581397
SMEE	4	52	5	37.6825	0.107668	0.144347
SMEES	5	18	1	13.1109	0.0789802	0.100829
SMELT	5	34	9	25.2248	0.262193	0.354567
SMELTS	6	10	1	5.77118	0.117901	0.194922
SMEW	4	17	0	12.7302	0.0487538	0.050472
SMILE	5	20	12	15.6006	0.555183	0.72977
SMILER	6	12	10	7.5466	0.734514	1
SMIR	4	70	0	51.7905	0.0137908	0.013933
SMIRR	5	11	0	8.66052	0.0465028	0.0465186
SMIRS	5	16	0	10.902	0.0341137	0.0381042
SMIT	4	76	32	59.6349	0.413229	0.529971
SMITE	5	47	24	34.8982	0.495105	0.672533
SMITER	6	19	8	12.7774	0.39786	0.601057
SMITES	6	13	5	7.2255	0.357577	0.641554
SMITH	5	21	7	15.0153	0.321455	0.452717
SMITS	5	26	5	19.5947	0.196062	0.259534
SMOG	4	12	1	9.77559	0.126952	0.146715
SMOLT	5	15	0	10.4629	0.0360337	0.0395041
SMOOR	5	13	1	10.0734	0.104025	0.127315
SMOOT	5	12	4	9.25454	0.314216	0.416232
SMORE	5	31	3	22.1465	0.107802	0.1469
SMOTE	5	25	0	18.3129	0.0230568	0.0238443
SMUR	4	27	0	21.3116	0.0329786	0.0320224
SMUT	4	29	2	22.578	0.0917546	0.111217
SNAB	4	38	3	30.1735	0.0959118	0.116018
SNAG	4	66	17	50.6873	0.257766	0.33588
SNAIL	5	60	18	41.5469	0.296972	0.429218
SNAILS	6	15	4	7.70555	0.257936	0.492942
SNAP	4	60	18	45.6891	0.297616	0.391859
SNAR	4	182	67	137.57	0.365881	0.48486
SNARE	5	110	54	78.1369	0.484538	0.684093
SNARED	6	37	14	25.1593	0.36824	0.546124
SNARER	6	30	4	19.9737	0.13783	0.205915
SNARES	6	36	17	21.8381	0.456383	0.756023
SNARF	5	17	0	13.2348	0.032388	0.0320674
SNARK	5	10	4	6.9993	0.363436	0.526808
SNARL	5	39	10	28.6823	0.254748	0.34708
SNARLS	6	16	3	10.0839	0.18887	0.298625
SNARS	5	45	3	31.9413	0.0762071	0.103861
SNARY	5	15	0	11.9065	0.0360337	0.0352472
SNASH	5	19	0	13.9668	0.0294122	0.0305489
SNATH	5	55	0	41.3659	0.0110829	0.011018
SNATHE	6	31	0	16.3868	0.0132468	0.0193628
SNATHES	7	11	0	3.92893	0.024286	0.0690832
SNATHS	6	18	0	10.4327	0.0217663	0.0293632
SNAW	4	41	9	31.4478	0.223119	0.290127
SNAWS	5	11	4	7.85115	0.337038	0.478766
SNEAD	5	61	0	45.2133	0.0100401	0.0101103
SNEADS	6	12	0	8.1711	0.0309546	0.0365293
SNEAP	5	37	0	26.819	0.0160994	0.0166797
SNEATHS	7	13	0	4.57385	0.0209898	0.0609473
SNEB	4	43	0	33.3508	0.0217292	0.0211671
SNEBS	5	11	0	8.20869	0.0465028	0.0486858
SNED	4	178	26	133.202	0.148535	0.197626
SNEDS	5	47	11	34.7788	0.233891	0.316311
SNEE	4	118	65	90.2439	0.541562	0.711536
SNEED	5	37	25	29.6496	0.644751	0.818003
SNEER	5	72	44	55.7268	0.597053	0.777259
SNEERS	6	28	20	20.4353	0.676519	0.944616
SNEERY	6	10	0	6.07691	0.0360236	0.0471948
SNEES	5	46	7	36.1602	0.156666	0.198464
SNELL	5	24	7	18.7495	0.285428	0.369189
SNIB	4	36	1	28.6028	0.0506001	0.056936
SNIDE	5	55	37	39.5797	0.651579	0.912406
SNIDER	6	25	16	14.1884	0.604112	1
SNIDES	6	21	11	11.2359	0.492817	0.919463
SNIDEST	7	10	0	3.21773	0.0263554	0.0810086
SNIES	5	76	0	54.9601	0.00812815	0.00836465
SNIFT	5	19	3	14.5172	0.167231	0.216915
SNIG	4	86	13	63.3747	0.155933	0.209826
SNIGS	5	19	1	13.5296	0.0753519	0.0980181
SNIP	4	64	27	50.238	0.412622	0.529591
SNIPE	5	35	15	26.638	0.414117	0.550064
SNIPED	6	11	2	5.52953	0.184658	0.352969
SNIPER	6	13	6	7.34833	0.423308	0.750648
SNIPES	6	17	7	8.63186	0.387227	0.754403
SNIPS	5	18	8	14.2345	0.416042	0.538791
SNIRT	5	95	0	66.3354	0.00654854	0.00696177
SNIRTED	7	18	0	5.47256	0.0156721	0.052355
SNIRTS	6	31	0	16.4603	0.0132468	0.0192817
SNIT	4	208	10	157.183	0.0520007	0.0674737
SNITCH	6	10	3	6.31582	0.281654	0.450448
SNITS	5	67	4	48.9619	0.0665098	0.0886426
SNOB	4	34	5	26.5655	0.158796	0.200202
SNOD	4	94	2	73.0123	0.0308381	0.0366039
SNODS	5	20	1	14.8198	0.0720423	0.0902645
SNOG	4	59	10	43.9501	0.175171	0.233154
SNOOD	5	17	1	12.4913	0.0829756	0.105298
SNOOL	5	23	1	16.9495	0.0636547	0.079839
SNOOP	5	10	4	8.28133	0.363436	0.457688
SNOOT	5	30	10	22.3116	0.324717	0.43998
SNOOTS	6	13	3	7.4675	0.226114	0.389866
SNORE	5	107	47	78.0733	0.43401	0.59666
SNORED	6	34	7	22.2603	0.205448	0.314202
SNORER	6	23	7	15.5975	0.29508	0.43961
SNORES	6	36	19	23.6382	0.508721	0.781861
SNORT	5	80	32	57.4902	0.39436	0.550561
SNORTED	7	18	6	4.71	0.31969	1
SNORTER	7	16	4	7.55242	0.242974	0.512587
SNORTS	6	23	13	14.499	0.533048	0.855321
SNORTY	6	11	0	6.83832	0.0332973	0.0426656
SNOT	4	171	28	129.863	0.165914	0.217771
SNOTS	5	54	9	39.845	0.169819	0.229157
SNOTTER	7	10	6	7.79133	0.537618	0.728555
SNOUT	5	26	7	20.0321	0.265584	0.347188
SNOW	4	34	12	27.7248	0.343467	0.426637
SNUB	4	16	4	12.5571	0.252155	0.32278
SNUG	4	19	2	14.7219	0.131813	0.162959
SNY	3	82	0	63.924	0.0139717	0.0133509
SNYE	4	37	1	29.9391	0.0493631	0.054566
SOAP	4	48	7	36.0018	0.154497	0.203106
SOAPER	6	10	0	6.15621	0.0360236	0.0466787
SOAPS	5	10	2	7.85281	0.20679	0.264611
SOAR	4	150	58	111.211	0.383477	0.518208
SOARE	5	97	39	69.8046	0.397325	0.55365
SOARED	6	37	12	24.8596	0.317237	0.475376
SOARER	6	26	9	18.6735	0.334591	0.472376
SOARES	6	28	11	18.4775	0.378638	0.579288
SOARS	5	31	13	22.4429	0.403943	0.562917
SOB	3	81	16	60.7816	0.202882	0.268315
SOBA	4	34	1	25.0445	0.05327	0.0643819
SOBAS	5	12	0	8.79031	0.0433538	0.0459313
SOBER	5	17	4	12.3122	0.234738	0.324021
SOBS	4	19	2	14.0189	0.131813	0.170039
SOC	3	156	16	122.589	0.107644	0.135352
SOCA	4	56	1	40.5539	0.0337068	0.0410072
SOCAS	5	11	0	8.20665	0.0465028	0.048696
SOCES	5	12	0	9.49152	0.0433538	0.0429984
SOCLE	5	14	0	11.0373	0.0381827	0.0376928
SOCS	4	33	3	25.5334	0.108906	0.135454
SOD	3	220	68	170.956	0.309238	0.397948
SODA	4	77	0	58.0779	0.0125976	0.0124788
SODAIN	6	12	0	7.60208	0.0309546	0.0389191
SODAS	5	17	0	12.2167	0.032388	0.0344493
SODIC	5	11	0	7.83464	0.0465028	0.0506388
SODS	4	46	16	35.2199	0.34103	0.448098
SOFA	4	24	0	19.5221	0.036524	0.0346647
SOFAR	5	11	0	9.09005	0.0465028	0.0446301
SOFT	4	22	3	17.0999	0.15515	0.194753
SOFTA	5	10	0	7.81957	0.050145	0.0507208
SOG	3	114	18	88.6436	0.163015	0.207996
SOGER	5	27	0	18.9573	0.0215077	0.0230929
SOGS	4	13	5	10.5964	0.356055	0.450743
SOH	3	223	19	172.784	0.0890697	0.113663
SOHO	4	48	3	36.9799	0.0774336	0.0958445
SOHS	4	53	3	41.1847	0.0706299	0.0865478
SOIGNE	6	10	0	6.08323	0.0360236	0.0471533
SOIL	4	94	47	75.1735	0.490466	0.617445
SOILED	6	14	2	8.80625	0.150491	0.236166
SOILS	5	19	14	12.8861	0.672567	1
SOILY	5	10	0	7.4145	0.050145	0.0530281
SOIREE	6	16	0	8.4946	0.0241564	0.0352971
SOKE	4	16	6	12.1495	0.352631	0.471697
SOL	3	250	123	194.186	0.489413	0.63101
SOLA	4	119	21	89.6328	0.179156	0.236955
SOLAH	5	30	0	20.8734	0.0195386	0.0211142
SOLAN	5	50	1	34.189	0.0310841	0.041262
SOLANO	6	13	0	5.96048	0.0289199	0.0479735
SOLANS	6	11	0	5.31478	0.0332973	0.0528056
SOLAR	5	54	9	37.0734	0.169819	0.245627
SOLAS	5	29	4	21.5267	0.146068	0.194303
SOLATE	6	33	1	21.3443	0.0408927	0.0596485
SOLATED	7	11	0	6.92601	0.024286	0.0426344
SOLD	4	57	18	43.5442	0.312275	0.410248
SOLDE	5	36	12	26.3234	0.326051	0.448424
SOLDER	6	20	8	12.921	0.379949	0.594897
SOLDI	5	24	0	15.754	0.0239182	0.0273827
SOLDO	5	16	0	12.1126	0.0341137	0.0347129
SOLDS	5	11	2	8.87488	0.19177	0.238517
SOLE	4	137	74	103.651	0.532409	0.706435
SOLED	5	53	14	39.459	0.262522	0.35342
SOLEI	5	49	0	36.1298	0.0123675	0.0125515
SOLEIN	6	27	0	15.9926	0.0150606	0.0198095
SOLER	5	71	34	52.3658	0.469586	0.640084
SOLERA	6	34	0	21.2657	0.0121494	0.0151382
SOLERS	6	23	12	15.6848	0.493386	0.735288
SOLES	5	39	23	28.6455	0.565993	0.778891
SOLI	4	105	9	79.3163	0.0919993	0.119682
SOLID	5	28	2	17.8083	0.085812	0.128104
SOLING	6	10	5	5.27442	0.445408	0.838053
SOLION	6	10	0	4.11542	0.0360236	0.064959
SOLITO	6	14	0	9.49865	0.0271362	0.0319519
SOLLER	6	10	0	5.96975	0.0360236	0.0479106
SOLO	4	61	18	46.6993	0.29303	0.383758
SOLON	5	26	0	18.4598	0.0222554	0.0236687
SOLS	4	55	14	42.9165	0.254972	0.32723
SOLUS	5	11	0	8.91626	0.0465028	0.0453754
SOM	3	160	47	126.047	0.294305	0.37354
SOMA	4	72	4	54.5018	0.0661247	0.0838553
SOMAN	5	27	0	18.4053	0.0215077	0.0237336
SOMAS	5	18	2	12.039	0.127132	0.182733
SOME	4	72	23	56.6244	0.316437	0.40402
SOMITE	6	18	0	8.81887	0.0217663	0.0341427
SOMS	4	26	6	22.3601	0.234715	0.275309
SOMY	4	15	1	12.3734	0.106807	0.120498
SON	3	338	167	264.995	0.492139	0.628461
SONANT	6	13	0	6.0547	0.0289199	0.0473414
SONAR	5	53	4	37.448	0.0832065	0.114854
SONARS	6	19	1	10.9338	0.0678801	0.111269
SONATA	6	12	0	7.84885	0.0309546	0.0378454
SONCE	5	22	2	16.7703	0.1066	0.135387
SONDE	5	51	13	37.5946	0.253688	0.344694
SONDER	6	23	7	14.4279	0.29508	0.472731
SONDES	6	14	4	9.04304	0.273845	0.427913
SONE	4	193	95	147.378	0.487642	0.640298
SONERI	6	39	0	25.2481	0.0106754	0.0128497
SONES	5	68	40	52.5292	0.574277	0.749219
SONG	4	53	18	38.4923	0.334226	0.461224
SONIC	5	24	0	17.1504	0.0239182	0.0253313
SONNE	5	31	6	22.2318	0.196645	0.272838
SONNET	6	14	1	7.65674	0.0888134	0.15293
SONS	4	57	13	45.2996	0.230181	0.289731
SONSE	5	41	9	32.5601	0.220259	0.278184
SONSIE	6	16	0	9.45278	0.0241564	0.0320909
SONTAG	6	10	0	5.88732	0.0360236	0.0484761
SONTIES	7	11	0	3.2539	0.024286	0.0803035
SOOL	4	53	15	40.91	0.281507	0.365688
SOOLE	5	31	10	23.5887	0.315101	0.417574
SOOLED	6	16	5	9.58709	0.298679	0.499729
SOOLER	6	11	1	5.44442	0.108978	0.204661
SOOLS	5	17	5	13.2583	0.285326	0.37104
SOOM	4	28	9	23.6283	0.31403	0.378084
SOON	4	65	19	50.6455	0.290532	0.374017
SOONER	6	13	7	8.6761	0.489039	0.750987
SOOP	4	34	9	25.9546	0.264322	0.346805
SOOPS	5	10	5	8.37244	0.441759	0.554856
SOOT	4	76	37	58.5942	0.475803	0.621342
SOOTE	5	47	20	35.3795	0.414732	0.555262
SOOTED	6	16	5	11.9118	0.298679	0.410417
SOOTES	6	18	8	14.3468	0.417542	0.539973
SOOTH	5	24	9	19.3908	0.360145	0.453632
SOOTHE	6	11	4	8.19679	0.336019	0.466883
SOOTS	5	23	8	18.5914	0.335313	0.421895
SOP	3	129	26	96.9955	0.204853	0.271172
SOPH	4	30	1	23.2057	0.0595545	0.0690485
SOPOR	5	13	0	8.96478	0.0406043	0.0451648
SOPRA	5	30	0	21.6051	0.0195386	0.0204452
SOPS	4	27	7	21.0044	0.259477	0.334579
SORA	4	194	19	139.066	0.101156	0.139855
SORAGE	6	14	0	8.80415	0.0271362	0.0341934
SORAL	5	57	1	39.7088	0.0274435	0.0357337
SORAS	5	50	8	35.4726	0.163741	0.22921
SORB	4	46	4	33.5516	0.100575	0.133043
SORBS	5	13	1	8.61622	0.104025	0.145672
SORD	4	91	17	69.6246	0.189865	0.247277
SORDA	5	30	0	20.0438	0.0195386	0.0219277
SORDES	6	19	4	13.1669	0.2093	0.304187
SORDO	5	22	0	15.679	0.0258496	0.0275023
SORDS	5	25	6	17.3534	0.239135	0.343473
SORE	4	274	146	193.655	0.529026	0.749423
SORED	5	89	23	61.2587	0.25761	0.374067
SOREDIA	7	14	0	7.13117	0.0196559	0.0415456
SOREE	5	61	2	42.945	0.041404	0.055636
SOREES	6	27	2	18.5394	0.0835222	0.119098
SOREL	5	76	0	54.4986	0.00812815	0.0084336
SORELL	6	11	0	6.81933	0.0332973	0.042768
SORELS	6	19	0	13.4046	0.0207402	0.0233451
SORER	5	65	19	45.8644	0.289817	0.411202
SORES	5	101	67	74.2081	0.651843	0.891334
SOREST	6	48	13	36.2096	0.267657	0.35755
SORI	4	159	25	115.183	0.15972	0.219449
SORING	6	19	13	10.6261	0.633559	1
SORITES	7	22	1	8.04939	0.0551617	0.148995
SORN	4	121	18	91.5562	0.152269	0.200082
SORNED	6	22	1	15.0885	0.0594699	0.0827045
SORNER	6	15	1	9.62805	0.0836539	0.124817
SORNS	5	28	3	20.6815	0.118314	0.156606
SORRA	5	33	0	22.7661	0.0178998	0.0194667
SORRAS	6	11	0	5.96913	0.0332973	0.0479148
SORRY	5	10	0	6.80806	0.050145	0.0569036
SORT	4	187	102	136.333	0.539635	0.741907
SORTA	5	94	4	64.8427	0.0479523	0.0674206
SORTAL	6	26	0	16.9635	0.0155944	0.0187444
SORTED	6	31	14	23.0314	0.434763	0.594289
SORTER	6	41	20	30.8604	0.473	0.636452
SORTERS	7	15	9	11.2181	0.556255	0.770091
SORTES	6	45	23	34.8996	0.496468	0.648377
SORTIE	6	43	6	26.3013	0.142435	0.231358
SORTIED	7	13	0	5.53224	0.0209898	0.0518695
SORTIES	7	18	3	6.08706	0.167681	0.476979
SORTING	7	12	8	8.4446	0.604943	0.891611
SORTS	5	54	29	37.9303	0.522132	0.747641
SORUS	5	15	0	10.8417	0.0360337	0.0382906
SOS	3	97	19	78.8342	0.20044	0.245544
SOT	3	406	130	312.596	0.320175	0.415851
SOTH	4	105	7	81.4528	0.0736347	0.0927054
SOTHS	5	28	1	22.6395	0.0533103	0.061012
SOTOL	5	25	0	19.6557	0.0230568	0.0223301
SOTS	4	115	29	86.3095	0.252463	0.336278
SOTTED	6	17	0	11.7401	0.0228992	0.0263724
SOU	3	156	90	118.795	0.57081	0.751513
SOUARI	6	11	0	5.36182	0.0332973	0.052421
SOUL	4	34	11	25.7797	0.317085	0.420547
SOUM	4	22	6	18.1708	0.270957	0.332026
SOUND	5	16	6	13.1865	0.353812	0.440991
SOUP	4	30	12	22.8267	0.383988	0.510256
SOUPER	6	10	3	6.74533	0.281654	0.425774
SOUPS	5	11	4	8.39387	0.337038	0.452477
SOUR	4	57	21	42.044	0.361532	0.49203
SOURED	6	11	4	7.26368	0.336019	0.518998
SOUREST	7	10	0	4.07748	0.0263554	0.0670224
SOURS	5	16	8	11.9471	0.460378	0.630513
SOURSE	6	12	4	7.34557	0.312378	0.513963
SOUS	4	36	12	29.4578	0.326253	0.403255
SOUSE	5	27	8	21.6399	0.290256	0.366289
SOUSER	6	11	1	7.28952	0.108978	0.159627
SOUT	4	68	38	50.7728	0.542647	0.732034
SOUTER	6	14	7	10.2576	0.458877	0.646377
SOUTH	5	13	5	10.7757	0.357709	0.446139
SOUTS	5	22	13	17.6121	0.550727	0.705275
SOV	3	41	4	31.0281	0.116112	0.147203
SOW	3	82	34	63.3673	0.41038	0.532515
SOWAR	5	19	0	14.717	0.0294122	0.0291347
SOWED	5	11	3	8.13991	0.264404	0.360566
SOWER	5	22	9	16.2014	0.389226	0.535413
SOWL	4	14	1	10.4779	0.112772	0.138564
SOWM	4	13	1	10.6825	0.119443	0.136357
SOWN	4	24	9	19.4671	0.359044	0.450816
SOWNE	5	13	2	11.1232	0.167446	0.196001
SOWP	4	11	0	8.69318	0.0683793	0.0692386
SOWS	4	14	6	10.96	0.392019	0.514451
SOWTER	6	12	3	7.97601	0.242022	0.368013
SOWTH	5	10	0	8.01597	0.050145	0.0496729
SOY	3	88	21	69.9298	0.241891	0.303635
SOYA	4	28	3	22.3654	0.125973	0.152947
SOYLE	5	18	0	12.4033	0.0308284	0.0339866
SPA	3	150	86	114.669	0.567069	0.743817
SPACE	5	13	10	10.1329	0.674813	0.901005
SPADE	5	24	7	17.0229	0.285428	0.403621
SPADO	5	12	0	8.83841	0.0433538	0.0457174
SPAE	4	78	17	57.8115	0.220001	0.295982
SPAED	5	26	2	18.0422	0.0917778	0.126571
SPAER	5	49	12	35.273	0.244172	0.33926
SPAERS	6	16	4	11.4011	0.243774	0.34717
SPAES	5	19	0	13.3635	0.0294122	0.0317896
SPAG	4	24	3	17.7172	0.144031	0.188706
SPAHI	5	15	0	11.3344	0.0360337	0.0368194
SPAIL	5	14	0	10.8742	0.0381827	0.03819
SPAIN	5	16	5	12.0552	0.300529	0.403997
SPAIT	5	23	0	16.9197	0.0248464	0.0256488
SPALD	5	11	0	8.32007	0.0465028	0.048133
SPALE	5	33	11	23.9331	0.32544	0.451253
SPALES	6	13	5	8.46781	0.357577	0.558215
SPALT	5	19	3	13.4463	0.167231	0.232468
SPAM	4	31	2	23.6704	0.0864973	0.106514
SPAN	4	42	20	32.3237	0.457882	0.60171
SPANE	5	26	13	19.2492	0.474151	0.649603
SPANED	6	10	0	5.45813	0.0360236	0.0516507
SPANG	5	11	7	8.31003	0.55494	0.762472
SPAR	4	75	44	54.088	0.570548	0.795555
SPARD	5	18	3	13.3506	0.175284	0.233966
SPARE	5	51	29	37.0757	0.551265	0.764208
SPARED	6	12	3	8.90537	0.242022	0.333815
SPARER	6	10	8	6.89357	0.691039	1
SPARES	6	16	10	11.2902	0.573201	0.834696
SPAREST	7	11	0	3.32311	0.024286	0.0789881
SPARS	5	16	7	11.2057	0.407095	0.588564
SPARSE	6	11	3	7.71702	0.260339	0.378828
SPART	5	36	14	26.4926	0.37764	0.517187
SPARTH	6	17	0	11.2986	0.0228992	0.0273117
SPARTHE	7	11	0	4.79977	0.024286	0.0585325
SPARTS	6	12	7	8.28239	0.523446	0.782515
SPAS	4	24	2	18.088	0.108195	0.135874
SPAT	4	57	23	41.1519	0.39437	0.548335
SPATE	5	33	14	22.9174	0.409315	0.592945
SPATHE	6	11	0	6.48507	0.0332973	0.0446538
SPATS	5	14	7	10.5546	0.455652	0.620382
SPAW	4	17	1	12.7955	0.0965886	0.117098
SPAY	4	18	6	14.3068	0.320435	0.409916
SPEAL	5	28	10	21.123	0.345825	0.463107
SPEAN	5	34	6	27.5214	0.1806	0.223092
SPEAR	5	45	23	33.679	0.4949	0.667413
SPEARS	6	12	9	8.32376	0.664158	0.991404
SPEAT	5	35	8	28.4221	0.228773	0.283237
SPEATS	6	12	4	8.66527	0.312378	0.444474
SPEC	4	26	0	18.829	0.0340814	0.0358092
SPECT	5	13	0	10.5596	0.0406043	0.0391871
SPED	4	55	1	36.8744	0.034279	0.0448723
SPEED	5	20	10	14.383	0.467339	0.659752
SPEEL	5	17	1	12.7165	0.0829756	0.103628
SPEER	5	29	17	23.1648	0.555289	0.708674
SPEERS	6	12	7	8.28922	0.523446	0.781945
SPEIL	5	25	1	19.0623	0.0590699	0.0716315
SPEIR	5	38	5	28.2105	0.138351	0.184246
SPEIRS	6	13	2	9.11569	0.160383	0.22901
SPELL	5	12	4	8.74607	0.314216	0.436908
SPELT	5	21	0	15.2198	0.0269372	0.028258
SPEND	5	13	7	10.2023	0.48455	0.639073
SPENT	5	32	12	25.6077	0.363563	0.460269
SPERM	5	17	0	12.6107	0.032388	0.0334868
SPERSE	6	13	0	10.2815	0.0289199	0.0297534
SPET	4	86	4	60.6918	0.0558278	0.0755974
SPETS	5	26	2	19.2951	0.0917778	0.118941
SPEW	4	10	0	6.17062	0.0732968	0.0901938
SPIAL	5	16	0	12.0904	0.0341137	0.0347697
SPICE	5	13	9	10.3506	0.611392	0.799981
SPIDE	5	13	4	9.58996	0.294288	0.403631
SPIE	4	62	34	46.3113	0.531357	0.716893
SPIED	5	14	3	10.3802	0.217098	0.292514
SPIEL	5	18	2	13.5275	0.127132	0.164621
SPIER	5	37	18	27.0803	0.468728	0.646553
SPIERS	6	10	4	8.21873	0.363531	0.465783
SPIES	5	18	8	14.8111	0.416042	0.519735
SPIF	4	14	0	11.1348	0.0569224	0.056527
SPILE	5	22	8	17.6108	0.348851	0.443553
SPIM	4	21	0	16.733	0.0409235	0.0397811
SPIN	4	56	37	42.6218	0.634655	0.842936
SPINA	5	20	0	14.8412	0.0281204	0.0289132
SPINAE	6	14	0	7.52391	0.0271362	0.0392721
SPINAR	6	12	0	7.18143	0.0309546	0.040897
SPINE	5	35	28	25.7552	0.758326	1
SPINED	6	14	4	8.21852	0.273845	0.465793
SPINEL	6	10	0	4.74354	0.0360236	0.0579715
SPINET	6	15	0	7.39441	0.0255598	0.0398711
SPINS	5	18	4	14.2345	0.223435	0.28441
SPIRE	5	39	19	28.6386	0.470226	0.646304
SPIREA	6	13	0	8.59982	0.0289199	0.0349141
SPIRT	5	23	1	16.4413	0.0636547	0.0821018
SPIT	4	50	26	36.4824	0.501235	0.692214
SPITE	5	29	17	21.4361	0.555289	0.762112
SPITES	6	10	9	8.50506	0.772916	0.972683
SPITS	5	13	4	10.4638	0.294288	0.374126
SPLAT	5	18	1	12.8544	0.0789802	0.102632
SPOD	4	22	0	17.0837	0.0393438	0.0390562
SPODS	5	10	0	8.15185	0.050145	0.0489728
SPOIL	5	15	6	12.8095	0.373725	0.452619
SPOOL	5	10	5	7.4903	0.441759	0.60936
SPOOR	5	10	3	7.59646	0.285113	0.382131
SPOOT	5	16	2	12.2608	0.14068	0.179785
SPORE	5	36	17	26.9999	0.455024	0.613279
SPORED	6	10	3	7.56407	0.281654	0.385519
SPORES	6	10	8	7.97958	0.691039	0.918813
SPORT	5	22	16	15.4737	0.671853	0.971032
SPOT	4	54	12	41.0643	0.224836	0.294984
SPOTS	5	17	7	13.5831	0.386501	0.495733
SPRAD	5	19	0	13.9501	0.0294122	0.0305818
SPRAG	5	10	0	6.66354	0.050145	0.0579121
SPRAT	5	26	3	17.5757	0.126539	0.182117
SPREAD	6	15	0	9.79958	0.0255598	0.0310694
SPRED	5	31	0	20.7838	0.01896	0.0211991
SPREDS	6	10	0	7.40717	0.0360236	0.0398113
SPREE	5	24	11	17.8329	0.434862	0.593713
SPRENT	6	14	0	9.98217	0.0271362	0.0305573
SPRIER	6	10	1	6.53832	0.117901	0.175335
SPRIG	5	11	5	6.96915	0.409672	0.646902
SPRING	6	15	8	8.4938	0.490313	0.869544
SPRIT	5	21	7	14.356	0.321455	0.471554
SPRITE	6	12	5	7.69994	0.382734	0.606948
SPRUE	5	16	0	10.5067	0.0341137	0.0393598
SPRY	4	15	0	11.7595	0.0539115	0.0539905
SPUD	4	14	2	9.94934	0.168621	0.227163
SPUE	4	18	1	13.0842	0.0921792	0.114881
SPUER	5	15	1	11.0405	0.0923156	0.117489
SPUN	4	14	0	11.3401	0.0569224	0.0556673
SPUR	4	24	4	16.6249	0.179866	0.252899
SPURT	5	12	0	8.08398	0.0433538	0.04932
SPY	3	41	2	31.6844	0.0714394	0.0852119
SRI	3	417	13	313.41	0.0337437	0.0439933
SRIS	4	115	3	83.7996	0.0338018	0.0436434
STAB	4	71	15	53.41	0.21386	0.283436
STABLE	6	17	5	10.566	0.283134	0.457781
STABS	5	18	6	12.7897	0.319739	0.453245
STACK	5	11	6	8.53759	0.482306	0.645443
STACTE	6	15	0	8.80907	0.0255598	0.0341765
STADE	5	80	13	58.2844	0.164801	0.225384
STADES	6	26	7	18.4611	0.263703	0.375241
STAG	4	95	41	70.8177	0.424843	0.572083
STAGE	5	37	23	25.7336	0.594458	0.862204
STAGED	6	15	4	9.77937	0.257936	0.39894
STAGER	6	26	16	18.169	0.5827	0.848105
STAGERS	7	10	5	5.84729	0.452407	0.79024
STAGES	6	13	7	9.50473	0.489039	0.692283
STAGS	5	16	6	12.3493	0.353812	0.46767
STAGY	5	10	0	6.24466	0.050145	0.0610485
STAID	5	58	9	40.412	0.158641	0.226056
STAIDER	7	16	0	8.58185	0.0174394	0.0351908
STAIG	5	39	0	27.9753	0.0153285	0.0160251
STAIN	5	123	76	86.6653	0.609379	0.867472
STAINED	7	19	12	10.008	0.593629	1
STAINER	7	35	24	18.7703	0.661736	1
STAINERS	8	12	8	6.91974	0.604943	1
STAINS	6	28	17	15.4613	0.577225	1
STAIR	5	114	49	79.1673	0.42512	0.613363
STAIRED	7	12	8	7.11266	0.604943	1
STAIRS	6	24	10	16.5429	0.398268	0.58613
STAITH	6	15	0	10.1409	0.0255598	0.0301256
STAKE	5	16	14	11.7882	0.780077	1
STALE	5	108	59	77.733	0.538426	0.750694
STALED	6	27	7	16.9763	0.254676	0.40607
STALER	6	55	27	37.7035	0.479607	0.704615
STALES	6	40	20	25.1431	0.484205	0.77513
STALL	5	26	10	17.9192	0.369868	0.539549
STAMEN	6	24	0	12.7225	0.0167842	0.0244975
STAMP	5	14	4	10.4255	0.276737	0.375328
STANCE	6	17	1	11.1804	0.074946	0.109033
STAND	5	68	36	49.4427	0.517754	0.716088
STANDER	7	22	14	13.4665	0.602861	0.997567
STANE	5	138	61	100.313	0.437886	0.603834
STANED	6	37	8	23.4451	0.215232	0.339781
STANES	6	37	17	21.2485	0.444745	0.775973
STANG	5	46	20	30.6886	0.423236	0.636207
STANGS	6	13	6	7.00286	0.423308	0.782669
STANK	5	11	5	8.00414	0.409672	0.57638
STANOL	6	20	0	9.68164	0.0198066	0.0314094
STAP	4	75	16	53.8731	0.215692	0.298939
STAPH	5	24	1	17.5449	0.0612767	0.0773416
STAPLE	6	10	4	6.60531	0.363531	0.563368
STAPS	5	14	1	10.5546	0.0978212	0.122229
STAR	4	304	193	216.001	0.630126	0.888096
STARCH	6	18	0	10.606	0.0217663	0.0289283
STARE	5	199	137	141.872	0.682172	0.958919
STARED	6	55	26	40.6501	0.462129	0.630926
STARER	6	43	29	32.4108	0.651133	0.875605
STARERS	7	16	11	11.3292	0.637659	0.926606
STARES	6	69	44	48.8283	0.624039	0.888119
STARETS	7	16	1	8.65396	0.0738229	0.139569
STARING	7	22	18	14.8805	0.771384	1
STARK	5	12	9	8.04404	0.652793	0.993521
STARN	5	75	26	53.6086	0.342562	0.480452
STARNIE	7	12	0	5.62588	0.0225179	0.0511254
STARNS	6	17	7	11.3797	0.387227	0.588238
STARR	5	59	20	41.4546	0.334159	0.476713
STARRED	7	12	6	6.85453	0.459337	0.816544
STARRS	6	16	5	11.5137	0.298679	0.423375
STARS	5	76	10	54.5629	0.135084	0.186827
START	5	74	42	53.4398	0.555445	0.77321
STARTED	7	10	8	5.55349	0.708038	1
STARTER	7	12	5	5.7803	0.386534	0.798161
STARTS	6	14	8	10.335	0.520554	0.72948
STASH	5	36	4	28.9449	0.119693	0.146943
STAT	4	117	61	82.0341	0.512957	0.733408
STATAL	6	11	0	7.62494	0.0332973	0.0388171
STATE	5	80	52	57.5241	0.636	0.889148
STATED	6	31	11	22.2754	0.344438	0.48515
STATER	6	55	32	39.0808	0.566999	0.80491
STATERS	7	16	10	10.3299	0.581275	0.920014
STATES	6	28	17	19.103	0.577225	0.858397
STATIC	6	12	0	8.08506	0.0309546	0.0368717
STATIN	6	23	3	12.3803	0.136434	0.247738
STATOR	6	23	0	12.7221	0.0174499	0.0244981
STATS	5	19	5	14.4402	0.25911	0.343512
STATUE	6	12	0	8.05058	0.0309546	0.0370107
STAUN	5	41	3	30.9801	0.0831718	0.106935
STAVE	5	10	7	7.37783	0.598404	0.842625
STAW	4	57	23	41.9905	0.39437	0.537921
STAWS	5	15	12	10.5473	0.711417	1
STAY	4	46	20	34.8627	0.421182	0.56045
STAYER	6	14	9	10.2348	0.582231	0.824189
STEAD	5	92	40	69.0785	0.428841	0.573517
STEADS	6	19	9	14.1133	0.444999	0.614011
STEAK	5	24	11	19.4449	0.434862	0.547995
STEAL	5	131	90	97.4027	0.677594	0.914853
STEALE	6	34	27	22.6153	0.757729	1
STEALED	7	10	6	4.92272	0.537618	1
STEALER	7	18	12	7.38866	0.623708	1
STEALS	6	38	29	23.0019	0.732093	1
STEALT	6	31	1	17.5586	0.0433551	0.0717535
STEAM	5	73	34	55.1322	0.45719	0.608811
STEAMS	6	17	11	9.98891	0.595415	1
STEAN	5	145	63	109.821	0.430678	0.570225
STEANE	6	37	17	22.5429	0.444745	0.733482
STEANES	7	11	3	4.01044	0.259845	0.6786
STEANS	6	39	21	23.6475	0.520218	0.862399
STEAR	5	207	137	155.053	0.656156	0.878173
STEARD	6	39	10	27.4502	0.253315	0.362171
STEARE	6	72	56	50.6216	0.760509	1
STEARED	7	20	13	10.6491	0.612325	1
STEARES	7	20	17	9.00361	0.796355	1
STEARIC	7	15	0	4.83461	0.0184814	0.058177
STEARIN	7	30	6	10.8205	0.198808	0.540296
STEARS	6	57	42	39.2156	0.716729	1
STED	4	269	8	199.14	0.0330489	0.0434753
STEDD	5	30	0	22.4376	0.0195386	0.019734
STEDDE	6	10	0	6.32645	0.0360236	0.0456081
STEDE	5	69	1	49.4193	0.0228548	0.0289178
STEDED	6	14	0	8.72936	0.0271362	0.0344537
STEDES	6	21	1	14.5245	0.0620318	0.0856908
STEDS	5	63	1	43.1365	0.0249398	0.0329891
STEED	5	71	6	51.9372	0.0900155	0.12114
STEEDS	6	12	0	7.17328	0.0309546	0.0409373
STEEK	5	15	2	12.3959	0.148598	0.178037
STEEL	5	54	38	41.2783	0.680673	0.899552
STEELS	6	21	16	13.3998	0.708209	1
STEEM	5	42	22	32.6606	0.505727	0.658033
STEEMS	6	15	8	9.5215	0.490313	0.785376
STEEN	5	88	46	68.3343	0.513842	0.66556
STEENS	6	16	8	11.8727	0.463392	0.642988
STEEP	5	30	4	22.2475	0.14161	0.188402
STEER	5	104	53	78.2232	0.502401	0.670808
STEERS	6	39	18	29.6258	0.447426	0.596928
STEIL	5	103	35	78.2	0.336967	0.445128
STEILS	6	31	14	18.537	0.434763	0.730339
STEIN	5	164	43	119.611	0.261683	0.358974
STEINED	7	10	0	3.05023	0.0263554	0.0844415
STEINS	6	42	19	24.7043	0.439685	0.749555
STELA	5	133	4	98.182	0.0341778	0.0448691
STELAE	6	31	0	19.9284	0.0132468	0.016101
STELAI	6	61	0	36.4246	0.0069601	0.00902206
STELAR	6	65	1	41.0777	0.0214239	0.0317382
STELE	5	56	12	42.9934	0.215088	0.280379
STELES	6	19	5	11.2859	0.25644	0.431165
STELIC	6	19	0	11.1464	0.0207402	0.0276513
STELL	5	38	21	28.4193	0.530818	0.717912
STELLA	6	19	9	11.0088	0.444999	0.771487
STELLS	6	10	6	6.69244	0.527285	0.813865
STEM	4	156	28	116.559	0.181478	0.242175
STEME	5	36	15	27.9518	0.403435	0.525519
STEMED	6	10	0	5.25375	0.0360236	0.0533132
STEMS	5	34	6	25.3348	0.1806	0.241277
STEN	4	361	69	272.611	0.191883	0.25385
STENCH	6	12	0	8.50016	0.0309546	0.0352767
STEND	5	83	29	63.0358	0.345587	0.456751
STENDS	6	14	5	9.02757	0.335522	0.527349
STENO	5	129	2	99.3658	0.020037	0.0245121
STENOS	6	29	0	19.3632	0.0140956	0.0165459
STENS	5	93	6	70.901	0.0693369	0.0894061
STENT	5	90	18	69.9319	0.200935	0.258635
STENTS	6	18	5	10.3234	0.269126	0.467504
STEP	4	112	9	81.5806	0.0864431	0.116446
STEPS	5	26	3	19.2951	0.126539	0.167052
STEPT	5	22	0	16.0944	0.0258496	0.0268525
STERANE	7	17	0	4.95765	0.0165085	0.0569555
STERE	5	147	37	108.685	0.251324	0.340116
STEREO	6	42	2	30.4175	0.0551862	0.0742072
STERES	6	42	13	31.5473	0.303979	0.408618
STERIC	6	34	0	21.0791	0.0121494	0.0152655
STERILE	7	11	0	3.79513	0.024286	0.071051
STERN	5	146	57	111.57	0.387451	0.508334
STERNA	6	51	0	33.0178	0.00826806	0.00992307
STERNAL	7	20	0	6.32265	0.01423	0.0461949
STERNER	7	12	2	4.17952	0.168124	0.45924
STERNS	6	41	24	32.3076	0.565564	0.728626
STEROID	7	16	0	6.67603	0.0174394	0.0440408
STEROL	6	52	0	38.3409	0.00811555	0.00858366
STERVE	6	10	0	7.19519	0.0360236	0.0408291
STET	4	163	8	119.977	0.0540379	0.0716527
STETS	5	25	1	18.5459	0.0590699	0.0734775
STEW	4	73	35	56.2713	0.468358	0.611815
STEWS	5	14	10	10.6712	0.634568	0.861124
STEWY	5	11	0	8.20341	0.0465028	0.0487123
STEY	4	92	0	73.2471	0.0106273	0.00996867
STEYS	5	19	0	15.4568	0.0294122	0.0278629
STHENIA	7	12	0	4.71686	0.0225179	0.0593961
STICH	5	29	2	22.1334	0.0831107	0.10465
STICK	5	10	6	7.96466	0.520081	0.684556
STIE	4	295	71	222.32	0.240943	0.31963
STIED	5	97	14	69.5045	0.146743	0.20385
STIES	5	110	25	81.5834	0.227372	0.306623
STILB	5	13	0	9.64419	0.0406043	0.0424088
STILE	5	81	50	63.3031	0.604532	0.778976
STILED	6	24	11	15.4797	0.436416	0.684054
STILES	6	32	23	19.4824	0.68511	1
STILET	6	12	1	7.94929	0.101311	0.147983
STILL	5	19	13	14.3702	0.626628	0.849441
STILT	5	28	11	21.7598	0.378327	0.493433
STIM	4	94	7	74.0703	0.0819079	0.101683
STIME	5	49	3	37.6319	0.0703187	0.0887533
STIMED	6	18	1	9.71665	0.0712383	0.123794
STIMES	6	15	1	7.40579	0.0836539	0.157444
STIMIE	6	10	0	5.47672	0.0360236	0.0515045
STIMS	5	26	3	19.5947	0.126539	0.164678
STING	5	72	50	49.3113	0.677301	0.993523
STINGE	6	34	21	20.5033	0.592044	0.98794
STINGER	7	16	13	11.1557	0.750426	1
STINGES	7	12	7	7.35835	0.53214	0.887799
STINGO	6	18	0	10.1085	0.0217663	0.0302129
STINGS	6	23	14	13.3465	0.572709	0.992818
STINT	5	55	18	41.6602	0.322676	0.428091
STINTER	7	13	8	7.54652	0.56389	0.986387
STINTS	6	15	5	9.04074	0.31603	0.526664
STIPA	5	19	0	12.2769	0.0294122	0.0342987
STIPE	5	29	11	21.481	0.366417	0.499422
STIPES	6	10	6	6.41558	0.527285	0.843864
STIR	4	244	106	181.126	0.431694	0.582419
STIRE	5	160	92	116.253	0.569156	0.785372
STIRED	6	46	19	28.1829	0.403206	0.6605
STIRES	6	49	31	32.1441	0.613901	0.942801
STIRK	5	12	0	9.35039	0.0433538	0.0435582
STIRP	5	29	2	19.6453	0.0831107	0.11697
STIRRA	6	26	0	12.7105	0.0155944	0.0245187
STIRRAH	7	10	0	3.35187	0.0263554	0.0784542
STIRRE	6	27	4	13.9233	0.151984	0.288867
STIRS	5	59	9	40.8911	0.156072	0.2235
STIVE	5	14	3	10.071	0.217098	0.300339
STOA	4	171	11	128.231	0.0687184	0.0901238
STOAE	5	75	1	56.4919	0.0210915	0.0253904
STOAI	5	51	0	37.8111	0.0119074	0.0120146
STOAS	5	32	0	24.9724	0.0184147	0.0178437
STOAT	5	53	3	38.4211	0.065275	0.0869981
STOATS	6	13	3	8.87821	0.226114	0.334724
STOB	4	42	1	30.7687	0.0439865	0.0531914
STOBS	5	16	1	11.9618	0.0873968	0.109442
STOEP	5	31	0	22.5511	0.01896	0.0196408
STOGIE	6	10	0	5.77803	0.0360236	0.0492469
STOIC	5	39	0	28.2575	0.0153285	0.0158731
STOIT	5	42	0	30.562	0.0143013	0.0147319
STOITER	7	12	0	5.85762	0.0225179	0.0493727
STOITS	6	13	0	7.30187	0.0289199	0.0403105
STOLE	5	76	29	57.5891	0.376299	0.49886
STOLED	6	21	6	14.0624	0.277424	0.418159
STOLEN	6	17	0	9.91199	0.0228992	0.0307521
STOLES	6	20	10	14.6815	0.469984	0.655279
STOLID	6	17	0	9.41745	0.0228992	0.0321987
STOLN	5	41	0	31.2142	0.014628	0.0144381
STOLON	6	12	0	6.5285	0.0309546	0.0443994
STOMA	5	32	0	23.1097	0.0184147	0.0191947
STOMIA	6	11	0	5.01428	0.0332973	0.0554028
STOND	5	45	0	33.258	0.0134031	0.0135889
STONE	5	103	59	76.7387	0.56388	0.760236
STONED	6	35	9	21.3386	0.253671	0.416261
STONEN	6	21	0	10.6068	0.0189533	0.0289264
STONER	6	43	21	29.0344	0.474195	0.708211
STONERS	7	14	9	7.57473	0.591605	1
STONES	6	35	20	22.0929	0.549263	0.87709
STONG	5	26	1	16.7547	0.0570166	0.0806916
STONIED	7	17	0	6.51329	0.0165085	0.0450073
STONIER	7	24	4	11.5556	0.167445	0.347873
STONIES	7	14	0	4.2397	0.0196559	0.064908
STONK	5	10	3	7.51458	0.285113	0.385606
STONN	5	23	4	17.3431	0.18008	0.237465
STONNE	6	13	3	8.37197	0.226114	0.352621
STONY	5	20	2	15.0666	0.115964	0.149318
STOOD	5	26	0	19.3836	0.0222554	0.0226213
STOOL	5	29	12	21.1605	0.397896	0.550638
STOOP	5	17	6	13.8086	0.335914	0.423061
STOOR	5	39	1	28.189	0.0392704	0.0496037
STOORS	6	11	0	7.11409	0.0332973	0.0412325
STOP	4	76	28	56.8126	0.36317	0.487509
STOPE	5	36	20	26.8225	0.532408	0.723081
STOPER	6	20	12	14.395	0.56002	0.796512
STOPES	6	10	8	6.96241	0.691039	1
STOPS	5	17	6	13.5831	0.335914	0.429389
STOPT	5	18	0	13.3163	0.0308284	0.031891
STORE	5	151	103	109.151	0.674005	0.93521
STORED	6	48	22	33.3233	0.446892	0.649016
STORER	6	35	27	25.1037	0.737367	1
STORERS	7	14	11	8.70339	0.718705	1
STORES	6	56	40	42.23	0.694684	0.931053
STOREY	6	12	0	8.67753	0.0309546	0.0346364
STORIED	7	14	0	5.87986	0.0196559	0.0492109
STORIES	7	17	3	7.27658	0.176631	0.407608
STORING	7	13	9	8.58186	0.631753	0.984147
STORK	5	15	3	11.263	0.20488	0.272266
STORM	5	30	2	21.9246	0.0805744	0.105584
STORY	5	24	4	17.4385	0.173352	0.236268
STOT	4	84	2	63.2984	0.0343462	0.0420355
STOTIN	6	16	0	7.88531	0.0241564	0.0376918
STOTS	5	18	0	14.8582	0.0308284	0.0288831
STOUN	5	18	2	14.6155	0.127132	0.1535
STOUP	5	13	4	10.6407	0.294288	0.368668
STOUR	5	31	17	24.8408	0.5224	0.663566
STOURE	6	22	12	14.7881	0.513763	0.776797
STOUT	5	17	7	13.2951	0.386501	0.505388
STOVE	5	12	3	9.50807	0.2465	0.315711
STOW	4	42	23	31.3939	0.523234	0.707779
STOWER	6	12	10	9.89667	0.734514	0.940515
STOWN	5	10	1	8.00805	0.128468	0.155
STOWRE	6	11	1	8.28211	0.108978	0.142731
STOWS	5	13	7	9.79272	0.48455	0.662273
STRAD	5	61	2	43.3734	0.041404	0.0551049
STRADS	6	15	1	10.7985	0.0836539	0.112535
STRAE	5	162	0	119.042	0.00388568	0.00391749
STRAES	6	51	0	34.8296	0.00826806	0.00942263
STRAFE	6	15	0	11.2653	0.0255598	0.0273854
STRAG	5	50	0	34.1597	0.0121331	0.0132451
STRAIN	6	59	33	33.3484	0.546285	0.967903
STRAINER	8	10	8	7.13829	0.708038	1
STRAINS	7	10	6	5.0971	0.537618	1
STRAINT	7	16	0	8.12057	0.0174394	0.0369899
STRAIT	6	31	2	17.7805	0.0734634	0.123886
STRAK	5	17	3	12.1542	0.184151	0.254483
STRAND	6	28	11	16.9818	0.378638	0.627217
STRANG	6	24	1	13.0482	0.0549326	0.0946349
STRANGE	7	14	1	7.26451	0.0832058	0.163315
STRAP	5	40	6	28.5069	0.155263	0.215762
STRAPS	6	12	3	8.28239	0.242022	0.35599
STRATA	6	14	4	9.38681	0.273845	0.41388
STRATH	6	19	0	13.2427	0.0207402	0.0236087
STRATI	6	28	0	18.1694	0.0145621	0.0175712
STRAW	5	38	9	28.7429	0.236468	0.313308
STRAWN	6	10	1	5.3845	0.117901	0.206553
STRAY	5	29	10	20.4236	0.334939	0.477887
STREAM	6	29	9	19.3906	0.302433	0.455841
STREEL	6	22	1	13.8763	0.0594699	0.0894008
STREET	6	17	0	10.5161	0.0228992	0.0291523
STRENE	6	35	0	24.9019	0.0118229	0.0130208
STREP	5	57	0	41.8048	0.0107121	0.0109063
STREPS	6	12	0	10.0735	0.0309546	0.0303076
STREW	5	42	13	31.4459	0.304689	0.409044
STREWN	6	11	0	8.69755	0.0332973	0.0345657
STRIA	5	126	3	86.6028	0.0282698	0.0394151
STRIAE	6	56	3	31.5957	0.0590924	0.102122
STRIATE	7	23	0	9.57663	0.0125042	0.0318501
STRICT	6	12	0	8.49439	0.0309546	0.0352979
STRIDE	6	32	11	22.5757	0.334371	0.478995
STRIDER	7	10	3	7.12635	0.281987	0.415235
STRIFE	6	15	2	8.17424	0.141748	0.252268
STRIG	5	33	2	21.6378	0.0738162	0.106893
STRIGA	6	13	0	7.66686	0.0289199	0.0386314
STRIM	5	44	0	32.5984	0.0136897	0.0138518
STRIMS	6	14	0	7.16437	0.0271362	0.0409815
STRINE	6	54	23	31.0653	0.416982	0.725678
STRINES	7	19	9	8.4082	0.448951	1
STRING	6	35	16	19.6306	0.441775	0.788299
STRINGS	7	11	5	6.87735	0.416884	0.685608
STRIP	5	30	7	19.9779	0.233164	0.348064
STRIPE	6	16	6	9.85086	0.353583	0.579041
STROBE	6	11	2	6.09046	0.184658	0.325418
STRODE	6	33	13	23.201	0.381672	0.548984
STROND	6	22	0	12.6129	0.0181706	0.0246932
STRONG	6	14	0	6.78302	0.0271362	0.0429651
STROP	5	34	1	24.0955	0.0446108	0.0575399
STROUT	6	18	0	11.7153	0.0217663	0.0264235
STROW	5	19	7	14.6745	0.35099	0.462262
STROY	5	15	3	11.0627	0.20488	0.276611
STRUM	5	18	1	12.9629	0.0789802	0.101861
STRUT	5	24	1	18.0472	0.0612767	0.0753532
STUB	4	28	1	20.4646	0.0632877	0.0774122
STUD	4	43	3	34.5823	0.0856878	0.102098
STUDE	5	24	1	19.519	0.0612767	0.0700742
STUM	4	36	3	29.3556	0.100719	0.119028
STUN	4	69	23	53.5205	0.329458	0.426539
STUNG	5	13	4	8.50334	0.294288	0.44752
STUNS	5	16	4	12.6489	0.247246	0.316305
STUNT	5	12	3	9.68153	0.2465	0.310809
STUPE	5	13	5	9.98966	0.357709	0.476689
STURE	5	55	4	42.3683	0.0803258	0.101969
STURT	5	22	0	16.5918	0.0258496	0.0261138
STY	3	117	25	93.0361	0.216927	0.271947
STYE	4	53	13	41.0058	0.24636	0.318549
STYED	5	18	4	13.8288	0.223435	0.291942
STYES	5	11	3	8.62535	0.264404	0.343262
STYLE	5	16	9	11.5213	0.513661	0.728003
STYLI	5	11	0	7.64814	0.0465028	0.0516723
STYLO	5	11	1	7.27353	0.119137	0.167992
STYRE	5	28	3	21.04	0.118314	0.154114
STYRES	6	11	1	8.26275	0.108978	0.143027
STYTE	5	13	1	9.03131	0.104025	0.139925
SUB	3	57	21	42.7567	0.365284	0.487418
SUBA	4	28	0	20.5473	0.0319449	0.0330999
SUBER	5	20	12	13.9806	0.555183	0.806189
SUBS	4	10	4	7.87995	0.360957	0.473085
SUCH	4	17	0	13.1907	0.0487538	0.0489582
SUD	3	83	15	63.6645	0.186681	0.241362
SUDOR	5	14	0	10.9043	0.0381827	0.0380972
SUDS	4	21	5	15.9288	0.241684	0.317899
SUE	3	172	14	132.702	0.0864672	0.110368
SUED	4	58	3	43.1186	0.0649252	0.0828516
SUEDE	5	16	0	11.6953	0.0341137	0.0358116
SUENT	5	30	0	22.5638	0.0195386	0.0196304
SUER	4	94	2	69.5118	0.0308381	0.0383915
SUERS	5	23	2	17.5749	0.102463	0.129672
SUES	4	49	5	37.4629	0.113773	0.145147
SUET	4	75	2	58.1979	0.0382638	0.0455874
SUETE	5	21	0	15.5273	0.0269372	0.0277474
SUETS	5	19	0	14.7577	0.0294122	0.0290617
SUG	3	49	9	38.8021	0.19326	0.241383
SUGH	4	11	0	8.75109	0.0683793	0.0688712
SUGO	4	14	0	10.0061	0.0569224	0.0617693
SUI	3	130	22	102.582	0.173419	0.218508
SUID	4	37	0	29.3932	0.0249164	0.0238217
SUING	5	16	0	9.73035	0.0341137	0.0420832
SUINT	5	28	0	17.6385	0.0208087	0.0246849
SUIT	4	59	13	45.5671	0.222862	0.288107
SUITE	5	36	6	24.5156	0.171283	0.248878
SUITER	6	20	3	11.6075	0.15486	0.262809
SUITES	6	11	1	7.61113	0.108978	0.153731
SUITS	5	16	4	12.0168	0.247246	0.331108
SUK	3	20	4	16.0277	0.218692	0.268763
SULCI	5	10	0	8.00428	0.050145	0.049734
SULU	4	11	1	8.24532	0.13547	0.168283
SUM	3	62	17	49.5923	0.276696	0.345684
SUMI	4	23	1	17.7659	0.0750489	0.0878946
SUMO	4	23	2	18.4141	0.112216	0.133721
SUMS	4	11	1	9.40131	0.13547	0.151463
SUN	3	137	69	110.363	0.498673	0.621175
SUNG	4	25	13	18.4344	0.485005	0.667604
SUNI	4	75	6	59.2706	0.0889574	0.109901
SUNIS	5	25	2	17.4603	0.095083	0.130457
SUNK	4	11	3	8.51796	0.26965	0.351216
SUNN	4	13	2	9.64304	0.178596	0.233056
SUNS	4	31	9	23.8738	0.28704	0.374519
SUP	3	57	18	43.3808	0.315917	0.414827
SUPE	4	26	7	17.1775	0.268154	0.400779
SUPER	5	18	4	12.4219	0.223435	0.321466
SUPS	4	18	5	13.9124	0.274784	0.357772
SUR	3	164	75	127.878	0.454183	0.583639
SURA	4	76	3	58.4844	0.0502997	0.0618605
SURAL	5	22	1	15.0782	0.0662248	0.0888566
SURAS	5	15	0	10.0656	0.0360337	0.0408623
SURAT	5	32	0	21.7956	0.0184147	0.020278
SURD	4	38	0	29.1827	0.0243218	0.0239816
SURDS	5	10	0	7.85739	0.050145	0.0505156
SURE	4	102	50	76.3461	0.481744	0.646434
SURED	5	36	13	25.0357	0.351846	0.507894
SURER	5	19	6	14.0151	0.30505	0.417426
SURES	5	32	16	23.6731	0.478612	0.654618
SUREST	6	16	1	10.0044	0.0790609	0.120585
SURF	4	16	2	12.4054	0.151679	0.188868
SURING	6	11	5	5.92963	0.4117	0.759893
SURRA	5	14	0	9.73526	0.0381827	0.0420648
SUS	3	48	6	38.3408	0.139044	0.170019
SUSED	5	13	1	10.5702	0.104025	0.12207
SUTOR	5	30	0	22.7783	0.0195386	0.0194569
SUTRA	5	44	0	30.948	0.0136897	0.0145566
SUTRAS	6	13	0	7.91783	0.0289199	0.0375558
SWAD	4	28	2	19.2352	0.0946305	0.12859
SWAG	4	17	3	11.349	0.192258	0.277636
SWAGE	5	11	2	7.25874	0.19177	0.282579
SWAIN	5	13	2	8.51491	0.167446	0.247099
SWALE	5	18	10	14.2236	0.512346	0.666442
SWAM	4	15	3	11.368	0.212597	0.277246
SWAN	4	39	7	27.2991	0.186905	0.263098
SWANS	5	11	3	7.85115	0.264404	0.371712
SWAP	4	20	6	14.4166	0.293626	0.407203
SWARD	5	15	4	11.087	0.261162	0.355587
SWARE	5	36	14	26.8018	0.37764	0.511534
SWART	5	24	3	17.4613	0.135994	0.183217
SWAT	4	49	20	35.5883	0.397299	0.549678
SWATH	5	16	2	10.8212	0.14068	0.20081
SWATS	5	15	8	10.5473	0.486289	0.703833
SWEAL	5	13	10	9.92557	0.674813	0.917367
SWEAR	5	22	12	16.1898	0.510352	0.705452
SWEAT	5	18	10	12.5921	0.512346	0.743654
SWEE	4	22	10	16.9857	0.425365	0.561452
SWEER	5	13	4	8.83572	0.294288	0.433115
SWEET	5	11	4	8.28043	0.337038	0.45773
SWEIR	5	25	1	18.3464	0.0590699	0.0742166
SWEIRT	6	14	0	8.08396	0.0271362	0.0368761
SWELT	5	17	3	13.0261	0.184151	0.239198
SWIES	5	14	1	10.9597	0.0978212	0.118252
SWINE	5	21	16	16.3697	0.70012	0.922315
SWINES	6	10	6	6.49779	0.527285	0.834727
SWIRE	5	22	11	17.1721	0.469977	0.614733
SWIRES	6	12	6	7.10586	0.45309	0.772841
SWITH	5	12	1	9.0304	0.111069	0.139937
SWOP	4	13	0	10.5138	0.0602896	0.0592955
SWORD	5	10	1	6.949	0.128468	0.174452
SWORE	5	30	4	21.617	0.14161	0.193543
SWORN	5	10	1	6.59627	0.128468	0.182062
SWOT	4	39	1	29.803	0.0470621	0.0547983
SWOTS	5	13	1	9.79272	0.104025	0.130482
SWY	3	19	1	14.2848	0.0965453	0.114603
SYCE	4	10	0	8.04731	0.0732968	0.0736178
SYE	3	101	18	79.3637	0.183243	0.231679
SYED	4	37	4	29.175	0.122703	0.151623
SYEN	4	45	0	36.326	0.0208405	0.019531
SYENS	5	15	0	11.9102	0.0360337	0.0352374
SYES	4	31	5	24.1874	0.172444	0.218269
SYLI	4	17	0	14.5298	0.0487538	0.0450312
SYN	3	67	4	51.0609	0.073454	0.0917702
SYND	4	16	0	11.7815	0.0512031	0.0539055
SYNE	4	34	4	26.8231	0.132415	0.163925
SYNED	5	14	0	10.9843	0.0381827	0.0378528
SYNES	5	20	2	15.6391	0.115964	0.144327
SYPE	4	16	0	13.4447	0.0512031	0.0481615
SYPH	4	13	0	10.121	0.0602896	0.0611916
SYRTES	6	10	0	8.28646	0.0360236	0.0360802
SYTHE	5	10	0	8.17609	0.050145	0.04885
TAAL	4	49	2	37.0602	0.0570683	0.070154
TAALS	5	25	0	18.7409	0.0230568	0.0233399
TAB	3	135	48	101.073	0.354531	0.473617
TABER	5	32	16	21.7075	0.478612	0.710089
TABERS	6	13	8	9.54981	0.554771	0.783288
TABES	5	26	6	19.0292	0.230823	0.315422
TABI	4	41	0	30.3401	0.0226969	0.0231277
TABID	5	11	0	8.76173	0.0465028	0.0460593
TABIS	5	17	0	12.0947	0.032388	0.0347588
TABLA	5	15	0	10.1965	0.0360337	0.0404044
TABLE	5	24	9	16.9814	0.360145	0.512805
TABLES	6	13	6	7.47488	0.423308	0.739564
TABOO	5	10	0	7.59228	0.050145	0.0519901
TABOR	5	23	0	17.3146	0.0248464	0.0251101
TABORS	6	10	0	5.91993	0.0360236	0.0482508
TABRET	6	11	0	7.80168	0.0332973	0.038046
TABS	4	46	13	35.7547	0.280916	0.362662
TABU	4	30	0	21.6759	0.0300606	0.031533
TABUS	5	17	0	11.7933	0.032388	0.0355474
TACE	4	105	30	75.7767	0.284827	0.394552
TACES	5	59	15	46.2024	0.253211	0.324417
TACET	5	31	0	22.3173	0.01896	0.0198337
TACH	4	76	34	55.9768	0.438259	0.597714
TACHE	5	34	22	26.6055	0.615765	0.799853
TACHES	6	23	15	15.8377	0.612371	0.905813
TACHO	5	27	0	19.1636	0.0215077	0.0228622
TACHOS	6	15	0	8.41576	0.0255598	0.0355897
TACHS	5	25	2	19.2608	0.095083	0.119137
TACIT	5	17	2	12.3924	0.133563	0.178082
TACK	4	16	13	11.4271	0.704296	1
TACO	4	65	0	48.0074	0.0147915	0.0149836
TACOS	5	21	0	14.8414	0.0269372	0.0289127
TACT	4	47	3	34.9587	0.0789547	0.101063
TACTS	5	18	1	13.3139	0.0789802	0.0994462
TAD	3	244	67	183.417	0.275248	0.365834
TADS	4	83	10	62.2081	0.126796	0.167024
TAE	3	570	104	428.991	0.183346	0.243274
TAED	4	177	6	127.062	0.0388005	0.0522474
TAEING	6	28	0	12.7484	0.0145621	0.0244516
TAEL	4	181	11	130.536	0.065002	0.0885586
TAELS	5	92	5	70.4881	0.0595164	0.0760258
TAES	4	332	38	241.098	0.116161	0.1593
TAG	3	177	74	134.814	0.415989	0.546781
TAGINE	6	15	0	8.94039	0.0255598	0.0337293
TAGINES	7	11	0	5.59177	0.024286	0.051394
TAGS	4	62	27	47.7279	0.425144	0.556235
TAHA	4	32	0	25.2041	0.0283861	0.0274679
TAHAS	5	16	0	13.1907	0.0341137	0.0321638
TAHR	4	88	0	66.006	0.0110898	0.0110276
TAI	3	457	268	346.594	0.584236	0.771029
TAIGA	5	12	0	8.31578	0.0433538	0.0481541
TAIL	4	143	102	103.249	0.701263	0.974753
TAILED	6	21	10	15.503	0.449738	0.622849
TAILER	6	37	26	26.2548	0.674258	0.962997
TAILERS	7	18	11	10.6045	0.573039	0.98497
TAILLE	6	19	0	10.6686	0.0207402	0.0287744
TAILLES	7	14	0	7.0271	0.0196559	0.0420909
TAILOR	6	17	0	10.1998	0.0228992	0.0299685
TAILS	5	52	40	35.6773	0.742048	1
TAIN	4	234	126	169.608	0.533907	0.737905
TAINS	5	100	52	71.6828	0.512226	0.7171
TAINT	5	64	19	43.0759	0.294158	0.436931
TAINTED	7	10	3	3.49849	0.281987	0.757543
TAINTS	6	28	8	15.5143	0.279345	0.502018
TAIRA	5	61	2	40.6868	0.041404	0.0586149
TAIRAS	6	22	0	11.8585	0.0181706	0.0261313
TAIS	4	214	23	155.356	0.110228	0.150785
TAISH	5	55	1	39.3786	0.0283936	0.0360224
TAIT	4	138	26	100.397	0.190403	0.260837
TAITS	5	65	16	46.487	0.245548	0.343336
TAK	3	57	34	42.3737	0.579204	0.783677
TAKA	4	10	0	6.53552	0.0732968	0.0864107
TAKE	4	28	24	19.0968	0.784171	1
TAKER	5	14	12	10.0332	0.753845	1
TAKES	5	18	11	12.9834	0.560498	0.792646
TAKI	4	24	1	16.6875	0.0723595	0.0929226
TAKIN	5	13	1	8.34426	0.104025	0.149701
TAKIS	5	11	0	7.72145	0.0465028	0.0512611
TAKS	4	24	6	17.3036	0.251537	0.346816
TALA	4	81	17	59.5577	0.212227	0.287608
TALANT	6	10	0	5.53374	0.0360236	0.0510616
TALAR	5	32	1	21.8946	0.047177	0.0629554
TALARS	6	14	0	8.90586	0.0271362	0.0338457
TALAS	5	46	14	33.1829	0.300204	0.417393
TALC	4	57	1	44.0638	0.0331533	0.0378937
TALCS	5	20	0	14.9444	0.0281204	0.0287317
TALE	4	193	131	136.86	0.670471	0.94769
TALEA	5	50	0	34.8836	0.0121331	0.0129815
TALENT	6	21	0	12.2694	0.0189533	0.025328
TALENTS	7	11	0	3.77211	0.024286	0.0714009
TALER	5	98	62	67.8757	0.62163	0.900622
TALERS	6	55	33	40.0613	0.584477	0.810033
TALES	5	106	59	78.5694	0.548327	0.742852
TALI	4	166	17	118.246	0.106054	0.147427
TALION	6	16	0	7.67912	0.0241564	0.0385774
TALK	4	15	7	11.4498	0.424178	0.569396
TALL	4	53	37	38.5884	0.668114	0.926363
TALLER	6	15	8	9.2182	0.490313	0.808472
TALLIER	7	10	1	5.07864	0.111566	0.223003
TALLIS	6	11	0	6.39313	0.0332973	0.045202
TALLS	5	26	15	18.5274	0.543674	0.772941
TALMA	5	10	0	6.93783	0.050145	0.0560273
TALON	5	49	4	33.6996	0.0896358	0.127088
TALONS	6	25	2	12.9281	0.0896605	0.166753
TALPA	5	11	0	8.25825	0.0465028	0.0484383
TALUS	5	22	0	15.1737	0.0258496	0.0283362
TAM	3	226	121	173.151	0.531829	0.695323
TAMAL	5	13	0	9.86945	0.0406043	0.0415678
TAME	4	113	78	86.3879	0.675925	0.889326
TAMED	5	40	8	28.643	0.202027	0.28116
TAMEIN	6	27	0	12.6972	0.0150606	0.0245423
TAMER	5	56	32	39.3656	0.555411	0.794805
TAMERS	6	26	17	18.052	0.618144	0.905513
TAMES	5	63	38	46.4887	0.587526	0.801861
TAMEST	6	20	0	12.0325	0.0198066	0.025785
TAMIN	5	42	2	28.6631	0.0589764	0.081988
TAMINE	6	26	0	12.1813	0.0155944	0.0254959
TAMINES	7	11	0	2.05925	0.024286	0.112697
TAMING	6	11	2	5.45134	0.184658	0.357185
TAMINS	6	12	0	5.91422	0.0309546	0.0482901
TAMIS	5	41	1	28.5436	0.0374759	0.0490181
TAMISE	6	24	0	11.8329	0.0167842	0.026183
TAMP	4	30	18	21.2296	0.560951	0.80157
TAMPER	6	13	9	8.934	0.620502	0.931084
TAMPS	5	14	5	10.5524	0.336375	0.454414
TAMS	4	92	28	71.1648	0.302582	0.392092
TAN	3	443	266	340.093	0.598067	0.779832
TANA	4	99	13	72.9673	0.136234	0.183036
TANAS	5	54	10	37.4105	0.187435	0.269205
TANE	4	261	72	193.766	0.275643	0.371315
TANG	4	93	54	65.1952	0.567763	0.81283
TANGA	5	19	1	11.3598	0.0753519	0.11457
TANGI	5	32	16	19.5717	0.478612	0.782095
TANGIE	6	16	5	9.43567	0.298679	0.506914
TANGIER	7	10	4	6.01111	0.367197	0.626866
TANGIS	6	10	5	4.68296	0.445408	0.923829
TANGLE	6	12	6	6.60109	0.45309	0.823524
TANGO	5	27	3	17.4342	0.122288	0.183479
TANGOS	6	11	2	6.52058	0.184658	0.30704
TANGS	5	30	12	20.0364	0.385753	0.579394
TANH	4	75	0	59.1993	0.0129169	0.0122508
TANHS	5	26	0	19.4862	0.0222554	0.0225106
TANIST	6	28	0	13.8522	0.0145621	0.022646
TANK	4	24	17	17.4718	0.645728	0.90404
TANNA	5	14	0	8.62869	0.0381827	0.046665
TANNED	6	15	4	10.9706	0.257936	0.359554
TANNER	6	26	16	18.3935	0.5827	0.838335
TANNERS	7	18	11	13.6982	0.573039	0.776261
TANNIE	6	23	3	11.8629	0.136434	0.257628
TANNIES	7	11	2	4.25537	0.181325	0.452487
TANREC	6	11	0	5.95949	0.0332973	0.0479802
TANS	4	204	63	153.632	0.307925	0.409198
TANTI	5	52	0	38.4401	0.01169	0.0118253
TANTIES	7	17	0	6.38558	0.0165085	0.045796
TANTO	5	43	0	31.9698	0.0139888	0.014112
TANTOS	6	18	0	10.9185	0.0217663	0.0281758
TANTY	5	10	0	6.73586	0.050145	0.057403
TAO	3	346	16	261.606	0.0491704	0.0640092
TAOS	4	150	5	109.627	0.0391099	0.0514508
TAP	3	149	82	110.562	0.544598	0.735426
TAPA	4	20	0	15.1244	0.0426355	0.0434824
TAPE	4	72	51	52.7269	0.685317	0.942807
TAPED	5	19	5	13.7939	0.25911	0.358038
TAPEN	5	22	0	16.7752	0.0258496	0.0258517
TAPER	5	47	34	33.7072	0.696039	0.979404
TAPERS	6	23	19	17.1334	0.771016	1
TAPES	5	43	22	30.9155	0.494677	0.69347
TAPET	5	15	0	9.96775	0.0360337	0.0412112
TAPIR	5	23	1	14.8366	0.0636547	0.0901715
TAPIRS	6	12	1	7.67041	0.101311	0.152691
TAPIS	5	26	0	17.2623	0.0222554	0.0251801
TAPPER	6	10	9	6.7089	0.772916	1
TAPS	4	57	22	41.1519	0.377951	0.525248
TAPU	4	23	0	17.117	0.0378815	0.0389888
TAR	3	571	371	424.418	0.64756	0.871827
TARA	4	138	25	100.883	0.183356	0.249903
TARAND	6	13	0	8.3842	0.0289199	0.0357082
TARAS	5	75	16	54.1296	0.213974	0.296158
TARCEL	6	11	0	6.90194	0.0332973	0.0423262
TARDIES	7	10	0	2.72597	0.0263554	0.0919882
TARDO	5	36	0	24.7938	0.0165147	0.0179649
TARDY	5	10	1	7.68969	0.128468	0.160376
TARE	4	375	226	267.712	0.599145	0.840208
TARED	5	118	27	81.9593	0.228871	0.329208
TARES	5	216	136	156.868	0.624591	0.861795
TARGA	5	24	0	15.53	0.0239182	0.0277431
TARGE	5	48	3	32.7324	0.0717038	0.10146
TARGED	6	10	0	6.85274	0.0360236	0.0425882
TARGES	6	21	2	13.3071	0.10511	0.162365
TARGET	6	11	0	7.11128	0.0332973	0.0412466
TARING	6	37	13	19.5033	0.342739	0.647533
TARINGS	7	16	2	10.1799	0.130207	0.210588
TARN	4	156	39	117.804	0.250268	0.331351
TARNS	5	70	20	52.2128	0.283646	0.381214
TARO	4	231	16	161.063	0.0724514	0.102628
TAROC	5	45	1	33.5312	0.0343378	0.0420371
TAROK	5	13	0	9.49506	0.0406043	0.0429846
TAROS	5	103	13	70.1015	0.128964	0.188182
TAROT	5	52	1	36.3708	0.029949	0.0388842
TAROTS	6	23	1	13.7205	0.0571113	0.090341
TARP	4	68	9	47.4211	0.139339	0.196666
TARPS	5	26	2	17.5757	0.0917778	0.129667
TARRAS	6	13	0	7.63818	0.0289199	0.0387583
TARRE	5	69	15	47.1431	0.217929	0.318141
TARRED	6	19	5	13.6979	0.25644	0.360866
TARRES	6	41	4	26.22	0.102745	0.158829
TARRIES	7	17	2	5.26178	0.123257	0.378609
TARRY	5	14	0	10.7063	0.0381827	0.0387156
TARS	4	273	60	191.195	0.220361	0.314192
TARSAL	6	24	0	15.1857	0.0167842	0.0207912
TARSEL	6	42	0	28.1053	0.00995109	0.0115924
TARSELS	7	10	0	6.06871	0.0263554	0.0478777
TARSI	5	105	0	72.4319	0.00594088	0.00638762
TARSIER	7	12	0	4.59953	0.0225179	0.0606628
TART	4	151	69	108.106	0.452013	0.632555
TARTAN	6	14	0	8.46271	0.0271362	0.0354149
TARTED	6	30	8	21.6475	0.262002	0.366637
TARTER	6	33	1	23.0363	0.0408927	0.0554662
TARTINE	7	18	1	6.3815	0.0663418	0.183114
TARTING	7	12	4	7.51525	0.313731	0.51485
TARTISH	7	14	0	5.49586	0.0196559	0.0521644
TARTS	5	75	35	54.1393	0.458291	0.637653
TARTY	5	11	0	7.89101	0.0465028	0.0503345
TAS	3	527	303	397.027	0.573126	0.761297
TASAR	5	48	0	33.5626	0.0126111	0.0134708
TASE	4	314	177	230.291	0.559976	0.76467
TASED	5	99	24	71.9301	0.242122	0.333317
TASER	5	201	105	145.916	0.518435	0.715523
TASERED	7	11	3	4.78271	0.259845	0.586416
TASERS	6	51	24	38.7478	0.459282	0.610853
TASES	5	77	35	57.9799	0.4468	0.596474
TASH	4	131	66	98.9968	0.496787	0.659857
TASHED	6	13	6	10.717	0.423308	0.536584
TASHES	6	24	17	18.4837	0.665306	0.885549
TASING	6	27	5	12.9858	0.186215	0.379115
TASK	4	34	14	24.6702	0.39623	0.549732
TASLET	6	27	0	18.4673	0.0150606	0.0173036
TASS	4	75	23	57.0429	0.304406	0.401164
TASSA	5	15	0	10.3829	0.0360337	0.0397702
TASSE	5	51	14	36.7191	0.272287	0.378763
TASSEL	6	12	3	7.56943	0.242022	0.38528
TASSET	6	12	0	7.48143	0.0309546	0.0394666
TASSIE	6	12	0	6.18241	0.0309546	0.0465107
TASSO	5	30	0	21.584	0.0195386	0.020464
TASTE	5	97	61	72.3509	0.617838	0.832496
TASTED	6	34	11	25.6185	0.315904	0.424438
TASTER	6	63	43	46.5475	0.66612	0.909646
TASTERS	7	23	15	16.2876	0.618916	0.892022
TASTES	6	31	18	24.0944	0.555196	0.728004
TASTIER	7	19	3	8.07802	0.159595	0.371231
TASTING	7	11	2	8.35094	0.181325	0.252211
TASTY	5	15	1	11.6709	0.0923156	0.111861
TAT	3	166	136	123.096	0.808142	1
TATAR	5	23	0	14.7866	0.0248464	0.0290101
TATARS	6	13	0	7.8833	0.0289199	0.0377002
TATE	4	147	96	103.758	0.642915	0.913424
TATER	5	92	55	62.9376	0.587122	0.861001
TATERS	6	53	26	41.317	0.478868	0.621005
TATES	5	94	47	67.9404	0.492316	0.683738
TATH	4	69	10	49.185	0.151144	0.209385
TATHS	5	22	1	16.8219	0.0662248	0.0803954
TATIE	5	53	0	38.3742	0.0114804	0.0118449
TATIES	6	36	0	22.7087	0.0115135	0.0142205
TATLER	6	11	3	7.25703	0.260339	0.39969
TATS	4	117	36	82.0341	0.306184	0.43649
TATU	4	40	0	28.3594	0.0232139	0.0246285
TATUS	5	15	0	10.9767	0.0360337	0.0378758
TAU	3	177	37	133.752	0.211309	0.278771
TAULD	5	10	0	7.52856	0.050145	0.0523574
TAUNT	5	18	9	13.516	0.464194	0.631228
TAUS	4	65	7	48.0665	0.11638	0.154323
TAUT	4	38	11	28.9011	0.286819	0.378292
TAUTER	6	10	2	7.4086	0.199777	0.274979
TAUTS	5	19	6	14.3054	0.30505	0.409754
TAV	3	51	12	39.8709	0.240977	0.306657
TAVER	5	12	5	9.12296	0.381931	0.515618
TAVS	4	17	1	13.1659	0.0965886	0.114269
TAW	3	103	35	78.6014	0.339031	0.444423
TAWA	4	16	0	11.7604	0.0512031	0.0539871
TAWED	5	13	1	9.12262	0.104025	0.138721
TAWER	5	25	0	17.304	0.0230568	0.0251243
TAWERS	6	14	0	10.94	0.0271362	0.0281255
TAWIE	5	13	0	8.93378	0.0406043	0.0452991
TAWS	4	49	22	35.5883	0.435102	0.602654
TAWSE	5	24	0	16.4199	0.0239182	0.0263646
TAWT	4	20	1	15.9543	0.0844672	0.0966826
TAY	3	108	45	83.3104	0.413333	0.536962
TAYRA	5	15	0	11.3326	0.0360337	0.0368246
TAYRAS	6	12	0	7.5114	0.0309546	0.0393291
TAYS	4	36	18	28.6649	0.476609	0.608248
TEA	3	625	457	470.303	0.728721	0.969186
TEACH	5	43	15	34.4399	0.341731	0.430623
TEAD	4	167	68	120.519	0.403845	0.5604
TEADE	5	57	25	43.3196	0.428998	0.568455
TEADES	6	28	12	18.4539	0.411736	0.63114
TEADS	5	68	25	51.2497	0.362316	0.482981
TEAED	5	42	0	31.0732	0.0143013	0.0145006
TEAGLE	6	10	1	5.9174	0.117901	0.190858
TEAING	6	33	1	16.9635	0.0408927	0.0741179
TEAK	4	35	11	24.8177	0.308935	0.435541
TEAKS	5	13	8	10.1089	0.547971	0.730435
TEAL	4	215	107	156.767	0.493452	0.677977
TEALS	5	96	60	72.6285	0.613968	0.815887
TEAM	4	126	53	94.0704	0.415835	0.558549
TEAMED	6	10	4	6.26779	0.363531	0.589191
TEAMER	6	18	6	10.177	0.318598	0.562288
TEAMS	5	47	25	33.9117	0.515198	0.719521
TEAPOT	6	11	0	6.43622	0.0332973	0.0449433
TEAR	4	364	189	264.614	0.516489	0.71127
TEARED	6	38	15	28.5934	0.38395	0.516637
TEARER	6	23	4	15.459	0.176095	0.262071
TEARERS	7	12	0	5.1178	0.0225179	0.0554404
TEARING	7	14	7	9.598	0.464505	0.698436
TEARS	5	167	100	120.853	0.592811	0.821234
TEARY	5	38	5	29.4581	0.138351	0.176819
TEAS	4	319	137	234.507	0.427429	0.582038
TEASE	5	110	75	83.3232	0.670762	0.889864
TEASED	6	27	13	18.2445	0.460061	0.689677
TEASEL	6	20	7	14.2589	0.334931	0.477935
TEASER	6	58	39	40.9459	0.655003	0.935705
TEASERS	7	13	8	6.5099	0.56389	1
TEASES	6	25	18	17.4435	0.677605	0.989174
TEASING	7	11	3	6.75332	0.259845	0.435467
TEAT	4	186	86	136.573	0.458224	0.625297
TEATED	6	13	1	9.27626	0.0946513	0.129051
TEATS	5	100	49	73.9005	0.483034	0.656213
TEC	3	218	27	169.591	0.127151	0.162362
TECH	4	52	10	38.3423	0.197105	0.265433
TECHS	5	16	0	11.4728	0.0341137	0.0364264
TECS	4	90	5	69.2608	0.0640988	0.0805285
TECTA	5	22	0	16.1754	0.0258496	0.0267295
TED	3	455	46	345.943	0.10288	0.134687
TEDIEST	7	11	0	4.03755	0.024286	0.0675642
TEDS	4	181	23	132.069	0.1299	0.176944
TEE	3	282	209	217.553	0.73555	0.955357
TEED	4	109	24	78.833	0.221595	0.305588
TEEING	6	10	1	4.99287	0.117901	0.219839
TEEK	4	22	1	15.9101	0.077946	0.0969194
TEEL	4	88	41	63.1546	0.457201	0.639199
TEELS	5	47	26	36.0557	0.535292	0.705067
TEEM	4	63	28	46.8933	0.433736	0.586082
TEEMS	5	35	19	25.7178	0.520028	0.715687
TEEN	4	142	84	106.787	0.582701	0.777885
TEEND	5	35	19	26.3545	0.520028	0.69932
TEENDS	6	14	9	9.83591	0.582231	0.854266
TEENS	5	71	47	55.436	0.645814	0.833929
TEENY	5	11	0	9.40195	0.0465028	0.043352
TEER	4	172	71	122.308	0.40942	0.576446
TEERS	5	96	41	70.5486	0.421598	0.575695
TEES	4	182	59	134.23	0.322848	0.438081
TEETH	5	19	0	14.1193	0.0294122	0.0302504
TEF	3	121	15	93.249	0.129826	0.166502
TEFF	4	13	5	9.96757	0.356055	0.474105
TEFS	4	43	3	33.7897	0.0856878	0.104349
TEG	3	186	39	141.269	0.211826	0.278106
TEGS	4	68	23	50.9444	0.33404	0.447229
TEGU	4	21	0	15.6378	0.0409235	0.0422283
TEHR	4	128	0	94.8592	0.00772685	0.00774814
TEHRS	5	61	0	46.084	0.0100401	0.00992527
TEIL	4	170	46	127.7	0.270373	0.360004
TEILS	5	70	26	52.8717	0.3661	0.486965
TEIN	4	284	50	213.172	0.177208	0.235686
TEIND	5	70	0	49.3185	0.00879835	0.00929343
TEINDS	6	28	0	16.9363	0.0145621	0.0187728
TEINS	5	120	33	86.1617	0.274015	0.381877
TEL	3	413	161	311.824	0.389179	0.515612
TELA	4	214	20	154.81	0.0964603	0.132198
TELAE	5	53	0	38.4385	0.0114804	0.0118258
TELD	4	100	10	77.4052	0.106051	0.135124
TELE	4	89	38	65.4808	0.419989	0.572869
TELES	5	56	26	42.5623	0.453314	0.600928
TELIA	5	89	0	60.6849	0.0069767	0.00759446
TELL	4	65	42	49.4567	0.624324	0.828186
TELLAR	6	14	1	6.90213	0.0888134	0.167359
TELLIN	6	16	2	9.08285	0.133965	0.229749
TELLS	5	28	20	21.5898	0.670841	0.887019
TELOI	5	69	0	49.2682	0.00892094	0.00930264
TELOS	5	75	1	56.1401	0.0210915	0.0255455
TELS	4	206	53	154.298	0.25735	0.343544
TELT	4	86	18	63.8895	0.211547	0.283886
TEME	4	62	23	47.472	0.36445	0.478516
TEMED	5	22	0	14.5141	0.0258496	0.029504
TEMES	5	40	17	29.7513	0.412466	0.559267
TEMP	4	32	10	24.1871	0.306897	0.408016
TEMPS	5	14	4	10.949	0.276737	0.359532
TEMS	4	127	21	92.6804	0.168207	0.229341
TEMSE	5	43	1	30.2696	0.0358383	0.0463541
TEMSED	6	10	0	5.15579	0.0360236	0.0541486
TEN	3	597	342	464.41	0.571264	0.734935
TENACES	7	11	0	4.03528	0.024286	0.0675953
TENAIL	6	39	4	21.5762	0.107731	0.19136
TENAILS	7	17	4	6.3266	0.230005	0.599508
TENCH	5	23	1	17.925	0.0636547	0.0758273
TEND	4	164	80	126.089	0.482529	0.629629
TENDER	6	31	19	19.9376	0.585304	0.919424
TENDERS	7	16	9	9.93387	0.524892	0.861356
TENDON	6	13	0	8.8043	0.0289199	0.0341929
TENDRE	6	22	0	14.8463	0.0181706	0.0212338
TENDRES	7	10	0	4.29039	0.0263554	0.0642743
TENDS	5	59	32	44.8402	0.528435	0.700887
TENDU	5	21	0	15.2917	0.0269372	0.0281371
TENE	4	143	67	111.987	0.463014	0.593528
TENES	5	84	43	65.7901	0.502955	0.646138
TENESI	6	35	0	23.2174	0.0118229	0.013923
TENET	5	29	13	22.8921	0.429375	0.552546
TENETS	6	25	9	16.5532	0.346886	0.529128
TENGE	5	22	2	15.7413	0.1066	0.143472
TENGES	6	10	1	6.52604	0.117901	0.175617
TENIA	5	144	0	102.5	0.00436224	0.00454066
TENIAE	6	39	0	20.936	0.0106754	0.0153647
TENIAS	6	59	0	31.6071	0.0071875	0.0103511
TENNE	5	33	13	24.8081	0.381356	0.512289
TENNER	6	20	4	14.008	0.199878	0.287247
TENNERS	7	15	3	9.86242	0.197739	0.309694
TENNES	6	20	9	12.9465	0.424967	0.665031
TENNIS	6	24	0	14.5822	0.0167842	0.0215915
TENNO	5	38	0	27.9823	0.0157045	0.0160213
TENNOS	6	14	0	7.65674	0.0271362	0.0386761
TENON	5	41	0	31.0589	0.014628	0.0145069
TENONS	6	11	0	6.52078	0.0332973	0.0444444
TENOR	5	104	1	76.2263	0.0153627	0.0189431
TENORS	6	37	1	23.1161	0.0367214	0.0552833
TENOUR	6	13	0	8.72774	0.0289199	0.0344594
TENS	4	300	150	227.757	0.496929	0.655668
TENSE	5	94	48	74.5047	0.50265	0.637837
TENSED	6	25	5	15.0107	0.1999	0.331453
TENSER	6	39	13	26.0846	0.326106	0.490742
TENSES	6	19	11	13.414	0.539279	0.781444
TENSION	7	14	0	3.63058	0.0196559	0.0736303
TENSON	6	20	0	11.8712	0.0198066	0.0261057
TENSOR	6	38	1	22.7222	0.0358082	0.0561976
TENSORS	7	12	0	5.5589	0.0225179	0.0516554
TENT	4	149	84	115.003	0.556025	0.723342
TENTED	6	16	6	9.72112	0.353583	0.585986
TENTER	6	24	13	16.506	0.512713	0.757796
TENTERS	7	12	7	6.59569	0.53214	0.978103
TENTH	5	25	0	17.7806	0.0230568	0.0245029
TENTIE	6	24	0	13.8214	0.0167842	0.0226927
TENTIER	7	15	0	6.57661	0.0184814	0.0446263
TENTS	5	76	41	58.7754	0.528646	0.68816
TENTY	5	19	2	14.0539	0.121292	0.159046
TENUE	5	27	0	20.0281	0.0215077	0.0219437
TENUES	6	16	0	8.67711	0.0241564	0.034638
TENUIS	6	12	0	6.20953	0.0309546	0.046338
TENURE	6	11	0	6.07356	0.0332973	0.0472169
TEPA	4	81	1	59.3304	0.0237819	0.0284862
TEPAL	5	23	0	17.1213	0.0248464	0.025371
TEPAS	5	32	1	23.4058	0.047177	0.059134
TEPHRA	6	10	0	5.78853	0.0360236	0.0491718
TEPID	5	10	0	7.90696	0.050145	0.0502491
TERAI	5	164	1	112.867	0.00983545	0.0128736
TERAIS	6	78	0	47.2994	0.00548501	0.00699473
TERAS	5	201	22	143.29	0.111108	0.155216
TERCE	5	35	1	26.7709	0.0434296	0.0520928
TEREFA	6	11	0	7.40141	0.0332973	0.0398383
TERES	5	138	52	101.171	0.373951	0.511124
TERF	4	90	1	68.0853	0.0215027	0.0249361
TERFES	6	13	0	9.27927	0.0289199	0.0326276
TERFS	5	29	0	22.7315	0.0201537	0.0194945
TERGA	5	45	0	30.4612	0.0134031	0.0147783
TERGAL	6	15	0	9.50581	0.0255598	0.0319304
TERM	4	121	11	90.0514	0.0962266	0.127438
TERMED	6	11	1	7.82629	0.108978	0.150023
TERMS	5	50	7	34.2844	0.14479	0.20887
TERN	4	253	102	188.662	0.401001	0.538458
TERNAL	6	37	0	24.2575	0.0112199	0.0133518
TERNE	5	88	39	66.041	0.436722	0.584505
TERNED	6	19	4	12.2185	0.2093	0.325856
TERNES	6	42	20	27.5273	0.462302	0.710565
TERNS	5	122	49	92.1113	0.397861	0.528542
TERRA	5	76	8	53.0877	0.109693	0.155232
TERRAE	6	22	0	14.8302	0.0181706	0.0212553
TERRAS	6	39	4	25.3191	0.107731	0.164245
TERRIT	6	13	0	7.68405	0.0289199	0.0385557
TERRY	5	18	2	12.8357	0.127132	0.172571
TERSE	5	152	36	109.722	0.236743	0.327951
TERSER	6	36	0	26.5554	0.0115135	0.0122422
TERSION	7	22	0	8.4869	0.013031	0.0355467
TERTIA	6	41	0	26.1627	0.0101814	0.0124186
TERTIAN	7	10	0	3.06197	0.0263554	0.0841914
TERTIAS	7	22	0	9.67569	0.013031	0.0315518
TERTS	5	105	1	74.8935	0.0152201	0.0192736
TES	3	842	239	636.821	0.284	0.375427
TESLA	5	114	12	86.8159	0.108251	0.141239
TESLAS	6	35	3	23.6265	0.0924389	0.135041
TESSERA	7	14	0	4.61884	0.0196559	0.0604507
TEST	4	238	119	178.664	0.496141	0.662241
TESTA	5	119	0	89.0602	0.00525784	0.00521462
TESTAE	6	29	0	18.9802	0.0140956	0.0168615
TESTE	5	74	40	54.9885	0.529392	0.716596
TESTED	6	28	11	17.8513	0.378638	0.598434
TESTER	6	44	23	30.1924	0.507211	0.745923
TESTERN	7	10	0	3.34538	0.0263554	0.0785741
TESTERS	7	14	8	7.32778	0.528055	1
TESTES	6	15	5	9.98982	0.31603	0.481574
TESTIER	7	12	1	4.92294	0.0953211	0.228963
TESTIS	6	18	0	12.2834	0.0217663	0.0253014
TESTON	6	27	0	18.8842	0.0150606	0.0169425
TESTS	5	47	28	38.1914	0.575479	0.717522
TESTY	5	22	1	17.0417	0.0662248	0.0794419
TET	3	205	112	159.127	0.542215	0.699983
TETE	4	95	26	68.9348	0.273183	0.376261
TETES	5	55	13	39.1446	0.236122	0.331545
TETH	4	75	14	55.2811	0.190345	0.256796
TETHER	6	11	2	6.87701	0.184658	0.293314
TETHS	5	35	3	26.1212	0.0963849	0.125753
TETRA	5	69	7	48.2677	0.106458	0.150172
TETRAD	6	12	0	7.9245	0.0309546	0.037528
TETRAS	6	23	5	15.2199	0.215757	0.327202
TETRI	5	63	0	44.1611	0.0097348	0.0103433
TETRIS	6	29	0	19.5687	0.0140956	0.0163813
TETS	4	163	64	119.977	0.389558	0.530138
TEW	3	120	43	93.3661	0.3571	0.459483
TEWEL	5	11	0	8.78949	0.0465028	0.045935
TEWS	4	61	28	45.1594	0.447101	0.607555
TEX	3	16	3	12.8377	0.212358	0.259237
THAE	4	105	1	80.768	0.018541	0.0211227
THAGI	5	14	0	10.3477	0.0381827	0.0398884
THAIM	5	11	0	7.65317	0.0465028	0.0516439
THALE	5	32	0	24.1566	0.0184147	0.0184112
THALER	6	13	0	8.90904	0.0289199	0.033835
THALI	5	30	1	21.9209	0.0500565	0.0628847
THALIS	6	18	0	10.0424	0.0217663	0.0303921
THAN	4	76	20	60.2294	0.263052	0.332594
THANA	5	17	1	11.6935	0.0829756	0.11167
THANE	5	42	4	30.7841	0.103651	0.138569
THANES	6	28	4	16.6188	0.146954	0.244913
THANG	5	16	11	11.3594	0.620228	0.892827
THANS	5	40	4	29.3777	0.108499	0.144883
THAR	4	98	3	72.9602	0.0394407	0.0499405
THARM	5	15	0	11.5636	0.0360337	0.036173
THARS	5	46	0	33.4079	0.0131283	0.0135305
THAT	4	47	2	36.0682	0.0593104	0.0719744
THAW	4	21	3	15.2842	0.16138	0.21502
THAWS	5	10	3	6.90197	0.285113	0.413755
THE	3	276	76	216.753	0.275935	0.351235
THECA	5	21	0	16.1075	0.0269372	0.0268326
THEE	4	57	18	43.9618	0.312275	0.406533
THEED	5	20	1	16.9468	0.0720423	0.0798509
THEES	5	38	9	29.9551	0.236468	0.30123
THEFT	5	10	0	7.74115	0.050145	0.0511517
THEGN	5	16	0	10.6337	0.0341137	0.0389474
THEIN	5	46	1	34.2776	0.0336337	0.0411599
THEINE	6	11	0	5.60565	0.0332973	0.0505136
THEINS	6	20	0	11.2298	0.0198066	0.0274642
THEIR	5	50	0	37.5172	0.0121331	0.0121051
THEIRS	6	24	0	16.6063	0.0167842	0.0191228
THEISM	6	12	0	6.22043	0.0309546	0.0462689
THEIST	6	14	0	9.14136	0.0271362	0.0330671
THEM	4	51	8	40.7364	0.164269	0.204
THEMA	5	21	0	16.6698	0.0269372	0.0260018
THEME	5	12	3	8.60773	0.2465	0.343861
THEN	4	112	29	90.2881	0.258998	0.321807
THENAR	6	21	0	11.5561	0.0189533	0.0267558
THENS	5	53	12	40.1017	0.226659	0.299872
THERE	5	52	16	39.3031	0.303833	0.403799
THERES	6	32	13	23.5939	0.392827	0.540248
THERIAN	7	15	0	4.24518	0.0184814	0.0648389
THERIANS	8	11	0	3.67281	0.024286	0.0729507
THERM	5	20	0	14.558	0.0281204	0.0294235
THERMS	6	12	0	5.70345	0.0309546	0.049787
THESE	5	42	4	33.4321	0.103651	0.128062
THESES	6	14	1	9.80349	0.0888134	0.122808
THETA	5	45	4	34.8435	0.0971417	0.123087
THETAS	6	20	0	13.7663	0.0198066	0.0227768
THETE	5	21	3	16.2503	0.153159	0.195724
THETES	6	15	3	11.1749	0.199842	0.272075
THETRI	6	13	0	7.81418	0.0289199	0.0379927
THEW	4	23	2	17.5744	0.112216	0.13941
THEY	4	28	2	22.399	0.0946305	0.112027
THIEF	5	11	0	7.84936	0.0465028	0.050559
THIG	4	37	5	29.9161	0.14715	0.179292
THIN	4	99	41	80.3323	0.408329	0.506103
THINE	5	59	10	43.1021	0.172262	0.234845
THING	5	39	24	25.84	0.589935	0.895437
THINGO	6	14	0	6.72889	0.0271362	0.0432623
THINGS	6	12	8	6.84393	0.593802	1
THINS	5	43	7	31.606	0.166935	0.225773
THIO	4	63	2	50.6252	0.0451267	0.0521269
THIOL	5	17	0	12.054	0.032388	0.0348632
THIR	4	90	0	71.1714	0.0108536	0.0102508
THIRD	5	23	0	15.2821	0.0248464	0.0281531
THIRL	5	22	0	17.1721	0.0258496	0.0253019
THIRST	6	11	0	6.77792	0.0332973	0.0429929
THIS	4	96	1	76.1879	0.0202113	0.0223574
THO	3	201	26	155.957	0.132824	0.170038
THOLE	5	31	1	24.3466	0.0485741	0.0569808
THOLES	6	12	0	6.91589	0.0309546	0.0422525
THOLI	5	19	0	13.2276	0.0294122	0.0320832
THON	4	74	10	56.9208	0.141444	0.181971
THONG	5	12	3	7.05006	0.2465	0.40658
THORN	5	27	0	19.9899	0.0215077	0.0219827
THORNS	6	12	0	7.1443	0.0309546	0.0410813
THORO	5	19	0	13.3886	0.0294122	0.0317359
THORP	5	14	0	10.0896	0.0381827	0.0407775
THOSE	5	49	2	38.4313	0.0510016	0.0619266
THOU	4	39	1	30.2002	0.0470621	0.0541259
THOUS	5	20	0	15.1351	0.0281204	0.0284021
THRAE	5	40	0	29.2394	0.0149701	0.0153659
THRANG	6	10	0	5.29277	0.0360236	0.0529876
THRAW	5	10	0	7.49661	0.050145	0.0525436
THREAD	6	13	0	10.2701	0.0289199	0.0297833
THREAT	6	15	1	10.7168	0.0836539	0.113313
THREE	5	17	3	12.3308	0.184151	0.251231
THRESH	6	12	0	9.1003	0.0309546	0.0332003
THREW	5	14	1	11.2936	0.0978212	0.115162
THRID	5	16	0	11.6651	0.0341137	0.0358938
THRO	4	89	3	67.2819	0.0432614	0.0540239
THROE	5	34	0	25.8403	0.017413	0.017277
THROES	6	20	0	11.4088	0.0198066	0.0270712
THRONE	6	15	1	7.69048	0.0836539	0.152342
THRONG	6	12	0	5.94797	0.0309546	0.0480587
THRU	4	38	0	30.1104	0.0243218	0.0232923
THUD	4	12	0	9.82611	0.0640801	0.0626964
THUG	4	11	3	8.58224	0.26965	0.349115
THUS	4	37	0	29.2634	0.0249164	0.0239201
THY	3	67	1	54.6412	0.0310633	0.0331461
TIAN	4	187	8	137.125	0.0472444	0.0628315
TIANS	5	74	1	50.7502	0.0213662	0.0281811
TIAR	4	243	26	174.106	0.109431	0.151766
TIARA	5	56	10	37.8754	0.181056	0.266026
TIARAS	6	34	6	19.8273	0.177834	0.302944
TIARS	5	108	12	71.581	0.114115	0.170686
TIC	3	205	68	161.391	0.331457	0.421225
TICAL	5	29	0	19.4019	0.0201537	0.0226014
TICE	4	91	29	70.8523	0.316307	0.407466
TICED	5	32	1	21.5775	0.047177	0.063821
TICES	5	44	16	33.8235	0.355806	0.466457
TICH	4	59	24	46.5308	0.397728	0.508301
TICHES	6	12	5	7.5981	0.382734	0.614058
TICK	4	11	7	8.66506	0.538011	0.715814
TICS	4	71	7	55.2578	0.107058	0.134996
TID	3	242	82	187.294	0.338521	0.437533
TIDAL	5	44	0	29.0285	0.0136897	0.0154721
TIDE	4	157	54	117.059	0.341935	0.459238
TIDED	5	19	2	12.8659	0.121292	0.172208
TIDES	5	95	35	70.6187	0.36454	0.491927
TIDIER	6	12	0	8.52154	0.0309546	0.0351983
TIDIES	6	13	0	7.60291	0.0289199	0.0389154
TIDS	4	93	16	70.6047	0.175627	0.230205
TIDY	4	17	0	13.794	0.0487538	0.0471075
TIE	3	524	217	410.353	0.413434	0.528212
TIED	4	177	30	129.687	0.171467	0.23323
TIER	4	299	110	215.907	0.366515	0.507869
TIERED	6	27	5	17.6601	0.186215	0.284632
TIERS	5	166	64	118.761	0.383013	0.536146
TIES	4	330	94	244.641	0.284569	0.383913
TIFOS	5	11	0	7.91295	0.0465028	0.0502171
TIG	3	151	61	116.317	0.401876	0.522413
TIGE	4	64	31	48.8169	0.471528	0.622814
TIGER	5	33	17	23.4241	0.493189	0.701301
TIGERS	6	18	12	12.2927	0.615431	0.921579
TIGES	5	27	11	21.8027	0.391036	0.492524
TIGONS	6	11	0	5.89249	0.0332973	0.0484403
TIGS	4	61	18	44.2065	0.29303	0.404388
TIK	3	47	15	36.236	0.319052	0.413885
TIKA	4	20	1	13.7798	0.0844672	0.109869
TIKE	4	23	6	16.8859	0.260886	0.354421
TIKES	5	15	2	11.7372	0.148598	0.186902
TIKS	4	22	1	14.8638	0.077946	0.102874
TIL	3	289	178	224.801	0.612079	0.788241
TILDE	5	34	10	24.5782	0.289391	0.401724
TILDES	6	24	8	16.3472	0.321971	0.478046
TILE	4	153	116	114.147	0.745795	1
TILED	5	49	15	36.5783	0.302124	0.406433
TILER	5	72	47	51.0322	0.637177	0.903852
TILERS	6	40	28	29.6917	0.673718	0.920457
TILERY	6	10	0	6.55382	0.0360236	0.0442524
TILES	5	98	60	75.2722	0.601783	0.787786
TILL	4	43	33	32.1556	0.725275	0.983448
TILLER	6	13	9	7.01778	0.620502	1
TILLS	5	24	15	17.9182	0.584295	0.797201
TILS	4	128	27	95.9076	0.212419	0.282974
TILT	4	59	31	44.9171	0.509007	0.674402
TILTED	6	10	6	7.68273	0.527285	0.722054
TILTER	6	13	11	10.9342	0.751965	0.942525
TILTH	5	11	0	8.23304	0.0465028	0.0485639
TILTS	5	29	13	23.193	0.429375	0.54581
TIME	4	96	66	74.7324	0.670828	0.868071
TIMED	5	39	12	28.0608	0.302632	0.42206
TIMER	5	40	27	28.7452	0.646288	0.908619
TIMERS	6	16	10	10.7086	0.573201	0.875823
TIMES	5	55	39	42.5414	0.686201	0.896458
TIMON	5	35	0	25.1594	0.0169519	0.0177184
TIMONS	6	15	0	5.8799	0.0255598	0.0485277
TIN	3	457	346	351.205	0.753517	0.981717
TINA	4	210	8	153.981	0.0421645	0.0560487
TINAS	5	86	2	60.4769	0.0297432	0.0398953
TINCAL	6	10	0	6.83879	0.0360236	0.0426631
TIND	4	97	42	71.7363	0.426333	0.578504
TINDER	6	29	20	20.5759	0.654845	0.938486
TINDERS	7	18	15	13.014	0.775718	1
TINDS	5	34	9	25.2372	0.262193	0.354404
TINE	4	269	175	202.314	0.644983	0.859515
TINEA	5	106	10	74.1527	0.0978253	0.138443
TINEAL	6	25	0	12.6647	0.0161674	0.0246004
TINEAS	6	44	5	25.1728	0.117714	0.203228
TINED	5	92	12	64.7051	0.133381	0.188416
TINES	5	162	101	122.236	0.61687	0.820136
TING	4	131	102	91.8661	0.763641	1
TINGE	5	65	44	42.2914	0.658725	1
TINGED	6	18	4	11.6913	0.219654	0.339291
TINGES	6	30	21	19.0079	0.66556	1
TINGLE	6	11	6	6.61908	0.48738	0.821604
TINGS	5	56	35	36.1744	0.60646	0.941798
TINIER	6	25	0	14.8094	0.0161674	0.0212831
TINIES	6	32	0	18.2612	0.0128596	0.0174879
TINIEST	7	10	0	2.96465	0.0263554	0.0863104
TINK	4	25	14	17.7432	0.519601	0.741019
TINNED	6	17	6	11.6199	0.33518	0.498484
TINNER	6	28	24	19.0191	0.80891	1
TINNERS	7	17	14	11.7238	0.763747	1
TINNIE	6	11	3	5.29673	0.260339	0.522259
TINS	4	208	66	157.183	0.31627	0.418907
TINSEL	6	37	0	20.706	0.0112199	0.0155268
TINSEY	6	16	0	7.63724	0.0241564	0.0387624
TINT	4	112	66	84.3312	0.578224	0.771737
TINTED	6	21	8	12.8973	0.363581	0.595906
TINTER	6	33	24	23.3689	0.694052	0.994847
TINTERS	7	21	13	12.8799	0.585393	0.967469
TINTS	5	57	26	41.8768	0.44573	0.610426
TINTY	5	11	2	7.51282	0.19177	0.274604
TINY	4	41	0	31.4492	0.0226969	0.0223646
TIP	3	120	26	90.9661	0.219749	0.288734
TIPI	4	19	1	14.1741	0.0881549	0.107217
TIPIS	5	14	0	10.8592	0.0381827	0.0382364
TIPS	4	50	8	36.4824	0.167316	0.226456
TIPT	4	20	2	15.0633	0.126299	0.15973
TIRADE	6	33	1	20.0052	0.0408927	0.0634337
TIRADES	7	15	1	8.16762	0.078234	0.147053
TIRAGE	6	16	0	11.0385	0.0241564	0.0278971
TIRASSE	7	12	0	3.83265	0.0225179	0.070488
TIRE	4	306	169	223.803	0.548617	0.751222
TIRED	5	99	26	68.9106	0.261775	0.376023
TIRES	5	190	106	139.839	0.553206	0.753362
TIRL	4	86	1	64.6783	0.0224593	0.0262071
TIRLED	6	17	0	10.3244	0.0228992	0.0296415
TIRLS	5	31	0	22.7201	0.01896	0.0195037
TIRO	4	187	4	135.899	0.0262916	0.0344171
TIROES	6	37	0	22.1463	0.0112199	0.0145646
TIROS	5	92	1	64.9833	0.017308	0.022147
TIRR	4	66	6	48.8179	0.10041	0.132434
TIRRS	5	30	3	20.2842	0.111092	0.159464
TIS	3	494	109	381.364	0.221384	0.286523
TISANE	6	32	0	16.0403	0.0128596	0.0197543
TIT	3	139	111	107.639	0.785867	1
TITAN	5	44	2	29.6283	0.0564543	0.079445
TITANS	6	18	1	9.1401	0.0712383	0.130767
TITCH	5	10	2	8.37154	0.20679	0.250692
TITE	4	123	93	92.5001	0.740861	0.99036
TITER	5	69	50	51.9198	0.705613	0.945
TITERS	6	38	28	29.5474	0.707225	0.924791
TITHE	5	24	12	18.2326	0.47222	0.632384
TITHER	6	12	9	8.63698	0.664158	0.959499
TITHES	6	12	6	7.65145	0.45309	0.724636
TITI	4	39	0	30.226	0.0237549	0.0232092
TITIS	5	20	0	15.9913	0.0281204	0.027011
TITLE	5	31	2	23.5914	0.0781882	0.0985668
TITLED	6	11	0	7.27205	0.0332973	0.0404541
TITLER	6	14	0	8.69113	0.0271362	0.0345883
TITLERS	7	10	0	4.2469	0.0263554	0.0648172
TITLES	6	15	1	9.24718	0.0836539	0.129414
TITRE	5	56	22	41.6258	0.38525	0.521206
TITRES	6	36	15	25.6846	0.404046	0.572754
TITS	4	108	28	80.4192	0.259319	0.348154
TIYN	4	21	0	17.2085	0.0409235	0.0388046
TIZ	3	12	1	10.75	0.139399	0.146038
TOAD	4	80	13	60.429	0.167084	0.2197
TOADS	5	25	6	20.0844	0.239135	0.299995
TOAST	5	33	15	24.6984	0.437273	0.590805
TOASTER	7	11	3	6.28671	0.259845	0.463732
TOASTS	6	11	6	8.82001	0.48738	0.639238
TOC	3	165	26	128.963	0.161156	0.205049
TOCHER	6	10	0	6.93048	0.0360236	0.0421757
TOCK	4	11	3	9.02238	0.26965	0.335379
TOCO	4	34	0	25.9001	0.0268884	0.0267867
TOCOS	5	12	0	8.96303	0.0433538	0.0451724
TOCS	4	62	2	46.8046	0.0458114	0.056194
TOCSIN	6	12	0	6.71249	0.0309546	0.0433532
TOD	3	196	50	151.444	0.256286	0.331304
TODIES	6	21	0	13.294	0.0189533	0.0235245
TODS	4	63	8	46.8098	0.134806	0.178702
TODY	4	17	1	14.2145	0.0965886	0.106953
TOE	3	383	101	301.664	0.264235	0.335358
TOEA	4	164	24	124.7	0.149008	0.195104
TOEAS	5	75	11	57.6655	0.14968	0.193933
TOED	4	129	13	99.4109	0.105483	0.135385
TOEIER	6	15	0	10.0051	0.0255598	0.0304942
TOEING	6	16	0	8.90349	0.0241564	0.0338538
TOES	4	212	61	161.776	0.287252	0.376672
TOEY	4	38	0	31.4512	0.0243218	0.0223633
TOFT	4	11	0	8.29351	0.0683793	0.0718847
TOFU	4	11	0	8.95243	0.0683793	0.0676239
TOG	3	114	36	84.9949	0.315855	0.423289
TOGA	4	46	1	31.907	0.0404609	0.0514144
TOGAE	5	20	0	13.4398	0.0281204	0.0316271
TOGAS	5	16	0	10.0668	0.0341137	0.0408581
TOGE	4	56	8	40.1007	0.150558	0.207069
TOGED	5	15	0	10.2061	0.0360337	0.0403712
TOGES	5	27	3	18.8376	0.122288	0.170812
TOGS	4	41	15	30.0279	0.356733	0.489305
TOHO	4	44	1	32.4587	0.0421501	0.0505951
TOHOS	5	23	1	17.1693	0.0636547	0.0788983
TOIL	4	101	60	77.2948	0.58166	0.764567
TOILE	5	46	32	33.1626	0.669301	0.937081
TOILED	6	16	6	10.6353	0.353583	0.540321
TOILER	6	15	9	9.6459	0.548407	0.869377
TOILERS	7	11	8	6.8923	0.652443	1
TOILES	6	25	15	15.2837	0.567366	0.936451
TOILET	6	15	6	9.94224	0.374124	0.574246
TOILS	5	40	26	29.5639	0.622906	0.852461
TOING	5	32	1	20.5333	0.047177	0.0668469
TOISE	5	89	0	64.813	0.0069767	0.00712162
TOISES	6	25	0	14.9403	0.0161674	0.0211094
TOISON	6	11	0	7.43785	0.0332973	0.0396681
TOIT	4	76	9	59.8874	0.125389	0.157155
TOITED	6	13	0	7.139	0.0289199	0.0411077
TOITS	5	41	7	29.9045	0.174563	0.23801
TOKE	4	17	14	12.8134	0.718441	0.984922
TOKER	5	10	8	7.13465	0.676727	0.982332
TOKES	5	10	7	8.21717	0.598404	0.769766
TOLA	4	138	5	101.648	0.0424171	0.0554051
TOLAN	5	57	1	40.7255	0.0274435	0.0348732
TOLANE	6	30	0	17.316	0.013658	0.0183856
TOLANES	7	17	0	6.25163	0.0165085	0.0466535
TOLANS	6	21	1	10.7831	0.0620318	0.11268
TOLAR	5	63	2	44.101	0.0401449	0.0542254
TOLARS	6	21	0	14.5138	0.0189533	0.0216862
TOLAS	5	61	1	42.9113	0.025722	0.0331564
TOLD	4	56	11	39.6559	0.200637	0.281007
TOLE	4	163	105	122.669	0.635206	0.847144
TOLED	5	54	13	41.0283	0.240282	0.316857
TOLEDO	6	12	0	7.24263	0.0309546	0.0405969
TOLES	5	94	62	71.6058	0.647326	0.854663
TOLL	4	37	28	27.3789	0.709425	0.973214
TOLLER	6	12	8	7.20875	0.593802	1
TOLLIE	6	11	5	5.44928	0.4117	0.815662
TOLLS	5	15	12	11.775	0.711417	0.940239
TOLSEL	6	18	0	10.1909	0.0217663	0.0299922
TOLSEY	6	10	0	3.82427	0.0360236	0.0688031
TOLT	4	66	26	49.875	0.386512	0.514069
TOLTER	6	18	9	13.3567	0.467014	0.646156
TOLTS	5	38	12	28.7446	0.310055	0.412515
TOLU	4	54	1	42.1972	0.034871	0.0394882
TOLUS	5	19	0	15.4404	0.0294122	0.0278899
TOM	3	149	65	120.456	0.43332	0.537404
TOMAN	5	23	0	15.2629	0.0248464	0.0281853
TOMB	4	15	4	11.5563	0.265493	0.346325
TOME	4	78	37	62.2171	0.464185	0.586377
TOMES	5	34	17	27.1967	0.479776	0.609071
TOMO	4	21	0	16.4932	0.0409235	0.0402923
TOMOS	5	11	0	8.32488	0.0465028	0.0481095
TOMS	4	59	19	47.4391	0.318244	0.398194
TON	3	353	242	276.645	0.681667	0.871224
TONAL	5	45	1	31.8001	0.0343378	0.044223
TONDI	5	35	0	24.6165	0.0169519	0.0180869
TONE	4	194	154	147.57	0.7833	1
TONED	5	60	14	43.6851	0.233245	0.320358
TONER	5	97	71	72.5203	0.718071	0.965707
TONERS	6	38	30	29.341	0.75696	0.996775
TONES	5	109	77	83.2122	0.694657	0.914643
TONEY	5	15	0	10.3426	0.0360337	0.0399058
TONG	4	59	31	41.625	0.509007	0.725105
TONGA	5	25	0	15.9662	0.0230568	0.0270498
TONGED	6	11	1	6.53002	0.108978	0.175525
TONGER	6	22	9	14.6707	0.389865	0.592306
TONGERS	7	13	6	9.98816	0.428165	0.58159
TONGS	5	22	8	15.2618	0.348851	0.50575
TONIC	5	35	0	23.8409	0.0169519	0.0186407
TONIER	6	41	7	26.4073	0.172168	0.266826
TONIES	6	45	1	27.182	0.0304992	0.0473344
TONIEST	7	18	0	7.173	0.0156721	0.0413304
TONISH	6	19	0	13.1843	0.0207402	0.0237052
TONITE	6	20	0	11.0263	0.0198066	0.0279252
TONITES	7	10	0	3.13464	0.0263554	0.0826758
TONK	4	23	11	17.5194	0.446723	0.597031
TONLET	6	17	0	8.1422	0.0228992	0.0366436
TONNE	5	28	15	20.8785	0.508333	0.691698
TONNER	6	12	5	8.45728	0.382734	0.558831
TONNES	6	13	9	8.71193	0.620502	0.952166
TONS	4	171	54	129.863	0.314566	0.414699
TONSIL	6	18	0	10.5944	0.0217663	0.0289569
TONUS	5	21	0	15.1225	0.0269372	0.0284235
TONY	4	37	2	28.9137	0.0738098	0.0885436
TOO	3	154	108	120.754	0.692135	0.886003
TOOK	4	11	8	8.18593	0.605102	0.845567
TOOL	4	55	36	40.3018	0.628453	0.865439
TOOLED	6	11	1	8.0699	0.108978	0.146036
TOOLER	6	15	9	9.56876	0.548407	0.875665
TOOLS	5	24	16	17.5587	0.621654	0.864744
TOOM	4	30	13	23.7819	0.413482	0.530012
TOOMS	5	12	8	9.25454	0.585077	0.788517
TOON	4	68	35	52.073	0.500926	0.659174
TOONIE	6	20	2	13.5095	0.109842	0.160115
TOONIES	7	12	2	3.88064	0.168124	0.487938
TOONS	5	30	17	22.3116	0.538342	0.734079
TOORIE	6	15	0	8.65768	0.0255598	0.0347069
TOORIES	7	11	0	3.53099	0.024286	0.0752843
TOOT	4	32	24	26.1782	0.696811	0.87331
TOOTER	6	15	8	11.0392	0.490313	0.687148
TOOTH	5	13	6	10.2907	0.421129	0.549393
TOOTS	5	20	13	16.0857	0.599105	0.766526
TOP	3	151	62	115.276	0.408337	0.535564
TOPE	4	67	43	50.8394	0.620817	0.825448
TOPED	5	16	6	12.1543	0.353812	0.474355
TOPEE	5	13	0	10.0661	0.0406043	0.0408605
TOPER	5	39	21	30.2132	0.51811	0.677289
TOPERS	6	17	10	14.0629	0.543368	0.682021
TOPES	5	37	21	28.6529	0.544166	0.712348
TOPH	4	32	2	24.0071	0.0840883	0.105144
TOPHE	5	15	1	11.6432	0.0923156	0.112097
TOPHES	6	11	0	8.11283	0.0332973	0.0367605
TOPHI	5	11	0	9.08091	0.0465028	0.0446686
TOPHS	5	11	0	8.15923	0.0465028	0.0489354
TOPI	4	47	3	35.6684	0.0789547	0.0991672
TOPIS	5	23	0	16.9349	0.0248464	0.0256276
TOPO	4	38	0	29.0701	0.0243218	0.0240681
TOPOI	5	18	0	13.231	0.0308284	0.0320756
TOPOS	5	17	0	12.1769	0.032388	0.0345498
TOPS	4	54	16	41.0643	0.293915	0.387516
TOR	3	429	277	324.451	0.642832	0.850864
TORA	4	202	27	145.078	0.136078	0.188477
TORAH	5	48	0	34.2412	0.0126111	0.013215
TORAHS	6	24	0	12.3443	0.0167842	0.0251868
TORAN	5	71	0	47.7096	0.00867908	0.00959734
TORANA	6	16	0	6.69037	0.0241564	0.0434764
TORANAS	7	12	0	2.84673	0.0225179	0.089025
TORANS	6	29	0	14.0242	0.0140956	0.0223884
TORAS	5	95	17	67.6723	0.18043	0.252626
TORC	4	75	2	56.0542	0.0382638	0.047266
TORCH	5	22	1	14.9111	0.0662248	0.089762
TORCS	5	20	0	14.3824	0.0281204	0.0297489
TORE	4	282	182	202.857	0.640139	0.891379
TORES	5	176	116	131.555	0.652468	0.875434
TORI	4	169	19	123.914	0.115781	0.156662
TORIC	5	37	0	26.3819	0.0160994	0.0169413
TORICS	6	14	0	7.91699	0.0271362	0.0375593
TORIES	6	50	4	31.1805	0.085035	0.134418
TORII	5	15	0	10.8553	0.0360337	0.0382483
TORN	4	131	18	100.63	0.140982	0.182421
TORNADE	7	11	0	3.46699	0.024286	0.0763872
TORO	4	93	16	71.1402	0.175627	0.228523
TOROID	6	12	0	5.97696	0.0309546	0.0478617
TOROS	5	38	6	27.3903	0.16288	0.224104
TOROSE	6	22	0	13.2526	0.0181706	0.0235924
TOROT	5	12	1	8.95946	0.111069	0.140887
TORR	4	65	11	48.0877	0.174431	0.233857
TORRET	6	15	0	9.72723	0.0255598	0.0312771
TORRS	5	32	0	23.2743	0.0184147	0.0190672
TORS	4	199	95	141.297	0.473222	0.667438
TORSADE	7	10	0	3.56369	0.0263554	0.074733
TORSE	5	135	71	101.123	0.520008	0.696523
TORSEL	6	50	0	34.9161	0.00842641	0.00939999
TORSELS	7	11	0	6.60773	0.024286	0.0444413
TORSES	6	32	13	25.1036	0.392827	0.509117
TORSI	5	78	5	56.8371	0.0698328	0.0938191
TORSO	5	39	5	28.6007	0.135038	0.181857
TORT	4	116	59	85.3782	0.500555	0.682546
TORTA	5	54	3	37.5444	0.0641251	0.0889522
TORTAS	6	23	1	13.5793	0.0571113	0.0912103
TORTE	5	73	39	53.1696	0.523181	0.722147
TORTEN	6	31	0	18.669	0.0132468	0.017127
TORTES	6	48	27	35.1419	0.546467	0.754423
TORTIE	6	20	0	12.9133	0.0198066	0.0241638
TORTIES	7	10	0	4.08457	0.0263554	0.0669271
TORTS	5	65	22	48.3539	0.334086	0.450852
TORUS	5	25	0	18.859	0.0230568	0.0232045
TORY	4	47	4	36.7754	0.098599	0.122029
TOSA	4	155	2	115.33	0.0190001	0.0234203
TOSAS	5	26	0	20.0702	0.0222554	0.0219008
TOSE	4	236	40	176.607	0.170981	0.227955
TOSED	5	70	2	54.3894	0.0362831	0.0442415
TOSES	5	64	16	50.4895	0.249226	0.316898
TOSH	4	96	18	73.6165	0.190372	0.247447
TOSHED	6	10	1	6.97434	0.117901	0.165861
TOSHER	6	15	1	10.6901	0.0836539	0.113569
TOSHES	6	12	5	8.8464	0.382734	0.536959
TOSHY	5	10	0	8.25568	0.050145	0.048451
TOSING	6	18	0	11.6791	0.0217663	0.0264982
TOSS	4	59	20	45.5449	0.334141	0.434964
TOSSED	6	10	3	7.53166	0.281654	0.386967
TOSSEN	6	14	0	8.93727	0.0271362	0.0337398
TOSSER	6	28	7	19.8888	0.246247	0.349711
TOST	4	110	10	84.9586	0.0967401	0.123409
TOT	3	112	85	89.3449	0.744564	0.938787
TOTAL	5	31	2	22.7189	0.0781882	0.102119
TOTALS	6	14	1	9.24699	0.0888134	0.129416
TOTE	4	90	62	68.9182	0.671093	0.882803
TOTED	5	30	6	22.5646	0.202646	0.269063
TOTEM	5	13	1	9.42331	0.104025	0.134899
TOTER	5	50	28	38.0089	0.542761	0.720836
TOTERS	6	24	14	20.6473	0.550861	0.659454
TOTES	5	51	30	40.9819	0.569863	0.717468
TOTHER	6	12	1	9.20792	0.101311	0.129907
TOTS	4	84	26	63.2984	0.307367	0.408657
TOUN	4	46	9	35.4962	0.200765	0.258939
TOUNS	5	15	2	12.0441	0.148598	0.182664
TOUR	4	52	20	39.7795	0.375979	0.494752
TOURED	6	14	1	9.7615	0.0888134	0.123283
TOURS	5	25	10	18.8246	0.383188	0.515502
TOUSE	5	31	17	24.8037	0.5224	0.664504
TOUSER	6	16	9	13.6081	0.518297	0.635107
TOUT	4	36	25	28.3927	0.652024	0.842746
TOUTS	5	22	13	17.6141	0.550727	0.7052
TOW	3	78	50	62.1887	0.626125	0.791007
TOWED	5	12	9	10.0788	0.652793	0.818777
TOWER	5	23	18	17.1838	0.723396	0.98921
TOWERS	6	11	9	8.96148	0.714422	0.92854
TOWN	4	23	9	18.0545	0.372388	0.482313
TOWNS	5	10	4	7.86802	0.363436	0.477903
TOWS	4	39	22	29.803	0.536512	0.71172
TOWSE	5	27	12	20.7854	0.424629	0.559911
TOWSED	6	12	5	7.93908	0.382734	0.590883
TOWSER	6	16	3	9.852	0.18887	0.30495
TOWT	4	12	7	8.37435	0.504185	0.73556
TOY	3	91	35	73.2958	0.381959	0.475682
TOYER	5	19	9	14.4085	0.442869	0.595793
TOYERS	6	10	3	7.16425	0.281654	0.40418
TOYO	4	16	1	12.0882	0.101441	0.122909
TOYS	4	32	14	25.2849	0.418301	0.537422
TRABS	5	18	0	12.1882	0.0308284	0.0345211
TRACE	5	61	34	45.9565	0.543226	0.726551
TRACED	6	15	6	10.2796	0.374124	0.557218
TRACER	6	20	12	13.2599	0.56002	0.859488
TRACES	6	30	17	20.7295	0.541388	0.794426
TRACK	5	10	7	7.81962	0.598404	0.802638
TRACT	5	27	3	20.1615	0.122288	0.160367
TRAD	4	127	68	91.5498	0.527245	0.733634
TRADE	5	74	48	52.6903	0.633603	0.894648
TRADED	6	13	4	9.18821	0.291845	0.421873
TRADER	6	17	8	13.2482	0.439274	0.581327
TRADES	6	36	22	24.9128	0.587227	0.858893
TRADIE	6	27	0	14.4393	0.0150606	0.0217902
TRADIES	7	13	0	4.09819	0.0209898	0.0667448
TRADS	5	46	16	34.8684	0.341214	0.453051
TRAGI	5	20	0	13.3758	0.0281204	0.0317633
TRAIK	5	12	0	7.90423	0.0433538	0.0502637
TRAIL	5	65	42	42.8889	0.629212	0.957038
TRAILS	6	22	15	13.1473	0.637661	1
TRAIN	5	117	68	77.7158	0.573111	0.864485
TRAINED	7	19	10	12.8478	0.497177	0.751545
TRAINEE	7	14	0	6.81766	0.0196559	0.0432328
TRAINER	7	15	8	9.77653	0.496503	0.780403
TRAINS	6	42	27	24.7238	0.620625	1
TRAIT	5	75	16	51.6021	0.213974	0.310257
TRAITS	6	40	11	22.939	0.271003	0.471755
TRAM	4	113	21	82.9876	0.188351	0.255447
TRAMP	5	15	7	11.3341	0.430007	0.582672
TRAMS	5	46	10	32.2444	0.218182	0.310431
TRANCE	6	16	8	10.7083	0.463392	0.706411
TRANNIE	7	11	1	3.64244	0.102806	0.293475
TRANS	5	84	8	58.6577	0.099579	0.140857
TRANSE	6	41	0	23.4774	0.0101814	0.0137757
TRANT	5	55	11	38.498	0.201501	0.286891
TRANTED	7	11	1	4.86045	0.102806	0.231446
TRANTS	6	22	7	12.4844	0.307266	0.540385
TRAP	4	87	41	63.3121	0.462231	0.637662
TRAPE	5	45	26	31.8633	0.557704	0.793691
TRAPED	6	12	3	7.65581	0.242022	0.381477
TRAPES	6	26	17	17.434	0.618144	0.935714
TRAPS	5	36	12	26.4926	0.326051	0.445713
TRAPSE	6	24	0	16.5389	0.0167842	0.0191958
TRAPT	5	13	0	8.18237	0.0406043	0.0488183
TRASH	5	72	37	52.4602	0.503429	0.694571
TRASHED	7	10	8	7.28117	0.708038	1
TRASS	5	36	1	26.4771	0.0423093	0.0526401
TRAT	4	151	21	108.106	0.142146	0.197259
TRATS	5	74	9	53.4398	0.125577	0.172442
TRAVE	5	11	1	8.52028	0.119137	0.147069
TRAWL	5	13	0	9.76827	0.0406043	0.0419414
TRAY	4	52	15	38.6848	0.286542	0.385609
TRAYS	5	13	5	9.48437	0.357709	0.498637
TREAD	5	93	51	67.7789	0.539224	0.743079
TREADS	6	41	22	27.6551	0.519282	0.776971
TREASON	7	14	0	3.40069	0.0196559	0.077564
TREAT	5	114	34	82.3343	0.296659	0.411244
TREATER	7	12	1	6.07584	0.0953211	0.191134
TREATS	6	58	20	42.3735	0.339459	0.467883
TREATY	6	12	1	7.3854	0.101311	0.157822
TREE	4	136	60	99.1944	0.436147	0.599374
TREED	5	53	15	38.5433	0.280453	0.386483
TREEN	5	67	30	50.4091	0.439175	0.587144
TREENS	6	29	12	19.7337	0.398545	0.592361
TREES	5	81	30	62.55	0.365776	0.475831
TREF	4	67	0	50.3717	0.0143743	0.0143093
TREFA	5	19	0	14.1935	0.0294122	0.0301073
TREIFA	6	12	0	7.92593	0.0309546	0.037522
TREK	4	32	2	22.4373	0.0840883	0.111853
TREKS	5	12	0	8.82342	0.0433538	0.0457839
TREM	4	118	2	86.6877	0.0247669	0.0309701
TREMA	5	58	2	42.1697	0.043448	0.0566241
TREMAS	6	28	0	16.5751	0.0145621	0.0191564
TREMS	5	61	1	44.3532	0.025722	0.0321136
TRENAIL	7	11	0	3.70577	0.024286	0.0724289
TREND	5	78	31	55.3528	0.391744	0.553672
TRENDS	6	23	14	14.2398	0.572709	0.934986
TRENISE	7	12	0	3.76099	0.0225179	0.0715712
TRENTAL	7	14	0	5.91032	0.0196559	0.0489908
TRES	4	416	16	298.913	0.0405311	0.0556393
TRESS	5	68	3	51.0832	0.0514392	0.0660449
TREST	5	139	5	102.074	0.0397851	0.0528386
TRESTS	6	21	2	16.4188	0.10511	0.133519
TRET	4	207	6	149.098	0.0332814	0.044636
TRETS	5	126	3	93.0348	0.0282698	0.0367331
TREW	4	65	12	47.6335	0.188944	0.256071
TREWS	5	32	8	24.5327	0.248513	0.32557
TREY	4	69	0	53.425	0.01398	0.0135233
TREYS	5	17	0	12.5507	0.032388	0.0336299
TRIAC	5	46	0	31.6249	0.0131283	0.014259
TRIACS	6	15	0	9.8514	0.0255598	0.0309224
TRIAD	5	47	9	32.5536	0.193705	0.278238
TRIADS	6	18	4	11.9486	0.219654	0.332597
TRIAGE	6	17	1	9.70622	0.074946	0.123914
TRIAL	5	82	43	55.0054	0.514822	0.769483
TRIALS	6	31	20	17.0811	0.615413	1
TRIBE	5	17	6	13.2811	0.335914	0.438169
TRICAR	6	10	0	5.70747	0.0360236	0.0497576
TRICE	5	32	13	23.4151	0.392325	0.540944
TRICED	6	12	2	6.4854	0.171666	0.308465
TRICES	6	14	5	8.2308	0.335522	0.572401
TRIDE	5	54	7	38.0995	0.134588	0.188742
TRIE	4	239	52	176.022	0.218271	0.296049
TRIED	5	81	7	56.2366	0.0912074	0.129441
TRIENE	6	24	0	16.0256	0.0167842	0.0197713
TRIENES	7	11	0	5.37505	0.024286	0.0531683
TRIENS	6	41	0	23.1601	0.0101814	0.0139559
TRIER	5	58	11	40.6938	0.191553	0.271958
TRIERS	6	32	5	21.6493	0.159001	0.234711
TRIES	5	149	34	109.491	0.228245	0.310613
TRIG	4	58	6	43.2472	0.113386	0.148679
TRIGO	5	19	0	12.0948	0.0294122	0.0347584
TRIGON	6	11	0	6.77797	0.0332973	0.0429926
TRIGS	5	20	3	13.4107	0.159886	0.233023
TRIKE	5	10	5	7.8358	0.441759	0.586785
TRILL	5	21	12	14.093	0.531824	0.800374
TRILLO	6	11	0	5.08478	0.0332973	0.0547708
TRIM	4	76	9	55.8063	0.125389	0.168219
TRIMS	5	35	8	24.6455	0.228773	0.324165
TRIN	4	206	79	149.864	0.381216	0.524585
TRINAL	6	28	0	13.5635	0.0145621	0.023092
TRINE	5	113	59	81.0967	0.515172	0.720119
TRINED	6	28	5	16.7331	0.180051	0.299431
TRINES	6	72	44	44.5192	0.598813	0.972018
TRINS	5	95	12	66.3354	0.129288	0.183887
TRIO	4	139	4	103.302	0.0351227	0.0450548
TRIODE	6	20	0	12.6682	0.0198066	0.024594
TRIODES	7	10	0	6.12586	0.0263554	0.0474884
TRIOL	5	35	0	24.1932	0.0169519	0.018385
TRIOLS	6	11	0	6.78293	0.0332973	0.0429656
TRIONES	7	21	0	7.83385	0.0136041	0.0382039
TRIOR	5	27	0	19.1435	0.0215077	0.0228844
TRIORS	6	12	0	6.66825	0.0309546	0.0436002
TRIOS	5	63	1	45.4735	0.0249398	0.0313475
TRIOSE	6	36	0	20.8815	0.0115135	0.0154028
TRIOSES	7	12	0	3.98814	0.0225179	0.0682467
TRIP	4	54	17	39.1555	0.311184	0.42962
TRIPE	5	25	10	17.0726	0.383188	0.564156
TRIPES	6	14	6	8.68883	0.397199	0.647808
TRIPS	5	23	6	16.4413	0.257696	0.360946
TRIST	5	74	1	52.0267	0.0213662	0.0275089
TRISTE	6	46	0	30.0026	0.0091255	0.0108852
TRITE	5	74	16	51.9906	0.216761	0.308003
TRITER	6	18	0	12.914	0.0217663	0.0241626
TRITES	6	48	12	31.3818	0.247742	0.379909
TRITON	6	16	0	9.13893	0.0241564	0.033075
TRITONE	7	10	0	2.21556	0.0263554	0.107047
TRIUNE	6	12	0	6.71404	0.0309546	0.0433446
TROAD	5	43	15	31.3461	0.341731	0.471196
TROADE	6	17	7	11.5063	0.387227	0.582326
TROADES	7	10	3	3.66932	0.281987	0.729236
TROADS	6	16	5	10.9959	0.298679	0.441506
TROAT	5	43	0	29.7726	0.0139888	0.0151039
TROATS	6	23	0	13.0979	0.0174499	0.0238495
TROD	4	108	40	81.7442	0.366553	0.485669
TRODE	5	63	34	46.1064	0.526706	0.724262
TRODES	6	31	20	20.4656	0.615413	0.943285
TRODS	5	31	1	20.7809	0.0485741	0.0661037
TROG	4	57	0	40.7088	0.0167344	0.0175344
TROGS	5	17	0	12.9948	0.032388	0.0325988
TROIS	5	61	0	42.1433	0.0100401	0.0108217
TROKE	5	10	5	8.40757	0.441759	0.552886
TROLL	5	14	6	9.30467	0.396014	0.599577
TRON	4	171	57	127.011	0.331718	0.447081
TRONA	5	66	0	45.8899	0.00931012	0.00996593
TRONAS	6	26	0	12.4754	0.0155944	0.0249435
TRONC	5	28	0	20.3701	0.0208087	0.0216003
TRONE	5	91	48	66.0572	0.518731	0.717605
TRONES	6	53	24	32.0446	0.442645	0.734407
TRONS	5	80	8	57.4902	0.104391	0.143645
TROOP	5	15	7	9.95554	0.430007	0.652851
TROP	4	68	18	49.5282	0.264504	0.362756
TROPE	5	28	13	20.7274	0.44333	0.606383
TROPES	6	16	8	11.2247	0.463392	0.676802
TROPIN	6	10	2	5.88555	0.199777	0.334969
TROT	4	116	7	85.3782	0.0668796	0.0885485
TROTH	5	22	0	15.1429	0.0258496	0.0283886
TROTS	5	63	2	45.8018	0.0401449	0.0522752
TROU	4	78	15	57.431	0.195582	0.264312
TROUSE	6	19	4	12.8041	0.2093	0.312126
TROUT	5	27	12	20.8243	0.424629	0.558935
TROUTS	6	15	7	9.70424	0.432219	0.679494
TROVE	5	10	6	8.28889	0.520081	0.661859
TROW	4	38	11	28.7128	0.286819	0.380599
TROWS	5	22	10	16.236	0.429602	0.590785
TROY	4	34	5	26.8992	0.158796	0.197904
TROYS	5	10	3	7.63316	0.285113	0.380594
TRUCE	5	11	0	7.89218	0.0465028	0.0503283
TRUE	4	77	5	59.0757	0.0743983	0.0939216
TRUED	5	32	0	22.952	0.0184147	0.0193186
TRUER	5	17	0	11.8196	0.032388	0.0354772
TRUES	5	50	4	36.1368	0.0879371	0.118857
TRUEST	6	17	0	11.5975	0.0228992	0.0266687
TRUG	4	28	0	21.3596	0.0319449	0.031957
TRUGO	5	10	0	6.61169	0.050145	0.0582828
TRUST	5	21	2	15.3972	0.111085	0.146395
TRY	3	97	10	77.6118	0.111128	0.136453
TRYE	4	37	8	28.229	0.22049	0.28795
TRYER	5	12	1	8.40304	0.111069	0.148811
TRYP	4	13	0	10.663	0.0602896	0.0586059
TRYST	5	11	0	7.70588	0.0465028	0.0513479
TSADE	5	71	1	50.9555	0.0222351	0.0280708
TSADES	6	19	0	13.256	0.0207402	0.0235868
TSADI	5	38	0	27.7768	0.0157045	0.0161339
TSAR	4	264	15	188.137	0.0597943	0.0827727
TSARS	5	56	5	39.42	0.0959751	0.133762
TSK	3	64	2	50.946	0.0471941	0.054292
TSORES	6	48	0	36.4562	0.00876203	0.00901448
TSUBA	5	11	0	6.7715	0.0465028	0.0571554
TSUBO	5	12	0	8.83786	0.0433538	0.0457198
TSURIS	6	12	0	6.51931	0.0309546	0.044453
TUAN	4	56	0	42.4236	0.0170137	0.01686
TUANS	5	22	0	15.9982	0.0258496	0.0270003
TUART	5	22	0	16.5419	0.0258496	0.0261862
TUARTS	6	11	0	6.37567	0.0332973	0.0453076
TUB	3	51	18	38.2904	0.350526	0.46706
TUBA	4	21	0	14.7113	0.0409235	0.0445468
TUBAE	5	11	0	8.0535	0.0465028	0.0494775
TUBAR	5	10	0	6.9067	0.050145	0.0562351
TUBAS	5	13	0	9.83645	0.0406043	0.041689
TUBE	4	23	12	16.3744	0.483891	0.687846
TUBER	5	17	9	12.9087	0.487677	0.657854
TUBES	5	17	5	13.0082	0.285326	0.37744
TUBS	4	20	5	14.007	0.251794	0.355678
TUFA	4	12	0	7.90374	0.0640801	0.0746676
TUG	3	55	15	41.7106	0.275622	0.362209
TUGRA	5	11	0	7.66486	0.0465028	0.0515779
TUGS	4	17	6	12.8388	0.335763	0.450026
TUI	3	137	11	103.752	0.0866544	0.112212
TUILE	5	17	2	13.052	0.133563	0.170005
TUILES	6	11	1	7.33574	0.108978	0.158752
TUINA	5	17	0	10.6981	0.032388	0.0387418
TUIS	4	64	2	49.5331	0.0444621	0.0532281
TUISM	5	12	0	9.25244	0.0433538	0.0439554
TULE	4	57	10	41.4024	0.180924	0.246789
TULES	5	37	5	28.3034	0.14183	0.183672
TUM	3	66	23	51.7121	0.346829	0.443499
TUMOR	5	13	1	8.74771	0.104025	0.143801
TUMS	4	29	8	22.578	0.274096	0.353717
TUN	3	144	88	114.717	0.603629	0.760623
TUNA	4	57	2	42.5578	0.0495723	0.0615301
TUNAS	5	24	2	17.4342	0.0986352	0.130637
TUND	4	36	5	28.6176	0.150837	0.186856
TUNDS	5	15	1	12.1764	0.0923156	0.107724
TUNE	4	84	52	63.9329	0.60314	0.798094
TUNED	5	22	7	16.6383	0.308476	0.412185
TUNER	5	53	23	40.729	0.423906	0.555964
TUNERS	6	28	10	20.8077	0.345541	0.472005
TUNES	5	54	28	41.4145	0.504517	0.663619
TUNG	4	23	9	17.5003	0.372388	0.495905
TUNIC	5	11	0	7.47533	0.0465028	0.0526683
TUNIER	6	15	2	8.72468	0.141748	0.238128
TUNS	4	61	16	47.6485	0.262216	0.336295
TUNY	4	11	0	9.00835	0.0683793	0.0672854
TUP	3	49	7	36.1542	0.15536	0.205843
TUPS	4	21	2	15.1861	0.121228	0.1586
TURD	4	30	1	22.1936	0.0595545	0.0719175
TURDS	5	10	1	7.23136	0.128468	0.168804
TUREEN	6	11	0	8.06745	0.0332973	0.0369425
TURF	4	16	0	12.5474	0.0512031	0.0510991
TURION	6	11	0	5.56938	0.0332973	0.0507885
TURM	4	22	0	17.0863	0.0393438	0.0390509
TURMS	5	13	0	8.57976	0.0406043	0.0468917
TURN	4	47	17	36.2231	0.353975	0.462438
TURNS	5	24	12	17.4803	0.47222	0.657461
TURNT	5	12	1	8.49657	0.111069	0.147418
TURR	4	23	1	17.4079	0.0750489	0.0895024
TURRS	5	13	0	8.9771	0.0406043	0.0451116
TUSH	4	46	13	35.9874	0.280916	0.36045
TUSK	4	13	3	9.43136	0.237749	0.32355
TUSSER	6	18	0	11.2367	0.0217663	0.0274488
TUT	3	38	14	30.2521	0.363856	0.459476
TUTOR	5	11	0	8.76626	0.0465028	0.046039
TUTS	4	29	8	23.6702	0.274096	0.338764
TWA	3	73	10	56.9319	0.145869	0.184226
TWAE	4	38	1	30.2446	0.0481852	0.0540516
TWAES	5	26	1	21.3162	0.0570166	0.0645521
TWAIN	5	10	3	7.00505	0.285113	0.408734
TWAL	4	27	0	21.2783	0.0329786	0.0320679
TWALS	5	12	0	10.2923	0.0433538	0.0400762
TWAS	4	38	4	29.4459	0.119775	0.150324
TWAT	4	20	2	15.9543	0.126299	0.151875
TWATS	5	10	2	7.99665	0.20679	0.260599
TWEE	4	19	7	14.8603	0.350103	0.455327
TWEEN	5	11	3	8.06187	0.264404	0.363512
TWEER	5	10	3	7.78216	0.285113	0.374478
TWIER	5	16	0	11.6918	0.0341137	0.0358212
TWIERS	6	10	0	7.4514	0.0360236	0.0396052
TWIG	4	10	1	8.55335	0.145212	0.163447
TWIN	4	26	17	21.655	0.602543	0.74527
TWINE	5	18	12	13.8198	0.608649	0.814661
TWINED	6	10	2	6.41627	0.199777	0.311304
TWINES	6	14	9	8.91785	0.582231	0.932586
TWIRE	5	16	2	12.456	0.14068	0.17727
TWIRES	6	12	1	7.31203	0.101311	0.1592
TWIT	4	16	5	13.0846	0.302393	0.377194
TWO	3	67	2	53.5388	0.0451935	0.0517636
TWOER	5	12	0	8.99496	0.0433538	0.0450348
TWOS	4	34	1	27.3988	0.05327	0.0592547
TYDE	4	31	0	25.6241	0.0291994	0.0270527
TYE	3	93	45	73.5539	0.477403	0.606176
TYED	4	31	8	24.6327	0.258391	0.326596
TYEE	4	19	0	15.1865	0.0444968	0.0433269
TYEES	5	11	0	9.27393	0.0465028	0.0438676
TYER	4	50	17	38.1824	0.334275	0.439982
TYERS	5	24	11	18.3963	0.434862	0.576891
TYES	4	56	24	44.3611	0.417646	0.532006
TYG	3	21	0	16.2304	0.0483789	0.0480187
TYIN	4	29	0	25.1792	0.0309741	0.0274929
TYLER	5	12	3	8.39118	0.2465	0.351397
TYND	4	14	0	11.6523	0.0569224	0.0544095
TYNDE	5	10	0	7.73135	0.050145	0.051206
TYNE	4	33	8	26.835	0.244388	0.301793
TYNED	5	13	1	9.92167	0.104025	0.129008
TYNES	5	25	7	18.864	0.275148	0.367112
TYPE	4	17	2	14.1759	0.144423	0.168405
TYPES	5	13	2	9.76782	0.167446	0.219599
TYRE	4	48	13	37.9946	0.270092	0.342434
TYRED	5	13	0	9.60361	0.0406043	0.042564
TYRES	5	31	8	23.8607	0.255873	0.334201
TYRO	4	28	0	22.3837	0.0319449	0.0306238
TYTE	4	22	7	15.9209	0.309559	0.428626
UDO	3	91	1	67.2881	0.0231967	0.027108
UDON	4	41	1	31.5425	0.044966	0.0519703
UDONS	5	16	1	12.7161	0.0873968	0.103631
UDOS	4	41	0	31.9289	0.0226969	0.0220499
UDS	3	78	0	60.7813	0.0146552	0.0140178
UEY	3	33	0	27.0021	0.0325904	0.0302678
UEYS	4	18	0	14.6109	0.0465282	0.0448134
UFO	3	33	0	25.1079	0.0325904	0.0323722
UFOS	4	16	0	12.5012	0.0512031	0.0512602
UGS	3	48	1	36.574	0.0424637	0.0486161
UKE	3	16	2	12.2739	0.161777	0.199986
UKES	4	10	2	7.76327	0.217127	0.277185
ULCER	5	14	0	12.086	0.0381827	0.0347811
ULE	3	140	10	107.707	0.0778907	0.0990672
ULES	4	87	10	64.7253	0.121216	0.160739
ULNA	4	42	0	30.9304	0.0222025	0.0227152
ULNAD	5	13	0	9.65753	0.0406043	0.0423581
ULNAE	5	20	0	13.4221	0.0281204	0.0316647
ULNAR	5	22	0	15.3745	0.0258496	0.0279989
ULNARE	6	14	0	7.97313	0.0271362	0.0373268
ULNAS	5	19	0	12.7629	0.0294122	0.0331293
ULSTER	6	19	0	12.7166	0.0207402	0.0245079
ULU	3	18	1	14.4481	0.10098	0.113474
ULUS	4	11	1	8.24532	0.13547	0.168283
UME	3	80	1	61.4522	0.0262427	0.0295959
UMES	4	40	1	30.1979	0.0459902	0.0541296
UMM	3	10	0	7.69074	0.0870253	0.0897441
UMP	3	21	1	16.5562	0.08875	0.100677
UMRAS	5	13	0	8.54112	0.0406043	0.0470723
UMS	3	67	0	53.5978	0.0169331	0.0158245
UMU	3	12	0	9.44958	0.0759886	0.0761209
UNAI	4	68	0	49.7215	0.0141744	0.0144886
UNAIS	5	28	0	17.7107	0.0208087	0.0245922
UNAU	4	13	0	9.93617	0.0602896	0.0621262
UNBE	4	11	0	9.8637	0.0683793	0.0625005
UNCE	4	35	1	27.1126	0.0519007	0.059834
UNCES	5	16	1	11.9116	0.0873968	0.109852
UNCI	4	22	0	17.1781	0.0393438	0.0388656
UNCIA	5	12	0	7.80719	0.0433538	0.0507883
UNCO	4	20	0	15.7541	0.0426355	0.0419544
UNDE	4	76	11	57.9805	0.150418	0.195391
UNDEAR	6	12	0	7.2039	0.0309546	0.0407863
UNDEE	5	10	0	7.52498	0.050145	0.0523783
UNDER	5	35	11	24.4963	0.308206	0.441473
UNDIES	6	11	3	6.19522	0.260339	0.457899
UNDO	4	46	0	36.2762	0.0204229	0.0195563
UNDOES	6	12	0	6.59156	0.0309546	0.0440352
UNDOS	5	18	0	14.1266	0.0308284	0.0302362
UNDUE	5	10	0	7.61598	0.050145	0.0518548
UNEATH	6	11	0	4.80651	0.0332973	0.057353
UNGET	5	12	0	8.06956	0.0433538	0.0493944
UNHAT	5	13	0	10.8668	0.0406043	0.0382127
UNI	3	175	5	138.051	0.0346722	0.0419577
UNICA	5	16	0	11.4419	0.0341137	0.0365135
UNION	5	10	0	6.30242	0.050145	0.060596
UNIS	4	81	2	62.4545	0.0355598	0.0425844
UNIT	4	93	3	71.3171	0.0414757	0.0510572
UNITAL	6	12	0	6.24244	0.0309546	0.0461302
UNITE	5	61	2	43.6862	0.041404	0.0547233
UNITED	6	18	0	10.0893	0.0217663	0.0302647
UNITER	6	30	0	18.2767	0.013658	0.0174739
UNITERS	7	15	1	7.75681	0.078234	0.15403
UNITES	6	35	1	19.7326	0.0386949	0.0642639
UNITS	5	42	1	30.4123	0.0366388	0.0461468
UNITY	5	11	0	7.4247	0.0465028	0.0529674
UNLEAD	6	10	0	5.31181	0.0360236	0.0528301
UNLED	5	14	0	10.3221	0.0381827	0.0399748
UNLET	5	14	0	9.68451	0.0381827	0.0422558
UNLID	5	11	0	7.27402	0.0465028	0.0538781
UNLIT	5	13	0	8.99463	0.0406043	0.0450362
UNMET	5	12	0	8.35739	0.0433538	0.0479506
UNREAD	6	13	0	7.8741	0.0289199	0.0377389
UNREAL	6	14	0	8.48147	0.0271362	0.0353455
UNRED	5	29	0	20.202	0.0201537	0.0217678
UNREIN	6	12	0	7.1221	0.0309546	0.0411923
UNREST	6	15	0	8.72679	0.0255598	0.0344628
UNRID	5	17	0	11.9684	0.032388	0.0350849
UNRIG	5	11	0	7.71655	0.0465028	0.0512883
UNS	3	151	5	121.983	0.0400488	0.0473895
UNSEAT	6	14	0	7.92819	0.0271362	0.0375127
UNSEE	5	17	0	13.0461	0.032388	0.0324838
UNSET	5	49	0	38.5583	0.0123675	0.0117904
UNSETS	6	12	0	8.29036	0.0309546	0.0360652
UNSOD	5	15	0	11.8119	0.0360337	0.0354978
UNTIE	5	48	3	35.6544	0.0717038	0.0934781
UNTIED	6	12	0	6.30535	0.0309546	0.0457381
UNTIES	6	25	1	13.9041	0.052914	0.0892349
UNTIL	5	19	0	13.5958	0.0294122	0.0313002
UNTILE	6	11	0	6.46124	0.0332973	0.0447946
UNTIN	5	20	0	14.5911	0.0281204	0.0293628
UNTO	4	57	1	43.1471	0.0331533	0.0386603
UPEND	5	13	0	9.74943	0.0406043	0.0420117
UPO	3	61	0	43.6947	0.0185017	0.0192438
UPS	3	57	1	43.5352	0.0361749	0.0412062
UPSEE	5	10	0	7.72322	0.050145	0.0512512
UPSET	5	16	0	12.3926	0.0341137	0.0340128
URALI	5	24	0	17.4783	0.0239182	0.0248934
URALIS	6	13	0	7.82528	0.0289199	0.0379454
URARES	6	15	0	9.7566	0.0255598	0.0311925
URASE	5	54	0	41.4888	0.0112782	0.0109865
URASES	6	13	0	8.52493	0.0289199	0.0351858
URATE	5	54	9	39.0011	0.169819	0.233933
URATES	6	38	8	25.8526	0.209879	0.309425
URB	3	47	5	36.5737	0.122086	0.151947
URBS	4	20	4	15.3177	0.209962	0.271809
URD	3	98	3	78.3912	0.0412533	0.0482064
URDE	4	69	1	54.083	0.0276964	0.0311438
URDEE	5	13	0	8.65247	0.0406043	0.0465555
URDS	4	41	3	32.7083	0.0895042	0.107585
URE	3	246	87	190.55	0.353118	0.456087
UREA	4	112	0	86.1949	0.0087935	0.0085079
UREAL	5	39	0	27.3393	0.0153285	0.0163787
UREAS	5	54	0	40.5565	0.0112782	0.0112301
UREIDE	6	11	0	5.67296	0.0332973	0.0500113
URENA	5	42	0	27.7675	0.0143013	0.0161389
URENT	5	43	0	31.3701	0.0139888	0.0143696
URES	4	152	63	115.824	0.410629	0.540325
URESES	6	11	0	7.19929	0.0332973	0.0408089
URESIS	6	14	0	8.12239	0.0271362	0.0367223
URGE	4	22	4	17.6504	0.193752	0.23981
URIAL	5	26	0	16.2142	0.0222554	0.0266709
URIALS	6	10	0	4.10631	0.0360236	0.0650728
URINAL	6	12	0	5.42577	0.0309546	0.0519069
URINE	5	43	9	29.6735	0.210634	0.303952
URINED	6	15	2	9.43509	0.141748	0.222064
URINES	6	21	6	12.1874	0.277424	0.477186
URITE	5	52	4	36.876	0.0847258	0.116567
URITES	6	31	4	18.1181	0.13368	0.225801
URMAN	5	10	0	6.00259	0.050145	0.0630209
URN	3	123	33	100.55	0.269767	0.329954
URNAL	5	16	0	9.99126	0.0341137	0.0411268
URNED	5	26	4	18.797	0.1613	0.220447
URNS	4	56	21	45.9338	0.367567	0.452238
UROSES	6	10	0	7.9602	0.0360236	0.0373801
URP	3	50	1	36.154	0.0408843	0.0491494
URPED	5	11	0	7.33891	0.0465028	0.0534821
URPS	4	26	0	17.3902	0.0340814	0.038444
URSA	4	72	0	54.443	0.0134274	0.0132801
URSAE	5	36	0	26.22	0.0165147	0.0170403
URSID	5	20	0	14.6596	0.0281204	0.0292383
URSINE	6	15	0	7.94349	0.0255598	0.0374491
URUS	4	12	0	9.0957	0.0640801	0.0667634
USE	3	251	41	193.667	0.165633	0.213898
USED	4	78	2	56.8859	0.0368622	0.0466002
USER	4	152	26	111.378	0.173305	0.23561
USERS	5	37	8	28.6782	0.217268	0.280832
USES	4	67	9	51.1646	0.141304	0.182861
USHER	5	22	4	16.6762	0.18735	0.246183
USING	5	30	2	18.4195	0.0805744	0.124172
USTION	6	10	0	5.56472	0.0360236	0.0508241
USURE	5	15	0	11.8416	0.0360337	0.0354186
UTA	3	201	3	150.42	0.0205028	0.0254461
UTAS	4	100	2	75.7861	0.0290574	0.0353014
UTE	3	219	4	164.889	0.0233351	0.0292289
UTES	4	142	2	106.111	0.020693	0.0254144
UTILE	5	22	0	17.0758	0.0258496	0.0254332
UTILES	6	16	0	9.70596	0.0241564	0.0313387
UTIS	4	80	1	60.0957	0.0240654	0.0281361
UTS	3	207	2	160.186	0.0151746	0.0177545
UTTER	5	21	6	16.4119	0.279381	0.361537
UTTERS	6	10	4	8.26257	0.363531	0.463601
UTU	3	18	0	14.7119	0.0550457	0.0523463
UTUS	4	10	0	8.64578	0.0732968	0.0695422
UVAE	4	10	0	8.21867	0.0732968	0.0724028
UVEA	4	10	0	7.76267	0.0732968	0.0757287
VAC	3	26	4	19.6856	0.174616	0.223713
VACS	4	10	0	7.35906	0.0732968	0.0789382
VADE	4	11	3	8.77031	0.26965	0.34311
VAE	3	59	2	47.0608	0.0509534	0.0585795
VAES	4	27	1	20.9333	0.0653355	0.0758414
VAG	3	23	3	18.6166	0.156829	0.187051
VAIL	4	16	3	13.2372	0.201917	0.243598
VAIN	4	24	4	18.5611	0.179866	0.229273
VAIR	4	22	2	16.5589	0.116548	0.146971
VAIRE	5	13	0	8.53985	0.0406043	0.0470783
VALE	4	21	11	17.4183	0.482597	0.600116
VALES	5	10	5	8.79166	0.441759	0.532232
VALET	5	11	0	8.27744	0.0465028	0.0483431
VALI	4	18	0	14.4146	0.0465282	0.045344
VAN	3	59	22	46.2711	0.369576	0.472689
VANE	4	29	16	23.0732	0.517218	0.663767
VANED	5	11	3	8.16597	0.264404	0.359593
VANES	5	15	9	11.7602	0.542571	0.714877
VANG	4	15	2	11.4919	0.159702	0.201504
VANS	4	22	5	17.9253	0.232355	0.286306
VANT	4	24	6	18.6521	0.251537	0.324349
VANTS	5	13	3	9.62552	0.230867	0.312375
VAR	3	56	20	43.4986	0.354664	0.457581
VARA	4	11	1	8.57087	0.13547	0.16318
VARE	4	40	14	30.3848	0.342082	0.453217
VARES	5	21	8	16.762	0.363529	0.464179
VARIA	5	11	0	6.77417	0.0465028	0.0571369
VARS	4	25	1	18.331	0.0698562	0.0854714
VAS	3	47	18	36.1145	0.378142	0.493628
VASE	4	23	8	18.1624	0.335221	0.430556
VAST	4	24	8	18.9969	0.323208	0.413578
VASTER	6	12	3	8.97673	0.242022	0.33145
VAT	3	51	16	39.8709	0.314009	0.401877
VATS	4	24	7	19.4193	0.287373	0.359152
VATU	4	12	0	9.50277	0.0640801	0.064434
VAU	3	24	1	19.295	0.0791624	0.0878117
VAUT	4	10	1	7.95244	0.145212	0.173155
VAW	3	15	1	12.5112	0.117119	0.128479
VEAL	4	32	3	24.7959	0.111939	0.139159
VEALS	5	12	1	9.2806	0.111069	0.136687
VEE	3	32	4	23.2322	0.145326	0.192438
VEER	4	23	2	15.3565	0.112216	0.157057
VEERS	5	12	1	8.86654	0.111069	0.142151
VEES	4	18	1	13.4468	0.0921792	0.112213
VEG	3	26	0	20.7468	0.0402535	0.0385415
VEGA	4	11	0	8.26346	0.0683793	0.0720918
VEIL	4	23	6	18.1819	0.260886	0.331844
VEIN	4	35	4	27.3491	0.129011	0.161004
VEINS	5	13	1	9.97611	0.104025	0.128395
VELA	4	29	0	22.2945	0.0309741	0.0307355
VELAR	5	12	0	9.04201	0.0433538	0.0448336
VELE	4	11	1	8.7379	0.13547	0.16068
VELL	4	10	2	8.31411	0.217127	0.262613
VENA	4	32	0	24.8556	0.0283861	0.0278222
VENAL	5	11	0	7.45807	0.0465028	0.0527699
VEND	4	19	4	14.1997	0.219129	0.290379
VENIAL	6	10	0	5.13278	0.0360236	0.0543487
VENIN	5	10	0	7.33584	0.050145	0.0535007
VENT	4	33	11	25.4639	0.325677	0.425354
VENTS	5	22	7	16.7656	0.308476	0.409311
VERA	4	38	0	26.8057	0.0243218	0.0259493
VERB	4	11	0	7.96183	0.0683793	0.0742393
VERD	4	22	1	16.935	0.077946	0.0917184
VERS	4	47	4	33.806	0.098599	0.132102
VERSE	5	16	2	13.0216	0.14068	0.170361
VERSO	5	11	0	8.06169	0.0465028	0.0494351
VERST	5	22	0	16.8529	0.0258496	0.0257422
VERSTE	6	11	0	7.8541	0.0332973	0.0378232
VERT	4	43	2	32.3705	0.0643683	0.0796806
VERTS	5	25	1	18.2612	0.0590699	0.0745368
VEST	4	49	15	38.0005	0.30279	0.392178
VESTA	5	23	0	18.1743	0.0248464	0.0240124
VESTS	5	12	3	9.58412	0.2465	0.313543
VET	3	87	19	65.7847	0.222522	0.292719
VETO	4	38	7	30.5032	0.191365	0.237293
VETS	4	48	9	36.4946	0.193029	0.252252
VIA	3	56	8	44.2783	0.153895	0.191359
VIAE	4	28	0	21.1941	0.0319449	0.0321834
VIAL	4	23	7	17.3347	0.298053	0.397547
VIALS	5	10	4	6.77403	0.363436	0.541168
VIAS	4	23	1	17.6027	0.0750489	0.0886202
VICE	4	13	4	10.1	0.296902	0.387449
VID	3	29	7	22.4476	0.250177	0.320607
VIDE	4	19	6	14.3688	0.306445	0.408379
VIDS	4	10	0	7.40104	0.0732968	0.0785917
VIE	3	52	5	41.991	0.111141	0.133294
VIED	4	14	0	10.9749	0.0569224	0.0572147
VIER	4	25	1	19.5288	0.0698562	0.0807519
VIERS	5	10	0	7.92598	0.050145	0.0501476
VIES	4	28	1	22.5778	0.0632877	0.0708007
VIG	3	20	1	16.3546	0.0924837	0.101775
VILE	4	19	9	14.8443	0.437419	0.573344
VILER	5	10	3	7.23822	0.285113	0.397815
VIM	3	18	2	14.722	0.146914	0.170947
VIN	3	47	20	36.0421	0.417535	0.54695
VINA	4	26	0	19.4074	0.0340814	0.0348491
VINE	4	29	15	22.1796	0.486828	0.647053
VINER	5	15	8	10.2335	0.486289	0.722675
VINES	5	11	7	8.03691	0.55494	0.784331
VINO	4	20	0	15.2233	0.0426355	0.043235
VINS	4	15	2	11.576	0.159702	0.200269
VINT	4	17	1	13.5027	0.0965886	0.111812
VIOL	4	17	1	14.1302	0.0965886	0.107506
VIRE	4	33	5	25.2263	0.163099	0.20999
VIREO	5	11	0	7.85992	0.0465028	0.0505019
VIRES	5	17	3	12.2435	0.184151	0.252827
VIRL	4	11	0	8.75904	0.0683793	0.0688211
VIS	3	51	15	38.866	0.295751	0.387338
VISA	4	18	0	12.6043	0.0465282	0.0509022
VISE	4	34	11	25.9987	0.317085	0.417277
VISON	5	12	0	9.04359	0.0433538	0.0448269
VISOR	5	10	0	6.55927	0.050145	0.0586624
VISTA	5	12	1	7.93488	0.111069	0.156203
VISTO	5	11	0	8.04056	0.0465028	0.0495447
VITA	4	25	2	18.4499	0.104452	0.133488
VITAE	5	10	0	6.84873	0.050145	0.056626
VITE	4	29	10	21.9388	0.334877	0.446075
VITRO	5	14	0	9.49748	0.0381827	0.0429751
VLY	3	10	0	8.31708	0.0870253	0.0843672
VOAR	4	12	0	9.37055	0.0640801	0.0651725
VOE	3	43	2	33.9111	0.0683845	0.0799483
VOES	4	20	2	16.2497	0.126299	0.149438
VOL	3	40	10	30.8945	0.255844	0.329443
VOLA	4	19	0	14.6543	0.0444968	0.0446979
VOLE	4	19	7	15.1724	0.350103	0.447132
VOLES	5	12	5	10.0707	0.381931	0.473345
VOLET	5	11	0	8.8793	0.0465028	0.0455371
VOLS	4	17	1	13.589	0.0965886	0.1112
VOLT	4	22	6	17.2412	0.270957	0.347931
VOLTA	5	10	0	7.64626	0.050145	0.051683
VOLTE	5	10	0	7.67054	0.050145	0.051546
VOLTS	5	12	4	8.82511	0.314216	0.43356
VOM	3	18	1	13.7337	0.10098	0.118582
VOR	3	52	13	38.5177	0.254587	0.341462
VORS	4	22	1	16.0476	0.077946	0.0961874
VOTE	4	28	19	21.6573	0.627458	0.829157
VOTED	5	12	2	9.56996	0.178785	0.223527
VOTER	5	17	11	12.9261	0.588852	0.795794
VOTERS	6	11	7	9.30139	0.563061	0.705822
VOTES	5	18	7	13.9569	0.367891	0.483737
VOW	3	14	6	11.1775	0.40508	0.516881
VRIL	4	14	0	10.6247	0.0569224	0.0587816
WAB	3	23	5	17.321	0.231539	0.302292
WAD	3	66	29	48.7449	0.432826	0.587282
WADE	4	39	17	27.3654	0.419977	0.601151
WADER	5	28	5	19.266	0.183317	0.263644
WADERS	6	14	2	10.7076	0.150491	0.198123
WADES	5	19	10	13.8784	0.488809	0.681415
WADI	4	27	3	19.2818	0.130049	0.174939
WADS	4	24	8	16.4049	0.323208	0.471306
WADT	4	19	0	13.7901	0.0444968	0.0471189
WAE	3	111	11	86.039	0.106285	0.134753
WAES	4	68	4	51.9927	0.0698031	0.0877405
WAG	3	40	20	31.8127	0.48431	0.615087
WAGE	4	19	13	14.0403	0.612051	0.848636
WAGS	4	13	2	8.52708	0.178596	0.257382
WAI	3	85	55	64.6643	0.633077	0.836541
WAID	4	26	3	19.1639	0.134398	0.175906
WAIDE	5	12	0	8.79683	0.0433538	0.0459022
WAIL	4	30	18	23.1052	0.560951	0.742072
WAIN	4	35	18	25.0141	0.488859	0.689953
WAINS	5	14	8	9.40436	0.515291	0.777673
WAIR	4	38	8	27.6915	0.215229	0.293134
WAIRS	5	15	3	11.0841	0.20488	0.27614
WAIS	4	36	9	27.5896	0.251075	0.327748
WAIST	5	18	8	12.8185	0.416042	0.592113
WAIT	4	50	23	36.1019	0.445582	0.6207
WAITE	5	27	18	20.6537	0.62619	0.834198
WAITER	6	17	11	12.573	0.595415	0.829525
WAITES	6	21	14	14.916	0.622052	0.895503
WAITS	5	22	12	15.2956	0.510352	0.743032
WALD	4	21	2	15.8828	0.121228	0.152477
WALDO	5	10	0	6.69205	0.050145	0.0577104
WALDS	5	11	2	7.53142	0.19177	0.274038
WALE	4	45	31	33.4007	0.654719	0.892782
WALED	5	15	4	10.6753	0.261162	0.367621
WALER	5	25	13	17.7947	0.491227	0.698599
WALERS	6	15	8	11.1036	0.490313	0.683525
WALES	5	26	17	21.2387	0.613196	0.768731
WALI	4	36	4	26.6996	0.125778	0.164626
WALIE	5	14	0	10.0834	0.0381827	0.0407994
WALIS	5	17	0	12.9108	0.032388	0.032789
WALY	4	11	0	9.18507	0.0683793	0.0662377
WAME	4	20	1	15.1658	0.0844672	0.101082
WAMES	5	14	0	10.1648	0.0381827	0.0405144
WAN	3	96	68	75.1863	0.693577	0.890831
WAND	4	23	16	18.0331	0.63256	0.829405
WANE	4	55	23	42.0328	0.40776	0.537407
WANED	5	17	3	12.003	0.184151	0.257333
WANES	5	32	14	24.887	0.421087	0.548668
WANG	4	21	15	15.6389	0.643205	0.884773
WANIER	6	14	0	9.02096	0.0271362	0.0334606
WANIEST	7	12	0	1.74615	0.0225179	0.126021
WANLE	5	13	0	8.2179	0.0406043	0.0486396
WANS	4	41	12	31.4478	0.289926	0.379381
WANT	4	50	29	36.6239	0.556888	0.767032
WANTED	6	12	4	8.64552	0.312378	0.445376
WANTER	6	21	10	14.8021	0.449738	0.65031
WANTERS	7	11	4	7.41379	0.338365	0.521132
WANTIES	7	11	0	4.18513	0.024286	0.0656042
WANTS	5	29	18	21.5186	0.586767	0.802842
WANY	4	12	0	8.0257	0.0640801	0.073774
WAP	3	36	8	26.2831	0.231288	0.312525
WAPS	4	17	4	12.7955	0.240093	0.317636
WAR	3	126	86	95.9991	0.671944	0.885322
WARB	4	10	2	7.35286	0.217127	0.289138
WARD	4	35	16	26.2618	0.437452	0.58931
WARDEN	6	11	1	7.53794	0.108978	0.155034
WARDS	5	12	6	8.52658	0.449646	0.646152
WARE	4	82	47	60.0503	0.558979	0.767533
WARED	5	26	7	18.8051	0.265584	0.368179
WARES	5	49	32	37.2618	0.630514	0.837955
WARIER	6	12	0	6.70534	0.0309546	0.0433929
WARM	4	16	3	11.5842	0.201917	0.272886
WARN	4	43	15	32.5473	0.341523	0.453791
WARNS	5	21	9	15.2503	0.405603	0.565833
WARP	4	18	1	12.8445	0.0921792	0.116715
WARRE	5	14	1	10.4702	0.0978212	0.123092
WARS	4	56	10	40.668	0.183944	0.25102
WARST	5	25	0	18.6458	0.0230568	0.02345
WART	4	61	30	44.6765	0.477915	0.656518
WARTED	6	15	1	10.4462	0.0836539	0.115969
WARTS	5	38	21	28.7429	0.530818	0.710227
WAS	3	98	54	74.2831	0.542382	0.718162
WASE	4	55	11	40.8416	0.204043	0.27326
WASES	5	18	2	13.729	0.127132	0.162442
WASH	4	32	20	24.5718	0.585407	0.776172
WASHER	6	10	5	7.51002	0.445408	0.620343
WASM	4	13	0	9.93628	0.0602896	0.0621256
WASP	4	19	7	14.9915	0.350103	0.451845
WAST	4	42	32	32.0387	0.71929	0.957573
WASTE	5	30	23	21.9423	0.72145	1
WASTED	6	13	9	11.2168	0.620502	0.758457
WASTER	6	20	14	15.8402	0.650055	0.846632
WASTES	6	12	9	9.30266	0.664158	0.898074
WAT	3	103	62	78.6014	0.59191	0.778837
WATE	4	62	38	46.8612	0.59205	0.790442
WATER	5	38	24	28.0323	0.604406	0.82894
WATERS	6	20	13	17.5409	0.605038	0.715715
WATS	4	57	21	41.9905	0.361532	0.492625
WATT	4	22	16	16.8333	0.656978	0.881785
WAUR	4	12	0	10.06	0.0640801	0.0614969
WAY	3	23	13	17.1324	0.530379	0.72042
WAYS	4	13	9	10.6064	0.592668	0.763608
WEAL	4	28	16	20.9868	0.533429	0.723584
WEALS	5	14	9	11.4347	0.574929	0.732882
WEAN	4	43	12	31.9768	0.277564	0.373502
WEANS	5	24	11	18.7334	0.434862	0.567274
WEAR	4	56	22	41.6416	0.38426	0.519378
WEARED	6	13	6	10.1194	0.423308	0.565176
WEARS	5	23	10	17.9798	0.412929	0.537871
WEB	3	10	0	7.50587	0.0870253	0.0914647
WED	3	84	20	66.2526	0.241521	0.305339
WEDS	4	36	8	26.4858	0.226015	0.305471
WEE	3	50	28	40.8245	0.543021	0.672277
WEED	4	14	5	11.33	0.33617	0.426238
WEEL	4	16	5	12.451	0.302393	0.393545
WEEM	4	13	0	9.79715	0.0602896	0.0628482
WEEN	4	26	8	20.3702	0.301593	0.388372
WEENS	5	11	4	8.96375	0.337038	0.42781
WEER	4	26	6	19.7056	0.234715	0.308724
WEES	4	33	5	25.2495	0.163099	0.209813
WEEST	5	17	0	13.4056	0.032388	0.0316997
WEET	4	29	9	22.7132	0.304486	0.391992
WEETS	5	19	4	14.8422	0.213171	0.273827
WEID	4	29	0	22.1378	0.0309741	0.0309336
WEIDS	5	10	0	7.65258	0.050145	0.0516472
WEIL	4	18	4	13.6317	0.229133	0.300822
WEILS	5	11	2	8.4478	0.19177	0.248768
WEIR	4	52	4	39.9064	0.0897806	0.112947
WEIRD	5	12	1	8.33854	0.111069	0.149788
WEIRS	5	21	2	15.8829	0.111085	0.142302
WELD	4	20	6	15.6874	0.293626	0.378214
WELL	4	10	5	7.55007	0.432872	0.592092
WELS	4	36	4	28.2819	0.125778	0.156071
WELT	4	33	9	24.7618	0.271485	0.362168
WELTS	5	21	8	15.3268	0.363529	0.503797
WEM	3	44	4	33.0525	0.10882	0.138734
WEMS	4	17	2	12.7302	0.144423	0.184751
WEN	3	91	51	74.3426	0.550789	0.678378
WENA	4	46	0	35.2099	0.0204229	0.0201142
WEND	4	30	15	24.5806	0.47247	0.588964
WENDS	5	10	4	8.5933	0.363436	0.443527
WENS	4	42	18	32.3291	0.414314	0.543634
WENT	4	41	13	31.6209	0.312195	0.407036
WENTS	5	18	5	14.0815	0.271587	0.351425
WERE	4	44	9	31.7587	0.209146	0.287467
WERO	4	65	1	50.024	0.0293042	0.033566
WEROS	5	31	1	23.2773	0.0485741	0.0594407
WERSH	5	16	0	12.6508	0.0341137	0.0333919
WERT	4	65	3	47.6335	0.0583295	0.0753399
WEST	4	76	35	58.3653	0.450774	0.59065
WESTED	6	10	2	7.31996	0.199777	0.277875
WESTER	6	11	0	8.15541	0.0332973	0.0365913
WET	3	120	44	93.3661	0.36518	0.469954
WETA	4	54	0	41.6685	0.0176014	0.0171505
WETAS	5	31	0	23.6193	0.01896	0.0188052
WETS	4	73	31	56.2713	0.416346	0.543363
WEY	3	26	4	20.728	0.174616	0.213514
WEYS	4	10	2	7.71761	0.217127	0.278466
WHA	3	54	20	42.0659	0.366943	0.472413
WHAE	4	23	2	18.1819	0.112216	0.135247
WHAP	4	10	0	8.0984	0.0732968	0.0732513
WHARE	5	13	5	9.81423	0.357709	0.484087
WHAT	4	27	4	20.6011	0.162406	0.208728
WHATS	5	17	2	13.1691	0.133563	0.168645
WHEAL	5	12	1	8.84765	0.111069	0.142411
WHEAR	5	17	0	13.2528	0.032388	0.0320283
WHEAT	5	15	3	12.2177	0.20488	0.253303
WHEATS	6	11	2	5.6498	0.184658	0.346676
WHEE	4	13	4	10.2235	0.296902	0.383587
WHEN	4	22	2	16.819	0.116548	0.144957
WHENS	5	13	2	10.5186	0.167446	0.205869
WHET	4	36	6	27.8481	0.175897	0.224966
WHETS	5	22	5	16.183	0.227726	0.309637
WHID	4	10	1	6.71762	0.145212	0.197228
WHIN	4	12	3	8.5212	0.252697	0.351109
WHIO	4	14	0	10.1973	0.0569224	0.0608137
WHIR	4	15	3	10.6694	0.212597	0.292337
WHIST	5	11	1	7.41473	0.119137	0.165328
WHIT	4	22	8	16.5384	0.348161	0.467943
WHITE	5	15	5	10.7342	0.317443	0.447656
WHITES	6	12	5	7.18576	0.382734	0.644633
WHITS	5	12	2	8.09633	0.178785	0.257889
WHO	3	48	11	38.8204	0.235625	0.290106
WHOA	4	18	1	13.93	0.0921792	0.108843
WHOM	4	10	1	7.7624	0.145212	0.17647
WHORE	5	13	3	9.31833	0.230867	0.321253
WHORT	5	12	2	8.6674	0.178785	0.24339
WHOSE	5	11	1	8.44856	0.119137	0.14813
WHOT	4	17	3	13.8455	0.192258	0.234341
WHY	3	11	0	8.03503	0.0811334	0.0867066
WICE	4	13	0	10.6931	0.0602896	0.0584688
WIDE	4	30	13	24.0862	0.413482	0.523869
WIDEN	5	19	3	13.5601	0.167231	0.23071
WIDENS	6	11	3	6.56611	0.260339	0.435733
WIDER	5	12	4	9.01987	0.314216	0.425526
WIDES	5	19	9	14.8425	0.442869	0.579964
WIEL	4	18	0	14.0856	0.0465282	0.0462622
WIELS	5	10	0	7.55784	0.050145	0.052188
WIG	3	22	9	18.238	0.395742	0.485008
WILD	4	12	5	9.64451	0.378441	0.487076
WILE	4	23	18	18.1983	0.706895	0.920896
WILED	5	10	1	7.89225	0.128468	0.156913
WILES	5	16	13	13.1317	0.726794	0.921386
WILT	4	17	4	13.6637	0.240093	0.300213
WIN	3	67	52	54.1664	0.751706	0.939233
WIND	4	16	13	12.9885	0.704296	0.907544
WINE	4	44	33	34.8614	0.710135	0.911577
WINED	5	21	7	14.6166	0.321455	0.463924
WINES	5	33	26	26.4718	0.744813	0.946729
WING	4	15	10	11.2907	0.582864	0.799095
WINN	4	14	5	11.3436	0.33617	0.42581
WINO	4	26	0	20.5092	0.0340814	0.0331556
WINOS	5	10	0	7.35514	0.050145	0.053384
WINS	4	25	8	20.0433	0.312026	0.39409
WINTER	6	18	13	12.2668	0.664903	0.998201
WIRE	4	41	28	31.5675	0.646232	0.852365
WIRED	5	18	5	12.8383	0.271587	0.381917
WIRES	5	31	19	24.2091	0.581628	0.757702
WIS	3	70	27	54.9216	0.382246	0.488656
WISE	4	42	13	32.6749	0.305394	0.394722
WISED	5	16	1	12.5171	0.0873968	0.105103
WISER	5	26	9	19.9043	0.335106	0.442745
WISES	5	12	4	9.32801	0.314216	0.413405
WISH	4	15	2	12.1609	0.159702	0.192093
WISP	4	10	1	7.7861	0.145212	0.17605
WISS	4	11	0	9.18475	0.0683793	0.0662395
WIST	4	35	12	27.9723	0.334639	0.423133
WIT	3	78	38	61.5397	0.479372	0.610616
WITAN	5	14	0	11.4809	0.0381827	0.0364037
WITE	4	46	20	36.2311	0.421182	0.540475
WITED	5	14	2	10.6562	0.15746	0.203536
WITES	5	33	9	26.5758	0.269524	0.3375
WITH	4	23	8	18.3738	0.335221	0.426125
WITHE	5	11	5	8.79374	0.409672	0.532124
WITS	4	36	10	28.4027	0.276134	0.351744
WOAD	4	26	0	18.2899	0.0340814	0.0367531
WOADS	5	10	0	6.82863	0.050145	0.0567628
WOAH	4	14	0	11.1902	0.0569224	0.0562923
WOE	3	81	2	63.8526	0.0377297	0.0436732
WOES	4	48	0	37.5167	0.019636	0.0189449
WOF	3	18	1	13.5959	0.10098	0.119621
WOK	3	11	3	8.13008	0.284245	0.378102
WOLD	4	11	1	8.15011	0.13547	0.169836
WON	3	69	27	55.7706	0.387499	0.481492
WONDER	6	13	3	10.5443	0.226114	0.286814
WONS	4	34	6	27.7248	0.185178	0.225894
WONT	4	30	2	23.3065	0.0890484	0.108036
WONTS	5	16	1	12.7726	0.0873968	0.10322
WOO	3	28	18	22.2	0.604288	0.775857
WOOD	4	10	4	8.03354	0.360957	0.46596
WOON	4	18	5	15.0273	0.274784	0.33457
WOONS	5	10	4	7.44331	0.363436	0.500624
WOOS	4	15	4	11.182	0.265493	0.356038
WOOSE	5	10	0	6.78255	0.050145	0.057079
WOOT	4	10	2	7.39313	0.217127	0.28792
WOP	3	27	3	21.6636	0.136442	0.163104
WORD	4	18	8	13.6594	0.411737	0.553083
WORE	4	53	23	39.4814	0.422091	0.57033
WORM	4	15	3	12.3128	0.212597	0.259152
WORN	4	26	5	21.4134	0.201276	0.24395
WORSE	5	30	13	23.2783	0.416271	0.543931
WORSEN	6	10	0	7.86782	0.0360236	0.0377653
WORSET	6	19	8	14.7878	0.39786	0.524977
WORST	5	20	4	15.5689	0.203808	0.262163
WORT	4	38	14	28.7128	0.358409	0.477758
WORTH	5	12	4	9.33651	0.314216	0.41308
WORTS	5	19	7	14.6745	0.35099	0.462262
WOS	3	82	11	63.3673	0.142221	0.181392
WOST	4	40	3	31.7069	0.0915428	0.110766
WOT	3	78	18	62.1887	0.234784	0.293538
WOTS	4	42	4	31.3939	0.109338	0.141598
WRANG	5	13	1	8.81204	0.104025	0.142903
WRAP	4	13	0	9.76626	0.0602896	0.0630109
WRAST	5	19	0	14.5024	0.0294122	0.0295256
WRATE	5	26	1	19.937	0.0570166	0.0687071
WRATH	5	13	3	10.4564	0.230867	0.290648
WREN	4	39	0	29.5879	0.0237549	0.0236756
WRENS	5	14	0	10.7022	0.0381827	0.0387286
WREST	5	33	0	25.2369	0.0178998	0.017667
WRIED	5	15	1	11.0308	0.0923156	0.117579
WRIER	5	14	0	11.0835	0.0381827	0.0375543
WRIES	5	27	1	21.8901	0.0551012	0.0629676
WRIEST	6	17	0	12.1734	0.0228992	0.0255111
WRING	5	14	0	8.86655	0.0381827	0.0455932
WRIST	5	16	1	12.4157	0.0873968	0.10587
WRIT	4	42	10	32.7352	0.240042	0.308078
WRITE	5	27	9	20.7789	0.323849	0.425356
WRITER	6	11	4	7.50854	0.336019	0.504228
WRITES	6	20	5	14.3287	0.244895	0.346108
WRITS	5	21	2	16.0247	0.111085	0.141149
WROTE	5	18	0	14.6084	0.0308284	0.0293313
WROTH	5	14	0	11.4813	0.0381827	0.0364026
WRY	3	20	0	16.8534	0.0504142	0.0464434
WUD	3	20	0	14.6962	0.0504142	0.0523953
WUS	3	28	1	21.424	0.0691955	0.0798769
WYE	3	22	4	16.3532	0.20172	0.264032
WYN	3	20	0	15.5384	0.0504142	0.0498986
WYTE	4	12	0	9.8613	0.0640801	0.0625129
YAAR	4	12	0	9.52715	0.0640801	0.0642996
YAD	3	61	8	45.6415	0.142015	0.185899
YADS	4	20	1	14.1673	0.0844672	0.107262
YAE	3	111	3	84.7063	0.0365805	0.0447009
YAG	3	36	9	28.874	0.256432	0.318661
YAGE	4	24	3	18.1002	0.144031	0.185139
YAGER	5	14	0	8.69974	0.0381827	0.0463396
YAGI	4	12	0	9.26764	0.0640801	0.0657593
YAGS	4	11	5	8.8511	0.403831	0.522159
YAH	3	60	0	46.5796	0.0187918	0.0181042
YAHS	4	28	0	21.9378	0.0319449	0.0311904
YAK	3	13	2	8.9601	0.190717	0.259707
YALD	4	20	0	14.5063	0.0426355	0.0450946
YALE	4	51	8	38.564	0.164269	0.214882
YALES	5	23	3	18.4385	0.141271	0.174233
YAM	3	41	5	33.0239	0.138448	0.167288
YAMEN	5	10	0	6.76996	0.050145	0.057166
YAMS	4	16	3	13.4458	0.201917	0.240342
YANG	4	16	2	11.6082	0.151679	0.199802
YAP	3	41	7	32.7147	0.183121	0.226158
YAPS	4	18	4	14.3068	0.229133	0.288491
YAR	3	106	30	81.3341	0.284215	0.369972
YARD	4	30	4	22.0275	0.148036	0.196421
YARE	4	68	26	50.7782	0.375761	0.505299
YARER	5	14	0	9.18651	0.0381827	0.0442268
YARN	4	34	1	28.003	0.05327	0.0580681
YARNS	5	12	0	8.82916	0.0433538	0.0457584
YARR	4	21	1	16.2248	0.0810757	0.0952606
YARRS	5	11	0	7.20482	0.0465028	0.0543069
YARTOS	6	10	0	4.49961	0.0360236	0.0604988
YAS	3	94	6	72.8859	0.0736253	0.0917318
YATE	4	70	29	52.7011	0.406185	0.542268
YATES	5	42	16	31.5491	0.371702	0.498568
YAW	3	23	8	17.1324	0.343604	0.460939
YAWN	4	10	3	7.28988	0.289042	0.396838
YBET	4	13	0	10.9914	0.0602896	0.057143
YEA	3	119	34	89.7797	0.286701	0.379496
YEAD	4	38	1	27.0955	0.0481852	0.0598691
YEADS	5	15	0	11.5027	0.0360337	0.0363426
YEAH	4	28	0	20.5874	0.0319449	0.0330417
YEAHS	5	12	0	8.29722	0.0433538	0.0482454
YEAN	4	45	6	32.7578	0.143527	0.193338
YEANS	5	18	5	12.7785	0.271587	0.383516
YEAR	4	77	20	58.9965	0.2598	0.339298
YEARD	5	19	0	13.8342	0.0294122	0.0308132
YEARN	5	20	1	15.6061	0.0720423	0.0861126
YEARS	5	38	10	27.5488	0.260997	0.360628
YEAS	4	48	3	36.135	0.0774336	0.097959
YEAST	5	26	0	20.2187	0.0222554	0.021751
YEDE	4	23	0	18.5949	0.0378815	0.036213
YEDES	5	10	0	7.31102	0.050145	0.0536516
YEED	4	17	0	13.2585	0.0487538	0.048743
YEH	3	55	0	41.4677	0.0203905	0.0202266
YELD	4	23	0	18.2211	0.0378815	0.036877
YELL	4	17	3	13.4069	0.192258	0.240943
YELM	4	13	0	10.4038	0.0602896	0.0598146
YELP	4	14	0	10.2348	0.0569224	0.0606297
YELT	4	45	4	35.4352	0.102631	0.126378
YELTS	5	28	3	20.7967	0.118314	0.155797
YEN	3	114	22	89.2167	0.19698	0.250477
YENS	4	54	12	41.5069	0.224836	0.291995
YENTA	5	30	0	22.0511	0.0195386	0.0200579
YENTE	5	20	0	14.4219	0.0281204	0.0296751
YEP	3	47	3	38.2504	0.0826933	0.0961187
YEPS	4	24	1	19.6313	0.0723595	0.080372
YER	3	147	13	110.999	0.0941722	0.122701
YERD	4	31	0	23.9841	0.0291994	0.0287495
YERDS	5	12	0	8.80137	0.0433538	0.0458819
YERK	4	10	0	7.27277	0.0732968	0.07966
YES	3	154	13	119.818	0.0899939	0.113828
YEST	4	91	7	71.8926	0.084497	0.104673
YESTER	6	11	0	6.47101	0.0332973	0.0447367
YESTS	5	15	1	12.4786	0.0923156	0.105393
YET	3	148	29	117.597	0.198974	0.249569
YETI	4	62	4	49.7085	0.076158	0.0916041
YETIS	5	41	1	30.4383	0.0374759	0.0461092
YETT	4	23	3	18.6133	0.149384	0.180568
YETTS	5	10	2	7.4353	0.20679	0.276989
YEW	3	26	5	20.728	0.208207	0.257249
YFERE	5	10	0	7.71651	0.050145	0.0512886
YGO	3	25	0	19.7323	0.0416527	0.0403296
YIN	3	83	4	67.6129	0.0599095	0.0699927
YINS	4	35	0	28.7453	0.0261973	0.024321
YIP	3	17	1	12.7789	0.105842	0.126173
YIRD	4	14	0	11.778	0.0569224	0.0539188
YIRR	4	10	0	8.30872	0.0732968	0.0717803
YIRTH	5	13	0	10.9124	0.0406043	0.0380722
YITE	4	46	0	38.0701	0.0204229	0.0186843
YITES	5	33	0	24.6612	0.0178998	0.018056
YLEMS	5	11	0	8.36138	0.0465028	0.0479312
YOB	3	14	0	11.1324	0.0674363	0.0664673
YOD	3	48	2	37.0276	0.0617799	0.0735863
YODE	4	31	1	24.3228	0.0578483	0.0661362
YODEL	5	10	0	8.01746	0.050145	0.049665
YOGI	4	16	0	12.0301	0.0512031	0.0529613
YOGIN	5	10	0	6.43602	0.050145	0.0595746
YOLD	4	16	1	10.8989	0.101441	0.134099
YOM	3	38	1	29.9277	0.0526298	0.0586932
YON	3	74	6	57.2076	0.0925593	0.115967
YOND	4	21	0	15.5639	0.0409235	0.0424044
YONI	4	31	0	23.1174	0.0291994	0.029735
YONT	4	38	0	29.1164	0.0243218	0.0240325
YORE	4	51	2	39.4108	0.0549895	0.0661875
YORES	5	31	1	23.2058	0.0485741	0.0596129
YORP	4	14	0	10.4992	0.0569224	0.0593641
YOU	3	29	2	21.343	0.0975995	0.122742
YOUS	4	11	1	8.66596	0.13547	0.161747
YOW	3	17	5	14.1376	0.298425	0.361423
YRNEH	5	14	0	10.6792	0.0381827	0.0388019
YSAME	5	11	0	7.78519	0.0465028	0.0509088
YTOST	5	13	0	9.50094	0.0406043	0.0429616
YUG	3	10	0	7.99689	0.0870253	0.087033
YUM	3	14	0	10.5565	0.0674363	0.0694829
YUS	3	29	1	23.1372	0.067084	0.0744625
ZEA	3	14	3	12.0238	0.236258	0.274136
ZED	3	20	2	16.6612	0.134553	0.153312
ZEL	3	11	0	9.16695	0.0811334	0.0780242
ZEN	3	18	3	15.794	0.192849	0.216497
ZEST	4	11	1	9.18665	0.13547	0.154327
ZIN	3	16	4	13.1141	0.262939	0.320107
ZINE	4	13	4	10.852	0.296902	0.365064
ZIT	3	12	3	10.75	0.266221	0.301234
