word	k	n	len	missesAfterLastFind	pts	forgone
SERAI	1.0	783	5	628	800	502400
STRAE	2.0	773	5	536	800	428800
AERO	2.0	1087	4	890	400	356000
ASTARE	1.0	248	6	245	1400	343000
REAIS	1.0	510	5	404	800	323200
AEROS	2.0	512	5	403	800	322400
TARSI	1.0	443	5	401	800	320800
SERAIL	1.0	241	6	196	1400	274400
ASTIR	1.0	445	5	334	800	267200
TRANSE	1.0	229	6	184	1400	257600
OSAR	1.0	682	4	627	400	250800
EINE	1.0	772	4	612	400	244800
SAETER	1.0	219	6	172	1400	240800
IRADE	1.0	311	5	284	800	227200
ARENES	1.0	194	6	156	1400	218400
DREST	1.0	440	5	271	800	216800
EDIT	1.0	599	4	539	400	215600
NATIS	1.0	422	5	267	800	213600
SERINE	2.0	253	6	146	1400	204400
AISLE	1.0	274	5	243	800	194400
DIANE	1.0	252	5	242	800	193600
TETRI	1.0	242	5	240	800	192000
REASON	1.0	150	6	137	1400	191800
DEAREST	1.0	109	7	105	1800	189000
EINA	1.0	971	4	452	400	180800
NEIST	1.0	571	5	224	800	179200
TETRIS	1.0	123	6	121	1400	169400
ARENE	2.0	336	5	208	800	166400
SNIRT	1.0	378	5	206	800	164800
INTEL	1.0	281	5	203	800	162400
ADORE	1.0	201	5	199	800	159200
ELSIN	1.0	263	5	198	800	158400
RHEAS	1.0	208	5	197	800	157600
RESHOT	1.0	120	6	112	1400	156800
IRATEST	1.0	124	7	87	1800	156600
DESTAIN	1.0	94	7	87	1800	156600
TRONA	2.0	287	5	195	800	156000
SENNA	1.0	193	5	192	800	153600
IRATER	2.0	226	6	108	1400	151200
SENOR	1.0	498	5	188	800	150400
TRIOSE	1.0	147	6	107	1400	149800
SENIOR	1.0	174	6	107	1400	149800
ASSET	2.0	263	5	185	800	148000
AREAL	1.0	273	5	185	800	148000
RASTA	2.0	329	5	183	800	146400
SLOE	1.0	413	4	365	400	146000
ONESIE	1.0	121	6	104	1400	145600
TENIA	2.0	556	5	182	800	145600
NISSE	1.0	205	5	181	800	144800
TORAN	2.0	326	5	180	800	144000
ODEA	1.0	439	4	358	400	143200
TOISE	2.0	367	5	176	800	140800
SERINES	1.0	82	7	78	1800	140400
TERAIS	1.0	352	6	99	1400	138600
REDANS	1.0	133	6	99	1400	138600
SNEAD	1.0	265	5	173	800	138400
SLART	2.0	306	5	173	800	138400
ARSON	1.0	239	5	172	800	137600
SNATH	1.0	214	5	168	800	134400
SEAREST	1.0	92	7	74	1800	133200
MESTER	2.0	116	6	95	1400	133000
SERON	1.0	558	5	165	800	132000
RETIAL	2.0	224	6	94	1400	131600
TORANS	1.0	145	6	94	1400	131600
SESH	1.0	359	4	329	400	131600
REGNA	2.0	184	5	164	800	131200
SERAC	1.0	429	5	164	800	131200
EISH	1.0	527	4	325	400	130000
GNATS	1.0	170	5	160	800	128000
GNAT	1.0	338	4	318	400	127200
RENINS	1.0	99	6	90	1400	126000
RETEAR	2.0	158	6	90	1400	126000
INLET	1.0	191	5	157	800	125600
TEHR	1.0	449	4	311	400	124400
MATIER	1.0	118	6	88	1400	123200
RIANT	2.0	268	5	151	800	120800
PEREA	1.0	154	5	151	800	120800
LARNED	1.0	88	6	86	1400	120400
RATANS	1.0	110	6	85	1400	119000
RESOLE	1.0	96	6	85	1400	119000
REITER	1.0	138	6	85	1400	119000
SOLERA	1.0	137	6	85	1400	119000
ANILE	1.0	311	5	148	800	118400
LIART	1.0	292	5	148	800	118400
TRAPSE	1.0	89	6	84	1400	117600
RANEE	1.0	237	5	146	800	116800
IDENT	1.0	255	5	146	800	116800
ASSERT	1.0	120	6	82	1400	114800
ARENAS	1.0	169	6	82	1400	114800
OGRES	1.0	145	5	143	800	114400
SOLEI	1.0	222	5	142	800	113600
DOTIER	1.0	85	6	80	1400	112000
TINIES	1.0	132	6	80	1400	112000
SNATHE	1.0	102	6	79	1400	110600
ERODES	1.0	122	6	79	1400	110600
SARNIE	1.0	157	6	79	1400	110600
LAERED	1.0	84	6	79	1400	110600
MESAL	1.0	160	5	136	800	108800
ASAR	1.0	368	4	272	400	108800
SERRAE	1.0	102	6	77	1400	107800
NOSIES	2.0	112	6	77	1400	107800
AREAE	1.0	199	5	134	800	107200
INTELS	1.0	114	6	75	1400	105000
EGRETS	1.0	81	6	75	1400	105000
NISI	1.0	296	4	261	400	104400
IDEAL	1.0	194	5	130	800	104000
LIARD	1.0	164	5	130	800	104000
THEIRS	1.0	92	6	74	1400	103600
TRONAS	2.0	115	6	74	1400	103600
TEHRS	1.0	185	5	129	800	103200
SINH	2.0	340	4	257	400	102800
HOSEN	2.0	210	5	127	800	101600
STREP	2.0	237	5	127	800	101600
ANOLE	2.0	167	5	127	800	101600
PISTE	2.0	158	5	125	800	100000
DELOS	1.0	182	5	124	800	99200
TRIAC	1.0	173	5	124	800	99200
ANOLES	2.0	93	6	70	1400	98000
RODENT	1.0	84	6	70	1400	98000
ISIT	1.0	308	4	243	400	97200
STOIT	1.0	162	5	121	800	96800
TINIER	1.0	104	6	69	1400	96600
SNIES	1.0	373	5	120	800	96000
MOIRES	1.0	72	6	68	1400	95200
TATIES	1.0	156	6	68	1400	95200
RETIED	2.0	129	6	68	1400	95200
NALAS	2.0	136	5	118	800	94400
LERING	1.0	88	6	67	1400	93800
URASE	1.0	217	5	117	800	93600
OPERA	1.0	174	5	117	800	93600
PRESA	2.0	244	5	116	800	92800
EALES	2.0	333	5	116	800	92800
NITON	1.0	189	5	116	800	92800
LORIES	2.0	107	6	66	1400	92400
AINEE	2.0	206	5	115	800	92000
INSERTS	2.0	67	7	51	1800	91800
SIENT	1.0	487	5	114	800	91200
SCRAN	2.0	126	5	114	800	91200
LENIS	1.0	315	5	113	800	90400
DERTH	2.0	194	5	113	800	90400
SANTERO	1.0	101	7	50	1800	90000
TRAINEE	1.0	56	7	49	1800	88200
LENITE	1.0	113	6	63	1400	88200
UREAS	2.0	221	5	110	800	88000
UREA	2.0	409	4	218	400	87200
IDEALS	1.0	94	6	62	1400	86800
DORTER	1.0	85	6	62	1400	86800
TODIES	1.0	85	6	62	1400	86800
SDAINE	1.0	88	6	62	1400	86800
BITSER	1.0	68	6	60	1400	84000
NARAS	1.0	238	5	104	800	83200
OSIER	1.0	402	5	104	800	83200
LIANA	1.0	108	5	104	800	83200
LATENTS	2.0	57	7	46	1800	82800
SANTERA	2.0	102	7	46	1800	82800
DERTHS	1.0	78	6	59	1400	82600
ITHER	1.0	221	5	103	800	82400
AREDE	1.0	251	5	103	800	82400
SERRAN	1.0	109	6	58	1400	81200
ASHEN	2.0	175	5	101	800	80800
ALAN	2.0	244	4	202	400	80800
CLIES	1.0	111	5	100	800	80000
ARISH	1.0	215	5	100	800	80000
ECAD	1.0	216	4	200	400	80000
TONSIL	1.0	65	6	57	1400	79800
ASSENT	1.0	85	6	57	1400	79800
TRISTE	1.0	177	6	57	1400	79800
DEISTS	1.0	72	6	57	1400	79800
EASIED	1.0	104	6	57	1400	79800
NISHES	1.0	61	6	57	1400	79800
RETAGS	1.0	88	6	57	1400	79800
SNIRTS	1.0	126	6	57	1400	79800
MOIRE	2.0	112	5	99	800	79200
STOLEN	1.0	100	6	56	1400	78400
RENNE	2.0	122	5	98	800	78400
NIRL	1.0	318	4	196	400	78400
DESALT	1.0	95	6	56	1400	78400
STOND	1.0	150	5	98	800	78400
OLID	2.0	265	4	194	400	77600
HOSTA	1.0	175	5	97	800	77600
SEDAN	1.0	290	5	97	800	77600
HORST	2.0	180	5	97	800	77600
RETEMS	1.0	62	6	55	1400	77000
TRITER	1.0	87	6	55	1400	77000
TAMINS	1.0	58	6	55	1400	77000
RELISH	1.0	80	6	55	1400	77000
DERRO	1.0	125	5	96	800	76800
EAGRE	2.0	106	5	96	800	76800
DORSA	1.0	150	5	96	800	76800
DRESS	1.0	127	5	95	800	76000
ARSINE	1.0	223	6	54	1400	75600
RENNES	1.0	65	6	54	1400	75600
CASTOR	2.0	62	6	54	1400	75600
PORAE	2.0	149	5	94	800	75200
SOREL	1.0	312	5	94	800	75200
MERIL	1.0	101	5	93	800	74400
RAREE	1.0	97	5	93	800	74400
STOLID	1.0	55	6	53	1400	74200
SEARCE	1.0	79	6	53	1400	74200
SOLANS	1.0	56	6	53	1400	74200
ORANGE	1.0	68	6	53	1400	74200
DESIST	1.0	81	6	53	1400	74200
HEARIE	1.0	95	6	53	1400	74200
READIES	1.0	52	7	41	1800	73800
DESIS	2.0	144	5	92	800	73600
ABETS	1.0	115	5	92	800	73600
ALATE	1.0	204	5	92	800	73600
ORRA	2.0	279	4	183	400	73200
TATIE	2.0	259	5	91	800	72800
NECTAR	1.0	62	6	52	1400	72800
SEELD	1.0	105	5	91	800	72800
MIENS	2.0	143	5	91	800	72800
ORNATE	1.0	172	6	52	1400	72800
MINAR	2.0	159	5	91	800	72800
DROIT	1.0	126	5	90	800	72000
DILATE	1.0	105	6	51	1400	71400
ELSINS	1.0	70	6	51	1400	71400
ROOSA	1.0	110	5	89	800	71200
ELANS	1.0	314	5	89	800	71200
MINAE	2.0	176	5	89	800	71200
LADIES	2.0	93	6	50	1400	70000
TAMINE	1.0	84	6	50	1400	70000
RAIRD	1.0	95	5	87	800	69600
ROHES	2.0	190	5	87	800	69600
TORUS	2.0	104	5	86	800	68800
ALAE	2.0	340	4	172	400	68800
MOTEN	2.0	126	5	86	800	68800
SITREP	2.0	86	6	49	1400	68600
TALION	1.0	65	6	49	1400	68600
SERIES	2.0	164	6	49	1400	68600
RATITE	1.0	130	6	49	1400	68600
NORITE	2.0	164	6	49	1400	68600
ANISES	1.0	136	6	49	1400	68600
PAIREST	1.0	47	7	38	1800	68400
SIGNA	2.0	139	5	85	800	68000
TRIOL	1.0	139	5	85	800	68000
ARENA	2.0	397	5	85	800	68000
MERIS	1.0	218	5	84	800	67200
CARON	2.0	133	5	84	800	67200
URENT	2.0	166	5	84	800	67200
DENTIN	2.0	79	6	48	1400	67200
STOAS	2.0	176	5	84	800	67200
ALANS	1.0	108	5	83	800	66400
APSES	2.0	99	5	83	800	66400
PORAES	2.0	85	6	47	1400	65800
COATIS	1.0	54	6	47	1400	65800
PROAS	1.0	96	5	81	800	64800
STARNIE	2.0	90	7	36	1800	64800
MEDIA	1.0	95	5	81	800	64800
STOMA	1.0	116	5	81	800	64800
THERM	2.0	87	5	81	800	64800
INTIL	1.0	105	5	79	800	63200
SIRRA	1.0	155	5	79	800	63200
AGENE	1.0	92	5	79	800	63200
TENDU	1.0	81	5	79	800	63200
ONNED	1.0	85	5	79	800	63200
SLIER	2.0	310	5	79	800	63200
NIRLS	1.0	125	5	79	800	63200
GERNE	1.0	108	5	79	800	63200
RIPENS	2.0	48	6	45	1400	63000
ONESIES	1.0	38	7	35	1800	63000
ENTOIL	1.0	66	6	45	1400	63000
DESTINE	1.0	73	7	35	1800	63000
HOARED	1.0	64	6	45	1400	63000
NITONS	1.0	80	6	45	1400	63000
STONIED	1.0	49	7	35	1800	63000
ABET	2.0	194	4	156	400	62400
NIEF	1.0	183	4	155	400	62000
REGEST	1.0	47	6	44	1400	61600
DROITS	1.0	68	6	44	1400	61600
YESTER	2.0	52	6	44	1400	61600
SIMAR	1.0	182	5	77	800	61600
CRIAS	1.0	115	5	77	800	61600
RODENTS	1.0	41	7	34	1800	61200
EURO	1.0	253	4	153	400	61200
DORTERS	1.0	48	7	34	1800	61200
REPRO	1.0	86	5	76	800	60800
ARIOSE	1.0	139	6	43	1400	60200
AGENES	1.0	51	6	43	1400	60200
MAIDEN	1.0	50	6	43	1400	60200
SANNIE	1.0	67	6	43	1400	60200
ERICS	1.0	174	5	75	800	60000
BELAR	1.0	86	5	75	800	60000
SUETS	1.0	114	5	75	800	60000
RESOD	1.0	280	5	75	800	60000
HEALD	1.0	82	5	75	800	60000
EAUS	1.0	248	4	149	400	59600
RETARDS	2.0	41	7	33	1800	59400
MESTERS	1.0	34	7	33	1800	59400
EARNEST	1.0	92	7	33	1800	59400
NORITES	1.0	98	7	33	1800	59400
TRAGI	1.0	84	5	74	800	59200
VERST	1.0	100	5	74	800	59200
ROARIE	2.0	65	6	42	1400	58800
STENOS	1.0	140	6	42	1400	58800
HALITE	1.0	73	6	42	1400	58800
GIROS	1.0	75	5	73	800	58400
ATAP	1.0	178	4	145	400	58000
ESCOT	2.0	134	5	72	800	57600
RATITES	1.0	82	7	32	1800	57600
REASONS	1.0	35	7	32	1800	57600
GIRO	2.0	192	4	144	400	57600
THEMA	1.0	73	5	72	800	57600
EPOS	2.0	253	4	144	400	57600
RENNED	1.0	42	6	41	1400	57400
TOISES	1.0	89	6	41	1400	57400
PETERS	2.0	68	6	41	1400	57400
STONEN	1.0	77	6	41	1400	57400
TAPET	1.0	100	5	71	800	56800
NONAS	1.0	98	5	71	800	56800
ANILS	1.0	217	5	71	800	56800
GEEST	2.0	85	5	71	800	56800
DEIDS	1.0	94	5	71	800	56800
NOLO	1.0	158	4	141	400	56400
EMOTE	1.0	89	5	70	800	56000
REMOTE	1.0	44	6	40	1400	56000
PITON	1.0	71	5	70	800	56000
SHEATH	1.0	47	6	40	1400	56000
ASEA	1.0	666	4	140	400	56000
SPINA	1.0	88	5	70	800	56000
SALIC	2.0	95	5	70	800	56000
CRONETS	1.0	38	7	31	1800	55800
SPAREST	1.0	52	7	31	1800	55800
NONA	2.0	221	4	138	400	55200
YITES	1.0	103	5	69	800	55200
ACTA	1.0	181	4	138	400	55200
SOTOL	1.0	93	5	69	800	55200
NOTARISE	1.0	44	7	25	2200	55000
ANAN	1.0	146	4	137	400	54800
GLIA	1.0	160	4	137	400	54800
RAPINE	2.0	61	6	39	1400	54600
ARTIST	2.0	146	6	39	1400	54600
SERIAL	1.0	216	6	39	1400	54600
GREINS	2.0	63	6	39	1400	54600
SPAIT	1.0	90	5	68	800	54400
ALOES	2.0	268	5	68	800	54400
NOLOS	1.0	75	5	68	800	54400
DEASH	2.0	176	5	68	800	54400
SOLATES	2.0	55	7	30	1800	54000
SALTERN	1.0	55	7	30	1800	54000
SMOTE	1.0	117	5	67	800	53600
HARSH	1.0	84	5	67	800	53600
SHIEL	1.0	102	5	67	800	53600
AMINO	1.0	114	5	67	800	53600
HALID	1.0	75	5	67	800	53600
CARONS	2.0	62	6	38	1400	53200
LOCI	1.0	162	4	133	400	53200
PIETAS	1.0	68	6	38	1400	53200
THERMS	2.0	43	6	38	1400	53200
SEANCE	1.0	54	6	38	1400	53200
TORTIE	1.0	91	6	38	1400	53200
TONUS	1.0	70	5	66	800	52800
RUERS	1.0	75	5	66	800	52800
HEDER	1.0	117	5	66	800	52800
ORANG	2.0	128	5	66	800	52800
LEMAN	1.0	91	5	66	800	52800
DEBAR	1.0	74	5	66	800	52800
REINTER	1.0	47	7	29	1800	52200
ORANGES	1.0	35	7	29	1800	52200
STOAE	2.0	296	5	65	800	52000
ANODE	2.0	181	5	65	800	52000
ATOP	1.0	235	4	130	400	52000
RIPEST	1.0	75	6	37	1400	51800
SOPITE	1.0	39	6	37	1400	51800
STATIC	1.0	52	6	37	1400	51800
POLIES	1.0	54	6	37	1400	51800
SPIREA	1.0	66	6	37	1400	51800
BRANES	2.0	50	6	37	1400	51800
SARGES	2.0	49	6	37	1400	51800
STREPS	1.0	69	6	37	1400	51800
DECANI	1.0	40	6	37	1400	51800
SEGO	2.0	250	4	129	400	51600
RUSA	1.0	213	4	129	400	51600
SNASH	1.0	95	5	64	800	51200
SCAIL	1.0	85	5	63	800	50400
RAMIES	1.0	105	6	36	1400	50400
ELAPSE	1.0	52	6	36	1400	50400
INTENTS	1.0	46	7	28	1800	50400
TEARIER	1.0	44	7	28	1800	50400
ENTICE	1.0	50	6	36	1400	50400
MANTO	2.0	102	5	62	800	49600
BESIT	1.0	92	5	62	800	49600
KETA	1.0	134	4	123	400	49200
GRISED	1.0	54	6	35	1400	49000
OCHERS	2.0	50	6	35	1400	49000
NITHER	2.0	94	6	35	1400	49000
STENCH	1.0	44	6	35	1400	49000
TUAN	2.0	209	4	122	400	48800
RONDO	1.0	64	5	61	800	48800
SEISM	1.0	137	5	61	800	48800
BIAS	1.0	137	4	122	400	48800
RESTIER	2.0	70	7	27	1800	48600
RESILES	1.0	39	7	27	1800	48600
ALERTER	1.0	34	7	27	1800	48600
OCHRE	1.0	78	5	60	800	48000
STEPT	1.0	86	5	60	800	48000
KETAS	1.0	65	5	60	800	48000
AMATES	1.0	60	6	34	1400	47600
SHANTI	2.0	50	6	34	1400	47600
SEDENT	1.0	89	6	34	1400	47600
HELING	1.0	35	6	34	1400	47600
CITHER	2.0	40	6	34	1400	47600
MEDIAN	1.0	39	6	34	1400	47600
RONINS	1.0	51	6	34	1400	47600
REPROS	1.0	39	6	34	1400	47600
GATORS	1.0	38	6	34	1400	47600
FRATI	1.0	92	5	59	800	47200
SURAT	1.0	148	5	59	800	47200
LORIC	1.0	80	5	59	800	47200
TAMINES	1.0	47	7	26	1800	46800
HALITES	1.0	49	7	26	1800	46800
SARNIES	1.0	59	7	26	1800	46800
STEDD	2.0	97	5	58	800	46400
SOCAS	1.0	67	5	58	800	46400
SANGO	1.0	88	5	58	800	46400
HELED	1.0	62	5	58	800	46400
CASINO	1.0	57	6	33	1400	46200
TAPETS	1.0	48	6	33	1400	46200
PARTON	1.0	41	6	33	1400	46200
LATISH	1.0	52	6	33	1400	46200
STROUT	1.0	45	6	33	1400	46200
SHALOT	2.0	46	6	33	1400	46200
REHIRE	1.0	38	6	33	1400	46200
ATTEND	1.0	47	6	33	1400	46200
RATTAN	1.0	48	6	33	1400	46200
ALATED	1.0	71	6	33	1400	46200
ICON	2.0	221	4	115	400	46000
TATU	2.0	168	4	115	400	46000
AREPA	1.0	165	5	57	800	45600
ESSE	2.0	256	4	114	400	45600
GORIS	1.0	82	5	57	800	45600
STAIG	1.0	135	5	57	800	45600
TRAPT	1.0	71	5	57	800	45600
ENTREAT	1.0	55	7	25	1800	45000
ALERTED	2.0	37	7	25	1800	45000
LESSOR	1.0	52	6	32	1400	44800
SANIES	1.0	163	6	32	1400	44800
RAMIE	1.0	172	5	56	800	44800
SOLACE	2.0	39	6	32	1400	44800
DEAW	1.0	136	4	112	400	44800
ROGERS	1.0	36	6	32	1400	44800
EMOTES	1.0	46	6	32	1400	44800
LAMEST	1.0	67	6	32	1400	44800
THALER	2.0	79	6	32	1400	44800
SILENE	1.0	87	6	32	1400	44800
BREIST	1.0	47	6	32	1400	44800
MITIS	1.0	60	5	56	800	44800
LISLE	1.0	100	5	55	800	44000
TRENDIES	1.0	22	7	20	2200	44000
DESTAINS	1.0	21	7	20	2200	44000
DREED	2.0	69	5	55	800	44000
SEIK	1.0	119	4	109	400	43600
OLLIES	2.0	59	6	31	1400	43400
TIDIES	1.0	46	6	31	1400	43400
SIGNAL	1.0	43	6	31	1400	43400
ADORED	1.0	32	6	31	1400	43400
DENIED	2.0	44	6	31	1400	43400
PITONS	1.0	32	6	31	1400	43400
STEMED	1.0	51	6	31	1400	43400
RERISE	1.0	116	6	31	1400	43400
UTILES	1.0	54	6	31	1400	43400
SEDATE	1.0	127	6	31	1400	43400
PRATIES	1.0	33	7	24	1800	43200
STALEST	1.0	46	7	24	1800	43200
ENARM	1.0	136	5	54	800	43200
PRIAL	1.0	67	5	54	800	43200
SORUS	1.0	75	5	54	800	43200
ROUEN	1.0	74	5	54	800	43200
PRESTER	1.0	29	7	24	1800	43200
LISTENS	2.0	36	7	24	1800	43200
ICONS	1.0	108	5	54	800	43200
TRUER	2.0	82	5	53	800	42400
UTILE	1.0	90	5	53	800	42400
IODIN	1.0	70	5	53	800	42400
AMATE	1.0	92	5	53	800	42400
SUETE	1.0	89	5	53	800	42400
ANODES	2.0	99	6	30	1400	42000
CAROLS	2.0	42	6	30	1400	42000
SOAPER	2.0	45	6	30	1400	42000
TREMAS	2.0	101	6	30	1400	42000
RETSINAS	1.0	36	7	19	2200	41800
SANTEROS	1.0	34	7	19	2200	41800
REDAN	2.0	298	5	52	800	41600
PANTO	1.0	78	5	52	800	41600
ITEM	1.0	395	4	104	400	41600
LATRINE	1.0	70	7	23	1800	41400
RECITAL	1.0	28	7	23	1800	41400
ETIC	1.0	500	4	103	400	41200
VIAE	1.0	113	4	103	400	41200
ENACT	1.0	143	5	51	800	40800
PISO	2.0	173	4	102	400	40800
GIRNED	1.0	36	6	29	1400	40600
ESCARS	1.0	63	6	29	1400	40600
CONINE	1.0	33	6	29	1400	40600
ALLIED	2.0	46	6	29	1400	40600
SCRANS	1.0	34	6	29	1400	40600
CARNIE	2.0	63	6	29	1400	40600
SORRAS	2.0	33	6	29	1400	40600
LIGATE	1.0	31	6	29	1400	40600
ANTICS	2.0	45	6	29	1400	40600
UNDEAR	1.0	40	6	29	1400	40600
SIEGER	2.0	42	6	29	1400	40600
ENGS	2.0	298	4	100	400	40000
BASTO	1.0	66	5	50	800	40000
LITHO	1.0	70	5	50	800	40000
INSERTER	1.0	21	7	18	2200	39600
RETASTES	1.0	24	7	18	2200	39600
AERATED	1.0	46	7	22	1800	39600
TALONED	1.0	24	7	22	1800	39600
COSINES	1.0	27	7	22	1800	39600
STEARINE	2.0	43	7	18	2200	39600
ABELES	1.0	30	6	28	1400	39200
GERNES	1.0	38	6	28	1400	39200
LINNET	1.0	38	6	28	1400	39200
IODINE	2.0	44	6	28	1400	39200
ALLOT	1.0	84	5	49	800	39200
ANNAS	1.0	52	5	49	800	39200
SEDANS	1.0	81	6	28	1400	39200
BOREL	1.0	59	5	49	800	39200
DESHI	2.0	129	5	49	800	39200
HOSTIE	2.0	81	6	28	1400	39200
GRONED	2.0	35	6	28	1400	39200
TOLAN	2.0	187	5	49	800	39200
TARCEL	2.0	42	6	28	1400	39200
OMERS	2.0	159	5	49	800	39200
DREAMT	1.0	37	6	28	1400	39200
TAISH	1.0	185	5	49	800	39200
LODENS	2.0	62	6	28	1400	39200
AFRO	2.0	111	4	97	400	38800
ARGOT	1.0	73	5	48	800	38400
CANID	1.0	91	5	48	800	38400
POLIS	1.0	70	5	48	800	38400
CLIED	2.0	62	5	48	800	38400
ABRI	2.0	136	4	96	400	38400
PEASEN	1.0	60	6	27	1400	37800
SITHEN	1.0	66	6	27	1400	37800
RAPINES	1.0	33	7	21	1800	37800
LINTIES	2.0	37	7	21	1800	37800
DENTINS	1.0	27	7	21	1800	37800
TENNIS	2.0	85	6	27	1400	37800
NOULES	1.0	36	6	27	1400	37800
POSTERN	1.0	27	7	21	1800	37800
UNTILE	1.0	36	6	27	1400	37800
INTENT	2.0	75	6	27	1400	37800
ALTERNE	1.0	37	7	21	1800	37800
TENTIE	1.0	97	6	27	1400	37800
LUNIES	1.0	34	6	27	1400	37800
ITEMS	1.0	169	5	47	800	37600
COOER	2.0	60	5	47	800	37600
CIELS	2.0	107	5	47	800	37600
AHIS	2.0	302	4	94	400	37600
ROGER	2.0	73	5	47	800	37600
SLOSH	1.0	54	5	47	800	37600
MUSET	2.0	67	5	47	800	37600
RESAW	2.0	133	5	47	800	37600
NIECE	2.0	56	5	47	800	37600
ARGON	1.0	79	5	47	800	37600
SALTIERS	1.0	25	7	17	2200	37400
ENOW	1.0	148	4	93	400	37200
DHAL	1.0	107	4	93	400	37200
IRING	1.0	96	5	46	800	36800
LAPIS	1.0	73	5	46	800	36800
NANG	1.0	117	4	92	400	36800
URIAL	1.0	70	5	46	800	36800
SPRAD	1.0	63	5	46	800	36800
FREIT	1.0	111	5	46	800	36800
MISSA	1.0	52	5	46	800	36800
ADIOS	1.0	101	5	46	800	36800
CONIA	1.0	118	5	46	800	36800
MELON	1.0	51	5	46	800	36800
HASSEL	1.0	32	6	26	1400	36400
PONIES	1.0	55	6	26	1400	36400
UDOS	2.0	111	4	91	400	36400
REHANG	1.0	29	6	26	1400	36400
ODAH	1.0	143	4	91	400	36400
PONTIE	1.0	36	6	26	1400	36400
TENDON	1.0	41	6	26	1400	36400
MANTRA	1.0	34	6	26	1400	36400
SIGNEE	1.0	35	6	26	1400	36400
NIECES	2.0	33	6	26	1400	36400
ORANGS	1.0	35	6	26	1400	36400
SHREDS	1.0	27	6	26	1400	36400
SINDED	1.0	33	6	26	1400	36400
MONIED	2.0	33	6	26	1400	36400
ISM	1.0	643	3	364	100	36400
CRORES	1.0	40	6	26	1400	36400
BATLER	1.0	39	6	26	1400	36400
UNTIL	1.0	69	5	45	800	36000
RADIO	2.0	115	5	45	800	36000
ERASION	1.0	62	7	20	1800	36000
ATTIC	1.0	61	5	45	800	36000
STRAITS	2.0	46	7	20	1800	36000
DARNERS	1.0	24	7	20	1800	36000
COARSER	1.0	26	7	20	1800	36000
SNIDEST	1.0	42	7	20	1800	36000
DAUR	1.0	114	4	90	400	36000
LILTS	1.0	65	5	45	800	36000
FITNA	1.0	61	5	45	800	36000
NESTLER	1.0	36	7	20	1800	36000
ROSIEST	1.0	55	7	20	1800	36000
LIEU	1.0	163	4	90	400	36000
RIMU	1.0	90	4	89	400	35600
TREF	2.0	228	4	89	400	35600
RIMAE	1.0	127	5	44	800	35200
SOMAN	2.0	92	5	44	800	35200
PROTO	2.0	53	5	44	800	35200
CIRLS	1.0	52	5	44	800	35200
SPRED	2.0	111	5	44	800	35200
RELIC	1.0	117	5	44	800	35200
NOSEY	1.0	69	5	44	800	35200
ELOPS	1.0	62	5	44	800	35200
SANGA	2.0	80	5	44	800	35200
PISHER	1.0	30	6	25	1400	35000
SHERPA	1.0	30	6	25	1400	35000
SORELS	1.0	91	6	25	1400	35000
PROTEI	1.0	42	6	25	1400	35000
RELLIE	1.0	50	6	25	1400	35000
SUING	1.0	57	5	43	800	34400
DIEB	1.0	91	4	86	400	34400
TYRED	2.0	48	5	43	800	34400
TOMAN	2.0	87	5	43	800	34400
TAPEN	2.0	117	5	43	800	34400
NIPAS	1.0	98	5	43	800	34400
SINUS	1.0	70	5	43	800	34400
DIRLS	1.0	81	5	43	800	34400
SMIRS	2.0	63	5	43	800	34400
TAPAS	1.0	53	5	43	800	34400
ABRIS	1.0	65	5	43	800	34400
CEROS	2.0	170	5	43	800	34400
SAIST	2.0	220	5	43	800	34400
NORM	1.0	192	4	86	400	34400
RETINOL	1.0	42	7	19	1800	34200
REMOTES	1.0	22	7	19	1800	34200
REDATED	2.0	26	7	19	1800	34200
THALERS	1.0	47	7	19	1800	34200
NITHERS	2.0	52	7	19	1800	34200
NERDIER	1.0	23	7	19	1800	34200
RECTION	1.0	24	7	19	1800	34200
RECOATS	2.0	23	7	19	1800	34200
PONTIES	1.0	25	7	19	1800	34200
EGER	2.0	168	4	85	400	34000
FESTAL	1.0	41	6	24	1400	33600
ARPENS	1.0	50	6	24	1400	33600
PILEA	1.0	88	5	42	800	33600
TACET	1.0	113	5	42	800	33600
TATUS	2.0	67	5	42	800	33600
BIERS	2.0	101	5	42	800	33600
NILLED	1.0	26	6	24	1400	33600
LADLER	1.0	25	6	24	1400	33600
SLUES	2.0	60	5	42	800	33600
SPECT	1.0	46	5	42	800	33600
TYRO	1.0	107	4	84	400	33600
GENETS	2.0	64	6	24	1400	33600
WETA	2.0	229	4	84	400	33600
LIEUS	1.0	78	5	42	800	33600
STRIMS	1.0	37	6	24	1400	33600
AMORT	1.0	114	5	42	800	33600
AMINOS	1.0	43	6	24	1400	33600
PESOS	1.0	55	5	42	800	33600
TAWSE	2.0	81	5	42	800	33600
GERNED	1.0	32	6	24	1400	33600
MAARS	1.0	64	5	42	800	33600
SERMON	1.0	44	6	24	1400	33600
DICTA	1.0	55	5	42	800	33600
FOLIES	1.0	26	6	24	1400	33600
LILT	1.0	113	4	83	400	33200
GISM	1.0	86	4	83	400	33200
ROSETING	2.0	19	7	15	2200	33000
DARGS	1.0	45	5	41	800	32800
SEWAR	2.0	86	5	41	800	32800
ACUTE	1.0	53	5	41	800	32800
SERFS	1.0	59	5	41	800	32800
HARIM	1.0	57	5	41	800	32800
LERP	2.0	224	4	82	400	32800
PAREU	1.0	55	5	41	800	32800
STEALTH	1.0	21	7	18	1800	32400
TARRIED	1.0	24	7	18	1800	32400
CREATIN	2.0	48	7	18	1800	32400
RESTAGE	2.0	24	7	18	1800	32400
AIRLESS	1.0	22	7	18	1800	32400
REALIGN	1.0	29	7	18	1800	32400
GAEN	2.0	318	4	81	400	32400
TENNIES	1.0	26	7	18	1800	32400
RESOLD	1.0	66	6	23	1400	32200
LINIER	2.0	57	6	23	1400	32200
MEINED	1.0	46	6	23	1400	32200
MEATHS	1.0	43	6	23	1400	32200
DIRECT	1.0	42	6	23	1400	32200
BISTRO	2.0	29	6	23	1400	32200
BESTIS	1.0	34	6	23	1400	32200
ALLOTS	1.0	46	6	23	1400	32200
GRATIS	1.0	71	6	23	1400	32200
CLASTS	1.0	27	6	23	1400	32200
HILTED	1.0	37	6	23	1400	32200
TACHOS	1.0	30	6	23	1400	32200
RENIGS	1.0	85	6	23	1400	32200
CINEMA	1.0	29	6	23	1400	32200
ENARMS	1.0	55	6	23	1400	32200
THOUS	2.0	52	5	40	800	32000
ABELE	1.0	42	5	40	800	32000
NIDI	2.0	170	4	80	400	32000
DROSS	1.0	64	5	40	800	32000
AGILE	2.0	82	5	40	800	32000
RIMUS	1.0	41	5	40	800	32000
ISOS	1.0	197	4	80	400	32000
PIETA	2.0	125	5	40	800	32000
OUTRO	2.0	47	5	40	800	32000
LARGO	1.0	58	5	40	800	32000
ADIT	1.0	383	4	79	400	31600
INTO	2.0	613	4	78	400	31200
AFROS	1.0	40	5	39	800	31200
STOPT	1.0	57	5	39	800	31200
LEMON	1.0	43	5	39	800	31200
REGAR	1.0	113	5	39	800	31200
KNIT	1.0	87	4	78	400	31200
CASTERED	1.0	16	7	14	2200	30800
PITIER	1.0	25	6	22	1400	30800
SPAITS	1.0	32	6	22	1400	30800
RECOIN	2.0	39	6	22	1400	30800
LIANGS	2.0	50	6	22	1400	30800
STOUNS	1.0	23	6	22	1400	30800
TAWERS	1.0	43	6	22	1400	30800
DREARE	1.0	76	6	22	1400	30800
LEIRED	1.0	76	6	22	1400	30800
PINENE	1.0	23	6	22	1400	30800
MERLIN	1.0	31	6	22	1400	30800
STRUTS	2.0	29	6	22	1400	30800
ASTONIES	1.0	27	7	14	2200	30800
CHARAS	1.0	23	6	22	1400	30800
REFITS	1.0	36	6	22	1400	30800
BEANIE	1.0	28	6	22	1400	30800
SNORTY	1.0	36	6	22	1400	30800
HALIDS	1.0	24	6	22	1400	30800
TOINGS	1.0	41	6	22	1400	30800
STYRED	1.0	26	6	22	1400	30800
ALDRIN	1.0	31	6	22	1400	30800
RADIOS	1.0	47	6	22	1400	30800
PASTERN	2.0	34	7	17	1800	30600
DESALTS	1.0	31	7	17	1800	30600
TENSORS	1.0	46	7	17	1800	30600
SALLIED	2.0	25	7	17	1800	30600
BLISTER	2.0	24	7	17	1800	30600
MANTIES	1.0	36	7	17	1800	30600
WALIS	1.0	47	5	38	800	30400
MIROS	2.0	93	5	38	800	30400
GILTS	2.0	54	5	38	800	30400
TIPIS	1.0	45	5	38	800	30400
PAEAN	1.0	59	5	38	800	30400
ALUS	2.0	188	4	76	400	30400
HIPT	1.0	78	4	75	400	30000
SPOD	1.0	96	4	75	400	30000
FOLIE	1.0	42	5	37	800	29600
GRANA	1.0	66	5	37	800	29600
PACO	1.0	96	4	74	400	29600
DEGAS	1.0	103	5	37	800	29600
PHONS	1.0	38	5	37	800	29600
APART	2.0	69	5	37	800	29600
PENNI	2.0	49	5	37	800	29600
URPS	1.0	86	4	74	400	29600
VIERS	2.0	79	5	37	800	29600
PECAN	1.0	41	5	37	800	29600
PERUSE	1.0	35	6	21	1400	29400
RANDED	2.0	31	6	21	1400	29400
ADMIRE	1.0	22	6	21	1400	29400
REPONE	1.0	31	6	21	1400	29400
SPINET	1.0	55	6	21	1400	29400
TASSIE	1.0	67	6	21	1400	29400
PHEERS	1.0	23	6	21	1400	29400
LISLES	1.0	36	6	21	1400	29400
ANTARS	1.0	102	6	21	1400	29400
CEREAL	2.0	45	6	21	1400	29400
FIESTA	1.0	49	6	21	1400	29400
SIRRAS	1.0	42	6	21	1400	29400
FRACTS	1.0	23	6	21	1400	29400
PAREOS	1.0	66	6	21	1400	29400
SIEGED	2.0	25	6	21	1400	29400
PERNED	1.0	24	6	21	1400	29400
EARDED	1.0	27	6	21	1400	29400
ALBERT	1.0	24	6	21	1400	29400
PALATE	1.0	36	6	21	1400	29400
HOSTAS	1.0	51	6	21	1400	29400
YEAH	1.0	83	4	73	400	29200
TAHA	1.0	130	4	72	400	28800
ETICS	1.0	180	5	36	800	28800
TENTIER	1.0	38	7	16	1800	28800
PYRES	1.0	37	5	36	800	28800
BRIO	2.0	90	4	72	400	28800
IODINES	2.0	26	7	16	1800	28800
OYER	2.0	124	4	72	400	28800
DORSERS	1.0	17	7	16	1800	28800
EROSION	1.0	28	7	16	1800	28800
SINNETS	1.0	23	7	16	1800	28800
SHINIES	1.0	18	7	16	1800	28800
ESES	2.0	517	4	72	400	28800
RETABLE	1.0	19	7	16	1800	28800
EGRET	2.0	114	5	36	800	28800
STAIDER	1.0	83	7	16	1800	28800
BALTI	1.0	39	5	36	800	28800
REDACTS	1.0	18	7	16	1800	28800
TOCOS	1.0	43	5	36	800	28800
PRESENT	1.0	23	7	16	1800	28800
IRONY	2.0	49	5	36	800	28800
READD	2.0	60	5	36	800	28800
PIMA	1.0	77	4	72	400	28800
CAIRD	1.0	96	5	36	800	28800
NIGHS	2.0	57	5	36	800	28800
HOLLA	1.0	37	5	36	800	28800
HAEMS	1.0	78	5	36	800	28800
SILENTS	1.0	39	7	16	1800	28800
PANTIES	2.0	23	7	16	1800	28800
REPONES	1.0	22	7	16	1800	28800
ENTREATS	1.0	28	7	13	2200	28600
LATRINES	1.0	38	7	13	2200	28600
REINTERS	1.0	20	7	13	2200	28600
RASTERED	2.0	29	7	13	2200	28600
RESTRAIN	2.0	34	7	13	2200	28600
HOLP	1.0	72	4	71	400	28400
PERC	1.0	158	4	71	400	28400
EERY	1.0	108	4	71	400	28400
REEARN	1.0	65	6	20	1400	28000
HEIDS	2.0	96	5	35	800	28000
PANTOS	1.0	31	6	20	1400	28000
IODINS	1.0	29	6	20	1400	28000
MANTOS	2.0	39	6	20	1400	28000
UNRID	1.0	48	5	35	800	28000
CRUSET	1.0	34	6	20	1400	28000
FASTIE	2.0	44	6	20	1400	28000
RESIDS	1.0	68	6	20	1400	28000
AREPAS	1.0	69	6	20	1400	28000
SEWIN	1.0	71	5	35	800	28000
FELINE	1.0	25	6	20	1400	28000
BARON	2.0	66	5	35	800	28000
MARRIS	2.0	34	6	20	1400	28000
MENIAL	2.0	51	6	20	1400	28000
PELON	1.0	63	5	35	800	28000
TACHO	2.0	72	5	35	800	28000
SCEND	2.0	64	5	35	800	28000
EATERY	2.0	51	6	20	1400	28000
TEMED	1.0	81	5	35	800	28000
OYERS	2.0	63	5	35	800	28000
UNITED	1.0	54	6	20	1400	28000
DORSEL	2.0	78	6	20	1400	28000
UNITS	1.0	140	5	35	800	28000
ESNE	2.0	813	4	69	400	27600
OWLER	2.0	42	5	34	800	27200
LORIS	1.0	179	5	34	800	27200
AHING	1.0	89	5	34	800	27200
IDEES	1.0	177	5	34	800	27200
ACAI	2.0	129	4	68	400	27200
FENIS	2.0	96	5	34	800	27200
BREDE	1.0	51	5	34	800	27200
SALAT	1.0	167	5	34	800	27200
REEARNS	1.0	31	7	15	1800	27000
RONNIES	2.0	27	7	15	1800	27000
LINEATE	1.0	40	7	15	1800	27000
REMISED	1.0	21	7	15	1800	27000
HANDIER	1.0	16	7	15	1800	27000
NATCHES	2.0	20	7	15	1800	27000
REDEALS	2.0	31	7	15	1800	27000
RUNTIER	1.0	16	7	15	1800	27000
NESTLED	1.0	28	7	15	1800	27000
URINATE	1.0	28	7	15	1800	27000
POISERS	1.0	18	7	15	1800	27000
ARTISTS	1.0	29	7	15	1800	27000
MITERED	1.0	23	7	15	1800	27000
MAINEST	1.0	46	7	15	1800	27000
RECANES	1.0	37	7	15	1800	27000
TREEING	2.0	22	7	15	1800	27000
CRUISE	1.0	20	6	19	1400	26600
SILENT	2.0	108	6	19	1400	26600
LITHOS	1.0	26	6	19	1400	26600
CHINED	2.0	32	6	19	1400	26600
TONICS	1.0	31	6	19	1400	26600
SCEATT	1.0	24	6	19	1400	26600
CHILES	1.0	29	6	19	1400	26600
LEMONS	1.0	21	6	19	1400	26600
STARCH	2.0	45	6	19	1400	26600
TESTIS	2.0	112	6	19	1400	26600
STIPED	2.0	26	6	19	1400	26600
SHIEST	1.0	66	6	19	1400	26600
SLIPED	2.0	22	6	19	1400	26600
COOERS	2.0	26	6	19	1400	26600
SCRAES	2.0	67	6	19	1400	26600
REVET	1.0	44	5	33	800	26400
GUAN	1.0	75	4	66	400	26400
GLENS	2.0	76	5	33	800	26400
HONOR	2.0	58	5	33	800	26400
GRESE	1.0	116	5	33	800	26400
PIRLS	1.0	38	5	33	800	26400
SALLIERS	1.0	16	7	12	2200	26400
GRIOT	1.0	57	5	33	800	26400
LASERING	1.0	18	7	12	2200	26400
TUNIC	1.0	44	5	33	800	26400
TALLIERS	1.0	17	7	12	2200	26400
RATIONED	1.0	16	7	12	2200	26400
RAYNE	1.0	55	5	33	800	26400
CLAES	1.0	141	5	33	800	26400
DIDO	1.0	76	4	66	400	26400
LEVO	1.0	71	4	66	400	26400
NOEL	1.0	366	4	66	400	26400
RAMUS	1.0	52	5	32	800	25600
MULIE	1.0	35	5	32	800	25600
TRUG	2.0	75	4	64	400	25600
DHALS	1.0	37	5	32	800	25600
MARID	1.0	90	5	32	800	25600
LINGA	1.0	130	5	32	800	25600
GLOAT	1.0	37	5	32	800	25600
COREY	1.0	40	5	32	800	25600
GLED	2.0	129	4	64	400	25600
KNITS	1.0	37	5	32	800	25600
SLIPT	1.0	44	5	32	800	25600
PHEER	1.0	35	5	32	800	25600
GILAS	1.0	91	5	32	800	25600
INCEL	1.0	65	5	32	800	25600
SPAHI	1.0	55	5	32	800	25600
CHILE	2.0	52	5	32	800	25600
MUTIS	2.0	44	5	32	800	25600
APNEA	1.0	61	5	32	800	25600
YITE	2.0	160	4	64	400	25600
CANEH	1.0	98	5	32	800	25600
YONT	1.0	114	4	64	400	25600
ROSINED	1.0	44	7	14	1800	25200
THOLES	2.0	54	6	18	1400	25200
HEADIER	1.0	17	7	14	1800	25200
HOUTED	1.0	19	6	18	1400	25200
HOURIS	2.0	22	6	18	1400	25200
ADMIRES	1.0	15	7	14	1800	25200
DISTAIN	1.0	19	7	14	1800	25200
VOLTES	2.0	23	6	18	1400	25200
PATENTS	2.0	21	7	14	1800	25200
SPERRE	1.0	27	6	18	1400	25200
RATTANS	1.0	21	7	14	1800	25200
LIMNERS	1.0	15	7	14	1800	25200
CANTON	2.0	22	6	18	1400	25200
COPIER	1.0	20	6	18	1400	25200
ROTATES	1.0	73	7	14	1800	25200
SOLOED	1.0	23	6	18	1400	25200
SMORED	1.0	32	6	18	1400	25200
LAIRDS	1.0	41	6	18	1400	25200
SOMANS	1.0	25	6	18	1400	25200
GOALIE	1.0	21	6	18	1400	25200
DEMIES	1.0	34	6	18	1400	25200
PELONS	1.0	28	6	18	1400	25200
INGATE	2.0	101	6	18	1400	25200
TOTALED	1.0	19	7	14	1800	25200
RETRACE	2.0	27	7	14	1800	25200
TENSING	1.0	19	7	14	1800	25200
CHALOT	1.0	19	6	18	1400	25200
SPIRTED	1.0	16	7	14	1800	25200
BERRET	1.0	24	6	18	1400	25200
SHALOTS	1.0	18	7	14	1800	25200
TOLANS	1.0	82	6	18	1400	25200
SANNIES	1.0	25	7	14	1800	25200
RECANED	1.0	23	7	14	1800	25200
SHANTIS	1.0	20	7	14	1800	25200
SPIERED	1.0	17	7	14	1800	25200
MOSSIE	1.0	22	6	18	1400	25200
LEESING	1.0	17	7	14	1800	25200
ACTION	2.0	46	6	18	1400	25200
RINDED	1.0	22	6	18	1400	25200
CHINAS	2.0	24	6	18	1400	25200
OUMA	1.0	77	4	62	400	24800
DREYS	1.0	46	5	31	800	24800
SHARN	2.0	120	5	31	800	24800
EMAIL	2.0	107	5	31	800	24800
TUTOR	1.0	39	5	31	800	24800
TORCS	2.0	92	5	31	800	24800
WALIE	2.0	57	5	31	800	24800
BASEN	2.0	100	5	31	800	24800
FERAL	1.0	70	5	31	800	24800
YEED	1.0	64	4	62	400	24800
CREEL	1.0	69	5	31	800	24800
SNEB	2.0	171	4	62	400	24800
DIDOS	1.0	36	5	31	800	24800
VISNE	1.0	58	5	31	800	24800
DOSAS	1.0	45	5	31	800	24800
LAUDS	2.0	35	5	31	800	24800
NAKER	1.0	44	5	31	800	24800
SHALM	1.0	34	5	31	800	24800
CABRE	1.0	46	5	31	800	24800
AMOLE	1.0	61	5	31	800	24800
TONEY	1.0	66	5	31	800	24800
GORM	1.0	64	4	61	400	24400
ALEW	1.0	117	4	61	400	24400
MANEB	1.0	32	5	30	800	24000
AHOY	1.0	61	4	60	400	24000
TABUS	1.0	36	5	30	800	24000
LOUIS	1.0	39	5	30	800	24000
STIRK	1.0	43	5	30	800	24000
TURM	1.0	65	4	60	400	24000
WHEAR	2.0	42	5	30	800	24000
SILTY	1.0	38	5	30	800	24000
HERBS	1.0	34	5	30	800	24000
POORT	1.0	59	5	30	800	24000
NITTY	1.0	36	5	30	800	24000
SEEDY	1.0	31	5	30	800	24000
SPODE	1.0	44	5	30	800	24000
RADAR	1.0	34	5	30	800	24000
EYAS	2.0	146	4	60	400	24000
FELON	1.0	37	5	30	800	24000
RESOW	2.0	97	5	30	800	24000
SANGAS	1.0	20	6	17	1400	23800
WANIER	1.0	41	6	17	1400	23800
MORONS	2.0	25	6	17	1400	23800
ROINED	2.0	95	6	17	1400	23800
REGARS	1.0	53	6	17	1400	23800
SAVINE	1.0	20	6	17	1400	23800
LETTRE	1.0	42	6	17	1400	23800
PROLED	1.0	20	6	17	1400	23800
COSSET	1.0	32	6	17	1400	23800
SLANTY	1.0	19	6	17	1400	23800
STROVE	1.0	20	6	17	1400	23800
WESTIE	1.0	34	6	17	1400	23800
NARDED	1.0	29	6	17	1400	23800
ENLACE	1.0	26	6	17	1400	23800
ENTIRE	1.0	205	6	17	1400	23800
MODELS	1.0	21	6	17	1400	23800
SEPALS	2.0	34	6	17	1400	23800
GOATSE	1.0	52	6	17	1400	23800
LUMINE	1.0	19	6	17	1400	23800
SEINES	1.0	148	6	17	1400	23800
POTINS	2.0	42	6	17	1400	23800
SIVERS	1.0	18	6	17	1400	23800
FALSED	1.0	21	6	17	1400	23800
SERGER	2.0	42	6	17	1400	23800
REALMS	1.0	35	6	17	1400	23800
OUTROS	1.0	19	6	17	1400	23800
PIONER	2.0	49	6	17	1400	23800
FIERES	1.0	47	6	17	1400	23800
FIENDS	1.0	18	6	17	1400	23800
ECOD	2.0	140	4	59	400	23600
SLEY	2.0	145	4	59	400	23600
BATLERS	1.0	20	7	13	1800	23400
PEARLER	1.0	14	7	13	1800	23400
CARNIES	2.0	35	7	13	1800	23400
RECLOSE	1.0	14	7	13	1800	23400
SCARIER	1.0	22	7	13	1800	23400
DERRIES	1.0	21	7	13	1800	23400
TERNING	1.0	22	7	13	1800	23400
MAIDENS	1.0	17	7	13	1800	23400
REPLATE	1.0	16	7	13	1800	23400
DESIRES	2.0	41	7	13	1800	23400
ENTOILS	1.0	22	7	13	1800	23400
OUMAS	1.0	36	5	29	800	23200
LYTED	1.0	30	5	29	800	23200
CONEY	1.0	36	5	29	800	23200
LADLE	2.0	58	5	29	800	23200
PENIE	1.0	78	5	29	800	23200
ROMAL	1.0	72	5	29	800	23200
TEMPI	1.0	32	5	29	800	23200
INTRA	1.0	373	5	29	800	23200
MARRA	1.0	30	5	29	800	23200
TABU	2.0	79	4	58	400	23200
NAIK	1.0	71	4	58	400	23200
GLINT	2.0	70	5	29	800	23200
LIPAS	1.0	67	5	29	800	23200
DILDO	1.0	31	5	29	800	23200
REDED	1.0	65	5	29	800	23200
KNEES	1.0	30	5	29	800	23200
YELD	1.0	72	4	57	400	22800
TOOMER	2.0	22	6	16	1400	22400
LORDED	1.0	18	6	16	1400	22400
MALATE	1.0	27	6	16	1400	22400
SPREED	2.0	28	6	16	1400	22400
FUSTED	1.0	18	6	16	1400	22400
PAREO	2.0	173	5	28	800	22400
TOMANS	2.0	40	6	16	1400	22400
MUSETS	2.0	25	6	16	1400	22400
CHIRL	1.0	33	5	28	800	22400
CANTAR	1.0	47	6	16	1400	22400
CAIRNS	1.0	51	6	16	1400	22400
GENTIL	1.0	39	6	16	1400	22400
REALLY	1.0	22	6	16	1400	22400
CARGO	1.0	38	5	28	800	22400
COREYS	1.0	21	6	16	1400	22400
CREELS	1.0	26	6	16	1400	22400
BALTIS	1.0	17	6	16	1400	22400
APERY	1.0	38	5	28	800	22400
MOOI	2.0	75	4	56	400	22400
POTAES	1.0	71	6	16	1400	22400
HOSELS	1.0	38	6	16	1400	22400
RITUAL	1.0	25	6	16	1400	22400
BERTH	1.0	45	5	28	800	22400
MANUS	1.0	36	5	28	800	22400
TELOS	1.0	284	5	28	800	22400
SIDLED	1.0	18	6	16	1400	22400
SORDED	2.0	23	6	16	1400	22400
SHAH	2.0	81	4	56	400	22400
TUTORS	1.0	20	6	16	1400	22400
MEDAL	2.0	77	5	28	800	22400
DIEBS	1.0	30	5	28	800	22400
POORI	2.0	43	5	28	800	22400
FIATS	2.0	82	5	28	800	22400
URIALS	1.0	25	6	16	1400	22400
DORIC	1.0	58	5	28	800	22400
SHMO	1.0	69	4	56	400	22400
REGIE	1.0	84	5	28	800	22400
SABLED	2.0	22	6	16	1400	22400
SALUTE	1.0	48	6	16	1400	22400
MINIER	1.0	39	6	16	1400	22400
KADES	1.0	31	5	28	800	22400
RELOANED	1.0	12	7	10	2200	22000
HONESTER	1.0	21	7	10	2200	22000
FOID	1.0	62	4	55	400	22000
SANTERAS	2.0	25	7	10	2200	22000
DRAINERS	1.0	12	7	10	2200	22000
BIRL	2.0	59	4	55	400	22000
LITU	2.0	170	4	55	400	22000
CREATINS	2.0	19	7	10	2200	22000
CHOIL	1.0	33	5	27	800	21600
STENDED	1.0	14	7	12	1800	21600
SPIAL	2.0	77	5	27	800	21600
OCAS	1.0	253	4	54	400	21600
LINGIER	1.0	18	7	12	1800	21600
DORAD	1.0	70	5	27	800	21600
SILTIER	1.0	29	7	12	1800	21600
PAROLED	1.0	13	7	12	1800	21600
RELLIES	1.0	28	7	12	1800	21600
PRESALE	1.0	29	7	12	1800	21600
GILDS	2.0	29	5	27	800	21600
OWIES	1.0	53	5	27	800	21600
ACTIONS	1.0	29	7	12	1800	21600
SORDING	2.0	17	7	12	1800	21600
CALLA	1.0	32	5	27	800	21600
ACAIS	1.0	60	5	27	800	21600
GRENADE	1.0	16	7	12	1800	21600
TONSILS	1.0	15	7	12	1800	21600
PERPS	1.0	32	5	27	800	21600
ENOWS	1.0	38	5	27	800	21600
DREARES	1.0	43	7	12	1800	21600
HILLO	1.0	37	5	27	800	21600
REOILED	1.0	13	7	12	1800	21600
HIPSTER	1.0	13	7	12	1800	21600
SERVE	2.0	71	5	27	800	21600
NOSY	2.0	103	4	54	400	21600
OUTINGS	1.0	14	7	12	1800	21600
MOHR	2.0	91	4	54	400	21600
STAYRES	1.0	22	7	12	1800	21600
PROSERS	1.0	15	7	12	1800	21600
PIANS	1.0	82	5	27	800	21600
UNTO	2.0	185	4	53	400	21200
MOTU	1.0	73	4	53	400	21200
RACA	1.0	187	4	53	400	21200
DEIF	2.0	145	4	53	400	21200
SYLI	1.0	79	4	53	400	21200
GILA	2.0	209	4	53	400	21200
OCHRES	2.0	50	6	15	1400	21000
METING	1.0	48	6	15	1400	21000
CERING	2.0	44	6	15	1400	21000
EVILER	1.0	19	6	15	1400	21000
LOGINS	1.0	23	6	15	1400	21000
SPREDS	1.0	33	6	15	1400	21000
LOOSIE	2.0	37	6	15	1400	21000
PARDIE	1.0	29	6	15	1400	21000
MENING	1.0	17	6	15	1400	21000
RESORB	1.0	30	6	15	1400	21000
CHIRTS	2.0	46	6	15	1400	21000
OMENED	1.0	24	6	15	1400	21000
REDACT	2.0	37	6	15	1400	21000
DORMER	1.0	17	6	15	1400	21000
RECTAL	1.0	54	6	15	1400	21000
SPRENT	1.0	56	6	15	1400	21000
NONETS	1.0	76	6	15	1400	21000
HALLOT	1.0	18	6	15	1400	21000
LUNARS	1.0	29	6	15	1400	21000
PENIES	1.0	47	6	15	1400	21000
FINITE	1.0	20	6	15	1400	21000
FLANED	1.0	17	6	15	1400	21000
LASSIE	2.0	44	6	15	1400	21000
STIMED	2.0	61	6	15	1400	21000
ROOMIE	2.0	18	6	15	1400	21000
GAMIER	2.0	19	6	15	1400	21000
CURTER	1.0	20	6	15	1400	21000
VOIDER	1.0	18	6	15	1400	21000
TWIERS	2.0	39	6	15	1400	21000
PROINE	2.0	39	6	15	1400	21000
ALPINE	1.0	33	6	15	1400	21000
AMATED	1.0	25	6	15	1400	21000
REFIND	1.0	20	6	15	1400	21000
TRIFLE	1.0	16	6	15	1400	21000
CARDIA	1.0	19	6	15	1400	21000
SUTTLE	1.0	16	6	15	1400	21000
CEDAR	1.0	115	5	26	800	20800
ROTAN	1.0	339	5	26	800	20800
RABIS	2.0	65	5	26	800	20800
VIRAL	2.0	42	5	26	800	20800
LEPRA	1.0	82	5	26	800	20800
IDEE	1.0	260	4	52	400	20800
BAITH	1.0	37	5	26	800	20800
RADON	1.0	119	5	26	800	20800
TROAK	1.0	32	5	26	800	20800
LUNAR	1.0	67	5	26	800	20800
PERST	2.0	238	5	26	800	20800
URDE	2.0	205	4	52	400	20800
OVINE	2.0	38	5	26	800	20800
ATOMS	1.0	100	5	26	800	20800
POTAE	1.0	118	5	26	800	20800
RICHT	1.0	49	5	26	800	20800
PLIED	2.0	46	5	26	800	20800
FIERE	1.0	72	5	26	800	20800
LIMIT	1.0	38	5	26	800	20800
STYLI	1.0	32	5	26	800	20800
UNDEE	1.0	42	5	26	800	20800
COALA	1.0	27	5	26	800	20800
WRENS	2.0	69	5	26	800	20800
NITRY	1.0	68	5	26	800	20800
LOGAN	1.0	60	5	26	800	20800
SANTO	2.0	258	5	26	800	20800
PATU	2.0	104	4	52	400	20800
PHT	1.0	228	3	207	100	20700
BUNA	1.0	62	4	51	400	20400
KESH	2.0	66	4	51	400	20400
RUGA	1.0	64	4	51	400	20400
NONET	1.0	151	5	25	800	20000
SIGMA	1.0	32	5	25	800	20000
KNAR	1.0	80	4	50	400	20000
HYLES	1.0	33	5	25	800	20000
MOUES	1.0	44	5	25	800	20000
OLEA	2.0	501	4	50	400	20000
LEGIT	2.0	67	5	25	800	20000
HOOSH	1.0	31	5	25	800	20000
NAPAS	1.0	36	5	25	800	20000
MACHI	1.0	31	5	25	800	20000
HOIED	1.0	72	5	25	800	20000
MASU	2.0	130	4	50	400	20000
SPICA	1.0	34	5	25	800	20000
SEPTS	1.0	104	5	25	800	20000
DONOR	2.0	55	5	25	800	20000
DEAVE	1.0	27	5	25	800	20000
SALUE	1.0	91	5	25	800	20000
FAUTS	1.0	29	5	25	800	20000
CULET	1.0	45	5	25	800	20000
BASSI	1.0	26	5	25	800	20000
DUARS	1.0	59	5	25	800	20000
FRANC	1.0	29	5	25	800	20000
FOIDS	1.0	27	5	25	800	20000
TOCO	2.0	116	4	50	400	20000
ALCO	1.0	162	4	50	400	20000
ENDINGS	1.0	13	7	11	1800	19800
RESISTED	1.0	14	7	9	2200	19800
ELASTIC	1.0	26	7	11	1800	19800
SALIENTS	2.0	15	7	9	2200	19800
SOLIDER	1.0	29	7	11	1800	19800
TITLERS	2.0	26	7	11	1800	19800
ROOTIES	1.0	33	7	11	1800	19800
SHORTIES	1.0	12	7	9	2200	19800
DAINTIES	1.0	10	7	9	2200	19800
GLOATER	1.0	13	7	11	1800	19800
SOLACES	1.0	13	7	11	1800	19800
VASTIER	1.0	15	7	11	1800	19800
NESTLES	2.0	20	7	11	1800	19800
CLARTED	2.0	18	7	11	1800	19800
MATINEE	1.0	16	7	11	1800	19800
HEASTES	2.0	41	7	11	1800	19800
FAINEST	1.0	21	7	11	1800	19800
GOOLIES	1.0	12	7	11	1800	19800
RECHATE	2.0	19	7	11	1800	19800
CARLINES	1.0	10	7	9	2200	19800
STRANGLE	1.0	12	7	9	2200	19800
SEDATER	1.0	71	7	11	1800	19800
REMANDS	1.0	20	7	11	1800	19800
RECHEAT	1.0	13	7	11	1800	19800
COLLIES	2.0	14	7	11	1800	19800
HONORED	1.0	19	7	11	1800	19800
MESHING	2.0	15	7	11	1800	19800
TOWSERS	1.0	14	7	11	1800	19800
CANINES	1.0	15	7	11	1800	19800
DINGIER	1.0	13	7	11	1800	19800
SNOOLED	1.0	16	7	11	1800	19800
MORTARS	1.0	13	7	11	1800	19800
TRESSING	2.0	13	7	9	2200	19800
REMOTER	1.0	14	7	11	1800	19800
OTTERING	1.0	11	7	9	2200	19800
BLASTIE	1.0	17	7	11	1800	19800
HYLE	1.0	66	4	49	400	19600
BREERS	1.0	15	6	14	1400	19600
FIRIES	2.0	23	6	14	1400	19600
CANEHS	1.0	43	6	14	1400	19600
COURIE	1.0	21	6	14	1400	19600
ASCEND	1.0	30	6	14	1400	19600
MOBLES	1.0	15	6	14	1400	19600
LININS	1.0	21	6	14	1400	19600
REMOLD	1.0	15	6	14	1400	19600
HARMIN	1.0	20	6	14	1400	19600
AIRIER	1.0	46	6	14	1400	19600
GRISTS	1.0	19	6	14	1400	19600
SEAMEN	1.0	50	6	14	1400	19600
MERING	2.0	49	6	14	1400	19600
CENSES	1.0	25	6	14	1400	19600
SPOUSE	1.0	16	6	14	1400	19600
GOOLIE	1.0	15	6	14	1400	19600
BETTAS	2.0	17	6	14	1400	19600
EMENDS	2.0	21	6	14	1400	19600
OILERY	1.0	17	6	14	1400	19600
CEDARS	1.0	59	6	14	1400	19600
GLOATS	1.0	18	6	14	1400	19600
STRAGS	1.0	33	6	14	1400	19600
BIASES	1.0	17	6	14	1400	19600
RYOT	1.0	101	4	49	400	19600
SADDIE	2.0	19	6	14	1400	19600
PATINA	1.0	37	6	14	1400	19600
BAHTS	1.0	40	5	24	800	19200
VITAL	2.0	40	5	24	800	19200
ROILY	2.0	33	5	24	800	19200
BURET	2.0	52	5	24	800	19200
FIRIE	2.0	35	5	24	800	19200
MOTUS	1.0	36	5	24	800	19200
TWIER	2.0	66	5	24	800	19200
REIFS	2.0	80	5	24	800	19200
ORFES	2.0	71	5	24	800	19200
NARY	1.0	156	4	48	400	19200
ANIMA	1.0	108	5	24	800	19200
VOILE	1.0	25	5	24	800	19200
OLPE	1.0	140	4	48	400	19200
RYOTS	1.0	48	5	24	800	19200
SPECS	1.0	31	5	24	800	19200
KADE	1.0	52	4	48	400	19200
PENED	1.0	59	5	24	800	19200
GENAL	1.0	109	5	24	800	19200
GLENT	2.0	62	5	24	800	19200
FROND	1.0	34	5	24	800	19200
WEID	2.0	92	4	48	400	19200
MISOS	2.0	29	5	24	800	19200
SHMOE	1.0	32	5	24	800	19200
MUIRS	1.0	33	5	24	800	19200
MABES	1.0	44	5	24	800	19200
EVILS	2.0	40	5	24	800	19200
LASSO	2.0	79	5	24	800	19200
BAHT	2.0	69	4	47	400	18800
SHIMS	2.0	26	5	23	800	18400
LATHY	1.0	32	5	23	800	18400
DRICE	1.0	75	5	23	800	18400
OAKER	1.0	37	5	23	800	18400
TALCS	1.0	84	5	23	800	18400
ODAL	2.0	236	4	46	400	18400
LABOR	1.0	46	5	23	800	18400
RUDIS	2.0	46	5	23	800	18400
OOSES	1.0	83	5	23	800	18400
NEEM	1.0	195	4	46	400	18400
SUID	2.0	110	4	46	400	18400
LUNET	2.0	67	5	23	800	18400
MOSEY	1.0	31	5	23	800	18400
COPAL	1.0	28	5	23	800	18400
GLEET	1.0	49	5	23	800	18400
MASA	2.0	139	4	46	400	18400
AIDA	1.0	223	4	46	400	18400
CLEMS	1.0	30	5	23	800	18400
ANNA	2.0	78	4	46	400	18400
AMAH	1.0	73	4	46	400	18400
CODON	1.0	27	5	23	800	18400
CROTON	1.0	20	6	13	1400	18200
NACRED	1.0	52	6	13	1400	18200
GALLET	1.0	17	6	13	1400	18200
AIRTED	1.0	183	6	13	1400	18200
LISPED	1.0	17	6	13	1400	18200
ENCODE	1.0	16	6	13	1400	18200
ESTROS	1.0	165	6	13	1400	18200
UNDATE	1.0	28	6	13	1400	18200
TORSOS	1.0	17	6	13	1400	18200
HARMER	1.0	20	6	13	1400	18200
PULERS	1.0	17	6	13	1400	18200
TITLED	2.0	33	6	13	1400	18200
EMAILS	2.0	44	6	13	1400	18200
READDS	2.0	23	6	13	1400	18200
TALLET	1.0	37	6	13	1400	18200
BRONDE	1.0	26	6	13	1400	18200
TANGAS	2.0	33	6	13	1400	18200
REVIED	1.0	24	6	13	1400	18200
REVOLT	1.0	17	6	13	1400	18200
POTING	2.0	23	6	13	1400	18200
GUSTED	2.0	18	6	13	1400	18200
TONGUE	1.0	16	6	13	1400	18200
CAPLES	2.0	17	6	13	1400	18200
DEPOSE	1.0	28	6	13	1400	18200
SPINAS	1.0	19	6	13	1400	18200
SPOOTS	1.0	16	6	13	1400	18200
REGIES	1.0	41	6	13	1400	18200
GLINTS	1.0	33	6	13	1400	18200
PIONED	1.0	27	6	13	1400	18200
MORTAR	2.0	31	6	13	1400	18200
FRIGES	1.0	15	6	13	1400	18200
HENNER	1.0	17	6	13	1400	18200
STREEK	1.0	16	6	13	1400	18200
CREATINES	2.0	15	7	7	2600	18200
PINNET	2.0	23	6	13	1400	18200
CREASY	1.0	15	6	13	1400	18200
ARMORS	1.0	18	6	13	1400	18200
CORRIE	1.0	24	6	13	1400	18200
FERRET	1.0	20	6	13	1400	18200
TIEING	2.0	38	6	13	1400	18200
DISSENT	1.0	18	7	10	1800	18000
SPEIRED	2.0	13	7	10	1800	18000
HARMINE	1.0	15	7	10	1800	18000
STOWRES	1.0	11	7	10	1800	18000
INGATES	2.0	56	7	10	1800	18000
RESOUND	1.0	12	7	10	1800	18000
CARPETS	1.0	19	7	10	1800	18000
UNITERS	1.0	41	7	10	1800	18000
BALLETS	2.0	12	7	10	1800	18000
LANTERN	1.0	32	7	10	1800	18000
EARDING	1.0	22	7	10	1800	18000
SIEGERS	1.0	13	7	10	1800	18000
DASHIER	1.0	18	7	10	1800	18000
RESHAPE	1.0	12	7	10	1800	18000
LAIRING	2.0	16	7	10	1800	18000
PROTEIN	1.0	21	7	10	1800	18000
PSIS	1.0	90	4	45	400	18000
SHOOTIE	2.0	15	7	10	1800	18000
PINENES	1.0	11	7	10	1800	18000
TAMINGS	1.0	11	7	10	1800	18000
REINING	1.0	16	7	10	1800	18000
GOALIES	1.0	12	7	10	1800	18000
LETTRES	1.0	21	7	10	1800	18000
SOLACED	2.0	13	7	10	1800	18000
DESINES	1.0	43	7	10	1800	18000
READIER	1.0	30	7	10	1800	18000
GROINED	2.0	15	7	10	1800	18000
PALATES	1.0	17	7	10	1800	18000
ESTATED	2.0	50	7	10	1800	18000
STILETS	1.0	26	7	10	1800	18000
MOUE	2.0	74	4	45	400	18000
DERANGE	1.0	19	7	10	1800	18000
STANING	1.0	11	7	10	1800	18000
TALLISH	1.0	14	7	10	1800	18000
HAUD	1.0	48	4	45	400	18000
LEIRING	1.0	15	7	10	1800	18000
DIRECTS	1.0	24	7	10	1800	18000
KARN	1.0	61	4	45	400	18000
CORRIES	1.0	18	7	10	1800	18000
RELEARN	1.0	12	7	10	1800	18000
LADLERS	1.0	11	7	10	1800	18000
STARETS	2.0	96	7	10	1800	18000
NTH	2.0	641	3	178	100	17800
PICAS	2.0	32	5	22	800	17600
REMAINED	1.0	11	7	8	2200	17600
STARTLES	2.0	12	7	8	2200	17600
TRUGS	2.0	26	5	22	800	17600
STARTLER	1.0	10	7	8	2200	17600
RANGIEST	1.0	14	7	8	2200	17600
ABUTS	1.0	35	5	22	800	17600
SODAS	1.0	66	5	22	800	17600
MUONS	1.0	32	5	22	800	17600
ASTRINGE	1.0	18	7	8	2200	17600
NERDY	1.0	35	5	22	800	17600
REMAINER	1.0	10	7	8	2200	17600
DEFIS	2.0	49	5	22	800	17600
GLUTS	1.0	30	5	22	800	17600
CAPRI	1.0	39	5	22	800	17600
NOILY	1.0	33	5	22	800	17600
AMIR	2.0	271	4	44	400	17600
PAULS	2.0	29	5	22	800	17600
GENIE	2.0	132	5	22	800	17600
BAIRN	1.0	55	5	22	800	17600
ALOWE	1.0	27	5	22	800	17600
RETINOLS	1.0	19	7	8	2200	17600
IDLED	2.0	50	5	22	800	17600
GEIST	2.0	173	5	22	800	17600
OMBRE	1.0	27	5	22	800	17600
LEUDS	2.0	35	5	22	800	17600
HOORD	1.0	48	5	22	800	17600
OWIE	1.0	84	4	44	400	17600
GREY	1.0	56	4	44	400	17600
CREATINE	2.0	23	7	8	2200	17600
SYNED	1.0	49	5	22	800	17600
DETAINED	2.0	11	7	8	2200	17600
BINER	2.0	75	5	22	800	17600
SEGOS	1.0	41	5	22	800	17600
MACHO	1.0	24	5	22	800	17600
RIVAS	1.0	33	5	22	800	17600
INTRO	2.0	277	5	22	800	17600
LOCOS	1.0	34	5	22	800	17600
NIDED	1.0	66	5	22	800	17600
FRACT	2.0	37	5	22	800	17600
HAREM	2.0	115	5	22	800	17600
TAILLIES	1.0	9	7	8	2200	17600
TOHOS	1.0	67	5	22	800	17600
DEFO	2.0	63	4	43	400	17200
OOH	1.0	308	3	172	100	17200
POCO	1.0	49	4	43	400	17200
KNEE	1.0	44	4	43	400	17200
DUED	2.0	60	4	43	400	17200
NURL	1.0	75	4	43	400	17200
NOUP	1.0	55	4	43	400	17200
DERV	1.0	106	4	43	400	17200
LOTUS	2.0	50	5	21	800	16800
BOARTS	1.0	29	6	12	1400	16800
LIPA	2.0	152	4	42	400	16800
CLINTS	2.0	25	6	12	1400	16800
RADONS	1.0	45	6	12	1400	16800
SHIRRS	1.0	14	6	12	1400	16800
WASTEL	1.0	31	6	12	1400	16800
SNARY	1.0	64	5	21	800	16800
PRIMA	1.0	32	5	21	800	16800
TOHO	1.0	136	4	42	400	16800
TRUING	1.0	19	6	12	1400	16800
NOUSES	2.0	26	6	12	1400	16800
LICIT	1.0	45	5	21	800	16800
ROTANS	1.0	161	6	12	1400	16800
RANDY	1.0	29	5	21	800	16800
SMOLT	1.0	46	5	21	800	16800
LEPRAS	1.0	36	6	12	1400	16800
LATHI	1.0	109	5	21	800	16800
BRIAR	1.0	35	5	21	800	16800
RECHIE	1.0	20	6	12	1400	16800
SALUED	1.0	35	6	12	1400	16800
GRAPH	1.0	33	5	21	800	16800
HODDEN	1.0	14	6	12	1400	16800
GIRTED	1.0	33	6	12	1400	16800
HILLOS	1.0	17	6	12	1400	16800
MOHOS	1.0	33	5	21	800	16800
HERY	2.0	109	4	42	400	16800
HEROIN	1.0	59	6	12	1400	16800
POTTO	1.0	22	5	21	800	16800
DUSTED	2.0	17	6	12	1400	16800
SOFA	2.0	66	4	42	400	16800
VEALES	2.0	17	6	12	1400	16800
BARONS	1.0	26	6	12	1400	16800
FRIARS	1.0	17	6	12	1400	16800
FRISTS	1.0	17	6	12	1400	16800
WALIER	2.0	26	6	12	1400	16800
SAMAN	1.0	59	5	21	800	16800
DREARY	1.0	13	6	12	1400	16800
TRESTS	2.0	112	6	12	1400	16800
HEARTY	2.0	23	6	12	1400	16800
SAIMIN	2.0	25	6	12	1400	16800
YEARNS	2.0	25	6	12	1400	16800
BASSO	2.0	26	5	21	800	16800
SEPAD	1.0	91	5	21	800	16800
CAMEOS	2.0	18	6	12	1400	16800
DICIER	1.0	18	6	12	1400	16800
HAUTER	1.0	33	6	12	1400	16800
BALLET	2.0	15	6	12	1400	16800
TABIS	1.0	53	5	21	800	16800
GRISES	2.0	43	6	12	1400	16800
NOBLES	2.0	26	6	12	1400	16800
SHASH	1.0	25	5	21	800	16800
VINO	2.0	73	4	41	400	16400
ALSO	1.0	398	4	41	400	16400
ALFS	2.0	92	4	41	400	16400
FELINES	1.0	12	7	9	1800	16200
MATTINS	1.0	10	7	9	1800	16200
TERRAIN	1.0	25	7	9	1800	16200
HOSTILE	1.0	22	7	9	1800	16200
CREATOR	1.0	17	7	9	1800	16200
TOADIES	1.0	22	7	9	1800	16200
MATURES	1.0	14	7	9	1800	16200
PEARLIN	2.0	14	7	9	1800	16200
LINNETS	1.0	14	7	9	1800	16200
FEESING	1.0	10	7	9	1800	16200
GINNIER	1.0	10	7	9	1800	16200
CHOOSER	1.0	11	7	9	1800	16200
SITREPS	1.0	17	7	9	1800	16200
SCALDER	1.0	11	7	9	1800	16200
DEVISER	1.0	14	7	9	1800	16200
ORPINES	1.0	18	7	9	1800	16200
HENNIER	1.0	11	7	9	1800	16200
SERRIED	1.0	18	7	9	1800	16200
CARROTS	2.0	17	7	9	1800	16200
WITTERS	1.0	11	7	9	1800	16200
ARCHERS	2.0	14	7	9	1800	16200
MEASLED	1.0	11	7	9	1800	16200
MERLINS	1.0	12	7	9	1800	16200
REBATED	2.0	11	7	9	1800	16200
ELAPSES	1.0	14	7	9	1800	16200
CHANTIE	1.0	16	7	9	1800	16200
DREADER	2.0	13	7	9	1800	16200
SEARCES	1.0	22	7	9	1800	16200
IRONISE	1.0	39	7	9	1800	16200
RERISES	1.0	26	7	9	1800	16200
CANTONS	1.0	11	7	9	1800	16200
SNORING	1.0	11	7	9	1800	16200
WORRIES	1.0	12	7	9	1800	16200
BERRETS	1.0	12	7	9	1800	16200
SHEATHE	1.0	11	7	9	1800	16200
TENDONS	1.0	17	7	9	1800	16200
CARLINE	2.0	17	7	9	1800	16200
MUSTIER	1.0	10	7	9	1800	16200
DILLIES	1.0	11	7	9	1800	16200
CARLINS	1.0	10	7	9	1800	16200
SOLDIER	2.0	20	7	9	1800	16200
DESINED	1.0	22	7	9	1800	16200
COHOS	1.0	34	5	20	800	16000
RIVO	2.0	70	4	40	400	16000
REALM	2.0	112	5	20	800	16000
FRAU	2.0	53	4	40	400	16000
FUSEE	1.0	24	5	20	800	16000
TURMS	1.0	23	5	20	800	16000
RAYAS	1.0	21	5	20	800	16000
BARRO	1.0	27	5	20	800	16000
DISC	1.0	154	4	40	400	16000
GESSE	1.0	34	5	20	800	16000
CLOOT	1.0	23	5	20	800	16000
SAULT	2.0	59	5	20	800	16000
BROND	1.0	41	5	20	800	16000
SWOLE	1.0	21	5	20	800	16000
REFIT	2.0	62	5	20	800	16000
PILEI	1.0	46	5	20	800	16000
HADED	2.0	34	5	20	800	16000
CHESS	2.0	37	5	20	800	16000
PISOS	1.0	27	5	20	800	16000
IMPEL	1.0	30	5	20	800	16000
TABOO	1.0	24	5	20	800	16000
CHEMO	1.0	26	5	20	800	16000
SPALD	1.0	40	5	20	800	16000
DUMAS	1.0	25	5	20	800	16000
LOBI	2.0	62	4	40	400	16000
DUMA	1.0	48	4	40	400	16000
SPELD	1.0	39	5	20	800	16000
YARRS	2.0	32	5	20	800	16000
YOND	2.0	57	4	40	400	16000
ROSY	2.0	116	4	40	400	16000
BHAT	1.0	75	4	39	400	15600
INTERNETS	1.0	8	7	6	2600	15600
SCRY	1.0	43	4	39	400	15600
RETAINERS	2.0	14	7	6	2600	15600
GITTED	1.0	14	6	11	1400	15400
ACTIONER	1.0	14	7	7	2200	15400
CHEMOS	1.0	15	6	11	1400	15400
MARORS	1.0	30	6	11	1400	15400
MURINE	1.0	15	6	11	1400	15400
CHOILS	1.0	14	6	11	1400	15400
PEANUT	1.0	13	6	11	1400	15400
MARRAS	1.0	12	6	11	1400	15400
RAHING	1.0	39	6	11	1400	15400
ALTERNES	1.0	10	7	7	2200	15400
SORNER	2.0	83	6	11	1400	15400
SNAWED	1.0	16	6	11	1400	15400
SILENTER	1.0	19	7	7	2200	15400
CAPOTS	1.0	16	6	11	1400	15400
DEMAND	1.0	32	6	11	1400	15400
DELOPE	1.0	14	6	11	1400	15400
VAINER	2.0	36	6	11	1400	15400
DORRED	2.0	19	6	11	1400	15400
SODDIE	1.0	13	6	11	1400	15400
INTEREST	1.0	40	7	7	2200	15400
SHANTIES	1.0	8	7	7	2200	15400
MELDER	1.0	16	6	11	1400	15400
MIRAGE	1.0	16	6	11	1400	15400
INCELS	1.0	26	6	11	1400	15400
ENLISTED	1.0	10	7	7	2200	15400
CULETS	1.0	17	6	11	1400	15400
HURTER	1.0	16	6	11	1400	15400
HOTTERED	1.0	8	7	7	2200	15400
RADDLE	1.0	14	6	11	1400	15400
MAIGRE	1.0	19	6	11	1400	15400
WROATH	1.0	13	6	11	1400	15400
STREEL	1.0	90	6	11	1400	15400
NOSHED	2.0	29	6	11	1400	15400
PETTIS	2.0	26	6	11	1400	15400
CAGIER	1.0	18	6	11	1400	15400
COOSIN	2.0	17	6	11	1400	15400
CODEIN	1.0	32	6	11	1400	15400
CLOTHS	2.0	21	6	11	1400	15400
PENNER	2.0	17	6	11	1400	15400
TAKINS	1.0	12	6	11	1400	15400
CAMAN	2.0	32	5	19	800	15200
GREYS	1.0	23	5	19	800	15200
CENTU	1.0	43	5	19	800	15200
BETHS	2.0	48	5	19	800	15200
ADDLE	1.0	34	5	19	800	15200
HAIRY	1.0	24	5	19	800	15200
AMICE	1.0	61	5	19	800	15200
PINNA	2.0	28	5	19	800	15200
HORME	2.0	52	5	19	800	15200
REBID	2.0	45	5	19	800	15200
KATI	1.0	70	4	38	400	15200
KATIS	1.0	36	5	19	800	15200
KARNS	1.0	23	5	19	800	15200
LIMOS	2.0	52	5	19	800	15200
BLAH	1.0	68	4	38	400	15200
THUD	1.0	45	4	38	400	15200
CORSO	1.0	70	5	19	800	15200
VIRL	2.0	50	4	37	400	14800
RICY	1.0	43	4	37	400	14800
RENY	1.0	200	4	36	400	14400
BORAL	2.0	62	5	18	800	14400
RELAPSE	2.0	23	7	8	1800	14400
NACHO	2.0	55	5	18	800	14400
TRIFLES	1.0	9	7	8	1800	14400
APING	2.0	55	5	18	800	14400
MOISTEN	2.0	21	7	8	1800	14400
BUNAS	1.0	22	5	18	800	14400
MOERS	2.0	147	5	18	800	14400
WEIDS	2.0	36	5	18	800	14400
BEMA	2.0	85	4	36	400	14400
BALOO	1.0	21	5	18	800	14400
RESILED	1.0	40	7	8	1800	14400
BARDIER	1.0	13	7	8	1800	14400
MILOS	2.0	44	5	18	800	14400
SHERPAS	1.0	11	7	8	1800	14400
REMELTS	2.0	12	7	8	1800	14400
BIRLS	2.0	21	5	18	800	14400
BATTA	1.0	23	5	18	800	14400
REPOSTS	1.0	14	7	8	1800	14400
REPOSES	1.0	12	7	8	1800	14400
REPOSER	2.0	15	7	8	1800	14400
BEAUS	1.0	24	5	18	800	14400
TRESSED	1.0	31	7	8	1800	14400
ESCAPER	2.0	12	7	8	1800	14400
MANAT	2.0	80	5	18	800	14400
CULTI	1.0	22	5	18	800	14400
SECANTS	1.0	14	7	8	1800	14400
DONNEES	1.0	11	7	8	1800	14400
PUNTO	1.0	20	5	18	800	14400
PORAL	1.0	84	5	18	800	14400
DREEING	1.0	15	7	8	1800	14400
IRONING	1.0	10	7	8	1800	14400
CRORE	2.0	69	5	18	800	14400
DONDERS	2.0	13	7	8	1800	14400
TERMING	1.0	17	7	8	1800	14400
HARDENS	2.0	28	7	8	1800	14400
HALOING	1.0	9	7	8	1800	14400
GLAMS	2.0	23	5	18	800	14400
KERNS	1.0	31	5	18	800	14400
COTTIER	1.0	11	7	8	1800	14400
ROSINER	1.0	44	7	8	1800	14400
DOILY	1.0	20	5	18	800	14400
THIO	2.0	184	4	36	400	14400
PEPSI	1.0	28	5	18	800	14400
ROWND	2.0	29	5	18	800	14400
WONNERS	1.0	9	7	8	1800	14400
HASTY	2.0	46	5	18	800	14400
GENTILE	1.0	15	7	8	1800	14400
GADIS	2.0	44	5	18	800	14400
DESSE	2.0	119	5	18	800	14400
PRAO	1.0	179	4	36	400	14400
LARCHEN	1.0	9	7	8	1800	14400
OVELS	2.0	34	5	18	800	14400
GHATS	1.0	55	5	18	800	14400
PROMISE	1.0	9	7	8	1800	14400
DOAB	1.0	52	4	36	400	14400
DOCOS	1.0	29	5	18	800	14400
SEANCES	1.0	11	7	8	1800	14400
CORMS	1.0	32	5	18	800	14400
STIVERS	1.0	10	7	8	1800	14400
STORMER	2.0	15	7	8	1800	14400
TOING	2.0	122	5	18	800	14400
GREATEN	1.0	29	7	8	1800	14400
FERRETS	1.0	13	7	8	1800	14400
SOOLERS	1.0	12	7	8	1800	14400
CANTARS	1.0	19	7	8	1800	14400
LYTES	2.0	67	5	18	800	14400
SPITTEN	2.0	12	7	8	1800	14400
HOYAS	1.0	22	5	18	800	14400
CASSINE	1.0	14	7	8	1800	14400
CENSE	2.0	112	5	18	800	14400
YAHS	2.0	75	4	36	400	14400
WRISTER	1.0	9	7	8	1800	14400
CHARIOT	1.0	10	7	8	1800	14400
LOREL	1.0	108	5	18	800	14400
ORBED	2.0	44	5	18	800	14400
REALTOR	2.0	23	7	8	1800	14400
LOCHS	1.0	27	5	18	800	14400
ENCODER	1.0	11	7	8	1800	14400
SATCHEL	1.0	9	7	8	1800	14400
LISPERS	2.0	16	7	8	1800	14400
BAIRNS	1.0	18	6	10	1400	14000
AWOL	1.0	47	4	35	400	14000
MOHO	1.0	53	4	35	400	14000
FOOTIE	1.0	14	6	10	1400	14000
EMOS	2.0	275	4	35	400	14000
AVOS	1.0	41	4	35	400	14000
SULLEN	1.0	11	6	10	1400	14000
INTROS	1.0	117	6	10	1400	14000
HELPER	1.0	17	6	10	1400	14000
ENAMEL	1.0	39	6	10	1400	14000
HELVED	1.0	11	6	10	1400	14000
SEWARS	1.0	26	6	10	1400	14000
AMICES	1.0	33	6	10	1400	14000
FORGER	1.0	11	6	10	1400	14000
OPINES	2.0	59	6	10	1400	14000
IMPELS	1.0	16	6	10	1400	14000
WHOLES	1.0	13	6	10	1400	14000
HYEN	1.0	82	4	35	400	14000
FLORIN	1.0	24	6	10	1400	14000
ANOW	1.0	96	4	35	400	14000
LAMINA	1.0	31	6	10	1400	14000
GEISTS	1.0	40	6	10	1400	14000
OWLERS	2.0	15	6	10	1400	14000
PARROT	1.0	15	6	10	1400	14000
TIYN	2.0	70	4	35	400	14000
TOASTY	1.0	15	6	10	1400	14000
GUSTIE	1.0	20	6	10	1400	14000
REBELS	1.0	13	6	10	1400	14000
RHIMES	1.0	20	6	10	1400	14000
GOONIE	1.0	13	6	10	1400	14000
SINGLY	2.0	16	6	10	1400	14000
RECUTS	2.0	26	6	10	1400	14000
TROUCH	1.0	11	6	10	1400	14000
REDEAR	1.0	70	6	10	1400	14000
TROAKS	1.0	14	6	10	1400	14000
TRASHY	1.0	24	6	10	1400	14000
CAIRDS	1.0	31	6	10	1400	14000
CABLED	1.0	11	6	10	1400	14000
TEDDIE	1.0	18	6	10	1400	14000
LEVINS	1.0	12	6	10	1400	14000
LEPERS	1.0	22	6	10	1400	14000
TELLAR	2.0	55	6	10	1400	14000
BENTOS	2.0	23	6	10	1400	14000
BERG	2.0	70	4	35	400	14000
WONNER	1.0	12	6	10	1400	14000
DERMAS	2.0	53	6	10	1400	14000
DEMAST	1.0	61	6	10	1400	14000
MOUSIE	2.0	14	6	10	1400	14000
DELF	1.0	85	4	35	400	14000
DECENT	1.0	15	6	10	1400	14000
STROWN	2.0	20	6	10	1400	14000
SMEARY	1.0	17	6	10	1400	14000
PUSLES	2.0	12	6	10	1400	14000
CUTINS	1.0	20	6	10	1400	14000
LENGER	1.0	27	6	10	1400	14000
SPUES	1.0	30	5	17	800	13600
HESPS	1.0	25	5	17	800	13600
GNAWS	2.0	25	5	17	800	13600
AUGH	1.0	41	4	34	400	13600
GORP	1.0	60	4	34	400	13600
YARNS	2.0	40	5	17	800	13600
PACAS	1.0	29	5	17	800	13600
FRAUS	1.0	20	5	17	800	13600
FLOOR	1.0	21	5	17	800	13600
BARNY	1.0	19	5	17	800	13600
VIRLS	1.0	24	5	17	800	13600
DISCO	1.0	55	5	17	800	13600
PREON	1.0	104	5	17	800	13600
DERRY	1.0	28	5	17	800	13600
ROWEL	2.0	35	5	17	800	13600
MENUS	2.0	44	5	17	800	13600
MEGA	2.0	93	4	34	400	13600
RABIC	1.0	21	5	17	800	13600
CLUES	1.0	28	5	17	800	13600
SKENS	1.0	18	5	17	800	13600
BOLAR	1.0	38	5	17	800	13600
TOGED	2.0	44	5	17	800	13600
CINCH	2.0	24	5	17	800	13600
CHIRR	1.0	21	5	17	800	13600
BOURN	1.0	19	5	17	800	13600
LUCRE	1.0	34	5	17	800	13600
REFEL	1.0	22	5	17	800	13600
BASIL	1.0	57	5	17	800	13600
TEMSE	1.0	141	5	17	800	13600
TARRY	2.0	35	5	17	800	13600
SWEIR	1.0	73	5	17	800	13600
ENEWS	1.0	49	5	17	800	13600
SOHUR	1.0	31	5	17	800	13600
ECU	1.0	280	3	134	100	13400
HEWN	2.0	49	4	33	400	13200
REGAINER	1.0	7	7	6	2200	13200
EPIC	1.0	98	4	33	400	13200
RESTORES	1.0	21	7	6	2200	13200
REALIGNS	1.0	9	7	6	2200	13200
ENEW	2.0	98	4	33	400	13200
PACA	2.0	60	4	33	400	13200
REMASTER	1.0	14	7	6	2200	13200
MEALIEST	1.0	14	7	6	2200	13200
RESISTER	1.0	14	7	6	2200	13200
CRANNIES	2.0	9	7	6	2200	13200
DILLIEST	1.0	7	7	6	2200	13200
SERINGAS	2.0	13	7	6	2200	13200
TRENDIER	1.0	12	7	6	2200	13200
SNOOTIER	2.0	10	7	6	2200	13200
EARNINGS	1.0	7	7	6	2200	13200
KISH	1.0	39	4	33	400	13200
HASTENER	2.0	19	7	6	2200	13200
RETILING	1.0	8	7	6	2200	13200
STENTING	1.0	8	7	6	2200	13200
SNY	2.0	261	3	131	100	13100
STRANGLER	1.0	6	7	5	2600	13000
INTERNIST	1.0	9	7	5	2600	13000
OPINE	2.0	108	5	16	800	12800
PRAOS	1.0	90	5	16	800	12800
NENES	2.0	155	5	16	800	12800
RECAP	2.0	77	5	16	800	12800
PHISH	1.0	21	5	16	800	12800
OLMS	1.0	98	4	32	400	12800
RIBAS	2.0	44	5	16	800	12800
PIPAS	1.0	20	5	16	800	12800
MINY	2.0	57	4	32	400	12800
GLOP	1.0	33	4	32	400	12800
WANLE	2.0	24	5	16	800	12800
BOLOS	2.0	24	5	16	800	12800
FILAR	1.0	58	5	16	800	12800
MERER	1.0	73	5	16	800	12800
DAKER	1.0	24	5	16	800	12800
MAROR	1.0	52	5	16	800	12800
MARLY	2.0	18	5	16	800	12800
ALONG	1.0	59	5	16	800	12800
MANNA	1.0	26	5	16	800	12800
FAUR	1.0	42	4	32	400	12800
FARCI	1.0	24	5	16	800	12800
WEEMS	1.0	21	5	16	800	12800
TREKS	2.0	42	5	16	800	12800
WRIER	1.0	34	5	16	800	12800
TUBAS	1.0	23	5	16	800	12800
DEMIT	1.0	111	5	16	800	12800
SWEDE	1.0	35	5	16	800	12800
LOAST	2.0	182	5	16	800	12800
EVET	2.0	66	4	32	400	12800
TUBAE	1.0	26	5	16	800	12800
DUCAT	1.0	23	5	16	800	12800
TANGY	1.0	20	5	16	800	12800
FLOES	1.0	46	5	16	800	12800
DADO	1.0	58	4	32	400	12800
MOBLE	1.0	17	5	16	800	12800
MIRY	2.0	49	4	32	400	12800
SPAED	2.0	100	5	16	800	12800
COLON	1.0	42	5	16	800	12800
CLAUT	1.0	20	5	16	800	12800
AIDAS	1.0	99	5	16	800	12800
SHALY	1.0	28	5	16	800	12800
FRAMES	2.0	14	6	9	1400	12600
WRANGS	1.0	12	6	9	1400	12600
REMATCH	1.0	8	7	7	1800	12600
SOBERED	1.0	8	7	7	1800	12600
FACETE	1.0	14	6	9	1400	12600
GAMINS	1.0	20	6	9	1400	12600
WORSING	1.0	8	7	7	1800	12600
FADIER	2.0	18	6	9	1400	12600
SPAILS	2.0	15	6	9	1400	12600
GAMETE	1.0	14	6	9	1400	12600
FAITHS	1.0	13	6	9	1400	12600
SPAHIS	1.0	17	6	9	1400	12600
HADDEN	1.0	15	6	9	1400	12600
PEANUTS	1.0	8	7	7	1800	12600
SALONS	1.0	39	6	9	1400	12600
FASTIES	2.0	22	7	7	1800	12600
SALICES	1.0	8	7	7	1800	12600
GENIES	2.0	61	6	9	1400	12600
GLANDES	1.0	10	7	7	1800	12600
ELOPER	2.0	25	6	9	1400	12600
SCREENS	2.0	12	7	7	1800	12600
ELICIT	1.0	28	6	9	1400	12600
BOULES	2.0	12	6	9	1400	12600
EARTHED	2.0	15	7	7	1800	12600
WELTED	2.0	15	6	9	1400	12600
LANKER	1.0	11	6	9	1400	12600
STASHIE	1.0	15	7	7	1800	12600
RUTTIER	1.0	10	7	7	1800	12600
DOODIES	1.0	8	7	7	1800	12600
SUNDERS	2.0	11	7	7	1800	12600
GABLES	2.0	14	6	9	1400	12600
HARPIN	2.0	15	6	9	1400	12600
WRISTS	2.0	14	6	9	1400	12600
HECTARE	1.0	15	7	7	1800	12600
STOUTH	1.0	16	6	9	1400	12600
PHAROS	1.0	21	6	9	1400	12600
PERMIES	1.0	10	7	7	1800	12600
HEIRING	2.0	11	7	7	1800	12600
PERMIE	1.0	16	6	9	1400	12600
YEASTY	1.0	10	6	9	1400	12600
SANDAL	1.0	17	6	9	1400	12600
PINNAE	1.0	12	6	9	1400	12600
HENNERS	1.0	9	7	7	1800	12600
HEROINS	1.0	28	7	7	1800	12600
RELATA	1.0	103	6	9	1400	12600
SOOTIER	1.0	26	7	7	1800	12600
BATTIER	2.0	10	7	7	1800	12600
BATTEN	2.0	18	6	9	1400	12600
SCARPER	1.0	11	7	7	1800	12600
SOONERS	2.0	24	7	7	1800	12600
SLOTHED	1.0	12	7	7	1800	12600
SOLOING	1.0	9	7	7	1800	12600
HOOLIE	1.0	23	6	9	1400	12600
HOORDS	1.0	18	6	9	1400	12600
HORDING	1.0	11	7	7	1800	12600
STUPED	2.0	11	6	9	1400	12600
SOLLERS	1.0	11	7	7	1800	12600
HOUNDER	2.0	9	7	7	1800	12600
PIONEER	1.0	12	7	7	1800	12600
STORMED	2.0	14	7	7	1800	12600
POTTOS	1.0	10	6	9	1400	12600
CHIRLS	1.0	11	6	9	1400	12600
SMITTEN	1.0	8	7	7	1800	12600
SIGHED	1.0	12	6	9	1400	12600
RECODES	2.0	9	7	7	1800	12600
MOSSIER	2.0	12	7	7	1800	12600
DEARIE	2.0	135	6	9	1400	12600
COHOST	1.0	16	6	9	1400	12600
RECLAIM	2.0	9	7	7	1800	12600
DEADEN	1.0	28	6	9	1400	12600
TELLINS	1.0	19	7	7	1800	12600
CEDERS	2.0	38	6	9	1400	12600
MANEHS	1.0	52	6	9	1400	12600
DANNIES	1.0	18	7	7	1800	12600
CAMANS	2.0	17	6	9	1400	12600
MARLINS	2.0	12	7	7	1800	12600
COLONS	1.0	23	6	9	1400	12600
MASHIE	1.0	16	6	9	1400	12600
REEFING	2.0	10	7	7	1800	12600
NATTILY	1.0	8	7	7	1800	12600
CUITER	1.0	36	6	9	1400	12600
CRONET	2.0	68	6	9	1400	12600
SHRIEK	1.0	12	6	9	1400	12600
CONINS	2.0	25	6	9	1400	12600
TOWIER	1.0	19	6	9	1400	12600
CREACH	1.0	24	6	9	1400	12600
NEALING	1.0	23	7	7	1800	12600
MENTION	1.0	8	7	7	1800	12600
SHINNED	1.0	9	7	7	1800	12600
METALED	1.0	16	7	7	1800	12600
COUSIN	1.0	13	6	9	1400	12600
COSTARD	1.0	10	7	7	1800	12600
RECITER	2.0	18	7	7	1800	12600
LUTINGS	1.0	11	7	7	1800	12600
CORNIER	1.0	10	7	7	1800	12600
DENSEST	1.0	26	7	7	1800	12600
REFIRE	1.0	14	6	9	1400	12600
TEAING	1.0	103	6	9	1400	12600
YILLED	1.0	10	6	9	1400	12600
TITCHIE	1.0	8	7	7	1800	12600
DESERTS	1.0	39	7	7	1800	12600
LIMITER	1.0	10	7	7	1800	12600
TONGAS	1.0	25	6	9	1400	12600
SLANES	2.0	119	6	9	1400	12600
DENTING	2.0	12	7	7	1800	12600
DIRTIES	1.0	24	7	7	1800	12600
DITHER	2.0	48	6	9	1400	12600
PRIMAS	1.0	15	6	9	1400	12600
WARREN	2.0	14	6	9	1400	12600
LOGIES	2.0	40	6	9	1400	12600
PRIMOS	2.0	15	6	9	1400	12600
LOOSIES	1.0	13	7	7	1800	12600
TINTIER	1.0	19	7	7	1800	12600
CENTRED	2.0	14	7	7	1800	12600
LOWNED	2.0	12	6	9	1400	12600
RIVALS	1.0	10	6	9	1400	12600
RARK	1.0	40	4	31	400	12400
BERM	1.0	69	4	31	400	12400
PLAP	2.0	47	4	31	400	12400
DUAN	2.0	100	4	31	400	12400
CROC	2.0	74	4	31	400	12400
GIRLY	2.0	21	5	15	800	12000
REAMY	1.0	30	5	15	800	12000
BIMAS	1.0	25	5	15	800	12000
ALCOS	1.0	56	5	15	800	12000
GANEV	1.0	23	5	15	800	12000
BIRTH	1.0	28	5	15	800	12000
HEADY	2.0	26	5	15	800	12000
MIHI	1.0	33	4	30	400	12000
GUSTO	1.0	27	5	15	800	12000
CEDER	2.0	67	5	15	800	12000
RATHA	2.0	127	5	15	800	12000
YULE	1.0	35	4	30	400	12000
PERCH	1.0	31	5	15	800	12000
BLENT	2.0	50	5	15	800	12000
GHOST	2.0	34	5	15	800	12000
RUING	1.0	41	5	15	800	12000
OKRA	1.0	58	4	30	400	12000
DEBUT	1.0	17	5	15	800	12000
SMEES	2.0	76	5	15	800	12000
DIRGE	1.0	51	5	15	800	12000
BRUSH	1.0	16	5	15	800	12000
DRAWL	1.0	25	5	15	800	12000
DREER	2.0	105	5	15	800	12000
TACTS	2.0	84	5	15	800	12000
WHIRL	1.0	16	5	15	800	12000
TUBAL	1.0	18	5	15	800	12000
KAIES	1.0	46	5	15	800	12000
LOGIE	2.0	64	5	15	800	12000
ROVEN	1.0	34	5	15	800	12000
WHORL	1.0	16	5	15	800	12000
LUMEN	1.0	20	5	15	800	12000
PUTON	1.0	19	5	15	800	12000
BARPS	1.0	21	5	15	800	12000
HOARY	2.0	20	5	15	800	12000
WRING	2.0	37	5	15	800	12000
URUS	1.0	37	4	30	400	12000
SUGAR	2.0	28	5	15	800	12000
BARMS	1.0	20	5	15	800	12000
HUGER	1.0	16	5	15	800	12000
ROPEY	1.0	22	5	15	800	12000
BOOH	1.0	34	4	30	400	12000
NOWED	1.0	28	5	15	800	12000
MAUND	1.0	18	5	15	800	12000
MEDIC	1.0	35	5	15	800	12000
YODS	1.0	35	4	29	400	11600
GORY	2.0	44	4	29	400	11600
FIDO	2.0	59	4	29	400	11600
PSST	1.0	91	4	29	400	11600
CAUM	1.0	57	4	29	400	11600
BLEY	1.0	38	4	29	400	11600
HILI	2.0	86	4	29	400	11600
AGAR	1.0	103	4	29	400	11600
MILF	1.0	41	4	29	400	11600
WEEM	2.0	39	4	29	400	11600
GRAINY	2.0	11	6	8	1400	11200
TOWIE	1.0	34	5	14	800	11200
SCRAG	1.0	34	5	14	800	11200
BOOLED	1.0	10	6	8	1400	11200
TRAGIC	1.0	9	6	8	1400	11200
ALLOY	1.0	24	5	14	800	11200
DAINTY	1.0	13	6	8	1400	11200
SCENDS	1.0	12	6	8	1400	11200
YONDER	1.0	14	6	8	1400	11200
REIK	1.0	102	4	28	400	11200
EVICT	1.0	16	5	14	800	11200
MARCEL	2.0	24	6	8	1400	11200
DANDLE	2.0	15	6	8	1400	11200
MURAS	2.0	47	5	14	800	11200
BARFS	1.0	15	5	14	800	11200
MENSAS	1.0	21	6	8	1400	11200
POLEY	1.0	24	5	14	800	11200
RESECT	1.0	56	6	8	1400	11200
FASHED	1.0	11	6	8	1400	11200
RECTOS	2.0	56	6	8	1400	11200
RISPED	2.0	32	6	8	1400	11200
SUINGS	1.0	12	6	8	1400	11200
OMBERS	2.0	12	6	8	1400	11200
MERCH	2.0	34	5	14	800	11200
HENDED	1.0	13	6	8	1400	11200
FIEND	2.0	40	5	14	800	11200
SEMPRE	1.0	15	6	8	1400	11200
YECH	1.0	34	4	28	400	11200
FILO	1.0	77	4	28	400	11200
FIRTHS	1.0	15	6	8	1400	11200
THEED	2.0	80	5	14	800	11200
MANTY	1.0	28	5	14	800	11200
BANDHS	1.0	9	6	8	1400	11200
MIDST	1.0	52	5	14	800	11200
LEDGES	2.0	11	6	8	1400	11200
DOMING	1.0	11	6	8	1400	11200
SECPAR	1.0	26	6	8	1400	11200
BREER	2.0	37	5	14	800	11200
BRIER	1.0	44	5	14	800	11200
BRIERS	1.0	23	6	8	1400	11200
TROPHY	1.0	10	6	8	1400	11200
ARMIES	2.0	77	6	8	1400	11200
CAIRN	1.0	110	5	14	800	11200
TAWSED	1.0	17	6	8	1400	11200
ARAISE	1.0	109	6	8	1400	11200
PRATY	1.0	22	5	14	800	11200
SLIDED	2.0	15	6	8	1400	11200
DEVORE	1.0	14	6	8	1400	11200
LOONIE	2.0	31	6	8	1400	11200
LOWSED	1.0	10	6	8	1400	11200
DECIDE	1.0	9	6	8	1400	11200
LUNETS	1.0	31	6	8	1400	11200
DEBURS	1.0	12	6	8	1400	11200
PROTON	2.0	12	6	8	1400	11200
DEAVES	1.0	10	6	8	1400	11200
SPOOM	1.0	17	5	14	800	11200
AWOLS	1.0	20	5	14	800	11200
LARCH	2.0	44	5	14	800	11200
BALDIE	2.0	13	6	8	1400	11200
OAFS	1.0	76	4	28	400	11200
CABLER	2.0	14	6	8	1400	11200
SNEBS	2.0	38	5	14	800	11200
MAIDED	2.0	11	6	8	1400	11200
VENAL	1.0	44	5	14	800	11200
BANDH	1.0	15	5	14	800	11200
PUCER	1.0	17	5	14	800	11200
HELMET	1.0	9	6	8	1400	11200
SOLIDS	2.0	24	6	8	1400	11200
CLOUDS	1.0	10	6	8	1400	11200
COIGN	1.0	38	5	14	800	11200
FORGES	2.0	12	6	8	1400	11200
PASTAS	1.0	16	6	8	1400	11200
FOULES	2.0	13	6	8	1400	11200
HEADED	2.0	14	6	8	1400	11200
BHOOTS	1.0	9	6	8	1400	11200
CLOTE	2.0	82	5	14	800	11200
HAWSED	2.0	10	6	8	1400	11200
TWIRED	1.0	13	6	8	1400	11200
COGIE	1.0	32	5	14	800	11200
CHORUS	1.0	12	6	8	1400	11200
CHASSE	2.0	16	6	8	1400	11200
FUSING	1.0	10	6	8	1400	11200
FRITH	2.0	30	5	14	800	11200
GEALED	2.0	19	6	8	1400	11200
PACIER	2.0	25	6	8	1400	11200
CLIPT	1.0	19	5	14	800	11200
CELLA	1.0	40	5	14	800	11200
UNISON	1.0	14	6	8	1400	11200
STEWY	1.0	21	5	14	800	11200
PENIAL	1.0	32	6	8	1400	11200
MOMI	1.0	44	4	28	400	11200
GAITED	1.0	34	6	8	1400	11200
SAUGH	1.0	17	5	14	800	11200
PARCEL	2.0	20	6	8	1400	11200
HAREMS	2.0	42	6	8	1400	11200
GOURD	2.0	18	5	14	800	11200
PARDON	2.0	21	6	8	1400	11200
FLIRTS	2.0	23	6	8	1400	11200
COMTES	2.0	27	6	8	1400	11200
CHOONS	1.0	13	6	8	1400	11200
CAUSED	2.0	16	6	8	1400	11200
GORSES	1.0	31	6	8	1400	11200
PEDALS	1.0	19	6	8	1400	11200
HECTOR	1.0	23	6	8	1400	11200
RARKED	1.0	9	6	8	1400	11200
BHEL	1.0	34	4	28	400	11200
GREWS	2.0	19	5	14	800	11200
REWON	2.0	55	5	14	800	11200
ALTERNAT	1.0	8	7	5	2200	11000
DEALINGS	1.0	7	7	5	2200	11000
EARTHING	1.0	11	7	5	2200	11000
CHARIOTS	1.0	7	7	5	2200	11000
STRIDERS	2.0	9	7	5	2200	11000
ROSINING	1.0	6	7	5	2200	11000
DREADERS	1.0	6	7	5	2200	11000
SATINIER	2.0	19	7	5	2200	11000
REALISER	1.0	12	7	5	2200	11000
DECANTER	1.0	6	7	5	2200	11000
STATIONS	2.0	18	7	5	2200	11000
PRALINES	1.0	8	7	5	2200	11000
UNDERSET	1.0	6	7	5	2200	11000
GREATENS	1.0	12	7	5	2200	11000
PARENTED	2.0	10	7	5	2200	11000
PRINTERS	2.0	8	7	5	2200	11000
DESIRING	1.0	8	7	5	2200	11000
RUSTINGS	1.0	6	7	5	2200	11000
LISTENED	2.0	18	7	5	2200	11000
RESHAPES	1.0	6	7	5	2200	11000
RELATING	2.0	15	7	5	2200	11000
CATERERS	2.0	8	7	5	2200	11000
RETRACES	2.0	14	7	5	2200	11000
HORNIEST	1.0	20	7	5	2200	11000
CREATING	2.0	11	7	5	2200	11000
RELISHES	1.0	6	7	5	2200	11000
CREATURE	1.0	6	7	5	2200	11000
RELINING	1.0	8	7	5	2200	11000
CHEATING	1.0	7	7	5	2200	11000
RELAPSES	1.0	9	7	5	2200	11000
ALIGNERS	2.0	11	7	5	2200	11000
ENTERING	1.0	7	7	5	2200	11000
TRANTING	1.0	6	7	5	2200	11000
SENDINGS	1.0	6	7	5	2200	11000
FROSTIER	1.0	6	7	5	2200	11000
RIVALED	2.0	8	7	6	1800	10800
SINGLET	1.0	14	7	6	1800	10800
DENOTED	1.0	11	7	6	1800	10800
METEORS	1.0	12	7	6	1800	10800
DEMENTS	1.0	17	7	6	1800	10800
CONSTER	1.0	33	7	6	1800	10800
CHIRTED	1.0	10	7	6	1800	10800
TEENING	1.0	10	7	6	1800	10800
MITTENS	1.0	10	7	6	1800	10800
COURIES	1.0	10	7	6	1800	10800
ABLEIST	2.0	11	7	6	1800	10800
COSY	2.0	52	4	27	400	10800
MANTRAS	1.0	8	7	6	1800	10800
RASPERS	1.0	8	7	6	1800	10800
RASHIES	2.0	18	7	6	1800	10800
CLEANSE	2.0	13	7	6	1800	10800
REDEARS	1.0	31	7	6	1800	10800
TOOTSIE	1.0	14	7	6	1800	10800
NAAM	1.0	92	4	27	400	10800
MARSHED	1.0	8	7	6	1800	10800
CANOERS	1.0	23	7	6	1800	10800
ALINING	1.0	7	7	6	1800	10800
MEDALET	1.0	8	7	6	1800	10800
TRACTOR	1.0	9	7	6	1800	10800
CINCHES	1.0	8	7	6	1800	10800
MEETING	1.0	9	7	6	1800	10800
WARDENS	2.0	10	7	6	1800	10800
WASHIER	2.0	11	7	6	1800	10800
CINEMAS	1.0	10	7	6	1800	10800
LUMINES	1.0	7	7	6	1800	10800
RASPING	2.0	8	7	6	1800	10800
DELOPES	1.0	9	7	6	1800	10800
MOUSTED	1.0	7	7	6	1800	10800
MURINES	1.0	10	7	6	1800	10800
RESCALE	2.0	17	7	6	1800	10800
SNIDIER	1.0	19	7	6	1800	10800
HELLERS	2.0	9	7	6	1800	10800
ELICITS	1.0	13	7	6	1800	10800
ELOPERS	1.0	7	7	6	1800	10800
ENCODES	1.0	8	7	6	1800	10800
ENTITLE	1.0	17	7	6	1800	10800
KAIE	1.0	76	4	27	400	10800
BANDIES	2.0	9	7	6	1800	10800
FRANTIC	1.0	7	7	6	1800	10800
PLUE	1.0	50	4	27	400	10800
PERMING	1.0	8	7	6	1800	10800
FORGERS	1.0	7	7	6	1800	10800
HEARTHS	2.0	18	7	6	1800	10800
PLOTTIE	1.0	7	7	6	1800	10800
SWATHES	1.0	7	7	6	1800	10800
WORLDER	1.0	7	7	6	1800	10800
FABLETS	1.0	7	7	6	1800	10800
SODDIER	1.0	8	7	6	1800	10800
FLOURED	2.0	8	7	6	1800	10800
SALUTED	1.0	18	7	6	1800	10800
REPOSED	1.0	9	7	6	1800	10800
VACATES	1.0	7	7	6	1800	10800
SONNIES	1.0	17	7	6	1800	10800
HELMETS	1.0	7	7	6	1800	10800
STROKEN	1.0	12	7	6	1800	10800
STROBED	2.0	8	7	6	1800	10800
STRIVEN	1.0	8	7	6	1800	10800
STRIVED	2.0	8	7	6	1800	10800
HARRIES	2.0	22	7	6	1800	10800
TWANGER	1.0	8	7	6	1800	10800
RELENTS	2.0	31	7	6	1800	10800
GILLERS	1.0	8	7	6	1800	10800
PARROTS	1.0	11	7	6	1800	10800
PRALINE	2.0	17	7	6	1800	10800
PARTIED	2.0	17	7	6	1800	10800
SPERRED	1.0	7	7	6	1800	10800
BREATHS	1.0	19	7	6	1800	10800
AMOTION	1.0	9	7	6	1800	10800
SADDLER	2.0	8	7	6	1800	10800
GUSTIER	1.0	9	7	6	1800	10800
UNDATES	1.0	16	7	6	1800	10800
DORMERS	1.0	7	7	6	1800	10800
NOSINGS	2.0	11	7	6	1800	10800
GUSTING	1.0	7	7	6	1800	10800
CABA	1.0	29	4	27	400	10800
RUSTLES	1.0	10	7	6	1800	10800
GASSIER	1.0	8	7	6	1800	10800
RENTALS	2.0	56	7	6	1800	10800
PARCELS	1.0	7	7	6	1800	10800
SAUCIER	1.0	10	7	6	1800	10800
PENDING	1.0	7	7	6	1800	10800
OVERING	2.0	9	7	6	1800	10800
HARPINS	1.0	9	7	6	1800	10800
GROUSER	1.0	7	7	6	1800	10800
YEH	1.0	186	3	105	100	10500
BHOOT	1.0	14	5	13	800	10400
PHONO	1.0	19	5	13	800	10400
MUIL	1.0	50	4	26	400	10400
FROGS	1.0	18	5	13	800	10400
RANGY	1.0	30	5	13	800	10400
SHAHS	1.0	15	5	13	800	10400
FORTY	1.0	14	5	13	800	10400
HABIT	1.0	20	5	13	800	10400
CLOUD	2.0	18	5	13	800	10400
TOPHS	2.0	38	5	13	800	10400
MOLTO	1.0	26	5	13	800	10400
SLAID	2.0	155	5	13	800	10400
ARROW	1.0	29	5	13	800	10400
WILIS	1.0	14	5	13	800	10400
PORTY	2.0	21	5	13	800	10400
BRACT	2.0	36	5	13	800	10400
DOUPS	2.0	17	5	13	800	10400
PLUES	1.0	28	5	13	800	10400
NOVEL	1.0	20	5	13	800	10400
MAUTS	2.0	47	5	13	800	10400
TEENY	2.0	41	5	13	800	10400
BAYES	1.0	15	5	13	800	10400
MAVEN	1.0	15	5	13	800	10400
ARTIC	1.0	163	5	13	800	10400
CANON	2.0	45	5	13	800	10400
PLEW	1.0	28	4	26	400	10400
LIBER	2.0	44	5	13	800	10400
SLEB	1.0	134	4	26	400	10400
WEEPS	1.0	14	5	13	800	10400
WRIES	1.0	84	5	13	800	10400
PREYS	1.0	24	5	13	800	10400
SAGOS	1.0	32	5	13	800	10400
FLEG	1.0	37	4	25	400	10000
AMMO	1.0	41	4	25	400	10000
NURR	1.0	53	4	25	400	10000
VOAR	1.0	61	4	25	400	10000
COCO	2.0	30	4	25	400	10000
CACA	2.0	51	4	25	400	10000
AGAS	2.0	95	4	25	400	10000
DAHL	1.0	95	4	25	400	10000
BLEARY	2.0	14	6	7	1400	9800
BELTED	2.0	9	6	7	1400	9800
REBORE	1.0	10	6	7	1400	9800
RESEWS	2.0	19	6	7	1400	9800
BODIES	2.0	22	6	7	1400	9800
BEINED	1.0	12	6	7	1400	9800
RELINK	1.0	8	6	7	1400	9800
RESHES	1.0	61	6	7	1400	9800
BRACTS	2.0	17	6	7	1400	9800
ARROWS	1.0	11	6	7	1400	9800
BOWSED	1.0	8	6	7	1400	9800
WARMEN	1.0	12	6	7	1400	9800
CADGER	1.0	8	6	7	1400	9800
VERSAL	1.0	33	6	7	1400	9800
TRYING	1.0	8	6	7	1400	9800
REGIVE	1.0	8	6	7	1400	9800
RECAPS	1.0	35	6	7	1400	9800
WAIRED	2.0	27	6	7	1400	9800
RHY	2.0	158	3	98	100	9800
STIFLE	1.0	17	6	7	1400	9800
LATELY	1.0	20	6	7	1400	9800
PHONOS	1.0	11	6	7	1400	9800
NUDIST	1.0	19	6	7	1400	9800
LAVEER	1.0	15	6	7	1400	9800
FISHED	1.0	8	6	7	1400	9800
PINNAS	2.0	14	6	7	1400	9800
SLOANS	1.0	40	6	7	1400	9800
FATTEN	2.0	14	6	7	1400	9800
FANDED	1.0	8	6	7	1400	9800
FABLET	1.0	9	6	7	1400	9800
SWAINS	1.0	14	6	7	1400	9800
SALLAD	1.0	12	6	7	1400	9800
WHIRRS	1.0	10	6	7	1400	9800
POLTED	2.0	18	6	7	1400	9800
ECHING	1.0	19	6	7	1400	9800
LETHES	2.0	45	6	7	1400	9800
LORELS	1.0	37	6	7	1400	9800
DONORS	1.0	24	6	7	1400	9800
FOAMER	2.0	9	6	7	1400	9800
LARDED	1.0	18	6	7	1400	9800
DOGIES	1.0	24	6	7	1400	9800
SNARLY	1.0	15	6	7	1400	9800
SCALLS	1.0	10	6	7	1400	9800
SAUCES	1.0	12	6	7	1400	9800
SPALLE	2.0	29	6	7	1400	9800
IMPLED	1.0	8	6	7	1400	9800
SPURTS	2.0	15	6	7	1400	9800
SOFTIE	1.0	15	6	7	1400	9800
GLIDED	1.0	8	6	7	1400	9800
SAPPLE	1.0	8	6	7	1400	9800
STEDES	2.0	79	6	7	1400	9800
GILLIE	1.0	9	6	7	1400	9800
SCERNE	1.0	39	6	7	1400	9800
STIRKS	1.0	10	6	7	1400	9800
FRITHS	1.0	15	6	7	1400	9800
KARATE	1.0	25	6	7	1400	9800
FRIDGE	1.0	8	6	7	1400	9800
WOODEN	1.0	10	6	7	1400	9800
OAKERS	1.0	14	6	7	1400	9800
MACHOS	1.0	8	6	7	1400	9800
HERDED	1.0	15	6	7	1400	9800
PRANGS	1.0	17	6	7	1400	9800
COMBES	1.0	14	6	7	1400	9800
CRIMED	1.0	9	6	7	1400	9800
TEWING	1.0	14	6	7	1400	9800
CREMES	2.0	14	6	7	1400	9800
CRAVEN	1.0	10	6	7	1400	9800
CRAVED	1.0	10	6	7	1400	9800
NACKET	1.0	13	6	7	1400	9800
COPALS	1.0	10	6	7	1400	9800
THONGS	2.0	11	6	7	1400	9800
NACHOS	2.0	28	6	7	1400	9800
PUTONS	1.0	8	6	7	1400	9800
COIGNS	1.0	18	6	7	1400	9800
TIDING	2.0	15	6	7	1400	9800
MOUSSE	1.0	11	6	7	1400	9800
WINDED	2.0	9	6	7	1400	9800
RAUNCH	1.0	10	6	7	1400	9800
TITANS	2.0	82	6	7	1400	9800
CLOOTS	1.0	8	6	7	1400	9800
CLAUTS	1.0	9	6	7	1400	9800
RABIES	1.0	36	6	7	1400	9800
MOOING	2.0	10	6	7	1400	9800
DAKERS	1.0	11	6	7	1400	9800
NELLIE	1.0	20	6	7	1400	9800
MAISTS	2.0	29	6	7	1400	9800
RUCHED	1.0	8	6	7	1400	9800
SIGHER	1.0	16	6	7	1400	9800
PRIMER	1.0	9	6	7	1400	9800
WISHES	1.0	8	6	7	1400	9800
NIDING	1.0	11	6	7	1400	9800
DEBUTS	1.0	8	6	7	1400	9800
SHROOM	1.0	11	6	7	1400	9800
DAWNED	1.0	8	6	7	1400	9800
NEAPED	1.0	24	6	7	1400	9800
ALIKE	1.0	23	5	12	800	9600
HELVE	1.0	15	5	12	800	9600
WALY	1.0	26	4	24	400	9600
USAGE	1.0	29	5	12	800	9600
BAUD	1.0	26	4	24	400	9600
BARP	2.0	57	4	24	400	9600
NOOBS	2.0	22	5	12	800	9600
IMPIS	1.0	21	5	12	800	9600
SLEYS	2.0	31	5	12	800	9600
RIMY	2.0	35	4	24	400	9600
VELES	2.0	33	5	12	800	9600
NABES	2.0	69	5	12	800	9600
VOID	2.0	35	4	24	400	9600
LEONE	1.0	101	5	12	800	9600
LUNGI	1.0	22	5	12	800	9600
SHEOL	1.0	81	5	12	800	9600
MOONG	1.0	16	5	12	800	9600
WRAPS	1.0	16	5	12	800	9600
KAID	2.0	34	4	24	400	9600
ANNO	2.0	188	4	24	400	9600
REBEL	2.0	26	5	12	800	9600
OTTO	2.0	89	4	24	400	9600
DEBUR	1.0	24	5	12	800	9600
RYPE	1.0	41	4	24	400	9600
PHARM	1.0	21	5	12	800	9600
FOMES	2.0	20	5	12	800	9600
EARLY	1.0	50	5	12	800	9600
DOVEN	2.0	23	5	12	800	9600
FONDA	1.0	18	5	12	800	9600
BLURS	1.0	15	5	12	800	9600
BLIP	1.0	27	4	24	400	9600
TAPU	2.0	103	4	24	400	9600
FRUST	2.0	27	5	12	800	9600
DECOY	1.0	14	5	12	800	9600
CABAS	1.0	14	5	12	800	9600
CHIRM	1.0	16	5	12	800	9600
BEGAN	1.0	25	5	12	800	9600
PUCES	1.0	17	5	12	800	9600
DANNY	1.0	14	5	12	800	9600
GLOSS	2.0	20	5	12	800	9600
DANCY	1.0	14	5	12	800	9600
CREME	2.0	24	5	12	800	9600
BERMS	1.0	23	5	12	800	9600
YIRR	1.0	32	4	24	400	9600
ROGUE	2.0	26	5	12	800	9600
COIRS	2.0	90	5	12	800	9600
TIDY	1.0	59	4	24	400	9600
TINNY	2.0	22	5	12	800	9600
NAVS	2.0	56	4	23	400	9200
ARNA	1.0	423	4	23	400	9200
TUNY	2.0	33	4	23	400	9200
EMMA	1.0	54	4	23	400	9200
IRKS	1.0	58	4	23	400	9200
BOMA	1.0	45	4	23	400	9200
PENK	1.0	27	4	23	400	9200
HAHA	1.0	40	4	23	400	9200
VALI	2.0	91	4	23	400	9200
HIYA	1.0	40	4	23	400	9200
GLOM	1.0	33	4	23	400	9200
OLM	1.0	266	3	91	100	9100
SPARGER	1.0	6	7	5	1800	9000
SPINNET	1.0	11	7	5	1800	9000
SOONEST	1.0	21	7	5	1800	9000
ROOMIES	1.0	7	7	5	1800	9000
TIDINGS	1.0	7	7	5	1800	9000
SERGERS	1.0	9	7	5	1800	9000
WESTIES	1.0	12	7	5	1800	9000
SCEATTS	1.0	8	7	5	1800	9000
SUCRASE	1.0	8	7	5	1800	9000
TELLARS	2.0	23	7	5	1800	9000
TEDDIES	1.0	10	7	5	1800	9000
TEAGLES	1.0	10	7	5	1800	9000
SIGNING	1.0	6	7	5	1800	9000
RUNNIER	1.0	7	7	5	1800	9000
SOAPERS	1.0	6	7	5	1800	9000
TAPERED	1.0	19	7	5	1800	9000
SNELLED	1.0	9	7	5	1800	9000
TAISHES	1.0	26	7	5	1800	9000
TURTLES	1.0	11	7	5	1800	9000
STRIPED	2.0	8	7	5	1800	9000
SABERED	2.0	11	7	5	1800	9000
TWINTER	1.0	9	7	5	1800	9000
MATURED	1.0	6	7	5	1800	9000
CRINGLE	2.0	9	7	5	1800	9000
MURRIES	2.0	7	7	5	1800	9000
CLEATED	1.0	9	7	5	1800	9000
FLARING	1.0	7	7	5	1800	9000
FLESHED	1.0	6	7	5	1800	9000
LOUTING	1.0	10	7	5	1800	9000
CHASSED	1.0	8	7	5	1800	9000
CHANNER	1.0	6	7	5	1800	9000
LEASHES	2.0	19	7	5	1800	9000
POLTING	1.0	6	7	5	1800	9000
CHAINED	2.0	7	7	5	1800	9000
FOOTIES	1.0	8	7	5	1800	9000
PLATTED	1.0	6	7	5	1800	9000
PORTESS	1.0	12	7	5	1800	9000
GAMINES	1.0	14	7	5	1800	9000
GANTING	1.0	6	7	5	1800	9000
BURSTER	1.0	7	7	5	1800	9000
PRATTED	1.0	8	7	5	1800	9000
MOUSIER	2.0	8	7	5	1800	9000
LOOPIER	2.0	7	7	5	1800	9000
MELDERS	1.0	8	7	5	1800	9000
BONIEST	1.0	15	7	5	1800	9000
CODEINS	1.0	14	7	5	1800	9000
COLLIER	2.0	10	7	5	1800	9000
HURTERS	1.0	8	7	5	1800	9000
DEMISED	1.0	6	7	5	1800	9000
MASHIER	1.0	8	7	5	1800	9000
MARLINE	2.0	13	7	5	1800	9000
MANTLES	1.0	12	7	5	1800	9000
ESCAPES	1.0	7	7	5	1800	9000
DOLLIED	2.0	7	7	5	1800	9000
DITHERS	2.0	28	7	5	1800	9000
KARATES	1.0	15	7	5	1800	9000
DETOURS	1.0	7	7	5	1800	9000
OVARIES	1.0	10	7	5	1800	9000
DEMAINS	2.0	23	7	5	1800	9000
COOSERS	1.0	11	7	5	1800	9000
DEANING	1.0	13	7	5	1800	9000
PARGETS	2.0	10	7	5	1800	9000
FARSING	1.0	6	7	5	1800	9000
PATTERN	2.0	10	7	5	1800	9000
DANDLER	1.0	7	7	5	1800	9000
CRUISER	1.0	6	7	5	1800	9000
HOLINGS	2.0	10	7	5	1800	9000
CREMATE	1.0	12	7	5	1800	9000
CORONAS	2.0	8	7	5	1800	9000
LOONIES	2.0	20	7	5	1800	9000
FOOTSIE	1.0	8	7	5	1800	9000
MARTELS	2.0	24	7	5	1800	9000
LOADENS	2.0	26	7	5	1800	9000
BEADIER	1.0	11	7	5	1800	9000
HAUNTED	1.0	6	7	5	1800	9000
RECLEAN	1.0	7	7	5	1800	9000
GROUSES	2.0	12	7	5	1800	9000
BELATED	1.0	10	7	5	1800	9000
MODERNE	1.0	10	7	5	1800	9000
LITTERY	1.0	9	7	5	1800	9000
GRADINE	2.0	11	7	5	1800	9000
RELINED	2.0	26	7	5	1800	9000
RERENTS	2.0	29	7	5	1800	9000
RESAWED	1.0	6	7	5	1800	9000
HARMING	1.0	6	7	5	1800	9000
AIRINGS	2.0	17	7	5	1800	9000
HISSIER	1.0	8	7	5	1800	9000
HARMERS	1.0	9	7	5	1800	9000
BALINGS	1.0	6	7	5	1800	9000
ALDRINS	1.0	12	7	5	1800	9000
BALLIER	2.0	9	7	5	1800	9000
REVOTED	1.0	7	7	5	1800	9000
HOOLIES	1.0	16	7	5	1800	9000
RATCHED	2.0	14	7	5	1800	9000
WEROS	2.0	88	5	11	800	8800
PETIT	2.0	68	5	11	800	8800
CREPT	1.0	58	5	11	800	8800
ROARY	2.0	29	5	11	800	8800
UFOS	1.0	35	4	22	400	8800
COBRA	1.0	19	5	11	800	8800
CONIC	2.0	42	5	11	800	8800
REDID	2.0	71	5	11	800	8800
COMTE	2.0	39	5	11	800	8800
ARCHI	1.0	68	5	11	800	8800
CUNIT	1.0	47	5	11	800	8800
KETCH	1.0	15	5	11	800	8800
OAKS	2.0	40	4	22	400	8800
JEATS	1.0	12	5	11	800	8800
KARA	1.0	58	4	22	400	8800
NURDS	2.0	37	5	11	800	8800
DIOLS	2.0	88	5	11	800	8800
KARAT	1.0	31	5	11	800	8800
OTTOS	1.0	60	5	11	800	8800
FAGIN	1.0	20	5	11	800	8800
NOWL	2.0	43	4	22	400	8800
AMMOS	1.0	19	5	11	800	8800
MAGIC	1.0	15	5	11	800	8800
PADIS	1.0	42	5	11	800	8800
NOINT	1.0	118	5	11	800	8800
ANNOY	1.0	14	5	11	800	8800
NOCKS	2.0	14	5	11	800	8800
GRUEL	1.0	19	5	11	800	8800
WENGE	1.0	12	5	11	800	8800
BULLA	1.0	12	5	11	800	8800
TOSHY	1.0	30	5	11	800	8800
MECHS	2.0	23	5	11	800	8800
TUMOR	2.0	30	5	11	800	8800
GOFER	1.0	24	5	11	800	8800
BUATS	1.0	34	5	11	800	8800
BERGS	2.0	26	5	11	800	8800
GARMS	1.0	29	5	11	800	8800
WYTE	1.0	26	4	22	400	8800
MAYOS	1.0	13	5	11	800	8800
GALAH	1.0	21	5	11	800	8800
CAMPI	1.0	20	5	11	800	8800
EMMAS	1.0	25	5	11	800	8800
IMPI	1.0	40	4	22	400	8800
LOORD	2.0	47	5	11	800	8800
WHEAL	2.0	31	5	11	800	8800
BLIPS	1.0	12	5	11	800	8800
BANNS	1.0	21	5	11	800	8800
SIMBA	1.0	18	5	11	800	8800
SETAE	1.0	665	5	11	800	8800
TWIRL	1.0	18	5	11	800	8800
TOMOS	1.0	40	5	11	800	8800
BHAIS	1.0	27	5	11	800	8800
MIRV	1.0	29	4	22	400	8800
REWINS	2.0	26	6	6	1400	8400
YARDER	1.0	24	6	6	1400	8400
ICIEST	1.0	50	6	6	1400	8400
SOFTEN	1.0	19	6	6	1400	8400
SOPPED	1.0	7	6	6	1400	8400
SWEARY	1.0	11	6	6	1400	8400
WITING	1.0	7	6	6	1400	8400
HINNIE	2.0	21	6	6	1400	8400
FACTOR	1.0	12	6	6	1400	8400
MONEYS	1.0	10	6	6	1400	8400
GLOBES	1.0	8	6	6	1400	8400
SWARTH	2.0	20	6	6	1400	8400
OBI	2.0	230	3	84	100	8400
GIRLIE	1.0	16	6	6	1400	8400
NERK	2.0	95	4	21	400	8400
STINTY	1.0	25	6	6	1400	8400
GOTTEN	1.0	10	6	6	1400	8400
FLORAS	2.0	20	6	6	1400	8400
GUISED	2.0	13	6	6	1400	8400
WINCES	1.0	9	6	6	1400	8400
NIMMED	1.0	8	6	6	1400	8400
FLOURS	2.0	8	6	6	1400	8400
INSIDE	1.0	51	6	6	1400	8400
MURRIS	1.0	7	6	6	1400	8400
FOINED	2.0	21	6	6	1400	8400
MOTILE	1.0	32	6	6	1400	8400
SUMI	2.0	97	4	21	400	8400
GORMED	1.0	7	6	6	1400	8400
STONNS	1.0	27	6	6	1400	8400
HAYING	1.0	7	6	6	1400	8400
SELFIE	2.0	14	6	6	1400	8400
HOSTEL	1.0	72	6	6	1400	8400
YAH	2.0	172	3	84	100	8400
NIGHED	1.0	13	6	6	1400	8400
HOEING	2.0	28	6	6	1400	8400
EELING	1.0	46	6	6	1400	8400
BETTED	2.0	10	6	6	1400	8400
SLINGY	1.0	10	6	6	1400	8400
LOMING	1.0	12	6	6	1400	8400
TYEING	1.0	15	6	6	1400	8400
TWEEDS	1.0	11	6	6	1400	8400
WENGES	1.0	7	6	6	1400	8400
PRORES	1.0	40	6	6	1400	8400
PROPER	1.0	16	6	6	1400	8400
ROUGED	2.0	8	6	6	1400	8400
BORALS	2.0	27	6	6	1400	8400
TRUANT	2.0	21	6	6	1400	8400
TROVER	1.0	8	6	6	1400	8400
SLITTY	2.0	10	6	6	1400	8400
BUAT	2.0	67	4	21	400	8400
TRENDY	1.0	11	6	6	1400	8400
RUNNET	1.0	19	6	6	1400	8400
LEVIED	1.0	12	6	6	1400	8400
PUSSEL	1.0	7	6	6	1400	8400
TRAWLS	1.0	11	6	6	1400	8400
URGENT	1.0	17	6	6	1400	8400
ACHY	2.0	47	4	21	400	8400
WARPER	2.0	9	6	6	1400	8400
SLEDGE	1.0	13	6	6	1400	8400
RISKER	1.0	8	6	6	1400	8400
LEVIES	1.0	12	6	6	1400	8400
REFELS	1.0	9	6	6	1400	8400
SKARTS	2.0	11	6	6	1400	8400
ROBLES	1.0	30	6	6	1400	8400
VERSES	1.0	17	6	6	1400	8400
RANIDS	2.0	71	6	6	1400	8400
RANCHO	1.0	25	6	6	1400	8400
WEINER	1.0	31	6	6	1400	8400
BARGED	2.0	16	6	6	1400	8400
BARLEY	1.0	7	6	6	1400	8400
VACATE	1.0	7	6	6	1400	8400
MAROON	2.0	18	6	6	1400	8400
POURIE	1.0	8	6	6	1400	8400
CALKED	1.0	8	6	6	1400	8400
LINGLE	2.0	22	6	6	1400	8400
DICTED	1.0	17	6	6	1400	8400
TEDDER	2.0	22	6	6	1400	8400
DETUNE	1.0	19	6	6	1400	8400
SAULTS	1.0	21	6	6	1400	8400
TELLYS	1.0	7	6	6	1400	8400
DAWT	2.0	59	4	21	400	8400
CRIMEN	1.0	17	6	6	1400	8400
PITHED	1.0	7	6	6	1400	8400
LABELS	1.0	8	6	6	1400	8400
CANONS	2.0	24	6	6	1400	8400
TAPIRS	2.0	51	6	6	1400	8400
MAMIES	1.0	13	6	6	1400	8400
TODDLE	1.0	9	6	6	1400	8400
SCATCH	1.0	8	6	6	1400	8400
CLAUSE	1.0	9	6	6	1400	8400
SMOLTS	1.0	14	6	6	1400	8400
CARVER	1.0	8	6	6	1400	8400
TOUTIE	1.0	20	6	6	1400	8400
TOUCAN	1.0	11	6	6	1400	8400
CAVIER	1.0	10	6	6	1400	8400
CELLAR	1.0	19	6	6	1400	8400
CHANCE	2.0	13	6	6	1400	8400
CHIB	1.0	28	4	21	400	8400
TAPA	2.0	111	4	21	400	8400
CHISEL	2.0	29	6	6	1400	8400
CITIED	1.0	32	6	6	1400	8400
CITIES	1.0	57	6	6	1400	8400
LAWNED	2.0	9	6	6	1400	8400
MAKIS	1.0	11	5	10	800	8000
SLEPT	1.0	72	5	10	800	8000
MERKS	1.0	12	5	10	800	8000
HUGE	2.0	38	4	20	400	8000
WORLD	1.0	11	5	10	800	8000
MAWNS	1.0	11	5	10	800	8000
IODID	1.0	15	5	10	800	8000
LOAVE	2.0	18	5	10	800	8000
SHUNS	2.0	18	5	10	800	8000
LEADY	1.0	30	5	10	800	8000
WASM	1.0	44	4	20	400	8000
DITTY	1.0	12	5	10	800	8000
SOPH	2.0	114	4	20	400	8000
CATTY	1.0	13	5	10	800	8000
HEAPY	2.0	15	5	10	800	8000
DELED	1.0	28	5	10	800	8000
TEMPO	1.0	32	5	10	800	8000
YIPE	1.0	36	4	20	400	8000
COCOS	1.0	11	5	10	800	8000
TOFTS	2.0	22	5	10	800	8000
PLUTO	1.0	21	5	10	800	8000
CHOLA	1.0	36	5	10	800	8000
WHIRR	1.0	13	5	10	800	8000
SADLY	1.0	22	5	10	800	8000
WHAPS	1.0	14	5	10	800	8000
ONCER	2.0	111	5	10	800	8000
PREMS	2.0	38	5	10	800	8000
TUTU	1.0	23	4	20	400	8000
UMPED	2.0	16	5	10	800	8000
BINDI	1.0	13	5	10	800	8000
BILED	2.0	38	5	10	800	8000
RAKIS	2.0	38	5	10	800	8000
BACHS	1.0	15	5	10	800	8000
VIMS	2.0	30	4	20	400	8000
AMAHS	1.0	23	5	10	800	8000
RIGID	1.0	16	5	10	800	8000
DICTY	1.0	11	5	10	800	8000
ORGS	2.0	158	4	20	400	8000
OKAS	1.0	35	4	20	400	8000
FETED	1.0	42	5	10	800	8000
SHEIK	1.0	22	5	10	800	8000
GOMER	2.0	32	5	10	800	8000
GLIM	1.0	53	4	20	400	8000
GITCH	2.0	16	5	10	800	8000
MOREL	2.0	91	5	10	800	8000
GAUMS	1.0	12	5	10	800	8000
MUILS	1.0	19	5	10	800	8000
MURRE	2.0	16	5	10	800	8000
DOPA	2.0	94	4	20	400	8000
STUDS	2.0	25	5	10	800	8000
FOGIE	1.0	21	5	10	800	8000
FESSE	1.0	24	5	10	800	8000
EWERS	2.0	37	5	10	800	8000
SWIES	2.0	47	5	10	800	8000
ERKS	2.0	82	4	20	400	8000
SCROG	1.0	20	5	10	800	8000
YELP	1.0	44	4	20	400	8000
DROLL	2.0	28	5	10	800	8000
TOLU	1.0	149	4	19	400	7600
GAUM	1.0	23	4	19	400	7600
WOLF	1.0	24	4	19	400	7600
BHAI	1.0	48	4	19	400	7600
HUIS	2.0	78	4	19	400	7600
VOLA	1.0	61	4	19	400	7600
DRUG	1.0	43	4	19	400	7600
LIMY	2.0	30	4	19	400	7600
GHEE	1.0	49	4	19	400	7600
OLDY	1.0	33	4	19	400	7600
PILY	2.0	42	4	19	400	7600
PACY	1.0	22	4	19	400	7600
PREY	1.0	66	4	19	400	7600
EMU	2.0	263	3	75	100	7500
GENOA	1.0	86	5	9	800	7200
HEIGH	1.0	20	5	9	800	7200
PEAGE	1.0	18	5	9	800	7200
GULAS	2.0	40	5	9	800	7200
JEAT	1.0	20	4	18	400	7200
MOTHY	1.0	12	5	9	800	7200
MOTIF	2.0	15	5	9	800	7200
FECAL	1.0	26	5	9	800	7200
TEXAS	1.0	10	5	9	800	7200
TAVAS	2.0	19	5	9	800	7200
PARLY	2.0	12	5	9	800	7200
DRYER	1.0	22	5	9	800	7200
ROBLE	1.0	41	5	9	800	7200
TAKA	1.0	38	4	18	400	7200
MULSH	1.0	15	5	9	800	7200
RUBEL	2.0	20	5	9	800	7200
BIKES	2.0	12	5	9	800	7200
VOIDS	1.0	12	5	9	800	7200
SHORL	1.0	58	5	9	800	7200
GLIB	1.0	22	4	18	400	7200
GLUED	2.0	26	5	9	800	7200
AVAL	1.0	24	4	18	400	7200
CUNEI	1.0	53	5	9	800	7200
TOYOS	1.0	13	5	9	800	7200
CROGS	1.0	22	5	9	800	7200
DIVAS	1.0	20	5	9	800	7200
MEWL	1.0	20	4	18	400	7200
BAWR	1.0	20	4	18	400	7200
OFTEN	2.0	54	5	9	800	7200
BURAS	2.0	39	5	9	800	7200
WINNS	2.0	16	5	9	800	7200
HURRA	1.0	16	5	9	800	7200
MELTY	2.0	18	5	9	800	7200
GILLY	2.0	12	5	9	800	7200
PORNY	1.0	12	5	9	800	7200
HYPES	1.0	17	5	9	800	7200
BAFT	2.0	30	4	18	400	7200
CAVIE	1.0	17	5	9	800	7200
HARRY	1.0	15	5	9	800	7200
LOSEN	2.0	221	5	9	800	7200
ALOW	2.0	69	4	18	400	7200
FIRK	1.0	20	4	18	400	7200
BLUET	1.0	14	5	9	800	7200
SLUMS	1.0	13	5	9	800	7200
PRORE	2.0	64	5	9	800	7200
YOURN	1.0	13	5	9	800	7200
WERO	2.0	188	4	18	400	7200
LEFTE	1.0	33	5	9	800	7200
ROLF	1.0	82	4	18	400	7200
STYLO	1.0	38	5	9	800	7200
LEMUR	1.0	20	5	9	800	7200
GURLS	1.0	12	5	9	800	7200
SAGAS	2.0	13	5	9	800	7200
WARTY	1.0	16	5	9	800	7200
SURAL	1.0	85	5	9	800	7200
GRUED	1.0	29	5	9	800	7200
YOUSE	1.0	19	5	9	800	7200
FIRKS	1.0	11	5	9	800	7200
LAVAS	1.0	12	5	9	800	7200
DURRS	1.0	13	5	9	800	7200
MODEM	1.0	10	5	9	800	7200
WOALD	1.0	13	5	9	800	7200
SCRUB	1.0	14	5	9	800	7200
HABLE	1.0	30	5	9	800	7200
WHOOT	1.0	11	5	9	800	7200
GOTTA	2.0	29	5	9	800	7200
CESS	2.0	155	4	18	400	7200
DAWTS	2.0	29	5	9	800	7200
BIRRS	1.0	14	5	9	800	7200
OUPING	1.0	8	6	5	1400	7000
POULTS	1.0	6	6	5	1400	7000
GRUELS	1.0	7	6	5	1400	7000
CABINS	1.0	7	6	5	1400	7000
DEVILS	2.0	14	6	5	1400	7000
GORGED	1.0	7	6	5	1400	7000
BASINS	1.0	16	6	5	1400	7000
BATTEL	2.0	12	6	5	1400	7000
GRINCH	1.0	8	6	5	1400	7000
SPORTY	1.0	7	6	5	1400	7000
DIRGES	1.0	23	6	5	1400	7000
POUTED	2.0	11	6	5	1400	7000
STILLY	1.0	9	6	5	1400	7000
GOALED	2.0	13	6	5	1400	7000
BRACHS	2.0	8	6	5	1400	7000
FLUORS	1.0	6	6	5	1400	7000
ROWNDS	2.0	8	6	5	1400	7000
FLOUSE	1.0	7	6	5	1400	7000
SCREAK	2.0	7	6	5	1400	7000
WILDER	2.0	11	6	5	1400	7000
BRIDLE	1.0	6	6	5	1400	7000
STYING	2.0	8	6	5	1400	7000
DURRIE	1.0	7	6	5	1400	7000
FABLER	1.0	6	6	5	1400	7000
SURGES	2.0	10	6	5	1400	7000
TURTLE	2.0	20	6	5	1400	7000
SUNDRI	1.0	20	6	5	1400	7000
NODDLE	1.0	11	6	5	1400	7000
NOCKED	1.0	6	6	5	1400	7000
STRAIK	1.0	21	6	5	1400	7000
FONDLE	1.0	6	6	5	1400	7000
RUGRAT	1.0	6	6	5	1400	7000
DOWLES	2.0	13	6	5	1400	7000
DONGED	2.0	9	6	5	1400	7000
BENNET	2.0	9	6	5	1400	7000
STEADY	1.0	20	6	5	1400	7000
MONGER	1.0	7	6	5	1400	7000
MORBUS	1.0	6	6	5	1400	7000
WHIRLS	1.0	6	6	5	1400	7000
DROLLS	2.0	9	6	5	1400	7000
BIRDED	1.0	7	6	5	1400	7000
GAMMED	1.0	6	6	5	1400	7000
SCRAWS	2.0	9	6	5	1400	7000
WELTER	1.0	7	6	5	1400	7000
MULING	1.0	8	6	5	1400	7000
FUNNER	1.0	6	6	5	1400	7000
TROUPE	2.0	18	6	5	1400	7000
MINING	2.0	12	6	5	1400	7000
GUNNER	1.0	8	6	5	1400	7000
BANING	1.0	7	6	5	1400	7000
RETYPE	1.0	11	6	5	1400	7000
YIRRED	1.0	8	6	5	1400	7000
THOLED	2.0	34	6	5	1400	7000
CONDOS	2.0	8	6	5	1400	7000
COOMED	2.0	8	6	5	1400	7000
PINING	1.0	7	6	5	1400	7000
MADGES	2.0	9	6	5	1400	7000
KARATS	1.0	15	6	5	1400	7000
SNOUTY	2.0	9	6	5	1400	7000
AMBLED	1.0	7	6	5	1400	7000
CAKIER	2.0	8	6	5	1400	7000
REROLL	1.0	17	6	5	1400	7000
PILLAR	1.0	19	6	5	1400	7000
IODIDE	1.0	9	6	5	1400	7000
MAULED	1.0	8	6	5	1400	7000
REFUEL	1.0	6	6	5	1400	7000
REFELT	1.0	9	6	5	1400	7000
PETITE	1.0	17	6	5	1400	7000
CODGER	2.0	12	6	5	1400	7000
PLONGS	2.0	8	6	5	1400	7000
ASPENS	2.0	24	6	5	1400	7000
LUMPED	1.0	6	6	5	1400	7000
RICKET	1.0	7	6	5	1400	7000
SLEWED	1.0	10	6	5	1400	7000
LIDGER	1.0	15	6	5	1400	7000
POLLAN	1.0	12	6	5	1400	7000
PLUTOS	1.0	9	6	5	1400	7000
PLOYES	1.0	10	6	5	1400	7000
WARMER	2.0	8	6	5	1400	7000
CHAFES	1.0	8	6	5	1400	7000
AGGIES	2.0	11	6	5	1400	7000
LEADED	2.0	15	6	5	1400	7000
SMARTY	1.0	7	6	5	1400	7000
LOWSER	2.0	18	6	5	1400	7000
SMILEY	1.0	10	6	5	1400	7000
CLICHE	1.0	7	6	5	1400	7000
CLOTES	1.0	42	6	5	1400	7000
LUMENS	1.0	8	6	5	1400	7000
LAGGEN	1.0	6	6	5	1400	7000
WHISTS	1.0	7	6	5	1400	7000
CARSEY	1.0	30	6	5	1400	7000
WISPED	1.0	6	6	5	1400	7000
CROUTE	2.0	17	6	5	1400	7000
SHEWER	1.0	6	6	5	1400	7000
VINTED	1.0	12	6	5	1400	7000
RAMMEL	1.0	8	6	5	1400	7000
RATHAS	1.0	54	6	5	1400	7000
CUMINS	1.0	7	6	5	1400	7000
PENNED	1.0	9	6	5	1400	7000
SHEENS	2.0	43	6	5	1400	7000
DEBATE	1.0	23	6	5	1400	7000
WRONGS	2.0	8	6	5	1400	7000
CROWNS	1.0	7	6	5	1400	7000
BALOOS	1.0	7	6	5	1400	7000
ZESTER	1.0	8	6	5	1400	7000
HABITS	1.0	10	6	5	1400	7000
CALKIN	1.0	6	6	5	1400	7000
SOLVED	1.0	7	6	5	1400	7000
HOMING	2.0	8	6	5	1400	7000
HAULDS	1.0	6	6	5	1400	7000
ATTACH	1.0	11	6	5	1400	7000
CAPRIS	1.0	15	6	5	1400	7000
FICO	1.0	46	4	17	400	6800
OOM	2.0	226	3	68	100	6800
TAWT	2.0	66	4	17	400	6800
PLOP	2.0	31	4	17	400	6800
VARY	1.0	34	4	17	400	6800
SNYE	2.0	117	4	17	400	6800
NIPA	2.0	220	4	17	400	6800
SYPE	2.0	53	4	17	400	6800
PRAU	1.0	81	4	17	400	6800
HAAR	1.0	144	4	17	400	6800
GEUM	1.0	30	4	17	400	6800
AROW	2.0	135	4	17	400	6800
WANY	1.0	24	4	17	400	6800
NYS	2.0	208	3	67	100	6700
GRR	1.0	147	3	66	100	6600
ROWIE	1.0	34	5	8	800	6400
ERVEN	1.0	41	5	8	800	6400
CLAVI	1.0	15	5	8	800	6400
CROFT	1.0	17	5	8	800	6400
WHOLE	2.0	18	5	8	800	6400
SWEPT	2.0	20	5	8	800	6400
OXIES	1.0	9	5	8	800	6400
SUSED	1.0	42	5	8	800	6400
DEVAS	1.0	31	5	8	800	6400
TEGGS	1.0	11	5	8	800	6400
CHOCS	2.0	18	5	8	800	6400
PROOF	2.0	10	5	8	800	6400
CHIBS	1.0	11	5	8	800	6400
DECAF	1.0	23	5	8	800	6400
CLUED	2.0	17	5	8	800	6400
SWOP	2.0	32	4	16	400	6400
DRUGS	1.0	15	5	8	800	6400
BURIN	2.0	32	5	8	800	6400
BURRO	1.0	15	5	8	800	6400
TROCK	2.0	18	5	8	800	6400
CARRY	2.0	12	5	8	800	6400
COVEN	1.0	11	5	8	800	6400
DRUBS	1.0	11	5	8	800	6400
CULMS	2.0	12	5	8	800	6400
RUTHS	2.0	44	5	8	800	6400
BROOL	1.0	15	5	8	800	6400
BREY	2.0	48	4	16	400	6400
DULSE	1.0	33	5	8	800	6400
DIVA	1.0	44	4	16	400	6400
BYRES	1.0	27	5	8	800	6400
POMO	1.0	35	4	16	400	6400
TAIRA	2.0	261	5	8	800	6400
PLATY	1.0	16	5	8	800	6400
PALPS	2.0	16	5	8	800	6400
CLOYS	1.0	10	5	8	800	6400
YETIS	2.0	107	5	8	800	6400
FLOOD	2.0	12	5	8	800	6400
LURCH	1.0	10	5	8	800	6400
FRONS	2.0	62	5	8	800	6400
NERKS	2.0	35	5	8	800	6400
HOLLO	2.0	15	5	8	800	6400
FLIMS	1.0	15	5	8	800	6400
CHICH	1.0	9	5	8	800	6400
AVOID	1.0	9	5	8	800	6400
VIOLD	1.0	13	5	8	800	6400
SOOTY	2.0	33	5	8	800	6400
MEWLS	1.0	9	5	8	800	6400
LAPIN	1.0	66	5	8	800	6400
HAWED	2.0	16	5	8	800	6400
BLEYS	1.0	10	5	8	800	6400
LEKE	1.0	19	4	16	400	6400
MILFS	1.0	11	5	8	800	6400
RARKS	1.0	12	5	8	800	6400
GURL	1.0	30	4	16	400	6400
MONTY	1.0	20	5	8	800	6400
MONDO	1.0	26	5	8	800	6400
FATSO	2.0	66	5	8	800	6400
PYET	2.0	63	4	16	400	6400
GOLEM	1.0	25	5	8	800	6400
VOCAL	1.0	12	5	8	800	6400
FLUOR	2.0	11	5	8	800	6400
BOGLE	1.0	11	5	8	800	6400
YORP	1.0	41	4	16	400	6400
FECES	1.0	15	5	8	800	6400
FEUDS	1.0	9	5	8	800	6400
REIVE	1.0	53	5	8	800	6400
KERNE	1.0	35	5	8	800	6400
KITHE	1.0	15	5	8	800	6400
SEELY	1.0	42	5	8	800	6400
WADGE	2.0	13	5	8	800	6400
NAOS	2.0	447	4	15	400	6000
ROPY	2.0	44	4	15	400	6000
TOYO	2.0	40	4	15	400	6000
KEIR	1.0	100	4	15	400	6000
LAVA	2.0	24	4	15	400	6000
GAWD	1.0	17	4	15	400	6000
TUFT	2.0	24	4	15	400	6000
NEMN	1.0	112	4	15	400	6000
WEFT	1.0	23	4	15	400	6000
KILD	1.0	17	4	15	400	6000
MINKE	2.0	10	5	7	800	5600
TAWTS	1.0	27	5	7	800	5600
COMMS	1.0	8	5	7	800	5600
SLUNG	1.0	21	5	7	800	5600
SPAWL	1.0	12	5	7	800	5600
WOLDS	1.0	21	5	7	800	5600
MIRVS	1.0	9	5	7	800	5600
WOMEN	2.0	20	5	7	800	5600
HANDY	2.0	10	5	7	800	5600
CLEEP	1.0	11	5	7	800	5600
VENOM	1.0	12	5	7	800	5600
CLEG	1.0	48	4	14	400	5600
RAGGS	1.0	11	5	7	800	5600
PHEW	1.0	15	4	14	400	5600
DARCY	1.0	15	5	7	800	5600
LAUGH	2.0	12	5	7	800	5600
RESUS	1.0	92	5	7	800	5600
YIRRS	1.0	10	5	7	800	5600
MEMES	2.0	21	5	7	800	5600
HOLM	2.0	54	4	14	400	5600
ITCHY	2.0	14	5	7	800	5600
WOMAN	1.0	16	5	7	800	5600
AMIAS	2.0	82	5	7	800	5600
TOZED	1.0	8	5	7	800	5600
KAIDS	1.0	12	5	7	800	5600
MAMIE	1.0	21	5	7	800	5600
CABIN	1.0	14	5	7	800	5600
MESES	2.0	82	5	7	800	5600
COCOA	1.0	9	5	7	800	5600
LAMBS	1.0	8	5	7	800	5600
CLOY	2.0	32	4	14	400	5600
CEPE	1.0	50	4	14	400	5600
REEDY	1.0	29	5	7	800	5600
PEAG	2.0	75	4	14	400	5600
PYETS	2.0	36	5	7	800	5600
SULLY	2.0	9	5	7	800	5600
SPUER	1.0	43	5	7	800	5600
BOURD	2.0	14	5	7	800	5600
UDONS	2.0	49	5	7	800	5600
MURID	2.0	25	5	7	800	5600
FOLDS	2.0	11	5	7	800	5600
MURRI	2.0	12	5	7	800	5600
ZEDS	2.0	18	4	14	400	5600
FLOCS	1.0	15	5	7	800	5600
EOAN	1.0	427	4	14	400	5600
PRYS	1.0	26	4	14	400	5600
LENTO	1.0	188	5	7	800	5600
SAGY	2.0	48	4	14	400	5600
SWISH	2.0	13	5	7	800	5600
PSALM	2.0	26	5	7	800	5600
WASHY	2.0	11	5	7	800	5600
STUBS	1.0	12	5	7	800	5600
NUKES	2.0	9	5	7	800	5600
TUFTS	1.0	11	5	7	800	5600
FICHE	2.0	15	5	7	800	5600
SUCCI	1.0	8	5	7	800	5600
BOOED	1.0	26	5	7	800	5600
NOWLS	1.0	16	5	7	800	5600
FEUAR	1.0	18	5	7	800	5600
TUPLE	1.0	12	5	7	800	5600
BIRCH	1.0	13	5	7	800	5600
DWELL	1.0	8	5	7	800	5600
GLOBE	2.0	11	5	7	800	5600
SLOPY	1.0	12	5	7	800	5600
MOKI	1.0	15	4	14	400	5600
GOING	2.0	28	5	7	800	5600
TAPUS	2.0	38	5	7	800	5600
LEAFY	1.0	9	5	7	800	5600
PLOYE	1.0	16	5	7	800	5600
BEGOT	2.0	15	5	7	800	5600
GENTY	1.0	23	5	7	800	5600
BUYER	1.0	8	5	7	800	5600
ZEDA	2.0	18	4	14	400	5600
UGGED	1.0	8	5	7	800	5600
WEMS	2.0	46	4	14	400	5600
BESES	2.0	42	5	7	800	5600
BERRY	1.0	11	5	7	800	5600
PRANK	1.0	8	5	7	800	5600
SYPH	1.0	31	4	13	400	5200
BYRE	2.0	45	4	13	400	5200
PIPA	2.0	36	4	13	400	5200
BURY	1.0	20	4	13	400	5200
NUKE	2.0	15	4	13	400	5200
TIKA	1.0	68	4	13	400	5200
OKA	1.0	95	3	52	100	5200
WEPT	2.0	40	4	13	400	5200
SKIM	1.0	18	4	13	400	5200
POSY	2.0	38	4	13	400	5200
DUCI	1.0	44	4	13	400	5200
AVAS	2.0	35	4	13	400	5200
LOBO	1.0	27	4	13	400	5200
WILY	1.0	14	4	13	400	5200
VERD	1.0	99	4	13	400	5200
TYG	1.0	85	3	50	100	5000
ALAR	2.0	276	4	12	400	4800
TOPHE	1.0	47	5	6	800	4800
CHAFE	1.0	10	5	6	800	4800
CHAOS	2.0	51	5	6	800	4800
ZONES	1.0	10	5	6	800	4800
CACAO	1.0	11	5	6	800	4800
CAVAS	1.0	10	5	6	800	4800
POOCH	2.0	10	5	6	800	4800
BLURT	1.0	8	5	6	800	4800
PROUD	2.0	12	5	6	800	4800
BORMS	1.0	14	5	6	800	4800
BLAW	1.0	24	4	12	400	4800
BOWED	1.0	9	5	6	800	4800
TRUTH	2.0	34	5	6	800	4800
BRAVI	1.0	9	5	6	800	4800
BRITH	1.0	22	5	6	800	4800
PULED	2.0	19	5	6	800	4800
ROOPY	2.0	9	5	6	800	4800
BEECH	1.0	7	5	6	800	4800
ZEDAS	2.0	9	5	6	800	4800
URGER	1.0	20	5	6	800	4800
WHEEP	1.0	7	5	6	800	4800
WEIRD	1.0	31	5	6	800	4800
BARDY	1.0	16	5	6	800	4800
VASTY	1.0	10	5	6	800	4800
BANIA	1.0	41	5	6	800	4800
VICED	1.0	7	5	6	800	4800
RUSHY	1.0	9	5	6	800	4800
ZETAS	2.0	15	5	6	800	4800
CAPH	2.0	59	4	12	400	4800
AURAS	2.0	75	5	6	800	4800
ZINGS	2.0	11	5	6	800	4800
TOXIN	1.0	7	5	6	800	4800
WADED	1.0	13	5	6	800	4800
WAFTS	2.0	10	5	6	800	4800
PORCH	1.0	12	5	6	800	4800
POOF	1.0	16	4	12	400	4800
POEM	1.0	75	4	12	400	4800
LIPIN	2.0	28	5	6	800	4800
CHIKS	1.0	11	5	6	800	4800
FENDY	1.0	8	5	6	800	4800
GADGE	1.0	8	5	6	800	4800
FURRS	1.0	8	5	6	800	4800
SALAD	2.0	83	5	6	800	4800
FONDU	2.0	9	5	6	800	4800
STRUM	2.0	58	5	6	800	4800
FICOS	1.0	17	5	6	800	4800
NIFTY	2.0	10	5	6	800	4800
STUNK	1.0	7	5	6	800	4800
SEGAR	2.0	176	5	6	800	4800
SURFS	1.0	9	5	6	800	4800
GENNY	1.0	8	5	6	800	4800
OAKED	1.0	13	5	6	800	4800
SYCES	1.0	19	5	6	800	4800
DUNCE	1.0	22	5	6	800	4800
DULY	1.0	22	4	12	400	4800
TALAR	1.0	132	5	6	800	4800
DRACK	2.0	17	5	6	800	4800
DOVIE	1.0	12	5	6	800	4800
DOUCS	1.0	15	5	6	800	4800
DOTTY	1.0	10	5	6	800	4800
MOYAS	1.0	14	5	6	800	4800
GLIBS	1.0	7	5	6	800	4800
DOGIE	2.0	44	5	6	800	4800
HAYER	2.0	27	5	6	800	4800
LIKEN	2.0	18	5	6	800	4800
LOWP	2.0	22	4	12	400	4800
KOIS	2.0	33	4	12	400	4800
WOOPS	1.0	7	5	6	800	4800
SILDS	1.0	38	5	6	800	4800
JETS	1.0	20	4	12	400	4800
HYPER	1.0	24	5	6	800	4800
HOLLY	1.0	8	5	6	800	4800
METIS	2.0	211	5	6	800	4800
SOUK	1.0	17	4	12	400	4800
SHADY	2.0	18	5	6	800	4800
HAKAS	1.0	8	5	6	800	4800
GUIDS	1.0	12	5	6	800	4800
WUDS	1.0	15	4	12	400	4800
GOORY	1.0	8	5	6	800	4800
GOONY	1.0	8	5	6	800	4800
SPROD	1.0	34	5	6	800	4800
GOLDS	2.0	16	5	6	800	4800
GOGOS	1.0	7	5	6	800	4800
MOLYS	1.0	19	5	6	800	4800
DOMY	1.0	20	4	12	400	4800
RHINO	1.0	65	5	6	800	4800
CHOOM	2.0	14	5	6	800	4800
THIGH	1.0	15	5	6	800	4800
PELTA	1.0	103	5	6	800	4800
CRUDS	1.0	14	5	6	800	4800
THEEK	1.0	16	5	6	800	4800
CORBE	1.0	34	5	6	800	4800
SAMMY	1.0	7	5	6	800	4800
PITOT	2.0	34	5	6	800	4800
DILLY	2.0	14	5	6	800	4800
PLEWS	1.0	7	5	6	800	4800
CHOGS	2.0	19	5	6	800	4800
COALY	1.0	16	5	6	800	4800
LIKIN	2.0	8	5	6	800	4800
TODDY	1.0	9	5	6	800	4800
CURSI	2.0	42	5	6	800	4800
UFO	2.0	93	3	46	100	4600
OAF	2.0	207	3	45	100	4500
ONY	2.0	239	3	45	100	4500
AHA	2.0	197	3	44	100	4400
COHO	2.0	63	4	11	400	4400
MICA	2.0	137	4	11	400	4400
CLEF	2.0	21	4	11	400	4400
MERK	2.0	35	4	11	400	4400
PULY	2.0	17	4	11	400	4400
SWIM	1.0	28	4	11	400	4400
SWOB	1.0	20	4	11	400	4400
DREY	2.0	125	4	11	400	4400
WHAM	1.0	22	4	11	400	4400
SYCE	1.0	44	4	11	400	4400
HYPS	1.0	33	4	11	400	4400
LOGY	2.0	31	4	11	400	4400
PUNA	1.0	46	4	11	400	4400
HAKA	1.0	14	4	11	400	4400
MAHA	2.0	47	4	11	400	4400
OULK	1.0	13	4	11	400	4400
BURNT	1.0	15	5	5	800	4000
MINKS	1.0	8	5	5	800	4000
QUOIN	1.0	6	5	5	800	4000
GULF	1.0	12	4	10	400	4000
VAPED	2.0	12	5	5	800	4000
SPIV	1.0	12	4	10	400	4000
GOWD	1.0	14	4	10	400	4000
CAVEL	2.0	12	5	5	800	4000
MODUS	1.0	10	5	5	800	4000
PONKS	2.0	7	5	5	800	4000
BURGS	1.0	7	5	5	800	4000
GOOLY	1.0	8	5	5	800	4000
SPEWS	1.0	10	5	5	800	4000
BAUDS	1.0	6	5	5	800	4000
ZERO	1.0	16	4	10	400	4000
BAURS	2.0	22	5	5	800	4000
BAWD	1.0	14	4	10	400	4000
SHAKT	1.0	9	5	5	800	4000
TICKY	1.0	7	5	5	800	4000
YOBS	1.0	22	4	10	400	4000
GOGO	1.0	11	4	10	400	4000
VEG	2.0	82	3	40	100	4000
BROCH	2.0	20	5	5	800	4000
GULP	2.0	14	4	10	400	4000
HOLKS	1.0	9	5	5	800	4000
VYING	1.0	6	5	5	800	4000
POLKS	1.0	6	5	5	800	4000
PODAL	2.0	32	5	5	800	4000
MAUDS	2.0	19	5	5	800	4000
SHUNT	1.0	25	5	5	800	4000
SHRUB	1.0	12	5	5	800	4000
PLYER	1.0	9	5	5	800	4000
VOICE	1.0	12	5	5	800	4000
HYPE	2.0	35	4	10	400	4000
MEOWS	1.0	17	5	5	800	4000
SHIRK	2.0	13	5	5	800	4000
POLYS	2.0	15	5	5	800	4000
SONNY	1.0	16	5	5	800	4000
GUNGE	2.0	10	5	5	800	4000
KIPES	2.0	10	5	5	800	4000
MERRY	1.0	10	5	5	800	4000
DODGE	2.0	15	5	5	800	4000
HEYED	1.0	9	5	5	800	4000
PLOPS	2.0	10	5	5	800	4000
HASHY	1.0	12	5	5	800	4000
SOWF	1.0	21	4	10	400	4000
BAKED	2.0	9	5	5	800	4000
MILTY	1.0	11	5	5	800	4000
WHEYS	1.0	6	5	5	800	4000
SCAWS	2.0	12	5	5	800	4000
ALIEN	2.0	290	5	5	800	4000
COMBI	1.0	7	5	5	800	4000
PULPS	2.0	9	5	5	800	4000
KNOB	1.0	14	4	10	400	4000
NUDGE	1.0	14	5	5	800	4000
ROTAL	2.0	254	5	5	800	4000
SINKY	2.0	7	5	5	800	4000
CRONK	1.0	6	5	5	800	4000
OXER	1.0	13	4	10	400	4000
TOZES	2.0	10	5	5	800	4000
TOZIE	1.0	11	5	5	800	4000
REWET	1.0	38	5	5	800	4000
BODGE	1.0	8	5	5	800	4000
OBOES	1.0	27	5	5	800	4000
FELTY	1.0	8	5	5	800	4000
SUMOS	1.0	28	5	5	800	4000
CUTIS	1.0	57	5	5	800	4000
EXON	1.0	15	4	10	400	4000
CHEFS	1.0	17	5	5	800	4000
DUDES	1.0	18	5	5	800	4000
CANDY	1.0	7	5	5	800	4000
PEKES	1.0	6	5	5	800	4000
TRYER	2.0	32	5	5	800	4000
SCUDS	1.0	6	5	5	800	4000
ERIC	2.0	476	4	10	400	4000
SYPES	1.0	14	5	5	800	4000
EMOVE	1.0	7	5	5	800	4000
BRISK	1.0	6	5	5	800	4000
DURST	1.0	62	5	5	800	4000
DANDY	2.0	10	5	5	800	4000
OXES	2.0	20	4	10	400	4000
PROVE	1.0	10	5	5	800	4000
POLK	2.0	12	4	10	400	4000
FISTY	1.0	11	5	5	800	4000
PRUNT	2.0	14	5	5	800	4000
MOMUS	1.0	7	5	5	800	4000
YOGAS	1.0	11	5	5	800	4000
RUTTY	1.0	7	5	5	800	4000
BENNI	2.0	26	5	5	800	4000
SCAGS	1.0	10	5	5	800	4000
YAWL	1.0	13	4	10	400	4000
MOSSY	1.0	7	5	5	800	4000
MOUSY	1.0	11	5	5	800	4000
WOOSH	1.0	14	5	5	800	4000
GARBE	1.0	26	5	5	800	4000
BIGOT	1.0	8	5	5	800	4000
MOVIE	1.0	10	5	5	800	4000
WOKEN	2.0	8	5	5	800	4000
RORTS	2.0	150	5	5	800	4000
PUBES	1.0	6	5	5	800	4000
GALLY	2.0	8	5	5	800	4000
SKELL	2.0	9	5	5	800	4000
RIFTY	1.0	6	5	5	800	4000
TEXTS	1.0	7	5	5	800	4000
FREAK	1.0	12	5	5	800	4000
FOVEA	1.0	7	5	5	800	4000
TEXT	2.0	14	4	10	400	4000
CREWE	2.0	12	5	5	800	4000
FOGLE	1.0	11	5	5	800	4000
NAVAL	1.0	9	5	5	800	4000
FLARY	1.0	15	5	5	800	4000
KERB	1.0	31	4	9	400	3600
AKIN	2.0	72	4	9	400	3600
MUON	2.0	64	4	9	400	3600
JETE	1.0	10	4	9	400	3600
MAYA	1.0	17	4	9	400	3600
OIKS	1.0	34	4	9	400	3600
BULB	1.0	10	4	9	400	3600
BUDI	2.0	26	4	9	400	3600
BUDA	1.0	28	4	9	400	3600
FEUD	2.0	28	4	9	400	3600
FIEF	1.0	27	4	9	400	3600
FIFE	1.0	23	4	9	400	3600
FISK	1.0	11	4	9	400	3600
UGLY	1.0	18	4	9	400	3600
WHIM	1.0	15	4	9	400	3600
DIVI	1.0	19	4	9	400	3600
BEAU	2.0	65	4	9	400	3600
WRY	2.0	44	3	36	100	3600
HOLK	2.0	17	4	9	400	3600
UPS	2.0	203	3	34	100	3400
WEKA	1.0	11	4	8	400	3200
ABBE	2.0	18	4	8	400	3200
BONY	2.0	13	4	8	400	3200
BUSY	1.0	9	4	8	400	3200
PERK	2.0	31	4	8	400	3200
BAUR	2.0	46	4	8	400	3200
POGO	1.0	17	4	8	400	3200
EBBS	1.0	10	4	8	400	3200
MIRK	1.0	21	4	8	400	3200
BAWN	1.0	10	4	8	400	3200
SMOG	2.0	46	4	8	400	3200
FUME	1.0	16	4	8	400	3200
SUKS	1.0	10	4	8	400	3200
SULU	1.0	40	4	8	400	3200
TODY	1.0	48	4	8	400	3200
OPUS	2.0	77	4	8	400	3200
COLY	2.0	40	4	8	400	3200
ULUS	1.0	40	4	8	400	3200
UNDY	1.0	18	4	8	400	3200
URDY	1.0	21	4	8	400	3200
GIMP	2.0	20	4	8	400	3200
JUTE	2.0	11	4	8	400	3200
VIEW	2.0	19	4	8	400	3200
GOOG	1.0	10	4	8	400	3200
BERK	1.0	22	4	8	400	3200
KOW	1.0	35	3	30	100	3000
MILK	1.0	11	4	7	400	2800
HOBO	1.0	22	4	7	400	2800
IRID	1.0	167	4	7	400	2800
DEVA	2.0	75	4	7	400	2800
JOUR	2.0	10	4	7	400	2800
BISK	2.0	13	4	7	400	2800
JUST	1.0	10	4	7	400	2800
LUMA	2.0	69	4	7	400	2800
KIFS	1.0	9	4	7	400	2800
LAZO	1.0	8	4	7	400	2800
YARK	2.0	15	4	7	400	2800
GIFS	2.0	29	4	7	400	2800
GAPO	1.0	52	4	7	400	2800
OBOE	1.0	45	4	7	400	2800
VOMS	1.0	20	4	7	400	2800
VIVE	1.0	9	4	7	400	2800
TWAY	2.0	18	4	7	400	2800
CALF	1.0	65	4	7	400	2800
SOVS	1.0	21	4	7	400	2800
YOGA	1.0	28	4	7	400	2800
CAUK	1.0	12	4	7	400	2800
ZOLS	1.0	8	4	7	400	2800
WHY	1.0	35	3	26	100	2600
OIK	1.0	89	3	25	100	2500
KEG	2.0	50	3	25	100	2500
APPS	1.0	31	4	6	400	2400
KEGS	1.0	17	4	6	400	2400
GLUG	2.0	12	4	6	400	2400
GNAR	2.0	361	4	6	400	2400
JAIL	2.0	9	4	6	400	2400
BORM	2.0	39	4	6	400	2400
VIBS	1.0	8	4	6	400	2400
VARA	2.0	59	4	6	400	2400
WYLE	1.0	16	4	6	400	2400
VAGS	2.0	27	4	6	400	2400
WULL	1.0	8	4	6	400	2400
WAWS	2.0	11	4	6	400	2400
GYP	1.0	28	3	24	100	2400
DAAL	2.0	85	4	6	400	2400
GEEK	2.0	8	4	6	400	2400
YOLD	1.0	36	4	6	400	2400
BAYT	1.0	28	4	6	400	2400
WUD	2.0	40	3	24	100	2400
PLUG	2.0	14	4	6	400	2400
COBB	1.0	8	4	6	400	2400
DUDS	2.0	16	4	6	400	2400
PREX	1.0	12	4	6	400	2400
ZELS	1.0	14	4	6	400	2400
MOPY	1.0	14	4	6	400	2400
CEDI	1.0	210	4	6	400	2400
CAVA	2.0	19	4	6	400	2400
MEOW	1.0	45	4	6	400	2400
BOAK	1.0	11	4	6	400	2400
ZILA	2.0	32	4	6	400	2400
RUBY	1.0	13	4	6	400	2400
SOMY	1.0	41	4	6	400	2400
GUYS	2.0	9	4	6	400	2400
WYN	1.0	37	3	22	100	2200
KOA	2.0	81	3	22	100	2200
PWN	1.0	47	3	22	100	2200
HYP	2.0	76	3	21	100	2100
YUG	1.0	27	3	21	100	2100
GUGA	1.0	15	4	5	400	2000
AWKS	1.0	7	4	5	400	2000
DIRK	2.0	33	4	5	400	2000
NIFE	2.0	151	4	5	400	2000
ORGY	1.0	37	4	5	400	2000
COWY	1.0	6	4	5	400	2000
AXIS	1.0	10	4	5	400	2000
PUBE	2.0	10	4	5	400	2000
CHIZ	1.0	8	4	5	400	2000
NAZE	1.0	10	4	5	400	2000
ROKY	1.0	12	4	5	400	2000
RORY	1.0	57	4	5	400	2000
TOKO	1.0	11	4	5	400	2000
ADDS	1.0	72	4	5	400	2000
WIMP	1.0	10	4	5	400	2000
EXPO	1.0	7	4	5	400	2000
KILP	1.0	19	4	5	400	2000
BOBS	1.0	9	4	5	400	2000
ZEAS	2.0	18	4	5	400	2000
JILT	1.0	7	4	5	400	2000
WAWE	1.0	10	4	5	400	2000
GLEG	1.0	25	4	5	400	2000
KEEF	1.0	8	4	5	400	2000
FAAN	2.0	40	4	5	400	2000
WOWS	2.0	10	4	5	400	2000
YAWP	1.0	6	4	5	400	2000
WONK	2.0	13	4	5	400	2000
LAKY	1.0	10	4	5	400	2000
LIPO	2.0	125	4	5	400	2000
FILK	2.0	14	4	5	400	2000
MAKO	1.0	9	4	5	400	2000
KAF	1.0	35	3	17	100	1700
HUH	2.0	30	3	17	100	1700
UGS	2.0	154	3	16	100	1600
ULU	1.0	55	3	14	100	1400
ZOS	1.0	23	3	13	100	1300
NIX	1.0	36	3	12	100	1200
QIS	1.0	20	3	12	100	1200
VUG	1.0	17	3	11	100	1100
IRK	2.0	159	3	10	100	1000
BEZ	1.0	13	3	10	100	1000
MOZ	2.0	13	3	9	100	900
WAW	2.0	16	3	9	100	900
KOB	2.0	29	3	8	100	800
OUK	2.0	42	3	8	100	800
VUM	2.0	23	3	8	100	800
FIZ	2.0	12	3	7	100	700
FEZ	1.0	12	3	7	100	700
WIZ	2.0	9	3	6	100	600
POZ	1.0	9	3	5	100	500
WOX	1.0	6	3	5	100	500
JIB	1.0	6	3	5	100	500
WAX	2.0	7	3	5	100	500
