key	len	boards	present	found	foundByOpp	cellmateMissedPts	missedPts	completion
AERST	5	2286	11207	4645	3845	4333600	5249600	0.4145
AEST	4	2917	15278	4997	3780	2925200	4112400	0.3271
AELST	5	1214	5308	2106	1742	1924800	2561600	0.3968
AERS	4	2559	10763	4122	2583	1838800	2656400	0.383
ARST	4	1798	7083	2220	2096	1348000	1945200	0.3134
EINST	5	1258	4165	994	962	1213600	2536800	0.2387
ENST	4	1820	7301	2420	1740	1186000	1952400	0.3315
AELRS	5	1052	3696	1459	1159	1183200	1789600	0.3948
EINRST	6	767	2439	910	757	1163400	2140600	0.3731
AELRST	6	677	2267	768	741	1127000	2098600	0.3388
EERST	5	1145	4128	1266	1145	1108000	2289600	0.3067
AEERST	6	648	2194	1077	849	1082200	1563800	0.4909
EIRST	5	1205	4060	1919	1558	1057600	1712800	0.4727
EORST	5	981	3497	1528	1361	1023200	1575200	0.4369
ENORS	5	858	2919	817	630	1011200	1681600	0.2799
EORS	4	1561	5860	1573	1272	990400	1714800	0.2684
AENST	5	965	3034	898	847	942400	1708800	0.296
AENS	4	1833	6729	1396	1141	940800	2133200	0.2075
AEPRS	5	655	2745	1143	977	928000	1281600	0.4164
EINRS	5	1042	3341	1027	895	926400	1851200	0.3074
AIRST	5	1061	3679	508	477	900800	2536800	0.1381
ACERS	5	580	2314	844	763	860000	1176000	0.3647
EIRS	4	1785	5953	1913	1237	844000	1616000	0.3214
AELT	4	1400	4914	1928	1735	840800	1194400	0.3923
AELR	4	1455	5492	2339	1679	828400	1261200	0.4259
ENOST	5	774	2465	802	842	802400	1330400	0.3254
ERST	4	2126	6196	1421	1184	796000	1910000	0.2293
DEORS	5	775	2775	995	896	782400	1424000	0.3586
AERT	4	1929	5986	3358	2605	772000	1051200	0.561
AESTT	5	640	2227	880	779	771200	1077600	0.3952
ADER	4	1195	4366	1638	1382	759200	1091200	0.3752
AELS	4	1309	4708	2021	1642	753600	1074800	0.4293
AINST	5	881	2742	689	663	744800	1642400	0.2513
EENRST	6	451	1343	484	402	715400	1202600	0.3604
AENRS	5	830	2484	868	732	680800	1292800	0.3494
AILR	4	1089	3994	988	825	666800	1202400	0.2474
AERSST	6	467	1240	521	490	651000	1006600	0.4202
ADERS	5	745	2245	674	695	648800	1256800	0.3002
AERRST	6	391	1229	547	447	634200	954800	0.4451
ADERT	5	773	2378	793	875	630400	1268000	0.3335
AELRT	5	757	2251	657	633	627200	1275200	0.2919
AIRS	4	1271	4420	1126	883	624800	1317600	0.2548
AET	3	3403	12952	4009	2906	622900	894300	0.3095
EORSST	6	398	1271	386	299	618800	1239000	0.3037
DEIST	5	601	2085	527	554	609600	1246400	0.2528
EENST	5	706	2176	887	671	581600	1031200	0.4076
ENORST	6	397	1195	526	512	579600	936600	0.4402
EINRT	5	887	2429	1116	914	555200	1050400	0.4594
ADEST	5	699	2123	595	689	543200	1222400	0.2803
ORST	4	1157	3646	1352	1041	540000	917600	0.3708
AEPRT	5	456	1519	595	503	528800	739200	0.3917
AENT	4	1404	3760	975	856	501600	1114000	0.2593
EILS	4	1191	3524	922	701	490800	1040800	0.2616
AERSTT	6	400	1114	499	442	484400	861000	0.4479
DEERS	5	642	1890	523	478	478400	1093600	0.2767
EIRT	4	1279	3772	1599	1455	475200	869200	0.4239
ACERST	6	360	1042	527	505	470400	721000	0.5058
DEINS	5	598	1778	546	446	455200	985600	0.3071
ENOS	4	1049	3303	985	741	451600	927200	0.2982
ALST	4	948	2957	1300	1124	447200	662800	0.4396
ADERST	6	387	990	412	399	442400	809200	0.4162
AESST	5	576	1647	677	645	440000	776000	0.4111
ENORT	5	561	1570	760	673	431200	648000	0.4841
EERS	4	1499	3864	1403	936	430000	984400	0.3631
EILST	5	599	1747	741	668	426400	804800	0.4242
DEOR	4	861	2959	943	689	422800	806400	0.3187
ACERT	5	492	1541	830	772	418400	568800	0.5386
AEELRS	6	294	882	427	331	415800	637000	0.4841
AEPRST	6	279	792	333	344	406000	642600	0.4205
EILRS	5	511	1498	375	313	404000	898400	0.2503
AEPST	5	427	1348	568	581	402400	624000	0.4214
IORST	5	661	2188	267	242	400000	1536800	0.122
DEILS	5	430	1511	235	239	391200	1020800	0.1555
AEHST	5	580	1608	773	678	390400	668000	0.4807
AENR	4	1153	3282	1144	890	384000	855200	0.3486
ENRST	5	666	1606	562	442	381600	835200	0.3499
EHORS	5	462	1463	529	387	380800	747200	0.3616
DENS	4	923	2852	868	532	375200	793600	0.3043
AEMS	4	686	2515	649	572	368000	746400	0.2581
DEIT	4	706	2553	820	806	367600	693200	0.3212
CEIRS	5	410	1251	309	294	352000	753600	0.247
AELPS	5	318	1079	323	289	348000	604800	0.2994
EIMST	5	331	1126	289	326	346400	669600	0.2567
AEMRST	6	272	767	317	275	345800	630000	0.4133
AEIRS	5	596	1603	403	297	344000	960000	0.2514
DEIRS	5	446	1215	391	374	340800	659200	0.3218
EENS	4	865	2648	653	363	337200	798000	0.2466
AELSS	5	441	1178	458	389	336800	576000	0.3888
ELORS	5	489	1442	622	511	335200	656000	0.4313
AEHT	4	736	2328	960	670	334400	547200	0.4124
AILRS	5	458	1359	322	307	332000	829600	0.2369
AEERS	5	565	1445	689	428	331200	604800	0.4768
AEGRS	5	292	1006	355	316	329600	520800	0.3529
ADEIRS	6	265	721	196	151	329000	735000	0.2718
EINT	4	1063	2671	1335	1072	324400	534400	0.4998
EERSST	6	279	717	211	221	323400	708400	0.2943
ANST	4	1053	2888	727	673	322000	864400	0.2517
AEMNS	5	369	1182	413	340	321600	615200	0.3494
AEHLS	5	346	1086	420	342	320800	532800	0.3867
DEER	4	882	2767	880	673	318800	754800	0.318
AEMST	5	420	1179	538	536	318400	512800	0.4563
EILR	4	893	2830	675	660	318000	862000	0.2385
AELNS	5	414	1163	318	325	312800	676000	0.2734
ERS	3	3516	9399	2959	2084	310400	644000	0.3148
EELS	4	671	2187	593	438	310400	637600	0.2711
AELSST	6	242	659	324	265	309400	469000	0.4917
EILRT	5	492	1295	612	601	308000	546400	0.4726
AER	3	3088	8422	3626	1660	305800	479600	0.4305
APST	4	533	1872	691	649	304400	472400	0.3691
AENSS	5	410	1172	261	295	304000	728800	0.2227
AIRT	4	1056	3091	503	468	302400	1035200	0.1627
EORRST	6	216	643	204	157	302400	614600	0.3173
AORST	5	632	1781	413	382	301600	1094400	0.2319
AEGRT	5	363	996	378	309	301600	494400	0.3795
AEILRS	6	277	726	174	206	299600	772800	0.2397
DEIN	4	756	2220	568	521	298800	660800	0.2559
EIST	4	1250	3090	947	848	296400	857200	0.3065
EINSS	5	461	1231	203	192	296000	822400	0.1649
ESTT	4	801	2330	736	528	294800	637600	0.3159
ADEILR	6	230	610	159	150	292600	631400	0.2607
AINT	4	925	2596	418	482	291600	871200	0.161
ADEERST	7	180	474	125	156	291600	628200	0.2637
APRST	5	365	1183	392	385	291200	632800	0.3314
ILST	4	752	2336	705	719	288800	652400	0.3018
ADEIR	5	499	1340	293	266	287200	837600	0.2187
AILT	4	609	1862	404	403	286400	583200	0.217
AEPR	4	597	1992	1063	828	282800	371600	0.5336
AERRT	5	281	915	320	251	281600	476000	0.3497
AETT	4	664	1711	686	531	280800	410000	0.4009
ELNO	4	598	1792	378	393	280400	565600	0.2109
AEINRST	7	311	796	144	190	279000	1173600	0.1809
AELN	4	698	2023	610	564	278800	565200	0.3015
EINS	4	913	2417	558	488	278000	743600	0.2309
AELMS	5	266	851	253	263	277600	478400	0.2973
AEMT	4	620	1942	1018	867	277200	369600	0.5242
AILS	4	696	2011	497	449	267600	605600	0.2471
AEHRS	5	448	1108	586	550	266400	417600	0.5289
AES	3	2436	6760	2954	1966	265100	380600	0.437
EOPST	5	243	823	265	237	263200	446400	0.322
AEGRST	6	230	622	281	226	261800	477400	0.4518
AELPST	6	161	489	161	137	260400	459200	0.3292
DEIS	4	727	2195	434	461	259200	704400	0.1977
EST	3	3399	9389	2248	1660	259100	714100	0.2394
ENOR	4	960	2497	746	516	258800	700400	0.2988
EIPRS	5	366	1114	390	307	258400	579200	0.3501
AERSS	5	394	1059	407	324	254400	521600	0.3843
AINRS	5	443	1160	235	231	253600	740000	0.2026
EOPRST	6	162	500	221	195	252000	390600	0.442
ELST	4	1012	2869	672	512	249600	878800	0.2342
ERSU	4	654	2186	615	459	249200	628400	0.2813
ADEERS	6	211	521	217	183	249200	425600	0.4165
AEHRT	5	361	939	313	300	246400	500800	0.3333
AEERSST	7	155	408	161	152	244800	444600	0.3946
ENORSS	6	196	511	108	93	243600	564200	0.2114
AEILN	5	422	1106	179	194	242400	741600	0.1618
EELST	5	376	1182	492	437	242400	552000	0.4162
INOR	4	689	2183	304	143	236800	751600	0.1393
EILNS	5	355	987	168	214	235200	655200	0.1702
AIST	4	1184	3255	319	339	233200	1174400	0.098
ELOS	4	611	1708	699	497	228800	403600	0.4093
AERRS	5	405	980	364	297	228800	492800	0.3714
AERTT	5	400	898	401	252	227200	397600	0.4465
GINS	4	541	1633	543	398	226800	436000	0.3325
AEMN	4	466	1558	633	481	226800	370000	0.4063
ADIS	4	591	1969	260	246	226000	683600	0.132
ADELS	5	345	970	446	408	225600	419200	0.4598
AHST	4	582	1650	714	677	224400	374400	0.4327
AEGR	4	470	1602	605	523	224400	398800	0.3777
APRT	4	594	1677	695	552	224400	392800	0.4144
DENORS	6	181	479	140	130	224000	474600	0.2923
AST	3	2301	6380	2484	1877	223900	389600	0.3893
EENT	4	820	2051	627	382	222400	569600	0.3057
AEMRT	5	267	774	231	248	222400	434400	0.2984
AINR	4	711	1608	589	527	222000	407600	0.3663
ACEST	5	330	842	300	304	221600	433600	0.3563
ART	3	2447	6632	3792	2896	221300	284000	0.5718
OPST	4	380	1354	510	494	221200	337600	0.3767
EPST	4	538	1772	390	363	220800	552800	0.2201
EIRSST	6	202	540	165	144	219800	525000	0.3056
INST	4	923	2418	461	488	218000	782800	0.1907
ANRST	5	383	921	292	299	217600	503200	0.317
ACER	4	606	1733	970	702	217600	305200	0.5597
AEILNS	6	225	617	118	143	217000	698600	0.1912
ACERSS	6	141	401	93	95	217000	431200	0.2319
DELOS	5	281	827	288	255	216800	431200	0.3482
ADENRS	6	168	428	133	116	214200	413000	0.3107
AELM	4	445	1419	573	512	213600	338400	0.4038
ABEST	5	240	730	252	239	212800	382400	0.3452
AEMRS	5	352	938	460	404	212800	382400	0.4904
ARSTT	5	411	1054	373	389	212800	544800	0.3539
ABERS	5	225	670	223	243	211200	357600	0.3328
AEPS	4	494	1502	372	319	211200	452000	0.2477
AOST	4	878	2638	324	368	209600	925600	0.1228
EHIRS	5	299	786	247	277	208800	431200	0.3142
EIMRST	6	159	470	232	220	208600	333200	0.4936
AEERT	5	515	1210	632	374	208000	462400	0.5223
EIMRS	5	281	803	288	245	206400	412000	0.3587
EIMR	4	418	1421	321	269	206000	440000	0.2259
INS	3	1946	5154	1472	1321	199300	368200	0.2856
ADET	4	542	1409	530	440	199200	351600	0.3762
ELOST	5	324	863	359	366	198400	403200	0.416
EILRST	6	289	684	348	366	197400	470400	0.5088
AELPT	5	217	655	180	132	196800	380000	0.2748
HINS	4	473	1427	283	260	196800	457600	0.1983
AEELS	5	273	779	309	184	196000	376000	0.3967
EIRSTT	6	250	602	197	210	194600	567000	0.3272
IRST	4	1073	2146	805	645	194000	536400	0.3751
EENRT	5	385	954	508	368	192800	356800	0.5325
HOST	4	456	1451	492	469	192400	383600	0.3391
DEIR	4	489	1356	387	386	190400	387600	0.2854
ADELST	6	174	493	156	221	190400	471800	0.3164
EHST	4	748	2091	660	417	190000	572400	0.3156
EIMT	4	350	1097	422	378	189600	270000	0.3847
AINS	4	716	1681	556	419	189200	450000	0.3308
OORST	5	266	769	276	245	188000	394400	0.3589
AEORST	6	314	748	279	202	187600	656600	0.373
AENPS	5	271	842	331	219	186400	408800	0.3931
ENOSST	6	151	403	64	64	184800	474600	0.1588
EOPRS	5	258	758	425	346	184800	266400	0.5607
ARS	3	2234	5920	2461	1908	184400	345900	0.4157
EIMRT	5	252	742	350	342	184000	313600	0.4717
ADEERR	6	125	350	104	112	183400	344400	0.2971
AORS	4	708	1971	350	330	180000	648400	0.1776
CEIT	4	500	1254	434	398	178400	328000	0.3461
EFIRS	5	231	660	139	150	177600	416800	0.2106
HIST	4	470	1422	377	372	177200	418000	0.2651
AEELST	6	166	402	145	138	176400	359800	0.3607
CEIR	4	501	1468	468	375	176400	400000	0.3188
EGINRS	6	161	446	180	127	175000	372400	0.4036
AIR	3	1690	4669	1902	1446	174700	276700	0.4074
EGORS	5	222	717	104	125	174400	490400	0.145
ACENR	5	224	599	193	170	173600	324800	0.3222
AERSW	5	193	590	232	194	172800	286400	0.3932
EEMST	5	250	845	267	238	172800	462400	0.316
ADRST	5	290	797	178	211	172800	495200	0.2233
AEPT	4	343	1089	546	458	172800	217200	0.5014
ACENRT	6	148	387	117	116	172200	378000	0.3023
DEORST	6	185	465	223	172	172200	338800	0.4796
ANT	3	1880	5007	2076	1820	171700	293100	0.4146
EEPRS	5	248	691	231	220	170400	368000	0.3343
ACST	4	455	1238	498	481	170000	296000	0.4023
DEILST	6	145	405	111	127	169400	411600	0.2741
AEGNR	5	193	564	165	138	168800	319200	0.2926
IST	3	2026	5618	1401	1205	168400	421700	0.2494
ADEEST	6	172	437	170	173	166600	373800	0.389
ADEER	5	234	575	189	164	166400	308800	0.3287
EILT	4	615	1507	877	704	166000	252000	0.582
EERSS	5	268	703	159	117	165600	435200	0.2262
INORS	5	391	1055	145	93	164800	728000	0.1374
ACDER	5	229	683	143	186	164800	432000	0.2094
AILRT	5	292	694	232	162	164000	369600	0.3343
ADIR	4	544	1446	253	208	163600	477200	0.175
ANS	3	1733	4656	1240	1145	163200	341600	0.2663
AELP	4	338	1016	424	373	162800	236800	0.4173
AEILNR	6	189	454	141	118	162400	438200	0.3106
APRS	4	346	1086	510	403	160800	230400	0.4696
ADEINST	7	109	295	67	75	160200	410400	0.2271
DEENST	6	167	431	101	104	159600	462000	0.2343
AHS	3	942	3188	1193	938	157700	199500	0.3742
IORT	4	744	2384	205	283	157200	871600	0.08599
ENNOST	6	128	383	76	114	155400	429800	0.1984
ADEERT	6	174	400	112	159	155400	403200	0.28
AEINRS	6	185	416	95	85	155400	449400	0.2284
ABELS	5	180	532	156	144	155200	300800	0.2932
EHOR	4	424	1219	338	243	154800	352400	0.2773
AIT	3	1517	4248	992	817	153400	325600	0.2335
ELOR	4	557	1451	557	421	153200	357600	0.3839
AEORT	5	427	1074	508	347	152800	452800	0.473
ENSST	5	275	628	258	207	152000	296000	0.4108
ORT	3	1686	4548	2303	1698	151100	224500	0.5064
ABEL	4	243	835	278	225	150000	222800	0.3329
CEIST	5	207	546	165	182	149600	304800	0.3022
ADEL	4	459	1327	624	551	148800	281200	0.4702
AEHR	4	403	951	450	365	147600	200400	0.4732
ADENS	5	279	712	130	154	147200	465600	0.1826
EIRTT	5	292	704	280	316	146400	339200	0.3977
DEIL	4	603	2016	156	251	146000	744000	0.07738
EERT	4	520	1227	479	442	144800	299200	0.3904
ALS	3	1550	4072	1939	1397	141500	213300	0.4762
EILSST	6	121	302	72	52	141400	322000	0.2384
AIMN	4	364	1052	333	328	140400	287600	0.3165
ADRT	4	533	1282	511	394	140400	308400	0.3986
EIRSS	5	310	700	324	223	140000	300800	0.4629
DENOR	5	232	566	150	134	140000	332800	0.265
AEILRT	6	163	362	169	147	140000	270200	0.4669
ADELN	5	152	427	108	97	140000	255200	0.2529
AEIMRS	6	130	341	71	39	140000	378000	0.2082
ASTW	4	262	901	337	290	139600	225600	0.374
EILSS	5	191	480	168	113	139200	249600	0.35
EORSW	5	155	486	107	89	139200	303200	0.2202
ACES	4	462	1179	301	286	138800	351200	0.2553
EOPS	4	244	765	185	111	137600	232000	0.2418
ABELST	6	101	329	84	74	137200	343000	0.2553
AHRT	4	447	1246	204	284	137200	416800	0.1637
HOS	3	1010	3026	1026	783	137000	200000	0.3391
EINNR	5	229	563	155	143	136800	326400	0.2753
AGNST	5	191	531	135	127	136000	316800	0.2542
AEGN	4	418	1276	191	203	136000	434000	0.1497
NOST	4	674	1755	307	326	136000	579200	0.1749
EFIR	4	263	896	216	168	134400	272000	0.2411
EGINST	6	85	235	108	92	134400	177800	0.4596
AINRST	6	135	327	140	113	134400	261800	0.4281
AORT	4	757	2461	488	455	134400	789200	0.1983
AGNR	4	361	878	298	258	134000	232000	0.3394
ABELR	5	148	468	205	102	132800	210400	0.438
EGOR	4	348	1114	185	198	132800	371600	0.1661
EILPS	5	146	476	133	148	132800	274400	0.2794
EORTT	5	252	630	371	291	132000	207200	0.5889
COST	4	337	928	297	299	131600	252400	0.32
OSTW	4	203	761	214	176	130800	218800	0.2812
AILN	4	435	1123	301	281	130800	328800	0.268
AEEST	5	208	416	163	116	130400	202400	0.3918
AEGINT	6	154	392	63	61	128800	460600	0.1607
CEORST	6	106	265	86	77	128800	250600	0.3245
AEPRSS	6	121	335	152	145	128800	256200	0.4537
CEOST	5	184	467	196	174	128000	216800	0.4197
EPRST	5	278	751	100	71	128000	520800	0.1332
EMORS	5	215	569	174	173	128000	316000	0.3058
AILNS	5	201	557	147	129	128000	328000	0.2639
AEGINST	7	113	292	83	72	127800	376200	0.2842
DELO	4	353	985	365	268	127600	248000	0.3706
ACEHRS	6	112	288	126	120	127400	226800	0.4375
EMOST	5	161	467	179	189	127200	230400	0.3833
DEERST	6	137	304	81	87	126000	312200	0.2664
CEIRT	5	181	477	151	151	124800	260800	0.3166
DENR	4	488	1130	328	225	124400	320800	0.2903
AEGINRS	7	98	240	117	73	124200	221400	0.4875
AHRST	5	250	592	140	135	124000	361600	0.2365
EHS	3	1085	3048	942	603	123800	210600	0.3091
EMOS	4	334	974	245	238	123600	291600	0.2515
AEEMRS	6	81	212	92	61	123200	168000	0.434
ORSTU	5	179	508	216	168	123200	233600	0.4252
ESTW	4	271	953	339	227	123200	245600	0.3557
ACENRS	6	115	270	79	68	123200	267400	0.2926
ABDER	5	148	399	151	123	123200	198400	0.3784
ABER	4	297	791	348	288	122800	177200	0.4399
DEENS	5	275	767	374	230	120800	314400	0.4876
ADNS	4	369	968	242	193	120800	290400	0.25
EORT	4	716	1432	844	733	120800	235200	0.5894
AEHLSS	6	91	230	77	73	120400	214200	0.3348
LOOST	5	199	550	182	182	120000	294400	0.3309
EIMN	4	282	703	232	232	120000	188400	0.33
DEN	3	1500	3930	1310	908	119700	262000	0.3333
EORSTU	6	134	360	211	174	119000	208600	0.5861
ILOS	4	461	1193	316	281	118400	350800	0.2649
EELRS	5	238	651	306	220	118400	276000	0.47
ASTT	4	598	1196	510	463	118400	274400	0.4264
EERSTT	6	121	297	132	104	117600	231000	0.4444
ADERRT	6	110	275	78	85	116200	275800	0.2836
AEENST	6	305	808	42	121	116200	1072400	0.05198
EIPRST	6	128	347	68	64	116200	390600	0.196
AINRT	5	212	476	114	108	116000	289600	0.2395
DORS	4	381	992	285	219	115600	282800	0.2873
ACOST	5	166	460	139	134	115200	256800	0.3022
AELSV	5	86	307	106	89	115200	160800	0.3453
AEGST	5	174	443	165	167	115200	222400	0.3725
EEMRST	6	156	446	55	87	114800	547400	0.1233
AGST	4	334	987	413	308	114000	229600	0.4184
EFIN	4	247	718	119	112	113600	239600	0.1657
ACEPRS	6	67	200	74	61	113400	176400	0.37
ADEPRS	6	88	241	98	89	113400	200200	0.4066
EINORS	6	145	312	73	29	113400	334600	0.234
AEHPRS	6	106	302	56	31	113400	344400	0.1854
EEMS	4	379	1236	189	203	113200	418800	0.1529
NORT	4	519	1179	380	339	112800	319600	0.3223
DEOS	4	494	1159	390	291	112800	307600	0.3365
EENSS	5	260	707	99	101	111200	486400	0.14
AINPS	5	150	431	90	90	111200	272800	0.2088
CEORS	5	221	548	322	281	111200	180800	0.5876
EIPS	4	357	994	337	266	110800	262800	0.339
DEIRST	6	177	405	73	106	110600	464800	0.1802
EOR	3	1536	4306	786	525	110600	352000	0.1825
DENST	5	229	511	271	229	110400	192000	0.5303
ARTT	4	740	1480	438	492	110400	416800	0.2959
NORST	5	312	724	137	182	109600	469600	0.1892
AEFST	5	132	397	154	138	109600	194400	0.3879
AEIRSS	6	115	285	105	88	109200	252000	0.3684
DENO	4	362	892	417	302	109200	190000	0.4675
AENSST	6	139	317	108	114	109200	292600	0.3407
ADEINR	6	108	256	57	74	109200	278600	0.2227
AEN	3	1962	5396	778	446	109200	461800	0.1442
AEORS	5	361	796	109	79	108800	549600	0.1369
AEMNR	5	206	498	105	115	108800	314400	0.2108
NOS	3	1344	3620	1202	958	108400	241800	0.332
ADEIRST	7	175	452	24	45	108000	770400	0.0531
OPRST	5	140	379	125	127	108000	203200	0.3298
EINR	4	603	1206	594	425	107200	244800	0.4925
ELT	3	1644	4220	1145	839	104900	307500	0.2713
EHNS	4	373	953	236	158	104800	286800	0.2476
AEELRST	7	107	253	76	105	104400	318600	0.3004
EOPRT	5	154	401	186	151	104000	172000	0.4638
ADEELR	6	109	272	100	90	103600	240800	0.3676
ELNOS	5	206	551	58	67	102400	394400	0.1053
EGINS	5	183	407	98	89	102400	247200	0.2408
EMST	4	563	1413	331	269	100800	432800	0.2343
AEGNRS	6	96	253	82	75	100800	239400	0.3241
AIMR	4	285	917	106	137	100000	324400	0.1156
ENSTT	5	247	561	290	193	100000	216800	0.5169
ENT	3	2341	4682	2169	1377	99900	251300	0.4633
ALPS	4	285	836	174	157	99600	264800	0.2081
EILN	4	400	800	319	349	99600	192400	0.3987
AGINRS	6	105	252	68	70	99400	257600	0.2698
AEGLR	5	152	391	125	112	99200	212800	0.3197
AELV	4	141	522	129	114	99200	157200	0.2471
ADEMN	5	129	392	102	102	99200	232000	0.2602
ACOT	4	337	869	143	136	99200	290400	0.1646
AGNS	4	293	824	281	188	98800	217200	0.341
ERSSU	5	183	481	118	112	98400	290400	0.2453
ADEHS	5	167	414	124	142	98400	232000	0.2995
AEEMR	5	120	316	118	55	98400	158400	0.3734
EELSST	6	77	226	80	78	98000	204400	0.354
EORSTT	6	129	306	173	147	98000	186200	0.5654
CEIRST	6	97	224	68	67	98000	218400	0.3036
ADDER	5	160	475	81	96	97600	315200	0.1705
AEILRST	7	104	242	67	67	97200	315000	0.2769
EEGRS	5	188	528	67	82	96800	368800	0.1269
ENNOT	5	183	473	50	111	96800	338400	0.1057
EENRS	5	293	663	348	125	96800	252000	0.5249
AEEHRS	6	106	246	142	117	96600	145600	0.5772
ADEH	4	296	797	163	157	96400	253600	0.2045
AGNT	4	338	778	235	216	96400	217200	0.3021
APS	3	697	2224	967	781	96300	125700	0.4348
ACELR	5	172	377	147	149	96000	184000	0.3899
INPS	4	340	912	374	261	94400	215200	0.4101
AMST	4	344	831	387	312	94000	177600	0.4657
EINNRS	6	118	274	99	85	93800	245000	0.3613
EINRSTT	7	73	178	91	63	93600	156600	0.5112
AILP	4	221	702	107	124	93600	238000	0.1524
IMST	4	276	681	250	218	93200	172400	0.3671
EINRSS	6	123	302	55	60	92400	345800	0.1821
AEGT	4	272	656	198	200	92400	183200	0.3018
ARSTW	5	124	371	99	104	91200	217600	0.2668
ACRS	4	291	706	322	245	91200	153600	0.4561
EHIST	5	192	461	115	89	91200	276800	0.2495
ACDE	4	217	718	168	151	91200	220000	0.234
AEIPRS	6	110	260	51	40	91000	292600	0.1962
AEIMR	5	136	333	83	45	90400	200000	0.2492
ADEIS	5	227	496	105	76	90400	312800	0.2117
AENP	4	288	803	344	243	90000	183600	0.4284
ACEN	4	251	635	245	193	89600	156000	0.3858
AINP	4	205	580	110	102	89600	188000	0.1897
AEPRRS	6	76	204	85	94	89600	166600	0.4167
EEHRS	5	271	685	353	238	89600	265600	0.5153
DENRU	5	145	383	86	79	88800	237600	0.2245
EEMRT	5	188	530	111	143	88800	335200	0.2094
ABST	4	252	729	293	255	88800	174400	0.4019
ADIL	4	369	878	229	174	88000	259600	0.2608
EMOR	4	309	727	159	149	88000	227200	0.2187
ENS	3	1786	3572	979	755	87500	259300	0.2741
LOST	4	389	960	245	292	87200	286000	0.2552
ACENS	5	146	322	118	107	87200	163200	0.3665
AELRSST	7	69	160	93	86	86400	120600	0.5813
ANPS	4	347	926	335	269	86000	236400	0.3618
EELR	4	415	1042	488	356	86000	221600	0.4683
IPRST	5	168	442	123	98	85600	255200	0.2783
AILST	5	166	353	90	81	85600	210400	0.255
EIPST	5	143	357	107	105	84800	200000	0.2997
ADILS	5	167	416	71	60	84800	276000	0.1707
AILM	4	220	534	184	181	84400	140000	0.3446
ADENR	5	207	444	86	60	84000	286400	0.1937
AERV	4	133	470	204	168	84000	106400	0.434
ACNR	4	318	754	193	177	84000	224400	0.256
AEGINR	6	119	289	108	79	84000	253400	0.3737
ACELRS	6	79	182	73	62	84000	152600	0.4011
ILNO	4	336	1033	230	187	83600	321200	0.2227
ORTT	4	471	942	282	277	83200	264000	0.2994
AESSTT	6	106	224	102	109	82600	170800	0.4554
AEEPRS	6	84	184	52	58	82600	184800	0.2826
ELOSS	5	145	337	133	113	82400	163200	0.3947
ADERR	5	187	426	106	103	82400	256000	0.2488
ABET	4	205	576	216	184	82400	144000	0.375
ENRT	4	446	892	484	358	82400	163200	0.5426
DOS	3	797	2447	658	486	81600	178900	0.2689
AEL	3	1186	2372	1223	841	81300	114900	0.5156
ADELNS	6	84	200	50	54	81200	210000	0.25
ADEPRT	6	79	217	49	64	81200	235200	0.2258
DEHORS	6	102	254	55	67	81200	278600	0.2165
BEIRST	6	96	237	47	64	81200	266000	0.1983
EORSTW	6	62	163	70	51	81200	130200	0.4294
AGINRST	7	50	127	51	46	81000	136800	0.4016
DEORT	5	122	285	129	102	80800	124800	0.4526
EELT	4	389	951	358	306	80800	237200	0.3764
EHRS	4	552	1406	132	140	80400	509600	0.09388
INT	3	1947	3894	2551	1814	80300	134300	0.6551
ANSTU	5	144	406	64	55	80000	273600	0.1576
AESTW	5	112	270	85	63	80000	148000	0.3148
AEGRR	5	113	253	93	87	80000	128000	0.3676
ACEPR	5	98	251	118	106	80000	106400	0.4701
DEENRT	6	84	196	69	69	79800	177800	0.352
DEI	3	1096	3104	546	505	79800	255800	0.1759
DEIMST	6	70	206	21	38	79800	259000	0.1019
ELRSTU	6	83	234	41	68	79800	270200	0.1752
AEGS	4	287	710	252	197	79600	183200	0.3549
GINR	4	278	623	248	225	79600	150000	0.3981
EINPS	5	185	475	233	180	79200	193600	0.4905
AIMNS	5	156	387	103	125	79200	227200	0.2661
ACELS	5	113	272	107	103	79200	132000	0.3934
AEEGRS	6	86	212	60	48	78400	212800	0.283
DENOS	5	138	317	138	119	77600	143200	0.4353
EINRTT	6	102	204	113	88	77000	127400	0.5539
ADNR	4	312	706	191	181	76800	206000	0.2705
ILN	3	1139	2278	1028	887	76800	125000	0.4513
EHNST	5	170	380	201	112	76000	143200	0.5289
AERSSTT	7	72	160	64	72	75600	172800	0.4
DEIRRS	6	89	202	51	36	75600	211400	0.2525
ACNST	5	123	286	132	111	74400	123200	0.4615
EOPR	4	214	583	316	236	74400	106800	0.542
EHT	3	905	2572	796	381	74300	177600	0.3095
AENPRT	6	87	208	48	49	74200	224000	0.2308
COR	3	675	1762	662	585	73700	110000	0.3757
AEKST	5	83	260	142	108	73600	94400	0.5462
EHNOS	5	128	301	111	113	73600	152000	0.3688
ADEPR	5	127	312	100	126	73600	169600	0.3205
AMNOS	5	129	378	74	78	73600	243200	0.1958
AERSV	5	87	239	124	106	73600	92000	0.5188
DEIRT	5	256	593	98	187	72800	396000	0.1653
EISST	5	229	458	171	167	72800	229600	0.3734
ALSST	5	139	321	131	145	72800	152000	0.4081
EHOS	4	327	804	371	285	72800	173200	0.4614
AIMS	4	412	1128	147	112	72800	392400	0.1303
DEGINR	6	87	216	46	52	72800	238000	0.213
ENRS	4	596	1192	264	184	72800	371200	0.2215
EORSSU	6	61	146	39	32	72800	149800	0.2671
ABELT	5	92	262	111	80	72800	120800	0.4237
EEMNS	5	125	338	95	71	72800	194400	0.2811
NSTU	4	267	689	207	158	72400	192800	0.3004
DELS	4	557	1413	155	119	72400	503200	0.1097
AIS	3	1183	2366	837	594	72100	152900	0.3538
AINTT	5	150	345	60	52	72000	228000	0.1739
EEMT	4	244	704	275	223	72000	171600	0.3906
DEENRS	6	97	229	116	99	71400	158200	0.5066
AEINRT	6	186	404	126	139	71400	389200	0.3119
AMS	3	825	2122	878	695	71400	124400	0.4138
ADEI	4	317	634	178	122	71200	182400	0.2808
EFST	4	219	609	182	125	71200	170800	0.2989
AEFRS	5	116	269	123	117	71200	116800	0.4572
ELOPS	5	90	250	102	92	71200	118400	0.408
DOR	3	844	2199	1068	688	71000	113100	0.4857
EIMNS	5	116	274	71	102	70400	162400	0.2591
OORT	4	268	595	247	216	70000	139200	0.4151
AINSST	6	80	175	77	76	70000	137200	0.44
ENOORS	6	74	177	46	40	70000	183400	0.2599
ADEORT	6	104	243	57	54	70000	260400	0.2346
EIR	3	1756	3512	960	502	70000	255200	0.2733
EPR	3	961	2447	808	730	69700	163900	0.3302
IPST	4	227	587	231	156	69600	142400	0.3935
EILSV	5	68	211	70	45	69600	112800	0.3318
AHOST	5	118	297	58	41	69600	191200	0.1953
EIPR	4	222	571	164	158	69600	162800	0.2872
AMR	3	863	2164	1117	900	69200	104700	0.5162
AMRS	4	268	644	228	181	69200	166400	0.354
HOPS	4	166	536	128	105	69200	163200	0.2388
AGINR	5	137	301	70	54	68800	184800	0.2326
AEMR	4	389	778	452	357	68800	130400	0.581
EINSST	6	113	249	40	31	68600	292600	0.1606
EHNORS	6	78	170	58	56	68600	156800	0.3412
AEIRRS	6	94	216	34	48	68600	254800	0.1574
ADEILS	6	85	190	37	44	68600	214200	0.1947
ADEGINR	7	39	102	30	24	68400	129600	0.2941
ENR	3	1358	2716	1245	680	68300	147100	0.4584
ANRT	4	304	608	252	229	68000	142400	0.4145
AELPR	5	151	353	127	102	67200	180800	0.3598
AHRS	4	300	600	190	120	67200	164000	0.3167
AARST	5	313	784	57	51	67200	581600	0.0727
AEMSS	5	128	325	163	132	67200	129600	0.5015
OSTT	4	331	847	133	202	66800	285600	0.157
ADRS	4	350	849	159	93	66800	276000	0.1873
ESTY	4	274	751	134	85	66800	246800	0.1784
EORSSTU	7	57	143	49	39	66600	169200	0.3427
CENOS	5	130	301	129	101	66400	137600	0.4286
ENOSS	5	225	509	251	160	66400	206400	0.4931
AERSY	5	145	356	60	50	66400	236800	0.1685
ACHR	4	234	546	305	227	66000	96400	0.5586
CDEI	4	158	513	167	137	66000	138400	0.3255
AEEMRT	6	66	149	54	59	65800	133000	0.3624
AEGLRS	6	65	151	48	41	65800	144200	0.3179
DEORTU	6	57	144	45	45	65800	138600	0.3125
AORTT	5	227	558	67	79	65600	392800	0.1201
AMNO	4	179	555	153	133	65200	160800	0.2757
AHNT	4	255	584	175	134	65200	163600	0.2997
EORW	4	172	485	167	87	65200	127200	0.3443
AEGLNR	6	56	131	41	38	64400	126000	0.313
AEFRST	6	55	135	45	38	64400	126000	0.3333
AEIMNS	6	131	326	48	51	64400	389200	0.1472
EERRST	6	85	170	46	49	64400	173600	0.2706
AORSTT	6	112	277	31	42	64400	344400	0.1119
ACET	4	295	590	297	278	64400	117200	0.5034
ADHS	4	212	632	200	167	64000	172800	0.3165
AEEGR	5	130	318	95	66	64000	178400	0.2987
ORSTW	5	92	277	92	79	64000	148000	0.3321
DEIRR	5	121	276	72	79	64000	163200	0.2609
AHNST	5	159	378	63	48	64000	252000	0.1667
ADILR	5	167	431	44	29	64000	309600	0.1021
EIRSW	5	122	320	94	75	64000	180800	0.2938
AGINRT	6	78	177	78	74	63000	138600	0.4407
EHORST	6	91	202	39	43	63000	228200	0.1931
EIORSST	7	76	183	31	26	63000	273600	0.1694
ADEENR	6	94	205	51	52	63000	215600	0.2488
CDEO	4	167	460	107	82	62800	141200	0.2326
ABDR	4	237	574	173	130	62800	160400	0.3014
CDEIR	5	115	294	95	97	62400	159200	0.3231
DEOST	5	115	256	60	68	62400	156800	0.2344
EOPT	4	217	536	280	232	62000	102400	0.5224
OSTU	4	236	587	313	273	61600	109600	0.5332
MOST	4	226	551	225	202	61600	130400	0.4083
EORSU	5	94	209	67	61	61600	113600	0.3206
AIRSTT	6	154	411	27	72	61600	537600	0.06569
DENRS	5	130	281	96	77	61600	148000	0.3416
MSTU	4	147	490	135	100	61200	142000	0.2755
EINP	4	225	555	172	148	61200	153200	0.3099
AEKRS	5	71	217	98	68	60800	95200	0.4516
DEEST	5	276	665	56	197	60800	487200	0.08421
EILRV	5	57	165	51	35	60800	91200	0.3091
ESSTT	5	123	277	92	74	60800	148000	0.3321
AMN	3	709	1793	843	597	60600	95000	0.4702
DERU	4	193	537	135	116	60400	160800	0.2514
AELRSV	6	45	118	52	38	60200	92400	0.4407
ADELNR	6	77	172	55	37	60200	163800	0.3198
AERSTW	6	52	117	53	63	60200	89600	0.453
AEELR	5	136	314	163	62	60000	120800	0.5191
AILPS	5	101	295	37	59	60000	206400	0.1254
ENOP	4	158	480	179	133	60000	120400	0.3729
ORTU	4	214	501	241	203	59600	104000	0.481
DEEN	4	371	917	325	231	59600	236800	0.3544
IMS	3	724	1885	623	511	59500	126200	0.3305
AEHLT	5	125	287	54	50	59200	186400	0.1882
ADEM	4	201	530	229	189	59200	120400	0.4321
DORT	4	388	776	266	202	59200	204000	0.3428
ADS	3	1026	2618	510	518	59200	210800	0.1948
BEIRS	5	140	377	52	61	59200	260000	0.1379
DEILT	5	162	365	119	146	59200	196800	0.326
APT	3	693	1775	954	729	58900	82100	0.5375
ADEIMN	6	79	195	29	34	58800	232400	0.1487
AGINST	6	85	186	65	50	58800	169400	0.3495
DEORSS	6	64	151	49	52	58800	142800	0.3245
AMRT	4	397	794	233	272	58800	224400	0.2935
AEEHRT	6	80	187	36	43	58800	211400	0.1925
CEHORS	6	45	121	35	31	58800	120400	0.2893
ADOT	4	197	490	110	91	58400	152000	0.2245
ACRST	5	142	318	142	116	58400	140800	0.4465
INOPT	5	79	225	40	34	58400	148000	0.1778
DINS	4	317	726	179	173	58000	218800	0.2466
AERW	4	186	453	151	147	58000	120800	0.3333
DEL	3	1052	2665	560	517	57700	210500	0.2101
EORRSST	7	42	100	38	33	57600	111600	0.38
EPSST	5	142	356	50	50	57600	244800	0.1404
EHLOS	5	92	215	55	57	57600	128000	0.2558
CDEOR	5	98	235	77	74	57600	126400	0.3277
BORS	4	212	608	104	108	57600	201600	0.1711
EEIRST	6	93	186	43	51	57400	200200	0.2312
DEEIRT	6	86	191	32	35	57400	222600	0.1675
EILV	4	93	301	124	83	57200	70800	0.412
EPRSU	5	86	241	67	54	56800	139200	0.278
EHOST	5	140	322	47	45	56800	220000	0.146
AEMNT	5	153	390	65	70	56800	260000	0.1667
ACEHT	5	90	234	90	64	56800	115200	0.3846
EFINS	5	73	188	38	36	56800	120000	0.2021
DNOS	4	325	785	134	124	56400	260400	0.1707
EELPS	5	80	253	104	88	56000	119200	0.4111
EHR	3	1332	2664	632	469	56000	203200	0.2372
CERTU	5	92	239	61	43	56000	142400	0.2552
EIPRSST	7	36	97	18	16	55800	142200	0.1856
ACENRST	7	52	121	53	52	55800	122400	0.438
AEHS	4	216	432	153	106	55600	111600	0.3542
ACLO	4	213	656	97	113	55600	223600	0.1479
BOR	3	469	1354	530	391	55600	82400	0.3914
ACDEN	5	107	266	54	58	55200	169600	0.203
ENOT	4	494	988	702	585	55200	114400	0.7105
AERR	4	346	692	324	281	55200	147200	0.4682
EIRSV	5	82	216	67	68	55200	119200	0.3102
EESTT	5	133	266	105	83	55200	128800	0.3947
AEPSS	5	100	260	79	71	55200	144800	0.3038
AEGINRST	8	38	90	18	12	55000	158400	0.2
AESV	4	138	392	121	89	54800	108400	0.3087
ABES	4	198	497	153	133	54800	137600	0.3078
AOT	3	1371	2742	597	450	54700	214500	0.2177
AEHRST	6	72	149	69	75	54600	112000	0.4631
AINSTT	6	89	193	32	28	54600	225400	0.1658
ELOORT	6	63	155	89	75	54600	92400	0.5742
EENNST	6	78	156	39	46	54600	163800	0.25
DEINRS	6	65	142	74	54	54600	95200	0.5211
AELNR	5	243	535	44	56	54400	392800	0.08224
EEHST	5	175	400	88	75	54400	249600	0.22
CERSU	5	103	266	99	80	54400	133600	0.3722
AHPS	4	145	421	135	85	54400	114400	0.3207
IRS	3	1159	2318	603	428	54300	171500	0.2601
AEIMRST	7	65	149	24	16	54000	225000	0.1611
EILRSTT	7	44	111	65	57	54000	82800	0.5856
DLOS	4	203	524	160	102	53600	145600	0.3053
CORS	4	186	465	98	97	53600	146800	0.2108
EILOR	5	112	236	78	65	53600	126400	0.3305
EIORST	6	173	415	31	41	53200	537600	0.0747
DEEORS	6	52	116	35	16	53200	113400	0.3017
ESST	4	464	928	159	109	53200	307600	0.1713
AEIRST	6	471	1112	23	70	53200	1524600	0.02068
AEELSS	6	57	139	39	20	53200	140000	0.2806
ABDERS	6	46	113	29	23	53200	117600	0.2566
DENT	4	276	552	301	269	53200	100400	0.5453
OPS	3	523	1363	509	393	52900	85400	0.3734
AEINRRST	8	37	93	33	24	52800	132000	0.3548
ABENS	5	86	214	53	69	52800	128800	0.2477
AERTW	5	76	165	57	60	52800	86400	0.3455
AALST	5	175	466	39	39	52800	341600	0.08369
CINO	4	231	650	80	93	52000	228000	0.1231
ALMS	4	280	735	134	154	52000	240400	0.1823
CEOS	4	189	503	75	78	52000	171200	0.1491
AEEMN	5	90	219	41	31	52000	142400	0.1872
EOST	4	491	982	244	256	52000	295200	0.2485
EGIST	5	159	404	70	37	52000	267200	0.1733
ADIRS	5	91	208	50	44	52000	126400	0.2404
ACEHST	6	51	122	53	44	51800	96600	0.4344
AEIMNR	6	70	159	60	51	51800	138600	0.3774
ADESST	6	73	157	32	56	51800	175000	0.2038
EIMS	4	210	420	141	106	51600	111600	0.3357
NOT	3	1355	2710	1663	1304	51500	104700	0.6137
AORSS	5	253	571	53	56	51200	414400	0.09282
EINSW	5	78	199	83	74	51200	92800	0.4171
AENW	4	169	489	73	65	51200	166400	0.1493
ALPST	5	102	262	86	87	51200	140800	0.3282
ELOT	4	351	702	379	337	50800	129200	0.5399
DEOT	4	182	364	151	127	50800	85200	0.4148
HOOST	5	74	191	107	82	50400	67200	0.5602
APRSST	6	70	156	60	55	50400	134400	0.3846
ABOST	5	67	189	54	61	50400	108000	0.2857
DERSU	5	97	235	78	71	50400	125600	0.3319
ADEHRS	6	76	177	80	91	50400	135800	0.452
ADEHR	5	107	247	46	52	50400	160800	0.1862
ADEGNR	6	40	97	45	30	50400	72800	0.4639
GNOS	4	210	577	161	116	50000	166400	0.279
DOST	4	272	652	134	167	50000	207200	0.2055
DEES	4	488	976	213	252	50000	305200	0.2182
EGIT	4	196	500	164	95	50000	134400	0.328
LOOS	4	195	487	203	184	50000	113600	0.4168
EEHT	4	233	528	152	81	50000	150400	0.2879
BEORS	5	80	206	96	87	49600	88000	0.466
ERSST	5	94	188	66	60	49600	97600	0.3511
AIMRS	5	225	541	34	57	49600	405600	0.06285
AETW	4	136	305	101	89	49200	81600	0.3311
EOPSST	6	46	110	26	21	49000	117600	0.2364
EHORSS	6	71	168	99	73	49000	96600	0.5893
DEIPRS	6	62	157	40	27	49000	163800	0.2548
AMRST	5	150	381	106	120	48800	220000	0.2782
AEILR	5	91	182	65	57	48800	93600	0.3571
EMRSU	5	73	205	47	47	48800	126400	0.2293
AEGLN	5	91	210	71	57	48800	111200	0.3381
EORTU	5	115	285	169	148	48800	92800	0.593
EHOORST	7	31	79	40	34	48600	70200	0.5063
EEL	3	676	1352	526	338	48600	82600	0.3891
EEN	3	917	2199	373	269	48400	182600	0.1696
AEFR	4	174	396	187	152	48400	83600	0.4722
ENSY	4	174	530	77	38	48400	181200	0.1453
CEOR	4	174	348	122	116	48000	90400	0.3506
AELRY	5	84	203	38	56	48000	132000	0.1872
ANSW	4	159	452	112	92	48000	136000	0.2478
ILNOS	5	128	330	89	60	48000	192800	0.2697
ALORS	5	145	347	54	43	48000	234400	0.1556
AEINS	5	120	240	62	56	48000	142400	0.2583
MOS	3	561	1462	516	438	47700	94600	0.3529
EENR	4	230	460	211	73	47600	99600	0.4587
AEERRS	6	71	156	39	42	47600	163800	0.25
AMNS	4	228	504	140	118	47600	145600	0.2778
DEEINR	6	115	274	27	42	47600	345800	0.09854
EFRT	4	358	897	80	55	47600	326800	0.08919
AEMNRS	6	57	132	28	37	47600	145600	0.2121
AEGRRS	6	44	93	34	35	47600	82600	0.3656
ABELRS	6	42	111	49	29	47600	86800	0.4414
ACERRS	6	61	143	59	58	47600	117600	0.4126
AFST	4	161	398	170	151	47600	91200	0.4271
DELSU	5	80	213	50	41	47200	130400	0.2347
DEMOS	5	82	201	99	79	47200	81600	0.4925
AKNRS	5	58	172	32	28	47200	112000	0.186
EORSS	5	169	338	171	159	47200	133600	0.5059
ERSTY	5	115	322	62	25	47200	208000	0.1925
CIST	4	320	752	159	182	47200	237200	0.2114
ADEMR	5	122	275	52	40	47200	178400	0.1891
AEGL	4	195	492	116	96	47200	150400	0.2358
ACEPS	5	85	224	134	132	47200	72000	0.5982
ILT	3	1163	2326	1475	1102	46900	85100	0.6341
EINRSST	7	46	104	24	18	46800	144000	0.2308
NOSW	4	140	416	152	113	46800	105600	0.3654
AELRSTT	7	47	105	42	40	46800	113400	0.4
AHN	3	770	1540	511	403	46700	102900	0.3318
EOPRR	5	74	184	44	48	46400	112000	0.2391
ACDR	4	245	490	122	104	46400	147200	0.249
AGS	3	584	1490	539	385	46400	95100	0.3617
DHOS	4	182	540	102	87	46400	175200	0.1889
AKST	4	86	285	107	56	46400	71200	0.3754
AEERSS	6	60	127	54	29	46200	102200	0.4252
ACDERT	6	57	131	46	66	46200	119000	0.3511
EEIRSS	6	113	265	19	11	46200	344400	0.0717
CEOSST	6	55	130	25	27	46200	147000	0.1923
EEPRST	6	61	138	33	49	46200	147000	0.2391
AEHSST	6	61	144	72	49	46200	100800	0.5
DEGINS	6	72	173	54	52	46200	166600	0.3121
EINOSS	6	106	254	19	36	46200	329000	0.0748
EHISST	6	51	112	36	37	46200	106400	0.3214
ALP	3	506	1302	571	455	46100	73100	0.4386
NOOT	4	127	352	64	54	45600	115200	0.1818
EMSU	4	103	328	45	47	45600	113200	0.1372
EENRSST	7	38	91	19	14	45000	129600	0.2088
AEGILNR	7	37	87	16	17	45000	127800	0.1839
ADERRST	7	39	90	27	35	45000	113400	0.3
ADIST	5	206	517	31	24	44800	388800	0.05996
EIMSS	5	90	199	48	45	44800	120800	0.2412
IORSST	6	61	138	39	30	44800	138600	0.2826
EGLO	4	148	397	110	67	44800	114800	0.2771
AEENRT	6	118	248	27	47	44800	309400	0.1089
AHOR	4	288	692	84	97	44800	243200	0.1214
AELPSS	6	37	93	31	19	44800	86800	0.3333
AEPSST	6	45	107	47	52	44800	84000	0.4393
EILRSV	6	33	84	38	23	44800	64400	0.4524
ELS	3	1170	2340	490	279	44800	185000	0.2094
DEHIS	5	130	301	38	54	44800	210400	0.1262
ADEIRR	6	68	139	31	26	44800	151200	0.223
EHNOR	5	96	207	83	67	44800	99200	0.401
INOPST	6	60	155	21	16	44800	187600	0.1355
DEHI	4	170	424	94	95	44800	132000	0.2217
ALT	3	858	1716	823	672	44500	89300	0.4796
NOOS	4	187	458	90	77	44400	147200	0.1965
EEFR	4	125	383	191	117	44400	76800	0.4987
ACEHR	5	102	234	139	111	44000	76000	0.594
AEKS	4	109	301	80	57	44000	88400	0.2658
EILMS	5	122	303	185	165	44000	94400	0.6106
ABR	3	443	1173	527	403	44000	64600	0.4493
AELLS	5	93	186	67	61	44000	95200	0.3602
ADEG	4	186	519	74	69	44000	178000	0.1426
EISS	4	826	1652	161	103	43600	596400	0.09746
OPRT	4	270	540	223	199	43600	126800	0.413
EEFRST	6	59	138	24	16	43400	159600	0.1739
ABERST	6	53	124	38	45	43400	120400	0.3065
AEHLRT	6	50	107	46	36	43400	85400	0.4299
ACERRT	6	61	132	68	67	43400	89600	0.5152
CEORSS	6	49	108	52	31	43400	78400	0.4815
ARSST	5	250	521	82	111	43200	351200	0.1574
ALNOS	5	143	346	38	54	43200	246400	0.1098
EIRV	4	134	330	112	100	43200	87200	0.3394
OOR	3	570	1140	468	364	43200	67200	0.4105
AEEMRST	7	38	92	40	34	43200	93600	0.4348
EORSV	5	58	150	51	42	43200	79200	0.34
DIN	3	958	1916	1018	700	43200	89800	0.5313
AMOR	4	206	512	103	113	43200	163600	0.2012
AKRST	5	64	197	39	29	43200	126400	0.198
AHLS	4	194	388	135	96	42800	101200	0.3479
ACEL	4	140	280	107	84	42800	69200	0.3821
HOOS	4	135	311	81	64	42800	92000	0.2605
ILOT	4	156	312	116	97	42400	78400	0.3718
APSST	5	98	216	68	75	42400	118400	0.3148
EEMRS	5	134	300	71	70	42400	183200	0.2367
DEOPT	5	88	231	42	62	42400	151200	0.1818
EERSV	5	68	171	30	40	42400	112800	0.1754
AILSS	5	130	295	52	53	42400	194400	0.1763
EEFRS	5	64	173	92	51	42400	64800	0.5318
IMRS	4	256	646	90	108	42400	222400	0.1393
AMPS	4	109	336	86	81	42000	100000	0.256
EENNRT	6	68	136	30	50	42000	148400	0.2206
CERSTU	6	40	99	18	11	42000	113400	0.1818
GINORS	6	57	132	49	41	42000	116200	0.3712
DOOR	4	203	564	104	110	42000	184000	0.1844
AEIN	4	455	910	105	46	42000	322000	0.1154
AEHLRS	6	63	136	51	45	42000	119000	0.375
INOPRS	6	42	108	16	8	42000	128800	0.1481
AELSTT	6	109	231	28	46	42000	284200	0.1212
AERSTY	6	52	125	23	20	42000	142800	0.184
ACR	3	578	1156	638	455	41800	51800	0.5519
AKNR	4	89	238	60	54	41600	71200	0.2521
ADEGR	5	75	184	49	60	41600	108000	0.2663
DLO	3	552	1416	635	417	41500	78100	0.4484
OPT	3	528	1373	637	516	41300	73600	0.4639
LOOT	4	188	460	262	225	41200	79200	0.5696
EGN	3	697	1870	407	277	41100	146300	0.2176
EFORS	5	63	143	49	36	40800	75200	0.3427
GIRST	5	195	482	60	50	40800	337600	0.1245
ENNOS	5	78	164	56	53	40800	86400	0.3415
ERRS	4	302	604	108	77	40800	198400	0.1788
IMSST	5	104	236	42	62	40800	155200	0.178
ORSTT	5	139	278	59	90	40800	175200	0.2122
AILMS	5	85	189	45	58	40800	115200	0.2381
CEILS	5	77	205	51	27	40800	123200	0.2488
ACNRS	5	149	374	33	54	40800	272800	0.08824
EORRTT	6	41	88	25	28	40600	88200	0.2841
EFORST	6	55	131	43	39	40600	123200	0.3282
AEEMNS	6	53	138	14	12	40600	173600	0.1014
AEEPRT	6	87	190	28	23	40600	226800	0.1474
ELOPRS	6	39	92	49	32	40600	60200	0.5326
AELLSS	6	58	116	35	37	40600	113400	0.3017
ADEILT	6	55	120	40	45	40600	112000	0.3333
IPRSST	6	64	146	51	36	40600	133000	0.3493
EGR	3	807	2064	406	309	40500	165800	0.1967
EESS	4	519	1424	54	73	40400	548000	0.03792
NRU	3	460	1201	377	312	40400	82400	0.3139
MOSU	4	90	257	57	48	40400	80000	0.2218
DIT	3	944	1888	822	655	40200	106600	0.4354
LOOPS	5	51	140	54	57	40000	68800	0.3857
EFOR	4	129	298	86	64	40000	84800	0.2886
NSU	3	501	1351	292	287	40000	105900	0.2161
ERTY	4	193	505	115	43	40000	156000	0.2277
CHIST	5	77	171	42	49	40000	103200	0.2456
ADEET	5	125	250	54	29	40000	156800	0.216
ADGR	4	149	349	84	67	40000	106000	0.2407
DENU	4	163	403	163	102	40000	96000	0.4045
ELNOR	5	68	136	50	45	40000	68800	0.3676
BEIN	4	156	401	70	86	39600	132400	0.1746
EGST	4	288	693	206	150	39600	194800	0.2973
CEIL	4	142	363	94	65	39600	107600	0.259
AENRST	6	207	462	21	67	39200	617400	0.04545
ADEEMR	6	36	91	15	19	39200	106400	0.1648
ADEINS	6	80	177	20	36	39200	219800	0.113
AEFT	4	170	411	185	130	39200	90400	0.4501
DEOPST	6	41	104	36	36	39200	95200	0.3462
AEHM	4	174	400	74	51	39200	130400	0.185
ABESST	6	31	73	26	31	39200	65800	0.3562
DEOPRT	6	41	102	42	31	39200	84000	0.4118
INRST	5	378	756	49	126	39200	565600	0.06481
DEET	4	430	860	126	219	39200	293600	0.1465
ADEPT	5	99	253	53	80	39200	160000	0.2095
EILOT	5	61	122	49	39	39200	58400	0.4016
DEIMN	5	133	266	49	77	39200	173600	0.1842
CHIT	4	173	398	204	137	38800	77600	0.5126
ABS	3	419	1061	409	306	38800	65200	0.3855
IPS	3	555	1445	393	315	38800	105200	0.272
ELLS	4	156	312	144	75	38400	67200	0.4615
INSTT	5	151	302	160	133	38400	113600	0.5298
EHNT	4	232	464	242	142	38400	88800	0.5216
MOOT	4	112	269	125	95	38400	57600	0.4647
ALOST	5	257	699	30	67	38400	535200	0.04292
ELOP	4	123	304	154	118	38400	60000	0.5066
BSTU	4	90	264	90	73	38400	69600	0.3409
EMNOR	5	86	195	43	29	38400	121600	0.2205
AOR	3	1000	2000	503	320	38300	149700	0.2515
AIN	3	1241	2482	457	343	38100	202500	0.1841
DEIV	4	94	275	95	60	38000	72000	0.3455
CRSU	4	99	277	78	53	38000	79600	0.2816
AEILNST	7	67	152	17	17	37800	243000	0.1118
EHINRS	6	48	113	54	27	37800	82600	0.4779
BERSTU	6	36	80	31	22	37800	68600	0.3875
EILRTT	6	39	87	51	52	37800	50400	0.5862
ELORSS	6	63	143	64	57	37800	110600	0.4476
AERRTT	6	37	74	31	35	37800	60200	0.4189
ADEELN	6	54	122	21	22	37800	141400	0.1721
EERSSTT	7	38	81	37	24	37800	79200	0.4568
ADEILN	6	74	163	28	37	37800	189000	0.1718
EIPRSS	6	47	114	64	27	37800	70000	0.5614
DEINOR	6	53	112	23	9	37800	124600	0.2054
AEHLRST	7	46	101	45	40	37800	100800	0.4455
EILLR	5	81	162	65	48	37600	77600	0.4012
DEENR	5	79	158	73	40	37600	68000	0.462
OOPST	5	72	187	76	84	37600	88800	0.4064
AEHMS	5	76	166	71	56	37600	76000	0.4277
LOS	3	983	1966	1118	796	37400	84800	0.5687
APSS	4	143	374	83	67	37200	116400	0.2219
COT	3	665	1330	521	478	37100	80900	0.3917
ENSTU	5	82	169	44	59	36800	100000	0.2604
COOST	5	56	142	53	47	36800	71200	0.3732
GINRS	5	82	173	62	53	36800	88800	0.3584
CDEOS	5	69	167	38	51	36800	103200	0.2275
ANTU	4	140	356	57	36	36800	119600	0.1601
ADERRS	6	46	94	32	32	36400	86800	0.3404
EOPRRS	6	53	122	23	26	36400	138600	0.1885
EMNO	4	149	418	81	66	36400	134800	0.1938
EINPRS	6	52	113	28	25	36400	119000	0.2478
AMT	3	844	1688	1106	820	36400	58200	0.6552
AEORSS	6	59	118	26	19	36400	128800	0.2203
OPRSST	6	42	84	34	30	36400	70000	0.4048
ARY	3	416	1274	286	175	36200	98800	0.2245
BERTU	5	58	129	38	18	36000	72800	0.2946
EEHRT	5	104	222	90	56	36000	105600	0.4054
EILLRST	7	27	66	24	33	36000	75600	0.3636
AEELT	5	117	234	45	71	36000	151200	0.1923
AELPRST	7	34	79	43	33	36000	64800	0.5443
ADEERRS	7	35	75	16	14	36000	106200	0.2133
OOST	4	183	366	100	80	36000	106400	0.2732
BDEOR	5	68	168	72	59	36000	76800	0.4286
GNSU	4	126	334	88	52	36000	98400	0.2635
AGNRS	5	79	176	46	49	36000	104000	0.2614
DEEIRST	7	52	113	26	19	36000	156600	0.2301
CEHOR	5	67	149	37	37	36000	89600	0.2483
AHLST	5	79	187	55	65	36000	105600	0.2941
DOT	3	734	1468	650	526	35800	81800	0.4428
EFR	3	514	1320	322	241	35800	99800	0.2439
AEFL	4	121	329	72	68	35600	102800	0.2188
HNO	3	619	1238	418	320	35600	82000	0.3376
EER	3	561	1122	607	354	35500	51500	0.541
IMOST	5	89	233	32	35	35200	160800	0.1373
AGIN	4	185	370	102	85	35200	107200	0.2757
AEEPR	5	73	146	46	45	35200	80000	0.3151
BERSU	5	64	150	41	24	35200	87200	0.2733
EIPRT	5	79	181	32	26	35200	119200	0.1768
EGNS	4	231	570	132	52	35200	175200	0.2316
EESTW	5	64	169	37	26	35200	105600	0.2189
ELRSU	5	93	207	97	79	35200	88000	0.4686
NOOST	5	116	232	108	88	35200	99200	0.4655
EGLOS	5	74	178	52	33	35200	100800	0.2921
OOT	3	550	1100	408	330	35200	69200	0.3709
ACELST	6	58	136	16	16	35000	168000	0.1176
ABEERT	6	50	110	31	36	35000	110600	0.2818
CEHINS	6	48	103	32	32	35000	99400	0.3107
DEINRT	6	50	106	26	31	35000	112000	0.2453
AEFLRS	6	41	94	19	16	35000	105000	0.2021
AEKRST	6	43	118	77	51	35000	57400	0.6525
AFR	3	398	1017	334	299	34900	68300	0.3284
ELOV	4	79	225	62	44	34800	65200	0.2756
DEEL	4	205	452	120	121	34800	132800	0.2655
OTW	3	337	962	333	248	34500	62900	0.3462
ALNST	5	117	234	83	81	34400	120800	0.3547
EEMSS	5	88	209	30	36	34400	143200	0.1435
IKST	4	83	240	77	45	34400	65200	0.3208
ADNRS	5	83	175	49	51	34400	100800	0.28
AEGLNRS	7	27	64	33	34	34200	55800	0.5156
AEIRSTT	7	137	328	10	25	34200	572400	0.03049
APR	3	787	1574	1059	815	34100	51500	0.6728
CERU	4	108	250	66	53	34000	73600	0.264
DELU	4	129	352	80	69	34000	108800	0.2273
FIST	4	139	341	136	119	34000	82000	0.3988
ASTU	4	191	474	61	50	34000	165200	0.1287
EIL	3	927	1854	480	380	33800	137400	0.2589
AIRSST	6	61	126	22	19	33600	145600	0.1746
ENORW	5	35	88	26	20	33600	49600	0.2955
AENPSS	6	31	74	29	11	33600	63000	0.3919
DELORS	6	58	125	22	20	33600	144200	0.176
ADDERS	6	34	81	22	24	33600	82600	0.2716
EEFINR	6	36	88	19	8	33600	96600	0.2159
EEPR	4	149	359	177	167	33600	72800	0.493
AEESS	5	92	184	84	61	33600	80000	0.4565
ACDENT	6	36	79	23	27	33600	78400	0.2911
ENO	3	963	1926	402	198	33600	152400	0.2087
ACEMS	5	56	131	67	46	33600	51200	0.5115
ORTW	4	150	353	108	79	33200	98000	0.3059
COS	3	646	1292	453	424	33100	83900	0.3506
HMOS	4	117	324	65	51	32800	103600	0.2006
EGRS	4	228	559	73	49	32800	194400	0.1306
GINST	5	126	252	155	130	32800	77600	0.6151
AINPT	5	51	117	35	41	32800	65600	0.2991
DESU	4	217	663	41	78	32800	248800	0.06184
BENS	4	171	407	72	52	32800	134000	0.1769
DEEOR	5	51	102	45	6	32800	45600	0.4412
ACDES	5	86	200	78	65	32800	97600	0.39
ABL	3	333	881	337	270	32500	54400	0.3825
EHIR	4	190	380	143	123	32400	94800	0.3763
ACEEHRT	7	23	55	19	7	32400	64800	0.3455
AERRSTT	7	36	79	40	33	32400	70200	0.5063
DELOOS	6	30	73	24	20	32200	68600	0.3288
ACDERS	6	56	116	22	35	32200	131600	0.1897
HOO	3	308	747	230	177	32200	51700	0.3079
EOPRSS	6	39	88	52	37	32200	50400	0.5909
EEILRV	6	25	81	14	10	32200	93800	0.1728
EENRTU	6	39	88	17	14	32200	99400	0.1932
EEINRT	6	161	367	17	50	32200	490000	0.04632
ADEEMN	6	34	79	32	20	32200	65800	0.4051
AENRTT	6	41	82	31	35	32200	71400	0.378
AGLS	4	190	466	102	100	32000	145600	0.2189
AEFRT	5	84	194	27	35	32000	133600	0.1392
ALOS	4	248	496	82	69	32000	165600	0.1653
ADPRS	5	109	284	36	49	32000	198400	0.1268
ADEPS	5	72	172	30	36	32000	113600	0.1744
HSTU	4	108	303	83	72	32000	88000	0.2739
EEGR	4	120	261	85	75	32000	70400	0.3257
AIRSS	5	106	229	41	41	32000	150400	0.179
ELOPR	5	70	157	87	55	32000	56000	0.5541
CENOT	5	47	105	31	24	32000	59200	0.2952
ABEN	4	122	315	88	108	32000	90800	0.2794
EENP	4	140	347	96	93	31600	100400	0.2767
AERY	4	184	419	124	47	31600	118000	0.2959
ABLS	4	155	395	89	74	31600	122400	0.2253
CHI	3	288	829	290	235	31600	53900	0.3498
ADL	3	741	1482	651	532	31500	83100	0.4393
FOR	3	332	863	254	199	31400	60900	0.2943
DILO	4	267	921	26	30	31200	358000	0.02823
AINSS	5	58	116	39	29	31200	61600	0.3362
BDEIR	5	65	149	52	42	31200	77600	0.349
ADPR	4	180	412	104	90	31200	123200	0.2524
HOSTU	5	50	130	67	46	31200	50400	0.5154
AMNOR	5	120	284	25	28	31200	207200	0.08803
LNOOS	5	132	308	31	53	31200	221600	0.1006
ACERR	5	89	191	91	78	31200	80000	0.4764
MOOST	5	48	127	53	38	31200	59200	0.4173
DOORS	5	99	258	32	42	31200	180800	0.124
EIPSS	5	74	167	53	49	31200	91200	0.3174
ACDEL	5	95	203	50	73	31200	122400	0.2463
ADEMNS	6	28	66	13	18	30800	74200	0.197
AEKT	4	78	196	66	53	30800	52000	0.3367
EFILST	6	37	97	11	12	30800	120400	0.1134
AELNRT	6	125	290	14	32	30800	386400	0.04828
EILP	4	144	327	137	119	30800	76000	0.419
EHIRSS	6	41	85	21	32	30800	89600	0.2471
ACT	3	493	986	432	413	30600	55400	0.4381
CEORSST	7	22	53	21	16	30600	57600	0.3962
ELORSTT	7	23	54	35	28	30600	34200	0.6481
CIT	3	775	1550	725	565	30500	82500	0.4677
EMNOS	5	81	179	35	34	30400	115200	0.1955
ACMS	4	132	323	77	87	30400	98400	0.2384
ACEM	4	113	268	138	105	30400	52000	0.5149
DILS	4	184	412	90	88	30400	128800	0.2184
EERSW	5	44	112	32	26	30400	64000	0.2857
CINOS	5	117	331	21	30	30400	248000	0.06344
ABNS	4	147	351	124	73	30400	90800	0.3533
INOPR	5	62	152	28	11	30400	99200	0.1842
ILLS	4	114	228	98	76	30400	52000	0.4298
AELRV	5	32	84	40	31	30400	35200	0.4762
HIRS	4	159	318	114	82	30400	81600	0.3585
AGN	3	642	1284	491	364	30100	79300	0.3824
DEIM	4	106	212	75	50	30000	54800	0.3538
ELSY	4	125	321	56	26	30000	106000	0.1745
AHSW	4	70	210	85	57	29600	50000	0.4048
MOOS	4	114	275	80	82	29600	78000	0.2909
AHLOS	5	140	327	25	29	29600	241600	0.07645
CEHT	4	143	342	61	50	29600	112400	0.1784
ADELT	5	154	352	35	79	29600	253600	0.09943
ABDEL	5	41	98	28	36	29600	56000	0.2857
HINT	4	147	294	144	108	29600	60000	0.4898
CEORSU	6	28	68	31	27	29400	51800	0.4559
AEGRRT	6	26	58	20	25	29400	53200	0.3448
CEHIST	6	35	75	26	20	29400	68600	0.3467
EEPRSS	6	40	96	17	22	29400	110600	0.1771
AEP	3	512	1024	564	381	29400	46000	0.5508
AEHRSS	6	42	90	62	54	29400	39200	0.6889
DEIMR	5	65	157	32	45	28800	100000	0.2038
AEINRTT	7	73	167	9	12	28800	284400	0.05389
ATW	3	348	872	386	308	28800	48600	0.4427
ADISS	5	103	254	18	22	28800	188800	0.07087
AEHSS	5	68	136	38	34	28800	78400	0.2794
AEIMN	5	144	332	61	56	28800	216800	0.1837
AEINRRT	7	33	70	31	22	28800	70200	0.4429
ELRSSTU	7	21	52	11	14	28800	73800	0.2115
EELRV	5	34	92	33	23	28800	47200	0.3587
EORRSTT	7	30	67	11	14	28800	100800	0.1642
AENPRST	7	38	82	22	18	28800	108000	0.2683
ADEES	5	66	132	36	31	28800	76800	0.2727
ADELNRS	7	40	90	66	40	28800	43200	0.7333
ADEMS	5	60	133	54	44	28800	63200	0.406
CEIS	4	201	402	153	125	28400	99600	0.3806
OOPR	4	114	288	102	103	28400	74400	0.3542
ALLS	4	113	226	89	75	28400	54800	0.3938
MOR	3	571	1142	608	521	28200	53400	0.5324
LOPS	4	123	295	83	66	28000	84800	0.2814
AEGMR	5	54	125	54	36	28000	56800	0.432
DEMO	4	102	285	136	113	28000	59600	0.4772
ACELT	5	68	150	28	25	28000	97600	0.1867
ADINR	5	212	484	19	34	28000	372000	0.03926
ADELR	5	157	329	43	91	28000	228800	0.1307
AELW	4	83	196	74	46	28000	48800	0.3776
AEINT	5	334	770	24	23	28000	596800	0.03117
ALMORS	6	32	78	13	10	28000	91000	0.1667
EILLRT	6	26	52	20	30	28000	44800	0.3846
AHIL	4	113	226	74	65	28000	60800	0.3274
AEILM	5	54	108	35	48	28000	58400	0.3241
ADEEMS	6	21	50	15	11	28000	49000	0.3
AGILNS	6	71	165	12	15	28000	214200	0.07273
DEIPR	5	70	165	34	42	28000	104800	0.2061
DIST	4	238	476	108	100	28000	147200	0.2269
AENRRT	6	37	74	20	15	28000	75600	0.2703
AERSTV	6	36	83	38	31	28000	63000	0.4578
AEEMS	5	59	118	69	39	28000	39200	0.5847
ADDEER	6	37	79	22	30	28000	79800	0.2785
EIRRTT	6	39	81	18	19	28000	88200	0.2222
ACDIS	5	70	174	29	13	28000	116000	0.1667
CELOS	5	40	99	27	30	28000	57600	0.2727
AEFLS	5	64	144	31	38	28000	90400	0.2153
ADR	3	708	1416	368	274	27800	104800	0.2599
ISST	4	254	508	117	113	27600	156400	0.2303
DEST	4	493	986	71	92	27600	366000	0.07201
RSTU	4	169	338	139	116	27600	79600	0.4112
ENP	3	588	1176	455	315	27500	72100	0.3869
NOO	3	471	1133	215	179	27400	91800	0.1898
EFT	3	425	1099	265	159	27300	83400	0.2411
ENOPS	5	48	116	49	27	27200	53600	0.4224
NRSU	4	166	402	75	85	27200	130800	0.1866
DEINT	5	202	422	29	72	27200	314400	0.06872
EGINR	5	213	530	20	30	27200	408000	0.03774
AOSTT	5	73	146	42	28	27200	83200	0.2877
GIST	4	218	523	137	130	27200	154400	0.262
ANORS	5	139	297	33	36	27200	211200	0.1111
EFILS	5	57	137	49	46	27200	70400	0.3577
AELMR	5	65	135	43	43	27200	73600	0.3185
EGHIN	5	42	88	32	29	27200	44800	0.3636
OPSST	5	68	155	69	64	27200	68800	0.4452
DEGIR	5	52	123	29	22	27200	75200	0.2358
IPRS	4	190	463	114	78	27200	139600	0.2462
DEIPS	5	75	177	39	37	27200	110400	0.2203
AGILNST	7	24	56	29	35	27000	48600	0.5179
AEILRSS	7	43	94	14	19	27000	144000	0.1489
EIMNRST	7	25	56	13	16	27000	77400	0.2321
ACEERST	7	43	103	10	11	27000	167400	0.09709
ACEHRST	7	34	72	26	20	27000	82800	0.3611
ADEEHRS	7	24	60	25	19	27000	63000	0.4167
AEHRSST	7	21	45	13	6	27000	57600	0.2889
DNO	3	727	1454	739	534	26900	71500	0.5083
AFRT	4	156	346	154	151	26800	76800	0.4451
AGRT	4	106	212	83	92	26800	51600	0.3915
AENV	4	67	189	56	46	26800	53200	0.2963
INP	3	482	964	493	369	26700	47100	0.5114
AEHMRS	6	21	47	16	14	26600	43400	0.3404
ACEERT	6	62	132	15	18	26600	163800	0.1136
EELRSV	6	15	35	14	12	26600	29400	0.4
ADENRT	6	42	89	16	25	26600	102200	0.1798
DEGIRS	6	35	82	17	13	26600	91000	0.2073
AEINST	6	165	359	14	11	26600	483000	0.039
AEEMNR	6	40	80	45	32	26600	49000	0.5625
AEEMSS	6	27	63	18	11	26600	63000	0.2857
EEIMRT	6	34	79	12	14	26600	93800	0.1519
AEHORS	6	53	115	16	14	26600	138600	0.1391
AELLST	6	39	78	39	28	26600	54600	0.5
BEIRT	5	54	120	43	43	26400	61600	0.3583
EILPR	5	67	150	37	49	26400	90400	0.2467
EELP	4	121	301	97	100	26400	81600	0.3223
ORSU	4	125	250	96	87	26400	61600	0.384
AEIPR	5	57	114	33	22	26400	64800	0.2895
CDEIS	5	48	118	42	44	26400	60800	0.3559
ADN	3	512	1024	362	268	26400	66200	0.3535
CEOPS	5	42	104	56	41	26400	38400	0.5385
ILMO	4	95	229	43	37	26400	74400	0.1878
ALNOT	5	196	470	16	45	26400	363200	0.03404
EINV	4	71	182	46	41	26400	54400	0.2527
ABCER	5	47	111	29	19	26400	65600	0.2613
ETW	3	410	1029	273	185	26100	75600	0.2653
ACDI	4	197	455	75	33	26000	152000	0.1648
DINT	4	129	258	103	96	26000	62000	0.3992
ACL	3	664	1328	619	525	25900	70900	0.4661
ANP	3	508	1016	553	423	25900	46300	0.5443
ADEW	4	109	258	44	54	25600	85600	0.1705
ABORT	5	50	121	22	20	25600	79200	0.1818
AESW	4	201	460	53	72	25600	162800	0.1152
HOSST	5	52	120	41	44	25600	63200	0.3417
EGNOR	5	48	112	35	29	25600	61600	0.3125
ILMS	4	193	386	92	80	25600	117600	0.2383
GINSS	5	59	137	53	40	25600	67200	0.3869
DEENT	5	63	126	32	8	25600	75200	0.254
ILSST	5	82	177	58	51	25600	95200	0.3277
GIS	3	569	1138	357	276	25300	78100	0.3137
AGIR	4	200	487	44	53	25200	177200	0.09035
EILNRST	7	22	45	18	17	25200	48600	0.4
EIRSTV	6	23	58	14	18	25200	61600	0.2414
EIPSST	6	31	68	28	22	25200	56000	0.4118
DEESTT	6	37	74	18	17	25200	78400	0.2432
ADES	4	341	682	67	93	25200	246000	0.09824
EOSW	4	138	318	61	44	25200	102800	0.1918
AHMS	4	119	294	159	103	25200	54000	0.5408
EEHRST	6	49	105	41	23	25200	89600	0.3905
EORSTV	6	21	50	19	16	25200	43400	0.38
ELNORS	6	26	54	17	12	25200	51800	0.3148
EEIMRST	7	24	56	8	13	25200	86400	0.1429
CENO	4	96	192	77	83	25200	46000	0.401
AGT	3	588	1176	618	456	25000	55800	0.5255
ANW	3	285	710	326	230	25000	38400	0.4592
AGR	3	665	1330	729	560	24900	60100	0.5481
BEIST	5	86	185	28	37	24800	125600	0.1514
HIPS	4	108	294	66	81	24800	91200	0.2245
ALMOR	5	55	121	29	24	24800	73600	0.2397
DEIMT	5	111	222	31	78	24800	152800	0.1396
EORTV	5	38	82	40	23	24800	33600	0.4878
ADOR	4	220	440	64	59	24800	150400	0.1455
ALOT	4	378	910	49	84	24800	344400	0.05385
EENPS	5	49	109	43	45	24800	52800	0.3945
DEHOS	5	60	131	39	35	24800	73600	0.2977
ABESS	5	58	126	55	59	24800	56800	0.4365
BINS	4	136	327	73	51	24800	101600	0.2232
ACEMR	5	61	133	78	38	24800	44000	0.5865
ORSST	5	92	184	79	55	24800	84000	0.4293
ABRS	4	129	296	65	81	24400	92400	0.2196
ATT	3	296	592	264	191	24400	32800	0.4459
IMPS	4	84	239	44	37	24400	78000	0.1841
CRU	3	242	629	269	180	24300	36000	0.4277
HOP	3	296	766	189	165	24300	57700	0.2467
ABT	3	445	890	466	369	24200	42400	0.5236
DEINW	5	40	103	21	25	24000	65600	0.2039
EMNOT	5	64	139	30	25	24000	87200	0.2158
MNO	3	496	992	450	416	24000	54200	0.4536
DEEM	4	160	384	92	103	24000	116800	0.2396
DOPS	4	96	239	63	57	24000	70400	0.2636
GIRT	4	229	529	74	51	24000	182000	0.1399
EILSW	5	42	114	32	24	24000	65600	0.2807
OOPRS	5	35	91	21	20	24000	56000	0.2308
ACHT	4	145	290	138	113	24000	60800	0.4759
AEGNS	5	64	128	34	28	24000	75200	0.2656
AENSW	5	47	106	35	31	24000	56800	0.3302
BDEIRS	6	27	58	18	17	23800	56000	0.3103
AMNORS	6	44	107	10	12	23800	135800	0.09346
EILPRS	6	36	78	19	32	23800	82600	0.2436
DEEIRS	6	56	120	21	10	23800	138600	0.175
EIRSTW	6	39	95	16	14	23800	110600	0.1684
DEINSS	6	27	54	17	7	23800	51800	0.3148
ADEEHR	6	23	50	14	9	23800	50400	0.28
ACHRST	6	21	42	19	16	23800	32200	0.4524
EGILNR	6	33	67	16	21	23800	71400	0.2388
EELRTT	6	23	46	17	18	23800	40600	0.3696
EERSTW	6	31	76	14	13	23800	86800	0.1842
ADESTT	6	51	102	49	65	23800	74200	0.4804
AENRSS	6	31	62	17	11	23800	63000	0.2742
DEORTT	6	27	61	23	30	23800	53200	0.377
AELRSY	6	28	62	29	24	23800	46200	0.4677
EENRRT	6	31	62	21	19	23800	57400	0.3387
ACDENR	6	48	106	18	19	23800	123200	0.1698
GIN	3	617	1234	281	270	23700	95300	0.2277
BENO	4	80	160	59	63	23600	40400	0.3688
LOOP	4	78	192	95	91	23600	38800	0.4948
APSW	4	70	231	81	59	23600	60000	0.3506
AFIL	4	136	318	38	45	23600	112000	0.1195
CEIN	4	217	434	165	141	23600	107600	0.3802
AESY	4	161	440	32	36	23600	163200	0.07273
EFIL	4	82	208	82	54	23600	50400	0.3942
AEERSTT	7	53	109	16	27	23400	167400	0.1468
DEINORS	7	44	109	9	13	23400	180000	0.08257
AEILNRS	7	23	49	25	17	23400	43200	0.5102
DEENRST	7	18	38	15	17	23400	41400	0.3947
ADEELRS	7	19	40	19	19	23400	37800	0.475
EINORST	7	76	162	9	15	23400	275400	0.05556
ADEELRT	7	28	69	11	24	23400	104400	0.1594
EOPRRST	7	17	39	10	15	23400	52200	0.2564
ADEEMNR	7	18	40	12	12	23400	50400	0.3
EGINRST	7	29	58	37	29	23400	37800	0.6379
DEO	3	656	1312	310	201	23200	100200	0.2363
DEIMS	5	51	119	19	25	23200	80000	0.1597
NOOPS	5	55	140	63	55	23200	61600	0.45
ELOSU	5	53	106	29	31	23200	61600	0.2736
DEISS	5	56	112	29	32	23200	66400	0.2589
ABERR	5	55	124	39	43	23200	68000	0.3145
ADORS	5	151	333	22	27	23200	248800	0.06607
DEIRV	5	45	115	38	35	23200	61600	0.3304
ACEH	4	142	284	88	74	23200	78400	0.3099
ILPS	4	131	317	74	61	23200	97200	0.2334
AHSY	4	77	217	53	30	23200	65600	0.2442
GNOST	5	53	106	35	38	23200	56800	0.3302
AERTV	5	47	116	49	41	23200	53600	0.4224
ELOSV	5	34	92	36	40	23200	44800	0.3913
EFILR	5	49	120	64	38	23200	44800	0.5333
ADEIM	5	47	114	20	20	23200	75200	0.1754
HOT	3	498	996	317	278	22900	67900	0.3183
ABDE	4	75	198	56	58	22800	56800	0.2828
AOPS	4	249	705	30	28	22800	270000	0.04255
HOOT	4	75	150	57	42	22800	37200	0.38
MSU	3	252	670	228	161	22600	44200	0.3403
AANRS	5	286	721	14	19	22400	565600	0.01942
CHIS	4	132	319	50	70	22400	107600	0.1567
ENORSW	6	18	43	14	12	22400	40600	0.3256
FIRST	5	82	193	54	42	22400	111200	0.2798
DEORSU	6	21	46	24	18	22400	30800	0.5217
ADERW	5	59	135	26	33	22400	87200	0.1926
DEEINS	6	152	375	9	39	22400	512400	0.024
ABORST	6	22	55	12	9	22400	60200	0.2182
AEILMS	6	51	117	13	31	22400	145600	0.1111
AGPS	4	79	202	74	60	22400	51200	0.3663
CEORRS	6	26	54	16	18	22400	53200	0.2963
EEMSST	6	34	76	12	11	22400	89600	0.1579
ABEIRT	6	35	78	14	10	22400	89600	0.1795
ABDELR	6	22	50	22	17	22400	39200	0.44
EOPRRT	6	19	43	17	15	22400	36400	0.3953
AERSSW	6	24	55	15	17	22400	56000	0.2727
CDEORS	6	24	53	17	17	22400	50400	0.3208
EIKNRT	6	25	50	16	15	22400	47600	0.32
ADEHST	6	29	61	24	20	22400	51800	0.3934
CEHOS	5	50	110	27	23	22400	66400	0.2455
DEHIST	6	36	78	15	25	22400	88200	0.1923
CEINRS	6	30	60	16	16	22400	61600	0.2667
EHSST	5	66	132	52	36	22400	64000	0.3939
DORST	5	84	168	44	44	22400	99200	0.2619
AACRT	5	89	178	44	28	22400	107200	0.2472
MOT	3	534	1068	606	473	22400	46200	0.5674
NTU	3	496	992	464	358	22400	52800	0.4677
ERSTT	5	475	1167	23	73	22400	915200	0.01971
AGILRS	6	19	43	11	7	22400	44800	0.2558
DEOPRS	6	21	45	23	13	22400	30800	0.5111
EMOSU	5	32	70	26	22	22400	35200	0.3714
ENSW	4	124	286	81	53	22000	82000	0.2832
ACNS	4	135	270	115	90	22000	62000	0.4259
IRSS	4	464	928	61	65	22000	346800	0.06573
IPR	3	516	1032	457	366	21700	57500	0.4428
BEINS	5	48	106	26	31	21600	64000	0.2453
ADOST	5	63	133	27	24	21600	84800	0.203
BEST	4	167	334	130	102	21600	81600	0.3892
EHLO	4	96	192	64	53	21600	51200	0.3333
AEEPRST	7	35	72	11	10	21600	109800	0.1528
EOPRSST	7	19	41	20	16	21600	37800	0.4878
EERRS	5	105	210	29	23	21600	144800	0.1381
ILNS	4	239	478	60	81	21600	167200	0.1255
AEGINRR	7	17	40	10	14	21600	54000	0.25
AEENSST	7	45	103	9	23	21600	169200	0.08738
ADEHT	5	64	128	33	40	21600	76000	0.2578
HISST	5	62	134	31	37	21600	82400	0.2313
AENRT	5	100	200	27	14	21600	138400	0.135
AELLSST	7	19	41	19	16	21600	39600	0.4634
AEIPRST	7	68	158	12	19	21600	262800	0.07595
HORS	4	99	198	58	57	21600	56000	0.2929
DILOS	5	141	384	17	22	21600	293600	0.04427
AANRT	5	208	490	17	22	21600	378400	0.03469
EMOT	4	158	316	180	164	21600	54400	0.5696
ABDOR	5	47	130	21	13	21600	87200	0.1615
AERRSST	7	28	57	28	25	21600	52200	0.4912
ARW	3	396	792	422	378	21400	37000	0.5328
CIS	3	709	1418	281	339	21300	113700	0.1982
IPT	3	498	996	383	344	21300	61300	0.3845
IKNT	4	87	174	55	48	21200	47600	0.3161
ACLT	4	237	474	53	81	21200	168400	0.1118
ARSY	4	92	210	41	33	21200	67600	0.1952
ASY	3	364	931	166	119	21200	76500	0.1783
AEHL	4	134	268	175	148	21200	37200	0.653
EGOS	4	200	574	26	47	21200	219200	0.0453
AHLT	4	122	244	129	93	21200	46000	0.5287
AEG	3	442	884	269	195	21100	61500	0.3043
ABERSS	6	21	49	10	12	21000	54600	0.2041
DEILNT	6	25	50	15	17	21000	49000	0.3
ACEORT	6	23	46	21	20	21000	35000	0.4565
ACH	3	342	684	392	273	21000	29200	0.5731
EILPSS	6	25	64	16	8	21000	67200	0.25
AEGGRS	6	15	41	12	9	21000	40600	0.2927
AEHLST	6	78	180	17	17	21000	228200	0.09444
AEHNST	6	49	100	15	20	21000	119000	0.15
AEMNST	6	48	112	12	22	21000	140000	0.1071
ADELRS	6	72	150	21	48	21000	180600	0.14
AEILRR	6	28	56	19	15	21000	51800	0.3393
ADEHRT	6	46	99	11	9	21000	123200	0.1111
EFILRS	6	25	59	28	19	21000	43400	0.4746
AELRTT	6	32	72	34	30	21000	53200	0.4722
EIMNRT	6	35	70	29	26	21000	57400	0.4143
AEGPRS	6	37	91	61	44	21000	42000	0.6703
EORRTU	6	23	53	21	17	21000	44800	0.3962
EGNORS	6	22	48	14	11	21000	47600	0.2917
EILORS	6	29	58	17	16	21000	57400	0.2931
IMR	3	588	1176	481	399	20900	69500	0.409
BRU	3	228	654	255	161	20900	39900	0.3899
OOPRT	5	59	125	22	16	20800	82400	0.176
AGILN	5	140	369	15	15	20800	283200	0.04065
AENOT	5	104	208	26	50	20800	145600	0.125
ACMRS	5	57	137	32	24	20800	84000	0.2336
ENSS	4	183	366	54	58	20800	124800	0.1475
ENRSU	5	60	120	30	36	20800	72000	0.25
EIRTW	5	42	92	25	16	20800	53600	0.2717
EEKST	5	50	137	30	32	20800	85600	0.219
ACPRS	5	56	129	65	41	20800	51200	0.5039
DEHRS	5	97	213	19	12	20800	155200	0.0892
DEEPS	5	62	142	53	41	20800	71200	0.3732
IKNST	5	40	97	30	31	20800	53600	0.3093
ABN	3	339	678	333	253	20700	34500	0.4912
EMS	3	624	1248	210	165	20600	103800	0.1683
ALM	3	536	1072	614	486	20600	45800	0.5728
AANT	4	231	462	61	57	20400	160400	0.132
ACMR	4	158	316	105	81	20400	84400	0.3323
ADSW	4	81	212	63	48	20400	59600	0.2972
ADOS	4	449	1321	48	48	20400	509200	0.03634
AANST	5	84	168	31	26	20000	109600	0.1845
DEOPR	5	51	119	52	56	20000	53600	0.437
OOPS	4	119	291	62	91	20000	91600	0.2131
EELNS	5	113	226	81	52	20000	116000	0.3584
AISST	5	152	329	20	14	20000	247200	0.06079
AHORS	5	101	224	25	40	20000	159200	0.1116
CENOR	5	84	176	27	33	20000	119200	0.1534
BOST	4	143	286	64	59	20000	88800	0.2238
ENNO	4	114	228	52	60	20000	70400	0.2281
ELOOS	5	64	128	63	46	20000	52000	0.4922
AEIRT	5	529	1200	21	74	20000	943200	0.0175
CEIPS	5	40	90	17	13	20000	58400	0.1889
EMOP	4	72	173	43	56	20000	52000	0.2486
EIKRS	5	59	161	13	19	20000	118400	0.08075
EIKST	5	45	100	50	34	20000	40000	0.5
GILNOOS	7	15	34	15	10	19800	34200	0.4412
GINORST	7	22	52	37	23	19800	27000	0.7115
AELNRST	7	58	126	13	20	19800	203400	0.1032
ADEILRT	7	29	60	18	20	19800	75600	0.3
AEINRSTT	8	26	60	5	5	19800	121000	0.08333
ABEERST	7	25	54	15	19	19800	70200	0.2778
DEORSTU	7	15	35	12	7	19800	41400	0.3429
ACGINRS	7	12	29	14	12	19800	27000	0.4828
EILORST	7	19	38	13	14	19800	45000	0.3421
EGINNST	7	23	51	16	17	19800	63000	0.3137
ADEELST	7	19	38	19	16	19800	34200	0.5
EGINRRS	7	16	35	11	11	19800	43200	0.3143
EELRSTT	7	14	32	11	8	19800	37800	0.3438
ELOORST	7	19	43	20	19	19800	41400	0.4651
ABDEERT	7	8	27	4	4	19800	41400	0.1481
EFILRT	6	26	55	25	17	19600	42000	0.4545
IKNS	4	72	182	69	56	19600	45200	0.3791
AEILNT	6	72	150	17	13	19600	186200	0.1133
AEINRV	6	19	46	10	10	19600	50400	0.2174
EIKNRS	6	18	45	11	11	19600	47600	0.2444
ADERRW	6	24	64	16	15	19600	67200	0.25
DEENTT	6	36	83	21	21	19600	86800	0.253
ADDENS	6	30	72	12	18	19600	84000	0.1667
ACGINR	6	21	49	22	16	19600	37800	0.449
ABOS	4	117	284	44	31	19600	96000	0.1549
ELOSSU	6	21	47	9	10	19600	53200	0.1915
DEFINR	6	15	33	13	20	19600	28000	0.3939
ELTU	4	127	254	75	84	19600	71600	0.2953
GILNOS	6	33	75	32	31	19600	60200	0.4267
EINORT	6	59	124	13	15	19600	155400	0.1048
EESW	4	77	171	55	40	19600	46400	0.3216
ADESTW	6	23	50	17	17	19600	46200	0.34
ACERTU	6	19	47	10	4	19600	51800	0.2128
OSU	3	380	760	398	278	19400	36200	0.5237
AOSST	5	144	341	16	28	19200	260000	0.04692
ABRST	5	75	158	38	35	19200	96000	0.2405
MOORS	5	41	97	37	30	19200	48000	0.3814
AANS	4	190	380	48	21	19200	132800	0.1263
DEOPS	5	34	74	30	31	19200	35200	0.4054
DLOOR	5	47	109	19	10	19200	72000	0.1743
DEHIR	5	60	120	54	59	19200	52800	0.45
AEIMS	5	65	130	24	19	19200	84800	0.1846
EEGST	5	65	145	22	7	19200	98400	0.1517
CEERS	5	79	175	46	47	19200	103200	0.2629
ELSTU	5	70	140	40	57	19200	80000	0.2857
EINSV	5	44	96	22	28	19200	59200	0.2292
BEER	4	89	216	101	95	19200	46000	0.4676
BEEST	5	64	136	51	31	19200	68000	0.375
ACHST	5	46	101	32	29	19200	55200	0.3168
ADLO	4	138	339	27	33	19200	124800	0.07965
EEPS	4	199	398	104	102	19200	117600	0.2613
ADESW	5	36	82	19	24	19200	50400	0.2317
DESY	4	111	261	56	14	19200	82000	0.2146
BOS	3	277	710	169	175	19100	54100	0.238
BIN	3	295	590	246	211	19000	34400	0.4169
MOO	3	226	452	194	160	19000	25800	0.4292
EFN	3	386	772	225	146	18900	54700	0.2915
AEM	3	603	1206	237	179	18900	96900	0.1965
AGHS	4	86	214	81	79	18800	53200	0.3785
DEOP	4	63	126	53	39	18800	29200	0.4206
BEIR	4	148	356	35	46	18800	128400	0.09831
BEOR	4	102	204	123	109	18800	32400	0.6029
ABLST	5	47	94	43	26	18400	40800	0.4574
AEKNR	5	34	86	22	14	18400	51200	0.2558
CDEIT	5	81	173	34	54	18400	111200	0.1965
BRSU	4	64	168	55	35	18400	45200	0.3274
AAMNS	5	37	78	21	14	18400	45600	0.2692
OOPT	4	56	112	46	39	18400	26400	0.4107
ADRSW	5	48	117	44	35	18400	58400	0.3761
ADNST	5	59	118	47	47	18400	56800	0.3983
AELSW	5	69	154	94	66	18400	48000	0.6104
ARSTY	5	45	111	39	27	18400	57600	0.3514
ORSTY	5	60	175	27	11	18400	118400	0.1543
NOSTU	5	69	177	23	39	18400	123200	0.1299
ILLST	5	45	97	59	46	18400	30400	0.6082
ENRTU	5	34	68	23	16	18400	36000	0.3382
ELLST	5	72	144	95	71	18400	39200	0.6597
DEELS	5	90	197	22	38	18400	140000	0.1117
BELST	5	80	175	19	27	18400	124800	0.1086
CEINOS	6	45	98	11	18	18200	121800	0.1122
EEGRST	6	27	58	10	14	18200	67200	0.1724
EFIRST	6	79	187	8	24	18200	250600	0.04278
AEMNOR	6	31	65	12	11	18200	74200	0.1846
DEINNT	6	51	116	10	20	18200	148400	0.08621
AEY	3	248	693	129	65	18200	56400	0.1861
ABO	3	180	510	129	93	18200	38100	0.2529
ABINRS	6	14	32	9	12	18200	32200	0.2812
AEELRV	6	13	33	14	6	18200	26600	0.4242
AENOST	6	76	152	27	63	18200	175000	0.1776
AELLRT	6	22	44	15	18	18200	40600	0.3409
AEENRR	6	43	98	11	16	18200	121800	0.1122
AACRST	6	27	54	17	8	18200	51800	0.3148
CENORS	6	31	67	11	17	18200	78400	0.1642
AEGINS	6	25	50	13	10	18200	51800	0.26
EHINSS	6	20	40	15	14	18200	35000	0.375
EOSSTU	6	18	36	13	8	18200	32200	0.3611
AEIMSS	6	37	80	13	11	18200	93800	0.1625
AELMRS	6	21	43	12	7	18200	43400	0.2791
CEENRT	6	49	109	47	45	18200	86800	0.4312
ADEFRT	6	14	33	15	13	18200	25200	0.4545
ORSTTU	6	29	65	13	11	18200	72800	0.2
ACENST	6	66	156	8	14	18200	207200	0.05128
DES	3	1142	2284	183	164	18100	210100	0.08012
EHIS	4	212	424	45	34	18000	151600	0.1061
AEILLST	7	18	39	7	7	18000	57600	0.1795
DEIORST	7	61	132	15	10	18000	210600	0.1136
ABOT	4	80	160	69	64	18000	36400	0.4313
AEKL	4	51	132	43	49	18000	35600	0.3258
AEEHRST	7	16	33	9	9	18000	43200	0.2727
AIM	3	476	952	260	185	18000	69200	0.2731
AEELRSS	7	25	52	24	24	18000	50400	0.4615
ALMO	4	108	270	44	57	18000	90400	0.163
AEGM	4	56	152	72	57	18000	32000	0.4737
CHIN	4	78	156	75	50	18000	32400	0.4808
ENOORSS	7	20	43	8	10	18000	63000	0.186
ENORSST	7	18	40	14	13	18000	46800	0.35
AGMR	4	138	276	107	65	18000	67600	0.3877
CNORS	5	55	122	51	42	17600	56800	0.418
AEGP	4	56	140	82	52	17600	23200	0.5857
ACLST	5	98	228	25	40	17600	162400	0.1096
ILOR	4	127	254	52	57	17600	80800	0.2047
ERSTW	5	65	145	32	27	17600	90400	0.2207
CLOST	5	32	64	30	32	17600	27200	0.4688
EEKNS	5	23	61	17	10	17600	35200	0.2787
EKST	4	130	352	38	32	17600	125600	0.108
AEPRR	5	50	100	50	52	17600	40000	0.5
ADMR	4	214	428	70	84	17600	143200	0.1636
HORST	5	49	98	24	29	17600	59200	0.2449
DENNO	5	33	66	22	14	17600	35200	0.3333
ADEKR	5	30	83	13	29	17600	56000	0.1566
ABINR	5	29	69	14	19	17600	44000	0.2029
ADEERRST	8	13	30	7	4	17600	50600	0.2333
DEISV	5	27	66	18	15	17600	38400	0.2727
ENTT	4	176	352	240	118	17600	44800	0.6818
OOP	3	219	438	189	154	17300	24900	0.4315
NOTU	4	117	275	33	68	17200	96800	0.12
ASTV	4	77	179	49	48	17200	52000	0.2737
ORTY	4	118	312	31	14	17200	112400	0.09936
ABEM	4	80	192	35	26	17200	62800	0.1823
CILO	4	65	130	43	36	17200	34800	0.3308
MORS	4	93	186	61	63	17200	50000	0.328
BEN	3	349	698	228	172	17000	47000	0.3266
ADEHLS	6	31	65	22	27	16800	60200	0.3385
AMOST	5	74	165	19	32	16800	116800	0.1152
ACHRT	5	31	62	35	29	16800	21600	0.5645
EINRSU	6	75	178	10	6	16800	235200	0.05618
DNRU	4	83	190	33	30	16800	62800	0.1737
AELNP	5	44	99	18	19	16800	64800	0.1818
DEORSW	6	21	46	20	11	16800	36400	0.4348
ALMST	5	48	96	21	31	16800	60000	0.2188
AEHPS	5	31	64	33	24	16800	24800	0.5156
ABHT	4	52	123	34	22	16800	35600	0.2764
ADEHPS	6	13	30	13	4	16800	23800	0.4333
EINNRT	6	13	26	14	11	16800	16800	0.5385
ADEIRT	6	126	277	9	35	16800	375200	0.03249
ACEHNS	6	25	55	7	6	16800	67200	0.1273
AIMSS	5	57	145	19	9	16800	100800	0.131
ACEINR	6	30	60	14	11	16800	64400	0.2333
ELSU	4	201	484	33	24	16800	180400	0.06818
ORSSTU	6	18	38	12	9	16800	36400	0.3158
ADEMST	6	27	54	12	18	16800	58800	0.2222
EMOTT	5	32	65	22	21	16800	34400	0.3385
EMORSS	6	15	31	13	14	16800	25200	0.4194
EGIMNR	6	15	33	9	13	16800	33600	0.2727
AHOSST	6	17	40	10	2	16800	42000	0.25
BENOS	5	30	60	21	20	16800	31200	0.35
ILORS	5	74	158	19	22	16800	111200	0.1203
ADEGS	5	43	100	15	8	16800	68000	0.15
ACEMRS	6	30	65	37	12	16800	39200	0.5692
EILM	4	116	232	146	124	16800	34400	0.6293
EILNST	6	190	461	12	53	16800	628600	0.02603
ADRW	4	112	224	88	88	16800	54400	0.3929
ADLS	4	143	286	54	58	16800	92800	0.1888
CDEIRS	6	32	69	28	29	16800	57400	0.4058
AEELRT	6	121	242	70	109	16800	240800	0.2893
EIMSST	6	31	64	11	15	16800	74200	0.1719
ESSTY	5	35	78	18	9	16800	48000	0.2308
EENSV	5	38	96	22	17	16800	59200	0.2292
AEPSTT	6	21	45	11	14	16800	47600	0.2444
ACDIR	5	71	161	15	13	16800	116800	0.09317
AEELPS	6	16	35	11	3	16800	33600	0.3143
EORTW	5	28	59	20	18	16800	31200	0.339
ELOORS	6	19	38	16	11	16800	30800	0.4211
IPRT	4	106	212	48	41	16800	65600	0.2264
AFRS	4	109	251	37	49	16800	85600	0.1474
ADH	3	459	918	221	186	16500	69700	0.2407
GIT	3	554	1108	435	312	16500	67300	0.3926
ESY	3	527	1338	178	109	16500	116000	0.133
AMOT	4	125	250	43	54	16400	82800	0.172
ABOR	4	82	164	63	55	16400	40400	0.3841
AMOS	4	188	463	34	65	16400	171600	0.07343
APSY	4	66	192	70	34	16400	48800	0.3646
DOPR	4	107	252	40	30	16400	84800	0.1587
PRSU	4	61	149	38	28	16400	44400	0.255
NOTW	4	66	157	41	37	16400	46400	0.2611
ADEHRST	7	29	64	6	7	16200	104400	0.09375
AEHILRS	7	17	38	8	6	16200	54000	0.2105
ACDENST	7	13	27	12	5	16200	27000	0.4444
ADEERRT	7	14	28	9	5	16200	34200	0.3214
ACERRST	7	23	49	32	33	16200	30600	0.6531
EEGILNS	7	16	35	7	8	16200	50400	0.2
EORRSTU	7	16	36	20	17	16200	28800	0.5556
EEILRSV	7	9	24	6	6	16200	32400	0.25
AEMPRST	7	11	25	12	7	16200	23400	0.48
GNO	3	430	860	306	243	16200	55400	0.3558
AHO	3	367	734	172	118	16200	56200	0.2343
ASW	3	347	694	321	261	16100	37300	0.4625
ALNRS	5	49	98	22	20	16000	60800	0.2245
EILW	4	55	131	29	20	16000	40800	0.2214
EKORS	5	23	60	12	8	16000	38400	0.2
OPSU	4	65	158	35	23	16000	49200	0.2215
ENOPR	5	39	78	20	20	16000	46400	0.2564
AFRST	5	70	153	74	62	16000	63200	0.4837
EOPSS	5	52	106	54	46	16000	41600	0.5094
DOPRS	5	34	90	12	9	16000	62400	0.1333
DORSW	5	34	85	25	17	16000	48000	0.2941
EEHLS	5	60	137	53	38	16000	67200	0.3869
AEFLR	5	33	70	22	15	16000	38400	0.3143
AEHNT	5	85	170	32	19	16000	110400	0.1882
DENOT	5	106	212	66	111	16000	116800	0.3113
CEEHR	5	44	101	27	32	16000	59200	0.2673
NRTU	4	73	146	64	69	16000	32800	0.4384
ACLOS	5	57	143	21	30	16000	97600	0.1469
BENOR	5	30	60	32	34	16000	22400	0.5333
ABDRS	5	40	87	41	28	16000	36800	0.4713
AAIRT	5	250	595	16	14	16000	463200	0.02689
ABEMR	5	36	81	33	11	16000	38400	0.4074
AGL	3	444	888	396	327	16000	49200	0.4459
AALMS	5	46	123	10	13	16000	90400	0.0813
AEKLS	5	26	66	25	29	16000	32800	0.3788
HOOP	4	71	142	44	38	16000	39200	0.3099
NOW	3	247	648	254	209	15900	39400	0.392
AGRS	4	115	230	63	55	15600	66800	0.2739
IMOT	4	189	436	36	57	15600	160000	0.08257
AART	4	161	322	59	44	15600	105200	0.1832
ACHS	4	68	136	67	57	15600	27600	0.4926
GHIN	4	65	130	55	37	15600	30000	0.4231
IMSS	4	81	188	42	39	15600	58400	0.2234
AILV	4	62	165	32	32	15600	53200	0.1939
AEGINRSTT	9	8	17	5	5	15600	31200	0.2941
OSST	4	111	222	53	50	15600	67600	0.2387
AGNW	4	67	134	49	44	15600	34000	0.3657
BNO	3	273	546	235	202	15500	31100	0.4304
EINNST	6	85	201	8	37	15400	270200	0.0398
ADEFST	6	17	42	7	9	15400	49000	0.1667
ACDEIR	6	29	61	8	10	15400	74200	0.1311
CEIPRS	6	12	29	14	7	15400	21000	0.4828
CEINOR	6	20	47	10	11	15400	51800	0.2128
AINPST	6	18	38	11	13	15400	37800	0.2895
AEHILR	6	20	40	23	16	15400	23800	0.575
ACDEHR	6	17	37	16	11	15400	29400	0.4324
AEMRSS	6	19	41	12	11	15400	40600	0.2927
ACEHRT	6	14	28	13	8	15400	21000	0.4643
EGINRRST	8	10	22	6	8	15400	35200	0.2727
ADERTT	6	37	74	23	28	15400	71400	0.3108
EEGNST	6	47	104	11	6	15400	130200	0.1058
AEPRRT	6	26	52	29	23	15400	32200	0.5577
DELOOT	6	20	49	8	18	15400	57400	0.1633
AIMNST	6	49	105	9	14	15400	134400	0.08571
AEINNT	6	54	120	8	21	15400	156800	0.06667
EELSTT	6	28	56	11	9	15400	63000	0.1964
ADENPR	6	14	28	11	7	15400	23800	0.3929
AEKRSS	6	19	44	14	14	15400	42000	0.3182
EORSSW	6	13	30	9	11	15400	29400	0.3
ACELMS	6	21	51	6	3	15400	63000	0.1176
ACESST	6	23	46	13	9	15400	46200	0.2826
EILLRS	6	25	50	33	26	15400	23800	0.66
AEINRSST	8	22	46	6	11	15400	88000	0.1304
ACRSST	6	13	26	13	7	15400	18200	0.5
CDEERS	6	17	35	12	9	15400	32200	0.3429
ADEGRR	6	15	36	11	7	15400	35000	0.3056
AELPRS	6	18	37	19	13	15400	25200	0.5135
DEILRS	6	38	80	24	13	15400	78400	0.3
ALMOS	5	43	98	27	26	15200	56800	0.2755
ABIST	5	52	111	19	21	15200	73600	0.1712
AENSV	5	26	67	23	22	15200	35200	0.3433
AGIRS	5	70	155	12	19	15200	114400	0.07742
NOOP	4	84	168	50	60	15200	47200	0.2976
ILSTT	5	87	174	63	49	15200	88800	0.3621
ENPS	4	149	298	112	50	15200	74400	0.3758
NOSTW	5	41	102	29	21	15200	58400	0.2843
DEEP	4	121	242	60	72	15200	72800	0.2479
EISV	4	103	206	44	43	15200	64800	0.2136
CERST	5	71	142	19	16	15200	98400	0.1338
DELT	4	134	268	46	37	15200	88800	0.1716
DEGIN	5	27	54	29	18	15200	20000	0.537
AGIST	5	78	175	14	25	15200	128800	0.08
EEFRR	5	31	84	8	11	15200	60800	0.09524
MORST	5	40	80	21	30	15200	47200	0.2625
CLOT	4	57	114	50	50	15200	25600	0.4386
INORT	5	182	364	19	21	15200	276000	0.0522
EIRW	4	64	128	42	34	15200	34400	0.3281
MSSTU	5	27	63	13	12	15200	40000	0.2063
LOSTU	5	38	86	13	16	15200	58400	0.1512
ERU	3	506	1012	194	132	15200	81800	0.1917
CDO	3	333	666	228	188	15000	43800	0.3423
HMO	3	223	592	92	63	14800	50000	0.1554
AAMS	4	184	445	47	37	14800	159200	0.1056
HNOS	4	101	202	63	54	14800	55600	0.3119
ARSW	4	101	202	51	64	14800	60400	0.2525
ALSS	4	96	192	57	59	14800	54000	0.2969
ALSW	4	82	190	43	42	14800	58800	0.2263
ERTW	4	203	406	43	38	14800	145200	0.1059
DEPS	4	206	514	45	58	14800	187600	0.08755
PSU	3	202	544	151	128	14700	39300	0.2776
EMR	3	498	996	173	159	14500	82300	0.1737
ATTW	4	66	150	28	21	14400	48800	0.1867
ACDEERT	7	15	37	4	6	14400	59400	0.1081
AEPRSST	7	15	31	8	8	14400	41400	0.2581
AEPRV	5	23	59	19	18	14400	32000	0.322
ABDEORT	7	10	23	5	6	14400	32400	0.2174
ADM	3	401	802	368	291	14400	43400	0.4589
EEORSTV	7	8	18	6	2	14400	21600	0.3333
AGINT	5	35	70	26	9	14400	35200	0.3714
AFIN	4	56	112	36	26	14400	30400	0.3214
COOT	4	55	110	38	38	14400	28800	0.3455
ELPSU	5	29	88	31	17	14400	45600	0.3523
EORSSTW	7	15	35	11	8	14400	43200	0.3143
ELP	3	502	1004	202	195	14400	80200	0.2012
LMOOS	5	28	78	13	21	14400	52000	0.1667
AEIMNRS	7	10	22	6	3	14400	28800	0.2727
AILW	4	61	122	42	30	14400	32000	0.3443
DENSS	5	50	100	46	29	14400	43200	0.46
AEGIMNR	7	13	29	6	8	14400	41400	0.2069
DLOOS	5	40	91	14	12	14400	61600	0.1538
ADENRST	7	27	55	20	26	14400	63000	0.3636
ADEINRT	7	37	75	27	26	14400	86400	0.36
ADENW	5	39	94	19	12	14400	60000	0.2021
AELRW	5	23	46	20	16	14400	20800	0.4348
EINOS	5	76	152	18	18	14400	107200	0.1184
ADEILRS	7	24	52	11	6	14400	73800	0.2115
BEERS	5	40	93	44	46	14400	39200	0.4731
ASSTW	5	43	99	37	30	14400	49600	0.3737
CEINORS	7	33	71	7	8	14400	115200	0.09859
AEPRRSS	7	11	26	14	12	14400	21600	0.5385
ABDES	5	37	81	20	25	14400	48800	0.2469
ADDEERT	7	22	46	8	25	14400	68400	0.1739
DEINRU	6	30	62	10	9	14000	72800	0.1613
DEIRSS	6	18	36	10	11	14000	36400	0.2778
EILORT	6	15	30	14	12	14000	22400	0.4667
ADEKNR	6	12	28	10	10	14000	25200	0.3571
ADEHIR	6	28	56	10	16	14000	64400	0.1786
EGILNS	6	34	73	21	20	14000	72800	0.2877
OOPSST	6	16	32	10	12	14000	30800	0.3125
EFNO	4	68	136	35	33	14000	40400	0.2574
ADELLS	6	13	26	10	5	14000	22400	0.3846
EHSSTU	6	12	25	9	3	14000	22400	0.36
EMOSSU	6	8	20	6	4	14000	19600	0.3
ELSW	4	105	210	41	20	14000	67600	0.1952
ADEORS	6	76	164	9	23	14000	217000	0.05488
ADILRS	6	44	95	9	10	14000	120400	0.09474
ELSS	4	129	258	41	45	14000	86800	0.1589
ABEORT	6	17	36	20	9	14000	22400	0.5556
EERRSV	6	18	42	7	7	14000	49000	0.1667
EKNS	4	94	235	27	12	14000	83200	0.1149
ERSSTU	6	53	114	9	17	14000	147000	0.07895
DEISST	6	54	118	9	13	14000	152600	0.07627
CDEHIN	6	16	34	10	10	14000	33600	0.2941
ELORSW	6	27	62	21	16	14000	57400	0.3387
ELORTT	6	21	42	30	22	14000	16800	0.7143
GIILNS	6	19	38	10	7	14000	39200	0.2632
EIORSS	6	120	271	7	20	14000	369600	0.02583
ABELTT	6	15	36	7	4	14000	40600	0.1944
AEHRSW	6	15	33	10	5	14000	32200	0.303
AEGNRR	6	13	26	10	13	14000	22400	0.3846
EEKS	4	40	93	37	20	14000	22400	0.3978
EEMNSS	6	17	38	7	3	14000	43400	0.1842
ABDORS	6	15	37	10	7	14000	37800	0.2703
AELNTT	6	68	142	15	24	14000	177800	0.1056
LOOSST	6	22	46	9	14	14000	51800	0.1957
EENSST	6	18	36	20	16	14000	22400	0.5556
AEGILR	6	16	32	10	8	14000	30800	0.3125
ELORSU	6	21	45	19	23	14000	36400	0.4222
CERRSU	6	18	39	19	19	14000	28000	0.4872
AEILMR	6	15	30	20	16	14000	14000	0.6667
AELPRT	6	21	42	22	23	14000	28000	0.5238
AELMNT	6	33	70	14	18	14000	78400	0.2
AEKSST	6	15	34	19	20	14000	21000	0.5588
DIS	3	590	1180	145	147	13700	103500	0.1229
AHHS	4	81	220	40	26	13600	72000	0.1818
EHILS	5	79	170	11	13	13600	127200	0.06471
AILSW	5	21	47	13	12	13600	27200	0.2766
DEFIL	5	27	67	12	13	13600	44000	0.1791
DEHNS	5	47	94	47	31	13600	37600	0.5
OSSTW	5	35	70	25	21	13600	36000	0.3571
DNOSU	5	54	132	10	12	13600	97600	0.07576
ADELL	5	24	48	19	9	13600	23200	0.3958
ELORW	5	22	50	16	14	13600	27200	0.32
ISTU	4	158	390	23	30	13600	146800	0.05897
BLOO	4	49	125	25	24	13600	40000	0.2
ADERY	5	71	181	13	25	13600	134400	0.07182
GILNS	5	69	138	105	71	13600	26400	0.7609
ADELP	5	36	88	15	28	13600	58400	0.1705
ACELN	5	23	53	15	9	13600	30400	0.283
MNOOS	5	21	52	17	15	13600	28000	0.3269
CHOTU	5	17	40	11	7	13600	23200	0.275
LOSU	4	59	118	56	73	13600	24800	0.4746
HINST	5	51	102	35	37	13600	53600	0.3431
AEPTT	5	21	42	17	18	13600	20000	0.4048
ACERV	5	20	52	28	29	13600	19200	0.5385
ACEHN	5	50	109	15	14	13600	75200	0.1376
AGINS	5	25	50	17	11	13600	26400	0.34
ACLPS	5	41	95	25	19	13600	56000	0.2632
EFORT	5	30	65	16	17	13600	39200	0.2462
CEINR	5	30	60	25	27	13600	28000	0.4167
CNOR	4	92	184	80	73	13600	41600	0.4348
EEMN	4	82	164	34	32	13600	52000	0.2073
GSTU	4	60	142	57	45	13600	34000	0.4014
AKS	3	120	344	114	59	13600	23000	0.3314
DHO	3	414	828	188	147	13200	64000	0.2271
LNOO	4	83	166	33	41	13200	53200	0.1988
AALN	4	435	978	47	82	13200	372400	0.04806
AOP	3	496	1270	85	82	13200	118500	0.06693
IKS	3	176	457	167	100	13200	29000	0.3654
MNOS	4	99	198	45	54	13200	61200	0.2273
EHOORSST	8	8	18	4	5	13200	30800	0.2222
BIST	4	94	188	75	77	13200	45200	0.3989
EEMR	4	111	222	63	63	13200	63600	0.2838
EGT	3	632	1264	278	188	13200	98600	0.2199
CEIM	4	67	134	33	25	13200	40400	0.2463
AMO	3	340	680	141	127	13100	53900	0.2074
CEH	3	295	590	245	177	12900	34500	0.4153
ARV	3	252	504	233	189	12900	27100	0.4623
ESU	3	563	1126	176	172	12800	95000	0.1563
EHOSS	5	44	88	46	39	12800	33600	0.5227
DENRT	5	55	110	16	15	12800	75200	0.1455
BILST	5	60	148	11	18	12800	109600	0.07432
EENV	4	64	134	51	28	12800	33200	0.3806
EORRS	5	44	88	32	22	12800	44800	0.3636
BNOOS	5	20	47	12	15	12800	28000	0.2553
DEEMS	5	57	125	37	33	12800	70400	0.296
CDENO	5	44	88	26	28	12800	49600	0.2955
ABKR	4	35	88	30	16	12800	23200	0.3409
CIPRS	5	31	71	12	1	12800	47200	0.169
OSTTU	5	48	96	64	54	12800	25600	0.6667
ACEHS	5	28	56	30	31	12800	20800	0.5357
ADEF	4	58	116	32	38	12800	33600	0.2759
AEGMS	5	26	58	27	28	12800	24800	0.4655
AABLS	5	47	139	9	5	12800	104000	0.06475
OPSTU	5	39	83	44	40	12800	31200	0.5301
ILOPS	5	29	62	14	11	12800	38400	0.2258
DEILN	5	32	64	16	19	12800	38400	0.25
CEIRR	5	37	74	20	28	12800	43200	0.2703
EENRV	5	32	82	10	11	12800	57600	0.122
ALLST	5	41	82	34	45	12800	38400	0.4146
LOP	3	334	668	385	268	12700	28300	0.5763
ACM	3	342	684	389	275	12700	29500	0.5687
ADEIPR	6	39	96	6	7	12600	126000	0.0625
GIILNST	7	16	35	17	15	12600	32400	0.4857
AMP	3	226	578	188	171	12600	39000	0.3253
ADEILLS	7	15	34	7	7	12600	48600	0.2059
ABELRST	7	17	36	6	10	12600	54000	0.1667
BEORST	6	22	48	8	3	12600	56000	0.1667
ADEINT	6	33	66	9	11	12600	79800	0.1364
CERSSU	6	11	24	7	8	12600	23800	0.2917
EILMRS	6	19	39	22	20	12600	23800	0.5641
AILRST	6	41	82	59	41	12600	32200	0.7195
BEMORS	6	15	45	4	0	12600	57400	0.08889
EORSTTU	7	9	18	9	7	12600	16200	0.5
CEEIRST	7	20	42	7	4	12600	63000	0.1667
CEENRS	6	34	89	3	3	12600	120400	0.03371
AEELRRT	7	38	88	6	21	12600	147600	0.06818
AEELPRS	7	15	32	7	7	12600	45000	0.2188
DEINSU	6	21	44	10	5	12600	47600	0.2273
ACEEPRS	7	16	40	4	3	12600	64800	0.1
EOPRTU	6	15	34	5	5	12600	40600	0.1471
GOR	3	262	524	136	129	12600	38800	0.2595
EGGINRS	7	6	14	5	6	12600	16200	0.3571
EENRTT	6	27	54	39	33	12600	21000	0.7222
AEFRRT	6	12	24	9	8	12600	21000	0.375
AARSTT	6	55	122	6	0	12600	162400	0.04918
EGINRR	6	15	31	8	13	12600	32200	0.2581
EENNRST	7	19	38	7	12	12600	55800	0.1842
INORST	6	75	150	9	16	12600	197400	0.06
AEGILNN	7	16	39	5	5	12600	61200	0.1282
AEGINRT	7	34	79	8	17	12600	127800	0.1013
EEIRRT	6	92	209	6	21	12600	284200	0.02871
AENRRS	6	26	52	9	15	12600	60200	0.1731
EEINRST	7	113	267	6	26	12600	469800	0.02247
AERRSS	6	14	28	11	3	12600	23800	0.3929
ADERSW	6	17	38	8	7	12600	42000	0.2105
EEHRSS	6	24	53	14	13	12600	54600	0.2642
AEHPRSS	7	14	33	7	5	12600	46800	0.2121
CEHILS	6	31	76	7	14	12600	96600	0.09211
ACEKRST	7	15	37	22	21	12600	27000	0.5946
ADELNST	7	18	36	7	8	12600	52200	0.1944
AEGSST	6	12	24	9	9	12600	21000	0.375
DEELNRS	7	14	29	13	12	12600	28800	0.4483
ELLORS	6	53	149	4	19	12600	203000	0.02685
EIPRRS	6	28	64	11	23	12600	74200	0.1719
ACERSTU	7	7	16	5	1	12600	19800	0.3125
EIPRSTT	7	10	22	11	11	12600	19800	0.5
ACERSV	6	13	30	15	20	12600	21000	0.5
ACINOST	7	20	41	8	10	12600	59400	0.1951
EKNORT	6	15	30	9	11	12600	29400	0.3
ACINOT	6	33	71	9	10	12600	86800	0.1268
ADEELT	6	52	104	23	56	12600	113400	0.2212
ACEORST	7	15	32	17	12	12600	27000	0.5312
EILOOST	7	15	35	5	4	12600	54000	0.1429
BGINOR	6	9	23	5	4	12600	25200	0.2174
EIOPST	6	24	53	7	11	12600	64400	0.1321
EPRU	4	63	126	41	33	12400	34000	0.3254
BDOR	4	73	167	33	19	12400	53600	0.1976
HOTU	4	63	126	37	31	12400	35600	0.2937
ELMO	4	98	196	119	101	12400	30800	0.6071
LOSW	4	57	155	61	52	12400	37600	0.3935
GIRS	4	70	140	39	25	12400	40400	0.2786
IRSTT	5	35	70	15	9	12000	44000	0.2143
AHOS	4	102	204	32	24	12000	68800	0.1569
ANPSS	5	61	122	55	32	12000	53600	0.4508
AIPRS	5	41	82	17	18	12000	52000	0.2073
MNOR	4	68	136	30	32	12000	42400	0.2206
DEERT	5	73	146	21	46	12000	100000	0.1438
KNOST	5	29	72	14	17	12000	46400	0.1944
ACEHP	5	27	61	22	22	12000	31200	0.3607
ELPST	5	52	114	23	31	12000	72800	0.2018
CDEER	5	48	102	12	20	12000	72000	0.1176
BELOS	5	29	66	34	19	12000	25600	0.5152
ADRY	4	112	251	28	35	12000	89200	0.1116
DNRSU	5	26	53	14	7	12000	31200	0.2642
EEKRS	5	34	83	26	13	12000	45600	0.3133
LSTU	4	62	124	36	46	12000	35200	0.2903
EIKT	4	59	118	58	51	12000	24000	0.4915
AEGPR	5	50	112	85	60	12000	21600	0.7589
EKOSS	5	18	47	9	9	12000	30400	0.1915
EELSS	5	34	68	33	29	12000	28000	0.4853
AEKNS	5	41	101	10	14	12000	72800	0.09901
RSTTU	5	75	183	9	18	12000	139200	0.04918
ACEP	4	91	182	140	112	12000	16800	0.7692
FIRS	4	92	206	34	35	12000	68800	0.165
AHSTW	5	24	55	18	10	12000	29600	0.3273
ELSTY	5	34	75	15	1	12000	48000	0.2
CEHO	4	65	130	34	18	12000	38400	0.2615
OPSW	4	36	98	23	13	12000	30000	0.2347
INPSS	5	63	126	53	40	12000	58400	0.4206
COSST	5	20	40	19	14	12000	16800	0.475
ADP	3	318	636	197	184	11900	43900	0.3097
GNU	3	179	477	123	88	11800	35400	0.2579
BEOT	4	69	138	31	28	11600	42800	0.2246
BNOO	4	64	128	35	42	11600	37200	0.2734
DENY	4	76	178	25	7	11600	61200	0.1404
DRSU	4	81	195	23	18	11600	68800	0.1179
IPSS	4	64	144	43	26	11600	40400	0.2986
AALM	4	95	273	15	19	11600	103200	0.05495
CLOO	4	42	84	35	32	11600	19600	0.4167
EHPS	4	137	339	28	13	11600	124400	0.0826
LMOO	4	68	136	71	51	11600	26000	0.5221
ACDS	4	79	158	43	37	11600	46000	0.2722
FIR	3	321	642	332	193	11600	31000	0.5171
HLOT	4	77	154	47	39	11600	42800	0.3052
GOS	3	413	826	188	177	11600	63800	0.2276
EERY	4	60	137	41	9	11600	38400	0.2993
AIPS	4	94	188	33	20	11600	62000	0.1755
ACHI	4	101	202	61	71	11600	56400	0.302
HIS	3	534	1068	115	158	11300	95300	0.1077
LMO	3	170	340	113	95	11300	22700	0.3324
GOT	3	367	734	259	219	11300	47500	0.3529
AHP	3	357	714	157	142	11300	55700	0.2199
ACP	3	280	560	339	245	11300	22100	0.6054
EEGRT	5	31	62	14	19	11200	38400	0.2258
ACELM	5	14	33	11	4	11200	17600	0.3333
ACEHMS	6	15	34	6	5	11200	39200	0.1765
AAMNT	5	45	90	16	11	11200	59200	0.1778
DEEILS	6	74	216	3	23	11200	298200	0.01389
CIOST	5	51	102	14	14	11200	70400	0.1373
AEGHNR	6	12	24	8	4	11200	22400	0.3333
EEGINS	6	20	45	5	4	11200	56000	0.1111
CIOT	4	102	204	30	22	11200	69600	0.1471
ABILS	5	32	68	13	16	11200	44000	0.1912
ACELNS	6	10	21	7	5	11200	19600	0.3333
AGLNS	5	18	36	14	8	11200	17600	0.3889
ABIT	4	61	122	32	25	11200	36000	0.2623
DELMO	5	42	99	23	27	11200	60800	0.2323
ADELW	5	29	73	10	16	11200	50400	0.137
CEHINR	6	20	45	8	11	11200	51800	0.1778
DEIKNR	6	9	23	5	5	11200	25200	0.2174
ACDEST	6	22	44	18	20	11200	36400	0.4091
IOSTT	5	100	200	14	20	11200	148800	0.07
DEINRW	6	9	18	8	9	11200	14000	0.4444
AINORT	6	17	34	8	10	11200	36400	0.2353
ELMOS	5	44	88	62	48	11200	20800	0.7045
ADDELR	6	9	19	9	11	11200	14000	0.4737
ENOOSS	6	13	26	8	4	11200	25200	0.3077
ADEMRS	6	20	43	7	8	11200	50400	0.1628
DEIORS	6	81	173	8	15	11200	231000	0.04624
ACELP	5	17	34	16	9	11200	14400	0.4706
ALOPR	5	40	97	8	10	11200	71200	0.08247
DEILOS	6	15	30	8	8	11200	30800	0.2667
LMOST	5	26	52	16	13	11200	28800	0.3077
EERW	4	86	184	44	65	11200	56000	0.2391
EELPSS	6	15	30	20	13	11200	14000	0.6667
EORSTY	6	33	71	8	4	11200	88200	0.1127
DEESS	5	39	87	14	13	11200	58400	0.1609
ABELM	5	17	38	10	9	11200	22400	0.2632
AEGIRT	6	31	67	5	9	11200	86800	0.07463
ADEGRS	6	17	36	10	8	11200	36400	0.2778
AEGLS	5	32	64	26	22	11200	30400	0.4062
AEGMNR	6	10	21	7	5	11200	19600	0.3333
IIRS	4	319	638	30	32	11200	243200	0.04702
AEIPRR	6	23	48	10	11	11200	53200	0.2083
ILOSS	5	29	58	18	15	11200	32000	0.3103
ALPSY	5	16	38	18	10	11200	16000	0.4737
AEEGLT	6	33	79	7	5	11200	100800	0.08861
AEIRTW	6	9	18	8	4	11200	14000	0.4444
AEGLMN	6	12	27	15	5	11200	16800	0.5556
DEFIR	5	29	58	20	20	11200	30400	0.3448
GINOPR	6	12	25	15	11	11200	14000	0.6
DERY	4	125	290	14	11	11200	110400	0.04828
ETY	3	249	498	171	71	11100	32700	0.3434
AEILNRST	8	31	68	4	6	11000	140800	0.05882
ADEEILRT	8	8	16	5	6	11000	24200	0.3125
ENW	3	315	630	239	173	10900	39100	0.3794
ELM	3	269	538	141	93	10900	39700	0.2621
AEV	3	186	372	123	66	10900	24900	0.3306
AEHRSTT	7	17	38	16	23	10800	39600	0.4211
AEILLRS	7	12	24	6	10	10800	32400	0.25
DEENRSS	7	9	19	5	6	10800	25200	0.2632
AEPRRST	7	12	24	14	14	10800	18000	0.5833
MOOR	4	118	236	111	102	10800	50000	0.4703
EINNRST	7	6	12	6	5	10800	10800	0.5
HILT	4	63	126	35	51	10800	36400	0.2778
AEIMSTT	7	11	23	5	5	10800	32400	0.2174
AELLRST	7	10	20	8	1	10800	21600	0.4
EENRRST	7	14	31	8	11	10800	41400	0.2581
CEHORST	7	17	45	3	7	10800	75600	0.06667
AERSSTY	7	10	23	4	4	10800	34200	0.1739
GINOSTU	7	14	30	5	5	10800	45000	0.1667
AEELRSV	7	4	10	4	1	10800	10800	0.4
EGILNRS	7	15	30	22	17	10800	14400	0.7333
AEGILNS	7	10	21	6	4	10800	27000	0.2857
EIOPSST	7	18	41	3	7	10800	68400	0.07317
ADEEPRS	7	5	11	5	5	10800	10800	0.4545
EGINSTT	7	15	30	20	17	10800	18000	0.6667
EGILNST	7	15	32	7	9	10800	45000	0.2188
AEGNRRS	7	7	14	6	9	10800	14400	0.4286
GINORTU	7	9	19	7	5	10800	21600	0.3684
ACEHORS	7	28	58	5	3	10800	95400	0.08621
ADEELPS	7	11	27	3	2	10800	43200	0.1111
AELRSSV	7	8	16	6	3	10800	18000	0.375
EOOPRST	7	13	28	8	10	10800	36000	0.2857
OSW	3	266	532	177	173	10500	35500	0.3327
ADLU	4	97	227	23	28	10400	81600	0.1013
DEPRU	5	28	74	10	14	10400	51200	0.1351
AEHPR	5	58	130	11	8	10400	95200	0.08462
ABTU	4	76	227	12	4	10400	86000	0.05286
ORSSU	5	23	46	15	15	10400	24800	0.3261
ADEMT	5	70	140	31	75	10400	87200	0.2214
AEGSS	5	23	46	19	20	10400	21600	0.413
ORRT	4	71	142	26	31	10400	46400	0.1831
ADESV	5	31	72	11	11	10400	48800	0.1528
EFLT	4	51	102	32	26	10400	28000	0.3137
EFLST	5	21	42	15	12	10400	21600	0.3571
AALNS	5	121	283	11	21	10400	217600	0.03887
DEP	3	452	904	160	149	10400	74400	0.177
CEER	4	60	120	36	46	10400	33600	0.3
ILMOS	5	31	65	12	11	10400	42400	0.1846
LOTU	4	57	114	26	35	10400	35200	0.2281
EHINT	5	57	114	13	22	10400	80800	0.114
EIKS	4	46	92	26	22	10400	26400	0.2826
DSTU	4	75	150	28	30	10400	48800	0.1867
AILSV	5	33	75	14	17	10400	48800	0.1867
ILLT	4	37	74	28	30	10400	18400	0.3784
ENPST	5	62	124	77	45	10400	37600	0.621
EFINR	5	18	36	13	15	10400	18400	0.3611
ABHST	5	25	58	11	10	10400	37600	0.1897
AEPRY	5	23	52	12	15	10400	32000	0.2308
CENST	5	80	160	67	64	10400	74400	0.4188
ADHNS	5	30	60	17	26	10400	34400	0.2833
GHINT	5	27	54	21	17	10400	26400	0.3889
BEOST	5	35	77	12	13	10400	52000	0.1558
ASTY	4	81	162	74	58	10400	35200	0.4568
EFS	3	265	530	107	78	10300	42300	0.2019
AEK	3	156	440	71	48	10200	36900	0.1614
MNOO	4	42	84	37	36	10000	18800	0.4405
ESTV	4	107	214	49	42	10000	66000	0.229
EFNS	4	92	184	27	23	10000	62800	0.1467
ISTW	4	80	160	69	58	10000	36400	0.4313
AHTT	4	121	242	27	28	10000	86000	0.1116
EKOR	4	43	86	25	24	10000	24400	0.2907
EERV	4	35	70	27	28	10000	17200	0.3857
DOSS	4	70	160	31	20	10000	51600	0.1938
DIM	3	326	652	289	224	9900	36300	0.4433
CENOST	6	8	16	7	6	9800	12600	0.4375
ABERTT	6	8	16	7	7	9800	12600	0.4375
AEHNRT	6	37	76	7	2	9800	96600	0.09211
DEIMNR	6	14	28	13	12	9800	21000	0.4643
DOP	3	263	526	226	183	9800	30000	0.4297
EEGNRT	6	16	32	7	0	9800	35000	0.2188
ENOPRS	6	17	34	7	7	9800	37800	0.2059
DENOOS	6	24	53	5	6	9800	67200	0.09434
DELOTT	6	17	37	6	13	9800	43400	0.1622
EIOPSS	6	12	26	7	5	9800	26600	0.2692
EPRSSU	6	10	21	6	6	9800	21000	0.2857
ACEHSS	6	17	36	15	16	9800	29400	0.4167
EGORSU	6	17	43	5	4	9800	53200	0.1163
ADINST	6	33	66	7	8	9800	82600	0.1061
ABEMRS	6	12	28	12	1	9800	22400	0.4286
AELMPR	6	10	22	11	7	9800	15400	0.5
DEOSTU	6	19	38	19	18	9800	26600	0.5
ENORTT	6	29	58	7	16	9800	71400	0.1207
DEOSTW	6	10	23	10	7	9800	18200	0.4348
CEHORT	6	38	95	4	14	9800	127400	0.04211
AEELSV	6	9	19	8	2	9800	15400	0.4211
DLOORS	6	11	23	7	4	9800	22400	0.3043
ELOOSS	6	15	30	13	10	9800	23800	0.4333
EFOORT	6	11	24	5	9	9800	26600	0.2083
AEGMNS	6	9	19	6	5	9800	18200	0.3158
AESSTW	6	9	19	8	8	9800	15400	0.4211
BELSTU	6	16	37	4	4	9800	46200	0.1081
ADEILM	6	11	24	6	6	9800	25200	0.25
AAIRST	6	111	237	7	8	9800	322000	0.02954
CEGINR	6	14	28	7	4	9800	29400	0.25
ADEISS	6	13	29	5	1	9800	33600	0.1724
EIINNT	6	19	38	7	11	9800	43400	0.1842
ACELPR	6	5	14	4	6	9800	14000	0.2857
ADELOR	6	25	50	11	13	9800	54600	0.22
EILMOS	6	18	40	7	5	9800	46200	0.175
AEHIRS	6	53	118	17	17	9800	141400	0.1441
EMOORT	6	9	18	9	8	9800	12600	0.5
ABCS	4	67	155	40	23	9600	46000	0.2581
EMRU	4	59	118	50	37	9600	27200	0.4237
AFT	3	226	452	216	157	9600	23600	0.4779
DESTU	5	30	60	12	9	9600	38400	0.2
AEGGR	5	16	41	10	5	9600	24800	0.2439
OSSTU	5	27	54	34	25	9600	16000	0.6296
AFINT	5	14	28	12	8	9600	12800	0.4286
IKRS	4	62	168	11	9	9600	62800	0.06548
AELMP	5	24	50	10	4	9600	32000	0.2
AEITW	5	15	30	12	7	9600	14400	0.4
EHY	3	186	499	90	31	9600	40900	0.1804
CEINS	5	27	54	14	18	9600	32000	0.2593
EELPR	5	49	98	14	8	9600	67200	0.1429
ADIM	4	90	180	26	35	9600	61600	0.1444
DEESW	5	21	52	15	16	9600	29600	0.2885
AGNSW	5	25	59	11	13	9600	38400	0.1864
MRSU	4	76	152	24	17	9600	51200	0.1579
DELOR	5	24	48	12	7	9600	28800	0.25
AEKMS	5	10	30	6	8	9600	19200	0.2
AALT	4	93	186	26	13	9600	64000	0.1398
EELSV	5	20	46	9	9	9600	29600	0.1957
DEIRW	5	29	66	18	23	9600	38400	0.2727
CEILN	5	36	79	7	6	9600	57600	0.08861
DEOV	4	32	64	28	16	9600	14400	0.4375
AGNOR	5	69	159	9	16	9600	120000	0.0566
AELNO	5	60	120	14	25	9600	84800	0.1167
ANORT	5	338	849	5	59	9600	675200	0.005889
OOTT	4	35	70	26	24	9600	17600	0.3714
EHMT	4	114	228	58	30	9600	68000	0.2544
EGO	3	295	840	54	70	9500	78600	0.06429
GSU	3	162	419	85	67	9400	33400	0.2029
DMO	3	277	554	243	203	9300	31100	0.4386
EOS	3	1208	2416	101	72	9300	231500	0.0418
KNOT	4	54	108	23	25	9200	34000	0.213
AEKR	4	67	134	71	60	9200	25200	0.5299
EOPP	4	33	73	18	15	9200	22000	0.2466
EEKT	4	67	168	22	27	9200	58400	0.131
EHSS	4	182	364	23	25	9200	136400	0.06319
ANRW	4	48	96	25	34	9200	28400	0.2604
ARTY	4	61	122	25	15	9200	38800	0.2049
BDEI	4	33	66	23	20	9200	17200	0.3485
GHIS	4	69	138	23	20	9200	46000	0.1667
AAMN	4	47	94	25	18	9200	27600	0.266
AGINPRS	7	11	26	13	18	9000	23400	0.5
AEIPSST	7	10	22	3	6	9000	34200	0.1364
EEGILNR	7	13	26	17	4	9000	16200	0.6538
EINOPRT	7	10	22	6	6	9000	28800	0.2727
AGINSTT	7	12	24	13	13	9000	19800	0.5417
AEGHNRS	7	12	27	4	4	9000	41400	0.1481
ACGINRT	7	6	13	6	1	9000	12600	0.4615
AEGINSS	7	7	14	5	2	9000	16200	0.3571
EEIRRST	7	55	127	3	27	9000	223200	0.02362
ACELPRS	7	6	14	5	6	9000	16200	0.3571
ABDEIRS	7	8	18	4	0	9000	25200	0.2222
AEINNST	7	17	36	3	4	9000	59400	0.08333
AEILNRT	7	55	117	4	11	9000	203400	0.03419
AGIINRS	7	23	51	9	0	9000	75600	0.1765
EHIRSTT	7	11	25	18	20	9000	12600	0.72
ADEORST	7	16	32	13	6	9000	34200	0.4062
AEMRSTT	7	12	24	15	12	9000	16200	0.625
ACEPRSS	7	6	13	4	3	9000	16200	0.3077
AENRSTT	7	7	14	5	7	9000	16200	0.3571
EHORRST	7	11	22	7	1	9000	27000	0.3182
EEINRTT	7	13	26	5	7	9000	37800	0.1923
EGINSST	7	14	28	9	7	9000	34200	0.3214
AELNPRT	7	8	16	5	3	9000	19800	0.3125
AEHLRSS	7	10	22	5	3	9000	30600	0.2273
AENRRSS	7	14	28	5	7	9000	41400	0.1786
EEFINRS	7	6	13	6	5	9000	12600	0.4615
AEILRRT	7	13	29	5	4	9000	43200	0.1724
AEGILLS	7	11	22	5	5	9000	30600	0.2273
EENRSTU	7	13	28	4	3	9000	43200	0.1429
ABERSST	7	10	21	4	3	9000	30600	0.1905
EOORRST	7	14	29	14	14	9000	27000	0.4828
ADEEMRR	7	6	13	4	2	9000	16200	0.3077
DEENNST	7	21	42	5	6	9000	66600	0.119
ADEEPRT	7	6	13	4	3	9000	16200	0.3077
EIKNRST	7	10	26	7	4	9000	34200	0.2692
ELOOPRS	7	12	26	11	8	9000	27000	0.4231
ENORSTT	7	7	15	6	7	9000	16200	0.4
EGILNRT	7	12	27	5	6	9000	39600	0.1852
DEOPRST	7	8	18	8	5	9000	18000	0.4444
ASV	3	206	412	165	137	8900	24700	0.4005
IMRST	5	62	124	13	26	8800	88800	0.1048
EINOPRST	8	4	11	3	3	8800	17600	0.2727
EMOPS	5	28	61	16	15	8800	36000	0.2623
CEIP	4	53	106	22	24	8800	33600	0.2075
ABGINORT	8	5	13	4	4	8800	19800	0.3077
AOPRT	5	64	128	11	10	8800	93600	0.08594
AKNST	5	24	50	31	26	8800	15200	0.62
DENOW	5	22	46	10	15	8800	28800	0.2174
HOOPS	5	15	37	7	7	8800	24000	0.1892
ACSST	5	25	50	23	23	8800	21600	0.46
AHNRS	5	61	122	11	22	8800	88800	0.09016
EMSTU	5	24	48	11	10	8800	29600	0.2292
AEGPS	5	24	53	29	24	8800	19200	0.5472
BELT	4	49	98	26	25	8800	28800	0.2653
GINORSTU	8	6	14	4	4	8800	22000	0.2857
ADENP	5	42	84	21	16	8800	50400	0.25
AEORRSST	8	9	19	3	2	8800	35200	0.1579
GHOS	4	53	126	26	31	8800	40000	0.2063
EFIRR	5	27	57	15	12	8800	33600	0.2632
ADIMS	5	34	68	11	23	8800	45600	0.1618
HOPSS	5	19	46	7	8	8800	31200	0.1522
EGRSU	5	31	73	9	10	8800	51200	0.1233
CINTU	5	33	84	7	6	8800	61600	0.08333
ADINT	5	51	102	11	11	8800	72800	0.1078
AIMMS	5	20	49	6	4	8800	34400	0.1224
ABNR	4	50	100	50	40	8800	20000	0.5
ACSTT	5	14	28	11	7	8800	13600	0.3929
EGOST	5	34	68	11	4	8800	45600	0.1618
DDEI	4	240	480	24	49	8800	182400	0.05
CEHST	5	27	54	13	17	8800	32800	0.2407
ATU	3	392	784	92	61	8800	69200	0.1173
ABD	3	242	484	180	146	8800	30400	0.3719
COPS	4	49	98	54	33	8800	17600	0.551
ACKLS	5	18	44	29	20	8800	12000	0.6591
ABEGR	5	16	37	6	8	8800	24800	0.1622
AINRV	5	17	34	11	6	8800	18400	0.3235
DEMNO	5	24	48	15	9	8800	26400	0.3125
AEGLNRST	8	6	13	7	1	8800	13200	0.5385
AERRV	5	15	30	11	10	8800	15200	0.3667
EHRSU	5	29	60	10	7	8800	40000	0.1667
ADEOR	5	172	360	10	45	8800	280000	0.02778
ADDEL	5	62	156	9	26	8800	117600	0.05769
AFIR	4	53	106	26	24	8800	32000	0.2453
EEGNR	5	68	142	7	15	8800	108000	0.0493
CEHIISTT	8	3	9	2	0	8800	15400	0.2222
KLOOS	5	11	26	9	9	8800	13600	0.3462
AGINRRST	8	5	10	6	2	8800	8800	0.6
EHM	3	407	814	130	102	8600	68400	0.1597
AKT	3	201	402	158	116	8600	24400	0.393
ADG	3	267	534	197	125	8500	33700	0.3689
ACELSV	6	6	15	5	8	8400	14000	0.3333
ADDEEN	6	15	30	6	9	8400	33600	0.2
ABEHRT	6	13	27	7	5	8400	28000	0.2593
DLOU	4	48	116	13	18	8400	41200	0.1121
ACORST	6	34	75	5	14	8400	98000	0.06667
EKORST	6	20	44	28	18	8400	22400	0.6364
AAMNST	6	23	48	5	4	8400	60200	0.1042
EEINTT	6	28	56	6	7	8400	70000	0.1071
ENRSTU	6	13	26	6	8	8400	28000	0.2308
AHLOSS	6	15	34	4	2	8400	42000	0.1176
CEEIRT	6	11	22	6	5	8400	22400	0.2727
DORW	4	79	158	57	34	8400	40400	0.3608
ACELRT	6	32	68	5	8	8400	88200	0.07353
ABELMR	6	9	21	13	4	8400	11200	0.619
ADEELP	6	9	19	5	4	8400	19600	0.2632
AGNSST	6	10	20	6	6	8400	19600	0.3
ESWY	4	35	103	20	11	8400	33200	0.1942
ADNRST	6	11	22	6	4	8400	22400	0.2727
ALPSST	6	11	22	8	5	8400	19600	0.3636
GINOST	6	50	111	5	5	8400	148400	0.04505
EERSTV	6	44	126	3	7	8400	172200	0.02381
AELNOR	6	33	66	14	15	8400	72800	0.2121
AENPTT	6	11	22	6	5	8400	22400	0.2727
GILNOT	6	10	20	6	7	8400	19600	0.3
EGILNT	6	8	16	8	7	8400	11200	0.5
EEIRSV	6	24	56	6	8	8400	70000	0.1071
DEHIRS	6	15	30	10	8	8400	28000	0.3333
EFLORW	6	5	13	5	1	8400	11200	0.3846
EILMSS	6	13	26	14	12	8400	16800	0.5385
ABDEER	6	16	32	20	14	8400	16800	0.625
ANORST	6	123	291	3	29	8400	403200	0.01031
EEGNRS	6	20	42	4	5	8400	53200	0.09524
ACEELR	6	23	50	5	3	8400	63000	0.1
ACEINN	6	21	44	11	9	8400	46200	0.25
EELLRT	6	8	16	8	8	8400	11200	0.5
CDEKNO	6	5	12	4	5	8400	11200	0.3333
DERSTU	6	15	34	5	14	8400	40600	0.1471
AIKL	4	46	129	13	12	8400	46400	0.1008
AEFINR	6	11	22	6	2	8400	22400	0.2727
ADEELS	6	18	36	26	30	8400	14000	0.7222
BDEINR	6	10	21	7	8	8400	19600	0.3333
ENORRS	6	18	36	6	6	8400	42000	0.1667
EHMORS	6	12	24	6	8	8400	25200	0.25
EFINRS	6	10	20	6	7	8400	19600	0.3
AEEIRS	6	25	50	6	4	8400	61600	0.12
EEGSST	6	11	26	4	0	8400	30800	0.1538
LOPT	4	42	84	33	17	8400	20400	0.3929
DGINOS	6	14	29	8	10	8400	29400	0.2759
DEILTT	6	15	30	8	15	8400	30800	0.2667
AIPRST	6	20	42	6	6	8400	50400	0.1429
AGIMNR	6	27	61	5	6	8400	78400	0.08197
ADENPT	6	12	27	4	8	8400	32200	0.1481
CDEINR	6	11	23	7	6	8400	22400	0.3043
MTU	3	212	424	192	151	8400	23200	0.4528
GINNOT	6	19	40	13	12	8400	37800	0.325
AHPT	4	57	114	21	25	8400	37200	0.1842
EINSSW	6	6	14	4	3	8400	14000	0.2857
ACLS	4	129	258	31	45	8400	90800	0.1202
ADELNO	6	27	60	6	14	8400	75600	0.1
ADINRS	6	39	82	4	9	8400	109200	0.04878
ENPRST	6	29	58	6	7	8400	72800	0.1034
AEKNRS	6	13	29	7	3	8400	30800	0.2414
AINPSS	6	6	12	6	2	8400	8400	0.5
BEET	4	53	106	41	38	8400	26000	0.3868
AEILMN	6	17	34	8	6	8400	36400	0.2353
EMOSTT	6	10	21	5	8	8400	22400	0.2381
EPRSTU	6	19	43	4	5	8400	54600	0.09302
DEHOST	6	7	14	6	6	8400	11200	0.4286
EHINRT	6	13	26	6	8	8400	28000	0.2308
AACERT	6	20	40	6	9	8400	47600	0.15
BIS	3	305	610	131	151	8300	47900	0.2148
PTU	3	177	354	109	107	8300	24500	0.3079
APY	3	130	334	105	52	8200	22900	0.3144
EEM	3	139	278	109	88	8100	16900	0.3921
EGL	3	426	852	151	120	8100	70100	0.1772
EIPRR	5	28	56	16	22	8000	32000	0.2857
ELMSU	5	21	42	10	12	8000	25600	0.2381
DEMOR	5	18	36	10	8	8000	20800	0.2778
DEORV	5	19	42	22	14	8000	16000	0.5238
ADEFR	5	24	48	20	19	8000	22400	0.4167
AGHNS	5	21	42	10	12	8000	25600	0.2381
EETW	4	43	86	40	21	8000	18400	0.4651
ENSTW	5	20	40	18	11	8000	17600	0.45
ABEHT	5	17	34	20	11	8000	11200	0.5882
EEHL	4	72	144	52	41	8000	36800	0.3611
HORTW	5	27	66	9	7	8000	45600	0.1364
BDEER	5	18	36	12	9	8000	19200	0.3333
AHIRS	5	36	72	10	14	8000	49600	0.1389
GHSU	4	25	68	19	13	8000	19600	0.2794
DEELR	5	37	74	10	6	8000	51200	0.1351
ELOSW	5	25	62	12	19	8000	40000	0.1935
EHOPR	5	11	22	10	8	8000	9600	0.4545
NRSTU	5	20	40	20	15	8000	16000	0.5
AELNV	5	21	49	9	6	8000	32000	0.1837
ACNOT	5	86	212	7	14	8000	164000	0.03302
HISTW	5	33	71	15	13	8000	44800	0.2113
AIKST	5	48	125	4	9	8000	96800	0.032
AESTV	5	19	38	10	9	8000	22400	0.2632
CEPS	4	133	335	21	24	8000	125600	0.06269
AORR	4	98	196	20	21	8000	70400	0.102
EILNT	5	279	721	5	34	8000	572800	0.006935
EHLLS	5	20	40	28	17	8000	9600	0.7
CEEPR	5	24	53	14	8	8000	31200	0.2642
AIMNT	5	73	146	22	25	8000	99200	0.1507
INSSU	5	70	154	9	3	8000	116000	0.05844
EEFT	4	53	106	44	32	8000	24800	0.4151
EILMR	5	20	40	12	11	8000	22400	0.3
EOW	3	166	332	92	56	8000	24000	0.2771
DDEIN	5	43	86	12	24	8000	59200	0.1395
DEINP	5	32	64	10	17	8000	43200	0.1562
LOPST	5	19	38	16	9	8000	17600	0.4211
OOSTT	5	14	28	10	8	8000	14400	0.3571
EGLSU	5	28	61	14	8	8000	37600	0.2295
ENSSY	5	21	52	6	4	8000	36800	0.1154
ATV	3	228	456	167	155	7900	28900	0.3662
BDI	3	168	336	135	98	7700	20100	0.4018
BIO	3	137	381	48	49	7700	33300	0.126
AIKR	4	61	145	13	19	7600	52800	0.08966
CEEH	4	32	64	19	10	7600	18000	0.2969
AMPR	4	35	70	21	13	7600	19600	0.3
LOSS	4	60	120	35	30	7600	34000	0.2917
DLOT	4	56	112	27	26	7600	34000	0.2411
BHOS	4	45	112	30	25	7600	32800	0.2679
AANR	4	173	346	19	18	7600	130800	0.05491
FLOR	4	82	164	19	11	7600	58000	0.1159
BELS	4	134	268	19	31	7600	99600	0.0709
ESSY	4	107	214	37	26	7600	70800	0.1729
ELPS	4	114	228	27	27	7600	80400	0.1184
EOTV	4	40	80	45	27	7600	14000	0.5625
ATTU	4	79	158	21	8	7600	54800	0.1329
ABC	3	181	362	118	108	7600	24400	0.326
DEIW	4	33	66	19	21	7600	18800	0.2879
DGI	3	291	582	169	116	7500	41300	0.2904
FOO	3	111	222	82	66	7400	14000	0.3694
ACEINNR	7	7	15	3	4	7200	21600	0.2
AEELPSS	7	7	15	4	1	7200	19800	0.2667
ERY	3	279	558	100	49	7200	45800	0.1792
EEGNRST	7	11	22	4	0	7200	32400	0.1818
CEORSSU	7	7	15	3	6	7200	21600	0.2
FORS	4	61	122	20	14	7200	40800	0.1639
ABEORST	7	12	25	13	7	7200	21600	0.52
DEERSST	7	31	67	3	6	7200	115200	0.04478
AEHSV	5	18	41	17	24	7200	19200	0.4146
DEHLO	5	22	44	9	9	7200	28000	0.2045
DEEGINR	7	5	10	4	2	7200	10800	0.4
DEISW	5	27	56	13	17	7200	34400	0.2321
AEGLNRT	7	6	12	8	3	7200	7200	0.6667
CENORST	7	25	61	2	6	7200	106200	0.03279
AEGRRST	7	4	9	5	5	7200	7200	0.5556
ACHIN	5	20	40	11	24	7200	23200	0.275
ABERSTT	7	4	8	4	3	7200	7200	0.5
EHINRSS	7	5	10	4	4	7200	10800	0.4
ADEIL	5	107	236	9	32	7200	181600	0.03814
BEGIN	5	16	33	8	7	7200	20000	0.2424
AEGIMNN	7	4	8	4	3	7200	7200	0.5
EFRST	5	65	130	9	7	7200	96800	0.06923
AESTY	5	23	46	13	5	7200	26400	0.2826
EGINNTT	7	10	20	10	10	7200	18000	0.5
ACEELRS	7	11	25	3	1	7200	39600	0.12
AEEL	4	160	320	18	3	7200	120800	0.05625
HLOOS	5	16	32	15	10	7200	13600	0.4688
EMRST	5	59	118	9	13	7200	87200	0.07627
ADEEGNR	7	9	18	6	3	7200	21600	0.3333
EHMOS	5	10	20	11	8	7200	7200	0.55
EHOPS	5	24	48	29	25	7200	15200	0.6042
AEIRRST	7	65	140	3	8	7200	246600	0.02143
ABGR	4	52	119	29	26	7200	36000	0.2437
EHMOR	5	20	40	11	16	7200	23200	0.275
AEIRRTT	7	24	50	12	6	7200	68400	0.24
AINSW	5	20	40	13	12	7200	21600	0.325
CEHIIRT	7	7	14	4	0	7200	18000	0.2857
EMSW	4	46	120	11	9	7200	43600	0.09167
AEIPRSS	7	13	29	8	3	7200	37800	0.2759
ABORS	5	17	34	13	11	7200	16800	0.3824
EEIMPRS	7	10	25	3	1	7200	39600	0.12
EENRSTT	7	15	32	17	14	7200	27000	0.5312
AFLOT	5	31	65	9	9	7200	44800	0.1385
EFLORSW	7	2	6	2	1	7200	7200	0.3333
AFIRS	5	26	52	13	14	7200	31200	0.25
EFLRSTU	7	7	16	3	4	7200	23400	0.1875
EPSSU	5	21	45	8	7	7200	29600	0.1778
HINSS	5	21	42	9	10	7200	26400	0.2143
HNORS	5	38	76	15	24	7200	48800	0.1974
BENRSTU	7	9	20	2	6	7200	32400	0.1
DERSY	5	35	75	7	5	7200	54400	0.09333
AGINPRT	7	5	12	8	7	7200	7200	0.6667
BELORST	7	11	24	2	5	7200	39600	0.08333
ORRST	5	38	76	9	11	7200	53600	0.1184
ADEINRS	7	11	22	4	5	7200	32400	0.1818
ACHRS	5	15	30	15	11	7200	12000	0.5
AEFRRST	7	7	14	4	4	7200	18000	0.2857
CDOS	4	48	96	22	19	7200	29600	0.2292
DELOW	5	22	57	19	23	7200	30400	0.3333
AGILR	5	12	24	9	6	7200	12000	0.375
ADEENRS	7	12	24	4	3	7200	36000	0.1667
AGOST	5	13	26	9	7	7200	13600	0.3462
ELPT	4	73	146	18	25	7200	51200	0.1233
ABILR	5	11	22	9	6	7200	10400	0.4091
EPPR	4	89	202	18	20	7200	73600	0.08911
AEGILNT	7	25	61	4	9	7200	102600	0.06557
AEILPRT	7	7	14	4	1	7200	18000	0.2857
ACIPS	5	29	75	5	7	7200	56000	0.06667
AEGILRS	7	4	8	4	2	7200	7200	0.5
CELSTTU	7	5	11	7	4	7200	7200	0.6364
AEILRRS	7	6	12	4	4	7200	14400	0.3333
BDOOR	5	17	43	5	4	7200	30400	0.1163
CEHIM	5	12	30	14	12	7200	12800	0.4667
DEEINRS	7	26	58	4	5	7200	97200	0.06897
ADW	3	199	398	158	151	7200	24000	0.397
AEMNORS	7	6	12	4	3	7200	14400	0.3333
DNOU	4	98	224	17	29	7200	82800	0.07589
AEINSST	7	59	131	2	7	7200	232200	0.01527
EINOPST	7	7	14	4	2	7200	18000	0.2857
DEEINST	7	25	52	4	6	7200	86400	0.07692
ACDET	5	29	58	11	9	7200	37600	0.1897
AGIMNST	7	8	16	8	11	7200	14400	0.5
AENORST	7	27	57	4	13	7200	95400	0.07018
AEELV	5	11	22	9	6	7200	10400	0.4091
HRSTU	5	40	84	13	10	7200	56800	0.1548
DEORW	5	15	30	15	17	7200	12000	0.5
ACDEP	5	17	34	15	17	7200	15200	0.4412
EIILLPS	7	8	16	4	3	7200	21600	0.25
MOSSU	5	18	40	7	6	7200	26400	0.175
DDENORS	7	5	13	4	2	7200	16200	0.3077
EIILMRS	7	4	9	3	0	7200	10800	0.3333
ADEGL	5	22	44	15	12	7200	23200	0.3409
AENRRST	7	10	20	4	3	7200	28800	0.2
ACELRST	7	22	45	4	8	7200	73800	0.08889
ACEPRRS	7	6	14	5	5	7200	16200	0.3571
EELSW	5	27	57	12	16	7200	36000	0.2105
DELOO	5	20	40	9	7	7200	24800	0.225
ABEMS	5	25	54	10	10	7200	35200	0.1852
EEFGINR	7	5	11	5	4	7200	10800	0.4545
ABEELRT	7	10	20	4	5	7200	28800	0.2
AHNSS	5	52	104	11	18	7200	74400	0.1058
EGILLNS	7	7	14	4	2	7200	18000	0.2857
CEMOT	5	23	46	11	6	7200	28000	0.2391
ABELSTT	7	9	20	3	2	7200	30600	0.15
ABEIRST	7	14	28	6	1	7200	39600	0.2143
ACHM	4	59	118	70	45	7200	19200	0.5932
EINRSTW	7	8	16	12	7	7200	7200	0.75
CEORRSS	7	5	11	3	1	7200	14400	0.2727
DEEIRRS	7	28	66	5	10	7200	109800	0.07576
AGO	3	220	440	83	79	7100	35700	0.1886
BSU	3	171	342	157	102	7100	18500	0.4591
AGM	3	225	450	227	166	7100	22300	0.5044
AEELPR	6	9	18	7	6	7000	15400	0.3889
ADDEMN	6	11	22	5	4	7000	23800	0.2273
AOSSTT	6	10	20	9	4	7000	15400	0.45
ADDEPR	6	8	18	5	6	7000	18200	0.2778
AEFNST	6	20	40	5	9	7000	49000	0.125
CDEHIR	6	19	42	4	7	7000	53200	0.09524
EEKSST	6	11	22	11	9	7000	15400	0.5
ACDEKR	6	6	15	4	8	7000	15400	0.2667
EEPRSU	6	13	29	3	2	7000	36400	0.1034
EERSSV	6	9	20	4	6	7000	22400	0.2
AEILRW	6	9	18	7	6	7000	15400	0.3889
ANSSTU	6	16	32	5	5	7000	37800	0.1562
AEGMRS	6	13	28	16	10	7000	16800	0.5714
CDEIKT	6	7	14	5	5	7000	12600	0.3571
EINOPT	6	8	16	5	4	7000	15400	0.3125
ABILRS	6	10	22	4	6	7000	25200	0.1818
ADDEIL	6	16	32	5	4	7000	37800	0.1562
CENOSS	6	5	10	5	3	7000	7000	0.5
AEERRT	6	61	135	4	32	7000	183400	0.02963
AOPRST	6	17	37	4	4	7000	46200	0.1081
EINOPR	6	27	59	5	0	7000	75600	0.08475
EEFRRS	6	9	20	3	1	7000	23800	0.15
NOSSTU	6	10	21	5	9	7000	22400	0.2381
AEHHST	6	20	40	7	6	7000	46200	0.175
EINRTW	6	11	22	15	9	7000	9800	0.6818
AEFSST	6	13	27	4	5	7000	32200	0.1481
AEMPRT	6	9	18	5	5	7000	18200	0.2778
HLOOSS	6	10	20	5	3	7000	21000	0.25
EHOSSU	6	5	10	5	5	7000	7000	0.5
ABENRT	6	6	12	5	3	7000	9800	0.4167
HOSSTU	6	9	18	9	6	7000	12600	0.5
AELNPT	6	21	42	15	16	7000	37800	0.3571
EIKRST	6	10	21	12	13	7000	12600	0.5714
ENOPST	6	24	48	5	4	7000	60200	0.1042
CEIRRS	6	17	37	10	16	7000	37800	0.2703
ADGINR	6	8	16	5	5	7000	15400	0.3125
EHOSST	6	12	24	11	12	7000	18200	0.4583
DELOSU	6	6	12	5	8	7000	9800	0.4167
BDEORS	6	13	31	3	4	7000	39200	0.09677
ABDELM	6	5	12	5	4	7000	9800	0.4167
ABDENR	6	10	20	9	15	7000	15400	0.45
DEPRSU	6	6	14	3	0	7000	15400	0.2143
EHIORS	6	30	60	11	10	7000	68600	0.1833
ACELNR	6	7	14	5	3	7000	12600	0.3571
DEGILR	6	18	43	3	6	7000	56000	0.06977
ACERSU	6	7	15	6	5	7000	12600	0.4
ACELPS	6	7	14	5	4	7000	12600	0.3571
ABEERR	6	5	10	5	1	7000	7000	0.5
CEINNO	6	8	16	5	4	7000	15400	0.3125
AEMNSS	6	10	21	5	1	7000	22400	0.2381
AGNRST	6	9	18	5	7	7000	18200	0.2778
DELORU	6	18	40	4	13	7000	50400	0.1
DEEGRS	6	11	24	7	4	7000	23800	0.2917
ACEKRT	6	10	23	12	12	7000	15400	0.5217
OORSST	6	9	20	4	4	7000	22400	0.2
ACEOST	6	9	18	5	5	7000	18200	0.2778
AGHINR	6	22	44	5	3	7000	54600	0.1136
ADEHSS	6	15	35	9	12	7000	36400	0.2571
DEINOS	6	45	92	5	7	7000	121800	0.05435
ADENRW	6	16	33	9	17	7000	33600	0.2727
BEORSS	6	7	16	5	7	7000	15400	0.3125
IKT	3	158	316	140	99	7000	17600	0.443
GIILNT	6	9	18	9	5	7000	12600	0.5
EMRSTU	6	17	36	5	7	7000	43400	0.1389
ADEHIL	6	9	18	5	5	7000	18200	0.2778
EHORRT	6	14	28	5	1	7000	32200	0.1786
AEKNSS	6	9	24	3	3	7000	29400	0.125
ABCDER	6	18	36	5	7	7000	43400	0.1389
DEELST	6	30	67	3	4	7000	89600	0.04478
GIINRS	6	14	28	13	6	7000	21000	0.4643
ANV	3	193	386	109	98	6900	27700	0.2824
ADMS	4	59	118	37	27	6800	32400	0.3136
NOSY	4	56	112	17	13	6800	38000	0.1518
EGLU	4	50	116	25	18	6800	36400	0.2155
ESSU	4	118	236	27	30	6800	83600	0.1144
ADMN	4	41	82	31	21	6800	20400	0.378
HLOS	4	60	120	19	23	6800	40400	0.1583
CDHI	4	52	104	29	32	6800	30000	0.2788
CHSU	4	31	62	19	14	6800	17200	0.3065
ENTW	4	49	98	27	20	6800	28400	0.2755
AMSS	4	39	78	35	21	6800	17200	0.4487
ABRW	4	36	83	16	9	6800	26800	0.1928
GLSU	4	65	162	38	32	6800	49600	0.2346
IKLS	4	23	62	10	10	6800	20800	0.1613
EMRT	4	160	320	19	28	6800	120400	0.05937
ACMO	4	53	106	19	19	6800	34800	0.1792
FILO	4	29	58	17	17	6800	16400	0.2931
GLOS	4	67	134	19	37	6800	46000	0.1418
BELO	4	52	104	65	39	6800	15600	0.625
DRU	3	156	312	75	55	6700	23700	0.2404
AHY	3	172	344	69	54	6700	27500	0.2006
EILPPRST	8	1	4	1	0	6600	6600	0.25
DEEORRST	8	6	13	2	1	6600	24200	0.1538
AEGILNRT	8	7	16	2	2	6600	30800	0.125
ABDEINRS	8	5	10	3	1	6600	15400	0.3
ADEEPRST	8	3	7	2	1	6600	11000	0.2857
MOP	3	199	398	132	127	6600	26600	0.3317
PRU	3	101	202	68	52	6600	13400	0.3366
ADEEMRST	8	3	6	3	1	6600	6600	0.5
EGIINRST	8	7	15	8	3	6600	15400	0.5333
EILRSSTT	8	3	6	3	3	6600	6600	0.5
ADEGINRT	8	9	19	5	6	6600	30800	0.2632
ADEERSTT	8	8	17	6	1	6600	24200	0.3529
BDE	3	299	598	109	94	6500	48900	0.1823
IOPS	4	60	120	18	23	6400	40800	0.15
DIMS	4	66	132	46	32	6400	34400	0.3485
DEEGR	5	9	18	10	5	6400	6400	0.5556
AELNT	5	61	122	8	19	6400	91200	0.06557
GHINS	5	10	20	8	8	6400	9600	0.4
AAIMN	5	81	213	5	15	6400	166400	0.02347
AKNT	4	25	50	24	19	6400	10400	0.48
ADEIN	5	94	188	8	21	6400	144000	0.04255
ACELV	5	10	21	9	10	6400	9600	0.4286
ACPS	4	54	108	24	26	6400	33600	0.2222
EHLOT	5	54	115	5	9	6400	88000	0.04348
AHPRS	5	24	48	20	10	6400	22400	0.4167
ELORU	5	14	28	8	10	6400	16000	0.2857
FILM	4	41	94	13	6	6400	32400	0.1383
EMPT	4	52	104	16	15	6400	35200	0.1538
MOSTU	5	22	49	7	7	6400	33600	0.1429
ERSTU	5	48	96	8	24	6400	70400	0.08333
BNSU	4	58	146	50	26	6400	38400	0.3425
FLOW	4	24	55	16	10	6400	15600	0.2909
AHSSW	5	14	33	13	5	6400	16000	0.3939
AAGNS	5	51	129	4	12	6400	100000	0.03101
APRSS	5	18	36	26	14	6400	8000	0.7222
DESW	4	59	118	46	21	6400	28800	0.3898
DFI	3	203	406	96	74	6400	31000	0.2365
EFILT	5	17	34	10	11	6400	19200	0.2941
ACEES	5	30	60	8	11	6400	41600	0.1333
BINRU	5	18	39	5	4	6400	27200	0.1282
ERRSU	5	25	50	10	9	6400	32000	0.2
AILNP	5	22	44	8	8	6400	28800	0.1818
CEHIN	5	16	32	16	13	6400	12800	0.5
DGIS	4	57	114	34	26	6400	32000	0.2982
ACLLS	5	14	28	10	12	6400	14400	0.3571
BRSTU	5	29	61	18	12	6400	34400	0.2951
ADGRS	5	29	61	10	10	6400	40800	0.1639
AIMNR	5	80	160	8	24	6400	121600	0.05
DEG	3	432	864	110	88	6400	75400	0.1273
EHRSW	5	22	44	8	2	6400	28800	0.1818
EORV	4	72	144	94	72	6400	20000	0.6528
AGLO	4	45	90	16	18	6400	29600	0.1778
AGSW	4	34	85	22	18	6400	25200	0.2588
BDIR	4	84	168	18	21	6400	60000	0.1071
EGOPR	5	13	28	7	3	6400	16800	0.25
AENPT	5	67	134	8	20	6400	100800	0.0597
BDO	3	165	330	120	94	6400	21000	0.3636
EOSTV	5	18	36	8	11	6400	22400	0.2222
AAMRS	5	22	44	8	5	6400	28800	0.1818
AGMRS	5	26	54	8	13	6400	36800	0.1481
CILOS	5	13	26	8	8	6400	14400	0.3077
AENPR	5	54	108	16	11	6400	73600	0.1481
ABEGL	5	12	30	6	3	6400	19200	0.2
ADELM	5	36	72	8	15	6400	51200	0.1111
ASWY	4	34	82	25	18	6400	22800	0.3049
MOOPS	5	17	38	8	6	6400	24000	0.2105
EIKNR	5	29	58	8	8	6400	40000	0.1379
COOP	4	23	46	16	14	6400	12000	0.3478
BOOST	5	21	42	28	30	6400	11200	0.6667
EINTU	5	79	158	8	24	6400	120000	0.05063
ACOR	4	288	721	13	24	6400	283200	0.01803
CEOSS	5	22	44	8	12	6400	28800	0.1818
ALLPS	5	20	40	14	18	6400	20800	0.35
ADELY	5	25	53	7	15	6400	36800	0.1321
AEOST	5	71	142	8	2	6400	107200	0.05634
EMO	3	363	726	68	60	6200	65800	0.09366
CHO	3	256	512	82	64	6200	43000	0.1602
FINO	4	70	155	15	12	6000	56000	0.09677
FIRT	4	36	72	35	21	6000	14800	0.4861
IKNR	4	22	44	15	14	6000	11600	0.3409
DEGS	4	75	150	37	18	6000	45200	0.2467
INSU	4	138	276	19	13	6000	102800	0.06884
ACKS	4	32	64	33	26	6000	12400	0.5156
EKOT	4	19	38	15	12	6000	9200	0.3947
INTY	4	61	150	9	7	6000	56400	0.06
PSTU	4	46	92	19	26	6000	29200	0.2065
CEST	4	151	302	17	30	6000	114000	0.05629
NOSU	4	121	242	17	21	6000	90000	0.07025
ELRU	4	125	250	139	105	6000	44400	0.556
BDEO	4	44	88	25	30	6000	25200	0.2841
OPSS	4	33	66	31	22	6000	14000	0.4697
ALSY	4	58	116	79	49	6000	14800	0.681
AFHS	4	37	74	15	13	6000	23600	0.2027
AFOR	4	105	253	10	12	6000	97200	0.03953
ACLY	4	30	69	15	10	6000	21600	0.2174
DPSU	4	35	86	17	7	6000	27600	0.1977
EGLS	4	75	150	29	16	6000	48400	0.1933
CGOS	4	30	60	15	9	6000	18000	0.25
ABLM	4	29	67	18	16	6000	19600	0.2687
AMSW	4	36	83	22	23	6000	24400	0.2651
MOPR	4	37	74	27	17	6000	18800	0.3649
ANNO	4	274	697	10	31	6000	274800	0.01435
NOY	3	249	643	60	40	5900	58300	0.09331
BNU	3	132	264	139	80	5900	12500	0.5265
EKN	3	215	430	74	48	5800	35600	0.1721
ELY	3	186	372	96	43	5800	27600	0.2581
DEF	3	266	532	83	75	5700	44900	0.156
ANSSW	5	32	64	17	17	5600	37600	0.2656
DNTU	4	41	82	20	34	5600	24800	0.2439
DENRTU	6	10	21	4	6	5600	23800	0.1905
DEEIMS	6	24	48	6	5	5600	58800	0.125
DEFIN	5	23	46	9	14	5600	29600	0.1957
GHINOS	6	13	26	4	6	5600	30800	0.1538
AGOT	4	62	124	24	26	5600	40000	0.1935
ABELRT	6	23	49	3	4	5600	64400	0.06122
ANRSW	5	14	28	7	14	5600	16800	0.25
EISTTW	6	8	16	4	2	5600	16800	0.25
ABEKR	5	13	35	23	15	5600	9600	0.6571
AHLLS	5	18	36	23	19	5600	10400	0.6389
AGORT	5	40	82	6	8	5600	60800	0.07317
ABELMS	6	4	8	4	1	5600	5600	0.5
AELNPR	6	11	22	4	4	5600	25200	0.1818
EITTW	5	17	34	7	3	5600	21600	0.2059
AELNRS	6	12	24	4	5	5600	28000	0.1667
EINRU	5	32	64	7	6	5600	45600	0.1094
CGINOS	6	18	42	7	8	5600	49000	0.1667
CEOPSS	6	4	8	4	2	5600	5600	0.5
ILMP	4	33	66	16	5	5600	20000	0.2424
DINO	4	152	304	14	13	5600	116000	0.04605
DINST	5	23	46	13	15	5600	26400	0.2826
AEIPTT	6	8	16	4	4	5600	16800	0.25
EINRV	5	16	32	13	13	5600	15200	0.4062
NOOSST	6	7	14	4	3	5600	14000	0.2857
EELLRS	6	14	28	18	13	5600	14000	0.6429
AEISST	6	24	48	4	2	5600	61600	0.08333
AHSS	4	41	82	14	8	5600	27200	0.1707
LOOSS	5	12	24	9	12	5600	12000	0.375
AMPRST	6	8	16	8	5	5600	11200	0.5
GHIRT	5	28	60	14	7	5600	36800	0.2333
DEPSU	5	10	26	4	2	5600	17600	0.1538
AALPS	5	57	145	4	7	5600	112800	0.02759
ACPR	4	45	90	42	31	5600	19200	0.4667
AALS	4	56	112	16	7	5600	38400	0.1429
HORSST	6	7	14	4	4	5600	14000	0.2857
GILNOP	6	7	14	8	4	5600	8400	0.5714
DEMORS	6	12	26	4	2	5600	30800	0.1538
EEHIRS	6	12	24	4	3	5600	28000	0.1667
DEMNOS	6	5	10	4	2	5600	8400	0.4
AGGINR	6	7	14	4	2	5600	14000	0.2857
COSSTU	6	5	10	4	3	5600	8400	0.4
AGINPR	6	11	22	12	18	5600	14000	0.5455
CSTU	4	53	106	22	26	5600	33600	0.2075
DEIORT	6	43	94	3	7	5600	127400	0.03191
EEILRS	6	44	88	4	21	5600	117600	0.04545
DEIKLN	6	8	17	4	3	5600	18200	0.2353
DDEENT	6	6	12	8	9	5600	5600	0.6667
ABKRS	5	8	16	7	5	5600	7200	0.4375
AGIMNT	6	15	30	16	18	5600	19600	0.5333
AISTW	5	36	72	45	28	5600	21600	0.625
ELORSV	6	6	12	6	6	5600	8400	0.5
ABDELS	6	7	14	4	4	5600	14000	0.2857
HNOOS	5	21	42	15	9	5600	21600	0.3571
AIOPST	6	10	20	4	3	5600	22400	0.2
DDEOST	6	11	22	4	4	5600	25200	0.1818
DEILMS	6	17	35	6	9	5600	40600	0.1714
DEILO	5	15	30	11	6	5600	15200	0.3667
DEINPS	6	15	31	7	10	5600	33600	0.2258
EEGRSS	6	10	23	3	0	5600	28000	0.1304
AGIKNR	6	10	20	6	11	5600	19600	0.3
DEILV	5	33	75	12	16	5600	50400	0.16
DEIMSS	6	16	34	4	3	5600	42000	0.1176
ABDEIL	6	5	12	5	5	5600	9800	0.4167
AGINPT	6	9	18	4	4	5600	19600	0.2222
AIMST	5	48	96	7	7	5600	71200	0.07292
FILT	4	25	50	22	18	5600	11200	0.44
ABEGRS	6	5	11	3	2	5600	11200	0.2727
DEEGS	5	22	44	9	7	5600	28000	0.2045
ADDENR	6	24	51	9	10	5600	58800	0.1765
AEMSTT	6	8	16	4	8	5600	16800	0.25
ALNOST	6	49	111	2	8	5600	152600	0.01802
AENNP	5	16	32	7	10	5600	20000	0.2188
ABSTU	5	40	114	3	0	5600	88800	0.02632
DEGNRU	6	10	21	4	3	5600	23800	0.1905
EEFILR	6	9	22	3	1	5600	26600	0.1364
BOORS	5	9	22	6	7	5600	12800	0.2727
EEFLRT	6	24	52	5	4	5600	65800	0.09615
ACKST	5	21	42	35	33	5600	5600	0.8333
GLOOS	5	12	24	7	6	5600	13600	0.2917
AENRW	5	11	22	7	2	5600	12000	0.3182
GMSU	4	22	55	29	10	5600	10400	0.5273
ABIRS	5	55	137	3	2	5600	107200	0.0219
CDEHOR	6	11	22	4	5	5600	25200	0.1818
CLOOS	5	11	22	9	7	5600	10400	0.4091
AEGRY	5	17	39	5	5	5600	27200	0.1282
ACKRST	6	6	12	6	8	5600	8400	0.5
DEEFR	5	21	46	5	9	5600	32800	0.1087
ACLOST	6	9	18	4	3	5600	19600	0.2222
AGNPS	5	14	28	15	18	5600	10400	0.5357
ADEHL	5	15	30	7	9	5600	18400	0.2333
ABIR	4	112	275	9	12	5600	106400	0.03273
ACEHLS	6	12	25	3	5	5600	30800	0.12
EENSTV	6	7	14	4	1	5600	14000	0.2857
ADELSW	6	6	14	3	1	5600	15400	0.2143
ACEERS	6	21	42	4	3	5600	53200	0.09524
ADEMNO	6	24	52	3	7	5600	68600	0.05769
EHP	3	358	716	72	57	5600	64400	0.1006
ADEGRT	6	20	40	10	11	5600	42000	0.25
ACELLR	6	8	17	7	9	5600	14000	0.4118
BEGINS	6	12	25	3	4	5600	30800	0.12
CDORU	5	12	25	6	1	5600	15200	0.24
ADEHSW	6	5	11	3	4	5600	11200	0.2727
EILLOT	6	11	22	4	1	5600	25200	0.1818
ADHRS	5	35	70	27	24	5600	34400	0.3857
EHORTT	6	6	12	4	6	5600	11200	0.3333
EHORSW	6	14	28	4	8	5600	33600	0.1429
BDENOR	6	6	12	4	4	5600	11200	0.3333
EHIRTT	6	14	29	17	17	5600	16800	0.5862
EIMNOS	6	6	12	4	3	5600	11200	0.3333
ADGS	4	40	80	32	19	5600	19200	0.4
ADELPS	6	9	18	4	1	5600	19600	0.2222
NPSU	4	29	58	16	19	5600	16800	0.2759
OPRU	4	30	60	24	25	5600	14400	0.4
ADEILV	6	9	18	6	4	5600	16800	0.3333
EILOOT	6	10	20	4	4	5600	22400	0.2
ADEGNT	6	4	8	4	2	5600	5600	0.5
ACDEF	5	23	46	9	10	5600	29600	0.1957
ADEEPS	6	11	22	4	6	5600	25200	0.1818
CEEHRS	6	4	8	4	2	5600	5600	0.5
EIMRSS	6	8	16	4	3	5600	16800	0.25
OPRSTU	6	7	17	2	1	5600	21000	0.1176
OPRSU	5	11	22	11	7	5600	8800	0.5
ACDEIN	6	10	20	4	5	5600	22400	0.2
ADEGLR	6	11	25	2	2	5600	32200	0.08
CEILRS	6	9	18	4	7	5600	19600	0.2222
EEMORT	6	34	71	2	22	5600	96600	0.02817
EIKPS	5	9	24	10	8	5600	11200	0.4167
EENOPR	6	35	82	2	4	5600	112000	0.02439
EIILLP	6	9	18	4	4	5600	19600	0.2222
CEILOR	6	9	18	8	9	5600	14000	0.4444
EGINSS	6	8	16	4	3	5600	16800	0.25
ACDEPR	6	10	20	4	5	5600	22400	0.2
OPSTT	5	14	28	7	4	5600	16800	0.25
EGILN	5	23	46	7	5	5600	31200	0.1522
BEILLR	6	4	8	4	5	5600	5600	0.5
EORRSU	6	7	14	6	8	5600	11200	0.4286
EELNSS	6	7	14	4	7	5600	14000	0.2857
ASTTU	5	39	86	8	4	5600	62400	0.09302
AEEFRT	6	17	34	4	2	5600	42000	0.1176
EERSSW	6	11	22	8	4	5600	19600	0.3636
ASTTW	5	18	41	7	6	5600	27200	0.1707
ADEHNR	6	12	24	6	11	5600	25200	0.25
CELTTU	6	5	10	4	3	5600	8400	0.4
EESTTW	6	11	22	4	2	5600	25200	0.1818
CEMORS	6	10	21	4	5	5600	23800	0.1905
BTU	3	158	316	166	84	5600	15000	0.5253
EHMS	4	76	152	58	18	5600	37600	0.3816
EILSTT	6	30	65	3	10	5600	86800	0.04615
EHLOST	6	33	71	3	11	5600	95200	0.04225
ACENP	5	13	26	7	5	5600	15200	0.2692
CEMOST	6	12	24	6	5	5600	25200	0.25
EHISTT	6	9	18	4	7	5600	19600	0.2222
ACDEPS	6	4	8	4	4	5600	5600	0.5
EMNORS	6	8	16	4	5	5600	16800	0.25
KOR	3	136	272	59	57	5500	21300	0.2169
DGO	3	199	398	127	101	5500	27100	0.3191
IKN	3	107	214	79	69	5500	13500	0.3692
AGIILNS	7	4	8	3	4	5400	9000	0.375
EHNORST	7	18	41	2	12	5400	70200	0.04878
ENNOSST	7	5	10	3	6	5400	12600	0.3
EIMORST	7	8	19	2	2	5400	30600	0.1053
EEILRST	7	35	73	3	7	5400	126000	0.0411
EINOSTT	7	27	56	2	3	5400	97200	0.03571
DELOSTT	7	7	15	2	7	5400	23400	0.1333
AEENRST	7	98	227	2	39	5400	405000	0.008811
ADEIPRS	7	10	23	2	1	5400	37800	0.08696
CEHINRS	7	8	16	3	2	5400	23400	0.1875
AGHINPS	7	5	12	2	0	5400	18000	0.1667
AEELSST	7	7	14	5	4	5400	16200	0.3571
EILRSST	7	7	14	3	9	5400	19800	0.2143
DELNORU	7	4	9	2	0	5400	12600	0.2222
AEGGILN	7	7	15	2	1	5400	23400	0.1333
ACEINRT	7	46	106	3	7	5400	185400	0.0283
EOPRSTU	7	15	32	13	10	5400	34200	0.4062
ACELRSS	7	6	13	2	4	5400	19800	0.1538
AEEHRRS	7	13	29	6	12	5400	41400	0.2069
ACEHRRT	7	6	12	3	3	5400	16200	0.25
AEEMNRS	7	7	14	3	4	5400	19800	0.2143
ACERSST	7	6	12	5	5	5400	12600	0.4167
ACDEIRS	7	13	28	2	3	5400	46800	0.07143
AEFLORT	7	4	9	2	2	5400	12600	0.2222
ACEILST	7	14	33	1	2	5400	57600	0.0303
BEIRSST	7	15	31	3	8	5400	50400	0.09677
ADENRSS	7	4	8	3	4	5400	9000	0.375
AEILMRS	7	5	10	5	3	5400	9000	0.5
ABDELST	7	5	12	2	2	5400	18000	0.1667
AGINORT	7	27	54	15	15	5400	70200	0.2778
GIINRST	7	12	24	11	5	5400	23400	0.4583
ACDERST	7	4	8	3	2	5400	9000	0.375
EIRSSTV	7	4	9	2	2	5400	12600	0.2222
ABDEELT	7	4	8	3	1	5400	9000	0.375
EEPRSTT	7	10	21	2	4	5400	34200	0.09524
AEIPRRS	7	16	34	3	8	5400	55800	0.08824
AEILNSS	7	15	30	3	7	5400	48600	0.1
EFILRST	7	8	16	9	5	5400	12600	0.5625
AGINRTT	7	10	20	11	7	5400	16200	0.55
ENNRSTU	7	4	8	3	1	5400	9000	0.375
DEHORST	7	6	12	3	2	5400	16200	0.25
AEIRSTW	7	9	20	5	5	5400	27000	0.25
DEIMNRS	7	5	10	5	4	5400	9000	0.5
DEIRSTV	7	4	8	3	5	5400	9000	0.375
AEEILRS	7	11	22	3	6	5400	34200	0.1364
ACGHINR	7	5	10	3	2	5400	12600	0.3
CEILORS	7	4	8	5	4	5400	5400	0.625
GIINRSS	7	4	8	3	1	5400	9000	0.375
BELRSTU	7	3	8	1	2	5400	12600	0.125
ADEILST	7	4	8	3	2	5400	9000	0.375
AEGIRST	7	38	98	1	7	5400	174600	0.0102
OPRSSTU	7	3	8	2	1	5400	10800	0.25
ABEILST	7	20	47	2	1	5400	81000	0.04255
CDEILLO	7	3	7	2	3	5400	9000	0.2857
AELMPRS	7	4	9	4	3	5400	9000	0.4444
ACEHMRS	7	5	10	5	3	5400	9000	0.5
ACEHMRT	7	5	10	5	3	5400	9000	0.5
GINNOST	7	8	16	3	9	5400	23400	0.1875
AELNPST	7	9	18	7	9	5400	19800	0.3889
ACEMOPR	7	4	8	3	0	5400	9000	0.375
EGIMNRS	7	4	9	2	4	5400	12600	0.2222
GILNSTU	7	5	11	2	4	5400	16200	0.1818
ABEORRT	7	4	9	2	0	5400	12600	0.2222
DEEIRSS	7	6	12	3	5	5400	16200	0.25
DEEORST	7	7	14	3	0	5400	19800	0.2143
LPSU	4	23	46	15	14	5200	12400	0.3261
EGINRRSST	9	2	4	2	1	5200	5200	0.5
LORU	4	39	78	29	25	5200	19600	0.3718
AIMM	4	35	70	13	12	5200	22800	0.1857
HRTU	4	68	153	15	18	5200	55200	0.09804
AAMR	4	66	132	15	8	5200	46800	0.1136
BIOS	4	54	134	9	12	5200	50000	0.06716
AIKN	4	91	286	5	17	5200	112400	0.01748
EKOS	4	42	84	31	22	5200	21200	0.369
ACGS	4	29	58	17	11	5200	16400	0.2931
BLOT	4	32	64	23	22	5200	16400	0.3594
DETY	4	42	84	13	7	5200	28400	0.1548
BILO	4	21	42	13	9	5200	11600	0.3095
DEW	3	256	512	140	87	5000	37200	0.2734
AEW	3	223	446	59	49	4900	38700	0.1323
AAPR	4	89	178	12	19	4800	66400	0.06742
DEOSW	5	11	22	10	9	4800	9600	0.4545
CMOS	4	36	72	18	11	4800	21600	0.25
EOPRW	5	8	16	6	7	4800	8000	0.375
EELV	4	14	28	12	9	4800	6400	0.4286
EPSTY	5	14	34	5	2	4800	23200	0.1471
CDEHI	5	14	28	10	4	4800	14400	0.3571
ELLPS	5	13	26	16	12	4800	8000	0.6154
AMRSU	5	63	172	3	3	4800	135200	0.01744
DEEG	4	30	60	16	16	4800	17600	0.2667
CEHRT	5	34	68	6	5	4800	49600	0.08824
ACKL	4	23	46	28	21	4800	7200	0.6087
AGLOS	5	16	32	6	10	4800	20800	0.1875
CLOSU	5	14	28	6	5	4800	17600	0.2143
AMRSW	5	10	24	4	8	4800	16000	0.1667
ACLOR	5	53	117	5	9	4800	89600	0.04274
LOSSU	5	11	22	6	7	4800	12800	0.2727
ACLSY	5	8	19	3	2	4800	12800	0.1579
BLOOS	5	13	26	6	5	4800	16000	0.2308
EMORV	5	6	12	6	3	4800	4800	0.5
ALSU	4	69	138	12	12	4800	50400	0.08696
CEMOR	5	14	28	12	9	4800	12800	0.4286
CESTU	5	24	48	6	22	4800	33600	0.125
COSY	4	27	54	14	13	4800	16000	0.2593
DORU	4	37	74	12	21	4800	24800	0.1622
AIKRS	5	22	50	4	5	4800	36800	0.08
EEKSS	5	18	36	12	5	4800	19200	0.3333
DEEK	4	29	73	6	7	4800	26800	0.08219
AIPRT	5	56	130	4	8	4800	100800	0.03077
COSS	4	38	76	18	17	4800	23200	0.2368
ABINS	5	25	62	5	8	4800	45600	0.08065
CDLO	4	32	64	16	16	4800	19200	0.25
ADPS	4	58	116	24	21	4800	36800	0.2069
AKRS	4	42	84	22	18	4800	24800	0.2619
KORST	5	16	35	4	6	4800	24800	0.1143
ADERV	5	20	40	10	16	4800	24000	0.25
EENW	4	41	82	16	26	4800	26400	0.1951
EEFL	4	18	36	24	15	4800	4800	0.6667
CIKST	5	13	26	16	14	4800	8000	0.6154
HLOST	5	17	34	8	10	4800	20800	0.2353
EMPST	5	15	30	6	4	4800	19200	0.2
AERRW	5	10	20	6	9	4800	11200	0.3
EENSW	5	18	39	8	12	4800	24800	0.2051
ALOSS	5	25	50	6	6	4800	35200	0.12
BLOST	5	13	26	10	8	4800	12800	0.3846
ORTTU	5	17	34	8	3	4800	20800	0.2353
EHORT	5	20	40	6	6	4800	27200	0.15
FILST	5	10	20	6	7	4800	11200	0.3
EFIRT	5	31	64	6	7	4800	46400	0.09375
EIRRW	5	8	16	6	5	4800	8000	0.375
CEISV	5	11	22	12	7	4800	8000	0.5455
FITT	4	16	32	16	13	4800	6400	0.5
AGNSS	5	20	40	22	18	4800	14400	0.55
DELRU	5	32	64	16	23	4800	38400	0.25
EIKP	4	9	26	9	6	4800	6800	0.3462
MOSS	4	30	60	20	20	4800	16000	0.3333
DENSU	5	55	110	72	35	4800	30400	0.6545
DEFI	4	68	136	14	15	4800	48800	0.1029
EPSY	4	39	90	13	8	4800	30800	0.1444
ACHNT	5	14	28	8	6	4800	16000	0.2857
AGSY	4	32	76	34	19	4800	16800	0.4474
ALMPS	5	14	31	8	5	4800	18400	0.2581
BEMOR	5	21	48	6	1	4800	33600	0.125
RSSTU	5	12	24	6	6	4800	14400	0.25
ABNRS	5	17	34	16	17	4800	14400	0.4706
AEGSW	5	10	20	8	10	4800	9600	0.4
MPSU	4	22	44	20	8	4800	9600	0.4545
APSSW	5	16	38	19	9	4800	15200	0.5
AMORS	5	16	32	8	10	4800	19200	0.25
ADY	3	172	344	88	60	4800	25600	0.2558
IMPSS	5	6	12	6	5	4800	4800	0.5
GINSU	5	35	70	6	7	4800	51200	0.08571
DEOTV	5	16	32	10	10	4800	17600	0.3125
ADLOS	5	26	56	5	6	4800	40800	0.08929
BELRU	5	17	42	7	5	4800	28000	0.1667
HORSU	5	10	20	6	4	4800	11200	0.3
AHMRS	5	10	20	6	9	4800	11200	0.3
HOSS	4	44	88	14	16	4800	29600	0.1591
BEEN	4	37	74	24	28	4800	20000	0.3243
HITW	4	19	38	16	13	4800	8800	0.4211
BETU	4	46	92	58	21	4800	13600	0.6304
EELMR	5	48	96	6	3	4800	72000	0.0625
ILPST	5	27	59	10	11	4800	39200	0.1695
ACHMS	5	22	48	9	5	4800	31200	0.1875
ALW	3	127	254	53	49	4700	20100	0.2087
DEY	3	142	284	72	28	4600	21200	0.2535
FIS	3	188	376	46	29	4600	33000	0.1223
HIP	3	141	282	52	53	4600	23000	0.1844
AEEIRSTT	8	20	42	2	6	4400	88000	0.04762
ADEEMNRS	8	5	10	2	3	4400	17600	0.2
EEILNRST	8	20	47	3	5	4400	96800	0.06383
ADDEEILR	8	3	6	2	2	4400	8800	0.3333
AEELRSST	8	3	6	2	1	4400	8800	0.3333
AEGV	4	11	22	11	6	4400	4400	0.5
EGILNRST	8	11	23	2	0	4400	46200	0.08696
EGILLNST	8	4	8	4	3	4400	8800	0.5
CDEEORST	8	3	6	2	1	4400	8800	0.3333
EINRSSTT	8	2	4	2	0	4400	4400	0.5
ADEEIRST	8	10	22	1	2	4400	46200	0.04545
EEILRRSV	8	2	4	2	1	4400	4400	0.5
BIRS	4	35	70	19	21	4400	20400	0.2714
EKRS	4	71	179	10	5	4400	67600	0.05587
GPSU	4	27	68	15	15	4400	21200	0.2206
DHIS	4	69	138	11	18	4400	50800	0.07971
AGMS	4	42	84	35	26	4400	19600	0.4167
BOOR	4	27	54	21	27	4400	13200	0.3889
ACEEHRST	8	3	6	4	3	4400	4400	0.6667
ACEGINRT	8	1	3	1	1	4400	4400	0.3333
ABEGIKNR	8	2	4	2	1	4400	4400	0.5
EGLN	4	87	174	13	28	4400	64400	0.07471
AIKS	4	55	136	6	16	4400	52000	0.04412
EFIS	4	71	142	11	3	4400	52400	0.07746
ANSY	4	38	76	11	10	4400	26000	0.1447
ABELRSTT	8	3	6	4	4	4400	4400	0.6667
ADEELSST	8	2	5	1	0	4400	8800	0.2
HOPT	4	76	152	11	15	4400	56400	0.07237
DGIR	4	37	74	19	11	4400	22000	0.2568
EGIS	4	133	266	11	17	4400	102000	0.04135
EEGHILNS	8	3	6	2	1	4400	8800	0.3333
EEGINRSW	8	3	7	1	0	4400	13200	0.1429
AELPRSST	8	2	4	2	1	4400	4400	0.5
EEGINRST	8	7	14	6	5	4400	17600	0.4286
DFIS	4	36	72	15	13	4400	22800	0.2083
EEGILNST	8	5	10	2	3	4400	17600	0.2
DELNORSU	8	3	7	1	1	4400	13200	0.1429
EEGILNRS	8	6	12	6	2	4400	13200	0.5
AEEINRST	8	28	61	1	2	4400	132000	0.01639
ACIM	4	66	132	11	12	4400	48400	0.08333
AEELRRST	8	10	22	1	7	4400	46200	0.04545
AAGS	4	95	224	7	9	4400	86800	0.03125
ALMP	4	22	44	13	10	4400	12400	0.2955
AEGILNRS	8	20	42	4	2	4400	83600	0.09524
ACHP	4	20	40	11	14	4400	11600	0.275
AERRSSTT	8	4	8	2	2	4400	13200	0.25
ADEEFLRT	8	1	3	1	2	4400	4400	0.3333
EGINSSTT	8	5	10	8	6	4400	4400	0.8
AEGHINRS	8	4	8	6	4	4400	4400	0.75
BOSY	4	14	36	6	4	4400	12000	0.1667
ABEGINRT	8	4	8	2	1	4400	13200	0.25
HNSU	4	42	84	17	23	4400	26800	0.2024
DEEINRST	8	8	16	4	2	4400	26400	0.25
GLOO	4	28	56	21	20	4400	14000	0.375
EEINRRST	8	9	20	1	0	4400	41800	0.05
AELNPRST	8	5	10	2	2	4400	17600	0.2
GTU	3	166	332	119	72	4300	21300	0.3584
AELPPR	6	4	8	3	2	4200	7000	0.375
ACEENR	6	24	51	2	7	4200	68600	0.03922
CHOSTU	6	11	24	4	5	4200	28000	0.1667
ADERRY	6	12	25	2	2	4200	32200	0.08
ENY	3	206	412	80	37	4200	33200	0.1942
AELRSW	6	5	10	3	3	4200	9800	0.3
DEOORS	6	8	16	3	3	4200	18200	0.1875
EINRTU	6	31	63	3	8	4200	84000	0.04762
DEINSW	6	8	17	2	3	4200	21000	0.1176
DDEEIT	6	19	39	3	3	4200	50400	0.07692
DENRSU	6	14	28	3	5	4200	35000	0.1071
AFLOST	6	8	16	3	3	4200	18200	0.1875
ABEIRS	6	9	18	3	2	4200	21000	0.1667
AEPRSY	6	7	14	5	7	4200	12600	0.3571
AEINPT	6	25	52	3	10	4200	68600	0.05769
ABGILN	6	6	12	3	4	4200	12600	0.25
ABERSU	6	13	27	3	2	4200	33600	0.1111
CEILNS	6	13	28	2	3	4200	36400	0.07143
CHINST	6	12	25	2	3	4200	32200	0.08
AENRSW	6	8	16	3	0	4200	18200	0.1875
AEKMRS	6	5	10	3	1	4200	9800	0.3
AEEHSV	6	4	9	2	2	4200	9800	0.2222
ACHNST	6	9	18	11	6	4200	9800	0.6111
ACEFRS	6	4	8	5	5	4200	4200	0.625
ADEENP	6	5	10	3	1	4200	9800	0.3
ADEEMT	6	6	12	3	7	4200	12600	0.25
EFORTU	6	7	14	3	0	4200	15400	0.2143
EGGINR	6	4	8	3	3	4200	7000	0.375
AEEHRR	6	13	26	3	6	4200	32200	0.1154
ABERRT	6	9	18	3	4	4200	21000	0.1667
ABEERS	6	5	10	3	5	4200	9800	0.3
ABERRS	6	8	16	3	6	4200	18200	0.1875
EGGILN	6	3	8	3	0	4200	7000	0.375
CDEORR	6	12	24	7	7	4200	23800	0.2917
DELOSW	6	12	27	8	11	4200	26600	0.2963
DEITTW	6	4	8	3	2	4200	7000	0.375
AEMORR	6	16	33	3	5	4200	42000	0.09091
OOPRST	6	8	16	3	1	4200	18200	0.1875
AELNPS	6	5	10	3	2	4200	9800	0.3
GRU	3	168	336	100	88	4200	23600	0.2976
AELSSV	6	5	10	3	3	4200	9800	0.3
ABELRY	6	5	12	2	0	4200	14000	0.1667
CELORS	6	16	36	2	7	4200	47600	0.05556
GINOPS	6	5	10	3	1	4200	9800	0.3
KORSST	6	6	12	3	3	4200	12600	0.25
ACOSST	6	5	10	3	5	4200	9800	0.3
ABDELT	6	10	20	3	1	4200	23800	0.15
ACEHLP	6	5	10	3	1	4200	9800	0.3
AEPPRS	6	6	12	3	6	4200	12600	0.25
EIQRSU	6	4	9	4	4	4200	7000	0.4444
ALOPST	6	4	8	3	0	4200	7000	0.375
CHIORS	6	15	34	2	0	4200	44800	0.05882
CELNOR	6	3	6	3	1	4200	4200	0.5
ACEILR	6	7	14	3	1	4200	15400	0.2143
ELLOPR	6	7	14	3	6	4200	15400	0.2143
EGHINR	6	3	6	3	2	4200	4200	0.5
BGINOS	6	2	6	1	2	4200	7000	0.1667
CDEIRT	6	11	24	3	5	4200	29400	0.125
EIOPRR	6	13	26	3	1	4200	32200	0.1154
CEOORS	6	16	32	3	2	4200	40600	0.09375
DEILNN	6	12	24	3	4	4200	29400	0.125
INPRST	6	16	32	7	10	4200	35000	0.2188
ERSSTY	6	8	17	3	0	4200	19600	0.1765
NOOPSS	6	11	22	17	11	4200	7000	0.7727
AGINNP	6	7	16	4	2	4200	16800	0.25
ADENOT	6	9	18	3	4	4200	21000	0.1667
ACHIRS	6	4	8	3	3	4200	7000	0.375
EHOPRS	6	6	12	5	2	4200	9800	0.4167
EILNSV	6	18	39	9	6	4200	42000	0.2308
DEEHRS	6	13	26	3	3	4200	32200	0.1154
DSU	3	178	356	48	38	4200	30800	0.1348
ACENRV	6	8	18	2	5	4200	22400	0.1111
ADEKST	6	7	17	8	5	4200	12600	0.4706
BENRTU	6	5	11	2	4	4200	12600	0.1818
AEGLNS	6	12	24	11	7	4200	18200	0.4583
AEHLSW	6	6	12	3	8	4200	12600	0.25
EEHSST	6	6	12	5	4	4200	9800	0.4167
BEOSTT	6	4	8	3	2	4200	7000	0.375
ADEGST	6	10	20	11	10	4200	12600	0.55
BDDEIR	6	6	12	3	3	4200	12600	0.25
DEEMRT	6	7	14	3	1	4200	15400	0.2143
ADDERR	6	4	8	5	1	4200	4200	0.625
ACCEHS	6	6	12	3	4	4200	12600	0.25
DEEHIR	6	19	38	3	4	4200	49000	0.07895
AEERSV	6	10	20	3	1	4200	23800	0.15
DEILSV	6	14	28	5	5	4200	32200	0.1786
ACDELS	6	13	26	7	9	4200	26600	0.2692
DEGORU	6	9	21	3	1	4200	25200	0.1429
AORSST	6	4	8	3	2	4200	7000	0.375
HOOSST	6	6	12	7	5	4200	7000	0.5833
AINPRS	6	12	24	3	1	4200	29400	0.125
ADDELS	6	13	27	3	6	4200	33600	0.1111
EENRTV	6	7	14	3	2	4200	15400	0.2143
AGNORS	6	31	73	2	4	4200	99400	0.0274
EILPPR	6	3	6	3	3	4200	4200	0.5
AEFHRT	6	8	17	5	2	4200	16800	0.2941
EPSSTU	6	10	22	2	0	4200	28000	0.09091
EHRSSU	6	5	11	2	3	4200	12600	0.1818
CEERSU	6	29	76	1	0	4200	105000	0.01316
DEHNOR	6	12	24	3	4	4200	29400	0.125
EMNORT	6	5	10	3	1	4200	9800	0.3
AINNOT	6	9	18	3	4	4200	21000	0.1667
CENORT	6	21	42	3	14	4200	54600	0.07143
DEHOSS	6	7	14	3	1	4200	15400	0.2143
CEERSS	6	9	20	2	3	4200	25200	0.1
AEESTT	6	33	66	3	10	4200	88200	0.04545
DEEISV	6	7	17	2	4	4200	21000	0.1176
AGINSW	6	4	8	3	2	4200	7000	0.375
ADEEGR	6	7	14	3	4	4200	15400	0.2143
AGILMN	6	17	37	5	6	4200	44800	0.1351
AEHPSS	6	12	24	9	10	4200	21000	0.375
AEGGNR	6	9	18	7	5	4200	15400	0.3889
AHNSTU	6	12	24	3	1	4200	29400	0.125
ADEHLT	6	6	14	6	6	4200	11200	0.4286
CEEHPS	6	4	8	3	0	4200	7000	0.375
EEINRS	6	253	640	1	50	4200	894600	0.001563
EHNORT	6	21	44	3	15	4200	57400	0.06818
ADDERT	6	17	34	9	11	4200	35000	0.2647
CEHIRR	6	3	6	3	0	4200	4200	0.5
DEIMRS	6	7	14	3	4	4200	15400	0.2143
EIOPRS	6	25	57	4	12	4200	74200	0.07018
ADEHLR	6	21	44	3	1	4200	57400	0.06818
EEIMRS	6	22	44	3	6	4200	57400	0.06818
DDENOR	6	12	25	6	1	4200	26600	0.24
EIKLTT	6	4	8	3	2	4200	7000	0.375
DEELNR	6	8	16	5	7	4200	15400	0.3125
EIMMRS	6	6	12	5	3	4200	9800	0.4167
DDEINS	6	13	26	3	4	4200	32200	0.1154
ADEPRR	6	5	10	3	3	4200	9800	0.3
CDEILO	6	12	25	3	4	4200	30800	0.12
AEILST	6	17	34	3	2	4200	43400	0.08824
ADEEFR	6	6	12	3	5	4200	12600	0.25
DEGILN	6	12	25	3	2	4200	30800	0.12
DEESTW	6	6	12	3	4	4200	12600	0.25
EILMST	6	11	22	3	3	4200	26600	0.1364
AGIKNS	6	5	11	2	1	4200	12600	0.1818
DEELRW	6	5	11	2	3	4200	12600	0.1818
EERSSU	6	10	20	3	2	4200	23800	0.15
DEFIST	6	15	30	11	13	4200	26600	0.3667
HOW	3	84	168	77	59	4100	9100	0.4583
LOW	3	86	172	69	56	4100	10300	0.4012
AHW	3	97	194	79	59	4100	11500	0.4072
AMY	3	136	272	77	56	4100	19500	0.2831
EGOSS	5	9	25	3	1	4000	17600	0.12
ALOTT	5	27	54	5	8	4000	39200	0.09259
AHILT	5	71	153	5	11	4000	118400	0.03268
ELMS	4	56	112	20	13	4000	36800	0.1786
LNOW	4	17	34	10	12	4000	9600	0.2941
AEFLM	5	13	27	4	7	4000	18400	0.1481
EMOPR	5	5	10	5	2	4000	4000	0.5
GIKN	4	15	30	12	10	4000	7200	0.4
ABSST	5	14	28	13	10	4000	12000	0.4643
BDRU	4	31	62	14	6	4000	19200	0.2258
ELMST	5	49	98	29	23	4000	55200	0.2959
EEGNT	5	61	122	7	11	4000	92000	0.05738
BDORS	5	13	27	7	8	4000	16000	0.2593
ADEEV	5	18	40	4	5	4000	28800	0.1
EISSW	5	12	24	5	11	4000	15200	0.2083
DELNO	5	60	120	7	15	4000	90400	0.05833
DEOSV	5	6	12	5	3	4000	5600	0.4167
BEMRU	5	7	16	4	0	4000	9600	0.25
KOOT	4	13	26	10	5	4000	6400	0.3846
AHPST	5	23	46	5	6	4000	32800	0.1087
AEHKS	5	11	22	15	15	4000	5600	0.6818
AHPSS	5	9	18	9	2	4000	7200	0.5
DEMSU	5	11	22	5	3	4000	13600	0.2273
EELMS	5	22	44	5	8	4000	31200	0.1136
EFIST	5	28	56	9	6	4000	37600	0.1607
AHINS	5	16	32	5	3	4000	21600	0.1562
ELPU	4	19	38	12	6	4000	10400	0.3158
AEHLW	5	12	24	5	10	4000	15200	0.2083
IMPRS	5	24	48	19	5	4000	23200	0.3958
ERSV	4	88	176	12	5	4000	65600	0.06818
CDIS	4	42	84	12	8	4000	28800	0.1429
BELSU	5	11	22	7	6	4000	12000	0.3182
EEKN	4	24	48	10	10	4000	15200	0.2083
ESTTY	5	30	63	4	2	4000	47200	0.06349
EGORU	5	26	61	5	5	4000	44800	0.08197
BESTU	5	24	48	23	13	4000	20000	0.4792
BOOS	4	15	30	12	8	4000	7200	0.4
GIPRS	5	18	41	14	5	4000	21600	0.3415
AEKM	4	16	32	12	12	4000	8000	0.375
LNOU	4	39	78	12	23	4000	26400	0.1538
BKOO	4	11	23	9	7	4000	5600	0.3913
FLOO	4	39	78	38	28	4000	16000	0.4872
CEIV	4	23	46	18	16	4000	11200	0.3913
EKORT	5	7	14	7	5	4000	5600	0.5
EEPRU	5	11	22	5	3	4000	13600	0.2273
AFILR	5	19	38	7	6	4000	24800	0.1842
ALPY	4	17	34	12	6	4000	8800	0.3529
LPU	3	82	164	58	47	4000	10600	0.3537
AFHLS	5	6	12	5	1	4000	5600	0.4167
HIMS	4	62	124	22	28	4000	40800	0.1774
ADEFS	5	8	16	7	7	4000	7200	0.4375
DIKS	4	23	61	21	7	4000	16000	0.3443
AFINS	5	6	12	5	3	4000	5600	0.4167
AIPST	5	105	245	3	13	4000	193600	0.01224
ADEV	4	34	68	10	8	4000	23200	0.1471
LSSTU	5	10	20	5	7	4000	12000	0.25
AELPP	5	11	25	4	2	4000	16800	0.16
ACORS	5	77	173	4	9	4000	135200	0.02312
ALPSU	5	24	52	4	3	4000	38400	0.07692
EKSST	5	15	31	4	3	4000	21600	0.129
DDEIT	5	33	66	7	11	4000	47200	0.1061
BDEOS	5	20	40	7	20	4000	26400	0.175
EKRSY	5	9	24	2	0	4000	17600	0.08333
CERRU	5	12	24	9	8	4000	12000	0.375
BDES	4	44	88	28	8	4000	24000	0.3182
CHORT	5	23	46	7	7	4000	31200	0.1522
EMSSU	5	16	32	15	13	4000	13600	0.4688
ALSSY	5	8	18	6	3	4000	9600	0.3333
CDLOS	5	14	30	9	7	4000	16800	0.3
BEINR	5	18	36	5	16	4000	24800	0.1389
DENTU	5	16	32	5	5	4000	21600	0.1562
EORU	4	125	250	10	6	4000	96000	0.04
ACHLS	5	8	16	5	6	4000	8800	0.3125
DNSTU	5	9	18	7	6	4000	8800	0.3889
ALSTU	5	68	160	3	5	4000	125600	0.01875
AGHT	4	30	60	14	9	4000	18400	0.2333
DIORS	5	22	44	7	6	4000	29600	0.1591
DENPS	5	18	36	21	16	4000	12000	0.5833
LRSU	4	68	136	10	18	4000	50400	0.07353
ILLSY	5	5	11	4	2	4000	5600	0.3636
EPRSY	5	20	52	2	5	4000	40000	0.03846
LMSU	4	42	84	24	26	4000	24000	0.2857
DEERR	5	86	178	5	9	4000	138400	0.02809
EPSU	4	34	68	10	13	4000	23200	0.1471
AEPPR	5	8	16	9	8	4000	5600	0.5625
FORST	5	14	28	17	13	4000	8800	0.6071
EEGMR	5	9	18	5	1	4000	10400	0.2778
ESSTW	5	21	42	27	14	4000	12000	0.6429
AACPS	5	18	40	5	1	4000	28000	0.125
CHOU	4	28	56	16	15	4000	16000	0.2857
EIPTT	5	23	46	7	2	4000	31200	0.1522
AEPSV	5	6	15	8	7	4000	5600	0.5333
AMSU	4	55	110	10	9	4000	40000	0.09091
EIKRT	5	10	20	11	11	4000	7200	0.55
AAIRS	5	102	204	5	15	4000	159200	0.02451
BSSTU	5	7	14	7	3	4000	5600	0.5
ACHIR	5	10	20	5	4	4000	12000	0.25
DDEOT	5	14	28	9	5	4000	15200	0.3214
AAIR	4	208	416	10	19	4000	162400	0.02404
DEIKS	5	5	10	5	7	4000	4000	0.5
CENNO	5	5	10	5	5	4000	4000	0.5
FGI	3	105	210	50	34	3800	16000	0.2381
OSY	3	156	312	44	33	3800	26800	0.141
OPW	3	89	178	62	49	3800	11600	0.3483
DMU	3	106	212	75	49	3700	13700	0.3538
BOO	3	43	86	39	39	3700	4700	0.4535
AHTW	4	29	58	13	8	3600	18000	0.2241
HOSW	4	36	72	39	31	3600	13200	0.5417
CIKS	4	18	36	9	14	3600	10800	0.25
ADSY	4	26	52	11	10	3600	16400	0.2115
IKLN	4	12	24	9	6	3600	6000	0.375
BEORSST	7	6	12	2	0	3600	18000	0.1667
EMNORTU	7	3	6	2	1	3600	7200	0.3333
EGINRTT	7	2	4	2	3	3600	3600	0.5
ACEHINR	7	2	4	2	2	3600	3600	0.5
ADEHIRS	7	23	46	2	4	3600	79200	0.04348
ABEHRST	7	3	7	1	0	3600	10800	0.1429
DENORSU	7	7	15	2	3	3600	23400	0.1333
DEENRTU	7	6	13	2	2	3600	19800	0.1538
EILNSST	7	13	29	1	7	3600	50400	0.03448
BDIS	4	27	54	23	14	3600	12400	0.4259
KOOR	4	16	32	9	9	3600	9200	0.2812
EGINPRS	7	4	8	2	2	3600	10800	0.25
EILLOST	7	23	47	1	0	3600	82800	0.02128
DEEIRSV	7	3	8	1	4	3600	12600	0.125
EILLMST	7	5	10	2	3	3600	14400	0.2
DEINRST	7	3	6	2	2	3600	7200	0.3333
EIOPSTT	7	4	8	2	2	3600	10800	0.25
ABDEILR	7	7	14	2	3	3600	21600	0.1429
ADGINRT	7	8	16	6	6	3600	18000	0.375
CEHILNS	7	2	4	2	2	3600	3600	0.5
DEILOPS	7	4	8	2	0	3600	10800	0.25
ADENRSW	7	2	4	2	2	3600	3600	0.5
HLSU	4	23	46	11	15	3600	14000	0.2391
EIRRSTT	7	4	8	2	0	3600	10800	0.25
DEIRSST	7	3	6	2	1	3600	7200	0.3333
ACERRSS	7	3	6	2	4	3600	7200	0.3333
EIORRST	7	18	37	2	4	3600	63000	0.05405
DEILLRR	7	3	6	4	0	3600	3600	0.6667
CEHORTU	7	2	5	1	0	3600	7200	0.2
EHORSTT	7	4	8	2	5	3600	10800	0.25
DEIINRS	7	6	12	2	0	3600	18000	0.1667
AKSS	4	13	26	11	3	3600	6000	0.4231
ADEGILN	7	8	21	3	6	3600	32400	0.1429
ACELLRS	7	1	3	1	1	3600	3600	0.3333
ABDEERS	7	2	4	2	3	3600	3600	0.5
ABDEELR	7	2	4	2	1	3600	3600	0.5
DEILSTT	7	4	8	2	1	3600	10800	0.25
AGIKNST	7	3	8	3	3	3600	9000	0.375
DEINRSW	7	2	4	2	0	3600	3600	0.5
ADERRSW	7	10	22	7	7	3600	27000	0.3182
AISV	4	54	108	11	5	3600	38800	0.1019
AGGILLN	7	2	4	2	2	3600	3600	0.5
HIPT	4	30	60	9	12	3600	20400	0.15
ACLM	4	28	56	25	10	3600	12400	0.4464
AGGINST	7	3	6	2	2	3600	7200	0.3333
DDEHIRS	7	4	11	1	3	3600	18000	0.09091
AGHILNS	7	6	12	8	4	3600	7200	0.6667
DDEEIRS	7	18	39	2	1	3600	66600	0.05128
DEIORSW	7	4	9	1	2	3600	14400	0.1111
CEHIMRS	7	2	4	2	2	3600	3600	0.5
EHNRSTU	7	5	10	2	4	3600	14400	0.2
ACEKLRS	7	2	5	3	4	3600	3600	0.6
ACEKNRS	7	2	4	2	2	3600	3600	0.5
AGINSTW	7	4	8	4	3	3600	7200	0.5
AINRSST	7	8	16	2	3	3600	25200	0.125
EILPPRS	7	3	6	4	3	3600	3600	0.6667
CEEHRST	7	12	24	6	7	3600	32400	0.25
DEGILRS	7	4	9	1	3	3600	14400	0.1111
ADEERTT	7	3	6	2	0	3600	7200	0.3333
DEGILNS	7	7	16	5	3	3600	19800	0.3125
DEEIMRT	7	20	47	2	9	3600	81000	0.04255
GIP	3	134	268	60	47	3600	20800	0.2239
EIKLSTT	7	3	6	4	1	3600	3600	0.6667
BEMORSS	7	2	4	2	0	3600	3600	0.5
DEEIRRV	7	5	12	1	1	3600	19800	0.08333
CEINOST	7	6	12	2	2	3600	18000	0.1667
ADEGPRS	7	2	4	2	0	3600	3600	0.5
ADEGRRS	7	2	4	2	0	3600	3600	0.5
ADEINPT	7	4	9	1	1	3600	14400	0.1111
DEEY	4	40	89	6	8	3600	33200	0.06742
AEMRSST	7	3	6	4	3	3600	3600	0.6667
AHLU	4	32	64	9	10	3600	22000	0.1406
ACEHRSS	7	5	10	2	2	3600	14400	0.2
EIINPRS	7	8	17	1	1	3600	28800	0.05882
AEPRSTT	7	11	22	14	17	3600	14400	0.6364
AGOS	4	79	158	11	15	3600	58800	0.06962
EHIORST	7	8	16	4	5	3600	21600	0.25
ADELORS	7	6	12	2	3	3600	18000	0.1667
EHINRST	7	5	10	2	3	3600	14400	0.2
EHSW	4	42	84	43	26	3600	16400	0.5119
AEORSTT	7	7	14	2	3	3600	21600	0.1429
EHTW	4	28	56	15	10	3600	16400	0.2679
AANRSTT	7	10	21	1	3	3600	36000	0.04762
DEKS	4	49	121	6	6	3600	46000	0.04959
ACEILMR	7	4	9	2	2	3600	12600	0.2222
CEENRSS	7	4	9	1	2	3600	14400	0.1111
ADIP	4	59	118	13	18	3600	42000	0.1102
DEGINRS	7	2	4	2	2	3600	3600	0.5
DEGINRR	7	2	4	2	1	3600	3600	0.5
EIINNST	7	10	20	2	7	3600	32400	0.1
DEGINOR	7	11	25	2	1	3600	41400	0.08
ADENTTU	7	3	6	2	3	3600	7200	0.3333
EGINRSS	7	9	19	11	10	3600	14400	0.5789
EPSW	4	26	52	15	7	3600	14800	0.2885
CGIKNOS	7	2	4	2	3	3600	3600	0.5
EEHLLRS	7	4	8	2	3	3600	10800	0.25
AEHMRSS	7	6	12	4	1	3600	14400	0.3333
DMOO	4	49	98	45	31	3600	21200	0.4592
ACDERRS	7	2	4	2	2	3600	3600	0.5
EEILNRS	7	7	14	2	1	3600	21600	0.1429
EEILOST	7	11	22	2	1	3600	36000	0.09091
EFFIRST	7	3	6	2	1	3600	7200	0.3333
ADDERST	7	3	6	2	0	3600	7200	0.3333
AEGGNRS	7	4	8	4	5	3600	7200	0.5
GIINSST	7	2	4	2	1	3600	3600	0.5
EINOSST	7	22	46	2	4	3600	79200	0.04348
AEGRSST	7	6	12	4	6	3600	14400	0.3333
CEIRRSU	7	1	3	1	0	3600	3600	0.3333
APW	3	107	214	88	68	3600	12600	0.4112
ACGIKNS	7	4	8	6	4	3600	3600	0.75
EEMORST	7	15	31	1	11	3600	54000	0.03226
EIMRSST	7	6	12	6	6	3600	10800	0.5
ABSS	4	21	42	13	20	3600	11600	0.3095
EFFIIST	7	2	5	1	2	3600	7200	0.2
AEGPRRS	7	2	4	2	0	3600	3600	0.5
CERSTTU	7	3	6	4	4	3600	3600	0.6667
AELNPRS	7	4	8	2	1	3600	10800	0.25
EEIRRSV	7	11	22	2	4	3600	36000	0.09091
EINORRS	7	5	10	2	0	3600	14400	0.2
AEHNRST	7	16	32	2	1	3600	54000	0.0625
AEFNSST	7	2	4	2	1	3600	3600	0.5
EENOPRS	7	14	35	1	0	3600	61200	0.02857
AEEMRRS	7	2	4	2	1	3600	3600	0.5
DOU	3	290	769	23	26	3600	74600	0.02991
CEMR	4	148	296	11	14	3600	114000	0.03716
ACEF	4	28	56	27	20	3600	11600	0.4821
AEERRTT	7	33	76	1	12	3600	135000	0.01316
AEIPSTT	7	3	6	2	3	3600	7200	0.3333
AEILLPS	7	6	12	2	2	3600	18000	0.1667
AEILLPR	7	3	6	2	1	3600	7200	0.3333
AMRW	4	17	34	9	9	3600	10000	0.2647
ADEEMRS	7	20	44	2	4	3600	75600	0.04545
GHIINRS	7	5	10	4	4	3600	10800	0.4
EEGILNP	7	3	6	4	4	3600	3600	0.6667
BLOS	4	40	80	13	9	3600	26800	0.1625
GHIINST	7	7	16	3	2	3600	23400	0.1875
EEGINPR	7	3	6	4	1	3600	3600	0.6667
EEGINRT	7	9	18	2	4	3600	28800	0.1111
EFOORST	7	4	9	2	3	3600	12600	0.2222
EEGINSS	7	2	4	2	0	3600	3600	0.5
AEKLRST	7	3	6	4	3	3600	3600	0.6667
EFORSST	7	3	6	4	4	3600	3600	0.6667
AACERST	7	8	16	2	2	3600	25200	0.125
AEKRSST	7	7	17	13	10	3600	7200	0.7647
EOPRSTT	7	5	10	8	8	3600	3600	0.8
AEKW	4	7	18	9	3	3600	3600	0.5
AEGNRSS	7	3	6	2	1	3600	7200	0.3333
EKNR	4	68	154	7	15	3600	58800	0.04545
ABELRTT	7	3	6	4	4	3600	3600	0.6667
CELORST	7	9	18	2	2	3600	28800	0.1111
ADEEFST	7	6	12	2	4	3600	18000	0.1667
ADEEGLT	7	4	9	1	4	3600	14400	0.1111
EELMRST	7	9	21	3	1	3600	32400	0.1429
AELPPRS	7	3	7	3	1	3600	7200	0.4286
AEGNRRT	7	5	10	2	4	3600	14400	0.2
EESV	4	32	64	11	11	3600	21200	0.1719
ACGINRV	7	2	4	2	3	3600	3600	0.5
ABGILNS	7	4	10	1	1	3600	16200	0.1
AELPSST	7	4	8	2	0	3600	10800	0.25
AEINPRT	7	12	27	9	5	3600	32400	0.3333
EEKR	4	14	28	11	9	3600	6800	0.3929
EELPRST	7	10	24	2	5	3600	39600	0.08333
CESU	4	63	126	9	14	3600	46800	0.07143
NSY	3	208	563	23	17	3500	54000	0.04085
DOY	3	132	264	45	33	3500	21900	0.1705
IOS	3	917	2555	20	33	3500	253500	0.007828
DIV	3	131	262	101	65	3300	16100	0.3855
AGW	3	110	220	87	49	3300	13300	0.3955
AGHST	5	32	69	4	4	3200	52000	0.05797
BMOOR	5	5	10	4	2	3200	4800	0.4
ACRSS	5	9	18	4	6	3200	11200	0.2222
AEHRW	5	16	32	6	10	3200	20800	0.1875
BDEEL	5	13	30	3	6	3200	21600	0.1
EHKOS	5	4	8	4	1	3200	3200	0.5
GORS	4	58	116	8	15	3200	43200	0.06897
AEKMR	5	5	10	4	2	3200	4800	0.4
AKNPS	5	10	20	4	5	3200	12800	0.2
IMSTU	5	31	77	2	3	3200	60000	0.02597
AIKT	4	48	125	5	12	3200	48000	0.04
EHSY	4	34	68	22	7	3200	18400	0.3235
AGMNO	5	16	38	2	5	3200	28800	0.05263
ALMRU	5	22	49	4	2	3200	36000	0.08163
AGHIN	5	30	69	5	3	3200	51200	0.07246
AEINV	5	31	65	4	0	3200	48800	0.06154
AIRV	4	55	110	8	9	3200	40800	0.07273
CHIKS	5	5	10	4	5	3200	4800	0.4
ABLOR	5	43	102	3	8	3200	79200	0.02941
EFRS	4	71	142	10	3	3200	52800	0.07042
CKNOS	5	6	12	4	7	3200	6400	0.3333
AORRS	5	17	34	4	7	3200	24000	0.1176
IKSST	5	5	10	6	3	3200	3200	0.6
ACEFR	5	12	24	18	10	3200	4800	0.75
DDEIS	5	27	54	4	9	3200	40000	0.07407
DOSY	4	20	40	8	7	3200	12800	0.2
BGI	3	87	174	56	29	3200	11800	0.3218
ELLOR	5	108	256	3	7	3200	202400	0.01172
DOSU	4	83	199	5	3	3200	77600	0.02513
ANTTY	5	18	36	4	5	3200	25600	0.1111
AINTW	5	7	14	4	2	3200	8000	0.2857
GILNY	5	5	10	4	2	3200	4800	0.4
EEFLT	5	8	16	4	3	3200	9600	0.25
ABERY	5	17	39	3	2	3200	28800	0.07692
CEP	3	258	516	48	63	3200	46800	0.09302
AEENT	5	166	332	4	57	3200	262400	0.01205
CDDEI	5	12	24	4	3	3200	16000	0.1667
EOPPS	5	9	18	4	2	3200	11200	0.2222
EHORW	5	10	20	4	4	3200	12800	0.2
CMSU	4	18	36	14	11	3200	8800	0.3889
AAGN	4	67	134	8	7	3200	50400	0.0597
INTTY	5	16	32	4	8	3200	22400	0.125
GIMS	4	24	48	8	5	3200	16000	0.1667
ISTTW	5	21	42	14	12	3200	22400	0.3333
ACKRS	5	9	18	14	11	3200	3200	0.7778
INOPS	5	11	22	4	1	3200	14400	0.1818
AAPRS	5	30	60	4	3	3200	44800	0.06667
ARSU	4	195	486	6	10	3200	192000	0.01235
CKSU	4	11	22	10	4	3200	4800	0.4545
DEHOP	5	13	27	4	4	3200	18400	0.1481
FILMS	5	8	17	5	2	3200	9600	0.2941
AENRY	5	37	76	3	4	3200	58400	0.03947
EENPR	5	21	42	4	7	3200	30400	0.09524
ADORT	5	17	34	4	1	3200	24000	0.1176
ELMOT	5	17	34	4	7	3200	24000	0.1176
LNOSW	5	7	15	3	4	3200	9600	0.2
AIKM	4	22	63	5	8	3200	23200	0.07937
EERSY	5	15	30	14	3	3200	12800	0.4667
ABG	3	114	228	68	53	3200	16000	0.2982
CEIPR	5	6	12	6	5	3200	4800	0.5
CORST	5	36	72	4	7	3200	54400	0.05556
AMNU	4	30	60	8	7	3200	20800	0.1333
DGOS	4	30	60	20	14	3200	16000	0.3333
IKNSS	5	5	10	4	4	3200	4800	0.4
EERTW	5	7	14	4	1	3200	8000	0.2857
ELOTV	5	22	44	4	3	3200	32000	0.09091
AHLSU	5	25	55	3	7	3200	41600	0.05455
CORSU	5	19	38	24	18	3200	11200	0.6316
ACESU	5	6	12	8	4	3200	3200	0.6667
DLOW	4	11	22	8	8	3200	5600	0.3636
AERTX	5	4	8	4	2	3200	3200	0.5
ACHPT	5	5	10	4	6	3200	4800	0.4
AFILS	5	9	18	4	6	3200	11200	0.2222
EIKSS	5	10	20	10	9	3200	8000	0.5
DEMRU	5	20	40	4	6	3200	28800	0.1
GHIST	5	13	26	4	4	3200	17600	0.1538
CHIRT	5	28	59	4	3	3200	44000	0.0678
AHNTU	5	6	12	4	2	3200	6400	0.3333
AILRV	5	20	40	4	3	3200	28800	0.1
EILNV	5	10	20	8	6	3200	9600	0.4
ACEHL	5	15	30	4	7	3200	20800	0.1333
BKNO	4	14	28	10	8	3200	7200	0.3571
ALPSS	5	10	20	6	3	3200	11200	0.3
ACIPR	5	15	33	3	0	3200	24000	0.09091
FISST	5	9	18	10	4	3200	6400	0.5556
BDEIT	5	12	29	2	3	3200	21600	0.06897
EFSU	4	31	62	8	9	3200	21600	0.129
MOPS	4	32	64	14	15	3200	20000	0.2188
AEHNS	5	21	42	4	7	3200	30400	0.09524
ARSTU	5	115	276	2	6	3200	219200	0.007246
EHLSU	5	13	26	4	1	3200	17600	0.1538
HIRSS	5	18	36	6	8	3200	24000	0.1667
DMOS	4	33	66	20	14	3200	18400	0.303
AGRSU	5	40	113	2	3	3200	88800	0.0177
ENTTY	5	22	44	8	8	3200	28800	0.1818
EKMOS	5	6	12	4	3	3200	6400	0.3333
BOSW	4	20	40	10	6	3200	12000	0.25
IRSTW	5	35	70	10	7	3200	48000	0.1429
EEHRW	5	6	12	6	6	3200	4800	0.5
FISTT	5	12	24	6	9	3200	14400	0.25
EGM	3	227	454	65	51	3100	38900	0.1432
ANY	3	171	342	33	25	3100	30900	0.09649
EPY	3	79	158	39	17	3100	11900	0.2468
AKM	3	71	142	37	36	3100	10500	0.2606
GLU	3	138	276	79	63	3100	19700	0.2862
MOY	3	107	214	38	28	3000	17600	0.1776
AIINNORSTU	10	2	4	1	2	3000	9000	0.25
EEW	3	56	112	56	44	3000	5600	0.5
EMU	3	263	675	17	25	2900	65800	0.02519
BDEERS	6	2	4	2	1	2800	2800	0.5
ACLORS	6	12	27	2	2	2800	35000	0.07407
EHLR	4	76	152	7	5	2800	58000	0.04605
ACEKLR	6	5	11	6	6	2800	7000	0.5455
DEIP	4	55	110	7	12	2800	41200	0.06364
EINRSV	6	4	8	2	2	2800	8400	0.25
AEINNS	6	45	98	1	7	2800	135800	0.0102
GGINOR	6	2	4	2	0	2800	2800	0.5
EMRSSU	6	5	10	2	2	2800	11200	0.2
ACDIRS	6	8	17	1	0	2800	22400	0.05882
DILOSS	6	4	8	2	1	2800	8400	0.25
CELRTU	6	12	28	2	5	2800	36400	0.07143
ADEPST	6	5	10	2	4	2800	11200	0.2
DDEILR	6	3	6	2	1	2800	5600	0.3333
BEILOR	6	4	8	2	4	2800	8400	0.25
CEHIMR	6	3	6	4	4	2800	2800	0.6667
CELOSS	6	5	10	2	3	2800	11200	0.2
ANORSS	6	12	24	2	2	2800	30800	0.08333
IPRU	4	26	52	7	5	2800	18000	0.1346
ADDEEL	6	4	8	2	2	2800	8400	0.25
ADEFRS	6	4	8	2	3	2800	8400	0.25
ELOPRW	6	2	4	2	0	2800	2800	0.5
DNOSTU	6	4	8	2	2	2800	8400	0.25
CEHKOR	6	2	4	2	2	2800	2800	0.5
BEINRS	6	11	23	2	10	2800	29400	0.08696
AKMS	4	18	36	15	12	2800	8400	0.4167
ADENSW	6	16	35	1	2	2800	47600	0.02857
ENOPRR	6	4	8	2	2	2800	8400	0.25
ADESTY	6	3	6	2	3	2800	5600	0.3333
ABCEKR	6	2	4	2	1	2800	2800	0.5
BDEELS	6	6	13	1	1	2800	16800	0.07692
LLORST	6	4	8	2	1	2800	8400	0.25
ANWY	4	15	37	4	1	2800	13200	0.1081
AHRSTW	6	13	26	2	1	2800	33600	0.07692
CCEILR	6	3	6	2	0	2800	5600	0.3333
EILOOS	6	17	34	2	5	2800	44800	0.05882
DEESST	6	20	40	2	8	2800	53200	0.05
CDSU	4	20	40	13	9	2800	10800	0.325
EIKRSS	6	7	14	2	0	2800	16800	0.1429
AEGRSS	6	13	26	2	2	2800	33600	0.07692
EIKR	4	102	239	6	9	2800	93200	0.0251
CEEHLS	6	3	6	2	2	2800	5600	0.3333
ACELRV	6	4	8	2	2	2800	8400	0.25
ACIP	4	46	92	7	7	2800	34000	0.07609
AHKN	4	12	34	4	4	2800	12000	0.1176
CEOPRS	6	2	4	2	2	2800	2800	0.5
ADEINW	6	6	12	2	1	2800	14000	0.1667
FIRSST	6	4	8	2	2	2800	8400	0.25
DEFLOW	6	1	3	1	0	2800	2800	0.3333
DEFOOR	6	3	7	1	0	2800	8400	0.1429
EEIMPR	6	8	19	2	0	2800	23800	0.1053
EIMPRS	6	4	8	2	1	2800	8400	0.25
AEHKRS	6	2	4	2	2	2800	2800	0.5
EELSSW	6	3	6	2	1	2800	5600	0.3333
ADEILL	6	8	16	2	2	2800	19600	0.125
EIRSSW	6	4	8	2	1	2800	8400	0.25
EILMPS	6	5	10	4	1	2800	8400	0.4
DEELSV	6	3	6	4	1	2800	2800	0.6667
DEELTT	6	12	24	2	2	2800	30800	0.08333
EILMSY	6	6	13	1	1	2800	16800	0.07692
DEEMNR	6	4	8	2	2	2800	8400	0.25
DEEMNS	6	4	8	2	0	2800	8400	0.25
DEENOP	6	8	16	2	2	2800	19600	0.125
ADEEFL	6	8	18	3	3	2800	21000	0.1667
AILPSS	6	7	14	2	4	2800	16800	0.1429
CEOPRU	6	4	9	5	2	2800	5600	0.5556
NOOPRT	6	3	6	2	1	2800	5600	0.3333
DEENRV	6	2	4	2	1	2800	2800	0.5
BEORSW	6	3	7	3	0	2800	5600	0.4286
AILPST	6	10	21	2	1	2800	26600	0.09524
EELPRS	6	8	16	2	1	2800	19600	0.125
AEGIMR	6	19	44	1	3	2800	60200	0.02273
ARSSTY	6	2	4	2	1	2800	2800	0.5
DEELNS	6	4	8	2	1	2800	8400	0.25
AEGILT	6	19	43	1	0	2800	58800	0.02326
EMNOST	6	2	4	2	1	2800	2800	0.5
CDEINO	6	11	22	2	4	2800	28000	0.09091
EEHRTW	6	4	8	2	1	2800	8400	0.25
ACDEHS	6	4	8	4	3	2800	5600	0.5
AGORST	6	10	20	2	3	2800	25200	0.1
DEHLRU	6	5	10	2	1	2800	11200	0.2
ACDEMP	6	2	4	2	2	2800	2800	0.5
CCHO	4	18	36	7	6	2800	11600	0.1944
AEIKLR	6	2	4	2	1	2800	2800	0.5
CEERST	6	56	130	2	11	2800	179200	0.01538
CEFORS	6	2	4	2	1	2800	2800	0.5
ADDEIM	6	6	13	1	1	2800	16800	0.07692
ADEGHN	6	3	6	2	3	2800	5600	0.3333
ADEEKR	6	9	18	2	4	2800	22400	0.1111
CENNOS	6	2	4	2	2	2800	2800	0.5
ELPSSU	6	12	30	5	4	2800	35000	0.1667
AGINNS	6	5	10	2	1	2800	11200	0.2
ACEKRS	6	11	24	12	6	2800	16800	0.5
DEIKRS	6	15	33	2	3	2800	43400	0.06061
ADEGGN	6	3	6	4	3	2800	2800	0.6667
DEIKST	6	4	8	2	2	2800	8400	0.25
HMSU	4	19	38	23	18	2800	6000	0.6053
BEIRSS	6	5	10	4	3	2800	8400	0.4
AIORST	6	8	16	2	2	2800	19600	0.125
ADDEIS	6	10	20	2	4	2800	25200	0.1
CDGIIN	6	2	4	2	2	2800	2800	0.5
BINRSU	6	6	13	1	1	2800	16800	0.07692
EMORSV	6	2	4	2	0	2800	2800	0.5
ADEGLO	6	5	10	2	2	2800	11200	0.2
RSSTTU	6	29	64	2	8	2800	86800	0.03125
ADEKNS	6	3	6	2	2	2800	5600	0.3333
ADEEIR	6	53	114	2	4	2800	156800	0.01754
BELRSU	6	5	11	3	3	2800	11200	0.2727
AGNPRS	6	7	14	2	2	2800	16800	0.1429
AGNOST	6	9	18	2	6	2800	22400	0.1111
AEFLMS	6	5	10	2	3	2800	11200	0.2
DEEGLS	6	10	21	2	3	2800	26600	0.09524
AEHRTT	6	2	4	2	2	2800	2800	0.5
AEFLLR	6	3	6	2	3	2800	5600	0.3333
AEHRRS	6	13	26	12	13	2800	19600	0.4615
ACELOR	6	12	24	2	5	2800	30800	0.08333
DEGOPR	6	5	11	2	1	2800	12600	0.1818
AKNRSS	6	9	18	2	2	2800	22400	0.1111
DEGSTU	6	11	22	2	2	2800	28000	0.09091
MOOP	4	17	34	7	8	2800	10800	0.2059
AEHRSV	6	6	12	10	10	2800	2800	0.8333
ABCR	4	37	74	11	16	2800	25200	0.1486
PSSU	4	11	22	11	6	2800	4400	0.5
CHIK	4	9	18	7	7	2800	4400	0.3889
CEISTU	6	7	14	2	0	2800	16800	0.1429
EIRRST	6	9	18	2	4	2800	22400	0.1111
BDEIST	6	9	18	2	4	2800	22400	0.1111
KLOO	4	9	18	7	6	2800	4400	0.3889
ACPRSS	6	5	10	4	6	2800	8400	0.4
CEINPR	6	3	6	4	1	2800	2800	0.6667
EFIIRS	6	6	12	2	0	2800	14000	0.1667
ADEFIL	6	3	6	2	2	2800	5600	0.3333
AELMMR	6	5	12	3	1	2800	12600	0.25
BHO	3	152	304	42	36	2800	26200	0.1382
CEIORS	6	15	30	2	4	2800	39200	0.06667
CEIRSS	6	6	12	2	0	2800	14000	0.1667
ADMNSU	6	3	7	1	1	2800	8400	0.1429
GINRSU	6	7	14	2	4	2800	16800	0.1429
CIPRSS	6	2	4	2	0	2800	2800	0.5
EGINSW	6	8	19	3	6	2800	22400	0.1579
AELMPS	6	5	10	2	0	2800	11200	0.2
ACNOST	6	40	89	2	5	2800	121800	0.02247
EFHIRS	6	12	24	2	3	2800	30800	0.08333
CEKNOR	6	2	4	2	2	2800	2800	0.5
AELMST	6	14	28	2	4	2800	36400	0.07143
AEMPRR	6	2	4	2	1	2800	2800	0.5
AMRU	4	96	192	7	10	2800	74000	0.03646
ABDEIR	6	7	15	6	1	2800	12600	0.4
CKNO	4	16	32	11	16	2800	8400	0.3438
AENORT	6	14	28	2	8	2800	36400	0.07143
GIOR	4	71	142	7	6	2800	54000	0.0493
BDEIOS	6	6	12	2	2	2800	14000	0.1667
AEOPRS	6	35	71	2	4	2800	96600	0.02817
ABDL	4	27	54	37	22	2800	6800	0.6852
GNOPRS	6	5	10	2	1	2800	11200	0.2
ELMORS	6	10	20	2	4	2800	25200	0.1
ACERRV	6	4	8	4	5	2800	5600	0.5
EGRU	4	47	94	9	7	2800	34000	0.09574
LOOPSS	6	8	16	2	7	2800	19600	0.125
ELMOST	6	10	22	2	5	2800	28000	0.09091
GNRSTU	6	3	6	2	1	2800	5600	0.3333
EFILLR	6	5	10	8	8	2800	2800	0.8
AENRSY	6	12	26	1	2	2800	35000	0.03846
ACEGHR	6	5	10	4	1	2800	8400	0.4
ACRSTU	6	5	10	2	2	2800	11200	0.2
EOPRSW	6	3	6	2	3	2800	5600	0.3333
AEKORS	6	7	15	2	0	2800	18200	0.1333
AEKPRR	6	5	10	2	5	2800	11200	0.2
AEKRRT	6	6	12	2	0	2800	14000	0.1667
EGOPRS	6	3	7	2	0	2800	7000	0.2857
GIPS	4	25	50	11	8	2800	15600	0.22
DELOOP	6	5	10	4	4	2800	8400	0.4
GIPR	4	21	42	17	10	2800	10000	0.4048
AENPRS	6	27	54	2	5	2800	72800	0.03704
BDELOR	6	2	4	2	2	2800	2800	0.5
AEINRW	6	18	36	2	2	2800	47600	0.05556
CORSTU	6	6	12	4	3	2800	11200	0.3333
CEIKRS	6	5	10	4	3	2800	8400	0.4
CDEEHT	6	7	14	2	2	2800	16800	0.1429
AKOS	4	33	83	4	7	2800	31600	0.04819
AEEGLR	6	10	20	2	3	2800	25200	0.1
GINNOW	6	4	8	2	0	2800	8400	0.25
EHISTW	6	4	8	2	3	2800	8400	0.25
AEPRSV	6	5	10	6	3	2800	5600	0.6
OPSSTU	6	6	12	4	3	2800	11200	0.3333
GILNOV	6	5	10	2	2	2800	11200	0.2
BDERRU	6	2	4	2	0	2800	2800	0.5
AELPPS	6	4	8	2	0	2800	8400	0.25
CEHOOS	6	6	12	2	1	2800	14000	0.1667
AESSTV	6	4	8	2	1	2800	8400	0.25
EHKO	4	11	22	7	5	2800	6000	0.3182
AESSTY	6	6	12	2	0	2800	14000	0.1667
GIILMN	6	3	6	2	2	2800	5600	0.3333
EINZ	4	29	58	7	10	2800	20400	0.1207
ABDDER	6	2	4	2	1	2800	2800	0.5
ADGI	4	66	132	11	14	2800	48400	0.08333
EILSTU	6	35	77	1	1	2800	106400	0.01299
EGINNR	6	23	51	2	4	2800	68600	0.03922
DIKN	4	11	22	13	11	2800	3600	0.5909
BDESTU	6	6	14	2	3	2800	16800	0.1429
ALSSTU	6	8	18	1	1	2800	23800	0.05556
CDELOS	6	6	12	2	3	2800	14000	0.1667
EGILMN	6	3	6	2	3	2800	5600	0.3333
DENORW	6	3	6	4	2	2800	2800	0.6667
ANNS	4	105	210	7	20	2800	81200	0.03333
AEMPPR	6	4	8	4	5	2800	5600	0.5
BDOORS	6	4	10	1	1	2800	12600	0.1
ABEHRS	6	2	4	2	2	2800	2800	0.5
ABDEHS	6	2	4	2	1	2800	2800	0.5
DEMOOR	6	8	16	6	7	2800	14000	0.375
GILMNO	6	5	10	4	4	2800	8400	0.4
CGIINT	6	3	6	2	4	2800	5600	0.3333
EGHINS	6	2	4	2	2	2800	2800	0.5
AMNOST	6	6	12	2	2	2800	14000	0.1667
AEIPRT	6	11	22	4	2	2800	25200	0.1818
EINSTU	6	53	113	2	13	2800	155400	0.0177
ABEHST	6	4	8	4	2	2800	5600	0.5
ADNW	4	15	30	17	17	2800	5200	0.5667
AERTTY	6	3	6	2	2	2800	5600	0.3333
ELNOSU	6	14	31	1	2	2800	42000	0.03226
DENOOW	6	5	10	2	3	2800	11200	0.2
AEEGNS	6	51	125	1	10	2800	173600	0.008
EINSTW	6	6	12	2	3	2800	14000	0.1667
GINOPT	6	19	40	2	10	2800	53200	0.05
DEORRS	6	30	62	2	8	2800	84000	0.03226
EFLS	4	72	144	15	6	2800	51600	0.1042
BDU	3	79	158	61	38	2700	9700	0.3861
ANN	3	194	388	31	56	2700	35700	0.0799
EEV	3	43	86	39	30	2700	4700	0.4535
EEFILLRST	9	1	2	1	0	2600	2600	0.5
EEINNRSTV	9	1	2	1	0	2600	2600	0.5
EEGILLNRT	9	1	2	1	1	2600	2600	0.5
EEGINRSTT	9	2	5	1	2	2600	10400	0.2
CEEINORST	9	3	6	1	1	2600	13000	0.1667
ADDGILNSW	9	1	2	1	0	2600	2600	0.5
AEGHINRSS	9	1	2	1	1	2600	2600	0.5
AEGHLRSTU	9	1	2	1	0	2600	2600	0.5
AIINNORTU	9	2	4	1	2	2600	7800	0.25
EGINOPRTT	9	1	2	1	1	2600	2600	0.5
AEGINPRST	9	2	4	1	0	2600	7800	0.25
AEEGILLRS	9	1	2	1	1	2600	2600	0.5
AGILNPSTT	9	1	2	1	2	2600	2600	0.5
AEEMRRSST	9	1	2	1	0	2600	2600	0.5
CDEELRTTU	9	1	2	1	1	2600	2600	0.5
ACGILNRSW	9	1	2	1	0	2600	2600	0.5
FOU	3	57	114	29	27	2500	8500	0.2544
EEPRT	5	72	144	3	23	2400	112800	0.02083
GOSS	4	15	30	10	6	2400	8000	0.3333
DFNOU	5	4	8	3	1	2400	4000	0.375
MPSTU	5	7	14	9	4	2400	4000	0.6429
CHIMT	5	5	10	3	3	2400	5600	0.3
DNOOR	5	44	95	3	6	2400	73600	0.03158
DEGIL	5	12	24	3	1	2400	16800	0.125
APSTU	5	21	60	1	1	2400	47200	0.01667
COPRS	5	8	16	7	6	2400	7200	0.4375
APSTY	5	17	38	2	7	2400	28800	0.05263
EGGOR	5	10	20	3	3	2400	13600	0.15
GINOW	5	8	16	3	2	2400	10400	0.1875
DMOOS	5	12	28	9	6	2400	15200	0.3214
DELOV	5	13	26	3	8	2400	18400	0.1154
BDOS	4	15	30	10	8	2400	8000	0.3333
EHISS	5	44	88	3	13	2400	68000	0.03409
ADGOS	5	7	18	2	1	2400	12800	0.1111
AHLLO	5	13	26	3	2	2400	18400	0.1154
IPRSU	5	39	78	3	7	2400	60000	0.03846
EISTX	5	8	18	11	4	2400	5600	0.6111
DLOSW	5	4	8	3	2	2400	4000	0.375
FINOS	5	23	49	5	4	2400	35200	0.102
MSSU	4	14	28	10	10	2400	7200	0.3571
BGO	3	72	144	42	36	2400	10200	0.2917
AGSST	5	10	20	5	4	2400	12000	0.25
AHLOT	5	9	18	3	4	2400	12000	0.1667
GINSW	5	13	26	19	11	2400	5600	0.7308
ADIW	4	47	94	8	14	2400	34400	0.08511
DEGLO	5	17	34	3	5	2400	24800	0.08824
FOOS	4	18	36	6	3	2400	12000	0.1667
ACLP	4	25	50	6	7	2400	17600	0.12
EMRTU	5	5	10	3	3	2400	5600	0.3
EIPPS	5	3	6	3	2	2400	2400	0.5
AGNOT	5	15	30	5	6	2400	20000	0.1667
BELOW	5	4	9	2	2	2400	5600	0.2222
DELOP	5	20	40	21	21	2400	15200	0.525
AWY	3	65	130	50	30	2400	8000	0.3846
ERRTY	5	32	70	2	5	2400	54400	0.02857
AAGR	4	103	206	6	16	2400	80000	0.02913
ABFR	4	40	80	6	9	2400	29600	0.075
ACIMS	5	12	24	3	2	2400	16800	0.125
BOSTU	5	9	18	3	6	2400	12000	0.1667
CHIMO	5	17	36	3	1	2400	26400	0.08333
FLOSW	5	5	11	4	4	2400	5600	0.3636
EHIRT	5	65	130	3	11	2400	101600	0.02308
ERSTV	5	58	116	3	7	2400	90400	0.02586
AIMPS	5	27	57	3	2	2400	43200	0.05263
MOSY	4	12	24	6	4	2400	7200	0.25
AMORR	5	27	55	2	4	2400	42400	0.03636
ACLMS	5	6	12	7	3	2400	4000	0.5833
CINOT	5	45	90	3	5	2400	69600	0.03333
CKORS	5	5	10	3	6	2400	5600	0.3
ELSTW	5	19	38	15	6	2400	18400	0.3947
AKLST	5	16	32	17	10	2400	12000	0.5312
ARSSU	5	89	201	3	5	2400	158400	0.01493
ACSW	4	19	38	14	12	2400	9600	0.3684
BDIRS	5	10	20	3	5	2400	13600	0.15
ACHY	4	14	28	8	6	2400	8000	0.2857
LORSU	5	7	14	3	2	2400	8800	0.2143
CEHM	4	43	86	24	18	2400	24800	0.2791
DENTY	5	20	40	3	0	2400	29600	0.075
CDNOO	5	13	26	5	8	2400	16800	0.1923
CDLOU	5	4	8	3	1	2400	4000	0.375
ALSTY	5	23	46	3	6	2400	34400	0.06522
BEOSW	5	7	14	3	4	2400	8800	0.2143
FFSTU	5	5	10	3	1	2400	5600	0.3
BDETU	5	17	34	5	3	2400	23200	0.1471
ILLY	4	36	85	4	7	2400	32400	0.04706
HILLS	5	12	24	13	14	2400	8800	0.5417
DEEMN	5	13	26	3	1	2400	18400	0.1154
CRSTU	5	8	16	5	3	2400	8800	0.3125
ASSTY	5	12	24	3	8	2400	16800	0.125
ABCRS	5	7	15	4	4	2400	8800	0.2667
HILLT	5	7	14	3	1	2400	8800	0.2143
EMMOS	5	5	10	5	0	2400	4000	0.5
AILNY	5	11	22	3	1	2400	15200	0.1364
CIKLS	5	8	16	9	8	2400	5600	0.5625
BGINO	5	6	12	3	4	2400	7200	0.25
CIKNS	5	5	10	3	1	2400	5600	0.3
ALORT	5	60	120	3	8	2400	93600	0.025
DDEER	5	52	111	3	6	2400	86400	0.02703
CHIOR	5	28	66	2	1	2400	51200	0.0303
ABRSW	5	6	14	2	4	2400	9600	0.1429
CORSW	5	8	16	5	1	2400	8800	0.3125
AHMSS	5	17	34	15	7	2400	15200	0.4412
ACGHN	5	4	8	3	1	2400	4000	0.375
ABGRS	5	6	14	8	2	2400	4800	0.5714
AQSTU	5	6	12	7	6	2400	4000	0.5833
ILPSS	5	7	14	5	5	2400	7200	0.3571
EKLLS	5	7	14	5	1	2400	7200	0.3571
ABSY	4	8	16	6	4	2400	4000	0.375
LMPSU	5	10	22	14	8	2400	6400	0.6364
AELZ	4	9	18	10	4	2400	3200	0.5556
EHLPS	5	18	37	3	1	2400	27200	0.08108
FILOS	5	4	8	3	3	2400	4000	0.375
ACOS	4	125	250	6	7	2400	97600	0.024
EKLO	4	11	22	6	7	2400	6400	0.2727
EEKL	4	37	82	9	15	2400	29200	0.1098
EEKLS	5	15	37	3	11	2400	27200	0.08108
ACCEH	5	10	20	3	5	2400	13600	0.15
GRSU	4	33	66	16	10	2400	20000	0.2424
BISTU	5	8	16	3	4	2400	10400	0.1875
EHNOP	5	12	24	3	6	2400	16800	0.125
BELU	4	12	24	8	5	2400	6400	0.3333
CEHMS	5	7	14	5	3	2400	7200	0.3571
IOPST	5	16	32	3	3	2400	23200	0.09375
DDEIR	5	17	34	3	3	2400	24800	0.08824
AMPRS	5	5	10	3	4	2400	5600	0.3
MNORS	5	7	14	3	2	2400	8800	0.2143
EEORS	5	100	200	3	8	2400	157600	0.015
BEEMR	5	15	35	2	2	2400	26400	0.05714
CEMRS	5	30	60	3	2	2400	45600	0.05
ADIOR	5	46	92	3	6	2400	71200	0.03261
ABDIR	5	6	12	3	2	2400	7200	0.25
ACILS	5	48	117	2	8	2400	92000	0.01709
HNSTU	5	14	28	5	6	2400	18400	0.1786
EENRW	5	11	22	9	5	2400	10400	0.4091
EMPRS	5	36	74	2	12	2400	57600	0.02703
GNOSS	5	13	26	11	6	2400	12000	0.4231
AMPST	5	13	26	15	7	2400	8800	0.5769
ACRSY	5	12	25	5	5	2400	16000	0.2
ABDS	4	27	54	24	16	2400	12000	0.4444
ACHKS	5	8	16	13	10	2400	2400	0.8125
EKOST	5	10	20	15	8	2400	4000	0.75
EFLSU	5	11	22	3	1	2400	15200	0.1364
CEORY	5	11	22	5	6	2400	13600	0.2273
ACFRT	5	4	8	3	2	2400	4000	0.375
GNRU	4	17	34	12	15	2400	8800	0.3529
CKSTU	5	6	12	9	4	2400	2400	0.75
CEOSV	5	9	18	3	3	2400	12000	0.1667
HLPSU	5	3	6	3	2	2400	2400	0.5
CKOST	5	8	16	9	6	2400	5600	0.5625
DDEOR	5	10	20	3	4	2400	13600	0.15
ABKNS	5	3	6	3	2	2400	2400	0.5
DEILR	5	25	50	3	5	2400	37600	0.06
AEEHV	5	5	10	3	2	2400	5600	0.3
ELLMS	5	13	26	15	9	2400	8800	0.5769
ALLMS	5	7	14	7	7	2400	5600	0.5
ACEPRRSS	8	1	2	1	0	2200	2200	0.5
ACEERRST	8	8	16	1	4	2200	33000	0.0625
EHORSSTU	8	1	2	1	1	2200	2200	0.5
GILNOOST	8	3	7	4	3	2200	6600	0.5714
GIILNOPS	8	1	2	1	0	2200	2200	0.5
BDELORSU	8	1	2	1	1	2200	2200	0.5
EEFORRST	8	3	6	1	2	2200	11000	0.1667
ABDEORST	8	4	8	1	0	2200	15400	0.125
EEINRSTT	8	13	27	1	0	2200	57200	0.03704
DEIIPRST	8	1	2	1	1	2200	2200	0.5
AEORSSTT	8	1	2	1	1	2200	2200	0.5
EGINNSTT	8	8	17	9	6	2200	17600	0.5294
DDEGNORU	8	1	2	1	0	2200	2200	0.5
AEERSSTT	8	8	16	1	4	2200	33000	0.0625
ADENRSTU	8	3	6	1	1	2200	11000	0.1667
ACDEENRT	8	2	4	1	3	2200	6600	0.25
AELRSSTT	8	3	6	1	5	2200	11000	0.1667
EHLORSST	8	1	2	1	0	2200	2200	0.5
ADEINORT	8	6	12	1	3	2200	24200	0.08333
GGHIINRT	8	1	2	1	0	2200	2200	0.5
ACEHINRS	8	3	6	1	1	2200	11000	0.1667
ADDGILNW	8	1	2	1	0	2200	2200	0.5
EELLPRSS	8	1	2	1	0	2200	2200	0.5
AEGINSST	8	11	23	5	8	2200	39600	0.2174
ELORSSTT	8	1	2	1	1	2200	2200	0.5
AGINRSST	8	2	4	1	0	2200	6600	0.25
AEGHILNS	8	3	6	3	1	2200	6600	0.5
DEEFORST	8	2	4	1	1	2200	6600	0.25
ADEINRST	8	6	12	3	4	2200	19800	0.25
GGILNTTU	8	1	2	1	1	2200	2200	0.5
ACGINOST	8	1	2	1	0	2200	2200	0.5
CGINORSS	8	1	2	1	1	2200	2200	0.5
AEGIKNPS	8	1	2	1	2	2200	2200	0.5
DEEMNORT	8	1	2	1	0	2200	2200	0.5
BGINRSTU	8	2	4	1	0	2200	6600	0.25
EEINNRTV	8	1	2	1	0	2200	2200	0.5
ABDGINOR	8	1	2	1	0	2200	2200	0.5
DEEOPRST	8	5	10	5	2	2200	11000	0.5
EMNORSTU	8	2	4	1	1	2200	6600	0.25
ACDDEENT	8	1	2	1	0	2200	2200	0.5
CGHIINST	8	1	2	1	0	2200	2200	0.5
AEILPRST	8	3	6	1	1	2200	11000	0.1667
ACEENRRT	8	3	6	1	1	2200	11000	0.1667
AEIRSSTW	8	1	2	1	0	2200	2200	0.5
ACINOSTU	8	4	8	1	1	2200	15400	0.125
EGILLNSW	8	1	2	1	2	2200	2200	0.5
AEGINRRS	8	2	4	1	1	2200	6600	0.25
AEILNSST	8	6	12	3	0	2200	19800	0.25
AEGIMNST	8	4	9	1	3	2200	17600	0.1111
DEELMORS	8	1	2	1	0	2200	2200	0.5
AEPRSSTT	8	1	2	1	1	2200	2200	0.5
ACGINPRS	8	1	2	1	0	2200	2200	0.5
GINOPSTU	8	1	2	1	0	2200	2200	0.5
GIILNSTT	8	2	5	2	3	2200	6600	0.4
EGIKNORV	8	1	2	1	0	2200	2200	0.5
EIPRSSTT	8	1	2	1	1	2200	2200	0.5
CEIRRSSU	8	1	2	1	0	2200	2200	0.5
EGILNSST	8	4	8	1	2	2200	15400	0.125
EGILNSTT	8	1	2	1	1	2200	2200	0.5
AEGILNST	8	4	8	1	1	2200	15400	0.125
EEIRRSSV	8	1	2	1	0	2200	2200	0.5
ACEMOPRS	8	1	2	1	0	2200	2200	0.5
ADEENRTT	8	3	6	1	1	2200	11000	0.1667
EEIRRSST	8	3	6	1	1	2200	11000	0.1667
AEEIMRST	8	4	9	1	0	2200	17600	0.1111
AGINNSTU	8	2	4	1	0	2200	6600	0.25
EEGIKNRS	8	1	2	1	0	2200	2200	0.5
ABEELRST	8	8	18	1	3	2200	37400	0.05556
AGIINNST	8	2	4	1	1	2200	6600	0.25
DEEIMRST	8	4	9	1	2	2200	17600	0.1111
AEIINRST	8	4	8	1	1	2200	15400	0.125
ABEGINRS	8	2	4	1	1	2200	6600	0.25
ACEORSST	8	1	2	1	0	2200	2200	0.5
AGIILNRT	8	2	4	1	1	2200	6600	0.25
AEEMRSST	8	1	2	1	0	2200	2200	0.5
EFNORRST	8	1	2	1	0	2200	2200	0.5
AEEMRRST	8	2	4	1	0	2200	6600	0.25
DEEIMMRS	8	1	2	1	1	2200	2200	0.5
ADEIRSTT	8	7	14	1	1	2200	28600	0.07143
ADEELPRS	8	1	2	1	0	2200	2200	0.5
DEEILNST	8	4	8	1	1	2200	15400	0.125
AEILRSST	8	9	18	1	1	2200	37400	0.05556
ADEEMPRT	8	1	2	1	0	2200	2200	0.5
EIINRSTT	8	2	4	1	0	2200	6600	0.25
ABEGILNT	8	3	6	1	1	2200	11000	0.1667
DEEGILNR	8	1	2	1	1	2200	2200	0.5
AGHHINSS	8	1	2	1	0	2200	2200	0.5
ADEEINRT	8	3	6	1	1	2200	11000	0.1667
EINOSSTT	8	2	4	1	0	2200	6600	0.25
CDEEHORS	8	1	2	1	0	2200	2200	0.5
GIINRSTW	8	1	2	1	1	2200	2200	0.5
EHIRSTTW	8	3	7	1	1	2200	13200	0.1429
ADELLOTT	8	1	2	1	0	2200	2200	0.5
AELRRSTT	8	2	4	1	0	2200	6600	0.25
ADEGIMNR	8	1	2	1	0	2200	2200	0.5
GHINNSTU	8	1	2	1	0	2200	2200	0.5
EEGINPRS	8	1	2	1	1	2200	2200	0.5
GHINOSTT	8	2	4	1	0	2200	6600	0.25
AEILSSTT	8	7	14	1	0	2200	28600	0.07143
DEEINNRT	8	2	4	1	2	2200	6600	0.25
ABDEORRS	8	1	2	1	0	2200	2200	0.5
AEGGINRS	8	1	2	1	1	2200	2200	0.5
EIRSSTTU	8	2	4	1	2	2200	6600	0.25
AEILRRST	8	2	4	1	0	2200	6600	0.25
EEINNRST	8	2	4	1	1	2200	6600	0.25
ABEORRST	8	1	2	1	0	2200	2200	0.5
EEGILNPS	8	3	6	5	3	2200	2200	0.8333
ACEHRRST	8	2	4	1	0	2200	6600	0.25
AEGGINNT	8	1	2	1	0	2200	2200	0.5
EEINNRTT	8	4	8	1	2	2200	15400	0.125
AGY	3	123	246	99	45	2100	14700	0.4024
ABY	3	41	82	21	13	2100	6100	0.2561
EKSY	4	18	52	2	2	2000	20000	0.03846
AAGL	4	32	64	5	8	2000	23600	0.07812
NOTY	4	41	82	5	7	2000	30800	0.06098
NNSU	4	11	22	7	10	2000	6000	0.3182
ABEK	4	9	18	11	5	2000	2800	0.6111
GORT	4	69	138	7	19	2000	52400	0.05072
BSSU	4	10	20	11	7	2000	3600	0.55
AINV	4	39	78	5	18	2000	29200	0.0641
AGKS	4	22	44	5	1	2000	15600	0.1136
AACS	4	42	84	5	3	2000	31600	0.05952
ALMU	4	57	138	4	16	2000	53600	0.02899
FRSU	4	25	50	11	7	2000	15600	0.22
EKLS	4	27	54	7	5	2000	18800	0.1296
AFLO	4	22	44	9	8	2000	14000	0.2045
BESY	4	10	20	9	4	2000	4400	0.45
DGIL	4	16	32	5	6	2000	10800	0.1562
LMOS	4	31	62	5	9	2000	22800	0.08065
ILTU	4	66	132	5	2	2000	50800	0.03788
BNOS	4	57	114	29	13	2000	34000	0.2544
EMW	3	108	216	28	36	2000	18800	0.1296
AKNS	4	15	30	5	11	2000	10000	0.1667
FGLO	4	42	84	5	4	2000	31600	0.05952
EHNW	4	16	32	5	6	2000	10800	0.1562
ELU	3	253	506	22	23	2000	48400	0.04348
BOY	3	60	120	26	15	2000	9400	0.2167
DEGL	4	29	58	5	6	2000	21200	0.08621
APRW	4	16	32	5	6	2000	10800	0.1562
DISV	4	25	50	7	4	2000	17200	0.14
AMSY	4	25	50	21	12	2000	11600	0.42
HPSU	4	12	24	5	7	2000	7600	0.2083
GMOS	4	20	40	7	7	2000	13200	0.175
AOPR	4	116	232	5	12	2000	90800	0.02155
CELU	4	26	52	5	9	2000	18800	0.09615
ABKN	4	6	12	5	5	2000	2800	0.4167
AMOY	4	16	32	5	1	2000	10800	0.1562
GGIS	4	15	30	5	1	2000	10000	0.1667
BEY	3	54	108	25	15	1900	8300	0.2315
AAL	3	145	290	25	26	1900	26500	0.08621
CEIIKST	7	3	9	2	3	1800	12600	0.2222
BGINOOS	7	2	4	3	2	1800	1800	0.75
ITZ	3	51	102	28	25	1800	7400	0.2745
CEKORST	7	1	2	1	2	1800	1800	0.5
AINNOST	7	3	6	1	0	1800	9000	0.1667
CENORTU	7	1	3	2	0	1800	1800	0.6667
DEELMOR	7	1	2	1	0	1800	1800	0.5
CEINNOS	7	2	4	1	3	1800	5400	0.25
CDEORSU	7	1	2	1	0	1800	1800	0.5
BBGIMNO	7	1	2	1	0	1800	1800	0.5
AINORST	7	3	6	1	2	1800	9000	0.1667
CGHIINN	7	3	7	2	1	1800	9000	0.2857
BBELRSU	7	1	2	1	1	1800	1800	0.5
CDEIKLS	7	1	2	1	1	1800	1800	0.5
DDEORSW	7	2	4	1	1	1800	5400	0.25
DEEGLRS	7	3	6	1	0	1800	9000	0.1667
BDDELOO	7	1	2	1	0	1800	1800	0.5
CEIKLRS	7	1	2	1	2	1800	1800	0.5
CDEENST	7	3	6	1	3	1800	9000	0.1667
INOOPST	7	7	15	1	3	1800	25200	0.06667
CDENORS	7	3	6	1	1	1800	9000	0.1667
CEOPRSS	7	2	4	1	2	1800	5400	0.25
BDELORU	7	1	2	1	1	1800	1800	0.5
CDENORW	7	1	2	1	0	1800	1800	0.5
BEEGINT	7	1	2	1	0	1800	1800	0.5
BGGILNU	7	1	2	1	0	1800	1800	0.5
CEHKORS	7	1	2	1	1	1800	1800	0.5
CGINOST	7	1	2	1	1	1800	1800	0.5
CELNORS	7	1	2	1	0	1800	1800	0.5
DDEGINR	7	1	2	1	1	1800	1800	0.5
CGIKNPU	7	1	2	1	1	1800	1800	0.5
CELRSTU	7	6	12	1	5	1800	19800	0.08333
BDEIIRS	7	2	4	1	0	1800	5400	0.25
BGINORS	7	4	8	1	2	1800	12600	0.125
CDEINRS	7	4	8	1	3	1800	12600	0.125
BEILRST	7	3	6	1	0	1800	9000	0.1667
DEEIRRT	7	13	27	1	4	1800	46800	0.03704
CDEHIRT	7	2	4	1	0	1800	5400	0.25
DEEILRV	7	5	12	1	8	1800	19800	0.08333
CDDEHIT	7	1	2	1	1	1800	1800	0.5
CDEIKST	7	1	2	1	0	1800	1800	0.5
BGU	3	46	92	30	23	1800	6200	0.3261
CEIKLST	7	2	5	2	1	1800	5400	0.4
CEOPRSU	7	1	2	1	0	1800	1800	0.5
CELORSW	7	2	4	1	0	1800	5400	0.25
CEINORT	7	8	17	2	0	1800	27000	0.1176
CEIKNRS	7	1	2	1	0	1800	1800	0.5
CEERRSU	7	5	10	1	0	1800	16200	0.1
CGINSSU	7	3	6	1	2	1800	9000	0.1667
CEORSTU	7	5	10	3	3	1800	12600	0.3
BDEINRS	7	1	2	1	1	1800	1800	0.5
DDGGINO	7	1	2	1	0	1800	1800	0.5
AACELMR	7	3	6	1	0	1800	9000	0.1667
DDEEIMS	7	1	2	1	1	1800	1800	0.5
BEOORSS	7	1	2	1	0	1800	1800	0.5
BEIRSTU	7	1	2	1	0	1800	1800	0.5
AABLLST	7	3	6	1	1	1800	9000	0.1667
BDENORU	7	2	4	1	1	1800	5400	0.25
DEEILNR	7	5	10	1	2	1800	16200	0.1
BGINSSU	7	1	2	1	2	1800	1800	0.5
AELMMRS	7	2	4	1	0	1800	5400	0.25
EELLRST	7	2	4	1	2	1800	5400	0.25
ACEILPR	7	3	6	1	0	1800	9000	0.1667
EEINPRS	7	3	6	1	1	1800	9000	0.1667
ACEHRRS	7	2	4	1	2	1800	5400	0.25
EGORRSS	7	1	2	1	0	1800	1800	0.5
ACEHRTT	7	1	2	1	2	1800	1800	0.5
ACEHSST	7	1	2	1	0	1800	1800	0.5
EEINNST	7	15	32	1	5	1800	55800	0.03125
EHILLOS	7	1	2	1	1	1800	1800	0.5
AEHIPRS	7	3	6	1	0	1800	9000	0.1667
ABDEIRR	7	6	12	3	1	1800	16200	0.25
DERSTTU	7	3	6	1	0	1800	9000	0.1667
AEHISST	7	11	23	1	3	1800	39600	0.04348
ABDEILS	7	2	4	1	0	1800	5400	0.25
EEILPRS	7	2	4	1	1	1800	5400	0.25
GIINPRS	7	2	5	1	0	1800	7200	0.2
GIINORT	7	2	4	1	0	1800	5400	0.25
ACEHPRT	7	3	6	1	3	1800	9000	0.1667
AEQRSTU	7	4	9	1	1	1800	14400	0.1111
ACEHPRS	7	1	2	1	0	1800	1800	0.5
AEKRRST	7	2	4	1	0	1800	5400	0.25
ACEHIRS	7	8	17	1	1	1800	28800	0.05882
EEINRSS	7	27	55	1	7	1800	97200	0.01818
EGINRSU	7	3	6	1	0	1800	9000	0.1667
EGINRSW	7	2	4	1	2	1800	5400	0.25
ACEHNRS	7	2	4	1	0	1800	5400	0.25
EGINSTW	7	3	6	1	2	1800	9000	0.1667
AEKNRSW	7	1	2	1	1	1800	1800	0.5
EEINRRT	7	31	69	1	4	1800	122400	0.01449
ABDEOST	7	1	2	1	1	1800	1800	0.5
DEELORW	7	1	2	1	0	1800	1800	0.5
AEKMRRS	7	1	2	1	0	1800	1800	0.5
ABDEORR	7	1	2	1	0	1800	1800	0.5
EGIRSTU	7	2	4	1	0	1800	5400	0.25
ACEHOPS	7	1	2	1	0	1800	1800	0.5
EHIOOST	7	4	8	1	1	1800	12600	0.125
AEHLPRS	7	1	2	1	1	1800	1800	0.5
AEPPRSW	7	3	6	3	0	1800	5400	0.5
EHIPPRS	7	1	2	1	0	1800	1800	0.5
EHOPPRS	7	1	2	1	2	1800	1800	0.5
GILNOSW	7	2	4	1	2	1800	5400	0.25
ABELMRS	7	4	8	5	2	1800	5400	0.625
AEGINNS	7	3	6	1	1	1800	9000	0.1667
DEIORSS	7	1	2	1	0	1800	1800	0.5
EHOPRST	7	1	2	1	1	1800	1800	0.5
ACEKRRS	7	1	2	1	0	1800	1800	0.5
EHORSTU	7	2	4	3	3	1800	1800	0.75
DEIORRW	7	4	8	1	1	1800	12600	0.125
DEIOPST	7	11	26	1	3	1800	45000	0.03846
EWY	3	78	194	45	18	1800	14900	0.232
AEGINPS	7	2	4	1	0	1800	5400	0.25
ABCEIRS	7	4	9	1	0	1800	14400	0.1111
ABCEHRT	7	1	2	1	1	1800	1800	0.5
GILNOSV	7	1	2	1	1	1800	1800	0.5
ACEKPRS	7	1	2	1	1	1800	1800	0.5
ADENSTU	7	3	6	1	0	1800	9000	0.1667
ACEISTT	7	4	8	1	1	1800	12600	0.125
ADGINOR	7	7	14	1	3	1800	23400	0.07143
GIILNTT	7	1	2	1	2	1800	1800	0.5
DEIRRST	7	2	4	3	1	1800	1800	0.75
EHIRSTW	7	2	4	3	1	1800	1800	0.75
EHIRTTW	7	4	8	1	1	1800	12600	0.125
ENORRSS	7	5	10	1	3	1800	16200	0.1
AEIRSST	7	70	151	1	8	1800	270000	0.006623
ADGILNO	7	1	2	1	1	1800	1800	0.5
EHMORST	7	10	23	7	7	1800	28800	0.3043
EHLORST	7	5	10	1	2	1800	16200	0.1
AEGIMNT	7	1	2	1	1	1800	1800	0.5
ADERSTW	7	5	10	1	1	1800	16200	0.1
ENNORSW	7	2	4	1	0	1800	5400	0.25
ENNORST	7	3	6	1	1	1800	9000	0.1667
ADEPRSS	7	3	6	1	1	1800	9000	0.1667
AEGIMNS	7	6	12	3	2	1800	16200	0.25
AEGILNP	7	2	4	1	2	1800	5400	0.25
AELPRSY	7	2	4	1	1	1800	5400	0.25
ACEELNS	7	3	6	1	1	1800	9000	0.1667
GINORSS	7	2	4	1	1	1800	5400	0.25
DENOOST	7	3	6	1	0	1800	9000	0.1667
AEGLNST	7	5	10	1	4	1800	16200	0.1
GINORSU	7	1	2	1	2	1800	1800	0.5
EELLRSS	7	1	2	1	0	1800	1800	0.5
AELNORS	7	10	20	1	1	1800	34200	0.05
DENNOST	7	1	2	1	0	1800	1800	0.5
AELNNRS	7	2	4	1	2	1800	5400	0.25
ACEEHLR	7	2	4	1	1	1800	5400	0.25
GINOSTW	7	2	4	3	2	1800	1800	0.75
GINNORS	7	3	6	1	2	1800	9000	0.1667
ACEEHPR	7	2	4	1	2	1800	5400	0.25
ACEEHST	7	5	10	1	0	1800	16200	0.1
ACEELNR	7	2	4	3	2	1800	1800	0.75
EORSSTY	7	1	2	1	0	1800	1800	0.5
GILNOOP	7	1	2	1	2	1800	1800	0.5
AEEPRRS	7	2	4	1	3	1800	5400	0.25
EEPRSST	7	1	2	1	0	1800	1800	0.5
ACDEINS	7	1	2	1	1	1800	1800	0.5
AEFLLRS	7	1	2	1	1	1800	1800	0.5
ACDELNS	7	1	2	1	0	1800	1800	0.5
ACCEHST	7	1	2	1	1	1800	1800	0.5
GILNOOT	7	4	8	5	8	1800	5400	0.625
ACDEMPS	7	1	2	1	0	1800	1800	0.5
GINOPRS	7	2	4	3	1	1800	1800	0.75
AEGGRSS	7	1	2	1	0	1800	1800	0.5
ACDEPRS	7	3	6	5	2	1800	1800	0.8333
GINOPRT	7	5	10	5	3	1800	9000	0.5
DENORSW	7	2	4	1	0	1800	5400	0.25
EPRSTTU	7	2	4	1	0	1800	5400	0.25
DENORRU	7	2	4	1	1	1800	5400	0.25
AEERRSW	7	3	6	1	4	1800	9000	0.1667
EEORSTT	7	8	16	1	2	1800	27000	0.0625
GIKLNSU	7	1	2	1	1	1800	1800	0.5
AEELPRT	7	8	17	1	3	1800	28800	0.05882
ABERRST	7	2	4	1	2	1800	5400	0.25
EELLPRS	7	3	6	3	0	1800	5400	0.5
AEEGRRS	7	1	2	1	0	1800	1800	0.5
EGIINNR	7	5	10	1	1	1800	16200	0.1
AENRRSW	7	2	4	1	2	1800	5400	0.25
AEGMNRS	7	2	4	1	1	1800	5400	0.25
EGILLRS	7	2	4	1	2	1800	5400	0.25
AEEGLST	7	9	19	1	3	1800	32400	0.05263
DELNOOS	7	2	4	1	0	1800	5400	0.25
AEEGLRS	7	6	12	1	2	1800	19800	0.08333
DELMORS	7	4	10	1	1	1800	16200	0.1
ACEHHST	7	2	4	1	0	1800	5400	0.25
EGILNTT	7	4	8	1	1	1800	12600	0.125
EGIMNPR	7	1	2	1	0	1800	1800	0.5
EGIMNPT	7	1	2	1	1	1800	1800	0.5
EGINNRS	7	2	4	1	1	1800	5400	0.25
EGINNRT	7	4	8	1	2	1800	12600	0.125
AELLSTT	7	11	22	1	4	1800	37800	0.04545
EGHINSW	7	2	4	1	2	1800	5400	0.25
ACEGLNS	7	1	2	1	1	1800	1800	0.5
AEEIMRS	7	3	6	1	0	1800	9000	0.1667
EEMRSST	7	5	10	1	1	1800	16200	0.1
ACEERRT	7	15	30	1	5	1800	52200	0.03333
DELRSTU	7	1	2	1	0	1800	1800	0.5
EFIOOST	7	4	9	2	1	1800	12600	0.2222
AEEINRT	7	32	65	1	3	1800	115200	0.01538
AEEIMRT	7	9	18	1	0	1800	30600	0.05556
ACCEHOS	7	2	4	1	1	1800	5400	0.25
GIMNOOT	7	1	2	1	1	1800	1800	0.5
EFNORRT	7	5	10	1	1	1800	16200	0.1
GILNOST	7	2	4	1	1	1800	5400	0.25
AEEILMR	7	4	8	1	3	1800	12600	0.125
DELORSS	7	3	6	1	2	1800	9000	0.1667
EGGILNS	7	3	6	1	0	1800	9000	0.1667
EGGLOST	7	1	2	1	0	1800	1800	0.5
AEFLRSU	7	1	2	1	0	1800	1800	0.5
ABCEHMR	7	1	2	1	1	1800	1800	0.5
AGGINNT	7	1	2	1	0	1800	1800	0.5
ACHIMRS	7	2	4	1	0	1800	5400	0.25
EIMNOOS	7	3	6	1	2	1800	9000	0.1667
ADEELMT	7	1	2	1	0	1800	1800	0.5
AEILLRT	7	11	23	1	6	1800	39600	0.04348
DEGILOR	7	1	2	1	2	1800	1800	0.5
EIMNOST	7	11	22	1	1	1800	37800	0.04545
EIMOORR	7	1	2	1	0	1800	1800	0.5
EIMOPST	7	4	8	1	0	1800	12600	0.125
EIMOSTT	7	3	6	1	1	1800	9000	0.1667
ACGINPR	7	2	4	3	2	1800	1800	0.75
ADEEHLS	7	2	4	1	0	1800	5400	0.25
EINNRSU	7	3	6	1	0	1800	9000	0.1667
EINNSST	7	7	14	1	0	1800	23400	0.07143
ADEEGLR	7	2	4	1	2	1800	5400	0.25
EINOOST	7	3	6	1	0	1800	9000	0.1667
DEFLORS	7	1	2	1	1	1800	1800	0.5
AEINPST	7	5	11	1	5	1800	18000	0.09091
DEGINNR	7	2	4	1	0	1800	5400	0.25
DEGINNS	7	7	14	3	4	1800	19800	0.2143
DEGINST	7	2	4	1	2	1800	5400	0.25
ADEFGLN	7	1	2	1	1	1800	1800	0.5
ABGILMN	7	2	4	1	0	1800	5400	0.25
ACESSTT	7	1	2	1	0	1800	1800	0.5
DEGIRRS	7	1	2	1	0	1800	1800	0.5
AEHRSSW	7	2	4	1	0	1800	5400	0.25
ADEENST	7	3	6	1	0	1800	9000	0.1667
GIILMNS	7	7	14	9	4	1800	9000	0.6429
ADEELPR	7	4	8	1	0	1800	12600	0.125
DEGINSS	7	2	4	1	1	1800	5400	0.25
AEIKLRS	7	1	2	1	0	1800	1800	0.5
ADEEMNS	7	1	2	1	0	1800	1800	0.5
ACGHINS	7	2	4	1	0	1800	5400	0.25
DEOOPSW	7	1	2	1	0	1800	1800	0.5
ADEELPT	7	1	2	1	1	1800	1800	0.5
AEILLSS	7	5	10	1	3	1800	16200	0.1
GIILLNT	7	1	2	1	1	1800	1800	0.5
DEGIRSU	7	2	4	1	0	1800	5400	0.25
GIIKNNP	7	1	2	1	1	1800	1800	0.5
DEEOPRS	7	3	6	1	2	1800	9000	0.1667
AEGINRV	7	3	6	1	2	1800	9000	0.1667
FGIINTT	7	1	2	1	2	1800	1800	0.5
AEIMNST	7	49	122	1	7	1800	217800	0.008197
EIRSTTW	7	8	17	1	2	1800	28800	0.05882
EELMPST	7	3	6	1	0	1800	9000	0.1667
EKORSST	7	1	2	1	1	1800	1800	0.5
ACIRSST	7	2	4	1	0	1800	5400	0.25
GHINORS	7	5	10	7	7	1800	5400	0.7
EKOPRRS	7	1	2	1	0	1800	1800	0.5
AEILRSW	7	1	2	1	1	1800	1800	0.5
GHINOST	7	2	4	1	0	1800	5400	0.25
DEEMRSU	7	3	6	1	1	1800	9000	0.1667
EKNORST	7	6	12	1	3	1800	19800	0.08333
AEIMMST	7	2	4	1	0	1800	5400	0.25
GGINSTU	7	2	4	1	2	1800	5400	0.25
AEILNPR	7	4	8	1	2	1800	12600	0.125
GGIINNS	7	2	4	1	2	1800	5400	0.25
EEFLSTT	7	1	2	1	0	1800	1800	0.5
ADDELSW	7	1	3	2	0	1800	1800	0.6667
ADDELRW	7	1	2	1	0	1800	1800	0.5
DEFINRS	7	4	8	1	4	1800	12600	0.125
GIIKLNN	7	3	6	3	2	1800	5400	0.5
EINPRSU	7	5	10	1	2	1800	16200	0.1
DEFILRT	7	3	6	1	1	1800	9000	0.1667
ACHISTT	7	3	6	1	0	1800	9000	0.1667
DPU	3	75	150	44	27	1800	10600	0.2933
AAMNRST	7	1	2	1	0	1800	1800	0.5
AEINNSS	7	11	22	1	4	1800	37800	0.04545
ELOPRSW	7	1	2	1	0	1800	1800	0.5
ELOPRSS	7	1	2	1	0	1800	1800	0.5
AEILMNS	7	10	21	1	4	1800	36000	0.04762
AELORRT	7	10	20	1	0	1800	34200	0.05
ACELNRS	7	2	4	1	0	1800	5400	0.25
EENPRST	7	12	26	1	1	1800	45000	0.03846
ADEFHLS	7	2	4	1	1	1800	5400	0.25
ABGIKNS	7	1	2	1	2	1800	1800	0.5
EIILMRT	7	2	4	1	0	1800	5400	0.25
EIILNRT	7	1	2	1	0	1800	1800	0.5
EIILNST	7	10	20	1	3	1800	34200	0.05
EIIMRSS	7	1	2	1	1	1800	1800	0.5
EIIMRST	7	7	14	1	0	1800	23400	0.07143
EIINORS	7	29	62	1	2	1800	109800	0.01613
EIINPST	7	6	12	1	0	1800	19800	0.08333
EIKLLRS	7	1	2	1	1	1800	1800	0.5
ADEIORS	7	7	14	1	2	1800	23400	0.07143
ACELRSV	7	3	6	3	2	1800	5400	0.5
DEILMPS	7	2	5	2	1	1800	5400	0.4
ADEINRV	7	1	2	1	0	1800	1800	0.5
EIKNRSW	7	1	2	1	1	1800	1800	0.5
ACELSST	7	1	2	1	0	1800	1800	0.5
AGIMNRS	7	2	4	1	1	1800	5400	0.25
AGIKNNR	7	1	2	1	1	1800	1800	0.5
EMORSSU	7	1	2	1	0	1800	1800	0.5
DEIMOOR	7	1	2	1	0	1800	1800	0.5
AEIOSTT	7	10	20	1	1	1800	34200	0.05
AGGINRS	7	3	7	1	1	1800	10800	0.1429
AGGINRT	7	3	6	1	0	1800	9000	0.1667
AEIPPRS	7	1	2	1	1	1800	1800	0.5
AGHIILN	7	1	2	1	0	1800	1800	0.5
DEINOST	7	8	16	1	1	1800	27000	0.0625
AGHINRS	7	5	12	6	5	1800	10800	0.5
DGIINNS	7	5	13	2	1	1800	19800	0.1538
DEIMOST	7	7	14	1	2	1800	23400	0.07143
AGHINST	7	1	2	1	2	1800	1800	0.5
ACELORS	7	11	24	1	2	1800	41400	0.04167
ADELNRU	7	2	4	1	1	1800	5400	0.25
AGIILNR	7	6	13	1	5	1800	21600	0.07692
AGIILNT	7	1	2	1	1	1800	1800	0.5
AGIINNR	7	5	11	1	4	1800	18000	0.09091
GILNPSU	7	2	4	1	0	1800	5400	0.25
EIKRRST	7	2	5	1	0	1800	7200	0.2
ADEIMRS	7	14	30	1	0	1800	52200	0.03333
AEHNRTU	7	5	10	1	1	1800	16200	0.1
ADEHNRS	7	2	4	1	1	1800	5400	0.25
EILMSST	7	3	6	1	1	1800	9000	0.1667
DEHOSTU	7	2	4	3	2	1800	1800	0.75
ACENRSV	7	1	2	1	2	1800	1800	0.5
ADEHLNS	7	2	4	1	0	1800	5400	0.25
ACENSST	7	6	12	1	1	1800	19800	0.08333
EEGRRSS	7	1	2	1	0	1800	1800	0.5
ADEGNRS	7	1	2	1	0	1800	1800	0.5
FGIINST	7	3	6	3	3	1800	5400	0.5
AEHRRSS	7	3	6	5	2	1800	1800	0.8333
ADEGLNS	7	4	8	1	2	1800	12600	0.125
ADEGLNR	7	1	2	1	0	1800	1800	0.5
EILPPST	7	1	2	1	0	1800	1800	0.5
EELNRST	7	6	14	1	1	1800	23400	0.07143
AEINRTU	7	22	44	1	4	1800	77400	0.02273
ADEHRSS	7	1	2	1	1	1800	1800	0.5
AARSSTT	7	12	24	1	0	1800	41400	0.04167
EMNORST	7	3	6	1	0	1800	9000	0.1667
DGINORS	7	3	6	1	1	1800	9000	0.1667
AEHNSST	7	16	32	1	3	1800	55800	0.03125
ADEILPT	7	1	2	1	0	1800	1800	0.5
ACEMPRS	7	1	2	1	0	1800	1800	0.5
ADEILNS	7	1	2	1	0	1800	1800	0.5
ACENNRS	7	5	10	9	6	1800	1800	0.9
AGINORS	7	4	9	1	1	1800	14400	0.1111
ADEILLR	7	8	16	1	3	1800	27000	0.0625
AELNSTT	7	28	56	1	4	1800	99000	0.01786
ABELORT	7	3	6	1	1	1800	9000	0.1667
DGINOPS	7	1	2	1	1	1800	1800	0.5
EILLSTW	7	3	6	1	2	1800	9000	0.1667
AGINPST	7	1	2	1	1	1800	1800	0.5
CEU	3	171	342	19	28	1700	32300	0.05556
ADD	3	71	142	21	31	1700	12100	0.1479
GOV	3	52	104	23	16	1700	8100	0.2212
ARTTY	5	9	18	2	4	1600	12800	0.1111
APSZ	4	6	12	4	0	1600	3200	0.3333
FGLOS	5	8	16	2	1	1600	11200	0.125
APRSW	5	6	12	2	2	1600	8000	0.1667
GGNOS	5	7	14	2	5	1600	9600	0.1429
DORSS	5	10	20	2	4	1600	14400	0.1
GGNO	4	14	28	6	6	1600	8800	0.2143
DSSTU	5	9	18	2	1	1600	12800	0.1111
FOSU	4	15	30	4	6	1600	10400	0.1333
ABKS	4	6	12	4	6	1600	3200	0.3333
ABLMS	5	6	12	4	2	1600	6400	0.3333
MOPRS	5	6	12	4	4	1600	6400	0.3333
MOPSU	5	5	10	2	0	1600	6400	0.2
APPS	4	16	32	4	6	1600	11200	0.125
ABLY	4	14	28	4	3	1600	9600	0.1429
APRSY	5	6	16	6	2	1600	8000	0.375
NOOSW	5	8	16	8	5	1600	6400	0.5
FLORU	5	5	12	3	1	1600	7200	0.25
APRTT	5	5	10	2	1	1600	6400	0.2
APRTY	5	15	31	2	4	1600	23200	0.06452
FLOOS	5	7	14	10	5	1600	3200	0.7143
ABRSU	5	21	43	2	3	1600	32800	0.04651
EEIRV	5	36	84	2	7	1600	65600	0.02381
EEKPS	5	3	7	1	0	1600	4800	0.1429
AACP	4	11	22	4	1	1600	7200	0.1818
AEGMM	5	3	6	2	2	1600	3200	0.3333
FIKRS	5	3	6	2	1	1600	3200	0.3333
CEORR	5	10	20	2	8	1600	14400	0.1
FLORS	5	11	22	2	0	1600	16000	0.09091
EGINW	5	3	6	2	2	1600	3200	0.3333
FFIST	5	5	10	4	3	1600	4800	0.4
ACCHO	5	6	12	2	3	1600	8000	0.1667
ELRRU	5	12	24	10	8	1600	11200	0.4167
ELRSY	5	7	14	2	3	1600	9600	0.1429
BGRU	4	24	48	6	6	1600	16800	0.125
BGIS	4	16	32	16	5	1600	6400	0.5
CDEOY	5	6	12	2	1	1600	8000	0.1667
CDEU	4	19	38	4	5	1600	13600	0.1053
ADEFT	5	21	42	2	9	1600	32000	0.04762
ELTY	4	23	46	4	1	1600	16800	0.08696
CDHIT	5	6	12	2	1	1600	8000	0.1667
ADEGW	5	6	12	2	5	1600	8000	0.1667
AABL	4	33	66	4	0	1600	24800	0.06061
CDORS	5	2	4	2	0	1600	1600	0.5
BEOPR	5	6	12	2	2	1600	8000	0.1667
BEOOS	5	5	10	2	3	1600	6400	0.2
CDRSU	5	2	4	2	3	1600	1600	0.5
CDRU	4	10	20	4	5	1600	6400	0.2
EIKNS	5	8	16	2	2	1600	11200	0.125
EHSTW	5	5	10	2	1	1600	6400	0.2
BELOR	5	23	57	1	5	1600	44800	0.01754
EMORW	5	3	6	2	2	1600	3200	0.3333
BELMU	5	4	9	1	1	1600	6400	0.1111
BHOOT	5	4	8	2	5	1600	4800	0.25
EILTU	5	43	86	2	2	1600	67200	0.02326
BIKRS	5	3	7	1	0	1600	4800	0.1429
BNRTU	5	4	8	4	5	1600	3200	0.5
EKNOS	5	24	60	4	4	1600	44800	0.06667
EJNOS	5	2	4	2	0	1600	1600	0.5
EISVW	5	7	17	3	4	1600	11200	0.1765
EKOPS	5	5	10	8	5	1600	1600	0.8
ACITT	5	25	50	2	4	1600	38400	0.04
ACMPS	5	7	14	10	2	1600	3200	0.7143
ACILM	5	9	18	2	1	1600	12800	0.1111
EIPQU	5	2	4	2	2	1600	1600	0.5
EINSZ	5	6	12	2	2	1600	8000	0.1667
BNOSU	5	15	39	1	4	1600	30400	0.02564
PRRU	4	7	14	4	4	1600	4000	0.2857
ACHOP	5	4	8	2	0	1600	4800	0.25
ACRSW	5	11	22	8	5	1600	11200	0.3636
ACRY	4	19	38	8	6	1600	12000	0.2105
ACHLU	5	6	12	2	2	1600	8000	0.1667
ACHIS	5	21	42	12	13	1600	24000	0.2857
EINPR	5	42	84	2	24	1600	65600	0.02381
BKNU	4	8	16	4	6	1600	4800	0.25
ADDEW	5	4	8	2	2	1600	4800	0.25
BKNOS	5	2	4	2	1	1600	1600	0.5
CEERT	5	32	64	2	8	1600	49600	0.03125
EHOSV	5	6	12	10	6	1600	1600	0.8333
EMPR	4	37	74	6	11	1600	27200	0.08108
ACDLS	5	5	10	4	3	1600	4800	0.4
BDENU	5	4	8	2	4	1600	4800	0.25
ACEGR	5	10	20	12	7	1600	6400	0.6
BDELO	5	5	10	2	0	1600	6400	0.2
OOPSW	5	4	8	4	3	1600	3200	0.5
EFLU	4	11	22	4	4	1600	7200	0.1818
EFHLS	5	19	38	2	4	1600	28800	0.05263
EFFOR	5	5	10	2	3	1600	6400	0.2
BDEES	5	10	20	6	1	1600	11200	0.3
CELRU	5	11	23	2	2	1600	16800	0.08696
EOV	3	139	278	16	14	1600	26200	0.05755
ADRU	4	76	185	5	14	1600	72000	0.02703
EEPSW	5	8	16	2	5	1600	11200	0.125
EPPRS	5	21	48	4	4	1600	35200	0.08333
BDEE	4	17	34	8	1	1600	10400	0.2353
AEERV	5	2	4	2	1	1600	1600	0.5
EPRY	4	35	77	4	5	1600	29200	0.05195
BBOO	4	4	8	4	3	1600	1600	0.5
BBLSU	5	5	12	1	0	1600	8800	0.08333
EELTW	5	9	18	2	2	1600	12800	0.1111
ESTU	4	141	282	4	14	1600	111200	0.01418
BDESU	5	13	26	2	1	1600	19200	0.07692
ADRSY	5	23	51	5	5	1600	36800	0.09804
AABS	4	32	64	6	2	1600	23200	0.09375
BEERR	5	17	34	2	1	1600	25600	0.05882
CEHIL	5	37	80	2	16	1600	62400	0.025
ACEKR	5	10	23	12	7	1600	8800	0.5217
ADESY	5	7	14	2	1	1600	9600	0.1429
ADGIS	5	12	24	2	0	1600	17600	0.08333
ADHRY	5	7	14	2	0	1600	9600	0.1429
ADIKS	5	3	7	1	1	1600	4800	0.1429
ENOSW	5	11	22	2	2	1600	16000	0.09091
CEIKR	5	8	16	2	0	1600	11200	0.125
ADILT	5	66	132	2	6	1600	104000	0.01515
OPRY	4	37	92	4	3	1600	35200	0.04348
ADRSU	5	48	115	2	4	1600	90400	0.01739
CEILM	5	5	10	2	0	1600	6400	0.2
ADIPR	5	28	57	2	3	1600	44000	0.03509
EGLTU	5	7	14	2	1	1600	9600	0.1429
ADLSU	5	22	51	2	5	1600	39200	0.03922
ADMNU	5	11	26	1	1	1600	20000	0.03846
CEPRS	5	35	70	2	2	1600	54400	0.02857
ADMSU	5	10	23	1	0	1600	17600	0.04348
BDRSU	5	5	10	2	2	1600	6400	0.2
ADOSS	5	66	145	1	9	1600	115200	0.006897
DNOSW	5	3	6	2	1	1600	3200	0.3333
BSUY	4	5	10	6	2	1600	1600	0.6
COSTU	5	5	10	2	2	1600	6400	0.2
AGNY	4	27	54	4	2	1600	20000	0.07407
AINNP	5	11	22	2	2	1600	16000	0.09091
ABBES	5	8	16	2	0	1600	11200	0.125
GILST	5	18	36	2	5	1600	27200	0.05556
CHMU	4	17	34	18	11	1600	6400	0.5294
GLNSU	5	5	10	2	4	1600	6400	0.2
AAGRS	5	25	50	2	5	1600	38400	0.04
CHMOO	5	7	14	4	3	1600	8000	0.2857
AELOV	5	10	21	1	1	1600	16000	0.04762
HOPST	5	10	20	2	2	1600	14400	0.1
AANN	4	147	396	3	21	1600	157200	0.007576
CHITY	5	11	22	2	1	1600	16000	0.09091
LMPU	4	10	20	10	6	1600	4000	0.5
CLOOR	5	9	18	2	1	1600	12800	0.1111
LNOSU	5	7	14	2	4	1600	9600	0.1429
AMNOT	5	27	54	2	5	1600	41600	0.03704
ISSTW	5	6	12	4	2	1600	6400	0.3333
AGPRS	5	3	6	2	1	1600	3200	0.3333
AGPSS	5	2	4	2	1	1600	1600	0.5
DEKSS	5	2	4	2	0	1600	1600	0.5
AINSV	5	11	22	2	2	1600	16000	0.09091
DEINU	5	10	20	2	1	1600	14400	0.1
GNSTU	5	15	30	14	10	1600	12800	0.4667
AFNSU	5	3	6	2	1	1600	3200	0.3333
CLOSW	5	8	16	8	6	1600	6400	0.5
AEKSW	5	5	11	1	1	1600	8000	0.09091
GOPR	4	60	120	4	8	1600	46400	0.03333
AMORT	5	51	102	2	11	1600	80000	0.01961
ALLMO	5	8	16	2	1	1600	11200	0.125
DERRY	5	23	50	2	4	1600	38400	0.04
AFLOS	5	2	4	2	2	1600	1600	0.5
HKORS	5	2	4	2	2	1600	1600	0.5
DEILW	5	16	36	2	2	1600	27200	0.05556
ALPU	4	28	56	8	3	1600	19200	0.1429
ALPTY	5	15	32	1	3	1600	24800	0.03125
INPY	4	10	20	6	2	1600	5600	0.3
ALNU	4	70	140	4	17	1600	54400	0.02857
AEMRR	5	47	94	2	8	1600	73600	0.02128
DELW	4	17	34	6	4	1600	11200	0.1765
INOT	4	319	638	4	21	1600	253600	0.00627
DEIKR	5	14	33	1	6	1600	25600	0.0303
KOORS	5	3	6	2	1	1600	3200	0.3333
CINOR	5	19	38	2	3	1600	28800	0.05263
CIMRS	5	27	54	8	5	1600	36800	0.1481
HNORT	5	24	48	2	5	1600	36800	0.04167
KOPRS	5	4	8	4	6	1600	3200	0.5
DELPU	5	12	25	2	1	1600	18400	0.08
DDERU	5	4	8	2	0	1600	4800	0.25
HNSSU	5	10	20	2	1	1600	14400	0.1
GINOR	5	15	30	2	4	1600	22400	0.06667
AELSZ	5	3	6	2	1	1600	3200	0.3333
ALPP	4	47	94	8	10	1600	34400	0.08511
KNOP	4	19	38	4	10	1600	13600	0.1053
HMOOS	5	13	26	4	4	1600	17600	0.1538
AGLNO	5	49	123	1	12	1600	97600	0.00813
CISTU	5	19	39	2	0	1600	29600	0.05128
IMSTY	5	3	6	2	1	1600	3200	0.3333
DEEGL	5	13	28	1	1	1600	21600	0.03571
DEILP	5	19	40	2	12	1600	30400	0.05
DEGU	4	25	50	4	4	1600	18400	0.08
HLSSU	5	7	14	2	3	1600	9600	0.1429
ALPSW	5	6	12	2	4	1600	8000	0.1667
KLNSU	5	2	4	2	3	1600	1600	0.5
CKOOS	5	2	4	2	2	1600	1600	0.5
COOPS	5	9	18	14	10	1600	3200	0.7778
AEOPR	5	96	202	2	4	1600	160000	0.009901
KOOPS	5	3	6	4	3	1600	1600	0.6667
ILLPS	5	14	28	26	20	1600	1600	0.9286
AHKRS	5	7	14	6	9	1600	6400	0.4286
AKRSY	5	6	15	1	0	1600	11200	0.06667
DEEKS	5	7	14	2	3	1600	9600	0.1429
HIKST	5	11	22	2	1	1600	16000	0.09091
DGINO	5	15	30	2	2	1600	22400	0.06667
LOSSW	5	4	8	2	3	1600	4800	0.25
AESTX	5	5	10	2	3	1600	6400	0.2
ABCOR	5	28	71	1	5	1600	56000	0.01408
AAGLS	5	13	26	2	4	1600	19200	0.07692
ABFRS	5	7	14	2	1	1600	9600	0.1429
GHOST	5	13	26	2	1	1600	19200	0.07692
HILST	5	19	38	4	12	1600	27200	0.1053
IKLLS	5	4	8	6	2	1600	1600	0.75
AHRTW	5	8	16	2	1	1600	11200	0.125
CGHIN	5	2	4	2	1	1600	1600	0.5
IKNRS	5	2	4	2	1	1600	1600	0.5
GHOTU	5	5	10	2	1	1600	6400	0.2
AESX	4	10	20	10	7	1600	4000	0.5
DIKSS	5	3	6	4	0	1600	1600	0.6667
DIIMS	5	7	14	2	2	1600	9600	0.1429
DNORW	5	9	18	4	2	1600	11200	0.2222
GOSTU	5	4	8	2	2	1600	4800	0.25
IQSTU	5	4	10	3	6	1600	5600	0.3
GORST	5	11	22	2	2	1600	16000	0.09091
GORTU	5	2	4	2	0	1600	1600	0.5
AESSV	5	10	20	14	10	1600	4800	0.7
AFHST	5	15	30	14	5	1600	12800	0.4667
AKSST	5	7	14	10	4	1600	3200	0.7143
DEEMT	5	26	52	2	4	1600	40000	0.03846
CPSU	4	22	52	6	5	1600	18400	0.1154
DEEMR	5	62	124	2	9	1600	97600	0.01613
AMRY	4	16	32	6	2	1600	10400	0.1875
ABETU	5	15	36	1	1	1600	28000	0.02778
AHKNS	5	6	16	4	5	1600	9600	0.25
LOPTU	5	13	30	1	2	1600	23200	0.03333
IPTTU	5	5	10	2	2	1600	6400	0.2
ABEY	4	16	32	4	7	1600	11200	0.125
DEFL	4	85	170	4	11	1600	66400	0.02353
ABESY	5	13	29	1	3	1600	22400	0.03448
ADO	3	688	1376	73	59	1500	130300	0.05305
OPU	3	117	234	15	9	1500	21900	0.0641
GPU	3	55	110	35	26	1500	7500	0.3182
DDO	3	64	128	45	38	1500	8300	0.3516
AOV	3	136	272	17	12	1500	25500	0.0625
ACEMOS	6	1	2	1	0	1400	1400	0.5
INSTTY	6	2	4	1	2	1400	4200	0.25
EIIPRT	6	10	20	1	0	1400	26600	0.05
EIINRT	6	29	58	1	7	1400	79800	0.01724
AGINOR	6	23	49	1	1	1400	67200	0.02041
DEILPS	6	19	45	2	5	1400	60200	0.04444
CEHOSU	6	2	4	1	2	1400	4200	0.25
ADHNOS	6	2	4	1	2	1400	4200	0.25
ACELPT	6	2	4	1	0	1400	4200	0.25
ADEISV	6	10	25	1	1	1400	33600	0.04
EIKPRS	6	3	6	1	0	1400	7000	0.1667
AGILNW	6	4	8	7	1	1400	1400	0.875
EIKLNR	6	3	6	1	4	1400	7000	0.1667
ADETTU	6	5	10	1	0	1400	12600	0.1
EMOPRS	6	1	2	1	0	1400	1400	0.5
DEILMP	6	4	8	1	1	1400	9800	0.125
EIKNPR	6	2	4	1	2	1400	4200	0.25
AGINNW	6	3	6	1	0	1400	7000	0.1667
CRSTUY	6	1	2	1	0	1400	1400	0.5
ABDDEL	6	3	6	3	2	1400	4200	0.5
DEILLT	6	1	2	1	1	1400	1400	0.5
DEILSS	6	8	16	11	6	1400	7000	0.6875
EHIRSV	6	6	12	3	3	1400	12600	0.25
AGIMNS	6	4	8	1	1	1400	9800	0.125
ADEKMR	6	1	2	1	1	1400	1400	0.5
AFILRS	6	2	4	1	1	1400	4200	0.25
ENNRTU	6	6	12	1	1	1400	15400	0.08333
EHOPRT	6	2	4	1	2	1400	4200	0.25
ADEMNR	6	19	38	3	3	1400	49000	0.07895
AFGINS	6	2	4	1	0	1400	4200	0.25
ADEORR	6	8	16	1	3	1400	21000	0.0625
DDEILS	6	3	6	1	2	1400	7000	0.1667
DEINTU	6	29	63	1	11	1400	86800	0.01587
CEHIMS	6	4	8	5	6	1400	4200	0.625
EHNOST	6	9	18	1	3	1400	23800	0.05556
EHORSV	6	4	9	5	7	1400	5600	0.5556
ADEMSU	6	3	6	1	1	1400	7000	0.1667
ORSSTW	6	1	2	1	1	1400	1400	0.5
ADEKRR	6	1	2	1	1	1400	1400	0.5
BEIRSU	6	9	19	1	1	1400	25200	0.05263
ADENPP	6	1	2	1	1	1400	1400	0.5
DDEENR	6	6	12	1	1	1400	15400	0.08333
DEIPPR	6	1	2	1	0	1400	1400	0.5
DDEELM	6	3	6	1	1	1400	7000	0.1667
ACEKRR	6	1	2	1	0	1400	1400	0.5
ACEKNR	6	1	2	1	1	1400	1400	0.5
DEIORW	6	2	4	1	1	1400	4200	0.25
AFINST	6	1	2	1	1	1400	1400	0.5
ADEMMR	6	3	6	1	1	1400	7000	0.1667
AGGILN	6	12	26	1	2	1400	35000	0.03846
ADEPPR	6	2	5	2	4	1400	4200	0.4
ADELSY	6	4	8	3	2	1400	7000	0.375
DEIPSW	6	2	4	1	1	1400	4200	0.25
AGIKNW	6	1	2	1	2	1400	1400	0.5
ENNORW	6	6	12	1	2	1400	15400	0.08333
DDENRU	6	2	4	1	1	1400	4200	0.25
DEIPST	6	13	27	1	8	1400	36400	0.03704
EIILNR	6	6	12	1	0	1400	15400	0.08333
DEIPSS	6	3	6	3	3	1400	4200	0.5
ADELMR	6	8	16	1	2	1400	21000	0.0625
DDEEGL	6	1	2	1	0	1400	1400	0.5
ABBELR	6	1	2	1	1	1400	1400	0.5
DDEINW	6	2	4	1	1	1400	4200	0.25
ADEPSU	6	2	4	1	0	1400	4200	0.25
EMORSW	6	2	4	1	2	1400	4200	0.25
AGHINS	6	1	2	1	0	1400	1400	0.5
ADELPR	6	2	4	1	0	1400	4200	0.25
DDEIMN	6	3	6	3	2	1400	4200	0.5
ADEPSS	6	10	20	9	9	1400	15400	0.45
ADEPRY	6	1	2	1	1	1400	1400	0.5
ADELSV	6	4	8	3	2	1400	7000	0.375
BELOSU	6	4	8	1	1	1400	9800	0.125
AEIMMS	6	4	8	3	1	1400	7000	0.375
AINSTW	6	3	6	1	1	1400	7000	0.1667
ADDEHS	6	1	2	1	1	1400	1400	0.5
EINPRU	6	5	11	1	2	1400	14000	0.09091
DEFILT	6	5	10	3	3	1400	9800	0.3
ADDELN	6	2	4	1	2	1400	4200	0.25
CDEHIM	6	3	6	3	5	1400	4200	0.5
DEFITT	6	4	8	1	3	1400	9800	0.125
BKO	3	29	58	16	11	1400	4200	0.2759
ADDELW	6	1	2	1	0	1400	1400	0.5
DEFLNO	6	2	4	1	0	1400	4200	0.25
IMOPRS	6	6	12	1	0	1400	15400	0.08333
DEFLOR	6	1	2	1	1	1400	1400	0.5
EINOPS	6	12	24	1	5	1400	32200	0.04167
BISSTU	6	4	8	1	2	1400	9800	0.125
AHIPSS	6	3	6	1	0	1400	7000	0.1667
DEFLOU	6	1	2	1	1	1400	1400	0.5
DEGGIR	6	3	6	5	4	1400	1400	0.8333
DEGGLO	6	1	2	1	1	1400	1400	0.5
ELOSTV	6	6	12	1	0	1400	15400	0.08333
AHINST	6	9	18	1	3	1400	23800	0.05556
DEGGNO	6	2	4	1	2	1400	4200	0.25
ACGINP	6	5	10	3	5	1400	9800	0.3
BIORST	6	8	16	1	1	1400	21000	0.0625
ELPPRU	6	2	4	1	0	1400	4200	0.25
DEGGRU	6	1	2	1	1	1400	1400	0.5
EIMORS	6	43	95	1	2	1400	131600	0.01053
DEGHIN	6	1	2	1	0	1400	1400	0.5
DEGHSU	6	2	4	1	1	1400	4200	0.25
ELPPSU	6	1	2	1	1	1400	1400	0.5
EINQTU	6	1	2	1	0	1400	1400	0.5
ADDEHN	6	1	2	1	1	1400	1400	0.5
DEEFIR	6	4	8	1	0	1400	9800	0.125
AHLLOS	6	2	4	1	0	1400	4200	0.25
EKNOSS	6	4	8	3	2	1400	7000	0.375
AILNPS	6	11	23	1	3	1400	30800	0.04348
DEEMST	6	18	36	1	0	1400	49000	0.02778
EKOPRR	6	1	2	1	0	1400	1400	0.5
CCEKOR	6	2	4	1	1	1400	4200	0.25
EISSTU	6	7	14	1	3	1400	18200	0.07143
AIKRST	6	10	20	1	2	1400	26600	0.05
AIKRRS	6	5	10	1	0	1400	12600	0.1
EIRSTU	6	6	12	1	2	1400	15400	0.08333
CDDEEI	6	4	8	1	1	1400	9800	0.125
AILQSU	6	1	2	1	0	1400	1400	0.5
IKRSST	6	2	4	1	0	1400	4200	0.25
ELMNOT	6	6	12	1	1	1400	15400	0.08333
ELMORT	6	1	2	1	1	1400	1400	0.5
ACNOOR	6	4	8	1	1	1400	9800	0.125
IKR	3	84	168	14	17	1400	15400	0.08333
AIKNPR	6	3	6	1	0	1400	7000	0.1667
ELMSSU	6	3	6	1	1	1400	7000	0.1667
DEEORV	6	7	14	1	1	1400	18200	0.07143
AILRSV	6	5	10	1	1	1400	12600	0.1
AIIMNS	6	23	50	1	0	1400	68600	0.02
EINSTT	6	31	62	1	2	1400	85400	0.01613
ELOOPR	6	5	10	5	2	1400	7000	0.5
DEESTV	6	2	4	1	0	1400	4200	0.25
BMOORS	6	1	2	1	1	1400	1400	0.5
AAM	3	73	146	26	12	1400	12000	0.1781
DEFFIR	6	3	6	3	3	1400	4200	0.5
ELPRSU	6	3	6	1	0	1400	7000	0.1667
DEGIKN	6	2	4	1	1	1400	4200	0.25
CDEIPR	6	1	2	1	1	1400	1400	0.5
ADEELM	6	6	12	5	3	1400	9800	0.4167
ADEFMR	6	1	2	1	0	1400	1400	0.5
DEGNSU	6	4	8	1	0	1400	9800	0.125
CDESSU	6	3	6	1	1	1400	7000	0.1667
DEGOOP	6	1	2	1	0	1400	1400	0.5
ADEGGR	6	4	8	5	3	1400	4200	0.625
AANRTT	6	21	42	1	5	1400	57400	0.02381
ADEGIN	6	3	6	1	2	1400	7000	0.1667
ACEORS	6	3	6	1	2	1400	7000	0.1667
ADEGMN	6	1	2	1	1	1400	1400	0.5
DEHILT	6	6	12	1	5	1400	15400	0.08333
DEHISS	6	9	18	1	1	1400	23800	0.05556
CDHORS	6	1	2	1	0	1400	1400	0.5
EHIPRS	6	18	40	1	2	1400	54600	0.025
DEHOOP	6	3	6	1	1	1400	7000	0.1667
EILNSS	6	28	56	1	1	1400	77000	0.01786
INOOPT	6	13	26	1	5	1400	35000	0.03846
ADEHMS	6	6	12	3	8	1400	12600	0.25
DEHRSS	6	7	14	1	0	1400	18200	0.07143
ADEHPT	6	3	6	1	0	1400	7000	0.1667
ACENPS	6	1	2	1	1	1400	1400	0.5
AINRSV	6	1	2	1	1	1400	1400	0.5
ADEHTT	6	4	8	1	3	1400	9800	0.125
EILMNS	6	3	6	1	1	1400	7000	0.1667
HNORST	6	4	8	1	1	1400	9800	0.125
CDNOOS	6	2	4	1	1	1400	4200	0.25
DEHSTU	6	3	6	3	2	1400	4200	0.5
DEIINS	6	10	20	1	1	1400	26600	0.05
ADEFLR	6	1	2	1	0	1400	1400	0.5
ACEPSS	6	4	8	5	3	1400	4200	0.625
ADEFIR	6	4	8	1	2	1400	9800	0.125
CDENOR	6	7	14	5	6	1400	12600	0.3571
DEGIMS	6	4	8	3	1	1400	7000	0.375
HORSTY	6	2	4	1	1	1400	4200	0.25
DEGINN	6	2	4	1	2	1400	4200	0.25
HORSTW	6	3	6	1	1	1400	7000	0.1667
CDEKLO	6	1	2	1	1	1400	1400	0.5
BHORST	6	5	10	1	0	1400	12600	0.1
BHOOST	6	2	4	1	3	1400	4200	0.25
ACFRST	6	1	2	1	0	1400	1400	0.5
CDEKOR	6	1	2	1	1	1400	1400	0.5
CDEKOT	6	1	2	1	0	1400	1400	0.5
ELRSTY	6	9	18	7	1	1400	15400	0.3889
AAILMN	6	35	85	1	3	1400	117600	0.01176
DEGIRR	6	2	4	1	0	1400	4200	0.25
ADEFIN	6	4	8	1	1	1400	9800	0.125
ADEENW	6	1	2	1	1	1400	1400	0.5
ACESTT	6	2	4	1	0	1400	4200	0.25
CDEOOP	6	1	2	1	0	1400	1400	0.5
ACESSU	6	1	2	1	1	1400	1400	0.5
CDEOPS	6	4	8	1	3	1400	9800	0.125
EILRVY	6	3	6	1	0	1400	7000	0.1667
AANRST	6	19	38	1	5	1400	51800	0.02632
ADEERV	6	2	4	1	1	1400	4200	0.25
ADEERW	6	2	4	1	2	1400	4200	0.25
DEEGNR	6	4	8	1	0	1400	9800	0.125
ADEFGN	6	1	2	1	1	1400	1400	0.5
DEGLNO	6	4	8	3	3	1400	7000	0.375
DEHLNO	6	2	4	1	1	1400	4200	0.25
DEIRSV	6	6	12	11	8	1400	1400	0.9167
IQRSTU	6	1	2	1	1	1400	1400	0.5
DEORRT	6	85	181	1	20	1400	252000	0.005525
EELRST	6	22	44	1	7	1400	60200	0.02273
EELPRT	6	3	6	1	1	1400	7000	0.1667
FFGINO	6	2	4	1	1	1400	4200	0.25
GILNTY	6	5	10	1	2	1400	12600	0.1
AELPRY	6	3	6	1	1	1400	7000	0.1667
GILNOW	6	2	4	1	2	1400	4200	0.25
EELNTT	6	3	6	1	1	1400	7000	0.1667
CHLOOS	6	3	6	1	1	1400	7000	0.1667
CHKOOS	6	1	2	1	1	1400	1400	0.5
EELMRT	6	5	10	1	0	1400	12600	0.1
EELMRS	6	14	28	1	2	1400	37800	0.03571
EELMPT	6	2	4	1	1	1400	4200	0.25
AMNOSS	6	3	6	1	1	1400	7000	0.1667
EEKNSS	6	1	2	1	1	1400	1400	0.5
CHIRST	6	32	72	1	11	1400	99400	0.01389
DEORTW	6	3	6	1	2	1400	7000	0.1667
AEGLNT	6	5	10	1	4	1400	12600	0.1
AELMRT	6	18	40	1	5	1400	54600	0.025
DEOSSU	6	3	6	1	1	1400	7000	0.1667
DEOSSW	6	1	2	1	1	1400	1400	0.5
EEKRST	6	3	6	1	2	1400	7000	0.1667
DEOSTV	6	13	26	1	6	1400	35000	0.03846
AELLTY	6	4	8	1	0	1400	9800	0.125
AEGMMR	6	2	4	3	1	1400	1400	0.75
EEKRSS	6	3	6	1	1	1400	7000	0.1667
GIINRV	6	3	6	1	2	1400	7000	0.1667
AAENRS	6	53	106	1	1	1400	147000	0.009434
AELRSS	6	2	4	1	1	1400	4200	0.25
ALRTTY	6	2	4	1	0	1400	4200	0.25
ABEKRS	6	4	8	7	5	1400	1400	0.875
AELSSW	6	4	8	7	3	1400	1400	0.875
CENOPS	6	1	2	1	0	1400	1400	0.5
AACHRS	6	5	10	1	0	1400	12600	0.1
BCEMOR	6	1	2	1	0	1400	1400	0.5
DENORY	6	4	8	1	2	1400	9800	0.125
DENOSS	6	3	6	1	1	1400	7000	0.1667
EENSTW	6	2	4	1	0	1400	4200	0.25
AEFIRS	6	6	12	1	1	1400	15400	0.08333
ALPSSY	6	1	2	1	0	1400	1400	0.5
AACHTT	6	7	14	1	0	1400	18200	0.07143
CEHSSU	6	2	4	1	2	1400	4200	0.25
GINOOP	6	4	8	1	0	1400	9800	0.125
DENPTU	6	2	4	1	0	1400	4200	0.25
BBERTU	6	1	2	1	1	1400	1400	0.5
BBEORS	6	1	2	1	1	1400	1400	0.5
BBEMOR	6	1	2	1	1	1400	1400	0.5
ACDEKL	6	4	8	1	5	1400	9800	0.125
AELRTV	6	3	6	1	0	1400	7000	0.1667
ERRTTU	6	3	6	1	1	1400	7000	0.1667
EENPRS	6	3	6	1	2	1400	7000	0.1667
AEFMOR	6	1	2	1	0	1400	1400	0.5
ERSSTW	6	2	4	1	0	1400	4200	0.25
EEMRSU	6	9	18	1	0	1400	23800	0.05556
ABEKNR	6	1	2	1	0	1400	1400	0.5
AEGHRS	6	3	6	1	3	1400	7000	0.1667
CHIKST	6	4	8	1	1	1400	9800	0.125
EEINSS	6	63	126	1	11	1400	175000	0.007937
CIKRST	6	1	2	1	0	1400	1400	0.5
AEINNP	6	2	4	1	0	1400	4200	0.25
GIILNR	6	3	6	1	1	1400	7000	0.1667
AEHSSW	6	1	2	1	1	1400	1400	0.5
CEORTU	6	3	6	3	3	1400	4200	0.5
AEHSTW	6	2	4	1	0	1400	4200	0.25
EEGIRV	6	1	2	1	0	1400	1400	0.5
EEGIRS	6	12	24	1	1	1400	32200	0.04167
CEORTV	6	2	4	1	1	1400	4200	0.25
EEGILN	6	21	42	1	4	1400	57400	0.02381
EEGGLR	6	1	2	1	0	1400	1400	0.5
EEFLRU	6	5	11	1	1	1400	14000	0.09091
AOPRRT	6	2	4	1	1	1400	4200	0.25
EEFLLR	6	3	6	1	2	1400	7000	0.1667
AEIMST	6	99	249	1	6	1400	347200	0.004016
EEINRW	6	9	18	1	4	1400	23800	0.05556
LSTTUY	6	1	2	1	1	1400	1400	0.5
ABINSS	6	4	8	1	2	1400	9800	0.125
AEILNP	6	18	37	1	2	1400	50400	0.02703
GHLOSU	6	4	8	1	0	1400	9800	0.125
GHIRST	6	9	19	8	2	1400	15400	0.4211
GHIPST	6	2	4	1	2	1400	4200	0.25
AEIMNT	6	89	222	1	17	1400	309400	0.004505
GHINST	6	3	6	1	1	1400	7000	0.1667
GHIMST	6	2	4	1	1	1400	4200	0.25
ANSTTU	6	2	4	1	2	1400	4200	0.25
DNOORS	6	12	24	1	2	1400	32200	0.04167
DNORSW	6	3	6	3	0	1400	4200	0.5
CGINOP	6	1	2	1	1	1400	1400	0.5
AEINSS	6	55	114	1	6	1400	158200	0.008772
CEORSY	6	9	18	1	0	1400	23800	0.05556
ABLOST	6	3	6	1	1	1400	7000	0.1667
AEKRSW	6	1	2	1	1	1400	1400	0.5
AEGRSW	6	6	12	7	3	1400	7000	0.5833
CHIILT	6	3	6	1	0	1400	7000	0.1667
AEKMRR	6	4	8	3	2	1400	7000	0.375
AEKLST	6	5	10	1	0	1400	12600	0.1
AEKLRS	6	5	10	1	7	1400	12600	0.1
AEKLNR	6	1	2	1	1	1400	1400	0.5
DERSTY	6	4	8	1	0	1400	9800	0.125
EEILNS	6	99	233	1	10	1400	324800	0.004292
GIIMNR	6	3	6	3	1	1400	4200	0.5
AEIRRV	6	9	19	1	3	1400	25200	0.05263
DFNOSU	6	1	2	1	1	1400	1400	0.5
EEHRSW	6	6	12	3	4	1400	12600	0.25
DGIINN	6	8	16	1	1	1400	21000	0.0625
EEHPRS	6	9	18	3	1	1400	21000	0.1667
EEHORT	6	20	40	1	1	1400	54600	0.025
MOSSTU	6	1	2	1	0	1400	1400	0.5
EEHORS	6	11	22	1	1	1400	29400	0.04545
DGIINT	6	3	6	1	1	1400	7000	0.1667
EEHMST	6	3	6	1	1	1400	7000	0.1667
CEORSV	6	2	4	1	1	1400	4200	0.25
DGINNO	6	7	14	1	3	1400	18200	0.07143
CEORSW	6	2	4	1	2	1400	4200	0.25
AEHNSV	6	3	6	1	2	1400	7000	0.1667
DGINOP	6	1	2	1	1	1400	1400	0.5
ACDENS	6	6	12	1	2	1400	15400	0.08333
DEELOP	6	5	10	3	4	1400	9800	0.3
EGGORS	6	1	2	1	0	1400	1400	0.5
BEERRS	6	6	12	1	1	1400	15400	0.08333
GMU	3	56	112	44	23	1400	6800	0.3929
BDERSU	6	5	10	1	0	1400	12600	0.1
ABEEGL	6	1	2	1	0	1400	1400	0.5
BDEOSS	6	5	10	1	3	1400	12600	0.1
DELMOO	6	5	10	7	4	1400	4200	0.7
DELMOR	6	7	14	1	3	1400	18200	0.07143
DELMOS	6	6	12	1	2	1400	15400	0.08333
EEORSS	6	35	70	1	5	1400	96600	0.01429
ABEEKR	6	2	4	1	1	1400	4200	0.25
BDEOPR	6	2	4	1	2	1400	4200	0.25
AEEGMT	6	3	6	1	1	1400	7000	0.1667
AENRRW	6	6	12	5	5	1400	9800	0.4167
EGILLR	6	4	8	3	2	1400	7000	0.375
BDENRU	6	3	6	1	3	1400	7000	0.1667
DELNOS	6	25	50	1	4	1400	68600	0.02
ACEGRS	6	3	6	3	3	1400	4200	0.5
AERSWY	6	3	7	1	2	1400	8400	0.1429
EGHNRU	6	3	6	1	3	1400	7000	0.1667
BDELOW	6	1	2	1	1	1400	1400	0.5
ALMRSU	6	6	13	1	1	1400	16800	0.07692
DELNOU	6	16	33	1	4	1400	44800	0.0303
ENRRTU	6	12	24	7	2	1400	23800	0.2917
EGGLOT	6	1	2	1	0	1400	1400	0.5
CLOORS	6	2	4	1	0	1400	4200	0.25
DEKLSU	6	2	4	1	0	1400	4200	0.25
ADILPS	6	2	4	1	0	1400	4200	0.25
CEIKRT	6	3	6	3	3	1400	4200	0.5
CEIMNR	6	1	2	1	1	1400	1400	0.5
CEIMNS	6	4	8	1	0	1400	9800	0.125
ACEHPS	6	5	10	3	3	1400	9800	0.3
ABDEKR	6	3	6	5	5	1400	1400	0.8333
ADLNSU	6	1	2	1	0	1400	1400	0.5
DEIRTV	6	1	2	1	1	1400	1400	0.5
BEEMRS	6	2	4	1	0	1400	4200	0.25
EGLORW	6	2	4	1	1	1400	4200	0.25
ADIORS	6	10	20	1	1	1400	26600	0.05
EGIRSV	6	1	2	1	0	1400	1400	0.5
EGRRSU	6	5	11	2	0	1400	12600	0.1818
AEPSSU	6	4	8	1	2	1400	9800	0.125
EHIKRS	6	5	15	1	1	1400	19600	0.06667
ABDEOS	6	4	8	1	4	1400	9800	0.125
AEPRSU	6	4	8	1	0	1400	9800	0.125
AERSSY	6	6	12	1	6	1400	15400	0.08333
EHIMRT	6	9	18	1	5	1400	23800	0.05556
ABDERV	6	1	2	1	1	1400	1400	0.5
ABDEST	6	1	2	1	1	1400	1400	0.5
CLOSTU	6	2	4	1	1	1400	4200	0.25
EGINOO	6	4	8	1	3	1400	9800	0.125
ACEHIR	6	33	69	1	3	1400	95200	0.01449
BDIMOR	6	3	6	1	0	1400	7000	0.1667
ENOSSU	6	17	34	1	4	1400	46200	0.02941
EGPRSU	6	1	2	1	0	1400	1400	0.5
ACEEPS	6	10	20	1	5	1400	26600	0.05
DENNRU	6	4	8	1	4	1400	9800	0.125
EOPSSU	6	5	11	1	1	1400	14000	0.09091
BDEILO	6	2	4	1	2	1400	4200	0.25
CEKRSU	6	2	4	1	1	1400	4200	0.25
GINSTY	6	2	4	1	2	1400	4200	0.25
BDEKOR	6	2	4	1	2	1400	4200	0.25
BDEIIR	6	2	4	1	0	1400	4200	0.25
AEELMN	6	4	8	1	0	1400	9800	0.125
AEMRRW	6	3	6	1	1	1400	7000	0.1667
ACEENS	6	10	20	1	3	1400	26600	0.05
EPPRSU	6	4	8	3	5	1400	7000	0.375
ABEILR	6	1	2	1	1	1400	1400	0.5
GINPSY	6	2	4	1	1	1400	4200	0.25
CELORT	6	1	2	1	1	1400	1400	0.5
EORRSW	6	1	2	1	0	1400	1400	0.5
GINPRU	6	2	4	1	1	1400	4200	0.25
AEMPRV	6	2	4	1	0	1400	4200	0.25
CELRSU	6	2	4	1	0	1400	4200	0.25
EERSTY	6	23	52	1	3	1400	71400	0.01923
DEMNOR	6	12	24	1	7	1400	32200	0.04167
DEMOSU	6	3	6	1	4	1400	7000	0.1667
BDEEIL	6	7	16	1	1	1400	21000	0.0625
CEKOOR	6	1	2	1	0	1400	1400	0.5
EFINST	6	28	64	1	11	1400	88200	0.01562
CIPRSY	6	1	2	1	0	1400	1400	0.5
BDEIRU	6	8	16	1	2	1400	21000	0.0625
EHINSW	6	1	2	1	1	1400	1400	0.5
DELOOW	6	2	4	1	1	1400	4200	0.25
DENOPR	6	2	4	1	1	1400	4200	0.25
BEFFRU	6	1	2	1	1	1400	1400	0.5
AENOTT	6	23	46	1	10	1400	63000	0.02174
ACEGLN	6	2	4	1	2	1400	4200	0.25
EOPRSU	6	6	12	1	0	1400	15400	0.08333
BDDELO	6	1	2	1	1	1400	1400	0.5
AERTTW	6	1	2	1	0	1400	1400	0.5
AENORS	6	80	167	1	6	1400	232400	0.005988
CEIKLR	6	3	6	1	1	1400	7000	0.1667
BDEIRR	6	7	14	1	2	1400	18200	0.07143
CEHSTU	6	2	4	1	1	1400	4200	0.25
DELOSS	6	1	2	1	0	1400	1400	0.5
AACETV	6	2	4	1	1	1400	4200	0.25
DELOTU	6	6	12	1	4	1400	15400	0.08333
DELPSU	6	3	7	2	0	1400	7000	0.2857
EFIRTT	6	1	2	1	1	1400	1400	0.5
EFIRRS	6	4	8	5	4	1400	4200	0.625
AERTWY	6	5	10	1	1	1400	12600	0.1
HPU	3	76	152	15	12	1300	13700	0.09868
KOW	3	35	70	15	22	1300	5500	0.2143
LOPY	4	13	26	5	4	1200	8400	0.1923
EKLU	4	7	14	3	4	1200	4400	0.2143
ACKR	4	20	40	31	22	1200	3600	0.775
DIIM	4	14	28	3	4	1200	10000	0.1071
EIVW	4	5	10	3	2	1200	2800	0.3
ACOP	4	46	92	3	5	1200	35600	0.03261
ENOX	4	11	22	3	0	1200	7600	0.1364
ADIK	4	29	67	2	6	1200	26000	0.02985
BOSS	4	16	32	9	11	1200	9200	0.2812
ANSV	4	24	48	5	9	1200	17200	0.1042
IKSS	4	7	14	5	3	1200	3600	0.3571
AGIV	4	12	24	3	2	1200	8400	0.125
GORY	4	31	74	2	5	1200	28800	0.02703
EHTY	4	24	48	3	4	1200	18000	0.0625
EMMO	4	11	22	5	6	1200	6800	0.2273
KORS	4	28	56	3	6	1200	21200	0.05357
EOSV	4	36	72	3	6	1200	27600	0.04167
DDOS	4	25	50	7	5	1200	17200	0.14
GILT	4	36	72	3	12	1200	27600	0.04167
ELRY	4	52	104	3	6	1200	40400	0.02885
FGIS	4	9	18	3	3	1200	6000	0.1667
AELO	4	191	382	3	17	1200	151600	0.007853
AGNU	4	22	44	3	5	1200	16400	0.06818
ABBE	4	12	24	3	2	1200	8400	0.125
IMRU	4	49	98	3	1	1200	38000	0.03061
BHSU	4	9	18	5	5	1200	5200	0.2778
AGOR	4	75	150	3	13	1200	58800	0.02
CKOR	4	12	24	13	13	1200	4400	0.5417
EGMS	4	42	84	17	6	1200	26800	0.2024
EEKP	4	12	27	2	3	1200	10000	0.07407
ADDW	4	8	16	3	2	1200	5200	0.1875
ADDS	4	29	58	3	6	1200	22000	0.05172
MOSW	4	9	18	3	2	1200	6000	0.1667
CLOW	4	8	16	5	4	1200	4400	0.3125
ADMU	4	31	62	3	3	1200	23600	0.04839
LOPW	4	9	18	5	2	1200	5200	0.2778
AEPV	4	15	30	25	11	1200	2000	0.8333
FMOR	4	12	24	9	6	1200	6000	0.375
ADLW	4	16	32	3	3	1200	11600	0.09375
BLRU	4	12	24	3	7	1200	8400	0.125
AKRY	4	15	35	2	0	1200	13200	0.05714
AHOY	4	22	44	3	0	1200	16400	0.06818
APTU	4	44	88	3	2	1200	34000	0.03409
AAB	3	59	118	13	5	1100	10500	0.1102
ASZ	3	32	64	13	11	1100	5100	0.2031
APP	3	34	68	33	31	1100	3500	0.4853
EKL	3	70	140	12	12	1000	12800	0.08571
AKO	3	56	160	5	9	900	15500	0.03125
ISX	3	31	62	9	5	900	5300	0.1452
GGI	3	31	62	9	1	900	5300	0.1452
AAHMS	5	23	46	1	1	800	36000	0.02174
AEFRY	5	11	25	1	6	800	19200	0.04
AHKST	5	2	4	1	0	800	2400	0.25
INPSY	5	8	17	1	0	800	12800	0.05882
AFIST	5	14	28	1	1	800	21600	0.03571
ACIMN	5	26	52	1	1	800	40800	0.01923
DEFFO	5	5	10	1	2	800	7200	0.1
ABSW	4	16	32	8	4	800	9600	0.25
DEETW	5	6	12	1	2	800	8800	0.08333
DEESY	5	17	38	1	4	800	29600	0.02632
INOQU	5	3	6	1	1	800	4000	0.1667
ADEKS	5	3	6	1	0	800	4000	0.1667
FIKLS	5	2	4	1	2	800	2400	0.25
DEFIS	5	15	30	1	2	800	23200	0.03333
ACILV	5	7	14	1	1	800	10400	0.07143
ABORR	5	4	8	1	1	800	5600	0.125
AEJPS	5	1	2	1	0	800	800	0.5
EHOSW	5	5	10	3	5	800	5600	0.3
AEFLT	5	15	30	1	1	800	23200	0.03333
AHIPS	5	13	26	1	0	800	20000	0.03846
AEKRW	5	1	2	1	1	800	800	0.5
FFNSU	5	1	2	1	0	800	800	0.5
AEFKR	5	1	2	1	1	800	800	0.5
FFLSU	5	1	2	1	2	800	800	0.5
AAGSS	5	1	2	1	0	800	800	0.5
DEFO	4	21	42	2	1	800	16000	0.04762
DEERY	5	8	16	3	1	800	10400	0.1875
FLOSU	5	2	4	1	0	800	2400	0.25
EKNU	4	12	30	2	3	800	11200	0.06667
CEITV	5	8	16	1	0	800	12000	0.0625
ACINT	5	25	50	1	5	800	39200	0.02
GGOO	4	8	16	2	0	800	5600	0.125
DIKNS	5	1	2	1	2	800	800	0.5
GGIR	4	9	18	2	5	800	6400	0.1111
ABIMS	5	7	16	1	1	800	12000	0.0625
EIKMS	5	3	6	1	2	800	4000	0.1667
BDEIL	5	6	12	1	4	800	8800	0.08333
DHLOS	5	6	12	1	1	800	8800	0.08333
EIKLN	5	1	2	1	1	800	800	0.5
AIKSS	5	14	28	1	3	800	21600	0.03571
EELNV	5	11	22	1	1	800	16800	0.04545
DGOOS	5	2	4	1	1	800	2400	0.25
EKNRS	5	3	6	1	0	800	4000	0.1667
IMOPR	5	6	12	1	0	800	8800	0.08333
ABISS	5	20	45	1	4	800	35200	0.02222
DEENW	5	5	10	1	2	800	7200	0.1
EKMRS	5	6	12	1	0	800	8800	0.08333
AIKLS	5	17	39	1	5	800	30400	0.02564
DGINY	5	1	2	1	0	800	800	0.5
ABLSW	5	2	4	1	1	800	2400	0.25
IMRY	4	17	34	4	0	800	12000	0.1176
BDOY	4	6	12	2	0	800	4000	0.1667
ADEK	4	53	117	1	6	800	46400	0.008547
BEERV	5	7	14	1	0	800	10400	0.07143
ADEMW	5	2	4	1	2	800	2400	0.25
DEFSU	5	3	6	1	2	800	4000	0.1667
IPRSS	5	4	8	3	1	800	4000	0.375
EPRRY	5	4	9	1	2	800	6400	0.1111
LMOY	4	20	40	2	3	800	15200	0.05
EPSTU	5	4	8	1	0	800	5600	0.125
EHITW	5	3	6	1	2	800	4000	0.1667
EHISV	5	9	18	7	7	800	8800	0.3889
DEGLS	5	9	18	1	3	800	13600	0.05556
DEGLU	5	6	12	1	2	800	8800	0.08333
ADGNO	5	14	31	1	1	800	24000	0.03226
CEFHT	5	2	4	1	1	800	2400	0.25
CEFHI	5	3	6	1	0	800	4000	0.1667
DENSY	5	12	24	1	2	800	18400	0.04167
BELNO	5	8	16	1	2	800	12000	0.0625
AELQU	5	2	4	1	0	800	2400	0.25
LOPPY	5	2	4	1	0	800	2400	0.25
AGMSU	5	6	12	1	0	800	8800	0.08333
DEGRU	5	11	22	1	3	800	16800	0.04545
AGLSS	5	2	4	3	0	800	800	0.75
LOPSW	5	2	4	1	2	800	2400	0.25
ACHMO	5	6	12	3	2	800	7200	0.25
CEENS	5	30	60	1	10	800	47200	0.01667
ELOPU	5	4	8	1	2	800	5600	0.125
ACHLO	5	5	10	1	0	800	7200	0.1
DENOY	5	9	18	1	0	800	13600	0.05556
AELRX	5	2	4	1	1	800	2400	0.25
EFFI	4	14	28	2	2	800	10400	0.07143
AGLOR	5	50	117	1	4	800	92800	0.008547
EORY	4	59	118	2	6	800	46400	0.01695
LMOSU	5	3	6	1	0	800	4000	0.1667
ADEZ	4	7	14	2	0	800	4800	0.1429
EISTY	5	61	127	1	4	800	100800	0.007874
AGRU	4	64	175	1	6	800	69600	0.005714
AAGNR	5	35	87	1	12	800	68800	0.01149
AHINT	5	48	96	1	11	800	76000	0.01042
AAGMS	5	7	14	1	3	800	10400	0.07143
AAGMM	5	2	4	1	0	800	2400	0.25
AAGM	4	16	32	2	5	800	12000	0.0625
ELMNO	5	19	38	1	6	800	29600	0.02632
CEHSS	5	10	20	1	1	800	15200	0.05
ISTZ	4	5	10	2	1	800	3200	0.2
JSTU	4	4	8	2	1	800	2400	0.25
EENTY	5	9	18	1	0	800	13600	0.05556
BEGLU	5	1	2	1	1	800	800	0.5
KNOOS	5	4	8	3	2	800	4000	0.375
KNOPS	5	4	9	1	2	800	6400	0.1111
BEKOR	5	1	2	1	0	800	800	0.5
KNOSW	5	3	6	1	4	800	4000	0.1667
ACDEG	5	3	6	1	1	800	4000	0.1667
KNOW	4	13	26	2	7	800	9600	0.07692
KNSTU	5	7	14	1	2	800	10400	0.07143
AGORS	5	51	109	1	6	800	86400	0.009174
DEORR	5	42	84	1	2	800	66400	0.0119
DEOPX	5	1	2	1	1	800	800	0.5
ACHSW	5	3	6	1	2	800	4000	0.1667
ADERZ	5	2	4	1	1	800	2400	0.25
AAENR	5	229	458	1	5	800	365600	0.002183
LLOTY	5	7	14	1	1	800	10400	0.07143
EPTY	4	20	40	2	1	800	15200	0.05
EITY	4	56	112	2	4	800	44000	0.01786
DEELV	5	5	10	5	2	800	4000	0.5
ILNTU	5	17	34	1	1	800	26400	0.02941
AEHMR	5	15	30	1	1	800	23200	0.03333
GINOT	5	37	74	1	1	800	58400	0.01351
ABDEG	5	5	11	1	1	800	8000	0.09091
ALMSU	5	21	50	1	5	800	39200	0.02
AISTV	5	20	40	5	2	800	28000	0.125
EEGGR	5	1	2	1	1	800	800	0.5
AIRSV	5	10	20	1	2	800	15200	0.05
ALNRU	5	37	79	1	9	800	62400	0.01266
ALNSU	5	22	44	1	7	800	34400	0.02273
EINOV	5	5	10	1	0	800	7200	0.1
AEHMT	5	22	44	1	3	800	34400	0.02273
AIRRS	5	155	310	1	10	800	247200	0.003226
AIQSU	5	7	14	1	4	800	10400	0.07143
CIMNU	5	6	12	1	1	800	8800	0.08333
CHKOO	5	1	2	1	1	800	800	0.5
ABCIR	5	14	28	1	1	800	21600	0.03571
EEFLS	5	4	8	3	3	800	4000	0.375
ALOSV	5	6	12	1	0	800	8800	0.08333
DDEU	4	11	22	2	3	800	8000	0.09091
DDSU	4	4	8	2	0	800	2400	0.25
ALPPS	5	6	12	1	3	800	8800	0.08333
ABEKS	5	2	4	3	2	800	800	0.75
HKOR	4	5	10	2	4	800	3200	0.2
ALSSU	5	3	6	1	1	800	4000	0.1667
CHLRU	5	2	4	1	1	800	2400	0.25
CHKSU	5	3	6	5	0	800	800	0.8333
CHKOS	5	4	8	7	2	800	800	0.875
AEIKL	5	10	20	1	3	800	15200	0.05
CKSSU	5	2	4	1	2	800	2400	0.25
CLLSU	5	3	6	1	2	800	4000	0.1667
ABDEO	5	6	12	1	4	800	8800	0.08333
AKNSW	5	2	4	1	2	800	2400	0.25
EEGLS	5	5	10	1	0	800	7200	0.1
AKOR	4	49	119	1	4	800	47200	0.008403
GLOSS	5	4	8	1	3	800	5600	0.125
GLOW	4	5	10	2	1	800	3200	0.2
GLPU	4	14	28	4	3	800	9600	0.1429
AKOSS	5	1	2	1	0	800	800	0.5
CORTU	5	7	14	3	3	800	8800	0.2143
AKLNS	5	6	12	7	5	800	4000	0.5833
GIORS	5	13	26	1	0	800	20000	0.03846
COPSU	5	4	8	3	0	800	4000	0.375
AKRSS	5	4	8	1	0	800	5600	0.125
GNORW	5	1	2	1	0	800	800	0.5
ABDLS	5	3	6	5	3	800	800	0.8333
CNORY	5	8	16	1	1	800	12000	0.0625
AKSY	4	7	14	4	1	800	4000	0.2857
GNOSW	5	3	6	1	2	800	4000	0.1667
GNOW	4	11	22	2	4	800	8000	0.09091
CNOOR	5	12	24	1	1	800	18400	0.04167
AJR	3	30	60	8	8	800	5200	0.1333
CLOY	4	11	22	2	2	800	8000	0.09091
ABEGN	5	8	16	1	0	800	12000	0.0625
GOOP	4	5	10	2	2	800	3200	0.2
GOOPS	5	2	4	1	0	800	2400	0.25
ALLOT	5	44	88	1	6	800	69600	0.01136
ACPSU	5	6	12	1	0	800	8800	0.08333
ADEGG	5	2	4	1	1	800	2400	0.25
LOWY	4	5	10	2	0	800	3200	0.2
ARWY	4	8	16	2	2	800	5600	0.125
ANPSW	5	1	2	1	0	800	800	0.5
ACMOS	5	4	8	1	2	800	5600	0.125
ABESU	5	2	4	1	0	800	2400	0.25
ANRY	4	40	80	2	8	800	31200	0.025
ANSTY	5	13	26	1	1	800	20000	0.03846
IKKNS	5	3	6	1	3	800	4000	0.1667
IKKRS	5	2	4	1	1	800	2400	0.25
AOPSS	5	8	17	1	0	800	12800	0.05882
AILRY	5	10	20	1	1	800	15200	0.05
ADEHY	5	1	2	1	0	800	800	0.5
APTY	4	17	34	2	0	800	12800	0.05882
DLNOU	5	3	6	1	2	800	4000	0.1667
DIRSU	5	20	40	1	1	800	31200	0.025
HMOO	4	15	30	4	5	800	10400	0.1333
IKPS	4	20	50	3	5	800	18800	0.06
DIOV	4	20	40	2	5	800	15200	0.05
BBIS	4	5	10	2	3	800	3200	0.2
ACKSY	5	3	6	1	0	800	4000	0.1667
IKRST	5	4	8	1	0	800	5600	0.125
ACKSS	5	1	2	1	0	800	800	0.5
ABHLS	5	16	32	1	5	800	24800	0.03125
ACKMS	5	3	6	5	2	800	800	0.8333
ACIS	4	110	220	2	4	800	87200	0.009091
CENOP	5	4	8	3	0	800	4000	0.375
ACIRT	5	45	90	1	0	800	71200	0.01111
ILMPS	5	5	10	1	1	800	7200	0.1
ACNNO	5	12	24	1	0	800	18400	0.04167
CERSW	5	12	24	5	2	800	15200	0.2083
ACNNY	5	2	4	1	1	800	2400	0.25
CESS	4	53	106	4	6	800	40800	0.03774
AASTV	5	12	24	1	2	800	18400	0.04167
AMNSU	5	12	24	1	1	800	18400	0.04167
AMNY	4	12	24	2	0	800	8800	0.08333
ACORT	5	23	46	1	5	800	36000	0.02174
ACOPT	5	8	16	1	0	800	12000	0.0625
AAPT	4	37	74	2	5	800	28800	0.02703
AMOSY	5	3	6	1	0	800	4000	0.1667
AAPST	5	20	40	1	7	800	31200	0.025
AMPSS	5	6	14	1	3	800	10400	0.07143
AMSTY	5	2	4	1	1	800	2400	0.25
GILNO	5	29	58	1	3	800	45600	0.01724
AANPS	5	36	76	1	1	800	60000	0.01316
DORSU	5	15	30	1	1	800	23200	0.03333
ACNY	4	12	24	2	1	800	8800	0.08333
DOPU	4	11	22	2	2	800	8000	0.09091
ANNOY	5	6	12	1	2	800	8800	0.08333
AANNS	5	42	88	1	11	800	69600	0.01136
AEILP	5	56	112	1	1	800	88800	0.008929
CGHOU	5	2	4	1	1	800	2400	0.25
AEGRZ	5	1	2	1	1	800	800	0.5
AALRT	5	198	495	1	23	800	395200	0.00202
CFFOS	5	1	2	1	1	800	800	0.5
AALPY	5	2	4	1	0	800	2400	0.25
CESSY	5	6	12	1	0	800	8800	0.08333
AALP	4	39	78	2	1	800	30400	0.02564
CEELP	5	3	6	1	1	800	4000	0.1667
EKRSS	5	12	24	3	3	800	16800	0.125
EMNSU	5	5	10	1	0	800	7200	0.1
BEMOS	5	19	42	1	2	800	32800	0.02381
AFOST	5	11	22	1	0	800	16800	0.04545
BERY	4	14	28	4	4	800	9600	0.1429
EGHU	4	10	20	2	1	800	7200	0.1
AGGRY	5	1	2	1	0	800	800	0.5
EFLTY	5	2	4	1	0	800	2400	0.25
ELOTW	5	4	8	1	2	800	5600	0.125
CDERU	5	3	6	1	3	800	4000	0.1667
ADOP	4	94	188	2	3	800	74400	0.01064
CDEOX	5	1	2	1	0	800	800	0.5
OPSSW	5	4	8	1	0	800	5600	0.125
ADSTU	5	16	32	1	3	800	24800	0.03125
BKOOS	5	4	8	1	2	800	5600	0.125
ACGRS	5	14	28	1	4	800	21600	0.03571
BGLO	4	5	10	6	1	800	1600	0.6
ADIMR	5	90	180	1	4	800	143200	0.005556
BGLOS	5	1	2	1	0	800	800	0.5
CCHOO	5	1	2	1	1	800	800	0.5
BORW	4	6	12	4	1	800	3200	0.3333
BERUY	5	3	6	1	0	800	4000	0.1667
CEEHK	5	3	6	1	1	800	4000	0.1667
BLRSU	5	6	13	1	2	800	9600	0.07692
AFRU	4	19	38	2	3	800	14400	0.05263
DEIKL	5	2	4	1	1	800	2400	0.25
EOQTU	5	2	4	1	1	800	2400	0.25
ADORU	5	21	42	1	1	800	32800	0.02381
CDOU	4	29	58	2	2	800	22400	0.03448
ADIOS	5	24	48	1	0	800	37600	0.02083
BENOT	5	12	24	1	4	800	18400	0.04167
AERSU	5	214	526	1	6	800	420000	0.001901
ACEFS	5	5	10	5	6	800	4000	0.5
ADIT	4	240	480	4	14	800	190400	0.008333
BMOOS	5	4	10	3	3	800	5600	0.3
AEMSX	5	2	4	1	1	800	2400	0.25
EGRRU	5	10	20	1	1	800	15200	0.05
AFTU	4	28	56	2	3	800	21600	0.03571
EGRSY	5	3	6	1	1	800	4000	0.1667
ACGIM	5	6	12	1	0	800	8800	0.08333
ACFFS	5	2	4	1	1	800	2400	0.25
CDIOS	5	4	8	1	0	800	5600	0.125
EGLRU	5	14	29	3	4	800	20800	0.1034
ADSTW	5	10	20	1	0	800	15200	0.05
EORSY	5	21	42	1	2	800	32800	0.02381
ADLOW	5	5	10	1	0	800	7200	0.1
EGIRV	5	4	8	1	1	800	5600	0.125
EFGOR	5	4	8	1	2	800	5600	0.125
CDELO	5	6	12	1	4	800	8800	0.08333
EGINY	5	5	10	1	1	800	7200	0.1
EGLNS	5	20	40	1	5	800	31200	0.025
AEEGL	5	7	14	1	0	800	10400	0.07143
EFIK	4	4	8	2	3	800	2400	0.25
BIORS	5	13	26	1	0	800	20000	0.03846
OOSTY	5	3	6	1	0	800	4000	0.1667
AACHR	5	17	34	1	1	800	26400	0.02941
AELSX	5	2	4	1	1	800	2400	0.25
AFORS	5	40	88	1	2	800	69600	0.01136
AENSY	5	7	14	1	2	800	10400	0.07143
BIOR	4	34	68	2	2	800	26400	0.02941
DELMU	5	9	18	1	3	800	13600	0.05556
PRSTU	5	16	32	1	3	800	24800	0.03125
BGOS	4	7	14	6	5	800	3200	0.4286
ACENO	5	11	22	1	3	800	16800	0.04545
BGOY	4	6	15	1	0	800	5600	0.06667
ENOSX	5	3	6	1	0	800	4000	0.1667
ENOSY	5	14	28	1	1	800	21600	0.03571
ADNOR	5	61	127	1	13	800	100800	0.007874
PSUY	4	6	16	1	2	800	6000	0.0625
DEKOR	5	5	10	1	3	800	7200	0.1
ELZ	3	38	76	6	4	600	7000	0.07895
EKU	3	43	109	3	4	600	10600	0.02752
OSZ	3	23	46	5	6	500	4100	0.1087
AIJ	3	13	26	5	4	500	2100	0.1923
AEJN	4	4	8	1	1	400	2800	0.125
EKSU	4	18	38	1	0	400	14800	0.02632
BBLU	4	10	20	3	1	400	6800	0.15
ALOV	4	18	36	1	7	400	14000	0.02778
ADIV	4	44	88	1	10	400	34800	0.01136
IKOS	4	34	75	1	0	400	29600	0.01333
ALOW	4	25	50	1	2	400	19600	0.02
BIOT	4	59	118	1	0	400	46800	0.008475
BIKR	4	4	8	1	0	400	2800	0.125
ARSV	4	37	74	1	12	400	29200	0.01351
ETTY	4	12	24	5	2	400	7600	0.2083
ADLY	4	13	26	1	2	400	10000	0.03846
ILRV	4	17	34	1	0	400	13200	0.02941
EGKS	4	10	20	1	0	400	7600	0.05
AAKR	4	58	116	1	1	400	46000	0.008621
EJST	4	15	30	1	5	400	11600	0.03333
AIKP	4	7	14	1	1	400	5200	0.07143
DOTY	4	15	30	1	0	400	11600	0.03333
BKOS	4	8	17	3	0	400	5600	0.1765
BDSU	4	13	26	13	10	400	5200	0.5
ABLW	4	4	8	1	1	400	2800	0.125
AENO	4	163	326	1	3	400	130000	0.003067
AALV	4	24	48	3	4	400	18000	0.0625
ABMO	4	26	52	1	5	400	20400	0.01923
HMPU	4	4	8	1	2	400	2800	0.125
AASV	4	9	18	1	1	400	6800	0.05556
AHOW	4	12	24	1	0	400	9200	0.04167
BETY	4	12	24	1	0	400	9200	0.04167
CESY	4	17	34	1	0	400	13200	0.02941
DFIO	4	27	54	1	1	400	21200	0.01852
BLOW	4	7	14	7	2	400	2800	0.5
AAJR	4	6	12	1	0	400	4400	0.08333
OOPP	4	3	6	1	1	400	2000	0.1667
GISW	4	12	24	9	7	400	6000	0.375
BHOO	4	17	38	1	3	400	14800	0.02632
AACM	4	10	20	1	4	400	7600	0.05
ABPR	4	13	26	1	5	400	10000	0.03846
HKLO	4	5	10	1	2	400	3600	0.1
ADTW	4	22	44	1	2	400	17200	0.02273
BEIK	4	6	12	1	3	400	4400	0.08333
EGRY	4	10	20	1	2	400	7600	0.05
AJPS	4	5	10	1	0	400	3600	0.1
BRUY	4	6	12	1	0	400	4400	0.08333
PRSY	4	13	26	1	2	400	10000	0.03846
AABC	4	29	58	1	4	400	22800	0.01724
GOSV	4	6	12	1	2	400	4400	0.08333
GLUY	4	11	22	1	1	400	8400	0.04545
AELX	4	4	8	1	0	400	2800	0.125
GSUY	4	5	10	1	1	400	3600	0.1
AFIK	4	3	6	1	0	400	2000	0.1667
KOSU	4	9	18	1	1	400	6800	0.05556
CKOW	4	2	4	1	0	400	1200	0.25
AKMO	4	5	10	1	0	400	3600	0.1
AKY	3	33	66	8	7	400	5800	0.1212
AKSW	4	6	13	1	0	400	4800	0.07692
ABDU	4	17	45	1	0	400	17600	0.02222
MMU	3	15	30	4	8	400	2600	0.1333
KLSU	4	11	22	5	2	400	6800	0.2273
PUY	3	23	46	4	4	400	4200	0.08696
AFOS	4	17	34	1	2	400	13200	0.02941
AKW	3	11	22	3	1	300	1900	0.1364
IKO	3	46	92	3	3	300	8900	0.03261
GUV	3	17	34	2	2	200	3200	0.05882
GUY	3	27	54	4	1	200	5000	0.07407
EKY	3	14	28	2	3	200	2600	0.07143
AAH	3	88	176	2	1	200	17400	0.01136
DEX	3	29	58	2	5	200	5600	0.03448
EEK	3	27	54	1	0	100	5300	0.01852
AEU	3	313	626	1	5	100	62500	0.001597
ACEINU	6	2	4	0	0	0	5600	0
EIOPSTU	7	1	2	0	0	0	3600	0
EMORRT	6	8	16	0	0	0	22400	0
ACNORT	6	33	76	0	15	0	106400	0
ACNORSTT	8	3	6	0	0	0	13200	0
EINNSTT	7	4	8	0	0	0	14400	0
ACELPSU	7	1	2	0	0	0	3600	0
ACNORST	7	11	23	0	8	0	41400	0
ACNORS	6	36	86	0	3	0	120400	0
EIORSTT	7	6	12	0	0	0	21600	0
ACNOS	5	6	12	0	0	0	9600	0
EIORSTU	7	16	44	0	2	0	79200	0
EIORRSS	7	2	4	0	0	0	7200	0
ADDELRS	7	4	8	4	5	0	7200	0.5
ADEEFT	6	1	2	0	0	0	2800	0
EMORST	6	3	6	0	0	0	8400	0
EIOORSTT	8	1	2	0	0	0	4400	0
EIOORZ	6	1	2	0	0	0	2800	0
ACOPS	5	15	40	0	2	0	32000	0
EIOPRRST	8	1	2	0	0	0	4400	0
EIOPRRT	7	2	4	0	0	0	7200	0
ACOPRT	6	2	4	0	1	0	5600	0
EIOPRSS	7	4	9	0	0	0	16200	0
EIOPRSST	8	5	11	0	2	0	24200	0
ADEEFGMNRT	10	1	2	0	1	0	6000	0
EINOPRSS	8	1	2	0	0	0	4400	0
ACEIOPRT	8	1	2	0	0	0	4400	0
ACELOST	7	9	18	0	0	0	32400	0
EIOPRST	7	29	61	0	3	0	109800	0
ACELPSSU	8	1	2	0	0	0	4400	0
ACEIPS	6	3	6	0	0	0	8400	0
EINOPRS	7	11	23	0	0	0	41400	0
ACNPU	5	2	4	0	0	0	3200	0
ACNPSU	6	2	4	0	0	0	5600	0
ACEIORS	7	5	10	0	0	0	18000	0
ADEEFIR	7	1	2	0	0	0	3600	0
EIORSTW	7	1	2	0	0	0	3600	0
ACEINTT	7	2	4	0	0	0	7200	0
EMORRST	7	4	10	0	1	0	18000	0
EIORSV	6	9	18	0	0	0	25200	0
ACNNOT	6	6	12	0	1	0	16800	0
EINNPT	6	6	12	0	0	0	16800	0
ACMSU	5	22	56	0	0	0	44800	0
ACMOST	6	7	15	0	0	0	21000	0
ACEMOP	6	2	4	0	0	0	5600	0
ACMOSST	7	1	2	0	0	0	3600	0
ACEMOST	7	3	6	0	0	0	10800	0
EIPRSW	6	1	2	0	0	0	2800	0
ACEINSS	7	2	4	0	1	0	7200	0
EINNPST	7	4	8	0	1	0	14400	0
EINNPRS	7	7	14	12	11	0	3600	0.8571
EMOOSTT	7	1	2	0	0	0	3600	0
ACMORS	6	2	4	0	0	0	5600	0
ACEMOT	6	3	6	0	0	0	8400	0
ACMOR	5	28	60	0	5	0	48000	0
ACMNOS	6	2	4	0	1	0	5600	0
EINNOST	7	3	6	0	0	0	10800	0
ACLSTU	6	4	8	0	0	0	11200	0
EMOORS	6	2	4	0	0	0	5600	0
ACEMTU	6	2	4	0	0	0	5600	0
ACLRY	5	1	2	0	0	0	1600	0
ADEEGNV	7	1	2	0	0	0	3600	0
EIPRRSU	7	1	2	0	0	0	3600	0
ADEEGNT	7	8	17	0	1	0	30600	0
ACNORR	6	2	4	0	0	0	5600	0
ADEEGL	6	5	10	0	0	0	14000	0
EIORW	5	11	22	0	0	0	17600	0
EIPPRRST	8	1	2	2	2	0	0	1
ACELSU	6	4	8	0	0	0	11200	0
ADEEGNRR	8	2	4	0	0	0	8800	0
EIPPRS	6	1	2	2	2	0	0	1
ACELOSST	8	2	4	0	1	0	8800	0
ACEINT	6	12	26	0	0	0	36400	0
ADEEGNRRS	9	1	2	0	0	0	5200	0
EIPPST	6	3	6	0	1	0	8400	0
ACEINST	7	4	8	0	0	0	14400	0
ACNOR	5	93	231	0	11	0	184800	0
ADEEGNRS	8	1	2	2	0	0	0	1
EMOPY	5	1	2	0	0	0	1600	0
ACELY	5	2	4	0	0	0	3200	0
ACEINSTT	8	1	2	0	1	0	4400	0
ACNOORST	8	2	4	0	0	0	8800	0
ACNOORS	7	1	2	0	0	0	3600	0
ACEMO	5	7	14	0	1	0	11200	0
ADEEGNRU	8	2	5	0	0	0	11000	0
EMORSTU	7	1	2	0	0	0	3600	0
ACEIR	5	47	94	0	0	0	75200	0
EIOORST	7	32	77	0	9	0	138600	0
ACEIRSV	7	1	2	0	0	0	3600	0
ADDEGR	6	2	4	2	2	0	2800	0.5
ADDEGLN	7	1	2	0	0	0	3600	0
EINOSW	6	1	2	0	0	0	2800	0
ACELLOR	7	2	4	0	0	0	7200	0
EINOSTW	7	3	6	0	1	0	10800	0
ACEIRTT	7	8	16	0	2	0	28800	0
ADDEGINR	8	1	2	0	0	0	4400	0
ADDENOT	7	4	8	0	1	0	14400	0
ADDEGIL	7	1	2	0	0	0	3600	0
EINRSSU	7	1	2	0	0	0	3600	0
ADDEOR	6	4	8	0	2	0	11200	0
ACELLOS	7	1	2	0	0	0	3600	0
ADDERY	6	1	2	0	0	0	2800	0
ADDEEV	6	1	2	0	0	0	2800	0
ADDEEST	7	6	12	0	4	0	21600	0
EINRSTU	7	6	12	0	1	0	21600	0
ADDEEMNRU	9	1	2	0	0	0	5200	0
ADDEEMNRS	9	1	2	0	0	0	5200	0
EIPSW	5	6	12	4	4	0	6400	0.3333
ACEIRSU	7	3	6	0	0	0	10800	0
ADDGI	5	2	4	0	0	0	3200	0
EINRSUW	7	1	2	0	0	0	3600	0
ADDEILL	7	1	2	0	0	0	3600	0
ADDEILNS	8	1	2	0	0	0	4400	0
ACEISS	6	1	2	0	0	0	2800	0
EINPSU	6	2	4	0	0	0	5600	0
EMRSSTU	7	1	2	0	1	0	3600	0
EINPRRST	8	6	14	3	2	0	24200	0.2143
EINPRRT	7	7	14	4	1	0	18000	0.2857
ADDEINS	7	2	4	0	0	0	7200	0
ACEKPR	6	1	2	0	1	0	2800	0
ACEKRRST	8	1	2	2	2	0	0	1
EINPRST	7	7	14	0	0	0	25200	0
EINPRSTU	8	1	2	0	1	0	4400	0
ADDEINR	7	1	2	0	0	0	3600	0
EINPRT	6	24	48	0	0	0	67200	0
ADDEINOS	8	1	2	0	0	0	4400	0
ADDEILR	7	2	4	0	1	0	7200	0
EINPSS	6	5	10	10	5	0	0	1
ACEKRRT	7	1	2	2	2	0	0	1
EINPSST	7	1	2	0	0	0	3600	0
EINPST	6	6	12	0	0	0	16800	0
EMPRSTU	7	2	4	0	0	0	7200	0
EINPSTU	7	5	10	0	3	0	18000	0
EINOTW	6	3	6	0	1	0	8400	0
EMPRSTTU	8	1	2	0	0	0	4400	0
ACEKSTT	7	3	6	0	0	0	10800	0
ADDGINS	7	1	2	0	1	0	3600	0
ADDEEMNR	8	1	3	0	0	0	6600	0
ACELNU	6	11	23	0	0	0	32200	0
ADDSW	5	3	6	0	0	0	4800	0
ACOSTTU	7	1	2	0	0	0	3600	0
ADDRY	5	4	8	0	0	0	6400	0
ACORY	5	5	10	0	0	0	8000	0
ACELNSSU	8	1	2	0	0	0	4400	0
ADDSU	5	2	4	0	0	0	3200	0
ACELNST	7	5	11	2	3	0	16200	0.1818
EINOPSW	7	1	2	0	0	0	3600	0
ACEIRRT	7	7	14	0	0	0	25200	0
ACEIRRS	7	3	6	0	1	0	10800	0
ACELNSU	7	3	6	0	0	0	10800	0
ACORSST	7	3	6	0	1	0	10800	0
ADDEEMN	7	1	2	0	1	0	3600	0
ACORSS	6	2	4	0	0	0	5600	0
ACORRT	6	3	6	0	0	0	8400	0
EINTTY	6	2	4	0	0	0	5600	0
ACORRST	7	1	2	0	0	0	3600	0
ADDEIORS	8	2	4	0	0	0	8800	0
ADDU	4	26	52	0	0	0	20800	0
ADDY	4	6	12	0	0	0	4800	0
EINWZ	5	1	2	0	2	0	1600	0
ACOPST	6	3	6	0	0	0	8400	0
ACELNT	6	4	8	0	3	0	11200	0
ADDOS	5	3	6	0	0	0	4800	0
ACOX	4	2	4	0	0	0	1600	0
ACPSSTU	7	1	2	0	0	0	3600	0
ACPSSU	6	1	2	0	0	0	2800	0
ADDEEIR	7	2	4	0	1	0	7200	0
ADDEEHR	7	3	6	0	0	0	10800	0
ADDGINW	7	1	2	0	1	0	3600	0
EINRTV	6	1	2	0	0	0	2800	0
ADDEEGNR	8	2	4	0	0	0	8800	0
ACEIRSTT	8	2	4	0	0	0	8800	0
EINORSTT	8	1	2	0	0	0	4400	0
ACSUY	5	1	2	0	0	0	1600	0
ACSSU	5	4	8	0	0	0	6400	0
ACELMSS	7	2	4	0	0	0	7200	0
ADDORS	6	3	6	0	0	0	8400	0
ACRSU	5	5	10	0	0	0	8000	0
ACELMST	7	1	2	0	1	0	3600	0
ACELMU	6	1	2	0	0	0	2800	0
ACEIRST	7	14	28	0	1	0	50400	0
EINORSST	8	1	2	0	0	0	4400	0
ACELNRU	7	1	2	0	0	0	3600	0
EMOSSY	6	2	4	0	1	0	5600	0
EINORSS	7	20	40	0	0	0	72000	0
ACPSTU	6	1	2	0	0	0	2800	0
ACEIRSSU	8	1	2	0	0	0	4400	0
ACHIPT	6	6	12	0	0	0	16800	0
EIRSTUV	7	1	2	0	0	0	3600	0
ACLRSW	6	2	4	2	0	0	2800	0.5
ELMOSY	6	2	4	0	0	0	5600	0
ELMNOS	6	12	25	0	6	0	35000	0
ACGIKNST	8	1	2	0	0	0	4400	0
ELMNOST	7	1	2	0	0	0	3600	0
ACILNTY	7	1	2	0	0	0	3600	0
ELPSSUY	7	1	2	0	0	0	3600	0
ELMNOY	6	4	9	0	2	0	12600	0
ACGILNS	7	1	2	0	2	0	3600	0
ACILNT	6	6	12	0	1	0	16800	0
ACILNST	7	2	4	0	0	0	7200	0
ACGILNT	7	1	2	0	0	0	3600	0
ACILNR	6	2	4	0	1	0	5600	0
ACILNOR	7	5	10	0	0	0	18000	0
ACILNO	6	2	4	0	0	0	5600	0
ACILLS	6	4	8	0	0	0	11200	0
ACIIL	5	21	42	0	1	0	33600	0
ACIINS	6	2	4	0	0	0	5600	0
ELPRY	5	4	8	0	0	0	6400	0
ACGILNU	7	1	2	0	0	0	3600	0
ACIIMST	7	4	8	0	0	0	14400	0
ACIIMNNOT	9	1	2	0	0	0	5200	0
ACGINNOOT	9	1	2	0	0	0	5200	0
ACIILS	6	6	12	0	0	0	16800	0
ELMSY	5	11	25	0	0	0	20000	0
ELMY	4	20	47	0	1	0	18800	0
ACIILNS	7	5	10	0	0	0	18000	0
ELNOP	5	17	34	0	1	0	27200	0
ACGINPS	7	4	8	6	6	0	3600	0.75
ELNOPS	6	9	18	0	0	0	25200	0
ACILOPT	7	1	2	0	0	0	3600	0
ELLSW	5	7	14	10	8	0	3200	0.7143
ELLSTU	6	3	6	0	2	0	8400	0
ACILOR	6	10	20	0	0	0	28000	0
ACILSV	6	1	2	0	0	0	2800	0
EKTY	4	5	10	0	1	0	4000	0
EKUY	4	1	2	0	0	0	800	0
ACFINRT	7	1	2	0	0	0	3600	0
ELRSSU	6	1	2	0	1	0	2800	0
ACFLNO	6	2	4	0	0	0	5600	0
ACILST	6	20	40	0	0	0	56000	0
ACFLNOS	7	1	2	0	0	0	3600	0
ELRRSU	6	1	2	2	0	0	0	1
ACFORT	6	1	2	0	0	0	2800	0
ELLNSSU	7	1	2	0	0	0	3600	0
ELLNSU	6	3	6	0	1	0	8400	0
ELPTU	5	5	10	0	0	0	8000	0
ACILRU	6	4	9	0	0	0	12600	0
ACILRT	6	3	6	0	0	0	8400	0
ACGHIKNS	8	1	2	2	2	0	0	1
ELPSY	5	1	2	0	0	0	1600	0
ELLORR	6	6	12	2	1	0	14000	0.1667
ELPSUY	6	1	2	0	0	0	2800	0
ELLORRST	8	1	2	0	1	0	4400	0
ACILP	5	8	16	0	0	0	12800	0
ACGIKNR	7	2	4	2	2	0	3600	0.5
ELPSTU	6	2	4	0	0	0	5600	0
ELLORSS	7	2	4	0	1	0	7200	0
ELLOSTU	7	1	2	0	0	0	3600	0
ACILOT	6	4	8	0	1	0	11200	0
ACILOS	6	3	6	0	0	0	8400	0
ELOVW	5	1	2	0	0	0	1600	0
ACGINRSV	8	2	4	0	3	0	8800	0
EIQRSTU	7	1	2	0	0	0	3600	0
ELORTU	6	8	17	0	0	0	23800	0
ELOPPR	6	1	2	0	0	0	2800	0
ELOPPST	7	1	2	0	0	0	3600	0
ACHNO	5	27	54	0	2	0	43200	0
ACHMR	5	4	8	2	3	0	4800	0.25
ELORWY	6	1	3	0	0	0	4200	0
ACHMOS	6	2	4	0	0	0	5600	0
ACHMORS	7	1	2	0	0	0	3600	0
ACHIMST	7	1	2	0	0	0	3600	0
ACHINOPR	8	1	2	0	0	0	4400	0
ELOPRT	6	1	2	0	0	0	2800	0
ELORTY	6	6	12	0	0	0	16800	0
ELORTW	6	3	6	0	0	0	8400	0
ACHMOR	6	1	2	0	0	0	2800	0
ELOPSU	6	4	9	0	2	0	12600	0
ELNORST	7	2	4	0	0	0	7200	0
ELOPSY	6	1	2	0	0	0	2800	0
ELOPY	5	3	6	0	0	0	4800	0
ACHLORS	7	1	2	0	0	0	3600	0
ACHLOR	6	1	2	0	0	0	2800	0
ELORSST	7	8	16	0	0	0	28800	0
ACHINR	6	9	18	0	0	0	25200	0
ACHINS	6	1	2	0	0	0	2800	0
ACHIORST	8	1	2	0	0	0	4400	0
ACHIORT	7	1	2	0	0	0	3600	0
ACHIST	6	2	4	0	0	0	5600	0
ELORSTW	7	1	2	0	0	0	3600	0
ELORST	6	40	82	0	2	0	114800	0
ELORSTU	7	3	7	0	0	0	12600	0
ACHIMS	6	2	4	0	0	0	5600	0
ACHNOR	6	12	25	0	3	0	35000	0
ACHIMOS	7	1	2	0	0	0	3600	0
ELOSSTW	7	2	4	0	0	0	7200	0
ACHSV	5	1	2	0	0	0	1600	0
ELNOSSU	7	1	2	0	0	0	3600	0
ELNOST	6	16	32	0	3	0	44800	0
ACHPS	5	1	2	0	1	0	1600	0
ELNOSV	6	2	4	0	0	0	5600	0
ACGINST	7	1	2	2	0	0	0	1
ELOTTU	6	1	2	0	0	0	2800	0
ELNOT	5	73	146	0	14	0	116800	0
ACGIR	5	7	14	0	1	0	11200	0
ACGIRS	6	1	2	0	0	0	2800	0
ELNTU	5	14	28	0	1	0	22400	0
ACHOT	5	25	50	0	1	0	40000	0
ACHOPY	6	1	2	0	0	0	2800	0
ACGIRST	7	1	2	0	0	0	3600	0
ACGNOS	6	2	4	0	1	0	5600	0
ACHOOS	6	1	2	0	0	0	2800	0
ELOSTW	6	4	8	0	3	0	11200	0
ELOSTU	6	2	4	0	0	0	5600	0
ACHNU	5	5	10	0	0	0	8000	0
ACHNSTU	7	1	2	0	1	0	3600	0
ELOORTT	7	2	4	0	1	0	7200	0
ACHILR	6	3	6	0	0	0	8400	0
ACHIMMOS	8	1	2	0	0	0	4400	0
ACHNOS	6	18	40	0	2	0	56000	0
ACHNORS	7	4	8	0	0	0	14400	0
ELOOSST	7	1	2	0	0	0	3600	0
ELOOSTT	7	3	6	0	1	0	10800	0
ACFIMOR	7	1	2	0	0	0	3600	0
EKSW	4	6	12	0	0	0	4800	0
EKSTY	5	1	3	0	1	0	2400	0
ACENRSU	7	2	4	0	0	0	7200	0
ACIRU	5	31	69	0	0	0	55200	0
ACIRTU	6	12	29	0	0	0	40600	0
ACIRSU	6	5	10	0	0	0	14000	0
ACIRST	6	29	67	0	0	0	93800	0
EMNOPT	6	5	10	0	0	0	14000	0
ACIRSS	6	4	8	0	0	0	11200	0
ACIPSS	6	4	8	0	0	0	11200	0
ACIPRS	6	1	2	0	0	0	2800	0
EISSTX	6	3	6	0	1	0	8400	0
ACIOST	6	3	6	0	0	0	8400	0
ACIORTT	7	1	2	0	0	0	3600	0
ACIOPT	6	2	4	0	0	0	5600	0
ACIOPST	7	1	2	0	0	0	3600	0
ACIOPRT	7	6	13	0	0	0	23400	0
ACILT	5	59	118	0	2	0	94400	0
ACINU	5	19	38	0	0	0	30400	0
ACINTU	6	3	6	0	0	0	8400	0
EMMOSSU	7	1	2	0	0	0	3600	0
ACENRTU	7	1	2	0	0	0	3600	0
ACENSU	6	2	4	0	0	0	5600	0
ACINST	6	3	6	0	2	0	8400	0
EJNOST	6	3	6	0	0	0	8400	0
EJOS	4	4	8	0	0	0	3200	0
EMMNOT	6	1	2	0	0	0	2800	0
ACEOPST	7	2	4	0	0	0	7200	0
ACINRU	6	4	8	0	0	0	11200	0
EKLMSU	6	1	2	0	0	0	2800	0
EKLNOS	6	1	2	0	0	0	2800	0
ACIRV	5	4	8	0	0	0	6400	0
EIRSVV	6	1	2	0	0	0	2800	0
ACENRSTT	8	5	10	0	0	0	22000	0
ACISTT	6	5	10	0	0	0	14000	0
EMNRSTU	7	6	12	0	0	0	21600	0
ACLPU	5	4	8	0	0	0	6400	0
EIQSTU	6	4	8	6	7	0	2800	0.75
EIQTU	5	4	8	6	7	0	1600	0.75
ACLPSU	6	1	2	0	0	0	2800	0
ACLOSTU	7	1	2	0	0	0	3600	0
ACENOR	6	7	15	0	0	0	21000	0
ACLORU	6	2	4	0	0	0	5600	0
EIRRSTW	7	2	4	0	0	0	7200	0
ACLORT	6	1	2	0	0	0	2800	0
ACLORST	7	4	8	0	0	0	14400	0
ACLOPSU	7	1	2	0	0	0	3600	0
ACLNORSU	8	1	2	0	0	0	4400	0
ACENORS	7	18	39	0	4	0	70200	0
ACLMO	5	3	6	0	0	0	4800	0
ACLLSU	6	1	2	0	0	0	2800	0
ACLLOTU	7	1	2	0	1	0	3600	0
ACENORSST	9	1	2	0	0	0	5200	0
EIRSSU	6	9	20	0	0	0	28000	0
ACENORST	8	2	4	0	0	0	8800	0
ACENORSU	8	1	2	0	0	0	4400	0
ACKY	4	5	10	2	2	0	3200	0.2
ACENOS	6	2	4	0	0	0	5600	0
ACKSW	5	1	2	0	1	0	1600	0
ACENOST	7	2	4	0	0	0	7200	0
ACKNSTU	7	1	2	0	0	0	3600	0
ELORSTTUU	9	1	2	0	0	0	5200	0
ELUX	4	12	31	0	3	0	12400	0
EKLNOSS	7	1	2	0	0	0	3600	0
ACEOPT	6	4	8	0	0	0	11200	0
ACINNOST	8	1	2	0	0	0	4400	0
EKOPRS	6	2	4	2	3	0	2800	0.5
ACIMSU	6	3	6	0	0	0	8400	0
ELSSY	5	3	6	0	0	0	4800	0
ACIMST	6	2	4	0	0	0	5600	0
EKORRW	6	1	2	2	1	0	0	1
ACIMSST	7	7	14	0	0	0	25200	0
ACIMRS	6	3	6	0	0	0	8400	0
ACIMR	5	19	38	0	1	0	30400	0
ACIMOT	6	2	4	0	1	0	5600	0
EKORW	5	2	4	0	0	0	3200	0
ELSSTY	6	2	4	0	0	0	5600	0
ACERSY	6	12	24	0	0	0	33600	0
ACIMOST	7	3	7	0	0	0	12600	0
ACIMNRS	7	2	4	0	0	0	7200	0
ACESTU	6	3	6	0	0	0	8400	0
ACETT	5	54	108	0	3	0	86400	0
ACIMNOS	7	1	4	0	0	0	7200	0
ACIMNOR	7	1	2	0	0	0	3600	0
EKPS	4	26	65	0	2	0	26000	0
EKPSS	5	7	14	0	0	0	11200	0
ACIMNO	6	9	20	0	0	0	28000	0
EKRSSY	6	1	2	0	0	0	2800	0
ELRUX	5	1	2	0	0	0	1600	0
ACFFOST	7	1	2	0	0	0	3600	0
EKRY	4	1	2	0	0	0	800	0
ELRSUV	6	2	4	0	0	0	5600	0
ACFILS	6	1	2	0	0	0	2800	0
ACINNOOT	8	1	2	0	0	0	4400	0
EKOPR	5	2	4	2	3	0	1600	0.5
ACINPS	6	10	20	0	0	0	28000	0
ACERSSU	7	5	11	0	0	0	19800	0
ACEORRS	7	2	4	0	0	0	7200	0
EKLPS	5	4	8	2	0	0	4800	0.25
ACINOTU	7	6	12	0	1	0	21600	0
EKLSY	5	3	7	0	0	0	5600	0
ACEORRT	7	5	10	0	0	0	18000	0
ACINOSS	7	4	10	0	1	0	18000	0
EKLW	4	1	2	0	0	0	800	0
ACEORSU	7	2	4	0	0	0	7200	0
ACEOSTU	7	2	4	0	0	0	7200	0
EKLY	4	6	13	0	0	0	5200	0
ACEPRST	7	6	13	0	2	0	23400	0
ACINOS	6	13	26	0	1	0	36400	0
ELSUX	5	4	8	0	2	0	6400	0
ACEPRT	6	7	14	0	2	0	19600	0
ACEPST	6	3	6	0	0	0	8400	0
ACINORT	7	1	2	0	0	0	3600	0
ACINORS	7	2	4	0	0	0	7200	0
ACINOPT	7	1	2	0	0	0	3600	0
ACINOPST	8	1	2	0	0	0	4400	0
ACINNT	6	1	2	0	0	0	2800	0
EKNOW	5	1	2	0	1	0	1600	0
ACEPSTU	7	1	2	0	0	0	3600	0
ELSTUX	6	3	6	0	0	0	8400	0
ACERRSV	7	1	2	2	1	0	0	1
ACINNOTU	8	1	2	0	0	0	4400	0
ACINNOT	7	2	4	0	0	0	7200	0
EKNSU	5	1	2	0	0	0	1600	0
EINNORU	7	1	2	0	0	0	3600	0
CCDEEINORST	11	1	2	0	0	0	6800	0
EINNORT	7	13	27	0	0	0	48600	0
ADILNO	6	2	4	0	0	0	5600	0
ADHL	4	28	56	0	0	0	22400	0
ADHLS	5	11	22	0	0	0	17600	0
EHIRSSW	7	2	4	0	0	0	7200	0
ADHSY	5	3	6	2	0	0	3200	0.3333
ADIILMS	7	2	4	0	0	0	7200	0
ADIILS	6	5	10	0	0	0	14000	0
ADIIMN	6	2	4	0	0	0	5600	0
ADIIMNS	7	1	2	0	0	0	3600	0
EHIOSSTU	8	3	6	0	0	0	13200	0
EHIORTU	7	2	4	0	0	0	7200	0
EHIORSTT	8	2	4	0	0	0	8800	0
ADIIRSTT	8	2	4	0	0	0	8800	0
EHIORSST	8	3	6	0	1	0	13200	0
EHIORSS	7	4	8	0	2	0	14400	0
ADIKST	6	3	6	0	0	0	8400	0
ADHIS	5	2	4	0	0	0	3200	0
ADHIRS	6	5	10	0	0	0	14000	0
ADHINS	6	1	2	0	0	0	2800	0
EHISTTW	7	1	2	0	1	0	3600	0
ADGIILN	7	2	4	0	0	0	7200	0
EHLMO	5	3	6	0	1	0	4800	0
ADGILN	6	1	2	0	1	0	2800	0
ADGILO	6	3	6	0	0	0	8400	0
ADGINNR	7	1	2	0	0	0	3600	0
ADGINRS	7	1	2	0	0	0	3600	0
ADGINRW	7	1	2	0	2	0	3600	0
ADHILOY	7	1	2	0	0	0	3600	0
ADGINW	6	4	8	0	2	0	11200	0
EHISSTU	7	2	4	0	0	0	7200	0
ADGRSU	6	1	2	0	0	0	2800	0
ADHIJ	5	1	2	0	0	0	1600	0
EHIRTW	6	3	6	2	2	0	5600	0.3333
ADHIJS	6	1	2	0	0	0	2800	0
EHIOPST	7	1	2	0	0	0	3600	0
ADILNOS	7	1	2	0	0	0	3600	0
ADEWY	5	5	12	0	1	0	9600	0
ADILNU	6	1	2	0	0	0	2800	0
ADIMOST	7	1	2	0	0	0	3600	0
EHILRSST	8	1	2	0	0	0	4400	0
EHILRSS	7	6	12	0	0	0	21600	0
EHILRS	6	9	18	0	1	0	25200	0
EHILPRT	7	6	12	0	0	0	21600	0
EHILPRST	8	3	6	0	0	0	13200	0
EHILOST	7	4	10	0	0	0	18000	0
EHILOS	6	8	16	0	0	0	22400	0
EHILOPRS	8	3	6	0	0	0	13200	0
EHILLRS	7	1	2	0	2	0	3600	0
EHIKSS	6	3	7	0	1	0	9800	0
EHIKS	5	2	4	0	1	0	3200	0
ADIMRS	6	16	34	0	1	0	47600	0
EHIKNRT	7	2	4	2	1	0	3600	0.5
EHIKNRST	8	1	2	2	0	0	0	1
EHILSTT	7	1	2	0	0	0	3600	0
EHIMNOSS	8	1	2	0	0	0	4400	0
EHIMNS	6	9	18	0	0	0	25200	0
EHINPPS	7	2	4	0	0	0	7200	0
EHINST	6	18	36	0	2	0	50400	0
ADILOTU	7	1	2	0	0	0	3600	0
ADILST	6	23	46	0	1	0	64400	0
ADIMN	5	1	2	0	0	0	1600	0
ADIMNO	6	4	8	0	0	0	11200	0
ADIMNOS	7	1	2	0	0	0	3600	0
EHINORS	7	3	6	0	0	0	10800	0
EHIMORS	7	2	4	0	0	0	7200	0
EHIMST	6	2	4	0	0	0	5600	0
EHIMSSTU	8	1	2	0	0	0	4400	0
ADIMNS	6	10	20	0	1	0	28000	0
EHIMRST	7	4	8	0	2	0	14400	0
EHIMPSTU	8	1	2	0	1	0	4400	0
EHIMORT	7	1	2	0	0	0	3600	0
ADGHINS	7	1	2	2	1	0	0	1
ADESZ	5	1	2	0	0	0	1600	0
ADELRSS	7	3	6	0	0	0	10800	0
ADENRTY	7	1	2	0	0	0	3600	0
ADEMSSU	7	2	4	0	1	0	7200	0
ADENOPR	7	2	4	0	0	0	7200	0
ADENOPSS	8	1	2	0	0	0	4400	0
ADENOPT	7	3	6	0	0	0	10800	0
EHORSST	7	3	6	0	1	0	10800	0
ADENORR	7	5	10	0	1	0	18000	0
ADENORRS	8	1	2	0	1	0	4400	0
ADENORSTV	9	1	2	0	0	0	5200	0
ADENORSTW	9	1	2	0	0	0	5200	0
ADENORTW	8	3	6	0	0	0	13200	0
ADENOST	7	5	10	0	3	0	18000	0
ADENOTT	7	6	12	0	2	0	21600	0
ADENRR	6	5	10	0	0	0	14000	0
ADENRRS	7	7	14	0	2	0	25200	0
ADENRSU	7	3	7	0	0	0	12600	0
ADEMRT	6	3	6	0	3	0	8400	0
ADEMPST	7	1	2	0	1	0	3600	0
ADEMPR	6	4	8	6	2	0	2800	0.75
EHPRSY	6	3	6	0	0	0	8400	0
ADELRST	7	3	6	0	1	0	10800	0
ADELRSTW	8	1	2	0	0	0	4400	0
ADELRU	6	6	12	0	2	0	16800	0
ADELRY	6	3	6	0	1	0	8400	0
ADELSTU	7	1	2	0	0	0	3600	0
ADEMNOS	7	5	11	0	0	0	19800	0
ADEMNRS	7	9	19	0	2	0	34200	0
ADEMOPS	7	1	2	0	0	0	3600	0
ADEMNRU	7	4	8	0	0	0	14400	0
ADEMNRY	7	1	2	0	0	0	3600	0
ADEMNSSU	8	1	2	0	0	0	4400	0
ADEMNSU	7	2	4	0	0	0	7200	0
ADEMNTU	7	1	2	0	0	0	3600	0
ADEMOP	6	1	2	0	0	0	2800	0
ADENRTU	7	7	14	0	1	0	25200	0
ADENRU	6	17	35	0	2	0	49000	0
EHLOSTW	7	3	6	0	0	0	10800	0
ADENRY	6	6	12	0	0	0	16800	0
EHMOSS	6	1	2	0	0	0	2800	0
ADEORTTU	8	1	2	0	0	0	4400	0
ADEORTU	7	7	15	0	1	0	27000	0
ADEPRRS	7	1	2	2	1	0	0	1
ADEPRST	7	11	24	0	0	0	43200	0
ADEPTU	6	2	4	0	0	0	5600	0
EHLTY	5	7	14	0	1	0	11200	0
ADEPV	5	3	6	0	2	0	4800	0
EHLSTU	6	1	2	0	0	0	2800	0
EHLSSU	6	1	2	0	1	0	2800	0
ADERSTT	7	1	2	0	0	0	3600	0
ADERSY	6	3	6	0	0	0	8400	0
EHLOY	5	9	18	0	2	0	14400	0
EHLOTW	6	3	6	0	0	0	8400	0
EHLOSV	6	2	4	2	0	0	2800	0.5
ADEORTT	7	8	16	0	3	0	28800	0
ADEORSV	7	1	2	0	0	0	3600	0
EHNOORS	7	6	12	0	0	0	21600	0
ADENSTUY	8	1	2	0	0	0	4400	0
ADENSS	6	15	30	0	3	0	42000	0
EHNSW	5	3	6	0	0	0	4800	0
ADENSSW	7	1	2	0	0	0	3600	0
ADENSTTU	8	1	2	0	0	0	4400	0
EHNRY	5	28	56	0	0	0	44800	0
EHNRSY	6	3	6	0	0	0	8400	0
ADENV	5	3	6	0	2	0	4800	0
ADEORSTU	8	1	2	0	0	0	4400	0
ADEOPRRT	8	1	2	0	0	0	4400	0
ADEOPRST	8	1	2	0	0	0	4400	0
ADEOPRT	7	2	4	0	0	0	7200	0
ADEOPS	6	10	21	0	1	0	29400	0
ADEORRS	7	2	4	0	0	0	7200	0
EHNOPS	6	5	10	0	4	0	14000	0
EHIIRSS	7	2	4	0	1	0	7200	0
EHIIPPS	7	1	2	2	2	0	0	1
EHIINPRST	9	2	4	0	0	0	10400	0
EGINORS	7	16	36	0	1	0	64800	0
ADNOW	5	5	10	0	0	0	8000	0
ADNRSTU	7	1	2	0	0	0	3600	0
ADNRTU	6	6	12	0	0	0	16800	0
ADNSTY	6	3	6	0	0	0	8400	0
EGINRSST	8	2	4	2	0	0	4400	0.5
ADNSW	5	2	4	2	4	0	1600	0.5
ADNSY	5	1	2	0	1	0	1600	0
ADOORS	6	7	14	0	0	0	19600	0
ADOPS	5	27	57	0	1	0	45600	0
ADORSTUW	8	1	2	0	0	0	4400	0
ADORSU	6	8	16	0	0	0	22400	0
EGINPSTT	8	4	8	0	3	0	17600	0
EGINPS	6	2	4	0	0	0	5600	0
ADORTUW	7	1	2	0	0	0	3600	0
EGINORVW	8	1	2	0	0	0	4400	0
ADNOSTTU	8	1	2	0	0	0	4400	0
ADNORS	6	22	51	0	3	0	71400	0
ADNOORT	7	6	12	0	1	0	21600	0
EGIOOR	6	5	10	0	0	0	14000	0
EGIORT	6	18	36	0	1	0	50400	0
EGIORST	7	7	15	0	2	0	27000	0
EGIOPRS	7	1	2	0	0	0	3600	0
EGIOPR	6	4	8	0	0	0	11200	0
EGIOOSS	7	3	6	0	1	0	10800	0
EGIOORS	7	2	4	0	0	0	7200	0
ADMORSST	8	1	2	0	0	0	4400	0
EGINSSTW	8	1	2	0	0	0	4400	0
EGINTW	6	1	2	0	1	0	2800	0
EGINSY	6	3	6	0	0	0	8400	0
ADMORST	7	7	14	0	0	0	25200	0
ADNNOT	6	3	6	0	0	0	8400	0
ADNOOPRS	8	1	2	0	0	0	4400	0
ADNOORST	8	1	2	0	0	0	4400	0
EGINORTU	8	5	10	0	0	0	22000	0
EGINORRST	9	2	4	0	1	0	10400	0
EHIIMNOS	8	2	4	0	0	0	8800	0
EGINOR	6	16	32	0	0	0	44800	0
EGILST	6	28	61	0	3	0	85400	0
EGILRU	6	13	28	0	1	0	39200	0
EGILRSY	7	2	4	0	0	0	7200	0
EGILRSU	7	2	4	0	0	0	7200	0
EGILRS	6	2	4	0	0	0	5600	0
EGILOST	7	7	14	0	0	0	25200	0
EGILORS	7	2	4	0	0	0	7200	0
EGILOR	6	3	6	0	0	0	8400	0
EGILOOS	7	8	18	0	0	0	32400	0
EGILOO	6	4	8	0	0	0	11200	0
AEEGGR	6	1	2	0	0	0	2800	0
AEEGHRRT	8	1	2	0	2	0	4400	0
EGILNSTW	8	2	4	0	1	0	8800	0
AEEGILMNN	9	1	2	0	0	0	5200	0
AEEGILNT	8	1	2	0	0	0	4400	0
EGILSTU	7	3	6	0	0	0	10800	0
EGILSU	6	2	4	0	0	0	5600	0
EGILT	5	20	40	0	2	0	32000	0
EGINNSS	7	1	2	0	1	0	3600	0
EGINOPS	7	1	2	0	0	0	3600	0
EGINOPRSTT	10	2	4	0	3	0	12000	0
EGINOP	6	1	2	0	0	0	2800	0
EGINOOS	7	2	4	0	2	0	7200	0
ADOTY	5	4	8	0	1	0	6400	0
ADPSY	5	3	6	0	0	0	4800	0
AEEFILR	7	1	2	0	0	0	3600	0
AEEFRST	7	1	2	0	0	0	3600	0
AEEFIR	6	5	10	0	0	0	14000	0
EGIMNST	7	2	4	0	0	0	7200	0
EGIMNRT	7	1	2	0	0	0	3600	0
AEEFIRS	7	1	2	0	0	0	3600	0
AEEFNRSST	9	1	2	0	0	0	5200	0
AEEFNRST	8	1	2	0	0	0	4400	0
EGIOST	6	2	4	0	0	0	5600	0
EGIOV	5	3	6	0	0	0	4800	0
ADMNOS	6	2	4	0	0	0	5600	0
EGIRSU	6	1	2	0	0	0	2800	0
EGORST	6	36	84	0	2	0	117600	0
EGORSST	7	6	12	0	0	0	21600	0
EGORSS	6	7	15	0	2	0	21000	0
ADIRZ	5	1	2	0	1	0	1600	0
EGORRW	6	1	2	2	1	0	0	1
ADISST	6	24	52	0	1	0	72800	0
EGORRS	6	16	33	0	0	0	46200	0
ADISTU	6	11	22	0	0	0	30800	0
ADISY	5	20	40	0	1	0	32000	0
EGNSU	5	12	24	0	0	0	19200	0
ADLLO	5	10	20	0	0	0	16000	0
EGNRTU	6	2	5	0	1	0	7000	0
EGNRTTU	7	1	2	0	0	0	3600	0
EGNRSTU	7	1	2	0	0	0	3600	0
EGNOSS	6	6	12	0	1	0	16800	0
ADIRY	5	16	32	0	2	0	25600	0
ADIRRS	6	20	43	0	0	0	60200	0
ADIQ	4	2	4	0	0	0	1600	0
ADINOS	6	12	26	0	0	0	36400	0
EHHIPRS	7	1	2	0	0	0	3600	0
ADIMST	6	1	2	0	0	0	2800	0
EGSTU	5	8	16	0	1	0	12800	0
ADINOR	6	7	14	0	0	0	19600	0
EGSSTU	6	3	6	0	0	0	8400	0
ADINORS	7	4	9	0	0	0	16200	0
ADINV	5	10	20	0	0	0	16000	0
ADIPV	5	1	2	0	0	0	1600	0
ADIOPRST	8	1	2	0	0	0	4400	0
ADIPRS	6	10	20	0	0	0	28000	0
EGOY	4	10	20	0	0	0	8000	0
EGOUV	5	1	2	0	0	0	1600	0
EGOTTU	6	1	2	0	0	0	2800	0
ADIPS	5	7	14	0	0	0	11200	0
ADLLOS	6	1	2	0	0	0	2800	0
ADLLY	5	3	6	0	1	0	4800	0
EGNOPS	6	1	2	0	0	0	2800	0
ADLRY	5	3	6	0	0	0	4800	0
ADLOU	5	15	30	0	0	0	24000	0
EGLORSW	7	1	2	0	1	0	3600	0
EGLORSS	7	1	2	0	0	0	3600	0
EGLOPS	6	1	2	0	0	0	2800	0
EGLNTU	6	4	8	0	1	0	11200	0
EGLNSTU	7	1	2	0	0	0	3600	0
ADLSTU	6	5	10	0	0	0	14000	0
EGLOY	5	3	6	0	1	0	4800	0
ADLTU	5	17	37	0	1	0	29600	0
EGISSU	6	1	2	0	0	0	2800	0
ADMNO	5	13	26	0	0	0	20800	0
EGIRTTU	7	1	2	0	0	0	3600	0
EGIRSY	6	1	2	0	0	0	2800	0
ADMNOR	6	1	2	0	0	0	2800	0
ADLOSW	6	1	2	0	0	0	2800	0
EGLRSU	6	3	6	2	1	0	5600	0.3333
EGNOPRS	7	1	2	0	0	0	3600	0
EGMNOR	6	2	4	0	1	0	5600	0
EGNOOY	6	1	2	0	0	0	2800	0
EGNOORS	7	1	2	0	0	0	3600	0
EGNOOR	6	3	6	0	0	0	8400	0
ADLMNO	6	2	4	0	0	0	5600	0
ADLMO	5	17	34	0	2	0	27200	0
EGMNORS	7	1	2	0	0	0	3600	0
EGMNO	5	21	47	0	0	0	37600	0
ADLNU	5	2	4	0	0	0	3200	0
ADLNOR	6	5	10	0	1	0	14000	0
EGLUY	5	1	2	0	0	0	1600	0
ADLNORS	7	2	4	0	0	0	7200	0
ADLNOS	6	4	8	0	0	0	11200	0
ADLNOST	7	1	2	0	0	0	3600	0
EGLSTU	6	1	2	0	0	0	2800	0
EHRTW	5	5	10	0	1	0	8000	0
ADELPST	7	1	2	0	0	0	3600	0
EINNORST	8	6	12	0	0	0	26400	0
EILORW	6	1	2	0	0	0	2800	0
ADEGGINNR	9	1	2	0	0	0	5200	0
EILPRST	7	1	2	0	0	0	3600	0
ADEGHILT	8	1	2	0	0	0	4400	0
ADEGHINS	8	1	2	0	0	0	4400	0
EILPPU	6	1	2	0	0	0	2800	0
ADEGILNS	8	1	2	0	0	0	4400	0
EILPPRT	7	2	5	0	2	0	9000	0
ADEGILR	7	1	2	0	0	0	3600	0
ADEGIM	6	14	28	0	0	0	39200	0
ADEGINORS	9	1	2	0	0	0	5200	0
ADEGINRST	9	1	2	0	0	0	5200	0
EILOV	5	12	25	0	1	0	20000	0
EILOTV	6	2	4	0	0	0	5600	0
ADEGLN	6	6	12	10	5	0	2800	0.8333
EILOSV	6	12	27	0	2	0	37800	0
ADEFRY	6	1	2	0	0	0	2800	0
ADEFRRT	7	1	2	0	0	0	3600	0
ADEFNSU	7	1	2	0	0	0	3600	0
ADEERTW	7	2	4	0	2	0	7200	0
ADEENRY	7	4	9	0	1	0	16200	0
ADEENSST	8	1	2	0	0	0	4400	0
ADEEPR	6	3	6	0	1	0	8400	0
ADEEPRRS	8	2	4	0	0	0	8800	0
ADEERSST	8	4	8	0	1	0	17600	0
ADEERSV	7	1	2	0	0	0	3600	0
EILRTTY	7	1	2	0	0	0	3600	0
ADEFLTU	7	1	2	0	1	0	3600	0
ADEESV	6	1	2	0	0	0	2800	0
ADEFIRS	7	1	2	0	0	0	3600	0
ADEFIST	7	1	2	0	0	0	3600	0
EILRSTU	7	2	4	0	1	0	7200	0
ADEFIT	6	3	6	0	0	0	8400	0
ADEFLM	6	1	2	0	0	0	2800	0
EILOSTV	7	2	4	0	0	0	7200	0
EILORV	6	6	12	0	0	0	16800	0
ADEENRTU	8	3	6	0	0	0	13200	0
ADEGM	5	2	4	2	2	0	1600	0.5
EILNSTU	7	5	10	0	0	0	18000	0
ADEHINP	7	1	2	0	0	0	3600	0
ADEHINRST	9	1	2	0	0	0	5200	0
ADEHIPS	7	1	2	0	0	0	3600	0
ADEHIRR	7	1	2	0	0	0	3600	0
ADEHLNSU	8	1	2	0	0	0	4400	0
EILNPT	6	4	8	0	0	0	11200	0
EILNPSU	7	1	2	0	0	0	3600	0
EILNPST	7	5	10	0	0	0	18000	0
EILNPSS	7	1	2	0	0	0	3600	0
EILNPS	6	7	14	0	0	0	19600	0
EILNOT	6	24	48	0	3	0	67200	0
EILNOST	7	11	23	0	1	0	41400	0
EILNOSS	7	13	29	0	0	0	52200	0
EILNOS	6	102	258	0	11	0	361200	0
ADEHILN	7	1	2	0	0	0	3600	0
ADEHHOST	8	1	2	0	0	0	4400	0
EILNTU	6	6	12	0	0	0	16800	0
EILOPT	6	4	8	0	1	0	11200	0
EILORSV	7	2	4	0	0	0	7200	0
EILORSU	7	1	2	0	0	0	3600	0
ADEGNST	7	1	2	0	0	0	3600	0
EILORSS	7	3	7	0	0	0	12600	0
ADEGNU	6	1	2	0	0	0	2800	0
ADEGOT	6	2	4	0	0	0	5600	0
EILOPS	6	22	45	0	5	0	63000	0
ADEGSW	6	1	2	0	0	0	2800	0
EILOPRT	7	1	2	0	0	0	3600	0
EILOPRSV	8	1	2	0	1	0	4400	0
ADEGP	5	8	16	2	11	0	11200	0.125
ADEGPR	6	3	6	0	2	0	8400	0
ADEGRSU	7	2	4	0	0	0	7200	0
EILOORST	8	1	2	0	0	0	4400	0
EILSTTU	7	5	10	0	0	0	18000	0
EILSTV	6	9	18	0	2	0	25200	0
ADELOTT	7	2	4	0	1	0	7200	0
ADEEINSTT	9	1	2	0	0	0	5200	0
EIMPSU	6	3	7	0	0	0	9800	0
EIMPSTU	7	1	2	0	0	0	3600	0
EIMPSTTU	8	1	2	0	1	0	4400	0
EIMPRU	6	1	2	0	0	0	2800	0
EIMPRTU	7	2	4	0	0	0	7200	0
EIMPRSU	7	1	2	0	0	0	3600	0
EIMPRSTU	8	1	2	0	0	0	4400	0
EIMPRSS	7	2	4	0	0	0	7200	0
ADEEIMST	8	2	4	0	0	0	8800	0
ADEEIMSTT	9	1	2	0	0	0	5200	0
EIMOSS	6	2	4	0	1	0	5600	0
EIMORTT	7	2	4	0	0	0	7200	0
ADEEINRS	8	1	2	0	0	0	4400	0
EIMORSST	8	1	2	0	0	0	4400	0
EIMORSS	7	5	10	0	1	0	18000	0
EIMPTU	6	1	2	0	0	0	2800	0
EIMPU	5	5	10	0	1	0	8000	0
ADEEIMRT	8	2	4	0	0	0	8800	0
EIMRX	5	4	10	0	1	0	8000	0
EINNOPS	7	6	12	0	0	0	21600	0
ADEEGRRT	8	1	2	0	1	0	4400	0
ADEEHRT	7	2	4	2	1	0	3600	0.5
ADEEIILRSS	10	1	2	0	0	0	6000	0
ADEEILMR	8	1	2	0	0	0	4400	0
ADEEILN	7	1	2	0	0	0	3600	0
ADEEILNT	8	2	4	0	0	0	8800	0
EIMRRST	7	2	4	0	1	0	7200	0
EIMRSV	6	4	8	0	0	0	11200	0
ADEEILRR	8	3	6	0	1	0	13200	0
ADEEILRS	8	3	6	0	0	0	13200	0
ADEEILS	7	1	2	0	0	0	3600	0
ADEEIMNS	8	2	4	0	0	0	8800	0
EIMRRT	6	14	28	0	2	0	39200	0
ADEEINRSS	9	1	2	0	0	0	5200	0
EIMOPRST	8	1	2	0	0	0	4400	0
ADEENRSU	8	1	2	0	0	0	4400	0
EIMOPRSS	8	1	2	0	0	0	4400	0
EIMNOOST	8	1	2	0	1	0	4400	0
EIMNOOSS	8	1	2	0	0	0	4400	0
ADEELNRRU	9	1	2	0	0	0	5200	0
EIMNOORT	8	2	4	0	4	0	8800	0
EIMNOORST	9	2	4	0	4	0	10400	0
ADEELNRTU	9	2	4	0	0	0	10400	0
EIMMSST	7	3	6	0	0	0	10800	0
ADEELNT	7	7	14	0	2	0	25200	0
ADEELRSST	9	1	2	0	0	0	5200	0
ADEELRST	8	2	4	0	0	0	8800	0
ADEELRY	7	2	4	0	1	0	7200	0
EILTTU	6	8	16	0	1	0	22400	0
ADEENOSS	8	2	4	0	0	0	8800	0
ACEINS	6	17	34	0	2	0	47600	0
ADEENOTT	8	1	2	0	0	0	4400	0
EIMNOPST	8	1	2	0	1	0	4400	0
ADEELNOR	8	3	6	0	0	0	13200	0
ADEEISTV	8	2	4	0	0	0	8800	0
EIMNSTT	7	3	6	0	1	0	10800	0
EIMOPRS	7	4	8	0	1	0	14400	0
EIMOORST	8	1	2	0	1	0	4400	0
ADEEIRRS	8	1	2	0	0	0	4400	0
EIMNTU	6	12	24	0	2	0	33600	0
EIMNTT	6	4	8	0	0	0	11200	0
EIMNSTU	7	4	9	0	0	0	16200	0
ADEEIRS	7	12	24	2	3	0	39600	0.08333
EIMNOTY	7	3	6	0	0	0	10800	0
EIMNRU	6	8	16	0	1	0	22400	0
EIMNRTU	7	7	15	0	1	0	27000	0
ADEEIRTV	8	1	2	0	0	0	4400	0
EIMNRSU	7	4	8	0	0	0	14400	0
EIMNRSTU	8	1	2	0	0	0	4400	0
ADEEISS	7	2	4	0	0	0	7200	0
EILNORS	7	9	18	0	1	0	32400	0
EILNOPT	7	5	11	0	1	0	19800	0
EILNOPST	8	4	8	0	0	0	17600	0
EIIMRR	6	4	8	0	0	0	11200	0
EIINRTT	7	6	12	0	2	0	21600	0
ADEIRSSU	8	1	2	0	0	0	4400	0
ADEIRSV	7	1	2	0	0	0	3600	0
EIINRSST	8	2	4	0	0	0	8800	0
EIINPT	6	1	2	0	0	0	2800	0
ADEIRV	6	2	4	0	1	0	5600	0
EIINPSST	8	1	2	0	0	0	4400	0
ADEISTV	7	4	8	0	0	0	14400	0
EIINPR	6	6	12	0	1	0	16800	0
EIINOSST	8	2	4	0	0	0	8800	0
EIINORSZ	8	1	2	0	0	0	4400	0
EIINORSS	8	4	9	0	0	0	19800	0
ADEITW	6	1	2	0	1	0	2800	0
ADEJRSTU	8	1	2	0	0	0	4400	0
ADEKN	5	1	2	0	0	0	1600	0
EIINRTV	7	1	2	0	0	0	3600	0
EIINSTT	7	1	2	0	0	0	3600	0
EIINSTU	7	11	22	0	2	0	39600	0
ADEIPRT	7	1	2	0	0	0	3600	0
ADEIOST	7	1	2	0	0	0	3600	0
ADEIPRST	8	3	6	0	0	0	13200	0
EIKLNSU	7	2	4	0	0	0	7200	0
EIKLNST	7	1	2	0	0	0	3600	0
EIKLNRST	8	1	2	0	1	0	4400	0
EIKLNRS	7	1	2	0	0	0	3600	0
EIKLMS	6	1	2	0	0	0	2800	0
EIIPRST	7	4	8	0	2	0	14400	0
EIKLM	5	1	2	0	0	0	1600	0
ADEIRRT	7	3	6	0	0	0	10800	0
EIKKLSY	7	1	2	0	0	0	3600	0
EIISV	5	3	6	0	0	0	4800	0
EIIRSTV	7	2	4	0	1	0	7200	0
ADEIRSST	8	15	31	0	1	0	68200	0
ADEKNT	6	1	2	0	0	0	2800	0
EIIMPRS	7	3	6	0	0	0	10800	0
EILNOPS	7	1	2	0	0	0	3600	0
EIIMNRT	7	4	8	0	0	0	14400	0
EIILLTT	7	1	2	0	0	0	3600	0
EIILLSTT	8	1	2	0	0	0	4400	0
ADELLU	6	4	8	0	1	0	11200	0
ADELMP	6	2	4	0	2	0	5600	0
EIILLOPRS	9	1	2	0	0	0	5200	0
EIIKNR	6	1	2	0	0	0	2800	0
ADELMS	6	9	18	0	1	0	25200	0
ADELMU	6	2	4	0	1	0	5600	0
ADELNSU	7	1	2	0	0	0	3600	0
ADELNTU	7	1	2	0	0	0	3600	0
ADELNU	6	7	14	0	0	0	19600	0
ADELOPR	7	1	2	0	0	0	3600	0
ADELORST	8	1	2	0	0	0	4400	0
ADELORT	7	1	2	0	0	0	3600	0
ADELOST	7	1	2	0	1	0	3600	0
ADELLSU	7	1	2	0	0	0	3600	0
ADELLRU	7	1	2	0	0	0	3600	0
EIILMS	6	8	16	0	0	0	22400	0
EIILNSTT	8	1	2	0	0	0	4400	0
EIIMNRSTT	9	1	2	0	0	0	5200	0
EIIMNRST	8	4	8	0	0	0	17600	0
EIIMNOSS	8	3	6	0	0	0	13200	0
EIILRST	7	1	2	0	0	0	3600	0
EIILPST	7	2	4	0	1	0	7200	0
EIILOST	7	7	14	0	2	0	25200	0
ADEKRS	6	1	2	0	0	0	2800	0
EIILMSS	7	6	14	0	1	0	25200	0
ADEKRST	7	2	4	2	3	0	3600	0.5
EIILNRST	8	1	2	0	0	0	4400	0
EIILNRS	7	5	10	0	0	0	18000	0
EIILNOS	7	7	14	0	0	0	25200	0
EIILMST	7	7	15	0	1	0	27000	0
EIILMSST	8	1	2	0	0	0	4400	0
EIKLY	5	4	9	0	0	0	7200	0
EIKNO	5	13	28	0	0	0	22400	0
EIKNOS	6	2	4	0	0	0	5600	0
ADEINRU	7	2	4	0	0	0	7200	0
EILMPRS	7	1	2	0	0	0	3600	0
EILMPR	6	1	2	0	0	0	2800	0
EILMOSS	7	2	4	0	0	0	7200	0
ADEIIMNS	8	1	2	0	0	0	4400	0
ADEIINST	8	1	2	0	0	0	4400	0
EILMNR	6	1	2	0	0	0	2800	0
EILMNOS	7	4	8	0	1	0	14400	0
EILMNO	6	8	16	0	3	0	22400	0
EILMMRS	7	2	4	0	2	0	7200	0
ADEIIRS	7	21	44	0	0	0	79200	0
EILLVY	6	1	2	0	0	0	2800	0
ADEIKR	6	2	5	0	0	0	7000	0
EILLST	6	19	38	0	2	0	53200	0
ADEILMS	7	3	6	0	0	0	10800	0
ADEILORS	8	2	4	0	0	0	8800	0
EILMPRU	7	1	2	0	0	0	3600	0
ADEIIMN	7	1	2	0	0	0	3600	0
EILMPST	7	4	8	0	0	0	14400	0
ADEHMNR	7	1	2	0	0	0	3600	0
EILNOP	6	2	4	0	0	0	5600	0
EILNOOPS	8	2	4	0	0	0	8800	0
EILNO	5	84	168	0	6	0	134400	0
EILNNY	6	2	4	0	0	0	5600	0
ADEHLRS	7	2	4	0	1	0	7200	0
EILMU	5	4	8	0	0	0	6400	0
EILMSU	6	2	4	0	0	0	5600	0
ADEIILS	7	11	24	0	1	0	43200	0
ADEHMR	6	2	4	0	0	0	5600	0
EILMSSY	7	1	2	0	0	0	3600	0
ADEHMRS	7	1	2	0	0	0	3600	0
ADEHORTU	8	1	2	0	0	0	4400	0
EILMRSY	7	3	6	0	0	0	10800	0
ADEIILORST	10	1	2	0	0	0	6000	0
ADEILP	6	10	21	0	0	0	29400	0
ADEILPRS	8	1	2	0	0	0	4400	0
ADEILPS	7	11	26	0	0	0	46800	0
ADEINOSS	8	2	4	0	0	0	8800	0
ADEINORRS	9	2	4	0	0	0	10400	0
ADEINORS	8	2	4	0	1	0	8800	0
ADEINOS	7	10	20	0	0	0	36000	0
EIKORSTTU	9	1	2	0	0	0	5200	0
EIKOOSST	8	1	2	0	0	0	4400	0
EIKOORS	7	1	2	0	1	0	3600	0
EIKNRTT	7	2	4	0	0	0	7200	0
ADEINOPST	9	1	2	0	0	0	5200	0
ADEINPS	7	1	2	0	1	0	3600	0
ADEINRR	7	3	6	2	2	0	7200	0.3333
ADEINRRS	8	1	2	0	0	0	4400	0
EIKNRSS	7	1	2	0	0	0	3600	0
ADEINRSU	8	2	4	0	0	0	8800	0
ADEINRTU	8	1	2	0	0	0	4400	0
ADEINORR	8	4	8	0	0	0	17600	0
ADEINNSTU	9	1	2	0	0	0	5200	0
ADEILRST	8	1	2	0	0	0	4400	0
ADEIMNO	7	2	4	0	0	0	7200	0
EILLORST	8	1	2	0	0	0	4400	0
EILLNT	6	19	41	0	3	0	57400	0
EILLNST	7	1	2	0	1	0	3600	0
EILLNO	6	2	4	0	0	0	5600	0
ADEILRV	7	1	2	0	0	0	3600	0
ADEILSU	7	3	6	0	0	0	10800	0
EIKSV	5	1	2	0	0	0	1600	0
ADEIMTU	7	1	2	0	0	0	3600	0
ADEIMNOS	8	5	10	0	0	0	22000	0
ADEIMNS	7	16	39	0	4	0	70200	0
ADEIMRR	7	1	2	0	0	0	3600	0
ADEIMRST	8	1	2	0	0	0	4400	0
EIKRSTU	7	1	2	0	0	0	3600	0
ADEIMS	6	8	19	0	2	0	26600	0
EILSX	5	2	4	0	0	0	3200	0
EOPSX	5	2	4	0	2	0	3200	0
ACEINRST	8	21	48	0	3	0	105600	0
AAILPRST	8	3	6	0	0	0	13200	0
AAILNOT	7	3	6	0	0	0	10800	0
AAILNOV	7	1	2	0	0	0	3600	0
AAILNS	6	15	30	0	1	0	42000	0
IMPRSU	6	1	2	0	0	0	2800	0
AAILNT	6	6	12	0	0	0	16800	0
AAILORV	7	1	2	0	0	0	3600	0
IMOPST	6	8	16	0	2	0	22400	0
AAILNOST	8	3	6	0	0	0	13200	0
IMOPRST	7	1	2	0	0	0	3600	0
AAILPRT	7	6	12	0	0	0	21600	0
IMNSU	5	11	22	0	2	0	17600	0
IMNOST	6	16	35	0	1	0	49000	0
IMNOOSS	7	1	2	0	0	0	3600	0
IMNOOS	6	3	6	0	0	0	8400	0
AAILNOSTT	9	2	4	0	0	0	10400	0
IMRSTU	6	1	2	0	0	0	2800	0
IMMSTU	6	2	4	0	0	0	5600	0
AAIKS	5	8	16	0	0	0	12800	0
INOOPRST	8	1	2	0	0	0	4400	0
INNRU	5	15	30	0	0	0	24000	0
INNRSU	6	4	8	0	0	0	11200	0
INNOT	5	51	102	0	1	0	81600	0
INNOSU	6	4	8	0	0	0	11200	0
INNOST	6	11	22	0	0	0	30800	0
AAIKST	6	1	2	0	0	0	2800	0
IMRSU	5	10	20	0	0	0	16000	0
AAIKT	5	2	4	0	0	0	3200	0
IMSSTU	6	4	8	0	0	0	11200	0
AAILMNS	7	7	14	0	0	0	25200	0
AAILMRT	7	6	12	0	2	0	21600	0
AAILMS	6	11	23	0	0	0	32200	0
AAILMSS	7	1	2	0	0	0	3600	0
IMNOORT	7	1	2	0	0	0	3600	0
IMMSSTU	7	1	2	0	0	0	3600	0
AAIKLM	6	1	2	0	0	0	2800	0
ILOORT	6	4	8	0	0	0	11200	0
ILORT	5	39	78	0	2	0	62400	0
AAINPR	6	2	4	0	0	0	5600	0
AAINPRST	8	2	4	0	0	0	8800	0
ILOPSUY	7	1	2	0	0	0	3600	0
ILOPST	6	11	23	0	1	0	32200	0
AAINPST	7	7	14	0	0	0	25200	0
AAINPT	6	8	18	0	1	0	25200	0
AAIMRT	6	5	10	0	0	0	14000	0
ILNOSTY	7	1	2	0	0	0	3600	0
AAINRSST	8	1	2	0	0	0	4400	0
ILNOOST	7	2	4	0	0	0	7200	0
AAINRST	7	11	22	0	0	0	39600	0
AAINRSU	7	4	8	0	0	0	14400	0
ILMSU	5	3	6	0	0	0	4800	0
AAINORRS	8	2	4	0	0	0	8800	0
AAIMRST	7	2	4	0	0	0	7200	0
IMMNOSS	7	1	2	0	0	0	3600	0
ILSSY	5	12	24	0	0	0	19200	0
IMMNOS	6	5	10	0	0	0	14000	0
AAILRST	7	3	6	0	0	0	10800	0
AAILSSV	7	2	4	0	0	0	7200	0
ILSTY	5	9	18	0	2	0	14400	0
AAILSV	6	3	6	0	0	0	8400	0
AAIMNR	6	5	10	0	0	0	14000	0
AAIMNRST	8	1	2	0	1	0	4400	0
ILPPSU	6	1	2	0	0	0	2800	0
ILRSV	5	6	12	0	0	0	9600	0
ILPTU	5	2	4	0	0	0	3200	0
ILPSU	5	6	12	0	2	0	9600	0
AAIMNRT	7	2	4	0	0	0	7200	0
AAIMNS	6	13	26	0	3	0	36400	0
AAIMNST	7	1	2	0	0	0	3600	0
AAIKRS	6	1	2	0	0	0	2800	0
INOORST	7	4	8	0	0	0	14400	0
ILMPSY	6	1	2	0	0	0	2800	0
AAHIPRS	7	1	2	0	0	0	3600	0
IOSTV	5	15	30	0	0	0	24000	0
IOSSTV	6	2	4	0	0	0	5600	0
IOSSTT	6	5	10	0	1	0	14000	0
AAHIKR	6	1	2	0	0	0	2800	0
AAHINST	7	1	2	0	0	0	3600	0
AAHIPR	6	1	2	0	0	0	2800	0
IOQSTU	6	1	2	0	0	0	2800	0
AAGNU	5	5	10	0	0	0	8000	0
AAHKS	5	1	2	0	0	0	1600	0
IOPSST	6	1	2	0	0	0	2800	0
AAHLL	5	2	4	0	0	0	3200	0
IOPRST	6	20	41	0	1	0	57400	0
AAHLLN	6	10	20	0	0	0	28000	0
AAHLLNS	7	3	6	0	0	0	10800	0
IPRRSTU	7	1	2	0	0	0	3600	0
AAGNST	6	7	14	0	1	0	19600	0
AAHLM	5	11	25	0	1	0	20000	0
AAGMNS	6	3	6	0	0	0	8400	0
AAGLN	5	5	10	0	2	0	8000	0
AAGLNO	6	7	17	0	1	0	23800	0
AAGLNR	6	6	12	0	0	0	16800	0
AAGLNRS	7	2	4	0	0	0	7200	0
AAGLR	5	9	18	0	0	0	14400	0
AAGLRS	6	5	10	0	0	0	14000	0
IPSTTY	6	1	2	0	0	0	2800	0
IPRSSTU	7	6	13	0	2	0	23400	0
AAGNOR	6	4	8	0	0	0	11200	0
AAGNP	5	6	12	0	3	0	9600	0
AAGNPS	6	2	4	0	2	0	5600	0
AAGNRS	6	13	29	0	3	0	40600	0
IPRSTU	6	17	40	0	2	0	56000	0
AAGNSST	7	2	4	0	0	0	7200	0
AAHLLS	6	2	4	0	0	0	5600	0
INSTUW	6	5	10	0	0	0	14000	0
INOOST	6	22	44	0	0	0	61600	0
AAHSW	5	4	8	0	2	0	6400	0
INORSTU	7	1	2	0	0	0	3600	0
INORSTT	7	3	6	0	0	0	10800	0
AAHNPS	6	2	4	0	0	0	5600	0
AAHRSS	6	2	4	0	0	0	5600	0
AAHRST	6	8	16	0	0	0	22400	0
AAHST	5	27	54	0	0	0	43200	0
INOPSST	7	1	2	0	0	0	3600	0
AAHNNT	6	2	4	0	0	0	5600	0
INOPSS	6	9	19	0	0	0	26600	0
AAHSY	5	6	12	0	0	0	9600	0
INOPRSS	7	1	2	0	0	0	3600	0
AAIILMPRST	10	1	2	0	0	0	6000	0
AAIKLL	6	2	4	0	0	0	5600	0
INOPPST	7	1	2	0	0	0	3600	0
INORSUU	7	6	12	0	0	0	21600	0
INORTT	6	12	24	0	1	0	33600	0
INSTU	5	12	24	0	1	0	19200	0
INQSTU	6	2	4	2	2	0	2800	0.5
AAHLMM	6	1	2	0	0	0	2800	0
AAHLMMS	7	1	2	0	0	0	3600	0
AAHLMS	6	5	12	0	1	0	16800	0
AAHLPST	7	2	4	0	0	0	7200	0
AAHLRS	6	1	2	0	0	0	2800	0
AAHM	4	12	24	0	1	0	9600	0
AAHMNS	6	2	4	0	0	0	5600	0
INOSTU	6	3	6	0	0	0	8400	0
AAHMR	5	40	80	0	2	0	64000	0
AAHMRS	6	8	18	0	0	0	25200	0
INPRU	5	1	2	0	0	0	1600	0
AAHMST	6	3	6	0	0	0	8400	0
AAHNNST	7	1	2	0	0	0	3600	0
INOSV	5	13	26	0	1	0	20800	0
AAINRU	6	4	8	0	0	0	11200	0
AAIRSST	7	5	10	0	0	0	18000	0
AAGIST	6	20	43	0	0	0	60200	0
HNOPSTY	7	1	2	0	0	0	3600	0
AAOPSST	7	3	6	0	0	0	10800	0
AARRS	5	29	58	0	0	0	46400	0
AARSST	6	1	2	0	0	0	2800	0
AARSTY	6	23	48	0	1	0	67200	0
AARSY	5	4	8	0	0	0	6400	0
HNOPTY	6	1	2	0	0	0	2800	0
AARTT	5	55	110	0	2	0	88000	0
AANSSTV	7	1	2	0	0	0	3600	0
HNOORS	6	5	10	0	0	0	14000	0
AARY	4	22	44	0	2	0	17600	0
HMTYY	5	1	2	0	0	0	1600	0
HMSTU	5	7	14	0	0	0	11200	0
HMPSU	5	2	4	0	0	0	3200	0
HMORU	5	6	12	0	2	0	9600	0
AANSTV	6	2	4	0	0	0	5600	0
AANRV	5	19	41	0	0	0	32800	0
HMOOST	6	5	10	0	0	0	14000	0
AANPPS	6	2	4	0	0	0	5600	0
AAMPRS	6	1	2	0	0	0	2800	0
AAMSS	5	31	82	0	5	0	65600	0
AANNST	6	11	22	0	2	0	30800	0
AANNT	5	51	102	0	5	0	81600	0
HOPSY	5	5	10	0	0	0	8000	0
AANP	4	25	50	0	0	0	20000	0
AANPRST	7	14	30	0	2	0	54000	0
HOOPST	6	3	6	0	0	0	8400	0
AANPRT	6	20	44	0	1	0	61600	0
HOOSW	5	8	18	0	2	0	14400	0
AANRSS	6	8	16	0	1	0	22400	0
AANRSV	6	3	7	0	0	0	9800	0
AANRTY	6	2	4	0	0	0	5600	0
HOORT	5	23	46	0	0	0	36800	0
HMORSU	6	2	4	0	1	0	5600	0
AASWY	5	1	2	0	0	0	1600	0
AAMNTU	6	5	10	0	0	0	14000	0
ABCEERR	7	3	6	0	0	0	10800	0
HIRSTY	6	1	2	0	0	0	2800	0
HIRSTTY	7	1	2	0	0	0	3600	0
HIRSTT	6	10	20	0	0	0	28000	0
HIRSSTT	7	3	6	0	0	0	10800	0
ABCCO	5	2	6	0	0	0	4800	0
ABCEENR	7	1	2	0	0	0	3600	0
ABCEIR	6	2	4	0	0	0	5600	0
ABBOS	5	1	2	0	0	0	1600	0
ABCEKST	7	4	9	0	1	0	16200	0
HIOPPS	6	3	6	2	0	0	5600	0.3333
ABCELMRS	8	1	2	0	0	0	4400	0
ABCNO	5	6	12	0	1	0	9600	0
ABCNOR	6	1	2	0	0	0	2800	0
HIMTY	5	3	6	0	0	0	4800	0
ABBU	4	4	8	0	0	0	3200	0
ABBO	4	3	6	0	0	0	2400	0
ABBCO	5	5	10	0	0	0	8000	0
ABBELW	6	1	2	0	0	0	2800	0
ABBDELR	7	2	4	0	0	0	7200	0
ABBDELRS	8	1	2	0	0	0	4400	0
ABBEIR	6	4	8	0	1	0	11200	0
ABBEIRS	7	1	2	0	0	0	3600	0
ABBEIST	7	1	2	0	1	0	3600	0
ABBELU	6	1	2	0	0	0	2800	0
ABBERST	7	2	4	0	0	0	7200	0
ABBLU	5	1	2	0	0	0	1600	0
HKSU	4	2	4	0	1	0	1600	0
ABBERT	6	2	4	0	1	0	5600	0
HKOOS	5	4	8	6	5	0	1600	0.75
HKLOS	5	1	2	0	1	0	1600	0
HITWY	5	1	2	0	0	0	1600	0
ABBKO	5	3	6	0	0	0	4800	0
AAMPR	5	3	6	0	0	0	4800	0
AAMNSTU	7	3	6	0	0	0	10800	0
AAISTW	6	2	4	0	0	0	5600	0
AALMSU	6	2	4	0	0	0	5600	0
IKOOR	5	3	6	0	0	0	4800	0
AALMOS	6	1	2	0	0	0	2800	0
AALMPS	6	1	2	0	0	0	2800	0
AALMR	5	20	43	0	1	0	34400	0
AALMRS	6	2	4	0	0	0	5600	0
AALMST	6	3	6	0	0	0	8400	0
IKNOS	5	8	18	0	0	0	14400	0
IKPSS	5	3	6	0	2	0	4800	0
IKNO	4	24	55	0	1	0	22000	0
AALMT	5	13	26	0	2	0	20800	0
IKMRS	5	5	10	0	3	0	8000	0
IKMOS	5	1	2	0	0	0	1600	0
IKMNORS	7	1	2	0	0	0	3600	0
IKMNOR	6	1	2	0	0	0	2800	0
IKOORS	6	1	2	0	0	0	2800	0
AAKW	4	1	2	0	1	0	800	0
AALNPT	6	3	6	0	0	0	8400	0
AAKMR	5	5	11	0	0	0	8800	0
AAITW	5	12	24	0	0	0	19200	0
ILMNU	5	1	2	0	0	0	1600	0
ILMNSU	6	2	4	0	0	0	5600	0
AAJNW	5	1	2	0	0	0	1600	0
AAKKS	5	1	2	0	0	0	1600	0
AAKLT	5	5	10	0	0	0	8000	0
AAKMRS	6	2	4	0	0	0	5600	0
AAKT	4	5	10	0	1	0	4000	0
AAKNST	6	1	2	0	1	0	2800	0
AAKPS	5	1	2	0	0	0	1600	0
AAKRS	5	6	12	0	0	0	9600	0
AAKS	4	7	14	0	0	0	5600	0
IKRSY	5	1	2	0	0	0	1600	0
AAKST	5	4	8	0	1	0	6400	0
IKLSS	5	1	2	0	1	0	1600	0
IKLRS	5	5	10	0	0	0	8000	0
AAMMN	5	12	24	0	0	0	19200	0
AALRSST	7	3	6	0	0	0	10800	0
IIKSW	5	2	4	0	0	0	3200	0
AALNT	5	26	52	0	3	0	41600	0
AALPP	5	2	4	0	0	0	3200	0
AALPSS	6	1	2	0	0	0	2800	0
HPSY	4	15	30	0	0	0	12000	0
HPSTU	5	2	4	0	0	0	3200	0
AALRST	6	69	167	0	7	0	233800	0
IILMST	6	3	6	0	0	0	8400	0
AALRSV	6	4	8	0	1	0	11200	0
HOSTUY	6	1	2	0	0	0	2800	0
AALRU	5	13	26	0	0	0	20800	0
AALRV	5	9	28	0	1	0	22400	0
AALSV	5	5	10	0	0	0	8000	0
AALSY	5	10	20	0	1	0	16000	0
IIKW	4	2	4	0	0	0	1600	0
IILNNSU	7	1	2	0	0	0	3600	0
IKLPU	5	1	2	0	0	0	1600	0
AALNST	6	11	22	0	1	0	30800	0
IKLNY	5	1	2	0	0	0	1600	0
IKLNS	5	6	13	4	4	0	7200	0.3077
IKLNPU	6	1	2	0	0	0	2800	0
IKLNPSU	7	1	2	0	0	0	3600	0
AALNRU	6	1	2	0	0	0	2800	0
IKLMS	5	2	4	0	0	0	3200	0
AALNSTT	7	3	6	0	0	0	10800	0
IILNRT	6	4	8	0	0	0	11200	0
IIPRSST	7	1	2	0	0	0	3600	0
IINSTTW	7	3	6	0	0	0	10800	0
IINORV	6	2	4	0	0	0	5600	0
IINORST	7	3	6	0	0	0	10800	0
IIMNOSU	7	1	2	0	0	0	3600	0
IIMMNSU	7	1	2	0	0	0	3600	0
AAGIT	5	25	50	0	0	0	40000	0
AAGIS	5	23	46	0	0	0	36800	0
ABCORS	6	9	20	0	1	0	28000	0
AACHTW	6	2	4	0	0	0	5600	0
AACHIMNN	8	1	2	0	0	0	4400	0
AACHIMNOR	9	1	2	0	0	0	5200	0
OOPPS	5	1	2	0	1	0	1600	0
AACHKR	6	2	4	0	0	0	5600	0
AACHKRS	7	1	2	0	0	0	3600	0
AACHNS	6	9	19	0	1	0	26600	0
AACILM	6	8	17	0	0	0	23800	0
AACHILR	7	1	2	0	0	0	3600	0
AACILNR	7	1	2	0	0	0	3600	0
AACILNST	8	1	2	0	0	0	4400	0
AACILNT	7	3	6	0	0	0	10800	0
AACILOTT	8	1	2	0	0	0	4400	0
AACILPT	7	1	2	0	0	0	3600	0
AACIMN	6	10	20	0	1	0	28000	0
OOPRSS	6	2	4	0	0	0	5600	0
OOPRSTTU	8	1	2	0	0	0	4400	0
AACINOR	7	1	2	0	0	0	3600	0
AACEINR	7	7	14	0	0	0	25200	0
AACEEHRS	8	1	2	0	0	0	4400	0
AACEENSTT	9	1	2	0	0	0	5200	0
AACEGLORT	9	1	2	0	0	0	5200	0
AACEGNR	7	1	2	0	1	0	3600	0
OORSTU	6	1	2	0	0	0	2800	0
AACEILRST	9	1	2	0	0	0	5200	0
AACEINRS	8	2	4	0	0	0	8800	0
AACGHN	6	1	2	0	0	0	2800	0
AACELNTU	8	1	2	0	0	0	4400	0
AACESTV	7	1	2	0	0	0	3600	0
OOPSTTU	7	1	2	0	0	0	3600	0
AACFIL	6	1	2	0	0	0	2800	0
AACFIS	6	1	2	0	0	0	2800	0
AACFLRT	7	1	2	0	0	0	3600	0
AACIMNS	7	2	4	0	0	0	7200	0
AACINPT	7	1	2	0	0	0	3600	0
OPPSY	5	1	3	0	0	0	2400	0
AACNST	6	3	6	0	0	0	8400	0
AACMRST	7	1	2	0	0	0	3600	0
NOORTU	6	1	2	0	0	0	2800	0
NOORSTU	7	4	8	0	2	0	14400	0
NOOPSY	6	1	2	0	0	0	2800	0
AACMRT	6	4	8	0	0	0	11200	0
AACMS	5	3	6	0	2	0	4800	0
AACPRS	6	3	6	0	0	0	8400	0
NOOSTY	6	1	2	0	0	0	2800	0
AADEELTUV	9	1	2	0	0	0	5200	0
AADEGGR	7	1	2	0	0	0	3600	0
NNOOPST	7	1	2	0	0	0	3600	0
AADEGRSY	8	1	2	0	0	0	4400	0
AADEGRY	7	1	2	0	0	0	3600	0
AADEH	5	10	20	0	2	0	16000	0
AACMNOR	7	1	2	0	0	0	3600	0
AACLSU	6	1	2	0	0	0	2800	0
AACINR	6	31	77	0	0	0	107800	0
AACLNRU	7	1	2	0	0	0	3600	0
AACINRS	7	4	8	0	0	0	14400	0
AACINS	6	2	4	0	0	0	5600	0
AACINSS	7	2	4	0	0	0	7200	0
AACIOT	6	4	8	0	0	0	11200	0
AACLMNT	7	1	2	0	0	0	3600	0
AACLNNOSU	9	1	2	0	0	0	5200	0
AACLNU	6	2	4	0	0	0	5600	0
AACLRS	6	18	40	0	1	0	56000	0
AACLPS	6	3	6	0	0	0	8400	0
AACLPSU	7	1	3	0	0	0	5400	0
NOPTY	5	2	4	0	0	0	3200	0
NOPTU	5	7	14	0	0	0	11200	0
NOPSTU	6	5	10	0	0	0	14000	0
NOPRY	5	1	2	0	0	0	1600	0
AACEEGRS	8	1	2	0	0	0	4400	0
AACDNRS	7	1	2	0	0	0	3600	0
AADEIMNT	8	1	2	0	0	0	4400	0
AABHKS	6	1	2	0	0	0	2800	0
AABERS	6	7	14	0	0	0	19600	0
AABERSTT	8	1	2	0	0	0	4400	0
AABERTT	7	3	6	0	0	0	10800	0
AABESS	6	5	10	0	0	0	14000	0
AABFLOSTT	9	1	2	0	0	0	5200	0
AABFLOTT	8	1	2	0	0	0	4400	0
AABHS	5	3	6	0	0	0	4800	0
AABELST	7	1	2	0	0	0	3600	0
AABIMNO	7	1	2	0	0	0	3600	0
AABIMNOS	8	1	2	0	0	0	4400	0
AABIRS	6	1	2	0	0	0	2800	0
AABIRST	7	1	2	0	0	0	3600	0
AABKR	5	1	2	0	0	0	1600	0
AABLN	5	5	10	0	0	0	8000	0
AABEM	5	11	22	0	0	0	17600	0
AABEILM	7	1	2	0	0	0	3600	0
AABLSS	6	3	6	0	0	0	8400	0
AABDN	5	4	8	0	0	0	6400	0
AABBS	5	1	2	0	0	0	1600	0
AABCEKST	8	2	4	0	0	0	8800	0
AABCHS	6	1	2	0	0	0	2800	0
AABCORT	7	1	2	0	0	0	3600	0
AABCS	5	5	10	0	0	0	8000	0
AABDELT	7	1	2	0	0	0	3600	0
AABDNS	6	2	4	0	0	0	5600	0
AABEGT	6	1	2	0	0	0	2800	0
PRSUY	5	4	8	0	0	0	6400	0
AABDRST	7	1	2	0	0	0	3600	0
AABDRT	6	6	12	0	0	0	16800	0
PRRSU	5	2	4	0	2	0	3200	0
AABEELLRT	9	1	2	0	1	0	5200	0
AABEELST	8	2	4	0	0	0	8800	0
ORSTUY	6	1	2	0	0	0	2800	0
AABLST	6	8	16	0	0	0	22400	0
AACDNR	6	2	4	0	0	0	5600	0
AACDERS	7	1	2	0	0	0	3600	0
OPSTTUU	7	1	2	0	0	0	3600	0
AACCS	5	7	14	0	0	0	11200	0
AACDEEINRT	10	1	2	0	0	0	6000	0
AACDEEST	8	1	2	0	0	0	4400	0
AACDELN	7	1	2	0	0	0	3600	0
AACDELS	7	1	2	0	0	0	3600	0
AACDERSST	9	1	2	0	0	0	5200	0
OPSTW	5	2	4	0	0	0	3200	0
AACDERST	8	3	6	0	0	0	13200	0
AACDEU	6	2	4	0	0	0	5600	0
OPRSY	5	7	17	0	0	0	13600	0
AACDGINR	8	1	2	0	0	0	4400	0
AACDIR	6	4	8	0	0	0	11200	0
AACDIRS	7	2	4	0	0	0	7200	0
AACCOSTT	8	1	2	0	0	0	4400	0
OPSTY	5	3	6	0	0	0	4800	0
AABLTU	6	1	2	0	0	0	2800	0
AACC	4	24	48	0	4	0	19200	0
AABMNT	6	1	2	0	0	0	2800	0
AABNW	5	1	2	0	0	0	1600	0
ORSSTY	6	4	8	0	0	0	11200	0
AABORST	7	3	6	0	0	0	10800	0
AABORT	6	6	12	0	0	0	16800	0
AABRS	5	48	96	0	0	0	76800	0
AACCDES	7	1	2	0	0	0	3600	0
AACCLRU	7	1	2	0	0	0	3600	0
AACCDESS	8	1	2	0	0	0	4400	0
AACCIL	6	1	2	0	0	0	2800	0
OPTY	4	9	18	0	0	0	7200	0
OPTTUU	6	1	2	0	0	0	2800	0
AACCIMNOR	9	1	2	0	0	0	5200	0
AACCKR	6	1	2	0	0	0	2800	0
AADEILV	7	1	2	0	0	0	3600	0
AADEIRST	8	2	4	0	0	0	8800	0
AAGINST	7	3	6	0	0	0	10800	0
AAEMR	5	67	144	0	2	0	115200	0
LNOOSS	6	7	14	0	3	0	19600	0
AAELPT	6	6	12	0	0	0	16800	0
AAELT	5	78	156	0	12	0	124800	0
LNNOY	5	5	10	0	0	0	8000	0
LNNOSY	6	1	2	0	0	0	2800	0
AAEMORTT	8	1	2	0	0	0	4400	0
AAEMRS	6	19	43	0	0	0	60200	0
LNOPTU	6	1	2	0	0	0	2800	0
LMOSY	5	2	4	0	1	0	3200	0
AAEMRST	7	1	2	0	0	0	3600	0
AAENNSTT	8	1	2	0	0	0	4400	0
LMOOSS	6	1	2	0	0	0	2800	0
AAENOPS	7	1	2	0	0	0	3600	0
AAENP	5	13	26	2	0	0	19200	0.07692
LNOPSTU	7	1	2	0	0	0	3600	0
AAELPSS	7	1	2	0	0	0	3600	0
LLOWY	5	1	2	0	0	0	1600	0
AAEKLNT	7	2	4	0	0	0	7200	0
LOPSTU	6	4	8	0	1	0	11200	0
AAEINSSTT	9	1	2	0	0	0	5200	0
AAEINSTT	8	3	6	0	0	0	13200	0
AAEIRSST	8	3	6	0	0	0	13200	0
AAEIRSTT	8	4	8	0	0	0	17600	0
AAEISTT	7	7	14	0	0	0	25200	0
AAEKLS	6	2	4	0	0	0	5600	0
AAELPS	6	1	2	0	0	0	2800	0
AAELLP	6	7	17	0	0	0	23800	0
AAELMPRST	9	1	2	0	0	0	5200	0
AAELMST	7	4	8	0	0	0	14400	0
AAELMT	6	7	15	0	0	0	21000	0
AAELNPRT	8	1	2	0	0	0	4400	0
AAELNPT	7	3	7	0	0	0	12600	0
AAENPS	6	14	29	0	0	0	40600	0
LLOPTUU	7	1	2	0	1	0	3600	0
AAEINRTT	8	7	14	0	1	0	30800	0
AAGILRS	7	1	2	0	0	0	3600	0
AAGILO	6	3	6	0	0	0	8400	0
AAGILR	6	2	4	0	0	0	5600	0
KMOOS	5	1	2	0	0	0	1600	0
KMOO	4	1	2	0	1	0	800	0
KLSSU	5	3	6	2	1	0	3200	0.3333
KLOOSS	6	1	2	0	0	0	2800	0
KLOOPU	6	1	2	0	0	0	2800	0
KNPSU	5	2	4	4	4	0	0	1
AAGIM	5	12	24	0	0	0	19200	0
AAGIMN	6	2	4	0	0	0	5600	0
KKSUU	5	1	2	0	0	0	1600	0
AAGIMS	6	4	8	0	0	0	11200	0
AAGINN	6	5	10	0	0	0	14000	0
AAGINRS	7	1	2	0	0	0	3600	0
AAGHNRS	7	1	2	0	0	0	3600	0
AAGHNR	6	3	6	0	0	0	8400	0
LLOOPRT	7	1	2	0	0	0	3600	0
AAEPRS	6	35	76	0	0	0	106400	0
KUY	3	2	4	0	2	0	400	0
KRSY	4	8	16	0	0	0	6400	0
AAEPR	5	39	78	0	0	0	62400	0
KOSW	4	8	16	0	8	0	6400	0
KOSSU	5	1	2	0	0	0	1600	0
KORY	4	1	2	0	0	0	800	0
AAEPRSS	7	1	2	0	0	0	3600	0
AAGGRS	6	3	6	0	1	0	8400	0
AAEPRT	6	19	38	0	0	0	53200	0
AAERST	6	91	182	0	3	0	254800	0
AAERSTTU	8	1	2	0	0	0	4400	0
AAESWY	6	1	2	0	0	0	2800	0
KOOST	5	3	6	0	0	0	4800	0
AAFIST	6	3	6	0	0	0	8400	0
LOPSY	5	3	7	2	2	0	4000	0.2857
AAEINRSTT	9	3	6	0	1	0	15600	0
MRSTU	5	5	10	0	2	0	8000	0
AADMNOR	7	1	2	0	0	0	3600	0
AADIMN	6	1	2	0	0	0	2800	0
MOPY	4	3	6	0	0	0	2400	0
MOPSY	5	2	4	0	0	0	3200	0
AADLNS	6	3	6	0	0	0	8400	0
AADLS	5	15	30	0	5	0	24000	0
AADMN	5	8	16	0	0	0	12800	0
AADMR	5	12	24	0	2	0	19200	0
AADILLO	7	2	4	0	0	0	7200	0
MOOZ	4	2	4	0	3	0	1600	0
AADMRS	6	6	14	0	1	0	19600	0
AADNRST	7	3	6	0	0	0	10800	0
MOOSS	5	2	4	0	0	0	3200	0
AADRRS	6	7	14	0	0	0	19600	0
MOORY	5	5	10	4	3	0	4800	0.4
AADILMR	7	1	2	0	0	0	3600	0
AADGR	5	12	24	0	0	0	19200	0
AAEEILRTT	9	1	2	0	0	0	5200	0
AADEPRT	7	1	2	0	0	0	3600	0
MPUY	4	1	3	0	0	0	1200	0
MPTY	4	6	12	0	0	0	4800	0
MPTUY	5	1	2	0	0	0	1600	0
AADEIRT	7	6	13	0	0	0	23400	0
AADELSS	7	2	4	0	1	0	7200	0
AADEPRS	7	1	2	0	0	0	3600	0
AADEPSS	7	1	2	0	0	0	3600	0
AADGNPS	7	1	2	0	0	0	3600	0
AADERSW	7	1	2	0	0	0	3600	0
AADERSY	7	2	4	0	0	0	7200	0
AADFR	5	24	48	0	0	0	38400	0
AADFRS	6	2	4	0	0	0	5600	0
AADGMNR	7	1	2	0	0	0	3600	0
AADGNP	6	2	4	0	0	0	5600	0
AAEEGLT	7	2	4	0	0	0	7200	0
AAEEMNST	8	1	2	0	0	0	4400	0
AAEINRST	8	22	54	0	1	0	118800	0
AAEIKLLS	8	1	2	0	0	0	4400	0
LPRSU	5	3	6	0	1	0	4800	0
AAEGRST	7	6	12	0	0	0	21600	0
AAEHIIRT	8	3	6	0	0	0	13200	0
AAEHMNRS	8	2	4	0	0	0	8800	0
AAEHMST	7	2	4	0	0	0	7200	0
AAEHMT	6	2	4	0	0	0	5600	0
AAEILM	6	1	2	0	0	0	2800	0
LPSUU	5	3	6	0	0	0	4800	0
AAEILMNST	9	1	2	0	0	0	5200	0
AAEILMS	7	3	6	0	0	0	10800	0
AAEILRSS	8	2	4	0	0	0	8800	0
AAEIMNOST	9	1	2	0	0	0	5200	0
AAEIMNS	7	3	6	0	0	0	10800	0
AAEIMNT	7	1	2	0	0	0	3600	0
AAEGOR	6	2	4	0	0	0	5600	0
AAEGMNT	7	6	12	0	0	0	21600	0
AAEEMNT	7	3	6	0	0	0	10800	0
AAEGLR	6	5	10	0	0	0	14000	0
AAEGILR	7	2	4	0	0	0	7200	0
MNOTU	5	17	35	0	0	0	28000	0
AAEGILRS	8	2	4	0	0	0	8800	0
AAEGINRS	8	2	4	0	0	0	8800	0
AAEGLN	6	24	57	0	0	0	79800	0
AAEGLNS	7	15	33	0	0	0	59400	0
AAEGLRRS	8	3	6	0	0	0	13200	0
AAEGMNS	7	1	2	0	0	0	3600	0
MMNOSU	6	2	4	0	0	0	5600	0
MMNOSSU	7	1	2	0	0	0	3600	0
LSUU	4	40	80	2	0	0	31200	0.025
AAEGLSST	8	1	2	0	0	0	4400	0
AAEGLST	7	4	9	0	0	0	16200	0
AAEGMN	6	3	6	0	0	0	8400	0
ABCNOS	6	2	4	0	0	0	5600	0
ABCSTU	6	1	2	0	0	0	2800	0
ACEINRSS	8	1	2	0	0	0	4400	0
ACDELSS	7	3	6	0	2	0	10800	0
ACDELNU	7	1	2	0	0	0	3600	0
ACDELO	6	4	8	0	2	0	11200	0
ACDELOR	7	3	6	0	0	0	10800	0
ACDELOS	7	1	2	0	0	0	3600	0
ACDELR	6	7	14	0	3	0	19600	0
ACDELRS	7	1	2	0	0	0	3600	0
ACDENO	6	16	34	0	3	0	47600	0
ACDELLOR	8	1	2	0	0	0	4400	0
ACDENOR	7	3	6	0	0	0	10800	0
ACDENOS	7	2	4	0	0	0	7200	0
ACDENRT	7	1	2	0	0	0	3600	0
ACDENRU	7	4	9	0	0	0	16200	0
ACDEORR	7	2	4	0	0	0	7200	0
ACDERTT	7	9	18	0	1	0	32400	0
ACDELM	6	1	2	0	0	0	2800	0
ACDEKS	6	1	2	2	1	0	0	1
ACDERV	6	2	4	0	4	0	5600	0
ACDEINOTU	9	1	2	0	0	0	5200	0
ERSTUV	6	1	2	0	0	0	2800	0
ERSTUU	6	2	4	0	0	0	5600	0
ACDEILMO	8	1	2	0	0	0	4400	0
ACDEILR	7	3	6	0	0	0	10800	0
ACDEILT	7	3	6	0	0	0	10800	0
ACDEIMNO	8	2	4	0	0	0	8800	0
ACDEINR	7	6	12	0	1	0	21600	0
ERRSSTU	7	4	8	0	1	0	14400	0
ACDEINSY	8	1	2	0	0	0	4400	0
ACDEIPR	7	2	4	0	0	0	7200	0
ACDEIPRS	8	1	2	0	0	0	4400	0
ACDEIRR	7	1	2	0	0	0	3600	0
ACDEIRTT	8	1	2	0	0	0	4400	0
ACDEIST	7	4	8	0	0	0	14400	0
EPRSSY	6	2	4	0	0	0	5600	0
EPRSST	6	3	6	0	0	0	8400	0
ACDEERST	8	1	2	0	1	0	4400	0
ACEEHRRS	8	2	4	0	0	0	8800	0
EORTX	5	8	16	0	0	0	12800	0
ACEEHILMS	9	1	2	0	0	0	5200	0
ACEEHIT	7	1	2	0	0	0	3600	0
ACEEHLRS	8	1	2	0	0	0	4400	0
ACEEHNSS	8	1	2	0	0	0	4400	0
ACEEHPRS	8	1	2	2	2	0	0	1
ACEEHT	6	4	8	0	0	0	11200	0
ACDNY	5	1	2	0	0	0	1600	0
ACEEILMSTT	10	1	2	0	0	0	6000	0
ACEEILNR	8	1	2	0	0	0	4400	0
ACEEIMRSS	9	1	2	0	0	0	5200	0
ACEEINRS	8	1	2	0	0	0	4400	0
ACEEINRSS	9	1	2	0	0	0	5200	0
ACEEINRST	9	1	2	0	0	0	5200	0
ACEEGILNT	9	1	2	0	0	0	5200	0
ACDNORS	7	1	2	0	0	0	3600	0
ACDHIR	6	1	2	0	0	0	2800	0
EOTY	4	66	132	0	2	0	52800	0
ACDHOR	6	1	2	0	0	0	2800	0
ACDIIRT	7	3	6	0	0	0	10800	0
ACDIL	5	20	40	0	0	0	32000	0
EOWY	4	4	8	0	0	0	3200	0
ACDILS	6	1	2	0	0	0	2800	0
ACDINRU	7	1	2	0	0	0	3600	0
ACDINS	6	2	4	0	0	0	5600	0
ACDNOR	6	10	20	0	2	0	28000	0
ACDIORS	7	1	2	0	0	0	3600	0
ACDIORT	7	1	2	0	0	0	3600	0
ACDIST	6	7	14	0	0	0	19600	0
EOSTTU	6	11	22	0	1	0	30800	0
ACDIT	5	20	40	0	2	0	32000	0
ACDLU	5	4	8	0	0	0	6400	0
ACDEILM	7	4	8	0	1	0	14400	0
ACDEERS	7	11	23	0	1	0	41400	0
ACEEIRRS	8	1	2	0	0	0	4400	0
FIKS	4	1	2	0	1	0	800	0
ABRU	4	15	30	0	0	0	12000	0
ACCEEHISST	10	1	2	0	0	0	6000	0
ACCEHIL	7	1	2	0	0	0	3600	0
ACCEHNR	7	4	8	0	0	0	14400	0
ACCEHNRS	8	2	4	0	0	0	8800	0
FILLOS	6	1	2	0	0	0	2800	0
ACCEHRST	8	1	2	0	1	0	4400	0
FINOTY	6	1	2	0	0	0	2800	0
FHORT	5	8	16	4	3	0	9600	0.25
FHLRTUU	7	1	2	0	0	0	3600	0
FHLORTUW	8	1	2	0	0	0	4400	0
FHLLRTUUY	9	1	2	0	0	0	5200	0
FHIRT	5	8	16	2	0	0	11200	0.125
FHIRST	6	6	13	2	0	0	15400	0.1538
ABPRSTU	7	1	2	0	0	0	3600	0
FIOPRST	7	1	2	0	0	0	3600	0
ACCEIL	6	1	2	0	0	0	2800	0
ABNRU	5	10	21	0	0	0	16800	0
ABMOS	5	13	30	0	3	0	24000	0
FLOPTU	6	1	2	0	0	0	2800	0
ABMRSU	6	2	4	0	1	0	5600	0
ABMRU	5	2	4	0	0	0	3200	0
ABNOR	5	8	16	0	1	0	12800	0
ABNORY	6	2	4	0	1	0	5600	0
ABNTU	5	2	4	0	1	0	3200	0
FIOPRT	6	1	2	0	0	0	2800	0
ABORSTU	7	1	2	0	0	0	3600	0
ABORTU	6	7	14	0	1	0	19600	0
ABOSS	5	5	10	0	0	0	8000	0
ABOSST	6	5	11	0	3	0	15400	0
ABOUY	5	1	2	0	0	0	1600	0
FIOST	5	6	12	0	1	0	9600	0
ACCEHRT	7	1	2	0	0	0	3600	0
ACCEIPS	7	1	2	0	0	0	3600	0
ACDEERRT	8	3	6	0	1	0	13200	0
ACDEELRS	8	2	4	0	0	0	8800	0
ACDEEHNS	8	1	2	0	0	0	4400	0
ACDEEHRT	8	1	2	0	0	0	4400	0
ACDEEILRT	9	2	4	0	0	0	10400	0
ACDEEIMORST	11	1	2	0	0	0	6800	0
ACDEELN	7	2	4	0	0	0	7200	0
ACDEELR	7	2	4	0	1	0	7200	0
ACDEEMR	7	1	2	0	0	0	3600	0
ACDEEFR	7	1	2	0	0	0	3600	0
ACDEENR	7	1	2	0	0	0	3600	0
ACDEENRS	8	1	2	0	0	0	4400	0
ACDEENS	7	2	4	0	1	0	7200	0
ACDEEORT	8	1	2	0	0	0	4400	0
ACDEEPR	7	1	2	0	0	0	3600	0
ACDEEPRT	8	2	4	0	0	0	8800	0
ACDEEHIRS	9	1	2	0	0	0	5200	0
ESTWY	5	3	6	0	0	0	4800	0
ACCEIST	7	1	2	0	0	0	3600	0
FFGINOS	7	1	2	0	0	0	3600	0
ACCEIT	6	4	8	0	0	0	11200	0
FGIINSST	8	2	4	2	1	0	4400	0.5
ACCELR	6	4	8	0	0	0	11200	0
ACCEORTU	8	1	2	0	0	0	4400	0
ACCERS	6	1	2	0	0	0	2800	0
FFINS	5	1	2	0	0	0	1600	0
ACCIINOT	8	1	3	0	0	0	6600	0
ACCOSS	6	2	4	0	0	0	5600	0
ACCILNO	7	1	2	0	0	0	3600	0
ACCIR	5	12	24	0	0	0	19200	0
ACCIRR	6	1	2	0	0	0	2800	0
ACCIT	5	8	16	0	1	0	12800	0
ACCITT	6	2	4	0	0	0	5600	0
ACCOS	5	9	18	0	2	0	14400	0
ACEEINRT	8	1	2	0	0	0	4400	0
ACEELL	6	1	2	0	0	0	2800	0
ABMNSU	6	2	4	0	0	0	5600	0
ACEILNOR	8	2	4	0	0	0	8800	0
ENPRSU	6	2	4	0	2	0	5600	0
ENPRSTU	7	1	2	0	1	0	3600	0
ACEILM	6	6	12	0	0	0	16800	0
ACEILMS	7	2	4	0	0	0	7200	0
ACEILMST	8	2	4	0	1	0	8800	0
ACEILMT	7	1	2	0	0	0	3600	0
ENOSTTU	7	1	2	0	0	0	3600	0
ACEILLOT	8	1	2	0	0	0	4400	0
ENOSTT	6	15	30	0	0	0	42000	0
ACEILNP	7	1	2	0	0	0	3600	0
ACEILNS	7	3	6	0	0	0	10800	0
ENOSSTT	7	7	14	0	0	0	25200	0
ACEILOR	7	6	12	0	0	0	21600	0
ACEILORS	8	4	9	0	0	0	19800	0
ACEILLS	7	1	2	0	0	0	3600	0
ACEILL	6	2	4	0	0	0	5600	0
ENORY	5	9	18	0	0	0	14400	0
ACEHPY	6	1	2	0	2	0	2800	0
ACEHMSS	7	3	6	0	0	0	10800	0
ACEHNR	6	13	26	0	0	0	36400	0
ENSSTU	6	13	26	0	2	0	36400	0
ACEHNRST	8	1	2	0	0	0	4400	0
ACEHOP	6	5	10	0	0	0	14000	0
ACEHOR	6	14	28	0	0	0	39200	0
ACEIILST	8	1	2	0	0	0	4400	0
ENRRSTU	7	4	8	4	1	0	7200	0.5
ACEIINST	8	1	2	0	0	0	4400	0
ACEIITV	7	1	2	0	0	0	3600	0
ACEIJKS	7	1	2	0	0	0	3600	0
ACEIKR	6	2	4	0	1	0	5600	0
ACEIKRS	7	2	4	0	0	0	7200	0
ENRRSU	6	11	22	0	2	0	30800	0
ACEILP	6	5	11	0	0	0	15400	0
ACEILPRS	8	2	4	0	0	0	8800	0
ACEHLST	7	2	4	0	1	0	7200	0
ACEINORT	8	8	16	0	2	0	35200	0
ACEINNRSST	10	1	2	0	0	0	6000	0
ACEINNS	7	4	8	0	0	0	14400	0
ACEINNST	8	4	9	0	1	0	19800	0
ENOOSTT	7	2	4	0	0	0	7200	0
ACEINOPS	8	1	2	0	0	0	4400	0
ACEINORST	9	4	8	0	2	0	20800	0
ENOOPSTT	8	1	2	0	0	0	4400	0
ENOPRST	7	2	4	0	0	0	7200	0
ENOOPRS	7	2	4	2	1	0	3600	0.5
ACEINORTU	9	3	6	0	0	0	15600	0
ENNSTU	6	3	6	0	0	0	8400	0
ACEINOST	8	1	2	0	0	0	4400	0
ACEINOT	7	2	4	0	0	0	7200	0
ACEINRS	7	10	20	0	1	0	36000	0
ACEINNRS	8	1	2	0	0	0	4400	0
ENOPRSY	7	2	4	0	0	0	7200	0
ACEILPS	7	2	4	0	0	0	7200	0
ACEIMN	6	9	19	0	0	0	26600	0
ACEILRS	7	1	2	0	0	0	3600	0
ACEILRST	8	7	14	0	0	0	30800	0
ENORSTU	7	1	2	0	0	0	3600	0
ACEILRT	7	5	10	0	0	0	18000	0
ACEILRV	7	5	12	0	0	0	21600	0
ACEILSST	8	2	4	0	0	0	8800	0
ACEIMNST	8	1	2	0	0	0	4400	0
ENOPRY	6	4	8	0	0	0	11200	0
ACEIMNT	7	1	2	0	0	0	3600	0
ACEIMRST	8	2	4	0	0	0	8800	0
ACEIMS	6	5	10	0	1	0	14000	0
ENOPY	5	2	4	0	0	0	3200	0
ACEIMST	7	14	31	0	0	0	55800	0
ACEIMT	6	17	37	0	0	0	51800	0
ACEHMNR	7	1	2	0	0	0	3600	0
ACEHLSS	7	1	2	0	0	0	3600	0
EORSSV	6	1	2	0	0	0	2800	0
EOPSSY	6	4	10	0	0	0	14000	0
ACEENST	7	3	6	0	0	0	10800	0
ACEEPR	6	5	10	0	0	0	14000	0
ACEEPRSS	8	1	2	0	0	0	4400	0
EOPSY	5	24	53	0	3	0	42400	0
AEEGINPRT	9	2	4	0	0	0	10400	0
ACEERSS	7	3	6	0	0	0	10800	0
ACEESS	6	2	4	0	1	0	5600	0
EORRSSTU	8	1	2	2	1	0	0	1
ACEESSTT	8	1	2	0	0	0	4400	0
ACEFIL	6	1	2	0	0	0	2800	0
ACEFINS	7	1	2	0	1	0	3600	0
ACEFIORST	9	1	2	0	0	0	5200	0
EOPRV	5	2	4	0	2	0	3200	0
ACEFLPSTUU	10	1	2	0	0	0	6000	0
ACEENSS	7	9	18	0	0	0	32400	0
EORRSSTY	8	1	2	0	1	0	4400	0
ACEFRRT	7	1	2	0	0	0	3600	0
ACEEMNS	7	1	2	0	0	0	3600	0
ACEELN	6	3	6	0	0	0	8400	0
ACEELNRS	8	1	2	2	2	0	0	1
ACEELPR	7	1	2	0	1	0	3600	0
ACEELRST	8	1	2	0	0	0	4400	0
ACEELSST	8	4	8	0	0	0	17600	0
ACEELST	7	7	14	0	0	0	25200	0
ACEEMR	6	5	11	0	0	0	15400	0
ACEENRT	7	4	8	0	0	0	14400	0
ACEEMRS	7	2	4	0	0	0	7200	0
ACEENOST	8	2	4	0	0	0	8800	0
ACEENRRST	9	1	2	0	0	0	5200	0
EORRSTY	7	1	2	0	1	0	3600	0
ACEENRS	7	9	21	0	0	0	37800	0
ACEENRST	8	2	4	0	0	0	8800	0
ACEFRRSU	8	1	2	0	0	0	4400	0
ACEGGILN	8	1	2	0	0	0	4400	0
ENSUV	5	8	16	0	0	0	12800	0
ACEHIPT	7	2	4	0	0	0	7200	0
ACEHINORT	9	1	2	0	0	0	5200	0
EOOPRSTU	8	1	2	0	0	0	4400	0
ACEHIOST	8	1	2	0	0	0	4400	0
EOOPPRSS	8	1	2	0	0	0	4400	0
EOOPPRS	7	1	2	0	0	0	3600	0
ACEHIPST	8	1	2	0	0	0	4400	0
ACEHIRST	8	1	2	0	0	0	4400	0
EOPPRRS	7	3	6	2	0	0	7200	0.3333
ACEHISST	8	1	2	0	1	0	4400	0
ACEHIST	7	1	2	0	0	0	3600	0
ACEHKLS	7	1	2	2	1	0	0	1
ACEHLOR	7	3	7	0	0	0	12600	0
ACEHLRS	7	1	3	0	0	0	5400	0
ENSUX	5	1	2	0	1	0	1600	0
ACEHIMST	8	1	3	0	0	0	6600	0
EOPPRSS	7	1	2	0	0	0	3600	0
ACEGHINT	8	1	2	0	0	0	4400	0
EOPRRU	6	1	2	0	1	0	2800	0
ACEGHRS	7	1	2	0	0	0	3600	0
EOPRSSU	7	3	6	0	1	0	10800	0
EOPRSSTU	8	1	2	0	1	0	4400	0
ACEGILN	7	1	2	0	0	0	3600	0
ACEGIMNR	8	1	2	0	0	0	4400	0
ACEGINNRT	9	1	2	0	2	0	5200	0
ACEGINPRT	9	1	2	0	0	0	5200	0
EOPPRST	7	2	4	2	4	0	3600	0.5
ACEGINR	7	2	4	0	0	0	7200	0
EOPRRSS	7	2	4	0	0	0	7200	0
ACEGORS	7	1	2	0	0	0	3600	0
ACEGORSS	8	1	2	0	0	0	4400	0
ACEHILOR	8	1	2	0	0	0	4400	0
ACEHILT	7	3	6	0	0	0	10800	0
FLORSU	6	2	5	2	0	0	4200	0.4
FLTUY	5	3	6	0	0	0	4800	0
HILOT	5	36	78	0	2	0	62400	0
GINOSTUW	8	1	2	0	0	0	4400	0
ABEHOS	6	1	2	0	0	0	2800	0
GINPRRSU	8	1	2	0	0	0	4400	0
ABEHRRS	7	1	2	0	0	0	3600	0
GINOTTW	7	1	2	0	0	0	3600	0
ABEHSS	6	1	2	0	1	0	2800	0
GINOSTV	7	1	2	0	0	0	3600	0
ABEIILS	7	2	5	0	0	0	9000	0
ABEHL	5	16	32	0	1	0	25600	0
ABEIILST	8	1	3	0	0	0	6600	0
GINOSSTU	8	2	4	0	0	0	8800	0
GINOSST	7	1	2	0	0	0	3600	0
GINORTW	7	2	4	0	0	0	7200	0
ABEILL	6	6	15	0	0	0	21000	0
GINORT	6	2	4	0	0	0	5600	0
ABEHO	5	4	8	0	0	0	6400	0
ABEHINSS	8	1	2	0	0	0	4400	0
ABEILLST	8	2	4	0	1	0	8800	0
ABEGLMR	7	1	2	0	0	0	3600	0
GIORT	5	8	16	0	2	0	12800	0
GIORSTU	7	2	4	0	0	0	7200	0
ABEERTT	7	3	6	0	0	0	10800	0
ABEGI	5	2	4	0	0	0	3200	0
ABEGILRRSU	10	1	2	0	0	0	6000	0
ABEGIS	6	2	4	0	0	0	5600	0
GINSSU	6	1	2	0	1	0	2800	0
GINRSSTU	8	1	2	0	1	0	4400	0
ABEGLS	6	2	4	0	0	0	5600	0
GINRU	5	2	4	0	0	0	3200	0
GINRTY	6	3	6	0	1	0	8400	0
GINRTU	6	4	8	0	0	0	11200	0
ABEGNR	6	1	2	0	1	0	2800	0
GINRSTY	7	1	2	0	0	0	3600	0
GINORSW	7	1	2	0	0	0	3600	0
GINORSTY	8	1	2	2	0	0	0	1
ABEERSTT	8	2	4	0	0	0	8800	0
GIMORS	6	1	2	0	0	0	2800	0
ABEINST	7	7	16	0	0	0	28800	0
ABEIRRS	7	1	2	0	0	0	3600	0
GINNORSS	8	2	4	0	0	0	8800	0
ABEIRTT	7	4	8	0	0	0	14400	0
ABEISTT	7	4	8	0	0	0	14400	0
GIMOS	5	2	4	0	0	0	3200	0
GIMNRU	6	5	10	0	2	0	14000	0
GINNY	5	2	4	0	1	0	3200	0
GIMNPU	6	1	2	0	0	0	2800	0
GIMNOSU	7	1	2	0	0	0	3600	0
GIMNOSSU	8	1	2	0	0	0	4400	0
ABELLTU	7	1	2	0	0	0	3600	0
ABELMRR	7	1	2	0	0	0	3600	0
GILSU	5	2	4	0	0	0	3200	0
ABEINSST	8	1	2	0	0	0	4400	0
ABEINOST	8	2	4	0	0	0	8800	0
ABEILM	6	1	2	0	0	0	2800	0
ABEILS	6	24	52	0	2	0	72800	0
GINORSTTU	9	2	4	0	0	0	10400	0
ABEILMR	7	1	2	0	0	0	3600	0
GINORSST	8	1	2	0	0	0	4400	0
ABEILMS	7	2	4	0	0	0	7200	0
ABEILNSS	8	1	2	0	0	0	4400	0
ABEILRT	7	3	6	0	0	0	10800	0
ABEILSS	7	7	15	0	0	0	27000	0
GINOORST	8	2	4	2	2	0	4400	0.5
ABEILSST	8	2	5	0	0	0	11000	0
GINOPRU	7	1	2	0	1	0	3600	0
ABEILT	6	7	14	0	0	0	19600	0
ABEINORST	9	1	2	0	0	0	5200	0
ABEINORT	8	2	4	0	0	0	8800	0
GINOP	5	23	50	0	3	0	40000	0
GIORTU	6	3	6	0	0	0	8400	0
ABEERRTT	8	2	5	0	1	0	11000	0
GILOOS	6	1	2	0	0	0	2800	0
ABDEIS	6	1	2	0	0	0	2800	0
ABDEES	6	15	30	0	3	0	42000	0
ABDEESS	7	1	2	0	1	0	3600	0
ABDEEST	7	2	4	0	0	0	7200	0
ABDEGR	6	2	4	0	4	0	5600	0
ABDEILST	8	2	4	0	0	0	8800	0
ABDEIRST	8	2	5	0	0	0	11000	0
ABDELY	6	1	2	0	0	0	2800	0
ABDEERST	8	1	2	0	0	0	4400	0
ABDENOTW	8	1	2	0	0	0	4400	0
ABDENRR	7	2	4	0	2	0	7200	0
GORSY	5	1	2	0	0	0	1600	0
ABDENRST	8	1	2	0	0	0	4400	0
ABDERST	7	1	2	0	0	0	3600	0
GOPY	4	1	2	0	0	0	800	0
GRSUY	5	4	8	0	0	0	6400	0
ABDEEMN	7	2	4	0	0	0	7200	0
ABDERY	6	2	4	0	0	0	5600	0
HIKS	4	2	4	0	0	0	1600	0
HILOST	6	5	10	0	0	0	14000	0
HILMOPS	7	2	4	0	0	0	7200	0
ABDDEER	7	1	2	0	0	0	3600	0
HILLST	6	2	4	0	1	0	5600	0
ABDEEINST	9	1	2	0	0	0	5200	0
ABDEEIR	7	4	8	0	0	0	14400	0
HIKOS	5	2	4	0	0	0	3200	0
ABDEEIRT	8	1	2	0	0	0	4400	0
HIKO	4	9	18	0	0	0	7200	0
HIIRSS	6	1	2	0	0	0	2800	0
HIINORS	7	2	4	0	0	0	7200	0
HIIMS	5	2	4	0	0	0	3200	0
ABDEEIRST	9	1	2	0	0	0	5200	0
GSUV	4	4	8	0	2	0	3200	0
GOPRS	5	25	59	0	2	0	47200	0
GOORS	5	6	12	0	1	0	9600	0
ABEERRT	7	2	5	0	0	0	9000	0
ABEELN	6	4	8	0	0	0	11200	0
GLOP	4	10	20	0	4	0	8000	0
GLOOY	5	3	6	0	0	0	4800	0
ABEEILLN	8	1	2	0	0	0	4400	0
ABEEIMRST	9	2	4	0	0	0	10400	0
ABEEL	5	6	12	0	0	0	9600	0
GJU	3	1	2	0	0	0	200	0
ABEELNS	7	1	2	0	0	0	3600	0
ABEEHORTTU	10	1	2	0	0	0	6000	0
ABEELSU	7	2	4	0	0	0	7200	0
ABEEMR	6	1	2	0	1	0	2800	0
ABEEMRS	7	1	2	0	1	0	3600	0
GIRSST	6	2	4	0	1	0	5600	0
ABEERRS	7	1	2	0	0	0	3600	0
ABEERRST	8	1	2	0	0	0	4400	0
GLOPS	5	18	43	0	3	0	34400	0
ABEEHNS	7	1	2	0	0	0	3600	0
ABDESU	6	1	2	0	0	0	2800	0
ABDIRS	6	1	2	0	0	0	2800	0
ABDEY	5	1	2	0	1	0	1600	0
ABDGILN	7	1	2	2	2	0	0	1
ABDILR	6	3	6	0	0	0	8400	0
GNRSU	5	3	6	0	1	0	4800	0
ABDIRR	6	2	4	0	0	0	5600	0
GNOSY	5	1	2	0	0	0	1600	0
ABDLY	5	1	2	0	0	0	1600	0
ABEEGRS	7	3	7	0	0	0	12600	0
ABDSU	5	3	6	0	0	0	4800	0
ABEEGH	6	1	2	0	0	0	2800	0
ABEEGINRV	9	1	2	0	0	0	5200	0
ABEEGR	6	4	9	0	0	0	12600	0
GMORS	5	3	6	0	1	0	4800	0
GMNOO	5	2	4	0	0	0	3200	0
ABELNOST	8	1	2	0	0	0	4400	0
GILOO	5	5	10	0	0	0	8000	0
ABLSTY	6	1	2	0	0	0	2800	0
GHINORSS	8	2	4	2	0	0	4400	0.5
ABHORT	6	2	4	0	0	0	5600	0
ABHOST	6	3	6	0	0	0	8400	0
GHINOSTU	8	1	2	0	1	0	4400	0
ABHSU	5	15	42	0	1	0	33600	0
ABHU	4	10	20	0	0	0	8000	0
ABIIL	5	6	12	0	0	0	9600	0
ABIILS	6	3	6	0	0	0	8400	0
ABHMO	5	2	4	0	0	0	3200	0
GHINOP	6	3	6	0	0	0	8400	0
GHINOOS	7	1	2	0	1	0	3600	0
GHINO	5	46	99	0	3	0	79200	0
ABILMORS	8	1	2	0	0	0	4400	0
ABILNOOST	9	1	2	0	0	0	5200	0
ABILNOOT	8	1	2	0	0	0	4400	0
GHINSTU	7	2	4	0	0	0	7200	0
ABHIT	5	7	14	0	0	0	11200	0
GHILNOS	7	1	2	0	0	0	3600	0
GHOSTU	6	5	11	0	0	0	15400	0
GIIKLNS	7	1	2	2	1	0	0	1
GIIKLNNS	8	1	2	0	0	0	4400	0
ABGNOO	6	4	8	0	0	0	11200	0
ABGNOR	6	1	2	0	0	0	2800	0
GHRSU	5	7	14	0	0	0	11200	0
ABGNORS	7	1	2	0	0	0	3600	0
ABGNOS	6	2	4	0	0	0	5600	0
ABHIST	6	2	4	0	0	0	5600	0
ABGOR	5	3	6	0	0	0	4800	0
GHORTU	6	3	6	0	0	0	8400	0
GHLOU	5	3	6	0	0	0	4800	0
ABGS	4	10	20	8	4	0	4800	0.4
ABHIINRS	8	1	2	0	0	0	4400	0
ABHIS	5	2	4	0	0	0	3200	0
GHILST	6	3	6	0	0	0	8400	0
GHIINTT	7	2	4	0	2	0	7200	0
GIIKNNPS	8	1	2	0	0	0	4400	0
ABISST	6	9	18	0	2	0	25200	0
GGHIILNST	9	1	2	0	2	0	5200	0
ABINU	5	8	16	0	0	0	12800	0
FRSTU	5	3	6	0	0	0	4800	0
ABIRSU	6	5	10	0	1	0	14000	0
FOSW	4	4	8	0	0	0	3200	0
ABIRU	5	3	6	0	0	0	4800	0
ABLOOR	6	2	4	0	0	0	5600	0
GGIILNNT	8	1	2	0	0	0	4400	0
FOOY	4	3	6	0	0	0	2400	0
ABLOORS	7	2	4	0	0	0	7200	0
FOOPS	5	3	6	0	0	0	4800	0
ABLORS	6	1	2	0	0	0	2800	0
FNOSTU	6	1	2	0	0	0	2800	0
FNOORSU	7	1	2	0	2	0	3600	0
ABINSU	6	4	11	0	0	0	15400	0
ABINRY	6	2	4	0	0	0	5600	0
ABILNS	6	9	18	0	0	0	25200	0
ABILRSU	7	1	2	0	0	0	3600	0
GHIINSSW	8	1	2	0	0	0	4400	0
ABILOTU	7	2	4	0	0	0	7200	0
GHIINNT	7	2	4	0	0	0	7200	0
GHIINNST	8	1	2	0	0	0	4400	0
GHIILNRS	8	1	2	0	0	0	4400	0
GHHIT	5	7	14	2	2	0	9600	0.1429
ABIMR	5	11	24	0	0	0	19200	0
GGIKNO	6	1	2	0	0	0	2800	0
ABIMRS	6	1	2	0	0	0	2800	0
GGIRS	5	4	8	0	3	0	6400	0
ABINOS	6	1	2	0	0	0	2800	0
GGINO	5	1	2	0	0	0	1600	0
GGILNU	6	4	8	0	1	0	11200	0
ABINOT	6	3	6	0	0	0	8400	0
ABGNO	5	8	17	0	0	0	13600	0
GIIKNR	6	2	4	0	1	0	5600	0
ABELNRS	7	4	8	0	0	0	14400	0
GILMNPU	7	1	2	0	0	0	3600	0
ABENOR	6	9	18	0	0	0	25200	0
ABENORT	7	1	2	0	0	0	3600	0
ABENRSTU	8	1	2	0	0	0	4400	0
ABENRSU	7	2	4	0	0	0	7200	0
GILNOO	6	6	13	0	1	0	18200	0
GILMNU	6	1	2	0	0	0	2800	0
GILMNOO	7	1	2	0	1	0	3600	0
GILNOPS	7	2	4	4	2	0	0	1
ABENRU	6	8	16	0	0	0	22400	0
GILLUY	6	1	2	0	0	0	2800	0
GILLNOST	8	1	2	0	0	0	4400	0
GIKNS	5	1	2	0	2	0	1600	0
GIKNRSY	7	1	2	0	0	0	3600	0
GIKNNU	6	1	2	0	0	0	2800	0
ABEMY	5	3	7	0	1	0	5600	0
ABELY	5	1	2	0	0	0	1600	0
ABENST	6	9	18	0	0	0	25200	0
GILNRU	6	5	10	4	4	0	8400	0.4
ABELNSTU	8	2	4	0	0	0	8800	0
GILNTU	6	1	2	0	1	0	2800	0
GILNSY	6	6	15	0	0	0	21000	0
GILNSU	6	4	9	0	2	0	12600	0
ABELNTU	7	1	2	0	0	0	3600	0
ABELNU	6	4	9	0	1	0	12600	0
GILNRSU	7	2	4	0	1	0	7200	0
ABELSY	6	2	4	0	0	0	5600	0
ABELOPRST	9	1	2	0	0	0	5200	0
ABELORST	8	1	2	0	0	0	4400	0
ABELOT	6	13	27	0	1	0	37800	0
ABELRSS	7	1	2	0	0	0	3600	0
ABELSST	7	4	8	0	0	0	14400	0
ABELSU	6	1	2	0	0	0	2800	0
ABENSST	7	1	2	0	0	0	3600	0
ABEORRS	7	4	8	0	0	0	14400	0
GIIKNRS	7	1	2	0	0	0	3600	0
ABGILMNR	8	1	2	0	0	0	4400	0
GIILNSV	7	1	2	0	0	0	3600	0
ABESSU	6	1	2	0	0	0	2800	0
ABESTU	6	3	6	0	0	0	8400	0
ABGGINR	7	1	2	0	1	0	3600	0
GIILNPS	7	3	7	0	3	0	12600	0
GIILNOR	7	3	6	0	0	0	10800	0
GIILNNS	7	2	4	0	0	0	7200	0
ABERTY	6	1	2	0	0	0	2800	0
GIILNN	6	5	10	0	1	0	14000	0
ABGILMNRS	9	1	2	0	0	0	5200	0
GIILMNPS	8	1	2	0	0	0	4400	0
ABGINO	6	1	2	0	0	0	2800	0
ABGINOST	8	1	2	0	0	0	4400	0
GIILLNPS	8	2	4	0	3	0	8800	0
ABERZ	5	1	2	0	0	0	1600	0
GIIMNNTU	8	1	2	0	0	0	4400	0
ABEORSTT	8	2	5	0	0	0	11000	0
ABERSY	6	3	6	0	0	0	8400	0
ABEORTT	7	4	9	0	0	0	16200	0
ABEORTTU	8	1	2	0	0	0	4400	0
ABEPST	6	2	4	0	0	0	5600	0
ABERSSU	7	1	2	0	0	0	3600	0
GIINPRSU	8	1	2	0	0	0	4400	0
ABERSTU	7	1	2	0	0	0	3600	0
GIINORST	8	2	4	2	0	0	4400	0.5
ABERSZ	6	1	2	0	0	0	2800	0
GIINORS	7	7	15	0	1	0	27000	0
GIINNSTT	8	1	2	2	0	0	0	1
GIINNORS	8	1	2	0	0	0	4400	0
GIINNOR	7	3	6	0	0	0	10800	0
GIINNOP	7	1	2	0	0	0	3600	0
GIIMNST	7	7	14	4	4	0	18000	0.2857
EGILNSSU	8	1	2	0	0	0	4400	0
EFOSTU	6	8	17	0	0	0	23800	0
AEEGINRST	9	1	2	0	1	0	5200	0
DEEFLU	6	1	2	0	0	0	2800	0
AINSSTT	7	3	6	0	0	0	10800	0
DEEFIN	6	1	2	0	1	0	2800	0
DEEFILR	7	1	2	0	0	0	3600	0
DEEFIIS	7	3	6	0	0	0	10800	0
DEEFIIR	7	3	9	0	0	0	16200	0
DEEFFR	6	2	4	0	0	0	5600	0
AINSTY	6	7	14	0	1	0	19600	0
AIOPRRT	7	1	2	0	0	0	3600	0
DDIORS	6	2	4	0	0	0	5600	0
AIOPRST	7	4	8	0	0	0	14400	0
DDEY	4	7	14	0	0	0	5600	0
DDERY	5	4	8	0	1	0	6400	0
AIORSST	7	7	14	0	0	0	25200	0
DDERSU	6	3	6	0	2	0	8400	0
AIORX	5	1	2	0	0	0	1600	0
DEEFIRS	7	1	2	0	0	0	3600	0
DEEFOORT	8	1	2	0	1	0	4400	0
CHIMRS	6	3	7	0	0	0	9800	0
AINRSTT	7	5	10	0	0	0	18000	0
DEEGMR	6	5	10	0	0	0	14000	0
AINORS	6	10	20	0	1	0	28000	0
AINPRSST	8	1	2	0	0	0	4400	0
DEEGLR	6	15	30	0	1	0	42000	0
DEEGLN	6	4	8	0	0	0	11200	0
AINPRST	7	3	6	0	0	0	10800	0
DEEGINSS	8	1	2	0	0	0	4400	0
DEEGINRS	8	1	2	0	1	0	4400	0
AINPSV	6	2	4	0	0	0	5600	0
DEEGILR	7	2	4	0	0	0	7200	0
AINQSTU	7	1	2	0	0	0	3600	0
AINQTU	6	1	2	0	0	0	2800	0
DEEFRTU	7	1	2	0	0	0	3600	0
DEEFRSU	7	1	2	0	0	0	3600	0
AINRSSTT	8	1	2	0	0	0	4400	0
AIOST	5	51	102	0	0	0	81600	0
AIPSS	5	10	20	0	0	0	16000	0
AIPSST	6	13	27	0	2	0	37800	0
DDEOOR	6	10	20	0	2	0	28000	0
DDEIIV	6	1	2	0	0	0	2800	0
DDEIIST	7	3	6	0	2	0	10800	0
DDEIIOS	7	2	4	0	0	0	7200	0
AJNTU	5	2	4	0	1	0	3200	0
DDEHNOS	7	1	2	0	0	0	3600	0
DDEHIS	6	4	8	0	0	0	11200	0
AJOST	5	1	2	0	1	0	1600	0
DDEGNOS	7	1	2	0	0	0	3600	0
AJOT	4	4	8	0	1	0	3200	0
DDEGIR	6	4	8	0	2	0	11200	0
DDEGIL	6	3	6	0	0	0	8400	0
DDEFNU	6	2	4	0	1	0	5600	0
DDEETTU	7	2	4	0	0	0	7200	0
DDEEST	6	23	46	0	0	0	64400	0
DDEERST	7	7	14	0	2	0	25200	0
DDEILO	6	5	10	0	2	0	14000	0
AJMOR	5	1	2	0	0	0	1600	0
AJLRU	5	1	2	0	0	0	1600	0
DDEISTU	7	1	2	0	0	0	3600	0
DDENTU	6	1	2	0	0	0	2800	0
AIPSTT	6	1	2	0	1	0	2800	0
AIPSTW	6	1	2	0	0	0	2800	0
DDENOOS	7	2	4	0	0	0	7200	0
DDENNOR	7	1	2	0	0	0	3600	0
DDELNOU	7	1	2	0	0	0	3600	0
AIRRSST	7	3	6	0	0	0	10800	0
DDEILTY	7	1	2	0	0	0	3600	0
AIRSSTT	7	25	52	0	10	0	93600	0
DDEIOS	6	9	18	0	1	0	25200	0
DDEINT	6	1	2	0	1	0	2800	0
AIRSZ	5	6	17	0	0	0	13600	0
DDEINR	6	4	8	2	2	0	8400	0.25
AIRZ	4	12	34	0	2	0	13600	0
AINOPRS	7	2	4	0	0	0	7200	0
DEEGNU	6	1	2	0	0	0	2800	0
DEEGO	5	1	2	0	0	0	1600	0
AIMNRS	6	30	62	0	6	0	86800	0
DEEIPS	6	6	12	0	0	0	16800	0
DEEIPRSS	8	1	2	0	0	0	4400	0
DEEIPRS	7	9	19	2	0	0	30600	0.1053
DEEIPRRS	8	4	8	0	0	0	17600	0
DEEIORS	7	3	6	0	0	0	10800	0
DEEINV	6	8	16	0	1	0	22400	0
DEEINSTT	8	1	2	0	0	0	4400	0
AIMNNOS	7	1	2	0	0	0	3600	0
AIMNO	5	29	58	0	9	0	46400	0
DEEINRW	7	2	4	0	1	0	7200	0
AIMNOPT	7	1	2	0	0	0	3600	0
AIMNOS	6	4	8	0	2	0	11200	0
DEEINRR	7	2	4	0	0	0	7200	0
AIMNOSTU	8	1	2	0	0	0	4400	0
DEEINPR	7	2	4	0	2	0	7200	0
AIMNNO	6	5	10	0	0	0	14000	0
DEEIRRSV	8	2	4	0	1	0	8800	0
AIMMU	5	2	4	0	0	0	3200	0
DEEISS	6	15	30	0	0	0	42000	0
DEELM	5	7	14	0	0	0	11200	0
AILPRS	6	2	4	0	1	0	5600	0
AILPSST	7	1	2	0	0	0	3600	0
AILPSTY	7	1	2	0	0	0	3600	0
DEEISX	6	2	4	0	0	0	5600	0
AILRSTU	7	1	2	0	0	0	3600	0
DEEIRW	6	2	4	0	0	0	5600	0
AIMMSU	6	1	2	0	0	0	2800	0
DEEIRV	6	22	55	0	5	0	77000	0
AILRSU	6	4	8	0	0	0	11200	0
AILRTTY	7	2	4	0	0	0	7200	0
AILRU	5	18	36	0	0	0	28800	0
DEEIRSST	8	2	4	0	0	0	8800	0
AILSTV	6	8	16	0	0	0	22400	0
AIMNOTU	7	1	2	0	0	0	3600	0
AIMNRSTT	8	1	2	0	0	0	4400	0
AINNQTU	7	1	2	0	0	0	3600	0
AIMNSTU	7	1	2	0	0	0	3600	0
AIMPRT	6	8	19	0	0	0	26600	0
DEEILMOS	8	1	2	0	0	0	4400	0
DEEIL	5	143	286	0	26	0	228800	0
DEEI	4	103	206	0	1	0	82400	0
DEEHY	5	1	2	0	0	0	1600	0
AIMPSS	6	2	4	0	0	0	5600	0
DEEHPS	6	3	6	0	0	0	8400	0
DEEHMOR	7	3	6	0	1	0	10800	0
DEEHIRR	7	2	4	0	0	0	7200	0
AIMSSY	6	1	2	0	0	0	2800	0
DEEHIPRS	8	1	2	0	0	0	4400	0
DEEHILRS	8	1	2	0	0	0	4400	0
DEEGSS	6	1	2	2	1	0	0	1
AIMSW	5	2	4	0	0	0	3200	0
AIMTY	5	3	6	0	0	0	4800	0
DEEILNS	7	9	19	0	0	0	34200	0
AIMPRST	7	4	9	0	0	0	16200	0
DEEILORT	8	1	2	0	0	0	4400	0
DEEIMNR	7	2	4	0	0	0	7200	0
DEEIMRS	7	1	2	0	0	0	3600	0
DEEIMPS	7	1	2	0	0	0	3600	0
DEEIMPR	7	2	4	0	0	0	7200	0
DEEIMNST	8	3	7	0	0	0	15400	0
DEEIMNS	7	1	2	0	0	0	3600	0
DEEIMNRR	8	2	4	0	1	0	8800	0
AIMNTT	6	4	8	0	2	0	11200	0
DEEILPR	7	1	2	0	1	0	3600	0
DEEILV	6	2	4	0	0	0	5600	0
DEEILSS	7	1	2	0	0	0	3600	0
AIMOPT	6	3	6	0	0	0	8400	0
AIMOR	5	30	60	0	1	0	48000	0
DEEILR	6	53	125	0	24	0	175000	0
DEEILPS	7	3	6	0	0	0	10800	0
DDEENU	6	3	8	0	0	0	11200	0
AJSY	4	1	2	0	0	0	800	0
DDEENRU	7	1	2	0	0	0	3600	0
CILMOORS	8	1	2	0	0	0	4400	0
ALORST	6	11	22	0	0	0	30800	0
CINOOZ	6	1	2	0	0	0	2800	0
ALORSTU	7	3	6	0	0	0	10800	0
ALORTU	6	6	12	0	0	0	16800	0
CIMPRS	6	2	4	0	3	0	5600	0
CIMOTY	6	1	2	0	0	0	2800	0
CIMOS	5	16	32	0	2	0	25600	0
CIMNSU	6	3	6	0	1	0	8400	0
CIMNOU	6	1	2	0	0	0	2800	0
CIMNO	5	16	32	0	0	0	25600	0
ALORV	5	7	16	0	0	0	12800	0
CILOOST	7	1	2	0	0	0	3600	0
CILNPSU	7	1	2	0	0	0	3600	0
CILNOU	6	1	2	0	0	0	2800	0
CILNOS	6	5	10	0	0	0	14000	0
CINORST	7	9	21	0	0	0	37800	0
CINORT	6	11	22	0	1	0	30800	0
ALOPS	5	14	28	0	1	0	22400	0
CIORS	5	21	42	0	0	0	33600	0
ALNOOSS	7	1	2	0	0	0	3600	0
ALNOSS	6	22	48	0	6	0	67200	0
CIRSTU	6	11	25	0	4	0	35000	0
ALNOSST	7	2	4	0	0	0	7200	0
ALNSTU	6	1	2	0	0	0	2800	0
ALOPRS	6	6	12	0	0	0	16800	0
CIOPT	5	21	46	0	3	0	36800	0
CINOSS	6	11	22	0	0	0	30800	0
CIOPST	6	6	14	0	2	0	19600	0
ALOPRST	7	4	8	0	1	0	14400	0
CINSTU	6	5	10	0	1	0	14000	0
CINRU	5	11	22	0	1	0	17600	0
ALOPRT	6	8	16	0	2	0	22400	0
CINOST	6	6	12	0	0	0	16800	0
CILMOORSU	9	1	2	0	0	0	5200	0
ALOTV	5	4	8	0	0	0	6400	0
ALMY	4	24	67	0	0	0	26800	0
CIKPS	5	4	8	2	5	0	4800	0.25
CHMOOS	6	4	8	2	1	0	8400	0.25
ALSWY	5	7	14	0	0	0	11200	0
ALWY	4	1	2	0	0	0	800	0
AMMRRU	6	2	4	0	0	0	5600	0
AMMRS	5	14	28	0	1	0	22400	0
AMMSU	5	3	6	0	1	0	4800	0
AMNOOR	6	1	2	0	0	0	2800	0
CHISST	6	10	21	0	1	0	29400	0
AMNOORS	7	1	2	0	0	0	3600	0
AMNORST	7	1	2	0	0	0	3600	0
AMNOSTU	7	1	2	0	0	0	3600	0
CHIORT	6	2	4	0	0	0	5600	0
CHIORST	7	1	2	0	0	0	3600	0
AMNOTU	6	2	4	0	0	0	5600	0
AMNRU	5	5	10	0	0	0	8000	0
CHMOS	5	2	4	0	0	0	3200	0
CHMOU	5	3	6	0	0	0	4800	0
CHNRU	5	1	2	0	0	0	1600	0
CIILLNOOT	9	1	2	0	0	0	5200	0
ALPRTY	6	6	12	0	1	0	16800	0
CIINRT	6	7	14	0	0	0	19600	0
CIINORT	7	1	2	0	0	0	3600	0
CIINOR	6	5	10	0	0	0	14000	0
CIIMOST	7	1	3	0	0	0	5400	0
CIILOST	7	2	4	0	0	0	7200	0
CIILLNOOST	10	1	2	0	0	0	6000	0
ALRY	4	40	80	0	1	0	32000	0
ALPSSU	6	1	2	0	0	0	2800	0
CHPSTU	6	1	2	0	0	0	2800	0
ALPSTY	6	1	2	0	0	0	2800	0
ALPUY	5	1	2	0	0	0	1600	0
ALRSTU	6	8	16	0	0	0	22400	0
ALRSY	5	13	26	0	1	0	20800	0
ALNOOS	6	13	29	0	1	0	40600	0
CKLSU	5	1	2	0	0	0	1600	0
AKLNRY	6	1	2	0	0	0	2800	0
AKPTU	5	3	6	0	0	0	4800	0
AKNO	4	5	10	0	0	0	4000	0
AKNOS	5	5	10	0	0	0	8000	0
AKNSY	5	1	2	0	0	0	1600	0
CRSSUU	6	1	2	0	0	0	2800	0
CPSSU	5	1	2	0	0	0	1600	0
AKOORR	6	2	4	0	0	0	5600	0
COSW	4	10	20	8	11	0	4800	0.4
AKORS	5	20	42	0	3	0	33600	0
AKORST	6	6	13	0	0	0	18200	0
AKORT	5	34	72	0	0	0	57600	0
AKOST	5	4	8	0	0	0	6400	0
AKOSY	5	1	2	0	0	0	1600	0
AKOT	4	17	34	0	0	0	13600	0
AKOY	4	3	7	0	0	0	2800	0
AKPRS	5	6	12	6	6	0	4800	0.5
DDEEFNRU	8	1	2	0	2	0	4400	0
DDEEGINS	8	2	4	0	1	0	8800	0
AKLY	4	4	8	0	0	0	3200	0
DDEEIST	7	2	4	0	1	0	7200	0
DDEENP	6	1	2	0	1	0	2800	0
DDEENNTU	8	1	2	0	0	0	4400	0
DDEEMO	6	4	8	0	1	0	11200	0
DDEELU	6	1	2	0	0	0	2800	0
DDEELRS	7	2	4	0	0	0	7200	0
AKLO	4	13	26	0	1	0	10400	0
AKLOP	5	1	2	0	0	0	1600	0
DDEEIIOPRS	10	1	2	0	0	0	6000	0
DDEEIRR	7	7	15	0	0	0	27000	0
DDEEIR	6	21	48	0	0	0	67200	0
DDEEINT	7	2	4	0	1	0	7200	0
DDEEINS	7	13	26	0	2	0	46800	0
DDEEIN	6	3	6	0	0	0	8400	0
AKLOS	5	3	6	0	0	0	4800	0
AKPSU	5	1	2	0	0	0	1600	0
AKPU	4	4	8	0	0	0	3200	0
ALMSY	5	2	4	0	0	0	3200	0
COPRSU	6	1	2	0	0	0	2800	0
ALLOY	5	7	14	0	0	0	11200	0
ALLSTY	6	1	2	0	0	0	2800	0
ALMMS	5	6	12	0	0	0	9600	0
ALMMY	5	1	2	0	0	0	1600	0
CLNOSU	6	3	6	0	0	0	8400	0
CLNOOS	6	2	4	0	1	0	5600	0
ALMNOS	6	7	14	0	3	0	19600	0
ALMORST	7	2	4	0	0	0	7200	0
CKRSTU	6	1	2	2	2	0	0	1
CKOY	4	3	6	0	0	0	2400	0
ALMOST	6	16	33	0	1	0	46200	0
CKORY	5	1	2	0	2	0	1600	0
ALMOSU	6	1	2	0	0	0	2800	0
ALMPSS	6	2	4	0	0	0	5600	0
ALMRY	5	3	6	0	0	0	4800	0
ALLOSW	6	1	2	0	0	0	2800	0
CLOSTY	6	1	2	0	0	0	2800	0
ALLOST	6	13	26	0	3	0	36400	0
CNOOST	6	10	21	0	1	0	29400	0
AKRSST	6	2	4	0	1	0	5600	0
AKRSTU	6	2	4	0	0	0	5600	0
AKRTU	5	1	2	0	0	0	1600	0
AKSU	4	19	38	0	0	0	15200	0
CNOSU	5	11	23	0	1	0	18400	0
AKTY	4	5	10	0	1	0	4000	0
CNOORST	7	1	2	0	0	0	3600	0
ALLOS	5	39	78	0	1	0	62400	0
CMPRSU	6	1	2	0	1	0	2800	0
CMORU	5	11	22	0	0	0	17600	0
CMORSU	6	3	6	0	0	0	8400	0
CMOOPST	7	1	2	0	1	0	3600	0
ALLMOS	6	1	2	0	0	0	2800	0
ALLNOS	6	8	16	0	0	0	22400	0
AILPR	5	15	30	0	0	0	24000	0
AILPP	5	2	4	0	0	0	3200	0
AILOV	5	5	10	2	2	0	6400	0.2
DEGMSU	6	1	2	0	0	0	2800	0
DEHILOPS	8	1	2	0	0	0	4400	0
AGLRUY	6	1	2	0	0	0	2800	0
AGLRY	5	8	16	0	0	0	12800	0
DEGSU	5	4	8	0	0	0	6400	0
AGLSTU	6	5	10	0	0	0	14000	0
DEGOT	5	10	20	0	2	0	16000	0
DEGOST	6	3	6	0	1	0	8400	0
AGLSU	5	8	18	0	0	0	14400	0
DEGORSU	7	1	2	0	0	0	3600	0
DEGORST	7	6	12	0	1	0	21600	0
DEGORSS	7	1	2	0	0	0	3600	0
AGLTU	5	7	14	0	0	0	11200	0
AGLY	4	12	24	0	0	0	9600	0
AGMNOS	6	3	6	0	2	0	8400	0
AGMNSU	6	1	2	0	0	0	2800	0
DEHILS	6	7	14	0	1	0	19600	0
AGLRU	5	9	19	0	0	0	15200	0
DEHINO	6	4	8	0	0	0	11200	0
AGLMU	5	9	22	0	2	0	17600	0
DEHNSY	6	1	2	0	0	0	2800	0
AGKNS	5	1	2	0	2	0	1600	0
DEHNORT	7	10	21	0	3	0	37800	0
AGLLNO	6	1	2	0	1	0	2800	0
AGLLNTU	7	1	2	0	0	0	3600	0
AGLMSU	6	2	5	0	0	0	7000	0
DEHITW	6	1	2	0	1	0	2800	0
DEHINOP	7	1	2	0	0	0	3600	0
AGLNOS	6	17	37	0	4	0	51800	0
AGLNUU	6	1	2	0	0	0	2800	0
DEHIRST	7	3	6	0	4	0	10800	0
AGLORS	6	6	15	0	1	0	21000	0
AGLRSU	6	1	2	0	0	0	2800	0
DEHINRS	7	3	6	0	0	0	10800	0
DEGNRSU	7	1	2	0	0	0	3600	0
DEGMRSU	7	1	2	0	0	0	3600	0
AGISST	6	4	8	0	1	0	11200	0
DEGLY	5	1	2	0	1	0	1600	0
DEGINSU	7	1	2	0	0	0	3600	0
AGNOW	5	10	23	0	1	0	18400	0
AGNRTY	6	3	6	0	0	0	8400	0
AGNRY	5	5	10	0	2	0	8000	0
AGNSU	5	4	8	0	0	0	6400	0
AGNSY	5	5	10	0	1	0	8000	0
AGORSU	6	1	2	0	0	0	2800	0
DEGINNT	7	2	4	2	3	0	3600	0.5
AGRSSU	6	2	4	0	1	0	5600	0
AGRSTU	6	3	6	0	0	0	8400	0
DEGINNOPRT	10	1	2	0	0	0	6000	0
AHHSS	5	13	26	2	1	0	19200	0.07692
AHIKRS	6	7	17	0	0	0	23800	0
DEGILU	6	1	2	0	0	0	2800	0
AHILNY	6	3	6	0	0	0	8400	0
DEGINSW	7	1	2	0	0	0	3600	0
DEGINT	6	1	2	0	0	0	2800	0
DEGINW	6	1	2	0	1	0	2800	0
DEGISU	6	2	4	2	0	0	2800	0.5
DEGLORS	7	1	2	0	0	0	3600	0
DEGLOR	6	2	4	0	0	0	5600	0
DEGLOPS	7	1	2	0	0	0	3600	0
AGMORS	6	4	8	0	0	0	11200	0
AGMORY	6	1	2	0	0	0	2800	0
DEGKLU	6	1	2	0	0	0	2800	0
AGNNOOR	7	1	2	0	0	0	3600	0
DEGINY	6	5	11	0	0	0	15400	0
AGNOS	5	12	24	0	1	0	19200	0
AGNOSS	6	3	6	0	0	0	8400	0
AGNOSW	6	2	4	0	1	0	5600	0
AGNOTU	6	1	2	0	0	0	2800	0
DEGIOS	6	1	2	0	0	0	2800	0
DEGIO	5	4	8	0	1	0	6400	0
AGKN	4	3	6	0	2	0	2400	0
AGIRSV	6	1	2	0	0	0	2800	0
AHILST	6	24	50	0	2	0	70000	0
AGINNPS	7	1	2	0	1	0	3600	0
AGILORS	7	1	2	0	0	0	3600	0
DEILMOST	8	1	2	0	0	0	4400	0
DEILMOS	7	3	6	0	0	0	10800	0
DEILMOPR	8	1	2	0	0	0	4400	0
DEILMO	6	1	2	0	0	0	2800	0
DEILMN	6	3	6	0	1	0	8400	0
DEILLU	6	4	8	0	0	0	11200	0
AGILOS	6	1	2	0	0	0	2800	0
DEILLSU	7	1	2	0	0	0	3600	0
AGILOST	7	1	2	0	0	0	3600	0
AGILOT	6	1	2	0	0	0	2800	0
DEIKY	5	1	2	0	0	0	1600	0
AGILS	5	23	46	0	2	0	36800	0
AGIMO	5	10	20	0	0	0	16000	0
AGIMOS	6	5	10	0	0	0	14000	0
AGILNY	6	1	2	0	0	0	2800	0
AGILNU	6	3	6	0	0	0	8400	0
AGILNSY	7	1	2	0	0	0	3600	0
DEILOOPSZ	9	1	2	0	0	0	5200	0
AGILNPRSY	9	1	2	0	0	0	5200	0
AGILNPS	7	2	4	0	0	0	7200	0
AGILNRST	8	2	4	0	0	0	8800	0
DEILORS	7	6	12	2	0	0	18000	0.1667
AGILNRSTY	9	1	2	0	0	0	5200	0
DEILOP	6	3	6	0	0	0	8400	0
AGILNRY	7	4	10	0	1	0	18000	0
AGILNSU	7	3	6	0	0	0	10800	0
AGILNSST	8	2	4	2	2	0	4400	0.5
DEILNSW	7	2	4	0	0	0	7200	0
DEILNSSW	8	1	2	0	1	0	4400	0
DEILNPS	7	1	2	0	0	0	3600	0
DEILNOS	7	2	4	0	1	0	7200	0
DEILNO	6	3	6	0	2	0	8400	0
AGIMS	5	8	16	0	0	0	12800	0
DEIKLS	6	1	2	0	0	0	2800	0
AGIRST	6	3	6	0	1	0	8400	0
AGINNSW	7	2	4	0	0	0	7200	0
DEIILOS	7	2	4	0	0	0	7200	0
DEIILNS	7	2	4	0	0	0	7200	0
DEIILMT	7	3	6	0	0	0	10800	0
DEIILLRST	9	2	4	0	0	0	10400	0
DEIIKN	6	1	2	0	0	0	2800	0
AGINPRST	8	1	2	2	1	0	0	1
AGINPSS	7	1	2	0	0	0	3600	0
AGINRW	6	1	2	0	2	0	2800	0
AGINTTU	7	1	2	0	0	0	3600	0
DEHOTU	6	5	10	0	2	0	14000	0
AGINW	5	1	2	0	0	0	1600	0
AGIORST	7	1	2	0	0	0	3600	0
AGIPR	5	5	10	0	0	0	8000	0
AGIPRS	6	1	2	0	0	0	2800	0
DEHORT	6	4	8	0	0	0	11200	0
DEIIM	5	5	10	0	0	0	8000	0
DEIIMNOS	8	1	2	0	0	0	4400	0
DEIIMST	7	2	4	0	0	0	7200	0
DEIINST	7	2	4	0	0	0	7200	0
DEIISTT	7	3	6	0	0	0	10800	0
DEIIST	6	2	4	0	0	0	5600	0
DEIIRST	7	10	20	0	1	0	36000	0
DEIIRS	6	32	64	0	2	0	89600	0
DEIIPRT	7	1	2	0	0	0	3600	0
AGINORSS	8	1	2	0	0	0	4400	0
DEIINSST	8	1	2	0	0	0	4400	0
DEIINORS	8	1	2	0	0	0	4400	0
AGINORTT	8	2	4	0	0	0	8800	0
DEIINRT	7	1	2	0	0	0	3600	0
DEIINRST	8	2	4	0	0	0	8800	0
AGINOS	6	2	4	0	0	0	5600	0
DEIINOT	7	3	6	0	0	0	10800	0
DEIINOST	8	3	6	0	0	0	13200	0
AHILPS	6	1	2	0	0	0	2800	0
DEGILNV	7	1	2	0	0	0	3600	0
AILORST	7	5	11	0	1	0	19800	0
AILMRT	6	7	14	0	0	0	19600	0
AIKRT	5	6	12	0	0	0	9600	0
DEENRU	6	8	16	0	5	0	22400	0
AILLMOST	8	1	2	0	0	0	4400	0
AILLPU	6	1	2	0	0	0	2800	0
DEENRSU	7	1	2	0	1	0	3600	0
DEENRSTU	8	4	8	0	0	0	17600	0
AILMMS	6	2	4	0	0	0	5600	0
AILMNOS	7	4	9	0	0	0	16200	0
AILMNPS	7	1	2	0	0	0	3600	0
AILMNS	6	5	10	0	1	0	14000	0
DEENORW	7	1	2	0	1	0	3600	0
AILMNU	6	11	24	0	0	0	33600	0
AILMOORT	8	2	4	0	0	0	8800	0
AILMP	5	11	22	0	0	0	17600	0
AILMPS	6	4	8	0	0	0	11200	0
DEENSSY	7	1	2	0	0	0	3600	0
DEENSTT	7	8	16	0	1	0	28800	0
DEENSTU	7	1	2	0	1	0	3600	0
AIKK	4	1	2	0	0	0	800	0
DEEPRSS	7	1	2	0	0	0	3600	0
AIIMNST	7	3	6	0	0	0	10800	0
AIINSTT	7	4	8	0	0	0	14400	0
DEEORTT	7	5	10	0	0	0	18000	0
AIINSTTV	8	1	2	0	0	0	4400	0
AIIRSSTT	8	2	4	0	0	0	8800	0
DEEOPS	6	8	16	0	1	0	22400	0
DEENSW	6	2	4	0	0	0	5600	0
AIKMS	5	12	31	0	4	0	24800	0
DEEOPRRT	8	1	2	2	2	0	0	1
DEENU	5	5	10	0	1	0	8000	0
DEENTU	6	8	16	0	2	0	22400	0
AIKNPRS	7	1	2	0	0	0	3600	0
AIKNS	5	38	97	0	4	0	77600	0
AILMRST	7	1	2	0	0	0	3600	0
DEEMRU	6	9	18	0	4	0	25200	0
DEEPRU	6	2	4	0	1	0	5600	0
AILMSS	6	3	6	0	0	0	8400	0
AILNSV	6	3	6	0	0	0	8400	0
AILNSY	6	2	4	0	0	0	5600	0
DEELRU	6	3	6	0	2	0	8400	0
DEELRSU	7	2	4	0	2	0	7200	0
DEELRSTU	8	5	12	0	0	0	26400	0
DEELRSSTU	9	2	4	0	0	0	10400	0
AILNV	5	20	44	0	1	0	35200	0
DEELPR	6	3	6	0	1	0	8400	0
AILOOR	6	11	22	0	0	0	30800	0
DEELORTT	8	1	2	0	0	0	4400	0
DEELORRSS	9	1	2	0	0	0	5200	0
DEELORRS	8	2	4	0	0	0	8800	0
AILOORS	7	2	4	0	0	0	7200	0
DEELNST	7	1	2	0	1	0	3600	0
AILOP	5	18	36	0	0	0	28800	0
AILNSU	6	10	20	0	0	0	28000	0
DEELSTW	7	1	2	0	0	0	3600	0
DEELSU	6	8	16	0	1	0	22400	0
AILMU	5	3	6	0	0	0	4800	0
AILMST	6	16	32	0	2	0	44800	0
AILMSU	6	1	2	0	0	0	2800	0
DEEMPT	6	3	6	0	0	0	8400	0
DEEMPR	6	5	10	0	2	0	14000	0
DEEMOT	6	6	12	0	5	0	16800	0
DEEMOR	6	2	4	0	0	0	5600	0
AILNOSS	7	2	4	0	0	0	7200	0
AILNSTY	7	2	4	0	1	0	7200	0
AILNOST	7	10	20	0	1	0	36000	0
AILNOT	6	25	50	0	1	0	70000	0
AILNPT	6	10	20	0	1	0	28000	0
DEELTU	6	1	2	0	0	0	2800	0
AILNRT	6	5	10	0	0	0	14000	0
DEELSW	6	3	6	0	0	0	8400	0
DEEPRSU	7	1	2	0	0	0	3600	0
AIIMNSS	7	1	2	0	0	0	3600	0
DEGILNT	7	2	4	0	1	0	7200	0
AHIRSW	6	3	6	0	0	0	8400	0
AHIORST	7	5	10	0	0	0	18000	0
DEFORST	7	3	6	0	0	0	10800	0
AHIPPS	6	1	2	0	1	0	2800	0
DEFNRU	6	3	6	0	3	0	8400	0
DEFNRSU	7	2	4	0	1	0	7200	0
DEFNORU	7	4	8	4	2	0	7200	0.5
DEFNORSU	8	1	2	0	0	0	4400	0
DEFMOR	6	1	2	0	0	0	2800	0
AHIPRS	6	4	8	0	0	0	11200	0
DEFLOT	6	1	2	0	0	0	2800	0
AHIRRS	6	32	70	0	0	0	98000	0
AHIRRSS	7	1	2	0	0	0	3600	0
DEFLOOR	7	1	3	0	0	0	5400	0
AHIRST	6	10	20	0	0	0	28000	0
AHIRSTT	7	10	20	0	0	0	36000	0
AHIORSST	8	1	2	0	0	0	4400	0
AHINRS	6	3	6	0	0	0	8400	0
AHINPRSST	9	1	2	0	0	0	5200	0
DEGIINST	8	2	4	0	1	0	8800	0
AHIMPS	6	3	6	0	0	0	8400	0
DEGILNOS	8	1	2	0	0	0	4400	0
AHIMPSS	7	1	2	0	0	0	3600	0
AHIMR	5	7	14	0	0	0	11200	0
AHIMRS	6	16	32	0	1	0	44800	0
DEGIINT	7	1	3	0	0	0	5400	0
DEGIINRS	8	2	4	2	0	0	4400	0.5
DEGHILT	7	3	6	0	0	0	10800	0
DEGIINNS	8	2	4	0	0	0	8800	0
DEGIILN	7	1	2	0	0	0	3600	0
AHIMRST	7	4	8	0	0	0	14400	0
DEGHIRT	7	1	2	0	0	0	3600	0
DEGHIR	6	5	10	0	0	0	14000	0
AHIMRT	6	5	10	0	0	0	14000	0
DEFIY	5	3	6	0	0	0	4800	0
AHIST	5	31	62	0	2	0	49600	0
AIIMNRST	8	1	2	0	0	0	4400	0
AHISTU	6	1	2	0	0	0	2800	0
AHMSU	5	3	6	0	0	0	4800	0
AHMSW	5	3	6	0	0	0	4800	0
AHMW	4	22	49	0	1	0	19600	0
AHNORS	6	6	12	0	0	0	16800	0
AHOPRS	6	4	8	0	0	0	11200	0
DEERTV	6	5	10	0	0	0	14000	0
AHPSU	5	2	4	0	0	0	3200	0
DEERSV	6	3	6	0	0	0	8400	0
DEERSTW	7	1	2	0	0	0	3600	0
DEERSTV	7	8	16	0	0	0	28800	0
AHPSW	5	3	6	0	0	0	4800	0
AHPU	4	11	22	0	0	0	8800	0
AHRSSU	6	3	6	0	0	0	8400	0
DEERRSS	7	2	4	0	0	0	7200	0
AIILMRST	8	1	2	0	0	0	4400	0
AHMOOPS	7	1	2	0	0	0	3600	0
AHMNNSTU	8	1	2	0	0	0	4400	0
DEESX	5	3	6	2	3	0	3200	0.3333
DEFIKN	6	2	4	0	0	0	5600	0
AHKO	4	4	8	0	0	0	3200	0
AHKOS	5	5	14	0	0	0	11200	0
AHKOSS	6	2	4	0	0	0	5600	0
DEFILS	6	2	4	0	0	0	5600	0
AHLLMO	6	1	2	0	0	0	2800	0
AHLLOSW	7	1	2	0	0	0	3600	0
DEFIILN	7	2	4	0	0	0	7200	0
AHLSY	5	8	16	0	2	0	12800	0
AHLMOS	6	9	18	0	0	0	25200	0
DEFHLSU	7	1	2	0	0	0	3600	0
DEFFLU	6	1	3	3	2	0	0	1
AHLMS	5	6	12	0	0	0	9600	0
AHLNOS	6	1	2	0	0	0	2800	0
AHLOST	6	23	46	0	0	0	64400	0
AMOORV	6	3	6	0	0	0	8400	0
CHIMORS	7	1	2	0	0	0	3600	0
AGILNNS	7	5	10	0	0	0	18000	0
CEEIPR	6	8	16	0	0	0	22400	0
CEEINRT	7	6	12	0	0	0	21600	0
CEEINRST	8	7	15	0	0	0	33000	0
CEEINRS	7	2	4	0	0	0	7200	0
CEEINPS	7	1	2	0	0	0	3600	0
CEEINPRT	8	1	2	0	0	0	4400	0
CEEINP	6	2	4	0	0	0	5600	0
BELSUY	6	1	2	0	0	0	2800	0
CEEINNRT	8	1	2	0	0	0	4400	0
CEEIMRRSU	9	1	2	0	0	0	5200	0
CEEIMNOOS	9	1	3	0	0	0	7800	0
CEEILSS	7	1	2	0	0	0	3600	0
CEEILRT	7	1	2	0	0	0	3600	0
CEEILPRS	8	2	4	0	0	0	8800	0
CEEILNT	7	2	4	0	0	0	7200	0
CEEILNS	7	1	2	0	0	0	3600	0
CEEIORST	8	1	2	0	0	0	4400	0
CEEIPRS	7	3	6	0	0	0	10800	0
AMORRS	6	9	18	0	1	0	25200	0
CEEIPS	6	1	2	0	0	0	2800	0
CEEMOPR	7	1	2	0	0	0	3600	0
CEELST	6	14	28	0	0	0	39200	0
CEELRU	6	4	8	0	0	0	11200	0
CEELRSTU	8	1	2	0	1	0	4400	0
CEELRS	6	2	4	0	0	0	5600	0
CEELPS	6	1	2	0	0	0	2800	0
CEELPRT	7	1	2	0	0	0	3600	0
CEELORT	7	6	12	0	0	0	21600	0
CEELORST	8	3	6	0	0	0	13200	0
CEELORS	7	1	2	0	1	0	3600	0
CEEKLSS	7	1	2	0	0	0	3600	0
CEEKLS	6	2	4	0	0	0	5600	0
BELRRU	6	1	2	0	0	0	2800	0
BELSS	5	2	4	0	0	0	3200	0
CEEIRRSS	8	1	2	0	1	0	4400	0
CEEILLNT	8	1	2	0	0	0	4400	0
CEEILLNST	9	1	2	0	0	0	5200	0
CEEIIOPPSS	10	1	2	0	0	0	6000	0
CEEHRW	6	1	2	0	1	0	2800	0
CEEGIRS	7	1	2	0	0	0	3600	0
CEEGINRST	9	1	2	0	1	0	5200	0
CEEGINR	7	1	2	0	0	0	3600	0
CEEGINNRT	9	1	2	0	0	0	5200	0
CEEGINNRST	10	1	2	0	0	0	6000	0
CEEGINNRS	9	1	2	0	0	0	5200	0
CEEFPRT	7	1	2	0	2	0	3600	0
CEEFPRST	8	1	2	0	1	0	4400	0
CEEFHL	6	1	2	0	0	0	2800	0
BENORTTU	8	1	2	0	2	0	4400	0
BENORU	6	5	10	0	0	0	14000	0
BENOST	6	3	6	0	0	0	8400	0
CDOSU	5	10	23	0	1	0	18400	0
BENOSW	6	1	2	0	0	0	2800	0
CDORSU	6	1	2	0	0	0	2800	0
CEEGR	5	6	12	0	0	0	9600	0
CEEGRS	6	4	8	0	0	0	11200	0
BENORSU	7	3	6	0	0	0	10800	0
CEEHNST	7	1	2	0	0	0	3600	0
BELTU	5	2	4	0	0	0	3200	0
BEMNSU	6	4	8	0	0	0	11200	0
BENOOT	6	2	4	0	0	0	5600	0
CEEHORS	7	2	5	0	1	0	9000	0
CEEHOR	6	18	42	0	3	0	58800	0
CEEHNT	6	1	2	0	0	0	2800	0
BENORSTU	8	3	6	0	0	0	13200	0
CEEHIL	6	4	8	0	0	0	11200	0
CEEHLPRSU	9	1	2	0	0	0	5200	0
CEEHISV	7	1	2	0	0	0	3600	0
CEEHIRT	7	7	14	0	0	0	25200	0
CEEHIOR	7	1	2	0	1	0	3600	0
CEEHIMS	7	1	2	0	0	0	3600	0
CEEHILS	7	4	8	0	0	0	14400	0
CEEMRS	6	3	6	0	0	0	8400	0
CEENNORST	9	1	2	0	0	0	5200	0
CEENORS	7	3	6	0	0	0	10800	0
CEGINRSU	8	1	2	0	0	0	4400	0
BEINRSU	7	2	4	0	0	0	7200	0
BEIORRT	7	1	2	0	0	0	3600	0
BEIORSST	8	1	2	0	0	0	4400	0
BEIORST	7	4	8	0	0	0	14400	0
BEIOST	6	16	34	0	0	0	47600	0
CEHILNT	7	1	2	0	0	0	3600	0
BEIRRSTU	8	1	2	0	0	0	4400	0
BEIRRU	6	1	2	0	0	0	2800	0
CEHIKNT	7	1	2	0	0	0	3600	0
BEISST	6	17	34	0	2	0	47600	0
CEHIINPRT	9	1	2	0	0	0	5200	0
CEHHT	5	8	16	0	0	0	12800	0
CEHHSU	6	3	6	0	0	0	8400	0
CEHHST	6	2	4	0	0	0	5600	0
CEHHIRS	7	1	2	0	0	0	3600	0
CEHIMST	7	1	2	0	0	0	3600	0
BEINOST	7	4	8	0	1	0	14400	0
CEHINPR	7	2	4	0	1	0	7200	0
BEIMOS	6	2	4	0	0	0	5600	0
BEILR	5	5	10	0	0	0	8000	0
BEILRS	6	4	9	0	1	0	12600	0
BEIMO	5	4	8	0	0	0	6400	0
CEHIRT	6	3	6	0	1	0	8400	0
CEHIRSTT	8	1	2	0	0	0	4400	0
CEHIRST	7	3	7	0	1	0	12600	0
CEHIPR	6	4	8	0	0	0	11200	0
BEINOOST	8	1	2	0	0	0	4400	0
CEHIOST	7	4	8	0	0	0	14400	0
CEHIORSTT	9	1	2	0	0	0	5200	0
CEHIOR	6	1	2	0	0	0	2800	0
BEIMRST	7	2	4	0	0	0	7200	0
CEHINRT	7	1	2	0	0	0	3600	0
BEIMRT	6	6	12	0	0	0	16800	0
BEKR	4	9	18	0	1	0	7200	0
BELMMU	6	1	2	0	0	0	2800	0
CEENPS	6	6	12	0	5	0	16800	0
CEGINOS	7	5	10	0	0	0	18000	0
BELNSTU	7	1	2	0	0	0	3600	0
CEERRSSU	8	1	2	0	0	0	4400	0
BELOOS	6	3	8	0	0	0	11200	0
CEEPRY	6	1	2	0	0	0	2800	0
CEEPRST	7	11	26	0	2	0	46800	0
CEEPRS	6	12	25	2	1	0	32200	0.08
CEEPRRSU	8	1	2	0	0	0	4400	0
BELORS	6	12	27	0	2	0	37800	0
CEEORRSU	8	1	2	0	0	0	4400	0
CEEOPRRSS	9	1	2	0	0	0	5200	0
CEENSS	6	2	4	0	0	0	5600	0
BELORSST	8	1	2	0	1	0	4400	0
CEENRST	7	16	32	16	12	0	28800	0.5
BELORW	6	1	2	2	0	0	0	1
BELOSW	6	1	2	0	0	0	2800	0
BELNOS	6	4	8	0	2	0	11200	0
CEERSST	7	7	15	0	2	0	27000	0
CEERSSU	7	3	6	0	0	0	10800	0
CEGHINORT	9	1	2	0	0	0	5200	0
CEGINORS	8	1	2	0	0	0	4400	0
CEGINNS	7	1	2	0	0	0	3600	0
CEGINNORST	10	1	2	0	0	0	6000	0
CEGIKNNS	8	1	2	0	1	0	4400	0
CEGIILN	7	2	4	0	0	0	7200	0
CEGHINST	8	1	2	0	0	0	4400	0
CEGHINOR	8	1	2	0	0	0	4400	0
BELMSU	6	1	2	0	1	0	2800	0
CEFORSU	7	1	2	0	0	0	3600	0
BELMORSY	8	1	2	0	0	0	4400	0
CEFINORS	8	2	5	0	0	0	11000	0
CEFINOR	7	2	5	0	0	0	9000	0
BELMRSU	7	1	2	2	1	0	0	1
BELMRU	6	2	4	2	2	0	2800	0.5
BEOPRS	6	1	2	0	0	0	2800	0
AABB	4	3	6	0	0	0	2400	0
BEORRS	6	3	6	0	0	0	8400	0
CDEEIRS	7	2	4	0	0	0	7200	0
CDEETT	6	4	8	0	0	0	11200	0
CDEESU	6	3	6	0	0	0	8400	0
CDEESTT	7	1	2	0	0	0	3600	0
CDEERSU	7	2	4	0	0	0	7200	0
BLOSU	5	6	12	0	0	0	9600	0
CDEEOST	7	2	4	0	0	0	7200	0
CDEENS	6	7	14	0	2	0	19600	0
CDEENRS	7	1	2	0	0	0	3600	0
CDEENR	6	12	24	0	0	0	33600	0
CDEENOS	7	1	2	0	0	0	3600	0
CDEENORS	8	2	4	0	0	0	8800	0
CDEENOR	7	3	6	0	0	0	10800	0
BMOSU	5	3	6	0	1	0	4800	0
CDEEKLS	7	2	4	0	0	0	7200	0
CDEEKL	6	2	4	0	0	0	5600	0
CDEEU	5	4	8	0	0	0	6400	0
CDEGINOS	8	2	4	0	0	0	8800	0
CDEGINU	7	1	2	0	0	0	3600	0
CDEHLOOS	8	1	2	0	0	0	4400	0
CDEIIKST	8	1	2	0	0	0	4400	0
BIRTTU	6	1	2	0	0	0	2800	0
CDEHOU	6	3	6	2	2	0	5600	0.3333
CDEHOSU	7	4	9	0	3	0	16200	0
BKNOSU	6	1	2	0	0	0	2800	0
CDEHNRU	7	1	2	0	0	0	3600	0
CDEHISU	7	1	2	0	0	0	3600	0
BKRSU	5	3	6	2	1	0	3200	0.3333
BKNOU	5	1	2	0	0	0	1600	0
BKNSU	5	1	2	0	1	0	1600	0
CDEHIOOR	8	1	2	0	0	0	4400	0
CDEHIMORS	9	1	2	0	0	0	5200	0
CDEHILR	7	2	5	0	0	0	9000	0
CDEHIL	6	3	6	0	1	0	8400	0
CDEEIRST	8	4	8	0	0	0	17600	0
CDEEIRRT	8	1	2	0	0	0	4400	0
CDEIINRT	8	1	2	0	0	0	4400	0
CDEEIN	6	3	6	0	0	0	8400	0
CCERSU	6	1	2	0	0	0	2800	0
CCEOSS	6	1	2	0	0	0	2800	0
CCEOS	5	8	16	0	0	0	12800	0
CCEORS	6	10	21	0	1	0	29400	0
CCEOR	5	6	12	0	0	0	9600	0
BRSSTU	6	4	8	4	1	0	5600	0.5
CCEIR	5	31	62	0	1	0	49600	0
CCEIORT	7	4	8	0	0	0	14400	0
CCEINORS	8	1	2	0	0	0	4400	0
CCEINOR	7	3	6	0	0	0	10800	0
CCEHIRS	7	1	2	0	0	0	3600	0
CCEHIO	6	2	4	0	0	0	5600	0
CCEHILS	7	1	2	0	0	0	3600	0
CCEHIL	6	1	2	0	0	0	2800	0
CCEEINORST	10	1	2	0	0	0	6000	0
CCESSU	6	1	2	0	0	0	2800	0
CCHLTU	6	1	2	0	0	0	2800	0
CCIIRT	6	3	6	0	0	0	8400	0
BNORSU	6	4	8	0	0	0	11200	0
CDEEILS	7	1	2	0	0	0	3600	0
CDEEILP	7	2	4	0	0	0	7200	0
CDEEIL	6	14	38	0	2	0	53200	0
CDEEIILRT	9	1	2	0	0	0	5200	0
BMOU	4	6	12	0	1	0	4800	0
CDEEHORT	8	1	2	0	0	0	4400	0
CDEEHOR	7	4	9	0	1	0	16200	0
BORSTU	6	2	4	0	0	0	5600	0
CDDETU	6	1	2	2	0	0	0	1
CDDEOR	6	1	2	2	2	0	0	1
BOOSZ	5	1	2	0	0	0	1600	0
BOOZ	4	2	4	0	2	0	1600	0
CDDEEOR	7	1	2	0	0	0	3600	0
CDDEENS	7	2	4	0	0	0	7200	0
CDEIINRST	9	1	2	0	0	0	5200	0
CDEIINT	7	2	4	0	0	0	7200	0
CDNOOR	6	1	2	0	1	0	2800	0
BGSU	4	5	10	6	1	0	1600	0.6
BGILNU	6	1	2	0	0	0	2800	0
CDEOU	5	1	2	0	0	0	1600	0
CDEOSU	6	1	2	0	0	0	2800	0
CDEOSTU	7	2	5	0	0	0	9000	0
BGINNOSSU	9	1	2	0	1	0	5200	0
BGIO	4	12	24	0	1	0	9600	0
CDEORSTU	8	2	4	0	0	0	8800	0
CDEORSS	7	1	2	0	0	0	3600	0
BGIOS	5	5	11	0	1	0	8800	0
CDEORRS	7	4	8	4	3	0	7200	0.5
BGNOO	5	2	4	0	0	0	3200	0
BGOOY	5	2	4	0	0	0	3200	0
CDEOO	5	10	20	0	1	0	16000	0
CDENSU	6	3	6	0	0	0	8400	0
CDENOS	6	4	8	0	1	0	11200	0
CDERSTU	7	2	4	0	0	0	7200	0
CDERSY	6	1	2	0	0	0	2800	0
CDERY	5	1	2	0	0	0	1600	0
CDIOST	6	2	4	0	2	0	5600	0
BEORWY	6	1	2	0	0	0	2800	0
BEOSST	6	3	6	0	0	0	8400	0
BEOSY	5	3	6	0	0	0	4800	0
BEOY	4	21	42	0	1	0	16800	0
BERSUY	6	1	2	0	0	0	2800	0
CDIPU	5	1	2	0	0	0	1600	0
CDILU	5	7	14	0	1	0	11200	0
BGILNOS	7	1	2	0	0	0	3600	0
BERSY	5	2	4	2	2	0	1600	0.5
CDHIOR	6	2	4	0	0	0	5600	0
CDHIOOR	7	1	2	0	0	0	3600	0
CDGILNOS	8	1	3	0	0	0	6600	0
CDGILNO	7	1	2	0	0	0	3600	0
BGILNO	6	2	4	0	0	0	5600	0
BGRSU	5	1	2	0	0	0	1600	0
CDENOOS	7	2	4	0	0	0	7200	0
CDEIIRT	7	1	2	0	0	0	3600	0
BHIRST	6	2	4	0	0	0	5600	0
BINOSS	6	1	2	0	0	0	2800	0
CDEIORSSU	9	2	4	0	0	0	10400	0
CDEINSU	7	1	2	0	0	0	3600	0
BINOST	6	1	2	0	0	0	2800	0
BIOOST	6	1	2	0	0	0	2800	0
CDEINOS	7	6	12	0	1	0	21600	0
CDEINORSU	9	1	2	0	0	0	5200	0
CDEIMR	6	1	2	0	0	0	2800	0
CDEIM	5	14	28	0	2	0	22400	0
CDEILT	6	8	16	0	0	0	22400	0
BIOST	5	16	32	0	0	0	25600	0
BIOSTU	6	2	4	0	0	0	5600	0
CDEIKR	6	1	2	0	0	0	2800	0
CDEIKNS	7	1	2	2	1	0	0	1
BIOTU	5	9	18	0	0	0	14400	0
CDEIPRS	7	1	2	0	0	0	3600	0
BINORS	6	1	2	0	0	0	2800	0
CDEIRST	7	2	4	0	0	0	7200	0
CDEKOST	7	1	2	2	0	0	0	1
CDEMOO	6	1	2	0	0	0	2800	0
CDELU	5	5	10	0	2	0	8000	0
CDELRU	6	3	6	0	0	0	8400	0
BHIRT	5	5	10	0	0	0	8000	0
CDELOOR	7	5	10	0	0	0	18000	0
BHLSU	5	1	2	0	0	0	1600	0
CDEKO	5	2	4	0	1	0	3200	0
CDEIRSTU	8	1	2	0	1	0	4400	0
BHOOS	5	1	2	0	0	0	1600	0
BHORT	5	2	4	0	1	0	3200	0
BHRSU	5	4	8	0	2	0	6400	0
CDEIST	6	8	16	0	4	0	22400	0
BIIKR	5	2	4	0	0	0	3200	0
BIIKRS	6	1	2	0	0	0	2800	0
CEHLOR	6	1	2	0	0	0	2800	0
CEHLSY	6	1	2	0	0	0	2800	0
BEILORS	7	2	4	0	1	0	7200	0
CENOORRS	8	1	2	0	0	0	4400	0
CENOSTU	7	1	2	0	0	0	3600	0
BBEILOS	7	1	2	0	0	0	3600	0
CENORU	6	3	6	0	0	0	8400	0
BCDEEIRS	8	1	2	0	0	0	4400	0
BCDEIO	6	1	2	0	0	0	2800	0
CENORSU	7	1	2	0	0	0	3600	0
BCEHL	5	1	2	0	0	0	1600	0
CENORSST	8	2	4	0	0	0	8800	0
BCEILMR	7	1	2	0	0	0	3600	0
CENORRW	7	2	4	0	1	0	7200	0
CENORRSW	8	1	2	0	0	0	4400	0
CENORRS	7	2	4	0	2	0	7200	0
BCEORS	6	1	2	0	0	0	2800	0
CENOPU	6	1	2	0	0	0	2800	0
CENOPSU	7	1	2	0	0	0	3600	0
CENOSU	6	3	6	0	0	0	8400	0
BBEFIIORS	9	1	2	0	0	0	5200	0
BBDEMO	6	1	2	2	1	0	0	1
ARSTWY	6	2	4	0	0	0	5600	0
APSWY	5	1	2	0	0	0	1600	0
ARSSTU	6	20	43	0	1	0	60200	0
ARSSTW	6	1	2	0	1	0	2800	0
CEORRSU	7	5	10	2	4	0	14400	0.2
CEORRSSU	8	1	2	0	1	0	4400	0
ARSTTU	6	8	16	0	0	0	22400	0
ARSUV	5	6	12	0	0	0	9600	0
CEOOPRS	7	3	6	6	6	0	0	1
ASSTTU	6	3	6	0	0	0	8400	0
ASTUV	5	3	6	0	0	0	4800	0
ASUV	4	5	10	0	0	0	4000	0
ATUV	4	15	30	0	0	0	12000	0
CEOORST	7	6	12	10	9	0	3600	0.8333
BBDEIL	6	1	2	2	0	0	0	1
BCHOOR	6	3	6	2	0	0	5600	0.3333
CENOORR	7	2	4	0	0	0	7200	0
CEORSTV	7	1	2	0	0	0	3600	0
BCINOR	6	1	2	0	0	0	2800	0
CELOST	6	20	42	0	10	0	58800	0
CELOSST	7	9	18	0	8	0	32400	0
BDEEW	5	1	2	0	0	0	1600	0
BDEEY	5	1	2	0	0	0	1600	0
BDEGIL	6	1	2	0	0	0	2800	0
BDEGIO	6	1	2	0	0	0	2800	0
CELORSU	7	1	2	0	0	0	3600	0
BDEGIR	6	1	2	0	0	0	2800	0
CELORSST	8	3	6	0	0	0	13200	0
CELORSS	7	4	8	0	0	0	14400	0
BDEGLO	6	1	2	0	0	0	2800	0
CELOPSU	7	1	2	0	0	0	3600	0
CELOORR	7	1	2	0	0	0	3600	0
BDEGNU	6	1	2	0	1	0	2800	0
CELLRSU	7	1	2	0	1	0	3600	0
CELOY	5	3	6	0	0	0	4800	0
BDEEORS	7	1	2	0	0	0	3600	0
BDEENOR	7	2	4	0	0	0	7200	0
BDDEER	6	1	2	0	0	0	2800	0
CENNOST	7	2	4	0	0	0	7200	0
BCINORS	7	1	2	0	0	0	3600	0
BCISTU	6	4	8	0	1	0	11200	0
BCLOOSU	7	1	2	0	0	0	3600	0
BCMOO	5	2	4	0	1	0	3200	0
BDDEEIT	7	1	2	0	0	0	3600	0
BDEEGINR	8	1	2	0	0	0	4400	0
BDEELORST	9	2	4	0	0	0	10400	0
BDEEILL	7	1	2	0	0	0	3600	0
BDEEILMO	8	1	2	0	0	0	4400	0
BDEEIMT	7	1	2	0	0	0	3600	0
CELSU	5	10	20	0	4	0	16000	0
BDEEIRS	7	2	4	0	0	0	7200	0
BDEELL	6	1	2	0	0	0	2800	0
APRSU	5	8	16	0	0	0	12800	0
AOZ	3	13	26	0	0	0	2600	0
CEKPS	5	2	4	0	1	0	3200	0
CFLPSUU	7	1	2	0	0	0	3600	0
CGINOPS	7	4	9	2	0	0	12600	0.2222
ANNOSST	7	1	2	0	0	0	3600	0
CGINO	5	1	2	0	0	0	1600	0
CGIMNO	6	1	2	0	1	0	2800	0
CGILNY	6	1	2	0	0	0	2800	0
CGILNOOR	8	1	2	0	0	0	4400	0
ANNOST	6	5	10	0	0	0	14000	0
CGIKNOR	7	1	2	2	1	0	0	1
ANNPSU	6	2	4	0	0	0	5600	0
CGIILOST	8	2	4	0	0	0	8800	0
CGHINOR	7	2	4	0	1	0	7200	0
ANNSTU	6	5	10	0	0	0	14000	0
CGHIKNO	7	1	2	0	0	0	3600	0
ANOORST	7	1	2	0	1	0	3600	0
ANOORSTT	8	2	4	0	0	0	8800	0
ANNOS	5	11	22	0	4	0	17600	0
ANNORT	6	12	24	0	0	0	33600	0
ANNOPR	6	1	2	0	0	0	2800	0
AMORY	5	4	8	0	0	0	6400	0
CHILOS	6	5	10	0	0	0	14000	0
CHILO	5	15	30	0	2	0	24000	0
AMORSST	7	1	2	0	0	0	3600	0
AMORSU	6	5	10	0	0	0	14000	0
CHIKRS	6	2	4	0	0	0	5600	0
CHIKOR	6	2	4	0	0	0	5600	0
CHIILS	6	2	4	0	0	0	5600	0
CGINRSY	7	1	2	0	1	0	3600	0
CHIIL	5	4	8	0	1	0	6400	0
CGORS	5	11	22	0	4	0	17600	0
CGNOOS	6	1	2	0	1	0	2800	0
CGNOO	5	4	8	0	1	0	6400	0
CGIOR	5	3	6	0	0	0	4800	0
AMYZ	4	2	4	0	0	0	1600	0
CFRSU	5	3	6	0	1	0	4800	0
CFLOOPSSU	9	1	2	0	0	0	5200	0
AOTU	4	58	116	0	4	0	46400	0
CFIU	4	6	12	0	0	0	4800	0
ANOZ	4	3	6	0	0	0	2400	0
ANPRSTU	7	1	2	0	0	0	3600	0
ANRSSTU	7	1	2	0	0	0	3600	0
CERRSY	6	3	6	0	0	0	8400	0
ANRSTU	6	2	4	0	0	0	5600	0
ANRSY	5	13	26	0	2	0	20800	0
ANSUY	5	1	2	0	0	0	1600	0
AOPRS	5	120	290	0	6	0	232000	0
AOPRSS	6	6	12	0	0	0	16800	0
AOPRSST	7	1	2	0	0	0	3600	0
AOPRSU	6	5	10	0	0	0	14000	0
AOPRV	5	2	4	0	1	0	3200	0
AORRWY	6	1	2	0	0	0	2800	0
AORSV	5	11	24	0	2	0	19200	0
AOSTTU	6	6	12	0	0	0	16800	0
ANOTY	5	7	14	0	0	0	11200	0
ANORTT	6	31	67	0	5	0	93800	0
CERSUV	6	1	2	0	0	0	2800	0
ANOORTT	7	5	11	0	0	0	19800	0
CFISU	5	1	2	0	0	0	1600	0
CFIOS	5	1	2	0	0	0	1600	0
CFIORT	6	1	2	0	0	0	2800	0
CFIO	4	34	74	0	2	0	29600	0
CFIMNORU	8	1	2	0	0	0	4400	0
CFFOTU	6	2	4	0	0	0	5600	0
ANOPRS	6	7	14	0	0	0	19600	0
ANORSTU	7	1	2	0	0	0	3600	0
CESTUY	6	5	10	0	0	0	14000	0
ANOPRST	7	8	16	0	0	0	28800	0
ANOPRT	6	23	46	0	5	0	64400	0
CESSTU	6	5	10	0	1	0	14000	0
CERUV	5	1	2	0	0	0	1600	0
ANORSTT	7	11	22	0	2	0	39600	0
BDEILM	6	1	2	0	0	0	2800	0
BDEILR	6	2	4	0	1	0	5600	0
CEHMOORS	8	1	2	0	0	0	4400	0
CEIKLN	6	2	4	0	2	0	5600	0
BEEORS	6	3	6	0	0	0	8400	0
CEIKRY	6	1	2	0	0	0	2800	0
BEEORSV	7	2	5	0	1	0	9000	0
CEIKRSY	7	1	2	0	0	0	3600	0
CEIKRST	7	4	9	4	3	0	9000	0.4444
BEERST	6	11	22	2	5	0	28000	0.09091
BEERSTW	7	1	2	0	0	0	3600	0
CEIKORST	8	1	2	0	2	0	4400	0
CEIKNST	7	1	2	0	0	0	3600	0
BEERSV	6	1	2	0	0	0	2800	0
CEIKNOT	7	1	2	0	0	0	3600	0
CEIKLRT	7	1	2	2	0	0	0	1
CEIKLRST	8	1	2	2	0	0	0	1
BEFFSTU	7	1	2	0	0	0	3600	0
BEFHIRSU	8	1	2	0	0	0	4400	0
CEILLO	6	2	4	0	0	0	5600	0
BEEORRSV	8	1	2	0	0	0	4400	0
BEEORRS	7	1	2	0	0	0	3600	0
CEILNU	6	1	2	0	0	0	2800	0
BEELRST	7	1	2	0	0	0	3600	0
CEILPS	6	1	2	2	0	0	0	1
CEILOS	6	23	46	0	3	0	64400	0
CEILORST	8	2	4	0	0	0	8800	0
BEELRT	6	1	2	0	1	0	2800	0
BEENOR	6	2	4	0	0	0	5600	0
CEILNTU	7	2	4	0	0	0	7200	0
CEILNO	6	6	12	0	0	0	16800	0
CEILNT	6	9	18	0	0	0	25200	0
CEILNSTU	8	1	2	0	0	0	4400	0
CEILNST	7	4	8	0	0	0	14400	0
BEEOPP	6	1	2	0	0	0	2800	0
CEILNOS	7	1	2	0	0	0	3600	0
CEILNOOS	8	3	6	0	0	0	13200	0
CEIKLNS	7	1	3	0	2	0	5400	0
CEIKL	5	1	2	0	0	0	1600	0
CEILSU	6	3	6	0	0	0	8400	0
CEIIST	6	11	22	2	3	0	28000	0.09091
BEGIOS	6	3	6	0	0	0	8400	0
CEHOSSU	7	3	6	0	0	0	10800	0
CEHOSS	6	3	6	4	2	0	2800	0.6667
BEGLO	5	3	6	2	0	0	3200	0.3333
CEHORY	6	2	4	0	0	0	5600	0
BEGLOS	6	1	2	0	0	0	2800	0
BEGLRU	6	1	2	0	0	0	2800	0
CEHORSU	7	3	6	0	1	0	10800	0
BEGOU	5	1	2	0	0	0	1600	0
BEIKS	5	5	10	0	3	0	8000	0
CEHOORS	7	1	2	0	0	0	3600	0
BEILLST	7	1	2	0	1	0	3600	0
CEHNOS	6	8	16	0	2	0	22400	0
CEHNORT	7	1	2	0	0	0	3600	0
BEILMO	6	4	9	0	0	0	12600	0
BEGILNORST	10	3	6	0	1	0	18000	0
BEGIL	5	1	2	0	0	0	1600	0
BEFORY	6	1	2	0	0	0	2800	0
CEIINOS	7	7	14	0	0	0	25200	0
CEIIRST	7	1	2	0	0	0	3600	0
CEIIPSST	8	1	2	0	0	0	4400	0
CEIIPRST	8	2	4	0	0	0	8800	0
CEIINRT	7	7	14	0	0	0	25200	0
CEIINRST	8	2	4	0	0	0	8800	0
CEIINRS	7	7	15	0	0	0	27000	0
CEIINORRT	9	1	2	0	0	0	5200	0
BEFIRST	7	1	2	0	0	0	3600	0
CEIINNO	7	3	6	0	0	0	10800	0
CEIILS	6	6	12	0	0	0	16800	0
CEIILMORRT	10	1	2	0	0	0	6000	0
BEFIR	5	8	16	0	0	0	12800	0
CEHTU	5	4	8	0	2	0	6400	0
BEFIRS	6	2	4	0	0	0	5600	0
BEELNS	6	1	2	0	0	0	2800	0
CEILTU	6	5	10	0	0	0	14000	0
BDEILRST	8	1	2	0	0	0	4400	0
CEIORSU	7	5	10	0	2	0	18000	0
BDELNO	6	2	4	2	3	0	2800	0.5
BDELOO	6	2	4	0	1	0	5600	0
BDELU	5	4	8	0	0	0	6400	0
CEIRRSTU	8	1	2	0	1	0	4400	0
CEIRRSTT	8	1	2	0	0	0	4400	0
BDENORSU	8	1	2	0	0	0	4400	0
BDENSU	6	1	2	0	0	0	2800	0
BDEORSTU	8	1	2	0	0	0	4400	0
BDEORTU	7	3	6	0	0	0	10800	0
BDERU	5	6	12	0	0	0	9600	0
BDHIO	5	1	2	0	0	0	1600	0
CEIOSTT	7	2	4	0	1	0	7200	0
CEIOST	6	23	46	0	1	0	64400	0
CEIOSST	7	2	4	0	1	0	7200	0
CEIOSS	6	9	18	0	0	0	25200	0
CEIRSSU	7	1	2	0	0	0	3600	0
BDEKNU	6	1	2	0	1	0	2800	0
CEIRSTU	7	10	21	0	0	0	37800	0
BDEIO	5	18	36	0	0	0	28800	0
CEKNS	5	4	8	0	2	0	6400	0
BDEILRU	7	1	2	0	2	0	3600	0
CEKLORS	7	1	2	2	1	0	0	1
CEKLOR	6	1	2	2	1	0	0	1
BDEIM	5	7	14	0	1	0	11200	0
BDEINRSU	8	1	2	0	0	0	4400	0
CEISTV	6	2	4	0	0	0	5600	0
CEIRSU	6	9	18	0	1	0	25200	0
BDEIOO	6	1	2	0	0	0	2800	0
BDEIOORST	9	2	4	0	2	0	10400	0
CEISSTU	7	1	2	0	0	0	3600	0
BDEIORT	7	2	4	0	0	0	7200	0
CEIRTU	6	23	50	0	2	0	70000	0
BDEIS	5	1	2	0	0	0	1600	0
CEIORSW	7	1	2	0	0	0	3600	0
CEIORST	7	2	4	0	0	0	7200	0
BEELNOSS	8	1	2	0	0	0	4400	0
BEEF	4	20	40	0	0	0	16000	0
BEEHLRT	7	1	2	0	0	0	3600	0
CEINORTU	8	4	8	0	0	0	17600	0
BEEHST	6	1	2	0	0	0	2800	0
CEINORST	8	1	2	0	0	0	4400	0
BEEILMOS	8	3	6	0	0	0	13200	0
BEEIMR	6	3	6	0	0	0	8400	0
CEINOPRST	9	1	2	0	0	0	5200	0
CEINOPR	7	1	2	0	0	0	3600	0
BEEIMRS	7	1	2	0	0	0	3600	0
BEEINOS	7	6	12	0	0	0	21600	0
BEEIST	6	11	22	0	0	0	30800	0
BEELLORW	8	1	2	0	0	0	4400	0
BEELN	5	17	34	0	2	0	27200	0
CEIMNOT	7	2	4	0	0	0	7200	0
CEIMNORS	8	1	2	0	0	0	4400	0
CEINOSS	7	5	10	0	2	0	18000	0
BEEGRS	6	3	6	0	0	0	8400	0
CEINOT	6	11	22	0	0	0	30800	0
CEINSST	7	1	2	0	0	0	3600	0
CEIORRS	7	6	14	0	1	0	25200	0
CEIORR	6	4	8	0	0	0	11200	0
CEIOPT	6	3	6	0	0	0	8400	0
CEIOPRS	7	2	4	0	0	0	7200	0
CEINSTY	7	3	6	0	0	0	10800	0
CEINST	6	47	98	0	10	0	137200	0
BEEFRT	6	3	6	0	0	0	8400	0
CEINOTT	7	1	2	0	0	0	3600	0
BEEFS	5	1	2	0	0	0	1600	0
CEINRRU	7	2	4	0	0	0	7200	0
BEEGNO	6	1	2	0	0	0	2800	0
CEINPT	6	3	7	0	0	0	9800	0
CEINPST	7	7	15	0	0	0	27000	0
BEEGR	5	4	8	0	0	0	6400	0
AGILNOST	8	1	2	0	0	0	4400	0
DEILRSS	7	4	8	6	4	0	3600	0.75
AEEGINSS	8	1	2	0	0	0	4400	0
EELNSTY	7	1	2	0	0	0	3600	0
EELNSST	7	1	2	0	0	0	3600	0
AEGINRSS	8	4	8	0	1	0	17600	0
AEGINRSW	8	1	2	0	0	0	4400	0
EELNRTT	7	1	2	0	0	0	3600	0
AEGINRTT	8	2	4	0	0	0	8800	0
EELNOSST	8	3	6	0	1	0	13200	0
EELMST	6	6	12	0	0	0	16800	0
AEGIPRS	7	1	2	0	0	0	3600	0
AEGIRS	6	3	6	0	0	0	8400	0
AEGIRV	6	4	8	0	0	0	11200	0
AEGISST	7	2	4	0	1	0	7200	0
AEGLLRY	7	1	2	0	0	0	3600	0
AEGLLSU	7	1	2	0	0	0	3600	0
AEGLLY	6	3	6	0	0	0	8400	0
EELMOT	6	11	22	0	0	0	30800	0
EELNSTT	7	1	2	0	1	0	3600	0
AEGINRRST	9	2	4	0	0	0	10400	0
EEHILNOPS	9	1	2	0	0	0	5200	0
EELORSVV	8	1	2	0	0	0	4400	0
EELRSSTT	8	1	2	0	0	0	4400	0
EELRSST	7	1	2	0	0	0	3600	0
AEGINN	6	6	12	0	0	0	16800	0
AEGINNR	7	11	23	2	7	0	37800	0.08696
AEGINNSU	8	1	2	0	0	0	4400	0
AEGINNT	7	3	7	0	0	0	12600	0
AEGINNU	7	2	4	0	0	0	7200	0
AEGINORRV	9	1	2	0	0	0	5200	0
AEGINORS	8	1	2	0	0	0	4400	0
AEGINOS	7	16	32	0	0	0	57600	0
AEGINPRT	8	2	4	2	1	0	4400	0.5
EELOTUV	7	1	2	0	0	0	3600	0
EELOSTUV	8	1	2	0	0	0	4400	0
EELOSST	7	2	4	0	0	0	7200	0
EELORVV	7	1	2	0	0	0	3600	0
EELMOST	7	3	6	0	0	0	10800	0
AEGLMNS	7	1	2	2	0	0	0	1
AEGLMY	6	1	2	0	0	0	2800	0
AEGLNSU	7	1	2	0	0	0	3600	0
AEGNNP	6	3	6	0	1	0	8400	0
AEGNNPS	7	1	2	0	1	0	3600	0
EEKMSS	6	1	2	0	1	0	2800	0
EEKMS	5	5	10	0	1	0	8000	0
AEGNO	5	22	44	0	0	0	35200	0
EEKLRST	7	1	2	0	0	0	3600	0
AEGNORS	7	1	2	0	0	0	3600	0
EEISTV	6	2	4	0	0	0	5600	0
EEISSV	6	1	2	0	0	0	2800	0
EEIRVW	6	1	2	0	0	0	2800	0
AEGNORST	8	4	8	0	0	0	17600	0
EEIRSZ	6	4	8	0	3	0	11200	0
AEGNOS	6	5	10	0	0	0	14000	0
EEIRSTV	7	11	23	0	0	0	41400	0
AEGNRRST	8	1	2	0	0	0	4400	0
AEGNNOT	7	2	4	0	0	0	7200	0
AEGMRU	6	3	6	0	0	0	8400	0
AEGMNRT	7	1	2	0	0	0	3600	0
AEGLPS	6	3	6	0	1	0	8400	0
AEGLNU	6	1	2	0	0	0	2800	0
AEGLOR	6	4	8	0	1	0	11200	0
AEGLOST	7	8	16	0	1	0	28800	0
AEGLOT	6	13	26	0	1	0	36400	0
AEGLOV	6	2	4	0	0	0	5600	0
AEGLP	5	7	14	0	1	0	11200	0
AEGLRSTU	8	1	2	0	0	0	4400	0
AEGMNOS	7	2	4	0	0	0	7200	0
AEGLRTU	7	1	2	0	0	0	3600	0
EEKRY	5	1	2	0	1	0	1600	0
EEKRSW	6	1	2	0	0	0	2800	0
AEGLRY	6	2	4	0	0	0	5600	0
AEGMMS	6	1	2	0	1	0	2800	0
AEGMNO	6	3	6	0	0	0	8400	0
AEGIMS	6	1	2	0	0	0	2800	0
AEGIMRST	8	2	4	0	0	0	8800	0
EELRSTW	7	1	2	0	0	0	3600	0
AEGGINS	7	1	2	0	0	0	3600	0
AEFMNOR	7	1	2	0	1	0	3600	0
EENOPPRS	8	4	8	0	0	0	17600	0
EENOORST	8	4	8	0	1	0	17600	0
EENOORSST	9	2	4	0	0	0	10400	0
AEFMRR	6	1	2	0	1	0	2800	0
EENNSSU	7	1	2	0	0	0	3600	0
AEFRSST	7	2	4	0	2	0	7200	0
EENNORT	7	3	6	0	0	0	10800	0
EENNORST	8	2	4	0	0	0	8800	0
AEFSSTT	7	4	8	0	1	0	14400	0
EEMZ	4	2	4	0	0	0	1600	0
AEGGILNR	8	1	2	0	0	0	4400	0
EEMSU	5	9	18	0	0	0	14400	0
AEGGILNT	8	2	4	0	0	0	8800	0
EEMSSU	6	1	2	0	0	0	2800	0
AEFLTY	6	3	6	0	0	0	8400	0
EENOPST	7	5	10	0	0	0	18000	0
EENOPSTT	8	1	2	0	0	0	4400	0
AEFLNRS	7	1	2	0	0	0	3600	0
AEFINNS	7	1	2	0	0	0	3600	0
AEFINNSS	8	1	2	0	0	0	4400	0
AEFINRS	7	4	8	0	0	0	14400	0
EENRSSTT	8	1	2	0	0	0	4400	0
AEFINST	7	2	4	0	1	0	7200	0
AEFIST	6	2	4	0	0	0	5600	0
AEFLNRSS	8	1	2	0	0	0	4400	0
EENORSY	7	4	8	0	0	0	14400	0
AEFLOT	6	2	4	0	1	0	5600	0
AEFLRSS	7	5	10	0	1	0	18000	0
EENPRSST	8	3	6	0	0	0	13200	0
AEFLSST	7	2	4	0	0	0	7200	0
AEFLSTU	7	1	2	0	0	0	3600	0
EENORY	6	7	14	0	0	0	19600	0
AEGGIN	6	10	20	0	0	0	28000	0
AEGGRST	7	1	2	2	2	0	0	1
AEGIMRS	7	5	10	0	1	0	18000	0
AEGGRT	6	1	2	0	0	0	2800	0
AEGILNNS	8	2	4	0	1	0	8800	0
AEGILNOST	9	1	2	0	0	0	5200	0
AEGILNOT	8	3	6	0	0	0	13200	0
EELSTY	6	3	7	0	1	0	9800	0
EELSTW	6	2	4	0	1	0	5600	0
EELSTU	6	38	76	0	4	0	106400	0
AEGILNPRS	9	1	2	0	0	0	5200	0
AEGILNSV	8	1	2	0	0	0	4400	0
AEGILOS	7	1	2	0	0	0	3600	0
EELSSV	6	1	2	0	0	0	2800	0
AEGILS	6	2	4	0	1	0	5600	0
AEGILSS	7	3	6	0	0	0	10800	0
AEGILST	7	13	31	0	1	0	55800	0
AEGIMN	6	6	12	0	1	0	16800	0
AEGIMPR	7	1	2	0	0	0	3600	0
AEGILN	6	38	81	0	0	0	113400	0
AEGILMNR	8	2	4	0	1	0	8800	0
AEGILMN	7	1	2	0	2	0	3600	0
AEGHMO	6	3	6	0	0	0	8400	0
AEGHIINPST	10	1	2	0	0	0	6000	0
AEGHILNRT	9	1	2	0	0	0	5200	0
AEGHINRT	8	2	4	0	0	0	8800	0
AEGHIR	6	10	21	0	0	0	29400	0
AEGHIRS	7	2	4	0	0	0	7200	0
EEMPRS	6	6	12	2	3	0	14000	0.1667
AEGHNRSS	8	1	2	0	0	0	4400	0
EEMMST	6	7	14	0	2	0	19600	0
EEMORRS	7	1	2	0	0	0	3600	0
AEGIIMNR	8	1	2	0	1	0	4400	0
AEGIIMNRS	9	1	2	0	1	0	5200	0
EEMNOST	7	1	2	0	0	0	3600	0
EEMNOORST	9	1	2	0	0	0	5200	0
AEGILLST	8	3	7	0	0	0	15400	0
AEGNRST	7	10	20	0	4	0	36000	0
EEIRRV	6	11	27	0	3	0	37800	0
AEGNRSU	7	1	2	0	0	0	3600	0
EEIILMNST	9	1	2	0	0	0	5200	0
EEILNST	7	26	57	0	1	0	102600	0
EEILNSST	8	1	2	0	1	0	4400	0
EEILNSS	7	41	102	0	3	0	183600	0
AEHLNT	6	1	2	0	0	0	2800	0
AEHLORT	7	1	2	0	0	0	3600	0
EEILNRSST	9	4	8	0	2	0	20800	0
AEHLPSS	7	1	2	0	0	0	3600	0
EEILNNST	8	4	8	0	0	0	17600	0
EEILLRS	7	3	6	0	0	0	10800	0
EEIKRST	7	4	8	0	0	0	14400	0
EEIKRSST	8	1	2	0	0	0	4400	0
EEIKLPST	8	1	2	0	0	0	4400	0
EEIKLLS	7	2	4	0	0	0	7200	0
EEIINRT	7	11	22	0	0	0	39600	0
EEIINRST	8	3	6	0	0	0	13200	0
EEILOPRST	9	1	2	0	0	0	5200	0
EEILORSV	8	1	2	0	0	0	4400	0
AEHLNOT	7	1	2	0	0	0	3600	0
EEILRSST	8	1	2	0	0	0	4400	0
EEILSTV	7	5	11	0	0	0	19800	0
EEILST	6	9	18	0	0	0	25200	0
EEILSST	7	5	10	0	0	0	18000	0
AEHINSS	7	3	6	0	0	0	10800	0
AEHINSST	8	1	2	0	0	0	4400	0
AEHIRSS	7	8	17	0	0	0	30600	0
EEILRSS	7	2	4	0	0	0	7200	0
AEHLNOST	8	1	2	0	0	0	4400	0
AEHISTT	7	5	10	0	0	0	18000	0
EEILRRV	7	5	10	4	3	0	10800	0.4
AEHLM	5	26	52	0	1	0	41600	0
EEILPST	7	1	2	0	0	0	3600	0
EEILPRT	7	1	2	0	0	0	3600	0
EEILPRST	8	2	5	0	0	0	11000	0
EEIILMNT	8	2	5	0	0	0	11000	0
EEHTT	5	16	32	0	3	0	25600	0
EEILSX	6	1	2	0	0	0	2800	0
AEHLRTY	7	1	2	0	0	0	3600	0
EEHNOPST	8	1	2	0	0	0	4400	0
AEHNOPST	8	1	2	0	0	0	4400	0
EEHMRS	6	5	10	0	0	0	14000	0
EEHMR	5	7	14	0	1	0	11200	0
EEHLSV	6	3	6	0	0	0	8400	0
AEHNOPT	7	2	4	0	0	0	7200	0
AEHNORS	7	5	10	0	0	0	18000	0
AEHNRSTU	8	2	4	0	0	0	8800	0
EEHIRSS	7	1	2	0	0	0	3600	0
AEHNSW	6	2	4	0	0	0	5600	0
EEHIRRS	7	2	4	0	0	0	7200	0
EEHIORST	8	5	11	0	0	0	24200	0
EEHINRT	7	8	16	0	2	0	28800	0
EEHINRS	7	7	15	0	3	0	27000	0
EEHINPRSS	9	1	2	0	0	0	5200	0
EEHNPS	6	9	20	0	0	0	28000	0
EEHNRT	6	6	12	0	2	0	16800	0
EEHORSS	7	4	8	0	0	0	14400	0
AEHMNST	7	1	2	0	0	0	3600	0
AEHLRU	6	2	4	0	0	0	5600	0
AEHLSST	7	3	6	0	0	0	10800	0
AEHLSY	6	3	6	0	0	0	8400	0
AEHMMRS	7	2	4	2	2	0	3600	0.5
AEHMNS	6	2	4	0	0	0	5600	0
EEHRSY	6	4	8	0	0	0	11200	0
AEHMNT	6	2	4	0	0	0	5600	0
AEHMST	6	13	26	0	1	0	36400	0
AEHMOS	6	5	10	0	0	0	14000	0
EEHPRT	6	3	6	0	0	0	8400	0
EEHPRST	7	3	7	0	0	0	12600	0
EEHPRSST	8	1	2	0	0	0	4400	0
AEHMSS	6	3	6	4	2	0	2800	0.6667
EEHOV	5	5	10	0	0	0	8000	0
EEILSV	6	5	11	0	0	0	15400	0
EEIMMRSST	9	1	2	0	0	0	5200	0
AEGNRT	6	8	16	0	1	0	22400	0
AEGRRSU	7	1	2	0	0	0	3600	0
EEINV	5	9	18	0	0	0	14400	0
AEGNY	5	1	2	0	0	0	1600	0
EEINSW	6	5	10	0	2	0	14000	0
EEINSV	6	4	8	0	0	0	11200	0
EEINST	6	39	78	0	2	0	109200	0
AEGOPRT	7	1	2	0	0	0	3600	0
AEGORST	7	15	32	0	1	0	57600	0
EEINRV	6	10	23	0	3	0	32200	0
EEINRTU	7	15	36	0	0	0	64800	0
EEINRTTY	8	2	4	0	0	0	8800	0
AEGORT	6	6	12	0	0	0	16800	0
AEGPRSS	7	1	2	2	0	0	0	1
EEINRSW	7	2	4	0	0	0	7200	0
EEINRSV	7	7	17	0	2	0	30600	0
EEINRSTV	8	1	2	0	0	0	4400	0
EEIOPRST	8	5	10	0	0	0	22000	0
EEIORRSS	8	2	4	0	0	0	8800	0
EEIORSST	8	5	10	0	0	0	22000	0
EEIPSTT	7	2	4	0	0	0	7200	0
EEIRRSTV	8	2	4	0	0	0	8800	0
AEGNRU	6	3	6	0	0	0	8400	0
AEGNU	5	1	2	0	0	0	1600	0
AEGNV	5	8	16	0	1	0	12800	0
EEIRRSS	7	6	12	0	0	0	21600	0
EEIRRS	6	10	20	0	0	0	28000	0
EEIPSS	6	12	27	0	0	0	37800	0
EEIPPST	7	1	2	0	0	0	3600	0
EEIPRSV	7	1	2	0	0	0	3600	0
EEIPRST	7	1	2	0	0	0	3600	0
EEIPRRV	7	1	2	0	1	0	3600	0
EEIPRRSTT	9	1	2	0	0	0	5200	0
EEIPRRSS	8	1	2	0	0	0	4400	0
EEIPRRS	7	5	11	0	0	0	19800	0
EEINRSTU	8	4	8	0	0	0	17600	0
AEGRSTY	7	1	2	0	0	0	3600	0
EEIMMRST	8	1	2	0	0	0	4400	0
EEINRSSTT	9	1	2	0	0	0	5200	0
AEHINPRS	8	1	2	0	0	0	4400	0
AEHINRS	7	6	12	0	0	0	21600	0
AEHINRSSV	9	1	2	0	0	0	5200	0
EEIMRSS	7	10	20	0	4	0	36000	0
AEHINRST	8	2	4	0	0	0	8800	0
EEIMPRSS	8	1	2	0	0	0	4400	0
AEHINRSV	8	1	2	0	0	0	4400	0
EEIMPRRTT	9	1	2	0	0	0	5200	0
AEHINRT	7	1	2	0	0	0	3600	0
EEIMOPST	8	1	2	0	0	0	4400	0
EEIMOPSST	9	1	2	0	0	0	5200	0
EEIMOPRS	8	1	2	0	0	0	4400	0
EEIMNY	6	1	2	0	0	0	2800	0
EEIMNSS	7	2	4	0	0	0	7200	0
EEIMNORST	9	2	4	0	0	0	10400	0
AEHIMPRSS	9	1	2	0	0	0	5200	0
AEHIMN	6	5	10	0	0	0	14000	0
AEHILORST	9	1	2	0	0	0	5200	0
EEINRRS	7	2	4	0	0	0	7200	0
EEINRSST	8	1	2	0	0	0	4400	0
AEGRSU	6	10	21	0	0	0	29400	0
AEGRSY	6	1	2	0	0	0	2800	0
EEINRRV	7	1	2	0	0	0	3600	0
AEGRTU	6	2	4	0	0	0	5600	0
AEGRU	5	13	26	0	0	0	20800	0
EEINPRT	7	2	4	0	0	0	7200	0
AEGSTY	6	1	2	0	0	0	2800	0
EEINPRR	7	1	2	0	0	0	3600	0
EEINOSS	7	5	10	0	0	0	18000	0
EEINOS	6	14	28	0	1	0	39200	0
EEINORRT	8	3	6	0	0	0	13200	0
EEINORRST	9	1	2	0	0	0	5200	0
EEINOPR	7	1	2	0	0	0	3600	0
EENRSTV	7	2	4	0	0	0	7200	0
EENRSU	6	16	32	0	0	0	44800	0
EENRSW	6	5	10	0	1	0	14000	0
EFNORR	6	11	26	0	0	0	36400	0
CCDEENORT	9	1	2	0	0	0	5200	0
EFORU	5	4	8	0	0	0	6400	0
AEEHRSTT	8	8	16	0	0	0	35200	0
AEEHRSTW	8	1	2	0	0	0	4400	0
EFORSTU	7	2	4	0	0	0	7200	0
AEEHRTT	7	20	44	0	3	0	79200	0
AEEHRTW	7	3	6	0	1	0	10800	0
AEEILMRS	8	2	4	0	0	0	8800	0
AEEILMRT	8	2	4	0	0	0	8800	0
AEEILNP	7	4	8	0	0	0	14400	0
AEEILNPRX	9	1	2	0	0	0	5200	0
EFOORRS	7	1	2	0	1	0	3600	0
EFOORR	6	2	4	0	1	0	5600	0
AEEILNPS	8	1	2	0	0	0	4400	0
AEEILNRT	8	1	2	0	0	0	4400	0
AEEHPSS	7	1	2	0	0	0	3600	0
EFRRY	5	4	9	0	4	0	7200	0
AEEHPRSS	8	3	6	0	0	0	13200	0
EGGILNNT	8	1	2	0	0	0	4400	0
EGGINORRS	9	1	2	0	0	0	5200	0
EGGINORR	8	1	2	0	0	0	4400	0
EGGIMNSSU	9	1	2	0	0	0	5200	0
EGGIMNR	7	2	4	0	4	0	7200	0
EGGILNU	7	1	2	0	0	0	3600	0
AEEHISTT	8	2	4	0	0	0	8800	0
AEEHLORS	8	1	2	0	0	0	4400	0
AEEHPRS	7	7	14	0	0	0	25200	0
EGGIINNR	8	1	2	0	0	0	4400	0
AEEHLSST	8	2	4	0	0	0	8800	0
AEEHMR	6	3	6	0	0	0	8400	0
AEEHMRT	7	1	2	0	0	0	3600	0
AEEHNRT	7	7	14	0	2	0	25200	0
AEEHORSS	8	2	4	0	0	0	8800	0
AEEILPRST	9	4	8	0	1	0	20800	0
EFNOOST	7	2	4	0	0	0	7200	0
AEEHIPST	8	1	2	0	0	0	4400	0
AEEILPT	7	7	14	0	0	0	25200	0
AEEIMNT	7	2	4	0	0	0	7200	0
EFLORST	7	1	2	0	0	0	3600	0
EFLNSTU	7	1	2	0	0	0	3600	0
EFLNOTT	7	1	2	0	0	0	3600	0
AEEIMRR	7	1	2	0	0	0	3600	0
AEEIMRRS	8	1	2	0	0	0	4400	0
EFIRY	5	6	12	0	0	0	9600	0
EFIRTY	6	3	6	0	0	0	8400	0
AEEIMSS	7	1	2	0	0	0	3600	0
AEEIMSST	8	1	2	0	0	0	4400	0
EFIRSU	6	1	2	0	0	0	2800	0
AEEIMSTT	8	3	6	0	0	0	13200	0
EFIRSS	6	2	4	0	0	0	5600	0
AEEINNSTT	9	1	2	0	0	0	5200	0
EFIRRSU	7	3	6	0	0	0	10800	0
EFLORT	6	2	4	0	0	0	5600	0
AEEIMNST	8	5	10	0	2	0	22000	0
EFLOSU	6	4	8	0	1	0	11200	0
AEEILRST	8	10	20	0	0	0	44000	0
AEEILRR	7	5	10	0	0	0	18000	0
EFMORR	6	1	2	0	0	0	2800	0
EFMOPRRS	8	1	2	0	0	0	4400	0
EFMOPRR	7	1	2	0	0	0	3600	0
EFLY	4	6	12	0	0	0	4800	0
AEEILRSST	9	2	4	0	0	0	10400	0
EFLSY	5	1	2	0	0	0	1600	0
EFLOY	5	1	2	0	0	0	1600	0
AEEILRSTT	9	1	2	0	0	0	5200	0
EFLSTY	6	1	2	0	0	0	2800	0
AEEILRTT	8	2	4	0	0	0	8800	0
AEEILSTV	8	2	4	0	0	0	8800	0
EFLRY	5	7	17	0	1	0	13600	0
AEEIMNS	7	1	2	0	1	0	3600	0
AEEHIRSTT	9	2	4	0	1	0	10400	0
EGGINRY	7	1	2	0	0	0	3600	0
AEEINRSST	9	4	8	0	0	0	20800	0
EGIILNRV	8	1	2	0	1	0	4400	0
AEEGNRRST	9	1	2	0	1	0	5200	0
AEEGNRST	8	16	33	0	3	0	72600	0
AEEGNRT	7	9	19	0	3	0	34200	0
EGILLN	6	13	29	0	1	0	40600	0
AEEGNSS	7	18	36	0	1	0	64800	0
EGIINT	6	8	16	0	1	0	22400	0
EGIINSV	7	1	2	0	0	0	3600	0
EGIINRT	7	6	12	0	0	0	21600	0
AEEGNSV	7	1	2	0	0	0	3600	0
EGIINPS	7	1	2	0	0	0	3600	0
EGIINPRS	8	1	2	0	0	0	4400	0
EGIINNS	7	3	6	0	0	0	10800	0
AEEGNV	6	6	12	0	0	0	16800	0
EGIINNPR	8	2	4	0	0	0	8800	0
EGIIMNRT	8	1	2	0	0	0	4400	0
AEEGNR	6	9	18	0	2	0	25200	0
AEEGMRST	8	1	2	0	0	0	4400	0
EGILLSU	7	1	2	0	0	0	3600	0
EGILNOOST	9	2	4	0	0	0	10400	0
AEEGISS	7	1	2	0	0	0	3600	0
AEEGLNR	7	3	6	0	0	0	10800	0
EGILNPST	8	1	2	2	0	0	0	1
EGILNPRS	8	1	2	0	0	0	4400	0
EGILNOS	7	10	20	0	1	0	36000	0
EGILNOPP	8	2	4	0	1	0	8800	0
EGILNOOSST	10	1	2	0	0	0	6000	0
EGILM	5	6	12	0	1	0	9600	0
EGILNO	6	4	8	0	0	0	11200	0
EGILNNS	7	1	2	0	1	0	3600	0
AEEGMN	6	2	4	0	0	0	5600	0
EGILMS	6	1	2	0	0	0	2800	0
EGILMNST	8	1	2	0	0	0	4400	0
AEEGMR	6	4	8	0	0	0	11200	0
EGIILNST	8	1	2	0	0	0	4400	0
EGIILNRT	8	1	2	0	0	0	4400	0
EGGINSTU	8	1	2	0	0	0	4400	0
EGIILNRSV	9	1	2	0	0	0	5200	0
EGHILRT	7	2	4	0	0	0	7200	0
EGHILRST	8	1	2	0	0	0	4400	0
EGHILNT	7	2	4	0	0	0	7200	0
EGHILNST	8	1	2	0	0	0	4400	0
EGHIINST	8	1	2	0	0	0	4400	0
EGHIILNS	8	1	2	0	0	0	4400	0
EGHIILNRS	9	1	2	0	0	0	5200	0
EGGY	4	2	4	0	0	0	1600	0
EGGORT	6	1	2	0	1	0	2800	0
EGGORST	7	1	2	0	1	0	3600	0
AEEHHRST	8	3	6	0	1	0	13200	0
AEEHIMNST	9	1	2	0	0	0	5200	0
EGGLRSU	7	2	4	4	4	0	0	1
AEEHIMNT	8	2	4	0	0	0	8800	0
AEEHIPRST	9	2	4	0	0	0	10400	0
AEEHHNST	8	1	2	0	0	0	4400	0
EGHINPS	7	2	4	0	0	0	7200	0
AEEGSTT	7	1	2	0	0	0	3600	0
AEEGRRT	7	3	6	0	2	0	10800	0
EGIILNRS	8	2	4	0	0	0	8800	0
EGIILNR	7	3	6	0	0	0	10800	0
EGIILNPS	8	1	2	0	0	0	4400	0
EGIILNOR	8	1	2	0	0	0	4400	0
EGIILNNS	8	1	2	0	0	0	4400	0
EGIILNNOS	9	1	2	0	0	0	5200	0
EGHNORU	7	1	2	0	0	0	3600	0
AEEGST	6	8	16	0	0	0	22400	0
EGHLOOTY	8	1	2	0	0	0	4400	0
EGHIRST	7	4	8	2	0	0	10800	0.25
EGHIRSST	8	1	2	0	0	0	4400	0
EGHIRSS	7	1	2	0	0	0	3600	0
EGHINY	6	1	2	0	1	0	2800	0
AEEGRST	7	4	8	0	0	0	14400	0
EFIRRSSU	8	1	2	0	0	0	4400	0
AEEINSTT	8	12	27	0	0	0	59400	0
EENRSY	6	2	4	0	0	0	5600	0
AEEPRSTU	8	1	2	0	0	0	4400	0
EERRSSV	7	1	2	0	0	0	3600	0
AEENSU	6	5	10	0	0	0	14000	0
AEENSV	6	2	4	0	0	0	5600	0
EEPSY	5	3	6	0	0	0	4800	0
AEENV	5	14	30	0	1	0	24000	0
AEEOPRST	8	1	2	0	1	0	4400	0
EEPRV	5	2	4	0	3	0	3200	0
AEEORTV	7	2	4	0	0	0	7200	0
AEEPPRR	7	3	6	0	0	0	10800	0
EEPRSV	6	2	4	0	2	0	5600	0
AEEPPRRS	8	1	2	0	0	0	4400	0
EEPRSTU	7	2	4	0	0	0	7200	0
AEEPRRT	7	3	6	0	0	0	10800	0
AEEPRSS	7	17	39	0	1	0	70200	0
EEPRSSU	7	1	2	0	0	0	3600	0
AEENRTT	7	6	12	0	0	0	21600	0
EERRSTTU	8	1	2	0	1	0	4400	0
EERRSTW	7	1	2	0	1	0	3600	0
AEENPST	7	3	7	0	0	0	12600	0
AEEMPR	6	5	10	0	0	0	14000	0
AEEMPRS	7	2	4	0	1	0	7200	0
AEEMSST	7	2	4	0	0	0	7200	0
AEENNRS	7	2	4	0	0	0	7200	0
AEENORSS	8	5	10	0	0	0	22000	0
AEENPRSST	9	1	2	0	0	0	5200	0
EERSSTW	7	2	4	0	1	0	7200	0
AEENRSST	8	6	12	0	0	0	26400	0
EERSSTV	7	8	17	0	0	0	30600	0
AEENR	5	73	146	0	4	0	116800	0
AEENRRS	7	4	8	0	0	0	14400	0
AEENRRTT	8	1	2	0	0	0	4400	0
AEENRS	6	87	187	0	4	0	261800	0
EERRTTU	7	4	8	0	1	0	14400	0
AEEPRSTT	8	2	4	0	0	0	8800	0
AEEPRV	6	3	6	0	2	0	8400	0
EERSTZ	6	2	4	0	0	0	5600	0
EEPRRSU	7	2	4	0	0	0	7200	0
EENSTY	6	3	6	0	0	0	8400	0
AEFFLR	6	1	2	0	1	0	2800	0
AEFFLRS	7	1	2	0	1	0	3600	0
AEFFRT	6	2	4	0	0	0	5600	0
EENSSW	6	5	10	0	0	0	14000	0
EENSSU	6	2	4	0	0	0	5600	0
AEFGILN	7	3	6	2	2	0	7200	0.3333
AEFGLN	6	2	4	0	2	0	5600	0
AEFGRSU	7	1	2	0	0	0	3600	0
AEFGRU	6	1	2	0	0	0	2800	0
AEFHRST	7	5	10	2	1	0	14400	0.2
AEFIILST	8	1	2	0	0	0	4400	0
AEFIIMNS	8	1	2	0	0	0	4400	0
AEFILST	7	1	2	0	0	0	3600	0
AEFIMN	6	2	4	0	0	0	5600	0
EENSU	5	7	14	0	2	0	11200	0
AEERSSU	7	5	10	0	0	0	18000	0
AEERRW	6	3	6	0	2	0	8400	0
AEERRST	7	21	43	0	14	0	77400	0
EEPRRSS	7	2	4	0	0	0	7200	0
AEEPST	6	22	44	0	1	0	61600	0
AEERR	5	28	56	0	2	0	44800	0
AEERRSST	8	7	14	0	0	0	30800	0
EEORSST	7	2	4	0	0	0	7200	0
AEERRSSU	8	1	2	0	0	0	4400	0
EEOPSTUW	8	1	2	0	0	0	4400	0
AEERRTW	7	1	2	0	2	0	3600	0
EEOPSSU	7	2	4	0	0	0	7200	0
EENY	4	25	50	0	2	0	20000	0
EENWY	5	1	2	0	0	0	1600	0
AEERRSTT	8	13	27	0	6	0	59400	0
EENVY	5	4	8	0	0	0	6400	0
AEERRSTU	8	1	2	0	0	0	4400	0
AEEMNST	7	1	2	0	0	0	3600	0
AEEMMRT	7	1	2	0	0	0	3600	0
AEEIPR	6	4	8	0	0	0	11200	0
EFHLSY	6	1	2	0	0	0	2800	0
AEEKRST	7	1	2	0	0	0	3600	0
AEELLS	6	27	62	0	0	0	86800	0
EFILRRT	7	1	2	0	0	0	3600	0
EFILRRST	8	1	2	0	0	0	4400	0
AEELLSST	8	1	2	0	0	0	4400	0
EFILOS	6	2	4	0	1	0	5600	0
EFILORT	7	1	2	0	0	0	3600	0
EFILORSTU	9	1	2	0	0	0	5200	0
EFILOOS	7	1	2	0	0	0	3600	0
EFILNY	6	1	2	0	0	0	2800	0
EFILMR	6	1	2	0	2	0	2800	0
AEELMNPS	8	1	2	0	0	0	4400	0
AEELMNS	7	2	4	0	0	0	7200	0
EFIKS	5	1	2	0	1	0	1600	0
AEELMNSS	8	3	6	0	2	0	13200	0
AEEKNS	6	2	4	0	0	0	5600	0
EFILRTU	7	2	4	0	1	0	7200	0
AEEKMS	6	2	4	0	0	0	5600	0
AEEIPRS	7	3	6	0	0	0	10800	0
EFIPRS	6	1	2	0	0	0	2800	0
EFIPR	5	6	12	0	0	0	9600	0
EFIORST	7	4	8	0	0	0	14400	0
AEEIPRRS	8	3	6	0	0	0	13200	0
EFIOOR	6	4	8	0	1	0	11200	0
EFINT	5	24	48	0	6	0	38400	0
EFINSST	7	2	4	0	1	0	7200	0
EFILSST	7	4	8	0	0	0	14400	0
AEEIRRS	7	12	24	0	0	0	43200	0
AEEIRRSS	8	2	4	0	0	0	8800	0
AEEIRST	7	8	16	0	0	0	28800	0
AEEIRSTW	8	1	2	0	0	0	4400	0
AEEIRTT	7	8	16	0	0	0	28800	0
AEEKMRRT	8	1	2	0	0	0	4400	0
EFIILRT	7	1	2	0	0	0	3600	0
AEELMNT	7	1	2	0	0	0	3600	0
AEEMMRST	8	1	2	0	0	0	4400	0
EFHIRSS	7	3	6	0	0	0	10800	0
AEELNST	7	26	52	0	8	0	93600	0
AEELNT	6	9	18	0	1	0	25200	0
EESTTU	6	1	2	0	0	0	2800	0
AEELPRRST	9	1	2	0	0	0	5200	0
EESSY	5	34	68	0	0	0	54400	0
AEELPRSS	8	2	4	0	1	0	8800	0
AEELPRST	8	2	4	0	1	0	8800	0
AEELSTU	7	4	8	0	0	0	14400	0
EERVY	5	5	10	0	1	0	8000	0
AEELSTV	7	2	4	0	0	0	7200	0
AEELSZ	6	2	4	0	0	0	5600	0
EERTV	5	27	54	0	7	0	43200	0
AEELTV	6	12	26	0	0	0	36400	0
AEELTZ	6	2	4	0	0	0	5600	0
EERSX	5	1	2	0	1	0	1600	0
AEELNS	6	4	8	0	0	0	11200	0
AEELNRTV	8	2	4	0	0	0	8800	0
AEELNRT	7	18	37	0	5	0	66600	0
EFFOST	6	1	2	0	0	0	2800	0
AEELMPRS	8	1	2	0	0	0	4400	0
EFGINRS	7	1	2	2	1	0	0	1
EFGINR	6	4	8	4	4	0	5600	0.5
EFGILNRY	8	1	2	0	0	0	4400	0
EFGILNORS	9	1	2	0	0	0	5200	0
EFFRSU	6	1	2	2	1	0	0	1
AEELMPSTT	9	1	2	0	0	0	5200	0
AEELNRR	7	5	10	0	2	0	18000	0
EFFIS	5	6	12	0	1	0	9600	0
AEELMPTT	8	1	2	0	0	0	4400	0
EFFINST	7	1	2	0	0	0	3600	0
EFFINRS	7	1	2	0	0	0	3600	0
AEELMSST	8	1	2	0	0	0	4400	0
AEELNOS	7	4	8	0	1	0	14400	0
EEHINOPSU	9	2	4	0	0	0	10400	0
EEHILNOP	8	2	4	0	0	0	8800	0
DEILRSW	7	2	4	0	1	0	7200	0
DEMOSTU	7	1	2	0	0	0	3600	0
AEMNTU	6	4	8	0	0	0	11200	0
AEMNY	5	4	8	0	0	0	6400	0
AEMORRS	7	3	6	0	0	0	10800	0
DEMOOT	6	2	4	0	3	0	5600	0
AEMORST	7	9	19	0	0	0	34200	0
AEMOSST	7	2	4	0	0	0	7200	0
AEMOSV	6	3	6	0	0	0	8400	0
DEMNORS	7	1	2	0	0	0	3600	0
AEMOV	5	3	6	0	0	0	4800	0
AEMPPRS	7	1	2	2	2	0	0	1
AEMPRSV	7	1	2	0	0	0	3600	0
AEMRRS	6	11	22	0	2	0	30800	0
AEMRRST	7	1	2	0	1	0	3600	0
AEMRRSW	7	2	4	0	1	0	7200	0
AEMRRTU	7	1	2	0	0	0	3600	0
DEMOSSU	7	2	4	0	0	0	7200	0
AEMNSTU	7	1	2	0	0	0	3600	0
EEHILMN	7	1	2	0	0	0	3600	0
AEMNRU	6	2	4	0	1	0	5600	0
AELTX	5	4	8	0	0	0	6400	0
AELVY	5	2	4	0	0	0	3200	0
DENOOTU	7	2	4	0	1	0	7200	0
AEMNNORS	8	1	2	0	0	0	4400	0
DENOOPS	7	1	2	2	1	0	0	1
AEMNNRST	8	1	2	0	0	0	4400	0
AEMNOPR	7	3	6	0	0	0	10800	0
DENNOTU	7	1	2	0	1	0	3600	0
AEMNORST	8	3	6	0	0	0	13200	0
DENNORT	7	2	4	0	0	0	7200	0
AEMNORU	7	1	2	0	0	0	3600	0
AEMNRST	7	20	41	0	4	0	73800	0
DEMY	4	17	34	0	0	0	13600	0
AEMNRSU	7	4	8	0	0	0	14400	0
DEMSSU	6	2	4	0	0	0	5600	0
AEMRSTY	7	2	4	0	1	0	7200	0
AEMSSU	6	1	2	0	1	0	2800	0
AEMSTY	6	3	6	0	0	0	8400	0
DELPRU	6	1	2	0	0	0	2800	0
AENORSSU	8	1	2	0	0	0	4400	0
DELOPRU	7	2	5	0	0	0	9000	0
DELOPRSU	8	2	4	0	0	0	8800	0
DELOPRS	7	1	2	0	0	0	3600	0
DELOPR	6	3	6	0	1	0	8400	0
AENOSTT	7	9	18	0	5	0	32400	0
AENPPR	6	2	5	0	0	0	7000	0
AENPPRS	7	2	4	0	2	0	7200	0
DELOOST	7	2	4	0	2	0	7200	0
AENPRSW	7	1	2	0	0	0	3600	0
DELOORSS	8	1	2	0	0	0	4400	0
AENPRW	6	1	2	0	0	0	2800	0
AENPSST	7	5	10	0	2	0	18000	0
AENPSTT	7	1	2	0	0	0	3600	0
DELNRU	6	13	29	0	0	0	40600	0
AENORSSTU	9	1	2	0	0	0	5200	0
AENORSST	8	3	6	0	0	0	13200	0
DELORST	7	5	10	0	0	0	18000	0
DELOSY	6	4	8	0	0	0	11200	0
DELPRSU	7	1	2	0	0	0	3600	0
DELOY	5	11	23	0	2	0	18400	0
AEMSY	5	11	23	0	0	0	18400	0
AEMSZ	5	1	2	0	1	0	1600	0
AEMTY	5	9	18	0	1	0	14400	0
AENNORST	8	2	4	0	0	0	8800	0
AENNPRS	7	5	10	6	6	0	7200	0.6
DELORTT	7	3	6	0	0	0	10800	0
AENNSTT	7	2	4	0	0	0	7200	0
DELOSTU	7	6	12	0	3	0	21600	0
DELOST	6	16	32	0	7	0	44800	0
AENOPRT	7	5	10	0	2	0	18000	0
AENOPS	6	7	14	0	0	0	19600	0
AENORSS	7	3	6	0	0	0	10800	0
DENOPRS	7	1	2	0	1	0	3600	0
DENOPRT	7	3	6	0	0	0	10800	0
DENORRSU	8	1	2	0	1	0	4400	0
AELORTU	7	3	6	0	0	0	10800	0
AELNSTU	7	3	6	0	1	0	10800	0
DEOPSTU	7	1	2	0	0	0	3600	0
AELNSV	6	3	6	0	0	0	8400	0
AELNTU	6	5	10	0	2	0	14000	0
DEOPRW	6	1	2	0	0	0	2800	0
DEOPRU	6	5	11	0	3	0	15400	0
AELOORS	7	2	4	0	0	0	7200	0
DEOPRSU	7	1	2	0	0	0	3600	0
AELOPPRS	8	1	2	0	0	0	4400	0
AELOPRR	7	2	4	0	0	0	7200	0
AELOPST	7	4	9	0	0	0	16200	0
AELOPT	6	8	16	0	0	0	22400	0
AELORRST	8	4	8	0	0	0	17600	0
AELORS	6	62	134	0	11	0	187600	0
DEOOP	5	13	26	0	0	0	20800	0
AELNRY	6	7	15	0	0	0	21000	0
AELNRV	6	5	10	0	0	0	14000	0
DEORRST	7	3	6	0	1	0	10800	0
AELNOST	7	10	20	0	1	0	36000	0
AELMSY	6	4	8	0	0	0	11200	0
AELMTU	6	10	20	0	0	0	28000	0
AELMY	5	4	8	0	1	0	6400	0
AELNORSU	8	1	2	0	0	0	4400	0
AELNOS	6	14	28	0	3	0	39200	0
DEORSV	6	1	2	2	0	0	0	1
DEORSTY	7	6	13	0	1	0	23400	0
AELNRU	6	12	25	0	0	0	35000	0
AELNOT	6	22	44	0	4	0	61600	0
DEORSTT	7	1	2	0	1	0	3600	0
AELNPTY	7	1	2	0	0	0	3600	0
AELNRSST	8	1	2	0	0	0	4400	0
AELNRSTT	8	1	2	0	0	0	4400	0
DEORRV	6	1	2	0	0	0	2800	0
AELORSS	7	7	16	0	3	0	28800	0
AELOST	6	33	66	0	8	0	92400	0
AELSTY	6	11	24	0	0	0	33600	0
AELPPST	7	1	2	0	1	0	3600	0
DENOZ	5	1	3	0	0	0	2400	0
DENOV	5	7	14	0	2	0	11200	0
AELRYY	6	1	2	0	0	0	2800	0
DENOSV	6	1	2	0	1	0	2800	0
DENOSTU	7	4	8	0	2	0	14400	0
AELSSTT	7	27	58	0	11	0	104400	0
AELSSTU	7	2	4	0	0	0	7200	0
AELSSTY	7	1	2	0	1	0	3600	0
AELSTTY	7	2	4	0	0	0	7200	0
DENORU	6	1	2	0	0	0	2800	0
DENORSY	7	1	2	0	0	0	3600	0
AELSTV	6	2	4	0	0	0	5600	0
AELSTW	6	3	6	0	1	0	8400	0
DENORST	7	2	4	0	0	0	7200	0
AELSTX	6	1	2	0	0	0	2800	0
AELRU	5	43	86	0	3	0	68800	0
DENPSU	6	7	17	0	0	0	23800	0
AELRTY	6	14	30	0	1	0	42000	0
DENRY	5	1	2	0	0	0	1600	0
AELPRSTT	8	3	6	2	2	0	8800	0.3333
AELPRSU	7	1	2	0	0	0	3600	0
AELPRTY	7	1	2	0	0	0	3600	0
DENSTU	6	6	12	0	3	0	16800	0
AELPRW	6	2	4	0	0	0	5600	0
AELQSU	6	1	2	0	0	0	2800	0
AELRRY	6	3	6	0	0	0	8400	0
DENPU	5	8	16	0	0	0	12800	0
AELRSSW	7	1	2	0	0	0	3600	0
AELRSTU	7	2	4	0	0	0	7200	0
AELRSTW	7	2	4	0	0	0	7200	0
DENRSTU	7	2	4	0	0	0	7200	0
AELRSTY	7	2	4	0	0	0	7200	0
AELRSU	6	5	10	0	0	0	14000	0
DELNRTU	7	3	6	0	0	0	10800	0
DELNRSU	7	3	7	0	0	0	12600	0
DELNRSTU	8	1	2	0	0	0	4400	0
DEINNST	7	7	15	0	1	0	27000	0
DEINRSTT	8	5	10	0	1	0	22000	0
AGGINPR	7	1	2	0	2	0	3600	0
AGGINPS	7	1	2	0	0	0	3600	0
DEINPST	7	2	4	0	1	0	7200	0
AGHILNSU	8	1	2	0	0	0	4400	0
DEINOT	6	3	6	0	0	0	8400	0
AGHILNT	7	1	2	0	0	0	3600	0
AGHINT	6	1	2	0	0	0	2800	0
DEINORU	7	1	2	0	0	0	3600	0
DEINORSU	8	1	2	0	0	0	4400	0
AGHIRT	6	4	8	0	0	0	11200	0
AGHIT	5	10	20	0	0	0	16000	0
DEINOP	6	15	32	0	3	0	44800	0
DEINOOSZ	8	1	2	0	0	0	4400	0
DEINNW	6	1	2	0	1	0	2800	0
AGGINP	6	2	4	0	2	0	5600	0
AGGILNRY	8	1	2	0	0	0	4400	0
DEINRTU	7	8	17	0	1	0	30600	0
DEINSTT	7	8	17	0	2	0	30600	0
DEIOPR	6	2	4	0	0	0	5600	0
DEIOORS	7	1	2	0	0	0	3600	0
DEINX	5	1	2	0	0	0	1600	0
AFOSS	5	3	6	0	0	0	4800	0
AFOSST	6	1	2	0	0	0	2800	0
AFSTU	5	9	18	0	0	0	14400	0
DEINST	6	9	18	0	0	0	25200	0
AGGILNR	7	1	2	0	1	0	3600	0
DEINSSTT	8	1	2	0	0	0	4400	0
DEINSST	7	17	35	0	2	0	63000	0
AGGIILNT	8	1	2	0	0	0	4400	0
AGGIINNS	8	1	2	0	1	0	4400	0
AGGILNNT	8	1	2	0	0	0	4400	0
DEINRV	6	1	2	0	0	0	2800	0
AGHMNOOPR	9	1	2	0	0	0	5200	0
DEINNOT	7	4	8	0	0	0	14400	0
DEIOPRT	7	10	20	0	0	0	36000	0
AGHSTU	6	1	2	0	0	0	2800	0
AGIKMNS	7	1	2	0	1	0	3600	0
AGIKN	5	18	44	0	1	0	35200	0
DEILWY	6	1	2	0	0	0	2800	0
AGIKNNST	8	1	2	0	0	0	4400	0
AGIKNPRS	8	1	2	2	1	0	0	1
AGIKNRS	7	2	4	2	2	0	3600	0.5
AGIKNSST	8	1	2	0	0	0	4400	0
AGIL	4	58	116	0	4	0	46400	0
DEILSTU	7	1	2	0	0	0	3600	0
AGILLMNS	8	1	2	0	1	0	4400	0
AGILLNSU	8	1	2	0	0	0	4400	0
AGILLNU	7	1	2	0	0	0	3600	0
AGILMNS	7	1	2	0	0	0	3600	0
DEILRY	6	1	2	0	0	0	2800	0
DEILRW	6	2	4	0	1	0	5600	0
DEIMNO	6	10	20	0	1	0	28000	0
DEIMNOS	7	2	4	0	0	0	7200	0
AGIKLNS	7	1	2	0	1	0	3600	0
DEIMPSU	7	1	2	0	1	0	3600	0
AGHTU	5	4	8	0	0	0	6400	0
AGIILN	6	4	8	0	1	0	11200	0
AGIILNN	7	1	2	0	0	0	3600	0
AGIILNNS	8	1	2	0	0	0	4400	0
AGIINNRTU	9	1	2	0	0	0	5200	0
AGIINORTV	9	1	2	0	0	0	5200	0
AGIINRSTT	9	1	2	0	0	0	5200	0
AGIINSV	7	1	2	0	0	0	3600	0
DEIMOR	6	7	14	0	0	0	19600	0
DEIMOOSS	8	1	2	0	0	0	4400	0
AGIINRT	7	10	20	0	3	0	36000	0
DEIMNST	7	1	2	0	0	0	3600	0
DEIMNSST	8	1	2	0	0	0	4400	0
DEIMNSS	7	2	4	0	1	0	7200	0
DEIOPRST	8	1	2	0	0	0	4400	0
DEIOPT	6	3	6	0	0	0	8400	0
DELNOW	6	1	2	0	0	0	2800	0
AEPRTU	6	7	14	0	1	0	19600	0
AEOPRSST	8	7	15	0	0	0	33000	0
AEOPRST	7	7	15	0	0	0	27000	0
AEOPST	6	10	20	0	0	0	28000	0
AEOPSTT	7	3	6	0	0	0	10800	0
AEOPTT	6	3	6	0	0	0	8400	0
AEORVW	6	2	4	0	0	0	5600	0
AEOSTV	6	1	2	0	0	0	2800	0
DEISTW	6	4	8	0	2	0	11200	0
DEISTV	6	5	10	2	2	0	11200	0.2
DEISTU	6	3	6	0	1	0	8400	0
AEOSV	5	18	36	0	0	0	28800	0
DEISSU	6	3	6	0	0	0	8400	0
AEOTTU	6	10	20	0	6	0	28000	0
AEPRRU	6	2	4	0	0	0	5600	0
AEPRRW	6	1	3	0	1	0	4200	0
DEKOPR	6	1	2	0	1	0	2800	0
AEOPRRT	7	1	2	0	0	0	3600	0
AENTTU	6	9	19	0	3	0	26600	0
AENRSTV	7	1	2	0	0	0	3600	0
AENPSTU	7	1	2	0	0	0	3600	0
DELNOSU	7	1	2	0	1	0	3600	0
AENQU	5	5	10	0	0	0	8000	0
AENRR	5	102	204	0	4	0	163200	0
AENRSST	7	2	4	0	0	0	7200	0
AENRSTU	7	11	24	4	6	0	36000	0.1667
AENRSTW	7	1	2	0	1	0	3600	0
DEKSY	5	1	2	0	0	0	1600	0
DELMORU	7	2	4	0	0	0	7200	0
DELMORSU	8	1	2	0	0	0	4400	0
AENRTU	6	5	10	0	2	0	14000	0
AENSSU	6	2	4	0	0	0	5600	0
AENSTTU	7	9	19	0	2	0	34200	0
AENSTY	6	6	12	0	1	0	16800	0
AEPRSTU	7	7	14	0	0	0	25200	0
AEQRTU	6	4	8	0	1	0	11200	0
AFNPRY	6	1	2	0	0	0	2800	0
AERRSU	6	4	8	0	0	0	11200	0
AFGNO	5	1	2	0	0	0	1600	0
AFILNY	6	1	2	0	0	0	2800	0
AFINSTU	7	1	2	0	0	0	3600	0
DEIOX	5	3	6	0	0	0	4800	0
DEIOSX	6	3	6	0	0	0	8400	0
DEIOSTU	7	2	4	0	1	0	7200	0
DEIORZ	6	2	4	0	1	0	5600	0
DEIORV	6	2	4	0	0	0	5600	0
DEIORTU	7	1	2	0	0	0	3600	0
AFLOO	5	2	4	0	1	0	3200	0
AFLORS	6	6	12	0	1	0	16800	0
DEIORSV	7	5	10	0	0	0	18000	0
DEIORSTW	8	2	4	0	0	0	8800	0
AFLSTU	6	1	2	0	0	0	2800	0
AFLSU	5	2	4	0	0	0	3200	0
DEIPRST	7	1	2	0	0	0	3600	0
DEIPRSU	7	1	2	0	0	0	3600	0
DEIPRT	6	4	8	0	0	0	11200	0
AERSUU	6	1	2	0	0	0	2800	0
AERSSU	6	5	10	0	0	0	14000	0
DEIRSU	6	5	10	0	0	0	14000	0
AERSSWY	7	1	2	0	1	0	3600	0
DEIRSTU	7	4	10	0	2	0	18000	0
AERSTTU	7	2	4	0	0	0	7200	0
DEIRSSTU	8	1	2	0	0	0	4400	0
AERTTV	6	1	2	0	0	0	2800	0
AFGINRT	7	1	2	2	1	0	0	1
AESSY	5	17	34	0	1	0	27200	0
AESSZ	5	1	2	0	0	0	1600	0
AESTTU	6	6	12	0	0	0	16800	0
AESUV	5	3	6	0	1	0	4800	0
AEUV	4	15	30	0	0	0	12000	0
AFFY	4	3	6	0	0	0	2400	0
AELMSTU	7	1	2	0	0	0	3600	0
AELMRST	7	6	12	0	1	0	21600	0
AELMPRT	7	1	2	0	0	0	3600	0
DSTUY	5	1	2	0	0	0	1600	0
EEFIRRS	7	2	5	0	1	0	9000	0
EEFIPRS	7	1	2	0	0	0	3600	0
EEFIPR	6	1	2	0	0	0	2800	0
EEFINRSS	8	1	2	0	0	0	4400	0
AEILMNT	7	5	10	0	0	0	18000	0
AEILMP	6	2	4	0	0	0	5600	0
EEFILRS	7	4	9	0	1	0	16200	0
AEILMPR	7	4	9	0	0	0	16200	0
AEILMPRS	8	3	7	0	0	0	15400	0
EEFIIRST	8	1	3	0	0	0	6600	0
EEFHRSST	8	2	4	0	0	0	8800	0
EEFHRRS	7	2	4	0	0	0	7200	0
EEFHLRS	7	1	2	0	0	0	3600	0
EEFGINRS	8	4	8	2	3	0	13200	0.25
AEILMPS	7	2	4	0	0	0	7200	0
EEFIRS	6	1	2	0	0	0	2800	0
EEFKS	5	2	4	2	0	0	1600	0.5
AEILMNST	8	4	8	0	0	0	17600	0
AEILMNORS	9	1	2	0	0	0	5200	0
AEIKRT	6	7	16	0	0	0	22400	0
AEILLN	6	22	45	0	1	0	63000	0
AEILLRSS	8	1	2	0	0	0	4400	0
AEILLRST	8	5	10	0	2	0	22000	0
AEILLSST	8	2	4	0	0	0	8800	0
EEFNORST	8	3	6	2	2	0	8800	0.3333
AEILMNP	7	1	2	0	0	0	3600	0
AEILMNSST	9	1	2	0	0	0	5200	0
AEILMNR	7	3	6	0	0	0	10800	0
AEILMNRS	8	1	3	0	0	0	6600	0
EEFLRST	7	2	4	0	0	0	7200	0
EEFLR	5	4	8	0	0	0	6400	0
EEFLNRSS	8	1	2	0	0	0	4400	0
EEFLNRS	7	3	6	0	0	0	10800	0
AEILMPST	8	6	13	0	0	0	28600	0
AEILMPT	7	1	2	0	0	0	3600	0
EEFRSTU	7	2	4	0	0	0	7200	0
AEILMRR	7	1	2	0	0	0	3600	0
AEILNQU	7	1	2	0	0	0	3600	0
AEILNSU	7	3	6	0	0	0	10800	0
AEILNSV	7	1	2	0	0	0	3600	0
AEILNV	6	25	62	0	2	0	86800	0
AEILORSV	8	1	2	0	0	0	4400	0
DOPSU	5	1	2	0	0	0	1600	0
DOPRU	5	3	6	0	0	0	4800	0
AEILPPR	7	1	2	0	0	0	3600	0
AEILPRRT	8	1	2	0	0	0	4400	0
AEILPS	6	48	114	0	1	0	159600	0
AEILPSS	7	12	29	0	1	0	52200	0
AEILPST	7	12	28	0	1	0	50400	0
AEILRTY	7	6	12	0	0	0	21600	0
AEILSS	6	63	138	0	7	0	193200	0
AEILSV	6	3	6	0	0	0	8400	0
AEILNPST	8	1	2	0	0	0	4400	0
AEILNPS	7	4	8	0	0	0	14400	0
AEILNPRT	8	1	2	0	0	0	4400	0
AEILMSTT	8	2	4	0	0	0	8800	0
DRUY	4	10	20	0	0	0	8000	0
AEILMRSST	9	1	2	0	0	0	5200	0
AEILMRST	8	11	24	0	0	0	52800	0
DRSTU	5	5	10	0	1	0	8000	0
AEILMRT	7	7	14	0	0	0	25200	0
AEILMSS	7	3	6	0	0	0	10800	0
AEILNOR	7	12	24	0	0	0	43200	0
DORWY	5	1	2	0	0	0	1600	0
AEILNORS	8	5	10	0	0	0	22000	0
AEILNORST	9	1	2	0	1	0	5200	0
AEILNORT	8	4	8	0	2	0	17600	0
AEILNOST	8	6	12	0	1	0	26400	0
AEILNOT	7	2	4	0	0	0	7200	0
AEILNPRST	9	2	4	0	0	0	10400	0
AEIKRST	7	2	4	0	0	0	7200	0
EEFRTU	6	4	8	0	0	0	11200	0
AEIMMN	6	4	8	0	0	0	11200	0
EEGINRV	7	1	2	0	0	0	3600	0
AEHRSY	6	2	4	0	0	0	5600	0
AEHRTW	6	1	2	0	0	0	2800	0
AEHRTY	6	4	8	0	1	0	11200	0
AEHSSV	6	1	2	0	0	0	2800	0
EEGNORS	7	1	2	0	0	0	3600	0
AEIILLMR	8	1	2	0	0	0	4400	0
EEGLRS	6	3	6	0	0	0	8400	0
EEGLR	5	14	28	0	0	0	22400	0
EEGLNST	7	1	2	0	1	0	3600	0
EEGISS	6	2	4	0	0	0	5600	0
AEIILLMRS	9	1	2	0	0	0	5200	0
AEIILNOSTTV	11	1	2	0	0	0	6800	0
EEGIOST	7	1	2	0	0	0	3600	0
EEGINSW	7	1	2	0	0	0	3600	0
AEIILNOTTV	10	1	2	0	0	0	6000	0
EEGNRY	6	2	4	0	0	0	5600	0
EEGNSSU	7	1	2	0	0	0	3600	0
AEHRSTW	7	2	4	0	1	0	7200	0
AEHORSST	8	3	6	0	1	0	13200	0
EEHILLRS	8	2	5	0	0	0	11000	0
EEHILLR	7	1	2	0	0	0	3600	0
EEHIINPRSST	11	1	2	0	0	0	6800	0
AEHOPSST	8	3	6	0	0	0	13200	0
AEHOPSTT	8	1	2	0	0	0	4400	0
EEGRV	5	5	10	0	0	0	8000	0
EEGRSV	6	2	4	0	0	0	5600	0
AEHPRT	6	1	2	0	0	0	2800	0
AEHORSSTU	9	1	2	0	0	0	5200	0
AEHORST	7	3	6	0	0	0	10800	0
AEHORSTU	8	6	13	0	0	0	28600	0
AEHPRRS	7	2	4	2	1	0	3600	0.5
AEHPRST	7	5	10	0	1	0	18000	0
EEGNW	5	1	2	0	0	0	1600	0
AEIILNST	8	3	6	0	0	0	13200	0
AEIILRSST	9	2	4	0	0	0	10400	0
EEFRY	5	6	13	0	0	0	10400	0
AEIILRST	8	1	2	0	0	0	4400	0
AEIINSST	8	7	14	0	1	0	30800	0
AEIIRSST	8	5	10	0	0	0	22000	0
AEIIRST	7	4	8	0	0	0	14400	0
EEGILNOOS	9	1	3	0	0	0	7800	0
AEIKLS	6	1	2	0	0	0	2800	0
AEIKLSS	7	1	2	0	0	0	3600	0
AEIKLST	7	1	2	0	0	0	3600	0
AEIKNST	7	1	2	0	0	0	3600	0
AEIKNT	6	1	2	0	0	0	2800	0
EEGGIR	6	1	2	0	0	0	2800	0
EEGGILOOS	9	1	2	0	0	0	5200	0
EEGGIINRST	10	1	2	0	0	0	6000	0
EEGGIINRR	9	1	2	0	0	0	5200	0
AEIKPRS	7	2	4	0	0	0	7200	0
EEFSTW	6	2	5	0	0	0	7000	0
EEGILNRST	9	1	2	0	0	0	5200	0
EEGILNRV	8	1	2	0	1	0	4400	0
AEIINPST	8	1	2	0	0	0	4400	0
EEGINNRST	9	1	2	0	0	0	5200	0
EEGINRSV	8	1	2	0	0	0	4400	0
AEIILSS	7	1	2	0	0	0	3600	0
AEIIMPRRS	9	1	2	0	0	0	5200	0
AEIIMST	7	2	4	0	0	0	7200	0
AEIINNS	7	3	6	0	0	0	10800	0
EEGINNS	7	8	17	0	1	0	30600	0
EEGINNRS	8	1	2	0	0	0	4400	0
AEIINNSTU	9	1	2	0	0	0	5200	0
EEGIMRS	7	1	3	0	0	0	5400	0
EEGIMR	6	4	8	0	0	0	11200	0
EEGIMNT	7	3	6	0	0	0	10800	0
EEGILST	7	4	8	0	0	0	14400	0
EEGILRS	7	4	8	0	0	0	14400	0
EEGILR	6	8	16	0	0	0	22400	0
AEILSW	6	17	34	0	3	0	47600	0
DNOSY	5	18	36	0	0	0	28800	0
AELMOPRS	8	1	2	0	0	0	4400	0
AEIRRT	6	50	100	0	6	0	140000	0
DGINNORU	8	1	2	0	0	0	4400	0
AEIOPST	7	2	4	0	0	0	7200	0
AEIORR	6	21	42	0	1	0	58800	0
AEIORRST	8	5	10	0	1	0	22000	0
AEIORST	7	6	12	0	1	0	21600	0
AEIPRSST	8	4	9	0	0	0	19800	0
DGIILNS	7	1	2	0	0	0	3600	0
AEIPSS	6	6	12	0	0	0	16800	0
DGHIOPS	7	1	2	0	0	0	3600	0
DGHIINS	7	1	2	0	0	0	3600	0
DGHIILNS	8	1	2	0	0	0	4400	0
DGHIILN	7	1	2	0	0	0	3600	0
AEIPST	6	5	10	0	3	0	14000	0
AEIRRSS	7	3	6	0	0	0	10800	0
AEIRRSTT	8	5	10	0	0	0	22000	0
DGINNOS	7	3	6	0	1	0	10800	0
AEINSZ	6	1	2	0	0	0	2800	0
AEINSV	6	9	19	0	1	0	26600	0
AEINSSTT	8	11	23	0	2	0	50600	0
AEINRSTU	8	10	20	0	4	0	44000	0
AEINRSV	7	1	2	0	0	0	3600	0
DHIRT	5	14	28	0	1	0	22400	0
DHIRST	6	4	8	0	0	0	11200	0
DHIOST	6	5	10	0	0	0	14000	0
AEINRTW	7	5	10	0	0	0	18000	0
DGLOY	5	1	2	0	0	0	1600	0
AEINSTW	7	19	48	0	0	0	86400	0
AEINSSV	7	1	2	0	0	0	3600	0
DGIRS	5	9	18	6	2	0	9600	0.3333
AEINSTT	7	12	24	0	1	0	43200	0
DGINRU	6	1	2	0	1	0	2800	0
AEINSTU	7	3	6	0	2	0	10800	0
AEINSTV	7	5	11	0	0	0	19800	0
DFIOS	5	4	8	0	0	0	6400	0
AEIRSSTT	8	7	14	0	0	0	30800	0
DHOSW	5	1	2	0	0	0	1600	0
AEIRSSTTW	9	1	2	0	2	0	5200	0
AELLNY	6	2	4	0	0	0	5600	0
AELLORST	8	2	4	0	0	0	8800	0
AELLORV	7	1	2	0	0	0	3600	0
AELLPS	6	4	8	0	1	0	11200	0
AELLRTY	7	2	4	0	0	0	7200	0
DEOTTW	6	2	4	0	0	0	5600	0
AELLRU	6	2	4	0	0	0	5600	0
AELLRY	6	5	10	0	1	0	14000	0
AELMNOT	7	6	12	0	0	0	21600	0
AELMNS	6	3	6	0	0	0	8400	0
AELMNST	7	6	12	2	3	0	18000	0.1667
AELMNY	6	4	8	0	0	0	11200	0
DEOSTTU	7	1	2	0	0	0	3600	0
AELMOPR	7	1	2	0	0	0	3600	0
AELMOPRR	8	1	2	0	0	0	4400	0
DEPRY	5	7	14	0	0	0	11200	0
AEKPRRS	7	1	2	0	2	0	3600	0
AEKLY	5	1	2	0	1	0	1600	0
AEISTTW	7	1	2	0	0	0	3600	0
AEIRSTV	7	4	8	0	1	0	14400	0
AEIRSV	6	3	6	0	0	0	8400	0
AEIRTT	6	48	101	0	7	0	141400	0
AEIRV	5	18	36	0	0	0	28800	0
AEISSZ	6	1	2	0	0	0	2800	0
DESTTU	6	1	2	0	0	0	2800	0
AEISTV	6	7	14	0	0	0	19600	0
DERSSU	6	4	9	0	0	0	12600	0
AEISVW	6	2	4	0	1	0	5600	0
DERV	4	36	72	0	2	0	28800	0
AEITTW	6	3	6	0	0	0	8400	0
AEJLOSU	7	1	2	0	0	0	3600	0
AEJST	5	1	2	0	0	0	1600	0
AEKLNST	7	1	2	0	1	0	3600	0
AEINRSSTT	9	3	6	0	0	0	15600	0
AEINRSS	7	3	6	0	1	0	10800	0
AEIMMRSSU	9	1	2	0	0	0	5200	0
AEINNOST	8	1	2	0	0	0	4400	0
AEIMPRS	7	1	2	0	0	0	3600	0
AEIMPST	7	1	2	0	0	0	3600	0
DLOSY	5	5	10	0	0	0	8000	0
AEIMRRS	7	5	10	0	2	0	18000	0
AEIMRSS	7	2	4	0	1	0	7200	0
AEIMRSST	8	3	6	0	0	0	13200	0
AEIMRSTT	8	2	4	0	0	0	8800	0
AEIMRT	6	18	36	0	3	0	50400	0
AEIMSST	7	27	57	0	5	0	102600	0
DLNOOSWW	8	1	2	0	0	0	4400	0
DKOU	4	4	8	0	0	0	3200	0
DKOSU	5	1	2	0	0	0	1600	0
DKNOO	5	2	4	0	0	0	3200	0
AEINNORS	8	1	2	0	0	0	4400	0
AEINNORST	9	1	2	0	0	0	5200	0
AEIMOST	7	10	20	0	0	0	36000	0
DLOY	4	21	44	0	0	0	17600	0
AEIMORST	8	1	2	0	1	0	4400	0
AEIMNRST	8	6	12	0	0	0	26400	0
DNOSUW	6	1	2	0	2	0	2800	0
AEIMNNOST	9	1	2	0	0	0	5200	0
AEIMNNOT	8	1	2	0	0	0	4400	0
AEIMNNT	7	1	2	0	1	0	3600	0
AEIMNOR	7	11	22	0	6	0	39600	0
AEIMNORS	8	6	14	0	5	0	30800	0
AEIMNRT	7	11	22	0	0	0	39600	0
AEIMORSST	9	1	2	0	1	0	5200	0
AEIMNSS	7	9	19	0	1	0	34200	0
AEIMNSST	8	1	2	0	0	0	4400	0
DMOSU	5	1	2	0	1	0	1600	0
AEIMNTY	7	1	2	0	0	0	3600	0
DMOOY	5	1	2	2	1	0	0	1
AEIMOPR	7	1	2	0	0	0	3600	0
AEINNORT	8	2	4	0	0	0	8800	0
AEINNR	6	65	136	0	1	0	190400	0
DIIMO	5	4	8	0	0	0	6400	0
DIQSU	5	1	2	2	1	0	0	1
DIMNOR	6	21	42	0	1	0	58800	0
AEINORSTT	9	7	14	0	1	0	36400	0
DILY	4	21	42	0	0	0	16800	0
AEINPR	6	8	16	0	2	0	22400	0
AEINPRS	7	1	2	0	0	0	3600	0
AEINPRST	8	7	15	2	1	0	28600	0.1333
DILORWY	7	1	2	0	0	0	3600	0
AEINPS	6	19	38	0	0	0	53200	0
DILMOU	6	1	3	0	0	0	4200	0
DILMOOY	7	1	2	0	0	0	3600	0
AEINPSS	7	4	8	0	0	0	14400	0
AEINPSTT	8	1	2	0	0	0	4400	0
AEINRRS	7	5	10	0	0	0	18000	0
AEINRRSST	9	1	2	0	0	0	5200	0
DIIMOS	6	1	2	0	0	0	2800	0
DIMNORS	7	5	10	0	0	0	18000	0
DIMOS	5	9	18	0	0	0	14400	0
DIMOSU	6	2	4	0	0	0	5600	0
AEINNSTT	8	2	4	0	0	0	8800	0
DIOSV	5	4	8	0	0	0	6400	0
AEINNRS	7	5	10	0	1	0	18000	0
DIOPRT	6	1	2	0	0	0	2800	0
DIOORST	7	2	4	0	0	0	7200	0
AEINNRSTY	9	1	2	0	0	0	5200	0
AEINNSST	8	1	2	0	0	0	4400	0
DINOSW	6	2	4	0	0	0	5600	0
DIMRU	5	6	12	0	0	0	9600	0
DINORU	6	4	8	0	0	0	11200	0
DINORSU	7	1	2	0	0	0	3600	0
DINORSTU	8	1	2	0	0	0	4400	0
AEINOPRSTT	10	1	2	0	0	0	6000	0
AEINORSS	8	1	2	0	1	0	4400	0
AEINORST	8	39	84	0	2	0	184800	0
RSTUY	5	2	4	0	1	0	3200	0
