stem	boards	size	ptsNoneOpened	youCompletion	topQCompletion	frontierCompletion	uncontestedPerGame
ATES	423	7.9976	2659400	0.30908	0.37097	0.39313	1545.3
RING	148	15.236	2230400	0.29229	0.35452	0.36429	1296
RATE	367	8.1989	2158600	0.36469	0.42256	0.44518	1254.3
TING	128	16.539	1955000	0.34348	0.40509	0.42151	1136
REST	452	5.25	1505200	0.34408	0.35509	0.37167	874.61
INGS	104	14.125	1452600	0.29247	0.37065	0.37893	844.04
LATE	244	8.6926	1431600	0.34327	0.49163	0.47866	831.84
LING	85	15.329	1305000	0.30366	0.3389	0.36076	758.28
TIES	267	4.9326	1083800	0.24747	0.29651	0.29577	629.75
LINE	169	7.8817	1003600	0.42363	0.48105	0.49358	583.15
TINE	253	4.8775	949400	0.38078	0.4469	0.43767	551.66
ENTS	265	5.5434	900200	0.38449	0.36916	0.42763	523.07
ARES	426	6.0516	897400	0.52104	0.48381	0.59132	521.44
ASTER	217	6.5853	877400	0.4872	0.52685	0.56499	509.82
STED	248	5.9597	845600	0.32905	0.33333	0.40703	491.34
SING	133	7.9248	843600	0.37719	0.5	0.45563	490.18
RINE	236	5.6907	828000	0.46315	0.46275	0.50514	481.12
ONES	247	5.8097	826800	0.42401	0.42478	0.48749	480.42
ARED	259	6.7529	815200	0.31663	0.38375	0.39455	473.68
TIER	271	4.5904	808400	0.3752	0.42636	0.4077	469.73
RISE	291	5.1753	800400	0.39908	0.42857	0.42897	465.08
TONE	190	7.1053	796400	0.48806	0.52	0.58275	462.75
ORES	365	4.937	761600	0.50343	0.50794	0.56711	442.53
NITE	272	4.7463	754200	0.48708	0.52632	0.52761	438.23
AINE	239	5.7615	724000	0.4162	0.46569	0.47951	420.69
RITE	254	4.248	692800	0.42072	0.41975	0.45364	402.56
IRES	350	4.2057	691800	0.42331	0.52282	0.48639	401.98
EARS	292	6.0753	691600	0.49375	0.40541	0.55392	401.86
DING	56	10.804	685400	0.24525	0.44048	0.31386	398.26
ANTS	198	5.6364	644400	0.3976	0.33146	0.433	374.43
IDES	191	5.5812	643600	0.32867	0.34711	0.3898	373.97
ROSE	253	5.17	641200	0.4275	0.46364	0.46098	372.57
TATE	142	6.5986	638600	0.47989	0.62577	0.55039	371.06
ONER	227	6.022	630800	0.45023	0.48889	0.51919	366.53
ANTE	225	5.16	617200	0.46358	0.55155	0.54659	358.63
LITE	171	5.2456	610000	0.45942	0.43043	0.48962	354.45
STAR	277	5.1264	602400	0.5985	0.54508	0.65241	350.03
RAIN	215	6.093	601000	0.60374	0.51304	0.64554	349.22
RANT	174	5.6839	595600	0.44567	0.52128	0.46125	346.08
LIST	156	5.6603	588200	0.37	0.49254	0.4563	341.78
ERES	247	5.0567	584400	0.4569	0.36429	0.47247	339.57
OLES	189	5.6984	582200	0.41856	0.40851	0.46575	338.29
ANES	274	4.2956	577800	0.4065	0.38288	0.46425	335.74
ERING	100	6.24	575000	0.22568	0.25	0.25754	334.11
RATES	179	3.7542	569000	0.41474	0.41593	0.46805	330.62
LIES	160	4.9562	563000	0.25124	0.36813	0.32353	327.14
MATE	145	5.2483	548800	0.44141	0.51974	0.52646	318.88
READ	182	5.3626	534600	0.42088	0.36364	0.42758	310.63
INTER	137	5.8759	529200	0.55049	0.6	0.60165	307.5
HING	71	9.1408	523200	0.39421	0.33645	0.42927	304.01
NIES	242	4.562	521400	0.2471	0.3871	0.3309	302.96
ALES	221	5.552	516600	0.44207	0.45424	0.50503	300.17
OSES	126	6.1984	506600	0.30366	0.34437	0.36413	294.36
RETS	379	3.1715	505600	0.42645	0.42767	0.43945	293.78
DIES	136	4.8382	502400	0.22624	0.21839	0.2399	291.92
TERN	232	5.125	500400	0.53427	0.54545	0.54904	290.76
TENS	247	3.9312	498800	0.39964	0.47244	0.46174	289.83
RONE	200	5.645	493600	0.54485	0.51584	0.58414	286.81
ARTS	278	4.2158	493000	0.44058	0.42791	0.48671	286.46
TEST	219	4.79	489800	0.42683	0.49618	0.47032	284.6
RANG	95	6.9684	485200	0.31422	0.44538	0.36735	281.93
DENT	155	4.729	485000	0.36682	0.43939	0.40296	281.81
MINE	112	6	465000	0.41434	0.57241	0.49679	270.19
CANT	80	7.45	463400	0.38855	0.4252	0.44485	269.26
ARSE	288	3.9653	457600	0.43601	0.54545	0.5	265.89
CENT	89	7.0337	454000	0.34007	0.34	0.37333	263.8
STAT	98	6.7449	449000	0.48558	0.66667	0.51487	260.89
EATS	311	4.2669	446600	0.49901	0.54688	0.55463	259.5
AINS	193	5.2073	443800	0.52229	0.46988	0.5435	257.87
TIRE	285	3.9474	438400	0.60577	0.63536	0.6299	254.74
TORS	191	4.377	434000	0.47202	0.4697	0.45648	252.18
IRED	200	5.025	432800	0.36129	0.49143	0.43273	251.48
MENT	82	6.2683	432600	0.33016	0.325	0.34719	251.37
EASE	190	6.8053	430200	0.63198	0.64744	0.6733	249.97
RAIL	146	5.9041	428400	0.57244	0.56442	0.60354	248.93
NEST	272	3.386	421400	0.53965	0.42268	0.54276	244.86
STIE	240	3.6583	421400	0.41176	0.44444	0.44727	244.86
LETS	193	3.7824	420600	0.33626	0.41935	0.36232	244.39
SINE	221	3.5023	415600	0.46473	0.50847	0.51248	241.49
TRIN	182	5	415400	0.51423	0.62727	0.56769	241.37
RIDE	127	5.2441	412000	0.4625	0.49351	0.49916	239.4
AGES	90	5.1889	410600	0.35526	0.2766	0.39269	238.58
RENT	226	4.3496	409800	0.55624	0.58333	0.597	238.12
URES	141	4.3759	405600	0.38152	0.3625	0.3871	235.68
LIER	173	4.4393	401800	0.37059	0.47761	0.4283	233.47
HERS	141	4.539	399400	0.4158	0.44186	0.47458	232.07
DATE	155	4.5677	395600	0.54386	0.65487	0.59844	229.87
ERED	140	5.0071	392400	0.28638	0.29897	0.27816	228.01
OUTS	88	6.4318	391800	0.37355	0.43548	0.44358	227.66
TENT	144	4.8403	390600	0.42647	0.43182	0.46008	226.96
REAL	216	3.8565	389000	0.44904	0.432	0.47727	226.03
ENES	140	5.0714	386800	0.34423	0.36986	0.35805	224.75
STING	71	7.493	386000	0.49195	0.59016	0.54032	224.29
EAST	265	4.1925	382200	0.55287	0.59821	0.63992	222.08
TAIN	207	4.4589	375400	0.59756	0.62658	0.6535	218.13
REES	181	4.7569	375200	0.44842	0.3886	0.47587	218.01
TILE	148	5.3851	370800	0.56162	0.57216	0.63356	215.46
TEAR	313	3.7827	368000	0.66742	0.61009	0.71863	213.83
AMIN	93	7.6989	360000	0.32028	0.41964	0.44469	209.18
ANCE	73	8.2192	359000	0.40166	0.33333	0.41814	208.6
SHIN	95	6.1579	357600	0.46353	0.54545	0.53024	207.79
IONS	113	4.5752	357400	0.24359	0.19512	0.24632	207.67
PINE	76	6.1447	352200	0.3406	0.45045	0.41176	204.65
SILE	158	4.7152	349800	0.45594	0.49612	0.528	203.25
PARE	120	5.2583	348600	0.42886	0.51754	0.49916	202.56
SALT	124	4.8145	348200	0.4633	0.45918	0.52842	202.32
GERS	103	6.301	347000	0.42463	0.46259	0.48007	201.63
SERS	167	4.3174	342200	0.43503	0.48855	0.5136	198.84
SIDE	146	4.4863	338400	0.57595	0.4902	0.54237	196.63
PART	81	5.8642	331600	0.42183	0.3587	0.47936	192.68
HERE	106	5.5849	328200	0.47507	0.51316	0.49776	190.7
AILS	108	6.0278	328200	0.51938	0.42197	0.54886	190.7
SENT	241	3.3029	326200	0.54147	0.68293	0.58262	189.54
ACHE	64	8.5625	326000	0.44968	0.52083	0.50103	189.42
ABLE	50	11.24	325400	0.32258	0.38571	0.41515	189.08
TARE	325	3.6031	323800	0.6777	0.63677	0.73213	188.15
ROTE	210	3.081	321600	0.55867	0.67176	0.59815	186.87
STEN	296	3.6014	318800	0.51429	0.48421	0.52234	185.24
RAIS	188	4.0957	318800	0.5884	0.49451	0.57447	185.24
MING	50	7.74	313000	0.35401	0.48837	0.42978	181.87
CHER	62	7.1452	313000	0.29344	0.40476	0.34682	181.87
HEAR	145	5.6828	313000	0.62406	0.61765	0.66312	181.87
RITES	132	2.8788	312200	0.38182	0.43077	0.42249	181.41
LANE	161	4.1056	310600	0.45014	0.48148	0.50996	180.48
HEAT	117	4.3419	309800	0.49724	0.56098	0.54048	180.01
SATE	277	2.9025	308600	0.5468	0.61702	0.5852	179.31
LAND	71	6.9155	304000	0.46483	0.5283	0.51485	176.64
RINS	179	4.0503	300000	0.54853	0.3876	0.55401	174.32
RASE	271	3.69	298400	0.52159	0.61039	0.58065	173.39
RINGS	65	5	297800	0.36759	0.4486	0.46667	173.04
AMES	126	5.1349	297600	0.40309	0.50407	0.48553	172.92
TALE	177	4.6497	297400	0.6028	0.65068	0.67949	172.81
CHAR	66	7.803	296800	0.51005	0.58929	0.55508	172.46
RODE	139	4.3165	292400	0.4966	0.51579	0.5362	169.9
VERS	46	8.4565	291000	0.29276	0.25	0.32537	169.09
GATE	105	4.819	288800	0.51175	0.59302	0.57627	167.81
SOLE	127	4.5276	288400	0.4795	0.49333	0.52834	167.58
LENT	121	4.6529	288000	0.23585	0.39024	0.30816	167.34
CARE	168	4.8095	288000	0.61377	0.59441	0.67979	167.34
CATE	124	4.1935	287400	0.59064	0.59783	0.62946	167
SANT	141	3.7234	284200	0.37895	0.53704	0.42433	165.14
TARS	223	3.1928	281600	0.315	0.32911	0.3518	163.63
ESTS	145	4.7517	280600	0.4538	0.51515	0.48903	163.04
SITE	224	2.9509	278400	0.61772	0.54128	0.64559	161.77
TRON	164	4.7744	277200	0.47619	0.56842	0.51936	161.07
OVER	38	9.1842	276800	0.37736	0.375	0.4396	160.84
LINT	109	4.6972	275600	0.44379	0.56338	0.48951	160.14
SORE	221	3.6923	272800	0.52807	0.5873	0.5807	158.51
RAGE	87	4.7011	272600	0.46875	0.41071	0.52557	158.4
TRES	316	3.1234	271200	0.3881	0.41	0.42545	157.58
RINES	113	3.3451	270400	0.50853	0.48718	0.54023	157.12
CART	125	5.424	270200	0.59259	0.60169	0.64725	157
TINS	141	3.2057	269400	0.37736	0.34921	0.36972	156.54
ESTER	153	3.9346	268000	0.39474	0.5514	0.56608	155.72
EATH	136	4.7206	267600	0.34091	0.58537	0.37602	155.49
DEAR	177	4.0847	267400	0.62037	0.65909	0.66352	155.37
TAIL	126	4.1984	267400	0.60891	0.63115	0.64135	155.37
AIRS	172	3.8198	267000	0.4768	0.5	0.516	155.14
TINES	87	2.9885	266400	0.35057	0.46667	0.42667	154.79
ANTI	161	5.0683	266000	0.2243	0.38806	0.33208	154.56
ARIS	222	4.982	265800	0.41176	0.35849	0.43622	154.45
LANT	121	4.2562	265600	0.42164	0.39189	0.49072	154.33
ARET	338	3.4112	264600	0.65644	0.57609	0.67712	153.75
LAST	165	3.8727	263200	0.63617	0.64	0.68085	152.93
RADE	128	4.3203	262800	0.44385	0.4031	0.49431	152.7
SCAR	92	5.9674	260600	0.51771	0.60465	0.55342	151.42
STONE	94	4.2021	260600	0.5022	0.53659	0.56211	151.42
EARN	181	3.9227	260400	0.56109	0.61017	0.57985	151.31
AGER	105	5.5143	259600	0.50104	0.50926	0.54113	150.84
FORE	60	5.1	259600	0.4213	0.38636	0.43346	150.84
SPIN	51	6.2353	256600	0.3662	0.4386	0.39298	149.1
TIME	94	5.0106	256400	0.48844	0.50575	0.54208	148.98
MIST	92	4.2283	256000	0.47391	0.45833	0.51133	148.75
TART	137	4.3285	255800	0.52286	0.50649	0.59039	148.63
ODES	145	3.9655	255400	0.42283	0.58242	0.49902	148.4
MAIN	93	4.4194	254400	0.42705	0.51852	0.50755	147.82
SPAR	68	5.9118	254000	0.45545	0.46154	0.50992	147.59
ROST	164	3.5793	253600	0.56313	0.64384	0.57233	147.36
TONS	125	3.28	253200	0.2953	0.23333	0.3234	147.12
NETS	195	2.8718	252000	0.39196	0.47692	0.4021	146.43
LINES	84	3.3571	251600	0.46354	0.52	0.52809	146.19
HORE	99	4.5556	251400	0.4704	0.47945	0.50263	146.08
EALE	110	5.2727	249600	0.40148	0.43262	0.45363	145.03
ARTI	212	4.3396	249000	0.35227	0.45455	0.44857	144.68
RACE	126	4.873	247800	0.63158	0.64835	0.68794	143.99
TEND	148	3.75	247600	0.56376	0.54878	0.58353	143.87
RAND	103	4.3981	247000	0.45353	0.43333	0.48	143.52
RIAL	145	4.3586	246200	0.48457	0.43333	0.50418	143.06
SORT	163	4.1595	245400	0.58268	0.51389	0.60996	142.59
PING	38	8.5526	242600	0.35816	0.4058	0.4129	140.96
NAIL	116	4.7328	242400	0.57692	0.63095	0.61982	140.85
HORS	97	4.8351	242000	0.44726	0.54717	0.4924	140.62
MISE	124	3.8952	241800	0.50633	0.5	0.52174	140.5
TINGS	48	5.625	241400	0.425	0.43284	0.50741	140.27
PORT	66	6.5758	240800	0.43816	0.45283	0.48428	139.92
DINE	127	3.8898	240800	0.65847	0.60674	0.66222	139.92
SHES	81	6.8642	238200	0.39826	0.5	0.48878	138.41
PIER	83	4.9639	237000	0.34685	0.32143	0.38511	137.71
USES	65	5.4615	236200	0.32411	0.35	0.37627	137.25
ARDS	93	5.0968	235400	0.37013	0.27273	0.4	136.78
CORN	57	6.4737	234200	0.30964	0.44118	0.36957	136.08
ACES	119	4.3866	234000	0.49052	0.58621	0.56695	135.97
ERNE	160	4.4188	231400	0.53431	0.46667	0.53571	134.46
LARE	200	3.435	229600	0.65618	0.49645	0.6594	133.41
TEEN	134	4.0224	228200	0.58172	0.46809	0.57957	132.6
STERN	125	3.544	226600	0.45665	0.53226	0.48496	131.67
POST	58	5.1897	226200	0.40314	0.54348	0.45148	131.44
ICES	85	4.8353	225800	0.41844	0.38272	0.46328	131.2
RAIT	204	3.5343	224000	0.52841	0.55914	0.60041	130.16
ENTER	94	4.0745	224000	0.49561	0.64198	0.57045	130.16
EANS	205	3.9512	223800	0.57262	0.44882	0.59554	130.04
TORE	235	3.5277	222800	0.72936	0.76757	0.77389	129.46
ALTER	91	4.7363	222400	0.56418	0.64516	0.64754	129.23
DEAL	117	3.9573	221000	0.43304	0.61111	0.48208	128.41
ORTS	199	3.5126	219600	0.45534	0.5	0.4954	127.6
BATE	77	4.2208	219000	0.34703	0.4717	0.45936	127.25
APER	105	5.0381	218600	0.47921	0.50602	0.53416	127.02
CHIN	61	6.1311	217600	0.35821	0.35	0.42435	126.44
ARCH	64	6.2969	214200	0.32026	0.35294	0.37619	124.46
PATE	93	4.914	212000	0.5097	0.60577	0.58202	123.18
LATER	105	3.5714	211200	0.48069	0.6129	0.60486	122.72
LACE	67	5.6716	210800	0.48795	0.61667	0.58357	122.49
LINGS	32	5.9375	210200	0.3522	0.46552	0.46842	122.14
TRAIN	102	4.2157	209800	0.60129	0.62857	0.67919	121.91
HOSE	127	4.6063	209200	0.4816	0.4507	0.51613	121.56
BORE	55	5.5636	207200	0.42584	0.41176	0.42336	120.4
SEAR	206	2.9903	206000	0.68455	0.74713	0.72472	119.7
MART	100	4.53	205800	0.53419	0.60294	0.58559	119.58
TRAD	114	4.3421	205000	0.5917	0.53125	0.58263	119.12
PALE	77	5.4156	204200	0.54296	0.53488	0.58915	118.65
LEAR	177	3.9831	204000	0.66269	0.61832	0.73652	118.54
DORS	97	4.134	204000	0.4721	0.50769	0.49846	118.54
LADE	112	4.9107	203600	0.47059	0.58095	0.57526	118.3
THIN	89	4.3371	203200	0.45089	0.31915	0.51417	118.07
MAST	85	3.8	203200	0.56863	0.54717	0.58194	118.07
SEAL	158	2.981	201200	0.62349	0.69014	0.67602	116.91
OAST	136	4.6176	200800	0.51151	0.41071	0.53778	116.68
RATS	221	2.7964	200600	0.42395	0.49438	0.49441	116.56
SIGN	69	4.942	198600	0.35577	0.52941	0.41228	115.4
TELL	59	5.5424	198400	0.48638	0.5	0.55311	115.28
ANDS	74	4.6622	195800	0.40357	0.51515	0.44262	113.77
ROOT	69	4.1449	195800	0.5051	0.52941	0.53668	113.77
STIR	219	3.5708	195400	0.6432	0.64407	0.67491	113.54
LITES	80	2.875	193600	0.368	0.32692	0.35593	112.49
ROLE	125	3.48	192800	0.5	0.52727	0.56707	112.03
MITE	102	4.402	192400	0.62691	0.55556	0.64304	111.8
OOTS	86	4.7674	192200	0.44225	0.38571	0.48628	111.68
STATE	78	4.2179	192000	0.57895	0.8	0.61538	111.56
RAPE	90	5.5556	191800	0.56479	0.55385	0.61853	111.45
SURE	91	3.989	190600	0.45198	0.47368	0.45106	110.75
RILL	41	7.9756	190200	0.48996	0.43243	0.51724	110.52
TALL	50	5.28	189600	0.40758	0.41791	0.51261	110.17
ARLE	139	4.0719	189400	0.60894	0.55882	0.60238	110.05
SERA	328	3.1799	189200	0.36224	0.6	0.44737	109.94
LAIR	123	3.7154	187200	0.41624	0.54386	0.47143	108.77
NITES	86	2.8605	187200	0.38835	0.31111	0.38272	108.77
GEST	88	4.1591	187000	0.4702	0.39286	0.42273	108.66
RUST	70	4.4571	186800	0.42289	0.43077	0.46429	108.54
RETE	154	3.526	186000	0.43946	0.36667	0.45098	108.08
REED	95	4.2	185800	0.52448	0.45833	0.53509	107.96
CORE	99	4.1313	184000	0.55486	0.64557	0.62432	106.91
HOST	91	3.6484	182400	0.42077	0.45283	0.47843	105.98
ONIE	149	4.3423	182000	0.328	0.50617	0.44118	105.75
NEAR	178	3.1517	181800	0.57277	0.54902	0.61765	105.64
GRAN	66	5.1212	181800	0.52356	0.48148	0.54661	105.64
ENDS	110	4.7818	181400	0.55281	0.54545	0.59432	105.4
REEN	128	3.8281	181000	0.54266	0.50617	0.55043	105.17
HARE	162	4.4568	180800	0.61007	0.55	0.65296	105.06
CITE	116	4.069	180400	0.62805	0.67568	0.69576	104.82
SERE	179	2.9497	180000	0.49791	0.51613	0.53271	104.59
REAR	139	3.4317	179000	0.51515	0.46667	0.55689	104.01
RATED	88	2.9205	179000	0.43902	0.47143	0.49767	104.01
TRIE	213	3.4977	178600	0.58242	0.68116	0.66282	103.78
LOSE	141	3.7943	178000	0.57429	0.64706	0.62939	103.43
LANG	52	4.8654	177000	0.4703	0.3617	0.48198	102.85
AMEN	108	5.2685	177000	0.51869	0.55	0.53943	102.85
TORT	110	4.9455	176200	0.53929	0.57447	0.62994	102.38
SETS	136	2.7868	176200	0.42408	0.40909	0.4358	102.38
LUTE	65	6.7077	174400	0.47393	0.52564	0.5	101.34
HAST	97	4.3196	174400	0.56538	0.6	0.60684	101.34
SELL	70	4.4857	174000	0.4292	0.44444	0.48828	101.1
CASE	91	3.0989	173200	0.46457	0.53333	0.47573	100.64
MOTE	73	5.137	173000	0.30973	0.41379	0.45603	100.52
ONERS	100	3.74	172800	0.52083	0.54545	0.58501	100.41
PAST	69	5.4928	172600	0.53785	0.5	0.61514	100.29
ROUT	63	5.746	172200	0.57047	0.59649	0.62037	100.06
HAIR	83	4	172000	0.46203	0.55556	0.46396	99.942
TONES	81	3	171800	0.49	0.48387	0.58222	99.826
TANG	83	4.9277	171400	0.52465	0.57447	0.59551	99.593
BASE	68	4.4118	170800	0.40909	0.52778	0.46862	99.245
TEAL	165	3.6485	169800	0.68277	0.65686	0.72486	98.664
GRAT	71	4.3521	169800	0.65193	0.72727	0.61847	98.664
SHED	72	5.7917	169600	0.46784	0.49351	0.48921	98.547
UTES	110	3.5364	168800	0.37443	0.38202	0.40767	98.083
APES	94	4.383	168000	0.47443	0.48	0.54255	97.618
RAST	152	2.9211	167400	0.60949	0.60274	0.61449	97.269
UNDE	55	5.3818	167200	0.43925	0.39286	0.45673	97.153
SIRE	248	3.0806	166800	0.67936	0.68182	0.72337	96.92
TRAP	78	4.9103	166400	0.53883	0.50746	0.56786	96.688
HOLE	73	4.3014	166400	0.42584	0.41818	0.50617	96.688
USER	114	3.8684	166000	0.47137	0.47619	0.52322	96.456
TOLE	140	3.4071	165200	0.62832	0.71053	0.7012	95.991
DENS	115	3.0522	164400	0.48503	0.45098	0.49174	95.526
ERAS	280	2.9714	164000	0.65846	0.55385	0.63702	95.293
OTTER	54	5.537	163800	0.58175	0.66292	0.62963	95.177
LORE	127	3.0866	163400	0.62151	0.59524	0.62422	94.945
SEAT	211	2.7204	163200	0.67964	0.71053	0.71014	94.829
NOSE	172	3.2849	162800	0.67626	0.67188	0.69542	94.596
TANE	160	2.9562	162200	0.53165	0.54167	0.58025	94.248
LEST	168	2.7976	161800	0.55714	0.58333	0.55634	94.015
ORAL	138	4.6594	161000	0.40157	0.57778	0.43439	93.55
SLAT	147	4.1701	160800	0.73219	0.73394	0.7619	93.434
GENT	64	4.9062	159200	0.5503	0.54839	0.53271	92.504
AUNT	59	6.5254	158400	0.54478	0.30928	0.57525	92.04
OONS	66	5.0152	158000	0.39592	0.38462	0.45051	91.807
TAME	104	4.0288	157800	0.57143	0.6	0.65465	91.691
TAPE	70	5.1	156400	0.49451	0.52941	0.55776	90.877
RANGE	43	4.7442	156200	0.4252	0.53125	0.46108	90.761
SENS	136	3.3235	156000	0.34375	0.46875	0.40741	90.645
EARING	40	6.2	155600	0.51905	0.5625	0.61694	90.413
RANTS	84	3.0714	154000	0.47857	0.6	0.49474	89.483
OOSE	91	5.5714	154000	0.39514	0.39683	0.51392	89.483
METE	76	4.3026	154000	0.57595	0.65152	0.60345	89.483
REIN	203	2.9064	153600	0.6	0.54839	0.59058	89.25
HEAD	65	4	153600	0.37838	0.4	0.43357	89.25
PEAR	102	4.2843	152600	0.60065	0.64	0.64021	88.669
CODE	50	4.98	152200	0.44068	0.61765	0.49038	88.437
LIVE	23	8.7826	151400	0.38728	0.45833	0.43939	87.972
TENE	106	3.4528	151200	0.57746	0.62	0.57934	87.856
MANE	103	3.3398	150600	0.5124	0.58696	0.54209	87.507
PENT	68	3.5294	150400	0.51316	0.44444	0.5297	87.391
MORE	84	3.4643	150200	0.50562	0.63889	0.54032	87.275
LEAT	137	3.2847	149200	0.62083	0.70909	0.67514	86.694
LAIN	127	3.1575	149000	0.37321	0.50877	0.45703	86.578
COST	72	4.9861	148200	0.61458	0.57746	0.64444	86.113
ROLL	38	6.5	148000	0.42135	0.62857	0.47644	85.997
ASTERS	69	3.9275	147400	0.63182	0.57407	0.66795	85.648
READS	69	3.2609	146800	0.48299	0.45455	0.48619	85.299
MATES	53	2.7736	146800	0.34375	0.40625	0.39683	85.299
MALT	54	4.1667	146600	0.38793	0.48148	0.40719	85.183
SIES	133	3.6692	145600	0.44681	0.27273	0.35526	84.602
ITHER	56	4.625	144400	0.2906	0.48077	0.40588	83.905
THING	35	4.2	144400	0.32456	0.19231	0.35965	83.905
SANE	186	3.0161	144000	0.52336	0.71429	0.67027	83.672
MINES	45	3.4	143600	0.36538	0.41935	0.41727	83.44
DITE	108	2.9722	143400	0.64216	0.5641	0.64151	83.324
ETHE	56	5.4286	141800	0.39161	0.52941	0.47895	82.394
ERNS	179	3.3017	141800	0.51515	0.58442	0.55784	82.394
DORE	119	3.3109	140000	0.62046	0.56818	0.65651	81.348
STEAR	136	3.0809	139800	0.75953	0.66667	0.78364	81.232
TATES	50	3.02	139400	0.41379	0.47059	0.48276	80.999
EATER	103	3.8058	139200	0.6446	0.64935	0.71347	80.883
HALE	88	4.7045	139200	0.63393	0.67742	0.65974	80.883
ANTED	73	3.7945	138400	0.4359	0.55	0.52893	80.418
CAST	77	4.2987	138400	0.65438	0.61404	0.68364	80.418
SNAR	149	3.9933	138400	0.64338	0.67308	0.6793	80.418
RICE	87	4.3103	137200	0.53478	0.46429	0.57525	79.721
SALE	144	3.1111	136800	0.66452	0.66234	0.68312	79.489
OATS	147	2.9048	136400	0.56075	0.53704	0.55116	79.256
TRAT	120	3.4	136000	0.38824	0.45455	0.44595	79.024
RISES	58	3.569	134800	0.45312	0.36842	0.5	78.327
CANE	98	3.7449	134600	0.59167	0.69643	0.66667	78.21
NINE	104	3.7404	134400	0.63006	0.50943	0.63948	78.094
HORN	69	4.4928	134000	0.44186	0.63636	0.48256	77.862
LEAS	148	3.5676	133800	0.69394	0.57627	0.71106	77.745
DIAL	81	4.0123	133600	0.59756	0.66667	0.59574	77.629
STARE	152	2.7039	133400	0.71154	0.7193	0.77067	77.513
REDE	104	3.9231	133400	0.51579	0.47826	0.46117	77.513
EARED	79	4.3165	133400	0.51761	0.60294	0.63636	77.513
RAINE	97	3.5979	132800	0.70722	0.62791	0.73375	77.164
HONE	99	4.6667	132600	0.57227	0.73973	0.68041	77.048
SAIL	98	3.1633	132600	0.64	0.64407	0.65462	77.048
REAM	106	4.2925	132200	0.65343	0.67213	0.67412	76.816
GIST	48	3.9583	132000	0.27586	0.55556	0.33663	76.7
ACER	122	4.1393	131600	0.65105	0.61176	0.71212	76.467
HIRE	143	3.8182	131400	0.70347	0.70103	0.73363	76.351
NARE	203	3.133	131400	0.64873	0.70455	0.67095	76.351
LASH	72	4.1528	131200	0.63285	0.73684	0.63745	76.235
AIDE	136	3.7426	130600	0.72333	0.68571	0.73418	75.886
OTHER	57	4.8421	129000	0.57055	0.86364	0.58974	74.956
NEAT	191	2.9162	128800	0.68132	0.64516	0.66333	74.84
ULES	84	3.7262	128800	0.38462	0.30952	0.39744	74.84
CONS	54	4.1852	128600	0.28767	0.33333	0.29565	74.724
RAISE	114	3.1754	128200	0.65285	0.69697	0.688	74.492
POSE	59	4.2373	127200	0.50811	0.58333	0.58852	73.911
SOLA	104	4.3558	126800	0.45238	0.71429	0.5	73.678
RONES	101	3.0792	126200	0.61355	0.59701	0.6587	73.329
ICER	83	3.9639	126200	0.49505	0.47368	0.57414	73.329
RACH	52	4.4231	125800	0.5	0.63158	0.56707	73.097
TITE	89	3.1124	125000	0.66372	0.69388	0.70115	72.632
AITS	179	3.0112	124800	0.55254	0.50617	0.57108	72.516
TRIP	52	5.7692	124800	0.52941	0.42857	0.50526	72.516
OLDE	75	4.8133	124200	0.55414	0.57143	0.57391	72.167
WINE	43	5.7209	123600	0.54854	0.52381	0.54348	71.819
PLAT	50	5.4	123400	0.58289	0.70588	0.63291	71.702
ALINE	75	4.2933	122400	0.62667	0.67105	0.71721	71.121
SHOT	80	3.75	122400	0.58101	0.62963	0.62162	71.121
RASH	111	3.4144	122200	0.66518	0.70909	0.69831	71.005
PIES	40	3.975	122000	0.3	0.3913	0.384	70.889
ANIS	184	3.7663	120600	0.40789	0.30769	0.41892	70.076
ROTI	125	3.656	120600	0.52083	0.54545	0.4964	70.076
TROP	56	4.625	120200	0.46392	0.5	0.46512	69.843
NOTE	187	3.3209	119400	0.79157	0.79808	0.83144	69.378
STEAL	99	2.9798	119200	0.68644	0.73585	0.68872	69.262
CORS	63	3.8889	118400	0.58824	0.56522	0.61576	68.797
UNDER	32	5.1875	118200	0.45455	0.5	0.48507	68.681
LAME	66	4.4848	118200	0.53052	0.57143	0.6367	68.681
OURS	63	4.0317	118200	0.41353	0.54762	0.48205	68.681
DONE	84	3.2143	117800	0.42138	0.58491	0.62185	68.449
ROON	65	3.5385	117600	0.43925	0.41176	0.45333	68.332
HART	101	3.3366	117200	0.55346	0.56923	0.6255	68.1
LAPS	49	4.3061	116800	0.44295	0.41176	0.46707	67.868
RONT	124	3.4919	116800	0.70192	0.62264	0.71906	67.868
LATI	84	4.25	116600	0.35484	0.33333	0.4188	67.751
NONE	70	3.4286	116000	0.45455	0.53333	0.51685	67.403
BAND	30	4.8667	115800	0.46789	0.6	0.47727	67.286
HIST	90	3.0556	115600	0.4	0.5625	0.47651	67.17
DART	100	3.41	114600	0.61589	0.59524	0.65385	66.589
IRING	22	6.2727	114400	0.31522	0.42424	0.35652	66.473
RITS	140	2.65	114000	0.47561	0.48077	0.5098	66.241
MODE	51	4.451	114000	0.46809	0.56098	0.55978	66.241
BAST	65	4.8923	113800	0.60324	0.63889	0.65371	66.124
NETT	76	3.6842	113000	0.66477	0.56364	0.65438	65.66
ANGER	43	5.4419	113000	0.57143	0.4898	0.64253	65.66
CINE	78	3.1538	112800	0.42424	0.69231	0.50781	65.543
OPES	74	4.2703	112600	0.49259	0.36111	0.55405	65.427
TINT	102	3.9902	112600	0.67925	0.54717	0.71385	65.427
TASE	255	2.8627	112200	0.77803	0.82979	0.82877	65.195
PANE	65	4.1231	111800	0.52	0.60606	0.59223	64.962
CADE	60	4.05	111400	0.46927	0.55556	0.56872	64.73
INNER	58	4.5172	111400	0.61972	0.55172	0.66116	64.73
TORI	112	3.2321	111400	0.39759	0.6	0.47761	64.73
TANS	95	2.5474	111200	0.4086	0.47368	0.4252	64.614
STORE	117	2.7949	111000	0.748	0.81356	0.77739	64.497
NATES	95	2.8421	111000	0.4	0.44444	0.42453	64.497
LEAN	128	3.2188	110600	0.65652	0.52632	0.6875	64.265
HANT	68	3.5294	110400	0.66049	0.56522	0.65385	64.149
MANS	73	3.3562	110200	0.43529	0.47368	0.44366	64.033
AVER	31	8.2903	110200	0.53219	0.54902	0.58704	64.033
PLAN	33	6.5152	110000	0.54717	0.6	0.57419	63.916
RATER	106	3.0377	110000	0.65471	0.60938	0.72054	63.916
PEST	90	3.0333	109600	0.51429	0.55556	0.53333	63.684
RAVE	26	8.5	108800	0.48701	0.44	0.54891	63.219
OWER	47	5.9787	108600	0.5969	0.5	0.66288	63.103
BURS	32	5.375	108600	0.31343	0.48	0.42636	63.103
LATED	64	3.2969	108400	0.39796	0.47727	0.53988	62.987
TOIL	74	4.3378	108200	0.69432	0.62025	0.73162	62.87
LINS	70	2.7	108000	0.32836	0.46154	0.37143	62.754
AIRED	83	3.0602	107600	0.53425	0.75	0.60199	62.522
HOUSE	32	4.7188	107200	0.53409	0.53846	0.52459	62.289
GRAM	37	5.1351	107000	0.41593	0.77778	0.50769	62.173
SONS	55	3.9455	106600	0.37705	0.3	0.33636	61.941
TELS	126	2.7381	106400	0.42857	0.54348	0.48125	61.825
WARD	31	5.129	106400	0.4023	0.35714	0.43089	61.825
CHAS	38	4.9211	106200	0.56322	0.57143	0.5625	61.708
RIPE	64	5.2188	106000	0.55263	0.74359	0.6553	61.592
OMER	80	3.6125	105800	0.35088	0.36842	0.35484	61.476
SANG	65	3.2462	105200	0.48148	0.40541	0.48052	61.127
HORSE	61	2.9672	105000	0.46154	0.625	0.536	61.011
ETHER	45	4.4	104800	0.36264	0.6	0.48031	60.895
MEAN	74	3.8243	104600	0.60112	0.6	0.68595	60.779
HARD	53	3.9811	104400	0.53846	0.44	0.57647	60.662
TABLE	24	7.0417	104200	0.5	0.28571	0.46875	60.546
SATI	157	3.3312	104000	0.55952	0.58974	0.57225	60.43
TELE	80	3.5375	103800	0.54225	0.54167	0.60326	60.314
OCHE	47	5.4043	103800	0.42953	0.46154	0.46875	60.314
TROU	50	4.72	103400	0.56818	0.6	0.53691	60.081
LIME	49	4.4898	103400	0.51471	0.64865	0.56322	60.081
OILS	77	3.8831	103400	0.57488	0.52941	0.62302	60.081
TIRES	87	2.3908	103200	0.59524	0.71429	0.61628	59.965
COTT	25	5.64	103200	0.41026	0.46	0.51825	59.965
LASE	171	3.0468	103000	0.74528	0.75342	0.79727	59.849
PALL	24	6.5	103000	0.33333	0.4375	0.51493	59.849
LONG	42	5.4286	102800	0.5283	0.37838	0.5061	59.733
FIRE	61	3.623	102600	0.60377	0.60976	0.66667	59.617
ANGLE	24	8.4583	102200	0.55975	0.625	0.69271	59.384
ROWS	40	4.05	102200	0.41818	0.32432	0.41429	59.384
IRON	133	3.7669	102000	0.71642	0.7619	0.73684	59.268
TONER	85	3.1059	101800	0.70388	0.65714	0.75	59.152
LEAD	77	3.2857	100800	0.55118	0.66667	0.61364	58.571
HOOT	40	5.125	100400	0.56579	1	0.58857	58.338
LOTS	93	2.7419	100400	0.41667	0.47059	0.4472	58.338
CRAN	74	3.9865	100200	0.56338	0.45283	0.60099	58.222
SHEA	95	3.6947	99800	0.67633	0.77273	0.70833	57.99
SHOE	80	3.65	99400	0.57595	0.66667	0.62245	57.757
RIDES	45	2.8444	99400	0.44318	0.5	0.45946	57.757
EVER	22	6.2727	99200	0.36893	0.32558	0.38843	57.641
OARS	101	3.3069	98400	0.47333	0.4375	0.52336	57.176
PAIN	37	4.8649	98400	0.56364	0.5	0.55921	57.176
LION	69	3.7246	97800	0.52632	0.42105	0.42308	56.827
PINES	31	3.4194	97600	0.36667	0.48	0.43617	56.711
LICE	40	4.275	97400	0.49425	0.48148	0.52273	56.595
EARD	116	3.0259	97200	0.54922	0.61111	0.56828	56.479
CHAI	43	5.0698	97000	0.59167	0.6875	0.62941	56.363
CARTE	75	3.3467	97000	0.65241	0.79545	0.71739	56.363
HATE	156	3.1923	96800	0.76562	0.78873	0.83956	56.246
USED	64	3.5312	96800	0.32184	0.40816	0.37838	56.246
PANT	43	4.7674	96800	0.56911	0.56757	0.59444	56.246
RAPS	54	3.8519	96600	0.42017	0.38636	0.4881	56.13
RARE	111	3.4144	96600	0.57831	0.60345	0.63855	56.13
MAND	38	4.0789	96400	0.26923	0.43478	0.37755	56.014
SIST	82	3.5976	96200	0.46032	0.45833	0.44094	55.898
EACH	66	4.6212	96000	0.51724	0.73333	0.56853	55.782
OSIER	77	3.6623	95800	0.23256	0.375	0.30097	55.665
AGED	54	3.4815	95600	0.4433	0.40625	0.46753	55.549
LOUR	31	4.9677	95600	0.52273	0.53846	0.47619	55.549
TILES	57	2.6491	95400	0.51818	0.48649	0.55474	55.433
ACHES	41	4.8293	95200	0.58788	0.625	0.61628	55.317
POTS	56	3.0536	95000	0.44262	0.41667	0.42017	55.2
ROPE	56	4.3929	94800	0.57921	0.66667	0.65534	55.084
SPIE	52	4.2308	94600	0.46715	0.58621	0.54601	54.968
ENDER	57	5.0526	94600	0.66169	0.80952	0.74477	54.968
ROTA	165	3.2909	94000	0.51899	0.73333	0.60406	54.619
FAST	50	4.52	94000	0.57823	0.58065	0.61143	54.619
TOUR	50	4.42	94000	0.58974	0.68	0.60345	54.619
LONE	96	3.4479	93800	0.72581	0.74324	0.75601	54.503
COUR	20	6.95	93400	0.49057	0.46667	0.52381	54.271
TUNE	76	3.9474	93200	0.70286	0.76744	0.71486	54.155
TINA	153	3.268	93200	0.38596	0.4359	0.48921	54.155
HALL	23	5.6087	93200	0.2381	0.27273	0.27381	54.155
SAIN	145	3.2621	93200	0.7492	0.62903	0.77273	54.155
STAG	57	4.0702	92800	0.63087	0.63158	0.66667	53.922
ELLS	58	4.5	92800	0.4959	0.46667	0.55422	53.922
TEAD	135	3.3407	92400	0.69478	0.64865	0.72727	53.69
CARR	37	4.2162	92000	0.3		0.32632	53.457
AGERS	58	3.1379	91800	0.55303	0.56522	0.57143	53.341
FORES	36	3.0556	91800	0.50725	0.27273	0.5	53.341
GATES	41	2.561	91600	0.40741	0.46667	0.46316	53.225
SHINE	51	3.6275	91600	0.5969	0.8	0.66242	53.225
POLE	52	3.9808	91400	0.57647	0.77778	0.63736	53.109
COTE	76	2.7368	91200	0.58904	0.71429	0.65217	52.992
SOME	37	3	90800	0.35135	0.5	0.35294	52.76
DATES	41	2.5366	90600	0.4	0.5	0.41975	52.644
MARL	55	3.7273	90400	0.60606	0.55556	0.61585	52.528
TACH	59	3.8983	90000	0.575	0.8	0.54861	52.295
NITER	106	2.4057	90000	0.6962	0.66667	0.73171	52.295
CHAT	41	3.2195	89600	0.52174	0.42857	0.51923	52.063
TOOT	29	5.1379	89600	0.54464	0.36	0.55906	52.063
STERE	89	2.6854	89600	0.61972	0.75	0.62121	52.063
NAME	91	3.7253	89400	0.66327	0.70732	0.73109	51.947
MORA	67	4.6269	88800	0.52809	0.61538	0.53676	51.598
SHIR	74	4.2838	88800	0.65432	0.66667	0.68293	51.598
PENS	61	3.0656	88800	0.37333	0.44444	0.39252	51.598
CHORE	34	3.6471	88600	0.46753	0.61538	0.47	51.482
EELS	67	4.209	87800	0.45679	0.40351	0.51866	51.017
DENTS	46	2.5217	87800	0.40476	0.54545	0.44792	51.017
TOON	48	3.6042	87800	0.48598	0.5	0.55462	51.017
ARETS	87	2.3333	87600	0.53333	0.5	0.56522	50.901
LESS	54	4.2407	87600	0.34783	0.28571	0.35897	50.901
TROD	88	3.6364	87400	0.67516	0.51724	0.68342	50.784
CARS	88	3	87400	0.5678	0.64286	0.64286	50.784
LINER	63	3.0476	87400	0.7027	0.73171	0.73837	50.784
LUST	39	4.3846	87200	0.53947	0.57143	0.58065	50.668
PERE	68	3.2794	87000	0.5122	0.48649	0.52273	50.552
ILLS	47	5.5106	86800	0.48472	0.35714	0.54688	50.436
MOSE	69	2.7826	86600	0.53097	0.64286	0.59184	50.32
BEST	57	3.4561	86600	0.4	0.6	0.47154	50.32
TIED	128	2.4688	86400	0.52459	0.53125	0.49701	50.203
COME	41	4.4634	86400	0.54762	0.58537	0.58621	50.203
LATS	130	2.6154	86200	0.51678	0.52941	0.55242	50.087
ANTA	114	3.9474	86200	0.46429	0.46429	0.48921	50.087
TRINE	100	3.16	86200	0.74317	0.7	0.78151	50.087
TORA	156	3.0385	85800	0.5122	0.55556	0.57143	49.855
RAINS	58	3.1897	85800	0.68027	0.58621	0.6875	49.855
DALE	77	2.9221	85800	0.62281	0.8	0.64458	49.855
LOPE	43	5.093	85600	0.61832	0.52632	0.62011	49.739
METER	38	3.1842	85600	0.54	0.72727	0.56962	49.739
HAIN	77	3.7662	85600	0.57547	0.63636	0.58989	49.739
ROAD	78	3.9744	85400	0.57143	0.4	0.58333	49.622
RAMS	82	3.061	84800	0.48696	0.46154	0.50658	49.274
RIDER	42	3	84600	0.56944	0.5	0.5283	49.157
BING	22	5.5909	84600	0.48214	0.61111	0.52066	49.157
STIES	50	2.8	84600	0.32558	0.3125	0.37838	49.157
MISS	38	4.4474	84600	0.30303	0.36364	0.34375	49.157
INGLE	26	7.5385	84400	0.53488	0.52778	0.56911	49.041
SAND	77	2.987	84400	0.71429	0.6875	0.68786	49.041
CREE	52	5.4231	84200	0.56637	0.6	0.59259	48.925
FINE	48	4.1667	84000	0.69863	0.5	0.67725	48.809
SPART	27	3.9259	84000	0.34545	0.38889	0.36111	48.809
PRAT	61	5	83400	0.63372	0.45	0.67117	48.46
TREE	124	3.4274	83200	0.68056	0.80952	0.74182	48.344
BLAT	35	5.3714	83200	0.5	0.5641	0.58278	48.344
LANES	56	2.4107	83200	0.46753	0.43478	0.52778	48.344
SHOO	38	5.0789	83000	0.56522	0.5	0.6015	48.228
GANS	39	3	82600	0.30189	0.3125	0.30952	47.995
BONE	41	4.0244	82200	0.60714	0.81081	0.69091	47.763
EROS	246	3.8374	81800	0.25862	0.28125	0.29545	47.531
GREE	38	5.5526	81600	0.53535	0.63415	0.51908	47.414
FEST	53	3.5849	81400	0.47959	0.47619	0.52459	47.298
RUDE	45	4.0222	81200	0.53333	0.71429	0.63816	47.182
SETT	80	3.35	81200	0.71264	0.74286	0.75481	47.182
TOOL	50	4.28	81000	0.59524	0.61702	0.66486	47.066
LITER	67	2.4179	81000	0.71429	0.72414	0.74101	47.066
HEST	103	2.5534	81000	0.60769	0.6	0.64103	47.066
DOES	100	2.41	80800	0.4382	0.53571	0.46269	46.949
AMINE	53	3.4151	80800	0.45	0.55172	0.57798	46.949
HIES	69	3.2609	80800	0.375	0.55556	0.39423	46.949
HOAR	75	3.7067	80800	0.6	0.66667	0.62577	46.949
SHORE	52	3.0385	80800	0.56731	0.62963	0.60606	46.949
TOSE	136	2.4485	80600	0.63158	0.62222	0.66279	46.833
LATH	73	4.726	80400	0.57944	0.83019	0.7247	46.717
RIME	75	3.8133	80400	0.58511	0.61538	0.68095	46.717
ROIN	123	3.2683	80200	0.54348	0.625	0.57333	46.601
ACTS	64	3.3281	80000	0.37931	0.42857	0.44643	46.485
BARE	85	3.0353	79800	0.64912	0.5	0.70089	46.368
DANT	74	2.8514	79400	0.55238	0.6875	0.59155	46.136
AMIS	93	3.7849	79200	0.2623	0.5	0.35185	46.02
ASHES	43	4.907	79000	0.62025	0.71875	0.68508	45.904
TAKE	26	5.6923	79000	0.58219	0.30769	0.62162	45.904
LARS	79	2.6456	78800	0.36957	0.27273	0.36559	45.787
LODE	74	3	78400	0.53846	0.62963	0.57143	45.555
SEAM	74	3.5541	78400	0.62903	0.55556	0.63816	45.555
LURE	52	3.8269	78200	0.55172	0.42857	0.58219	45.439
AILED	56	4.125	78200	0.56579	0.65714	0.63492	45.439
MANI	75	3.92	78200	0.4	0.4	0.47	45.439
ACED	59	3.6271	78200	0.44604	0.58824	0.57558	45.439
ELATE	76	4.6316	78200	0.7907	0.81319	0.808	45.439
AIDS	85	3.2118	78000	0.58101	0.33333	0.58744	45.322
DORSE	53	2.8491	78000	0.49383	0.52941	0.5812	45.322
NAILS	36	3.3056	78000	0.48333	0.54545	0.5	45.322
TEIN	247	3.0081	77600	0.6878	0.69388	0.72203	45.09
ANAS	85	3.8706	77600	0.47	0.5	0.45522	45.09
COAT	61	4.541	77200	0.59639	0.68966	0.65591	44.858
SKIN	24	4.5	77200	0.32394	0.66667	0.4	44.858
OPED	32	5.3125	77200	0.38235	0.26316	0.37324	44.858
STAIN	77	2.9221	77200	0.68902	0.92105	0.77778	44.858
CARD	47	4.4255	77000	0.48958	0.72222	0.62319	44.741
BEAR	64	4.1406	76800	0.66512	0.74074	0.76293	44.625
AVES	25	6.48	76800	0.45736	0.26923	0.46939	44.625
RASES	51	2.5294	76800	0.5	0.42857	0.49541	44.625
DONS	67	2.8209	76800	0.46154	0.34783	0.42105	44.625
GONE	59	3.5763	76800	0.52174	0.67742	0.57718	44.625
THAN	68	4.3824	76600	0.55789	0.5	0.54745	44.509
EMES	62	3.8065	76600	0.44118	0.32759	0.43558	44.509
SONE	104	2.3077	76400	0.70423	0.63333	0.72581	44.393
RICH	33	4.1818	76400	0.44615	0.66667	0.44578	44.393
GALE	53	3.2453	76400	0.56044	0.72973	0.59559	44.393
HASTE	66	2.9697	76200	0.61719	0.88	0.69461	44.277
MAGE	28	4.3929	75800	0.36559	0.88889	0.53271	44.044
CANS	65	2.7692	75600	0.42857	0.4	0.40496	43.928
ITCH	51	5	75200	0.56557	0.5	0.56164	43.696
RATH	116	3.2069	75200	0.67424	0.65714	0.69268	43.696
SALL	42	4.0476	75200	0.60748	0.52	0.63699	43.696
PEND	33	3.9394	75000	0.53488	0.5	0.51613	43.579
ELTS	136	3.0294	75000	0.53073	0.5	0.52459	43.579
PAIR	48	4.2708	74800	0.62245	0.78571	0.65116	43.463
RENS	127	2.3071	74600	0.47368	0.51724	0.50658	43.347
NODE	102	2.7255	74600	0.63636	0.85	0.68508	43.347
HINS	72	2.8889	74600	0.48673	0.52381	0.51515	43.347
HANG	37	4.0541	74000	0.52713	0.4	0.54676	42.998
WART	54	3.3333	74000	0.51961	0.57143	0.57664	42.998
SAGE	70	2.9714	73400	0.63115	0.55556	0.61806	42.65
MERE	76	3.3553	73400	0.48913	0.61905	0.52448	42.65
PROS	51	4.7843	73200	0.57333	0.41176	0.51695	42.533
CUTE	45	4.6	73200	0.46739	0.66667	0.56391	42.533
DITS	105	2.819	73200	0.35849	0.44444	0.39024	42.533
MITER	48	2.8333	73000	0.66304	0.48148	0.65574	42.417
DURE	37	3.4865	72800	0.5	0.46667	0.52525	42.301
ALTS	104	2.6346	72600	0.50327	0.625	0.56	42.185
SCOT	56	3.8214	72600	0.2619	0.41176	0.35714	42.185
INTERS	67	3.0149	72400	0.72789	0.69231	0.75936	42.069
LITH	54	4.4259	72200	0.58696	0.57576	0.5748	41.952
NIDE	111	3.1802	72200	0.66814	0.68889	0.73413	41.952
EALING	23	3.913	71600	0.46809	0.45714	0.44304	41.604
ROCH	29	4.5172	71600	0.39623	0.33333	0.38667	41.604
RAILS	47	2.8511	71600	0.6087	0.56757	0.61404	41.604
ARMS	50	3.44	71200	0.375	0.42308	0.41441	41.371
MILE	47	4.4894	71200	0.65854	0.67797	0.70256	41.371
ROUSE	38	4.2368	71200	0.55814	0.66667	0.65132	41.371
TEAS	129	3.2791	70800	0.81613	0.86667	0.86555	41.139
RAMI	85	3.6941	70800	0.38889	0.5	0.53543	41.139
SINS	73	2.5205	70600	0.45	0.38095	0.44565	41.023
MORT	58	3.2414	70200	0.50769	0.66667	0.52427	40.79
OINT	118	3.7034	70200	0.46667	0.29167	0.42045	40.79
CRUS	24	4.9167	70000	0.44615	0.42857	0.42697	40.674
ERNES	66	2.5909	69800	0.54455	0.52381	0.54783	40.558
DASH	64	3.2031	69800	0.44086	0.61538	0.55738	40.558
MAIL	49	4.7755	69800	0.60106	0.80645	0.69697	40.558
LASS	38	4.7632	69800	0.34783	0.16667	0.40404	40.558
LOIN	89	3.9101	69600	0.39535	0.53333	0.4661	40.442
RATING	28	3.0714	69400	0.41463	0.4375	0.49254	40.325
REIS	182	2.5604	69400	0.82096	0.66667	0.8	40.325
TWIN	22	5.3636	69400	0.54762	0.33333	0.57292	40.325
TOUT	34	4.2059	69400	0.52679	0.58333	0.63636	40.325
HETS	90	2.5222	69200	0.61864	0.38095	0.56688	40.209
RAGES	24	2.7917	69200	0.35	0.46154	0.4	40.209
PATER	46	2.8043	69000	0.58586	0.66667	0.61207	40.093
RUSE	60	2.9833	68800	0.44681	0.45833	0.45794	39.977
DOSE	99	3.0303	68600	0.70297	0.81395	0.76494	39.861
SORES	71	2.3521	68600	0.54054	0.62963	0.61417	39.861
RILE	107	2.7103	68600	0.66667	0.65854	0.72308	39.861
STRAIN	39	2.8462	68400	0.59211	0.83333	0.63636	39.744
DOLE	69	2.5797	68200	0.66129	0.7037	0.6875	39.628
SPINE	33	3.1212	68200	0.47368	0.6875	0.5	39.628
HOUT	36	4.1111	68000	0.60606	0.61702	0.59848	39.512
SOLD	50	4.44	67800	0.5	0.4	0.52632	39.396
HOIS	71	3.7183	67800	0.67327	0.44444	0.65385	39.396
PONE	39	3.359	67600	0.52747	0.40909	0.57143	39.279
TREAT	92	2.9565	67600	0.6625	0.77273	0.7094	39.279
REND	125	2.728	67600	0.78855	0.66667	0.79273	39.279
MORS	47	3.1915	67600	0.6747	0.52632	0.62931	39.279
SPIT	38	3.7105	67600	0.62	0.71429	0.61818	39.279
LIEN	93	3.3548	67400	0.45455	0.6129	0.55752	39.163
SOOT	62	4.0484	67400	0.68794	0.64	0.71277	39.163
ROOS	80	3.725	67200	0.67553	0.59375	0.71053	39.047
SHET	112	2.5893	67000	0.62791	0.35	0.57895	38.931
EASTER	45	2.4889	67000	0.55844	0.91667	0.66304	38.931
WEST	57	3.0526	66800	0.40698	0.8	0.53659	38.815
SLING	26	3.3846	66800	0.52308	0.47826	0.54545	38.815
SALTER	39	2.8718	66800	0.61176	0.6875	0.67033	38.815
ILLER	29	4.4828	66600	0.49398	0.51282	0.54237	38.698
MINT	68	3.2794	66600	0.6963	0.8	0.73514	38.698
CARN	60	3.3	66400	0.60345	0.67442	0.58974	38.582
MOUS	20	5	66400	0.5082	0.33333	0.46154	38.582
GRATE	43	3.4651	66200	0.7	0.86667	0.72358	38.466
REDO	144	3.2778	66200	0.575	0.625	0.62338	38.466
CONE	66	3.0909	66200	0.64828	0.77273	0.66667	38.466
SERR	109	4.1927	66000	0.57895	0.775	0.66667	38.35
RACHE	30	3.9	65800	0.47368	0.66667	0.58824	38.234
MEND	50	4.1	65800	0.68254	0.51852	0.68639	38.234
SAME	83	2.8072	65400	0.51899	0.55556	0.50714	38.001
HOTE	95	3.0316	65200	0.48951	0.74074	0.57219	37.885
CANN	27	4.8519	65200	0.48889	0.59091	0.58654	37.885
TARES	80	2.15	65000	0.70992	0.6875	0.74691	37.769
TEAM	101	3.4257	65000	0.71921	0.84375	0.76587	37.769
TRADE	56	2.8393	65000	0.72816	0.75862	0.73077	37.769
LANDS	21	3.6667	64800	0.30769	0.625	0.38333	37.653
ROES	119	2.479	64800	0.43333	0.42105	0.4	37.653
AKES	34	4.5	64800	0.49635	0.42308	0.5493	37.653
TEENS	39	2.641	64800	0.44286	0.44	0.49351	37.653
BINE	35	3.4571	64800	0.49123	0.69565	0.62617	37.653
NESS	77	4.1818	64800	0.36364	0.4	0.35849	37.653
EATING	21	4.2857	64600	0.5	0.375	0.5493	37.536
ALLS	46	3.6957	64600	0.45324	0.53333	0.55625	37.536
OLLIE	26	5.3462	64600	0.5	0.52174	0.52083	37.536
EANED	47	3.2766	64600	0.42857	0.5	0.48718	37.536
INCH	40	4.175	64400	0.47727	1	0.57944	37.42
SHEN	94	2.9255	64400	0.63717	0.46154	0.62581	37.42
CARL	51	3.8039	64400	0.61053	0.7	0.68939	37.42
TEER	139	2.9209	64200	0.68966	0.68605	0.77193	37.304
TONG	49	3.8571	64200	0.46018	0.58065	0.57616	37.304
RIDS	49	2.5102	64200	0.3913	0.5	0.3875	37.304
INTI	86	3.9535	64000	0.25641		0.24242	37.188
PARS	60	3.4333	64000	0.68243	0.75862	0.71512	37.188
ETCH	51	3.9804	64000	0.57647	0.66667	0.58824	37.188
HARM	40	4.4	64000	0.46154	0.52174	0.49398	37.188
PELT	46	4.0217	64000	0.53333	0.57143	0.4466	37.188
CARP	25	5.2	63800	0.53968		0.5618	37.071
TOILE	38	4.2895	63800	0.66372	0.625	0.71831	37.071
RONG	46	2.9565	63600	0.35	0.3125	0.35443	36.955
TREAD	61	2.6721	63400	0.64948	0.625	0.68571	36.839
MATT	34	5.0294	63400	0.64706	0.84615	0.7125	36.839
REDS	87	2.3563	63400	0.54	0.52632	0.46739	36.839
ROTS	92	2.3478	63400	0.4507	0.47619	0.47009	36.839
PILE	45	4.6889	63400	0.59055	0.65517	0.63388	36.839
TELA	156	3.2692	63200	0.46667	0.55172	0.49123	36.723
ACRE	100	3.07	63200	0.50515	1	0.56303	36.723
ROSES	43	2.5581	63200	0.52632	0.52632	0.51807	36.723
SCALE	28	3.8214	63200	0.59036	0.54545	0.64444	36.723
STILE	59	2.5424	63200	0.72115	0.7037	0.7197	36.723
PALES	37	2.6486	62800	0.51786	0.6	0.5977	36.49
RANK	22	5.3636	62800	0.6	0.58065	0.54867	36.49
DINES	24	2.4583	62800	0.41026	0.36842	0.38776	36.49
MINA	80	5.1875	62800	0.29412	0.41176	0.3913	36.49
TICE	72	3.1111	62600	0.55405	0.73684	0.6087	36.374
RANI	161	2.9379	62600	0.52174	0.42857	0.51087	36.374
RENTS	46	2.4348	62600	0.54054	0.58824	0.56989	36.374
LOTTE	29	4.8966	62400	0.664	0.67857	0.73723	36.258
RESTS	44	2.3636	62400	0.52	0.5	0.51724	36.258
MALI	46	3.8261	62200	0.38462	0.28571	0.51282	36.142
TENTS	46	2.6087	62200	0.47541	0.41667	0.54545	36.142
DORT	83	2.759	62200	0.60377	0.74074	0.69178	36.142
OLLER	24	4.8333	62000	0.3913	0.31818	0.49438	36.026
ORATE	117	2.9145	61800	0.73958	0.88	0.77401	35.909
BRAN	42	4.2381	61800	0.58182	0.75	0.6	35.909
CIST	68	2.8676	61800	0.53061	0.55	0.58696	35.909
MEAT	98	2.7755	61800	0.70909	0.73333	0.67614	35.909
COPE	22	5.2273	61800	0.60194	0.57143	0.63717	35.909
SADE	105	2.6667	61600	0.45455	0.56522	0.47	35.793
LOOT	50	3.74	61600	0.61029	0.70588	0.66867	35.793
CIDE	52	3.7308	61400	0.64545	0.6	0.6875	35.677
ROAST	52	3.1538	61400	0.70192	0.5	0.69748	35.677
TOPE	62	4.5484	61200	0.66512	0.8	0.75099	35.561
AWED	27	4.8148	61200	0.33333	0.33333	0.39806	35.561
ROID	75	4.2	61200	0.45652	0.42857	0.47222	35.561
CAME	39	3.4872	61000	0.43956	0.57895	0.5	35.445
HERN	74	2.8108	61000	0.62222	0.71429	0.64151	35.445
TICS	60	3.5833	61000	0.2963	0.3	0.35714	35.445
WATE	38	3.4474	60800	0.72727	0.7	0.7438	35.328
SEAS	81	2.5432	60800	0.64444	0.5	0.675	35.328
RACES	46	2.5	60800	0.57609	0.64286	0.65714	35.328
NOLE	107	2.8318	60600	0.64545	0.66667	0.67089	35.212
HATS	66	2.5303	60600	0.43023	0.42857	0.4876	35.212
MARE	107	2.3832	60600	0.8	0.73529	0.77885	35.212
HERES	50	2.5	60600	0.5814	0.5625	0.61224	35.212
GAIN	62	3.5968	60400	0.64	0.92857	0.68148	35.096
MONA	53	3.2453	60200	0.46154	0.40909	0.55556	34.98
LINTS	40	2.4	60200	0.43548	0.53846	0.47436	34.98
OBES	38	3.7895	60200	0.32	0.22222	0.33	34.98
PEAS	52	3	60200	0.71186	0.55556	0.63559	34.98
PONT	45	3.3111	60200	0.51111	0.375	0.61739	34.98
STOP	69	3.7536	60000	0.66942	0.625	0.66879	34.863
LARI	111	2.7027	60000	0.58333	0.46667	0.5	34.863
OMAS	73	3.5205	59800	0.28986	0.4	0.35354	34.747
COLE	47	2.9362	59800	0.61446	0.70833	0.65041	34.747
SCAN	41	3.6341	59600	0.60215	0.64	0.66667	34.631
DENE	75	3.0667	59600	0.59701	0.75	0.54717	34.631
WATER	28	2.9643	59600	0.65385	0.6875	0.64935	34.631
BOAT	27	4.037	59400	0.53191	0.90909	0.625	34.515
WARE	71	3.0986	59400	0.62667	0.71795	0.69663	34.515
SLATE	98	3.0102	59400	0.78421	0.78689	0.83871	34.515
PASE	59	2.5763	59200	0.44595	0.5	0.48039	34.399
SIDES	43	2.5349	59200	0.62791	0.5	0.53521	34.399
RAPES	39	3.1282	59200	0.61765	0.57143	0.63559	34.399
OWSE	41	4.9756	59200	0.44444	0.55556	0.5	34.399
TASTE	85	3.1294	59000	0.75661	0.88095	0.82589	34.282
REENS	50	2.64	59000	0.55405	0.51852	0.54255	34.282
LANDE	39	3.8718	59000	0.71901	0.71429	0.78417	34.282
BARD	49	3.6531	59000	0.52427	0.52941	0.592	34.282
AMIE	82	3.7927	58800	0.52381	0.33333	0.47312	34.166
SINES	32	2.3438	58800	0.42222	0.4375	0.45902	34.166
OILED	36	3.8611	58800	0.48333	0.45714	0.58163	34.166
SHIT	71	3.2535	58800	0.7415	0.72727	0.76064	34.166
LAID	77	3.013	58800	0.35	0.5	0.45455	34.166
ARISE	89	2.6067	58600	0.625	0.58333	0.69	34.05
RIVE	22	5.8182	58600	0.41772	0.75	0.47959	34.05
REPO	61	4.5738	58600	0.66667	0.65714	0.70866	34.05
TORSE	73	2.274	58400	0.58889	0.67857	0.63636	33.934
SITES	33	2.2121	58200	0.53333	0.36364	0.51667	33.818
CRON	48	4.1667	58200	0.54054	0.6	0.56481	33.818
REEL	63	2.8413	57800	0.57647	0.62069	0.64407	33.585
ROLES	37	2.5676	57600	0.4697	0.53846	0.52	33.469
RESTO	81	2.5926	57400	0.66667	0.51852	0.58108	33.353
APED	38	4.6842	57400	0.32967	0.6	0.472	33.353
NITS	112	2.2411	57400	0.47674	0.52	0.49242	33.353
SITS	62	2.4032	57400	0.53608	0.4	0.5431	33.353
WAIT	39	4.5385	57400	0.78704	0.53333	0.73418	33.353
STAGE	36	3.6111	57200	0.61111	0.68182	0.68807	33.236
LISTER	45	2.4444	57200	0.63793	0.63158	0.66667	33.236
CITES	36	2.4167	57000	0.4359	0.5	0.45	33.12
LIED	53	2.9623	56800	0.35714	0.23529	0.31746	33.004
PREE	47	4	56600	0.568	0.61538	0.60465	32.888
PLATE	32	3.7188	56600	0.63441	0.8125	0.67925	32.888
RADS	78	2.5385	56400	0.51786	0.41379	0.51773	32.772
LOOS	45	4.2	56400	0.53398	0.8	0.67143	32.772
BEAT	47	3.383	56400	0.6371	0.72414	0.7047	32.772
HEARS	48	2.625	56200	0.7	0.73333	0.71186	32.655
SNARE	75	2.8133	56200	0.71154	0.85714	0.74419	32.655
ABER	59	3.5085	56200	0.4	0.39394	0.42308	32.655
LOUS	30	3.7667	56000	0.65574	0.25	0.66667	32.539
HOLES	27	2.7037	55800	0.37255	0.375	0.41071	32.423
LEET	74	3.2297	55800	0.61983	0.65714	0.63736	32.423
MELT	58	3.6552	55800	0.62963	0.56	0.61739	32.423
RAILE	64	3.5625	55600	0.76503	0.85366	0.83251	32.307
ROVE	28	6	55600	0.5	0.5	0.60156	32.307
LARD	48	3.0625	55400	0.54545	0.38462	0.56962	32.191
CATER	56	2.6607	55400	0.66667	0.79167	0.75	32.191
EMIT	87	3.5287	55400	0.36508	0.5	0.50435	32.191
HERD	65	3.2462	55200	0.56522	0.42857	0.5567	32.074
CHIT	49	2.9796	55200	0.57143	0.42857	0.62626	32.074
REATE	79	2.5443	55000	0.74757	0.66667	0.75	31.958
WIRE	38	4.5	55000	0.67568	0.72414	0.65823	31.958
CAPE	31	4.5484	55000	0.59677	0.77273	0.66667	31.958
EPOS	39	4.1538	55000	0.42857	0.57692	0.48148	31.958
HEAL	73	3.3562	55000	0.71154	0.64286	0.72067	31.958
POTE	64	2.8281	54800	0.59259	1	0.66372	31.842
GRANT	25	3.48	54800	0.53704	0.5	0.55738	31.842
OUST	69	3.5217	54800	0.71598	0.78182	0.76804	31.842
FILE	33	4.1212	54800	0.63964	0.72727	0.72308	31.842
ETAS	167	2.4072	54600	0.46875	0.45455	0.49074	31.726
INNED	33	3.6061	54600	0.44231	0.36364	0.46067	31.726
TOTE	81	3.3086	54600	0.70408	0.73214	0.77366	31.726
PINT	41	3.6585	54600	0.47826	0.58621	0.52041	31.726
ASHED	36	4.6389	54600	0.65625	0.67568	0.69173	31.726
SOUT	42	3.3333	54400	0.63736	0.71429	0.67857	31.61
VINE	28	4.9286	54400	0.45745	0.47619	0.4902	31.61
TOLL	33	4.0909	54400	0.61404	0.46875	0.65649	31.61
BAIT	49	3.5918	54400	0.66038	0.77778	0.68992	31.61
GENE	43	4.2093	54400	0.38776	0.54545	0.42857	31.61
PARES	27	2.5556	54200	0.5082	0.52	0.52174	31.493
APSE	67	3.5075	54200	0.34211	0.44444	0.42697	31.493
REDIA	61	2.918	54200	0.61017	1	0.60256	31.493
LISTS	26	2.8462	54200	0.3913	0.66667	0.5	31.493
LANCE	23	5.2174	54000	0.60274	0.55556	0.61176	31.377
SNEE	100	3.05	54000	0.75	0.75	0.76923	31.377
RESIN	81	2.4568	54000	0.52632	0.75	0.61644	31.377
ROSET	90	2.5889	54000	0.76119	0.75	0.72269	31.377
ICED	53	3.2264	54000	0.45	0.34783	0.46491	31.377
EASES	45	3.1333	54000	0.69	0.46154	0.70866	31.377
TASS	65	3.1846	53800	0.5	0.54545	0.61832	31.261
TARN	116	2.7155	53600	0.68254	0.72727	0.70732	31.145
COMA	38	3.4737	53000	0.4	0.42857	0.46154	30.796
LOTE	127	2.3858	53000	0.7957	0.76471	0.79916	30.796
LOWE	20	5.15	53000	0.4878	0.54839	0.57609	30.796
ALLIES	21	4.0476	52800	0.35849	0.58974	0.54167	30.68
MIRE	100	2.57	52800	0.72441	0.75	0.75138	30.68
BITE	45	3.3778	52800	0.71296	0.82353	0.74436	30.68
CALL	23	5.0435	52800	0.44944	0.68571	0.63918	30.68
SLEE	63	3.5556	52800	0.69919	0.6	0.7006	30.68
BIDE	36	4.6111	52800	0.66667	0.58333	0.67347	30.68
HERO	133	3.8045	52600	0.68085	0.46154	0.61053	30.564
AGEN	51	3.8627	52200	0.54237	0.66667	0.54321	30.331
MOLE	50	3.3	52200	0.57759	0.7027	0.66906	30.331
ETHS	85	2.5529	52000	0.52809	0.44444	0.5	30.215
SENTE	49	2.2449	52000	0.68182	0.71429	0.63889	30.215
LAYS	29	4.1034	52000	0.41379	0.5	0.52747	30.215
BORT	38	3.7105	52000	0.57576	0.85714	0.60638	30.215
METS	55	2.3818	52000	0.45283	0.5	0.5	30.215
RANCE	34	4.1471	51800	0.62712	0.54545	0.64634	30.099
ANGA	44	5.2045	51600	0.38889	0.44828	0.37037	29.983
TEMS	104	2.8365	51600	0.41379	0.46667	0.41176	29.983
CLAT	48	3.1042	51600	0.5122	0.41667	0.47436	29.983
DISH	52	3.6731	51600	0.33333	0.6	0.34694	29.983
WASH	20	4.7	51600	0.51613	0.32	0.525	29.983
LATEN	78	2.641	51400	0.42105	0.83333	0.65306	29.866
RULE	38	3.3947	51400	0.58442	0.75	0.64646	29.866
VEST	43	3.4419	51400	0.45833	0.26316	0.43478	29.866
TONED	45	3	51200	0.54348	0.5	0.64286	29.75
MARS	82	2.622	51200	0.71287	0.53333	0.71533	29.75
BLAST	22	3.7727	51200	0.50943	0.66667	0.54237	29.75
STELL	29	3.7241	51200	0.61538		0.67949	29.75
EASING	21	3.9524	51000	0.55769	0.6	0.6087	29.634
GONS	37	3.0811	51000	0.34615	0.25	0.33333	29.634
SERES	37	2.1081	51000	0.45652	0.46667	0.4697	29.634
START	51	3.0196	51000	0.66667	0.69231	0.68478	29.634
CORD	35	3.8	51000	0.74545	0.4	0.62963	29.634
FRAT	62	3.4032	51000	0.58065	0.51613	0.61029	29.634
RIAS	115	2.887	50800	0.36	0.5	0.39437	29.518
NEAL	120	2.4917	50800	0.68966	0.675	0.76712	29.518
SINGS	21	3.381	50800	0.5102	0.53333	0.54545	29.518
RODES	49	2.3265	50800	0.61616	0.68421	0.66667	29.518
TRIES	44	2.5227	50800	0.4	0.625	0.46667	29.518
RIND	61	2.7213	50600	0.70175	0.6	0.6381	29.402
BALE	57	3.193	50600	0.71186	0.67647	0.73548	29.402
CHIS	35	3.1143	50600	0.5		0.35417	29.402
DEALS	36	2.4167	50600	0.38462	0.625	0.45614	29.402
HENS	70	2.4	50400	0.52941	0.55556	0.53465	29.285
SILES	28	2.5357	50200	0.4	0.6	0.45614	29.169
ETTIN	30	3.5667	50200	0.38235	0.37037	0.40351	29.169
ROUTE	29	3.3793	50200	0.67901	0.78947	0.70652	29.169
REEST	55	2.4182	50200	0.5977	0.52632	0.5914	29.169
SIDER	36	2.8056	50200	0.59091	0.5	0.6338	29.169
FAIR	37	3.2432	50000	0.60317	0.72	0.64773	29.053
TRIDE	36	3.4722	50000	0.55	0.83333	0.55385	29.053
AIRN	95	3.0526	50000	0.56	0.44444	0.59223	29.053
STAND	37	2.7027	49800	0.68116	0.61111	0.70787	28.937
TIMES	32	2.3438	49800	0.5	0.58824	0.5625	28.937
TERNS	50	2.52	49800	0.62667	0.56522	0.65169	28.937
STEAD	48	2.4792	49800	0.6	0.54545	0.64557	28.937
WARS	36	3	49600	0.35294	0.25	0.32203	28.82
LANTS	35	2.8	49600	0.375	0.4	0.46875	28.82
DARE	145	2.6828	49400	0.80081	0.86	0.85619	28.704
SCENT	28	3.1429	49400	0.45946	1	0.5	28.704
ROTES	21	2.3333	49400	0.42308	0.5	0.44444	28.704
BERE	45	3.6444	49400	0.51351	0.46154	0.59804	28.704
ROMA	70	3.8286	49200	0.28571	0.625	0.4697	28.588
FARE	76	2.9079	49200	0.69079	0.71154	0.75	28.588
SELS	63	2.746	49000	0.5	0.375	0.41667	28.472
BRIN	38	4.4474	49000	0.6	0.46154	0.59184	28.472
TRONE	58	2.431	49000	0.7027	0.875	0.76106	28.472
TILL	41	3.6098	48800	0.69106	0.5641	0.73485	28.356
TRAY	39	4.1282	48800	0.52459	0.66667	0.5375	28.356
ENATE	79	2.8481	48800		0.54167	0.57353	28.356
HAND	37	3.8919	48400	0.69863	0.47368	0.69828	28.123
RORE	79	2.962	48400	0.62121	0.55556	0.62185	28.123
BRAS	52	3.5769	48400	0.65278	0.57895	0.64356	28.123
EALED	38	3.3947	48200	0.44928	0.43333	0.51515	28.007
AGIN	46	4.2609	48200	0.37037	0.5	0.45902	28.007
ICHES	23	3.6087	48000	0.47619	0.52632	0.51351	27.891
SOLER	47	2.5532	48000	0.55224	0.76471	0.64773	27.891
SPAN	38	3.5789	47800	0.71622	0.5	0.6729	27.775
MADE	33	2.7273	47800	0.42308	0.48	0.49206	27.775
ORDS	71	3.0845	47800	0.58416	0.72222	0.56693	27.775
PERI	91	3.6923	47600	0.4	0.35	0.34091	27.658
STENT	49	2.6735	47400	0.43243	0.5	0.5	27.542
AIRT	178	2.6742	47400	0.67	0.66667	0.68992	27.542
CARES	39	2.4103	47400	0.62162	0.6875	0.66292	27.542
FERE	48	3.0417	47200	0.63725	0.64	0.64957	27.426
OLDER	37	3.3243	47200	0.66038	0.66667	0.62963	27.426
MERI	102	3.9706	47000	0.4	0.53333	0.50667	27.31
SELE	39	2.4872	47000	0.61364	0.66667	0.58182	27.31
VERT	43	4.5581	47000	0.5	0.46154	0.44872	27.31
TORN	51	2.8431	46800	0.28125	0.85714	0.40426	27.193
RILLE	27	4.1852	46800	0.63768	0.66667	0.67416	27.193
HERM	36	4.7778	46600	0.24242		0.33333	27.077
TICH	41	2.8293	46400	0.43103	0.5	0.49296	26.961
WISE	38	3.5263	46400	0.53061	0.27273	0.60714	26.961
OWED	28	5.1786	46400	0.51163	0.33333	0.5913	26.961
ADDER	23	4.0435	46200	0.47692	0.41667	0.52564	26.845
TAINS	51	2.549	46200	0.68367	0.78261	0.72807	26.845
RIALS	46	2.8043	46200	0.55385	0.53333	0.56944	26.845
LERE	92	2.663	46200	0.68	0.71429	0.64865	26.845
DORES	40	2.075	46200	0.5	0.6	0.54795	26.845
RALE	117	2.2564	46200	0.82308	0.675	0.79891	26.845
KIER	25	4.76	46000	0.2963		0.38983	26.729
SEND	79	2.5063	45800	0.72321	0.61538	0.73846	26.612
MINO	68	3.5	45600	0.60606	0.48148	0.48235	26.496
TOWS	35	3.6571	45600	0.59756	0.6	0.63918	26.496
DERE	92	2.4239	45600	0.76106	0.75	0.79769	26.496
BAIL	29	3.2759	45600	0.5974	0.76471	0.67391	26.496
PERT	88	2.7159	45600	0.7	0.72727	0.68376	26.496
LOME	37	3.1351	45600	0.61818	0.61111	0.5875	26.496
SPIRE	31	3.2903	45600	0.47727	1	0.53333	26.496
OOPS	25	4.52	45400	0.43333	0.35714	0.46729	26.38
TALES	48	2.2917	45400	0.59155	0.625	0.67742	26.38
GAME	32	4.25	45400	0.59406	0.75	0.67826	26.38
MURE	29	3.7586	45400	0.41509	0.5	0.49315	26.38
RAMP	31	4.8065	45400	0.7191	0.52941	0.68224	26.38
TIRED	59	2.3559	45400	0.53226	0.6087	0.61957	26.38
SETA	237	2.2996	45200	0.67939	0.57895	0.67089	26.264
HAIRS	28	2.6071	45200	0.38235	0.45455	0.41176	26.264
LICH	27	4.1481	45200	0.45455	0.33333	0.41818	26.264
WEAR	46	3.5435	45200	0.67816	0.73684	0.72519	26.264
LOAN	81	3.3457	45000	0.62857	0.86667	0.74359	26.148
LIERS	50	2.42	45000	0.4878	0.72222	0.56522	26.148
REAST	75	2.28	45000	0.73	0.83333	0.752	26.148
FISH	25	4.44	45000	0.28571		0.41026	26.148
RAKE	26	4.5769	45000	0.51111	0.36364	0.65094	26.148
RAGS	44	2.5227	45000	0.4321	0.625	0.51724	26.148
ESTERS	41	2.6829	44800	0.45946	0.68421	0.67778	26.031
CORSE	38	3.0263	44800	0.64557	0.51852	0.71277	26.031
HAUL	26	4.5385	44600	0.32558		0.40351	25.915
CATES	32	2.3125	44600	0.48148	0.5	0.46809	25.915
GINN	27	3.4444	44600	0.36842	0.6	0.45283	25.915
MILL	20	5.2	44600	0.6	0.70968	0.73196	25.915
PLEA	42	4.0714	44400	0.62195	0.86667	0.69903	25.799
TEED	82	2.4146	44400	0.47727	0.63636	0.575	25.799
TENES	41	2.2195	44400	0.44681	0.5	0.46429	25.799
DICE	49	3.1633	44400	0.75385	0.55556	0.73394	25.799
ROIL	69	2.9565	44400	0.57971	0.6	0.63303	25.799
MALL	20	4.35	44200	0.56667	0.61538	0.60759	25.683
HALT	62	3.0323	44200	0.68908	0.73077	0.73649	25.683
SORD	69	2.8551	44200	0.53061	0.63636	0.49398	25.683
MENTA	33	3.2121	44200	0.42105		0.4375	25.683
FREE	43	5.0698	44200	0.64035	0.6	0.70085	25.683
MORAL	23	3.8261	44000	0.45714	0.75	0.5	25.567
SOLO	43	2.8837	44000	0.41176	0.4	0.45161	25.567
CHANT	20	3.6	44000	0.55556	0.71429	0.57407	25.567
TRAIL	36	3	44000	0.75342	1	0.75	25.567
PASTE	41	3.6098	43800	0.70192	0.73333	0.79365	25.45
POOT	28	3.7857	43800	0.53261	0.5	0.64286	25.45
DIRE	73	2.3014	43800	0.44118	0.875	0.59036	25.45
STEM	85	2.8235	43600	0.67164	0.5	0.63043	25.334
WINES	28	2.6786	43600	0.5625	0.44444	0.57746	25.334
SHAD	44	3.8182	43600	0.69388	0.75	0.73109	25.334
PANS	33	2.4242	43400	0.45946	0.4	0.5	25.218
BUST	26	4.2308	43400	0.57895	0.72727	0.64835	25.218
SARS	80	2.6375	43400	0.45714	0.4375	0.42857	25.218
RASSE	22	2.8636	43400	0.3125	0.25	0.32432	25.218
TRAM	66	3.0303	43400	0.71875	0.61538	0.70968	25.218
TRIM	65	3.1385	43200	0.55172	0.4	0.51948	25.102
HOES	58	2.2931	43200	0.48276	0.69231	0.55422	25.102
RIGS	49	2.8776	43200	0.57895	0.5	0.56701	25.102
AFTER	29	4.0345	43200	0.66176	0.71429	0.68817	25.102
ROTO	63	3.746	43000	0.58065	0.5	0.60227	24.985
AMAS	41	3.5122	43000	0.4	0.25	0.32143	24.985
TRIO	113	3.6549	43000	0.35714	0.47059	0.38776	24.985
DESI	79	3.2152	42800	0.40625	0.57143	0.50943	24.869
POOR	23	3.7826	42800	0.38462	0.36364	0.39344	24.869
SCANT	22	3.2273	42800	0.59524	0.76923	0.62712	24.869
HOME	43	3.4419	42800	0.71717	0.72414	0.76	24.869
DOOR	39	3.0513	42800	0.47727	0.5	0.52459	24.869
RAYS	33	3.6364	42600	0.51471	0.5	0.52439	24.753
ROOM	29	3.931	42600	0.59615	0.51724	0.6125	24.753
LOAD	39	3.7692	42600	0.62069	0.7	0.65854	24.753
INGO	81	4.4444	42400	0.4	0.25	0.35714	24.637
PIERS	25	2.48	42400	0.4	0.36842	0.44828	24.637
TERNE	66	2.6061	42400	0.68235	0.78261	0.75893	24.637
TORTE	60	2.5	42400	0.77632	0.73333	0.74528	24.637
SHIER	40	3.35	42400	0.4	0.64706	0.49091	24.637
BENT	31	3	42400	0.67347	0.66667	0.60759	24.637
PINS	39	2.8974	42200	0.48649	0.66667	0.53521	24.521
SHAM	22	4.1818	42200	0.64	0.7	0.67816	24.521
TAMP	26	4.3077	42000	0.65714	0.83333	0.69048	24.404
SCAT	45	3.2	42000	0.7284	0.77778	0.73585	24.404
SEIS	104	2.7981	42000	0.37778	0.4	0.45205	24.404
HENT	105	2.5619	42000	0.77647	0.75	0.80198	24.404
GUES	27	4.4444	42000	0.33333	0.16667	0.28571	24.404
APERS	41	2.7805	42000	0.5619	0.53333	0.63889	24.404
RATO	130	3.1846	41800	0.66667	0.73333	0.73404	24.288
EINE	129	3.5659	41800	0.33333	0.46154	0.41558	24.288
ABLES	24	3.9167	41600	0.46809	0.5	0.61017	24.172
MASS	29	3.3103	41600	0.46512	0.57143	0.52857	24.172
ALAS	72	3.25	41600	0.47222	0.4375	0.47619	24.172
HAME	45	3.3111	41600	0.65041	0.78261	0.75912	24.172
AVEL	20	5.4	41400	0.35593	0.36364	0.40323	24.056
CARB	35	3.4	41400	0.44444	1	0.55172	24.056
TATER	78	2.6795	41400	0.76712	0.87805	0.84492	24.056
RUNT	51	2.9216	41400	0.7037	0.54545	0.7395	24.056
TRAPS	32	2.8438	41400	0.4	0.5625	0.51852	24.056
TIDE	109	2.2752	41200	0.82105	0.71875	0.85638	23.94
PAINT	20	3.65	41200	0.64706	0.33333	0.57447	23.94
TILT	53	3.9057	41200	0.68504	0.86667	0.7029	23.94
GRAIN	27	3.7778	41200	0.72973	1	0.77011	23.94
TARING	30	2.6	41200	0.58929	0.57692	0.66667	23.94
MIND	34	3.0294	41000	0.75714	0.53333	0.71579	23.823
POOL	21	4.4286	41000	0.58025	0.625	0.68235	23.823
PANG	20	3.85	41000	0.47692	0.46154	0.60294	23.823
LEES	53	2.5283	41000	0.5	0.5	0.48571	23.823
DIET	99	2.4646	40800	0.81373	0.70588	0.80469	23.707
HONES	42	2.6905	40800	0.52857	0.73333	0.61905	23.707
BATES	26	2.2692	40800	0.43333	0.5	0.47826	23.707
MONG	20	3.45	40800	0.36364	0.6	0.41818	23.707
GRIN	62	3.1613	40800	0.62903	0.55556	0.61628	23.707
LATTE	30	4.8	40600	0.632	1	0.80153	23.591
UNIT	85	5.1176	40600	0.3913	0.75	0.56923	23.591
CERE	71	2.8873	40600	0.64062	0.42105	0.67021	23.591
FRIT	44	3.4545	40600	0.60377	0.64	0.6	23.591
RICES	26	2.6923	40600	0.53061	0.35714	0.54839	23.591
GOAT	41	3.1951	40400	0.48837	0.7	0.5873	23.475
RODS	60	2.5167	40400	0.42373	0.625	0.52	23.475
STRING	22	3.5909	40400	0.48718		0.60976	23.475
PAND	22	3.2273	40400	0.5	0.75	0.56452	23.475
RARES	57	2.3509	40400	0.61818	0.65217	0.67045	23.475
TENSE	67	2.6418	40200	0.68085	0.72727	0.79832	23.359
ANTES	35	2.2	40200	0.46429	0.57143	0.52941	23.359
MOST	57	2.5965	40200	0.73404	0.58824	0.76522	23.359
PORE	80	3.3	40200	0.71598	0.78378	0.75481	23.359
TERES	54	2.0556	40200	0.62264	0.55	0.61446	23.359
SEARE	62	2.1935	40200	0.73737	0.88889	0.77586	23.359
RATA	92	3.5543	40000	0.34615	0.61111	0.47945	23.242
SPOT	43	3.0465	40000	0.58537	0.71429	0.59259	23.242
BORD	26	4.4615	40000	0.69136	0.63636	0.65217	23.242
BIST	29	3.7241	39800	0.52174	0.66667	0.57627	23.126
TETS	43	2.2558	39800	0.45098	0.54545	0.51515	23.126
THEN	90	3.0556	39800	0.6129	0.6875	0.6	23.126
STONES	21	2.2857	39800	0.45161	0.44444	0.51429	23.126
ALTERS	31	2.7742	39800	0.67089	0.71429	0.74074	23.126
CENTS	26	2.5385	39600	0.46875	0.5	0.54167	23.01
TINGE	48	3.6042	39400	0.71333	0.75472	0.81657	22.894
GAST	55	3.0909	39200	0.64583	0.65	0.71698	22.777
NEWS	29	2.8621	39200	0.34286	0.4	0.33333	22.777
OATER	83	2.8072	39200	0.78014	0.89474	0.78919	22.777
WAST	36	4.1667	39000	0.77966	0.72727	0.82677	22.661
MASTER	23	2.4783	39000	0.69048	0.75	0.71154	22.661
URATE	41	3.3415	39000	0.525		0.58333	22.661
COSE	68	2.8088	39000	0.59459	0.64	0.6281	22.661
DOUT	34	3.6471	38800	0.66292	0.86364	0.75	22.545
TEEL	71	3.0282	38800	0.68675	0.66667	0.76667	22.545
ARLES	56	2.5179	38800	0.73626	0.64286	0.69091	22.545
GLED	30	4.6667	38800	0.34211	0.42857	0.40984	22.545
ALINES	25	2.44	38800	0.58621	0.57895	0.63265	22.545
SURES	24	2.6667	38600	0.41379	0.4	0.425	22.429
TAPES	22	2.6818	38600	0.39474	0.5	0.46667	22.429
MACH	28	3.9643	38600	0.52439	0.47368	0.61628	22.429
RIPS	41	2.8537	38600	0.56818	0.4	0.51899	22.429
LEARN	39	2.5385	38600	0.62791	1	0.66667	22.429
LINN	31	2.9355	38600	0.40426	0.57143	0.44828	22.429
RATIO	59	3.0847	38600	0.76	0.5	0.69118	22.429
TIERS	26	2.1923	38400	0.5	0.5	0.46341	22.313
LOUN	27	3.2963	38400	0.64103	0.66667	0.60811	22.313
FEAR	47	3.7447	38400	0.67619	0.78947	0.704	22.313
RUMS	23	3.4783	38200	0.34615	0.42857	0.33333	22.196
LIPE	28	3.8571	38200	0.58442	0.46154	0.6375	22.196
MONS	41	2.4878	38200	0.41667	0.5	0.43182	22.196
SMART	32	3.375	38200	0.64815	0.71429	0.67647	22.196
LATHE	40	4.1	38000	0.69697	0.81818	0.78049	22.08
REDES	46	2.1304	38000	0.47059	0.5	0.46	22.08
TEME	59	3.2542	38000	0.62637	0.68	0.64545	22.08
NOSES	24	2.2917	38000	0.44828	0.5	0.44186	22.08
GINS	39	2.4359	38000	0.4	0.75	0.44444	22.08
OUTER	46	4.5435	37800	0.76571	0.82143	0.81622	21.964
ROKE	20	5.6	37800	0.5493	0.54839	0.6044	21.964
USERS	30	2.9667	37800	0.52	0.625	0.56716	21.964
PENE	39	3.1282	37800	0.67742	0.66667	0.56923	21.964
ROBE	37	3.7838	37800	0.61224	0.33333	0.61111	21.964
THERE	44	2.8864	37800	0.62963	0.81818	0.68657	21.964
BEAN	38	3.0526	37800	0.55102	0.63636	0.57143	21.964
HARN	52	2.8462	37800	0.55319	0.3913	0.60526	21.964
DILL	25	2.88	37800	0.53191	0.28571	0.60938	21.964
GIES	49	3.5306	37800	0.34783	0.4	0.38298	21.964
TATS	82	2.2439	37600	0.53125	0.52174	0.57252	21.848
MEAL	49	3.1429	37600	0.75472	0.75	0.78195	21.848
PALS	38	3.0263	37600	0.36842	0.22727	0.31111	21.848
NORI	138	3.3696	37600	0.57143	0.4	0.36585	21.848
TAMIN	41	4.2927	37600	0.44444	0.64286	0.63934	21.848
SAID	51	2.5294	37600	0.58929		0.61905	21.848
MAINS	22	2.4545	37400	0.47826	0.55556	0.53488	21.732
PARSE	35	2.7714	37400	0.57971	0.78571	0.71605	21.732
DOUR	23	3	37400	0.34783	0.5	0.34884	21.732
DELE	36	2.8056	37200	0.63333	0.47059	0.59259	21.615
CRIT	53	2.7925	37200	0.64286	0.75	0.60606	21.615
CHART	29	3	37200	0.61538	0.7619	0.71429	21.615
ELAN	112	3.2768	37200	0.2381	1	0.32558	21.615
GEAR	79	3.3038	37200	0.80292	0.84615	0.83784	21.615
SLED	76	3.0395	37200	0.26316	0.57143	0.28889	21.615
SNOT	71	2.5352	37200	0.64384	0.62069	0.71591	21.615
BLATE	29	3.2414	37200	0.45714	0.47059	0.56364	21.615
LAPSE	30	3.6	37200	0.47059	0.5	0.58491	21.615
DANG	30	3.1	37200	0.71795	0.8	0.725	21.615
SANES	42	2.0714	37200	0.46667	0.75	0.63077	21.615
REAN	133	2.1729	37200	0.87857	0.74194	0.88144	21.615
SATIN	61	2.7705	37200	0.59375	0.61111	0.66667	21.615
HOOD	23	3.3913	37000	0.3871	0.5	0.47619	21.499
SHIES	23	3.3913	36800	0.5	0.57143	0.41935	21.383
HONG	28	3.1786	36800	0.46154	0.4	0.45455	21.383
SITH	52	3.1154	36800	0.76471	0.68421	0.77311	21.383
MANG	21	4.9524	36800	0.55	1	0.61039	21.383
TEASE	90	2.6556	36800	0.84971	1	0.87745	21.383
EASED	48	3.1875	36800	0.71287	0.55	0.7541	21.383
PARR	22	4.3636	36600	0.37037	0.28571	0.41667	21.267
TAILS	30	2.4333	36400	0.64179	0.53333	0.67606	21.15
MALE	54	2.3889	36400	0.76829	0.73913	0.78641	21.15
GRIS	59	4.2203	36400	0.29412	1	0.4375	21.15
ISHES	35	4.0286	36400	0.27273	0.28571	0.35897	21.15
TEMP	26	4.0385	36400	0.57143		0.47059	21.15
TANK	22	3.5455	36400	0.59649	0.7619	0.62687	21.15
SOUR	34	3.2059	36200	0.64706	0.61111	0.68421	21.034
PEAT	67	2.8507	36200	0.72527	0.67742	0.75969	21.034
TRAIT	60	3.1	36200	0.87097	0.58621	0.7439	21.034
TEAT	111	2.1982	36200	0.85827	0.85714	0.83234	21.034
PAIRE	31	3.129	36200	0.6383	0.57143	0.67797	21.034
MICE	24	3.0833	36200	0.42857	0.33333	0.42222	21.034
LEND	33	2.7879	36000	0.70312	0.66667	0.73333	20.918
GRAD	36	4.1667	36000	0.72464	0.75	0.72414	20.918
NEARS	40	2.125	35800	0.5	0.5	0.5	20.802
LITS	79	2.3671	35800	0.55128	0.40741	0.59843	20.802
TRACE	50	2.96	35800	0.78889	1	0.83333	20.802
SALS	67	2.4328	35600	0.59184	0.44444	0.57333	20.686
URNS	41	3.0244	35400	0.49275	0.5	0.5	20.569
SERIN	112	2.9196	35400	0.79518	0.82609	0.82727	20.569
EYER	20	3.45	35400	0.43478	0.5	0.45833	20.569
PASS	21	3.9524	35400	0.6	0.53846	0.66667	20.569
CAGE	26	3.8077	35200	0.67123	0.77273	0.71739	20.453
PARA	39	3.9231	35200	0.36	0.14286	0.36842	20.453
THEE	49	3.0612	35200	0.60465	0.57143	0.63291	20.453
TENDS	24	2.4167	35200	0.53333	0.53333	0.54167	20.453
MASH	24	3.3333	35200	0.51786	0.6	0.5873	20.453
RIMS	52	2.7885	35200	0.51111	0.36364	0.55	20.453
MITES	23	2.4348	35200	0.52174	0.54545	0.51111	20.453
FAIN	31	4.3226	35200	0.73333	0.5625	0.70455	20.453
CURE	29	4.2759	35000	0.74419	0.875	0.74775	20.337
DOTE	103	3	35000	0.81176	0.83051	0.87586	20.337
ARKS	24	4.3333	35000	0.53261	0.58333	0.57292	20.337
MATED	20	2.35	35000	0.35294	0.6	0.51429	20.337
RIOT	103	2.9806	34800	0.76087	0.8	0.72619	20.221
SPARE	27	3.1481	34800	0.66667	0.66667	0.69863	20.221
SNORT	52	2.6731	34600	0.72059	1	0.74684	20.105
TIND	61	2.7377	34600	0.7767	0.80952	0.7972	20.105
ROSIN	55	3.0727	34400	0.6	0.8	0.61538	19.988
CRAM	37	3.5135	34400	0.7439	0.72222	0.73333	19.988
TESTE	54	3.2037	34200	0.78218	0.85714	0.84252	19.872
SAIR	96	2.3333	34200	0.80198	0.78571	0.82143	19.872
INNERS	27	2.8148	34200	0.65574	0.5	0.67143	19.872
AIDER	61	2.6557	34200	0.85714	0.77778	0.82031	19.872
BORA	48	3.625	34200	0.69048	0.86667	0.69048	19.872
CHAIN	21	3.9048	34200	0.68182	0.8	0.77143	19.872
CORES	22	2.2273	34000	0.53846	0.7	0.6	19.756
TALA	63	3	34000	0.64	0.8	0.63158	19.756
RESH	101	3.4059	34000	0.4	0.61538	0.45	19.756
EARNS	46	2.3043	34000	0.68421	0.75	0.71765	19.756
COND	29	3.5862	34000	0.55319	0.28571	0.63636	19.756
TOME	44	2.2955	34000	0.76596	0.75	0.75676	19.756
HEIR	84	2.881	34000	0.58333	0.66667	0.62651	19.756
STALE	88	2.5114	34000	0.81395	0.93548	0.87978	19.756
HALO	65	3.9385	34000	0.35714	0.45455	0.46667	19.756
LOUT	35	3.4857	33800	0.6338	0.61538	0.66667	19.64
LASTER	46	2.5652	33800	0.7766	0.8	0.82883	19.64
ONCE	55	4.3636	33800	0.42424		0.43137	19.64
TEARS	66	2.1212	33800	0.75701	0.75	0.792	19.64
HEART	60	2.5667	33800	0.73563	0.9375	0.78788	19.64
DARI	76	2.8684	33800	0.77551	0.57895	0.66667	19.64
NOME	43	2.6977	33600	0.61111	0.53333	0.64286	19.524
RESIT	91	2.6484	33600	0.81967	0.86957	0.85987	19.524
TOLA	117	3.4786	33600	0.52632	0.79167	0.65432	19.524
ERNED	38	2.7895	33600	0.39024	0.25	0.39583	19.524
HINT	66	3	33400	0.74783	0.7619	0.83439	19.407
DRAP	32	3.875	33400	0.71014	1	0.6988	19.407
SWAT	28	3.25	33400	0.54	0.76471	0.64516	19.407
OTTERS	29	3.0345	33400	0.69231	0.74074	0.74419	19.407
MISTER	22	2.5909	33400	0.62963	0.625	0.63415	19.407
LACER	26	2.7692	33400	0.71429	0.7	0.78571	19.407
LARES	47	2.1702	33400	0.62687	0.55	0.67442	19.407
LOTH	49	3.0204	33400	0.52174	0.75	0.6	19.407
TRANS	50	2.64	33400	0.5	0.6	0.48718	19.407
PARER	22	2.8182	33200	0.47059	0.54545	0.56897	19.291
OUTED	27	3.6667	33200	0.35417	0.7	0.62667	19.291
CONI	56	4.2679	33200	0.4	0.36364	0.4902	19.291
EARL	85	2.9412	33200	0.60204	0.73913	0.74038	19.291
BATH	23	4.2609	33200	0.58621	0.83333	0.73973	19.291
BORN	25	3.6	33000	0.48276	0.57143	0.52	19.175
LARN	92	2.5652	33000	0.5641	0.4	0.5873	19.175
SINTER	35	2.3429	32800	0.68293	0.8	0.74194	19.059
OOMS	22	4.5	32800	0.39506	0.5	0.48148	19.059
TAUT	26	3.1538	32800	0.51351		0.58824	19.059
CANTS	27	2.4074	32800	0.71429	0.375	0.66071	19.059
DREE	64	2.75	32800	0.66197	0.625	0.68041	19.059
EATERS	35	2.3714	32800	0.65625	0.875	0.77632	19.059
DINER	48	2.6042	32600	0.84091	0.85	0.81416	18.942
CALS	34	2.5	32600	0.42308	0.4	0.45	18.942
MIDS	36	3.0833	32600	0.33333	0.33333	0.44898	18.942
EASER	82	2.7317	32600	0.81395	0.76667	0.87179	18.942
SITHE	33	2.697	32400	0.6383	0.72727	0.65672	18.826
ROTTE	44	3.6136	32400	0.72222	0.85714	0.84173	18.826
RITT	48	3.5833	32400	0.69912	0.64	0.77273	18.826
HIDE	63	3.3175	32400	0.76	0.68421	0.77703	18.826
BARN	41	2.8537	32400	0.56923	0.58333	0.68354	18.826
CRATE	47	2.8511	32400	0.80282	1	0.856	18.826
REARS	33	2.1212	32400	0.52273	0.5	0.57143	18.826
COTS	31	2.5484	32200	0.43902	0.47059	0.48276	18.71
BRIE	34	3.7941	32200	0.51724	0.81818	0.59649	18.71
MEER	53	2.7925	32200	0.64865	0.5	0.6	18.71
RUES	74	2.4595	32200	0.42857	0.63636	0.47143	18.71
SPIER	30	2.4333	32000	0.5	0.55556	0.56863	18.594
HINGE	28	3.2857	32000	0.77027	0.8125	0.77273	18.594
TOPS	36	2.6667	32000	0.45714	0.5	0.5	18.594
ARTIS	60	2.9833	32000	0.28571	0.5	0.4878	18.594
OILER	40	3.5	32000	0.70968	0.71429	0.73333	18.594
LIDS	28	2.2857	32000	0.42857	0.5	0.47368	18.594
WAITE	27	3.5556	32000	0.76119	0.6	0.77528	18.594
LIAR	121	2.6446	31800	0.56098	0.625	0.56	18.478
GERE	60	2.4333	31800	0.63636	0.875	0.68056	18.478
FIER	66	3.0909	31800	0.52632	0.28571	0.56897	18.478
CUTES	23	2.8696	31600	0.375	0.57143	0.5	18.361
DANS	56	2.6786	31600	0.44444	0.5	0.43902	18.361
OLDS	38	3.3684	31600	0.45455	0.6	0.38182	18.361
AYIN	20	3.55	31600	0.29412	0.25	0.41026	18.361
MINI	43	4.6977	31600	0.33333		0.3125	18.361
ORDER	39	3.0256	31400	0.54762	0.88889	0.6	18.245
WANT	47	3.0213	31400	0.78571	0.72727	0.79048	18.245
FEAT	37	2.6216	31400	0.66038	0.65	0.70667	18.245
MOON	22	3.3636	31400	0.6	0.25	0.63462	18.245
SPAT	46	2.8913	31400	0.72464	0.625	0.72727	18.245
LENS	82	2.5122	31400	0.67273	0.8125	0.71765	18.245
LINED	39	2.2051	31400	0.62857	0.7619	0.6875	18.245
GOES	50	2.74	31400	0.5	0.36364	0.42857	18.245
UNTIE	35	3.2286	31200	0.47368	0.5	0.52174	18.129
HEAST	29	2.6552	31200	0.59524	0.5	0.74074	18.129
POSER	22	2.5909	31200	0.60465	0.75	0.65957	18.129
CRAP	27	4.037	31200	0.71212	0.53846	0.74227	18.129
GANT	53	2.3396	31200	0.76471	0.69231	0.77381	18.129
PRATE	38	3.1579	31200	0.76712	0.375	0.77895	18.129
CENS	35	3.3714	31200	0.33333	0.5	0.5	18.129
HORA	90	2.9778	31200	0.31579		0.46341	18.129
COIN	41	3.1951	31000	0.80952	0.5	0.73239	18.013
RUSH	30	3.2	31000	0.46512	0.64286	0.57407	18.013
RAID	75	2.8267	31000	0.80282	0.56522	0.85714	18.013
GENTS	21	3	31000	0.60526	1	0.60465	18.013
DERN	108	2.463	31000	0.71429	0.88889	0.70833	18.013
SMIT	62	3.5323	31000	0.74775	0.71429	0.80741	18.013
CHAL	28	3.3571	31000	0.46154	0.42857	0.39394	18.013
BITS	32	2.6562	31000	0.35714	0.33333	0.36842	18.013
TEIL	125	2.632	31000	0.73026	0.78571	0.74713	18.013
MOIL	22	4.2727	31000	0.51724	0.42857	0.55738	18.013
DARN	63	2.746	30800	0.66	0.85714	0.71014	17.897
HALER	36	2.5	30800	0.73016	0.5	0.74684	17.897
TORES	61	2.0984	30800	0.7619	0.85185	0.82609	17.897
HEARE	46	2.913	30800	0.76471	0.71429	0.83193	17.897
COAL	38	3.1579	30800	0.56	0.63636	0.64516	17.897
WALE	43	3.9767	30800	0.70968	0.54167	0.73723	17.897
MATIN	30	3.2667	30800	0.67742	0.66667	0.63415	17.897
RONTE	62	2.2258	30800	0.83544	1	0.83019	17.897
PEAN	60	2.7167	30800	0.71591	0.8	0.76667	17.897
DOSS	24	3.1667	30600	0.52632	0.5	0.51163	17.78
SOIL	48	2.375	30600	0.66667	0.64706	0.66216	17.78
MALS	25	2.6	30600	0.41176	0.5	0.4	17.78
NODES	29	2.1724	30600	0.44828	0.5	0.51282	17.78
MASE	103	2.6214	30600	0.62121	0.81132	0.81959	17.78
STIM	66	3.3939	30400	0.56	0.58333	0.65789	17.664
TONERS	27	2.2593	30400	0.66667	0.52941	0.7377	17.664
NICE	54	2.4074	30400	0.61905	0.8	0.63793	17.664
ICERS	26	2.7308	30400	0.45714	0.71429	0.64151	17.664
PACE	31	4.4516	30400	0.67857	0.77778	0.79104	17.664
RATION	26	2.9615	30400	0.7	0.5	0.63158	17.664
LUDE	26	3.6154	30200	0.48387	1	0.47727	17.548
GARE	84	2.1429	30200	0.83636	0.85185	0.85235	17.548
TELES	30	2.3	30200	0.5	0.45455	0.61224	17.548
RUIN	46	3.413	30200	0.61364	0.9	0.67143	17.548
CATS	38	2.2105	30200	0.60526	0.44444	0.58491	17.548
SARI	117	2.8376	30200	0.67347	0.69565	0.75455	17.548
TALI	54	2.7037	30000	0.44444	0.66667	0.54762	17.432
BREE	25	3.96	30000	0.61538	0.53333	0.6	17.432
SERRA	56	3.5	30000	0.46875	0.7	0.55814	17.432
ENTERS	28	2.4286	30000	0.69767	0.81818	0.75	17.432
OMERS	25	2.6	30000	0.37931	0.4	0.41026	17.432
GORE	68	2.5735	30000	0.79787	0.85714	0.81148	17.432
TRIG	47	4.1702	30000	0.34375	0.33333	0.46512	17.432
VOTE	26	4.1923	30000	0.76812	0.8	0.72414	17.432
MUSE	32	4.1875	30000	0.79167	0.72	0.73034	17.432
SNIDE	44	2.5909	29800	0.71605	1	0.77108	17.316
ROTIS	30	2.4333	29800	0.5	0.4	0.44444	17.316
RAITS	44	2.25	29800	0.64151	0.625	0.68493	17.316
WILE	22	3.6818	29600	0.60606		0.63768	17.199
HADE	64	3.1562	29600	0.6729	0.68182	0.73154	17.199
CRED	68	3.5588	29600	0.44	0.6	0.40741	17.199
SCORE	29	2.9655	29600	0.70175	1	0.77419	17.199
MISER	36	2.5	29400	0.61905	0.5	0.64912	17.083
NOLES	36	2.2222	29400	0.45455	0.66667	0.52381	17.083
MATER	50	2.22	29400	0.80769	1	0.87129	17.083
FADE	34	3.3824	29400	0.69492	0.6	0.71951	17.083
SEME	45	2.7778	29400	0.625	0.66667	0.65714	17.083
DOME	35	2.4857	29200	0.76271	0.66667	0.73239	16.967
BOLE	24	3	29200	0.56098	0.55556	0.57692	16.967
TOLES	27	2.1111	29200	0.61702	0.66667	0.70909	16.967
TRINES	25	2.36	29200	0.61765	0.58333	0.67391	16.967
TRODE	47	2.5532	29000	0.83099	0.54545	0.79545	16.851
EALES	37	2.4595	29000	0.45946	0.46667	0.50794	16.851
EDIT	117	3.1111	29000	0.33333	0.61538	0.55556	16.851
ANAL	45	3.3556	29000	0.41176		0.36667	16.851
VENT	29	3.6897	29000	0.60976	0.66667	0.62745	16.851
DINS	25	2.12	28600	0.47619	0.5	0.47059	16.618
THEM	35	3.0286	28600	0.46667	1	0.53846	16.618
BORS	21	2.9524	28600	0.31579	0.33333	0.31034	16.618
TARRE	49	2.5306	28600	0.60465	0.90476	0.75581	16.618
LEIS	68	2.3235	28600	0.41667	0.5	0.4	16.618
TOES	26	2.1923	28600	0.46667	0.33333	0.44444	16.618
CURS	23	3.913	28600	0.5625	0.625	0.62821	16.618
SWEE	20	4.65	28600	0.58537	0.64286	0.60294	16.618
SANS	31	2.4516	28600	0.36364	0.375	0.37838	16.618
TANA	68	2.3529	28400	0.75	0.66667	0.66667	16.502
ASTERN	37	2.2703	28400	0.33333	0.47368	0.5	16.502
LEATS	41	2.2195	28400	0.66	0.73333	0.69737	16.502
TONNE	23	3.3043	28400	0.71154	0.85714	0.72308	16.502
HOTS	46	2.2609	28400	0.57447	0.63636	0.61972	16.502
FORT	34	3.9118	28400	0.67045	0.86667	0.76577	16.502
CRINE	28	2.9286	28200	0.65714	0.66667	0.65306	16.386
MOIST	20	3.45	28200	0.6875	1	0.7234	16.386
RIFE	37	2.4865	28200	0.56098	0.58333	0.59259	16.386
MIME	20	3.75	28200	0.59574	0.4	0.59322	16.386
LINERS	26	2.1538	28200	0.65217	0.77778	0.71111	16.386
AMINS	23	2.913	28200	0.3	0.625	0.42857	16.386
ROUTS	22	2.6364	28200	0.56522	0.42857	0.60784	16.386
TASH	65	2.5385	28200	0.72826	0.55	0.75221	16.386
ASPER	32	2.9375	28200	0.45		0.5122	16.386
FACE	20	4.8	28200	0.61702	0.8	0.7027	16.386
TARA	94	2.4362	28200	0.67925	0.76923	0.72222	16.386
PITA	35	2.8857	28000	0.26667		0.41379	16.27
PRISE	30	3.3	28000	0.7		0.67347	16.27
ABID	26	3.7692	28000	0.64286	0.5	0.62903	16.27
FERES	24	2.0833	28000	0.52632	0.5	0.52381	16.27
METH	43	3.186	28000	0.58824	0.5	0.57627	16.27
SOLI	62	3.1935	28000	0.7619	0.44444	0.6383	16.27
SHRI	44	3.2273	28000	0.73333	0.5	0.68966	16.27
CITER	44	2.4091	28000	0.76471	0.81818	0.84091	16.27
ROOP	28	3.3929	27800	0.64286	0.5	0.65217	16.153
MOTI	45	3.2889	27800	0.54839	0.75	0.56	16.153
PREST	38	2.9211	27800	0.57692	0.66667	0.54545	16.153
LEER	68	2.6324	27800	0.79464	0.66667	0.79021	16.153
REDD	42	3.0238	27800	0.5	0.75	0.46875	16.153
SKER	25	3.76	27800	0.46939	0.5	0.5082	16.153
ALLOT	21	3.9524	27800	0.22222		0.51515	16.153
DALS	49	2.3469	27800	0.38462	0.41667	0.4186	16.153
STANE	67	2.3284	27600	0.82609	0.89474	0.84	16.037
CRIS	57	2.9474	27600	0.62069	1	0.60377	16.037
PEARS	25	2.28	27600	0.62791	0.45455	0.61818	16.037
LEASE	43	3	27400	0.81373	0.66667	0.85088	15.921
RAGI	48	2.7292	27400	0.48	0.54545	0.54054	15.921
CLINE	22	2.8636	27400	0.45		0.57692	15.921
RETINA	51	2.4902	27400	0.57692	0.8	0.75926	15.921
TAWS	33	2.6061	27400	0.5	0.5	0.52941	15.921
STAP	42	2.9286	27400	0.59524	0.5	0.64062	15.921
CHINE	21	3.1905	27400	0.33333	0.4	0.57576	15.921
MOOL	20	4.15	27400	0.57576	0.47059	0.59091	15.921
AIRER	47	2.4255	27400	0.61538	0.66667	0.73494	15.921
LADES	31	2.3548	27400	0.62222	0.47059	0.64407	15.921
STOW	34	3.0294	27400	0.68116	0.75	0.71053	15.921
TEES	30	2.1667	27400	0.5	0.33333	0.48	15.921
RASER	53	2.4906	27200	0.65	0.76471	0.67089	15.805
OARED	56	2.4821	27200	0.55	0.625	0.65278	15.805
TAMES	26	2.0769	27200	0.5	0.5	0.5	15.805
SLIP	25	3.32	27200	0.60714	0.66667	0.62295	15.805
MOLES	23	2.5652	27200	0.55102	0.5	0.65455	15.805
WELT	32	3.4062	27200	0.65714		0.64516	15.805
RIPES	27	2.8889	27200	0.58333	0.75	0.67692	15.805
ARIA	114	3.193	27000	0.5625	0.5	0.56757	15.689
MEIN	101	2.8614	27000	0.55556	0.77778	0.59701	15.689
LUTES	27	2.3704	27000	0.53571	0.66667	0.57143	15.689
STAY	22	3.4545	27000	0.61702	0.5	0.66071	15.689
SEIL	79	2.1519	27000	0.75	0.72727	0.77174	15.689
TENNE	27	3.5556	27000	0.65854	0.7	0.77143	15.689
SEED	54	2.4074	26800	0.675	0.7	0.66071	15.572
LEARE	58	2.431	26800	0.81197	0.88	0.88722	15.572
HALES	36	2.2222	26800	0.68421	0.61538	0.66667	15.572
UNITE	57	4.0526	26800	0.36364	0.77778	0.52778	15.572
GENS	23	2.3913	26800	0.36842	0.5	0.375	15.572
NISH	81	3.5802	26600		0.5	0.40909	15.456
OOSES	21	3	26600	0.30303	0.33333	0.45455	15.456
STUN	50	2.94	26600	0.68	0.4	0.61972	15.456
BOON	21	3.4762	26600	0.55556	0.625	0.57447	15.456
RIFT	27	3.9259	26400	0.58182	0.85714	0.63934	15.34
COSTA	29	3.3793	26400	0.625	0.44444	0.6087	15.34
OUTRE	25	2.84	26400	0.42857	1	0.5	15.34
RUDES	23	2.7391	26400	0.48649	0.875	0.69091	15.34
LAMES	31	2.3226	26400	0.56098	0.625	0.68254	15.34
LOON	36	2.8611	26400	0.51282	0.6875	0.64912	15.34
ESES	95	3.2211	26400	0.33333	0.5	0.35417	15.34
DRAW	26	3.4231	26200	0.63415	0.75	0.64706	15.224
ATONE	74	2.7973	26000	0.84158	0.85714	0.87671	15.107
STAB	31	3.871	26000	0.74359	0.57143	0.71186	15.107
REFI	39	3.7692	26000	0.58333	0.28571	0.53846	15.107
MOLT	30	3.6333	26000	0.58462	0.45455	0.5942	15.107
ROATE	66	2.4545	26000	0.84337	1	0.85455	15.107
SOLATE	26	3.2308	26000		1	0.53846	15.107
OPEN	38	3.1053	26000	0.5		0.64103	15.107
INTO	56	3.4286	26000	0.4	0.27273	0.33333	15.107
META	56	3	26000	0.64	0.83333	0.63636	15.107
CLAM	23	3.4783	26000	0.65	0.71429	0.67347	15.107
FARS	50	2.7	25800	0.58696	0.52632	0.69333	14.991
WASTE	27	3.3704	25800	0.76056	0.69231	0.81818	14.991
DOOL	37	3.7297	25800	0.71429	0.55556	0.75904	14.991
AREA	152	3.1842	25600	0.57143	0.45833	0.55172	14.875
REMAN	43	3.0698	25600	0.45455	0.4	0.6	14.875
TOIT	64	3.0625	25600	0.51613	1	0.62745	14.875
TOSS	45	2.7333	25400	0.7027	0.8	0.66102	14.759
ALDER	42	2.6429	25400	0.35	0.6	0.4375	14.759
TOLED	30	2.3	25400	0.68421	0.7	0.6	14.759
HETE	75	2.8	25400	0.63636	0.63636	0.63235	14.759
TALER	77	2.4286	25400	0.80153	0.76923	0.84971	14.759
PURE	32	3.375	25400	0.66667	0.45455	0.71014	14.759
MAIR	65	2.7846	25400	0.84783	0.58333	0.78788	14.759
REIST	55	2.2727	25200	0.80556	1	0.80247	14.643
SILT	58	2.3621	25200	0.65455	0.75	0.73077	14.643
HOND	31	2.8065	25200	0.66667	0.71429	0.63636	14.643
SECT	62	2.7742	25200	0.64286	0.61538	0.6383	14.643
BARS	35	2.4	25200	0.44444	0.5	0.46875	14.643
SOAR	113	3.1062	25200	0.88387	0.91489	0.88785	14.643
ALIEN	31	3.0645	25200	0.42857	0.57143	0.56667	14.643
HEATS	32	2.4062	25200	0.65	0.71429	0.66667	14.643
DEME	30	3.3333	25200	0.6087	0.53846	0.60465	14.643
THRO	67	3.806	25000	0.5	0.63158	0.60465	14.526
SMEAR	31	2.5806	25000	0.62791	0.55556	0.70588	14.526
NIDES	23	2.4348	25000	0.55263	0.5	0.61364	14.526
REMS	77	2.2857	25000	0.5	0.5	0.49231	14.526
TIMED	27	2.0741	25000	0.55	0.5	0.62791	14.526
TIGE	46	2.9565	25000	0.76136	1	0.80583	14.526
DIED	29	2.8966	25000	0.33333	0.4	0.40741	14.526
ALAN	55	4.2727	25000		0.8	0.33333	14.526
MANA	28	4.2857	24800	0.55172	1	0.55814	14.41
REPOS	26	3.2308	24800	0.64706	0.78947	0.73333	14.41
RAFT	31	4.0323	24800	0.80882	0.55882	0.80682	14.41
ECHE	31	3.6774	24800	0.6	1	0.63462	14.41
LOGE	27	2.5185	24600	0.6	0.8	0.625	14.294
HOER	93	2.5376	24600	0.81538	0.8	0.7871	14.294
STEAN	72	2.4167	24600	0.86735	0.68421	0.87903	14.294
RAINED	28	2.6786	24600	0.65957	0.6	0.7377	14.294
BANT	29	3.3793	24600	0.70787	0.63158	0.79167	14.294
MATTE	20	4.15	24600	0.75	1	0.8	14.294
EASTS	42	2.8333	24600	0.70707	0.8	0.75701	14.294
GART	34	2.7353	24600	0.6875	1	0.63462	14.294
YEAR	59	2.7797	24400	0.5814	0.9	0.67213	14.178
LEAP	49	2.7959	24400	0.71429	0.77273	0.74699	14.178
OTTO	21	3.7619	24400	0.4	0.5	0.41026	14.178
HOLD	28	3.6071	24400	0.60714	0.5	0.5814	14.178
PRIM	20	5.3	24400	0.45833	0.2	0.52381	14.178
WANS	23	2.913	24200	0.42105	0.5	0.44118	14.062
BASS	23	3.8696	24200	0.59574	0.72222	0.58621	14.062
HARES	56	2.3036	24000	0.66667	0.75	0.73636	13.945
WAIN	26	3.3846	24000	0.68889	0.28571	0.66102	13.945
DENI	149	3.1007	24000	0.5	0.70588	0.62264	13.945
RACED	22	2.6364	24000	0.57895	0.85714	0.68627	13.945
SHORT	22	3.7727	24000	0.70732	0.88889	0.75926	13.945
PEAL	47	2.617	23800	0.68116	0.75	0.74468	13.829
HEND	43	2.6977	23800	0.7381	0.7	0.76042	13.829
REINS	37	2.2703	23800	0.47368	0.5	0.5	13.829
ROSTI	37	2.4865	23800	0.64516	0.7	0.67442	13.829
PATS	28	2.1429	23600	0.5625	0.41667	0.58	13.713
CHAM	22	3.0455	23600	0.63636	0.7	0.6875	13.713
RESTER	21	2.2857	23600	0.64516	0.55556	0.67568	13.713
TURN	41	3.1951	23600	0.71154	0.76923	0.75	13.713
RANTER	23	2.5217	23600	0.71053	0.75	0.74	13.713
NEED	59	2.4576	23400	0.7033	0.7	0.74561	13.597
BLET	35	4.2286	23400	0.44444	0.5	0.48837	13.597
SEAN	99	2.1717	23400	0.84746	0.94737	0.87162	13.597
LUNE	30	2.8	23400	0.59375	0.45455	0.61404	13.597
PETS	51	2.4706	23400	0.41463	0.5	0.5102	13.597
CONTE	30	2.6667	23200	0.78571		0.7931	13.481
TIRR	50	3.7	23200	0.58333	0.41667	0.62745	13.481
REEDS	20	2.45	23200	0.65714	0.78571	0.67442	13.481
RATERS	33	2.0606	23200	0.72	0.66667	0.76471	13.481
PIET	43	2.8605	23200	0.53571	0.77778	0.60784	13.481
SLIT	58	2.3103	23200	0.77143	0.54545	0.77143	13.481
LASER	47	2.1702	23000	0.7963	1	0.82278	13.364
MEAD	37	2.3784	23000	0.80952	0.7	0.68	13.364
PASH	23	2.5652	23000	0.54286	0.44444	0.60417	13.364
LUNA	32	3.6562	22800	0.45455	0.76923	0.60465	13.248
TENDER	22	2.4091	22800	0.67647	0.83333	0.7619	13.248
TRAINS	21	2.5238	22800	0.66667	0.71429	0.74419	13.248
KINE	28	2.4286	22800	0.73529	0.81818	0.76	13.248
HARED	35	2.2286	22800	0.65789	0.5	0.63636	13.248
AMPS	30	3.7	22800	0.64179	0.5	0.62667	13.248
LUTER	32	2.8125	22800	0.72973	0.61905	0.7451	13.248
FLOR	22	4.7273	22800	0.40909	0.5	0.44444	13.248
MOOR	27	3.037	22800	0.66667	0.57143	0.57778	13.248
SENE	48	2.2917	22800	0.69048	1	0.7377	13.248
SORB	36	3.6667	22800	0.29412		0.46154	13.248
STOLE	48	2.3125	22800	0.74	0.9	0.81081	13.248
NATS	63	2.1111	22800	0.42105	0.625	0.48889	13.248
SCREE	22	3.9091	22800	0.59091	0.8	0.61111	13.248
CHARE	40	3.075	22600	0.83908	0.77778	0.84404	13.132
GITE	59	2.2373	22600	0.73684	0.7619	0.80556	13.132
LITHE	21	3.0476	22600	0.7027	0.84615	0.6875	13.132
WITH	21	3.8571	22600	0.53846		0.67391	13.132
DICT	34	3.6176	22600	0.4	0.11111	0.28571	13.132
PATH	34	2.6471	22400	0.68182	0.75	0.68182	13.016
FATS	36	2.5278	22400	0.46875	0.42857	0.46341	13.016
BANE	40	2.375	22400	0.73913	0.83333	0.73913	13.016
COLT	28	2.9286	22400	0.77193	0.90909	0.74242	13.016
OMEN	62	3.2419	22400	0.58333	0.4	0.46667	13.016
STEEL	28	2.4286	22400	0.72222	0.72727	0.77049	13.016
SHEAR	32	2.5938	22200	0.77778	1	0.81967	12.899
HAMS	35	2.3143	22200	0.54762	0.46667	0.57407	12.899
MITRE	37	2.4054	22200	0.78788	0.875	0.77586	12.899
STRAY	27	3	22200	0.64	0.66667	0.58333	12.899
SNIP	43	3.6977	22200	0.70103	0.8	0.82857	12.899
MACE	40	3.075	22200	0.83871	0.78571	0.875	12.899
DITT	37	3.0811	22000	0.65909	0.66667	0.70492	12.783
OUPS	22	3.5455	22000	0.35	0.33333	0.44	12.783
TRIPE	22	3.2273	22000	0.78125	0.66667	0.70588	12.783
RANDS	22	2.3636	22000	0.63333	0.5	0.63158	12.783
CASTE	41	2.8049	22000	0.80263	0.7619	0.86598	12.783
LAIRS	20	2.25	22000	0.42857	0.5	0.5	12.783
KITE	26	3.8077	22000	0.72152	0.85714	0.76404	12.783
RUNE	66	2.4394	22000	0.7931	0.8	0.81818	12.783
ROAR	52	2.5769	22000	0.73529	0.8	0.73134	12.783
MESE	50	2.74	22000	0.375	1	0.4	12.783
EARST	32	2.125	22000	0.53846	0.5	0.53846	12.783
FROS	29	3.2759	22000	0.65217	0.42857	0.57143	12.783
SITED	32	2.375	21800	0.56667	0.44444	0.57143	12.667
SALLE	27	2.8889	21800	0.68889	0.7	0.72881	12.667
LEETS	29	2.1379	21800	0.59459	0.7	0.62963	12.667
TORR	42	2.5714	21800	0.42857	1	0.53125	12.667
RACER	34	2.8529	21800	0.79747	1	0.81609	12.667
LOUD	27	3.1481	21800	0.39286	0.53333	0.5814	12.667
REACH	29	2.8276	21800	0.65	0.66667	0.69048	12.667
BOAR	23	3.087	21800	0.58974	1	0.625	12.667
REPIN	22	3	21600	0.77778	0.65217	0.68571	12.551
IDLE	70	4.0571	21600	0.8	0.4	0.5	12.551
ESSE	58	4.0172	21600	0.28571	0.22222	0.24	12.551
RONDE	45	2.8	21600	0.65	1	0.78182	12.551
NIED	66	2.4697	21600		0.3	0.375	12.551
TARED	56	2.0357	21600	0.625	0.54167	0.71277	12.551
RESET	52	2.1154	21600	0.775	0.7	0.75	12.551
LOINS	42	2.5238	21400	0.42308		0.51613	12.435
SAFE	37	3.3243	21400	0.7551	0.75	0.73846	12.435
TERRA	56	2.7321	21400	0.58824	0.57143	0.56667	12.435
LUES	40	2.775	21200	0.5	0.375	0.40476	12.318
BIER	44	2.5227	21200	0.4		0.48276	12.318
PERN	42	2.5714	21200	0.41176	0.88889	0.61111	12.318
PEED	20	3.05	21200	0.44118	0.5	0.53333	12.318
MINER	29	2.4138	21200	0.75	0.90909	0.81356	12.318
ELAND	28	2.75	21200	0.41667	1	0.44	12.318
DATER	65	2.1077	21200	0.88235	0.95455	0.90083	12.318
TORO	50	3.04	21200	0.58621	0.5	0.57143	12.318
DAINE	44	2.8636	21200	0.54545	0.66667	0.61765	12.318
RORES	22	2.3182	21200	0.5	0.33333	0.5	12.318
RAWS	31	2.5161	21200	0.53846	0.72727	0.63934	12.318
OWES	24	2.8333	21200	0.43333	0.46154	0.5	12.318
SAINT	39	2.359	21200	0.76087	0.5	0.77778	12.318
MUTE	23	3.087	21200	0.68571	0.88889	0.77966	12.318
MUST	21	2.9048	21200	0.52941	0.52941	0.55	12.318
CARED	27	2.1852	21200	0.62857	0.55556	0.66	12.318
SCART	29	2.4483	21200	0.75556		0.75	12.318
HIRED	27	2.2222	21200	0.64286	0.8	0.65116	12.318
REPS	43	2.2558	21000	0.53846		0.5	12.202
TILER	45	2.1778	21000	0.84722	0.70833	0.84091	12.202
SOUL	20	2.65	21000	0.66667	0.25	0.62857	12.202
DELI	75	2.9333	21000	0.83333	0.63636	0.68	12.202
RISER	28	2.5	21000	0.70588	1	0.68571	12.202
GREAT	34	2.3824	21000	0.67742	0.88889	0.75	12.202
LOPER	24	2.5	21000	0.73529	0.57143	0.73913	12.202
REAK	32	2.9375	20800	0.64516	0.57143	0.71429	12.086
CRONE	25	2.64	20800	0.63636	0.5	0.66667	12.086
SHOD	42	2.5714	20800	0.4	0.33333	0.3913	12.086
SENA	124	2.4194	20800	0.62069	0.5	0.71186	12.086
IMPS	20	3.6	20800	0.36842	0.4	0.41176	12.086
NOMA	43	2.907	20800	0.57143	0.55556	0.68293	12.086
DAMN	24	3.4167	20800	0.5	0.63636	0.61765	12.086
EDGE	28	4.5714	20800	0.58537	0.5625	0.64815	12.086
WELS	21	3.2381	20800	0.33333	0.5	0.42424	12.086
GETS	21	2.2857	20800	0.45455	0.375	0.43478	12.086
EMITS	31	2.5806	20800	0.34783	0.5	0.5	12.086
MENE	40	2.95	20800	0.58824	0.62963	0.68056	12.086
BRAT	42	2.1429	20600	0.76471	0.66667	0.7931	11.97
FERN	29	2.3448	20600	0.64	1	0.69231	11.97
TANGI	22	3.2727	20600	0.77778	0.75	0.77083	11.97
REAMS	29	2.3793	20600	0.71053	0.8	0.71739	11.97
DIME	50	2.7	20600	0.81	0.875	0.87963	11.97
NARC	62	3.1774	20600	0.35	0.5	0.41667	11.97
SINED	30	2.1333	20600	0.54545	0.83333	0.625	11.97
PREM	24	3.2917	20400	0.5	0.18182	0.3	11.854
AMIES	40	2.525	20400	0.5	0.4	0.5	11.854
MEET	50	2.42	20400	0.76923	0.7	0.81944	11.854
REWS	46	2.5	20400	0.58182	0.58824	0.63636	11.854
HAIL	36	2.6389	20400	0.78689	0.72727	0.78049	11.854
ALTO	86	3.1163	20400	0.22222	1	0.52941	11.854
CIDER	25	2.56	20400	0.67742	0.6	0.7	11.854
SLIM	31	2.8065	20200	0.78431	0.84615	0.8	11.737
HOON	32	2.7812	20200	0.64286	0.5	0.62745	11.737
TOPI	33	3.3333	20200	0.33333	0.25	0.46875	11.737
CHID	26	3.1538	20200	0.76923	1	0.65714	11.737
OPTER	21	2.9048	20200	0.55	1	0.57143	11.737
TIAR	146	2.7466	20000	0.84483	0.75	0.79747	11.621
PURS	22	3.0455	20000	0.72222	1	0.66667	11.621
RIEL	118	2.8136	20000	0.44444	0.57143	0.51064	11.621
PARTS	20	2.2	20000	0.70968	0.6	0.7	11.621
HOED	45	2.4	20000	0.48485	0.77778	0.55814	11.621
STENS	27	2.4074	20000	0.44444	0.5	0.48276	11.621
STONER	22	2.1818	20000	0.77778	0.83333	0.75	11.621
PLOT	27	3	20000	0.63636	1	0.64706	11.621
CLOT	34	4.2941	20000	0.64706	0.91667	0.75385	11.621
WEAL	24	3	19800	0.69643	0.72727	0.71667	11.505
USING	24	3.6667	19800	0.45	0.4	0.44	11.505
TORTS	21	2.2857	19800	0.45455	0.5	0.45	11.505
RINSE	77	2.3506	19800	0.84694	1	0.88136	11.505
COOS	25	3.04	19800	0.41667	0.55556	0.46667	11.505
REAME	23	3.3913	19800	0.74138	0.8125	0.8	11.505
GARS	42	2.4048	19800	0.42857		0.46875	11.505
TROUT	24	2.7917	19800	0.63333	0.5	0.62857	11.505
VIRE	26	3.1538	19800	0.46154	0.5	0.5	11.505
MERES	24	2.0417	19800	0.5	1	0.55172	11.505
TESTER	21	2.3333	19600	0.7	0.75	0.73684	11.389
SORA	112	2.3571	19600	0.75862	0.61538	0.68571	11.389
GOAL	24	2.875	19600	0.63636	0.5	0.66667	11.389
DERAT	81	2.7778	19600	0.84211	0.89474	0.87059	11.389
DREES	25	2	19600	0.5	0.5	0.53333	11.389
SATED	20	2.2	19600	0.42857	0.5	0.47368	11.389
RENO	106	2.217	19600	0.81395	0.88889	0.82258	11.389
ENDERS	27	3.0741	19600	0.75926	1	0.84507	11.389
MOSS	20	2.75	19600	0.43478	0.71429	0.57143	11.389
LIND	43	2.3488	19600	0.625	0.5	0.68182	11.389
PAGE	24	3.3333	19400	0.82143	1	0.7971	11.273
WORSE	27	3.3333	19400	0.74468	0.63636	0.76667	11.273
SHIRE	37	2.2432	19400	0.82	0.78571	0.84058	11.273
UMES	22	2.7273	19400	0.42308		0.43902	11.273
MORN	43	3.0698	19400	0.82353	0.8125	0.76056	11.273
SHETS	23	2.1304	19400	0.64	0.5	0.58333	11.273
ROIDS	24	2.625	19200	0.45455	0.5	0.52381	11.156
LEAM	40	2.45	19200	0.75	0.77778	0.75758	11.156
VISE	25	3.32	19200	0.59375	0.375	0.57895	11.156
BIRD	23	3.6087	19200	0.75	0.33333	0.69697	11.156
SPEAR	25	2.32	19200	0.69231	0.8	0.77551	11.156
DULE	24	2.7083	19200	0.77419	1	0.69767	11.156
NARES	36	2.1111	19200	0.55	0.625	0.57447	11.156
MOCH	23	3.6087	19200	0.42424		0.58333	11.156
NEATH	36	2.4722	19200	0.375	0.5	0.4	11.156
TASSE	21	2.5714	19000	0.52941	0.25	0.6129	11.04
STEER	50	2.18	19000	0.80645	0.85714	0.87097	11.04
NOTA	89	2.7528	19000	1	1	0.65714	11.04
STRAW	23	2.3913	19000	0.6875	0.625	0.66667	11.04
SORN	54	2.463	19000	0.6	0.8	0.73684	11.04
GEES	37	2.5405	19000	0.35	0.5	0.37838	11.04
TINED	22	2.0909	19000	0.53333	0.5	0.52174	11.04
AMENS	33	2.2121	19000	0.53846	0.57143	0.5625	11.04
MILT	22	3.0455	19000	0.71429	0.875	0.68182	11.04
CARDI	25	3.52	19000	0.71429	1	0.7381	11.04
AUNTS	24	2.7917	19000	0.71429	0.5	0.69091	11.04
GRAIL	22	2.8182	19000	0.73171	1	0.78846	11.04
HITS	67	2.1493	18800	0.6375	0.6	0.66667	10.924
SOWN	20	3	18800	0.39286	0.33333	0.42857	10.924
RIAD	65	2.6462	18800	0.52941	0.4	0.5	10.924
LADS	31	2.3871	18800	0.48649	0.6	0.56818	10.924
LEAL	43	2.5581	18800	0.44	0.375	0.41935	10.924
NUTS	36	2.1944	18800	0.5	0.75	0.60526	10.924
HEAP	36	3.0556	18800	0.66667		0.67273	10.924
FOND	21	3.5714	18800	0.61905		0.59459	10.924
SAUT	46	3.2174	18800	0.78182	0.66667	0.80882	10.924
COSTE	45	2.8222	18600	0.82524	0.89286	0.89474	10.808
DUST	29	3.2759	18600	0.64286	0.625	0.65957	10.808
STRIDE	27	2.4444	18600	0.68182	1	0.68966	10.808
LEAF	25	2.28	18600	0.65517	1	0.68571	10.808
DALI	37	2.3514	18600	0.5	0.75	0.5	10.808
CASH	23	2.5652	18600	0.7037	0.66667	0.67568	10.808
ARETT	38	2.2105	18600	0.78723	1	0.82353	10.808
SHAN	40	2.525	18400	0.66667	1	0.67273	10.691
ARSES	38	2.2105	18400	0.6875	0.81818	0.72727	10.691
MIRS	61	2.4262	18400	0.3913	0.5	0.40909	10.691
RUND	22	2.5	18400	0.6		0.67647	10.691
LAVE	22	4.5909	18400	0.72165	0.83784	0.83505	10.691
STEND	27	2.2593	18400	0.77778	0.875	0.68571	10.691
TAIT	75	2.2533	18400	0.83721	0.9	0.80556	10.691
PODS	21	2.4286	18400	0.43478		0.47222	10.691
FIST	21	2.619	18400	0.66667	0.8	0.66667	10.691
OASTS	31	2.6452	18400	0.68293	1	0.66038	10.691
DONA	61	2.9836	18400	0.5	0.76471	0.71111	10.691
NOUT	34	2.7059	18200	0.59259		0.59574	10.575
TRIER	42	2.5476	18200	0.73333	0.64286	0.74419	10.575
ACRES	23	2.1739	18200	0.44444		0.45	10.575
BETE	35	2.7143	18200	0.54286	0.625	0.625	10.575
NAPE	43	2.3953	18200	0.75	1	0.73684	10.575
CEDE	33	3.2424	18200	0.71429		0.61364	10.575
CITS	28	2.0714	18200	0.5625	0.5	0.53125	10.575
LEME	25	2.72	18200	0.43478	0.66667	0.61364	10.575
SUIT	50	3.34	18200	0.84848	0.9	0.78947	10.575
RAWN	28	2.7143	18200	0.66667	0.5	0.65909	10.575
TRONS	27	2.5926	18200	0.5	0.5	0.5	10.575
STELA	104	2.5096	18200	0.5	0.7	0.58065	10.575
HIND	35	2.6286	18000	0.82353	0.33333	0.84	10.459
TARO	149	2.6107	18000	0.775	0.70833	0.76744	10.459
BARES	23	2.0435	18000	0.625	0.5	0.66667	10.459
SARD	51	2.6275	17800	0.72727		0.6	10.343
ACERS	41	3.0488	17800	0.75676	0.5625	0.81897	10.343
POET	49	2.4898	17800	0.67857	1	0.72973	10.343
SHOP	23	3	17800	0.65116		0.8	10.343
VETS	23	2.913	17800	0.38462	0.25	0.4	10.343
TYRE	42	3.5238	17800	0.58537	1	0.60976	10.343
LAER	151	2.2185	17600	0.77632	0.8	0.76531	10.227
SUED	28	2.6429	17600	0.33333	0.33333	0.35	10.227
PEASE	30	2.3	17600	0.67647	0.7	0.72917	10.227
TOSH	41	2.5854	17600	0.72727	0.83333	0.77586	10.227
TEAMS	25	2.24	17600	0.70968	0.71429	0.71429	10.227
VOLT	22	4.5455	17600	0.43478	0.33333	0.55263	10.227
GORS	45	2.7111	17600	0.63636	0.5	0.58333	10.227
EMOTE	23	3.913	17600		0.86667	0.71111	10.227
HOARS	34	2.7647	17600	0.7619	0.83333	0.75	10.227
DOLS	34	2.2059	17600	0.47619	0.44444	0.46667	10.227
HONS	20	2.45	17600	0.45455	0.5	0.46667	10.227
STIRE	84	2.131	17600	0.87705	0.9375	0.91139	10.227
PLIE	38	3.4474	17400	0.45	0.8	0.62791	10.11
RAISED	20	2.2	17400	0.57895		0.66667	10.11
HUNT	26	3.2308	17400	0.80851	0.8	0.8	10.11
ERASE	74	2.4595	17400	0.83908	1	0.8866	10.11
TILED	26	2.1923	17400	0.53333	0.8	0.69811	10.11
TRUE	70	2.8857	17400	0.44444	0.55556	0.68627	10.11
AMEND	20	3.2	17200	0.71875	0.66667	0.7619	9.9942
TINAS	31	2.1935	17200	0.5	0.5	0.51515	9.9942
SOON	26	2.4231	17200	0.65385		0.74359	9.9942
HEFT	24	3.5833	17200	0.59375		0.61111	9.9942
RENTE	58	2.6897	17200	0.83838	1	0.90598	9.9942
RIOTS	26	2.1923	17200	0.45455	0.5	0.44444	9.9942
BUTE	23	2.7391	17200	0.65789	0.72222	0.70833	9.9942
DAME	32	2.2188	17200	0.83333	0.75	0.8	9.9942
TAGS	38	2.1053	17200	0.61765	0.66667	0.625	9.9942
GEAL	33	2.2727	17200	0.725	0.69231	0.77083	9.9942
NIGH	27	3.5556	17200	0.5	0.625	0.56667	9.9942
OWTS	32	2.7188	17000	0.56522	0.33333	0.56604	9.878
CRIM	21	3.7143	17000	0.52778		0.68293	9.878
ANNA	24	6.2083	17000			0.29412	9.878
URINE	34	2.7941	17000	0.76	0.71429	0.72973	9.878
SOOL	36	3.3889	17000	0.69811	0.4	0.7875	9.878
DONG	28	2.6786	17000	0.69048	0.66667	0.65	9.878
LINTER	25	2.36	17000	0.77778	1	0.83019	9.878
VEAL	27	3	17000	0.63636	0.77778	0.62162	9.878
PITS	22	2.4091	16800	0.5	0.5	0.51613	9.7618
MAID	37	2.8649	16800	0.61905	1	0.69444	9.7618
OATH	51	2.8039	16800	0.66667	1	0.72222	9.7618
OATERS	23	2.1739	16800	0.72414	0.66667	0.70455	9.7618
DEES	50	2.06	16800	0.5	0.625	0.52381	9.7618
AMATE	26	3.3846	16800		0.5	0.59259	9.7618
NILL	30	2.4	16800	0.64	1	0.7381	9.7618
GANE	21	2.4286	16800	0.44444	0.5	0.40909	9.7618
DEAN	84	2.2857	16800	0.85	0.73333	0.88235	9.7618
CANTER	20	2.55	16800	0.78378	0.90909	0.83673	9.7618
COIL	23	2.8696	16800	0.63889	1	0.75	9.7618
RELATE	27	3.037	16800	0.80952	1	0.85455	9.7618
SNEER	35	2.2	16800	0.81818	0.5	0.83051	9.7618
FEER	25	2.68	16800	0.69565	0.81818	0.79661	9.7618
AIRNS	24	2.0833	16600	0.47619	0.5	0.52	9.6456
DRONE	37	2.7838	16600	0.79365	1	0.83562	9.6456
RISEN	66	2.2273	16600	0.73913	0.66667	0.725	9.6456
STOA	132	2.697	16600	0.61538	0.5	0.62963	9.6456
VARE	26	2.6538	16600	0.60714	0.75	0.64706	9.6456
MANO	49	2.7347	16600	0.63158	1	0.62857	9.6456
DELT	83	2.6988	16600	0.90588	0.64286	0.88991	9.6456
GALS	20	2.35	16400	0.46154		0.42857	9.5293
SILL	31	2.4516	16400	0.77358	0.7	0.81818	9.5293
RAHS	53	2.5094	16400	0.4	0.5	0.375	9.5293
MOTS	20	2.2	16400	0.44444	0.375	0.42857	9.5293
SERING	25	2.24	16400	0.67742	0.5	0.74194	9.5293
BOTE	28	2.6071	16400	0.68966	0.625	0.70833	9.5293
ROUL	23	3.8261	16200	0.375	0.5	0.68421	9.4131
TEEM	53	2.8113	16200	0.76768	0.76471	0.79825	9.4131
ARSED	31	2.2581	16200	0.5	0.42857	0.575	9.4131
GULE	22	3.5	16200	0.4	0.41667	0.5625	9.4131
STAIR	35	2.2	16200	0.84444	0.88889	0.86207	9.4131
RETAIN	24	2.25	16200	0.90909	0.7	0.82051	9.4131
ROADS	23	2.4348	16200	0.65		0.62963	9.4131
GOATS	22	2.0455	16200	0.53846	0.5	0.52174	9.4131
PELS	24	2.375	16200	0.41176	0.5	0.42857	9.4131
SHITE	38	2.1842	16200	0.80769	0.8	0.80952	9.4131
HEEL	26	2.8846	16000	0.77778	0.44444	0.8	9.2969
SORI	58	2.3103	16000	0.82927	1	0.8	9.2969
AIMS	39	2.2564	16000	0.64865	1	0.62222	9.2969
BRIS	41	2.9756	16000	0.61905	0.6	0.61765	9.2969
WITE	38	2.6579	16000	0.64815	0.4	0.74667	9.2969
TINTS	22	2.3636	16000	0.72	0.5	0.68571	9.2969
ARMER	22	2.9091	16000	0.66667	0.64286	0.63636	9.2969
FRIS	44	3.4091	16000	0.66667	1	0.66667	9.2969
HEIST	36	2.6111	16000	0.76923	1	0.74359	9.2969
DOPE	26	3.5	16000	0.75342		0.80822	9.2969
HOLO	24	3.4167	16000	0.45		0.48	9.2969
ELDS	35	2.6571	16000	0.42857	0.5	0.46429	9.2969
ANTIS	29	2.2759	15800	0.5	0.5	0.47368	9.1807
RATHE	30	2.2667	15800	0.76923	0.83333	0.76923	9.1807
URDS	29	2.8966	15800	0.34615	0.57143	0.4186	9.1807
RASTER	34	2.0882	15800	0.85106	0.875	0.87931	9.1807
ISLE	143	4.1329	15800		0.55556	0.57143	9.1807
TOAST	22	3.0455	15800	0.8	0.8	0.78049	9.1807
COOT	26	3.6923	15800	0.82022	0.7931	0.85417	9.1807
TACHE	26	2.1538	15800	0.84615	1	0.83333	9.1807
TOAD	34	2.3824	15800	0.68421	1	0.71875	9.1807
TOMS	29	2.1379	15600	0.46154		0.46429	9.0645
PROSE	27	2.963	15600	0.70588	0.4	0.76923	9.0645
RENNE	29	3.5172	15600		1	0.7561	9.0645
PINA	43	4.0233	15600	0.42857		0.38889	9.0645
HEATH	25	3.68	15600	0.6087		0.64286	9.0645
RANA	66	2.9394	15600	0.72727	1	0.69231	9.0645
MOOT	28	3.2857	15600	0.79412	0.9	0.80247	9.0645
ALIST	48	3.2917	15400	0.5	0.66667	0.4	8.9483
HOAS	41	2.561	15400	0.92105	0.6	0.82456	8.9483
PISH	23	3.1304	15400	0.5		0.5	8.9483
STOUR	25	2.72	15400	0.78571	1	0.81481	8.9483
RECIT	34	3.0588	15400	0.66667	0.75	0.71875	8.9483
ANISE	49	2.6122	15400	0.28571	0.5	0.53333	8.9483
PEER	47	2.7447	15400	0.7093	0.82759	0.77477	8.9483
SPED	26	3	15400	0.58824	0.4	0.48485	8.9483
BEAD	28	2.7143	15400	0.65	1	0.675	8.9483
PARD	37	3.4865	15400	0.62069		0.65854	8.9483
HEED	31	2.3871	15400	0.63636	0.8	0.64103	8.9483
TILS	23	2.2174	15200	0.45455	0.5	0.47059	8.8321
OCHER	22	3.0455	15200	0.28571	0.5	0.44444	8.8321
PRESE	29	2.7931	15200	0.54545		0.5	8.8321
SCARE	46	2.587	15200	0.7907	0.90909	0.88	8.8321
TAMER	28	2.2857	15200	0.81818	0.66667	0.83333	8.8321
GIRN	30	2.9	15200	0.375		0.375	8.8321
CERT	74	2.6081	15200	0.57143	0.66667	0.65517	8.8321
COON	20	2.6	15000	0.67742	1	0.7027	8.7159
TULE	44	2.2955	15000	0.85714	0.5	0.68293	8.7159
RASED	33	2.0606	15000	0.58065	0.66667	0.66667	8.7159
URGE	20	3.95	15000	0.47059	0.71429	0.57143	8.7159
WORE	30	2.1667	15000	0.55556	0.7	0.60465	8.7159
ARTIES	28	2.1071	15000	0.52941	0.42857	0.56	8.7159
LORD	40	2.4	15000	0.8125	0.5	0.72222	8.7159
SHARE	50	2.44	15000	0.79268	0.92308	0.8866	8.7159
TOLU	26	2.8846	14800	0.5	0.5	0.44444	8.5997
PENI	47	2.6596	14800	0.61111	0.83333	0.64706	8.5997
GRIT	45	2.7333	14800	0.66667	0.66667	0.70909	8.5997
HOARSE	20	2.3	14800	0.44444	1	0.52941	8.5997
TACE	71	2.3099	14800	0.73469	0.66667	0.73239	8.5997
TRIAL	46	2.3261	14800	0.8871	0.875	0.87671	8.5997
DOOS	21	2.1429	14800	0.5	0.5	0.5	8.5997
SNORE	70	2.5286	14800	0.85526	1	0.8932	8.5997
LOPS	25	3.64	14800	0.42105	0.33333	0.40741	8.5997
MONER	20	2.15	14600	0.5	0.75	0.5	8.4834
EATHE	26	3.9615	14600	0.46667	0.66667	0.58621	8.4834
SANTO	42	2.6667	14600	0.5		0.47059	8.4834
MEARE	24	2.5	14600	0.78947	1	0.83333	8.4834
AUNTER	20	3.7	14600	0.74359	0.6	0.7619	8.4834
NACH	32	3.3125	14600	0.31579	0.75	0.53125	8.4834
SPAE	63	2.7937	14600	0.67347	0.77778	0.74359	8.4834
MENTO	23	2.6957	14600	0.85714	0.73913	0.82222	8.4834
FLAN	21	3.7143	14400	0.57895	0.58333	0.57692	8.3672
DELL	28	2.2857	14400	0.76923	0.5	0.7561	8.3672
IRONE	60	2.8167	14400	0.89189	1	0.91736	8.3672
BRED	45	3.1333	14400	0.4375	1	0.47619	8.3672
ARRET	55	2.5273	14400	0.85714	0.71429	0.78333	8.3672
TRAPE	33	2.4242	14200	0.80392	0.76923	0.88525	8.251
AMUS	31	3.3871	14200	0.6	0.6	0.63415	8.251
SOARE	64	2.5625	14200	0.91176	0.88462	0.89423	8.251
DELS	42	2.2857	14200	0.375	0.7	0.59091	8.251
LAMS	40	2.625	14200	0.64286	0.5	0.62222	8.251
COATE	33	3.2727	14200	0.79688	1	0.84286	8.251
FART	44	2.4545	14200	0.81159	0.9	0.85556	8.251
LOID	53	3.0377	14200	0.4	0.42857	0.41176	8.251
FORA	26	3.0385	14200	0.5	0.5	0.45	8.251
PAIL	20	2.55	14200	0.52	0.57143	0.66667	8.251
CHEAT	27	2.9259	14200	0.68966	1	0.78788	8.251
MARC	32	2.9375	14200	0.77778	0.42857	0.80488	8.251
GUST	22	2.9545	14200	0.7	1	0.70968	8.251
GAPE	21	3.381	14200	0.72581	0.6875	0.84507	8.251
BRAD	20	2.2	14000	0.77273	0.6	0.71875	8.1348
LIPS	21	2.381	14000	0.68182	0.5	0.66667	8.1348
HOPE	34	3.2647	14000	0.82418	0.875	0.82692	8.1348
AALS	36	2.9444	14000	0.28571		0.30769	8.1348
TAILER	21	2.5714	14000	0.83871	0.89474	0.86538	8.1348
TRICE	24	2.5833	14000	0.625	0.5	0.75	8.1348
LEYS	24	3.125	14000	0.4		0.4	8.1348
CHAD	23	3.087	14000	0.69231	1	0.56	8.1348
SCUT	28	3.1071	13800	0.625	0.69231	0.7	8.0186
RASP	37	3.0541	13800	0.71795	0.5	0.74	8.0186
SNIPE	28	2.6786	13800	0.7619	0.81818	0.86	8.0186
DOSH	29	2.2759	13800	0.56	0.5	0.55882	8.0186
SARIN	45	2.3333	13800	0.77273	0.76923	0.78723	8.0186
CHOSE	24	2.5	13800	0.69231	0.5	0.65385	8.0186
EARTH	63	2.9206	13800	0.7037	1	0.825	8.0186
TERSE	47	2.0213	13800	0.5		0.5	8.0186
LEEP	28	2.9643	13800	0.70213	0.6	0.69231	8.0186
SADES	25	2.04	13600	0.5	0.5	0.5	7.9024
WEIR	41	3.6829	13600	0.5	0.75	0.53846	7.9024
WHAT	21	3.1429	13600	0.5	0.75	0.56522	7.9024
EGAL	41	3.7317	13600	0.52	0.6	0.59459	7.9024
BASTE	41	2.9024	13600	0.81053	0.875	0.90476	7.9024
DEAD	33	2.7576	13600	0.66667	0.83333	0.7907	7.9024
ESTATE	26	2.9231	13600	0.5625	0.66667	0.57895	7.9024
LODS	34	2.2353	13600	0.52381	0.5	0.48485	7.9024
CARER	29	2.4138	13600	0.91176	1	0.83333	7.9024
HIRES	21	2.0952	13600	0.6129	0.5	0.7027	7.9024
NARD	55	2.2909	13600	0.71429	1	0.74194	7.9024
LOSH	20	2.8	13600	0.3		0.33333	7.9024
NEAP	52	2.5	13600	0.58824	0.5	0.58824	7.9024
SOLAN	29	2.5862	13400	0.33333		0.46154	7.7862
NAILER	26	2.3077	13400	0.82353	0.8	0.84444	7.7862
LEFT	20	3.3	13400	0.54545	0.66667	0.59259	7.7862
TASER	66	2	13400	0.9	0.95	0.91667	7.7862
ESTRO	63	2.5556	13400	0.55556	1	0.63158	7.7862
DINT	55	2.2	13400	0.875	0.86667	0.82353	7.7862
SLOT	65	2.4769	13400	0.71053	0.8	0.75758	7.7862
BILE	30	2.7333	13400	0.63333	0.77778	0.8	7.7862
HASH	26	2.6154	13400	0.54167	0.71429	0.625	7.7862
HERSE	31	2.0645	13400	0.73529		0.76316	7.7862
EARDS	22	2.1818	13200	0.62069	0.33333	0.64706	7.67
IRATE	73	2.7808	13200	0.5	0.5	0.6	7.67
TAPS	21	2.2381	13200	0.4375	0.66667	0.5	7.67
ITAS	137	2.7372	13200	0.31579		0.4	7.67
DEARE	58	2.5345	13200	0.86667	1	0.90323	7.67
STRAD	32	2.5312	13200	1	0.375	0.46154	7.67
IDOL	52	3.1538	13200	0.25	0.5	0.3	7.67
HELO	47	2.7447	13200	0.52632	1	0.54167	7.67
LAGS	25	2.44	13200	0.82353	0.52941	0.75	7.67
PLAST	24	3.125	13200	0.84615		0.86	7.67
YARD	21	3.0952	13200	0.46154	1	0.53333	7.67
OLLA	41	4.0488	13200	0.36364	0.66667	0.33333	7.67
NOIL	37	2.1351	13200	0.78571	0.64706	0.76087	7.67
GLAD	28	3.3214	13200	0.81818	0.57143	0.80851	7.67
SENOR	71	2.5915	13000		0.4	0.53333	7.5537
DEER	53	2.0943	13000	0.95385	0.95455	0.92473	7.5537
LOAM	26	2.8077	13000	0.6	0.57143	0.56522	7.5537
SENSE	36	2.1111	13000	0.5	0.75	0.625	7.5537
STUD	33	2.7879	13000	0.33333	1	0.42857	7.5537
TERM	72	2.5833	13000	0.9		0.80556	7.5537
HALSE	35	2.4571	13000	0.8	0.5	0.79545	7.5537
ERSES	33	2.4242	13000	0.47826		0.52	7.5537
TAIS	59	2.1695	13000	0.5625	0.5	0.53125	7.5537
STRIP	24	3.1667	12800	0.76	1	0.79487	7.4375
WANE	40	2.4	12800	0.83721	0.78571	0.80247	7.4375
ARID	68	2.5147	12800	0.5		0.42857	7.4375
OPINE	20	2.85	12800	1	0.25	0.4	7.4375
OWRE	36	2.7778	12800	0.63636	1	0.66667	7.4375
TREW	55	2.8545	12800	0.71429	0.94118	0.75	7.4375
AMENT	30	3.3	12800	0.6875	0.5	0.64	7.4375
MONIE	25	2.44	12800	0.71429	0.75	0.75862	7.4375
STEAM	34	2.5294	12800	0.82143	1	0.875	7.4375
OULD	20	4.55	12800	0.38462		0.38462	7.4375
STEW	40	2.2	12800	0.77778	1	0.8	7.4375
RAUN	40	2.275	12800	0.625	0.33333	0.70833	7.4375
DRAT	66	2.4697	12600	0.72727	0.5	0.76316	7.3213
ELATES	25	2.52	12600	0.84615	0.78261	0.85106	7.3213
HOLS	25	2.2	12600	0.5	0.5	0.5	7.3213
GADE	21	2.2381	12600	0.84211	0.85714	0.77419	7.3213
OYER	32	3.125	12600	0.46667	0.65	0.57692	7.3213
PIAN	29	3.3103	12600	0.4		0.33333	7.3213
ACTOR	30	2.5	12600	0.47368	0.45455	0.56522	7.3213
LENG	31	2.4839	12600	0.8	1	0.65385	7.3213
WEET	24	2.8333	12400	0.54286	0.42857	0.73469	7.2051
DEMO	46	3.1304	12400	0.59091	1	0.70455	7.2051
ARCS	46	2.3478	12400	0.56522	0.5	0.61538	7.2051
CREST	47	2.3617	12400	0.58824	0.66667	0.65385	7.2051
HELE	27	2.5185	12400	0.76471	1	0.68966	7.2051
ETAT	85	2.3176	12400	0.85417	1	0.875	7.2051
GATH	22	3.1818	12400	0.875	0.7	0.84375	7.2051
GARI	51	2.4902	12400	0.5	0.75	0.52941	7.2051
MOLA	42	2.7619	12400	0.82143	0.8	0.79245	7.2051
DRAIN	23	2.6087	12400	0.64706	0.5	0.7931	7.2051
TOUN	25	2.68	12200	0.72222	0.5	0.64103	7.0889
MALA	24	3.4167	12200	0.55556	0.5	0.6	7.0889
NURS	38	3.1579	12200	0.36364	0.625	0.65517	7.0889
TOLT	46	2.4783	12200	0.83051	1	0.87143	7.0889
LEARS	23	2	12200	0.7	0.66667	0.72727	7.0889
SEEL	51	2.2353	12200	0.76271	0.8	0.81159	7.0889
OVEN	23	3.6522	12200	0.83333		0.56667	7.0889
LADER	35	2.2286	12200	0.60714	0.9	0.8	7.0889
HARL	35	2.4571	12200	0.57143	0.75	0.67742	7.0889
HEME	25	3.12	12000	0.63636	0.4	0.61905	6.9727
NARK	20	2.6	12000	0.54167	0.5	0.58621	6.9727
TRASH	31	2.4516	12000	0.78723	1	0.89286	6.9727
ROAM	30	2.6333	12000	0.85714	1	0.76923	6.9727
TEINS	48	2.1042	12000	0.73333	0.75	0.78431	6.9727
TAKI	20	3.15	12000	0.4		0.52381	6.9727
REAP	64	2.3125	12000	0.89706	1	0.90476	6.9727
OINTS	36	2.4444	12000	0.38462	0.5	0.41176	6.9727
TREND	33	2.1818	12000	0.86486	1	0.85714	6.9727
TIAN	92	2.337	12000	0.41667	0.83333	0.65385	6.9727
FOREST	20	2.75	11800	0.71429		0.61538	6.8565
CLIT	26	2.3077	11800	0.71429	0.71429	0.77419	6.8565
DANCE	24	3	11800	0.81818	1	0.84444	6.8565
NANE	45	3.5556	11800	0.33333	0.45455	0.6	6.8565
TEILS	31	2	11800	0.72222	1	0.7381	6.8565
SLID	41	3.2683	11800	0.90909	0.77778	0.89189	6.8565
LITRE	50	2.12	11800	0.96078	1	0.92857	6.8565
POIS	32	3.375	11800	0.71429		0.76923	6.8565
ARTY	30	2.9	11800		0.28571	0.35	6.8565
PARTI	24	3.5	11800	0.9375	0.875	0.83721	6.8565
GLARE	36	2.4722	11800	0.72222	0.75	0.79412	6.8565
DOER	75	2.0533	11800	0.90244	1	0.92453	6.8565
WARN	31	2.5161	11800	0.89286	0.8	0.82143	6.8565
WALI	26	3.7308	11800	0.61538	0.66667	0.65217	6.8565
MEES	29	2.2069	11600	0.6	0.5	0.55172	6.7403
ASHET	26	2.2308	11600	0.85714	0.5	0.70833	6.7403
GAIT	61	3.0984	11600	0.72093	0.77778	0.85075	6.7403
HOPS	21	2.2381	11600	0.59259	0.75	0.65625	6.7403
METAL	26	2.5	11600	0.83333	1	0.64706	6.7403
MARA	44	3.0682	11600	0.7	0.2	0.52	6.7403
CLAD	27	3.3333	11600	0.5	1	0.72	6.7403
WORT	28	2.6429	11400	0.78125	1	0.81579	6.6241
SLOP	23	3.5652	11400	0.73913	0.8	0.74286	6.6241
HOOR	38	3.3684	11400	0.375	0.5	0.46667	6.6241
ASIDE	29	2.1034	11400	0.69565		0.69565	6.6241
DRAG	34	2.6176	11400	0.92308		0.76	6.6241
DORM	22	3.0455	11400	0.41667		0.58824	6.6241
SIRI	25	2.6	11400	0.86667	0.83333	0.8	6.6241
SHEET	25	2.16	11400	0.87097	1	0.87805	6.6241
BETS	41	2.0732	11400	0.5		0.53333	6.6241
BROS	31	2.9677	11400	0.92857	0.625	0.8	6.6241
DRIES	44	2.2045	11200	0.5	1	0.73913	6.5078
HAET	88	2.1932	11200	0.88095	0.8	0.86275	6.5078
CARTS	21	2	11200	0.83333		0.8	6.5078
SABE	43	2.9302	11200	0.64516	0.85714	0.8	6.5078
TRANT	39	2.5641	11200	0.89474	0.6	0.83784	6.5078
EATEN	28	2.6429	11200		0.66667	0.55556	6.5078
NITRE	84	2.0357	11200	0.92208	1	0.94286	6.5078
PELL	22	3.0909	11000	0.64865	1	0.84444	6.3916
RENDS	23	2.0435	11000	0.82051	0.75	0.83721	6.3916
TEDS	68	2.0588	11000	0.5	0.66667	0.58824	6.3916
AIMER	25	2.48	11000	0.88462	0.5	0.82353	6.3916
SEMI	81	3.3333	11000		0.5	0.41176	6.3916
THANE	34	2.7353	11000	0.88889	0.57143	0.70833	6.3916
GRISE	30	2.8	11000	0.5	1	0.5625	6.3916
GARRE	21	3.2381	11000	0.89474	0.55556	0.78049	6.3916
HARO	48	2.6042	11000	0.6	0.71429	0.59091	6.3916
COPS	22	2.5455	11000	0.73077	0.5	0.62857	6.3916
TUBE	23	3.6087	11000	0.80952	0.66667	0.85106	6.3916
HEIRS	27	2.0741	11000	0.5		0.5625	6.3916
MONTE	21	2.5238	10800	1	0.4	0.78571	6.2754
ARTEL	49	2.7143	10800	0.73077	0.8125	0.82609	6.2754
GULA	25	4.24	10800	0.22222		0.22222	6.2754
YENS	32	2.3125	10800	0.4375	0.5	0.45455	6.2754
SHADE	29	2.6207	10800	0.84091	1	0.86667	6.2754
TONIES	31	2.9355	10800		0.85714	0.76	6.2754
ETIC	100	3.56	10800	0.4		0.5	6.2754
NOUS	26	2.5	10800	0.5		0.6	6.2754
ORLE	86	2.0814	10800	0.86	0.875	0.83929	6.2754
ETAPE	26	2.8846	10600	0.375		0.4375	6.1592
SENTI	20	2.55	10600	0.6	0.33333	0.53846	6.1592
STEP	52	2.4615	10600	0.66667	0.6	0.66667	6.1592
DREAR	28	2.6786	10600	0.70588	0.57143	0.74074	6.1592
TOWSE	23	2.6957	10600	0.67857	0.85714	0.8	6.1592
RANGI	20	2.7	10600	0.5	1	0.58333	6.1592
AGON	53	4.1132	10600		0.66667	0.53846	6.1592
HADS	29	2.2759	10600	0.64286	0.5	0.59459	6.1592
GORA	55	2.8909	10400	0.5	0.6	0.625	6.043
TARP	34	2.2941	10400	0.66667	0.5	0.63636	6.043
WIDE	28	3.75	10400	0.63265	0.875	0.85294	6.043
PEIN	48	2.2292	10400	0.83333	0.6	0.74194	6.043
BEARE	28	2.6786	10400	0.78947	1	0.90141	6.043
TEALS	39	2	10400	0.77941	0.85714	0.84286	6.043
SHIRT	23	2.1739	10400	0.8125	0.75	0.80645	6.043
GILT	23	2.5652	10400	0.375	0.4	0.4375	6.043
ALME	39	2.6923	10400	0.52632	0.66667	0.58333	6.043
GERM	31	3.5484	10400	0.5625	1	0.5625	6.043
LIAS	64	2.625	10400	0.33333	0.5	0.4	6.043
FETE	24	2.3333	10200	0.84615	0.33333	0.70833	5.9268
SADI	52	2.9423	10200	0.625	0.66667	0.625	5.9268
ARBS	25	2.64	10200	0.5		0.51613	5.9268
SEAME	26	2.8462	10200	0.8		0.83333	5.9268
MATH	26	2.0769	10200	0.72727	1	0.80952	5.9268
EDITS	21	2.4286	10200	0.33333		0.45455	5.9268
SHALE	22	2.2727	10200	0.76316	0.875	0.84783	5.9268
EONS	110	2.5727	10200	0.57692	0.4	0.57576	5.9268
DERATE	27	2.3333	10200	0.8	1	0.82143	5.9268
TOTS	24	2	10200	0.5	0.625	0.60714	5.9268
RESID	40	2.8	10200	0.78261	1	0.85714	5.9268
TRITE	55	2.3636	10200	0.78125	1	0.87037	5.9268
PELE	25	2.44	10000	0.46154		0.63158	5.8106
ANTAR	28	2.6071	10000	1	0.5	0.65	5.8106
NIDS	21	2.0952	10000	0.46154	0.5	0.53333	5.8106
LOCH	26	2.8077	10000	0.72414	0.25	0.75862	5.8106
PILA	38	3.4474	10000	0.5		0.4375	5.8106
PALI	38	2.7895	10000	0.5	0.625	0.63158	5.8106
BRIT	31	2.7742	10000	0.80556	1	0.84783	5.8106
CANTO	24	2.625	10000	0.75	0.42857	0.68421	5.8106
MELL	22	2.8636	10000	0.78125	1	0.81081	5.8106
PEEL	24	2.4583	10000	0.68571	0.625	0.73333	5.8106
FATE	57	2.2982	9800	0.82258	0.84615	0.86916	5.6944
DEMAN	23	2.4783	9800	0.66667	1	0.73684	5.6944
PORIN	22	2.8636	9800	0.69231	0.70588	0.69565	5.6944
TROT	77	2.2727	9800	0.55556	0.5	0.65217	5.6944
PERM	33	3.6061	9800	0.35294	1	0.71429	5.6944
TITLE	30	3.3667	9800	1	0.81818	0.85714	5.6944
LOOSE	25	3.04	9800	0.60465		0.88333	5.6944
AGENT	20	2.75	9800	0.78947		0.7619	5.6944
URDE	28	2.3929	9800		0.66667	0.41667	5.6944
MARLE	27	2.3333	9800	0.81633	0.9	0.85455	5.6944
REMEN	23	2.8261	9600	0.85714		0.76471	5.5782
BIAS	30	3.1333	9600			0.3	5.5782
TALON	39	2.9231	9600	0.45455		0.68421	5.5782
GORI	36	2.8889	9600	0.5	0.75	0.61111	5.5782
ARLED	26	2.2692	9600	0.625	0.375	0.5	5.5782
BEAL	25	2.2	9600	0.87879	0.66667	0.86364	5.5782
AUTO	33	3.0909	9600		0.33333	0.33333	5.5782
ALMS	30	2.4	9600	0.58333		0.47619	5.5782
LENTO	34	2.8529	9600	0.5	0.83333	0.7	5.5782
LOSER	36	2.1944	9600	0.89583	0.92308	0.86957	5.5782
DECO	32	2.8125	9600	0.64286		0.6875	5.5782
ROINS	24	2.1667	9600	0.76923		0.66667	5.5782
TITHE	21	2.8571	9400	0.80952	0.88889	0.84615	5.4619
SAUTE	29	2.2069	9400	0.83333	0.75	0.83333	5.4619
DOGE	25	2.24	9400	0.88889	0.7	0.82353	5.4619
BISE	22	2.2727	9400	0.53333	1	0.61905	5.4619
GRADE	23	2.6957	9400	0.96429	0.75	0.86842	5.4619
PANEL	21	2.7619	9400		0.66667	0.64286	5.4619
SAIS	50	2.04	9400	0.5	0.5	0.57692	5.4619
STARN	34	2.2353	9400	0.82143	0.9	0.89583	5.4619
TRINS	23	2.2174	9400	0.5		0.5	5.4619
PRENT	32	2.3125	9200	0.70588	0.8	0.72727	5.3457
SMEE	27	2.4815	9200	0.55556	0.5	0.58824	5.3457
SAINE	38	2	9200	0.84091	1	0.87931	5.3457
PROLE	25	2.84	9200	0.71429	0.6	0.76923	5.3457
THIR	55	3	9200		0.5	0.42857	5.3457
INGEST	20	2.4	9200	0.57143	0.75	0.69231	5.3457
NUDE	42	2.7381	9200	0.83721	0.33333	0.85106	5.3457
REDOS	22	2.5	9200	0.44444	0.5	0.45455	5.3457
FREET	23	2.8261	9200	0.76471		0.71429	5.3457
SILEN	44	3.0909	9000	0.6	0.57143	0.76923	5.2295
FIRS	28	2.1786	9000	0.68421	0.5	0.65385	5.2295
TUND	26	2.8462	9000	0.57143	0.6	0.66667	5.2295
MARG	29	3.2759	9000	0.75	0.8125	0.80851	5.2295
RAMEN	28	2.25	9000	0.69231	1	0.73684	5.2295
OUTERS	23	2.7826	9000	0.77966	0.93333	0.86441	5.2295
ELATER	24	2.6667	9000	0.69231	0.83333	0.85714	5.2295
SIEN	150	2.6267	9000	0.5	0.66667	0.56522	5.2295
MAILE	22	3.5455	9000	0.75758	1	0.89394	5.2295
MOPE	27	3.037	9000	0.73529	0.66667	0.84615	5.2295
TOLD	25	2.24	8800	0.5		0.45455	5.1133
HOIST	29	2.931	8800	0.92105	0.75	0.89796	5.1133
LAIC	33	2.5152	8800	0.16667	1	0.5	5.1133
SMITE	26	2.3846	8800	0.875	0.7	0.86957	5.1133
SMIR	32	2.5312	8800		0.16667	0.64286	5.1133
TORC	36	2.5556	8800	0.42857	0.5	0.55	5.1133
LANA	50	2.52	8800	0.73333	0.5	0.68421	5.1133
TAES	21	2	8800	0.5	0.5	0.5	5.1133
NODS	23	2.0435	8800	0.5625	0.5	0.55	5.1133
EFTS	25	2.6	8800	0.5	0.4	0.5	5.1133
URITE	36	2.4167	8800	0.66667	1	0.6875	5.1133
RETAIL	20	2.2	8800	0.93333	0.81818	0.89744	5.1133
STARR	34	2.3235	8800	0.85	1	0.92857	5.1133
NATTER	23	2.3043	8800	0.87097	0.83333	0.9	5.1133
TOTAL	22	2.5909	8800	0.75	0.33333	0.6	5.1133
STOT	30	2.4	8800	0.5	0.5	0.63158	5.1133
SNIT	80	2.2	8600	0.80952	0.66667	0.83333	4.9971
FRET	60	2.1667	8600	0.79167	0.71429	0.81395	4.9971
ORALS	28	2.3214	8600	0.64286	0.75	0.66667	4.9971
WADE	34	3.0294	8600	0.63462	0.875	0.84848	4.9971
GRID	23	3.0435	8600	0.82143	0.75	0.775	4.9971
STINT	31	2.4839	8600	0.88571		0.8913	4.9971
DAINT	28	2.2857	8600	1	0.33333	0.8	4.9971
AWES	21	2.381	8600	0.4	0.5	0.57143	4.9971
HURT	27	2.5556	8400	1	0.375	0.75	4.8809
RUDI	24	3.7917	8400	1	0.6	0.625	4.8809
WATS	24	2.0417	8400	0.7037	0.71429	0.69231	4.8809
GEAT	49	2.2449	8400	0.85294	0.7	0.84783	4.8809
RATINE	43	2.2791	8400	0.84615	0.66667	0.88235	4.8809
LOOR	24	2.5833	8400	0.5	0.5	0.59091	4.8809
METRE	37	2.2973	8400	0.66667	0.85714	0.8	4.8809
CARSE	22	2.1364	8400	0.8	0.75	0.82857	4.8809
RORT	42	2.381	8400	0.66667	0.8	0.69231	4.8809
NERTS	73	2	8400	0.5	0.7	0.59091	4.8809
CEAS	35	2.6286	8400	0.96429	1	0.88889	4.8809
RESES	27	2.3333	8400	0.5		0.45455	4.8809
SNAIL	29	2.3103	8400	0.86364	1	0.82759	4.8809
HARP	26	3.1154	8400	0.75862	1	0.80645	4.8809
HOUR	26	2.5	8200	0.68	0.75	0.75676	4.7647
BLAE	42	2.7381	8200	0.77778	0.5	0.72727	4.7647
LIENS	22	2	8200	0.5	0.75	0.6	4.7647
RAPT	28	2.3929	8200	0.45455	0.66667	0.57895	4.7647
ROIST	36	2.5833	8200	0.90323	1	0.875	4.7647
DELIS	33	2.303	8200	0.77778	1	0.66667	4.7647
TECH	29	2.5517	8200	0.375		0.5	4.7647
SNOOT	20	2.4	8200	0.8125	1	0.80769	4.7647
PHASE	24	3.25	8200	0.82609		0.83333	4.7647
GLEE	22	3.5455	8200	0.46667	0.75	0.55556	4.7647
REGAL	23	3.1304	8200	0.69231	0.75	0.7619	4.7647
SOUS	28	2.5357	8200	0.86364	0.63636	0.86957	4.7647
SIPE	35	2.2571	8200	0.66667	0.875	0.76923	4.7647
SOOTE	28	2.3214	8200	0.86667	1	0.875	4.7647
CORER	21	2.4762	8000	0.6	0.33333	0.75676	4.6485
AGAS	29	2.931	8000	0.5	0.33333	0.45455	4.6485
TESTA	33	2.1212	8000		0.625	0.66667	4.6485
SWAN	20	2.45	8000	0.81818	1	0.80952	4.6485
TATH	29	2.1724	8000	0.66667		0.73077	4.6485
RUED	48	2.2292	8000	0.5	0.66667	0.5	4.6485
NITRO	46	2.3913	8000	0.6	0.8	0.73684	4.6485
UNCE	30	4.6333	8000	0.33333	0.28571	0.36364	4.6485
DINO	47	2.5532	8000	0.44444		0.45455	4.6485
COIT	47	2.3617	7800	0.72222	0.66667	0.8125	4.5322
RILED	26	2.0385	7800	0.5	0.5	0.5	4.5322
TOOM	21	2.3333	7800	0.75	0.5	0.83871	4.5322
NIPS	22	2.1364	7800	0.54545	0.5	0.60714	4.5322
CREAM	21	2.619	7800	0.73684	1	0.7619	4.5322
REMIT	25	2.4	7800	0.75	1	0.80769	4.5322
TREEN	31	2.0645	7600	0.82353	1	0.88095	4.416
TEERS	39	2	7600	0.62963	0.72727	0.82857	4.416
RATOO	29	3.1379	7600	0.625	1	0.82609	4.416
OUTA	41	2.8537	7600		0.5	0.5	4.416
LEIR	77	2.1169	7600	0.90625	0.85714	0.88462	4.416
DERO	100	2.15	7600	0.5	0.75	0.63158	4.416
MERL	45	3.0444	7600	0.69231	0.5	0.64706	4.416
ARPEN	26	2.6538	7600	0.5		0.5	4.416
COLA	27	2.1852	7400	0.77778	0.9	0.83333	4.2998
MAIST	29	2.5517	7400	0.8		0.84848	4.2998
CAIN	50	2.24	7400	0.86111	0.66667	0.88462	4.2998
ROSIT	33	2.303	7400	0.86207	0.5	0.84848	4.2998
TREM	96	2.7917	7400	0.71429		0.70833	4.2998
DRAC	31	2.3548	7400	0.57143		0.64286	4.2998
NOES	39	2.1795	7400	0.5	0.5	0.5	4.2998
DITA	86	2.5349	7400	0.75		0.73077	4.2998
SOMA	42	2.5	7400	0.625		0.5625	4.2998
OMIT	47	3.2128	7400		1	0.7619	4.2998
CLAN	26	2.4231	7400	0.82759	1	0.88571	4.2998
HORDE	24	2.25	7200	0.89474	0.8	0.875	4.1836
SIREN	38	2.1579	7200	0.77778	0.875	0.84848	4.1836
CAUL	20	2.65	7200	0.81818	0.6	0.73684	4.1836
PEEN	30	2.1	7200	0.87805	1	0.88889	4.1836
DEARN	31	2.0645	7200	0.88889	1	0.9	4.1836
TEAK	27	2.5185	7200	0.75	1	0.75926	4.1836
OLDIE	21	2.6667	7200	0.76923		0.75	4.1836
SONNE	20	2.5	7200	0.7	1	0.85185	4.1836
NEDS	47	2.0213	7200	0.64706	0.5	0.7	4.1836
RETIE	70	2.3286	7200	0.71429	0.9	0.90196	4.1836
MOAT	39	2.2564	7200	0.89744	0.85714	0.90164	4.1836
TOROS	22	2	7000	0.5	0.5	0.5	4.0674
SUET	39	2.641	7000		0.375	0.375	4.0674
TEELS	22	2	7000	0.73529	0.5	0.825	4.0674
TEARED	20	2	7000	0.65385	0.5	0.8	4.0674
NAMER	26	2.0385	7000	0.84211	1	0.87097	4.0674
LOTA	77	2.4805	7000	0.83333	0.5	0.74074	4.0674
BEDE	23	2.9565	7000	0.75	1	0.71429	4.0674
ASHY	26	2.8077	7000	0.66667	0.3	0.44444	4.0674
NORM	47	3.4255	7000		1	0.8	4.0674
HIED	37	2.1622	7000	0.54545	0.5	0.55556	4.0674
REPOT	21	2.1429	7000	0.7	1	0.8	4.0674
MAUL	20	2.65	7000	1	1	0.55556	4.0674
CALO	27	2.5556	7000	0.25	0.5	0.5	4.0674
NIMS	24	2.125	7000	0.42857	0.5	0.54545	4.0674
HARTS	20	2.15	6800	0.74074	0.69231	0.79412	3.9512
TASK	20	2.5	6800	0.84		0.84	3.9512
ECHO	32	3.375	6800	0.25	0.8	0.54545	3.9512
MESH	31	2.5484	6800	0.58824	1	0.7619	3.9512
NILS	55	2	6800	0.5	0.5	0.5	3.9512
TETE	56	2.0179	6800	0.825	0.83333	0.82692	3.9512
FONT	23	2.3478	6800	0.66667	0.81818	0.82143	3.9512
DALT	37	2.1892	6800	0.8125	0.5	0.80556	3.9512
HILT	39	2.6154	6800	0.5	0.75	0.73077	3.9512
EASEL	27	2.4444	6800	0.80769	0.66667	0.84375	3.9512
ETEN	85	2.2353	6600	0.83333		0.5625	3.835
ONST	41	2.4634	6600	0.5	0.5	0.42857	3.835
SIAL	62	2.3065	6600	0.61538		0.68421	3.835
SUBA	22	3	6600		0.33333	0.33333	3.835
PUER	23	2.8696	6600	0.38462		0.38462	3.835
YALE	26	2.2308	6600	0.72727	0.66667	0.71429	3.835
TAPER	24	2.0833	6600	0.90909	1	0.93478	3.835
SEPT	55	2.8909	6600	0.7	0.5	0.6875	3.835
RUTH	21	2.619	6600	0.72727		0.64706	3.835
WEES	22	2.5455	6600	0.42857	0.5	0.46667	3.835
ACTIN	27	2.5926	6600	0.7	0.5	0.82353	3.835
TRIOS	36	2.3333	6400	0.5	0.83333	0.63636	3.7188
DENSE	23	2.087	6400	0.77273	0.83333	0.85185	3.7188
NOON	20	2.85	6400	0.82609	0.85714	0.81579	3.7188
ACNE	66	2.2879	6400	0.75758	0.85714	0.78378	3.7188
RELIE	31	2.5161	6400	0.66667	0.75	0.84	3.7188
DEEM	20	2.6	6400	0.83333		0.77778	3.7188
BOTA	22	2.1818	6400	0.66667	0.66667	0.71429	3.7188
SELLA	32	2.4688	6400	0.5		0.55556	3.7188
CREES	20	2.35	6400	0.75	0.75	0.70588	3.7188
FEAL	21	2.1429	6400	0.83333	1	0.85714	3.7188
WEAN	26	2.3462	6400	0.95652	0.6	0.875	3.7188
FETA	41	2.2439	6400	0.82609	0.75	0.84	3.7188
SUER	28	2.1429	6400	0.8	0.5	0.77273	3.7188
SONDE	36	2.3056	6400	0.92308	1	0.89744	3.7188
PION	26	3.2308	6200	0.71429		0.54545	3.6026
GATER	40	2.1	6200	0.90625	0.92857	0.94872	3.6026
THAR	55	2.2364	6200	0.33333	0.75	0.76	3.6026
CLON	21	4	6200	0.88	1	0.92537	3.6026
HISS	21	2.6667	6200	1	0.5	0.64286	3.6026
CHIA	36	2.6944	6200	0.75	0.5	0.66667	3.6026
ROAN	60	2.2667	6200	0.81081	0.83333	0.86441	3.6026
ARETE	63	2.0476	6200	0.93478	1	0.94444	3.6026
CAROL	26	3.0385	6200			0.66667	3.6026
SEEM	27	2.3333	6200	0.875	1	0.82143	3.6026
NERD	67	2.2388	6200	0.89286	0.83333	0.86486	3.6026
ANIL	108	2.5648	6000	0.5	0.88889	0.72727	3.4863
EAGER	22	2	6000	0.83333	0.66667	0.81818	3.4863
GIRD	25	3.72	6000	0.5	0.4	0.42857	3.4863
GIRT	47	3	6000	0.63636		0.70588	3.4863
IDEA	108	3.0926	6000	0.25	0.83333	0.77273	3.4863
MEANE	21	2.7619	6000	0.77778	1	0.92	3.4863
HAUN	22	3.1364	6000	0.75	0.85714	0.83871	3.4863
SLANT	36	2.8333	6000	0.86842	0.8	0.90385	3.4863
STEEN	21	2.0476	5800	0.94444	0.875	0.88462	3.3701
DOLT	29	2.0345	5800	0.83333	0.75	0.80645	3.3701
MINAR	32	3.0625	5800		0.5	0.66667	3.3701
LOTO	27	2.1111	5800	0.88889	0.5	0.77778	3.3701
PEARE	33	2.1212	5800	0.88889	0.94444	0.93548	3.3701
TRESS	30	2.5667	5800			0.5	3.3701
PAROL	24	3.25	5800	0.76923	0.8	0.8	3.3701
FRAP	21	3.4286	5800	0.68182	1	0.8125	3.3701
INERT	90	2.4778	5800	0.81818	0.91667	0.86957	3.3701
TONY	31	2.8065	5600	1	0.63636	0.66667	3.2539
PRAD	26	2.4231	5600	0.6	1	0.63158	3.2539
SUPE	20	3.8	5600	0.84211		0.85185	3.2539
SILER	27	2	5600	0.89286	1	0.90476	3.2539
ORBS	22	2.8182	5600	0.6	0.5	0.64286	3.2539
SLIDE	32	2.5	5600	0.85714	0.92308	0.91489	3.2539
PORN	21	2.4762	5600	0.33333	0.4	0.63636	3.2539
GETA	45	2.1556	5600	0.5		0.6	3.2539
STREW	21	2.2857	5600	0.75	0.75	0.75	3.2539
SAIM	26	2.1154	5600	0.82353	1	0.8	3.2539
STIME	32	2.3125	5600	0.66667	0.75	0.81818	3.2539
NETE	108	2.0556	5600	0.9	0.875	0.89744	3.2539
SUNI	25	2.08	5600	0.625		0.625	3.2539
BEIN	26	2.7308	5600	0.83333	0.33333	0.71429	3.2539
HIRER	23	2	5600	0.875	0.875	0.86667	3.2539
DERM	47	3.5532	5600	0.83333		0.81818	3.2539
MOAN	36	2.6944	5400	0.85714	0.90909	0.92857	3.1377
IDENT	49	2.8776	5400		0.75	0.66667	3.1377
ICON	37	2.7568	5400			0.4	3.1377
GOLE	30	2.2333	5400	0.89655	0.77778	0.86364	3.1377
SUITE	25	2.88	5400	1	1	0.85	3.1377
DETER	31	2.0323	5400	0.88889	1	0.86957	3.1377
DURO	29	2.5517	5400	0.6	1	0.63636	3.1377
RENAIL	24	2.4583	5400	0.89474	0.84615	0.91176	3.1377
TRIST	56	2.4286	5400	0.25		0.625	3.1377
STEALE	26	2.4231	5400	0.91837	1	0.94545	3.1377
STINGE	23	2.7391	5400	0.86792	0.89474	0.9322	3.1377
DRANT	26	2.3846	5400	1	0.6	0.66667	3.1377
STEARE	35	2.1429	5400	0.95161	1	0.95714	3.1377
TOPER	30	2.4	5400	0.80392	0.8	0.90625	3.1377
STRIA	67	2.5672	5400	1		0.75	3.1377
EBON	23	3.2609	5400			0.5	3.1377
HETH	36	2.5556	5200	1		0.64286	3.0215
DEEP	21	2.0952	5200	0.9375	0.5	0.84	3.0215
SAIC	34	2.3529	5200			0.54545	3.0215
KATS	21	2.0952	5200	0.45455		0.47059	3.0215
GAIR	39	2	5200	0.71429	0.875	0.79412	3.0215
ERIC	108	3.1852	5200	0.33333		0.61538	3.0215
ARRIS	29	2.4138	5200	0.5	0.5	0.45455	3.0215
IRIS	45	2.9111	5200	0.375	0.6	0.5625	3.0215
MILER	21	2.381	5200	0.76316	0.72727	0.81818	3.0215
DATA	27	2.5556	5200	0.33333		0.375	3.0215
DOAT	54	2.537	5200	0.89231	1	0.91398	3.0215
DISA	28	2.5714	5200		0.33333	0.66667	3.0215
ACID	33	2.8485	5200	0.57143		0.6	3.0215
STEIN	55	2.1455	5000	0.90698	0.83333	0.9434	2.9053
SEINE	67	2.4925	5000	0.66667	0.81818	0.86364	2.9053
PAREN	30	2.8	5000	0.83333	0.66667	0.89655	2.9053
REOS	32	2	5000	0.5		0.5	2.9053
THIO	27	3.037	5000	0.4		0.4	2.9053
ALOE	85	2.7882	5000			0.54545	2.9053
LORN	20	2.1	5000	0.5	0.5	0.5	2.9053
PERC	30	3.2	5000			0.55556	2.9053
DIRT	59	2.3729	5000	1	0.8	0.90625	2.9053
SERAI	88	2.375	5000		0.71429	0.76471	2.9053
MORNE	23	2.1304	5000	0.88235	0.85714	0.84	2.9053
TROPE	20	2.5	5000	0.86957		0.9	2.9053
SINGE	49	2.6939	5000	0.86869	0.94737	0.95122	2.9053
REACT	33	2.4242	5000	0.625	1	0.83333	2.9053
STERNA	24	2.375	4800			0.33333	2.7891
OPAL	43	3.1395	4800			0.42857	2.7891
NORITE	30	2.1333	4800			0.5	2.7891
PAIS	40	2.325	4800	0.76923		0.78571	2.7891
SAUL	27	2.6296	4800	0.5	0.7	0.8	2.7891
HAEM	28	2.3214	4800	0.25	1	0.625	2.7891
GROT	24	2.2083	4800	1	1	0.73333	2.7891
AMIR	38	2.1842	4800	0.5	1	0.78571	2.7891
BLETS	21	2.381	4800	0.44444	0.66667	0.55556	2.7891
RATU	51	2.3922	4800		0.5	0.5	2.7891
THEIN	28	2.3214	4600		0.5	0.5	2.6729
AIREST	31	2.129	4600		0.75	0.82353	2.6729
UNDO	28	2.75	4600		0.25	0.25	2.6729
BRINE	20	2.35	4600	0.75	0.8	0.86957	2.6729
CARAT	31	2.9355	4600	0.97222	1	0.92857	2.6729
DARG	26	3.1923	4600	0.33333	0.5	0.4	2.6729
TOLAN	41	2.7805	4600	0.66667	0.66667	0.78571	2.6729
LONER	39	2.2564	4600	0.93421	1	0.96341	2.6729
ESILE	39	2.6667	4600	0.5	0.77778	0.75	2.6729
ORRA	45	2.7556	4600		0.33333	0.5	2.6729
SOREL	31	2.3548	4600			0.7	2.6729
DONER	34	2.0588	4400	0.75	0.91667	0.94231	2.5567
RUER	27	2.4444	4400	0.5		0.46154	2.5567
UTIS	52	2.9038	4400	0.33333		0.33333	2.5567
APOS	20	2.75	4400			0.25	2.5567
FERM	22	2.6818	4400	0.5		0.73333	2.5567
TABI	28	2.3214	4400			0.625	2.5567
TOPH	23	3.1304	4400	0.5		0.73333	2.5567
LOTI	43	2.1395	4400	1	1	0.73333	2.5567
OLID	38	3.2895	4400	0.4		0.5	2.5567
GONER	21	2.0476	4400	0.85714	1	0.90323	2.5567
THON	21	2.4286	4400	0.66667		0.63636	2.5567
THOLE	21	2.381	4400	0.5		0.66667	2.5567
LEDE	41	2.2683	4400	0.625		0.75	2.5567
CETE	43	2.0698	4200	0.81818	1	0.85714	2.4404
NENE	38	2.2632	4200	0.75	0.5	0.73333	2.4404
AMID	42	3.7143	4200		0.33333	0.66667	2.4404
SOOLE	27	2.3333	4200	0.8		0.90909	2.4404
MELS	23	2.3478	4200	0.5	0.5	0.5	2.4404
AYRE	32	2.3438	4200	0.625	0.5	0.58333	2.4404
HANSE	28	2.3571	4200	0.6		0.66667	2.4404
DEATH	21	2.1905	4200	0.84615	0.75	0.84211	2.4404
NOOSE	32	2.75	4200	0.86364	1	0.93617	2.4404
YEST	49	2.6531	4200	0.5		0.6	2.4404
HIDER	26	2.1538	4200	0.81818	0.75	0.82353	2.4404
LAREE	36	2.0556	4000	0.91667	1	0.95	2.3242
LADEN	22	2.0909	4000	1	1	0.90909	2.3242
YEAN	23	2.3043	4000	0.75	1	0.86957	2.3242
GNAR	71	2.9577	4000	0.66667		0.7	2.3242
AIAS	33	2	4000	0.6		0.58333	2.3242
LOMA	21	2.1429	4000	0.75	1	0.8	2.3242
TAINT	32	2.1875	4000	0.91667	0.5	0.91429	2.3242
MICA	21	3.0952	4000	0.5		0.5	2.3242
TINTER	27	2.4444	4000	0.88235	0.75	0.92982	2.3242
ELOIN	36	2.2778	4000			0.66667	2.3242
DURA	30	2.9667	4000	1		0.76923	2.3242
SYNE	26	2.8846	4000	0.66667		0.64286	2.3242
ENGS	28	2.2143	4000	0.44444	0.4	0.42857	2.3242
KART	22	3.2273	4000	0.4375		0.85	2.3242
DUET	33	2.8788	4000	0.78571	1	0.875	2.3242
LEPT	32	3.1562	4000	0.33333	0.66667	0.625	2.3242
FANE	29	2	4000	0.6875	0.875	0.82353	2.3242
DINAR	25	2.44	4000			0.66667	2.3242
CIRE	67	2	4000	0.96429	0.91667	0.9375	2.3242
SEER	63	2	4000	0.93243	0.86364	0.94565	2.3242
RIEM	41	2.122	4000	0.91304	1	0.92	2.3242
SERAC	26	2	4000		1	0.75	2.3242
SOLDE	22	2.5455	4000	0.74074	1	0.9375	2.3242
SIND	27	2.1111	4000	0.75	0.5	0.81818	2.3242
RENTAL	24	2.625	4000	1	1	0.83333	2.3242
OLEIN	40	2.65	4000			0.57143	2.3242
ABED	25	2.52	3800	0.66667		0.53333	2.208
DIEL	41	2.0244	3800	0.66667	0.5	0.78571	2.208
TIRO	102	2.2647	3800	0.75	0.33333	0.63636	2.208
UNIS	41	2.4878	3800	0.57143		0.54545	2.208
BENE	21	2.9048	3800	0.88889	0.57143	0.83333	2.208
WAES	26	2	3600	0.66667		0.58333	2.0918
MAIRE	30	2	3600	0.96429	1	0.92105	2.0918
TENET	25	2	3600	0.90909	0.9	0.89286	2.0918
ERRS	32	2	3600	0.5	0.75	0.6	2.0918
HATER	52	2.0192	3600	0.96203	1	0.97938	2.0918
IDLES	27	2.3704	3600	0.66667	0.5	0.57143	2.0918
SLANE	28	2	3600	0.75	1	0.875	2.0918
SMALT	21	3	3600			0.5	2.0918
FEARE	24	2.3333	3600	0.96875	1	0.94872	2.0918
FENI	25	2.32	3600	0.33333		0.8	2.0918
IDLER	26	2.2308	3600		0.5	0.625	2.0918
RIELS	25	2.04	3600	0.5	0.5	0.5	2.0918
RESITE	31	2.1935	3600	0.88462	1	0.93548	2.0918
ISLES	33	2.303	3600			0.33333	2.0918
SORTIE	28	2.1071	3600	0.875	0.83333	0.90909	2.0918
STOPE	25	2.68	3600	0.91304	1	0.94915	2.0918
ISLED	26	2.7692	3600			0.33333	2.0918
BESTI	22	3	3600	0.25	0.75	0.66667	2.0918
LAGER	20	2.05	3600	0.95238	0.71429	0.93939	2.0918
EMOS	29	2.2759	3600	0.5	0.66667	0.5625	2.0918
NOTER	61	2	3600	0.96591	0.9375	0.98039	2.0918
ASTONE	20	2.3	3600		0.5	0.77778	2.0918
TSAR	68	2.1176	3400	0.85714	0.75	0.8125	1.9756
LINO	48	2.0625	3400	0.75		0.8	1.9756
ANTRE	51	2.0196	3400	0.92308	0.83333	0.92105	1.9756
TRET	135	2.1185	3400	1	1	0.88889	1.9756
TETH	40	2.375	3400	0.72222		0.875	1.9756
UREA	75	2.36	3400		0.33333	0.5	1.9756
LOIR	44	2.2045	3200		1	0.71429	1.8594
GLAIR	30	3.0333	3200			0.6	1.8594
ESTRIN	34	2.5294	3200			0.66667	1.8594
ARNA	48	2.375	3200		0.5	0.5	1.8594
INTRO	49	2.4082	3200	0.6		0.77778	1.8594
DAIS	32	2.125	3200	0.5		0.5	1.8594
TOEA	75	2	3200	0.95833	0.5	0.86667	1.8594
SNARL	20	2.7	3200	0.72727	1	0.86667	1.8594
DEIL	47	2	3200	0.83333		0.8	1.8594
MARTEN	21	2.4286	3200		0.75	0.8	1.8594
STYE	26	2.1154	3200	0.8	0.85714	0.84615	1.8594
LARGE	25	3.2	3200	0.75	0.85714	0.83333	1.8594
REEF	20	2.25	3200	0.82609	1	0.86207	1.8594
LATHI	20	2.45	3200	1	1	0.85714	1.8594
TYNE	28	2.3571	3200	0.84211	0.8	0.84615	1.8594
NEMA	70	2.4286	3200	1	0.33333	0.71429	1.8594
COTH	21	2	3200	0.6875		0.81818	1.8594
EROSE	47	2.4043	3200		0.6	0.6	1.8594
TORAN	38	2.5263	3200			0.75	1.8594
SEIR	96	2	3200	0.93939	0.875	0.93243	1.8594
TETRA	32	2.1875	3200	0.83333		0.83333	1.8594
NONA	35	2.7143	3200		1	0.6	1.8594
ALIT	39	2.9744	3200		0.5	0.5	1.8594
EGER	40	2.75	3200		0.66667	0.66667	1.8594
EGRET	24	2.5	3200		0.75	0.75	1.8594
ABLET	21	2.8571	3200	0.8	0.5	0.8	1.8594
AGLET	22	2.7273	3200		0.5	0.5	1.8594
SIDH	23	2.3478	3000			0.25	1.7432
PELA	49	2.5714	3000	0.66667	0.5	0.7	1.7432
ORMER	22	2.6818	3000	0.5	0.5	0.5	1.7432
DRAM	32	2.4062	3000	0.8	0.75	0.8	1.7432
LAMA	21	2.3333	3000	0.57143		0.57143	1.7432
TROY	22	2.6364	3000	0.92308	0.75	0.875	1.7432
GOER	29	2.1379	3000	0.84615	0.75	0.93333	1.7432
GEAN	35	2.0571	3000	0.92	1	0.94286	1.7432
MOER	39	2.1282	3000	0.66667	0.5	0.75	1.7432
AIRY	22	2.4545	3000		0.5	0.66667	1.7432
TOGE	38	2.5526	3000	0.75	1	0.85	1.7432
NOUL	31	3.129	3000	1	0.6	0.84211	1.7432
GILA	31	2.5161	3000	0.5		0.5	1.7432
SAMA	21	2.4286	3000	0.4		0.4	1.7432
RIMA	38	2.3158	2800	0.5		0.5	1.627
TINEA	62	2.1129	2800	0.84615	1	0.93548	1.627
FORTE	21	2.2857	2800	0.87097	0.83333	0.94872	1.627
SIMI	20	3.05	2800	0.5	0.75	0.75	1.627
TACT	33	2.9697	2800	1		0.6	1.627
DARER	21	2	2800	0.83333	0.75	0.90625	1.627
TEADE	32	2.1562	2800	0.8125	1	0.88889	1.627
COED	26	2.3846	2800	0.5		0.5	1.627
REDON	35	2.3429	2800	0.875		0.86667	1.627
TARGE	30	2.6	2800	0.8	0.85714	0.85714	1.627
DEET	71	2	2800	0.91667	0.83333	0.92593	1.627
LAHS	29	2.2759	2800	0.5		0.5	1.627
GRONE	22	2.1818	2800	0.88889		0.91304	1.627
NOISE	44	2.25	2800	0.89474	1	0.93103	1.627
MORAT	22	2	2800	1		0.8	1.627
RECAL	21	2.1905	2800	0.75	1	0.84615	1.627
CRANE	35	2.1143	2800	0.90625	1	0.95652	1.627
PIAS	28	2.75	2800	0.5		0.5	1.627
ALPS	20	2.35	2800	0.6	0.4	0.58333	1.627
TOCS	21	2.4286	2800		0.5	0.5	1.627
TOUSE	22	2.6818	2800	0.89474	1	0.95745	1.627
HERY	26	2.8077	2600	0.4		0.4	1.5107
YEAS	26	2.3462	2600	0.4	0.33333	0.57143	1.5107
PEON	29	2.4138	2600	0.81818		0.81818	1.5107
CERO	52	2.7692	2600			0.25	1.5107
TORY	32	2.5	2600	0.7		0.66667	1.5107
GRUE	22	2.6364	2600	0.8	0.4	0.6	1.5107
ARCO	61	2.8525	2600		0.5	0.6	1.5107
AGAR	20	2.2	2600	0.33333		0.33333	1.5107
ANIMA	23	4.087	2600			0.66667	1.5107
CEDAR	25	2.6	2600	0.66667		0.71429	1.5107
BOLA	22	2.2727	2400	0.66667	1	0.75	1.3945
HERL	39	2.1026	2400	0.84615		0.8	1.3945
ALOO	36	2.5	2400	0.66667	0.5	0.63636	1.3945
DOIT	44	2.2273	2400	0.9	0.5	0.78571	1.3945
REGO	33	2.1818	2400	0.75	0.75	0.75	1.3945
GALA	21	2.381	2400	0.83333	0.33333	0.82353	1.3945
BREN	36	3.25	2400	0.66667	1	0.86957	1.3945
SEEP	29	2.1724	2400	0.94118		0.89655	1.3945
OBAS	20	2.15	2400	0.5		0.5	1.3945
SIMA	69	2.4928	2400	0.4		0.66667	1.3945
TATU	26	3.2692	2200			0.33333	1.2783
CERNE	27	2.963	2200	0.33333		0.33333	1.2783
GNAT	58	2.5	2200		0.66667	0.8	1.2783
ROOSE	32	2.5938	2200	0.88462	0.66667	0.96721	1.2783
IRADE	55	2.5455	2200	0.5	1	0.75	1.2783
GISM	22	2.4545	2200			0.33333	1.2783
TICAL	22	3.2727	2200			0.33333	1.2783
STELE	25	2.08	2200	0.91667	1	0.95833	1.2783
ONTO	21	2.5714	2200			0.33333	1.2783
STET	28	2.2143	2200	0.75	1	0.85714	1.2783
FARL	21	3	2200	0.90476	1	0.92593	1.2783
STENO	32	2.0938	2200		0.85714	0.90909	1.2783
TROAD	28	2.5714	2200	0.96296		0.96667	1.2783
MERC	33	3.3939	2200	0.5		0.75	1.2783
STEDE	30	2.1667	2200	0.66667	1	0.85714	1.2783
ALOES	24	2.125	2200			0.5	1.2783
MIEN	45	2.0444	2200			0.85714	1.2783
ESCAR	25	2.16	2200	0.5	1	0.75	1.2783
ALATE	42	3.1429	2200		0.83333	0.92	1.2783
ALANT	20	2.9	2200			0.66667	1.2783
DORR	24	2.125	2200	1		0.89474	1.2783
DOTER	36	2	2200	0.98276	1	0.9697	1.2783
ADORE	43	2.5116	2200		1	0.92857	1.2783
RAIK	20	3	2200	1		0.66667	1.2783
FEIS	23	2.2174	2200	0.83333	1	0.85714	1.2783
HEIL	29	2.1034	2200	0.92857	0.5	0.9	1.2783
PORTA	25	3	2200	0.8	1	0.92857	1.2783
ORCA	35	2.1714	2200		0.8	0.85714	1.2783
ASAR	52	2.3077	2200		0.33333	0.4	1.2783
TROW	31	2.9677	2200	0.91176	0.88889	0.925	1.2783
ARTIST	23	2.5652	2200		0.66667	0.85714	1.2783
REIGN	31	2.2581	2200	0.75	1	0.83333	1.2783
BANI	20	2.3	2200	0.625		0.75	1.2783
ARRAS	20	2.85	2200			0.33333	1.2783
SURA	57	3.2281	2200	0.5		0.66667	1.2783
STRINE	22	2	2200	1	1	0.96154	1.2783
ILEA	73	2.3288	2000		0.625	0.625	1.1621
SLAE	64	2	2000	0.88889	1	0.86364	1.1621
EGOS	32	2.3125	2000	0.5	0.33333	0.42857	1.1621
HOLT	32	2	2000	0.90909	0.875	0.90625	1.1621
INNS	20	2	2000	0.5		0.5	1.1621
RETINE	24	2	1800	1		0.92857	1.0459
RATEL	47	2	1800	1	1	0.96667	1.0459
BENI	27	2.3333	1800	0.8		0.88889	1.0459
PALET	23	2.2174	1800	0.93103	1	0.97297	1.0459
DREST	20	2.05	1800			0.5	1.0459
NOINT	21	3.0476	1800	0.5		0.5	1.0459
SLATER	22	2	1800	0.95833	1	0.97222	1.0459
THOU	24	2.8333	1800			0.5	1.0459
CREM	22	2.8636	1800	0.5		0.5	1.0459
TIARA	37	2.1351	1800	0.9375	0.66667	0.9375	1.0459
ISLET	42	2.1429	1800		0.66667	0.66667	1.0459
BEAM	22	2.3636	1800	0.875	1	0.96296	1.0459
BERET	25	2.16	1800	0.5		0.91667	1.0459
ALERT	68	2.2941	1800		1	0.88889	1.0459
TASTER	23	2	1800	0.89474	0.9	0.95455	1.0459
DELTA	21	2.0476	1800	0.9375	0.5	0.94444	1.0459
TALC	29	2.5517	1800			0.5	1.0459
ELAIN	39	2.2051	1800		0.75	0.9	1.0459
TEIND	32	2.0625	1800		0.5	0.5	1.0459
VEIN	24	2.6667	1800	0.75		0.75	1.0459
GREN	44	2.0909	1600			0.8	0.92969
TEPA	51	2.4314	1600	0.66667	1	0.75	0.92969
RABI	30	3.1667	1600	0.66667		0.6	0.92969
DUNE	23	2	1600	0.96875		0.94444	0.92969
RAIA	33	2	1600	1	0.5	0.66667	0.92969
ETNA	124	2.0081	1600		0.75	0.85714	0.92969
SKAT	21	3.9524	1600	0.86111	0.75	0.91304	0.92969
REIF	44	2.2955	1600	0.66667		0.66667	0.92969
ELIDE	34	2.2647	1600			0.75	0.92969
DACE	31	2	1600	0.9375	1	0.90909	0.92969
CADI	31	2.9032	1600	0.82353		0.91667	0.92969
NOIR	48	2	1600	1	0.5	0.8	0.92969
BELT	21	2.2857	1600	0.83333	0.875	0.93333	0.92969
LIRA	52	2	1600	0.75	1	0.8	0.92969
NOEL	40	2	1600		0.83333	0.8	0.92969
ALUS	32	2.5312	1600	0.5		0.4	0.92969
SNIG	21	2.381	1600	0.69231		0.84615	0.92969
SOTH	28	2.1429	1600	0.66667		0.8	0.92969
SPET	28	2	1600	0.625		0.83333	0.92969
MURA	20	2.55	1600	0.83333		0.8	0.92969
ADIT	49	2.1633	1600			0.5	0.92969
ROTL	49	2.0408	1600	0.875	1	0.88889	0.92969
HISH	20	2.5	1600			0.71429	0.92969
WRIT	35	3.6857	1600	0.89189	1	0.94444	0.92969
SLUE	26	2.2692	1600	0.33333		0.33333	0.92969
SNED	49	2.0408	1600	0.92308		0.9375	0.92969
DESIS	20	2.3	1400		0.5	0.75	0.81348
ARIEL	25	2	1400		0.75	0.75	0.81348
ARIL	72	2.3611	1400		0.8	0.8	0.81348
SOAP	30	2.5	1400	0.83333	0.75	0.9	0.81348
ALTOS	26	2.2308	1400			0.5	0.81348
OLEA	36	2.7778	1400		0.5	0.8	0.81348
REATA	39	2	1400			0.5	0.81348
TOGA	26	2.7692	1400		0.66667	0.66667	0.81348
OLDEN	25	2.44	1400	0.77778	0.66667	0.92308	0.81348
DERMA	21	2.381	1400	1		0.8	0.81348
CRIA	37	2.2432	1400	0.5	0.75	0.83333	0.81348
ENOL	58	2.1552	1400			0.8	0.81348
STEIL	31	2	1400	0.96667	1	0.97059	0.81348
MEATH	22	2.2273	1400	0.75	0.5	0.75	0.81348
TESLA	36	2	1400	0.875		0.875	0.81348
WRIES	21	2.2381	1400	0.5	1	0.875	0.81348
SELF	27	2.6296	1400	0.8		0.8	0.81348
ADOS	35	2.3429	1400	0.5		0.5	0.81348
AEON	67	2.4478	1400		1	0.8	0.81348
YARN	20	2.65	1400	0.66667		0.8	0.81348
NACRE	28	2.3571	1400			0.5	0.81348
DORIS	39	2.6923	1400	0.5		0.5	0.81348
SALP	21	2.0476	1400	1	0.5	0.75	0.81348
MEDIA	21	3.7619	1400			0.5	0.81348
TITER	38	2	1400	0.98276	1	0.98611	0.81348
SHOTE	23	2	1400	0.88462	1	0.96875	0.81348
ALINER	20	2	1400	1	1	0.95833	0.81348
TITRE	36	2	1400	0.9375	1	0.98077	0.81348
SALET	39	2	1400	0.97826	1	0.98077	0.81348
SOLEI	27	2	1400			0.83333	0.81348
MELA	43	2.6977	1400	1	0.66667	0.90909	0.81348
FIAT	29	2.2759	1400			0.8	0.81348
AROID	21	2.4286	1400	0.75		0.75	0.81348
SIREE	22	2	1400	0.96429	1	0.96667	0.81348
PETRE	20	2.3	1400		1	0.92308	0.81348
RETEM	23	2	1400		1	0.75	0.81348
HOISE	21	2.1429	1400	1	1	0.88889	0.81348
HONER	25	2.08	1400	0.94118	1	0.97826	0.81348
NOSER	31	2	1400	0.97727	1	0.98077	0.81348
TAMIS	24	2.3333	1400	0.5		0.5	0.81348
RENIN	25	2	1400			0.75	0.81348
SORTA	26	2.2692	1400	0.5		0.5	0.81348
TREMA	29	2	1400	0.5		0.75	0.81348
INSET	46	2.0435	1400		1	0.9	0.81348
INTEL	34	2.4706	1400		0.5	0.5	0.81348
RAMIE	30	2.0667	1400			0.9	0.81348
ULNA	33	3.6667	1400		0.8	0.8	0.81348
PETAR	38	2.6053	1400	1		0.83333	0.81348
DECAN	27	3.4444	1400	0.6	1	0.86667	0.81348
SILO	40	2.1	1400	0.66667	1	0.85714	0.81348
EAGRE	23	2.4783	1400		0.5	0.5	0.81348
GEARE	40	2.125	1400	0.97778	1	0.98438	0.81348
DENAR	50	2.56	1400	0.5	1	0.83333	0.81348
NINER	33	2	1400	0.92308	1	0.97222	0.81348
LIANE	42	2	1400	0.95833	1	0.96154	0.81348
PISTE	23	2.087	1400		0.5	0.83333	0.81348
STRAE	52	2	1400		0.75	0.75	0.81348
SITAR	31	2.0645	1400		0.5	0.75	0.81348
TROG	21	2.2381	1400		0.66667	0.8	0.81348
DRIER	21	2	1400	1	0.75	0.91667	0.81348
TONIER	25	2.04	1400	1	0.875	0.95833	0.81348
ORANG	24	3.4167	1400		0.83333	0.83333	0.81348
SERON	36	2	1400		0.5	0.875	0.81348
ERST	101	2.3861	1200	0.5		0.5	0.69727
ODAS	27	2.037	1200	0.5	0.5	0.5	0.69727
FENT	30	2.0333	1200	0.875	1	0.95	0.69727
NARY	26	2.9231	1200		0.33333	0.6	0.69727
DAUT	26	2.3462	1200	0.5	1	0.8	0.69727
SODA	30	2.3	1200			0.66667	0.69727
YATE	42	2	800	1	0.5	0.97059	0.46485
ECHT	22	2.3636	800	0.5		0.5	0.46485
ABET	40	2.225	800		0.5	0.83333	0.46485
YETI	42	2.0238	800	0.75		0.83333	0.46485
EARNT	27	2.037	800			0.5	0.46485
YITE	33	2	800		1	0.875	0.46485
RATAL	20	2.1	800		0.5	0.5	0.46485
ANUS	21	2.0952	800			0.66667	0.46485
DUAR	22	2	800			0.5	0.46485
BOET	22	2	800	1		0.75	0.46485
CELT	25	2	800	1	0.5	0.9375	0.46485
CEIL	34	2.3529	800	0.73684	1	0.95238	0.46485
CANER	24	2	800	0.9	0.9	0.97826	0.46485
DATO	36	2.0278	800	1	1	0.875	0.46485
BURA	20	2.3	800	0.75		0.75	0.46485
BREI	36	2.8056	800	1		0.91667	0.46485
BRAE	37	2.0541	800	0.83333	1	0.875	0.46485
TOPO	26	2.3462	800			0.75	0.46485
BITO	22	2.5909	800	0.66667		0.66667	0.46485
WERO	31	2	800	1		0.83333	0.46485
BEET	23	2	800	1	1	0.97222	0.46485
BAEL	25	2	800	1	0.5	0.75	0.46485
DEEN	37	2	800	0.95652	0.85714	0.98387	0.46485
ATOM	34	3	800	0.66667		0.66667	0.46485
DELO	61	2.0984	800	0.5	1	0.92857	0.46485
SERF	30	2.3667	800	0.5		0.5	0.46485
ALAR	52	3.4231	800	1		0.75	0.46485
SIDA	25	2	800		0.5	0.83333	0.46485
TREF	24	2.2083	800			0.5	0.46485
YORE	31	2	800	0.75	1	0.91667	0.46485
TANH	26	2	800			0.5	0.46485
NEEP	22	2	800	0.9		0.91667	0.46485
HOMA	27	2.2593	800	0.83333	1	0.94444	0.46485
LIMA	33	2.8182	800	1	1	0.85714	0.46485
ESNE	83	2.1807	800	0.5		0.5	0.46485
MOIT	24	2.0417	800	0.875	0.5	0.92857	0.46485
OTTAR	22	2.2727	800			0.5	0.46485
METRO	21	2.2381	800	0.5	1	0.75	0.46485
ONUS	40	2.625	800			0.6	0.46485
STOB	20	2.05	800	1		0.875	0.46485
MESA	53	2.4151	800	0.75		0.83333	0.46485
SLEET	26	2.0385	800	0.95652	1	0.97143	0.46485
LATU	31	2	800			0.5	0.46485
FROE	26	2	800	1	0.5	0.75	0.46485
POISE	20	2.65	800	1		0.91667	0.46485
PROA	29	2.2414	800	0.5		0.75	0.46485
GUAR	22	2.9545	800			0.5	0.46485
NOLO	27	2.1111	800			0.875	0.46485
ORCS	20	2	800			0.5	0.46485
SNOD	22	2	800	1		0.75	0.46485
PHIS	21	2.7619	800			0.5	0.46485
EORL	41	2	400		0.5	0.5	0.23242
TYER	24	2	400	0.95455	1	0.96154	0.23242
STAW	25	2.04	400	0.97297	1	0.97436	0.23242
DIOL	29	2	400	1	0.75	0.875	0.23242
LIDO	28	2.1071	400		0.5	0.75	0.23242
EERY	22	2.5455	400		0.5	0.5	0.23242
ISOS	20	2.25	400		0.5	0.5	0.23242
KORE	25	2.2	400	1	0.5	0.875	0.23242
NANO	33	2.1818	400	1		0.9	0.23242
ACRO	60	2.8333	400	0.5		0.5	0.23242
OGRE	41	2.2927	400		0.5	0.5	0.23242
LISTEN	20	2.65	0	0.75		1	0
LODEN	21	2	0			1	0
ARENA	33	2.0303	0		1	1	0
ARENE	34	2.0588	0			1	0
AROSE	26	2.2308	0				0
URSA	42	2.6667	0				0
LIPA	23	2.7826	0			1	0
OLPE	28	2.1071	0				0
STOIT	22	2.5	0			1	0
APOD	21	2.4762	0				0
LOCI	32	2.8125	0				0
UNAI	35	2.1143	0				0
ROUE	45	2.3111	0		1	1	0
ARMET	25	2	0		1	1	0
ARISH	46	2.8696	0				0
ARAR	32	2.0938	0			1	0
AREDE	42	2	0		1	1	0
ONSET	37	2	0		1	1	0
LILT	21	2.1905	0		1	1	0
SERGE	21	2.2857	0	1	1	1	0
AREAD	20	2	0				0
NORIA	37	2.027	0				0
ARPA	27	2.4074	0				0
SEROSA	21	2.1429	0			1	0
TRONA	28	2.0714	0			1	0
ORANT	45	2.4444	0		1	1	0
SNATH	37	2.6216	0				0
KORA	21	3	0				0
TROAT	24	2.2083	0				0
ORDO	41	2.9024	0				0
ITEM	55	2.2182	0	1	1	1	0
TWAE	26	2.0385	0	1		1	0
ROHE	49	2	0				0
TRIOL	26	2.6923	0				0
SERRE	22	2.0455	0	0.9	1	1	0
OREAD	37	2.1892	0				0
TAAL	25	2	0			1	0
ORFE	21	2.2381	0				0
AURA	33	3.7273	0	1		1	0
AUNE	47	2.1489	0				0
OPERA	27	3.1111	0		1	1	0
ROTAN	39	2	0	1	1	1	0
OORIE	27	3.6667	0				0
SERINE	24	2.3333	0		1	1	0
SNIRT	44	2.2273	0			1	0
LENO	55	2.1636	0	1		1	0
ARUM	20	2.75	0				0
TUAN	22	2	0				0
ARTSIE	37	2.3784	0				0
LERP	21	2	0				0
TUNA	24	2	0	1		1	0
ARSON	23	2.1739	0				0
TUNER	28	2	0	0.95455	1	1	0
ANTIC	29	3.0345	0				0
LIEU	20	2	0				0
OLIO	35	2.7714	0				0
LYRE	23	2	0			1	0
ANSA	51	2.8627	0				0
WETA	31	2	0		1	1	0
STADE	26	2	0	1	1	1	0
AERATE	23	2.087	0			1	0
AERIE	45	2.9333	0				0
AERO	148	2.4324	0				0
WHET	24	2.1667	0	1	1	1	0
AEROS	21	2.4762	0				0
NALA	31	2	0		1	1	0
SASIN	25	2	0				0
NAGA	20	2.2	0			1	0
WENT	21	2	0	1	0.83333	1	0
OCHRE	21	3.1905	0				0
AGRO	21	2.0476	0				0
AHED	32	2.125	0				0
SAROD	32	2.375	0				0
NEEM	29	2.1034	0			1	0
SDEIN	25	2.12	0			1	0
AIDA	24	2.625	0	1		1	0
SEISE	35	2.2	0			1	0
NORTH	25	2.88	0				0
NONI	40	2.225	0		1	1	0
NONET	28	2.1071	0	1	1	1	0
YELT	28	2	0	1		1	0
NIRL	51	2.2353	0				0
NIPA	27	2.037	0			1	0
NURL	20	2.4	0		1	1	0
NEON	37	2.1892	0	1		1	0
NURSE	22	2.3636	0	1	1	1	0
ABRI	30	3.3	0				0
SEDAN	21	2	0			1	0
WRITE	22	2.6818	0	0.94737	1	0.96429	0
NERAL	38	2.2368	0				0
NEPER	20	2	0				0
SAREE	22	2	0		1	1	0
MOIRE	22	2.2727	0				0
ANOLE	35	2.0286	0		1	1	0
ANELE	21	2.1429	0			1	0
MAAR	27	2.4815	0				0
LYTE	26	2.8846	0	1		1	0
SAITH	25	2.56	0				0
SABRE	22	2.3182	0			1	0
AMNIO	22	2.8182	0				0
ANEAR	39	2.1282	0				0
ORIENT	27	2.5926	0				0
ALOIN	29	2.1034	0			1	0
OLENT	21	2.381	0				0
STEY	20	2.05	0		1	1	0
ANIME	27	2	0	1	1	1	0
ROWT	20	2.4	0	1	1	1	0
ANION	22	2.1818	0			1	0
ANODE	23	2	0		1	1	0
OGLE	34	3.2941	0				0
MERIT	31	2.4839	0	1	1	1	0
AIRTH	32	2.1562	0				0
ALEF	21	2.3333	0				0
OCTA	38	3.7105	0		1	1	0
AISLE	37	2.1081	0				0
MIRO	28	2	0			1	0
ODAL	52	3.5769	0	1		1	0
ALBE	20	2.35	0				0
ALEC	32	2.2188	0			1	0
ODIC	27	2.7037	0				0
OGEE	21	2.4762	0				0
ALGA	20	3.35	0				0
ALIF	21	2.4286	0				0
ALIGN	24	3.25	0	1		1	0
ODOR	36	2.6667	0	1		1	0
ALMA	21	3.8095	0				0
ALOD	31	2.2258	0			1	0
TABU	22	2.7273	0				0
SETON	36	2	0		1	1	0
BETA	27	2.1111	0	1	1	1	0
TITAN	22	2.5909	0	1		1	0
FARO	20	2	0				0
TOISE	28	2.3214	0		1	1	0
DIRL	29	2.069	0			1	0
TENIA	79	2.2911	0		1	1	0
TOHO	23	2	0	1		1	0
TENOR	47	2.234	0	1	1	1	0
REASON	20	2.65	0				0
EURO	37	2.7027	0				0
TERAI	78	2	0		1	1	0
DITAL	23	2	0			1	0
REALO	31	2	0		1	1	0
TERF	36	2.3333	0				0
TITI	26	2.7692	0				0
RACON	23	2.2609	0			1	0
TERNAL	28	2.7143	0				0
REDAN	32	2	0		1	1	0
TOLAR	21	2	0		1	1	0
PRAO	23	2	0	1		1	0
FREIT	23	2.087	0				0
GERNE	22	2.1364	0				0
GENA	46	2.3696	0	1		1	0
GELT	24	2.0833	0	1	1	1	0
GEIT	47	2.0851	0	1		1	0
DEID	32	2.1875	0			1	0
TEHR	61	2	0			1	0
DENET	25	2	0	1		1	0
FERIA	23	2.4783	0				0
DENIM	24	2	0			1	0
REGNA	21	2.2857	0				0
TELAE	31	2	0		1	1	0
FIAR	23	2	0	1		1	0
DERTH	23	2	0				0
POTAE	21	2	0	1		1	0
EROTIC	25	3.36	0				0
DORB	24	2.625	0				0
BIRSE	20	2	0	1		1	0
TERTIA	29	2.6897	0			1	0
EMIR	44	2.3182	0				0
RANID	20	2.15	0	1		1	0
RANEE	26	2	0				0
RAITA	26	2	0				0
EMIC	32	3.0938	0				0
EDILE	34	2.8824	0			1	0
THROE	25	2.2	0		1	1	0
EGEST	21	2.5714	0				0
TILDE	24	2	0	1	1	1	0
RAMET	24	2	0		1	1	0
ELITE	44	2.2045	0				0
EIDE	68	3.0588	0				0
EIDER	33	2.1515	0				0
EILD	26	2.1154	0		1	1	0
EISH	60	2.2667	0				0
ENACT	26	2.6538	0			1	0
SIENT	40	2	0		1	1	0
THETA	20	2	0			1	0
TETRI	29	2	0				0
TIRL	44	2.1591	0	1	1	1	0
ERODE	33	2.3939	0		1	1	0
RADIO	20	2.65	0				0
ERGO	54	3.2407	0		1	1	0
EOSIN	34	2.6471	0			1	0
RATITE	20	2	0				0
ENURE	21	3.1429	0				0
ENARM	22	2.0455	0				0
DROIT	21	2.381	0				0
DROLE	22	2.7273	0			1	0
ENTIRE	28	2.0357	0			1	0
RATAN	25	2.08	0		1	1	0
ENROL	24	2.4167	0				0
THEIR	24	2	0			1	0
GIRO	39	2.4872	0				0
GLEN	22	3.0909	0				0
DEAW	21	2.1429	0				0
RELET	31	2	0		1	1	0
CADET	23	2	0	1	0.91667	1	0
IDEE	41	2	0	1		1	0
CAID	24	2.0417	0	1	1	1	0
CAIRN	22	2.2273	0			1	0
IDEAL	37	2.2703	0			1	0
OSSA	22	2.5	0				0
CANOE	22	2.8182	0	1	1	1	0
RIBA	22	2.9545	0	1		1	0
CARET	53	2	0	1	1	1	0
RHEA	54	2.0556	0			1	0
CARON	22	2	0		1	1	0
HYEN	25	2.84	0				0
CEDI	25	2.24	0			1	0
HULA	20	2	0			1	0
HOSER	23	2	0	1	1	1	0
INANE	39	2.7949	0		1	1	0
INDIE	27	2.7407	0				0
BRER	23	2.5217	0			1	0
IOTA	88	2.5341	0				0
TACO	21	2	0		1	1	0
RISP	23	2.6957	0	1		1	0
TAEL	92	2	0	1	1	1	0
IRID	25	3.24	0				0
ELINT	32	2	0				0
TREY	22	2.1364	0		1	1	0
IONISE	21	3.1905	0			1	0
ORNIS	20	2.45	0				0
TREST	24	2.0417	0	1	1	1	0
INURE	26	2.2692	0		1	1	0
TAIRA	27	2.3333	0				0
INLET	37	2.1081	0				0
INGOT	21	2.5714	0				0
BRENT	20	2.2	0	1	1	1	0
HORST	26	2.6154	0		1	1	0
CESS	22	2.5909	0				0
RETRO	58	2.2586	0		1	1	0
TORAH	24	2	0				0
TARSI	20	2.1	0				0
HEID	33	2.303	0				0
HEDER	29	3.069	0				0
SLART	34	2.1765	0			1	0
DARRE	22	2.1818	0		1	1	0
HALM	20	2.55	0	1		1	0
TATIE	36	2	0			1	0
CRUE	27	2.8148	0	0.85714		0.90909	0
PERSE	24	2.4583	0			1	0
DAUR	21	2.2381	0			1	0
RENIG	20	2.05	0				0
RELY	26	2.2692	0				0
GLIA	31	2.2581	0				0
DEAIR	37	2.0811	0			1	0
HERB	22	2.6364	0		1	1	0
HERON	25	2.12	0	1	1	1	0
CHERT	22	2.0455	0			1	0
OURIE	22	4	0				0
SLOE	36	2	0				0
CIEL	31	2.0968	0				0
CION	34	2.4706	0	1		1	0
TOTER	24	2	0	0.9375	1	1	0
RETIA	51	2.0196	0			1	0
CLEAT	23	2.2174	0	1		1	0
COIR	23	2	0	1		1	0
TAROT	23	2	0	1	1	1	0
TOSA	31	2.0645	0				0
HILA	40	2.025	0				0
PATEN	25	2.6	0		1	1	0
TORTA	23	2	0	1	1	1	0
CRARE	21	2	0	1		1	0
RETAG	25	2	0				0
SOREE	27	2	0	1	1	1	0
